timestamp_ns,传感器类型,ax(m/s²),ay(m/s²),az(m/s²),纬度,经度,速度(m/s),航向角(°),gx(rad/s),gy(rad/s),gz(rad/s)
1568414672969068,加速度计,-0.9505,7.0910,7.0886,,,,,,,
1568414682989276,加速度计,0.4531,7.5890,7.3999,,,,,,,
1568414693008026,加速度计,-0.2807,6.3009,7.8039,,,,,,,
1568414703026776,加速度计,0.0772,6.9474,4.2958,,,,,,,
1568414713045526,加速度计,0.6099,6.6882,4.1893,,,,,,,
1568414723064276,加速度计,1.1923,7.3478,6.5356,,,,,,,
1568414733083026,加速度计,0.2023,7.8260,9.9114,,,,,,,
1568414743101776,加速度计,0.0826,6.1800,10.9229,,,,,,,
1568414753123391,加速度计,0.0323,6.7540,4.8237,,,,,,,
1568414753131151,陀螺仪,,,,,,,,0.0703,0.0342,0.1571
1568414763138807,加速度计,0.3579,7.4585,1.2977,,,,,,,
1568414773161984,陀螺仪,,,,,,,,-0.0952,-0.0422,0.1276
1568414773154224,加速度计,0.7410,6.4416,7.8452,,,,,,,
1568414783171672,加速度计,0.8877,5.2798,12.9012,,,,,,,
1568414793194901,加速度计,-0.8547,6.6720,9.6558,,,,,,,
1568414793206047,陀螺仪,,,,,,,,0.0952,0.0593,0.1967
1568414803215370,加速度计,0.0198,7.7901,4.6017,,,,,,,
1568414813234120,加速度计,1.3821,6.2746,3.2394,,,,,,,
1568414813243547,陀螺仪,,,,,,,,0.0407,0.0672,0.2212
1568414823252870,加速度计,0.8122,7.8817,3.6613,,,,,,,
1568414833271620,加速度计,-0.3573,7.5214,7.4071,,,,,,,
1568414833281047,陀螺仪,,,,,,,,-0.0525,0.0107,0.0976
1568414843290370,加速度计,-1.5748,6.2195,12.1165,,,,,,,
1568414853309120,加速度计,-0.1933,7.2796,6.3087,,,,,,,
1568414853318547,陀螺仪,,,,,,,,0.0772,0.0668,0.2028
1568414863327870,加速度计,0.2520,8.5353,3.9433,,,,,,,
1568414873346620,加速度计,0.7350,7.2490,4.4843,,,,,,,
1568414873356047,陀螺仪,,,,,,,,-0.0447,0.0434,0.1744
1568414883365370,加速度计,-0.3238,5.5707,7.8931,,,,,,,
1568414893384120,加速度计,-0.1748,6.9426,7.2383,,,,,,,
1568414903402870,加速度计,0.6279,6.1399,9.5134,,,,,,,
1568414893393547,陀螺仪,,,,,,,,-0.0146,0.0582,0.2273
1568414913421620,加速度计,-0.6512,7.6914,7.1617,,,,,,,
1568414913431047,陀螺仪,,,,,,,,0.0272,0.1518,0.2590
1568414923440370,加速度计,-0.9601,7.2993,6.7558,,,,,,,
1568414933459120,加速度计,-0.5471,7.9535,4.0839,,,,,,,
1568414933468547,陀螺仪,,,,,,,,-0.0237,0.1266,0.2977
1568414943477870,加速度计,0.1556,5.3636,8.3522,,,,,,,
1568414953496620,加速度计,-0.7524,6.5230,8.5126,,,,,,,
1568414953506047,陀螺仪,,,,,,,,-0.0242,0.1802,0.3031
1568414963515370,加速度计,-0.2759,6.7816,9.5517,,,,,,,
1568414973534120,加速度计,-2.6803,4.8973,9.7546,,,,,,,
1568414973543547,陀螺仪,,,,,,,,0.0871,0.2453,0.4778
1568414983552870,加速度计,-0.6913,8.8304,1.0403,,,,,,,
1568414993571620,加速度计,1.8651,7.8308,4.7226,,,,,,,
1568414993581047,陀螺仪,,,,,,,,-0.0622,0.2316,0.4413
1568415003590370,加速度计,1.0912,7.2000,10.6907,,,,,,,
1568415013609120,加速度计,-1.8046,5.9813,10.1957,,,,,,,
1568415013618547,陀螺仪,,,,,,,,0.0168,0.2561,0.3201
1568415023627870,加速度计,0.0407,8.1163,5.7730,,,,,,,
1568415033655266,加速度计,1.2971,6.9408,5.1595,,,,,,,
1568415033666932,陀螺仪,,,,,,,,0.0284,0.1735,0.2256
1568415043668964,加速度计,2.4403,7.6201,5.6850,,,,,,,
1568415053673495,加速度计,0.3891,6.5410,8.3893,,,,,,,
1568415053676151,陀螺仪,,,,,,,,-0.0073,0.1535,0.1135
1568415063678807,加速度计,0.3885,6.9330,8.7742,,,,,,,
1568415073685318,加速度计,0.6524,6.6218,6.6301,,,,,,,
1568415083693807,加速度计,0.7883,7.1395,6.2261,,,,,,,
1568415073689484,陀螺仪,,,,,,,,0.0368,0.1582,0.1374
1568415093704380,加速度计,1.3910,6.3500,7.7728,,,,,,,
1568415093710786,陀螺仪,,,,,,,,0.0369,0.1473,0.0876
1568415103717401,加速度计,1.2468,7.4101,5.9227,,,,,,,
1568415113732922,加速度计,0.5082,7.5208,6.2237,,,,,,,
1568415113741828,陀螺仪,,,,,,,,0.0162,0.1726,0.0445
1568415123750943,加速度计,0.6590,7.8727,6.0238,,,,,,,
1568415133771464,加速度计,0.1239,5.9729,8.5886,,,,,,,
1568415133782870,陀螺仪,,,,,,,,0.0095,0.1802,0.0764
1568415143794484,加速度计,0.9834,7.0671,7.2742,,,,,,,
1568415153819641,加速度计,1.3372,6.3153,6.3440,,,,,,,
1568415153833026,陀螺仪,,,,,,,,0.0534,0.2318,0.0864
1568415163846516,加速度计,1.9429,7.0659,3.3100,,,,,,,
1568415173874693,加速度计,1.3994,7.3149,5.1200,,,,,,,
1568415173889224,陀螺仪,,,,,,,,-0.0334,0.2053,0.0009
1568415183903755,加速度计,0.8960,6.2716,9.4541,,,,,,,
1568415193933286,加速度计,0.2209,7.0210,7.5729,,,,,,,
1568415193948130,陀螺仪,,,,,,,,0.0346,0.2007,-0.0248
1568415203962870,加速度计,2.1243,8.6586,5.5444,,,,,,,
1568415213986984,加速度计,2.0010,6.6469,7.7243,,,,,,,
1568415213996984,陀螺仪,,,,,,,,-0.0221,0.1107,-0.2003
1568415224006307,加速度计,0.7739,7.1000,8.0104,,,,,,,
1568415234025057,加速度计,1.6251,6.2070,8.0870,,,,,,,
1568415234034484,陀螺仪,,,,,,,,0.0165,0.0252,-0.3871
1568415244043807,加速度计,0.7392,6.8510,6.3428,,,,,,,
1568415254062557,加速度计,-0.0437,7.4340,5.3139,,,,,,,
1568415254071984,陀螺仪,,,,,,,,0.0222,-0.0582,-0.4844
1568415264081307,加速度计,2.0387,6.2136,7.5776,,,,,,,
1568415274100057,加速度计,1.0283,8.0541,4.5795,,,,,,,
1568415274110734,陀螺仪,,,,,,,,0.0073,-0.1028,-0.5445
1568415284124589,加速度计,0.9421,6.0855,6.6685,,,,,,,
1568415294139380,加速度计,1.2031,7.2766,8.7083,,,,,,,
1568415294143755,陀螺仪,,,,,,,,-0.0309,-0.1249,-0.5404
1568415304148078,加速度计,-0.1814,6.2387,9.6798,,,,,,,
1568415314157193,加速度计,0.8003,7.3993,5.4630,,,,,,,
1568415314162141,陀螺仪,,,,,,,,0.0305,-0.1057,-0.4586
1568415324167089,加速度计,0.4351,6.8031,4.3245,,,,,,,
1568415334178182,加速度计,0.9744,6.3961,8.4300,,,,,,,
1568415334184484,陀螺仪,,,,,,,,-0.0393,-0.1337,-0.4426
1568415344190891,加速度计,-0.0287,6.5661,9.4098,,,,,,,
1568415354205266,加速度计,0.2652,7.7381,8.0798,,,,,,,
1568415354213234,陀螺仪,,,,,,,,0.0238,-0.1164,-0.3775
1568415364221307,加速度计,0.2939,7.0348,7.4190,,,,,,,
1568415374239016,加速度计,-0.8134,6.9210,5.1613,,,,,,,
1568415374248651,陀螺仪,,,,,,,,0.0294,-0.1139,-0.3374
1568415384258391,加速度计,0.3376,6.8049,4.8423,,,,,,,
1568415394279432,加速度计,0.0443,7.9547,5.2505,,,,,,,
1568415394290734,陀螺仪,,,,,,,,-0.0216,-0.1410,-0.3209
1568415404302141,加速度计,-1.5221,6.0106,8.4348,,,,,,,
1568415414326151,加速度计,-0.1897,6.7385,9.1261,,,,,,,
1568415414338755,陀螺仪,,,,,,,,0.0013,-0.1113,-0.2238
1568415424351411,加速度计,-0.4471,6.9384,6.5128,,,,,,,
1568415434377557,加速度计,0.1580,5.8377,7.1036,,,,,,,
1568415434390891,陀螺仪,,,,,,,,0.0309,-0.0605,-0.1282
1568415444404172,加速度计,0.2101,6.8229,4.1875,,,,,,,
1568415454430839,加速度计,-0.5052,6.1034,7.0731,,,,,,,
1568415464457505,加速度计,0.3418,6.2608,8.6838,,,,,,,
1568415454444224,陀螺仪,,,,,,,,-0.0212,-0.0505,-0.0784
1568415474477245,加速度计,0.9278,6.6182,8.7436,,,,,,,
1568415474486672,陀螺仪,,,,,,,,0.0190,0.0123,0.0148
1568415484495995,加速度计,0.7386,6.9109,6.4691,,,,,,,
1568415494514745,加速度计,0.7482,5.4139,8.6987,,,,,,,
1568415494524172,陀螺仪,,,,,,,,0.0282,0.0662,0.0812
1568415504533495,加速度计,1.5221,6.4967,4.6507,,,,,,,
1568415514552245,加速度计,0.1389,7.4897,7.4352,,,,,,,
1568415514561672,陀螺仪,,,,,,,,-0.0229,0.0872,0.1107
1568415524570995,加速度计,1.0696,6.3943,12.2685,,,,,,,
1568415534592089,加速度计,-0.4998,6.0310,10.2939,,,,,,,
1568415534602036,陀螺仪,,,,,,,,0.0895,0.1478,0.1790
1568415544609693,加速度计,-2.5995,8.9172,3.9971,,,,,,,
1568415554625109,加速度计,-2.5462,7.9637,0.5662,,,,,,,
1568415554632870,陀螺仪,,,,,,,,0.1017,0.0290,0.1872
1568415564640526,加速度计,-1.4108,10.0317,3.3202,,,,,,,
1568415574656307,加速度计,3.1472,11.6825,7.3861,,,,,,,
1568415574664432,陀螺仪,,,,,,,,0.0248,-0.0373,0.0019
1568415584672505,加速度计,-0.5567,8.9118,5.1475,,,,,,,
1568415594689120,加速度计,-2.2368,5.1206,8.7071,,,,,,,
1568415594697661,陀螺仪,,,,,,,,0.0141,0.0427,0.0105
1568415604706151,加速度计,-2.6336,7.3035,7.1706,,,,,,,
1568415614723599,加速度计,-0.9894,8.1469,7.0952,,,,,,,
1568415614732557,陀螺仪,,,,,,,,0.0519,0.0862,0.2491
1568415624741464,加速度计,0.2269,10.0838,3.9780,,,,,,,
1568415634759745,加速度计,0.8350,6.5338,7.4322,,,,,,,
1568415634769120,陀螺仪,,,,,,,,-0.0575,0.0583,0.1984
1568415644778443,加速度计,0.9691,6.6038,8.2708,,,,,,,
1568415654797557,加速度计,1.1558,6.6511,6.0394,,,,,,,
1568415654807349,陀螺仪,,,,,,,,-0.0093,0.0844,0.1037
1568415664817089,加速度计,0.9295,7.0102,4.2186,,,,,,,
1568415674837036,加速度计,0.6213,4.3042,8.4539,,,,,,,
1568415674847245,陀螺仪,,,,,,,,-0.0676,0.0451,0.0357
1568415684857401,加速度计,1.1474,7.0970,11.7035,,,,,,,
1568415694878182,加速度计,0.3525,8.8047,8.2031,,,,,,,
1568415694888807,陀螺仪,,,,,,,,0.0610,0.0451,-0.0619
1568415704899380,加速度计,-0.0359,7.6734,4.8686,,,,,,,
1568415714920630,加速度计,0.5022,5.8125,4.5376,,,,,,,
1568415714931307,陀螺仪,,,,,,,,0.0328,-0.0395,-0.1688
1568415724941880,加速度计,-0.7685,6.7391,4.7471,,,,,,,
1568415734963130,加速度计,-0.1514,7.0593,2.8850,,,,,,,
1568415734973807,陀螺仪,,,,,,,,0.0035,-0.1254,-0.2609
1568415744984380,加速度计,-0.8434,7.3089,6.1082,,,,,,,
1568415755004901,加速度计,-1.5299,5.6976,10.4178,,,,,,,
1568415755014536,陀螺仪,,,,,,,,-0.0060,-0.1874,-0.2783
1568415765023859,加速度计,-0.8535,8.1002,9.8833,,,,,,,
1568415775042609,加速度计,-0.5471,9.5936,7.7063,,,,,,,
1568415775054224,陀螺仪,,,,,,,,0.0913,-0.1867,-0.1882
1568415785076203,加速度计,0.3639,6.4769,4.8866,,,,,,,
1568415795080370,加速度计,0.2939,7.2514,4.0061,,,,,,,
1568415795082714,陀螺仪,,,,,,,,0.0478,-0.1750,-0.1734
1568415805084953,加速度计,-0.9744,7.8087,5.4576,,,,,,,
1568415815090370,加速度计,-0.2586,7.2814,7.2281,,,,,,,
1568415815093755,陀螺仪,,,,,,,,-0.0337,-0.2036,-0.1075
1568415825097036,加速度计,-0.2143,6.0849,12.1596,,,,,,,
1568415835105786,加速度计,0.3741,7.0689,7.2909,,,,,,,
1568415835111255,陀螺仪,,,,,,,,0.0839,-0.1305,-0.0501
1568415845116620,加速度计,-0.5668,7.4346,3.8002,,,,,,,
1568415855129953,加速度计,-0.8422,6.6146,5.4360,,,,,,,
1568415855137922,陀螺仪,,,,,,,,0.0246,-0.1112,0.0435
1568415865145786,加速度计,-0.8930,6.1926,8.9675,,,,,,,
1568415875164120,加速度计,-0.6530,7.0916,9.0339,,,,,,,
1568415875174589,陀螺仪,,,,,,,,0.0527,-0.0636,0.1795
1568415885184953,加速度计,0.5405,8.7011,6.4171,,,,,,,
1568415895208286,加速度计,-0.4741,7.5369,6.0567,,,,,,,
1568415895221047,陀螺仪,,,,,,,,0.0019,-0.0583,0.2154
1568415905233703,加速度计,-0.7901,5.1673,13.7924,,,,,,,
1568415915260786,加速度计,0.4705,6.4153,9.5385,,,,,,,
1568415915275005,陀螺仪,,,,,,,,0.1547,-0.0065,0.2393
1568415925289120,加速度计,0.1454,10.2101,4.1414,,,,,,,
1568415935318286,加速度计,0.0329,6.3788,6.0448,,,,,,,
1568415935333130,陀螺仪,,,,,,,,0.1342,-0.0056,0.2314
1568415945347870,加速度计,0.9152,3.6410,4.8129,,,,,,,
1568415955377453,加速度计,-0.3873,9.1656,4.4819,,,,,,,
1568415955389380,陀螺仪,,,,,,,,0.1706,0.0754,0.2788
1568415965401203,加速度计,-0.0419,12.2302,-2.4134,,,,,,,
1568415975419953,加速度计,-0.1975,5.7940,12.7844,,,,,,,
1568415975429380,陀螺仪,,,,,,,,-0.0430,0.1052,0.3623
1568415985438703,加速度计,-0.5794,7.7800,6.6014,,,,,,,
1568415995457453,加速度计,-0.5944,11.1492,5.8550,,,,,,,
1568415995466880,陀螺仪,,,,,,,,0.0459,0.1613,0.4175
1568416005476203,加速度计,-0.3250,6.2830,4.3491,,,,,,,
1568416015494953,加速度计,-0.0239,5.1026,3.2298,,,,,,,
1568416015504380,陀螺仪,,,,,,,,0.0376,0.1762,0.4457
1568416025513703,加速度计,0.5058,7.3969,2.7629,,,,,,,
1568416035541151,加速度计,1.6795,9.1812,4.3299,,,,,,,
1568416035546620,陀螺仪,,,,,,,,-0.0040,0.1613,0.3458
1568416045551984,加速度计,0.5549,9.5816,6.1513,,,,,,,
1568416055562818,加速度计,1.3892,8.6137,7.3957,,,,,,,
1568416055568495,陀螺仪,,,,,,,,-0.0422,0.1646,0.2092
1568416065574068,加速度计,0.4429,8.9848,7.9595,,,,,,,
1568416075586151,加速度计,0.8625,7.6776,6.6086,,,,,,,
1568416075592661,陀螺仪,,,,,,,,-0.0245,0.1032,0.0710
1568416085599068,加速度计,0.8344,6.5942,4.3209,,,,,,,
1568416095613234,加速度计,3.2322,6.0944,1.3856,,,,,,,
1568416095620995,陀螺仪,,,,,,,,-0.0189,0.0330,-0.0550
1568416105628651,加速度计,3.1131,6.9593,2.7186,,,,,,,
1568416115645318,加速度计,2.1566,8.5539,4.0779,,,,,,,
1568416115654328,陀螺仪,,,,,,,,-0.1268,-0.0096,-0.2477
1568416125663234,加速度计,2.3990,8.1558,7.8644,,,,,,,
1568416135682401,加速度计,2.9916,7.9751,7.1664,,,,,,,
1568416135692661,陀螺仪,,,,,,,,-0.1269,-0.0225,-0.3539
1568416145702818,加速度计,2.5001,7.0000,5.2984,,,,,,,
1568416155724484,加速度计,2.2045,5.7090,5.1942,,,,,,,
1568416155735995,陀螺仪,,,,,,,,-0.1609,-0.0368,-0.4194
1568416165747401,加速度计,1.6550,6.0166,8.1157,,,,,,,
1568416175771151,加速度计,2.7306,5.5952,5.1110,,,,,,,
1568416175783495,陀螺仪,,,,,,,,-0.1317,-0.0164,-0.4067
1568416185795734,加速度计,2.0997,6.8313,5.6425,,,,,,,
1568416195820734,加速度计,2.0279,6.2668,10.5668,,,,,,,
1568416195833286,陀螺仪,,,,,,,,-0.1996,-0.0554,-0.4104
1568416205845734,加速度计,2.0584,7.6926,17.5938,,,,,,,
1568416215870734,加速度计,1.2067,8.6461,8.5216,,,,,,,
1568416215881203,陀螺仪,,,,,,,,0.0017,-0.0064,-0.4417
1568416225891568,加速度计,1.8208,7.3119,8.0517,,,,,,,
1568416235910318,加速度计,0.6033,4.2539,-0.9774,,,,,,,
1568416235919745,陀螺仪,,,,,,,,-0.0668,-0.0498,-0.4734
1568416245929068,加速度计,-0.7356,2.1350,1.5772,,,,,,,
1568416255947818,加速度计,1.0020,7.9033,2.6797,,,,,,,
1568416255957245,陀螺仪,,,,,,,,-0.1587,-0.0915,-0.3847
1568416265966568,加速度计,-0.9044,8.1977,5.0266,,,,,,,
1568416275985318,加速度计,-0.4884,5.5222,9.8055,,,,,,,
1568416275994953,陀螺仪,,,,,,,,-0.2902,-0.1206,-0.2585
1568416286005214,加速度计,1.5179,9.4475,14.7136,,,,,,,
1568416296023547,加速度计,-1.7035,6.5278,15.7155,,,,,,,
1568416296032766,陀螺仪,,,,,,,,-0.1177,-0.0523,-0.2064
1568416306041880,加速度计,-1.1025,6.4087,10.5004,,,,,,,
1568416316060214,加速度计,0.9559,7.4723,-0.7536,,,,,,,
1568416316069432,陀螺仪,,,,,,,,-0.0280,-0.0200,-0.1399
1568416326078547,加速度计,-1.5880,4.3197,15.2559,,,,,,,
1568416336096880,加速度计,-1.8298,10.0527,13.0376,,,,,,,
1568416336106099,陀螺仪,,,,,,,,0.1575,-0.0007,-0.1079
1568416346115214,加速度计,-0.4160,9.0106,0.5022,,,,,,,
1568416356133547,加速度计,2.1458,7.0832,-9.8067,,,,,,,
1568416356142766,陀螺仪,,,,,,,,-0.0498,-0.0883,-0.1529
1568416366151880,加速度计,-2.9844,3.9516,10.8493,,,,,,,
1568416376170214,加速度计,-1.4581,4.7184,1.7837,,,,,,,
1568416376179432,陀螺仪,,,,,,,,-0.0594,-0.0570,-0.0683
1568416386188547,加速度计,-0.7356,10.9936,18.2857,,,,,,,
1568416396206880,加速度计,-0.1448,9.0579,10.8433,,,,,,,
1568416396216099,陀螺仪,,,,,,,,0.1142,-0.0226,0.0172
1568416406225214,加速度计,0.4908,6.9827,1.1199,,,,,,,
1568416416243547,加速度计,-0.4669,5.5025,-0.4555,,,,,,,
1568416416252766,陀螺仪,,,,,,,,0.0573,-0.0184,0.0031
1568416426261880,加速度计,-0.2263,6.1585,3.1939,,,,,,,
1568416436280214,加速度计,0.2777,8.2947,16.2991,,,,,,,
1568416436289432,陀螺仪,,,,,,,,0.0422,-0.0478,0.0434
1568416446298547,加速度计,0.9720,10.1694,9.4529,,,,,,,
1568416456316880,加速度计,2.2338,6.1160,1.9776,,,,,,,
1568416456326099,陀螺仪,,,,,,,,0.2009,0.0065,-0.0124
1568416466335214,加速度计,0.9421,6.3321,-4.9859,,,,,,,
1568416476353599,加速度计,-1.1378,5.3648,1.8884,,,,,,,
1568416476363026,陀螺仪,,,,,,,,-0.0507,-0.0459,-0.0296
1568416486372349,加速度计,0.0838,10.5602,13.7008,,,,,,,
1568416496391099,加速度计,0.8583,12.0758,14.9668,,,,,,,
1568416496400526,陀螺仪,,,,,,,,0.0064,-0.0297,-0.0076
1568416506409901,加速度计,0.4489,10.1897,7.3119,,,,,,,
1568416516429068,加速度计,0.3974,2.7282,10.2759,,,,,,,
1568416516438703,陀螺仪,,,,,,,,0.0009,-0.0527,-0.0613
1568416526448755,加速度计,0.3136,1.9644,9.9695,,,,,,,
1568416536479797,加速度计,-0.8823,5.1002,9.1650,,,,,,,
1568416536487349,陀螺仪,,,,,,,,0.2457,0.0096,-0.0533
1568416546494797,加速度计,0.0425,8.2654,0.3735,,,,,,,
1568416556509797,加速度计,0.5608,9.8270,-4.2641,,,,,,,
1568416556517349,陀螺仪,,,,,,,,0.2072,-0.0562,-0.1407
1568416566524849,加速度计,-3.1687,7.0545,-3.6823,,,,,,,
1568416576540318,加速度计,0.8499,11.3617,4.4388,,,,,,,
1568416576548286,陀螺仪,,,,,,,,-0.1518,-0.1738,-0.0447
1568416586556203,加速度计,1.3473,11.1091,19.9377,,,,,,,
1568416596572505,加速度计,-1.3629,10.2681,12.4211,,,,,,,
1568416596580891,陀螺仪,,,,,,,,-0.0127,-0.0629,-0.0589
1568416606589276,加速度计,-0.5561,6.5122,0.1131,,,,,,,
1568416616606880,加速度计,0.1706,6.9635,3.5069,,,,,,,
1568416616616099,陀螺仪,,,,,,,,-0.2461,-0.1346,-0.0169
1568416626625318,加速度计,-0.8912,1.9525,12.2757,,,,,,,
1568416636654641,陀螺仪,,,,,,,,0.0095,-0.0127,0.0495
1568416636644589,加速度计,-0.8452,6.2537,13.7535,,,,,,,
1568416646664641,加速度计,-1.2270,1.4593,-0.0838,,,,,,,
1568416656685109,加速度计,1.4784,4.6573,-0.9828,,,,,,,
1568416656695578,陀螺仪,,,,,,,,0.0605,-0.0027,0.1135
1568416666705995,加速度计,-0.7434,12.0111,-0.2556,,,,,,,
1568416676727297,加速度计,3.4339,14.1102,-7.1868,,,,,,,
1568416676738182,陀螺仪,,,,,,,,-0.2513,-0.0734,0.0109
1568416686748964,加速度计,-0.8386,2.8473,20.4189,,,,,,,
1568416696770630,加速度计,-2.8748,9.9407,22.8796,,,,,,,
1568416696781516,陀螺仪,,,,,,,,-0.0064,0.0462,0.0692
1568416706792297,加速度计,-1.1534,14.8482,-7.0144,,,,,,,
1568416716813964,加速度计,1.2420,0.0509,22.3104,,,,,,,
1568416716824849,陀螺仪,,,,,,,,-0.2607,-0.0510,0.1796
1568416726835266,加速度计,-0.8122,5.0165,14.6226,,,,,,,
1568416736854016,加速度计,-0.5040,7.7357,2.9012,,,,,,,
1568416736863443,陀螺仪,,,,,,,,0.1555,0.0474,0.1535
1568416746872766,加速度计,0.8416,2.8449,-1.5520,,,,,,,
1568416756891516,加速度计,0.8481,3.9714,-0.3609,,,,,,,
1568416756900943,陀螺仪,,,,,,,,-0.0029,-0.0328,0.0429
1568416766910266,加速度计,0.4567,9.0184,1.1773,,,,,,,
1568416776939745,陀螺仪,,,,,,,,-0.1955,-0.0704,-0.0511
1568416776929276,加速度计,-0.3885,7.6680,8.3157,,,,,,,
1568416786953599,加速度计,-0.1347,9.6420,21.5299,,,,,,,
1568416796973651,陀螺仪,,,,,,,,0.1056,-0.0822,-0.1304
1568416796966932,加速度计,-0.1850,11.0085,7.2939,,,,,,,
1568416806980318,加速度计,0.5028,6.9474,-8.2031,,,,,,,
1568416816994120,加速度计,1.1199,1.8118,12.3361,,,,,,,
1568416817001255,陀螺仪,,,,,,,,-0.2997,-0.2296,-0.1192
1568416827008339,加速度计,0.8290,7.9266,16.3620,,,,,,,
1568416837023026,加速度计,1.2605,7.2712,10.0796,,,,,,,
1568416837030786,陀螺仪,,,,,,,,0.0302,-0.1257,-0.1625
1568416847038547,加速度计,0.7159,4.7591,4.3790,,,,,,,
1568416857054901,加速度计,-1.3593,6.5027,-0.6213,,,,,,,
1568416857063495,陀螺仪,,,,,,,,0.0486,-0.1852,-0.2119
1568416867072089,加速度计,-1.8854,9.3116,3.6524,,,,,,,
1568416877090109,加速度计,-0.3190,7.9140,12.0991,,,,,,,
1568416877099536,陀螺仪,,,,,,,,-0.0819,-0.2964,-0.2063
1568416887108964,加速度计,0.1347,7.8135,12.3212,,,,,,,
1568416897128651,加速度计,-0.7961,6.1555,3.3525,,,,,,,
1568416897138911,陀螺仪,,,,,,,,0.0224,-0.2664,-0.2511
1568416907149172,加速度计,-0.7602,8.7753,-0.6303,,,,,,,
1568416917170526,加速度计,-0.0844,5.0236,8.0086,,,,,,,
1568416917181620,陀螺仪,,,,,,,,-0.1949,-0.3445,-0.2047
1568416927192661,加速度计,0.7937,3.5638,13.8445,,,,,,,
1568416937215214,加速度计,-1.1768,5.6790,16.8510,,,,,,,
1568416937226724,陀螺仪,,,,,,,,0.0063,-0.2997,-0.1244
1568416947238130,加速度计,1.7490,0.5578,11.1043,,,,,,,
1568416957261047,加速度计,2.1237,6.9989,2.0243,,,,,,,
1568416957272557,陀螺仪,,,,,,,,0.3483,-0.2507,-0.1583
1568416967283964,加速度计,-4.0223,10.7266,0.5997,,,,,,,
1568416977306516,加速度计,2.9113,10.9840,6.8426,,,,,,,
1568416977316568,陀螺仪,,,,,,,,0.1790,-0.2630,-0.0150
1568416987326359,加速度计,-0.5297,11.3030,1.6424,,,,,,,
1568416997345109,加速度计,-0.5375,14.7519,-2.7623,,,,,,,
1568416997354536,陀螺仪,,,,,,,,-0.1077,-0.2400,0.0731
1568417007363859,加速度计,0.2747,0.7236,12.2924,,,,,,,
1568417017382609,加速度计,0.5626,4.8459,10.2137,,,,,,,
1568417017392036,陀螺仪,,,,,,,,-0.1294,-0.0929,0.2924
1568417027402193,加速度计,1.2863,7.5519,9.2943,,,,,,,
1568417037433339,加速度计,1.0762,2.1931,8.5611,,,,,,,
1568417037434432,陀螺仪,,,,,,,,0.0200,0.0278,0.4675
1568417047435526,加速度计,0.3358,3.6793,3.3076,,,,,,,
1568417057438339,加速度计,-0.4268,8.7059,0.8182,,,,,,,
1568417057440266,陀螺仪,,,,,,,,0.1197,0.1056,0.5160
1568417067442505,加速度计,-0.8164,13.6643,4.5226,,,,,,,
1568417077448443,加速度计,-1.8771,8.9304,13.8385,,,,,,,
1568417077452245,陀螺仪,,,,,,,,-0.0246,0.0969,0.5671
1568417087456568,加速度计,-0.3861,9.2141,8.0409,,,,,,,
1568417097467297,加速度计,-0.7260,7.7632,0.0245,,,,,,,
1568417097473807,陀螺仪,,,,,,,,-0.0153,0.0980,0.5204
1568417107480943,加速度计,-1.4581,5.4690,11.4317,,,,,,,
1568417117497505,加速度计,1.9261,9.7031,19.0704,,,,,,,
1568417117506932,陀螺仪,,,,,,,,0.1426,0.1009,0.5025
1568417127516984,加速度计,0.6309,7.4573,-3.2477,,,,,,,
1568417137551411,陀螺仪,,,,,,,,0.0101,0.0799,0.3570
1568417137539276,加速度计,1.1744,-0.8487,17.3053,,,,,,,
1568417147563964,加速度计,0.3603,10.3316,6.7403,,,,,,,
1568417157590630,加速度计,-0.2047,15.4264,8.0505,,,,,,,
1568417157604641,陀螺仪,,,,,,,,0.1718,0.0374,0.2989
1568417167618859,加速度计,2.2164,5.7096,4.1527,,,,,,,
1568417177648234,加速度计,2.4714,1.5832,0.7272,,,,,,,
1568417177663286,陀螺仪,,,,,,,,0.1289,0.0329,0.1631
1568417187678339,加速度计,-1.1235,9.5529,0.8164,,,,,,,
1568417197708755,加速度计,0.7398,8.0290,15.5072,,,,,,,
1568417197724016,陀螺仪,,,,,,,,0.0245,-0.0403,0.1541
1568417207737714,加速度计,2.5061,8.0170,7.8458,,,,,,,
1568417217770266,陀螺仪,,,,,,,,0.0699,-0.0144,0.0361
1568417217760839,加速度计,2.1602,7.1341,-3.1927,,,,,,,
1568417227779589,加速度计,1.9878,6.9749,1.2354,,,,,,,
1568417237798339,加速度计,-1.7741,2.3786,20.5877,,,,,,,
1568417237807766,陀螺仪,,,,,,,,-0.0545,-0.0361,0.0433
1568417247817089,加速度计,-0.4735,11.5658,8.1253,,,,,,,
1568417257845266,陀螺仪,,,,,,,,0.0627,-0.0453,0.1052
1568417257835839,加速度计,2.8030,7.7111,3.7894,,,,,,,
1568417267854589,加速度计,1.7992,5.0769,6.2973,,,,,,,
1568417277874172,加速度计,-1.9716,5.0039,5.8161,,,,,,,
1568417277885266,陀螺仪,,,,,,,,0.0635,-0.0100,0.0900
1568417287900422,加速度计,0.4974,8.0032,4.9279,,,,,,,
1568417297909276,加速度计,0.4645,5.8694,6.4889,,,,,,,
1568417297913911,陀螺仪,,,,,,,,0.0208,0.0009,0.1879
1568417307918547,加速度计,-0.1233,6.1028,5.4863,,,,,,,
1568417317928339,加速度计,0.7213,5.3014,4.4305,,,,,,,
1568417317933599,陀螺仪,,,,,,,,0.0242,0.0338,0.2545
1568417327939068,加速度计,1.0415,6.4117,3.9271,,,,,,,
1568417337951151,加速度计,0.8721,5.9544,11.4245,,,,,,,
1568417337957870,陀螺仪,,,,,,,,0.0137,0.0792,0.2908
1568417347964901,加速度计,-0.0832,8.0685,9.5187,,,,,,,
1568417357980318,加速度计,0.8266,9.9892,1.5484,,,,,,,
1568417357988703,陀螺仪,,,,,,,,0.0715,0.1527,0.3234
1568417367997401,加速度计,0.4794,6.2991,3.0520,,,,,,,
1568417378016151,加速度计,-1.0313,5.4731,8.3049,,,,,,,
1568417378026203,陀螺仪,,,,,,,,-0.0652,0.1651,0.3392
1568417388036568,加速度计,-0.7805,11.7531,5.0284,,,,,,,
1568417398058547,加速度计,0.6919,9.1728,5.2475,,,,,,,
1568417398070057,陀螺仪,,,,,,,,-0.2985,0.1586,0.3822
1568417408081776,加速度计,-1.2641,2.9245,12.9101,,,,,,,
1568417418118703,陀螺仪,,,,,,,,-0.1924,0.2244,0.4567
1568417418106151,加速度计,-1.3072,1.3485,10.5644,,,,,,,
1568417428131359,加速度计,-0.3944,6.5529,7.5094,,,,,,,
1568417438157297,加速度计,1.3809,10.7949,10.1598,,,,,,,
1568417438170474,陀螺仪,,,,,,,,-0.1108,0.2602,0.5473
1568417448183547,加速度计,0.4100,8.5838,11.1941,,,,,,,
1568417458209484,加速度计,-0.2897,3.5865,9.2506,,,,,,,
1568417458222036,陀螺仪,,,,,,,,0.0023,0.3000,0.4551
1568417468232922,加速度计,-0.3531,9.5990,-2.2727,,,,,,,
1568417478251672,加速度计,0.2921,7.8733,5.7066,,,,,,,
1568417478261099,陀螺仪,,,,,,,,-0.1405,0.2547,0.4862
1568417488270422,加速度计,0.6069,6.7092,5.7796,,,,,,,
1568417498289172,加速度计,-1.6753,3.5554,13.5925,,,,,,,
1568417498298599,陀螺仪,,,,,,,,-0.1349,0.2724,0.4635
1568417508307922,加速度计,-0.7045,4.7800,10.3837,,,,,,,
1568417518336099,陀螺仪,,,,,,,,0.0629,0.3665,0.6153
1568417518326672,加速度计,0.6800,7.6058,3.7864,,,,,,,
1568417528345734,加速度计,1.9339,7.2754,1.9333,,,,,,,
1568417538367505,加速度计,1.2001,9.1764,1.3695,,,,,,,
1568417538375474,陀螺仪,,,,,,,,-0.1109,0.3802,0.5159
1568417548384172,加速度计,-0.1287,6.0190,10.7039,,,,,,,
1568417558423026,加速度计,0.0748,7.3813,11.7908,,,,,,,
1568417558429432,陀螺仪,,,,,,,,-0.0886,0.3847,0.4858
1568417568425214,加速度计,-0.7422,5.4923,10.1203,,,,,,,
1568417580966194,GPS,,,,31.9428,118.7879,4.1800,83.6000,,,
1568417578417609,加速度计,1.9872,5.5252,3.6069,,,,,,,
1568417578414693,陀螺仪,,,,,,,,0.0394,0.4410,0.5248
1568417588411932,加速度计,0.3921,7.1976,2.8988,,,,,,,
1568417598409068,加速度计,0.5722,4.3670,11.5215,,,,,,,
1568417598409276,陀螺仪,,,,,,,,0.0037,0.3800,0.3882
1568417608409849,加速度计,1.1253,7.4328,9.7276,,,,,,,
1568417618414745,加速度计,1.2905,9.1650,1.6789,,,,,,,
1568417618433391,陀螺仪,,,,,,,,0.1065,0.3671,0.2819
1568417628464380,加速度计,2.3493,7.2826,4.7303,,,,,,,
1568417638526464,加速度计,0.3400,7.9942,8.9657,,,,,,,
1568417638557557,陀螺仪,,,,,,,,0.0031,0.3064,0.1324
1568417648570005,加速度计,0.0120,6.4661,11.2881,,,,,,,
1568417658601724,陀螺仪,,,,,,,,0.0927,0.2851,0.0671
1568417658592089,加速度计,1.6293,9.3446,3.8529,,,,,,,
1568417668611047,加速度计,1.0546,5.6952,4.6184,,,,,,,
1568417678629797,加速度计,2.1314,6.8857,5.6814,,,,,,,
1568417678639224,陀螺仪,,,,,,,,-0.0016,0.2089,-0.0570
1568417688648547,加速度计,0.9607,7.0216,12.5636,,,,,,,
1568417698667297,加速度计,1.9243,8.0619,3.3722,,,,,,,
1568417698676724,陀螺仪,,,,,,,,0.1073,0.2011,-0.1597
1568417708686047,加速度计,1.1175,6.3859,9.6564,,,,,,,
1568417718704797,加速度计,0.8942,6.8205,7.1132,,,,,,,
1568417718714224,陀螺仪,,,,,,,,0.1410,0.1642,-0.1991
1568417728723547,加速度计,3.1442,10.0042,4.1073,,,,,,,
1568417738742297,加速度计,1.4940,9.9347,1.2594,,,,,,,
1568417738751724,陀螺仪,,,,,,,,0.0012,0.1189,-0.3249
1568417748761047,加速度计,0.6309,6.3482,6.2375,,,,,,,
1568417758779797,加速度计,-0.0569,4.5544,12.0566,,,,,,,
1568417758789224,陀螺仪,,,,,,,,-0.0798,0.1037,-0.2792
1568417768798547,加速度计,0.7087,6.2602,9.8581,,,,,,,
1568417778826724,陀螺仪,,,,,,,,0.0471,0.1318,-0.2654
1568417778817297,加速度计,1.5461,7.1922,3.5344,,,,,,,
1568417788836047,加速度计,0.1658,5.0871,4.0456,,,,,,,
1568417798854797,加速度计,0.6458,5.8006,5.8754,,,,,,,
1568417798864224,陀螺仪,,,,,,,,-0.0304,0.0882,-0.2908
1568417808881724,加速度计,-0.2945,8.7616,9.6295,,,,,,,
1568417818894641,加速度计,0.2023,6.0148,12.7904,,,,,,,
1568417818901151,陀螺仪,,,,,,,,0.0237,0.0808,-0.2461
1568417828907557,加速度计,1.7256,8.2570,3.1430,,,,,,,
1568417838920891,加速度计,0.2897,4.2766,6.9498,,,,,,,
1568417838927818,陀螺仪,,,,,,,,0.0294,0.0732,-0.2730
1568417848934641,加速度计,0.5297,7.8464,5.1086,,,,,,,
1568417858949224,加速度计,-0.3106,5.2726,9.8940,,,,,,,
1568417858956984,陀螺仪,,,,,,,,0.0414,0.0353,-0.2670
1568417868964641,加速度计,1.6466,8.9232,4.3263,,,,,,,
1568417878980891,加速度计,0.7739,6.0723,9.3649,,,,,,,
1568417878989484,陀螺仪,,,,,,,,0.0366,0.0204,-0.3233
1568417888997974,加速度计,0.0000,7.7985,6.2285,,,,,,,
1568417899015891,加速度计,-0.0539,6.2614,5.3463,,,,,,,
1568417899025318,陀螺仪,,,,,,,,0.0454,-0.0137,-0.3614
1568417909034641,加速度计,-0.6985,7.9128,3.1328,,,,,,,
1568417919054224,加速度计,0.1778,4.2371,10.2939,,,,,,,
1568417919064484,陀螺仪,,,,,,,,-0.0256,-0.1063,-0.3509
1568417929074641,加速度计,0.6357,7.7375,8.8633,,,,,,,
1568417939095891,加速度计,0.4717,7.6387,6.6331,,,,,,,
1568417939106984,陀螺仪,,,,,,,,0.0557,-0.0999,-0.3814
1568417949117974,加速度计,0.4256,8.1128,7.0246,,,,,,,
1568417959140474,加速度计,0.4752,5.7599,12.1440,,,,,,,
1568417959151984,陀螺仪,,,,,,,,0.0411,-0.1418,-0.3646
1568417969163391,加速度计,1.5101,7.1976,5.7527,,,,,,,
1568417979186724,加速度计,1.6867,8.8214,1.2617,,,,,,,
1568417979198443,陀螺仪,,,,,,,,0.0533,-0.1172,-0.4129
1568417989210057,加速度计,-1.4832,6.0142,5.3008,,,,,,,
1568417999233391,加速度计,0.6859,6.6002,8.0780,,,,,,,
1568417999243651,陀螺仪,,,,,,,,-0.0214,-0.1409,-0.3036
1568418009253807,加速度计,-0.4064,7.4897,6.6266,,,,,,,
1568418019272557,加速度计,1.7921,8.2636,5.1793,,,,,,,
1568418019281984,陀螺仪,,,,,,,,-0.0633,-0.1316,-0.2250
1568418029291307,加速度计,0.7374,5.5025,18.9782,,,,,,,
1568418039310057,加速度计,-1.1480,7.2772,15.0015,,,,,,,
1568418039319484,陀螺仪,,,,,,,,0.1917,0.0068,-0.1023
1568418049328807,加速度计,0.8009,9.3212,-2.7048,,,,,,,
1568418059351932,加速度计,1.7951,9.3817,1.0594,,,,,,,
1568418059359693,陀螺仪,,,,,,,,0.0603,-0.0348,-0.1021
1568418069367349,加速度计,-2.9694,1.4162,2.9341,,,,,,,
1568418079382766,加速度计,1.5490,6.7151,12.7318,,,,,,,
1568418079390526,陀螺仪,,,,,,,,0.1216,-0.0301,-0.0354
1568418089398182,加速度计,1.1043,14.6058,-2.7132,,,,,,,
1568418099414016,加速度计,0.0730,3.6709,3.3136,,,,,,,
1568418099422193,陀螺仪,,,,,,,,-0.0780,-0.0684,-0.0734
1568418109430266,加速度计,1.1744,0.7248,7.0521,,,,,,,
1568418119446932,加速度计,-1.3797,13.7864,0.5698,,,,,,,
1568418119455526,陀螺仪,,,,,,,,0.0232,-0.0178,-0.0647
1568418129464016,加速度计,0.8033,10.7368,-1.1821,,,,,,,
1568418139481516,加速度计,2.3050,1.0876,1.4180,,,,,,,
1568418139490526,陀螺仪,,,,,,,,-0.3336,-0.0635,-0.0559
1568418149499432,加速度计,-0.1413,2.4116,9.9234,,,,,,,
1568418159517766,加速度计,-0.4190,11.2791,23.3022,,,,,,,
1568418159527193,陀螺仪,,,,,,,,-0.1232,-0.0372,0.0000
1568418169536516,加速度计,2.5821,12.1200,16.0669,,,,,,,
1568418179555682,加速度计,1.6610,8.3061,8.7939,,,,,,,
1568418179565526,陀螺仪,,,,,,,,0.0605,0.0003,-0.0884
1568418189575266,加速度计,1.2282,5.8293,5.9221,,,,,,,
1568418199595266,加速度计,-0.6093,3.1101,-2.2260,,,,,,,
1568418199605526,陀螺仪,,,,,,,,0.0872,0.0083,-0.1426
1568418209615682,加速度计,0.6213,6.1399,-0.5495,,,,,,,
1568418219636516,加速度计,0.1012,7.5890,13.3291,,,,,,,
1568418219647193,陀螺仪,,,,,,,,-0.1527,-0.0892,-0.0381
1568418229657766,加速度计,1.4461,9.7223,14.7190,,,,,,,
1568418239679016,加速度计,2.9036,11.8004,-0.7500,,,,,,,
1568418239689693,陀螺仪,,,,,,,,0.0799,0.0618,-0.0931
1568418249700266,加速度计,-1.0600,7.6962,-3.7218,,,,,,,
1568418259721516,加速度计,-1.3120,3.7649,7.1760,,,,,,,
1568418259732193,陀螺仪,,,,,,,,-0.2534,-0.0437,-0.0676
1568418269742766,加速度计,-0.9248,6.7223,10.9014,,,,,,,
1568418279764016,加速度计,0.2502,7.2538,10.3813,,,,,,,
1568418279773651,陀螺仪,,,,,,,,-0.1269,0.0240,0.0928
1568418289783182,加速度计,2.4630,7.5992,10.3513,,,,,,,
1568418299801932,加速度计,-0.7368,4.9566,10.5824,,,,,,,
1568418299814276,陀螺仪,,,,,,,,-0.0076,0.1129,0.0261
1568418309842974,加速度计,-1.0373,8.6221,1.4341,,,,,,,
1568418319840057,加速度计,0.4447,8.7352,2.3026,,,,,,,
1568418319839068,陀螺仪,,,,,,,,-0.0446,0.0490,0.1049
1568418329837974,加速度计,2.4505,7.6118,0.8045,,,,,,,
1568418339837557,加速度计,-0.1030,7.4310,10.2921,,,,,,,
1568418339838443,陀螺仪,,,,,,,,-0.2542,0.0320,0.0162
1568418349839224,加速度计,-0.7320,3.5273,9.3829,,,,,,,
1568418359843807,加速度计,2.5133,4.4556,14.5496,,,,,,,
1568418359847818,陀螺仪,,,,,,,,-0.0872,0.0619,0.0652
1568418369851724,加速度计,0.3280,6.8247,8.3576,,,,,,,
1568418379863391,加速度计,-1.0756,5.2565,-2.1584,,,,,,,
1568418379871151,陀螺仪,,,,,,,,0.0115,0.0995,0.0352
1568418389878807,加速度计,-0.6518,4.1055,5.1398,,,,,,,
1568418399897974,加速度计,-3.0903,1.1624,9.5104,,,,,,,
1568418399909276,陀螺仪,,,,,,,,-0.0515,0.0398,0.1609
1568418409920474,加速度计,4.4466,12.5564,28.0894,,,,,,,
1568418419946307,加速度计,-0.2053,16.0256,8.7574,,,,,,,
1568418419960734,陀螺仪,,,,,,,,0.3258,0.2342,0.1502
1568418429975057,加速度计,0.1431,-2.0177,2.7821,,,,,,,
1568418440006307,加速度计,0.6686,-1.0636,8.0002,,,,,,,
1568418440022818,陀螺仪,,,,,,,,0.3498,0.1989,0.2180
1568418450039224,加速度计,1.3132,13.6170,2.7599,,,,,,,
1568418460073391,加速度计,-0.1975,15.9358,5.2200,,,,,,,
1568418460090734,陀螺仪,,,,,,,,0.3125,0.1573,0.1518
1568418470107974,加速度计,4.6400,13.8570,-5.9197,,,,,,,
1568418480142557,加速度计,2.8264,3.6374,-11.2982,,,,,,,
1568418480151984,陀螺仪,,,,,,,,-0.3140,0.0302,-0.1779
1568418490161307,加速度计,-1.1109,1.3886,21.8956,,,,,,,
1568418500180057,加速度计,-3.7230,2.7084,18.6622,,,,,,,
1568418500189484,陀螺仪,,,,,,,,-0.0999,-0.0049,-0.1771
1568418510198807,加速度计,-2.4415,7.2203,4.2862,,,,,,,
1568418520217557,加速度计,2.2075,8.1187,-6.1950,,,,,,,
1568418530236307,加速度计,0.8434,3.8744,14.2545,,,,,,,
1568418520226984,陀螺仪,,,,,,,,-0.0963,-0.0675,-0.0893
1568418540255057,加速度计,-2.8096,7.7871,21.5101,,,,,,,
1568418540264484,陀螺仪,,,,,,,,0.0216,-0.0226,-0.2262
1568418550273807,加速度计,-0.2514,10.6494,10.9595,,,,,,,
1568418560299953,加速度计,1.5915,9.2081,0.1808,,,,,,,
1568418560306047,陀螺仪,,,,,,,,0.2040,-0.0654,-0.1743
1568418570312036,加速度计,0.0593,5.8323,-0.6003,,,,,,,
1568418580324172,加速度计,-1.4491,7.5513,6.4955,,,,,,,
1568418580330474,陀螺仪,,,,,,,,0.0634,-0.1085,-0.1892
1568418590336724,加速度计,0.0700,10.2274,0.7165,,,,,,,
1568418600349745,加速度计,4.0791,7.1730,10.3477,,,,,,,
1568418600356672,陀螺仪,,,,,,,,-0.0380,-0.1715,-0.1505
1568418610363599,加速度计,0.1502,7.3813,10.2502,,,,,,,
1568418620378495,加速度计,0.0180,4.8973,4.9554,,,,,,,
1568418620391620,陀螺仪,,,,,,,,0.1121,-0.0615,-0.1109
1568418637878069,GPS,,,,31.9428,118.7880,3.9200,84.8000,,,
1568418630410943,加速度计,1.8112,12.3661,2.5049,,,,,,,
1568418640442401,加速度计,-1.0044,1.7849,0.7913,,,,,,,
1568418640454536,陀螺仪,,,,,,,,-0.0360,-0.0509,-0.0481
1568418650464068,加速度计,-1.3665,11.0289,21.1791,,,,,,,
1568418660483026,加速度计,1.7184,7.7189,10.9774,,,,,,,
1568418660492453,陀螺仪,,,,,,,,0.2325,0.0233,0.0221
1568418670501776,加速度计,-2.2901,8.1684,-4.9105,,,,,,,
1568418680529953,陀螺仪,,,,,,,,0.0438,-0.0329,0.1008
1568418680520526,加速度计,-0.2077,0.7069,0.2508,,,,,,,
1568418690539276,加速度计,-0.8404,7.5262,11.9758,,,,,,,
1568418700558026,加速度计,-0.8487,21.3844,-4.9889,,,,,,,
1568418700567453,陀螺仪,,,,,,,,0.1533,0.0495,0.1145
1568418710576776,加速度计,2.3517,14.1102,-0.0305,,,,,,,
1568418720595526,加速度计,-3.2106,0.3909,17.6932,,,,,,,
1568418720604953,陀螺仪,,,,,,,,-0.4131,0.0091,0.1350
1568418730614276,加速度计,-0.4118,8.2839,9.2374,,,,,,,
1568418740633026,加速度计,-1.7879,0.1371,10.5680,,,,,,,
1568418740642453,陀螺仪,,,,,,,,-0.2376,0.1186,0.3386
1568418750651776,加速度计,-0.8440,0.2346,18.4994,,,,,,,
1568418760670526,加速度计,-0.9230,12.5791,-3.6805,,,,,,,
1568418760679953,陀螺仪,,,,,,,,0.0762,0.1884,0.4132
1568418770689276,加速度计,1.2893,9.6666,10.8338,,,,,,,
1568418780708026,加速度计,-0.6183,3.5195,3.8601,,,,,,,
1568418780717453,陀螺仪,,,,,,,,0.0756,0.1694,0.2960
1568418790726776,加速度计,-0.9625,8.8472,4.6687,,,,,,,
1568418800754953,陀螺仪,,,,,,,,0.0489,0.1099,0.2483
1568418800745526,加速度计,1.5772,10.5536,5.2367,,,,,,,
1568418810773443,加速度计,-2.2176,2.8916,9.7043,,,,,,,
1568418820784693,加速度计,-0.4184,11.4168,0.4369,,,,,,,
1568418820790370,陀螺仪,,,,,,,,0.1290,0.1264,0.2253
1568418830795995,加速度计,1.4024,11.6364,0.0898,,,,,,,
1568418840807766,加速度计,0.5369,6.1525,10.8858,,,,,,,
1568418840814068,陀螺仪,,,,,,,,-0.1186,0.0369,0.1236
1568418850820786,加速度计,1.2803,5.8006,13.1573,,,,,,,
1568418860851203,加速度计,1.0325,7.6549,6.8558,,,,,,,
1568418860865839,陀螺仪,,,,,,,,0.0091,0.0993,0.0591
1568418870880370,加速度计,1.3575,5.5162,7.4561,,,,,,,
1568418880899120,加速度计,0.3286,6.2854,3.4925,,,,,,,
1568418880908547,陀螺仪,,,,,,,,0.0108,0.0242,0.0035
1568418890917870,加速度计,1.8579,3.1334,11.0462,,,,,,,
1568418900936620,加速度计,1.8094,10.4435,7.6854,,,,,,,
1568418900946047,陀螺仪,,,,,,,,0.0936,0.0376,-0.1081
1568418910955370,加速度计,-0.5944,6.8043,7.3765,,,,,,,
1568418920974120,加速度计,1.1827,5.7718,5.7958,,,,,,,
1568418920983547,陀螺仪,,,,,,,,0.1481,0.0269,-0.1310
1568418930992870,加速度计,-0.8888,10.4998,-0.8422,,,,,,,
1568418941011620,加速度计,-0.3693,6.8432,12.6210,,,,,,,
1568418941021047,陀螺仪,,,,,,,,-0.0983,-0.0726,-0.1686
1568418951030370,加速度计,0.0066,6.5475,8.1493,,,,,,,
1568418961049120,加速度计,-0.2945,1.7909,4.4448,,,,,,,
1568418961058547,陀螺仪,,,,,,,,0.0170,-0.0957,-0.1879
1568418971067870,加速度计,1.9010,5.0937,6.2034,,,,,,,
1568418981086620,加速度计,-1.7771,6.4159,16.5212,,,,,,,
1568418981096047,陀螺仪,,,,,,,,0.0964,-0.0739,-0.2225
1568418991105370,加速度计,0.2197,14.0623,4.3646,,,,,,,
1568419001124120,加速度计,1.7148,12.2158,0.3352,,,,,,,
1568419001133547,陀螺仪,,,,,,,,0.0282,-0.1338,-0.1858
1568419011142870,加速度计,0.5441,0.7799,5.0996,,,,,,,
1568419021161620,加速度计,0.5991,4.6118,6.4362,,,,,,,
1568419021171047,陀螺仪,,,,,,,,-0.0892,-0.0851,-0.1079
1568419031180370,加速度计,1.2498,8.8202,12.2230,,,,,,,
1568419041199120,加速度计,-0.6063,8.4204,11.4419,,,,,,,
1568419041208547,陀螺仪,,,,,,,,-0.0458,-0.0680,-0.1169
1568419051217870,加速度计,1.0487,4.0941,7.2048,,,,,,,
1568419061238495,加速度计,-1.6454,3.9085,6.1441,,,,,,,
1568419061248964,陀螺仪,,,,,,,,0.0473,-0.1013,-0.0993
1568419071258807,加速度计,0.2466,7.0593,1.9118,,,,,,,
1568419081277557,加速度计,1.2911,8.4928,10.4986,,,,,,,
1568419081286984,陀螺仪,,,,,,,,-0.0515,-0.1473,-0.0844
1568419091296307,加速度计,1.0175,8.9322,22.8449,,,,,,,
1568419101315057,加速度计,0.5249,8.1235,12.6049,,,,,,,
1568419101324484,陀螺仪,,,,,,,,0.2519,-0.0386,-0.1426
1568419111333807,加速度计,-1.6999,5.5970,0.8984,,,,,,,
1568419121352557,加速度计,1.4144,8.5305,-5.9185,,,,,,,
1568419121361984,陀螺仪,,,,,,,,0.2088,-0.0884,-0.0530
1568419131371307,加速度计,-3.1705,4.0432,1.5628,,,,,,,
1568419141399484,陀螺仪,,,,,,,,0.1481,-0.0993,0.0031
1568419141390057,加速度计,3.3076,10.5040,16.9108,,,,,,,
1568419151408807,加速度计,0.8930,15.6335,-7.5220,,,,,,,
1568419161427557,加速度计,-1.0169,2.3930,3.6314,,,,,,,
1568419161436984,陀螺仪,,,,,,,,-0.1449,-0.1313,-0.1208
1568419171446307,加速度计,0.5507,1.7202,-2.6594,,,,,,,
1568419181465057,加速度计,-1.0690,7.0156,3.3160,,,,,,,
1568419181474484,陀螺仪,,,,,,,,-0.2479,-0.1996,-0.1176
1568419191483807,加速度计,-0.4609,9.0034,12.8371,,,,,,,
1568419201502557,加速度计,2.9694,7.7728,7.3185,,,,,,,
1568419201511984,陀螺仪,,,,,,,,-0.1469,-0.1579,-0.1411
1568419211521307,加速度计,0.9385,2.9012,1.5012,,,,,,,
1568419221540057,加速度计,0.3424,8.1361,12.7300,,,,,,,
1568419221549484,陀螺仪,,,,,,,,-0.1935,-0.1613,-0.1397
1568419231558807,加速度计,-0.4788,9.1153,15.4833,,,,,,,
1568419241577557,加速度计,3.7463,8.3893,17.1335,,,,,,,
1568419241586984,陀螺仪,,,,,,,,0.0714,-0.1569,-0.1208
1568419251596307,加速度计,1.7903,6.3823,2.8742,,,,,,,
1568419261624484,陀螺仪,,,,,,,,0.1992,-0.0617,-0.1135
1568419261615057,加速度计,1.0409,4.8303,13.3656,,,,,,,
1568419271633807,加速度计,-0.0898,10.9523,-7.7057,,,,,,,
1568419281652557,加速度计,1.9399,8.5311,9.9485,,,,,,,
1568419281661984,陀螺仪,,,,,,,,-0.0690,-0.0603,0.0035
1568419291671307,加速度计,0.3753,6.8163,-0.4549,,,,,,,
1568419301691099,加速度计,0.8015,5.3911,11.3575,,,,,,,
1568419301702609,陀螺仪,,,,,,,,-0.0811,-0.0292,0.0959
1568419311725318,加速度计,0.8134,11.3252,9.7534,,,,,,,
1568419321729953,加速度计,0.9697,7.5076,9.9449,,,,,,,
1568419321732505,陀螺仪,,,,,,,,0.0499,0.0333,0.1435
1568419331735057,加速度计,1.2635,5.8059,6.7708,,,,,,,
1568419341741047,加速度计,-1.1001,9.6929,4.0971,,,,,,,
1568419341744641,陀螺仪,,,,,,,,0.0495,0.0385,0.1059
1568419351748339,加速度计,0.3891,6.3159,7.6998,,,,,,,
1568419361757349,加速度计,0.7105,8.1313,4.0354,,,,,,,
1568419361762818,陀螺仪,,,,,,,,0.0399,0.0477,0.1111
1568419371768495,加速度计,0.0868,8.2061,3.0017,,,,,,,
1568419381782141,加速度计,1.4269,7.9811,3.2884,,,,,,,
1568419381790109,陀螺仪,,,,,,,,-0.1260,0.0276,0.0688
1568419391798286,加速度计,-0.1850,7.9487,6.6319,,,,,,,
1568419401816932,加速度计,0.3801,5.7024,10.9840,,,,,,,
1568419401827401,陀螺仪,,,,,,,,-0.2089,0.0097,0.0563
1568419411838078,加速度计,0.9266,1.4754,8.5688,,,,,,,
1568419421861672,加速度计,0.4842,5.2361,0.9116,,,,,,,
1568419421874432,陀螺仪,,,,,,,,-0.0113,0.0257,0.0217
1568419431887297,加速度计,0.4100,6.0011,1.0020,,,,,,,
1568419441914536,加速度计,1.6927,6.1124,15.8089,,,,,,,
1568419441928755,陀螺仪,,,,,,,,-0.1369,-0.0241,0.0449
1568419451942974,加速度计,1.5874,6.5619,6.3578,,,,,,,
1568419461972193,加速度计,2.1787,4.9189,5.0135,,,,,,,
1568419461987036,陀螺仪,,,,,,,,0.0140,0.0055,-0.0503
1568419472001776,加速度计,-0.5142,4.4490,4.0707,,,,,,,
1568419482030630,加速度计,1.9944,6.4362,20.0927,,,,,,,
1568419482042557,陀螺仪,,,,,,,,0.0876,-0.0374,-0.0617
1568419492053755,加速度计,0.6584,9.9413,10.3190,,,,,,,
1568419502072505,加速度计,0.4992,8.1145,1.8729,,,,,,,
1568419502081932,陀螺仪,,,,,,,,0.3051,0.0057,-0.1226
1568419512091255,加速度计,0.7081,10.3651,-3.6099,,,,,,,
1568419522110005,加速度计,0.7883,7.1269,5.3594,,,,,,,
1568419522119432,陀螺仪,,,,,,,,-0.0731,-0.0734,-0.1068
1568419532128755,加速度计,-0.5776,9.6163,12.7360,,,,,,,
1568419542147505,加速度计,0.5997,7.0048,8.8047,,,,,,,
1568419542156932,陀螺仪,,,,,,,,-0.1332,-0.0446,-0.0668
1568419552166568,加速度计,0.9319,2.5540,9.1393,,,,,,,
1568419562189380,加速度计,-1.4443,3.1161,8.8274,,,,,,,
1568419562196724,陀螺仪,,,,,,,,-0.0385,-0.0360,-0.0449
1568419572203964,加速度计,-0.4699,5.7622,8.1391,,,,,,,
1568419582218547,加速度计,0.9565,5.5623,6.9372,,,,,,,
1568419582225891,陀螺仪,,,,,,,,0.0602,-0.0040,-0.0184
1568419592233234,加速度计,-1.9058,10.3088,-2.1769,,,,,,,
1568419602256099,陀螺仪,,,,,,,,-0.1626,-0.0787,0.0234
1568419602248339,加速度计,0.1616,7.7015,9.7288,,,,,,,
1568419612263859,加速度计,0.1107,7.5794,14.8165,,,,,,,
1568419622281880,加速度计,-0.9631,10.2400,10.4585,,,,,,,
1568419622304380,陀螺仪,,,,,,,,0.0234,0.0475,0.1125
1568419642335204,GPS,,,,31.9428,118.7880,3.2500,86.1000,,,
1568419632320839,加速度计,-0.7320,9.0082,2.5588,,,,,,,
1568419642335839,加速度计,-1.3414,6.0807,3.7721,,,,,,,
1568419642343391,陀螺仪,,,,,,,,-0.0887,0.0161,0.1634
1568419652350839,加速度计,-1.3856,5.4055,8.0050,,,,,,,
1568419662365995,加速度计,0.6865,8.6137,5.4947,,,,,,,
1568419662373755,陀螺仪,,,,,,,,-0.0667,0.0383,0.2475
1568419672381568,加速度计,-0.7021,7.8512,6.2046,,,,,,,
1568419682397557,加速度计,0.0802,5.5390,7.6381,,,,,,,
1568419682405734,陀螺仪,,,,,,,,-0.0352,0.1160,0.3163
1568419692413964,加速度计,0.7278,6.5918,5.1769,,,,,,,
1568419702430943,加速度计,-0.9559,7.1551,4.4682,,,,,,,
1568419702439745,陀螺仪,,,,,,,,0.0129,0.1784,0.3742
1568419712448755,加速度计,0.6632,6.3345,6.2028,,,,,,,
1568419722477036,陀螺仪,,,,,,,,0.0587,0.2465,0.4826
1568419722467401,加速度计,-0.1891,7.7716,10.3890,,,,,,,
1568419732486880,加速度计,-0.3394,11.2629,7.0844,,,,,,,
1568419742507036,加速度计,0.7949,6.0094,8.3222,,,,,,,
1568419742517297,陀螺仪,,,,,,,,0.1196,0.3067,0.5811
1568419752527609,加速度计,0.1963,4.6890,6.5517,,,,,,,
1568419762559276,陀螺仪,,,,,,,,0.2096,0.4004,0.6041
1568419762548599,加速度计,-0.8583,7.9996,-1.3797,,,,,,,
1568419772570005,加速度计,0.6674,10.4279,-5.0482,,,,,,,
1568419782591672,加速度计,0.3460,9.4810,7.3382,,,,,,,
1568419782602557,陀螺仪,,,,,,,,-0.1652,0.3308,0.5839
1568419792613339,加速度计,-0.0988,6.8905,21.7214,,,,,,,
1568419802646255,陀螺仪,,,,,,,,0.1101,0.4096,0.4711
1568419802635161,加速度计,-2.2601,7.0318,14.1378,,,,,,,
1568419812658339,加速度计,0.4681,10.5530,2.7815,,,,,,,
1568419822678130,加速度计,-0.9984,2.2595,-6.6421,,,,,,,
1568419822687766,陀螺仪,,,,,,,,0.0096,0.2987,0.3976
1568419832697193,加速度计,1.2103,4.1198,11.3755,,,,,,,
1568419842715943,加速度计,-0.8637,8.1900,18.5293,,,,,,,
1568419842725370,陀螺仪,,,,,,,,0.0663,0.2759,0.1786
1568419852734693,加速度计,1.7496,13.1424,3.8469,,,,,,,
1568419862753443,加速度计,-0.4190,4.8806,-8.9998,,,,,,,
1568419862762870,陀螺仪,,,,,,,,0.0198,0.2028,0.0557
1568419872772193,加速度计,2.7156,3.2388,10.0461,,,,,,,
1568419882790943,加速度计,1.1995,7.1353,14.4472,,,,,,,
1568419882800370,陀螺仪,,,,,,,,0.0236,0.1983,-0.0960
1568419892809693,加速度计,0.8619,12.2433,2.8892,,,,,,,
1568419902828443,加速度计,-0.4172,9.0058,3.2130,,,,,,,
1568419902837870,陀螺仪,,,,,,,,-0.0505,0.0796,-0.1739
1568419912847193,加速度计,1.1133,3.8020,8.2187,,,,,,,
1568419922865943,加速度计,3.2884,6.7756,17.8117,,,,,,,
1568419922875370,陀螺仪,,,,,,,,-0.0387,0.0027,-0.2550
1568419932884693,加速度计,3.2513,8.2205,16.6864,,,,,,,
1568419942903443,加速度计,1.9333,7.8644,-7.3478,,,,,,,
1568419942912870,陀螺仪,,,,,,,,0.1281,0.0398,-0.4507
1568419952922193,加速度计,-3.0921,0.4010,4.7142,,,,,,,
1568419962940943,加速度计,5.3666,8.1529,18.1732,,,,,,,
1568419962950370,陀螺仪,,,,,,,,0.0383,-0.0610,-0.4127
1568419972959693,加速度计,-1.8800,15.9681,6.6032,,,,,,,
1568419982978443,加速度计,0.9529,3.8433,-2.0207,,,,,,,
1568419982987870,陀螺仪,,,,,,,,0.0354,-0.1466,-0.5306
1568419992997193,加速度计,0.9655,-0.4471,8.6987,,,,,,,
1568420003015943,加速度计,0.3166,6.3704,12.6300,,,,,,,
1568420003025370,陀螺仪,,,,,,,,0.1495,-0.1626,-0.5671
1568420013034693,加速度计,-0.3292,15.2475,0.3849,,,,,,,
1568420023053443,加速度计,-1.7388,6.9204,1.3066,,,,,,,
1568420023062870,陀螺仪,,,,,,,,0.0142,-0.2305,-0.5759
1568420033072193,加速度计,0.4597,5.7940,2.4714,,,,,,,
1568420043090943,加速度计,0.7548,3.2292,15.4037,,,,,,,
1568420043100370,陀螺仪,,,,,,,,-0.0971,-0.2704,-0.5113
1568420053111047,加速度计,0.5171,11.6795,9.6839,,,,,,,
1568420063145891,陀螺仪,,,,,,,,0.0294,-0.2336,-0.4541
1568420063144172,加速度计,-1.2378,5.9496,11.1588,,,,,,,
1568420073147609,加速度计,1.9237,4.4825,1.2821,,,,,,,
1568420083151568,加速度计,0.4459,5.8413,7.0575,,,,,,,
1568420083153911,陀螺仪,,,,,,,,0.0409,-0.2415,-0.4103
1568420093156568,加速度计,-1.3988,9.4870,6.6696,,,,,,,
1568420103163339,加速度计,-0.0808,6.9121,10.9146,,,,,,,
1568420103167557,陀螺仪,,,,,,,,0.0095,-0.2418,-0.2896
1568420113172297,加速度计,0.9553,8.7682,3.8313,,,,,,,
1568420123183755,加速度计,0.5866,5.0560,3.0676,,,,,,,
1568420123190474,陀螺仪,,,,,,,,-0.0522,-0.2009,-0.2531
1568420133197714,加速度计,-0.6009,2.8730,8.5868,,,,,,,
1568420143214276,加速度计,-0.2927,5.2152,7.7357,,,,,,,
1568420143223703,陀螺仪,,,,,,,,0.0438,-0.1565,-0.0880
1568420153233651,加速度计,0.2466,10.1203,9.7618,,,,,,,
1568420163255526,加速度计,2.9293,8.2648,8.5491,,,,,,,
1568420163267453,陀螺仪,,,,,,,,0.0925,-0.0886,-0.0328
1568420173279797,加速度计,-1.8711,7.6435,9.8336,,,,,,,
1568420183306047,加速度计,-1.1510,6.7439,2.7222,,,,,,,
1568420183319849,陀螺仪,,,,,,,,0.1662,-0.0264,0.0585
1568420193333859,加速度计,0.9313,11.2270,-2.1338,,,,,,,
1568420203362818,加速度计,0.3921,6.5529,2.1165,,,,,,,
1568420203377661,陀螺仪,,,,,,,,-0.1027,-0.0366,0.1181
1568420213392505,加速度计,0.1742,9.0034,12.9065,,,,,,,
1568420223422505,加速度计,-0.7907,5.6653,14.8201,,,,,,,
1568420223437557,陀螺仪,,,,,,,,-0.0401,-0.0025,0.1174
1568420233450943,加速度计,1.7364,8.0804,7.2059,,,,,,,
1568420243473443,加速度计,0.2322,8.3995,4.0378,,,,,,,
1568420243482870,陀螺仪,,,,,,,,0.0506,0.0040,0.1031
1568420253492193,加速度计,0.0257,3.6272,6.3440,,,,,,,
1568420263510943,加速度计,0.6536,8.1732,4.6651,,,,,,,
1568420263520370,陀螺仪,,,,,,,,0.0712,0.0224,0.0892
1568420273529693,加速度计,-0.6351,11.2761,0.4681,,,,,,,
1568420283548443,加速度计,2.0973,4.8435,8.9483,,,,,,,
1568420283557870,陀螺仪,,,,,,,,-0.0698,0.0141,0.0931
1568420293567193,加速度计,-0.6859,8.4426,3.3645,,,,,,,
1568420303586672,加速度计,0.3053,6.8779,8.3791,,,,,,,
1568420303599068,陀螺仪,,,,,,,,-0.0872,0.0208,0.0730
1568420313608964,加速度计,1.5820,6.4123,6.5350,,,,,,,
1568420323623130,加速度计,0.2687,5.8161,9.2602,,,,,,,
1568420323630266,陀螺仪,,,,,,,,-0.0431,-0.0037,0.0399
1568420333637297,加速度计,2.0429,8.2468,9.4427,,,,,,,
1568420343658391,加速度计,1.4156,9.0962,8.4605,,,,,,,
1568420343676516,陀螺仪,,,,,,,,0.0457,0.0333,-0.0272
1568420353682922,加速度计,0.2753,6.1794,5.4731,,,,,,,
1568420363695839,加速度计,0.4100,6.7672,3.9756,,,,,,,
1568420363702453,陀螺仪,,,,,,,,0.0064,-0.0007,-0.0634
1568420373709068,加速度计,-0.1802,9.1291,7.0144,,,,,,,
1568420383722714,加速度计,1.4712,7.0611,10.6464,,,,,,,
1568420383729849,陀螺仪,,,,,,,,-0.0218,-0.0542,-0.0469
1568420393737089,加速度计,2.7396,7.9930,7.4921,,,,,,,
1568420403752297,加速度计,1.1887,5.6270,5.2846,,,,,,,
1568420403760266,陀螺仪,,,,,,,,0.0426,-0.0156,-0.1642
1568420413768339,加速度计,0.5632,4.6795,5.2702,,,,,,,
1568420423785214,加速度计,0.9553,6.1764,4.2880,,,,,,,
1568420423794120,陀螺仪,,,,,,,,0.0486,-0.0422,-0.1308
1568420433803234,加速度计,1.2851,8.8155,4.5693,,,,,,,
1568420443822193,加速度计,1.6161,8.1295,7.4747,,,,,,,
1568420443832036,陀螺仪,,,,,,,,-0.0176,-0.0328,-0.1648
1568420453841984,加速度计,0.3448,7.7614,6.5853,,,,,,,
1568420463862609,加速度计,0.9361,6.0723,7.7656,,,,,,,
1568420463873286,陀螺仪,,,,,,,,-0.0419,-0.0205,-0.1345
1568420473884068,加速度计,0.6291,6.9402,5.6126,,,,,,,
1568420483906359,加速度计,-0.0048,3.5261,10.9349,,,,,,,
1568420483917766,陀螺仪,,,,,,,,-0.0318,-0.0433,-0.1119
1568420493929172,加速度计,0.4657,8.0756,4.6837,,,,,,,
1568420503952401,加速度计,0.0772,6.7935,4.6256,,,,,,,
1568420503964120,陀螺仪,,,,,,,,-0.0462,-0.0667,-0.1577
1568420513975734,加速度计,-0.7458,6.9581,7.2610,,,,,,,
1568420523999068,加速度计,-1.1576,7.1323,11.9076,,,,,,,
1568420524010474,陀螺仪,,,,,,,,-0.0542,-0.0782,-0.1421
1568420534021464,加速度计,-0.0796,6.9737,8.9986,,,,,,,
1568420544041359,加速度计,-0.1293,7.9314,3.8571,,,,,,,
1568420544050891,陀螺仪,,,,,,,,0.0019,-0.0897,-0.1125
1568420554060214,加速度计,0.5830,4.5592,5.4522,,,,,,,
1568420564090266,陀螺仪,,,,,,,,-0.0194,-0.0818,-0.0941
1568420564086672,加速度计,0.3777,5.5420,8.9388,,,,,,,
1568420574093911,加速度计,0.4357,6.8378,12.6348,,,,,,,
1568420584105943,陀螺仪,,,,,,,,0.1296,-0.0342,-0.0779
1568420584101724,加速度计,0.7236,8.1822,8.7364,,,,,,,
1568420594111620,加速度计,1.0529,6.9647,0.8074,,,,,,,
1568420604160370,陀螺仪,,,,,,,,0.0100,-0.0866,-0.1245
1568420604145526,加速度计,-0.6835,7.2149,-0.4938,,,,,,,
1568420614173807,加速度计,-1.5473,7.0515,6.4404,,,,,,,
1568420624196203,加速度计,-0.5022,9.0028,6.9192,,,,,,,
1568420639176974,GPS,,,,31.9428,118.7881,2.4600,87.6000,,,
1568420624213547,陀螺仪,,,,,,,,-0.0839,-0.1200,-0.0582
1568420634215370,加速度计,0.6800,7.4430,10.2610,,,,,,,
1568420644219432,加速度计,-0.0174,6.6816,10.4250,,,,,,,
1568420644221776,陀螺仪,,,,,,,,-0.0208,-0.0766,-0.0133
1568420654224224,加速度计,0.0694,7.8015,7.7931,,,,,,,
1568420664230474,加速度计,0.4752,7.5830,5.3283,,,,,,,
1568420664234380,陀螺仪,,,,,,,,0.0250,-0.0112,0.0340
1568420674238703,加速度计,-0.8727,8.3288,2.5540,,,,,,,
1568420684249016,加速度计,0.0706,4.5639,8.7179,,,,,,,
1568420684255109,陀螺仪,,,,,,,,-0.0959,-0.0438,0.1385
1568420694261724,加速度计,1.3449,7.5375,7.7470,,,,,,,
1568420704276932,加速度计,0.9128,7.8231,10.0317,,,,,,,
1568420704285526,陀螺仪,,,,,,,,0.0060,0.0506,0.1362
1568420714294641,加速度计,-1.2426,7.8697,8.3151,,,,,,,
1568420724314849,加速度计,-2.4092,6.9647,4.9470,,,,,,,
1568420724325943,陀螺仪,,,,,,,,0.0686,0.0928,0.2040
1568420734337557,加速度计,-1.5568,8.5329,2.4912,,,,,,,
1568420744362453,加速度计,-0.9697,7.3795,10.1700,,,,,,,
1568420755919214,GPS,,,,31.9428,118.7880,3.2500,86.1000,,,
1568420744375630,陀螺仪,,,,,,,,-0.0052,0.0463,0.3001
1568420754389120,加速度计,-1.1558,9.0267,9.8575,,,,,,,
1568420764417141,加速度计,-0.4579,7.4537,13.7625,,,,,,,
1568420764431568,陀螺仪,,,,,,,,0.1257,0.0971,0.3537
1568420774446099,加速度计,-0.6788,8.1038,3.5871,,,,,,,
1568420784475578,加速度计,-0.6117,6.1896,-4.3987,,,,,,,
1568420784490422,陀螺仪,,,,,,,,0.1326,0.1237,0.4033
1568420794505161,加速度计,-0.3508,7.2478,0.0964,,,,,,,
1568420804531932,加速度计,2.1350,7.6112,11.8124,,,,,,,
1568420804543130,陀螺仪,,,,,,,,-0.0348,0.1467,0.4101
1568420814552453,加速度计,-1.3779,10.2364,11.0576,,,,,,,
1568420824571203,加速度计,0.2370,9.6756,5.2816,,,,,,,
1568420824580630,陀螺仪,,,,,,,,0.0598,0.2039,0.4029
1568420834589953,加速度计,-0.7973,5.2660,6.3404,,,,,,,
1568420844608703,加速度计,0.4992,4.5496,11.2605,,,,,,,
1568420844620839,陀螺仪,,,,,,,,0.0631,0.1949,0.3979
1568420854634797,加速度计,0.0012,10.8391,9.5780,,,,,,,
1568420864650474,陀螺仪,,,,,,,,0.1517,0.2250,0.3310
1568420864645214,加速度计,0.1712,7.7482,8.3366,,,,,,,
1568420874655734,加速度计,-0.5525,6.5128,1.1672,,,,,,,
1568420884672661,陀螺仪,,,,,,,,0.0589,0.1410,0.2715
1568420884666776,加速度计,0.0126,5.4055,0.0012,,,,,,,
1568420894678651,加速度计,2.4277,6.1130,6.4572,,,,,,,
1568420904691464,加速度计,-0.7278,7.5046,10.7949,,,,,,,
1568420904698391,陀螺仪,,,,,,,,0.0615,0.0931,0.0656
1568420914705526,加速度计,-1.1384,8.0337,5.6365,,,,,,,
1568420924720943,加速度计,0.4615,8.8436,0.4741,,,,,,,
1568420924729328,陀螺仪,,,,,,,,0.0623,0.0020,-0.0517
1568420934738026,加速度计,1.2175,6.6194,2.8934,,,,,,,
1568420944756776,加速度计,0.9738,6.9390,8.0044,,,,,,,
1568420944766828,陀螺仪,,,,,,,,-0.0648,-0.1270,-0.2651
1568420954777089,加速度计,0.0760,7.5399,10.3771,,,,,,,
1568420964798651,加速度计,1.4557,7.6435,10.7434,,,,,,,
1568420964809953,陀螺仪,,,,,,,,0.0390,-0.1820,-0.3739
1568420974821464,加速度计,1.5526,7.3508,6.0807,,,,,,,
1568420984845422,加速度计,2.0219,6.4045,5.0332,,,,,,,
1568420984857766,陀螺仪,,,,,,,,0.0972,-0.2132,-0.4357
1568420994870109,加速度计,-0.1790,8.6072,-0.1347,,,,,,,
1568421004895214,加速度计,-0.0275,5.0188,10.5177,,,,,,,
1568421004907974,陀螺仪,,,,,,,,-0.0474,-0.2907,-0.4181
1568421014920630,加速度计,1.9363,8.4821,7.1874,,,,,,,
1568421024945839,加速度计,1.0654,8.0499,5.4719,,,,,,,
1568421024958182,陀螺仪,,,,,,,,-0.0386,-0.2586,-0.3684
1568421034969068,加速度计,1.0523,8.8418,3.7948,,,,,,,
1568421044997557,陀螺仪,,,,,,,,-0.1498,-0.2266,-0.2674
1568421044988130,加速度计,0.5094,4.5113,11.0079,,,,,,,
1568421055006880,加速度计,0.4543,5.6377,10.3256,,,,,,,
1568421065035057,陀螺仪,,,,,,,,-0.0280,-0.1522,-0.1541
1568421065025630,加速度计,0.1724,6.6379,9.4391,,,,,,,
1568421075044380,加速度计,-0.9307,5.9508,5.6653,,,,,,,
1568421085063130,加速度计,-0.2119,5.9927,4.7178,,,,,,,
1568421085072557,陀螺仪,,,,,,,,-0.0193,-0.1241,-0.0318
1568421095082297,加速度计,-1.5616,7.5106,5.4193,,,,,,,
1568421105105005,加速度计,-1.9519,6.7971,9.1937,,,,,,,
1568421105112349,陀螺仪,,,,,,,,-0.0490,-0.0883,0.0900
1568421115119589,加速度计,-0.3352,8.7783,5.7305,,,,,,,
1568421125141516,陀螺仪,,,,,,,,-0.0716,-0.0467,0.1575
1568421125134172,加速度计,0.1185,5.6431,8.9364,,,,,,,
1568421135148859,加速度计,-0.9319,8.8819,2.5139,,,,,,,
1568421145171724,陀螺仪,,,,,,,,-0.1477,-0.0224,0.2545
1568421145163964,加速度计,-1.1343,5.6563,11.5245,,,,,,,
1568421155179484,加速度计,0.2185,6.9151,9.1016,,,,,,,
1568421165203911,陀螺仪,,,,,,,,-0.0507,0.0341,0.3031
1568421165195526,加速度计,-0.2215,6.6224,7.5555,,,,,,,
1568421175212401,加速度计,-0.7632,5.4360,1.1612,,,,,,,
1568421185230109,加速度计,-0.0551,4.5322,4.3838,,,,,,,
1568421185239328,陀螺仪,,,,,,,,-0.1120,0.0527,0.3736
1568421195248651,加速度计,0.3615,6.8271,10.4220,,,,,,,
1568421205278078,陀螺仪,,,,,,,,-0.0075,0.1289,0.4226
1568421205268026,加速度计,0.1544,7.0348,11.3132,,,,,,,
1568421215288234,加速度计,0.4256,9.6163,4.7615,,,,,,,
1568421225309172,加速度计,-0.3106,6.2752,5.1188,,,,,,,
1568421225319849,陀螺仪,,,,,,,,-0.0020,0.1372,0.4049
1568421235330526,加速度计,-0.5249,6.8893,3.9259,,,,,,,
1568421245363391,陀螺仪,,,,,,,,-0.0338,0.1426,0.4380
1568421245352297,加速度计,0.5764,9.3488,7.0545,,,,,,,
1568421255374380,加速度计,1.3946,8.7311,8.1642,,,,,,,
1568421265396464,加速度计,-0.5656,7.0575,8.7640,,,,,,,
1568421265407557,陀螺仪,,,,,,,,-0.0281,0.1826,0.3449
1568421275418547,加速度计,0.0186,6.5050,4.1982,,,,,,,
1568421285451411,陀螺仪,,,,,,,,-0.0391,0.1535,0.3165
1568421285440526,加速度计,1.4329,6.7780,2.5013,,,,,,,
1568421295461464,加速度计,0.5046,6.2004,3.3309,,,,,,,
1568421305489641,陀螺仪,,,,,,,,-0.1052,0.1284,0.2609
1568421305480214,加速度计,-0.0060,6.5553,8.1505,,,,,,,
1568421315498964,加速度计,1.8202,7.6357,7.8278,,,,,,,
1568421325517714,加速度计,0.9726,7.8039,8.6042,,,,,,,
1568421325527141,陀螺仪,,,,,,,,-0.0506,0.1200,0.1450
1568421335536464,加速度计,1.2444,6.6996,8.2786,,,,,,,
1568421345556776,加速度计,1.3467,7.7686,6.3177,,,,,,,
1568421345572922,陀螺仪,,,,,,,,-0.0140,0.0880,0.0454
1568421355592297,加速度计,1.0116,7.7195,5.6102,,,,,,,
1568421365588339,加速度计,2.1793,5.7844,6.0867,,,,,,,
1568421365586724,陀螺仪,,,,,,,,-0.0426,0.0647,-0.0266
1568421375585422,加速度计,1.9698,7.4148,8.4330,,,,,,,
1568421385584849,陀螺仪,,,,,,,,-0.0345,0.0562,-0.0979
1568421385584380,加速度计,1.5155,7.5046,8.0942,,,,,,,
1568421395585943,加速度计,2.3643,7.6579,8.0146,,,,,,,
1568421405594120,陀螺仪,,,,,,,,-0.0119,0.0216,-0.1589
1568421405590526,加速度计,1.8340,6.9719,5.9137,,,,,,,
1568421415598547,加速度计,1.7274,6.4446,4.8309,,,,,,,
1568421425610422,加速度计,1.5167,7.8266,4.5657,,,,,,,
1568421425617974,陀螺仪,,,,,,,,-0.0374,0.0158,-0.1802
1568421435626464,加速度计,1.3647,7.8907,11.3563,,,,,,,
1568421445646568,加速度计,2.7456,7.2478,10.8056,,,,,,,
1568421445658078,陀螺仪,,,,,,,,-0.0103,0.0309,-0.2158
1568421455670318,加速度计,1.4323,7.3029,3.4614,,,,,,,
1568421465697297,加速度计,0.6788,5.3504,5.0266,,,,,,,
1568421465711932,陀螺仪,,,,,,,,0.0008,0.0146,-0.2494
1568421475727089,加速度计,1.3898,5.9568,7.7399,,,,,,,
1568421485759276,加速度计,1.2121,7.2036,8.8346,,,,,,,
1568421485776203,陀螺仪,,,,,,,,0.0601,0.0049,-0.2318
1568421495793339,加速度计,2.0027,9.0411,1.1833,,,,,,,
1568421505828443,加速度计,1.1091,6.4380,-0.0221,,,,,,,
1568421505846203,陀螺仪,,,,,,,,-0.0630,0.0012,-0.2771
1568421515863859,加速度计,-0.4555,5.8586,5.4360,,,,,,,
1568421525906099,陀螺仪,,,,,,,,-0.1467,-0.0290,-0.1707
1568421525895630,加速度计,-0.6853,6.0783,10.8595,,,,,,,
1568421535915943,加速度计,0.9637,5.6144,14.7968,,,,,,,
1568421545944120,陀螺仪,,,,,,,,-0.0036,0.0003,-0.1567
1568421545934693,加速度计,1.4964,9.1877,3.8511,,,,,,,
1568421555953443,加速度计,1.6981,5.4001,10.2448,,,,,,,
1568421565972193,加速度计,-0.9140,7.4747,6.2130,,,,,,,
1568421565981620,陀螺仪,,,,,,,,0.0249,0.0212,-0.1929
1568421575990943,加速度计,-0.2059,6.4643,8.7562,,,,,,,
1568421586019120,陀螺仪,,,,,,,,0.0364,0.0019,-0.1392
1568421586009693,加速度计,1.0726,7.1838,3.8002,,,,,,,
1568421596029380,加速度计,-0.1742,5.0554,4.7734,,,,,,,
1568421606058703,陀螺仪,,,,,,,,-0.0109,-0.0224,-0.1244
1568421606053026,加速度计,-0.8140,6.2363,4.9763,,,,,,,
1568421616064276,加速度计,1.4964,6.6690,9.6331,,,,,,,
1568421626078443,加速度计,-0.5543,8.7777,10.0963,,,,,,,
1568421626091620,陀螺仪,,,,,,,,0.0120,-0.0186,-0.1453
1568421636104693,加速度计,1.1187,6.8744,6.9354,,,,,,,
1568421643739891,GPS,,,,31.9428,118.7881,3.1300,90.6000,,,
1568421646124276,加速度计,0.9337,8.4168,3.1873,,,,,,,
1568421646133703,陀螺仪,,,,,,,,-0.0113,-0.0344,-0.1513
1568421656143026,加速度计,0.1664,5.6934,10.4459,,,,,,,
1568421666161776,加速度计,-0.9798,7.1874,9.5924,,,,,,,
1568421676180526,加速度计,0.0461,8.4479,0.8392,,,,,,,
1568421666171203,陀螺仪,,,,,,,,0.0387,-0.0246,-0.1341
1568421686199276,加速度计,0.3244,5.6377,10.9439,,,,,,,
1568421686208703,陀螺仪,,,,,,,,-0.0522,-0.1384,-0.1534
1568421696218026,加速度计,0.2556,7.0030,15.4444,,,,,,,
1568421706236776,加速度计,-0.3567,8.6090,7.3502,,,,,,,
1568421706246203,陀螺仪,,,,,,,,0.1852,-0.0706,-0.1915
1568421716255526,加速度计,1.3569,10.2047,-1.5191,,,,,,,
1568421726274276,加速度计,-0.7266,5.9286,-0.6788,,,,,,,
1568421726283703,陀螺仪,,,,,,,,-0.0270,-0.1467,-0.2318
1568421736293026,加速度计,-1.9046,4.8369,8.3647,,,,,,,
1568421746311776,加速度计,0.5698,10.1412,10.0078,,,,,,,
1568421746321203,陀螺仪,,,,,,,,-0.0373,-0.1410,-0.0634
1568421756330526,加速度计,1.3623,10.0293,9.7582,,,,,,,
1568421766349276,加速度计,1.3551,5.1966,6.6307,,,,,,,
1568421766358703,陀螺仪,,,,,,,,0.0079,-0.0146,-0.0115
1568421776368026,加速度计,-0.8326,4.9452,2.3230,,,,,,,
1568421786386776,加速度计,-1.3198,5.4857,4.8596,,,,,,,
1568421786396203,陀螺仪,,,,,,,,-0.0439,-0.0045,0.1252
1568421796405526,加速度计,0.1119,6.8331,10.3076,,,,,,,
1568421806424276,加速度计,0.1700,6.3770,11.4676,,,,,,,
1568421806433703,陀螺仪,,,,,,,,0.0852,0.0951,0.2510
1568421816443026,加速度计,-0.5950,9.0333,3.1184,,,,,,,
1568421826461776,加速度计,-0.2705,7.3819,9.1363,,,,,,,
1568421826471203,陀螺仪,,,,,,,,0.0654,0.1208,0.3186
1568421836480526,加速度计,-0.5064,7.7818,5.5001,,,,,,,
1568421846499276,加速度计,-0.4627,9.2302,4.5514,,,,,,,
1568421846510891,陀螺仪,,,,,,,,0.0330,0.1402,0.3626
1568421856521776,加速度计,-0.6069,7.3993,4.4161,,,,,,,
1568421866540526,加速度计,-2.0494,3.9145,8.3145,,,,,,,
1568421866549953,陀螺仪,,,,,,,,-0.0253,0.1409,0.3776
1568421876559276,加速度计,-0.6524,7.6848,4.3269,,,,,,,
1568421886587453,陀螺仪,,,,,,,,-0.0144,0.1202,0.3923
1568421886578026,加速度计,-1.0475,5.5019,4.4293,,,,,,,
1568421896596776,加速度计,-0.4758,8.5293,11.3539,,,,,,,
1568421906624953,陀螺仪,,,,,,,,0.0533,0.1419,0.3916
1568421906615526,加速度计,-2.1560,7.9637,15.8221,,,,,,,
1568421916634276,加速度计,0.9278,7.4735,13.8666,,,,,,,
1568421926662453,陀螺仪,,,,,,,,0.3040,0.2437,0.4439
1568421926653026,加速度计,-2.1985,11.8178,-10.7087,,,,,,,
1568421936671776,加速度计,1.8501,1.3838,-3.6907,,,,,,,
1568421946699953,陀螺仪,,,,,,,,-0.1909,0.1178,0.3935
1568421946690526,加速度计,0.2987,8.1169,21.9782,,,,,,,
1568421956709276,加速度计,-1.4754,11.2216,16.0872,,,,,,,
1568421966737453,陀螺仪,,,,,,,,0.1374,0.2890,0.4285
1568421966728026,加速度计,-0.0886,8.6227,-5.7186,,,,,,,
1568421976746776,加速度计,1.5467,1.9638,5.7180,,,,,,,
1568421986765526,加速度计,1.2432,11.5628,3.4668,,,,,,,
1568421986774953,陀螺仪,,,,,,,,-0.0284,0.2426,0.3430
1568421996784276,加速度计,1.0558,7.6166,10.5734,,,,,,,
1568422006803026,加速度计,-0.7757,5.9532,11.1121,,,,,,,
1568422006812453,陀螺仪,,,,,,,,-0.0313,0.2494,0.2883
1568422016821776,加速度计,-0.8242,5.3457,7.9685,,,,,,,
1568422026849953,陀螺仪,,,,,,,,0.0595,0.2181,0.2344
1568422026840526,加速度计,2.0387,7.1976,4.4365,,,,,,,
1568422036859276,加速度计,1.0822,7.7267,6.5086,,,,,,,
1568422046887453,陀螺仪,,,,,,,,0.0209,0.1888,0.1150
1568422046878026,加速度计,-0.2981,6.5404,7.7662,,,,,,,
1568422056896776,加速度计,-0.1221,5.4265,9.9120,,,,,,,
1568422066924953,陀螺仪,,,,,,,,0.1025,0.1670,0.0886
1568422066915526,加速度计,-0.3597,8.3480,5.8377,,,,,,,
1568422076934276,加速度计,1.5395,7.3287,4.5388,,,,,,,
1568422086973807,加速度计,0.8230,6.9857,3.6757,,,,,,,
1568422086983443,陀螺仪,,,,,,,,0.0357,0.1061,-0.0382
1568422096979641,加速度计,0.2867,6.4326,6.2351,,,,,,,
1568422106978547,加速度计,-0.6165,7.5908,7.1611,,,,,,,
1568422106979641,陀螺仪,,,,,,,,-0.0198,0.0523,-0.1248
1568422116981464,加速度计,0.6357,6.6433,9.4218,,,,,,,
1568422126986255,加速度计,1.2641,6.2112,7.7740,,,,,,,
1568422126989224,陀螺仪,,,,,,,,0.0157,0.0302,-0.1972
1568422136993339,加速度计,0.4435,6.4015,7.0461,,,,,,,
1568422147003130,加速度计,-0.9421,6.6529,6.9707,,,,,,,
1568422147008807,陀螺仪,,,,,,,,0.0213,-0.0300,-0.2426
1568422157015839,加速度计,2.4104,5.3959,7.5022,,,,,,,
1568422167031464,加速度计,0.6069,7.5693,4.1928,,,,,,,
1568422167040057,陀螺仪,,,,,,,,0.0539,-0.0497,-0.3153
1568422177050005,加速度计,0.4986,8.6520,3.4973,,,,,,,
1568422187071464,加速度计,0.8212,7.0820,9.2290,,,,,,,
1568422187082974,陀螺仪,,,,,,,,-0.0802,-0.1184,-0.3792
1568422197095630,加速度计,-0.1024,8.5778,6.3776,,,,,,,
1568422207122089,加速度计,0.5231,4.4059,4.6687,,,,,,,
1568422207135891,陀螺仪,,,,,,,,-0.1226,-0.1815,-0.4175
1568422217150422,加速度计,1.8274,4.5544,6.0017,,,,,,,
1568422227180214,加速度计,1.0852,6.6086,9.7252,,,,,,,
1568422227195474,陀螺仪,,,,,,,,-0.1394,-0.2278,-0.4554
1568422237211047,加速度计,1.6574,9.0884,13.5266,,,,,,,
1568422247242505,加速度计,0.5387,7.1150,7.6956,,,,,,,
1568422247258391,陀螺仪,,,,,,,,0.0024,-0.2027,-0.4802
1568422257273547,加速度计,1.1588,6.0148,1.7136,,,,,,,
1568422267307974,陀螺仪,,,,,,,,-0.0772,-0.2606,-0.4201
1568422267298339,加速度计,0.4016,6.3327,8.5659,,,,,,,
1568422277317297,加速度计,0.4256,8.1636,11.9596,,,,,,,
1568422287336047,加速度计,1.8280,9.4296,8.7340,,,,,,,
1568422287345474,陀螺仪,,,,,,,,0.0581,-0.2173,-0.3981
1568422297354797,加速度计,1.2695,7.7644,2.3511,,,,,,,
1568422307382974,陀螺仪,,,,,,,,-0.0345,-0.2060,-0.3591
1568422307373547,加速度计,0.5549,4.0031,1.7077,,,,,,,
1568422317392297,加速度计,-0.4298,7.8350,5.6060,,,,,,,
1568422327420474,陀螺仪,,,,,,,,-0.0678,-0.1750,-0.2177
1568422327411047,加速度计,-0.4477,9.3356,11.1103,,,,,,,
1568422337429797,加速度计,1.0936,6.9587,8.0822,,,,,,,
1568422347450839,加速度计,0.9427,8.2271,1.2402,,,,,,,
1568422347470734,陀螺仪,,,,,,,,-0.0453,-0.1039,-0.1047
1568422357507505,加速度计,0.0802,6.9803,6.5930,,,,,,,
1568422367567401,加速度计,-0.0527,5.6587,11.1971,,,,,,,
1568422367531411,陀螺仪,,,,,,,,-0.0746,-0.0559,-0.0008
1568422377495734,加速度计,-0.4322,7.3352,5.2104,,,,,,,
1568422387427818,加速度计,0.4447,6.7977,3.6242,,,,,,,
1568422387396828,陀螺仪,,,,,,,,-0.0409,-0.0268,0.0932
1568422397366932,加速度计,0.5130,5.3648,5.8311,,,,,,,
1568422407315943,加速度计,0.5872,7.1401,6.9049,,,,,,,
1568422407295786,陀螺仪,,,,,,,,-0.0418,-0.0188,0.0796
1568422417277297,加速度计,0.1873,9.0830,3.2064,,,,,,,
1568422427252974,加速度计,0.8595,6.3889,6.1723,,,,,,,
1568422427247609,陀螺仪,,,,,,,,-0.1113,-0.0104,0.0662
1568422437244120,加速度计,-0.7733,5.1781,11.1791,,,,,,,
1568422447251099,加速度计,-0.8326,6.7702,11.6221,,,,,,,
1568422447261568,陀螺仪,,,,,,,,-0.0124,-0.0174,0.1131
1568422457273807,加速度计,2.1422,7.8500,6.7439,,,,,,,
1568422467311359,加速度计,1.4347,7.5232,4.0935,,,,,,,
1568422467336203,陀螺仪,,,,,,,,0.0278,0.0049,0.0370
1568422477362453,加速度计,-1.9585,6.0980,11.2486,,,,,,,
1568422487425370,加速度计,0.1622,7.4831,12.4241,,,,,,,
1568422487461255,陀螺仪,,,,,,,,0.0912,-0.0326,0.0984
1568422497497974,加速度计,2.0961,8.5377,10.0658,,,,,,,
1568422507577714,加速度计,0.5674,6.3327,4.9734,,,,,,,
1568422507619641,陀螺仪,,,,,,,,0.2337,0.0068,0.0541
1568422517661724,加速度计,0.1251,8.0978,-0.9415,,,,,,,
1568422527745630,加速度计,-0.0347,8.5772,-2.0943,,,,,,,
1568422527780891,陀螺仪,,,,,,,,0.0366,-0.0551,0.0447
1568422537809589,加速度计,0.9146,7.8685,6.4853,,,,,,,
1568422547828339,加速度计,-0.4094,6.6439,13.7499,,,,,,,
1568422547837766,陀螺仪,,,,,,,,-0.0482,-0.0395,0.0739
1568422557847089,加速度计,-0.4980,8.2510,12.5007,,,,,,,
1568422567865839,加速度计,0.0557,9.7683,5.4881,,,,,,,
1568422567875266,陀螺仪,,,,,,,,0.1024,0.0471,0.1346
1568422577884589,加速度计,0.1149,5.4857,3.1394,,,,,,,
1568422587903339,加速度计,-0.8356,4.8997,1.4958,,,,,,,
1568422587912766,陀螺仪,,,,,,,,-0.0047,0.0063,0.1473
1568422597922818,加速度计,-0.1413,6.7642,1.7681,,,,,,,
1568422607945057,加速度计,0.0209,6.7223,7.7411,,,,,,,
1568422607951568,陀螺仪,,,,,,,,-0.1415,-0.0265,0.1792
1568422617957974,加速度计,1.4096,6.5206,12.4080,,,,,,,
1568422627987141,加速度计,-0.4609,6.7505,15.6246,,,,,,,
1568422627992609,陀螺仪,,,,,,,,0.0020,0.0513,0.1599
1568422646482442,GPS,,,,31.9428,118.7881,3.8200,85.8000,,,
1568422637997974,加速度计,0.1239,8.0122,9.2279,,,,,,,
1568422648008859,加速度计,0.4770,8.2390,2.3020,,,,,,,
1568422648014536,陀螺仪,,,,,,,,0.0984,0.0728,0.2222
1568422658020214,加速度计,2.0117,4.6448,1.9806,,,,,,,
1568422668032401,加速度计,0.1137,5.9681,2.9862,,,,,,,
1568422668038911,陀螺仪,,,,,,,,-0.0631,0.0547,0.1449
1568422678045474,加速度计,0.4752,4.3347,10.6416,,,,,,,
1568422688059797,加速度计,0.5776,6.7906,11.8028,,,,,,,
1568422688067557,陀螺仪,,,,,,,,0.0180,0.1210,0.2193
1568422698075370,加速度计,0.7350,6.3788,8.8298,,,,,,,
1568422708092245,加速度计,1.8304,6.6625,5.4612,,,,,,,
1568422708101464,陀螺仪,,,,,,,,0.1021,0.2000,0.2874
1568422718110734,加速度计,-0.9260,7.6914,9.6977,,,,,,,
1568422728130474,加速度计,1.3797,7.6076,11.1175,,,,,,,
1568422728140943,陀螺仪,,,,,,,,0.1369,0.2414,0.3479
1568422738151464,加速度计,1.3108,8.5581,2.9161,,,,,,,
1568422748173703,加速度计,-1.3078,6.0669,3.6512,,,,,,,
1568422748185422,陀螺仪,,,,,,,,0.0844,0.2577,0.3304
1568422758197141,加速度计,1.5119,6.2118,0.4495,,,,,,,
1568422768221359,加速度计,-0.1257,9.5152,2.5809,,,,,,,
1568422768233703,陀螺仪,,,,,,,,-0.1012,0.2322,0.2820
1568422778245995,加速度计,0.2227,8.3510,11.5933,,,,,,,
1568422788270995,加速度计,-1.4772,6.6331,19.8910,,,,,,,
1568422788283547,陀螺仪,,,,,,,,-0.0866,0.2435,0.2471
1568422798295995,加速度计,-0.5387,7.8099,12.9161,,,,,,,
1568422808320318,加速度计,1.6622,6.2363,5.7778,,,,,,,
1568422808330161,陀螺仪,,,,,,,,0.1518,0.3073,0.2961
1568422818339849,加速度计,0.8691,6.0855,-0.5561,,,,,,,
1568422828358964,加速度计,1.6167,7.1916,-0.3496,,,,,,,
1568422828368391,陀螺仪,,,,,,,,0.0270,0.2322,0.1213
1568422838377714,加速度计,-1.3545,9.8084,1.4892,,,,,,,
1568422848396984,加速度计,-0.0120,9.9814,8.7837,,,,,,,
1568422848410630,陀螺仪,,,,,,,,-0.1457,0.0814,0.0009
1568422858417870,加速度计,1.2725,6.0053,15.2223,,,,,,,
1568422868439797,陀螺仪,,,,,,,,0.0266,0.1481,-0.0695
1568422868432453,加速度计,-0.5130,5.5282,11.1139,,,,,,,
1568422878447036,加速度计,0.6399,6.2477,4.0821,,,,,,,
1568422888469380,陀螺仪,,,,,,,,0.0634,0.1065,-0.1111
1568422888461828,加速度计,0.6985,3.8349,5.0805,,,,,,,
1568422898477036,加速度计,0.7165,6.7271,2.7402,,,,,,,
1568422908492661,加速度计,0.3053,7.1527,6.0077,,,,,,,
1568422908500630,陀螺仪,,,,,,,,0.0107,0.0116,-0.2186
1568422918508911,加速度计,1.4329,8.2827,6.9204,,,,,,,
1568422928534797,陀螺仪,,,,,,,,-0.0260,-0.0378,-0.3151
1568422928525995,加速度计,-0.0186,7.5788,10.2604,,,,,,,
1568422938543911,加速度计,-0.2777,4.3383,8.6149,,,,,,,
1568422948572297,陀螺仪,,,,,,,,0.0337,-0.0860,-0.3485
1568422948562661,加速度计,1.5395,7.5046,0.0449,,,,,,,
1568422958582245,加速度计,0.8092,5.0691,7.6537,,,,,,,
1568422968602661,加速度计,-0.2083,10.0718,10.6757,,,,,,,
1568422968613130,陀螺仪,,,,,,,,-0.0257,-0.1507,-0.4132
1568422978623703,加速度计,-0.7159,5.9747,13.3495,,,,,,,
1568422988656047,陀螺仪,,,,,,,,0.1071,-0.1738,-0.4029
1568422988645161,加速度计,2.9149,8.4180,2.6839,,,,,,,
1568422998667036,加速度计,1.7208,6.1399,4.7040,,,,,,,
1568423008700214,陀螺仪,,,,,,,,0.0538,-0.1732,-0.4579
1568423008689120,加速度计,0.8673,6.5733,10.2089,,,,,,,
1568423018711203,加速度计,0.7470,9.9126,2.9670,,,,,,,
1568423028733286,加速度计,-0.7296,7.6201,-0.2819,,,,,,,
1568423028744380,陀螺仪,,,,,,,,-0.0575,-0.2011,-0.4205
1568423038755161,加速度计,0.2149,4.0420,8.4443,,,,,,,
1568423048785214,陀螺仪,,,,,,,,-0.0330,-0.1832,-0.2863
1568423048775578,加速度计,0.2963,6.6972,11.8232,,,,,,,
1568423058794536,加速度计,2.0518,9.1590,7.7901,,,,,,,
1568423068822714,陀螺仪,,,,,,,,0.0660,-0.0909,-0.2680
1568423068813286,加速度计,0.2789,8.2552,4.4293,,,,,,,
1568423078832036,加速度计,0.0353,5.9927,-1.2157,,,,,,,
1568423088860214,陀螺仪,,,,,,,,-0.1742,-0.1469,-0.1819
1568423088850786,加速度计,-1.5939,8.6413,4.3640,,,,,,,
1568423098872870,加速度计,-0.9481,9.8491,17.9074,,,,,,,
1568423108902193,加速度计,0.9122,7.2251,12.8186,,,,,,,
1568423108898703,陀螺仪,,,,,,,,-0.0493,-0.0553,-0.0168
1568423118895526,加速度计,-1.3503,6.1190,9.5499,,,,,,,
1568423128890109,加速度计,0.4878,3.9887,4.6483,,,,,,,
1568423128887870,陀螺仪,,,,,,,,0.0740,-0.0108,0.0503
1568423138886776,加速度计,0.3376,5.9358,2.8395,,,,,,,
1568423148886359,加速度计,0.6123,7.5944,2.6384,,,,,,,
1568423148887036,陀螺仪,,,,,,,,0.0007,0.0005,0.0302
1568423158889693,加速度计,-1.0511,7.4136,7.4962,,,,,,,
1568423168897401,加速度计,-1.3300,5.2277,8.1726,,,,,,,
1568423168902453,陀螺仪,,,,,,,,-0.0470,0.0123,0.1413
1568423178909693,加速度计,0.5213,7.5615,9.9724,,,,,,,
1568423188926568,加速度计,-0.5399,6.6469,11.3838,,,,,,,
1568423188936203,陀螺仪,,,,,,,,0.0489,0.0806,0.2277
1568423198947818,加速度计,-1.3886,6.9234,5.3959,,,,,,,
1568423208973234,加速度计,0.5944,6.8510,-0.6626,,,,,,,
1568423208987036,陀螺仪,,,,,,,,0.0402,0.0858,0.2256
1568423219002401,加速度计,-2.3601,7.1646,3.7930,,,,,,,
1568423229034693,加速度计,-0.6075,5.9969,14.1001,,,,,,,
1568423229051620,陀螺仪,,,,,,,,-0.0895,0.0457,0.2611
1568423239069484,加速度计,0.0814,6.3865,12.9873,,,,,,,
1568423249105943,加速度计,-1.7292,8.1600,0.9756,,,,,,,
1568423249124536,陀螺仪,,,,,,,,0.1044,0.1486,0.2482
1568423259143443,加速度计,0.1664,6.5721,-1.8974,,,,,,,
1568423269181359,加速度计,-0.2622,4.4490,11.4533,,,,,,,
1568423269200370,陀螺仪,,,,,,,,-0.1475,0.0498,0.2107
1568423279210526,加速度计,-1.5820,6.3632,14.9201,,,,,,,
1568423289230109,加速度计,1.7358,10.0030,4.0516,,,,,,,
1568423289239536,陀螺仪,,,,,,,,0.0262,0.0905,0.2329
1568423299248859,加速度计,1.1504,6.5847,2.5744,,,,,,,
1568423309267609,加速度计,0.2508,3.7559,10.1784,,,,,,,
1568423309277036,陀螺仪,,,,,,,,-0.1141,0.0671,0.1659
1568423319286359,加速度计,0.2699,6.0879,14.6800,,,,,,,
1568423329314536,陀螺仪,,,,,,,,0.1177,0.1209,0.1650
1568423329305109,加速度计,1.2288,9.7648,11.6442,,,,,,,
1568423339323859,加速度计,1.0020,6.8696,4.6777,,,,,,,
1568423349344693,加速度计,1.0289,5.8598,-0.9744,,,,,,,
1568423349366151,陀螺仪,,,,,,,,0.1296,0.1217,0.0875
1568423359369016,加速度计,0.9140,7.9206,-2.6809,,,,,,,
1568423369375057,加速度计,0.5519,7.6315,11.5712,,,,,,,
1568423369378234,陀螺仪,,,,,,,,-0.1144,0.0052,0.0057
1568423379381724,加速度计,0.6075,7.8027,15.4576,,,,,,,
1568423389389432,加速度计,0.3406,7.6668,6.9947,,,,,,,
1568423389393651,陀螺仪,,,,,,,,0.0980,0.0832,-0.0127
1568423399398599,加速度计,1.1343,10.2047,-2.8024,,,,,,,
1568423409415734,陀螺仪,,,,,,,,-0.1232,-0.0324,-0.1201
1568423409409641,加速度计,1.0517,5.6234,9.7163,,,,,,,
1568423419422766,加速度计,-0.2855,6.8414,12.2667,,,,,,,
1568423429446151,陀螺仪,,,,,,,,0.0198,-0.0198,-0.1722
1568423429437974,加速度计,0.8577,8.6646,5.4534,,,,,,,
1568423439455266,加速度计,1.3479,5.2218,3.3028,,,,,,,
1568423449484901,陀螺仪,,,,,,,,-0.0141,-0.0506,-0.2089
1568423449474641,加速度计,1.2121,3.9654,9.4080,,,,,,,
1568423459496099,加速度计,1.2336,9.2937,4.4682,,,,,,,
1568423469519432,加速度计,1.4126,7.6118,7.4747,,,,,,,
1568423469531568,陀螺仪,,,,,,,,-0.0278,-0.0735,-0.2578
1568423479544432,加速度计,2.6324,6.6176,8.1493,,,,,,,
1568423489584484,陀螺仪,,,,,,,,-0.0044,-0.0341,-0.2840
1568423489570891,加速度计,0.4543,6.2177,7.6100,,,,,,,
1568423499598391,加速度计,-0.0311,7.1623,6.5469,,,,,,,
1568423509626516,加速度计,0.5411,6.3081,7.6225,,,,,,,
1568423509640734,陀螺仪,,,,,,,,0.0324,-0.0695,-0.2217
1568423519654849,加速度计,2.7354,6.6499,3.8750,,,,,,,
1568423529681516,加速度计,2.1973,6.4961,4.6364,,,,,,,
1568423529694068,陀螺仪,,,,,,,,-0.0282,-0.0551,-0.2698
1568423539703599,加速度计,1.0744,7.2287,8.5778,,,,,,,
1568423549731984,陀螺仪,,,,,,,,-0.0293,-0.0438,-0.2237
1568423549722557,加速度计,-0.7033,6.3243,8.9232,,,,,,,
1568423559741307,加速度计,3.0107,6.2794,8.9585,,,,,,,
1568423569760057,加速度计,2.0913,6.7768,4.8590,,,,,,,
1568423569769484,陀螺仪,,,,,,,,0.0426,-0.0077,-0.2290
1568423579778807,加速度计,-1.5712,7.7411,4.5179,,,,,,,
1568423589797557,加速度计,0.3424,6.6319,7.1245,,,,,,,
1568423589806984,陀螺仪,,,,,,,,-0.0008,-0.0716,-0.2202
1568423599817141,加速度计,0.5812,8.0254,7.7225,,,,,,,
1568423609837453,加速度计,0.7638,8.1630,6.2375,,,,,,,
1568423609845422,陀螺仪,,,,,,,,-0.0073,-0.0621,-0.2368
1568423619853286,加速度计,0.0138,7.2389,8.1253,,,,,,,
1568423640957129,GPS,,,,31.9428,118.7882,3.4400,81.8000,,,
1568423629876151,加速度计,-0.7817,8.1217,7.8871,,,,,,,
1568423629884328,陀螺仪,,,,,,,,-0.0169,-0.0493,-0.2222
1568423639892401,加速度计,-0.5357,5.6904,7.2646,,,,,,,
1568423649908651,加速度计,-0.3681,7.4214,2.3511,,,,,,,
1568423649916828,陀螺仪,,,,,,,,-0.0109,-0.0667,-0.1626
1568423659924901,加速度计,-0.2771,5.5522,7.7051,,,,,,,
1568423669941255,加速度计,0.5273,7.8458,8.0918,,,,,,,
1568423669949641,陀螺仪,,,,,,,,-0.0246,-0.0758,-0.1298
1568423679958026,加速度计,0.5728,6.6176,9.4176,,,,,,,
1568423689975214,加速度计,0.7183,9.6534,4.1988,,,,,,,
1568423689984016,陀螺仪,,,,,,,,0.0087,-0.0385,-0.1226
1568423699992818,加速度计,-0.7961,5.4432,9.4529,,,,,,,
1568423710010839,加速度计,0.1706,8.0894,5.7634,,,,,,,
1568423710020057,陀螺仪,,,,,,,,0.0085,-0.0282,-0.0937
1568423720029276,加速度计,-0.5088,7.6698,5.5689,,,,,,,
1568423730048130,加速度计,0.5752,6.9294,5.8514,,,,,,,
1568423730057766,陀螺仪,,,,,,,,-0.0640,-0.0652,-0.0727
1568423740067401,加速度计,-0.2502,3.8176,11.3581,,,,,,,
1568423750087089,加速度计,0.1808,7.2413,8.4845,,,,,,,
1568423750097141,陀螺仪,,,,,,,,0.0578,-0.0101,-0.0406
1568423760107193,加速度计,-0.0497,8.5305,2.8551,,,,,,,
1568423770127714,加速度计,1.1414,6.4811,4.0929,,,,,,,
1568423770138182,陀螺仪,,,,,,,,-0.0447,-0.0605,-0.0716
1568423780148547,加速度计,-0.7536,3.1771,10.9894,,,,,,,
1568423790169380,加速度计,-0.0569,9.6259,4.4041,,,,,,,
1568423790179849,陀螺仪,,,,,,,,0.0051,-0.0398,-0.0305
1568423800190214,加速度计,1.0720,7.7830,7.4526,,,,,,,
1568423810211047,加速度计,1.2845,7.3095,8.4934,,,,,,,
1568423810221516,陀螺仪,,,,,,,,-0.0783,-0.0321,-0.0457
1568423820231880,加速度计,-1.1349,3.3998,14.6465,,,,,,,
1568423830252401,加速度计,0.3723,6.8307,6.3614,,,,,,,
1568423830262245,陀螺仪,,,,,,,,0.0899,0.0372,0.0406
1568423840271776,加速度计,1.2995,7.7578,3.7344,,,,,,,
1568423850297193,加速度计,1.1331,6.3057,5.7730,,,,,,,
1568423850306880,陀螺仪,,,,,,,,0.0128,0.0208,-0.0201
1568423860310786,加速度计,-0.6812,6.6277,8.4467,,,,,,,
1568423870319068,加速度计,0.0479,7.3891,6.8301,,,,,,,
1568423870328859,陀螺仪,,,,,,,,0.0356,0.0206,-0.0450
1568423880342974,加速度计,0.2783,6.6912,6.6128,,,,,,,
1568423890366307,加速度计,0.5902,6.4661,5.8712,,,,,,,
1568423890375943,陀螺仪,,,,,,,,0.0310,0.0372,-0.0085
1568423900385318,加速度计,0.2705,8.3983,6.5972,,,,,,,
1568423910404068,加速度计,-0.8589,7.2353,10.1047,,,,,,,
1568423910413495,陀螺仪,,,,,,,,0.0127,0.0226,-0.0008
1568423920422818,加速度计,0.1419,9.0315,8.7538,,,,,,,
1568423930441568,加速度计,-0.4429,6.0645,7.4825,,,,,,,
1568423930450995,陀螺仪,,,,,,,,0.0735,0.0341,0.0378
1568423940460318,加速度计,0.6045,8.6155,3.3495,,,,,,,
1568423950479068,加速度计,-0.2999,8.2750,5.0039,,,,,,,
1568423950488495,陀螺仪,,,,,,,,0.0197,-0.0080,-0.0434
1568423960497818,加速度计,-0.4531,4.8806,8.2337,,,,,,,
1568423970525995,陀螺仪,,,,,,,,0.0533,-0.0092,-0.0664
1568423970516568,加速度计,-0.2693,8.3210,7.0856,,,,,,,
1568423980535318,加速度计,-1.1600,7.3771,6.0298,,,,,,,
1568423990554068,加速度计,1.1229,6.6972,2.6845,,,,,,,
1568423990563495,陀螺仪,,,,,,,,0.0208,-0.0168,-0.0631
1568424000572818,加速度计,-0.7715,6.7020,5.3672,,,,,,,
1568424010591568,加速度计,-1.4617,6.2938,10.3064,,,,,,,
1568424010600995,陀螺仪,,,,,,,,-0.0322,-0.0518,-0.0714
1568424020610318,加速度计,-0.8493,7.4496,9.8581,,,,,,,
1568424030629068,加速度计,-1.7220,6.8588,6.2297,,,,,,,
1568424030638495,陀螺仪,,,,,,,,0.0571,-0.0429,0.0004
1568424040647818,加速度计,2.3254,7.6519,3.0771,,,,,,,
1568424050666568,加速度计,0.8996,6.3841,6.0053,,,,,,,
1568424050675995,陀螺仪,,,,,,,,-0.0166,-0.0469,-0.0760
1568424060685318,加速度计,-0.1113,6.7666,7.1581,,,,,,,
1568424070704068,加速度计,-0.8188,6.6786,6.9306,,,,,,,
1568424070713495,陀螺仪,,,,,,,,0.0020,-0.0466,-0.0413
1568424080723130,加速度计,0.5986,7.3514,6.1968,,,,,,,
1568424090745214,加速度计,1.3132,6.6768,7.1946,,,,,,,
1568424090754641,陀螺仪,,,,,,,,0.0059,-0.0382,-0.0284
1568424100763964,加速度计,0.3789,7.6614,5.2565,,,,,,,
1568424110782714,加速度计,-0.4208,6.8253,8.5682,,,,,,,
1568424110792141,陀螺仪,,,,,,,,-0.0068,-0.0587,-0.0784
1568424120802193,加速度计,-0.2155,8.0984,7.1084,,,,,,,
1568424130833339,陀螺仪,,,,,,,,0.0092,-0.0876,-0.1039
1568424130829745,加速度计,0.1035,6.9839,10.2023,,,,,,,
1568424140836932,加速度计,0.1083,8.0511,6.4799,,,,,,,
1568424150844641,加速度计,-0.8134,6.1770,5.7239,,,,,,,
1568424150848859,陀螺仪,,,,,,,,0.0180,-0.1242,-0.1534
1568424160853286,加速度计,1.0199,7.4077,4.6388,,,,,,,
1568424170863182,加速度计,0.2622,6.6547,4.5861,,,,,,,
1568424170868651,陀螺仪,,,,,,,,-0.0220,-0.1778,-0.2417
1568424180874432,加速度计,-0.4046,6.9300,3.5189,,,,,,,
1568424190887453,加速度计,0.1323,7.3005,8.1367,,,,,,,
1568424190894797,陀螺仪,,,,,,,,-0.0893,-0.2309,-0.2738
1568424200902557,加速度计,-0.9637,6.9683,11.3928,,,,,,,
1568424210919745,加速度计,-0.5279,8.5060,6.7475,,,,,,,
1568424210929172,陀螺仪,,,,,,,,0.0021,-0.1939,-0.2028
1568424220939016,加速度计,0.8056,8.6838,3.7553,,,,,,,
1568424230960266,加速度计,0.4729,5.9472,6.4135,,,,,,,
1568424230971568,陀螺仪,,,,,,,,-0.1169,-0.2152,-0.1878
1568424240983182,加速度计,0.5578,5.7784,10.4130,,,,,,,
1568424251007661,加速度计,-0.0904,6.5517,7.6291,,,,,,,
1568424251020422,陀螺仪,,,,,,,,-0.0542,-0.1626,-0.1072
1568424261033286,加速度计,0.2640,7.6052,8.7011,,,,,,,
1568424271059745,加速度计,1.3767,6.6696,8.4150,,,,,,,
1568424271073339,陀螺仪,,,,,,,,-0.0314,-0.1248,-0.0510
1568424281086932,加速度计,-0.6039,6.3464,5.4277,,,,,,,
1568424291114432,加速度计,0.8386,6.1956,4.0911,,,,,,,
1568424291128234,陀螺仪,,,,,,,,-0.0394,-0.1184,-0.0398
1568424301140578,加速度计,-0.2741,5.3349,6.9989,,,,,,,
1568424311161828,加速度计,-1.1253,6.1118,7.8530,,,,,,,
1568424311171255,陀螺仪,,,,,,,,-0.0385,-0.0851,0.0196
1568424321180578,加速度计,-0.5148,7.3777,8.7472,,,,,,,
1568424331199328,加速度计,-0.4172,8.2821,7.7794,,,,,,,
1568424331208755,陀螺仪,,,,,,,,-0.0305,-0.0648,0.0944
1568424341218078,加速度计,0.5794,5.7251,8.0128,,,,,,,
1568424351236828,加速度计,-0.4459,6.6798,3.8271,,,,,,,
1568424351246255,陀螺仪,,,,,,,,-0.0051,-0.0113,0.1447
1568424361255578,加速度计,0.6063,6.3823,4.3191,,,,,,,
1568424371274432,加速度计,0.7177,5.9143,8.8095,,,,,,,
1568424371285005,陀螺仪,,,,,,,,-0.0828,0.0076,0.1702
1568424381294328,加速度计,-2.0273,6.4584,10.3549,,,,,,,
1568424391313078,加速度计,-0.5746,7.9571,5.1996,,,,,,,
1568424391322505,陀螺仪,,,,,,,,0.0028,0.0401,0.2384
1568424401331828,加速度计,0.6883,6.2315,5.8843,,,,,,,
1568424411350578,加速度计,0.1502,6.9617,8.2803,,,,,,,
1568424411360005,陀螺仪,,,,,,,,-0.0350,0.0329,0.2053
1568424421369328,加速度计,-0.9936,6.7708,10.6823,,,,,,,
1568424431397505,陀螺仪,,,,,,,,0.0294,0.0454,0.2200
1568424431388078,加速度计,0.0922,9.0860,6.7666,,,,,,,
1568424441406828,加速度计,-0.2676,6.4398,7.4783,,,,,,,
1568424451425578,加速度计,-0.5321,8.6215,4.0288,,,,,,,
1568424451435005,陀螺仪,,,,,,,,-0.0120,0.0169,0.1980
1568424461444328,加速度计,0.4836,5.6551,8.7041,,,,,,,
1568424471463078,加速度计,-0.4328,7.5453,8.7604,,,,,,,
1568424471472505,陀螺仪,,,,,,,,-0.0170,0.0067,0.1497
1568424481481828,加速度计,0.1395,5.6312,10.3998,,,,,,,
1568424491500578,加速度计,-0.2310,7.0563,7.6351,,,,,,,
1568424491510005,陀螺仪,,,,,,,,0.0995,0.0352,0.1625
1568424501519328,加速度计,-0.7829,7.5429,2.4421,,,,,,,
1568424511538078,加速度计,1.5317,8.5437,2.5067,,,,,,,
1568424511547505,陀螺仪,,,,,,,,0.0141,-0.0230,0.1140
1568424521556828,加速度计,-0.8475,5.5623,8.2714,,,,,,,
1568424531575578,加速度计,-0.0820,7.8865,7.2544,,,,,,,
1568424531585005,陀螺仪,,,,,,,,0.0067,-0.0216,0.1332
1568424541594328,加速度计,-0.1359,6.5763,7.9446,,,,,,,
1568424551613078,加速度计,0.1724,6.7582,7.4543,,,,,,,
1568424551622505,陀螺仪,,,,,,,,0.0318,0.0004,0.1449
1568424561631828,加速度计,0.1311,6.5769,6.6996,,,,,,,
1568424571650578,加速度计,0.3059,8.2869,3.3369,,,,,,,
1568424571660005,陀螺仪,,,,,,,,-0.0049,-0.0354,0.1216
1568424581669328,加速度计,1.5143,5.2487,8.8573,,,,,,,
1568424591688078,加速度计,0.2346,7.7147,7.7369,,,,,,,
1568424591697505,陀螺仪,,,,,,,,-0.0111,-0.0244,0.0839
1568424601706828,加速度计,0.0581,5.2529,12.3439,,,,,,,
1568424611725578,加速度计,2.0758,7.1204,10.4238,,,,,,,
1568424611735005,陀螺仪,,,,,,,,0.1205,-0.0051,0.1020
1568424621745161,加速度计,1.0995,7.1281,6.0843,,,,,,,
1568424643048587,GPS,,,,31.9428,118.7882,3.3200,83.7000,,,
1568424631768182,加速度计,1.0068,7.2455,0.2574,,,,,,,
1568424631777193,陀螺仪,,,,,,,,0.1229,0.0079,0.0127
1568424641786099,加速度计,0.7452,7.1712,2.8611,,,,,,,
1568424651804016,加速度计,0.5142,6.6828,7.6231,,,,,,,
1568424651813026,陀螺仪,,,,,,,,-0.0300,-0.0360,-0.0081
1568424661821932,加速度计,-0.6063,6.9342,8.1056,,,,,,,
1568424671848859,陀螺仪,,,,,,,,0.0165,-0.0332,0.0431
1568424671839849,加速度计,-0.4986,6.8905,6.9174,,,,,,,
1568424681857766,加速度计,1.6765,6.7870,5.7545,,,,,,,
1568424691875682,加速度计,1.0133,6.3823,4.5125,,,,,,,
1568424691884693,陀螺仪,,,,,,,,0.0230,-0.0193,0.0125
1568424701893599,加速度计,0.0581,8.1570,5.6970,,,,,,,
1568424711911516,加速度计,1.2659,7.4549,8.6215,,,,,,,
1568424711920526,陀螺仪,,,,,,,,-0.0205,-0.0084,0.0051
1568424721929432,加速度计,-0.6464,7.4663,8.3097,,,,,,,
1568424731947349,加速度计,0.4567,8.2390,4.9907,,,,,,,
1568424731956359,陀螺仪,,,,,,,,0.0053,0.0007,0.0692
1568424741965474,加速度计,1.4413,7.2083,6.6044,,,,,,,
1568424751984016,加速度计,1.0762,7.1820,6.6463,,,,,,,
1568424751993443,陀螺仪,,,,,,,,-0.0445,0.0093,0.0280
1568424762002974,加速度计,0.1454,7.3304,8.6993,,,,,,,
1568424772032193,陀螺仪,,,,,,,,0.0000,0.0314,0.0461
1568424772022349,加速度计,0.1173,7.5687,9.2302,,,,,,,
1568424782041932,加速度计,0.2406,6.7050,6.5864,,,,,,,
1568424792061516,加速度计,0.8595,7.0144,6.5296,,,,,,,
1568424792071359,陀螺仪,,,,,,,,0.0019,0.0406,0.0684
1568424802081099,加速度计,1.3425,8.2923,5.8586,,,,,,,
1568424812110526,陀螺仪,,,,,,,,-0.0284,0.0629,0.0703
1568424812100682,加速度计,-0.3089,7.0509,9.2871,,,,,,,
1568424822120266,加速度计,0.0180,6.3644,4.4526,,,,,,,
1568424832139849,加速度计,1.1187,5.9999,6.2800,,,,,,,
1568424832149693,陀螺仪,,,,,,,,-0.0401,0.0740,0.1123
1568424842159432,加速度计,-0.0018,6.3434,7.3652,,,,,,,
1568424852179016,加速度计,-0.5483,6.0873,8.2660,,,,,,,
1568424852188859,陀螺仪,,,,,,,,-0.0346,0.0944,0.1402
1568424862198599,加速度计,1.2641,7.8907,6.7929,,,,,,,
1568424872218391,加速度计,0.2424,5.8838,9.3727,,,,,,,
1568424872231568,陀螺仪,,,,,,,,-0.0033,0.1136,0.1386
1568424882241099,加速度计,0.6434,7.0952,6.4063,,,,,,,
1568424892269484,陀螺仪,,,,,,,,0.0202,0.1389,0.0823
1568424892260057,加速度计,0.9930,6.1866,7.2335,,,,,,,
1568424902278807,加速度计,0.0605,7.1018,3.9397,,,,,,,
1568424912306984,陀螺仪,,,,,,,,-0.0478,0.1099,0.0438
1568424912297557,加速度计,-0.7578,7.7997,5.2744,,,,,,,
1568424922316307,加速度计,-0.1514,5.7778,8.8915,,,,,,,
1568424932344484,陀螺仪,,,,,,,,-0.0489,0.1104,0.0326
1568424932335057,加速度计,0.5076,7.5136,8.9292,,,,,,,
1568424942353807,加速度计,0.1712,7.6830,7.5417,,,,,,,
1568424952381984,陀螺仪,,,,,,,,-0.0671,0.1103,0.0161
1568424952372557,加速度计,-0.4501,4.2677,8.7586,,,,,,,
1568424962391307,加速度计,-0.0096,4.8159,10.0832,,,,,,,
1568424972419484,陀螺仪,,,,,,,,0.0206,0.1067,0.0075
1568424972410057,加速度计,1.1546,8.2247,6.1250,,,,,,,
1568424982428807,加速度计,1.1666,4.8764,7.9278,,,,,,,
1568424992447557,加速度计,1.6328,7.0725,5.7186,,,,,,,
1568424992456984,陀螺仪,,,,,,,,0.0419,0.1096,-0.0329
1568425002466307,加速度计,2.2936,6.7720,5.5126,,,,,,,
1568425012485057,加速度计,1.7927,6.8390,4.5987,,,,,,,
1568425012494484,陀螺仪,,,,,,,,-0.0172,0.0920,-0.1116
1568425022503807,加速度计,1.4060,6.3369,10.7601,,,,,,,
1568425032522557,加速度计,1.9704,6.5529,9.9587,,,,,,,
1568425032531984,陀螺仪,,,,,,,,0.0317,0.1104,-0.1348
1568425042541307,加速度计,1.6927,7.1251,6.1387,,,,,,,
1568425052560057,加速度计,1.2378,7.0180,4.4532,,,,,,,
1568425052569484,陀螺仪,,,,,,,,0.0172,0.0913,-0.2027
1568425062578807,加速度计,0.4752,5.1739,6.6134,,,,,,,
1568425072597557,加速度计,-4.0432,9.4739,7.2000,,,,,,,
1568425072606984,陀螺仪,,,,,,,,0.0290,-0.0176,-0.2439
1568425082616307,加速度计,-2.5438,7.3837,4.9901,,,,,,,
1568425092635057,加速度计,1.3958,11.8758,4.3533,,,,,,,
1568425092644484,陀螺仪,,,,,,,,0.0597,-0.2232,-0.3366
1568425102653807,加速度计,3.4069,11.3497,1.2067,,,,,,,
1568425112672557,加速度计,1.6891,6.8241,0.2185,,,,,,,
1568425112681984,陀螺仪,,,,,,,,-0.1184,-0.2525,-0.7076
1568425122693599,加速度计,-1.5245,3.8361,13.3405,,,,,,,
1568425132716672,加速度计,-1.7472,6.0160,11.1133,,,,,,,
1568425132723182,陀螺仪,,,,,,,,-0.0145,-0.2023,-0.5344
1568425142729589,加速度计,-2.4056,7.0090,9.9090,,,,,,,
1568425152742766,加速度计,0.1101,10.0407,3.9768,,,,,,,
1568425152749536,陀螺仪,,,,,,,,0.0344,-0.1951,-0.2449
1568425162756359,加速度计,-0.4956,4.4790,6.9959,,,,,,,
1568425172770630,加速度计,2.6061,9.6648,4.3497,,,,,,,
1568425172778078,陀螺仪,,,,,,,,-0.0188,-0.1788,-0.2141
1568425182785734,加速度计,1.6652,6.9540,11.5143,,,,,,,
1568425192801672,加速度计,-0.2634,8.3893,7.1958,,,,,,,
1568425192809953,陀螺仪,,,,,,,,0.0518,-0.0531,-0.1650
1568425202818443,加速度计,-1.0283,6.1112,2.0710,,,,,,,
1568425212836307,加速度计,-0.5112,7.1545,1.8202,,,,,,,
1568425212845630,陀螺仪,,,,,,,,-0.0752,-0.0889,-0.0365
1568425222855161,加速度计,1.4341,5.0350,10.5578,,,,,,,
1568425232874849,加速度计,-0.5764,7.3753,9.3984,,,,,,,
1568425232885005,陀螺仪,,,,,,,,-0.0100,-0.0301,0.0337
1568425242895370,加速度计,-0.7655,7.3484,8.0098,,,,,,,
1568425252916724,加速度计,-0.6237,6.9234,4.3568,,,,,,,
1568425252927714,陀螺仪,,,,,,,,0.0182,-0.0033,0.0945
1568425262938911,加速度计,-0.5668,6.0837,6.5811,,,,,,,
1568425272961672,加速度计,-0.6147,7.2880,6.2261,,,,,,,
1568425282984849,加速度计,-1.8040,7.8775,5.2535,,,,,,,
1568425272973234,陀螺仪,,,,,,,,-0.0035,-0.0039,0.0734
1568425293008182,加速度计,-1.5742,7.1778,8.4150,,,,,,,
1568425293019901,陀螺仪,,,,,,,,-0.0615,-0.0386,0.1007
1568425303031516,加速度计,-1.3096,5.8472,10.0592,,,,,,,
1568425313054068,加速度计,-0.8206,6.8654,9.2955,,,,,,,
1568425313064745,陀螺仪,,,,,,,,0.0234,-0.0237,0.1309
1568425323074068,加速度计,0.1903,7.6896,6.7038,,,,,,,
1568425333092818,加速度计,-1.1145,6.0813,5.2295,,,,,,,
1568425343111568,加速度计,0.5004,7.7470,2.9024,,,,,,,
1568425333102245,陀螺仪,,,,,,,,0.0477,-0.0224,0.1139
1568425353130318,加速度计,0.3436,7.8165,8.0535,,,,,,,
1568425363149068,加速度计,0.1508,7.0419,10.2113,,,,,,,
1568425353139745,陀螺仪,,,,,,,,-0.0292,-0.0537,0.1061
1568425373168859,加速度计,0.2083,8.1529,6.0304,,,,,,,
1568425383189224,加速度计,-0.0904,6.9815,5.0883,,,,,,,
1568425373181776,陀螺仪,,,,,,,,0.0368,-0.0383,0.0896
1568425393204224,加速度计,-0.4112,7.1670,5.0877,,,,,,,
1568425393211776,陀螺仪,,,,,,,,-0.0116,-0.0754,0.0474
1568425403219224,加速度计,-0.2562,6.5230,8.7329,,,,,,,
1568425413234484,加速度计,0.2682,7.2149,10.8613,,,,,,,
1568425413242297,陀螺仪,,,,,,,,0.0177,-0.0963,0.0658
1568425423250161,加速度计,1.0750,7.0066,8.4402,,,,,,,
1568425433266255,加速度计,0.5285,6.1381,5.2235,,,,,,,
1568425443282766,加速度计,0.4818,7.1676,4.1569,,,,,,,
1568425433274484,陀螺仪,,,,,,,,0.0854,-0.0569,0.0427
1568425453299953,加速度计,-0.3921,7.5435,6.4841,,,,,,,
1568425463317974,加速度计,-0.2197,6.3859,8.7544,,,,,,,
1568425453308859,陀螺仪,,,,,,,,0.0170,-0.0485,0.0667
1568425473336828,加速度计,0.2693,8.4623,7.1730,,,,,,,
1568425473346568,陀螺仪,,,,,,,,0.0162,-0.0246,0.1398
1568425483356516,加速度计,0.2921,5.4851,8.7329,,,,,,,
1568425493376776,加速度计,1.1247,7.3963,6.0849,,,,,,,
1568425493387089,陀螺仪,,,,,,,,0.0427,0.0302,0.1668
1568425503397453,加速度计,-0.3579,7.0342,4.2671,,,,,,,
1568425513418547,加速度计,1.3120,6.4769,7.4238,,,,,,,
1568425523440057,加速度计,-0.0634,5.4456,10.6895,,,,,,,
1568425513429276,陀螺仪,,,,,,,,-0.0341,0.0415,0.1894
1568425533461724,加速度计,-0.4627,7.2293,7.1994,,,,,,,
1568425533472609,陀螺仪,,,,,,,,0.0775,0.0840,0.2252
1568425543483391,加速度计,1.6179,8.5700,4.2036,,,,,,,
1568425553505057,加速度计,0.5632,7.2700,4.9386,,,,,,,
1568425553515943,陀螺仪,,,,,,,,0.0136,0.0775,0.1738
1568425563526724,加速度计,0.5567,6.2794,7.0222,,,,,,,
1568425573547349,加速度计,0.3765,8.4575,6.7050,,,,,,,
1568425573558182,陀螺仪,,,,,,,,0.0242,0.0559,0.1125
1568425583575161,加速度计,-0.0395,7.0192,6.2136,,,,,,,
1568425593585578,加速度计,0.7584,7.5776,6.6547,,,,,,,
1568425593590839,陀螺仪,,,,,,,,0.0048,0.0451,0.1007
1568425603595995,加速度计,0.7488,7.1982,8.6784,,,,,,,
1568425613606828,加速度计,0.5441,7.4430,6.9091,,,,,,,
1568425613612714,陀螺仪,,,,,,,,0.0381,0.0561,0.0654
1568425623618495,加速度计,0.5704,7.8656,4.0127,,,,,,,
1568425633655995,加速度计,0.4585,6.9989,5.1194,,,,,,,
1568425647956816,GPS,,,,31.9428,118.7882,3.0200,87.6000,,,
1568425633670891,陀螺仪,,,,,,,,-0.0344,0.0385,0.0256
1568425643680214,加速度计,0.2107,6.2650,9.3978,,,,,,,
1568425653698964,加速度计,0.2340,7.2616,8.2893,,,,,,,
1568425653708391,陀螺仪,,,,,,,,0.0200,0.0477,0.0116
1568425663717714,加速度计,0.1604,8.0529,5.4426,,,,,,,
1568425673736464,加速度计,1.1055,6.1238,8.0254,,,,,,,
1568425673745891,陀螺仪,,,,,,,,0.0276,0.0132,-0.0184
1568425683755214,加速度计,1.9333,7.8673,4.4891,,,,,,,
1568425693773964,加速度计,0.1347,7.3813,7.1479,,,,,,,
1568425693783391,陀螺仪,,,,,,,,0.0021,-0.0003,-0.1135
1568425703792714,加速度计,0.7033,7.4915,7.5693,,,,,,,
1568425713811464,加速度计,0.6476,7.3328,7.7812,,,,,,,
1568425713820891,陀螺仪,,,,,,,,0.0229,-0.0145,-0.1342
1568425723830214,加速度计,1.2671,7.6944,4.7698,,,,,,,
1568425733848964,加速度计,1.3288,6.1764,6.0651,,,,,,,
1568425733858391,陀螺仪,,,,,,,,-0.0168,-0.0491,-0.1791
1568425743867714,加速度计,1.0768,6.9091,6.4925,,,,,,,
1568425753886464,加速度计,1.5149,6.4470,7.1359,,,,,,,
1568425753895891,陀螺仪,,,,,,,,-0.0031,-0.0543,-0.2176
1568425763905214,加速度计,1.0780,8.2355,5.3726,,,,,,,
1568425773923964,加速度计,1.2204,6.6379,3.6356,,,,,,,
1568425773933599,陀螺仪,,,,,,,,-0.0623,-0.0646,-0.2535
1568425783943755,加速度计,0.6776,6.7163,8.1295,,,,,,,
1568425793965682,加速度计,0.2987,6.8325,10.7452,,,,,,,
1568425793973651,陀螺仪,,,,,,,,-0.0401,-0.0698,-0.2481
1568425803981516,加速度计,1.5999,8.2361,5.4133,,,,,,,
1568425813997349,加速度计,0.4232,7.6213,2.9048,,,,,,,
1568425814005318,陀螺仪,,,,,,,,-0.0454,-0.0664,-0.2449
1568425824013182,加速度计,0.3615,5.9664,5.4522,,,,,,,
1568425834029224,加速度计,0.5375,6.9234,12.0943,,,,,,,
1568425834037401,陀螺仪,,,,,,,,-0.0585,-0.0901,-0.2095
1568425844045682,加速度计,2.8126,9.4355,10.1795,,,,,,,
1568425854062557,加速度计,1.4114,8.3228,7.7824,,,,,,,
1568425854071151,陀螺仪,,,,,,,,0.0566,-0.0349,-0.2096
1568425864079849,加速度计,0.5207,7.0186,2.6821,,,,,,,
1568425874101724,加速度计,1.0870,5.8179,1.2390,,,,,,,
1568425874131672,陀螺仪,,,,,,,,-0.0027,-0.0165,-0.1956
1568425884137453,加速度计,-0.2107,7.2353,5.5857,,,,,,,
1568425894149120,加速度计,0.1047,6.4913,9.6450,,,,,,,
1568425894155057,陀螺仪,,,,,,,,-0.0382,-0.0080,-0.0945
1568425904161047,加速度计,1.3180,8.3480,5.6066,,,,,,,
1568425914173651,加速度计,0.9367,6.5535,12.4223,,,,,,,
1568425914180266,陀螺仪,,,,,,,,-0.0333,-0.0037,-0.1224
1568425924187089,加速度计,-0.3172,6.7319,9.7953,,,,,,,
1568425934201359,加速度计,-0.6428,7.4478,4.6005,,,,,,,
1568425944216724,加速度计,0.3591,6.3189,2.0165,,,,,,,
1568425934208859,陀螺仪,,,,,,,,0.0589,0.0008,-0.1392
1568425954233339,加速度计,-0.0790,5.6102,6.3698,,,,,,,
1568425954242089,陀螺仪,,,,,,,,-0.0814,-0.0670,-0.1839
1568425964251203,加速度计,-0.8469,4.5831,14.1892,,,,,,,
1568425974270318,加速度计,-0.0587,9.1183,7.9170,,,,,,,
1568425974280318,陀螺仪,,,,,,,,0.0541,-0.0442,-0.1622
1568425984290682,加速度计,0.6578,8.2522,5.3660,,,,,,,
1568425994312036,加速度计,-0.1754,5.9783,6.9647,,,,,,,
1568425994323026,陀螺仪,,,,,,,,-0.0005,-0.0778,-0.1894
1568426004334224,加速度计,-0.7440,6.2638,6.3698,,,,,,,
1568426014357245,加速度计,0.1532,7.5705,7.9781,,,,,,,
1568426014369016,陀螺仪,,,,,,,,0.0128,-0.0802,-0.1437
1568426024380839,加速度计,-0.1915,8.0074,5.0482,,,,,,,
1568426034404849,加速度计,-0.1742,6.9731,7.6369,,,,,,,
1568426034416984,陀螺仪,,,,,,,,-0.0209,-0.0700,-0.0818
1568426044429016,加速度计,0.5010,6.4518,8.3923,,,,,,,
1568426054453182,加速度计,0.2053,8.6508,5.1559,,,,,,,
1568426054464849,陀螺仪,,,,,,,,0.0178,-0.0417,-0.0676
1568426064475005,加速度计,-0.7649,6.2465,7.3688,,,,,,,
1568426074494380,加速度计,-0.7530,7.4214,6.4308,,,,,,,
1568426074503807,陀螺仪,,,,,,,,0.0077,-0.0397,0.0109
1568426084513130,加速度计,0.5058,5.2690,9.5289,,,,,,,
1568426094531880,加速度计,0.4842,9.1093,2.5821,,,,,,,
1568426094541307,陀螺仪,,,,,,,,0.0633,0.0099,0.0399
1568426104550630,加速度计,-0.8978,7.3029,5.5839,,,,,,,
1568426114569380,加速度计,0.5441,6.4925,8.5910,,,,,,,
1568426114579380,陀螺仪,,,,,,,,0.0181,0.0340,0.1240
1568426124590995,加速度计,0.7219,6.7618,7.9410,,,,,,,
1568426134613495,加速度计,-0.3454,7.5735,2.8910,,,,,,,
1568426134615682,陀螺仪,,,,,,,,0.0660,0.1051,0.1435
1568426144617922,加速度计,-0.9589,8.3755,4.5017,,,,,,,
1568426154623026,加速度计,0.2532,7.2694,9.0273,,,,,,,
1568426154625943,陀螺仪,,,,,,,,-0.0322,0.0888,0.2073
1568426164629224,加速度计,1.0582,7.6662,8.2145,,,,,,,
1568426174637193,加速度计,0.7823,6.3410,6.2620,,,,,,,
1568426174641880,陀螺仪,,,,,,,,0.0067,0.1301,0.1610
1568426184647245,加速度计,-0.1766,6.9019,5.2355,,,,,,,
1568426194659641,加速度计,0.3089,4.7112,10.3388,,,,,,,
1568426204674536,加速度计,0.6602,7.6106,7.2383,,,,,,,
1568426194666672,陀螺仪,,,,,,,,-0.0061,0.1019,0.1254
1568426214691932,加速度计,-0.1359,9.0076,5.2643,,,,,,,
1568426214701464,陀螺仪,,,,,,,,0.0499,0.0796,0.0344
1568426224711828,加速度计,-0.0293,6.6421,5.2343,,,,,,,
1568426234734224,加速度计,-0.4010,8.8113,4.9285,,,,,,,
1568426234746203,陀螺仪,,,,,,,,-0.0153,0.0383,-0.0192
1568426244758859,加速度计,0.1275,6.7415,9.9078,,,,,,,
1568426254785318,加速度计,0.2885,6.4973,8.1325,,,,,,,
1568426254799068,陀螺仪,,,,,,,,0.0277,0.0370,-0.0686
1568426264813182,加速度计,0.9493,6.8552,5.2224,,,,,,,
1568426274842036,加速度计,0.3831,7.2478,4.8453,,,,,,,
1568426274856724,陀螺仪,,,,,,,,0.0128,0.0134,-0.1249
1568426284871464,加速度计,-0.2454,8.2648,4.6890,,,,,,,
1568426294901047,加速度计,1.0457,7.1485,7.6872,,,,,,,
1568426294915266,陀螺仪,,,,,,,,-0.0434,-0.0217,-0.1256
1568426304927505,加速度计,0.6063,6.7816,7.5352,,,,,,,
1568426314948703,加速度计,0.6662,7.1718,7.3328,,,,,,,
1568426314958286,陀螺仪,,,,,,,,-0.0208,-0.0153,-0.1461
1568426324967609,加速度计,1.1498,7.0755,7.3843,,,,,,,
1568426334986359,加速度计,0.5908,6.9725,6.2680,,,,,,,
1568426334995786,陀螺仪,,,,,,,,-0.0208,-0.0080,-0.1863
1568426345005109,加速度计,-0.0030,6.6277,7.9559,,,,,,,
1568426355023859,加速度计,0.1694,7.8147,2.8329,,,,,,,
1568426355033286,陀螺仪,,,,,,,,-0.0419,-0.0455,-0.1672
1568426365042609,加速度计,0.8176,7.1856,18.4587,,,,,,,
1568426375062922,加速度计,0.6099,6.2525,25.3594,,,,,,,
1568426375075318,陀螺仪,,,,,,,,0.1862,0.0071,-0.2020
1568426385082349,加速度计,2.3906,9.5235,2.4385,,,,,,,
1568426395096516,加速度计,-2.2242,8.8268,-8.0062,,,,,,,
1568426395103651,陀螺仪,,,,,,,,0.3521,-0.0353,-0.2666
1568426405110682,加速度计,0.7853,4.9321,-10.7565,,,,,,,
1568426415125161,加速度计,-1.6873,3.4147,-0.5399,,,,,,,
1568426425140057,加速度计,0.6943,5.1302,22.6474,,,,,,,
1568426415132609,陀螺仪,,,,,,,,-0.3574,-0.1212,-0.2124
1568426435155682,加速度计,0.0563,12.1661,12.0392,,,,,,,
1568426435163859,陀螺仪,,,,,,,,0.0145,-0.1115,-0.2731
1568426445172141,加速度计,1.3563,6.1130,7.6519,,,,,,,
1568426455189432,加速度计,0.7141,7.4777,1.4024,,,,,,,
1568426455198443,陀螺仪,,,,,,,,0.0084,-0.1103,-0.3475
1568426465207557,加速度计,-0.9894,6.7690,7.1994,,,,,,,
1568426475226516,加速度计,-0.0820,6.5894,11.5825,,,,,,,
1568426475236359,陀螺仪,,,,,,,,-0.0049,-0.1566,-0.3127
1568426485246307,加速度计,0.1718,7.3310,7.2598,,,,,,,
1568426495266932,加速度计,0.3005,6.8169,4.3527,,,,,,,
1568426495277505,陀螺仪,,,,,,,,0.0607,-0.1364,-0.2859
1568426505288078,加速度计,0.2807,7.8847,2.1183,,,,,,,
1568426515309641,加速度计,0.3484,7.9918,4.8267,,,,,,,
1568426525331620,加速度计,-0.6123,6.5613,10.7685,,,,,,,
1568426515320630,陀螺仪,,,,,,,,-0.0578,-0.1514,-0.2687
1568426535354016,加速度计,-0.6231,7.7141,7.6441,,,,,,,
1568426535365318,陀螺仪,,,,,,,,0.0031,-0.0987,-0.2012
1568426545376516,加速度计,-0.0634,6.7271,6.5763,,,,,,,
1568426555399016,加速度计,0.3567,6.2393,5.4474,,,,,,,
1568426565421203,加速度计,-1.2983,6.4248,7.4998,,,,,,,
1568426555410214,陀螺仪,,,,,,,,-0.0049,-0.0732,-0.1111
1568426575440786,加速度计,-0.3256,7.5262,8.1780,,,,,,,
1568426575450214,陀螺仪,,,,,,,,0.0088,-0.0405,-0.0352
1568426585459536,加速度计,0.9912,7.2939,6.5062,,,,,,,
1568426595478286,加速度计,-0.9685,6.8660,6.9875,,,,,,,
1568426595487714,陀螺仪,,,,,,,,0.0061,0.0233,0.0029
1568426605497036,加速度计,-1.2647,6.8941,6.6493,,,,,,,
1568426615515786,加速度计,-0.2334,6.0130,7.8266,,,,,,,
1568426615526776,陀螺仪,,,,,,,,-0.0053,0.0478,0.0896
1568426625542922,加速度计,0.5393,6.7187,8.1301,,,,,,,
1568426645047857,GPS,,,,31.9428,118.7883,3.2400,89.5000,,,
1568426635560318,加速度计,-1.2803,6.4691,7.9416,,,,,,,
1568426635558286,陀螺仪,,,,,,,,0.0186,0.0855,0.1059
1568426645556359,加速度计,-0.3962,6.8630,7.7961,,,,,,,
1568426655553859,加速度计,-0.0353,7.4585,6.2991,,,,,,,
1568426655553495,陀螺仪,,,,,,,,0.0111,0.0827,0.1260
1568426665553651,加速度计,-0.1454,6.5757,8.7472,,,,,,,
1568426675556255,加速度计,-1.0050,10.3190,1.2342,,,,,,,
1568426675558807,陀螺仪,,,,,,,,-0.0302,0.1140,0.1274
1568426685562089,加速度计,-0.3412,9.4595,7.0491,,,,,,,
1568426695571568,加速度计,-0.8924,5.1080,13.4291,,,,,,,
1568426705585109,加速度计,0.0760,3.9738,12.6486,,,,,,,
1568426695577870,陀螺仪,,,,,,,,-0.1626,0.0755,0.0965
1568426715602818,加速度计,1.6825,4.7154,4.3592,,,,,,,
1568426715613182,陀螺仪,,,,,,,,0.0168,0.0589,-0.0063
1568426725624380,加速度计,1.2713,5.8299,3.4913,,,,,,,
1568426735649693,加速度计,-0.0180,6.5805,6.0232,,,,,,,
1568426735663703,陀螺仪,,,,,,,,-0.0049,-0.0178,-0.1173
1568426745678443,加速度计,0.2298,5.9131,9.4212,,,,,,,
1568426755709901,加速度计,0.5573,9.0656,4.7513,,,,,,,
1568426755726516,陀螺仪,,,,,,,,0.0507,-0.0607,-0.2204
1568426765743547,加速度计,0.5692,8.7496,4.5209,,,,,,,
1568426775778651,加速度计,0.5429,5.5360,7.6680,,,,,,,
1568426775796516,陀螺仪,,,,,,,,-0.0549,-0.1553,-0.3377
1568426785814380,加速度计,0.9942,6.2973,9.5852,,,,,,,
1568426795850214,加速度计,0.9499,7.4579,7.3430,,,,,,,
1568426795864745,陀螺仪,,,,,,,,-0.0112,-0.1776,-0.4028
1568426805875734,加速度计,1.3904,6.3590,6.8947,,,,,,,
1568426815895318,加速度计,0.5782,6.2243,4.5819,,,,,,,
1568426815904745,陀螺仪,,,,,,,,-0.0228,-0.2039,-0.4341
1568426825914068,加速度计,2.1255,5.2152,9.0237,,,,,,,
1568426835932818,加速度计,1.8788,7.1485,8.3582,,,,,,,
1568426845951568,加速度计,1.0127,6.7319,7.4885,,,,,,,
1568426835942245,陀螺仪,,,,,,,,0.0372,-0.1943,-0.4571
1568426855970318,加速度计,0.7991,7.8177,4.7010,,,,,,,
1568426855979745,陀螺仪,,,,,,,,0.0622,-0.2059,-0.4639
1568426865989068,加速度计,1.2492,6.8151,4.2754,,,,,,,
1568426876013599,加速度计,1.0523,7.6776,6.8564,,,,,,,
1568426876023964,陀螺仪,,,,,,,,0.0045,-0.2241,-0.4619
1568426886028911,加速度计,0.7751,6.9875,8.7358,,,,,,,
1568426896038911,加速度计,0.8374,8.1541,7.2874,,,,,,,
1568426896044120,陀螺仪,,,,,,,,0.0419,-0.2059,-0.4567
1568426906049276,加速度计,1.4323,7.9817,4.3030,,,,,,,
1568426916060422,加速度计,0.1826,6.8893,5.9089,,,,,,,
1568426916066568,陀螺仪,,,,,,,,-0.0075,-0.2093,-0.4497
1568426926072766,加速度计,0.2855,7.0922,8.6999,,,,,,,
1568426936086359,加速度计,-0.4465,7.6602,7.7530,,,,,,,
1568426936093911,陀螺仪,,,,,,,,0.0320,-0.1997,-0.4167
1568426946101568,加速度计,-0.7099,7.9960,7.0593,,,,,,,
1568426956118443,加速度计,0.4244,8.6485,4.9350,,,,,,,
1568426956127661,陀螺仪,,,,,,,,0.0181,-0.2067,-0.3665
1568426966136984,加速度计,-0.4896,5.9466,6.2333,,,,,,,
1568426976157193,加速度计,-1.2013,6.9552,6.8019,,,,,,,
1568426976167922,陀螺仪,,,,,,,,-0.0097,-0.2141,-0.3205
1568426986178703,加速度计,0.8416,8.0092,9.6265,,,,,,,
1568426996201464,加速度计,-0.8422,6.7846,9.8120,,,,,,,
1568426996213286,陀螺仪,,,,,,,,0.0334,-0.1688,-0.2754
1568427006225109,加速度计,-1.3114,8.3444,6.3201,,,,,,,
1568427016249589,加速度计,-0.8416,6.5469,4.1593,,,,,,,
1568427016262089,陀螺仪,,,,,,,,0.0145,-0.1638,-0.1834
1568427026274536,加速度计,-0.7464,6.2973,4.2958,,,,,,,
1568427036299901,加速度计,-0.7643,5.9951,9.5110,,,,,,,
1568427036312661,陀螺仪,,,,,,,,-0.0358,-0.1407,-0.1205
1568427046325318,加速度计,-1.0523,6.7810,8.1720,,,,,,,
1568427056348911,加速度计,-1.4257,7.3741,7.5747,,,,,,,
1568427056359068,陀螺仪,,,,,,,,0.0253,-0.0811,-0.0352
1568427066368599,加速度计,-1.1648,6.8606,3.3932,,,,,,,
1568427081462284,GPS,,,,31.9428,118.7883,3.2400,89.5000,,,
1568427076387401,加速度计,-0.6261,5.3259,6.2411,,,,,,,
1568427076396828,陀螺仪,,,,,,,,-0.0338,-0.0768,0.0434
1568427086406151,加速度计,-0.1640,5.7191,6.9869,,,,,,,
1568427096424901,加速度计,-1.1546,6.7768,6.2914,,,,,,,
1568427096434328,陀螺仪,,,,,,,,-0.0091,-0.0284,0.0723
1568427106443651,加速度计,-0.7117,7.6848,4.0570,,,,,,,
1568427116462401,加速度计,-0.0724,6.0986,6.8965,,,,,,,
1568427116472453,陀螺仪,,,,,,,,-0.0718,-0.0483,0.0726
1568427126483651,加速度计,-0.1622,6.4991,6.8815,,,,,,,
1568427136501568,加速度计,0.3178,5.6904,9.3446,,,,,,,
1568427146516568,加速度计,0.8637,7.6327,6.0537,,,,,,,
1568427136509120,陀螺仪,,,,,,,,-0.0550,-0.0818,-0.0073
1568427156531568,加速度计,-0.1395,6.3668,7.2053,,,,,,,
1568427156539276,陀螺仪,,,,,,,,-0.0622,-0.1177,-0.1125
1568427166546932,加速度计,-0.5142,6.8097,8.8298,,,,,,,
1568427176562714,加速度计,0.8469,6.4823,10.9056,,,,,,,
1568427176570839,陀螺仪,,,,,,,,-0.0270,-0.1519,-0.1549
1568427186578911,加速度计,1.3821,8.1301,9.1836,,,,,,,
1568427196595526,加速度计,0.1915,7.2467,8.0002,,,,,,,
1568427206612922,加速度计,0.4238,6.8319,10.1359,,,,,,,
1568427196604224,陀螺仪,,,,,,,,0.0200,-0.1309,-0.1988
1568427216631151,加速度计,-0.1299,7.2251,7.9344,,,,,,,
1568427216640682,陀螺仪,,,,,,,,0.0832,-0.1087,-0.1768
1568427226650214,加速度计,0.7308,8.2259,9.2584,,,,,,,
1568427236670109,加速度计,-0.4196,7.4340,7.3813,,,,,,,
1568427246690474,加速度计,0.3424,7.8632,3.8403,,,,,,,
1568427236680318,陀螺仪,,,,,,,,0.1310,-0.0772,-0.1157
1568427256711255,加速度计,0.9397,7.8362,2.8449,,,,,,,
1568427256721880,陀螺仪,,,,,,,,0.0738,-0.0658,-0.0895
1568427266732453,加速度计,0.5471,8.3791,3.4866,,,,,,,
1568427276754068,加速度计,-0.7087,6.5338,11.2120,,,,,,,
1568427276764953,陀螺仪,,,,,,,,-0.0076,-0.0381,-0.0703
1568427286775734,加速度计,-0.2622,8.4126,8.0709,,,,,,,
1568427296797401,加速度计,-1.7160,7.5914,6.6451,,,,,,,
1568427296808286,陀螺仪,,,,,,,,0.0533,0.0398,0.0426
1568427306819068,加速度计,-0.7745,7.6531,0.4393,,,,,,,
1568427316840734,加速度计,-0.5920,5.6324,1.7358,,,,,,,
1568427316850839,陀螺仪,,,,,,,,-0.0839,0.0336,0.0802
1568427326860578,加速度计,0.0383,5.3277,7.2449,,,,,,,
1568427336879432,加速度计,-2.0482,5.3828,9.4559,,,,,,,
1568427336888859,陀螺仪,,,,,,,,-0.0623,0.0711,0.0961
1568427346898182,加速度计,-1.5018,7.5872,6.9833,,,,,,,
1568427356916932,加速度计,-0.5638,6.6176,6.5823,,,,,,,
1568427356926359,陀螺仪,,,,,,,,-0.0280,0.0815,0.1678
1568427366935682,加速度计,0.1574,6.9288,5.5402,,,,,,,
1568427376970682,加速度计,-0.2358,5.0727,9.7677,,,,,,,
1568427376980109,陀螺仪,,,,,,,,-0.0439,0.0790,0.0792
1568427386977141,加速度计,-0.6590,6.3087,8.7957,,,,,,,
1568427396972036,加速度计,-0.7398,6.6786,7.9482,,,,,,,
1568427406968495,加速度计,0.5369,5.6294,10.5046,,,,,,,
1568427396970214,陀螺仪,,,,,,,,0.0258,0.0531,0.0511
1568427416967349,加速度计,0.4010,5.3295,8.1223,,,,,,,
1568427416968234,陀螺仪,,,,,,,,0.1125,0.0313,-0.0454
1568427426969432,加速度计,0.5022,7.6423,6.3051,,,,,,,
1568427436975214,加速度计,1.2240,6.0903,5.8173,,,,,,,
1568427436979953,陀螺仪,,,,,,,,0.1111,-0.0273,-0.1577
1568427446985109,加速度计,0.8601,6.6673,5.4468,,,,,,,
1568427456999172,加速度计,0.3950,6.6236,4.9356,,,,,,,
1568427457008078,陀螺仪,,,,,,,,0.0847,-0.0526,-0.2185
1568427467017401,加速度计,1.5191,7.2742,4.4430,,,,,,,
1568427477039797,加速度计,0.2975,6.5553,7.2377,,,,,,,
1568427477052714,陀螺仪,,,,,,,,0.0173,-0.0694,-0.3080
1568427487065995,加速度计,0.3915,7.4968,6.8420,,,,,,,
1568427497095578,加速度计,0.1993,8.5706,6.6822,,,,,,,
1568427497111724,陀螺仪,,,,,,,,0.0020,-0.1040,-0.3350
1568427507128130,加速度计,0.7715,7.9308,11.6508,,,,,,,
1568427517162870,加速度计,0.1616,7.8889,10.1562,,,,,,,
1568427517180891,陀螺仪,,,,,,,,0.0501,-0.1072,-0.3678
1568427527198964,加速度计,0.6728,9.0776,7.5316,,,,,,,
1568427537235943,加速度计,0.9858,8.8885,4.1456,,,,,,,
1568427547273026,加速度计,-0.2017,6.8630,7.0455,,,,,,,
1568427537254536,陀螺仪,,,,,,,,0.0237,-0.1344,-0.4077
1568427557295891,加速度计,-0.4723,7.5723,5.5551,,,,,,,
1568427557305578,陀螺仪,,,,,,,,-0.0365,-0.1462,-0.4024
1568427567314901,加速度计,0.9152,7.8057,8.2624,,,,,,,
1568427577333651,加速度计,0.6955,6.9192,6.7068,,,,,,,
1568427577343078,陀螺仪,,,,,,,,-0.0278,-0.1459,-0.4282
1568427587352401,加速度计,-0.4453,7.0216,4.8878,,,,,,,
1568427597371151,加速度计,1.2731,7.6567,8.7215,,,,,,,
1568427597380578,陀螺仪,,,,,,,,-0.0497,-0.1724,-0.4438
1568427607389901,加速度计,0.6955,6.8426,8.6862,,,,,,,
1568427617408651,加速度计,-0.9732,6.8504,11.8405,,,,,,,
1568427617419641,陀螺仪,,,,,,,,-0.0013,-0.1734,-0.4527
1568427627436880,加速度计,0.9254,6.3147,5.6318,,,,,,,
1568427637447297,加速度计,0.0443,5.5115,8.4228,,,,,,,
1568427648538274,GPS,,,,31.9428,118.7883,3.1000,95.0000,,,
1568427637452557,陀螺仪,,,,,,,,0.0783,-0.1651,-0.4535
1568427647457714,加速度计,-1.5951,5.3313,2.4481,,,,,,,
1568427657468547,加速度计,-1.7867,6.4691,6.2136,,,,,,,
1568427667480214,加速度计,-1.0223,6.5188,4.4658,,,,,,,
1568427657474432,陀螺仪,,,,,,,,0.0712,-0.2232,-0.4288
1568427677493130,加速度计,0.1149,6.2614,6.8163,,,,,,,
1568427677500266,陀螺仪,,,,,,,,0.0710,-0.2360,-0.4651
1568427687507297,加速度计,0.5267,7.8656,6.7062,,,,,,,
1568427697522714,加速度计,-0.3615,6.6792,6.6104,,,,,,,
1568427697531307,陀螺仪,,,,,,,,0.0972,-0.1989,-0.5565
1568427707539797,加速度计,-1.6251,8.8986,4.0713,,,,,,,
1568427717558547,加速度计,0.0569,5.5803,6.1477,,,,,,,
1568427727578547,加速度计,1.7729,6.5284,9.9838,,,,,,,
1568427737599797,加速度计,2.3254,7.1658,10.8703,,,,,,,
1568427717568599,陀螺仪,,,,,,,,0.0137,-0.2700,-0.4141
1568427737611099,陀螺仪,,,,,,,,0.0522,-0.2566,-0.4428
1568427747622297,加速度计,3.2370,6.4296,8.0990,,,,,,,
1568427757645630,加速度计,-0.0694,9.1309,4.3461,,,,,,,
1568427757657766,陀螺仪,,,,,,,,0.0820,-0.2266,-0.5633
1568427767669797,加速度计,0.1466,6.2183,6.9115,,,,,,,
1568427777694380,加速度计,2.4062,6.2890,11.3976,,,,,,,
1568427777706932,陀螺仪,,,,,,,,0.0911,-0.2298,-0.5297
1568427787719380,加速度计,0.1670,9.5696,6.0178,,,,,,,
1568427797744380,加速度计,0.4615,9.5253,4.7525,,,,,,,
1568427797756724,陀螺仪,,,,,,,,0.1324,-0.2559,-0.6292
1568427807768964,加速度计,0.2873,6.5577,4.2964,,,,,,,
1568427817788130,加速度计,-0.2466,8.9052,3.7828,,,,,,,
1568427817797557,陀螺仪,,,,,,,,0.1141,-0.3445,-0.7159
1568427827806880,加速度计,-0.1760,8.8107,5.5701,,,,,,,
1568427837825630,加速度计,-0.3729,10.3316,4.4203,,,,,,,
1568427837835057,陀螺仪,,,,,,,,0.0326,-0.4471,-0.7991
1568427847844380,加速度计,-1.5449,7.5028,9.9868,,,,,,,
1568427857863130,加速度计,1.3186,7.2053,6.6559,,,,,,,
1568427857872557,陀螺仪,,,,,,,,0.0119,-0.4799,-0.8292
1568427867881880,加速度计,-2.5073,5.6605,5.6491,,,,,,,
1568427877908391,加速度计,-0.3448,6.7337,5.3145,,,,,,,
1568427877914484,陀螺仪,,,,,,,,-0.0426,-0.5350,-0.8128
1568427887920474,加速度计,1.6903,4.0157,9.7659,,,,,,,
1568427897932557,加速度计,-0.0814,6.6104,7.1198,,,,,,,
1568427897938859,陀螺仪,,,,,,,,0.0296,-0.5280,-0.7907
1568427907945057,加速度计,0.1203,7.4663,6.6810,,,,,,,
1568427917957974,加速度计,1.0223,7.1515,5.1439,,,,,,,
1568427917964901,陀螺仪,,,,,,,,0.0216,-0.5357,-0.7830
1568427927971724,加速度计,0.1526,7.0749,7.7428,,,,,,,
1568427937986307,加速度计,0.4184,6.0466,7.4196,,,,,,,
1568427937994276,陀螺仪,,,,,,,,0.0061,-0.5274,-0.7132
1568427948002141,加速度计,-0.7530,8.2732,6.5110,,,,,,,
1568427958019224,加速度计,1.7759,5.5743,8.7340,,,,,,,
1568427958028443,陀螺仪,,,,,,,,-0.0156,-0.5007,-0.6075
1568427968037557,加速度计,0.8176,7.0096,8.8615,,,,,,,
1568427978057141,加速度计,-0.7548,7.2760,10.2999,,,,,,,
1568427978067609,陀螺仪,,,,,,,,0.0184,-0.4515,-0.5205
1568427988077974,加速度计,0.0599,5.2319,12.6737,,,,,,,
1568427998099641,加速度计,-0.6434,7.9176,8.5359,,,,,,,
1568428008122141,加速度计,-0.7626,7.1144,7.9045,,,,,,,
1568427998110943,陀螺仪,,,,,,,,0.1630,-0.3702,-0.4268
1568428018145474,加速度计,-1.6729,7.6734,8.7382,,,,,,,
1568428018157401,陀螺仪,,,,,,,,0.1816,-0.3555,-0.2965
1568428028169224,加速度计,-0.8571,6.1327,8.7125,,,,,,,
1568428038193391,加速度计,-0.1646,9.7217,1.4293,,,,,,,
1568428038205526,陀螺仪,,,,,,,,0.2245,-0.3052,-0.2092
1568428048217557,加速度计,-3.1663,6.1184,5.0446,,,,,,,
1568428058241724,加速度计,-1.7609,9.3901,7.0479,,,,,,,
1568428058251568,陀螺仪,,,,,,,,0.1470,-0.3044,-0.0762
1568428068261307,加速度计,-1.6526,6.8414,10.6638,,,,,,,
1568428078280057,加速度计,-1.0259,7.7494,9.0890,,,,,,,
1568428078289484,陀螺仪,,,,,,,,0.2513,-0.2092,0.0462
1568428088298807,加速度计,-2.5073,7.2443,-0.2676,,,,,,,
1568428098317557,加速度计,-2.2320,7.9775,3.1358,,,,,,,
1568428098326984,陀螺仪,,,,,,,,0.1153,-0.2309,0.1341
1568428108336307,加速度计,-2.0033,8.0158,8.4928,,,,,,,
1568428118371151,加速度计,-1.8310,8.1122,13.8361,,,,,,,
1568428118419432,陀螺仪,,,,,,,,0.1041,-0.1739,0.2466
1568428128478964,加速度计,-0.3208,9.3440,8.7903,,,,,,,
1568428138403286,陀螺仪,,,,,,,,0.1648,-0.0855,0.2803
1568428138480943,加速度计,-0.8655,5.3265,6.2237,,,,,,,
1568428148328859,加速度计,-1.3832,4.8471,1.5658,,,,,,,
1568428158119120,陀螺仪,,,,,,,,0.1150,-0.0936,0.3135
1568428158186776,加速度计,-1.8687,6.5266,2.2966,,,,,,,
1568428168060734,加速度计,-0.9134,6.6248,3.3531,,,,,,,
1568428177909120,陀螺仪,,,,,,,,0.0385,-0.1127,0.3213
1568428177955734,加速度计,0.4016,7.4196,11.2761,,,,,,,
1568428187875943,加速度计,0.9864,6.4643,9.9665,,,,,,,
1568428197824484,加速度计,-0.4776,7.1754,4.7788,,,,,,,
1568428197806203,陀螺仪,,,,,,,,0.1523,-0.0418,0.2376
1568428207803026,加速度计,1.1043,6.0340,4.0378,,,,,,,
1568428217824120,陀螺仪,,,,,,,,0.1125,-0.0549,0.2095
1568428217811984,加速度计,0.5950,6.1321,12.7443,,,,,,,
1568428227850526,加速度计,0.5926,8.3414,12.5564,,,,,,,
1568428237956203,陀螺仪,,,,,,,,0.2518,-0.0137,0.1475
1568428237916568,加速度计,0.8906,7.1527,6.4464,,,,,,,
1568428248007193,加速度计,1.3761,5.4396,3.3806,,,,,,,
1568428258179120,陀螺仪,,,,,,,,0.1860,-0.0418,0.0578
1568428258118651,加速度计,0.5453,5.4636,1.1785,,,,,,,
1568428268246359,加速度计,0.3502,6.5050,6.8133,,,,,,,
1568428278457036,陀螺仪,,,,,,,,0.1358,-0.0856,-0.0816
1568428278385318,加速度计,1.7621,8.0631,5.4624,,,,,,,
1568428288530318,加速度计,0.3328,8.0457,6.0436,,,,,,,
1568428298705786,陀螺仪,,,,,,,,0.0393,-0.1477,-0.2248
1568428298654693,加速度计,1.1289,7.5842,3.6643,,,,,,,
1568428308715318,加速度计,1.2366,6.2698,11.0852,,,,,,,
1568428318743703,陀螺仪,,,,,,,,0.0581,-0.1429,-0.3286
1568428318734276,加速度计,-0.3089,6.2902,12.7108,,,,,,,
1568428328753026,加速度计,-0.8888,8.8603,6.8785,,,,,,,
1568428338781203,陀螺仪,,,,,,,,0.0405,-0.2008,-0.3103
1568428338771776,加速度计,-0.3861,7.5417,0.9529,,,,,,,
1568428348790526,加速度计,1.7831,5.9400,5.2577,,,,,,,
1568428358809276,加速度计,0.3370,6.6637,9.6612,,,,,,,
1568428358818703,陀螺仪,,,,,,,,-0.0328,-0.2228,-0.4349
1568428368828026,加速度计,-1.3168,9.8090,7.4083,,,,,,,
1568428378856828,加速度计,-0.2077,6.8839,6.4099,,,,,,,
1568428378861255,陀螺仪,,,,,,,,-0.0105,-0.2426,-0.4244
1568428388865578,加速度计,0.4184,6.3057,4.0312,,,,,,,
1568428398874380,加速度计,-1.3767,7.9841,5.8365,,,,,,,
1568428398879016,陀螺仪,,,,,,,,-0.0467,-0.2688,-0.4394
1568428408883651,加速度计,-0.6865,9.2500,7.7159,,,,,,,
1568428418893807,加速度计,-0.7985,7.0246,9.3811,,,,,,,
1568428418899484,陀螺仪,,,,,,,,-0.0407,-0.2883,-0.4193
1568428428905266,加速度计,-0.2687,8.0409,3.7122,,,,,,,
1568428438918391,加速度计,-0.8422,6.6248,5.1368,,,,,,,
1568428438925734,陀螺仪,,,,,,,,-0.0634,-0.2904,-0.3863
1568428448933182,加速度计,-1.0121,7.5136,6.7798,,,,,,,
1568428458949693,加速度计,-0.3573,8.3013,6.5044,,,,,,,
1568428458958911,陀螺仪,,,,,,,,-0.0876,-0.2764,-0.3498
1568428468968234,加速度计,-0.7763,5.5372,7.9140,,,,,,,
1568428478999328,陀螺仪,,,,,,,,-0.0288,-0.2481,-0.2828
1568428478988443,加速度计,-0.4950,6.6164,6.2890,,,,,,,
1568428489010318,加速度计,-0.2274,6.6726,6.7235,,,,,,,
1568428499033807,加速度计,-0.3322,8.0457,8.1229,,,,,,,
1568428499046151,陀螺仪,,,,,,,,0.0027,-0.2068,-0.2310
1568428509058495,加速度计,-0.9457,6.8271,7.5800,,,,,,,
1568428519084016,加速度计,-0.4010,5.9903,8.2019,,,,,,,
1568428519097193,陀螺仪,,,,,,,,0.0465,-0.1888,-0.1694
1568428529110318,加速度计,0.0293,8.3935,5.7431,,,,,,,
1568428539150370,陀螺仪,,,,,,,,0.0121,-0.1727,-0.1470
1568428539136984,加速度计,-0.5303,9.3984,5.8790,,,,,,,
1568428549163547,加速度计,-0.5704,8.1307,7.1826,,,,,,,
1568428559188495,加速度计,0.1963,6.7732,8.9878,,,,,,,
1568428559197922,陀螺仪,,,,,,,,-0.0419,-0.1563,-0.1286
1568428569207245,加速度计,-0.3938,4.5873,9.7115,,,,,,,
1568428579235422,陀螺仪,,,,,,,,0.0499,-0.1069,-0.1161
1568428579225995,加速度计,-1.4503,6.8767,6.1214,,,,,,,
1568428589244745,加速度计,-0.4268,6.9109,5.3660,,,,,,,
1568428599263495,加速度计,0.0018,7.7201,7.4591,,,,,,,
1568428599272922,陀螺仪,,,,,,,,0.0373,-0.1242,-0.1060
1568428609282245,加速度计,-0.5130,5.8305,8.8131,,,,,,,
1568428619301151,加速度计,-0.6620,9.0249,3.7763,,,,,,,
1568428619311203,陀螺仪,,,,,,,,0.1188,-0.0887,-0.0977
1568428629324068,加速度计,-0.2939,8.5982,0.5584,,,,,,,
1568428651549680,GPS,,,,31.9428,118.7883,3.1600,109.7000,,,
1568428639339068,加速度计,1.0277,7.3939,5.8664,,,,,,,
1568428639346620,陀螺仪,,,,,,,,-0.0599,-0.1357,-0.1205
1568428649354068,加速度计,-0.5106,5.6880,13.7685,,,,,,,
1568428659369120,加速度计,-0.3124,7.5429,10.2017,,,,,,,
1568428659376880,陀螺仪,,,,,,,,0.0629,-0.0751,-0.1221
1568428669384589,加速度计,-0.9266,7.2556,7.8404,,,,,,,
1568428679400474,加速度计,0.2897,6.7588,2.3224,,,,,,,
1568428679408651,陀螺仪,,,,,,,,0.0795,-0.0863,-0.1162
1568428689416776,加速度计,0.4543,5.5474,7.6052,,,,,,,
1568428699442349,陀螺仪,,,,,,,,0.0736,-0.1193,-0.2216
1568428699433547,加速度计,-0.5806,6.5296,7.1778,,,,,,,
1568428709451151,加速度计,-0.5237,6.9851,7.9290,,,,,,,
1568428719469589,加速度计,-0.0132,7.7303,3.8978,,,,,,,
1568428719479224,陀螺仪,,,,,,,,0.0927,-0.1489,-0.2743
1568428729488859,加速度计,0.0820,6.4015,4.6920,,,,,,,
1568428739508911,加速度计,-0.0198,6.5320,5.7856,,,,,,,
1568428739519172,陀螺仪,,,,,,,,0.0406,-0.1840,-0.3439
1568428749529380,加速度计,0.2316,6.9935,5.7114,,,,,,,
1568428759550266,加速度计,-0.2933,6.2632,7.4537,,,,,,,
1568428759560943,陀螺仪,,,,,,,,0.0256,-0.1992,-0.3710
1568428769571568,加速度计,-0.3669,6.3931,6.5745,,,,,,,
1568428779593234,加速度计,0.3986,6.5912,4.3054,,,,,,,
1568428779604120,陀螺仪,,,,,,,,0.0241,-0.1981,-0.3627
1568428789614901,加速度计,0.5471,7.3987,7.8470,,,,,,,
1568428799636568,加速度计,-0.3711,5.7066,10.5578,,,,,,,
1568428799647453,陀螺仪,,,,,,,,0.0097,-0.2045,-0.3977
1568428809658234,加速度计,-0.2604,7.2909,10.1275,,,,,,,
1568428819679641,加速度计,-0.2304,7.7584,6.1100,,,,,,,
1568428819689484,陀螺仪,,,,,,,,0.0656,-0.2132,-0.4282
1568428829699120,加速度计,0.8715,7.0407,7.6614,,,,,,,
1568428839717870,加速度计,0.0036,7.0252,5.6156,,,,,,,
1568428839727297,陀螺仪,,,,,,,,0.0662,-0.2238,-0.4779
1568428849736620,加速度计,0.1197,7.7255,5.2337,,,,,,,
1568428859755370,加速度计,-0.1772,6.8911,5.9424,,,,,,,
1568428859764797,陀螺仪,,,,,,,,0.0003,-0.2558,-0.5135
1568428869774901,加速度计,0.0455,6.8247,5.4755,,,,,,,
1568428879812505,加速度计,0.3430,7.6184,6.4416,,,,,,,
1568428879811307,陀螺仪,,,,,,,,-0.0390,-0.2956,-0.5406
1568428889810109,加速度计,0.7913,7.3376,7.6375,,,,,,,
1568428899808599,加速度计,-0.0904,7.8703,7.9853,,,,,,,
1568428899808443,陀螺仪,,,,,,,,-0.0461,-0.3358,-0.6322
1568428909808443,加速度计,0.7715,6.8630,7.4861,,,,,,,
1568428919810474,加速度计,1.1983,7.0282,6.4775,,,,,,,
1568428919812818,陀螺仪,,,,,,,,-0.0230,-0.3726,-0.7232
1568428929815474,加速度计,0.6021,6.8779,5.5815,,,,,,,
1568428939829484,陀螺仪,,,,,,,,-0.0421,-0.4298,-0.8001
1568428939823807,加速度计,-0.3154,8.0589,7.3275,,,,,,,
1568428949835526,加速度计,1.4054,6.6038,8.2367,,,,,,,
1568428959850995,加速度计,0.5076,8.2289,7.0342,,,,,,,
1568428959860422,陀螺仪,,,,,,,,0.0061,-0.4521,-0.8547
1568428969870214,加速度计,0.4872,7.2095,6.5870,,,,,,,
1568428979893130,加速度计,0.7278,8.2432,5.9933,,,,,,,
1568428979906099,陀螺仪,,,,,,,,-0.0112,-0.5015,-0.8938
1568428989919328,加速度计,0.4549,6.7858,5.9101,,,,,,,
1568428999948391,加速度计,0.5339,6.8205,5.1062,,,,,,,
1568428999964068,陀螺仪,,,,,,,,-0.0358,-0.5033,-0.9200
1568429009979849,加速度计,-1.3569,6.7852,4.5496,,,,,,,
1568429020012922,加速度计,0.9780,6.2620,9.6235,,,,,,,
1568429020030057,陀螺仪,,,,,,,,-0.0884,-0.5414,-0.8357
1568429030047141,加速度计,1.2432,7.2293,9.4876,,,,,,,
1568429040081724,加速度计,0.0293,7.7476,8.6802,,,,,,,
1568429040099068,陀螺仪,,,,,,,,0.0095,-0.4856,-0.8155
1568429050114484,加速度计,0.5507,6.7588,6.2309,,,,,,,
1568429060134328,加速度计,0.6835,5.8712,7.1700,,,,,,,
1568429060143755,陀螺仪,,,,,,,,0.0349,-0.4816,-0.7679
1568429070153078,加速度计,-0.1550,7.1712,9.2153,,,,,,,
1568429080171828,加速度计,-0.4339,7.4023,6.6463,,,,,,,
1568429080181255,陀螺仪,,,,,,,,0.1125,-0.4585,-0.7003
1568429090190578,加速度计,0.4148,7.6908,4.6825,,,,,,,
1568429100209328,加速度计,0.2693,6.7403,8.1930,,,,,,,
1568429100218755,陀螺仪,,,,,,,,0.0931,-0.4435,-0.6377
1568429110228078,加速度计,-0.8900,7.4065,9.6121,,,,,,,
1568429120247349,加速度计,-1.5886,7.9356,8.0709,,,,,,,
1568429120258859,陀螺仪,,,,,,,,0.1714,-0.3945,-0.5201
1568429130273078,加速度计,-0.3585,8.7011,4.7549,,,,,,,
1568429140288130,陀螺仪,,,,,,,,0.1105,-0.3734,-0.4296
1568429140283078,加速度计,0.3124,7.7201,7.3484,,,,,,,
1568429150293182,加速度计,-2.1141,6.9767,8.5323,,,,,,,
1568429160309484,陀螺仪,,,,,,,,0.1495,-0.3127,-0.3164
1568429160303807,加速度计,-0.8469,6.5661,9.3116,,,,,,,
1568429170315370,加速度计,-1.2971,7.6219,5.6060,,,,,,,
1568429180335109,陀螺仪,,,,,,,,0.1619,-0.2904,-0.2658
1568429180328182,加速度计,-0.5459,5.5252,6.7774,,,,,,,
1568429190342349,加速度计,-1.4922,7.1551,6.7283,,,,,,,
1568429200358182,加速度计,-1.9896,7.5058,7.7710,,,,,,,
1568429200366776,陀螺仪,,,,,,,,0.1992,-0.2915,-0.2380
1568429210375682,加速度计,-0.4944,7.9835,4.4394,,,,,,,
1568429220394849,加速度计,-0.5237,7.8099,3.5332,,,,,,,
1568429220405109,陀螺仪,,,,,,,,0.1453,-0.2887,-0.2326
1568429230415578,加速度计,-2.9963,6.6295,6.8558,,,,,,,
1568429240437557,加速度计,-0.2304,5.7162,11.4910,,,,,,,
1568429240449068,陀螺仪,,,,,,,,0.1333,-0.2943,-0.1433
1568429250460682,加速度计,0.8410,7.4035,9.0668,,,,,,,
1568429260496984,陀螺仪,,,,,,,,0.2060,-0.2417,-0.1507
1568429260484641,加速度计,-1.6544,7.4346,6.7702,,,,,,,
1568429270509328,加速度计,0.2813,7.6465,3.7445,,,,,,,
1568429280547193,陀螺仪,,,,,,,,0.1328,-0.2489,-0.1691
1568429280534432,加速度计,0.8003,5.3774,9.0112,,,,,,,
1568429290559849,加速度计,-0.2646,6.9300,7.1736,,,,,,,
1568429300584745,加速度计,-0.5207,6.2070,6.9959,,,,,,,
1568429300596464,陀螺仪,,,,,,,,0.1389,-0.2302,-0.1964
1568429310606932,加速度计,0.4866,5.6689,7.4220,,,,,,,
1568429320625682,加速度计,0.8505,5.9071,7.7895,,,,,,,
1568429320635109,陀螺仪,,,,,,,,0.1694,-0.2218,-0.2234
1568429330644432,加速度计,0.4752,6.2399,7.4627,,,,,,,
1568429340663182,加速度计,0.6255,7.3466,6.3111,,,,,,,
1568429340672609,陀螺仪,,,,,,,,0.1957,-0.2189,-0.2960
1568429350681932,加速度计,0.2568,8.0834,3.8571,,,,,,,
1568429360700682,加速度计,1.5060,6.3488,5.2744,,,,,,,
1568429360710109,陀螺仪,,,,,,,,0.1013,-0.2704,-0.3895
1568429370719745,加速度计,0.7643,6.9264,7.1210,,,,,,,
1568429380749484,陀螺仪,,,,,,,,0.0743,-0.2931,-0.4637
1568429380741307,加速度计,-0.9158,6.9611,10.2687,,,,,,,
1568429390757557,加速度计,0.2083,7.2688,10.3238,,,,,,,
1568429400781984,陀螺仪,,,,,,,,0.1314,-0.2739,-0.4514
1568429400773807,加速度计,0.5363,7.2670,7.5357,,,,,,,
1568429410790057,加速度计,0.2280,6.2920,6.2704,,,,,,,
1568429420814797,陀螺仪,,,,,,,,0.1044,-0.2800,-0.5159
1568429420806411,加速度计,0.7386,7.0695,4.5897,,,,,,,
1568429430823182,加速度计,-1.4868,7.2401,9.5391,,,,,,,
1568429440849172,陀螺仪,,,,,,,,0.1344,-0.3184,-0.5260
1568429440840370,加速度计,-0.5130,7.2778,8.6317,,,,,,,
1568429450857974,加速度计,1.2181,8.7843,5.4594,,,,,,,
1568429460875995,加速度计,-0.0443,7.4130,5.1326,,,,,,,
1568429460885214,陀螺仪,,,,,,,,0.0876,-0.3531,-0.6273
1568429470894432,加速度计,-1.3449,6.8971,7.9811,,,,,,,
1568429480913286,加速度计,-0.0150,8.2265,6.1609,,,,,,,
1568429480922922,陀螺仪,,,,,,,,0.0879,-0.4152,-0.6839
1568429490932557,加速度计,-0.2933,7.0312,5.4169,,,,,,,
1568429500952245,加速度计,-0.7643,7.9051,3.5871,,,,,,,
1568429500962297,陀螺仪,,,,,,,,0.0546,-0.4539,-0.7304
1568429510972349,加速度计,-1.5317,6.7301,6.5553,,,,,,,
1568429520992870,加速度计,-0.2047,8.0457,9.3272,,,,,,,
1568429521003339,陀螺仪,,,,,,,,0.0348,-0.5025,-0.7290
1568429531013703,加速度计,-1.1378,7.3472,10.2999,,,,,,,
1568429541045005,陀螺仪,,,,,,,,0.1189,-0.5121,-0.7005
1568429541034536,加速度计,-1.5748,7.8985,6.6996,,,,,,,
1568429551055370,加速度计,-0.2328,6.7810,5.9011,,,,,,,
1568429561076203,加速度计,-0.1353,7.7602,6.8079,,,,,,,
1568429561086672,陀螺仪,,,,,,,,0.1007,-0.5324,-0.6714
1568429571097036,加速度计,-1.9249,7.4160,10.8637,,,,,,,
1568429581117453,加速度计,-0.8098,6.8564,6.0244,,,,,,,
1568429581127089,陀螺仪,,,,,,,,0.1804,-0.5135,-0.6185
1568429591136516,加速度计,-1.1672,7.9158,2.6181,,,,,,,
1568429601164693,陀螺仪,,,,,,,,0.1100,-0.5365,-0.5325
1568429601155266,加速度计,-1.0882,6.9396,6.1423,,,,,,,
1568429611174016,加速度计,-0.0192,6.7774,8.1086,,,,,,,
1568429621193807,加速度计,-2.5558,6.8636,8.2600,,,,,,,
1568429621207453,陀螺仪,,,,,,,,0.1570,-0.4816,-0.4525
1568429631217401,加速度计,-1.7208,7.9045,4.3030,,,,,,,
1568429651610981,GPS,,,,31.9428,118.7884,3.3200,134.1000,,,
1568429641227818,加速度计,-0.5997,6.9073,7.8380,,,,,,,
1568429641233078,陀螺仪,,,,,,,,0.1140,-0.4848,-0.3293
1568429651238391,加速度计,-1.2905,6.4512,12.7551,,,,,,,
1568429661249536,加速度计,-2.1799,7.8691,6.0561,,,,,,,
1568429661255422,陀螺仪,,,,,,,,0.2384,-0.3823,-0.2294
1568429671261672,加速度计,-0.7117,7.6668,3.6326,,,,,,,
1568429681282193,陀螺仪,,,,,,,,0.1418,-0.3722,-0.1210
1568429681275057,加速度计,-1.1660,7.3041,6.5685,,,,,,,
1568429691289693,加速度计,-1.4557,6.3410,10.9146,,,,,,,
1568429701314328,陀螺仪,,,,,,,,0.2272,-0.3084,-0.0325
1568429701305734,加速度计,-1.6897,8.6167,8.5222,,,,,,,
1568429711323443,加速度计,-1.8124,7.7997,4.0564,,,,,,,
1568429721342661,加速度计,-0.9810,5.8724,3.0496,,,,,,,
1568429721352714,陀螺仪,,,,,,,,0.1611,-0.3073,0.0008
1568429731363130,加速度计,-1.7394,6.5685,3.7493,,,,,,,
1568429741384849,加速度计,-1.7771,7.3670,6.4853,,,,,,,
1568429741396151,陀螺仪,,,,,,,,0.0732,-0.3204,-0.0077
1568429751407661,加速度计,-1.7609,7.2365,11.1444,,,,,,,
1568429761431307,加速度计,-1.2528,7.1413,11.6741,,,,,,,
1568429761443443,陀螺仪,,,,,,,,0.1441,-0.2980,0.0031
1568429771455630,加速度计,-0.7877,8.4246,7.1425,,,,,,,
1568429781492922,陀螺仪,,,,,,,,0.1459,-0.2971,-0.0164
1568429781480370,加速度计,-1.3437,6.2195,4.8560,,,,,,,
1568429791505370,加速度计,-0.7943,6.9581,5.6503,,,,,,,
1568429801530214,加速度计,-1.1223,6.1914,8.1720,,,,,,,
1568429801542557,陀螺仪,,,,,,,,0.0981,-0.3429,-0.0953
1568429811552609,加速度计,-0.2592,6.1124,7.4526,,,,,,,
1568429821571359,加速度计,-1.0714,6.6128,6.1501,,,,,,,
1568429821580786,陀螺仪,,,,,,,,0.1278,-0.3723,-0.1662
1568429831590109,加速度计,0.3280,6.2171,6.5781,,,,,,,
1568429841618286,陀螺仪,,,,,,,,0.1455,-0.4040,-0.2316
1568429841608859,加速度计,-0.1101,7.2365,6.1860,,,,,,,
1568429851627609,加速度计,-0.3100,7.6531,6.5170,,,,,,,
1568429861646359,加速度计,0.6656,6.5266,9.3524,,,,,,,
1568429861655786,陀螺仪,,,,,,,,0.1454,-0.4081,-0.2550
1568429871665891,加速度计,0.3819,8.0415,7.3646,,,,,,,
1568429881695005,陀螺仪,,,,,,,,0.1645,-0.4152,-0.3028
1568429881688495,加速度计,-0.7985,7.1365,7.1970,,,,,,,
1568429891701411,加速度计,-0.0078,7.3957,6.6313,,,,,,,
1568429901714484,加速度计,-1.2192,6.6738,3.9151,,,,,,,
1568429901721203,陀螺仪,,,,,,,,0.1505,-0.4527,-0.3234
1568429911727974,加速度计,-0.5225,6.5487,5.4516,,,,,,,
1568429921742036,加速度计,-0.2221,7.7177,6.4907,,,,,,,
1568429921749380,陀螺仪,,,,,,,,0.0867,-0.5048,-0.3551
1568429931756932,加速度计,-0.7823,6.5793,10.5093,,,,,,,
1568429941780839,陀螺仪,,,,,,,,0.1309,-0.4965,-0.3951
1568429941772661,加速度计,-0.7308,6.6254,9.8635,,,,,,,
1568429951789224,加速度计,-0.3932,7.5603,6.3841,,,,,,,
1568429961806620,加速度计,-0.7799,6.4440,5.5240,,,,,,,
1568429961815630,陀螺仪,,,,,,,,0.1112,-0.5016,-0.3746
1568429971825005,加速度计,-1.1259,7.5076,6.2279,,,,,,,
1568429981854536,陀螺仪,,,,,,,,0.0715,-0.5132,-0.3169
1568429981844484,加速度计,-0.3825,6.8331,10.4220,,,,,,,
1568429991864797,加速度计,0.5399,7.2544,8.4647,,,,,,,
1568430001885943,加速度计,-0.3286,6.8570,6.2537,,,,,,,
1568430001896828,陀螺仪,,,,,,,,0.1165,-0.4920,-0.3433
1568430011907922,加速度计,-0.9936,5.8885,4.4813,,,,,,,
1568430021942089,陀螺仪,,,,,,,,0.1040,-0.5152,-0.2747
1568430021930578,加速度计,0.2251,6.3063,6.9091,,,,,,,
1568430031953651,加速度计,-0.1574,7.3957,9.3859,,,,,,,
1568430041988703,陀螺仪,,,,,,,,0.1706,-0.4567,-0.2523
1568430041976984,加速度计,-0.1041,8.4856,9.1650,,,,,,,
1568430052000318,加速度计,-0.2017,8.6143,3.7739,,,,,,,
1568430062023182,加速度计,-0.8511,6.5948,5.7132,,,,,,,
1568430062034276,陀螺仪,,,,,,,,0.1067,-0.4566,-0.2012
1568430072044172,加速度计,-0.3280,6.7193,6.3075,,,,,,,
1568430082063182,加速度计,-0.7709,7.7632,6.9755,,,,,,,
1568430082072609,陀螺仪,,,,,,,,0.0943,-0.4499,-0.1513
1568430092081932,加速度计,-0.5620,7.8494,8.0355,,,,,,,
1568430102100682,加速度计,-0.1652,7.4238,8.5946,,,,,,,
1568430102110109,陀螺仪,,,,,,,,0.1204,-0.4353,-0.1418
1568430112119432,加速度计,-1.1193,7.0479,7.6758,,,,,,,
1568430122140526,加速度计,-0.9020,8.6832,3.9325,,,,,,,
1568430122162974,陀螺仪,,,,,,,,0.1519,-0.4232,-0.0835
1568430132172089,加速度计,0.2819,7.2604,5.6563,,,,,,,
1568430142166620,陀螺仪,,,,,,,,0.1234,-0.3880,-0.0458
1568430142168234,加速度计,-0.6207,6.9372,6.3722,,,,,,,
1568430152165526,加速度计,-0.9307,7.5639,5.2672,,,,,,,
1568430162164797,加速度计,0.3615,7.1491,6.8522,,,,,,,
1568430162165266,陀螺仪,,,,,,,,0.0993,-0.3711,0.0185
1568430172166724,加速度计,0.2388,8.1924,6.1369,,,,,,,
1568430182175318,陀螺仪,,,,,,,,0.1016,-0.3127,0.0585
1568430182171724,加速度计,-0.5549,7.0515,5.3816,,,,,,,
1568430192180214,加速度计,-0.5752,7.2071,4.5639,,,,,,,
1568430202192453,加速度计,-0.4573,7.8135,5.8915,,,,,,,
1568430202199797,陀螺仪,,,,,,,,0.0562,-0.2882,0.1326
1568430212208599,加速度计,0.1778,6.6966,7.6321,,,,,,,
1568430222228755,加速度计,0.1257,8.0912,3.3411,,,,,,,
1568430222240057,陀螺仪,,,,,,,,0.0519,-0.2495,0.1567
1568430232252505,加速度计,-0.0790,7.9344,7.3915,,,,,,,
1568430242279432,加速度计,-0.3831,6.8384,10.0940,,,,,,,
1568430242293859,陀螺仪,,,,,,,,0.0241,-0.2164,0.1739
1568430252309120,加速度计,0.0024,6.0454,7.8703,,,,,,,
1568430262341151,加速度计,-0.7063,8.1780,3.6937,,,,,,,
1568430262357870,陀螺仪,,,,,,,,0.0738,-0.1696,0.1903
1568430272374953,加速度计,0.1395,6.7235,4.7112,,,,,,,
1568430282409849,加速度计,0.1137,6.1896,7.7644,,,,,,,
1568430282427609,陀螺仪,,,,,,,,0.0092,-0.1469,0.2437
1568430292445266,加速度计,0.9547,7.8745,6.4500,,,,,,,
1568430302476151,加速度计,0.8661,7.3352,7.9805,,,,,,,
1568430302487870,陀螺仪,,,,,,,,0.0080,-0.0776,0.2482
1568430312497922,加速度计,-0.0503,6.8732,7.0809,,,,,,,
1568430322516932,加速度计,0.4645,6.6559,5.9382,,,,,,,
1568430322526359,陀螺仪,,,,,,,,-0.0063,-0.0349,0.2591
1568430332535682,加速度计,0.6883,7.0402,7.0473,,,,,,,
1568430342563859,陀螺仪,,,,,,,,-0.0320,-0.0036,0.2637
1568430342554432,加速度计,-0.1676,5.9035,7.9188,,,,,,,
1568430352573182,加速度计,0.7979,6.6445,6.1734,,,,,,,
1568430362601359,陀螺仪,,,,,,,,-0.0419,0.0197,0.2329
1568430362591932,加速度计,-0.0814,7.4190,5.5893,,,,,,,
1568430372612245,加速度计,-0.9355,5.4366,8.8621,,,,,,,
1568430382639641,陀螺仪,,,,,,,,-0.0009,0.0491,0.2324
1568430382634172,加速度计,-0.3047,6.5062,9.1159,,,,,,,
1568430392645005,加速度计,0.0132,7.9069,5.8676,,,,,,,
1568430402656047,加速度计,-0.2011,8.1983,6.9204,,,,,,,
1568430402661724,陀螺仪,,,,,,,,-0.0300,0.0509,0.2213
1568430412667714,加速度计,-0.7308,5.8299,8.6850,,,,,,,
1568430422680214,加速度计,0.3316,7.5950,8.2899,,,,,,,
1568430422686724,陀螺仪,,,,,,,,-0.0079,0.0814,0.1924
1568430432693755,加速度计,0.0138,7.0090,7.1281,,,,,,,
1568430442708547,加速度计,-0.6464,5.6653,7.8021,,,,,,,
1568430442716307,陀螺仪,,,,,,,,0.0047,0.0694,0.1511
1568430452724589,加速度计,-0.7338,7.1940,5.0895,,,,,,,
1568430462741880,加速度计,0.3142,6.7588,6.7798,,,,,,,
1568430462750891,陀螺仪,,,,,,,,-0.0029,0.0506,0.1108
1568430472760422,加速度计,0.1359,6.9929,9.6211,,,,,,,
1568430482780214,加速度计,-1.5281,7.4118,8.7532,,,,,,,
1568430482790474,陀螺仪,,,,,,,,0.0582,0.0499,0.0406
1568430492801255,加速度计,-0.3214,8.4647,6.0513,,,,,,,
1568430502835057,陀螺仪,,,,,,,,0.0409,0.0117,-0.0105
1568430502823547,加速度计,0.3136,6.0047,7.8739,,,,,,,
1568430512846880,加速度计,-0.2616,6.8618,10.4285,,,,,,,
1568430522883391,陀螺仪,,,,,,,,0.1430,0.0128,-0.0458
1568430522871047,加速度计,-0.9272,7.5429,10.7679,,,,,,,
1568430532895839,加速度计,0.8517,8.2271,4.9979,,,,,,,
1568430542920839,加速度计,0.7703,7.6028,1.6089,,,,,,,
1568430542933391,陀螺仪,,,,,,,,0.1277,-0.0036,-0.1170
1568430552945839,加速度计,0.3322,6.5960,4.2228,,,,,,,
1568430562969172,加速度计,-0.6572,6.5835,8.2079,,,,,,,
1568430562980057,陀螺仪,,,,,,,,0.0724,-0.0466,-0.2028
1568430572989380,加速度计,-0.4974,8.3905,8.9932,,,,,,,
1568430583017557,陀螺仪,,,,,,,,0.1095,-0.0617,-0.2282
1568430583008130,加速度计,0.7099,7.1928,6.4973,,,,,,,
1568430593026880,加速度计,0.3466,6.6786,3.4387,,,,,,,
1568430603045630,加速度计,1.4700,6.2860,3.8361,,,,,,,
1568430603055057,陀螺仪,,,,,,,,0.0554,-0.0573,-0.2587
1568430613064380,加速度计,0.9637,6.0729,6.2339,,,,,,,
1568430623085005,加速度计,-0.1275,7.4346,8.0625,,,,,,,
1568430623102557,陀螺仪,,,,,,,,0.0487,-0.0427,-0.2514
1568430633106672,加速度计,1.8794,6.8187,6.9605,,,,,,,
1568430646926762,GPS,,,,31.9428,118.7884,3.6600,161.1000,,,
1568430643115266,加速度计,2.0728,7.9158,5.5623,,,,,,,
1568430643119745,陀螺仪,,,,,,,,0.0776,-0.0123,-0.2875
1568430653124276,加速度计,0.7063,6.8863,6.2644,,,,,,,
1568430663133964,加速度计,1.2851,7.2592,7.5549,,,,,,,
1568430663139172,陀螺仪,,,,,,,,0.0698,-0.0427,-0.3422
1568430673144745,加速度计,0.6297,7.8697,8.5311,,,,,,,
1568430683157036,加速度计,-0.0060,8.1481,4.3299,,,,,,,
1568430683163755,陀螺仪,,,,,,,,0.1224,-0.0695,-0.4526
1568430693170995,加速度计,-0.3340,7.1431,1.7879,,,,,,,
1568430703186620,加速度计,-0.8691,8.2732,2.3152,,,,,,,
1568430703195057,陀螺仪,,,,,,,,-0.0079,-0.1804,-0.5183
1568430713204172,加速度计,-1.7250,6.9935,9.3368,,,,,,,
1568430723223547,加速度计,-1.2432,8.6538,10.0108,,,,,,,
1568430723233807,陀螺仪,,,,,,,,0.0313,-0.2748,-0.6004
1568430733244589,加速度计,-1.0786,8.0302,6.4105,,,,,,,
1568430743267297,加速度计,-0.6865,7.5352,4.0642,,,,,,,
1568430743279172,陀螺仪,,,,,,,,0.0237,-0.3700,-0.7218
1568430753291411,加速度计,-2.0381,6.3201,4.7543,,,,,,,
1568430763316516,加速度计,-1.0313,8.1977,7.4567,,,,,,,
1568430763329380,陀螺仪,,,,,,,,-0.0253,-0.4846,-0.7627
1568430773342453,加速度计,-0.6913,7.2616,9.4182,,,,,,,
1568430783368964,加速度计,-1.3719,9.7115,8.2432,,,,,,,
1568430783382349,陀螺仪,,,,,,,,0.0059,-0.5637,-0.8366
1568430793395630,加速度计,0.4280,6.4512,9.2344,,,,,,,
1568430803421516,加速度计,-0.2496,7.1323,8.2367,,,,,,,
1568430803433495,陀螺仪,,,,,,,,0.0397,-0.5677,-0.8135
1568430813443026,加速度计,-1.0373,9.0950,7.4753,,,,,,,
1568430823461932,加速度计,0.3651,7.8177,9.5912,,,,,,,
1568430823471359,陀螺仪,,,,,,,,0.0067,-0.5903,-0.6954
1568430833480682,加速度计,0.3346,6.2896,9.8336,,,,,,,
1568430843499432,加速度计,0.5962,7.5609,2.6300,,,,,,,
1568430843508859,陀螺仪,,,,,,,,0.0619,-0.5389,-0.6080
1568430853518182,加速度计,-0.0988,6.2902,5.4097,,,,,,,
1568430863536932,加速度计,-1.2396,6.3201,8.3151,,,,,,,
1568430863547089,陀螺仪,,,,,,,,-0.0104,-0.5248,-0.5015
1568430873559328,加速度计,-0.0443,6.8785,9.8282,,,,,,,
1568430883588078,加速度计,-0.4944,7.2107,8.9944,,,,,,,
1568430883584797,陀螺仪,,,,,,,,0.0638,-0.4823,-0.4206
1568430893581828,加速度计,-0.7638,6.6224,6.0891,,,,,,,
1568430903576828,加速度计,-2.0381,6.4631,7.3801,,,,,,,
1568430903574797,陀螺仪,,,,,,,,0.0920,-0.4670,-0.3129
1568430913573911,加速度计,-2.3355,6.9994,5.5821,,,,,,,
1568430923573911,加速度计,-0.5183,7.8829,5.8939,,,,,,,
1568430923574797,陀螺仪,,,,,,,,0.1032,-0.4625,-0.1766
1568430933577453,加速度计,-0.9667,6.2088,6.6679,,,,,,,
1568430943584953,加速度计,-1.4772,7.3233,7.1126,,,,,,,
1568430943589797,陀螺仪,,,,,,,,0.1139,-0.4277,-0.1369
1568430953596828,加速度计,-2.0961,8.0062,6.8905,,,,,,,
1568430963613286,加速度计,-1.1037,7.4549,6.5859,,,,,,,
1568430963622714,陀螺仪,,,,,,,,0.1097,-0.4320,-0.0312
1568430973634120,加速度计,0.1598,6.0974,7.2065,,,,,,,
1568430983659120,加速度计,-0.6099,5.6264,7.7452,,,,,,,
1568430983672714,陀螺仪,,,,,,,,0.1437,-0.3906,-0.0202
1568430993687870,加速度计,-1.3030,6.9049,5.1619,,,,,,,
1568431003736464,陀螺仪,,,,,,,,0.1313,-0.3719,0.0606
1568431003719745,加速度计,-1.7807,7.6040,5.6150,,,,,,,
1568431013754120,加速度计,-0.7632,7.3694,7.2425,,,,,,,
1568431023790370,加速度计,-0.9571,5.7682,8.5180,,,,,,,
1568431023808964,陀螺仪,,,,,,,,0.1132,-0.3369,0.1527
1568431033827870,加速度计,-0.9218,6.9282,7.9404,,,,,,,
1568431043865786,加速度计,-0.7015,7.6501,5.2170,,,,,,,
1568431043884797,陀螺仪,,,,,,,,0.1565,-0.2925,0.2077
1568431053895370,加速度计,-1.0888,7.1443,5.1721,,,,,,,
1568431063915370,加速度计,-1.2282,6.3913,4.7585,,,,,,,
1568431063924797,陀螺仪,,,,,,,,0.1139,-0.2258,0.3209
1568431073934120,加速度计,-1.4275,8.2121,1.4048,,,,,,,
1568431083952870,加速度计,-0.5112,6.5308,7.7129,,,,,,,
1568431083962297,陀螺仪,,,,,,,,-0.0403,-0.1911,0.4236
1568431093971620,加速度计,0.0341,8.1187,9.8222,,,,,,,
1568431103990370,加速度计,-0.7278,7.1611,9.0836,,,,,,,
1568431103999797,陀螺仪,,,,,,,,0.0024,-0.1161,0.4400
1568431114009120,加速度计,-0.6596,7.8841,3.9510,,,,,,,
1568431124029953,加速度计,-0.5375,6.0011,6.5727,,,,,,,
1568431124045526,陀螺仪,,,,,,,,-0.0613,-0.0875,0.4968
1568431134050891,加速度计,0.1921,5.9125,8.1128,,,,,,,
1568431144061724,加速度计,-0.6782,7.8895,6.3913,,,,,,,
1568431144067245,陀螺仪,,,,,,,,-0.0328,-0.0324,0.5027
1568431154072818,加速度计,0.0617,7.9859,5.3923,,,,,,,
1568431164084589,加速度计,0.9918,6.4314,4.7854,,,,,,,
1568431164090786,陀螺仪,,,,,,,,-0.0557,-0.0192,0.4710
1568431174097193,加速度计,0.4471,7.2610,5.4929,,,,,,,
1568431184110891,加速度计,0.8446,7.7871,8.9920,,,,,,,
1568431184118182,陀螺仪,,,,,,,,-0.0878,0.0059,0.4264
1568431194125839,加速度计,1.7980,7.4891,10.4082,,,,,,,
1568431204142036,加速度计,1.0253,6.1752,6.7337,,,,,,,
1568431204150578,陀螺仪,,,,,,,,-0.0067,0.0073,0.2779
1568431214159484,加速度计,2.0913,7.1449,2.7132,,,,,,,
1568431224178182,加速度计,1.4724,6.6738,4.5586,,,,,,,
1568431224187974,陀螺仪,,,,,,,,-0.0696,-0.0461,0.1582
1568431234198130,加速度计,1.6538,6.9168,8.2540,,,,,,,
1568431244219328,加速度计,1.4018,7.7159,9.7564,,,,,,,
1568431244230370,陀螺仪,,,,,,,,-0.0487,-0.0858,-0.0064
1568431254241776,加速度计,1.8603,7.7057,7.5423,,,,,,,
1568431264265214,加速度计,1.3599,6.9917,3.5057,,,,,,,
1568431264277245,陀螺仪,,,,,,,,-0.0418,-0.1530,-0.2052
1568431274289484,加速度计,0.6740,5.6276,5.0697,,,,,,,
1568431284314328,加速度计,-0.7835,5.7802,10.1861,,,,,,,
1568431284326880,陀螺仪,,,,,,,,-0.0868,-0.2505,-0.2782
1568431294339328,加速度计,0.2975,6.9025,11.0097,,,,,,,
1568431304364328,加速度计,2.0291,8.9645,5.8281,,,,,,,
1568431304376411,陀螺仪,,,,,,,,0.0340,-0.3009,-0.3659
1568431314386984,加速度计,1.9106,6.6613,4.6076,,,,,,,
1568431324406932,加速度计,-0.0617,6.5098,5.6551,,,,,,,
1568431324416516,陀螺仪,,,,,,,,-0.0252,-0.3260,-0.4286
1568431334425839,加速度计,-0.3172,7.6620,7.9511,,,,,,,
1568431344444589,加速度计,-0.1754,8.0176,7.9727,,,,,,,
1568431344454016,陀螺仪,,,,,,,,-0.0149,-0.3575,-0.3569
1568431354463339,加速度计,1.0247,6.7038,7.4956,,,,,,,
1568431364482089,加速度计,0.7260,5.7622,6.5308,,,,,,,
1568431364491672,陀螺仪,,,,,,,,0.0261,-0.3461,-0.3463
1568431374501620,加速度计,-1.1887,7.3275,6.4847,,,,,,,
1568431384521464,加速度计,-0.6123,7.2999,7.1377,,,,,,,
1568431384529432,陀螺仪,,,,,,,,0.0445,-0.3353,-0.2423
1568431394537297,加速度计,0.4651,8.4324,5.8041,,,,,,,
1568431404553130,加速度计,-0.2676,7.1377,9.7175,,,,,,,
1568431404561099,陀螺仪,,,,,,,,0.0390,-0.3113,-0.1226
1568431414568964,加速度计,-0.9912,7.8847,6.3620,,,,,,,
1568431424585057,加速度计,0.4118,7.1198,4.3616,,,,,,,
1568431424593286,陀螺仪,,,,,,,,0.0756,-0.2397,-0.0157
1568431434601568,加速度计,-1.2582,7.6704,3.1232,,,,,,,
1568431444618495,加速度计,-1.6322,5.5905,11.0229,,,,,,,
1568431444627141,陀螺仪,,,,,,,,-0.0115,-0.2402,0.1294
1568431454635839,加速度计,-0.5411,7.3322,13.1944,,,,,,,
1568431464653599,加速度计,-0.3334,8.6951,7.1395,,,,,,,
1568431464662661,陀螺仪,,,,,,,,0.1643,-0.1194,0.2362
1568431474671776,加速度计,-1.1486,7.6698,5.3570,,,,,,,
1568431484690370,加速度计,-0.8350,6.5428,3.6937,,,,,,,
1568431494709380,加速度计,-1.1887,7.6106,4.8902,,,,,,,
1568431484699849,陀螺仪,,,,,,,,0.1133,-0.0771,0.3292
1568431504728807,加速度计,-0.5040,6.8977,9.3218,,,,,,,
1568431504738703,陀螺仪,,,,,,,,0.0505,-0.0445,0.4461
1568431514748651,加速度计,-0.5100,7.3610,8.5437,,,,,,,
1568431524768911,加速度计,0.0275,6.3087,7.9380,,,,,,,
1568431524779224,陀螺仪,,,,,,,,0.1101,0.0562,0.5551
1568431534789589,加速度计,0.6105,8.8759,4.0085,,,,,,,
1568431544810682,加速度计,-0.0078,5.4384,8.6622,,,,,,,
1568431544821359,陀螺仪,,,,,,,,0.0517,0.1132,0.5613
1568431554831932,加速度计,-0.6249,6.7139,6.3991,,,,,,,
1568431564853182,加速度计,-0.1287,6.3829,5.1655,,,,,,,
1568431564863859,陀螺仪,,,,,,,,0.0770,0.1699,0.6064
1568431574874432,加速度计,0.1861,6.8618,3.8541,,,,,,,
1568431584895682,加速度计,0.2233,7.3891,5.5061,,,,,,,
1568431584906255,陀螺仪,,,,,,,,0.0148,0.2051,0.6161
1568431594916411,加速度计,-0.1263,7.4424,5.8945,,,,,,,
1568431604936047,加速度计,-0.0712,6.6433,10.5668,,,,,,,
1568431614954953,加速度计,-0.4280,7.6686,10.0341,,,,,,,
1568431604945630,陀螺仪,,,,,,,,-0.0250,0.2326,0.6032
1568431624981203,加速度计,-0.4423,6.7738,8.1660,,,,,,,
1568431642519887,GPS,,,,31.9427,118.7884,3.5500,178.9000,,,
1568431624998391,陀螺仪,,,,,,,,0.0666,0.2879,0.6221
1568431634997714,加速度计,0.0958,7.1467,4.5921,,,,,,,
1568431644996776,加速度计,0.0952,6.8049,4.0025,,,,,,,
1568431644996724,陀螺仪,,,,,,,,0.0368,0.2666,0.5618
1568431654996880,加速度计,-0.2370,7.2526,6.1321,,,,,,,
1568431664998859,加速度计,-0.2376,7.4322,7.1635,,,,,,,
1568431665000786,陀螺仪,,,,,,,,0.0294,0.2442,0.4699
1568431675003234,加速度计,0.2161,7.4148,6.3117,,,,,,,
1568431685010422,加速度计,-0.0706,7.9344,4.1737,,,,,,,
1568431685015266,陀螺仪,,,,,,,,0.0281,0.2161,0.3731
1568431695020839,加速度计,-0.0904,7.4849,4.4538,,,,,,,
1568431705034901,加速度计,0.2640,7.8320,6.8211,,,,,,,
1568431705043391,陀螺仪,,,,,,,,-0.0364,0.1621,0.2617
1568431715052714,加速度计,-0.5728,7.3801,8.5030,,,,,,,
1568431725073964,加速度计,-0.5285,7.6148,8.0188,,,,,,,
1568431725085891,陀螺仪,,,,,,,,0.0192,0.1479,0.2001
1568431735098547,加速度计,0.2430,8.1247,6.6212,,,,,,,
1568431745126151,加速度计,1.2504,9.4906,6.2040,,,,,,,
1568431745140995,陀螺仪,,,,,,,,0.0154,0.1427,0.1802
1568431755156359,加速度计,0.9248,8.6131,7.2933,,,,,,,
1568431765188443,加速度计,-0.0275,7.0348,6.6595,,,,,,,
1568431765205057,陀螺仪,,,,,,,,-0.0007,0.1569,0.1406
1568431775221880,加速度计,0.0198,7.6327,5.5468,,,,,,,
1568431785255943,加速度计,0.0132,6.3291,7.2071,,,,,,,
1568431785273078,陀螺仪,,,,,,,,-0.0156,0.1197,0.1385
1568431795290109,加速度计,0.4244,8.2426,5.4031,,,,,,,
1568431805313651,加速度计,-0.2029,6.5673,6.4057,,,,,,,
1568431805323391,陀螺仪,,,,,,,,-0.0286,0.0878,0.0660
1568431815332714,加速度计,-0.4693,7.5860,6.4063,,,,,,,
1568431825351464,加速度计,-0.1437,7.1862,4.4365,,,,,,,
1568431825360891,陀螺仪,,,,,,,,-0.0533,0.0501,-0.0036
1568431835370214,加速度计,-0.1466,6.0082,5.7503,,,,,,,
1568431845388964,加速度计,-0.8380,6.6906,5.8664,,,,,,,
1568431845398391,陀螺仪,,,,,,,,-0.0816,0.0216,-0.0188
1568431855407714,加速度计,-0.7201,7.0324,9.8910,,,,,,,
1568431865426464,加速度计,-0.5920,6.3871,8.7652,,,,,,,
1568431865436828,陀螺仪,,,,,,,,-0.0253,0.0402,0.0233
1568431875448026,加速度计,-0.9295,6.8486,4.2216,,,,,,,
1568431885470734,加速度计,0.9451,7.0036,1.6287,,,,,,,
1568431885472505,陀螺仪,,,,,,,,-0.0582,-0.0021,0.0025
1568431895474328,加速度计,0.4160,5.8682,7.1658,,,,,,,
1568431905478599,加速度计,-0.6512,8.1606,8.3653,,,,,,,
1568431905481151,陀螺仪,,,,,,,,-0.0700,-0.0202,-0.0477
1568431915484224,加速度计,-0.0658,8.8244,10.5219,,,,,,,
1568431925491776,加速度计,0.6638,7.5603,9.0890,,,,,,,
1568431925496307,陀螺仪,,,,,,,,-0.0004,-0.0047,-0.0193
1568431935501672,加速度计,0.6081,5.7634,4.1575,,,,,,,
1568431945514068,加速度计,2.2350,7.3287,3.9265,,,,,,,
1568431945521099,陀螺仪,,,,,,,,-0.0332,-0.0274,-0.0519
1568431955528964,加速度计,1.2025,5.6491,9.1596,,,,,,,
1568431965546359,加速度计,0.0186,6.9773,7.7303,,,,,,,
1568431975566255,加速度计,1.5736,7.6471,4.7878,,,,,,,
1568431965555891,陀螺仪,,,,,,,,0.0051,0.0031,-0.0587
1568431985588651,加速度计,1.4503,7.3598,5.0506,,,,,,,
1568431985600630,陀螺仪,,,,,,,,-0.0216,-0.0234,-0.0724
1568431995613286,加速度计,0.8715,6.1387,9.1536,,,,,,,
1568432005639745,加速度计,0.9607,8.4976,8.0583,,,,,,,
1568432005653495,陀螺仪,,,,,,,,0.0138,-0.0260,-0.1318
1568432015667609,加速度计,0.5070,8.3809,9.9916,,,,,,,
1568432025696464,加速度计,1.3527,7.7638,6.1435,,,,,,,
1568432025711151,陀螺仪,,,,,,,,0.0559,-0.0217,-0.1514
1568432035725891,加速度计,0.9583,8.4689,1.5419,,,,,,,
1568432045755474,加速度计,2.0261,7.6549,5.0260,,,,,,,
1568432045769953,陀螺仪,,,,,,,,-0.0905,-0.0762,-0.2049
1568432055783234,加速度计,1.6442,5.8760,11.7082,,,,,,,
1568432065805214,加速度计,1.1079,6.4500,11.5951,,,,,,,
1568432065814797,陀螺仪,,,,,,,,-0.0025,-0.0703,-0.2740
1568432075824120,加速度计,1.0403,8.4156,4.9536,,,,,,,
1568432085842870,加速度计,1.2432,5.1655,6.3734,,,,,,,
1568432085852297,陀螺仪,,,,,,,,-0.0236,-0.1249,-0.3483
1568432095861620,加速度计,0.7506,5.0996,7.7237,,,,,,,
1568432105880370,加速度计,0.5183,6.1842,7.0443,,,,,,,
1568432115899120,加速度计,1.4449,8.0948,5.1098,,,,,,,
1568432105889797,陀螺仪,,,,,,,,0.0284,-0.1683,-0.3960
1568432125919172,加速度计,0.5471,6.5457,6.7205,,,,,,,
1568432125931047,陀螺仪,,,,,,,,-0.0226,-0.2153,-0.4607
1568432135938495,加速度计,-0.1802,6.1729,8.0721,,,,,,,
1568432145953495,加速度计,0.5225,6.3177,8.6245,,,,,,,
1568432145961047,陀螺仪,,,,,,,,0.0204,-0.2369,-0.4324
1568432155968495,加速度计,0.3112,7.5794,6.3123,,,,,,,
1568432165983807,加速度计,0.8559,6.4057,7.8123,,,,,,,
1568432165991672,陀螺仪,,,,,,,,0.0225,-0.2668,-0.4157
1568432175999536,加速度计,0.1401,5.6102,7.9511,,,,,,,
1568432186015682,加速度计,0.6800,8.3845,5.2361,,,,,,,
1568432186023964,陀螺仪,,,,,,,,0.0846,-0.2621,-0.3750
1568432196032245,加速度计,0.0622,8.2708,4.0642,,,,,,,
1568432206049536,加速度计,-0.0581,6.9629,5.1026,,,,,,,
1568432206058547,陀螺仪,,,,,,,,0.0044,-0.2626,-0.3015
1568432216067661,加速度计,-0.9661,6.6810,8.0619,,,,,,,
1568432226086620,加速度计,0.0916,7.6602,6.8995,,,,,,,
1568432226096359,陀螺仪,,,,,,,,0.0196,-0.2411,-0.2052
1568432236106099,加速度计,-0.0078,7.2939,6.0088,,,,,,,
1568432246125995,加速度计,-1.0241,7.0928,4.8716,,,,,,,
1568432246136151,陀螺仪,,,,,,,,0.0157,-0.2172,-0.1108
1568432256146307,加速度计,0.2394,6.9121,6.8708,,,,,,,
1568432266167036,加速度计,-0.4531,7.7614,8.0433,,,,,,,
1568432266177609,陀螺仪,,,,,,,,0.0196,-0.2161,-0.0386
1568432276188182,加速度计,0.7991,7.5884,8.5629,,,,,,,
1568432286209745,加速度计,0.0215,8.9118,4.0947,,,,,,,
1568432286220630,陀螺仪,,,,,,,,0.0667,-0.1724,-0.0221
1568432296231411,加速度计,-0.2412,7.3807,4.5179,,,,,,,
1568432306253078,加速度计,-0.4495,8.2217,5.2415,,,,,,,
1568432306263964,陀螺仪,,,,,,,,-0.0204,-0.1642,0.0469
1568432316274745,加速度计,0.0748,7.1587,6.8031,,,,,,,
1568432326295786,加速度计,0.6464,7.5848,7.5537,,,,,,,
1568432326305839,陀螺仪,,,,,,,,-0.0180,-0.1237,0.1322
1568432336315370,加速度计,0.9014,7.9009,6.5027,,,,,,,
1568432346334224,加速度计,0.6093,7.2065,6.8869,,,,,,,
1568432346343651,陀螺仪,,,,,,,,0.0075,-0.0659,0.1786
1568432356352974,加速度计,0.0587,8.3719,4.6657,,,,,,,
1568432366371724,加速度计,0.1251,7.8614,6.7846,,,,,,,
1568432366382714,陀螺仪,,,,,,,,-0.0281,-0.0356,0.2557
1568432376398911,加速度计,2.3780,7.1694,6.7971,,,,,,,
1568432386415786,加速度计,0.0563,8.5910,7.1700,,,,,,,
1568432386413755,陀螺仪,,,,,,,,-0.0382,0.0132,0.2775
1568432396411828,加速度计,0.5154,7.2455,6.9139,,,,,,,
1568432406409328,加速度计,1.6310,5.9634,9.0393,,,,,,,
1568432406408964,陀螺仪,,,,,,,,-0.0045,0.0312,0.3004
1568432416409120,加速度计,0.6662,7.7602,6.0292,,,,,,,
1568432426411724,加速度计,1.2270,7.2832,5.5204,,,,,,,
1568432426414276,陀螺仪,,,,,,,,0.0048,0.0438,0.2457
1568432436417557,加速度计,-0.3639,7.9015,6.2740,,,,,,,
1568432446427036,加速度计,1.0283,6.9593,7.4322,,,,,,,
1568432446433339,陀螺仪,,,,,,,,-0.0188,0.0245,0.2069
1568432456440578,加速度计,0.3873,7.4424,6.8157,,,,,,,
1568432466458286,加速度计,-0.4549,7.4867,6.6188,,,,,,,
1568432466468651,陀螺仪,,,,,,,,-0.0269,0.0099,0.1784
1568432476479849,加速度计,0.8936,5.7018,9.4637,,,,,,,
1568432486505161,加速度计,0.8176,6.8025,6.8720,,,,,,,
1568432486519172,陀螺仪,,,,,,,,0.0266,0.0166,0.1850
1568432496533911,加速度计,0.0090,7.4035,6.6206,,,,,,,
1568432506565370,加速度计,1.1815,6.4464,4.7274,,,,,,,
1568432516599016,加速度计,1.2743,6.8845,4.3263,,,,,,,
1568432506581984,陀螺仪,,,,,,,,0.0304,0.0541,0.2185
1568432526634120,加速度计,0.9589,6.1585,8.7221,,,,,,,
1568432526651984,陀螺仪,,,,,,,,-0.0133,0.1269,0.2921
1568432536669849,加速度计,0.3382,7.7135,8.0355,,,,,,,
1568432546705682,加速度计,0.0622,8.1564,4.9123,,,,,,,
1568432546720005,陀螺仪,,,,,,,,0.0201,0.2406,0.4253
1568432556730578,加速度计,0.5740,7.6076,6.1196,,,,,,,
1568432566749953,加速度计,-0.1766,5.7281,8.6503,,,,,,,
1568432566759380,陀螺仪,,,,,,,,-0.0250,0.3043,0.5208
1568432576768703,加速度计,-0.4549,6.8360,8.5712,,,,,,,
1568432586787453,加速度计,0.0084,7.4651,6.1130,,,,,,,
1568432596806203,加速度计,-0.8458,5.9879,4.7938,,,,,,,
1568432586796880,陀螺仪,,,,,,,,0.0353,0.3735,0.6079
1568432606824953,加速度计,-0.3238,6.0382,7.5405,,,,,,,
1568432606834380,陀螺仪,,,,,,,,0.0146,0.3980,0.6159
1568432616843703,加速度计,-0.2472,7.8703,8.7281,,,,,,,
1568432626876568,加速度计,-0.7488,7.6650,7.5950,,,,,,,
1568432637091605,GPS,,,,31.9427,118.7884,3.4700,183.0000,,,
1568432626884953,陀螺仪,,,,,,,,0.0365,0.3955,0.5340
1568432636884484,加速度计,-0.0700,7.5759,5.8107,,,,,,,
1568432646884016,加速度计,-0.0958,6.8037,6.1549,,,,,,,
1568432646884328,陀螺仪,,,,,,,,0.0153,0.3466,0.4286
1568432656884693,加速度计,0.0611,5.5641,8.3779,,,,,,,
1568432666887349,加速度计,0.4417,8.4264,6.2231,,,,,,,
1568432666889797,陀螺仪,,,,,,,,0.0482,0.2951,0.2872
1568432676892453,加速度计,-0.2322,6.9258,5.7533,,,,,,,
1568432686900422,加速度计,0.9457,7.1826,4.8405,,,,,,,
1568432686905891,陀螺仪,,,,,,,,0.0152,0.2065,0.1426
1568432696911672,加速度计,0.3406,7.3035,6.9629,,,,,,,
1568432706926255,加速度计,0.4435,7.5256,8.1541,,,,,,,
1568432706935057,陀螺仪,,,,,,,,-0.0048,0.1478,0.0023
1568432716944172,加速度计,-0.5608,7.1994,8.9567,,,,,,,
1568432726965422,加速度计,-0.4058,6.9611,7.3706,,,,,,,
1568432726977557,陀螺仪,,,,,,,,0.0383,0.1088,-0.0210
1568432736990005,加速度计,1.8687,7.2095,6.1872,,,,,,,
1568432747017557,加速度计,1.1510,6.9510,6.1333,,,,,,,
1568432747032505,陀螺仪,,,,,,,,0.0248,0.0798,-0.1137
1568432757047661,加速度计,1.1654,7.4322,4.7932,,,,,,,
1568432767079536,加速度计,0.7033,7.7051,5.0356,,,,,,,
1568432767096099,陀螺仪,,,,,,,,-0.0252,0.0266,-0.1975
1568432777112714,加速度计,1.3755,6.5912,5.7796,,,,,,,
1568432787146411,加速度计,0.3508,7.2143,7.6746,,,,,,,
1568432787163339,陀螺仪,,,,,,,,-0.0443,-0.0101,-0.2409
1568432797180161,加速度计,0.2765,7.0437,6.0154,,,,,,,
1568432807202974,加速度计,0.4591,6.9145,7.2095,,,,,,,
1568432807212870,陀螺仪,,,,,,,,-0.0374,-0.0237,-0.2218
1568432817222401,加速度计,-0.1568,7.3185,9.3901,,,,,,,
1568432827241203,加速度计,1.2995,7.3813,9.3954,,,,,,,
1568432827250630,陀螺仪,,,,,,,,0.0220,-0.0056,-0.1770
1568432837259953,加速度计,-0.1598,8.0272,8.0685,,,,,,,
1568432847278703,加速度计,0.5501,6.4147,6.5344,,,,,,,
1568432847288130,陀螺仪,,,,,,,,0.0794,0.0438,-0.1184
1568432857297453,加速度计,1.2228,8.0571,2.4397,,,,,,,
1568432867316203,加速度计,0.1383,6.9366,5.2834,,,,,,,
1568432867326411,陀螺仪,,,,,,,,0.0036,0.0411,-0.0775
1568432877338234,加速度计,0.0461,7.7141,5.4121,,,,,,,
1568432887355057,加速度计,-0.6440,6.9935,7.7728,,,,,,,
1568432887362193,陀螺仪,,,,,,,,-0.0134,0.0635,-0.0044
1568432897369224,加速度计,0.3711,9.0998,6.0956,,,,,,,
1568432907383391,加速度计,-0.2035,6.7636,9.6115,,,,,,,
1568432907390682,陀螺仪,,,,,,,,-0.0213,0.0911,0.0387
1568432917397922,加速度计,-0.9864,7.8991,8.3145,,,,,,,
1568432927412870,加速度计,-0.7721,8.2540,6.1280,,,,,,,
1568432927420734,陀螺仪,,,,,,,,0.0246,0.0899,0.0533
1568432937428599,加速度计,-0.6752,7.0904,7.3071,,,,,,,
1568432947445161,加速度计,-0.4848,6.8031,5.8784,,,,,,,
1568432947453859,陀螺仪,,,,,,,,0.0485,0.0441,0.0112
1568432957462557,加速度计,-1.0870,8.0499,4.1749,,,,,,,
1568432967480786,加速度计,-0.0784,6.4416,6.0292,,,,,,,
1568432967490318,陀螺仪,,,,,,,,0.0104,-0.0188,-0.0354
1568432977499849,加速度计,-0.3436,7.2820,7.7698,,,,,,,
1568432987519745,加速度计,-0.4800,8.0756,5.3786,,,,,,,
1568432987530109,陀螺仪,,,,,,,,0.0186,-0.0301,-0.0642
1568432997540474,加速度计,0.4172,6.6667,6.3398,,,,,,,
1568433007561672,加速度计,0.5956,5.8843,6.0825,,,,,,,
1568433007572505,陀螺仪,,,,,,,,-0.0087,-0.0393,-0.0663
1568433017583286,加速度计,0.0209,6.7271,4.4658,,,,,,,
1568433027605318,加速度计,0.6979,6.9456,6.5386,,,,,,,
1568433027616411,陀螺仪,,,,,,,,-0.0666,-0.0571,-0.0629
1568433037627401,加速度计,-0.3627,6.4410,10.1568,,,,,,,
1568433047649484,加速度计,0.0144,6.4991,11.5059,,,,,,,
1568433047660578,陀螺仪,,,,,,,,-0.0059,-0.0581,-0.0354
1568433057671568,加速度计,-0.6135,6.8821,10.1975,,,,,,,
1568433067693651,加速度计,0.4764,6.5434,7.7440,,,,,,,
1568433067703807,陀螺仪,,,,,,,,0.1128,-0.0561,-0.0294
1568433077713547,加速度计,0.1718,6.9264,4.2090,,,,,,,
1568433087732401,加速度计,0.2999,6.8612,3.9564,,,,,,,
1568433087741828,陀螺仪,,,,,,,,0.0545,-0.0727,-0.0286
1568433097751151,加速度计,-0.2065,7.2431,5.5935,,,,,,,
1568433107769901,加速度计,-0.9176,7.0623,8.1110,,,,,,,
1568433107779328,陀螺仪,,,,,,,,-0.0208,-0.0702,0.0035
1568433117788651,加速度计,0.1838,6.9929,9.5840,,,,,,,
1568433127823182,加速度计,-0.0814,7.4202,7.9871,,,,,,,
1568433127832349,陀螺仪,,,,,,,,-0.0019,-0.0385,0.0573
1568433137829797,加速度计,0.1401,6.1280,8.4809,,,,,,,
1568433147825526,加速度计,0.6644,7.2018,5.3804,,,,,,,
1568433147824120,陀螺仪,,,,,,,,0.0129,-0.0031,0.1127
1568433157822818,加速度计,0.4717,6.1794,5.9400,,,,,,,
1568433167822505,加速度计,1.0594,7.5405,6.5242,,,,,,,
1568433167823651,陀螺仪,,,,,,,,0.0021,0.0001,0.1246
1568433177825057,加速度计,-0.2280,6.6505,7.4675,,,,,,,
1568433187831255,加速度计,1.3970,8.2702,3.5829,,,,,,,
1568433187836047,陀螺仪,,,,,,,,0.0209,0.0164,0.1250
1568433197841203,加速度计,0.8338,8.9860,4.1887,,,,,,,
1568433207855266,加速度计,0.0329,6.9623,8.1409,,,,,,,
1568433207864172,陀螺仪,,,,,,,,-0.0917,-0.0111,0.0739
1568433217873495,加速度计,-0.1149,6.1711,10.5632,,,,,,,
1568433227895891,加速度计,1.5275,8.1289,5.7000,,,,,,,
1568433227908807,陀螺仪,,,,,,,,-0.0025,-0.0245,0.0533
1568433237922089,加速度计,1.0175,6.6816,5.2978,,,,,,,
1568433247951672,加速度计,0.4100,5.7958,8.0086,,,,,,,
1568433247967661,陀螺仪,,,,,,,,-0.0284,-0.0730,-0.0194
1568433257983859,加速度计,1.0020,5.7419,9.7031,,,,,,,
1568433268018182,加速度计,1.7406,9.0615,5.2666,,,,,,,
1568433268035995,陀螺仪,,,,,,,,0.0754,-0.0916,-0.0992
1568433278053859,加速度计,0.8164,7.2622,3.1430,,,,,,,
1568433288090057,加速度计,0.7643,5.7652,4.6855,,,,,,,
1568433288108234,陀螺仪,,,,,,,,-0.0111,-0.1502,-0.1859
1568433298126307,加速度计,0.0503,5.8257,4.5765,,,,,,,
1568433308147974,加速度计,0.6339,7.4244,6.6170,,,,,,,
1568433308157505,陀螺仪,,,,,,,,-0.0358,-0.2065,-0.1712
1568433318166828,加速度计,1.8573,7.0820,7.6070,,,,,,,
1568433328185578,加速度计,0.8224,9.1758,8.0834,,,,,,,
1568433328195005,陀螺仪,,,,,,,,-0.0036,-0.1847,-0.1987
1568433338204328,加速度计,0.9212,7.9769,5.9987,,,,,,,
1568433348223078,加速度计,1.0888,7.9523,5.8047,,,,,,,
1568433348232505,陀螺仪,,,,,,,,-0.0358,-0.1630,-0.1445
1568433358241828,加速度计,0.6099,7.3556,5.9113,,,,,,,
1568433368260578,加速度计,0.6680,5.4905,7.1138,,,,,,,
1568433368271724,陀螺仪,,,,,,,,-0.0708,-0.1273,-0.0389
1568433378289380,加速度计,1.8465,7.9146,6.3321,,,,,,,
1568433388298964,加速度计,0.6931,7.1676,8.1487,,,,,,,
1568433388303807,陀螺仪,,,,,,,,-0.0684,-0.0812,0.0288
1568433398308547,加速度计,0.5746,7.4214,9.3374,,,,,,,
1568433408318547,加速度计,0.6434,7.7004,7.8536,,,,,,,
1568433408324016,陀螺仪,,,,,,,,-0.0051,-0.0410,0.1001
1568433418329380,加速度计,1.0068,7.7680,5.4426,,,,,,,
1568433428341464,加速度计,0.7847,6.8319,6.3662,,,,,,,
1568433428348182,陀螺仪,,,,,,,,-0.0289,-0.0198,0.1309
1568433438354797,加速度计,0.4298,7.0294,7.6968,,,,,,,
1568433448369797,加速度计,0.0198,6.9605,6.3123,,,,,,,
1568433448378182,陀螺仪,,,,,,,,-0.0166,0.0341,0.1981
1568433458386464,加速度计,0.9571,7.0719,5.2978,,,,,,,
1568433468404797,加速度计,0.0479,6.7852,5.3253,,,,,,,
1568433468414849,陀螺仪,,,,,,,,-0.0538,0.0707,0.2615
1568433478424797,加速度计,0.2939,6.2465,7.2425,,,,,,,
1568433488446464,加速度计,-0.1065,6.1812,7.8356,,,,,,,
1568433488457974,陀螺仪,,,,,,,,-0.0357,0.1419,0.3579
1568433498469380,加速度计,-0.2340,8.3228,4.4281,,,,,,,
1568433508493547,加速度计,1.0211,5.4570,7.6118,,,,,,,
1568433508506099,陀螺仪,,,,,,,,-0.0880,0.1780,0.4286
1568433518518547,加速度计,-0.0814,5.9197,9.3751,,,,,,,
1568433528543964,加速度计,-0.3172,7.7464,9.3775,,,,,,,
1568433528556932,陀螺仪,,,,,,,,-0.0198,0.2477,0.4808
1568433538569797,加速度计,0.0826,8.5838,6.9204,,,,,,,
1568433548595630,加速度计,-0.4417,5.8598,7.6309,,,,,,,
1568433548607974,陀螺仪,,,,,,,,-0.0376,0.2710,0.5248
1568433558620214,加速度计,0.6788,5.3546,7.9003,,,,,,,
1568433568639380,加速度计,0.0563,6.3782,9.0830,,,,,,,
1568433568648807,陀螺仪,,,,,,,,0.0162,0.2816,0.4943
1568433578658130,加速度计,-0.7685,6.4392,9.3021,,,,,,,
1568433588676880,加速度计,0.2113,7.0677,6.0567,,,,,,,
1568433588686307,陀螺仪,,,,,,,,0.1148,0.2838,0.4522
1568433598695630,加速度计,0.3567,6.2351,2.3900,,,,,,,
1568433608714380,加速度计,-0.1443,8.2361,-1.6137,,,,,,,
1568433608723807,陀螺仪,,,,,,,,-0.0085,0.2220,0.3447
1568433618733130,加速度计,0.9804,6.0190,7.1545,,,,,,,
1568433638421344,GPS,,,,31.9427,118.7884,3.4800,179.6000,,,
1568433628778859,加速度计,-0.2059,8.4880,8.2911,,,,,,,
1568433628773286,陀螺仪,,,,,,,,-0.0893,0.1668,0.2214
1568433638767714,加速度计,-0.5489,5.3038,12.7084,,,,,,,
1568433648757557,加速度计,0.0545,8.2283,5.7802,,,,,,,
1568433648753443,陀螺仪,,,,,,,,0.0173,0.1726,0.2435
1568433658749641,加速度计,-0.0329,6.4093,6.6786,,,,,,,
1568433668745161,加速度计,0.4645,7.2143,8.3079,,,,,,,
1568433668744797,陀螺仪,,,,,,,,-0.0097,0.1407,0.1991
1568433678744901,加速度计,-0.1245,7.3155,10.3136,,,,,,,
1568433688749276,加速度计,1.3952,8.3695,7.5363,,,,,,,
1568433688753703,陀螺仪,,,,,,,,0.0558,0.1265,0.1410
1568433698758703,加速度计,0.4914,7.6405,5.3600,,,,,,,
1568433708773495,加速度计,0.6806,7.3825,6.3177,,,,,,,
1568433708783130,陀螺仪,,,,,,,,0.0188,0.0862,0.0771
1568433718793286,加速度计,1.5060,6.0160,8.3635,,,,,,,
1568433728818026,加速度计,0.3627,7.7500,6.8630,,,,,,,
1568433728832453,陀螺仪,,,,,,,,0.0704,0.0858,0.0193
1568433738847297,加速度计,0.0317,8.1505,2.3002,,,,,,,
1568433748880630,加速度计,0.7416,5.8448,4.4167,,,,,,,
1568433748898807,陀螺仪,,,,,,,,-0.0141,0.0418,0.0265
1568433758917193,加速度计,1.7244,6.7265,5.3504,,,,,,,
1568433768956151,加速度计,-0.4070,7.3801,9.1901,,,,,,,
1568433768976411,陀螺仪,,,,,,,,-0.0197,0.0414,0.0229
1568433778996620,加速度计,0.3932,7.2622,10.3723,,,,,,,
1568433789037245,加速度计,-0.2705,6.7953,8.8400,,,,,,,
1568433789056880,陀螺仪,,,,,,,,0.0959,0.1060,0.1290
1568433799073859,加速度计,1.6598,8.5856,2.5097,,,,,,,
1568433809092609,加速度计,0.7177,7.8494,4.1911,,,,,,,
1568433809102036,陀螺仪,,,,,,,,0.0186,0.1071,0.1304
1568433819111359,加速度计,0.4345,7.9930,8.1696,,,,,,,
1568433829130109,加速度计,0.6375,8.6036,7.3969,,,,,,,
1568433829139536,陀螺仪,,,,,,,,0.0280,0.1417,0.1573
1568433839148859,加速度计,0.0826,7.5980,5.5049,,,,,,,
1568433849167609,加速度计,0.4196,7.4160,4.2276,,,,,,,
1568433849177036,陀螺仪,,,,,,,,0.0065,0.1834,0.2362
1568433859186359,加速度计,0.6141,7.4304,6.4003,,,,,,,
1568433869205839,加速度计,0.1754,6.4578,10.1335,,,,,,,
1568433879250995,加速度计,-0.3962,7.6076,7.5615,,,,,,,
1568433869218182,陀螺仪,,,,,,,,0.0189,0.2431,0.3013
1568433889243911,加速度计,0.1796,7.0234,6.3416,,,,,,,
1568433889240839,陀螺仪,,,,,,,,0.0756,0.3061,0.4055
1568433899237661,加速度计,0.2376,5.8275,4.7327,,,,,,,
1568433909233078,加速度计,0.5064,7.0755,5.8634,,,,,,,
1568433909232089,陀螺仪,,,,,,,,0.0695,0.3546,0.4249
1568433919230995,加速度计,0.4274,7.0803,6.4398,,,,,,,
1568433929232245,加速度计,-0.0168,6.7205,7.9595,,,,,,,
1568433929235005,陀螺仪,,,,,,,,0.0506,0.3778,0.4071
1568433939237661,加速度计,-0.3909,7.9464,8.6628,,,,,,,
1568433949247245,加速度计,-0.5022,7.2245,6.8187,,,,,,,
1568433949254380,陀螺仪,,,,,,,,0.0546,0.4072,0.3975
1568433959261411,加速度计,0.5273,7.4274,6.6822,,,,,,,
1568433969280161,加速度计,0.3735,6.5015,6.8552,,,,,,,
1568433969291880,陀螺仪,,,,,,,,0.0201,0.3967,0.3571
1568433979303495,加速度计,-0.3298,7.0868,8.0266,,,,,,,
1568433989330995,加速度计,0.2538,7.4394,7.8266,,,,,,,
1568433989346464,陀螺仪,,,,,,,,0.0278,0.3671,0.2723
1568433999361828,加速度计,0.6973,8.1708,5.1380,,,,,,,
1568434009395578,加速度计,0.8458,6.0112,5.5701,,,,,,,
1568434009413547,陀螺仪,,,,,,,,0.0051,0.2945,0.1228
1568434019431411,加速度计,-0.1610,6.6277,6.3626,,,,,,,
1568434029468495,加速度计,0.2598,7.9685,8.8113,,,,,,,
1568434029487505,陀螺仪,,,,,,,,0.0105,0.2209,-0.0161
1568434039506411,加速度计,-0.1945,7.7381,9.2943,,,,,,,
1568434049544328,加速度计,-0.7021,8.3288,7.5369,,,,,,,
1568434049554797,陀螺仪,,,,,,,,0.0650,0.1613,-0.0856
1568434059565161,加速度计,0.5423,7.7057,7.1407,,,,,,,
1568434069583911,加速度计,0.9571,7.1323,7.0222,,,,,,,
1568434069593339,陀螺仪,,,,,,,,0.0535,0.1077,-0.1457
1568434079602661,加速度计,1.0086,6.7894,8.7077,,,,,,,
1568434089621411,加速度计,0.2664,7.0342,5.6641,,,,,,,
1568434089630839,陀螺仪,,,,,,,,0.0762,0.0957,-0.2109
1568434099640161,加速度计,0.7093,6.3351,4.3934,,,,,,,
1568434109658911,加速度计,-0.2837,6.0825,6.2985,,,,,,,
1568434109668339,陀螺仪,,,,,,,,-0.0011,0.0423,-0.2127
1568434119677661,加速度计,0.6584,5.3091,8.8891,,,,,,,
1568434129710786,加速度计,0.8320,7.8099,6.0124,,,,,,,
1568434129713547,陀螺仪,,,,,,,,0.0322,0.0418,-0.2115
1568434139716203,加速度计,0.0617,6.7678,7.1700,,,,,,,
1568434149722036,加速度计,0.0329,5.6623,8.0290,,,,,,,
1568434149725422,陀螺仪,,,,,,,,0.0218,0.0538,-0.1750
1568434159728703,加速度计,0.2855,6.0106,6.5194,,,,,,,
1568434169736620,加速度计,0.7691,7.1395,5.0799,,,,,,,
1568434169741464,陀螺仪,,,,,,,,0.0320,0.0774,-0.1356
1568434179746203,加速度计,0.7332,6.1752,6.7953,,,,,,,
1568434189757870,加速度计,0.9242,6.0047,6.9959,,,,,,,
1568434189764797,陀螺仪,,,,,,,,0.0329,0.0840,-0.1131
1568434199771620,加速度计,1.7885,7.3490,7.2293,,,,,,,
1568434209787870,加速度计,0.7937,7.2682,7.9392,,,,,,,
1568434219806620,加速度计,1.5999,6.9192,8.8382,,,,,,,
1568434209797297,陀螺仪,,,,,,,,0.0394,0.0656,-0.1667
1568434229827453,加速度计,1.0654,7.3382,7.5130,,,,,,,
1568434229838964,陀螺仪,,,,,,,,0.0810,0.0531,-0.2193
1568434239850370,加速度计,1.7544,7.4651,6.1375,,,,,,,
1568434249874953,加速度计,1.4682,7.5202,5.8012,,,,,,,
1568434249888130,陀螺仪,,,,,,,,0.0635,0.0614,-0.2426
1568434259901203,加速度计,0.9990,8.0092,5.1673,,,,,,,
1568434269928703,加速度计,0.7087,6.8528,5.2331,,,,,,,
1568434269942922,陀螺仪,,,,,,,,0.0180,0.0672,-0.2192
1568434279957036,加速度计,1.0636,7.2012,5.4121,,,,,,,
1568434289985786,加速度计,0.9984,7.0306,5.8353,,,,,,,
1568434290000214,陀螺仪,,,,,,,,0.0007,0.0658,-0.2027
1568434300014536,加速度计,0.8386,7.9739,7.1617,,,,,,,
1568434310037453,加速度计,1.0169,7.9218,6.0717,,,,,,,
1568434310046880,陀螺仪,,,,,,,,0.0165,0.0585,-0.2458
1568434320056203,加速度计,1.0672,8.1187,4.5089,,,,,,,
1568434330074953,加速度计,0.9098,6.9546,4.9356,,,,,,,
1568434330084380,陀螺仪,,,,,,,,-0.0638,0.0224,-0.3120
1568434340093703,加速度计,0.1077,7.4154,9.0321,,,,,,,
1568434350112453,加速度计,1.7789,7.9362,9.0267,,,,,,,
1568434350121880,陀螺仪,,,,,,,,-0.0622,-0.0340,-0.3767
1568434360131203,加速度计,1.1355,7.4723,9.5134,,,,,,,
1568434370149953,加速度计,1.7789,7.1736,5.1032,,,,,,,
1568434370160422,陀螺仪,,,,,,,,-0.0325,-0.0684,-0.4606
1568434380173599,加速度计,1.3880,5.7766,6.5511,,,,,,,
1568434390187766,加速度计,1.1893,6.4099,5.1104,,,,,,,
1568434390194901,陀螺仪,,,,,,,,-0.0435,-0.1021,-0.5031
1568434400201932,加速度计,1.3390,5.3265,7.1958,,,,,,,
1568434410216151,加速度计,2.2422,7.7135,5.0135,,,,,,,
1568434410223495,陀螺仪,,,,,,,,-0.0369,-0.1281,-0.5115
1568434420230786,加速度计,1.1109,7.5513,6.2686,,,,,,,
1568434430245891,加速度计,2.3739,7.3143,10.3190,,,,,,,
1568434430253859,陀螺仪,,,,,,,,-0.0743,-0.1539,-0.5318
1568434440261828,加速度计,0.8410,7.4992,10.9391,,,,,,,
1568434450278599,加速度计,2.0590,7.0791,7.8081,,,,,,,
1568434450287401,陀螺仪,,,,,,,,0.0511,-0.1374,-0.5258
1568434460296203,加速度计,0.9732,6.7570,2.8359,,,,,,,
1568434470314641,加速度计,1.7340,6.1453,4.7184,,,,,,,
1568434470324276,陀螺仪,,,,,,,,0.0160,-0.1920,-0.5647
1568434480333911,加速度计,0.8924,7.1216,6.2189,,,,,,,
1568434490354016,加速度计,0.7691,8.2570,7.7051,,,,,,,
1568434490364484,陀螺仪,,,,,,,,0.0036,-0.2104,-0.5694
1568434500374901,加速度计,1.7232,7.5334,5.9699,,,,,,,
1568434510396203,加速度计,0.1873,7.7339,8.4952,,,,,,,
1568434510407089,陀螺仪,,,,,,,,-0.0486,-0.2434,-0.5762
1568434520417922,加速度计,-0.7620,7.3394,10.1700,,,,,,,
1568434530451099,陀螺仪,,,,,,,,0.0138,-0.2672,-0.5272
1568434530440005,加速度计,0.4980,6.9635,7.4903,,,,,,,
1568434540462089,加速度计,-0.0144,6.8426,5.5887,,,,,,,
1568434550484172,加速度计,-0.4154,4.8686,8.8166,,,,,,,
1568434550495266,陀螺仪,,,,,,,,-0.0041,-0.3268,-0.5072
1568434560506255,加速度计,0.0209,6.5625,10.0922,,,,,,,
1568434570527974,加速度计,-0.1628,8.5407,8.4030,,,,,,,
1568434570537609,陀螺仪,,,,,,,,0.1068,-0.3149,-0.4503
1568434580547141,加速度计,-0.1431,7.2628,4.5119,,,,,,,
1568434590566255,加速度计,0.1706,6.9983,2.9078,,,,,,,
1568434590575682,陀螺仪,,,,,,,,0.0818,-0.2847,-0.3955
1568434600585005,加速度计,-1.6370,7.1569,4.2970,,,,,,,
1568434610603755,加速度计,-0.3759,7.1521,6.4440,,,,,,,
1568434610613182,陀螺仪,,,,,,,,0.0200,-0.2495,-0.1751
1568434620623234,加速度计,-0.2873,8.9118,5.9316,,,,,,,
1568434645685771,GPS,,,,31.9426,118.7884,3.7300,173.1000,,,
1568434630662609,加速度计,-0.2095,7.7865,6.1525,,,,,,,
1568434630660161,陀螺仪,,,,,,,,-0.0158,-0.1188,0.0553
1568434640657714,加速度计,-0.6345,7.1066,6.5068,,,,,,,
1568434650653755,加速度计,-1.3743,5.8371,10.0203,,,,,,,
1568434650652557,陀螺仪,,,,,,,,-0.0104,0.0174,0.3015
1568434660651568,加速度计,-2.2553,6.7481,7.3723,,,,,,,
1568434670651932,加速度计,-0.9732,6.5637,7.1425,,,,,,,
1568434670653443,陀螺仪,,,,,,,,0.0610,0.1310,0.5698
1568434680655318,加速度计,-0.5800,6.7223,5.4528,,,,,,,
1568434690662453,加速度计,0.0407,6.8929,5.3630,,,,,,,
1568434690667714,陀螺仪,,,,,,,,0.0559,0.2172,0.6948
1568434700673391,加速度计,-0.3238,7.4939,6.7235,,,,,,,
1568434710688495,加速度计,-0.7362,8.1594,8.4791,,,,,,,
1568434710697922,陀螺仪,,,,,,,,0.0518,0.2933,0.6927
1568434720707766,加速度计,-0.9086,8.1780,6.5386,,,,,,,
1568434730731151,加速度计,-0.9068,6.4643,6.3632,,,,,,,
1568434730744536,陀螺仪,,,,,,,,0.0438,0.3188,0.6702
1568434753290927,GPS,,,,31.9426,118.7884,3.7300,173.1000,,,
1568434740758234,加速度计,-1.4323,6.5314,4.4670,,,,,,,
1568434750788547,加速度计,-0.4627,6.7301,7.7207,,,,,,,
1568434750804849,陀螺仪,,,,,,,,0.0064,0.2687,0.5815
1568434760821307,加速度计,0.1155,6.6236,7.6950,,,,,,,
1568434770856047,加速度计,-0.7871,7.6543,7.6339,,,,,,,
1568434770874016,陀螺仪,,,,,,,,0.0446,0.2253,0.3772
1568434780891932,加速度计,0.1861,7.7554,5.2523,,,,,,,
1568434790928182,加速度计,0.1454,8.0972,4.4646,,,,,,,
1568434790946359,陀螺仪,,,,,,,,0.0068,0.1284,0.2269
1568434800962349,加速度计,0.4298,8.0966,6.3973,,,,,,,
1568434810981828,加速度计,0.0706,7.8009,8.4150,,,,,,,
1568434810991255,陀螺仪,,,,,,,,-0.0154,0.0623,0.0623
1568434821000578,加速度计,0.1646,7.4669,6.3536,,,,,,,
1568434831019328,加速度计,1.8190,7.6363,4.7854,,,,,,,
1568434831028755,陀螺仪,,,,,,,,-0.0109,0.0108,-0.0419
1568434841038078,加速度计,0.4782,8.0439,0.2203,,,,,,,
1568434851056828,加速度计,0.6596,6.5835,6.9845,,,,,,,
1568434851066255,陀螺仪,,,,,,,,-0.1562,-0.0330,-0.0955
1568434861075578,加速度计,0.8356,6.5511,13.0322,,,,,,,
1568434871094849,加速度计,0.1975,7.0856,10.0090,,,,,,,
1568434871106359,陀螺仪,,,,,,,,0.0087,-0.0008,-0.1047
1568434881120422,加速度计,0.9870,7.3670,3.4872,,,,,,,
1568434891130839,加速度计,0.8009,7.1856,2.7252,,,,,,,
1568434891136099,陀螺仪,,,,,,,,-0.0654,-0.0269,-0.0977
1568434901141359,加速度计,0.5076,5.2110,11.6657,,,,,,,
1568434911158286,陀螺仪,,,,,,,,0.0582,-0.0221,-0.1125
1568434911152401,加速度计,0.8194,7.4124,13.3537,,,,,,,
1568434921164276,加速度计,-0.2610,9.4050,7.9847,,,,,,,
1568434931184016,陀螺仪,,,,,,,,0.0482,-0.0521,-0.1671
1568434931177089,加速度计,0.5022,8.0553,2.1548,,,,,,,
1568434941191151,加速度计,1.6101,6.1453,3.6955,,,,,,,
1568434951214953,陀螺仪,,,,,,,,-0.0244,-0.0766,-0.1686
1568434951206568,加速度计,-0.2783,4.5394,9.4272,,,,,,,
1568434961223651,加速度计,0.4435,7.3646,11.2946,,,,,,,
1568434971242401,加速度计,0.4220,8.5018,6.5446,,,,,,,
1568434971252453,陀螺仪,,,,,,,,0.0889,-0.0321,-0.1426
1568434981262714,加速度计,1.0026,8.4114,3.3495,,,,,,,
1568434991284276,加速度计,-0.5022,7.3568,3.1705,,,,,,,
1568434991295578,陀螺仪,,,,,,,,-0.0125,-0.0209,-0.0650
1568435001307089,加速度计,0.0982,6.7576,7.8877,,,,,,,
1568435011343391,陀螺仪,,,,,,,,0.0047,0.0799,0.0609
1568435011331047,加速度计,-0.1299,8.0325,5.5216,,,,,,,
1568435021355734,加速度计,-0.6734,6.9091,3.9055,,,,,,,
1568435031393599,陀螺仪,,,,,,,,-0.0590,0.0987,0.1141
1568435031380839,加速度计,-0.9882,6.1286,5.7443,,,,,,,
1568435041406255,加速度计,-0.0658,7.0000,7.7189,,,,,,,
1568435051443495,陀螺仪,,,,,,,,-0.0292,0.0935,0.1055
1568435051431359,加速度计,-0.1460,7.0557,9.5026,,,,,,,
1568435061454172,加速度计,0.0018,8.4539,9.1542,,,,,,,
1568435071472922,加速度计,-0.8625,6.5422,8.2552,,,,,,,
1568435071482349,陀螺仪,,,,,,,,0.0079,0.0719,0.0190
1568435081491672,加速度计,-1.0301,7.5555,3.6362,,,,,,,
1568435091519849,陀螺仪,,,,,,,,-0.0433,-0.0032,-0.0013
1568435091510422,加速度计,-0.7003,5.6114,6.2453,,,,,,,
1568435101529172,加速度计,-1.1702,6.3997,8.7502,,,,,,,
1568435111547922,加速度计,-0.0682,6.0651,8.4719,,,,,,,
1568435111557349,陀螺仪,,,,,,,,0.0389,-0.0269,-0.0699
1568435121567297,加速度计,-0.4818,7.5352,2.9682,,,,,,,
1568435131590578,加速度计,-0.5932,6.3464,3.3645,,,,,,,
1568435131597297,陀螺仪,,,,,,,,-0.0132,-0.0992,-0.1296
1568435141603911,加速度计,-0.4950,6.2453,7.6968,,,,,,,
1568435151624276,陀螺仪,,,,,,,,0.0021,-0.1318,-0.1638
1568435151617349,加速度计,0.3705,6.9989,9.4846,,,,,,,
1568435161631203,加速度计,0.3424,8.1098,7.3789,,,,,,,
1568435171652818,陀螺仪,,,,,,,,-0.0209,-0.1706,-0.2574
1568435171645474,加速度计,-0.0563,7.9302,5.6090,,,,,,,
1568435181660266,加速度计,0.3807,7.0629,8.0068,,,,,,,
1568435191675891,加速度计,-0.0323,6.4069,9.8791,,,,,,,
1568435191684068,陀螺仪,,,,,,,,-0.0306,-0.2036,-0.2535
1568435201692349,加速度计,1.0295,8.0050,9.5247,,,,,,,
1568435211709641,加速度计,1.1971,6.3506,7.9751,,,,,,,
1568435211718651,陀螺仪,,,,,,,,0.0068,-0.2192,-0.2622
1568435221727766,加速度计,1.6795,5.9406,6.2339,,,,,,,
1568435231756568,陀螺仪,,,,,,,,0.0226,-0.1843,-0.2280
1568435231746724,加速度计,1.0696,8.0750,6.2866,,,,,,,
1568435241766516,加速度计,1.0576,7.5507,8.1145,,,,,,,
1568435251797818,陀螺仪,,,,,,,,0.0302,-0.1269,-0.1490
1568435251787141,加速度计,0.8254,8.4019,4.1719,,,,,,,
1568435261808599,加速度计,0.2376,7.9499,2.5798,,,,,,,
1568435271842089,陀螺仪,,,,,,,,-0.0626,-0.0810,-0.0252
1568435271830786,加速度计,1.2228,5.3768,4.6507,,,,,,,
1568435281853391,加速度计,-0.4238,6.9677,5.8718,,,,,,,
1568435291887818,陀螺仪,,,,,,,,-0.0517,0.0001,0.1060
1568435291876307,加速度计,1.1498,6.9797,8.3049,,,,,,,
1568435301899224,加速度计,0.3693,6.6451,7.0455,,,,,,,
1568435311933651,陀螺仪,,,,,,,,-0.0041,0.0750,0.1790
1568435311922141,加速度计,-0.6985,7.0491,6.2686,,,,,,,
1568435321944328,加速度计,0.0497,7.4310,5.0338,,,,,,,
1568435331964016,加速度计,-0.0670,8.7317,3.9558,,,,,,,
1568435331973443,陀螺仪,,,,,,,,-0.0398,0.0571,0.1945
1568435341982766,加速度计,0.0227,7.2048,8.7652,,,,,,,
1568435352001516,加速度计,0.2735,7.3287,6.3135,,,,,,,
1568435352010943,陀螺仪,,,,,,,,-0.0325,0.0517,0.1186
1568435362020266,加速度计,-0.4178,7.3083,5.4660,,,,,,,
1568435372040578,加速度计,0.3262,6.4296,4.9650,,,,,,,
1568435372056516,陀螺仪,,,,,,,,-0.0707,-0.0099,0.0419
1568435382074641,加速度计,0.8051,6.1292,7.5094,,,,,,,
1568435392071568,陀螺仪,,,,,,,,-0.0533,-0.0473,-0.0565
1568435392072349,加速度计,0.7518,5.8083,9.0986,,,,,,,
1568435402070995,加速度计,0.7374,6.8366,9.6696,,,,,,,
1568435412071984,陀螺仪,,,,,,,,0.0280,-0.0429,-0.0812
1568435412071099,加速度计,1.6364,8.2803,7.1485,,,,,,,
1568435422073495,加速度计,1.8489,7.1222,5.9286,,,,,,,
1568435432082922,陀螺仪,,,,,,,,-0.0027,-0.0328,-0.1389
1568435432078911,加速度计,1.4293,8.4001,4.1761,,,,,,,
1568435442087661,加速度计,0.4345,6.9019,7.4807,,,,,,,
1568435452107401,陀螺仪,,,,,,,,-0.0065,-0.0249,-0.0808
1568435452099849,加速度计,1.0672,7.9960,7.5100,,,,,,,
1568435462115786,加速度计,1.9818,8.0242,5.9215,,,,,,,
1568435472146776,陀螺仪,,,,,,,,-0.0583,0.0160,-0.0828
1568435472135474,加速度计,2.0590,8.2253,4.6256,,,,,,,
1568435482158807,加速度计,0.9307,6.3823,7.4795,,,,,,,
1568435492199797,陀螺仪,,,,,,,,-0.0831,0.0611,-0.0390
1568435492185370,加速度计,0.1454,7.5687,8.9016,,,,,,,
1568435502214745,加速度计,0.1281,7.2317,7.7219,,,,,,,
1568435512246411,加速度计,0.5704,7.8548,5.9484,,,,,,,
1568435512262922,陀螺仪,,,,,,,,-0.0919,0.0901,0.0453
1568435522279641,加速度计,-0.0575,5.3289,10.1694,,,,,,,
1568435532331255,陀螺仪,,,,,,,,-0.0297,0.1317,0.0872
1568435532313911,加速度计,-0.3340,5.9394,10.9666,,,,,,,
1568435542348495,加速度计,0.0431,6.6170,8.7173,,,,,,,
1568435552379224,加速度计,-0.6913,6.3488,5.0494,,,,,,,
1568435552388859,陀螺仪,,,,,,,,0.0530,0.1591,0.1170
1568435562398391,加速度计,-0.0970,5.6575,5.2535,,,,,,,
1568435572417453,加速度计,-0.0814,7.1263,5.7976,,,,,,,
1568435572426880,陀螺仪,,,,,,,,0.0277,0.1348,0.1007
1568435582436203,加速度计,0.0730,7.9523,5.7880,,,,,,,
1568435592454953,加速度计,0.0617,7.3095,7.1054,,,,,,,
1568435592464380,陀螺仪,,,,,,,,-0.0197,0.0888,0.0132
1568435602473703,加速度计,-0.0353,6.1142,10.0503,,,,,,,
1568435612492453,加速度计,0.3005,6.3889,7.5824,,,,,,,
1568435612501880,陀螺仪,,,,,,,,0.0538,0.0824,-0.0573
1568435622512141,加速度计,-0.0898,6.7935,6.0208,,,,,,,
1568435644278479,GPS,,,,31.9426,118.7884,3.6600,172.4000,,,
1568435632535422,加速度计,-0.2646,6.8929,7.8805,,,,,,,
1568435642546672,加速度计,0.8284,5.5019,10.1664,,,,,,,
1568435632541099,陀螺仪,,,,,,,,0.0497,0.0178,-0.1198
1568435652563964,陀螺仪,,,,,,,,0.1446,0.0101,-0.1828
1568435652558078,加速度计,0.3095,7.4113,6.4877,,,,,,,
1568435662570057,加速度计,0.6327,7.6046,3.7385,,,,,,,
1568435672589589,陀螺仪,,,,,,,,0.0883,-0.0253,-0.2272
1568435672582870,加速度计,1.3414,7.0144,4.5406,,,,,,,
1568435682596672,加速度计,0.4268,7.7243,5.4977,,,,,,,
1568435692611724,加速度计,0.5423,6.9839,6.1304,,,,,,,
1568435692619693,陀螺仪,,,,,,,,0.0403,-0.0586,-0.2542
1568435702628026,加速度计,0.7632,7.8141,4.7034,,,,,,,
1568435712654797,陀螺仪,,,,,,,,0.0044,-0.0760,-0.2732
1568435712645578,加速度计,1.3096,6.2291,6.6637,,,,,,,
1568435722664380,加速度计,0.9529,6.8001,5.2313,,,,,,,
1568435732694901,陀螺仪,,,,,,,,-0.0053,-0.0811,-0.2979
1568435732684432,加速度计,0.2747,7.7321,5.5186,,,,,,,
1568435742705734,加速度计,0.5513,7.0838,6.6631,,,,,,,
1568435752728130,加速度计,-0.0581,7.0527,6.8983,,,,,,,
1568435752739641,陀螺仪,,,,,,,,-0.0005,-0.0939,-0.2774
1568435762751359,加速度计,0.4465,8.6137,6.4811,,,,,,,
1568435772775266,加速度计,0.9122,8.2899,6.1256,,,,,,,
1568435772787401,陀螺仪,,,,,,,,-0.0217,-0.1149,-0.2786
1568435782799589,加速度计,-0.0245,7.2359,9.4535,,,,,,,
1568435792824172,加速度计,-0.1676,7.9356,9.5068,,,,,,,
1568435792836516,陀螺仪,,,,,,,,0.0178,-0.0973,-0.2423
1568435802848599,加速度计,0.0221,8.3695,6.9923,,,,,,,
1568435812880161,陀螺仪,,,,,,,,0.0228,-0.0799,-0.1911
1568435812870734,加速度计,0.1532,7.8793,3.8978,,,,,,,
1568435822889484,加速度计,0.0640,6.9228,7.0713,,,,,,,
1568435832908234,加速度计,-0.9673,7.2059,8.9597,,,,,,,
1568435832917661,陀螺仪,,,,,,,,0.0092,-0.0790,-0.1530
1568435842926984,加速度计,-0.3645,8.7604,6.3135,,,,,,,
1568435852945734,加速度计,-0.4717,7.7752,5.9945,,,,,,,
1568435852955161,陀螺仪,,,,,,,,0.0180,-0.0783,-0.1149
1568435862964484,加速度计,-0.7201,6.6182,7.5064,,,,,,,
1568435872983703,加速度计,-1.1019,7.8272,7.8063,,,,,,,
1568435872994745,陀螺仪,,,,,,,,0.0265,-0.0732,-0.0887
1568435883005057,加速度计,-0.4717,8.4354,6.2842,,,,,,,
1568435893020474,加速度计,-1.2007,7.3670,6.9420,,,,,,,
1568435893028234,陀螺仪,,,,,,,,0.0021,-0.0854,-0.0668
1568435903035891,加速度计,-0.9032,7.4561,6.7648,,,,,,,
1568435913051464,加速度计,-0.1879,7.3843,5.6216,,,,,,,
1568435913059432,陀螺仪,,,,,,,,-0.0051,-0.0872,-0.0411
1568435923067453,加速度计,-0.2867,7.7381,4.9027,,,,,,,
1568435933083859,加速度计,-0.9876,6.7080,8.2229,,,,,,,
1568435933092245,陀螺仪,,,,,,,,-0.0519,-0.0927,-0.0370
1568435943100682,加速度计,-0.8140,6.2040,9.7624,,,,,,,
1568435953117922,加速度计,-0.4004,7.4035,6.1585,,,,,,,
1568435953126724,陀螺仪,,,,,,,,0.0298,-0.0740,0.0083
1568435963135578,加速度计,0.2723,7.0228,5.7030,,,,,,,
1568435973162870,陀螺仪,,,,,,,,0.0342,-0.0808,-0.0048
1568435973153651,加速度计,0.0670,6.6014,8.4007,,,,,,,
1568435983172141,加速度计,-0.5010,7.2514,9.1273,,,,,,,
1568435993200682,陀螺仪,,,,,,,,0.1269,-0.0585,0.0059
1568435993191047,加速度计,0.2693,7.7746,2.8659,,,,,,,
1568436003210370,加速度计,-0.0736,7.3490,1.4395,,,,,,,
1568436013230109,加速度计,0.5519,5.4773,7.8787,,,,,,,
1568436013240161,陀螺仪,,,,,,,,0.0008,-0.1212,-0.0198
1568436023250266,加速度计,0.1161,6.2734,11.0199,,,,,,,
1568436033270839,加速度计,-1.1049,9.1794,5.3085,,,,,,,
1568436033281307,陀螺仪,,,,,,,,0.1154,-0.0859,-0.0317
1568436043291828,加速度计,-0.0545,7.7542,4.0456,,,,,,,
1568436053323755,陀螺仪,,,,,,,,0.0398,-0.1296,-0.0586
1568436053313078,加速度计,0.6159,6.4440,7.8201,,,,,,,
1568436063334328,加速度计,-0.7362,8.2947,7.1742,,,,,,,
1568436073355578,加速度计,0.0605,7.6219,6.9755,,,,,,,
1568436073366255,陀螺仪,,,,,,,,0.0142,-0.1710,-0.0989
1568436083376828,加速度计,0.4980,6.4578,7.7943,,,,,,,
1568436093398078,加速度计,0.0443,5.7299,5.7898,,,,,,,
1568436093408755,陀螺仪,,,,,,,,0.0182,-0.1688,-0.1337
1568436103418391,加速度计,-0.2388,6.2734,5.6850,,,,,,,
1568436113437141,加速度计,0.1131,7.3496,10.3866,,,,,,,
1568436113446568,陀螺仪,,,,,,,,-0.0153,-0.2083,-0.1312
1568436123458234,加速度计,0.7554,7.1371,11.3772,,,,,,,
1568436133488859,加速度计,0.1305,6.7636,7.8943,,,,,,,
1568436133487245,陀螺仪,,,,,,,,0.0816,-0.1619,-0.1198
1568436143485839,加速度计,-0.2664,8.2732,2.7851,,,,,,,
1568436153483964,加速度计,0.7111,5.5031,6.3776,,,,,,,
1568436153483599,陀螺仪,,,,,,,,-0.0217,-0.1788,-0.0708
1568436163483911,加速度计,0.6434,6.1591,6.9570,,,,,,,
1568436173486255,加速度计,-0.0617,6.6930,5.2050,,,,,,,
1568436173488391,陀螺仪,,,,,,,,-0.0268,-0.1326,-0.0154
1568436183491672,加速度计,1.1510,6.2614,4.8435,,,,,,,
1568436193500578,加速度计,0.8464,6.0094,6.8091,,,,,,,
1568436193506255,陀螺仪,,,,,,,,-0.0739,-0.0924,0.0269
1568436203513234,加速度计,-0.5501,6.8151,8.7047,,,,,,,
1568436213529641,加速度计,-1.0636,8.0236,9.6833,,,,,,,
1568436213539068,陀螺仪,,,,,,,,-0.0385,-0.0630,0.0993
1568436223549797,加速度计,0.1676,7.1892,7.9362,,,,,,,
1568436233586516,陀螺仪,,,,,,,,-0.0115,-0.0220,0.1475
1568436233573547,加速度计,0.3513,7.7859,0.9427,,,,,,,
1568436243600474,加速度计,-0.7278,6.3686,1.0127,,,,,,,
1568436253645839,陀螺仪,,,,,,,,-0.1715,-0.0674,0.1466
1568436253630161,加速度计,0.0832,6.6858,9.1231,,,,,,,
1568436263662036,加速度计,-0.0664,6.3949,13.6745,,,,,,,
1568436273695422,加速度计,0.7578,7.9260,8.3420,,,,,,,
1568436273712557,陀螺仪,,,,,,,,0.0233,0.0012,0.1344
1568436283729745,加速度计,-0.4669,8.3612,5.5162,,,,,,,
1568436293764328,加速度计,-0.3926,6.4536,2.2380,,,,,,,
1568436293781672,陀螺仪,,,,,,,,-0.0056,-0.0328,0.0791
1568436303794068,加速度计,0.2837,7.4933,6.1776,,,,,,,
1568436313814797,加速度计,-0.1766,8.7867,8.6377,,,,,,,
1568436313824432,陀螺仪,,,,,,,,-0.0378,-0.0887,0.0511
1568436323833807,加速度计,1.3653,8.0673,10.6279,,,,,,,
1568436333852557,加速度计,0.5213,7.6956,7.0575,,,,,,,
1568436333861984,陀螺仪,,,,,,,,0.0545,-0.0755,-0.0252
1568436343871307,加速度计,0.2209,8.0397,3.7751,,,,,,,
1568436353899484,陀螺仪,,,,,,,,0.0056,-0.1156,-0.0458
1568436353890057,加速度计,1.0774,6.0992,4.6986,,,,,,,
1568436363908807,加速度计,1.0092,8.0200,5.0691,,,,,,,
1568436373928964,加速度计,1.6795,6.8432,7.2856,,,,,,,
1568436373945682,陀螺仪,,,,,,,,-0.0174,-0.1115,-0.0854
1568436383951047,加速度计,0.8134,8.5653,4.5454,,,,,,,
1568436393961880,加速度计,-0.3322,7.0264,8.7502,,,,,,,
1568436393967349,陀螺仪,,,,,,,,-0.0806,-0.1190,-0.0759
1568436403972922,加速度计,1.4078,7.4933,10.4238,,,,,,,
1568436413984589,加速度计,0.5219,7.2407,6.0873,,,,,,,
1568436413990682,陀螺仪,,,,,,,,-0.0148,-0.0807,-0.0461
1568436423997089,加速度计,0.4345,6.9647,7.0677,,,,,,,
1568436434010630,加速度计,1.2169,5.7102,5.0673,,,,,,,
1568436434017766,陀螺仪,,,,,,,,-0.0206,-0.0634,-0.0278
1568436444025422,加速度计,0.1724,5.9640,6.8863,,,,,,,
1568436454041464,加速度计,-0.1850,6.5074,5.0500,,,,,,,
1568436454049849,陀螺仪,,,,,,,,0.0028,-0.0415,0.0390
1568436464058755,加速度计,1.7238,8.2432,4.2880,,,,,,,
1568436474077297,加速度计,0.8918,7.6423,7.0749,,,,,,,
1568436474086932,陀螺仪,,,,,,,,-0.0566,-0.0206,0.0385
1568436484097089,加速度计,0.5758,7.7590,10.7805,,,,,,,
1568436494129016,陀螺仪,,,,,,,,0.0349,0.0380,0.0842
1568436494118130,加速度计,0.0257,6.7145,9.7390,,,,,,,
1568436504140422,加速度计,0.4112,6.4057,3.3058,,,,,,,
1568436514163755,加速度计,0.0916,5.0206,4.9853,,,,,,,
1568436514175682,陀螺仪,,,,,,,,0.0341,0.0370,0.1300
1568436524187922,加速度计,0.8122,7.9110,4.3353,,,,,,,
1568436534212714,加速度计,0.2263,7.6854,6.6535,,,,,,,
1568436534225266,陀螺仪,,,,,,,,-0.0297,0.0501,0.1015
1568436544237714,加速度计,0.0204,7.5417,8.1864,,,,,,,
1568436554262714,加速度计,-0.3627,5.9358,9.7264,,,,,,,
1568436554275266,陀螺仪,,,,,,,,-0.0502,0.0570,0.1116
1568436564285839,加速度计,-0.0533,6.4272,8.3061,,,,,,,
1568436574305839,加速度计,0.6482,7.6668,7.6986,,,,,,,
1568436574315266,陀螺仪,,,,,,,,0.0109,0.0743,0.1423
1568436584324589,加速度计,0.1161,6.6583,6.0609,,,,,,,
1568436594343339,加速度计,0.1861,6.4296,8.8992,,,,,,,
1568436594352766,陀螺仪,,,,,,,,-0.0217,0.0682,0.0965
1568436604362089,加速度计,0.3903,6.7983,8.2809,,,,,,,
1568436614380839,加速度计,-0.1030,6.2674,9.9294,,,,,,,
1568436614390266,陀螺仪,,,,,,,,-0.0052,0.0485,0.0529
1568436624403339,加速度计,0.0946,6.9234,10.7847,,,,,,,
1568436634426880,加速度计,0.6291,6.6541,10.4429,,,,,,,
1568436648432489,GPS,,,,31.9426,118.7884,3.7100,174.5000,,,
1568436634426151,陀螺仪,,,,,,,,0.0976,0.0607,0.0487
1568436644425474,加速度计,0.6015,6.1926,6.5942,,,,,,,
1568436654425005,加速度计,1.1151,7.9889,2.1560,,,,,,,
1568436654425318,陀螺仪,,,,,,,,0.1096,0.0322,-0.0153
1568436664426307,加速度计,0.6285,6.8456,4.3826,,,,,,,
1568436674429953,加速度计,0.9170,6.0112,7.8344,,,,,,,
1568436674432714,陀螺仪,,,,,,,,0.0225,-0.0186,-0.0804
1568436684436620,加速度计,0.2628,7.4819,5.8838,,,,,,,
1568436694446620,加速度计,0.7296,6.5170,6.4649,,,,,,,
1568436694452766,陀螺仪,,,,,,,,-0.0089,-0.0261,-0.1079
1568436704460214,加速度计,0.7266,5.7748,6.9258,,,,,,,
1568436714477557,加速度计,-0.4782,5.8688,3.6781,,,,,,,
1568436714487401,陀螺仪,,,,,,,,0.0277,-0.0277,-0.1549
1568436724498391,加速度计,0.7643,5.8401,-0.0772,,,,,,,
1568436734522557,加速度计,-0.0209,5.0709,1.8465,,,,,,,
1568436734535682,陀螺仪,,,,,,,,-0.2061,-0.1835,-0.1943
1568436744549797,加速度计,1.1528,5.6036,26.4565,,,,,,,
1568436754579693,加速度计,-1.2935,19.5534,16.2123,,,,,,,
1568436754595370,陀螺仪,,,,,,,,0.2988,-0.0069,-0.2052
1568436764611568,加速度计,-0.1347,6.5242,-9.1800,,,,,,,
1568436774644849,加速度计,3.1580,-5.4558,10.6536,,,,,,,
1568436774661828,陀螺仪,,,,,,,,-0.0176,-0.1369,-0.2256
1568436784678859,加速度计,-2.5211,9.0100,-7.2036,,,,,,,
1568436794713026,加速度计,0.2466,15.4588,13.0568,,,,,,,
1568436794728547,陀螺仪,,,,,,,,-0.0915,-0.2201,-0.1916
1568436804739120,加速度计,0.6883,7.7967,8.7945,,,,,,,
1568436814758807,加速度计,0.9643,1.5203,7.7943,,,,,,,
1568436814768234,陀螺仪,,,,,,,,0.0575,-0.1107,-0.1835
1568436824777557,加速度计,-1.3252,10.1622,2.7120,,,,,,,
1568436834796307,加速度计,-0.1532,11.5616,2.3547,,,,,,,
1568436834805734,陀螺仪,,,,,,,,-0.0312,-0.1380,-0.0694
1568436844815057,加速度计,1.0876,6.0053,11.1821,,,,,,,
1568436854833807,加速度计,-1.5802,8.7628,8.1247,,,,,,,
1568436854843234,陀螺仪,,,,,,,,-0.0095,-0.0686,0.0031
1568436864852557,加速度计,-0.9254,6.8618,11.6191,,,,,,,
1568436874871568,加速度计,-0.5938,8.1738,4.6196,,,,,,,
1568436874883755,陀螺仪,,,,,,,,0.0751,-0.0080,0.1543
1568436884892036,加速度计,1.0193,9.4230,0.7350,,,,,,,
1568436894908703,加速度计,1.2486,7.1892,6.3758,,,,,,,
1568436894917089,陀螺仪,,,,,,,,-0.0956,-0.0140,0.1334
1568436904925370,加速度计,-2.0051,6.6182,9.2763,,,,,,,
1568436914950422,陀螺仪,,,,,,,,-0.0776,0.0133,0.1936
1568436914942036,加速度计,-0.2652,8.7694,7.0785,,,,,,,
1568436924958703,加速度计,0.6129,6.1681,8.8334,,,,,,,
1568436934975578,加速度计,-0.6195,5.7305,8.2510,,,,,,,
1568436934984172,陀螺仪,,,,,,,,-0.0487,0.0399,0.1862
1568436944992870,加速度计,-0.6369,6.8929,7.4980,,,,,,,
1568436955019589,陀螺仪,,,,,,,,-0.0196,0.0310,0.1795
1568436955010578,加速度计,-0.8254,7.0096,5.5863,,,,,,,
1568436965028703,加速度计,-0.2646,6.1321,7.1796,,,,,,,
1568436975056672,陀螺仪,,,,,,,,-0.0089,0.0268,0.1791
1568436975047245,加速度计,-0.2687,6.2734,9.8156,,,,,,,
1568436985066203,加速度计,-0.4741,3.0490,10.6129,,,,,,,
1568436995095422,陀螺仪,,,,,,,,0.2269,0.0455,0.1621
1568436995085578,加速度计,-0.6776,2.5343,4.3437,,,,,,,
1568437005105370,加速度计,0.5160,13.3357,0.6291,,,,,,,
1568437015135839,陀螺仪,,,,,,,,-0.1606,-0.0539,0.1525
1568437015125578,加速度计,-0.1173,17.4154,-6.6212,,,,,,,
1568437025145995,加速度计,1.7777,7.8913,16.9899,,,,,,,
1568437035176672,陀螺仪,,,,,,,,-0.1266,0.0305,0.0369
1568437035166411,加速度计,-0.5022,4.1480,12.4612,,,,,,,
1568437045186828,加速度计,-2.1081,-2.4948,9.9503,,,,,,,
1568437055217505,陀螺仪,,,,,,,,0.0767,0.0076,0.0807
1568437055207245,加速度计,1.6233,5.2936,0.8021,,,,,,,
1568437065227661,加速度计,-0.2442,9.8330,2.4888,,,,,,,
1568437075258339,陀螺仪,,,,,,,,-0.0633,-0.0258,0.1035
1568437075248078,加速度计,-0.2113,7.0952,8.9136,,,,,,,
1568437085268078,加速度计,0.3017,3.4578,10.6309,,,,,,,
1568437095297089,陀螺仪,,,,,,,,0.0650,-0.0405,0.0181
1568437095287453,加速度计,0.1778,9.9742,4.0079,,,,,,,
1568437105306411,加速度计,-1.4383,8.9836,6.4554,,,,,,,
1568437115325161,加速度计,-0.5854,4.9207,12.7695,,,,,,,
1568437115334589,陀螺仪,,,,,,,,0.0021,-0.0944,0.0393
1568437125347036,加速度计,0.6889,8.0649,6.1052,,,,,,,
1568437135372453,陀螺仪,,,,,,,,-0.0111,-0.0912,-0.0133
1568437135374484,加速度计,0.7524,8.8083,3.1328,,,,,,,
1568437145370734,加速度计,-0.6357,3.6296,8.3803,,,,,,,
1568437155367453,陀螺仪,,,,,,,,-0.0197,-0.1023,0.0157
1568437155368234,加速度计,-0.5333,5.0182,8.8442,,,,,,,
1568437165367818,加速度计,0.7189,7.3023,5.7054,,,,,,,
1568437175370109,加速度计,1.6741,7.1078,5.1092,,,,,,,
1568437175372036,陀螺仪,,,,,,,,-0.0322,-0.1060,0.0093
1568437185375526,加速度计,-0.2903,7.0593,8.7406,,,,,,,
1568437195389953,陀螺仪,,,,,,,,-0.0092,-0.0782,0.0385
1568437195384484,加速度计,0.0796,5.8257,8.1110,,,,,,,
1568437205397193,加速度计,0.7632,8.5856,3.6111,,,,,,,
1568437215423286,陀螺仪,,,,,,,,-0.0924,-0.0985,0.0506
1568437215413859,加速度计,-0.4681,7.9440,7.0797,,,,,,,
1568437225434484,加速度计,1.0684,5.1858,8.8819,,,,,,,
1568437235458651,加速度计,0.3711,8.4036,5.4444,,,,,,,
1568437235471620,陀螺仪,,,,,,,,-0.0329,-0.0554,0.0748
1568437245485943,加速度计,0.6692,8.1552,5.9400,,,,,,,
1568437255531620,陀螺仪,,,,,,,,-0.0514,-0.0354,0.0964
1568437255515943,加速度计,0.7464,6.6571,9.9282,,,,,,,
1568437265548234,加速度计,0.0096,7.4891,8.6862,,,,,,,
1568437275582193,加速度计,0.9535,8.0403,5.2912,,,,,,,
1568437275599536,陀螺仪,,,,,,,,0.0294,-0.0189,0.1136
1568437285617193,加速度计,0.2269,7.0384,4.6591,,,,,,,
1568437295670370,陀螺仪,,,,,,,,-0.0007,-0.0053,0.1439
1568437295652609,加速度计,1.1540,7.6309,7.9565,,,,,,,
1568437305681776,加速度计,1.1432,7.6387,6.4021,,,,,,,
1568437315702818,加速度计,0.3921,7.9996,3.9193,,,,,,,
1568437315712453,陀螺仪,,,,,,,,0.0025,0.0244,0.1350
1568437325721776,加速度计,1.2468,5.8466,6.2985,,,,,,,
1568437335740526,加速度计,-0.3502,6.3638,9.1674,,,,,,,
1568437335749953,陀螺仪,,,,,,,,-0.0035,0.0333,0.1577
1568437345759276,加速度计,0.9601,7.5022,10.8751,,,,,,,
1568437355778026,加速度计,1.0552,9.4960,8.4701,,,,,,,
1568437355787453,陀螺仪,,,,,,,,0.1230,0.0652,0.1664
1568437365796776,加速度计,0.9888,8.0349,5.2613,,,,,,,
1568437375816776,加速度计,1.3910,6.9121,2.7755,,,,,,,
1568437375830109,陀螺仪,,,,,,,,0.1005,0.0716,0.1117
1568437385836932,加速度计,1.0702,7.6303,0.8918,,,,,,,
1568437395850682,加速度计,0.4591,7.7841,4.4861,,,,,,,
1568437395857609,陀螺仪,,,,,,,,-0.0878,0.0427,0.0662
1568437405864432,加速度计,0.3166,5.1110,7.6315,,,,,,,
1568437415878443,加速度计,0.9984,6.7882,8.2528,,,,,,,
1568437415885630,陀螺仪,,,,,,,,-0.0658,0.0784,0.1112
1568437425892870,加速度计,0.1041,7.1892,8.9220,,,,,,,
1568437435907974,加速度计,0.9786,5.9167,9.6307,,,,,,,
1568437435915839,陀螺仪,,,,,,,,-0.0029,0.1023,0.1390
1568437445923911,加速度计,1.1708,8.3516,7.1539,,,,,,,
1568437455940682,加速度计,0.6997,7.3688,4.3281,,,,,,,
1568437455949380,陀螺仪,,,,,,,,0.0200,0.1075,0.0899
1568437465958286,加速度计,0.6859,6.3686,5.6593,,,,,,,
1568437475976724,加速度计,0.1460,6.4536,7.9362,,,,,,,
1568437475986255,陀螺仪,,,,,,,,-0.0055,0.1047,0.0901
1568437485995995,加速度计,0.1987,7.7943,7.3298,,,,,,,
1568437496016099,加速度计,1.2959,7.6112,8.3737,,,,,,,
1568437496026464,陀螺仪,,,,,,,,0.0005,0.1144,0.1044
1568437506037036,加速度计,0.5740,6.4266,7.7237,,,,,,,
1568437516058807,加速度计,0.2544,6.3740,6.3171,,,,,,,
1568437516069953,陀螺仪,,,,,,,,0.0232,0.1372,0.0931
1568437526081151,加速度计,-0.1778,7.2652,5.8341,,,,,,,
1568437536103911,加速度计,0.3837,6.3386,7.7093,,,,,,,
1568437536115422,陀螺仪,,,,,,,,-0.0314,0.1168,0.0828
1568437546126828,加速度计,-0.2993,6.3584,9.9683,,,,,,,
1568437556149745,加速度计,0.3095,6.8714,8.3432,,,,,,,
1568437556161255,陀螺仪,,,,,,,,0.0216,0.1172,0.0903
1568437566172661,加速度计,0.7500,7.0425,6.3177,,,,,,,
1568437576193234,加速度计,1.1289,6.6673,7.3209,,,,,,,
1568437576202870,陀螺仪,,,,,,,,0.0092,0.1045,0.0626
1568437586212401,加速度计,0.5710,5.9125,8.0553,,,,,,,
1568437596231307,加速度计,0.6937,6.7092,6.6385,,,,,,,
1568437596240734,陀螺仪,,,,,,,,0.0409,0.1174,0.0399
1568437606250057,加速度计,0.6524,6.9959,4.6178,,,,,,,
1568437616268807,加速度计,1.7639,7.4537,3.4028,,,,,,,
1568437616278286,陀螺仪,,,,,,,,-0.0274,0.1033,0.0160
1568437626287818,加速度计,1.1025,6.4284,4.9285,,,,,,,
1568437636307453,加速度计,0.5082,6.8175,5.1128,,,,,,,
1568437649102176,GPS,,,,31.9425,118.7884,3.6200,174.4000,,,
1568437636315839,陀螺仪,,,,,,,,-0.1258,0.0956,-0.0274
1568437646324120,加速度计,0.0539,5.1649,9.4439,,,,,,,
1568437656340786,加速度计,-0.1832,4.8632,11.2767,,,,,,,
1568437656349172,陀螺仪,,,,,,,,-0.0687,0.1172,0.0150
1568437666357453,加速度计,-0.3855,6.9671,11.1588,,,,,,,
1568437676382557,陀螺仪,,,,,,,,0.0795,0.1465,0.0642
1568437676374120,加速度计,0.9230,7.3077,9.6253,,,,,,,
1568437686391047,加速度计,1.2312,8.1247,5.8891,,,,,,,
1568437696408391,加速度计,0.5477,7.2167,2.5911,,,,,,,
1568437706426151,加速度计,0.9266,7.7321,3.1789,,,,,,,
1568437696417245,陀螺仪,,,,,,,,0.0867,0.1234,-0.0298
1568437716444328,加速度计,-0.9158,7.0473,7.1778,,,,,,,
1568437716453599,陀螺仪,,,,,,,,-0.0083,0.0462,-0.0896
1568437726462922,加速度计,-0.2574,8.2061,8.4731,,,,,,,
1568437736481932,加速度计,0.7889,8.0337,10.0586,,,,,,,
1568437736491620,陀螺仪,,,,,,,,0.0545,0.0182,-0.1093
1568437746501359,加速度计,0.7386,9.0956,9.1740,,,,,,,
1568437756521203,加速度计,0.4016,7.4514,7.1706,,,,,,,
1568437766541464,加速度计,0.8487,8.5964,3.4393,,,,,,,
1568437756531307,陀螺仪,,,,,,,,0.1362,0.0365,-0.1775
1568437776561880,加速度计,0.3879,8.1696,0.6327,,,,,,,
1568437786582297,加速度计,0.9188,7.2856,2.5833,,,,,,,
1568437776572141,陀螺仪,,,,,,,,0.0606,-0.0016,-0.1975
1568437796602714,加速度计,0.5674,6.9121,4.8716,,,,,,,
1568437796612974,陀螺仪,,,,,,,,-0.0808,-0.0390,-0.2170
1568437806623130,加速度计,0.1083,7.8147,9.0369,,,,,,,
1568437816643547,加速度计,0.6997,6.8348,8.2989,,,,,,,
1568437826663964,加速度计,1.0678,7.7883,1.5682,,,,,,,
1568437816653807,陀螺仪,,,,,,,,-0.0161,0.0097,-0.1372
1568437836683859,加速度计,0.9493,7.2538,4.9799,,,,,,,
1568437846702922,加速度计,0.2544,5.3756,13.0484,,,,,,,
1568437836693599,陀螺仪,,,,,,,,-0.1229,-0.0148,-0.1245
1568437856721672,加速度计,-0.8607,8.3228,10.3447,,,,,,,
1568437856731099,陀螺仪,,,,,,,,0.0061,0.0245,-0.0992
1568437866740422,加速度计,-0.0090,8.7921,4.8632,,,,,,,
1568437876762297,加速度计,0.5519,5.4570,5.9358,,,,,,,
1568437886784797,加速度计,-0.7398,4.9680,7.1694,,,,,,,
1568437876783807,陀螺仪,,,,,,,,-0.0316,-0.0013,-0.0892
1568437896787141,加速度计,-1.1432,7.4472,3.1095,,,,,,,
1568437896788599,陀螺仪,,,,,,,,0.0103,-0.0160,-0.1051
1568437906790422,加速度计,-0.5267,6.3572,4.8692,,,,,,,
1568437916795214,加速度计,-0.3490,6.0442,8.7305,,,,,,,
1568437916798234,陀螺仪,,,,,,,,-0.0182,-0.0372,-0.0791
1568437926801932,加速度计,-1.3455,9.4284,9.0100,,,,,,,
1568437936810995,加速度计,-0.1149,10.8816,10.6081,,,,,,,
1568437936816411,陀螺仪,,,,,,,,0.0051,-0.0349,-0.0352
1568437946822818,加速度计,-0.6207,7.9637,9.5199,,,,,,,
1568437956837557,加速度计,-0.6452,6.3662,8.5964,,,,,,,
1568437956845891,陀螺仪,,,,,,,,0.0270,-0.0178,-0.0128
1568437966855214,加速度计,-0.6919,5.2672,5.0200,,,,,,,
1568437976875786,加速度计,0.5309,5.3774,6.5571,,,,,,,
1568437976886984,陀螺仪,,,,,,,,0.0194,-0.0497,0.0202
1568437986899016,加速度计,0.8218,7.0521,6.0334,,,,,,,
1568437996924484,加速度计,0.0539,8.0110,7.1790,,,,,,,
1568437996937870,陀螺仪,,,,,,,,0.0221,-0.0044,-0.0116
1568438006951776,加速度计,-1.4377,8.5198,3.1945,,,,,,,
1568438016980474,加速度计,0.2723,6.7900,6.7092,,,,,,,
1568438016995214,陀螺仪,,,,,,,,-0.0755,-0.0340,0.0222
1568438027010161,加速度计,-0.2981,6.5499,5.2194,,,,,,,
1568438037040422,加速度计,-0.8062,5.8496,6.9139,,,,,,,
1568438047070839,加速度计,0.0132,5.8879,6.9731,,,,,,,
1568438037055682,陀螺仪,,,,,,,,-0.1101,-0.0333,0.0209
1568438057097349,加速度计,-0.6452,5.5270,8.1026,,,,,,,
1568438057108807,陀螺仪,,,,,,,,-0.0574,-0.0229,0.0642
1568438067118130,加速度计,-0.3100,6.9797,6.4572,,,,,,,
1568438077136880,加速度计,0.2514,6.4691,8.7107,,,,,,,
1568438077146307,陀螺仪,,,,,,,,-0.0248,-0.0378,0.0726
1568438087155630,加速度计,-0.1610,6.3309,10.1897,,,,,,,
1568438097174380,加速度计,0.1700,7.4807,7.0844,,,,,,,
1568438097183807,陀螺仪,,,,,,,,0.0760,-0.0144,0.0937
1568438107193130,加速度计,0.5674,7.8075,4.7465,,,,,,,
1568438117211880,加速度计,0.8912,6.4554,7.5280,,,,,,,
1568438117221724,陀螺仪,,,,,,,,0.0192,-0.0221,0.0666
1568438127232714,加速度计,-0.5345,6.4847,9.5295,,,,,,,
1568438137251828,加速度计,-0.8631,6.7971,7.3753,,,,,,,
1568438137258130,陀螺仪,,,,,,,,0.0731,-0.0063,0.0710
1568438147264328,加速度计,0.5513,7.8775,5.0542,,,,,,,
1568438157277141,加速度计,0.2167,5.7491,7.2012,,,,,,,
1568438157283755,陀螺仪,,,,,,,,0.0527,-0.0258,0.0738
1568438167290370,加速度计,0.7817,5.8981,9.0680,,,,,,,
1568438177304328,加速度计,0.7266,8.2546,8.1558,,,,,,,
1568438177311672,陀螺仪,,,,,,,,0.1194,-0.0085,0.0708
1568438187319120,加速度计,0.8595,8.5347,8.0780,,,,,,,
1568438197334745,加速度计,0.7841,8.5509,3.5889,,,,,,,
1568438197343026,陀螺仪,,,,,,,,0.1103,-0.0029,0.0358
1568438207351516,加速度计,0.2334,8.4868,4.0606,,,,,,,
1568438217369536,加速度计,1.1109,7.5812,3.6242,,,,,,,
1568438217379068,陀螺仪,,,,,,,,-0.0273,-0.0380,0.0089
1568438227388807,加速度计,0.4160,7.2071,9.8090,,,,,,,
1568438237409016,加速度计,1.0391,7.9715,9.3272,,,,,,,
1568438237419484,陀螺仪,,,,,,,,-0.0348,-0.0276,-0.0113
1568438247430057,加速度计,1.6358,6.8408,12.0482,,,,,,,
1568438257451932,加速度计,0.6410,8.2271,3.7607,,,,,,,
1568438267474641,加速度计,0.8505,5.7563,3.3208,,,,,,,
1568438257463234,陀螺仪,,,,,,,,0.0710,-0.0061,-0.0390
1568438277497870,加速度计,1.6197,7.5352,3.7350,,,,,,,
1568438277509693,陀螺仪,,,,,,,,-0.0063,-0.0378,-0.0513
1568438287521516,加速度计,0.5387,5.5037,8.7610,,,,,,,
1568438297545266,加速度计,0.8380,7.1694,6.4518,,,,,,,
1568438297557193,陀螺仪,,,,,,,,0.0249,-0.0205,-0.0469
1568438307569016,加速度计,0.0976,6.5152,8.0864,,,,,,,
1568438317589641,加速度计,0.9290,6.5218,10.2711,,,,,,,
1568438317599276,陀螺仪,,,,,,,,0.0879,-0.0214,-0.0302
1568438327608599,加速度计,1.1881,7.8817,6.9366,,,,,,,
1568438337627349,加速度计,0.8571,9.2494,5.3289,,,,,,,
1568438337636776,陀螺仪,,,,,,,,0.1173,-0.0241,-0.0944
1568438347646099,加速度计,0.0862,7.2957,4.9997,,,,,,,
1568438357664849,加速度计,0.4747,5.7467,3.2866,,,,,,,
1568438357674276,陀螺仪,,,,,,,,0.0209,-0.0429,-0.0867
1568438367683599,加速度计,0.4998,7.5208,4.6418,,,,,,,
1568438377702974,加速度计,0.5800,7.3263,7.8512,,,,,,,
1568438377713807,陀螺仪,,,,,,,,-0.0569,-0.0426,-0.0615
1568438387722297,加速度计,1.1259,6.1238,8.2355,,,,,,,
1568438397739380,加速度计,0.4106,7.2329,2.4337,,,,,,,
1568438397747974,陀螺仪,,,,,,,,-0.0154,0.0004,-0.0381
1568438407756464,加速度计,1.1678,6.5230,3.2196,,,,,,,
1568438417773547,加速度计,0.7123,7.2095,11.1199,,,,,,,
1568438417782141,陀螺仪,,,,,,,,-0.1158,-0.0128,-0.0232
1568438427790630,加速度计,-0.8296,8.6832,12.7228,,,,,,,
1568438437807714,加速度计,1.5880,9.0555,8.7825,,,,,,,
1568438437816411,陀螺仪,,,,,,,,0.0234,0.0320,0.0421
1568438447825109,加速度计,1.5425,7.2263,5.7563,,,,,,,
1568438457842922,加速度计,0.0233,6.0903,7.3969,,,,,,,
1568438457852036,陀螺仪,,,,,,,,-0.0146,0.0345,-0.0150
1568438467861151,加速度计,-0.2502,7.9781,6.4745,,,,,,,
1568438477879797,加速度计,0.1089,6.5960,6.9324,,,,,,,
1568438477889328,陀螺仪,,,,,,,,-0.0154,0.0013,-0.0075
1568438487898859,加速度计,0.0850,6.2519,10.7721,,,,,,,
1568438497918339,加速度计,0.2502,7.2604,10.2837,,,,,,,
1568438497928182,陀螺仪,,,,,,,,0.0734,0.0097,0.0028
1568438507937922,加速度计,2.4702,8.7957,4.8620,,,,,,,
1568438517957505,加速度计,1.3803,7.8248,3.4770,,,,,,,
1568438517967349,陀螺仪,,,,,,,,0.0123,0.0121,-0.0687
1568438527977089,加速度计,-0.0718,4.5209,8.5066,,,,,,,
1568438537996672,加速度计,-0.2993,5.1062,7.7991,,,,,,,
1568438538006516,陀螺仪,,,,,,,,0.0250,0.0029,-0.0182
1568438548016255,加速度计,0.9792,6.5978,7.8069,,,,,,,
1568438558035839,加速度计,1.2222,6.3339,5.6820,,,,,,,
1568438558045682,陀螺仪,,,,,,,,0.0538,0.0256,0.0134
1568438568055422,加速度计,2.3888,6.8067,6.8049,,,,,,,
1568438578075005,加速度计,0.6195,7.2293,7.7297,,,,,,,
1568438578084849,陀螺仪,,,,,,,,0.0173,0.0526,-0.0410
1568438588094589,加速度计,0.7697,7.1138,6.2890,,,,,,,
1568438598114172,加速度计,0.7470,6.6553,6.2752,,,,,,,
1568438598124016,陀螺仪,,,,,,,,-0.0161,0.0716,-0.0250
1568438608133755,加速度计,0.4537,4.4436,6.9785,,,,,,,
1568438618153339,加速度计,-0.6919,4.2760,10.8643,,,,,,,
1568438618164224,陀螺仪,,,,,,,,0.0129,0.0812,0.0119
1568438628178339,加速度计,-0.2969,7.0407,5.6557,,,,,,,
1568438647029728,GPS,,,,31.9425,118.7884,3.7500,175.7000,,,
1568438638196516,加速度计,1.0672,5.6773,5.6258,,,,,,,
1568438638199589,陀螺仪,,,,,,,,0.0739,0.0659,0.0293
1568438648202661,加速度计,0.7266,7.5256,3.8265,,,,,,,
1568438658209536,加速度计,0.2448,6.1046,4.2754,,,,,,,
1568438658213443,陀螺仪,,,,,,,,0.0273,0.0467,-0.0393
1568438668217557,加速度计,0.5890,6.6056,8.4994,,,,,,,
1568438678227141,加速度计,-0.3986,9.1423,3.0724,,,,,,,
1568438678232714,陀螺仪,,,,,,,,0.0581,0.0407,-0.0383
1568438688238703,加速度计,0.9278,8.7077,5.8574,,,,,,,
1568438698252349,加速度计,-0.4357,7.8799,10.7422,,,,,,,
1568438698260005,陀螺仪,,,,,,,,-0.0072,0.0222,-0.0582
1568438708268078,加速度计,-0.6608,8.9878,11.8286,,,,,,,
1568438718285891,加速度计,0.5740,8.3324,7.1186,,,,,,,
1568438718295630,陀螺仪,,,,,,,,0.0782,0.0234,-0.0184
1568438728305786,加速度计,0.2562,8.4467,3.7014,,,,,,,
1568438738327766,加速度计,0.2556,7.2467,5.6198,,,,,,,
1568438738339484,陀螺仪,,,,,,,,0.0217,-0.0103,-0.0965
1568438748351516,加速度计,-0.8493,7.7871,4.4634,,,,,,,
1568438758376932,加速度计,-0.3496,8.9974,0.0694,,,,,,,
1568438758390214,陀螺仪,,,,,,,,-0.0571,-0.0824,-0.1601
1568438768403703,加速度计,-0.2837,8.0140,6.5260,,,,,,,
1568438778431411,加速度计,-1.5233,5.7736,14.2928,,,,,,,
1568438778445526,陀螺仪,,,,,,,,-0.1394,-0.1346,-0.1675
1568438788459641,加速度计,-1.2001,8.1307,10.6763,,,,,,,
1568438798487974,加速度计,1.8675,8.8585,3.7134,,,,,,,
1568438798501047,陀螺仪,,,,,,,,-0.0060,-0.0983,-0.0913
1568438808512870,加速度计,2.1955,5.5043,2.0429,,,,,,,
1568438818532870,加速度计,-0.5806,4.5011,7.7147,,,,,,,
1568438828551620,加速度计,-0.1927,8.5946,9.9335,,,,,,,
1568438818542297,陀螺仪,,,,,,,,-0.1201,-0.0893,-0.1350
1568438838570370,加速度计,-0.6572,7.4322,9.0573,,,,,,,
1568438838579797,陀螺仪,,,,,,,,-0.0634,-0.0742,-0.0124
1568438848589120,加速度计,1.5449,6.1130,5.8826,,,,,,,
1568438858607870,加速度计,0.9409,6.1507,5.2092,,,,,,,
1568438868626620,加速度计,-1.0110,6.0388,10.6560,,,,,,,
1568438858617297,陀螺仪,,,,,,,,-0.0549,-0.0399,-0.0146
1568438878649068,加速度计,-0.5405,7.7710,8.6784,,,,,,,
1568438878658859,陀螺仪,,,,,,,,0.0256,-0.0150,0.0284
1568438888665682,加速度计,0.1867,7.4729,3.2920,,,,,,,
1568438898679432,加速度计,-0.2963,6.7409,3.9337,,,,,,,
1568438898686359,陀螺仪,,,,,,,,-0.0298,-0.0318,0.0443
1568438908693182,加速度计,-1.2228,6.0669,7.4478,,,,,,,
1568438918707297,加速度计,-0.4130,7.4783,8.2241,,,,,,,
1568438928721828,加速度计,-0.3675,6.9785,8.7257,,,,,,,
1568438918714589,陀螺仪,,,,,,,,-0.0281,-0.0433,0.0622
1568438938737141,加速度计,-1.1594,5.6354,7.2263,,,,,,,
1568438938745214,陀螺仪,,,,,,,,0.0431,-0.0201,0.1112
1568438948753286,加速度计,0.3118,5.9274,6.4781,,,,,,,
1568438958770266,加速度计,0.6153,8.5754,3.4806,,,,,,,
1568438958779172,陀螺仪,,,,,,,,0.0594,0.0174,0.1085
1568438968788078,加速度计,-0.7045,8.6185,4.2132,,,,,,,
1568438978806724,加速度计,0.1419,6.9522,10.3358,,,,,,,
1568438978816464,陀螺仪,,,,,,,,-0.0708,0.0035,0.1582
1568438988826203,加速度计,0.3454,7.9577,10.3130,,,,,,,
1568438998846516,加速度计,-0.4136,6.0424,7.3598,,,,,,,
1568438998857089,陀螺仪,,,,,,,,0.0258,0.0815,0.2099
1568439008867661,加速度计,-0.0557,6.5649,2.3924,,,,,,,
1568439018889641,加速度计,0.2011,5.0296,6.6679,,,,,,,
1568439018900891,陀螺仪,,,,,,,,-0.0354,0.0459,0.2337
1568439028912089,加速度计,0.3112,6.2471,11.1396,,,,,,,
1568439038934953,加速度计,-0.6716,9.5193,3.9708,,,,,,,
1568439038946464,陀螺仪,,,,,,,,0.0981,0.0976,0.2345
1568439048957870,加速度计,1.4000,8.9765,1.5856,,,,,,,
1568439058980786,加速度计,-0.4842,5.9125,7.1186,,,,,,,
1568439058992297,陀螺仪,,,,,,,,-0.0707,0.0386,0.1502
1568439069003703,加速度计,-0.6093,5.9179,11.5742,,,,,,,
1568439079023339,加速度计,-0.7709,8.8035,3.9869,,,,,,,
1568439079032818,陀螺仪,,,,,,,,0.0314,0.0354,0.1252
1568439089042141,加速度计,0.4603,7.6668,3.1382,,,,,,,
1568439099060891,加速度计,-0.8900,5.3684,7.1868,,,,,,,
1568439099070318,陀螺仪,,,,,,,,-0.0879,-0.0161,0.0654
1568439109079641,加速度计,-0.5309,4.4873,9.0237,,,,,,,
1568439119098391,加速度计,0.0162,8.7813,7.2874,,,,,,,
1568439119110318,陀螺仪,,,,,,,,-0.0112,-0.0362,0.0413
1568439129133130,加速度计,0.7751,7.5375,5.9879,,,,,,,
1568439139139432,加速度计,1.0002,6.5835,7.0366,,,,,,,
1568439139137089,陀螺仪,,,,,,,,-0.0385,-0.0172,0.0397
1568439149134745,加速度计,-0.0928,6.6720,5.8167,,,,,,,
1568439159131620,加速度计,0.6536,7.0114,8.7125,,,,,,,
1568439159131151,陀螺仪,,,,,,,,-0.0630,-0.0244,0.0369
1568439169130891,加速度计,0.3921,6.0382,7.1162,,,,,,,
1568439179133391,加速度计,1.3761,6.7163,8.6790,,,,,,,
1568439179136307,陀螺仪,,,,,,,,-0.0395,-0.0293,0.0407
1568439189139589,加速度计,0.6099,6.8821,9.0148,,,,,,,
1568439199149901,加速度计,1.9309,7.9140,3.2465,,,,,,,
1568439199156932,陀螺仪,,,,,,,,0.0020,-0.0012,0.0021
1568439209164380,加速度计,0.3555,7.4968,4.2413,,,,,,,
1568439219183026,加速度计,-0.7440,6.0693,7.9092,,,,,,,
1568439219194068,陀螺仪,,,,,,,,-0.0983,-0.0364,-0.0067
1568439229205474,加速度计,0.2598,5.6192,8.1445,,,,,,,
1568439239231672,加速度计,1.2121,7.2862,4.9722,,,,,,,
1568439239246307,陀螺仪,,,,,,,,-0.0507,-0.0437,-0.0020
1568439249261255,加速度计,0.4543,7.6620,7.0102,,,,,,,
1568439259293443,加速度计,0.4956,7.2496,7.4795,,,,,,,
1568439269327766,加速度计,1.0307,8.1924,6.9605,,,,,,,
1568439259310526,陀螺仪,,,,,,,,-0.0843,-0.0553,-0.0103
1568439279363443,加速度计,0.6279,7.7853,5.6138,,,,,,,
1568439279381568,陀螺仪,,,,,,,,-0.0866,-0.0336,-0.0063
1568439289399641,加速度计,-0.5674,6.2596,8.2941,,,,,,,
1568439299435891,加速度计,0.7739,7.2323,8.4013,,,,,,,
1568439299447505,陀螺仪,,,,,,,,-0.0601,-0.0208,0.0362
1568439309456828,加速度计,0.4112,7.4633,6.4272,,,,,,,
1568439319475578,加速度计,1.2653,5.1439,6.1603,,,,,,,
1568439319485005,陀螺仪,,,,,,,,-0.0475,0.0103,0.0590
1568439329494328,加速度计,0.4208,6.5637,4.4604,,,,,,,
1568439339513078,加速度计,-0.4525,7.2975,5.9813,,,,,,,
1568439339522505,陀螺仪,,,,,,,,-0.0766,0.0209,0.0953
1568439349531828,加速度计,1.3850,7.7692,7.1575,,,,,,,
1568439359550578,加速度计,0.5926,6.1387,10.6159,,,,,,,
1568439359560005,陀螺仪,,,,,,,,-0.0656,0.0551,0.1092
1568439369569328,加速度计,0.2059,6.4859,6.1339,,,,,,,
1568439379598130,加速度计,-0.6171,7.0928,6.2124,,,,,,,
1568439379602974,陀螺仪,,,,,,,,-0.0495,0.0656,0.1293
1568439389607714,加速度计,0.5704,7.5501,10.0946,,,,,,,
1568439399617297,加速度计,0.9571,6.4165,13.1789,,,,,,,
1568439399622349,陀螺仪,,,,,,,,0.0134,0.0964,0.1750
1568439409627297,加速度计,0.7500,7.5304,5.7527,,,,,,,
1568439419638130,加速度计,0.9703,6.5817,2.7928,,,,,,,
1568439419644224,陀螺仪,,,,,,,,0.0298,0.0928,0.1388
1568439429650214,加速度计,0.2370,5.6713,5.2834,,,,,,,
1568439439663547,加速度计,0.5932,6.8049,9.5271,,,,,,,
1568439439671099,陀螺仪,,,,,,,,-0.0088,0.0907,0.1141
1568439449678547,加速度计,0.3741,7.7722,9.5199,,,,,,,
1568439459695214,加速度计,0.2227,7.3807,5.8885,,,,,,,
1568439459704432,陀螺仪,,,,,,,,0.0454,0.0984,0.0823
1568439469713547,加速度计,0.6692,6.2555,7.0431,,,,,,,
1568439479733547,加速度计,1.6741,7.2993,6.3321,,,,,,,
1568439479744432,陀螺仪,,,,,,,,0.0399,0.0945,0.0786
1568439489755214,加速度计,0.9876,6.4344,7.2137,,,,,,,
1568439499778130,加速度计,1.5796,7.3700,6.5164,,,,,,,
1568439499790266,陀螺仪,,,,,,,,0.0414,0.1051,0.0834
1568439509802297,加速度计,0.7177,6.2189,9.0495,,,,,,,
1568439519827297,加速度计,1.4413,7.0515,5.3935,,,,,,,
1568439519840057,陀螺仪,,,,,,,,0.0860,0.1221,0.0747
1568439529852714,加速度计,1.2109,6.8648,6.5673,,,,,,,
1568439539878547,加速度计,1.0116,7.0419,7.1503,,,,,,,
1568439539891516,陀螺仪,,,,,,,,0.0699,0.1139,0.0269
1568439549904380,加速度计,0.5770,6.7768,7.0623,,,,,,,
1568439559928130,加速度计,0.7422,7.7602,6.8402,,,,,,,
1568439559937557,陀螺仪,,,,,,,,0.0558,0.0823,-0.0145
1568439569946880,加速度计,0.9278,6.7445,8.2337,,,,,,,
1568439579965630,加速度计,1.1588,5.8975,8.5790,,,,,,,
1568439579975057,陀螺仪,,,,,,,,0.0886,0.0754,-0.0647
1568439589984380,加速度计,0.1706,6.8827,6.2531,,,,,,,
1568439600003130,加速度计,0.3573,6.2794,7.0958,,,,,,,
1568439600012557,陀螺仪,,,,,,,,0.1144,0.0531,-0.1000
1568439610021880,加速度计,-0.1143,6.8378,7.6501,,,,,,,
1568439620040630,加速度计,-0.0587,7.9912,4.3371,,,,,,,
1568439620055578,陀螺仪,,,,,,,,0.1233,0.0205,-0.1149
1568439630077193,加速度计,0.5477,7.5381,5.0063,,,,,,,
1568439646962384,GPS,,,,31.9425,118.7884,3.7800,173.9000,,,
1568439640076411,加速度计,-0.3095,8.3731,6.2531,,,,,,,
1568439640076255,陀螺仪,,,,,,,,0.0453,-0.0270,-0.1682
1568439650076151,加速度计,-0.5369,7.7309,7.8721,,,,,,,
1568439660077245,加速度计,-0.1676,7.8362,3.7715,,,,,,,
1568439660078755,陀螺仪,,,,,,,,0.0437,-0.0358,-0.1561
1568439670080474,加速度计,-0.1113,8.0571,4.0576,,,,,,,
1568439680086255,加速度计,-0.4106,6.1669,6.8199,,,,,,,
1568439680090474,陀螺仪,,,,,,,,-0.0658,-0.0523,-0.1265
1568439690095005,加速度计,-0.3100,6.8199,10.7955,,,,,,,
1568439700107089,加速度计,1.0971,8.1307,9.3984,,,,,,,
1568439710122505,加速度计,0.9134,6.8624,6.9857,,,,,,,
1568439700114641,陀螺仪,,,,,,,,0.0246,-0.0338,-0.0599
1568439720141255,加速度计,0.3268,7.3879,4.3946,,,,,,,
1568439720152141,陀螺仪,,,,,,,,0.0607,0.0032,-0.0423
1568439730163339,加速度计,0.3244,8.6598,6.0071,,,,,,,
1568439740188703,加速度计,0.2640,7.7339,9.8803,,,,,,,
1568439740202714,陀螺仪,,,,,,,,-0.0154,-0.0025,0.0169
1568439750216880,加速度计,0.4387,8.4557,8.9411,,,,,,,
1568439760247089,加速度计,1.0463,6.5511,5.2295,,,,,,,
1568439760262974,陀螺仪,,,,,,,,0.0507,0.0606,0.0575
1568439770278911,加速度计,0.5351,6.8259,3.2262,,,,,,,
1568439780311880,加速度计,-0.4741,7.2838,5.9137,,,,,,,
1568439780328599,陀螺仪,,,,,,,,-0.0229,0.0984,0.1144
1568439790345214,加速度计,0.2586,7.4280,5.4025,,,,,,,
1568439800377245,加速度计,0.2418,6.9372,7.2401,,,,,,,
1568439800388755,陀螺仪,,,,,,,,-0.0747,0.1137,0.1611
1568439810399641,加速度计,0.3980,6.0687,9.0908,,,,,,,
1568439820418391,加速度计,1.2175,6.5900,6.2285,,,,,,,
1568439820427818,陀螺仪,,,,,,,,0.0072,0.1778,0.1610
1568439830437141,加速度计,-0.1006,7.1952,2.4696,,,,,,,
1568439840455891,加速度计,0.1856,6.4230,4.9542,,,,,,,
1568439840465318,陀螺仪,,,,,,,,-0.1009,0.1526,0.1505
1568439850474641,加速度计,0.2951,7.2455,7.6956,,,,,,,
1568439860493391,加速度计,0.1784,6.9917,11.0678,,,,,,,
1568439860502818,陀螺仪,,,,,,,,-0.0981,0.1309,0.0949
1568439870512193,加速度计,-0.0341,8.3043,9.1417,,,,,,,
1568439880532766,加速度计,0.1125,6.3758,8.5850,,,,,,,
1568439880541568,陀螺仪,,,,,,,,-0.0067,0.0959,0.0032
1568439890550266,加速度计,-0.1754,6.3758,6.6367,,,,,,,
1568439900567766,加速度计,0.0353,7.3592,6.8750,,,,,,,
1568439900576568,陀螺仪,,,,,,,,0.0196,0.0470,-0.0748
1568439910585266,加速度计,1.4862,6.8995,6.5709,,,,,,,
1568439920602766,加速度计,-0.3873,6.3865,6.1292,,,,,,,
1568439920611568,陀螺仪,,,,,,,,0.0123,0.0109,-0.1724
1568439930620266,加速度计,-0.7542,6.1555,8.9459,,,,,,,
1568439940637766,加速度计,1.7442,8.0613,8.3282,,,,,,,
1568439950655266,加速度计,0.8960,7.7841,7.9727,,,,,,,
1568439940646568,陀螺仪,,,,,,,,0.0629,-0.0372,-0.1820
1568439960672766,加速度计,-0.2478,8.4168,4.5657,,,,,,,
1568439960681776,陀螺仪,,,,,,,,0.0864,-0.0491,-0.2385
1568439970690682,加速度计,0.1850,5.9861,5.4803,,,,,,,
1568439980709016,加速度计,0.7290,5.9256,6.3590,,,,,,,
1568439980718443,陀螺仪,,,,,,,,0.0409,-0.0691,-0.2221
1568439990727766,加速度计,0.2987,8.0858,2.6875,,,,,,,
1568440000746932,加速度计,-0.4944,7.5788,2.5079,,,,,,,
1568440000756776,陀螺仪,,,,,,,,-0.0722,-0.1096,-0.2237
1568440010766516,加速度计,0.2699,5.7826,5.2553,,,,,,,
1568440020786099,加速度计,-0.9822,5.4187,9.4176,,,,,,,
1568440020795943,陀螺仪,,,,,,,,-0.1742,-0.1422,-0.2192
1568440030805682,加速度计,-1.0762,5.9628,11.6298,,,,,,,
1568440040825266,加速度计,0.1502,6.8055,6.5918,,,,,,,
1568440050844849,加速度计,-0.6524,4.3802,5.2020,,,,,,,
1568440040835109,陀螺仪,,,,,,,,-0.0678,-0.1417,-0.1752
1568440060864432,加速度计,-0.3771,5.8879,8.8717,,,,,,,
1568440060874276,陀螺仪,,,,,,,,-0.0839,-0.1860,-0.1976
1568440070884016,加速度计,-1.0265,5.8161,11.3443,,,,,,,
1568440080903599,加速度计,0.3053,7.5836,8.9854,,,,,,,
1568440080913443,陀螺仪,,,,,,,,0.0401,-0.1814,-0.1625
1568440090923182,加速度计,-0.5997,7.2024,4.8267,,,,,,,
1568440100942766,加速度计,0.2017,5.5109,6.4673,,,,,,,
1568440100952609,陀螺仪,,,,,,,,0.0123,-0.2007,-0.1328
1568440110962349,加速度计,0.8751,6.6056,7.1629,,,,,,,
1568440120981932,加速度计,0.6183,8.4228,7.2359,,,,,,,
1568440120994068,陀螺仪,,,,,,,,0.0395,-0.1422,-0.0566
1568440131017714,加速度计,1.1049,9.1913,6.7774,,,,,,,
1568440141021464,加速度计,1.2264,6.5086,6.8761,,,,,,,
1568440151025630,加速度计,0.5261,8.7035,6.1465,,,,,,,
1568440141023599,陀螺仪,,,,,,,,0.0130,-0.0646,0.0276
1568440161030630,加速度计,-0.3238,7.5483,6.3279,,,,,,,
1568440161034016,陀螺仪,,,,,,,,-0.0208,-0.0112,0.1435
1568440171037297,加速度计,0.7254,6.7421,6.7433,,,,,,,
1568440181046047,加速度计,0.7805,8.1122,5.4049,,,,,,,
1568440181051516,陀螺仪,,,,,,,,-0.0225,0.0212,0.2025
1568440191056880,加速度计,0.6375,7.5902,7.6166,,,,,,,
1568440201070214,加速度计,-0.1526,8.0116,5.6545,,,,,,,
1568440201078182,陀螺仪,,,,,,,,-0.0172,0.0617,0.2165
1568440211086047,加速度计,0.2137,8.2474,5.7772,,,,,,,
1568440221104380,加速度计,1.4353,7.7764,6.1932,,,,,,,
1568440221114849,陀螺仪,,,,,,,,-0.0715,0.0625,0.1961
1568440231125214,加速度计,-0.0066,6.7953,8.0900,,,,,,,
1568440241148547,加速度计,-0.0323,8.5269,7.7393,,,,,,,
1568440241161307,陀螺仪,,,,,,,,-0.0698,0.0739,0.1886
1568440251173964,加速度计,0.9846,5.6695,7.0060,,,,,,,
1568440261201047,加速度计,0.5285,6.0364,6.7409,,,,,,,
1568440261215266,陀螺仪,,,,,,,,-0.0406,0.0810,0.1692
1568440271229380,加速度计,0.8906,4.9997,9.2087,,,,,,,
1568440281258547,加速度计,0.4579,7.5549,7.2053,,,,,,,
1568440291288130,加速度计,0.9780,6.3345,6.6080,,,,,,,
1568440281273391,陀螺仪,,,,,,,,0.0561,0.0969,0.1495
1568440301317714,加速度计,0.2280,6.7247,5.3175,,,,,,,
1568440301329849,陀螺仪,,,,,,,,0.0630,0.0943,0.0957
1568440311341880,加速度计,-0.1125,5.9119,5.2451,,,,,,,
1568440321360630,加速度计,0.5297,7.8231,4.6561,,,,,,,
1568440321370057,陀螺仪,,,,,,,,0.0157,0.0690,0.0852
1568440331379380,加速度计,0.4896,7.4555,6.0484,,,,,,,
1568440341398130,加速度计,0.9182,7.6974,8.7825,,,,,,,
1568440341407557,陀螺仪,,,,,,,,-0.0405,0.0581,0.0559
1568440351416880,加速度计,1.0552,6.1752,9.5942,,,,,,,
1568440361435630,加速度计,0.1903,8.1552,7.5142,,,,,,,
1568440361445057,陀螺仪,,,,,,,,0.0130,0.0644,0.0277
1568440371454380,加速度计,1.2151,5.5270,10.5351,,,,,,,
1568440381478078,加速度计,1.6771,8.6712,5.3882,,,,,,,
1568440381485005,陀螺仪,,,,,,,,0.0844,0.0593,-0.0044
1568440391491828,加速度计,1.3976,7.2209,4.5280,,,,,,,
1568440401505630,加速度计,0.3771,7.6854,4.0450,,,,,,,
1568440401512766,陀螺仪,,,,,,,,0.0180,0.0497,-0.0780
1568440411519849,加速度计,-0.2550,6.4362,8.8945,,,,,,,
1568440421534484,加速度计,0.6219,8.2995,6.8714,,,,,,,
1568440421542036,陀螺仪,,,,,,,,0.0040,0.0296,-0.0699
1568440431549589,加速度计,0.4405,6.9665,9.0405,,,,,,,
1568440441565526,加速度计,0.3543,7.0515,6.0334,,,,,,,
1568440441573911,陀螺仪,,,,,,,,0.0257,0.0011,-0.0802
1568440451582297,加速度计,2.0183,6.2040,7.7470,,,,,,,
1568440461599901,加速度计,0.4369,7.7123,6.0986,,,,,,,
1568440461609120,陀螺仪,,,,,,,,0.0342,0.0113,-0.1023
1568440471618339,加速度计,0.4974,7.3586,7.4400,,,,,,,
1568440481637609,加速度计,0.8446,6.9079,6.6768,,,,,,,
1568440481647661,陀螺仪,,,,,,,,0.0201,0.0168,-0.0952
1568440491657714,加速度计,0.4764,5.5605,7.6878,,,,,,,
1568440501678599,加速度计,-0.1107,7.4585,6.2979,,,,,,,
1568440501689276,陀螺仪,,,,,,,,0.0209,0.0272,-0.0707
1568440511699901,加速度计,0.4681,6.6409,6.8755,,,,,,,
1568440521721620,加速度计,1.6083,6.9288,7.1551,,,,,,,
1568440521732714,陀螺仪,,,,,,,,0.0182,0.0318,-0.0483
1568440531743703,加速度计,0.0407,6.7145,4.1958,,,,,,,
1568440541765786,加速度计,0.8110,5.7814,6.8342,,,,,,,
1568440541776880,陀螺仪,,,,,,,,-0.0314,0.0302,-0.0373
1568440551787870,加速度计,0.3029,5.5037,9.6205,,,,,,,
1568440561809953,加速度计,0.1161,7.2155,9.2255,,,,,,,
1568440561821047,陀螺仪,,,,,,,,0.0190,0.0680,-0.0129
1568440571831620,加速度计,1.4210,6.4320,7.3927,,,,,,,
1568440581850370,加速度计,0.6452,6.2100,5.4713,,,,,,,
1568440581859797,陀螺仪,,,,,,,,0.0529,0.0915,-0.0205
1568440591869120,加速度计,0.1580,5.4588,7.3765,,,,,,,
1568440601887870,加速度计,0.4178,7.2568,8.1948,,,,,,,
1568440601897297,陀螺仪,,,,,,,,0.0631,0.0996,-0.0085
1568440611906620,加速度计,0.4351,7.3029,6.3973,,,,,,,
1568440621925995,加速度计,0.6434,7.8392,2.1428,,,,,,,
1568440621941255,陀螺仪,,,,,,,,0.0390,0.0909,-0.0100
1568440643920665,GPS,,,,31.9424,118.7884,3.2100,166.6000,,,
1568440631954276,加速度计,1.1923,6.7768,4.5011,,,,,,,
1568440641963391,陀螺仪,,,,,,,,-0.0778,0.0614,-0.0609
1568440641960214,加速度计,-0.3166,6.8929,10.5680,,,,,,,
1568440651966672,加速度计,-1.1881,8.1738,14.3880,,,,,,,
1568440661978286,陀螺仪,,,,,,,,0.1063,0.0876,-0.0197
1568440661974068,加速度计,0.0976,8.8089,9.1967,,,,,,,
1568440671982818,加速度计,0.7614,7.2544,4.0133,,,,,,,
1568440681999432,陀螺仪,,,,,,,,0.0808,0.0451,-0.0952
1568440681993339,加速度计,0.2280,7.5118,4.2210,,,,,,,
1568440692005943,加速度计,-0.2478,8.2893,5.7952,,,,,,,
1568440702020630,加速度计,-0.5453,9.7294,6.3243,,,,,,,
1568440702028807,陀螺仪,,,,,,,,0.0340,0.0056,-0.1170
1568440712037401,加速度计,0.3819,7.5501,4.9333,,,,,,,
1568440722056255,加速度计,0.0437,6.7971,4.4819,,,,,,,
1568440722066516,陀螺仪,,,,,,,,-0.0129,-0.0121,-0.1459
1568440732077193,加速度计,0.5165,7.4621,4.4041,,,,,,,
1568440742112245,陀螺仪,,,,,,,,-0.0626,-0.0399,-0.1920
1568440742100109,加速度计,-0.4220,6.4841,9.3500,,,,,,,
1568440752124693,加速度计,-0.3711,7.5435,8.9603,,,,,,,
1568440762164432,陀螺仪,,,,,,,,0.0189,-0.0410,-0.1904
1568440762150839,加速度计,0.0718,6.1453,8.6975,,,,,,,
1568440772178130,加速度计,1.3880,7.7806,1.2067,,,,,,,
1568440782220370,陀螺仪,,,,,,,,-0.0815,-0.0844,-0.2477
1568440782206151,加速度计,0.1191,6.0651,3.3285,,,,,,,
1568440792234484,加速度计,-0.0569,6.6074,8.4797,,,,,,,
1568440802261568,加速度计,0.0078,5.7156,13.0077,,,,,,,
1568440802273286,陀螺仪,,,,,,,,-0.0585,-0.1185,-0.2344
1568440812283755,加速度计,1.4670,8.4515,7.0803,,,,,,,
1568440822302505,加速度计,1.3880,6.4290,6.0986,,,,,,,
1568440822311932,陀螺仪,,,,,,,,0.0153,-0.1043,-0.2523
1568440832321255,加速度计,0.9373,6.4709,6.9103,,,,,,,
1568440842349432,陀螺仪,,,,,,,,0.0182,-0.1205,-0.2634
1568440842340005,加速度计,0.7111,7.5238,10.3011,,,,,,,
1568440852358755,加速度计,0.7757,7.8703,7.8566,,,,,,,
1568440862377505,加速度计,0.5447,7.6160,8.1876,,,,,,,
1568440862386932,陀螺仪,,,,,,,,0.0646,-0.1107,-0.2397
1568440872397297,加速度计,0.1149,6.3925,6.9462,,,,,,,
1568440882431255,加速度计,0.1006,7.0797,6.1489,,,,,,,
1568440882431724,陀螺仪,,,,,,,,0.0983,-0.1039,-0.1943
1568440892432141,加速度计,0.0239,6.7696,2.7964,,,,,,,
1568440902433547,加速度计,0.3926,6.0430,5.1811,,,,,,,
1568440902434849,陀螺仪,,,,,,,,0.0583,-0.1149,-0.1831
1568440912436255,加速度计,-0.5189,8.7059,4.4113,,,,,,,
1568440922440734,加速度计,-0.4208,8.9070,6.5811,,,,,,,
1568440922444120,陀螺仪,,,,,,,,-0.0157,-0.1238,-0.1595
1568440932447766,加速度计,-1.2157,9.2674,6.7038,,,,,,,
1568440942457714,加速度计,-0.5692,6.0059,5.4480,,,,,,,
1568440942464016,陀螺仪,,,,,,,,-0.0605,-0.1385,-0.1345
1568440952470578,加速度计,-0.2807,6.3548,3.7954,,,,,,,
1568440962495839,陀螺仪,,,,,,,,-0.1364,-0.1882,-0.1583
1568440962486411,加速度计,-1.3623,6.0968,5.7311,,,,,,,
1568440972505526,加速度计,-0.5381,5.7521,8.7771,,,,,,,
1568440982527557,加速度计,-0.3280,5.7581,11.6316,,,,,,,
1568440982539901,陀螺仪,,,,,,,,-0.0776,-0.2301,-0.1577
1568440992552453,加速度计,-0.3723,7.1287,10.4214,,,,,,,
1568441002579797,加速度计,-0.2652,6.8151,7.3035,,,,,,,
1568441002594432,陀螺仪,,,,,,,,0.0522,-0.2485,-0.1780
1568441012609172,加速度计,-0.0940,7.3287,5.7239,,,,,,,
1568441022640109,加速度计,-0.7374,5.8365,6.0885,,,,,,,
1568441022655995,陀螺仪,,,,,,,,0.0111,-0.2912,-0.1807
1568441032671828,加速度计,-0.2472,5.6312,9.0178,,,,,,,
1568441042703911,加速度计,0.2550,6.0573,8.1175,,,,,,,
1568441042720005,陀螺仪,,,,,,,,0.0498,-0.2977,-0.1501
1568441052734536,加速度计,-0.1736,7.4490,7.1509,,,,,,,
1568441062754745,加速度计,-0.3142,7.3801,7.1126,,,,,,,
1568441062764172,陀螺仪,,,,,,,,0.0531,-0.2997,-0.1132
1568441072773495,加速度计,-0.2448,6.7708,7.3358,,,,,,,
1568441082792245,加速度计,0.1975,6.5553,5.0159,,,,,,,
1568441082801672,陀螺仪,,,,,,,,0.0417,-0.2710,-0.0353
1568441092810995,加速度计,-0.0156,7.4861,6.7032,,,,,,,
1568441102829745,加速度计,0.5387,7.6106,7.0677,,,,,,,
1568441102839172,陀螺仪,,,,,,,,-0.0130,-0.2304,0.0429
1568441112848495,加速度计,0.1371,8.1104,8.5449,,,,,,,
1568441122867505,加速度计,-0.5860,7.3616,8.4270,,,,,,,
1568441122877974,陀螺仪,,,,,,,,0.0089,-0.1656,0.1543
1568441132889641,加速度计,0.7201,7.4118,3.9875,,,,,,,
1568441142911568,陀螺仪,,,,,,,,-0.0606,-0.1217,0.2413
1568441142904224,加速度计,-0.5261,7.6716,2.8389,,,,,,,
1568441152918807,加速度计,-0.4250,6.6852,9.0010,,,,,,,
1568441162941047,陀螺仪,,,,,,,,-0.0357,-0.0470,0.3770
1568441162933495,加速度计,0.2167,6.9791,10.5495,,,,,,,
1568441172948599,加速度计,-0.2652,7.8290,7.5585,,,,,,,
1568441182964120,加速度计,0.3244,8.2827,3.6446,,,,,,,
1568441182972089,陀螺仪,,,,,,,,0.0158,0.0123,0.4430
1568441192980161,加速度计,0.2933,6.0094,5.7844,,,,,,,
1568441203005839,陀螺仪,,,,,,,,-0.0364,0.0510,0.4699
1568441202997036,加速度计,-0.4345,7.7369,5.2110,,,,,,,
1568441213014745,加速度计,0.2909,6.6559,8.5832,,,,,,,
1568441223042922,陀螺仪,,,,,,,,0.0441,0.0879,0.4960
1568441223033286,加速度计,-0.3071,5.8029,10.6458,,,,,,,
1568441233052661,加速度计,0.2239,6.3530,6.1447,,,,,,,
1568441243072766,加速度计,0.6267,7.8817,3.6996,,,,,,,
1568441243083026,陀螺仪,,,,,,,,0.1021,0.0763,0.4509
1568441253093286,加速度计,1.5377,8.0302,3.2645,,,,,,,
1568441263124901,陀螺仪,,,,,,,,-0.0300,0.0627,0.3205
1568441263114224,加速度计,0.1646,8.3665,4.8088,,,,,,,
1568441273135578,加速度计,-0.2382,7.0006,8.8520,,,,,,,
1568441283168130,陀螺仪,,,,,,,,-0.0374,0.0522,0.3013
1568441283157245,加速度计,0.7368,6.3973,8.7454,,,,,,,
1568441293178911,加速度计,0.7997,7.1186,7.3777,,,,,,,
1568441303211464,陀螺仪,,,,,,,,-0.0128,0.0501,0.2252
1568441303200578,加速度计,0.6309,6.2836,4.9740,,,,,,,
1568441313222245,加速度计,0.8009,6.5122,8.3276,,,,,,,
1568441323253547,陀螺仪,,,,,,,,-0.0004,0.0201,0.1862
1568441323243495,加速度计,1.4299,7.7901,8.2349,,,,,,,
1568441333263182,加速度计,1.1540,7.7369,6.9414,,,,,,,
1568441343291359,陀螺仪,,,,,,,,-0.0008,-0.0178,0.0854
1568441343281932,加速度计,0.8021,6.4661,8.3689,,,,,,,
1568441353300682,加速度计,1.1157,7.4095,9.9982,,,,,,,
1568441363328859,陀螺仪,,,,,,,,0.0915,-0.0253,0.0394
1568441363319432,加速度计,0.5171,7.6854,9.5439,,,,,,,
1568441373339849,加速度计,0.5680,8.0337,4.2084,,,,,,,
1568441383375526,加速度计,1.2701,6.8576,4.3820,,,,,,,
1568441383372870,陀螺仪,,,,,,,,0.0377,-0.0775,-0.0214
1568441393370318,加速度计,1.1139,6.4290,5.2427,,,,,,,
1568441403364745,陀螺仪,,,,,,,,-0.0140,-0.0814,-0.0257
1568441403366151,加速度计,0.1598,6.0908,3.0119,,,,,,,
1568441413363859,加速度计,0.1568,7.3400,3.2896,,,,,,,
1568441423364276,加速度计,0.6937,5.4348,8.0822,,,,,,,
1568441423365786,陀螺仪,,,,,,,,-0.1059,-0.0989,0.0349
1568441433368130,加速度计,1.0433,7.8075,8.3139,,,,,,,
1568441443381307,陀螺仪,,,,,,,,-0.0547,-0.0529,0.0840
1568441443375839,加速度计,0.9577,7.8045,9.9713,,,,,,,
1568441453387714,加速度计,0.8727,6.5823,8.7538,,,,,,,
1568441463403755,加速度计,1.0618,5.8885,7.6974,,,,,,,
1568441463413391,陀螺仪,,,,,,,,0.0127,0.0057,0.1224
1568441473423859,加速度计,0.7350,7.3418,4.5215,,,,,,,
1568441483447714,加速度计,0.2191,6.2776,8.4054,,,,,,,
1568441483461099,陀螺仪,,,,,,,,-0.0184,0.0229,0.1798
1568441493475214,加速度计,0.1383,6.8390,9.5648,,,,,,,
1568441503522141,陀螺仪,,,,,,,,0.0543,0.0804,0.2638
1568441503505839,加速度计,1.0469,6.2902,9.0004,,,,,,,
1568441513538859,加速度计,0.2239,7.4364,5.6228,,,,,,,
1568441523591724,陀螺仪,,,,,,,,0.0409,0.1135,0.2882
1568441523573755,加速度计,0.4471,5.7940,5.3421,,,,,,,
1568441533609693,加速度计,-0.0611,6.2531,5.6455,,,,,,,
1568441543663807,陀螺仪,,,,,,,,0.0109,0.1545,0.3502
1568441543645839,加速度计,0.0886,6.3440,8.0607,,,,,,,
1568441553677505,加速度计,-0.2394,6.4063,9.5618,,,,,,,
1568441563705995,陀螺仪,,,,,,,,0.0714,0.2137,0.4401
1568441563696568,加速度计,-0.1604,7.8219,7.8213,,,,,,,
1568441573715318,加速度计,0.8601,7.4298,6.7648,,,,,,,
1568441583734068,加速度计,0.6889,7.3430,4.4047,,,,,,,
1568441583743495,陀螺仪,,,,,,,,0.0812,0.2526,0.4410
1568441593752818,加速度计,-0.3095,7.4166,3.7218,,,,,,,
1568441603780995,陀螺仪,,,,,,,,-0.0020,0.2481,0.4402
1568441603771568,加速度计,-0.0395,7.1629,6.9486,,,,,,,
1568441613790318,加速度计,0.2628,7.8823,8.5994,,,,,,,
1568441623810214,加速度计,-0.1502,9.5966,6.1585,,,,,,,
1568441623826047,陀螺仪,,,,,,,,0.0116,0.2895,0.4712
1568441633831828,加速度计,1.1851,7.2401,5.9460,,,,,,,
1568441646855352,GPS,,,,31.9424,118.7884,2.7200,166.2000,,,
1568441643843495,加速度计,0.6925,6.8402,9.1662,,,,,,,
1568441643849380,陀螺仪,,,,,,,,-0.0253,0.3069,0.4233
1568441653855370,加速度计,0.0215,6.9941,7.6591,,,,,,,
1568441663867870,加速度计,0.6075,6.4177,4.9147,,,,,,,
1568441663874380,陀螺仪,,,,,,,,0.0264,0.3155,0.3883
1568441673881203,加速度计,0.4974,6.9061,2.6217,,,,,,,
1568441683895370,加速度计,0.6865,4.4430,7.0407,,,,,,,
1568441683902714,陀螺仪,,,,,,,,-0.0198,0.2880,0.2992
1568441693910578,加速度计,0.3412,7.6710,5.3768,,,,,,,
1568441703927036,加速度计,0.3561,8.2989,8.3707,,,,,,,
1568441703935630,陀螺仪,,,,,,,,-0.0184,0.2641,0.2245
1568441713944745,加速度计,0.5974,6.8061,9.1093,,,,,,,
1568441723963703,加速度计,0.2897,6.5577,7.7554,,,,,,,
1568441723973547,陀螺仪,,,,,,,,0.0332,0.2671,0.1927
1568441733983911,加速度计,0.9523,8.7520,5.7772,,,,,,,
1568441744005161,加速度计,0.9295,7.9493,7.0342,,,,,,,
1568441744016047,陀螺仪,,,,,,,,-0.0360,0.2442,0.1148
1568441754027245,加速度计,-0.5309,6.4218,10.3483,,,,,,,
1568441764050161,加速度计,0.5405,7.8907,9.5762,,,,,,,
1568441764061880,陀螺仪,,,,,,,,0.0156,0.2083,0.0973
1568441774073703,加速度计,1.2450,6.8265,7.7686,,,,,,,
1568441784097661,加速度计,1.2103,6.5589,8.3354,,,,,,,
1568441784109797,陀螺仪,,,,,,,,0.0557,0.1780,-0.0238
1568441794121828,加速度计,-0.1772,7.3652,6.3219,,,,,,,
1568441804145786,加速度计,2.0973,6.8187,4.1713,,,,,,,
1568441804157714,陀螺仪,,,,,,,,0.0824,0.1286,-0.1310
1568441814167036,加速度计,0.1197,7.4017,2.6582,,,,,,,
1568441824185786,加速度计,0.1987,8.0182,4.7698,,,,,,,
1568441824195214,陀螺仪,,,,,,,,-0.0249,0.0527,-0.2120
1568441834204536,加速度计,0.6961,6.6433,10.0610,,,,,,,
1568441844232714,陀螺仪,,,,,,,,0.0288,0.0558,-0.2204
1568441844223286,加速度计,-0.3819,7.8835,8.5910,,,,,,,
1568441854242036,加速度计,0.3172,7.9320,4.2766,,,,,,,
1568441864270214,陀螺仪,,,,,,,,-0.0189,0.0338,-0.1860
1568441864260786,加速度计,1.0289,5.9945,4.4640,,,,,,,
1568441874280578,加速度计,1.0792,5.4498,6.7026,,,,,,,
1568441884309276,陀螺仪,,,,,,,,-0.0216,0.0519,-0.1824
1568441884303182,加速度计,0.3843,7.7249,6.7774,,,,,,,
1568441894315266,加速度计,-0.4992,7.6650,8.3288,,,,,,,
1568441904327505,加速度计,0.6877,6.2052,9.0321,,,,,,,
1568441904333807,陀螺仪,,,,,,,,-0.0073,0.0465,-0.1177
1568441914340161,加速度计,0.4010,6.7720,8.9310,,,,,,,
1568441924360318,陀螺仪,,,,,,,,0.0507,0.0445,-0.0944
1568441924353391,加速度计,0.3112,7.6034,6.7977,,,,,,,
1568441934367453,加速度计,1.5915,6.5362,8.7819,,,,,,,
1568441944382505,加速度计,-0.6416,5.4600,6.3829,,,,,,,
1568441944390474,陀螺仪,,,,,,,,0.1061,0.0423,-0.1559
1568441954398807,加速度计,-0.0605,5.1200,4.5466,,,,,,,
1568441964425578,陀螺仪,,,,,,,,0.0868,-0.0109,-0.1814
1568441964416359,加速度计,-0.6219,7.3963,4.3730,,,,,,,
1568441974435161,加速度计,-1.1343,6.5499,6.1663,,,,,,,
1568441984455214,加速度计,0.8631,7.7632,10.0724,,,,,,,
1568441984465682,陀螺仪,,,,,,,,0.0611,-0.0652,-0.1719
1568441994476359,加速度计,-0.3256,7.3376,9.3290,,,,,,,
1568442004509641,陀螺仪,,,,,,,,0.0770,-0.0703,-0.1931
1568442004498339,加速度计,-0.2538,8.0607,3.4303,,,,,,,
1568442014521151,加速度计,0.7027,6.9180,5.0326,,,,,,,
1568442024556568,陀螺仪,,,,,,,,-0.0258,-0.0800,-0.1951
1568442024544641,加速度计,0.7410,4.7944,8.6766,,,,,,,
1568442034568391,加速度计,0.1443,8.3588,6.0885,,,,,,,
1568442044604068,陀螺仪,,,,,,,,-0.0747,-0.0690,-0.1458
1568442044592141,加速度计,0.4339,7.4448,6.6954,,,,,,,
1568442054615891,加速度计,1.0026,6.0938,9.3272,,,,,,,
1568442064647193,陀螺仪,,,,,,,,-0.0356,-0.0439,-0.0710
1568442064637766,加速度计,-0.6859,6.7253,10.0533,,,,,,,
1568442074656516,加速度计,0.0311,6.6463,8.6628,,,,,,,
1568442084675266,加速度计,1.2264,8.2630,3.0400,,,,,,,
1568442084684693,陀螺仪,,,,,,,,0.0450,-0.0302,-0.0225
1568442094694016,加速度计,0.7494,6.7894,4.7788,,,,,,,
1568442104712766,加速度计,0.3699,6.9360,6.3237,,,,,,,
1568442104722193,陀螺仪,,,,,,,,-0.0095,-0.0250,-0.0180
1568442114731516,加速度计,0.0628,8.8178,6.4087,,,,,,,
1568442124752766,加速度计,0.3669,7.2688,6.0053,,,,,,,
1568442124775422,陀螺仪,,,,,,,,-0.0373,-0.0128,0.0216
1568442134784484,加速度计,-0.1431,5.8059,7.9793,,,,,,,
1568442144780214,加速度计,0.8733,7.7261,9.1752,,,,,,,
1568442144778391,陀螺仪,,,,,,,,0.0035,0.0029,0.0668
1568442154777089,加速度计,1.4359,8.0673,6.6864,,,,,,,
1568442164775943,加速度计,1.3294,7.7991,6.1717,,,,,,,
1568442164776203,陀螺仪,,,,,,,,-0.0029,0.0117,0.0216
1568442174777453,加速度计,0.3597,5.8359,8.0499,,,,,,,
1568442184782036,加速度计,1.4988,7.3394,6.1687,,,,,,,
1568442184785422,陀螺仪,,,,,,,,0.0285,0.0373,0.0127
1568442194790109,加速度计,0.8356,8.2037,4.6190,,,,,,,
1568442204802089,加速度计,1.0660,7.2335,5.8317,,,,,,,
1568442204809432,陀螺仪,,,,,,,,-0.0611,0.0019,-0.0196
1568442214818234,加速度计,0.4908,6.0663,10.5644,,,,,,,
1568442224838391,加速度计,1.6723,7.4017,6.3500,,,,,,,
1568442224849693,陀螺仪,,,,,,,,0.0031,0.0213,-0.0133
1568442234862297,加速度计,1.7538,7.2838,4.8327,,,,,,,
1568442244889797,加速度计,1.1307,6.9402,6.7433,,,,,,,
1568442244904641,陀螺仪,,,,,,,,-0.0422,-0.0075,-0.0642
1568442254920318,加速度计,-0.2083,6.5368,11.1528,,,,,,,
1568442264953182,加速度计,1.7029,7.9487,8.1379,,,,,,,
1568442264970318,陀螺仪,,,,,,,,0.0466,-0.0093,-0.0658
1568442274987818,加速度计,0.6817,6.1717,6.2722,,,,,,,
1568442285041359,陀螺仪,,,,,,,,0.0364,-0.0240,-0.1113
1568442285023391,加速度计,1.2234,6.8977,4.9979,,,,,,,
1568442295061099,加速度计,0.9738,6.8875,7.9350,,,,,,,
1568442305100318,加速度计,0.3825,7.3227,8.0559,,,,,,,
1568442305103703,陀螺仪,,,,,,,,0.0615,-0.0204,-0.1008
1568442315107141,加速度计,0.1389,7.8500,4.4891,,,,,,,
1568442325123703,加速度计,1.6861,6.6122,5.5144,,,,,,,
1568442325142193,陀螺仪,,,,,,,,0.0270,-0.0232,-0.0760
1568442335152870,加速度计,1.2115,7.4729,6.5936,,,,,,,
1568442345160943,加速度计,0.4028,7.0862,8.3755,,,,,,,
1568442345165161,陀螺仪,,,,,,,,0.0047,-0.0005,-0.0613
1568442355169589,加速度计,0.3537,6.4344,8.3594,,,,,,,
1568442365179068,加速度计,1.2623,6.5158,5.3684,,,,,,,
1568442365184120,陀螺仪,,,,,,,,0.0463,0.0325,-0.0040
1568442375189536,加速度计,0.1419,5.4672,4.2419,,,,,,,
1568442385207922,陀螺仪,,,,,,,,0.0304,0.0288,0.0228
1568442385201411,加速度计,-0.0108,7.0204,6.5457,,,,,,,
1568442395214953,加速度计,-0.2131,7.7117,7.3077,,,,,,,
1568442405238339,陀螺仪,,,,,,,,0.0161,0.0387,0.0768
1568442405230161,加速度计,0.7165,7.3933,6.9204,,,,,,,
1568442415247193,加速度计,1.5838,7.0850,6.1148,,,,,,,
1568442425266151,加速度计,-0.4399,6.1992,6.1669,,,,,,,
1568442425276203,陀螺仪,,,,,,,,-0.0290,0.0780,0.0755
1568442435286776,加速度计,-0.1694,7.1042,8.3264,,,,,,,
1568442445309068,加速度计,0.4477,6.6637,7.9637,,,,,,,
1568442445320786,陀螺仪,,,,,,,,0.0016,0.1097,0.1625
1568442455332870,加速度计,-0.5339,6.7965,6.3811,,,,,,,
1568442465357766,加速度计,0.8829,6.2249,4.6268,,,,,,,
1568442465370526,陀螺仪,,,,,,,,-0.0165,0.1178,0.1790
1568442475383495,加速度计,-0.3041,6.6577,4.1677,,,,,,,
1568442485409901,加速度计,1.1043,6.5829,6.1435,,,,,,,
1568442485423286,陀螺仪,,,,,,,,-0.0972,0.1124,0.1591
1568442495436568,加速度计,-0.6393,6.4171,9.9653,,,,,,,
1568442505462453,加速度计,-0.3759,6.2082,9.9952,,,,,,,
1568442505474797,陀螺仪,,,,,,,,-0.0410,0.1707,0.1936
1568442515485005,加速度计,0.2280,6.8875,5.4588,,,,,,,
1568442525504016,加速度计,0.1550,7.7883,4.6352,,,,,,,
1568442525513443,陀螺仪,,,,,,,,-0.0806,0.1642,0.2028
1568442535522766,加速度计,0.1377,5.6850,11.7202,,,,,,,
1568442545541516,加速度计,0.3220,7.3532,11.5808,,,,,,,
1568442545550943,陀螺仪,,,,,,,,-0.0004,0.1783,0.1898
1568442555560266,加速度计,-0.0796,7.9230,6.8755,,,,,,,
1568442565581516,加速度计,1.9914,7.7339,5.5731,,,,,,,
1568442565604536,陀螺仪,,,,,,,,0.0055,0.1485,0.1202
1568442575613443,加速度计,0.0850,6.0783,8.2211,,,,,,,
1568442585604849,陀螺仪,,,,,,,,0.0182,0.0995,0.0119
1568442585607505,加速度计,0.4172,8.4659,4.6418,,,,,,,
1568442595602714,加速度计,0.8517,7.7590,3.7577,,,,,,,
1568442605599901,加速度计,1.5969,6.3566,3.7894,,,,,,,
1568442605599328,陀螺仪,,,,,,,,-0.0718,0.0364,-0.1052
1568442615599901,加速度计,-0.5106,6.2429,8.3169,,,,,,,
1568442625606464,加速度计,-0.3089,8.4551,6.3225,,,,,,,
1568442638845612,GPS,,,,31.9424,118.7884,3.6700,163.7000,,,
1568442625622870,陀螺仪,,,,,,,,-0.0491,0.0051,-0.1457
1568442635639484,加速度计,0.5100,7.5932,4.2126,,,,,,,
1568442645674641,加速度计,0.8356,6.9558,8.5479,,,,,,,
1568442645692870,陀螺仪,,,,,,,,-0.1105,-0.0514,-0.1577
1568442655711151,加速度计,0.6153,6.6822,11.4479,,,,,,,
1568442665748182,加速度计,0.9056,7.2730,8.2259,,,,,,,
1568442665766307,陀螺仪,,,,,,,,0.0096,0.0028,-0.1421
1568442675784172,加速度计,1.3593,8.5874,7.0509,,,,,,,
1568442685805057,加速度计,-0.2089,6.2279,7.0491,,,,,,,
1568442685814484,陀螺仪,,,,,,,,0.0103,0.0276,-0.1182
1568442695823807,加速度计,0.5124,7.4747,6.2016,,,,,,,
1568442705842557,加速度计,1.6029,8.3617,5.1194,,,,,,,
1568442705851984,陀螺仪,,,,,,,,0.0059,0.0097,-0.0702
1568442715861307,加速度计,0.0114,6.5188,8.1582,,,,,,,
1568442725880057,加速度计,1.1959,5.9436,8.6622,,,,,,,
1568442725889484,陀螺仪,,,,,,,,0.0626,0.0342,-0.0526
1568442735898807,加速度计,0.0964,8.4270,3.7356,,,,,,,
1568442745917557,加速度计,0.6776,6.3949,5.8903,,,,,,,
1568442745926984,陀螺仪,,,,,,,,0.0483,-0.0040,-0.0731
1568442755936307,加速度计,0.0880,6.0424,6.2716,,,,,,,
1568442765955057,加速度计,-0.2251,7.5298,9.5409,,,,,,,
1568442765964484,陀螺仪,,,,,,,,0.0842,-0.0045,-0.0851
1568442775973807,加速度计,-0.3035,8.5305,8.4126,,,,,,,
1568442785992557,加速度计,-1.3838,7.9404,7.8350,,,,,,,
1568442786001984,陀螺仪,,,,,,,,0.1353,-0.0091,-0.0332
1568442796011307,加速度计,0.8176,7.5477,5.9687,,,,,,,
1568442806030057,加速度计,1.0205,8.2654,2.5295,,,,,,,
1568442806039484,陀螺仪,,,,,,,,0.1099,0.0047,-0.0467
1568442816048807,加速度计,-1.2007,7.8679,4.4556,,,,,,,
1568442826075839,加速度计,-0.2490,6.8301,10.7338,,,,,,,
1568442826077974,陀螺仪,,,,,,,,0.0099,-0.0360,-0.0278
1568442836080214,加速度计,-0.6458,7.3203,7.9583,,,,,,,
1568442846085214,加速度计,-0.4447,6.9234,3.7242,,,,,,,
1568442846087974,陀螺仪,,,,,,,,0.0561,-0.0087,0.0180
1568442856091255,加速度计,1.3126,6.3638,3.4273,,,,,,,
1568442866103391,陀螺仪,,,,,,,,-0.0342,-0.0286,-0.0269
1568442866098964,加速度计,0.3615,5.0775,8.3504,,,,,,,
1568442876108755,加速度计,-0.9301,6.9947,10.6099,,,,,,,
1568442886120839,加速度计,-1.8884,7.6513,8.7550,,,,,,,
1568442886127557,陀螺仪,,,,,,,,0.0945,-0.0101,0.0314
1568442896135422,加速度计,0.5351,7.2065,5.6354,,,,,,,
1568442906152505,加速度计,-0.4854,7.3263,3.3998,,,,,,,
1568442906161724,陀螺仪,,,,,,,,0.0965,-0.0308,0.0246
1568442916172089,加速度计,0.3011,7.6908,3.9540,,,,,,,
1568442926194172,加速度计,-0.7967,7.6585,10.2280,,,,,,,
1568442926205891,陀螺仪,,,,,,,,0.0156,-0.0714,0.0067
1568442936218547,加速度计,-0.4597,8.1229,12.1105,,,,,,,
1568442946244797,加速度计,-0.2257,7.1377,8.0355,,,,,,,
1568442946258391,陀螺仪,,,,,,,,0.1088,-0.0334,0.0682
1568442956272505,加速度计,-0.4196,8.0409,3.3333,,,,,,,
1568442966301255,加速度计,0.6309,6.3979,8.3181,,,,,,,
1568442966315891,陀螺仪,,,,,,,,0.0162,-0.0764,0.0454
1568442976330630,加速度计,0.0539,5.9394,11.3012,,,,,,,
1568442986360214,加速度计,-1.3701,7.6579,4.7776,,,,,,,
1568442986375057,陀螺仪,,,,,,,,0.0955,-0.0447,0.0573
1568442996386464,加速度计,0.1820,6.4817,3.5308,,,,,,,
1568443006407297,加速度计,1.1690,4.5771,7.5555,,,,,,,
1568443006416724,陀螺仪,,,,,,,,0.0031,-0.0723,0.0602
1568443016426047,加速度计,-1.0116,6.9887,8.7706,,,,,,,
1568443026444797,加速度计,-0.4597,8.7311,6.0124,,,,,,,
1568443026454224,陀螺仪,,,,,,,,0.0402,-0.0563,0.0972
1568443036463547,加速度计,0.3915,7.1658,5.4295,,,,,,,
1568443046482297,加速度计,0.3729,6.6589,8.8747,,,,,,,
1568443046491724,陀螺仪,,,,,,,,-0.0230,-0.0523,0.1161
1568443056501047,加速度计,0.0766,6.6307,7.9230,,,,,,,
1568443066521047,加速度计,0.9038,7.4681,8.0284,,,,,,,
1568443066536464,陀螺仪,,,,,,,,0.0273,-0.0145,0.1529
1568443076542453,加速度计,0.6279,6.6475,3.6003,,,,,,,
1568443086554536,加速度计,1.1654,6.0843,4.9141,,,,,,,
1568443086560630,陀螺仪,,,,,,,,-0.0345,-0.0053,0.1720
1568443096566828,加速度计,0.4214,7.6327,9.0890,,,,,,,
1568443106579536,加速度计,0.4938,7.7746,6.4314,,,,,,,
1568443106586047,陀螺仪,,,,,,,,-0.0057,0.0286,0.2011
1568443116592870,加速度计,1.3641,6.2082,3.8259,,,,,,,
1568443126607036,加速度计,0.6686,6.7852,3.3465,,,,,,,
1568443126614380,陀螺仪,,,,,,,,-0.0543,0.0526,0.1660
1568443136622245,加速度计,0.0904,4.4766,6.9971,,,,,,,
1568443146638703,加速度计,0.5962,7.9793,7.6453,,,,,,,
1568443146647297,陀螺仪,,,,,,,,-0.0438,0.0758,0.2101
1568443156656411,加速度计,1.0870,9.6241,7.2814,,,,,,,
1568443166685214,陀螺仪,,,,,,,,-0.0463,0.0927,0.1835
1568443166675370,加速度计,0.9050,6.9701,9.4751,,,,,,,
1568443176695578,加速度计,0.2490,6.8588,8.6197,,,,,,,
1568443186716828,加速度计,0.5165,7.4783,5.9352,,,,,,,
1568443186727714,陀螺仪,,,,,,,,0.0149,0.1116,0.1859
1568443196738911,加速度计,1.2605,7.9559,5.2481,,,,,,,
1568443206773130,陀螺仪,,,,,,,,-0.0514,0.1181,0.1566
1568443206761620,加速度计,1.5395,6.7169,5.2666,,,,,,,
1568443216784745,加速度计,0.8314,7.6435,6.3015,,,,,,,
1568443226808286,加速度计,0.8116,6.7576,9.6965,,,,,,,
1568443226820214,陀螺仪,,,,,,,,-0.0723,0.1405,0.1754
1568443236832036,加速度计,1.1229,7.3185,7.9338,,,,,,,
1568443246867714,陀螺仪,,,,,,,,-0.0186,0.1944,0.1941
1568443246855786,加速度计,1.0367,7.2263,7.5848,,,,,,,
1568443256877453,加速度计,0.6159,6.4907,3.6296,,,,,,,
1568443266896620,加速度计,0.6578,6.7702,4.3640,,,,,,,
1568443266906047,陀螺仪,,,,,,,,-0.0774,0.1852,0.2043
1568443276915370,加速度计,1.2288,7.3191,6.8552,,,,,,,
1568443286934120,加速度计,-0.1203,7.1108,11.1432,,,,,,,
1568443286943547,陀螺仪,,,,,,,,-0.0623,0.2120,0.2321
1568443296952870,加速度计,1.4772,6.7798,9.0202,,,,,,,
1568443306971620,加速度计,1.4138,7.4172,5.1775,,,,,,,
1568443306981047,陀螺仪,,,,,,,,0.0244,0.2827,0.2318
1568443316990578,加速度计,0.9038,7.3909,4.0857,,,,,,,
1568443327010266,加速度计,0.6117,6.0813,7.0090,,,,,,,
1568443327018859,陀螺仪,,,,,,,,-0.0350,0.2744,0.2136
1568443337027349,加速度计,1.0397,7.3370,8.4156,,,,,,,
1568443347044432,加速度计,1.2342,8.0164,6.1327,,,,,,,
1568443347053026,陀螺仪,,,,,,,,-0.0003,0.3040,0.1903
1568443357061516,加速度计,0.5710,5.8430,6.3788,,,,,,,
1568443367078599,加速度计,1.5233,7.4130,6.3925,,,,,,,
1568443367087193,陀螺仪,,,,,,,,-0.0181,0.2832,0.1292
1568443377095682,加速度计,-0.4663,4.9105,9.8246,,,,,,,
1568443387121776,陀螺仪,,,,,,,,0.0358,0.2663,0.0790
1568443387112974,加速度计,0.1239,6.3668,4.9991,,,,,,,
1568443397130682,加速度计,0.7985,5.9292,6.4248,,,,,,,
1568443407148807,加速度计,0.7727,6.6810,7.1994,,,,,,,
1568443407158026,陀螺仪,,,,,,,,0.0431,0.2249,0.0048
1568443417167349,加速度计,0.5375,6.9139,7.5447,,,,,,,
1568443427186307,加速度计,0.9792,8.5509,3.7661,,,,,,,
1568443427195943,陀螺仪,,,,,,,,0.0293,0.2161,-0.0799
1568443437205682,加速度计,0.3998,6.0813,8.5204,,,,,,,
1568443447225266,加速度计,-0.3687,7.0024,10.5339,,,,,,,
1568443447235109,陀螺仪,,,,,,,,0.0133,0.2017,-0.0993
1568443457244849,加速度计,-0.2843,7.0767,8.6790,,,,,,,
1568443467264432,加速度计,2.0315,7.3963,4.6477,,,,,,,
1568443467274276,陀螺仪,,,,,,,,0.0625,0.1898,-0.1064
1568443477284016,加速度计,1.0421,6.1519,5.1056,,,,,,,
1568443487313443,陀螺仪,,,,,,,,0.0221,0.1566,-0.2194
1568443487303599,加速度计,0.8619,5.2648,6.3003,,,,,,,
1568443497323182,加速度计,0.7129,8.8645,4.8836,,,,,,,
1568443507352609,陀螺仪,,,,,,,,-0.0338,0.0786,-0.2960
1568443507342766,加速度计,0.8386,6.2932,8.4270,,,,,,,
1568443517362349,加速度计,1.3689,6.8253,7.7506,,,,,,,
1568443527391776,陀螺仪,,,,,,,,0.0127,0.0478,-0.4029
1568443527381932,加速度计,2.1727,6.4500,7.0006,,,,,,,
1568443537401516,加速度计,2.2559,7.2796,6.1118,,,,,,,
1568443547430943,陀螺仪,,,,,,,,-0.0023,-0.0130,-0.5364
1568443547421099,加速度计,1.4377,6.3542,5.5402,,,,,,,
1568443557440682,加速度计,2.5367,8.0978,6.0478,,,,,,,
1568443567462557,加速度计,1.7478,5.8275,8.8436,,,,,,,
1568443567485891,陀螺仪,,,,,,,,-0.0328,-0.0859,-0.6316
1568443577487714,加速度计,2.6653,8.1642,6.4332,,,,,,,
1568443587491672,加速度计,1.7406,8.1104,7.1545,,,,,,,
1568443587493807,陀螺仪,,,,,,,,-0.0356,-0.1364,-0.7434
1568443597496255,加速度计,2.4223,6.6798,7.6890,,,,,,,
1568443607502089,加速度计,0.6686,7.7021,9.8743,,,,,,,
1568443607505474,陀螺仪,,,,,,,,-0.0095,-0.1863,-0.8047
1568443617509797,加速度计,0.7745,7.8326,6.7882,,,,,,,
1568443627548547,加速度计,2.0883,6.8366,5.1092,,,,,,,
1568443638452799,GPS,,,,31.9423,118.7884,2.9000,166.3000,,,
1568443627570891,陀螺仪,,,,,,,,0.0146,-0.2406,-0.8121
1568443637593130,加速度计,-0.0874,8.0649,7.3819,,,,,,,
1568443647611880,加速度计,0.6464,7.2526,9.0704,,,,,,,
1568443647621307,陀螺仪,,,,,,,,0.0338,-0.2867,-0.8179
1568443657630630,加速度计,-0.2233,8.2576,3.5069,,,,,,,
1568443667649380,加速度计,-0.8948,7.6920,4.6549,,,,,,,
1568443667658807,陀螺仪,,,,,,,,-0.0083,-0.3280,-0.7489
1568443677668130,加速度计,0.3370,6.7989,7.9260,,,,,,,
1568443687686880,加速度计,-0.6315,6.5553,9.4948,,,,,,,
1568443687696307,陀螺仪,,,,,,,,0.0344,-0.2884,-0.6225
1568443697705630,加速度计,-1.0373,8.5539,6.1166,,,,,,,
1568443707724380,加速度计,-0.6393,7.7225,7.7417,,,,,,,
1568443707733807,陀螺仪,,,,,,,,0.0443,-0.2402,-0.4178
1568443717743130,加速度计,-1.3084,7.2706,8.7394,,,,,,,
1568443727761880,加速度计,-0.9176,7.7081,6.5505,,,,,,,
1568443727771307,陀螺仪,,,,,,,,0.0923,-0.1699,-0.2153
1568443737780630,加速度计,-1.0959,7.1323,5.1661,,,,,,,
1568443747799380,加速度计,-1.5496,6.4739,4.7746,,,,,,,
1568443747815370,陀螺仪,,,,,,,,0.0282,-0.1473,-0.0752
1568443757821359,加速度计,-1.1151,5.9831,8.5796,,,,,,,
1568443767833443,加速度计,-1.5221,7.4352,5.6970,,,,,,,
1568443767839589,陀螺仪,,,,,,,,0.0867,-0.0933,0.0567
1568443777845786,加速度计,-1.1899,6.5631,6.0100,,,,,,,
1568443787858547,加速度计,-0.5561,6.3189,5.0793,,,,,,,
1568443787865161,陀螺仪,,,,,,,,0.0827,-0.0483,0.1210
1568443797871984,加速度计,-2.2924,7.4526,4.7375,,,,,,,
1568443807886255,加速度计,-0.0245,6.8259,5.7371,,,,,,,
1568443807893755,陀螺仪,,,,,,,,0.0415,-0.0417,0.1676
1568443817901620,加速度计,-1.5024,6.7121,3.4734,,,,,,,
1568443827918234,加速度计,-1.4832,7.2748,4.2695,,,,,,,
1568443827926984,陀螺仪,,,,,,,,-0.0391,-0.0574,0.1776
1568443837936099,加速度计,-0.8619,5.7090,8.0445,,,,,,,
1568443847955214,加速度计,-0.8254,6.7343,9.3601,,,,,,,
1568443847965214,陀螺仪,,,,,,,,-0.0037,-0.0462,0.1920
1568443857975578,加速度计,-1.3360,9.2584,8.7161,,,,,,,
1568443867996932,加速度计,-1.0965,6.9438,8.4019,,,,,,,
1568443868009328,陀螺仪,,,,,,,,0.0262,-0.0434,0.1944
1568443878031516,加速度计,-0.6111,7.4442,3.4608,,,,,,,
1568443888063755,加速度计,-0.4902,6.8660,4.6807,,,,,,,
1568443888073182,陀螺仪,,,,,,,,-0.0546,-0.0868,0.1590
1568443898082505,加速度计,-0.2729,6.0172,9.7659,,,,,,,
1568443908101255,加速度计,-0.8110,8.1558,7.0844,,,,,,,
1568443908110682,陀螺仪,,,,,,,,-0.0334,-0.0854,0.1164
1568443918120005,加速度计,-0.4501,6.7588,6.4242,,,,,,,
1568443928138755,加速度计,-0.1993,6.4452,4.6962,,,,,,,
1568443928148182,陀螺仪,,,,,,,,-0.0901,-0.1312,0.0945
1568443938158234,加速度计,0.2047,5.9496,11.0175,,,,,,,
1568443948189380,加速度计,-0.0670,7.4400,8.8639,,,,,,,
1568443948190266,陀螺仪,,,,,,,,-0.0357,-0.1226,0.0767
1568443958191151,加速度计,-0.7871,8.2061,7.5208,,,,,,,
1568443968193547,加速度计,1.2049,6.2333,8.0780,,,,,,,
1568443968195266,陀螺仪,,,,,,,,-0.0627,-0.1185,0.0923
1568443978197297,加速度计,-0.0305,6.9085,8.2923,,,,,,,
1568443988202818,加速度计,-0.6596,6.7864,9.6217,,,,,,,
1568443988206411,陀螺仪,,,,,,,,-0.0541,-0.0792,0.1399
1568443998210526,加速度计,-0.3543,7.2467,8.0032,,,,,,,
1568444008220839,加速度计,0.4908,5.1805,6.0669,,,,,,,
1568444008227141,陀螺仪,,,,,,,,-0.0228,-0.0003,0.2715
1568444018234068,加速度计,0.0772,5.8329,7.2568,,,,,,,
1568444028250214,加速度计,-0.1359,8.2839,3.0293,,,,,,,
1568444028259432,陀螺仪,,,,,,,,-0.0253,0.1024,0.4117
1568444038269276,加速度计,0.2017,6.9941,6.5206,,,,,,,
1568444048291151,加速度计,0.7446,5.8454,5.9047,,,,,,,
1568444048303078,陀螺仪,,,,,,,,-0.0711,0.1964,0.5072
1568444058315526,加速度计,-1.0337,5.4444,5.7958,,,,,,,
1568444068342297,加速度计,0.3041,7.1557,5.9586,,,,,,,
1568444068356516,陀螺仪,,,,,,,,-0.0783,0.2574,0.5896
1568444078371047,加速度计,0.4950,6.1848,9.7085,,,,,,,
1568444088401255,加速度计,0.0688,5.6755,8.1068,,,,,,,
1568444088416724,陀螺仪,,,,,,,,-0.0072,0.2868,0.5175
1568444098432193,加速度计,-0.3118,7.0731,6.1423,,,,,,,
1568444108463443,加速度计,0.8410,7.8063,3.2759,,,,,,,
1568444108479120,陀螺仪,,,,,,,,0.0278,0.2285,0.3601
1568444118495214,加速度计,-0.1431,7.6154,4.6932,,,,,,,
1568444128529641,加速度计,0.5644,8.7119,3.9480,,,,,,,
1568444128531151,陀螺仪,,,,,,,,-0.0399,0.1284,0.1376
1568444138532609,加速度计,-0.3322,8.0319,6.1633,,,,,,,
1568444148536047,加速度计,0.5297,5.9185,10.4806,,,,,,,
1568444148538182,陀螺仪,,,,,,,,-0.0549,0.0487,-0.0273
1568444158540422,加速度计,0.6482,7.7039,8.4665,,,,,,,
1568444168546516,加速度计,1.5532,8.1319,7.5280,,,,,,,
1568444168550526,陀螺仪,,,,,,,,0.0028,-0.0145,-0.1553
1568444178554745,加速度计,2.3254,7.1886,8.6143,,,,,,,
1568444188565474,加速度计,2.2098,6.5110,6.4398,,,,,,,
1568444188571984,陀螺仪,,,,,,,,0.0884,-0.0346,-0.3095
1568444198578755,加速度计,1.4359,8.3911,3.1879,,,,,,,
1568444208594953,加速度计,2.5905,7.3275,8.0349,,,,,,,
1568444208604380,陀螺仪,,,,,,,,0.0076,-0.1057,-0.3702
1568444218614016,加速度计,1.9255,7.7668,10.2035,,,,,,,
1568444228635578,加速度计,1.3940,7.8051,4.2850,,,,,,,
1568444228647505,陀螺仪,,,,,,,,0.0495,-0.0863,-0.4084
1568444238659589,加速度计,2.0662,6.5930,5.6240,,,,,,,
1568444248685630,加速度计,0.9661,6.4254,6.0831,,,,,,,
1568444248699432,陀螺仪,,,,,,,,-0.0370,-0.0947,-0.3895
1568444258713286,加速度计,0.5142,6.9234,7.2443,,,,,,,
1568444268742141,加速度计,1.6987,7.1838,9.3212,,,,,,,
1568444268756984,陀螺仪,,,,,,,,-0.0579,-0.0995,-0.3376
1568444278771776,加速度计,0.3292,7.3741,6.9282,,,,,,,
1568444288801776,加速度计,0.4076,5.2319,7.6830,,,,,,,
1568444288816828,陀螺仪,,,,,,,,-0.0483,-0.0875,-0.2843
1568444298831047,加速度计,0.6387,6.3889,6.8372,,,,,,,
1568444308854536,加速度计,-0.0581,6.8690,7.0647,,,,,,,
1568444308863964,陀螺仪,,,,,,,,-0.0274,-0.0607,-0.2602
1568444318873286,加速度计,-1.0379,6.2225,5.3463,,,,,,,
1568444328892036,加速度计,0.2029,5.7347,10.4082,,,,,,,
1568444328901464,陀螺仪,,,,,,,,-0.0166,-0.0887,-0.1680
1568444338910786,加速度计,-0.2831,7.6992,7.3694,,,,,,,
1568444348929536,加速度计,-0.0371,6.7002,5.7042,,,,,,,
1568444348938964,陀螺仪,,,,,,,,0.0446,-0.0455,-0.1206
1568444358948286,加速度计,0.9589,6.4338,4.1635,,,,,,,
1568444368967193,加速度计,-1.1875,6.1567,7.3275,,,,,,,
1568444368977245,陀螺仪,,,,,,,,0.0027,-0.0434,-0.0903
1568444378988755,加速度计,1.1995,6.9013,7.3508,,,,,,,
1568444389004589,加速度计,-0.6069,7.2556,10.2843,,,,,,,
1568444389012557,陀螺仪,,,,,,,,0.0328,-0.0289,-0.0742
1568444399020422,加速度计,-0.6297,7.5034,10.2538,,,,,,,
1568444409036255,加速度计,0.3077,7.3227,5.5605,,,,,,,
1568444409044224,陀螺仪,,,,,,,,0.1226,0.0101,-0.0059
1568444419052141,加速度计,0.2544,6.5948,1.4802,,,,,,,
1568444429068443,加速度计,1.4329,7.4011,2.2015,,,,,,,
1568444429076828,陀螺仪,,,,,,,,0.0204,-0.0166,-0.0489
1568444439085161,加速度计,-1.0756,7.3442,5.3594,,,,,,,
1568444449102297,加速度计,-1.0074,7.3287,9.0142,,,,,,,
1568444449111099,陀螺仪,,,,,,,,-0.0695,-0.0550,-0.0406
1568444459119849,加速度计,1.7795,6.3135,8.4126,,,,,,,
1568444469137818,加速度计,0.6542,5.9466,4.3527,,,,,,,
1568444469147036,陀螺仪,,,,,,,,-0.0485,-0.0419,-0.0615
1568444479156203,加速度计,1.5772,6.1052,9.3248,,,,,,,
1568444489175005,加速度计,1.1121,8.0284,7.3065,,,,,,,
1568444489184641,陀螺仪,,,,,,,,-0.0320,-0.0591,-0.1751
1568444499194224,加速度计,0.5142,7.1036,7.6896,,,,,,,
1568444509213859,加速度计,0.9750,6.0424,8.9543,,,,,,,
1568444509223911,陀螺仪,,,,,,,,-0.0269,-0.1318,-0.2768
1568444519233911,加速度计,-0.7081,6.7391,8.5844,,,,,,,
1568444529254380,加速度计,0.8775,7.2969,9.7252,,,,,,,
1568444529264849,陀螺仪,,,,,,,,0.0280,-0.1720,-0.2864
1568444539275266,加速度计,0.9104,9.2757,4.1498,,,,,,,
1568444549296516,加速度计,-0.0617,6.4608,6.5553,,,,,,,
1568444549307193,陀螺仪,,,,,,,,-0.0309,-0.1963,-0.2915
1568444559317766,加速度计,0.6440,6.5027,9.3841,,,,,,,
1568444569339016,加速度计,0.2173,7.3245,9.3625,,,,,,,
1568444569349693,陀螺仪,,,,,,,,0.0382,-0.1481,-0.1936
1568444579360266,加速度计,0.6961,9.3140,6.1603,,,,,,,
1568444589381255,加速度计,1.4641,6.8342,3.9462,,,,,,,
1568444589390891,陀螺仪,,,,,,,,0.0487,-0.0692,-0.1405
1568444599400422,加速度计,-1.1600,6.4925,1.4060,,,,,,,
1568444609419536,加速度计,-0.6488,6.7834,6.8881,,,,,,,
1568444609428964,陀螺仪,,,,,,,,-0.0787,-0.0896,-0.0625
1568444619438391,加速度计,-1.4329,8.1343,9.0914,,,,,,,
1568444633630455,GPS,,,,31.9423,118.7885,3.9400,167.3000,,,
1568444629458234,加速度计,-0.2023,7.3514,11.7412,,,,,,,
1568444629466828,陀螺仪,,,,,,,,-0.0039,-0.0441,0.0908
1568444639475318,加速度计,0.5189,7.2101,5.4211,,,,,,,
1568444649492401,加速度计,0.3561,7.6405,1.8238,,,,,,,
1568444649500995,陀螺仪,,,,,,,,0.0225,0.0000,0.1201
1568444659509484,加速度计,-0.6225,7.5070,4.3191,,,,,,,
1568444669526568,加速度计,-0.2682,8.2241,6.3063,,,,,,,
1568444669535161,陀螺仪,,,,,,,,-0.0754,0.0108,0.1561
1568444679543651,加速度计,-0.8882,7.2748,10.4100,,,,,,,
1568444689560891,加速度计,-0.5698,6.2189,10.5770,,,,,,,
1568444689569693,陀螺仪,,,,,,,,0.0112,0.0558,0.1955
1568444699578547,加速度计,-0.7320,7.9224,5.6216,,,,,,,
1568444709596620,加速度计,-0.5321,5.8113,10.1885,,,,,,,
1568444709605839,陀螺仪,,,,,,,,0.0702,0.0475,0.2434
1568444719615109,加速度计,0.6363,8.3181,6.5098,,,,,,,
1568444729634016,加速度计,1.3138,7.1910,2.2972,,,,,,,
1568444729643651,陀螺仪,,,,,,,,0.1503,0.0611,0.1710
1568444739653339,加速度计,0.0461,6.4769,-4.0935,,,,,,,
1568444749672922,加速度计,-0.0521,5.7437,1.4228,,,,,,,
1568444749682766,陀螺仪,,,,,,,,-0.0806,-0.0225,0.0770
1568444759692505,加速度计,-0.2418,7.0940,10.2580,,,,,,,
1568444769712089,加速度计,-0.6865,6.8241,14.6070,,,,,,,
1568444769721932,陀螺仪,,,,,,,,-0.0051,-0.0238,0.0156
1568444779731672,加速度计,-0.5926,9.6337,8.1361,,,,,,,
1568444789751255,加速度计,-0.2580,8.3546,2.7653,,,,,,,
1568444789761099,陀螺仪,,,,,,,,0.0334,-0.0541,-0.0166
1568444799770839,加速度计,0.6530,6.3704,3.9139,,,,,,,
1568444809790422,加速度计,0.5567,6.6218,8.7245,,,,,,,
1568444809800266,陀螺仪,,,,,,,,-0.0545,-0.1582,-0.1758
1568444819810005,加速度计,-0.1760,8.4785,9.0231,,,,,,,
1568444829829589,加速度计,-0.0892,8.0308,7.6956,,,,,,,
1568444829839432,陀螺仪,,,,,,,,-0.0188,-0.1839,-0.2459
1568444839849172,加速度计,-0.0042,5.6976,6.6164,,,,,,,
1568444849868755,加速度计,0.5106,7.1856,5.7934,,,,,,,
1568444849878599,陀螺仪,,,,,,,,-0.0325,-0.2217,-0.2338
1568444859888339,加速度计,0.4567,5.7048,7.8596,,,,,,,
1568444869909641,加速度计,0.9720,7.1527,7.6974,,,,,,,
1568444869925005,陀螺仪,,,,,,,,-0.0095,-0.2205,-0.2193
1568444879942557,加速度计,-0.3346,6.8289,8.8143,,,,,,,
1568444889942245,加速度计,-0.3466,7.0078,9.3458,,,,,,,
1568444889942297,陀螺仪,,,,,,,,0.0132,-0.1814,-0.1378
1568444899942557,加速度计,-0.2604,7.5022,5.8676,,,,,,,
1568444909944328,加速度计,-1.0487,6.8600,7.4358,,,,,,,
1568444909946047,陀螺仪,,,,,,,,-0.0414,-0.1744,-0.0457
1568444919948286,加速度计,-0.4351,5.1852,9.5559,,,,,,,
1568444929954849,加速度计,-0.5088,6.7139,8.2157,,,,,,,
1568444929959276,陀螺仪,,,,,,,,0.0185,-0.1117,0.0794
1568444939964432,加速度计,-0.7135,6.1609,7.8590,,,,,,,
1568444949977349,加速度计,-1.2192,7.0988,6.4320,,,,,,,
1568444949985109,陀螺仪,,,,,,,,0.0399,-0.0674,0.1876
1568444959993599,加速度计,-0.0611,8.0122,5.9280,,,,,,,
1568444970013182,加速度计,-0.1245,8.0529,5.2786,,,,,,,
1568444970024276,陀螺仪,,,,,,,,-0.0418,-0.0405,0.2317
1568444980035995,加速度计,-1.1594,6.8271,9.0902,,,,,,,
1568444990061620,加速度计,-1.0445,5.3654,11.3312,,,,,,,
1568444990075422,陀螺仪,,,,,,,,-0.0177,-0.0069,0.2920
1568445000089641,加速度计,0.0353,4.8399,7.5417,,,,,,,
1568445010119641,加速度计,0.8380,5.2337,4.3940,,,,,,,
1568445010135318,陀螺仪,,,,,,,,0.0936,0.0305,0.3205
1568445020151203,加速度计,0.2334,6.7540,4.6418,,,,,,,
1568445030183807,加速度计,-0.8607,8.3474,6.2740,,,,,,,
1568445030200318,陀螺仪,,,,,,,,0.0731,0.0346,0.3174
1568445040216724,加速度计,0.7458,8.1564,6.3782,,,,,,,
1568445050246620,加速度计,-0.5339,7.8111,5.2008,,,,,,,
1568445050257089,陀螺仪,,,,,,,,0.0459,0.0542,0.2935
1568445060266932,加速度计,-0.5674,7.1024,7.4226,,,,,,,
1568445070285682,加速度计,0.1945,7.1748,5.8730,,,,,,,
1568445070295109,陀螺仪,,,,,,,,0.0623,0.0884,0.2925
1568445080304432,加速度计,0.2418,8.3109,-1.1265,,,,,,,
1568445090323182,加速度计,-0.0670,6.1345,4.7309,,,,,,,
1568445090332609,陀螺仪,,,,,,,,-0.1111,0.0357,0.2593
1568445100341932,加速度计,0.5590,6.2405,13.1286,,,,,,,
1568445110360682,加速度计,1.2713,8.7753,11.2988,,,,,,,
1568445110370109,陀螺仪,,,,,,,,0.0405,0.1045,0.2097
1568445120380161,加速度计,-0.0820,9.3320,2.2984,,,,,,,
1568445130402297,加速度计,0.6668,5.5498,4.5723,,,,,,,
1568445130409224,陀螺仪,,,,,,,,-0.0101,0.0462,0.1601
1568445140416047,加速度计,0.8188,6.8528,6.4218,,,,,,,
1568445150429797,加速度计,1.3180,7.6776,10.8194,,,,,,,
1568445150436724,陀螺仪,,,,,,,,0.0104,0.0194,0.0901
1568445160443703,加速度计,1.5221,10.3741,8.0721,,,,,,,
1568445170458026,加速度计,0.6967,5.8149,6.4919,,,,,,,
1568445170465370,陀螺仪,,,,,,,,0.0226,0.0015,0.0036
1568445180472922,加速度计,1.3330,7.0012,5.8909,,,,,,,
1568445190488651,加速度计,1.1145,7.7865,6.2034,,,,,,,
1568445190496828,陀螺仪,,,,,,,,0.0097,-0.0509,-0.0650
1568445200505214,加速度计,1.4329,7.9601,8.8807,,,,,,,
1568445210522609,加速度计,1.1343,6.9671,9.6002,,,,,,,
1568445210531620,陀螺仪,,,,,,,,0.0104,-0.0614,-0.1257
1568445220540839,加速度计,1.0714,6.8702,6.4775,,,,,,,
1568445230559901,加速度计,1.6514,6.1854,5.5923,,,,,,,
1568445230569745,陀螺仪,,,,,,,,0.0300,-0.0720,-0.1598
1568445240579797,加速度计,0.7278,7.7303,3.5919,,,,,,,
1568445250600526,加速度计,0.2765,6.9174,7.2826,,,,,,,
1568445250611203,陀螺仪,,,,,,,,-0.0706,-0.1060,-0.1840
1568445260621932,加速度计,0.4154,6.9833,7.8967,,,,,,,
1568445270643755,加速度计,0.0575,7.1437,8.1618,,,,,,,
1568445270654849,陀螺仪,,,,,,,,-0.0513,-0.1124,-0.1413
1568445280665995,加速度计,1.2731,5.7610,6.9426,,,,,,,
1568445290688495,加速度计,0.6536,7.4747,5.6210,,,,,,,
1568445290699797,陀螺仪,,,,,,,,-0.0109,-0.0936,-0.1301
1568445300710995,加速度计,0.4417,6.6822,6.0897,,,,,,,
1568445310733495,加速度计,0.8140,5.7874,7.4160,,,,,,,
1568445310744797,陀螺仪,,,,,,,,-0.0229,-0.1020,-0.0899
1568445320755526,加速度计,0.6955,6.5607,8.9495,,,,,,,
1568445330775839,加速度计,0.5477,7.0497,8.8777,,,,,,,
1568445330785266,陀螺仪,,,,,,,,0.0447,-0.0679,-0.0341
1568445340794589,加速度计,0.6039,6.8881,8.6868,,,,,,,
1568445350813339,加速度计,0.0826,6.3937,6.7511,,,,,,,
1568445350822766,陀螺仪,,,,,,,,0.1262,-0.0190,0.0045
1568445360832089,加速度计,0.0904,7.0563,0.3083,,,,,,,
1568445370853495,加速度计,0.6710,6.3255,2.7713,,,,,,,
1568445370877609,陀螺仪,,,,,,,,-0.0156,-0.0614,0.0482
1568445380886672,加速度计,-0.2999,6.2698,9.5577,,,,,,,
1568445390879068,加速度计,-0.4220,6.6445,13.3806,,,,,,,
1568445390875578,陀螺仪,,,,,,,,0.0217,0.0068,0.1407
1568445400872766,加速度计,1.1917,8.9657,7.1814,,,,,,,
1568445410868859,加速度计,0.8715,6.2100,5.3618,,,,,,,
1568445410867870,陀螺仪,,,,,,,,0.0647,0.0803,0.1832
1568445420868651,加速度计,-0.1329,6.7092,5.2307,,,,,,,
1568445430875266,加速度计,-0.6345,6.5481,7.5052,,,,,,,
1568445430883651,陀螺仪,,,,,,,,-0.0016,0.0758,0.2088
1568445440892349,加速度计,-0.0784,7.9936,8.2696,,,,,,,
1568445450912766,加速度计,-0.4310,6.3273,10.6027,,,,,,,
1568445450924484,陀螺仪,,,,,,,,0.0270,0.0913,0.2547
1568445460936464,加速度计,1.9423,7.2688,4.5490,,,,,,,
1568445470963026,加速度计,-0.0617,7.2903,6.8839,,,,,,,
1568445470977453,陀螺仪,,,,,,,,0.0009,0.0988,0.1892
1568445480992036,加速度计,0.0515,7.9033,8.7281,,,,,,,
1568445491023078,加速度计,-0.2472,6.3129,9.1866,,,,,,,
1568445491039380,陀螺仪,,,,,,,,0.0487,0.1136,0.2148
1568445501055682,加速度计,0.6476,7.7123,1.1534,,,,,,,
1568445511089068,加速度计,1.3210,6.9151,6.5404,,,,,,,
1568445511105995,陀螺仪,,,,,,,,-0.0264,0.0706,0.1622
1568445521122557,加速度计,-0.1832,6.7379,10.0407,,,,,,,
1568445531152609,加速度计,-0.2568,7.9392,9.2458,,,,,,,
1568445531162036,陀螺仪,,,,,,,,0.0691,0.1005,0.1430
1568445541171359,加速度计,0.9361,9.1740,3.2717,,,,,,,
1568445551190109,加速度计,1.0074,5.8550,4.7579,,,,,,,
1568445551199536,陀螺仪,,,,,,,,0.0045,0.0828,0.1008
1568445561208859,加速度计,0.0808,7.6674,4.5915,,,,,,,
1568445571227609,加速度计,-0.3861,6.9396,9.2787,,,,,,,
1568445571237036,陀螺仪,,,,,,,,-0.0494,0.0450,0.0889
1568445581246359,加速度计,0.3597,7.2999,9.1512,,,,,,,
1568445591265109,加速度计,1.3647,7.0437,8.4054,,,,,,,
1568445591274536,陀螺仪,,,,,,,,0.0442,0.0904,0.1020
1568445601283859,加速度计,1.3683,7.4729,3.0981,,,,,,,
1568445611302609,加速度计,0.5345,7.1682,5.6246,,,,,,,
1568445611312036,陀螺仪,,,,,,,,-0.0053,0.0589,0.0274
1568445621324641,加速度计,-0.4651,6.6786,11.5897,,,,,,,
1568445642318944,GPS,,,,31.9423,118.7885,3.4100,167.2000,,,
1568445631365995,加速度计,-0.1975,6.9827,11.1893,,,,,,,
1568445631355630,陀螺仪,,,,,,,,0.1021,0.0691,0.0695
1568445641345630,加速度计,2.0991,7.8661,3.7104,,,,,,,
1568445651327141,加速度计,1.5604,8.2642,0.9720,,,,,,,
1568445651318859,陀螺仪,,,,,,,,0.0868,0.0878,0.0254
1568445661312036,加速度计,0.2263,5.1631,6.6074,,,,,,,
1568445671301568,加速度计,-1.0008,8.1217,9.9419,,,,,,,
1568445671298078,陀螺仪,,,,,,,,0.0591,0.0742,0.0294
1568445681296828,加速度计,-0.6901,9.0680,8.5060,,,,,,,
1568445691298495,加速度计,0.4351,7.4250,9.9617,,,,,,,
1568445691301464,陀螺仪,,,,,,,,0.1076,0.0754,0.1116
1568445701306984,加速度计,-0.4764,6.3943,5.2421,,,,,,,
1568445711332245,陀螺仪,,,,,,,,0.1257,0.0754,0.0832
1568445711322401,加速度计,1.1492,6.7924,-1.6927,,,,,,,
1568445721344484,加速度计,1.4515,7.4711,-6.1447,,,,,,,
1568445731372922,加速度计,-0.4633,5.8814,-6.9073,,,,,,,
1568445731389016,陀螺仪,,,,,,,,-0.2956,-0.0162,-0.0083
1568445741407036,加速度计,-1.1750,3.4722,14.9578,,,,,,,
1568445751446099,加速度计,-2.7563,7.7189,25.9101,,,,,,,
1568445751466984,陀螺仪,,,,,,,,-0.1563,0.0076,0.0266
1568445761489016,加速度计,-2.4900,9.9970,19.4104,,,,,,,
1568445771534797,加速度计,-0.7931,9.4547,1.2911,,,,,,,
1568445771558391,陀螺仪,,,,,,,,0.1542,0.0672,0.1160
1568445781582193,加速度计,1.7011,5.3343,-3.0215,,,,,,,
1568445791628078,加速度计,1.1217,4.8064,5.2283,,,,,,,
1568445791649380,陀螺仪,,,,,,,,-0.0774,-0.0507,-0.0091
1568445801661672,加速度计,-0.5590,7.2933,11.1743,,,,,,,
1568445811680422,加速度计,-0.9044,9.5690,8.2223,,,,,,,
1568445811689849,陀螺仪,,,,,,,,0.0003,-0.0779,-0.0646
1568445821699172,加速度计,0.6716,6.4578,7.2772,,,,,,,
1568445831717922,加速度计,-0.5668,5.8083,8.7813,,,,,,,
1568445831727349,陀螺仪,,,,,,,,0.0221,-0.0937,-0.0554
1568445841736672,加速度计,0.4741,8.1971,6.1465,,,,,,,
1568445851755422,加速度计,0.9128,8.8633,6.3416,,,,,,,
1568445851764849,陀螺仪,,,,,,,,-0.0004,-0.1370,-0.0945
1568445861774172,加速度计,0.3298,5.6114,7.0976,,,,,,,
1568445871794641,加速度计,0.3178,6.1663,6.4542,,,,,,,
1568445871807036,陀螺仪,,,,,,,,0.0047,-0.1170,-0.0638
1568445881813859,加速度计,-0.0581,7.6794,4.4664,,,,,,,
1568445891827609,加速度计,0.3765,7.4992,6.0220,,,,,,,
1568445891834536,陀螺仪,,,,,,,,-0.0720,-0.1172,-0.0036
1568445901841359,加速度计,0.9822,6.1501,7.4304,,,,,,,
1568445911855422,加速度计,-0.7685,7.5747,6.1447,,,,,,,
1568445911862661,陀螺仪,,,,,,,,-0.0932,-0.0694,0.0521
1568445921869901,加速度计,-0.2987,5.9861,6.8360,,,,,,,
1568445931885109,加速度计,0.0832,6.2094,8.4922,,,,,,,
1568445931893078,陀螺仪,,,,,,,,-0.0931,-0.0282,0.1605
1568445941901151,加速度计,-0.2257,7.1293,6.0029,,,,,,,
1568445951918026,加速度计,0.9625,7.6878,5.3630,,,,,,,
1568445951926828,陀螺仪,,,,,,,,-0.1297,0.0105,0.2313
1568445961935734,加速度计,-0.7865,6.6720,7.6812,,,,,,,
1568445971954276,加速度计,-0.6638,4.1096,11.9447,,,,,,,
1568445971963911,陀螺仪,,,,,,,,-0.1301,0.0487,0.2898
1568445981973651,加速度计,-0.2795,4.7956,8.1684,,,,,,,
1568445991993859,加速度计,-0.2442,1.6951,8.9441,,,,,,,
1568445992004328,陀螺仪,,,,,,,,0.0638,0.0702,0.3423
1568446002014901,加速度计,0.0850,4.3185,5.6306,,,,,,,
1568446012036776,加速度计,0.8248,9.5744,-1.4718,,,,,,,
1568446012047974,陀螺仪,,,,,,,,0.2111,0.1003,0.3325
1568446022059172,加速度计,2.6827,13.9905,-3.8349,,,,,,,
1568446032081984,加速度计,-2.4008,8.3761,6.3177,,,,,,,
1568446032093495,陀螺仪,,,,,,,,-0.2445,0.0216,0.2184
1568446042104901,加速度计,-1.0726,6.4997,28.4712,,,,,,,
1568446052127818,加速度计,-1.6077,12.6510,12.8904,,,,,,,
1568446052139328,陀螺仪,,,,,,,,0.1369,0.1595,0.3045
1568446062150734,加速度计,0.0605,4.7004,-2.1632,,,,,,,
1568446072170839,加速度计,3.4626,0.7554,0.1395,,,,,,,
1568446072180370,陀螺仪,,,,,,,,0.0004,0.0864,0.3109
1568446082189693,加速度计,1.0331,7.2718,4.8949,,,,,,,
1568446092208443,加速度计,-0.4040,9.2602,14.5430,,,,,,,
1568446092217870,陀螺仪,,,,,,,,-0.0265,0.1111,0.2933
1568446102227193,加速度计,1.4557,11.1905,6.2800,,,,,,,
1568446112245943,加速度计,1.6861,3.0795,8.6125,,,,,,,
1568446112255474,陀螺仪,,,,,,,,0.0387,0.1609,0.3037
1568446122265005,加速度计,1.3198,8.6036,7.0030,,,,,,,
1568446132284641,加速度计,-0.1460,9.1698,12.2918,,,,,,,
1568446132292401,陀螺仪,,,,,,,,0.0808,0.1928,0.3131
1568446142300057,加速度计,2.7013,7.1892,6.9510,,,,,,,
1568446152315474,加速度计,1.6580,7.5603,-4.1396,,,,,,,
1568446152323339,陀螺仪,,,,,,,,0.1378,0.2778,0.2671
1568446162331203,加速度计,0.8428,4.1025,-7.6818,,,,,,,
1568446172347349,加速度计,0.1227,5.0141,5.8927,,,,,,,
1568446172355630,陀螺仪,,,,,,,,-0.2981,0.1945,0.2321
1568446182363911,加速度计,-1.6753,5.0847,15.2427,,,,,,,
1568446192380891,加速度计,0.0946,7.1461,20.5021,,,,,,,
1568446192389589,陀螺仪,,,,,,,,-0.0292,0.2321,0.3487
1568446202398286,加速度计,-0.2095,7.7542,9.8563,,,,,,,
1568446212416099,加速度计,0.9032,8.2396,1.0211,,,,,,,
1568446212425214,陀螺仪,,,,,,,,0.0878,0.3152,0.3712
1568446222434328,加速度计,1.3455,5.6354,4.4257,,,,,,,
1568446232452974,加速度计,-1.2031,6.6625,10.4776,,,,,,,
1568446232462505,陀螺仪,,,,,,,,-0.0047,0.2430,0.2410
1568446242472036,加速度计,0.1562,7.5369,10.9924,,,,,,,
1568446252491516,加速度计,2.0075,8.4653,2.7725,,,,,,,
1568446252501464,陀螺仪,,,,,,,,0.0827,0.2328,0.2051
1568446262511411,加速度计,0.6692,4.5843,8.3713,,,,,,,
1568446272531724,加速度计,0.3693,6.1836,10.0592,,,,,,,
1568446272542089,陀螺仪,,,,,,,,0.1077,0.2185,0.1228
1568446282552453,加速度计,1.2252,7.6088,10.7811,,,,,,,
1568446292573599,加速度计,0.9613,8.2917,5.4905,,,,,,,
1568446292584276,陀螺仪,,,,,,,,0.2121,0.1900,0.0634
1568446302594849,加速度计,2.0219,8.4174,5.1140,,,,,,,
1568446312616099,加速度计,2.9706,8.9465,4.2306,,,,,,,
1568446312626776,陀螺仪,,,,,,,,0.0951,0.1594,-0.0848
1568446322637349,加速度计,1.1217,8.7089,7.3454,,,,,,,
1568446332658599,加速度计,-0.6147,5.7353,10.2789,,,,,,,
1568446332669172,陀螺仪,,,,,,,,0.0092,0.1265,-0.1224
1568446342679536,加速度计,1.4120,3.8744,5.6629,,,,,,,
1568446352698807,加速度计,2.7779,6.3237,1.7430,,,,,,,
1568446352708234,陀螺仪,,,,,,,,0.0482,0.1545,-0.0892
1568446362717557,加速度计,1.6819,7.3035,6.4087,,,,,,,
1568446372742245,加速度计,1.2737,7.3496,10.7051,,,,,,,
1568446372758651,陀螺仪,,,,,,,,0.0032,0.1459,-0.1313
1568446382759641,加速度计,0.8565,8.0074,8.7586,,,,,,,
1568446392762036,加速度计,1.9830,8.1205,3.7523,,,,,,,
1568446392763651,陀螺仪,,,,,,,,0.0507,0.1672,-0.1533
1568446402765474,加速度计,0.9918,7.0665,6.3422,,,,,,,
1568446412770474,加速度计,0.6357,5.1757,8.3097,,,,,,,
1568446412773755,陀螺仪,,,,,,,,-0.0007,0.1426,-0.1752
1568446422777453,加速度计,0.2035,4.9590,7.0539,,,,,,,
1568446432786828,加速度计,1.3366,5.2732,6.6744,,,,,,,
1568446432792609,陀螺仪,,,,,,,,0.0874,0.1260,-0.1666
1568446442799016,加速度计,1.7047,6.2489,5.2505,,,,,,,
1568446452814120,加速度计,1.1163,7.7788,6.7624,,,,,,,
1568446452822818,陀螺仪,,,,,,,,0.0912,0.1099,-0.2419
1568446462832141,加速度计,1.5089,9.2117,6.6774,,,,,,,
1568446472853078,加速度计,-0.1095,7.1060,6.8181,,,,,,,
1568446472864589,陀螺仪,,,,,,,,0.0595,0.0924,-0.2981
1568446482876620,加速度计,0.2460,6.7756,3.8553,,,,,,,
1568446492902349,加速度计,0.6339,7.7530,3.9558,,,,,,,
1568446492915943,陀螺仪,,,,,,,,-0.0373,0.0322,-0.2711
1568446502929849,加速度计,0.4860,7.4142,15.0458,,,,,,,
1568446512958703,加速度计,-1.1989,7.3933,14.8566,,,,,,,
1568446512973547,陀螺仪,,,,,,,,0.0863,0.0844,-0.2226
1568446522988495,加速度计,0.5052,7.6956,5.0560,,,,,,,
1568446533018807,加速度计,2.6528,7.8416,-5.7293,,,,,,,
1568446533034068,陀螺仪,,,,,,,,0.0706,0.0991,-0.2222
1568446543049224,加速度计,0.3346,5.7227,3.8152,,,,,,,
1568446553074953,加速度计,-0.2993,7.4029,10.9756,,,,,,,
1568446553085734,陀螺仪,,,,,,,,-0.0763,0.0285,-0.2875
1568446563095057,加速度计,-2.5121,9.3146,11.3042,,,,,,,
1568446573113807,加速度计,-0.4962,8.9651,5.0619,,,,,,,
1568446573123234,陀螺仪,,,,,,,,0.0068,0.0052,-0.1643
1568446583132557,加速度计,2.0512,5.9256,5.7778,,,,,,,
1568446593151307,加速度计,-0.0299,7.0372,6.7151,,,,,,,
1568446593160734,陀螺仪,,,,,,,,-0.0380,0.0241,-0.2057
1568446603170057,加速度计,-0.0844,8.0200,6.4691,,,,,,,
1568446613188807,加速度计,-1.1289,7.0731,6.3105,,,,,,,
1568446613198755,陀螺仪,,,,,,,,-0.0372,0.0095,-0.1806
1568446623209953,加速度计,0.0754,6.0801,4.5364,,,,,,,
1568446633231880,加速度计,-0.1939,6.1878,4.6717,,,,,,,
1568446646066027,GPS,,,,31.9422,118.7885,2.9900,158.2000,,,
1568446633235109,陀螺仪,,,,,,,,-0.0507,0.0109,-0.1170
1568446643238391,加速度计,0.9319,8.0613,6.2566,,,,,,,
1568446653245578,加速度计,0.0832,7.2191,8.0834,,,,,,,
1568446653249536,陀螺仪,,,,,,,,-0.0724,0.0253,-0.1276
1568446663253859,加速度计,-1.1013,7.0443,5.6515,,,,,,,
1568446673263651,加速度计,0.1251,6.2854,7.3813,,,,,,,
1568446673269120,陀螺仪,,,,,,,,-0.0952,-0.0063,-0.0892
1568446683275109,加速度计,-0.1431,5.1589,10.5441,,,,,,,
1568446693288495,加速度计,-0.3460,6.6337,7.9254,,,,,,,
1568446693295891,陀螺仪,,,,,,,,0.0345,0.0104,-0.0856
1568446703303964,加速度计,-0.4663,8.2498,5.7329,,,,,,,
1568446713321516,加速度计,0.4375,6.8744,4.8908,,,,,,,
1568446713330995,陀螺仪,,,,,,,,0.0071,-0.0389,-0.1205
1568446723341151,加速度计,0.0826,6.4817,6.1477,,,,,,,
1568446733362870,加速度计,-0.2550,8.0882,6.7965,,,,,,,
1568446733374380,陀螺仪,,,,,,,,-0.0111,-0.0919,-0.1912
1568446743386411,加速度计,-0.6267,6.7343,8.6101,,,,,,,
1568446753411359,加速度计,-0.3190,6.2525,7.4328,,,,,,,
1568446753424276,陀螺仪,,,,,,,,0.0465,-0.1060,-0.2216
1568446763437557,加速度计,-0.5997,8.7562,6.3159,,,,,,,
1568446773464745,加速度计,0.4375,8.3989,4.5041,,,,,,,
1568446773478599,陀螺仪,,,,,,,,-0.0250,-0.1521,-0.2156
1568446783492505,加速度计,0.6219,7.9787,9.7079,,,,,,,
1568446793520422,加速度计,0.1975,7.6950,10.0802,,,,,,,
1568446793533964,陀螺仪,,,,,,,,-0.0053,-0.1413,-0.1947
1568446803545995,加速度计,0.9475,5.9652,7.2478,,,,,,,
1568446813566776,加速度计,1.5676,7.4238,5.8993,,,,,,,
1568446813576203,陀螺仪,,,,,,,,0.0700,-0.0870,-0.1374
1568446823585526,加速度计,0.9373,9.2063,2.0524,,,,,,,
1568446833604276,加速度计,0.0048,5.8430,8.0559,,,,,,,
1568446833613703,陀螺仪,,,,,,,,-0.0258,-0.0871,-0.1085
1568446843623026,加速度计,0.3100,8.0858,6.3404,,,,,,,
1568446853641776,加速度计,-0.9918,6.2231,8.1786,,,,,,,
1568446853651203,陀螺仪,,,,,,,,-0.0123,-0.0660,-0.0137
1568446863660526,加速度计,0.5746,7.1186,6.1004,,,,,,,
1568446873680370,加速度计,-0.5399,6.5326,6.4344,,,,,,,
1568446873689589,陀螺仪,,,,,,,,-0.0125,-0.0198,0.0495
1568446883698703,加速度计,-0.5130,6.5086,6.1950,,,,,,,
1568446893717036,加速度计,0.1317,4.8764,8.3031,,,,,,,
1568446893726255,陀螺仪,,,,,,,,-0.0117,0.0055,0.1116
1568446903735370,加速度计,-0.8499,5.9544,6.6421,,,,,,,
1568446913753703,加速度计,-0.6440,7.0084,6.3093,,,,,,,
1568446913762922,陀螺仪,,,,,,,,-0.0031,0.0221,0.1360
1568446923772036,加速度计,-0.3472,6.6080,8.8597,,,,,,,
1568446933790370,加速度计,-0.3938,4.6825,9.4397,,,,,,,
1568446933799589,陀螺仪,,,,,,,,0.0487,0.0232,0.1378
1568446943808703,加速度计,-0.1317,7.8644,3.2693,,,,,,,
1568446953827036,加速度计,0.8009,6.8277,5.6300,,,,,,,
1568446963845370,加速度计,0.8685,6.1908,7.5316,,,,,,,
1568446953836255,陀螺仪,,,,,,,,-0.0184,-0.0130,0.0878
1568446973863703,加速度计,-1.1426,7.1000,7.5549,,,,,,,
1568446973872922,陀螺仪,,,,,,,,-0.0333,-0.0373,0.0107
1568446983882036,加速度计,0.3771,6.7840,7.7063,,,,,,,
1568446993900370,加速度计,0.7045,5.7533,11.1869,,,,,,,
1568446993909589,陀螺仪,,,,,,,,0.0012,-0.0682,-0.0334
1568447003918703,加速度计,0.3065,7.8949,7.4657,,,,,,,
1568447013937036,加速度计,0.1305,7.0647,4.8309,,,,,,,
1568447013946255,陀螺仪,,,,,,,,0.0438,-0.0937,-0.1285
1568447023955370,加速度计,1.2857,7.7818,2.1859,,,,,,,
1568447033973703,加速度计,0.0976,6.1100,6.2680,,,,,,,
1568447033982922,陀螺仪,,,,,,,,-0.0361,-0.1457,-0.2016
1568447043992036,加速度计,1.5981,8.2564,4.2671,,,,,,,
1568447054010370,加速度计,0.7847,7.7327,5.8867,,,,,,,
1568447054019589,陀螺仪,,,,,,,,-0.0886,-0.1368,-0.2089
1568447064028703,加速度计,0.2053,8.8089,5.5282,,,,,,,
1568447074047453,加速度计,0.2574,6.2477,9.4984,,,,,,,
1568447074056880,陀螺仪,,,,,,,,-0.1346,-0.1325,-0.1174
1568447084066203,加速度计,1.2294,8.0260,10.1706,,,,,,,
1568447094085370,加速度计,0.7590,7.4645,9.1710,,,,,,,
1568447094095005,陀螺仪,,,,,,,,-0.0495,-0.0679,-0.0475
1568447104104536,加速度计,0.8499,7.4280,8.1954,,,,,,,
1568447114123703,加速度计,0.7805,7.1712,5.3403,,,,,,,
1568447114150214,陀螺仪,,,,,,,,0.0001,-0.0401,-0.0190
1568447124189536,加速度计,0.9720,7.6812,3.6739,,,,,,,
1568447134176620,加速度计,0.3633,7.0342,7.4166,,,,,,,
1568447134162297,陀螺仪,,,,,,,,-0.0531,-0.0691,-0.0201
1568447144148078,加速度计,0.4794,6.3668,10.7763,,,,,,,
1568447154123026,加速度计,1.7250,8.0786,7.5549,,,,,,,
1568447154112661,陀螺仪,,,,,,,,0.0435,-0.0329,-0.0052
1568447164102818,加速度计,-0.0090,6.8708,5.9598,,,,,,,
1568447174089068,加速度计,0.9535,6.7714,4.6801,,,,,,,
1568447174085474,陀螺仪,,,,,,,,0.0222,-0.0461,-0.0301
1568447184082714,加速度计,0.8422,5.9304,7.4520,,,,,,,
1568447194084589,加速度计,1.3635,7.4807,9.1548,,,,,,,
1568447194089224,陀螺仪,,,,,,,,0.0389,-0.0394,-0.0280
1568447204094797,加速度计,1.4257,7.3825,11.1791,,,,,,,
1568447214113339,加速度计,-0.1341,8.0056,6.7289,,,,,,,
1568447214126151,陀螺仪,,,,,,,,0.1141,-0.0120,-0.0077
1568447224139849,加速度计,2.2110,6.6577,6.3674,,,,,,,
1568447234173911,加速度计,1.0660,8.0613,3.3321,,,,,,,
1568447234193964,陀螺仪,,,,,,,,0.1252,-0.0021,-0.0241
1568447244214745,加速度计,0.7721,6.4596,6.5577,,,,,,,
1568447254261151,加速度计,0.9852,8.9699,7.1928,,,,,,,
1568447254286307,陀螺仪,,,,,,,,0.0735,0.0032,0.0011
1568447264311880,加速度计,0.4597,7.3490,9.1363,,,,,,,
1568447274365318,加速度计,0.9535,8.1517,6.1746,,,,,,,
1568447274392557,陀螺仪,,,,,,,,0.1035,0.0583,0.0340
1568447284419797,加速度计,0.0778,6.1746,4.6902,,,,,,,
1568447294468911,加速度计,0.6967,5.8472,9.1087,,,,,,,
1568447294482036,陀螺仪,,,,,,,,0.0996,0.0629,0.0555
1568447304491359,加速度计,0.0742,6.2956,6.1669,,,,,,,
1568447314510109,加速度计,0.0431,6.9905,4.7274,,,,,,,
1568447314519536,陀螺仪,,,,,,,,0.1358,0.0630,0.0654
1568447324528859,加速度计,1.1492,6.7792,5.2738,,,,,,,
1568447334547609,加速度计,0.2071,6.9971,8.7089,,,,,,,
1568447334557036,陀螺仪,,,,,,,,0.1135,0.0553,0.0394
1568447344566359,加速度计,0.3537,7.9146,5.3313,,,,,,,
1568447354585109,加速度计,1.0726,8.4258,2.5013,,,,,,,
1568447354594536,陀螺仪,,,,,,,,0.0708,0.0466,0.0059
1568447364603859,加速度计,0.5866,6.8067,5.1170,,,,,,,
1568447374630943,加速度计,-0.1921,6.3782,10.5626,,,,,,,
1568447374640370,陀螺仪,,,,,,,,-0.0410,0.0346,-0.0294
1568447384644068,加速度计,-1.2719,6.2842,10.4004,,,,,,,
1568447394651932,加速度计,0.2622,6.6499,6.1609,,,,,,,
1568447394656255,陀螺仪,,,,,,,,0.0501,0.0474,0.0154
1568447404660578,加速度计,0.4100,6.5056,4.8650,,,,,,,
1568447414670422,加速度计,0.3861,4.8788,8.6760,,,,,,,
1568447414690578,陀螺仪,,,,,,,,0.0004,0.0174,-0.0699
1568447424709068,加速度计,-0.8422,8.5479,6.5266,,,,,,,
1568447434736984,加速度计,-0.8284,6.4266,6.0591,,,,,,,
1568447434746411,陀螺仪,,,,,,,,-0.0144,-0.0354,-0.0847
1568447444755734,加速度计,0.5219,6.7163,3.9816,,,,,,,
1568447454783911,陀螺仪,,,,,,,,-0.0814,-0.0667,-0.1084
1568447454774484,加速度计,-1.2408,6.5924,8.3187,,,,,,,
1568447464793234,加速度计,-0.6991,8.3809,10.9271,,,,,,,
1568447474811984,加速度计,-0.8589,9.0022,11.5706,,,,,,,
1568447474821411,陀螺仪,,,,,,,,-0.0206,-0.0738,-0.0365
1568447484830734,加速度计,0.3130,8.4503,8.2079,,,,,,,
1568447494849484,加速度计,-0.0754,6.8845,5.2044,,,,,,,
1568447494858911,陀螺仪,,,,,,,,0.0067,-0.0377,0.0001
1568447504868234,加速度计,0.2119,6.8582,4.8608,,,,,,,
1568447514886984,加速度计,-0.1796,8.3246,3.4327,,,,,,,
1568447514896411,陀螺仪,,,,,,,,-0.0226,-0.0290,0.0269
1568447524905734,加速度计,-1.1720,6.9785,2.2655,,,,,,,
1568447534924484,加速度计,-0.1323,6.5775,1.7921,,,,,,,
1568447534933911,陀螺仪,,,,,,,,-0.1651,-0.0539,0.0810
1568447544943234,加速度计,0.0964,5.3882,6.7912,,,,,,,
1568447554961984,加速度计,-1.0534,7.5034,8.1690,,,,,,,
1568447554971411,陀螺仪,,,,,,,,-0.1671,0.0230,0.1838
1568447564980734,加速度计,-1.5030,6.6355,11.2144,,,,,,,
1568447574999484,加速度计,-0.1526,6.2058,11.0085,,,,,,,
1568447575008911,陀螺仪,,,,,,,,-0.0651,0.1105,0.3832
1568447585018234,加速度计,0.6219,7.0521,7.5884,,,,,,,
1568447595036984,加速度计,0.7955,7.7141,6.7439,,,,,,,
1568447595046411,陀螺仪,,,,,,,,-0.0075,0.1949,0.4317
1568447605055734,加速度计,-0.1113,5.9011,6.9635,,,,,,,
1568447615074484,加速度计,0.3950,6.8414,2.8850,,,,,,,
1568447615083911,陀螺仪,,,,,,,,-0.0025,0.1972,0.3969
1568447625100057,加速度计,0.2652,6.0729,4.2545,,,,,,,
1568447641358579,GPS,,,,31.9422,118.7885,3.6300,159.8000,,,
1568447635114641,加速度计,-0.4184,6.3542,6.7511,,,,,,,
1568447635121984,陀螺仪,,,,,,,,-0.0285,0.1927,0.3353
1568447645129224,加速度计,-0.4615,7.6926,6.3165,,,,,,,
1568447655143807,加速度计,-0.6608,8.6191,7.1347,,,,,,,
1568447655151359,陀螺仪,,,,,,,,-0.0459,0.1635,0.2704
1568447665158807,加速度计,-0.1335,6.3650,13.1514,,,,,,,
1568447675174224,加速度计,-0.5662,6.9390,7.1712,,,,,,,
1568447675182193,陀螺仪,,,,,,,,0.0795,0.1907,0.2250
1568447685190057,加速度计,0.3753,8.3228,1.6604,,,,,,,
1568447695206724,加速度计,1.6406,7.3071,2.1416,,,,,,,
1568447695215526,陀螺仪,,,,,,,,-0.0133,0.0932,0.1043
1568447705224224,加速度计,0.9200,6.1375,5.5252,,,,,,,
1568447715242557,加速度计,-0.1658,7.7231,6.3614,,,,,,,
1568447715252193,陀螺仪,,,,,,,,-0.0348,0.0341,-0.0686
1568447725261724,加速度计,-0.3771,9.5565,6.2692,,,,,,,
1568447735281724,加速度计,0.6333,8.4348,9.7833,,,,,,,
1568447735291984,陀螺仪,,,,,,,,-0.0663,-0.0571,-0.1858
1568447745302141,加速度计,0.4070,8.7945,8.7364,,,,,,,
1568447755322974,加速度计,0.3023,8.6251,6.4602,,,,,,,
1568447755333651,陀螺仪,,,,,,,,-0.0582,-0.1373,-0.3340
1568447765344224,加速度计,1.5580,6.9635,5.3498,,,,,,,
1568447775365891,加速度计,1.1301,5.2954,7.1305,,,,,,,
1568447775376984,陀螺仪,,,,,,,,-0.1005,-0.2087,-0.4368
1568447785387974,加速度计,1.2115,4.8518,8.0062,,,,,,,
1568447795410057,加速度计,1.4832,5.9227,7.1814,,,,,,,
1568447795421151,陀螺仪,,,,,,,,-0.0245,-0.2322,-0.4316
1568447805432141,加速度计,1.1845,5.3660,7.7387,,,,,,,
1568447815454224,加速度计,1.0534,7.2335,4.8411,,,,,,,
1568447815463859,陀螺仪,,,,,,,,0.0332,-0.1839,-0.3296
1568447825473391,加速度计,0.4758,7.4651,6.4835,,,,,,,
1568447835492141,加速度计,0.2460,8.8544,7.4154,,,,,,,
1568447835501568,陀螺仪,,,,,,,,-0.0281,-0.1394,-0.2039
1568447845510891,加速度计,-1.3425,6.6511,10.1251,,,,,,,
1568447855529641,加速度计,-0.7171,7.2137,7.5992,,,,,,,
1568447855539068,陀螺仪,,,,,,,,-0.0273,-0.0864,-0.0260
1568447865548391,加速度计,-0.4788,5.4462,6.6738,,,,,,,
1568447875595839,加速度计,-1.4641,5.6126,8.3935,,,,,,,
1568447875591307,陀螺仪,,,,,,,,-0.0538,-0.0390,0.1025
1568447885586672,加速度计,-0.6524,3.9438,11.6981,,,,,,,
1568447895578339,加速度计,-0.3843,5.5001,9.1746,,,,,,,
1568447895575266,陀螺仪,,,,,,,,0.0859,0.0288,0.2250
1568447905572089,加速度计,-0.1658,6.6834,5.9849,,,,,,,
1568447915568755,加速度计,-0.1772,7.9685,1.4922,,,,,,,
1568447915569016,陀螺仪,,,,,,,,0.0836,0.0734,0.2555
1568447925569172,加速度计,0.0712,7.3520,4.4951,,,,,,,
1568447935573755,加速度计,-0.2472,7.5753,7.5585,,,,,,,
1568447935578391,陀螺仪,,,,,,,,-0.0558,0.0968,0.2807
1568447945582922,加速度计,-0.9649,6.2752,10.6967,,,,,,,
1568447955597089,加速度计,-1.3575,7.2921,9.5385,,,,,,,
1568447955606724,陀螺仪,,,,,,,,0.0112,0.1571,0.3601
1568447965616255,加速度计,-0.0419,5.3899,6.7684,,,,,,,
1568447975640005,加速度计,0.7937,6.3752,0.1155,,,,,,,
1568447975654016,陀螺仪,,,,,,,,0.0543,0.2091,0.3743
1568447985667922,加速度计,0.5752,7.0731,1.2001,,,,,,,
1568447995699589,加速度计,0.3442,8.3133,8.1672,,,,,,,
1568447995716932,陀螺仪,,,,,,,,-0.0792,0.1961,0.3638
1568448005734172,加速度计,0.0180,7.6231,13.8229,,,,,,,
1568448015771255,加速度计,0.2322,10.6321,7.5238,,,,,,,
1568448015790682,陀螺仪,,,,,,,,0.0442,0.2401,0.3370
1568448025810005,加速度计,0.0712,6.7600,1.5963,,,,,,,
1568448035849589,加速度计,0.3112,4.9021,6.9234,,,,,,,
1568448035869432,陀螺仪,,,,,,,,-0.0727,0.1767,0.2547
1568448045889172,加速度计,1.1366,7.0785,13.4147,,,,,,,
1568448055907922,加速度计,1.4617,7.8913,10.5022,,,,,,,
1568448055917349,陀螺仪,,,,,,,,0.0959,0.1846,0.1593
1568448065926672,加速度计,1.8316,8.3049,3.4620,,,,,,,
1568448075945422,加速度计,1.1624,5.6443,3.2070,,,,,,,
1568448085964172,加速度计,2.0315,5.7491,4.2054,,,,,,,
1568448075954849,陀螺仪,,,,,,,,0.0583,0.1619,0.0455
1568448095982922,加速度计,1.0989,8.2570,9.5259,,,,,,,
1568448095992349,陀螺仪,,,,,,,,0.0095,0.1165,-0.0610
1568448106001672,加速度计,0.9319,7.7764,8.1415,,,,,,,
1568448116020422,加速度计,2.0363,6.2770,6.7313,,,,,,,
1568448116032349,陀螺仪,,,,,,,,0.0224,0.0903,-0.1551
1568448126057870,加速度计,1.7538,6.4554,6.0029,,,,,,,
1568448136059120,加速度计,0.8110,6.2848,8.4306,,,,,,,
1568448136060005,陀螺仪,,,,,,,,-0.0133,0.0334,-0.2489
1568448146060786,加速度计,1.3569,7.3023,7.5477,,,,,,,
1568448156063703,加速度计,1.1660,7.4909,4.5544,,,,,,,
1568448156066047,陀螺仪,,,,,,,,-0.0081,0.0055,-0.3117
1568448166068286,加速度计,1.1779,5.8514,6.5164,,,,,,,
1568448176074953,加速度计,1.9788,7.0976,10.0491,,,,,,,
1568448176079589,陀螺仪,,,,,,,,-0.0308,-0.0403,-0.3682
1568448186084120,加速度计,0.4298,7.5034,9.0411,,,,,,,
1568448196096203,加速度计,0.2604,7.9116,7.9966,,,,,,,
1568448196103755,陀螺仪,,,,,,,,0.0316,-0.0739,-0.4186
1568448206111203,加速度计,0.6584,7.4304,9.4182,,,,,,,
1568448216129536,加速度计,1.5060,7.5322,7.4621,,,,,,,
1568448216140214,陀螺仪,,,,,,,,0.1029,-0.0909,-0.4309
1568448226150786,加速度计,-0.0461,8.1834,3.8283,,,,,,,
1568448236174953,加速度计,0.3831,6.9534,3.8056,,,,,,,
1568448236188339,陀螺仪,,,,,,,,0.0459,-0.1305,-0.4210
1568448246201620,加速度计,0.5549,5.9544,8.3492,,,,,,,
1568448256230370,加速度计,0.1335,6.7858,6.2956,,,,,,,
1568448256245630,陀螺仪,,,,,,,,0.0862,-0.1081,-0.3549
1568448266260786,加速度计,0.6949,7.6962,4.6579,,,,,,,
1568448276292453,加速度计,0.9583,8.0457,5.7712,,,,,,,
1568448276308547,陀螺仪,,,,,,,,0.0581,-0.0824,-0.3011
1568448286324536,加速度计,0.3508,6.5266,6.9540,,,,,,,
1568448296356620,加速度计,-0.7434,7.9122,6.0807,,,,,,,
1568448296368547,陀螺仪,,,,,,,,0.0233,-0.0570,-0.1927
1568448306380370,加速度计,2.3733,7.0994,6.3650,,,,,,,
1568448316399120,加速度计,0.5201,7.0491,5.7263,,,,,,,
1568448316408547,陀螺仪,,,,,,,,-0.0238,-0.0063,-0.1364
1568448326417870,加速度计,-0.4501,6.8498,8.5252,,,,,,,
1568448336436620,加速度计,0.4812,5.9837,10.7350,,,,,,,
1568448336446047,陀螺仪,,,,,,,,-0.0358,0.0197,-0.0595
1568448346455370,加速度计,0.3525,5.0991,10.3591,,,,,,,
1568448356474120,加速度计,0.3472,6.6816,4.3772,,,,,,,
1568448356483547,陀螺仪,,,,,,,,0.0730,0.0562,-0.0426
1568448366492870,加速度计,0.9337,6.1675,6.6505,,,,,,,
1568448376516672,加速度计,0.4681,6.9228,8.2367,,,,,,,
1568448376523807,陀螺仪,,,,,,,,0.0553,0.0477,-0.0603
1568448386530839,加速度计,-0.4136,7.5381,5.1978,,,,,,,
1568448396545005,加速度计,0.1053,7.7919,5.0314,,,,,,,
1568448396552141,陀螺仪,,,,,,,,-0.0012,0.0181,-0.0810
1568448406559224,加速度计,-0.1299,5.9286,11.4030,,,,,,,
1568448416573859,加速度计,-0.3669,6.8875,9.3075,,,,,,,
1568448416581411,陀螺仪,,,,,,,,0.0487,0.0269,-0.1009
1568448426588964,加速度计,-0.2795,7.2562,7.8823,,,,,,,
1568448436604901,加速度计,0.0760,7.7806,3.3076,,,,,,,
1568448436613286,陀螺仪,,,,,,,,0.0786,0.0096,-0.1214
1568448446621672,加速度计,-0.6835,5.3546,2.8467,,,,,,,
1568448456639276,加速度计,0.5884,8.3408,0.0132,,,,,,,
1568448456648495,陀螺仪,,,,,,,,-0.0401,-0.0650,-0.1663
1568448466657714,加速度计,-0.2436,8.2462,10.0155,,,,,,,
1568448476676984,加速度计,0.2693,6.6433,15.7048,,,,,,,
1568448476687036,陀螺仪,,,,,,,,-0.0383,-0.0586,-0.1803
1568448486697089,加速度计,0.0742,8.5766,6.2064,,,,,,,
1568448496717974,加速度计,1.2151,7.3053,-1.1343,,,,,,,
1568448496728651,陀螺仪,,,,,,,,-0.0236,-0.0176,-0.1300
1568448506739276,加速度计,0.6015,4.6902,5.1942,,,,,,,
1568448516760995,加速度计,-1.1073,6.6840,12.5318,,,,,,,
1568448516772089,陀螺仪,,,,,,,,-0.0893,-0.0433,-0.1201
1568448526783078,加速度计,-0.3430,8.1792,10.9996,,,,,,,
1568448536805161,加速度计,0.7129,8.0397,2.3697,,,,,,,
1568448536816255,陀螺仪,,,,,,,,0.0365,-0.0112,-0.0770
1568448546827245,加速度计,1.2474,6.6044,2.1709,,,,,,,
1568448556849328,加速度计,0.6728,5.5839,7.6369,,,,,,,
1568448556860422,陀螺仪,,,,,,,,-0.0602,-0.0228,-0.1161
1568448566871099,加速度计,-0.7069,9.1925,8.5305,,,,,,,
1568448576890578,加速度计,-0.9828,6.7971,6.6355,,,,,,,
1568448576900005,陀螺仪,,,,,,,,-0.0096,-0.0040,-0.0706
1568448586909328,加速度计,0.3005,5.8574,0.8877,,,,,,,
1568448596928078,加速度计,0.3753,6.4236,4.4095,,,,,,,
1568448596937505,陀螺仪,,,,,,,,-0.0955,-0.0266,-0.0652
1568448606946828,加速度计,-1.1744,7.6950,10.7817,,,,,,,
1568448616966359,加速度计,-0.2658,7.7506,13.4189,,,,,,,
1568448616978911,陀螺仪,,,,,,,,-0.0280,-0.0056,-0.0431
1568448627021464,加速度计,-0.0970,8.5258,6.5595,,,,,,,
1568448637003964,加速度计,-0.1712,5.7916,4.1749,,,,,,,
1568448645043682,GPS,,,,31.9422,118.7885,3.4400,165.9000,,,
1568448636995891,陀螺仪,,,,,,,,0.0037,-0.0073,-0.0253
1568448646987714,加速度计,0.5429,6.5882,9.0944,,,,,,,
1568448656973964,加速度计,-1.4389,9.4930,7.2395,,,,,,,
1568448656969016,陀螺仪,,,,,,,,0.0362,0.0023,-0.0433
1568448666963964,加速度计,-0.4776,8.0062,5.0290,,,,,,,
1568448676958964,加速度计,0.1514,7.1473,4.9201,,,,,,,
1568448676959224,陀螺仪,,,,,,,,-0.0113,-0.0405,-0.0823
1568448686959380,加速度计,-1.8178,7.0372,8.0972,,,,,,,
1568448696966047,加速度计,-0.6219,9.8964,8.0673,,,,,,,
1568448696972557,陀螺仪,,,,,,,,-0.0213,-0.0823,-0.0758
1568448706978964,加速度计,0.5938,6.9773,9.1758,,,,,,,
1568448716998130,加速度计,0.8877,5.5270,5.0182,,,,,,,
1568448717010891,陀螺仪,,,,,,,,0.0365,-0.0538,-0.0957
1568448727023547,加速度计,-0.7805,6.0346,4.0636,,,,,,,
1568448737054380,加速度计,0.3597,8.1600,4.1851,,,,,,,
1568448737072349,陀螺仪,,,,,,,,-0.0293,-0.0702,-0.0847
1568448747090214,加速度计,0.8344,7.4705,9.7899,,,,,,,
1568448757130214,加速度计,-0.5704,7.2419,9.4445,,,,,,,
1568448757151724,陀螺仪,,,,,,,,-0.0186,-0.0541,-0.0816
1568448767173130,加速度计,0.4968,5.4438,7.8039,,,,,,,
1568448777218130,加速度计,-0.1233,7.5782,3.0819,,,,,,,
1568448777241099,陀螺仪,,,,,,,,0.0382,-0.0434,-0.0720
1568448787263964,加速度计,1.0636,7.6417,4.5861,,,,,,,
1568448797306047,加速度计,-0.1466,6.4883,8.7825,,,,,,,
1568448797315682,陀螺仪,,,,,,,,-0.0443,-0.0707,-0.1055
1568448807325214,加速度计,-0.5752,6.8307,10.1257,,,,,,,
1568448817343964,加速度计,-0.4411,6.5481,6.9252,,,,,,,
1568448817353391,陀螺仪,,,,,,,,0.0340,-0.0643,-0.0980
1568448827362714,加速度计,0.2047,5.5264,4.9261,,,,,,,
1568448837381464,加速度计,0.1676,5.6958,7.7584,,,,,,,
1568448837390891,陀螺仪,,,,,,,,0.0168,-0.0908,-0.1129
1568448847400214,加速度计,-1.0636,6.1214,11.8914,,,,,,,
1568448857418964,加速度计,0.0826,7.4675,7.2706,,,,,,,
1568448857428391,陀螺仪,,,,,,,,0.1348,-0.0743,-0.1099
1568448867437714,加速度计,0.2879,7.6704,4.5286,,,,,,,
1568448877472922,加速度计,0.0509,6.3877,9.3518,,,,,,,
1568448877473599,陀螺仪,,,,,,,,0.0633,-0.0923,-0.1142
1568448887474224,加速度计,0.0832,7.3849,12.3032,,,,,,,
1568448897476724,加速度计,-0.2245,8.7418,7.2359,,,,,,,
1568448897480943,陀螺仪,,,,,,,,0.1441,-0.0415,-0.0961
1568448907508651,加速度计,-0.0443,6.5493,2.6109,,,,,,,
1568448917532922,加速度计,0.0652,5.2978,0.0209,,,,,,,
1568448917542557,陀螺仪,,,,,,,,0.0376,-0.0514,-0.0567
1568448927552036,加速度计,0.5950,6.7098,0.1251,,,,,,,
1568448937580214,陀螺仪,,,,,,,,-0.1514,-0.0690,-0.0707
1568448937570786,加速度计,1.2713,6.4584,3.6937,,,,,,,
1568448947589536,加速度计,0.2616,5.8077,8.5437,,,,,,,
1568448957608286,加速度计,0.4477,7.6405,7.5543,,,,,,,
1568448957617714,陀螺仪,,,,,,,,-0.1268,-0.0081,-0.0571
1568448967627036,加速度计,-1.0894,7.3903,7.7225,,,,,,,
1568448977655214,陀螺仪,,,,,,,,-0.1164,-0.0224,-0.0055
1568448977645786,加速度计,-0.1407,7.3987,9.7588,,,,,,,
1568448987664536,加速度计,0.6626,6.5080,11.1953,,,,,,,
1568448997683286,加速度计,-0.2029,7.2891,6.8235,,,,,,,
1568448997692714,陀螺仪,,,,,,,,-0.0099,-0.0345,-0.0718
1568449007702036,加速度计,1.1157,7.1784,3.8607,,,,,,,
1568449017720786,加速度计,0.8924,7.0982,4.9608,,,,,,,
1568449017730214,陀螺仪,,,,,,,,-0.0635,-0.0860,-0.1490
1568449027739536,加速度计,0.1772,6.0136,9.1842,,,,,,,
1568449037758286,加速度计,1.2923,8.1355,6.3716,,,,,,,
1568449037767714,陀螺仪,,,,,,,,-0.0220,-0.1068,-0.2336
1568449047777036,加速度计,0.6303,7.4448,6.4817,,,,,,,
1568449057795786,加速度计,-0.5668,5.5516,5.9053,,,,,,,
1568449057805214,陀螺仪,,,,,,,,-0.0505,-0.1641,-0.2961
1568449067814536,加速度计,1.1492,6.3381,5.3864,,,,,,,
1568449077833286,加速度计,0.0952,8.3187,7.4256,,,,,,,
1568449077842714,陀螺仪,,,,,,,,-0.0887,-0.2421,-0.3333
1568449087852036,加速度计,2.2811,6.6547,12.1841,,,,,,,
1568449097870786,加速度计,1.3007,7.3538,8.1876,,,,,,,
1568449097880214,陀螺仪,,,,,,,,0.0210,-0.2123,-0.4045
1568449107889536,加速度计,-0.8613,7.6591,5.2212,,,,,,,
1568449117908703,加速度计,1.1750,7.5363,5.3504,,,,,,,
1568449117919797,陀螺仪,,,,,,,,-0.0262,-0.2550,-0.3732
1568449127934068,加速度计,-0.7404,7.1144,8.7448,,,,,,,
1568449137947818,加速度计,0.8529,8.8071,8.3689,,,,,,,
1568449137954745,陀螺仪,,,,,,,,-0.0349,-0.2617,-0.3196
1568449147961672,加速度计,0.8266,7.7458,7.5896,,,,,,,
1568449157983286,陀螺仪,,,,,,,,-0.0676,-0.2346,-0.3031
1568449157975943,加速度计,0.6865,8.9304,4.4377,,,,,,,
1568449167990630,加速度计,-0.8009,5.4917,6.1034,,,,,,,
1568449178006672,加速度计,0.4944,6.7157,7.4549,,,,,,,
1568449178016307,陀螺仪,,,,,,,,-0.1190,-0.2250,-0.2053
1568449188041203,加速度计,-0.0814,5.0895,10.1305,,,,,,,
1568449198062505,加速度计,0.5632,5.4600,11.0319,,,,,,,
1568449198071932,陀螺仪,,,,,,,,0.0184,-0.1827,-0.1441
1568449208081255,加速度计,0.4118,5.3792,7.4358,,,,,,,
1568449218100005,加速度计,0.5459,7.2712,4.9596,,,,,,,
1568449218109432,陀螺仪,,,,,,,,0.1650,-0.1664,-0.1202
1568449228118755,加速度计,-0.3801,8.2947,5.8245,,,,,,,
1568449238137505,加速度计,0.4040,8.7825,9.4673,,,,,,,
1568449238146932,陀螺仪,,,,,,,,0.1630,-0.1708,-0.0842
1568449248156255,加速度计,0.7063,9.4110,6.0124,,,,,,,
1568449258175005,加速度计,0.7296,9.3847,4.6723,,,,,,,
1568449258184432,陀螺仪,,,,,,,,0.1286,-0.1407,-0.0530
1568449268193755,加速度计,0.5860,5.7898,8.3121,,,,,,,
1568449278212505,加速度计,0.2077,7.0276,7.3101,,,,,,,
1568449278221932,陀螺仪,,,,,,,,0.1397,-0.0943,-0.0079
1568449288231255,加速度计,-0.5638,7.6866,7.7051,,,,,,,
1568449298250005,加速度计,1.0181,5.7443,6.9186,,,,,,,
1568449298259432,陀螺仪,,,,,,,,0.1407,-0.0905,0.0671
1568449308268755,加速度计,1.1887,6.3686,6.4063,,,,,,,
1568449318287505,加速度计,1.5580,5.6497,5.3935,,,,,,,
1568449318296932,陀螺仪,,,,,,,,0.1407,-0.0422,0.0333
1568449328306255,加速度计,-0.9553,6.1806,6.4973,,,,,,,
1568449338325005,加速度计,-0.3705,7.4238,4.1126,,,,,,,
1568449338334432,陀螺仪,,,,,,,,0.1164,-0.0333,0.0647
1568449348343755,加速度计,0.6782,6.9468,3.8541,,,,,,,
1568449358362505,加速度计,0.2813,6.3015,5.3576,,,,,,,
1568449358371932,陀螺仪,,,,,,,,-0.0119,-0.0537,0.0281
1568449368381516,加速度计,-0.4351,7.4609,8.3037,,,,,,,
1568449378404380,加速度计,0.3112,5.9568,10.6781,,,,,,,
1568449378412766,陀螺仪,,,,,,,,-0.0161,-0.0398,0.0606
1568449388421047,加速度计,0.0928,6.8307,8.1391,,,,,,,
1568449398437714,加速度计,0.4166,6.8235,7.1886,,,,,,,
1568449398446099,陀螺仪,,,,,,,,0.0149,0.0148,0.0732
1568449408454380,加速度计,-0.8380,6.1441,7.1060,,,,,,,
1568449418471047,加速度计,0.4669,6.9785,5.8712,,,,,,,
1568449418479432,陀螺仪,,,,,,,,-0.0077,-0.0181,0.0748
1568449428487818,加速度计,-0.4687,7.1102,8.1600,,,,,,,
1568449438505005,加速度计,-0.1143,5.5665,8.9818,,,,,,,
1568449438513807,陀螺仪,,,,,,,,0.0302,-0.0161,0.0603
1568449448522609,加速度计,0.4555,7.6249,5.9155,,,,,,,
1568449458540630,加速度计,-0.4142,7.6387,7.7051,,,,,,,
1568449458549849,陀螺仪,,,,,,,,0.0406,-0.0224,0.0771
1568449468559068,加速度计,0.4232,8.3378,6.2848,,,,,,,
1568449478577922,加速度计,-0.3741,7.4939,5.2894,,,,,,,
1568449478587557,陀螺仪,,,,,,,,0.0282,-0.0028,0.0690
1568449488597193,加速度计,0.0425,8.0128,3.2980,,,,,,,
1568449498616880,加速度计,-1.3491,8.3414,5.8496,,,,,,,
1568449498626932,陀螺仪,,,,,,,,-0.0787,-0.0149,0.0951
1568449508636984,加速度计,-0.9014,6.5787,8.4025,,,,,,,
1568449518657401,加速度计,-0.4423,8.1588,4.3934,,,,,,,
1568449518667661,陀螺仪,,,,,,,,-0.0727,0.0210,0.1658
1568449528677818,加速度计,-1.0894,6.7493,7.2437,,,,,,,
1568449538698234,加速度计,-0.7398,6.5182,7.6076,,,,,,,
1568449538708495,陀螺仪,,,,,,,,-0.1023,0.0554,0.2055
1568449548718651,加速度计,-1.6472,7.7387,9.0465,,,,,,,
1568449558739068,加速度计,-1.6855,8.2612,8.1582,,,,,,,
1568449558749328,陀螺仪,,,,,,,,-0.0659,0.0623,0.2407
1568449568759484,加速度计,-0.8092,6.1369,6.3243,,,,,,,
1568449578779901,加速度计,-0.4848,7.6411,5.0488,,,,,,,
1568449578790161,陀螺仪,,,,,,,,-0.0515,0.0368,0.1957
1568449588800005,加速度计,-0.6404,6.7433,6.1399,,,,,,,
1568449598828495,陀螺仪,,,,,,,,-0.0619,-0.0049,0.1262
1568449598819068,加速度计,-0.5974,6.6032,8.4515,,,,,,,
1568449608837818,加速度计,-0.0413,6.5763,8.2510,,,,,,,
1568449618858234,加速度计,-0.3106,6.7618,6.0178,,,,,,,
1568449618875161,陀螺仪,,,,,,,,0.0294,-0.0154,0.0823
1568449628896255,加速度计,1.1797,6.5242,3.2543,,,,,,,
1568449643056182,GPS,,,,31.9421,118.7885,3.8500,170.0000,,,
1568449638884432,陀螺仪,,,,,,,,-0.0170,-0.0422,0.0011
1568449638888130,加速度计,0.6129,6.5170,6.0687,,,,,,,
1568449648881151,加速度计,-0.1125,7.1509,7.8141,,,,,,,
1568449658876464,加速度计,0.0862,7.3652,9.3661,,,,,,,
1568449658875266,陀螺仪,,,,,,,,0.0088,-0.0598,-0.0218
1568449668874797,加速度计,0.5100,8.0810,6.5344,,,,,,,
1568449678876672,加速度计,0.4729,6.8630,5.9256,,,,,,,
1568449678879224,陀螺仪,,,,,,,,0.0087,-0.0780,-0.0399
1568449688882818,加速度计,1.7184,6.6756,6.7205,,,,,,,
1568449698893547,加速度计,-0.9936,6.7684,7.1192,,,,,,,
1568449698900682,陀螺仪,,,,,,,,0.0068,-0.0828,-0.0880
1568449708908859,加速度计,0.3974,8.1229,6.6619,,,,,,,
1568449718928755,加速度计,1.8346,8.5018,5.8012,,,,,,,
1568449718940474,陀螺仪,,,,,,,,0.0007,-0.0911,-0.0883
1568449728953130,加速度计,-0.0455,6.8337,6.4937,,,,,,,
1568449738981568,加速度计,0.7440,6.8295,7.6243,,,,,,,
1568449738997245,陀螺仪,,,,,,,,-0.0214,-0.0957,-0.0932
1568449749013547,加速度计,1.2540,7.7225,8.4258,,,,,,,
1568449759048339,加速度计,-0.3795,7.4232,4.6986,,,,,,,
1568449759066724,陀螺仪,,,,,,,,0.0132,-0.0615,-0.1035
1568449769085422,加速度计,-0.5339,6.9881,7.1030,,,,,,,
1568449779123964,加速度计,0.1293,6.8319,8.7586,,,,,,,
1568449779143599,陀螺仪,,,,,,,,-0.0017,-0.0913,-0.0586
1568449789163130,加速度计,0.4435,6.3931,8.2492,,,,,,,
1568449799197297,加速度计,-0.1407,7.1850,7.9170,,,,,,,
1568449799206932,陀螺仪,,,,,,,,0.0782,-0.0445,-0.0401
1568449809216359,加速度计,0.2915,8.2923,3.9588,,,,,,,
1568449819235109,加速度计,-0.2418,7.6477,6.2686,,,,,,,
1568449819244536,陀螺仪,,,,,,,,0.0202,-0.0457,-0.0142
1568449829253859,加速度计,-0.8954,7.1569,6.7098,,,,,,,
1568449839272609,加速度计,-0.1000,7.1916,7.0611,,,,,,,
1568449839282036,陀螺仪,,,,,,,,-0.0140,-0.0300,0.0566
1568449849291359,加速度计,0.2245,6.6086,6.3518,,,,,,,
1568449859310109,加速度计,-1.0068,6.0795,7.7393,,,,,,,
1568449859319536,陀螺仪,,,,,,,,-0.0264,-0.0075,0.0791
1568449869330005,加速度计,-0.5728,5.8359,7.1000,,,,,,,
1568449879361047,加速度计,-0.1460,6.9809,6.4685,,,,,,,
1568449879362349,陀螺仪,,,,,,,,-0.0057,-0.0036,0.1029
1568449889363651,加速度计,-1.4305,6.9929,5.1050,,,,,,,
1568449899366880,加速度计,-0.8254,4.9165,9.8096,,,,,,,
1568449899369016,陀螺仪,,,,,,,,-0.0285,-0.0419,0.1165
1568449909371464,加速度计,0.0395,7.1958,11.5424,,,,,,,
1568449919377818,加速度计,-1.0858,7.0336,9.3984,,,,,,,
1568449919381828,陀螺仪,,,,,,,,0.1083,-0.0399,0.0941
1568449929386359,加速度计,1.0373,8.9268,3.5500,,,,,,,
1568449939397401,加速度计,0.7757,6.4236,5.5611,,,,,,,
1568449939403911,陀螺仪,,,,,,,,0.0479,-0.0635,-0.0124
1568449949411047,加速度计,-1.5622,6.5374,8.8184,,,,,,,
1568449959427609,加速度计,-0.5716,7.5477,8.5383,,,,,,,
1568449959437036,陀螺仪,,,,,,,,0.0815,-0.1011,-0.0115
1568449969447089,加速度计,0.6039,7.9877,4.3389,,,,,,,
1568449979469380,加速度计,0.5758,6.5984,1.6843,,,,,,,
1568449979481516,陀螺仪,,,,,,,,0.0365,-0.1409,-0.0545
1568449989494068,加速度计,1.4389,6.3590,3.5213,,,,,,,
1568449999520734,加速度计,1.1540,6.2543,7.6698,,,,,,,
1568449999534745,陀螺仪,,,,,,,,-0.0309,-0.1594,-0.1368
1568450009548964,加速度计,-0.3460,7.5669,6.4955,,,,,,,
1568450019578339,加速度计,1.0116,7.4843,5.3235,,,,,,,
1568450019593391,陀螺仪,,,,,,,,-0.0381,-0.1563,-0.1326
1568450029608443,加速度计,1.6987,7.1216,8.0978,,,,,,,
1568450039638859,加速度计,-0.9284,7.0240,12.3074,,,,,,,
1568450039654120,陀螺仪,,,,,,,,-0.0280,-0.1469,-0.1349
1568450049667401,加速度计,0.6584,8.1834,8.5449,,,,,,,
1568450059689276,加速度计,0.7392,8.6562,3.1843,,,,,,,
1568450059698703,陀螺仪,,,,,,,,0.0188,-0.1690,-0.1185
1568450069708026,加速度计,1.1229,6.0065,5.7233,,,,,,,
1568450079726776,加速度计,0.8577,5.9885,8.7047,,,,,,,
1568450079736203,陀螺仪,,,,,,,,-0.0081,-0.1909,-0.1216
1568450089745526,加速度计,1.5293,8.1666,6.9851,,,,,,,
1568450099764276,加速度计,1.5107,8.2504,5.1583,,,,,,,
1568450099773703,陀螺仪,,,,,,,,-0.0085,-0.1682,-0.1192
1568450109783026,加速度计,0.6291,6.1160,7.6136,,,,,,,
1568450119802505,加速度计,1.0469,6.1447,6.9216,,,,,,,
1568450119815057,陀螺仪,,,,,,,,-0.0137,-0.1313,-0.0595
1568450129825005,加速度计,0.4729,8.2528,7.5214,,,,,,,
1568450139838339,加速度计,0.8703,6.9043,6.8636,,,,,,,
1568450139845057,陀螺仪,,,,,,,,-0.0166,-0.1093,0.0053
1568450149851828,加速度计,1.0756,5.4917,9.5954,,,,,,,
1568450159872870,陀螺仪,,,,,,,,0.0481,-0.0417,0.0419
1568450159865734,加速度计,0.4238,7.8817,3.0807,,,,,,,
1568450169880057,加速度计,0.1113,7.3765,5.0841,,,,,,,
1568450179894953,加速度计,0.2400,8.2774,9.2614,,,,,,,
1568450179902714,陀螺仪,,,,,,,,-0.0320,-0.0422,0.1068
1568450189910682,加速度计,0.1760,8.0595,9.9485,,,,,,,
1568450199927245,加速度计,0.9050,8.5527,5.7916,,,,,,,
1568450199935839,陀螺仪,,,,,,,,0.0220,0.0262,0.1607
1568450209944641,加速度计,0.0144,7.3442,4.2030,,,,,,,
1568450219962870,加速度计,-0.6620,6.2602,5.6180,,,,,,,
1568450219972297,陀螺仪,,,,,,,,-0.0567,0.0395,0.1933
1568450229981932,加速度计,-0.5100,6.5817,6.8779,,,,,,,
1568450240001828,加速度计,-0.7907,7.5806,8.8065,,,,,,,
1568450240012089,陀螺仪,,,,,,,,-0.0603,0.0342,0.2526
1568450250022557,加速度计,0.5620,5.0661,10.0533,,,,,,,
1568450260055214,陀螺仪,,,,,,,,0.0591,0.0803,0.2585
1568450260044120,加速度计,-0.3795,5.7886,6.4775,,,,,,,
1568450270066359,加速度计,-0.7213,6.4841,5.9023,,,,,,,
1568450280089016,加速度计,-0.5686,6.8360,5.3253,,,,,,,
1568450280100526,陀螺仪,,,,,,,,0.0590,0.0569,0.2643
1568450290111932,加速度计,-0.3633,7.0509,8.6179,,,,,,,
1568450300134849,加速度计,-0.4800,9.1590,2.1201,,,,,,,
1568450300146359,陀螺仪,,,,,,,,0.0595,0.0634,0.2280
1568450310157766,加速度计,0.1353,7.8638,3.0933,,,,,,,
1568450320179901,加速度计,-0.5261,5.0278,8.9250,,,,,,,
1568450320190370,陀螺仪,,,,,,,,-0.0882,0.0289,0.2079
1568450330200109,加速度计,-0.1873,6.1268,12.3547,,,,,,,
1568450340219120,加速度计,1.1247,6.8965,7.8853,,,,,,,
1568450340228547,陀螺仪,,,,,,,,0.0258,0.0936,0.2411
1568450350237870,加速度计,0.5327,8.4162,3.0771,,,,,,,
1568450360256620,加速度计,1.2222,3.8595,8.4659,,,,,,,
1568450360266047,陀螺仪,,,,,,,,-0.0570,0.0921,0.2107
1568450370277870,加速度计,0.3753,5.4145,8.4569,,,,,,,
1568450380311516,加速度计,-0.6644,7.7123,5.5725,,,,,,,
1568450380307609,陀螺仪,,,,,,,,0.0105,0.0965,0.1839
1568450390303911,加速度计,0.9625,7.3556,6.4811,,,,,,,
1568450400295161,陀螺仪,,,,,,,,-0.0029,0.0613,0.1597
1568450400297609,加速度计,0.8715,5.9400,9.0866,,,,,,,
1568450410293703,加速度计,1.4778,7.9649,7.5860,,,,,,,
1568450420292870,加速度计,0.7835,7.8248,7.1880,,,,,,,
1568450420293547,陀螺仪,,,,,,,,0.0107,0.0598,0.0634
1568450430295682,加速度计,-0.6416,6.6505,8.8496,,,,,,,
1568450440302818,加速度计,0.9577,6.6834,7.2598,,,,,,,
1568450440307870,陀螺仪,,,,,,,,0.0425,0.0333,0.0643
1568450450314536,加速度计,1.0834,8.0385,4.5604,,,,,,,
1568450460330839,加速度计,1.2528,7.6896,3.8128,,,,,,,
1568450460340474,陀螺仪,,,,,,,,-0.0174,0.0145,-0.0093
1568450470351724,加速度计,0.0042,6.4931,7.0419,,,,,,,
1568450480377036,加速度计,-0.5525,6.5362,6.9593,,,,,,,
1568450480391047,陀螺仪,,,,,,,,-0.0418,-0.0083,-0.0103
1568450490406203,加速度计,0.5668,7.2574,7.6836,,,,,,,
1568450500455682,陀螺仪,,,,,,,,-0.0068,0.0180,0.0216
1568450500438547,加速度计,0.6638,7.5046,6.5661,,,,,,,
1568450510473495,加速度计,-0.0886,7.1239,6.0783,,,,,,,
1568450520529016,陀螺仪,,,,,,,,-0.0174,0.0357,0.0411
1568450520510214,加速度计,1.1277,8.1086,8.8089,,,,,,,
1568450530547870,加速度计,0.6985,6.6361,8.4019,,,,,,,
1568450540585786,加速度计,-0.2322,7.5226,6.7451,,,,,,,
1568450540604797,陀螺仪,,,,,,,,0.0274,0.0514,0.0550
1568450550616516,加速度计,0.6626,7.5334,5.1906,,,,,,,
1568450560635266,加速度计,1.2384,5.9969,7.1192,,,,,,,
1568450560644693,陀螺仪,,,,,,,,-0.0043,0.0511,0.0497
1568450570654016,加速度计,-1.0145,6.7391,9.8043,,,,,,,
1568450580672766,加速度计,-0.2957,8.2534,7.1694,,,,,,,
1568450580682193,陀螺仪,,,,,,,,0.0658,0.0630,0.0834
1568450590691516,加速度计,-0.0862,7.1305,7.7153,,,,,,,
1568450600710266,加速度计,0.7362,8.1714,3.9846,,,,,,,
1568450600719693,陀螺仪,,,,,,,,0.0802,0.0940,0.1212
1568450610729016,加速度计,-0.1490,6.5015,6.1363,,,,,,,
1568450620749328,加速度计,0.7111,7.5902,6.2614,,,,,,,
1568450620767557,陀螺仪,,,,,,,,0.0314,0.1072,0.1465
1568450630776672,加速度计,-0.1131,6.8696,9.4852,,,,,,,
1568450649589359,GPS,,,,31.9421,118.7885,3.5100,172.4000,,,
1568450640781828,加速度计,-0.6387,7.2939,8.0218,,,,,,,
1568450640784589,陀螺仪,,,,,,,,0.0880,0.1599,0.2127
1568450650787557,加速度计,0.6698,7.2227,4.6106,,,,,,,
1568450660798078,陀螺仪,,,,,,,,0.0603,0.1699,0.1945
1568450660794276,加速度计,0.4507,7.7548,3.6565,,,,,,,
1568450670808911,加速度计,-0.1712,7.0743,4.9267,,,,,,,
1568450680839797,加速度计,-0.4465,8.0918,6.4907,,,,,,,
1568450680855474,陀螺仪,,,,,,,,-0.0040,0.1276,0.1318
1568450690870995,加速度计,-1.0181,7.4974,9.2374,,,,,,,
1568450700900370,加速度计,0.1347,7.8644,5.7934,,,,,,,
1568450700910005,陀螺仪,,,,,,,,0.0165,0.0953,0.1071
1568450710919484,加速度计,0.5028,7.2784,6.0466,,,,,,,
1568450720938234,加速度计,0.4172,7.6411,7.6249,,,,,,,
1568450720947661,陀螺仪,,,,,,,,0.0107,0.0586,0.0083
1568450730956984,加速度计,0.8362,6.1645,4.8920,,,,,,,
1568450740975734,加速度计,0.7632,6.5021,2.1033,,,,,,,
1568450740985161,陀螺仪,,,,,,,,-0.0013,0.0372,-0.0830
1568450750994484,加速度计,0.7709,5.6096,1.5562,,,,,,,
1568450761013234,加速度计,0.7177,5.8023,12.1111,,,,,,,
1568450761022661,陀螺仪,,,,,,,,-0.1108,-0.0338,-0.1413
1568450771031984,加速度计,-0.6506,8.4240,17.8362,,,,,,,
1568450781050734,加速度计,-0.6297,10.4830,9.1267,,,,,,,
1568450781060161,陀螺仪,,,,,,,,0.1032,-0.0060,-0.1635
1568450791069484,加速度计,0.1975,7.6028,3.1645,,,,,,,
1568450801088234,加速度计,0.4010,4.7609,5.7180,,,,,,,
1568450801097661,陀螺仪,,,,,,,,-0.0268,-0.1004,-0.1904
1568450811106984,加速度计,0.1089,5.7191,17.3885,,,,,,,
1568450821125734,加速度计,-0.1083,10.0203,10.5213,,,,,,,
1568450821135161,陀螺仪,,,,,,,,0.1610,-0.0848,-0.2089
1568450831144484,加速度计,0.6794,6.6744,3.1089,,,,,,,
1568450841163234,加速度计,1.5802,4.8447,-0.3298,,,,,,,
1568450841172661,陀螺仪,,,,,,,,0.0887,-0.1117,-0.2434
1568450851181984,加速度计,0.0832,5.8161,-0.6764,,,,,,,
1568450861200734,加速度计,0.3831,7.2377,2.1781,,,,,,,
1568450861210161,陀螺仪,,,,,,,,-0.1252,-0.1663,-0.2614
1568450871219589,加速度计,-0.3370,6.3063,5.5994,,,,,,,
1568450881240422,加速度计,-1.0349,3.4488,9.9371,,,,,,,
1568450881250474,陀螺仪,,,,,,,,-0.1784,-0.1478,-0.1493
1568450891260005,加速度计,0.3023,6.3195,6.5906,,,,,,,
1568450901278964,加速度计,1.2246,7.6908,2.0824,,,,,,,
1568450901288391,陀螺仪,,,,,,,,-0.1864,-0.0901,-0.0635
1568450911297714,加速度计,-0.3891,5.9813,9.2314,,,,,,,
1568450921325891,陀螺仪,,,,,,,,-0.1748,-0.0547,0.0115
1568450921316464,加速度计,-0.7236,4.9195,11.9249,,,,,,,
1568450931335214,加速度计,0.0401,7.0719,8.1648,,,,,,,
1568450941363391,陀螺仪,,,,,,,,-0.1253,-0.0431,0.0537
1568450941353964,加速度计,0.7697,9.2033,4.6029,,,,,,,
1568450951372714,加速度计,-0.4992,5.5192,9.5768,,,,,,,
1568450961391464,加速度计,0.7799,6.3782,11.1121,,,,,,,
1568450961400891,陀螺仪,,,,,,,,-0.0314,-0.0554,0.0591
1568450971410214,加速度计,0.6686,8.6814,5.7808,,,,,,,
1568450981432297,加速度计,1.3653,8.2139,4.4173,,,,,,,
1568450981465422,陀螺仪,,,,,,,,-0.0225,-0.0567,0.0023
1568450991462036,加速度计,0.0048,7.3077,6.4578,,,,,,,
1568451001455786,加速度计,-0.5944,4.9937,11.2210,,,,,,,
1568451001452922,陀螺仪,,,,,,,,-0.0236,-0.0569,0.0193
1568451011450786,加速度计,0.9050,7.2329,7.4262,,,,,,,
1568451021447870,加速度计,-0.1359,7.7602,3.1681,,,,,,,
1568451021447089,陀螺仪,,,,,,,,0.0707,-0.0224,0.0770
1568451031447870,加速度计,1.7508,6.5787,5.0039,,,,,,,
1568451041451411,加速度计,1.0397,8.6257,6.8534,,,,,,,
1568451041454172,陀螺仪,,,,,,,,0.0105,-0.0140,0.1013
1568451051458911,加速度计,0.2837,10.0580,8.7137,,,,,,,
1568451061470786,加速度计,0.9224,9.7755,5.4534,,,,,,,
1568451061477922,陀螺仪,,,,,,,,0.0001,0.0326,0.1280
1568451071487245,加速度计,-0.5878,8.8825,3.9133,,,,,,,
1568451081519589,陀螺仪,,,,,,,,-0.1218,0.0338,0.1410
1568451081508078,加速度计,1.8483,6.4039,6.0041,,,,,,,
1568451091533078,加速度计,0.0365,9.9958,6.5481,,,,,,,
1568451101561828,加速度计,-1.4353,5.9394,11.9812,,,,,,,
1568451101577089,陀螺仪,,,,,,,,-0.1738,0.0357,0.1549
1568451111593703,加速度计,1.3695,5.7443,8.3516,,,,,,,
1568451121629745,加速度计,0.8787,5.4247,9.1889,,,,,,,
1568451121659172,陀螺仪,,,,,,,,-0.0526,0.0523,0.1369
1568451131692193,加速度计,0.3077,5.5186,8.5826,,,,,,,
1568451141742766,陀螺仪,,,,,,,,0.0957,0.0483,0.1458
1568451141733339,加速度计,-0.5746,4.5741,10.1586,,,,,,,
1568451151752089,加速度计,1.3168,7.4627,5.2936,,,,,,,
1568451161770839,加速度计,0.9463,5.1463,4.1192,,,,,,,
1568451161780266,陀螺仪,,,,,,,,0.1578,0.0505,0.1285
1568451171789589,加速度计,-0.1616,6.6810,4.1234,,,,,,,
1568451181817766,陀螺仪,,,,,,,,0.1257,0.0481,0.1334
1568451181808339,加速度计,1.1169,6.8420,4.2982,,,,,,,
1568451191827089,加速度计,0.5381,7.6620,5.1739,,,,,,,
1568451201855266,陀螺仪,,,,,,,,0.0823,0.0831,0.1559
1568451201845839,加速度计,-0.2059,7.0048,5.1463,,,,,,,
1568451211864589,加速度计,0.6512,8.2019,4.4664,,,,,,,
1568451221892766,陀螺仪,,,,,,,,0.0007,0.1015,0.1719
1568451221883339,加速度计,0.3669,6.8498,7.1838,,,,,,,
1568451231902089,加速度计,0.7697,7.9110,6.1717,,,,,,,
1568451241930266,陀螺仪,,,,,,,,-0.0144,0.1273,0.2143
1568451241920839,加速度计,-0.5124,5.0955,10.7512,,,,,,,
1568451251939589,加速度计,0.7159,7.1407,10.5147,,,,,,,
1568451261967766,陀螺仪,,,,,,,,0.0957,0.1838,0.2485
1568451261958339,加速度计,0.9738,7.0671,11.2144,,,,,,,
1568451271977089,加速度计,1.5981,7.9009,4.7064,,,,,,,
1568451281995839,加速度计,-0.4752,6.6092,3.4901,,,,,,,
1568451282005266,陀螺仪,,,,,,,,0.0434,0.1925,0.2007
1568451292014589,加速度计,-0.0287,5.6240,5.5617,,,,,,,
1568451302033339,加速度计,1.2306,6.9438,9.0525,,,,,,,
1568451302042766,陀螺仪,,,,,,,,-0.0076,0.1663,0.1830
1568451312052089,加速度计,-0.8906,7.6884,8.3725,,,,,,,
1568451322070839,加速度计,0.8475,8.0092,7.0402,,,,,,,
1568451322080266,陀螺仪,,,,,,,,-0.0174,0.1690,0.1561
1568451332089589,加速度计,-0.3130,6.0663,8.8107,,,,,,,
1568451342117766,陀螺仪,,,,,,,,-0.0154,0.1646,0.1382
1568451342108339,加速度计,1.1025,7.9978,7.1820,,,,,,,
1568451352127089,加速度计,-0.2544,5.6743,10.0574,,,,,,,
1568451362155266,陀螺仪,,,,,,,,0.0318,0.1708,0.1156
1568451362145839,加速度计,0.0353,6.8923,4.4029,,,,,,,
1568451372165995,加速度计,0.6961,6.0669,5.9280,,,,,,,
1568451382189745,加速度计,1.0702,7.3448,6.4823,,,,,,,
1568451382197505,陀螺仪,,,,,,,,-0.0313,0.1321,0.0658
1568451392205161,加速度计,0.1981,6.7858,8.9226,,,,,,,
1568451402220578,加速度计,0.6333,8.2546,7.6393,,,,,,,
1568451402228339,陀螺仪,,,,,,,,-0.0020,0.1214,0.0321
1568451412236203,加速度计,1.7669,6.9282,6.5128,,,,,,,
1568451422260422,陀螺仪,,,,,,,,-0.0123,0.1172,-0.0220
1568451422252245,加速度计,0.1879,7.1946,7.7991,,,,,,,
1568451432268703,加速度计,0.4525,6.7343,6.2614,,,,,,,
1568451442294172,陀螺仪,,,,,,,,-0.0075,0.0718,-0.0647
1568451442285578,加速度计,1.0235,6.6846,5.6204,,,,,,,
1568451452302870,加速度计,1.0068,6.4440,9.2009,,,,,,,
1568451462320578,加速度计,-0.5764,5.9921,9.5038,,,,,,,
1568451462329589,陀螺仪,,,,,,,,0.0900,0.0582,-0.1332
1568451472338703,加速度计,0.6159,7.0886,4.6705,,,,,,,
1568451482357245,加速度计,1.1678,9.3817,1.5652,,,,,,,
1568451482366672,陀螺仪,,,,,,,,0.0795,0.0121,-0.1666
1568451492376203,加速度计,1.5670,5.7982,5.6623,,,,,,,
1568451502395578,加速度计,-1.1456,6.6439,8.9866,,,,,,,
1568451502405422,陀螺仪,,,,,,,,0.0562,-0.0229,-0.2196
1568451512415370,加速度计,0.7021,9.0603,5.9131,,,,,,,
1568451522435578,加速度计,0.4052,8.3839,5.6874,,,,,,,
1568451522445839,陀螺仪,,,,,,,,0.0513,-0.0321,-0.1606
1568451532456203,加速度计,1.3527,8.0523,4.3718,,,,,,,
1568451542477245,加速度计,-0.3861,7.7255,6.0041,,,,,,,
1568451542487922,陀螺仪,,,,,,,,0.0001,-0.0253,-0.1959
1568451552498703,加速度计,0.2113,8.2145,5.9095,,,,,,,
1568451562520370,加速度计,0.0628,6.1214,9.6971,,,,,,,
1568451562531255,陀螺仪,,,,,,,,0.0140,-0.0064,-0.1326
1568451572542036,加速度计,-0.0605,8.5281,3.9145,,,,,,,
1568451582563703,加速度计,0.4986,6.7289,5.2050,,,,,,,
1568451582574589,陀螺仪,,,,,,,,-0.0170,0.0052,-0.0559
1568451592584745,加速度计,1.4766,6.7433,4.7513,,,,,,,
1568451602604536,加速度计,0.0144,8.1576,5.5402,,,,,,,
1568451602614172,陀螺仪,,,,,,,,-0.0525,0.0320,-0.0547
1568451612623495,加速度计,-0.7093,6.3782,8.5874,,,,,,,
1568451622643078,加速度计,-0.2963,6.8552,8.0625,,,,,,,
1568451622656203,陀螺仪,,,,,,,,-0.0301,0.0304,0.0003
1568451639204619,GPS,,,,31.9421,118.7885,3.6600,173.6000,,,
1568451632663443,加速度计,0.0359,7.9362,8.5724,,,,,,,
1568451642678026,加速度计,-0.2005,7.3897,6.5338,,,,,,,
1568451642685370,陀螺仪,,,,,,,,-0.0079,0.0390,0.0089
1568451652692609,加速度计,-1.0068,6.8630,8.0870,,,,,,,
1568451662707401,加速度计,-0.4082,8.2241,5.9855,,,,,,,
1568451662714953,陀螺仪,,,,,,,,-0.0120,0.0232,0.0021
1568451672722609,加速度计,-0.1490,7.0330,8.0218,,,,,,,
1568451682738234,加速度计,-0.5453,5.9185,5.5755,,,,,,,
1568451682746203,陀螺仪,,,,,,,,-0.0011,0.0269,-0.0095
1568451692754484,加速度计,-0.6812,8.1229,2.2643,,,,,,,
1568451702780370,陀螺仪,,,,,,,,-0.1389,-0.0181,-0.0053
1568451702771568,加速度计,-0.4854,6.0358,5.3923,,,,,,,
1568451712789484,加速度计,0.6321,5.4456,12.2386,,,,,,,
1568451722808234,加速度计,-0.0670,9.0638,9.0471,,,,,,,
1568451722817870,陀螺仪,,,,,,,,-0.0644,0.0210,0.0130
1568451732827818,加速度计,-0.8799,6.2956,7.9906,,,,,,,
1568451742848234,加速度计,1.6281,7.1706,6.8271,,,,,,,
1568451742858703,陀螺仪,,,,,,,,-0.0514,-0.0057,0.0385
1568451752869276,加速度计,0.9032,6.0232,11.6149,,,,,,,
1568451762890734,加速度计,-0.2825,9.9497,6.2776,,,,,,,
1568451762901620,陀螺仪,,,,,,,,0.0523,0.0162,-0.0003
1568451772912609,加速度计,-0.8978,6.7139,4.7238,,,,,,,
1568451782934693,加速度计,0.8320,6.3410,3.1065,,,,,,,
1568451782945786,陀螺仪,,,,,,,,-0.0178,-0.0125,-0.0130
1568451792956776,加速度计,-0.7452,5.0254,6.0597,,,,,,,
1568451802978859,加速度计,-0.5160,8.6652,5.4642,,,,,,,
1568451802989953,陀螺仪,,,,,,,,-0.0654,-0.0446,-0.0302
1568451813000943,加速度计,-0.9331,5.3014,9.3733,,,,,,,
1568451823021359,加速度计,-0.1933,5.9071,9.5008,,,,,,,
1568451823030786,陀螺仪,,,,,,,,-0.0310,-0.0455,0.0047
1568451833040109,加速度计,-0.2963,6.0926,7.9140,,,,,,,
1568451843058859,加速度计,0.0204,8.4922,4.7339,,,,,,,
1568451843068286,陀螺仪,,,,,,,,0.0023,-0.0493,0.0041
1568451853077609,加速度计,-0.4405,4.5173,7.4190,,,,,,,
1568451863096359,加速度计,0.0198,6.3135,7.6381,,,,,,,
1568451863105786,陀螺仪,,,,,,,,0.0041,-0.0631,0.0281
1568451873115526,加速度计,0.6057,5.7305,9.4409,,,,,,,
1568451883136568,加速度计,0.0832,7.3753,7.0360,,,,,,,
1568451883144536,陀螺仪,,,,,,,,0.0844,-0.0450,0.0209
1568451893152401,加速度计,0.3316,7.8027,5.7042,,,,,,,
1568451903176203,陀螺仪,,,,,,,,0.0550,-0.0487,0.0511
1568451903168234,加速度计,0.2945,7.0078,6.6714,,,,,,,
1568451913184068,加速度计,0.1496,6.7433,8.4629,,,,,,,
1568451923208286,陀螺仪,,,,,,,,0.0505,-0.0394,0.0599
1568451923200109,加速度计,1.0953,8.3677,5.9161,,,,,,,
1568451933216568,加速度计,0.4172,6.3614,5.7359,,,,,,,
1568451943233443,加速度计,0.7386,6.8582,4.6388,,,,,,,
1568451943242036,陀螺仪,,,,,,,,0.0020,-0.0409,0.0378
1568451953250734,加速度计,0.3184,6.0436,6.3728,,,,,,,
1568451963268443,加速度计,0.8314,7.2562,9.0908,,,,,,,
1568451963277453,陀螺仪,,,,,,,,0.0084,-0.0409,0.0619
1568451973286568,加速度计,0.1921,7.2071,8.5264,,,,,,,
1568451983305109,加速度计,0.9361,8.3474,6.6798,,,,,,,
1568451983314536,陀螺仪,,,,,,,,0.0803,-0.0297,0.0495
1568451993324068,加速度计,0.1030,9.0926,6.9300,,,,,,,
1568452003353286,陀螺仪,,,,,,,,0.0936,-0.0439,0.0365
1568452003343443,加速度计,0.5830,7.2395,10.8834,,,,,,,
1568452013363234,加速度计,1.5706,9.2129,8.2534,,,,,,,
1568452023383443,加速度计,0.2753,9.3799,6.2177,,,,,,,
1568452023393703,陀螺仪,,,,,,,,0.1206,-0.0485,-0.0069
1568452033404068,加速度计,1.3431,9.2668,6.4769,,,,,,,
1568452043425109,加速度计,0.3741,6.3440,6.6283,,,,,,,
1568452043435786,陀螺仪,,,,,,,,0.0925,-0.0438,-0.0228
1568452053446359,加速度计,1.4084,7.6998,5.1607,,,,,,,
1568452063467609,加速度计,0.2406,6.9037,5.4540,,,,,,,
1568452063478286,陀螺仪,,,,,,,,0.0820,-0.0447,0.0031
1568452073488859,加速度计,1.5850,5.5701,2.9688,,,,,,,
1568452083510109,加速度计,1.7065,6.9516,-1.1744,,,,,,,
1568452083520786,陀螺仪,,,,,,,,0.0134,-0.0165,-0.0009
1568452093531359,加速度计,-0.0772,6.4895,2.6300,,,,,,,
1568452103551568,加速度计,0.1359,4.6142,9.6007,,,,,,,
1568452103561203,陀螺仪,,,,,,,,-0.1326,-0.0316,0.0599
1568452113570734,加速度计,-0.3430,6.0891,14.6118,,,,,,,
1568452123592609,加速度计,0.2376,9.6283,5.3181,,,,,,,
1568452123617818,陀螺仪,,,,,,,,0.0136,0.0566,0.1340
1568452133617974,加速度计,-0.5273,5.6665,4.2180,,,,,,,
1568452143618599,加速度计,0.2394,5.3492,3.8792,,,,,,,
1568452143619068,陀螺仪,,,,,,,,-0.0558,0.0304,0.1547
1568452153620057,加速度计,0.9014,6.8348,7.7219,,,,,,,
1568452163622974,加速度计,0.5722,8.5497,11.5065,,,,,,,
1568452163624901,陀螺仪,,,,,,,,-0.0605,0.0353,0.1648
1568452173627974,加速度计,0.5303,8.4725,10.1125,,,,,,,
1568452183635682,加速度计,-0.0317,6.7068,8.8119,,,,,,,
1568452183640318,陀螺仪,,,,,,,,0.0280,0.0723,0.1652
1568452193646307,加速度计,1.2935,6.3207,4.3574,,,,,,,
1568452203660057,加速度计,-0.3418,7.1796,4.4807,,,,,,,
1568452203667818,陀螺仪,,,,,,,,-0.0029,0.0618,0.1298
1568452213677141,加速度计,-1.1360,6.3105,11.8268,,,,,,,
1568452223697557,加速度计,0.5573,8.5120,7.1275,,,,,,,
1568452223708651,陀螺仪,,,,,,,,0.0783,0.0798,0.1968
1568452233721099,加速度计,0.8679,7.6405,3.5225,,,,,,,
1568452243747349,加速度计,0.5956,8.4719,1.1564,,,,,,,
1568452243761151,陀螺仪,,,,,,,,-0.0333,0.0638,0.1386
1568452253775891,加速度计,0.0156,6.0944,6.9761,,,,,,,
1568452263806307,加速度计,0.9331,7.1641,9.9677,,,,,,,
1568452263821984,陀螺仪,,,,,,,,-0.0945,0.0718,0.1330
1568452273837974,加速度计,-0.5189,8.1451,9.9940,,,,,,,
1568452283870266,加速度计,0.3112,6.8438,8.6287,,,,,,,
1568452283886568,陀螺仪,,,,,,,,-0.0891,0.1119,0.2077
1568452293902766,加速度计,0.9397,6.2818,6.6637,,,,,,,
1568452303929641,加速度计,1.1965,7.7698,3.7368,,,,,,,
1568452303940318,陀螺仪,,,,,,,,-0.1380,0.1222,0.1716
1568452313949849,加速度计,0.0670,5.2822,10.0096,,,,,,,
1568452323968807,加速度计,1.1797,5.4678,10.7087,,,,,,,
1568452323978234,陀螺仪,,,,,,,,-0.1165,0.1274,0.1648
1568452333987557,加速度计,0.8380,5.6563,7.1467,,,,,,,
1568452344006307,加速度计,1.1115,4.4113,2.3379,,,,,,,
1568452344015734,陀螺仪,,,,,,,,-0.0615,0.1346,0.1439
1568452354025057,加速度计,1.2498,3.9612,5.0781,,,,,,,
1568452364053234,陀螺仪,,,,,,,,-0.0156,0.1393,0.1112
1568452364043807,加速度计,1.1067,3.4351,11.9608,,,,,,,
1568452374064016,加速度计,1.0217,9.2733,7.8703,,,,,,,
1568452384092089,陀螺仪,,,,,,,,0.0710,0.1405,0.0862
1568452384087245,加速度计,0.9655,8.5281,7.7578,,,,,,,
1568452394096828,加速度计,1.7579,7.2724,5.2427,,,,,,,
1568452404106620,加速度计,0.7195,5.6419,6.1148,,,,,,,
1568452404111672,陀螺仪,,,,,,,,0.0361,0.1574,0.0310
1568452414117036,加速度计,-0.4812,6.2543,7.2341,,,,,,,
1568452424134589,陀螺仪,,,,,,,,0.0466,0.1423,0.0738
1568452424128495,加速度计,0.8045,7.2437,6.8666,,,,,,,
1568452434141203,加速度计,0.7374,6.9139,6.2052,,,,,,,
1568452444155370,加速度计,0.8679,7.6004,2.4828,,,,,,,
1568452444162922,陀螺仪,,,,,,,,0.0352,0.1533,0.0393
1568452454171203,加速度计,-0.0036,7.2993,7.4879,,,,,,,
1568452464188495,加速度计,-0.2179,6.2435,13.8618,,,,,,,
1568452464199641,陀螺仪,,,,,,,,0.0377,0.1706,0.0442
1568452474215214,加速度计,-0.2119,9.1644,8.4868,,,,,,,
1568452484246672,加速度计,0.9966,8.4958,3.5225,,,,,,,
1568452484262557,陀螺仪,,,,,,,,0.0957,0.1891,0.0880
1568452494278339,加速度计,0.4076,6.9791,2.9664,,,,,,,
1568452504319224,陀螺仪,,,,,,,,-0.0132,0.1214,0.0373
1568452504306672,加速度计,0.1377,7.5812,7.8254,,,,,,,
1568452514328755,加速度计,0.4920,7.4118,11.9740,,,,,,,
1568452524347714,加速度计,-1.2653,9.3134,3.3459,,,,,,,
1568452524357141,陀螺仪,,,,,,,,0.1008,0.1549,0.0217
1568452534366464,加速度计,-0.0820,7.6519,3.8409,,,,,,,
1568452544385214,加速度计,0.5944,6.6942,6.8636,,,,,,,
1568452544394641,陀螺仪,,,,,,,,0.0033,0.1028,-0.0117
1568452554403964,加速度计,-0.4519,7.3843,4.7315,,,,,,,
1568452564422714,加速度计,-0.1101,9.0609,-5.8843,,,,,,,
1568452564432141,陀螺仪,,,,,,,,0.0181,0.1174,-0.0314
1568452574441464,加速度计,1.0804,3.9277,-2.6498,,,,,,,
1568452584469641,陀螺仪,,,,,,,,-0.2965,0.0103,0.0383
1568452584460214,加速度计,0.5872,4.9177,30.7817,,,,,,,
1568452594478964,加速度计,0.8996,14.6794,20.6578,,,,,,,
1568452604497714,加速度计,-4.7770,2.5552,-11.3587,,,,,,,
1568452604507141,陀螺仪,,,,,,,,-0.1451,-0.0060,0.0454
1568452614516464,加速度计,6.3644,-4.0229,32.0536,,,,,,,
1568452624538130,加速度计,2.2314,16.3314,-10.4770,,,,,,,
1568452624553026,陀螺仪,,,,,,,,0.4127,0.3186,-0.1301
1568452634558391,加速度计,-3.7206,11.4706,7.6764,,,,,,,
1568452646812639,GPS,,,,31.9420,118.7885,3.7000,173.4000,,,
1568452644569224,加速度计,0.8547,1.8022,1.5317,,,,,,,
1568452644574797,陀螺仪,,,,,,,,-0.1224,-0.0342,-0.1245
1568452654580370,加速度计,1.1696,5.4803,15.5264,,,,,,,
1568452664592245,加速度计,-0.4399,13.3866,-0.6021,,,,,,,
1568452664598547,陀螺仪,,,,,,,,0.0897,0.0531,-0.1920
1568452674604953,加速度计,-0.6955,4.8931,6.1920,,,,,,,
1568452684618807,加速度计,1.7154,3.4291,15.7712,,,,,,,
1568452684626255,陀螺仪,,,,,,,,0.0324,-0.0305,-0.2368
1568452694633911,加速度计,-0.0545,11.0409,3.3399,,,,,,,
1568452704650266,加速度计,0.3903,5.9987,7.3478,,,,,,,
1568452704659901,陀螺仪,,,,,,,,0.0378,-0.0531,-0.2382
1568452714670682,加速度计,1.3078,5.7652,7.0300,,,,,,,
1568452724699328,加速度计,0.5106,8.8328,0.8434,,,,,,,
1568452724715214,陀螺仪,,,,,,,,0.0586,-0.0471,-0.2731
1568452734730995,加速度计,0.4962,7.3634,7.2119,,,,,,,
1568452744760578,加速度计,-1.5203,9.2009,8.3384,,,,,,,
1568452744774380,陀螺仪,,,,,,,,-0.0293,-0.0915,-0.2964
1568452754790995,加速度计,-0.1592,8.5772,8.8711,,,,,,,
1568452764818599,加速度计,1.0475,6.2543,6.4470,,,,,,,
1568452764812401,陀螺仪,,,,,,,,-0.0085,-0.1257,-0.2879
1568452774806724,加速度计,0.2029,6.2034,5.3151,,,,,,,
1568452784796516,加速度计,-0.3148,7.0449,2.6743,,,,,,,
1568452784791984,陀螺仪,,,,,,,,-0.0322,-0.1634,-0.3000
1568452794789016,加速度计,0.4166,5.6605,7.5106,,,,,,,
1568452804785266,加速度计,0.5273,7.9140,6.0531,,,,,,,
1568452804784484,陀螺仪,,,,,,,,-0.0706,-0.1752,-0.2784
1568452814785891,加速度计,-0.5848,5.8359,10.5064,,,,,,,
1568452824791516,加速度计,-0.5267,7.3891,8.3079,,,,,,,
1568452824795734,陀螺仪,,,,,,,,-0.0194,-0.1826,-0.2068
1568452834802557,加速度计,0.9403,5.3199,8.0810,,,,,,,
1568452844819016,加速度计,-0.3597,7.6986,3.9983,,,,,,,
1568452844828651,陀螺仪,,,,,,,,0.0071,-0.1634,-0.1987
1568452854840682,加速度计,-1.7166,6.7900,7.6237,,,,,,,
1568452864867141,加速度计,0.0808,6.5769,9.3254,,,,,,,
1568452864881568,陀螺仪,,,,,,,,-0.0589,-0.1800,-0.1011
1568452874897974,加速度计,-0.3771,6.0687,10.2933,,,,,,,
1568452884932557,加速度计,0.4010,6.1339,5.2571,,,,,,,
1568452884950734,陀螺仪,,,,,,,,-0.0016,-0.1385,-0.0182
1568452894970057,加速度计,0.3358,4.6370,10.6075,,,,,,,
1568452905009641,加速度计,-0.6201,7.6537,6.6487,,,,,,,
1568452905029901,陀螺仪,,,,,,,,0.0788,-0.0843,0.0569
1568452915050474,加速度计,-0.5118,8.1505,8.1774,,,,,,,
1568452925091724,加速度计,0.5860,7.5028,8.8723,,,,,,,
1568452925112401,陀螺仪,,,,,,,,0.0826,-0.0427,0.1614
1568452935123391,加速度计,-1.2228,7.2903,8.0421,,,,,,,
1568452945153234,陀螺仪,,,,,,,,0.1129,0.0193,0.2485
1568452945143807,加速度计,0.8356,7.6698,5.6826,,,,,,,
1568452955162557,加速度计,0.0706,7.2143,3.9337,,,,,,,
1568452965184224,加速度计,-0.4776,7.0677,5.0135,,,,,,,
1568452965211984,陀螺仪,,,,,,,,0.0546,0.0716,0.3037
1568452975211099,加速度计,0.2831,7.0701,3.4016,,,,,,,
1568452985209641,加速度计,-0.3932,7.1162,3.3273,,,,,,,
1568452985209068,陀螺仪,,,,,,,,-0.0181,0.0932,0.3483
1568452995209016,加速度计,0.0892,7.5375,5.5396,,,,,,,
1568453005210057,加速度计,0.0180,7.7632,7.8883,,,,,,,
1568453005211151,陀螺仪,,,,,,,,-0.0734,0.1129,0.3422
1568453015213599,加速度计,-0.6823,6.7840,9.7899,,,,,,,
1568453025224484,陀螺仪,,,,,,,,0.0117,0.1334,0.3278
1568453025220266,加速度计,0.2466,8.0451,8.0266,,,,,,,
1568453035230266,加速度计,0.2179,8.1247,1.7867,,,,,,,
1568453045243807,加速度计,0.8326,5.1679,8.6550,,,,,,,
1568453045251568,陀螺仪,,,,,,,,-0.0482,0.1139,0.2832
1568453055261099,加速度计,-0.0102,6.8199,9.8994,,,,,,,
1568453065293234,陀螺仪,,,,,,,,0.0491,0.1288,0.2708
1568453065281932,加速度计,0.4447,6.9845,8.0385,,,,,,,
1568453075306099,加速度计,1.9938,7.5369,6.3710,,,,,,,
1568453085333391,加速度计,0.1514,5.7658,6.5212,,,,,,,
1568453085347818,陀螺仪,,,,,,,,0.0735,0.1370,0.2212
1568453095363182,加速度计,1.2588,7.7351,6.9905,,,,,,,
1568453105394849,加速度计,1.5592,7.9128,6.3171,,,,,,,
1568453105411151,陀螺仪,,,,,,,,0.0527,0.1309,0.1901
1568453115427974,加速度计,1.2085,6.3249,8.0721,,,,,,,
1568453125479068,陀螺仪,,,,,,,,0.0381,0.1439,0.1454
1568453125461932,加速度计,1.2432,7.8691,6.4751,,,,,,,
1568453135496099,加速度计,0.9397,7.2730,8.7472,,,,,,,
1568453145522766,加速度计,1.1325,7.9751,6.8414,,,,,,,
1568453145532401,陀螺仪,,,,,,,,0.0479,0.1527,0.0866
1568453155541932,加速度计,0.1460,7.1036,5.0727,,,,,,,
1568453165560891,加速度计,1.8417,6.9522,5.0476,,,,,,,
1568453165570318,陀螺仪,,,,,,,,0.0075,0.1325,0.0469
1568453175579641,加速度计,1.0301,7.4514,4.6609,,,,,,,
1568453185598391,加速度计,0.1604,7.4615,8.7221,,,,,,,
1568453185607818,陀螺仪,,,,,,,,-0.0598,0.1150,0.0067
1568453195617141,加速度计,1.1696,8.5431,7.1838,,,,,,,
1568453205635891,加速度计,1.0708,7.3275,6.4392,,,,,,,
1568453205645318,陀螺仪,,,,,,,,-0.0903,0.1221,-0.0334
1568453215656307,加速度计,1.2384,6.3584,6.5673,,,,,,,
1568453225676776,加速度计,0.3921,6.4254,7.9045,,,,,,,
1568453225683286,陀螺仪,,,,,,,,-0.1177,0.1208,-0.0644
1568453235689693,加速度计,-0.3831,4.6908,9.5517,,,,,,,
1568453245702870,加速度计,1.2055,6.2608,8.0349,,,,,,,
1568453245709641,陀螺仪,,,,,,,,-0.0216,0.1149,-0.0489
1568453255716464,加速度计,1.2462,5.9669,8.3534,,,,,,,
1568453265730734,加速度计,1.5323,4.4598,9.8252,,,,,,,
1568453265738182,陀螺仪,,,,,,,,0.0754,0.1209,-0.0953
1568453275745839,加速度计,0.9714,8.4701,3.7661,,,,,,,
1568453285761776,加速度计,1.2300,7.3951,3.3118,,,,,,,
1568453285770057,陀螺仪,,,,,,,,0.0393,0.1071,-0.1317
1568453295778547,加速度计,1.2731,5.6581,7.9775,,,,,,,
1568453305796411,加速度计,0.8667,7.0779,9.3506,,,,,,,
1568453305805734,陀螺仪,,,,,,,,0.0157,0.1001,-0.1586
1568453315815266,加速度计,1.3168,6.9611,8.4096,,,,,,,
1568453325834953,加速度计,0.6913,7.0886,5.1870,,,,,,,
1568453325845109,陀螺仪,,,,,,,,0.0474,0.0979,-0.2128
1568453335855474,加速度计,0.5489,5.6575,8.3270,,,,,,,
1568453345876828,加速度计,1.2857,6.0310,7.0605,,,,,,,
1568453345887818,陀螺仪,,,,,,,,0.0629,0.0706,-0.2425
1568453355899016,加速度计,0.5962,8.1894,6.0950,,,,,,,
1568453365921776,加速度计,1.5897,6.9857,3.6931,,,,,,,
1568453365933339,陀螺仪,,,,,,,,0.0127,0.0362,-0.2903
1568453375944953,加速度计,1.4138,5.3959,8.0284,,,,,,,
1568453385968286,加速度计,-0.8847,7.3987,8.5706,,,,,,,
1568453385980005,陀螺仪,,,,,,,,0.0140,0.0166,-0.3194
1568453395991620,加速度计,1.1259,8.0188,7.6854,,,,,,,
1568453406014432,加速度计,0.8541,7.3089,5.1912,,,,,,,
1568453406025318,陀螺仪,,,,,,,,0.0365,-0.0222,-0.3477
1568453416034849,加速度计,0.4136,8.1277,4.3161,,,,,,,
1568453426053755,加速度计,0.4681,6.1723,7.0372,,,,,,,
1568453426063182,陀螺仪,,,,,,,,-0.0166,-0.0597,-0.4268
1568453436072505,加速度计,-0.6979,7.7608,6.5619,,,,,,,
1568453446091255,加速度计,-0.0599,6.6367,6.9761,,,,,,,
1568453446100682,陀螺仪,,,,,,,,-0.0188,-0.1125,-0.3973
1568453456110005,加速度计,0.2640,7.3604,6.4422,,,,,,,
1568453466129276,加速度计,0.7440,6.3716,5.9280,,,,,,,
1568453466139224,陀螺仪,,,,,,,,-0.0001,-0.1256,-0.3983
1568453476148547,加速度计,-0.0934,7.8721,4.1952,,,,,,,
1568453486167297,加速度计,-0.2215,6.2680,7.4502,,,,,,,
1568453486176724,陀螺仪,,,,,,,,-0.0550,-0.1792,-0.3941
1568453496186047,加速度计,0.0413,7.5184,8.8196,,,,,,,
1568453506204797,加速度计,-0.0359,6.9893,8.4946,,,,,,,
1568453506214224,陀螺仪,,,,,,,,0.0064,-0.1585,-0.3554
1568453516223547,加速度计,-0.3531,8.8077,4.1911,,,,,,,
1568453526242297,加速度计,-0.4100,5.0871,6.1160,,,,,,,
1568453526251724,陀螺仪,,,,,,,,-0.0308,-0.1714,-0.2855
1568453536261047,加速度计,0.6482,8.5838,3.4692,,,,,,,
1568453546279797,加速度计,0.4172,5.5085,8.1612,,,,,,,
1568453546289224,陀螺仪,,,,,,,,-0.0727,-0.1526,-0.2396
1568453556298547,加速度计,-0.5393,8.2402,6.5619,,,,,,,
1568453566317297,加速度计,-0.7602,7.3628,8.9364,,,,,,,
1568453566326724,陀螺仪,,,,,,,,-0.0722,-0.1310,-0.1659
1568453576336047,加速度计,0.3304,6.4554,9.5978,,,,,,,
1568453586354797,加速度计,0.3382,6.8492,4.5999,,,,,,,
1568453586364224,陀螺仪,,,,,,,,-0.0178,-0.0847,-0.0957
1568453596373547,加速度计,0.0227,8.1199,5.4372,,,,,,,
1568453606392297,加速度计,-0.7219,6.3303,7.4687,,,,,,,
1568453606401724,陀螺仪,,,,,,,,-0.0735,-0.0823,-0.0691
1568453616411047,加速度计,-1.3575,7.0737,8.0421,,,,,,,
1568453626439328,加速度计,-0.3950,8.6975,8.2612,,,,,,,
1568453641286233,GPS,,,,31.9420,118.7885,3.6300,171.9000,,,
1568453626445839,陀螺仪,,,,,,,,-0.0614,-0.0744,0.0025
1568453636452245,加速度计,-0.8984,6.5978,9.0836,,,,,,,
1568453646465161,加速度计,-0.2693,6.7379,6.3871,,,,,,,
1568453646471880,陀螺仪,,,,,,,,-0.0100,-0.0474,0.0397
1568453656478495,加速度计,-0.6255,7.9553,6.8474,,,,,,,
1568453666492245,加速度计,0.1257,8.0930,4.5705,,,,,,,
1568453666499589,陀螺仪,,,,,,,,-0.0393,-0.0418,0.0606
1568453676506828,加速度计,0.3962,5.6503,10.0048,,,,,,,
1568453686522245,加速度计,-0.8571,7.6459,7.0683,,,,,,,
1568453686530422,陀螺仪,,,,,,,,0.0049,0.0091,0.0796
1568453696538495,加速度计,-1.4491,7.2101,6.2932,,,,,,,
1568453706555578,加速度计,1.0391,7.1670,3.1963,,,,,,,
1568453706564797,陀螺仪,,,,,,,,-0.0285,0.0035,0.1334
1568453716573911,加速度计,0.6979,6.3949,4.7046,,,,,,,
1568453726613859,加速度计,-0.1113,5.8023,9.8384,,,,,,,
1568453726629745,陀螺仪,,,,,,,,-0.0646,0.0048,0.0820
1568453736640734,加速度计,-0.5872,7.6124,8.6113,,,,,,,
1568453746660630,加速度计,-0.9337,6.5948,8.2474,,,,,,,
1568453746670161,陀螺仪,,,,,,,,0.0166,0.0079,0.0980
1568453756679484,加速度计,0.3364,6.8354,6.1268,,,,,,,
1568453766698234,加速度计,0.8996,7.5669,6.5757,,,,,,,
1568453766707661,陀螺仪,,,,,,,,0.0360,-0.0216,0.0296
1568453776716984,加速度计,-0.6734,7.0826,8.5671,,,,,,,
1568453786735734,加速度计,-0.8547,7.9727,5.6318,,,,,,,
1568453786745161,陀螺仪,,,,,,,,0.0611,-0.0703,-0.0193
1568453796754484,加速度计,0.1556,6.1794,7.4861,,,,,,,
1568453806773234,加速度计,1.5167,6.1872,6.9336,,,,,,,
1568453806782661,陀螺仪,,,,,,,,0.0704,-0.0949,-0.0756
1568453816791984,加速度计,-0.9547,6.9019,7.1742,,,,,,,
1568453826810734,加速度计,-0.5387,6.7301,7.0838,,,,,,,
1568453826820161,陀螺仪,,,,,,,,0.0842,-0.1013,-0.0855
1568453836829484,加速度计,0.5614,6.5056,5.3798,,,,,,,
1568453846848234,加速度计,-0.0341,7.3831,6.4500,,,,,,,
1568453846857661,陀螺仪,,,,,,,,0.0542,-0.0997,-0.0598
1568453856866984,加速度计,-0.1514,5.9406,6.7115,,,,,,,
1568453866885734,加速度计,-0.2729,7.0264,4.9111,,,,,,,
1568453876904484,加速度计,-0.3035,6.0771,9.2231,,,,,,,
1568453866895161,陀螺仪,,,,,,,,0.0173,-0.1011,-0.0025
1568453886923234,加速度计,0.5010,6.7894,9.9479,,,,,,,
1568453896941984,加速度计,-1.6029,8.0296,7.6022,,,,,,,
1568453886932661,陀螺仪,,,,,,,,0.0421,-0.0676,0.0447
1568453906960734,加速度计,-0.1550,8.0715,5.5150,,,,,,,
1568453906970161,陀螺仪,,,,,,,,0.0467,-0.0489,0.0921
1568453916979484,加速度计,-0.2729,5.5037,6.8342,,,,,,,
1568453926998234,加速度计,-0.5148,8.0691,4.1264,,,,,,,
1568453927007661,陀螺仪,,,,,,,,0.0132,-0.0381,0.1137
1568453937016984,加速度计,-0.3675,5.9508,10.0999,,,,,,,
1568453947035734,加速度计,-0.5812,8.0810,8.2881,,,,,,,
1568453947045161,陀螺仪,,,,,,,,0.0506,-0.0092,0.1708
1568453957054484,加速度计,0.7961,7.5058,5.5881,,,,,,,
1568453967075422,加速度计,0.0156,7.4573,6.1896,,,,,,,
1568453967090057,陀螺仪,,,,,,,,0.0210,0.0142,0.1852
1568453977097714,加速度计,-1.0008,6.5847,9.1728,,,,,,,
1568453987113130,加速度计,0.7476,7.4909,5.2313,,,,,,,
1568453987120891,陀螺仪,,,,,,,,0.0603,0.0332,0.2024
1568453997128547,加速度计,0.3879,6.9755,3.1681,,,,,,,
1568454007144276,加速度计,0.1197,7.2832,5.0775,,,,,,,
1568454007152349,陀螺仪,,,,,,,,-0.0221,0.0294,0.1916
1568454017160422,加速度计,1.3874,6.4368,9.8970,,,,,,,
1568454027176984,加速度计,0.4950,8.1415,7.3664,,,,,,,
1568454027185474,陀螺仪,,,,,,,,0.0245,0.0953,0.1782
1568454037193964,加速度计,0.7895,7.8488,3.7876,,,,,,,
1568454047211359,加速度计,0.0754,7.7075,4.1563,,,,,,,
1568454047220266,陀螺仪,,,,,,,,-0.0866,0.0862,0.1799
1568454057229172,加速度计,0.7207,5.1427,10.9720,,,,,,,
1568454067247714,加速度计,1.4407,7.4921,9.3027,,,,,,,
1568454067257245,陀螺仪,,,,,,,,-0.0081,0.1264,0.1842
1568454077266776,加速度计,0.9565,7.6740,7.7117,,,,,,,
1568454087286255,加速度计,2.1889,7.3364,4.4005,,,,,,,
1568454087296203,陀螺仪,,,,,,,,-0.0229,0.1338,0.1217
1568454097306151,加速度计,0.8649,5.3181,7.9350,,,,,,,
1568454107326464,加速度计,0.9936,8.4336,6.0645,,,,,,,
1568454107336828,陀螺仪,,,,,,,,-0.0406,0.1004,0.0457
1568454117347193,加速度计,1.3318,5.6970,9.1584,,,,,,,
1568454127368339,加速度计,1.2414,6.7068,6.1663,,,,,,,
1568454127379016,陀螺仪,,,,,,,,-0.0052,0.1067,-0.0354
1568454137389589,加速度计,0.3286,6.2519,6.8396,,,,,,,
1568454147410839,加速度计,0.9870,6.5996,7.7123,,,,,,,
1568454147421516,陀螺仪,,,,,,,,0.0182,0.0820,-0.0818
1568454157432089,加速度计,0.6117,8.1564,4.4257,,,,,,,
1568454167453339,加速度计,1.1851,7.1898,6.7983,,,,,,,
1568454167464016,陀螺仪,,,,,,,,-0.0277,0.0463,-0.1533
1568454177474514,加速度计,0.8314,7.3131,9.6995,,,,,,,
1568454187494826,加速度计,-0.1311,7.8859,8.4509,,,,,,,
1568454187504566,陀螺仪,,,,,,,,0.0049,0.0340,-0.2021
1568454197513889,加速度计,1.6819,7.6866,4.5250,,,,,,,
1568454207532639,加速度计,0.2119,6.0914,5.8167,,,,,,,
1568454207542274,陀螺仪,,,,,,,,-0.0292,0.0049,-0.2469
1568454217552014,加速度计,0.5920,6.2267,6.9887,,,,,,,
1568454227571284,加速度计,0.6764,7.8272,9.2476,,,,,,,
1568454227579670,陀螺仪,,,,,,,,-0.0261,-0.0391,-0.2816
1568454237587951,加速度计,0.2574,7.8320,8.3576,,,,,,,
1568454247618784,陀螺仪,,,,,,,,0.0129,-0.0461,-0.3180
1568454247611649,加速度计,0.7260,5.7658,7.2359,,,,,,,
1568454257625816,加速度计,0.8284,6.5493,5.8933,,,,,,,
1568454267647118,陀螺仪,,,,,,,,0.0172,-0.0656,-0.3449
1568454267639982,加速度计,1.1474,5.7575,4.3323,,,,,,,
1568454277654305,加速度计,-0.1437,6.9013,5.2966,,,,,,,
1568454287676597,陀螺仪,,,,,,,,-0.0308,-0.1141,-0.3348
1568454287669045,加速度计,-0.0126,6.3788,6.2327,,,,,,,
1568454297684357,加速度计,1.4443,6.1609,8.7215,,,,,,,
1568454307700503,加速度计,0.3687,6.8779,7.6106,,,,,,,
1568454307708889,陀螺仪,,,,,,,,0.0021,-0.0911,-0.3248
1568454317717482,加速度计,0.6273,6.8127,6.1962,,,,,,,
1568454327735295,加速度计,1.7879,6.6720,7.2897,,,,,,,
1568454327744514,陀螺仪,,,,,,,,-0.0029,-0.0794,-0.2792
1568454337753941,加速度计,0.7045,7.2317,8.6060,,,,,,,
1568454347773420,加速度计,-0.0509,7.1862,7.7674,,,,,,,
1568454347783472,陀螺仪,,,,,,,,0.0079,-0.0553,-0.2660
1568454357793732,加速度计,-0.4764,5.0039,6.4955,,,,,,,
1568454367814878,加速度计,1.2510,7.6555,2.8473,,,,,,,
1568454367825764,陀螺仪,,,,,,,,-0.0037,-0.0489,-0.2298
1568454377836701,加速度计,-0.2610,5.3935,6.7373,,,,,,,
1568454387858941,加速度计,-0.5357,7.6800,9.1937,,,,,,,
1568454387870243,陀螺仪,,,,,,,,-0.0407,-0.0683,-0.2200
1568454397881441,加速度计,-0.2382,6.5882,11.5634,,,,,,,
1568454407903941,加速度计,0.7248,6.3590,8.7873,,,,,,,
1568454407915243,陀螺仪,,,,,,,,0.0699,-0.0254,-0.1384
1568454417926441,加速度计,1.5389,7.2909,3.9169,,,,,,,
1568454427948628,加速度计,-0.3723,7.7788,4.2252,,,,,,,
1568454427959514,陀螺仪,,,,,,,,0.0258,-0.0377,-0.1735
1568454437969201,加速度计,-0.7895,7.2293,6.3051,,,,,,,
1568454447987951,加速度计,-0.8440,8.2037,10.6153,,,,,,,
1568454447997378,陀螺仪,,,,,,,,0.0369,-0.0991,-0.1760
1568454458006701,加速度计,-0.2825,9.9132,5.8652,,,,,,,
1568454468033784,加速度计,0.6943,7.1317,6.9498,,,,,,,
1568454468051024,陀螺仪,,,,,,,,0.0277,-0.0893,-0.1949
1568454478050347,加速度计,-0.0353,7.6022,5.4199,,,,,,,
1568454488049409,加速度计,-1.3180,6.9683,7.9859,,,,,,,
1568454488049357,陀螺仪,,,,,,,,0.0076,-0.0774,-0.1224
1568454498049514,加速度计,0.9984,6.8648,6.2932,,,,,,,
1568454508051493,加速度计,1.0283,8.8597,2.5103,,,,,,,
1568454508053420,陀螺仪,,,,,,,,-0.0047,-0.0651,-0.1225
1568454518055868,加速度计,-0.9415,7.4621,6.4021,,,,,,,
1568454528063055,加速度计,-1.8549,4.3760,12.3924,,,,,,,
1568454528067899,陀螺仪,,,,,,,,-0.0413,-0.0862,-0.0996
1568454538073472,加速度计,-0.3747,9.1387,10.1532,,,,,,,
1568454548087534,加速度计,0.1197,7.4358,3.9008,,,,,,,
1568454558105347,加速度计,-0.5429,5.8760,3.9265,,,,,,,
1568454548096024,陀螺仪,,,,,,,,0.0650,-0.0450,-0.0449
1568454568126597,加速度计,0.1562,6.8953,8.4581,,,,,,,
1568454578151180,加速度计,0.3418,6.9887,6.4350,,,,,,,
1568454568138524,陀螺仪,,,,,,,,0.0121,-0.0735,-0.0573
1568454588178784,加速度计,-0.4681,7.0940,6.7301,,,,,,,
1568454588193628,陀螺仪,,,,,,,,0.0473,-0.0561,-0.0582
1568454598208993,加速度计,0.0186,7.5459,4.6890,,,,,,,
1568454608241076,加速度计,0.0670,5.8293,7.2263,,,,,,,
1568454608257691,陀螺仪,,,,,,,,-0.0052,-0.0597,-0.0206
1568454618274514,加速度计,1.0229,7.7027,6.8127,,,,,,,
1568454628335086,陀螺仪,,,,,,,,0.0124,-0.0369,-0.0264
1568454628317534,加速度计,0.0706,6.4829,10.9104,,,,,,,
1568454645219722,GPS,,,,31.9420,118.7885,3.5700,170.6000,,,
1568454638348576,加速度计,0.0000,6.4985,10.8421,,,,,,,
1568454648377066,陀螺仪,,,,,,,,0.1586,0.0053,-0.0296
1568454648367639,加速度计,-0.9301,6.4075,7.6860,,,,,,,
1568454658386389,加速度计,0.6129,9.3715,-3.0347,,,,,,,
1568454668414566,陀螺仪,,,,,,,,-0.0358,-0.1112,-0.0985
1568454668405139,加速度计,-1.0145,7.6124,4.4951,,,,,,,
1568454678423889,加速度计,-0.5327,6.6667,10.9170,,,,,,,
1568454688452066,陀螺仪,,,,,,,,0.0475,-0.1185,-0.1332
1568454688442639,加速度计,-0.4920,7.7895,10.1382,,,,,,,
1568454698461389,加速度计,-0.6913,9.5433,3.7870,,,,,,,
1568454708480347,加速度计,0.4830,4.9560,7.5369,,,,,,,
1568454718503524,加速度计,-0.7081,7.6106,5.4103,,,,,,,
1568454708490191,陀螺仪,,,,,,,,0.0015,-0.1250,-0.1455
1568454728519357,加速度计,0.1035,7.8811,4.3030,,,,,,,
1568454728527326,陀螺仪,,,,,,,,-0.0148,-0.1385,-0.1518
1568454738535191,加速度计,-0.7494,7.4693,5.5857,,,,,,,
1568454750251336,GPS,,,,31.9420,118.7885,3.5700,170.6000,,,
1568454748551024,加速度计,0.1975,5.5408,10.7913,,,,,,,
1568454748558993,陀螺仪,,,,,,,,-0.0538,-0.1419,-0.1459
1568454758566857,加速度计,-1.0947,7.3053,8.3647,,,,,,,
1568454768583107,加速度计,-0.7691,7.9128,4.3646,,,,,,,
1568454768591493,陀螺仪,,,,,,,,-0.0017,-0.1321,-0.0779
1568454778599774,加速度计,0.9128,5.6503,5.3109,,,,,,,
1568454788616857,加速度计,0.5423,5.6485,8.5467,,,,,,,
1568454788625659,陀螺仪,,,,,,,,-0.0365,-0.1333,-0.0722
1568454798634357,加速度计,-0.3932,7.3688,10.0413,,,,,,,
1568454808652274,加速度计,0.0431,8.2989,5.3618,,,,,,,
1568454808661493,陀螺仪,,,,,,,,0.0270,-0.0959,-0.0467
1568454818670607,加速度计,-0.7895,7.1862,5.9711,,,,,,,
1568454828689357,加速度计,-0.7859,4.0863,8.7724,,,,,,,
1568454828698993,陀螺仪,,,,,,,,-0.0067,-0.0945,0.0164
1568454838708524,加速度计,-0.8260,7.7273,6.1878,,,,,,,
1568454848728107,加速度计,1.0271,5.7676,8.6898,,,,,,,
1568454848738159,陀螺仪,,,,,,,,0.0011,-0.0889,0.0390
1568454858748107,加速度计,-0.6482,7.2712,4.0534,,,,,,,
1568454868768524,加速度计,-0.3298,4.7519,6.7708,,,,,,,
1568454868780868,陀螺仪,,,,,,,,-0.0370,-0.0707,0.0599
1568454878797743,加速度计,-0.6410,6.5266,7.9057,,,,,,,
1568454888832482,陀螺仪,,,,,,,,-0.0016,-0.0373,0.1237
1568454888822847,加速度计,-0.6069,6.7487,8.8597,,,,,,,
1568454898841909,加速度计,0.8236,8.0715,5.4157,,,,,,,
1568454908860659,加速度计,1.0289,6.3123,4.9434,,,,,,,
1568454908870086,陀螺仪,,,,,,,,-0.0481,-0.0049,0.1205
1568454918879409,加速度计,-1.0050,7.1006,8.0218,,,,,,,
1568454928898159,加速度计,0.4788,5.3127,9.8809,,,,,,,
1568454928907586,陀螺仪,,,,,,,,-0.0158,0.0217,0.1670
1568454938916909,加速度计,0.3525,9.1393,3.4135,,,,,,,
1568454948945086,陀螺仪,,,,,,,,-0.0487,-0.0016,0.1260
1568454948935659,加速度计,0.5782,6.7109,9.9892,,,,,,,
1568454958954409,加速度计,1.1714,8.4755,8.5497,,,,,,,
1568454968973159,加速度计,-1.5742,6.8648,8.2486,,,,,,,
1568454968982586,陀螺仪,,,,,,,,0.0425,-0.0069,0.0166
1568454978991909,加速度计,1.0403,10.1209,1.3378,,,,,,,
1568454989010659,加速度计,2.3272,5.6024,6.5146,,,,,,,
1568454989020086,陀螺仪,,,,,,,,-0.0478,-0.0887,-0.1111
1568454999029409,加速度计,0.6889,6.9779,6.0507,,,,,,,
1568455009048159,加速度计,-0.4800,6.5380,8.0715,,,,,,,
1568455009057586,陀螺仪,,,,,,,,-0.0250,-0.1348,-0.2221
1568455019066909,加速度计,2.2350,8.1564,5.7371,,,,,,,
1568455029085659,加速度计,1.6915,7.0749,8.0876,,,,,,,
1568455029095086,陀螺仪,,,,,,,,-0.0246,-0.1842,-0.3185
1568455039104409,加速度计,0.1257,6.6188,9.0615,,,,,,,
1568455049123159,加速度计,2.2422,7.1335,4.8596,,,,,,,
1568455049132586,陀螺仪,,,,,,,,0.0332,-0.2033,-0.3578
1568455059141909,加速度计,1.7418,6.9432,3.9271,,,,,,,
1568455069160659,加速度计,1.2145,6.0059,8.4054,,,,,,,
1568455069170086,陀螺仪,,,,,,,,-0.0422,-0.2120,-0.3973
1568455079179409,加速度计,0.0138,6.2926,8.7879,,,,,,,
1568455089198159,加速度计,0.9056,7.7399,6.7642,,,,,,,
1568455089207586,陀螺仪,,,,,,,,-0.0198,-0.2101,-0.3274
1568455099216909,加速度计,1.3390,6.0879,8.3115,,,,,,,
1568455109245086,陀螺仪,,,,,,,,-0.0075,-0.1891,-0.3029
1568455109235659,加速度计,1.2366,5.8000,7.3532,,,,,,,
1568455119254618,加速度计,0.5189,6.9486,7.9410,,,,,,,
1568455129276024,加速度计,0.1712,7.0785,7.2329,,,,,,,
1568455129287118,陀螺仪,,,,,,,,0.0096,-0.1940,-0.2619
1568455139297274,加速度计,0.5824,5.8694,10.0676,,,,,,,
1568455149325451,陀螺仪,,,,,,,,0.0638,-0.1618,-0.2314
1568455149316024,加速度计,0.2993,8.9010,4.0689,,,,,,,
1568455159334774,加速度计,0.3370,7.1174,5.8646,,,,,,,
1568455169353524,加速度计,-0.7548,8.8573,4.1797,,,,,,,
1568455169362951,陀螺仪,,,,,,,,-0.0072,-0.1629,-0.1895
1568455179372274,加速度计,-0.4507,6.1669,8.8681,,,,,,,
1568455189391024,加速度计,-0.4363,7.9033,8.8998,,,,,,,
1568455189400451,陀螺仪,,,,,,,,0.0124,-0.1473,-0.1157
1568455199409774,加速度计,-1.1809,6.6762,7.3849,,,,,,,
1568455209437951,陀螺仪,,,,,,,,0.0373,-0.1208,-0.0550
1568455209428524,加速度计,0.5525,8.2444,4.4323,,,,,,,
1568455219447274,加速度计,-0.9708,5.8227,6.7241,,,,,,,
1568455229466024,加速度计,0.0545,9.6768,5.8371,,,,,,,
1568455229475451,陀螺仪,,,,,,,,0.0052,-0.1142,-0.0077
1568455239484774,加速度计,0.4699,7.3197,6.8498,,,,,,,
1568455249503524,加速度计,-0.6758,6.1866,6.8863,,,,,,,
1568455249512951,陀螺仪,,,,,,,,-0.0108,-0.0767,0.0509
1568455259522274,加速度计,0.1957,6.4183,6.7774,,,,,,,
1568455269550451,陀螺仪,,,,,,,,0.0040,-0.0457,0.1332
1568455269541024,加速度计,0.5800,6.6086,8.7592,,,,,,,
1568455279559774,加速度计,0.6770,6.6595,8.2169,,,,,,,
1568455289578524,加速度计,0.7021,7.8057,4.2347,,,,,,,
1568455289587951,陀螺仪,,,,,,,,0.0447,-0.0041,0.1442
1568455299597274,加速度计,1.2737,5.9993,5.2756,,,,,,,
1568455309616024,加速度计,0.2801,7.6309,4.6076,,,,,,,
1568455309625451,陀螺仪,,,,,,,,-0.0253,0.0160,0.1286
1568455319634774,加速度计,0.2292,5.5797,8.9094,,,,,,,
1568455329653524,加速度计,0.4555,6.0807,8.7119,,,,,,,
1568455329662951,陀螺仪,,,,,,,,-0.0068,0.0385,0.1443
1568455339672274,加速度计,-0.0293,6.0244,6.0687,,,,,,,
1568455349691024,加速度计,0.3591,6.7576,6.6158,,,,,,,
1568455349700451,陀螺仪,,,,,,,,-0.0087,0.0372,0.1320
1568455359709774,加速度计,-0.1077,5.8185,9.0537,,,,,,,
1568455369729774,加速度计,0.0916,6.5350,8.5730,,,,,,,
1568455369744670,陀螺仪,,,,,,,,0.0316,0.0254,0.0860
1568455379762274,加速度计,0.2239,7.5136,5.4205,,,,,,,
1568455389768211,加速度计,-0.0479,5.9370,9.3236,,,,,,,
1568455389771389,陀螺仪,,,,,,,,0.0229,-0.0009,0.0245
1568455399774670,加速度计,-0.0204,7.1820,5.9598,,,,,,,
1568455409786284,陀螺仪,,,,,,,,0.0157,-0.0156,-0.0133
1568455409782066,加速度计,-0.8021,6.6200,6.6607,,,,,,,
1568455419790816,加速度计,0.3891,7.8410,5.6599,,,,,,,
1568455429801336,加速度计,-0.4459,6.2519,8.7849,,,,,,,
1568455429807430,陀螺仪,,,,,,,,-0.0157,-0.0495,-0.0386
1568455439813941,加速度计,-0.1383,7.1898,8.8627,,,,,,,
1568455449828628,加速度计,-0.3621,8.1547,6.2070,,,,,,,
1568455449836805,陀螺仪,,,,,,,,0.0174,-0.0742,-0.0587
1568455459845399,加速度计,-0.2999,7.5094,6.8342,,,,,,,
1568455469864253,加速度计,0.6919,7.8955,5.3522,,,,,,,
1568455469874514,陀螺仪,,,,,,,,0.0292,-0.0933,-0.1072
1568455479885191,加速度计,-0.7183,7.9188,4.7920,,,,,,,
1568455489908107,加速度计,0.0287,6.7666,6.8444,,,,,,,
1568455489920243,陀螺仪,,,,,,,,-0.0308,-0.1289,-0.1277
1568455499932691,加速度计,-0.2777,7.7770,5.4151,,,,,,,
1568455509972430,陀螺仪,,,,,,,,-0.0589,-0.1216,-0.0860
1568455509958836,加速度计,-0.2897,6.8342,6.2602,,,,,,,
1568455519986128,加速度计,0.0844,6.3249,6.6714,,,,,,,
1568455530014149,加速度计,-0.4184,7.3340,5.2457,,,,,,,
1568455530028368,陀螺仪,,,,,,,,-0.0509,-0.1055,-0.0169
1568455540042482,加速度计,0.6399,7.2939,7.3179,,,,,,,
1568455550070191,加速度计,0.3525,7.8542,11.2755,,,,,,,
1568455550083159,陀螺仪,,,,,,,,-0.0590,-0.0955,0.0077
1568455560094253,加速度计,0.1718,6.4739,14.2311,,,,,,,
1568455570113003,加速度计,0.4741,8.1074,5.3385,,,,,,,
1568455570122430,陀螺仪,,,,,,,,0.1017,-0.0109,0.0748
1568455580131753,加速度计,0.9583,6.8217,-1.0014,,,,,,,
1568455590159930,陀螺仪,,,,,,,,-0.0638,-0.0302,0.0549
1568455590150503,加速度计,1.0953,6.2088,1.1660,,,,,,,
1568455600169253,加速度计,-0.2203,6.3853,9.9802,,,,,,,
1568455610188003,加速度计,-1.4509,5.7162,15.7401,,,,,,,
1568455610197430,陀螺仪,,,,,,,,0.0168,0.0116,0.1063
1568455620207378,加速度计,-0.8074,9.2416,6.6996,,,,,,,
1568455630229878,加速度计,0.9421,7.3723,4.6262,,,,,,,
1568455630237222,陀螺仪,,,,,,,,0.0722,0.0656,0.1811
1568455644713263,GPS,,,,31.9419,118.7886,3.7300,180.8000,,,
1568455640244461,加速度计,0.0988,6.3973,5.0117,,,,,,,
1568455650259045,加速度计,-0.0449,7.5094,6.9306,,,,,,,
1568455650266389,陀螺仪,,,,,,,,0.0193,0.0531,0.1341
1568455660273784,加速度计,-0.4046,8.3851,6.1711,,,,,,,
1568455670288941,加速度计,-1.1744,6.2034,6.2938,,,,,,,
1568455670296701,陀螺仪,,,,,,,,-0.0264,0.0254,0.1274
1568455680304514,加速度计,0.1814,7.0162,9.7606,,,,,,,
1568455690320659,加速度计,0.0018,8.1349,7.7213,,,,,,,
1568455690329045,陀螺仪,,,,,,,,0.0338,0.0266,0.0875
1568455700337639,加速度计,-0.1131,7.1204,5.1218,,,,,,,
1568455710355451,加速度计,0.2352,7.6794,4.4502,,,,,,,
1568455710364670,陀螺仪,,,,,,,,0.0080,-0.0245,0.0029
1568455720374097,加速度计,-0.1580,6.1220,5.9167,,,,,,,
1568455730403628,陀螺仪,,,,,,,,-0.0190,-0.0575,-0.0664
1568455730393576,加速度计,0.4687,7.9248,4.9793,,,,,,,
1568455740413889,加速度计,-0.1454,8.1020,7.1910,,,,,,,
1568455750434878,加速度计,-0.7877,4.8147,15.0081,,,,,,,
1568455750445555,陀螺仪,,,,,,,,-0.0168,-0.0763,-0.0854
1568455760456284,加速度计,0.3926,8.0655,9.6181,,,,,,,
1568455770489201,陀螺仪,,,,,,,,0.1208,-0.0606,-0.1028
1568455770478107,加速度计,0.7997,6.8708,6.1393,,,,,,,
1568455780500191,加速度计,0.9930,6.7726,1.4216,,,,,,,
1568455790522274,加速度计,-0.3849,4.9698,8.5455,,,,,,,
1568455790533368,陀螺仪,,,,,,,,0.0419,-0.1081,-0.1518
1568455800544357,加速度计,-0.3549,7.1311,9.0184,,,,,,,
1568455810577534,陀螺仪,,,,,,,,0.1093,-0.1278,-0.1229
1568455810566441,加速度计,-0.2634,8.6036,6.6236,,,,,,,
1568455820587430,加速度计,0.9511,7.5363,2.9676,,,,,,,
1568455830615868,陀螺仪,,,,,,,,-0.0029,-0.1554,-0.1582
1568455830606441,加速度计,-0.3442,6.8169,5.2571,,,,,,,
1568455840625191,加速度计,-0.5770,7.2293,9.2314,,,,,,,
1568455850643941,加速度计,-1.6400,6.4069,9.2608,,,,,,,
1568455850653368,陀螺仪,,,,,,,,0.0112,-0.1559,-0.1019
1568455860662691,加速度计,-0.2735,5.2265,6.2710,,,,,,,
1568455870681597,加速度计,0.8434,6.3267,2.6324,,,,,,,
1568455870691597,陀螺仪,,,,,,,,0.0229,-0.1301,-0.0418
1568455880701545,加速度计,0.2927,5.1332,5.0715,,,,,,,
1568455890719878,加速度计,-0.3549,7.9470,7.4166,,,,,,,
1568455890729097,陀螺仪,,,,,,,,-0.0411,-0.1272,-0.0397
1568455900738211,加速度计,-1.5736,6.5523,7.9847,,,,,,,
1568455910765764,陀螺仪,,,,,,,,-0.0463,-0.0985,0.0768
1568455910756545,加速度计,0.9493,6.8971,5.8610,,,,,,,
1568455920774878,加速度计,0.2526,6.1435,8.8873,,,,,,,
1568455930793211,加速度计,-0.3214,6.8845,8.3899,,,,,,,
1568455930802430,陀螺仪,,,,,,,,-0.0309,-0.0486,0.1132
1568455940811545,加速度计,0.2292,7.5806,8.6514,,,,,,,
1568455950829878,加速度计,0.4561,7.8721,6.9109,,,,,,,
1568455950839097,陀螺仪,,,,,,,,-0.0039,-0.0113,0.1603
1568455960848211,加速度计,0.5531,6.3410,7.7135,,,,,,,
1568455970866545,加速度计,0.0209,6.9671,8.4749,,,,,,,
1568455970875764,陀螺仪,,,,,,,,0.0099,0.0320,0.1751
1568455980884878,加速度计,-0.3089,7.4657,5.7269,,,,,,,
1568455990912430,陀螺仪,,,,,,,,0.0037,0.0433,0.2081
1568455990903211,加速度计,0.3711,7.6124,5.3002,,,,,,,
1568456000921545,加速度计,0.7512,6.4554,4.9434,,,,,,,
1568456010939878,加速度计,-0.5004,6.8115,6.2267,,,,,,,
1568456010949097,陀螺仪,,,,,,,,-0.0132,0.0506,0.1996
1568456020958211,加速度计,0.8577,8.3839,7.8057,,,,,,,
1568456030985764,陀螺仪,,,,,,,,-0.0137,0.0735,0.1863
1568456030976545,加速度计,0.3885,8.8777,10.9960,,,,,,,
1568456040995034,加速度计,-0.0305,7.5435,9.3679,,,,,,,
1568456051023576,陀螺仪,,,,,,,,0.0280,0.0940,0.1537
1568456051013941,加速度计,1.4922,8.3121,3.3662,,,,,,,
1568456061033107,加速度计,0.0527,6.1321,2.5762,,,,,,,
1568456071061909,陀螺仪,,,,,,,,-0.0872,0.0517,0.1060
1568456071052274,加速度计,1.5598,7.2790,4.9015,,,,,,,
1568456081071441,加速度计,0.0030,7.6626,7.1766,,,,,,,
1568456091100243,陀螺仪,,,,,,,,-0.1061,0.0401,0.0634
1568456091090607,加速度计,0.9786,5.4289,6.3572,,,,,,,
1568456101109774,加速度计,1.2558,5.9658,9.2973,,,,,,,
1568456111138576,陀螺仪,,,,,,,,-0.0356,0.0525,0.0241
1568456111128941,加速度计,-0.1275,6.8025,11.4646,,,,,,,
1568456121149982,加速度计,1.0606,7.8434,8.0062,,,,,,,
1568456131186284,陀螺仪,,,,,,,,0.0130,0.0486,-0.0189
1568456131181024,加速度计,1.3653,6.8941,6.8402,,,,,,,
1568456141191441,加速度计,1.1259,6.8360,7.8482,,,,,,,
1568456151202014,加速度计,-0.7428,4.9602,10.5979,,,,,,,
1568456151207482,陀螺仪,,,,,,,,0.0481,0.0470,-0.0558
1568456161213159,加速度计,0.4417,7.8302,3.5392,,,,,,,
1568456171231805,陀螺仪,,,,,,,,0.0236,0.0087,-0.0610
1568456171225295,加速度计,1.7549,6.4147,2.3912,,,,,,,
1568456181238680,加速度计,1.5389,5.4881,5.2930,,,,,,,
1568456191253316,加速度计,-1.2318,5.9759,13.0119,,,,,,,
1568456191261076,陀螺仪,,,,,,,,0.0250,0.0013,-0.1048
1568456201271753,加速度计,0.5273,8.9232,7.8614,,,,,,,
1568456211303003,加速度计,2.0800,8.5916,2.6450,,,,,,,
1568456211318889,陀螺仪,,,,,,,,0.0778,0.0156,-0.0949
1568456221334670,加速度计,0.5734,6.6331,3.2830,,,,,,,
1568456231365503,加速度计,0.0377,5.8676,8.6155,,,,,,,
1568456231375139,陀螺仪,,,,,,,,-0.0148,-0.0037,-0.1365
1568456241384670,加速度计,-0.6249,8.4509,9.3368,,,,,,,
1568456251403420,加速度计,0.7673,8.2678,6.0130,,,,,,,
1568456251412847,陀螺仪,,,,,,,,0.0337,0.0064,-0.0703
1568456261422170,加速度计,1.7119,6.6014,7.4029,,,,,,,
1568456271440920,加速度计,-0.2508,7.4364,8.0822,,,,,,,
1568456271450347,陀螺仪,,,,,,,,0.0378,0.0253,-0.1262
1568456281459670,加速度计,0.4806,6.3183,10.4172,,,,,,,
1568456291478420,加速度计,0.1508,8.9741,4.9536,,,,,,,
1568456291487847,陀螺仪,,,,,,,,0.1336,0.0421,-0.0664
1568456301497170,加速度计,1.4904,7.5765,3.2304,,,,,,,
1568456311515920,加速度计,2.4050,7.6902,6.4374,,,,,,,
1568456311525347,陀螺仪,,,,,,,,0.0089,0.0194,-0.1108
1568456321534670,加速度计,-0.5872,6.7882,9.9617,,,,,,,
1568456331553420,加速度计,-0.4250,6.3925,7.3610,,,,,,,
1568456331562847,陀螺仪,,,,,,,,0.0378,0.0529,-0.0836
1568456341572170,加速度计,0.7045,5.4312,4.2569,,,,,,,
1568456351590920,加速度计,0.8511,6.3907,1.3934,,,,,,,
1568456361609670,加速度计,-0.1101,4.6130,7.8673,,,,,,,
1568456351600347,陀螺仪,,,,,,,,-0.0253,0.0479,-0.0810
1568456371628420,加速度计,0.0425,6.0944,10.7392,,,,,,,
1568456371646128,陀螺仪,,,,,,,,-0.0270,0.0429,-0.0746
1568456381652951,加速度计,-0.0096,6.5152,11.0427,,,,,,,
1568456391666701,加速度计,1.4557,8.3366,4.1096,,,,,,,
1568456391673628,陀螺仪,,,,,,,,0.0567,0.0636,-0.0731
1568456401680659,加速度计,1.2192,6.4063,4.9967,,,,,,,
1568456411702378,陀螺仪,,,,,,,,-0.0352,0.0475,-0.1434
1568456411695034,加速度计,0.8380,6.7421,8.2103,,,,,,,
1568456421709826,加速度计,-0.6231,7.4310,10.1496,,,,,,,
1568456431725243,加速度计,0.3370,7.7357,8.9591,,,,,,,
1568456431733211,陀螺仪,,,,,,,,0.0003,0.0336,-0.1314
1568456441741493,加速度计,0.8936,4.8507,7.3855,,,,,,,
1568456451758576,加速度计,-0.4214,4.6998,7.7572,,,,,,,
1568456451767378,陀螺仪,,,,,,,,0.0659,0.0268,-0.1862
1568456461776493,加速度计,-0.2041,8.2199,5.2589,,,,,,,
1568456471795243,加速度计,0.8021,9.5146,7.7638,,,,,,,
1568456471804878,陀螺仪,,,,,,,,0.0374,-0.0382,-0.2313
1568456481814826,加速度计,-0.0952,7.2999,10.6386,,,,,,,
1568456491845711,陀螺仪,,,,,,,,0.1212,-0.0471,-0.2623
1568456491835243,加速度计,-0.6375,6.4943,6.6774,,,,,,,
1568456501856493,加速度计,1.9704,8.4312,-0.3525,,,,,,,
1568456511878368,加速度计,0.6165,8.6886,5.6629,,,,,,,
1568456511889461,陀螺仪,,,,,,,,-0.0182,-0.0975,-0.3084
1568456521900659,加速度计,-0.3855,6.1166,11.9333,,,,,,,
1568456531923159,加速度计,-0.2682,8.5545,5.0991,,,,,,,
1568456531934461,陀螺仪,,,,,,,,0.0827,-0.0650,-0.2617
1568456541945659,加速度计,0.8565,8.9238,2.5983,,,,,,,
1568456551968159,加速度计,0.6590,7.4520,4.7866,,,,,,,
1568456551979461,陀螺仪,,,,,,,,-0.0427,-0.0695,-0.2370
1568456561990243,加速度计,-0.1161,7.3993,8.8340,,,,,,,
1568456572010659,加速度计,-0.0772,8.2402,8.1379,,,,,,,
1568456572020295,陀螺仪,,,,,,,,-0.0208,-0.0434,-0.1995
1568456582029826,加速度计,-0.9349,7.4747,4.2808,,,,,,,
1568456592048784,加速度计,1.4108,5.5887,5.0919,,,,,,,
1568456592058211,陀螺仪,,,,,,,,-0.0634,-0.0381,-0.1542
1568456602067534,加速度计,-0.1035,7.3185,6.8726,,,,,,,
1568456612086284,加速度计,-0.8721,5.6575,11.6095,,,,,,,
1568456612095711,陀螺仪,,,,,,,,-0.0325,-0.0366,-0.1426
1568456622106493,加速度计,0.1018,6.4518,8.9992,,,,,,,
1568456632127014,加速度计,0.6003,7.1682,4.6896,,,,,,,
1568456644595554,GPS,,,,31.9419,118.7886,3.4300,179.8000,,,
1568456632133316,陀螺仪,,,,,,,,0.0989,-0.0055,-0.1217
1568456642139514,加速度计,0.8918,7.8075,-0.4028,,,,,,,
1568456652152274,加速度计,0.0048,6.3805,7.0156,,,,,,,
1568456652158836,陀螺仪,,,,,,,,-0.0489,-0.0595,-0.1792
1568456662165451,加速度计,-0.5267,7.9045,11.0977,,,,,,,
1568456672179305,加速度计,-2.1853,6.9749,12.6133,,,,,,,
1568456682193993,加速度计,0.0299,8.2594,6.1369,,,,,,,
1568456672186545,陀螺仪,,,,,,,,0.0447,-0.0537,-0.1530
1568456692209514,加速度计,0.1730,5.9400,6.9073,,,,,,,
1568456692217639,陀螺仪,,,,,,,,0.0530,-0.0633,-0.1330
1568456702226128,加速度计,0.9661,6.8516,5.9424,,,,,,,
1568456712243993,加速度计,-0.6835,6.5793,5.9867,,,,,,,
1568456712253368,陀螺仪,,,,,,,,0.0511,-0.0751,-0.2015
1568456722263107,加速度计,-0.3986,7.6854,5.8921,,,,,,,
1568456732283472,加速度计,0.0431,6.9324,9.6145,,,,,,,
1568456732294045,陀螺仪,,,,,,,,0.0297,-0.1049,-0.2056
1568456742304826,加速度计,-0.2963,8.1475,6.9653,,,,,,,
1568456752327014,加速度计,-0.3633,8.3067,4.7034,,,,,,,
1568456752338368,陀螺仪,,,,,,,,0.0409,-0.0984,-0.2059
1568456762349774,加速度计,1.0133,8.0852,2.5510,,,,,,,
1568456772372951,加速度计,-0.5022,5.2235,9.3859,,,,,,,
1568456772384722,陀螺仪,,,,,,,,-0.0614,-0.1289,-0.2300
1568456782396545,加速度计,-0.2777,6.8342,8.2851,,,,,,,
1568456792420295,加速度计,-0.2987,7.1796,4.8141,,,,,,,
1568456792432222,陀螺仪,,,,,,,,0.0093,-0.0971,-0.1656
1568456802444045,加速度计,-0.0006,8.0834,2.7683,,,,,,,
1568456812465711,加速度计,0.3789,4.8536,5.5067,,,,,,,
1568456812475816,陀螺仪,,,,,,,,-0.0738,-0.1206,-0.1471
1568456822485347,加速度计,1.6406,6.4991,4.2910,,,,,,,
1568456832504253,加速度计,-1.0762,7.3358,7.7973,,,,,,,
1568456832513680,陀螺仪,,,,,,,,-0.1188,-0.1137,-0.1795
1568456842523003,加速度计,-0.6165,6.5888,11.4664,,,,,,,
1568456852541753,加速度计,-0.2664,6.2896,7.7913,,,,,,,
1568456852551180,陀螺仪,,,,,,,,-0.0292,-0.0783,-0.1272
1568456862560503,加速度计,-0.7793,6.5320,4.4388,,,,,,,
1568456872579774,加速度计,0.5004,5.2373,8.9100,,,,,,,
1568456872591336,陀螺仪,,,,,,,,-0.0483,-0.1120,-0.1350
1568456882599826,加速度计,-0.5387,6.5344,8.2917,,,,,,,
1568456892616909,加速度计,-0.5902,6.9450,8.9256,,,,,,,
1568456892625503,陀螺仪,,,,,,,,0.0040,-0.1193,-0.1578
1568456902633993,加速度计,-0.7290,7.3454,8.0643,,,,,,,
1568456912651076,加速度计,-0.1401,5.4139,7.4573,,,,,,,
1568456912659670,陀螺仪,,,,,,,,0.0249,-0.1373,-0.1633
1568456922668159,加速度计,0.6560,6.1465,5.4366,,,,,,,
1568456932685243,加速度计,-0.1873,7.6154,3.1669,,,,,,,
1568456932693889,陀螺仪,,,,,,,,-0.0025,-0.1427,-0.1613
1568456942702586,加速度计,1.3102,7.1323,7.6016,,,,,,,
1568456952720347,加速度计,-0.7620,7.1192,11.3784,,,,,,,
1568456952729409,陀螺仪,,,,,,,,-0.0403,-0.1491,-0.1582
1568456962738524,加速度计,0.3663,7.8733,10.8577,,,,,,,
1568456972757118,加速度计,1.7071,7.6884,5.3271,,,,,,,
1568456972766597,陀螺仪,,,,,,,,0.0181,-0.1290,-0.1418
1568456982776128,加速度计,0.5794,8.0308,5.2319,,,,,,,
1568456992795555,加速度计,0.5794,5.8215,7.4927,,,,,,,
1568456992806493,陀螺仪,,,,,,,,-0.0198,-0.1317,-0.1941
1568457002824774,加速度计,-0.5357,8.2977,6.5200,,,,,,,
1568457012850555,加速度计,1.4748,8.1145,6.8546,,,,,,,
1568457012850920,陀螺仪,,,,,,,,-0.0149,-0.1521,-0.1856
1568457022851284,加速度计,0.6722,7.9589,5.8957,,,,,,,
1568457032853055,加速度计,0.7596,5.8855,8.3767,,,,,,,
1568457032854670,陀螺仪,,,,,,,,-0.0458,-0.1619,-0.2566
1568457042856701,加速度计,0.4627,8.1552,8.8933,,,,,,,
1568457052862743,加速度计,0.1981,7.6668,6.0932,,,,,,,
1568457052866857,陀螺仪,,,,,,,,-0.0005,-0.1742,-0.2783
1568457062871597,加速度计,0.6410,7.0671,8.3157,,,,,,,
1568457072883368,加速度计,0.3585,6.3638,7.8709,,,,,,,
1568457072890503,陀螺仪,,,,,,,,0.0558,-0.1968,-0.3356
1568457082898368,加速度计,1.1175,7.2305,4.0977,,,,,,,
1568457092916701,加速度计,1.3617,6.9486,4.1486,,,,,,,
1568457092927066,陀螺仪,,,,,,,,0.0245,-0.2410,-0.3533
1568457102938055,加速度计,0.9571,4.7028,9.2171,,,,,,,
1568457112962326,加速度计,2.3086,8.1564,7.5776,,,,,,,
1568457112976232,陀螺仪,,,,,,,,0.1029,-0.2362,-0.3874
1568457122991389,加速度计,-0.3759,7.6794,8.3863,,,,,,,
1568457133058889,加速度计,2.3140,7.7219,2.5863,,,,,,,
1568457133083316,陀螺仪,,,,,,,,0.1294,-0.2490,-0.4483
1568457143092639,加速度计,1.0971,7.6321,1.5377,,,,,,,
1568457153111389,加速度计,-0.8242,7.1072,5.2200,,,,,,,
1568457153120816,陀螺仪,,,,,,,,-0.0403,-0.3060,-0.4992
1568457163130139,加速度计,1.3048,5.5701,12.2727,,,,,,,
1568457173148889,加速度计,-0.4573,7.8799,7.2191,,,,,,,
1568457173158316,陀螺仪,,,,,,,,0.0626,-0.2724,-0.4055
1568457183167639,加速度计,2.0159,7.3987,4.4831,,,,,,,
1568457193186389,加速度计,0.9391,6.0352,6.6032,,,,,,,
1568457193195816,陀螺仪,,,,,,,,-0.0096,-0.2754,-0.3792
1568457203205139,加速度计,0.4423,6.5541,11.9141,,,,,,,
1568457213223889,加速度计,-0.2233,8.1684,8.0900,,,,,,,
1568457213233316,陀螺仪,,,,,,,,0.1095,-0.2313,-0.2858
1568457223242639,加速度计,1.7041,7.9104,5.8353,,,,,,,
1568457233261389,加速度计,1.3569,8.2462,5.3026,,,,,,,
1568457233270816,陀螺仪,,,,,,,,0.0835,-0.1924,-0.2759
1568457243280139,加速度计,-1.2570,7.3933,7.8147,,,,,,,
1568457253298889,加速度计,-1.8310,8.7077,6.6188,,,,,,,
1568457253308316,陀螺仪,,,,,,,,0.0635,-0.1929,-0.1832
1568457263317639,加速度计,0.0198,7.1138,5.1583,,,,,,,
1568457273336389,加速度计,2.1117,6.2543,6.5775,,,,,,,
1568457273345816,陀螺仪,,,,,,,,0.0071,-0.1784,-0.1193
1568457283355139,加速度计,-1.2420,7.4741,5.5929,,,,,,,
1568457293373889,加速度计,-1.1343,5.7066,8.9244,,,,,,,
1568457293383316,陀螺仪,,,,,,,,-0.0035,-0.1454,-0.0723
1568457303392639,加速度计,-1.4431,6.8750,7.7542,,,,,,,
1568457313411389,加速度计,-1.1271,7.0826,5.0811,,,,,,,
1568457313420816,陀螺仪,,,,,,,,0.0189,-0.1376,0.0429
1568457323430139,加速度计,0.3382,6.8642,4.9464,,,,,,,
1568457333448889,加速度计,-0.8404,7.7476,5.8891,,,,,,,
1568457343467639,加速度计,-0.4076,5.3457,10.2711,,,,,,,
1568457333458316,陀螺仪,,,,,,,,-0.0639,-0.1240,0.0555
1568457353486389,加速度计,-1.1594,7.0042,3.8654,,,,,,,
1568457353495816,陀螺仪,,,,,,,,-0.0450,-0.0874,0.0949
1568457363505139,加速度计,-0.1646,5.8658,6.9863,,,,,,,
1568457373526232,加速度计,0.4214,5.2840,9.6271,,,,,,,
1568457383549149,加速度计,-1.3282,6.5308,8.0876,,,,,,,
1568457373541493,陀螺仪,,,,,,,,-0.0738,-0.0667,0.1393
1568457393564566,加速度计,0.2239,7.1222,7.9374,,,,,,,
1568457393572326,陀螺仪,,,,,,,,-0.0226,-0.0316,0.1581
1568457403579982,加速度计,-0.6321,6.3973,7.2748,,,,,,,
1568457413595711,加速度计,0.1472,5.4438,6.6589,,,,,,,
1568457413603784,陀螺仪,,,,,,,,-0.0045,-0.0198,0.1859
1568457423611857,加速度计,-0.1215,6.8372,6.6301,,,,,,,
1568457433628420,加速度计,-1.3396,6.4667,7.0713,,,,,,,
1568457433636909,陀螺仪,,,,,,,,-0.0059,-0.0218,0.1783
1568457443645399,加速度计,0.5243,6.8702,8.9214,,,,,,,
1568457453662795,加速度计,-0.9319,7.3424,7.4807,,,,,,,
1568457453671701,陀螺仪,,,,,,,,0.0334,-0.0072,0.1720
1568457463680607,加速度计,0.2933,6.4260,6.4727,,,,,,,
1568457473699149,加速度计,-0.2795,7.6327,4.5544,,,,,,,
1568457483718211,加速度计,-1.0133,7.8919,3.7481,,,,,,,
1568457473708680,陀螺仪,,,,,,,,0.0298,0.0096,0.1470
1568457493737691,加速度计,0.2095,7.2365,9.7139,,,,,,,
1568457493747639,陀螺仪,,,,,,,,-0.0617,-0.0557,0.1076
1568457503757586,加速度计,-0.5070,7.4998,10.2729,,,,,,,
1568457513777899,加速度计,-0.8571,8.2019,5.9179,,,,,,,
1568457513788264,陀螺仪,,,,,,,,0.0035,-0.0473,0.0692
1568457523798628,加速度计,0.4483,7.8201,5.9077,,,,,,,
1568457533819774,加速度计,0.3741,7.2443,4.3221,,,,,,,
1568457533830451,陀螺仪,,,,,,,,-0.0415,-0.0678,0.0253
1568457543841024,加速度计,-0.0862,6.3782,7.9793,,,,,,,
1568457553862274,加速度计,1.0127,8.1445,5.9586,,,,,,,
1568457553872951,陀螺仪,,,,,,,,-0.0376,-0.0908,-0.0348
1568457563883524,加速度计,-0.6758,6.3440,8.2097,,,,,,,
1568457573904774,加速度计,0.1281,8.2522,4.4005,,,,,,,
1568457573915451,陀螺仪,,,,,,,,-0.0206,-0.1096,-0.0601
1568457583926024,加速度计,0.8817,6.8821,6.4961,,,,,,,
1568457593946336,加速度计,0.7213,6.2956,8.0571,,,,,,,
1568457593956180,陀螺仪,,,,,,,,-0.0415,-0.1345,-0.1132
1568457603965711,加速度计,-0.9385,6.5320,7.6465,,,,,,,
1568457613984566,加速度计,0.9433,8.4976,5.8383,,,,,,,
1568457613994305,陀螺仪,,,,,,,,-0.0040,-0.1566,-0.1260
1568457624004253,加速度计,0.9295,6.0190,5.9053,,,,,,,
1568457639600971,GPS,,,,31.9419,118.7886,3.6000,185.4000,,,
1568457634023732,加速度计,-0.2634,6.8977,5.2900,,,,,,,
1568457634031076,陀螺仪,,,,,,,,-0.0115,-0.1663,-0.1562
1568457644038316,加速度计,0.0946,6.6403,6.3111,,,,,,,
1568457654052899,加速度计,0.1203,6.8720,6.9893,,,,,,,
1568457654060347,陀螺仪,,,,,,,,-0.0181,-0.1867,-0.1738
1568457664067795,加速度计,0.0299,7.6315,7.1575,,,,,,,
1568457674083107,加速度计,-0.7596,7.1844,8.4096,,,,,,,
1568457674090972,陀螺仪,,,,,,,,-0.0286,-0.2021,-0.1710
1568457684098836,加速度计,-0.2598,6.8666,8.1918,,,,,,,
1568457694115295,加速度计,-0.4896,7.8051,5.7090,,,,,,,
1568457694123889,陀螺仪,,,,,,,,0.0125,-0.1960,-0.1467
1568457704132586,加速度计,-0.3352,6.6738,6.8289,,,,,,,
1568457714150711,加速度计,-0.0958,6.5092,6.1603,,,,,,,
1568457714160139,陀螺仪,,,,,,,,-0.0025,-0.1925,-0.0907
1568457724169670,加速度计,-0.1879,6.9605,6.9180,,,,,,,
1568457734189461,加速度计,0.0156,7.7219,5.8550,,,,,,,
1568457734199722,陀螺仪,,,,,,,,-0.0097,-0.1706,-0.0482
1568457744210086,加速度计,-0.7488,7.1856,7.5681,,,,,,,
1568457754231232,加速度计,-1.3018,7.0797,8.0822,,,,,,,
1568457754242014,陀螺仪,,,,,,,,-0.0120,-0.1599,0.0293
1568457764252795,加速度计,-0.2861,7.3089,8.8807,,,,,,,
1568457774274774,加速度计,-0.2364,7.4735,5.8035,,,,,,,
1568457774285868,陀螺仪,,,,,,,,0.0242,-0.1386,0.0590
1568457784296857,加速度计,-0.3376,7.1635,6.0998,,,,,,,
1568457794318941,加速度计,-0.9559,6.8205,5.4007,,,,,,,
1568457794330034,陀螺仪,,,,,,,,-0.0160,-0.1384,0.0627
1568457804341024,加速度计,-0.7817,7.0581,5.7018,,,,,,,
1568457814363107,加速度计,0.3873,6.8558,8.5138,,,,,,,
1568457814373472,陀螺仪,,,,,,,,-0.0487,-0.1399,0.0985
1568457824383003,加速度计,-0.3915,6.5589,7.0539,,,,,,,
1568457834402170,加速度计,-0.6141,6.2956,7.4160,,,,,,,
1568457834411701,陀螺仪,,,,,,,,-0.0080,-0.1060,0.0948
1568457844421024,加速度计,-0.9601,7.6411,2.9562,,,,,,,
1568457854439774,加速度计,-1.1839,5.5923,11.0504,,,,,,,
1568457854449201,陀螺仪,,,,,,,,-0.0502,-0.1273,0.1374
1568457864458524,加速度计,-0.9714,7.3239,6.8223,,,,,,,
1568457874485711,加速度计,-0.2257,6.7427,8.6718,,,,,,,
1568457874505139,陀螺仪,,,,,,,,0.0068,-0.1445,0.1680
1568457884502795,加速度计,0.8972,7.9392,5.3103,,,,,,,
1568457894498836,加速度计,-1.2588,5.7138,5.8143,,,,,,,
1568457894497430,陀螺仪,,,,,,,,-0.0081,-0.1384,0.1281
1568457904496336,加速度计,-0.7679,6.1513,6.8049,,,,,,,
1568457914496128,加速度计,-1.0415,6.4428,5.5528,,,,,,,
1568457914497118,陀螺仪,,,,,,,,0.0003,-0.1534,0.1530
1568457924498732,加速度计,-0.8715,6.4835,8.6664,,,,,,,
1568457934504878,加速度计,0.2143,7.4160,8.7017,,,,,,,
1568457934509409,陀螺仪,,,,,,,,0.0172,-0.1719,0.1495
1568457944514774,加速度计,-0.3591,7.1150,6.3991,,,,,,,
1568457954528732,加速度计,0.4693,7.4555,4.0223,,,,,,,
1568457954537326,陀螺仪,,,,,,,,-0.0053,-0.1708,0.1269
1568457964546857,加速度计,-0.8583,5.9005,6.8654,,,,,,,
1568457974568836,加速度计,0.3418,6.9336,10.5584,,,,,,,
1568457974581284,陀螺仪,,,,,,,,-0.0294,-0.1698,0.1618
1568457984594566,加速度计,0.6225,7.2389,10.5183,,,,,,,
1568457994623420,加速度计,-0.0970,8.1122,6.1100,,,,,,,
1568457994638889,陀螺仪,,,,,,,,0.0519,-0.1264,0.1894
1568458004654878,加速度计,0.4184,5.7706,4.7585,,,,,,,
1568458014688524,加速度计,1.9435,7.7291,4.4209,,,,,,,
1568458024723628,加速度计,0.4615,7.7608,9.7157,,,,,,,
1568458014705972,陀螺仪,,,,,,,,0.0085,-0.1128,0.2406
1568458034759357,加速度计,0.6021,7.5615,9.1159,,,,,,,
1568458034777326,陀螺仪,,,,,,,,0.0566,-0.0413,0.2810
1568458044795191,加速度计,0.6782,8.4240,4.1701,,,,,,,
1568458054819461,加速度计,0.4741,8.2253,2.2063,,,,,,,
1568458054829305,陀螺仪,,,,,,,,-0.0201,-0.0020,0.3256
1568458064838628,加速度计,0.5142,6.1477,10.0179,,,,,,,
1568458074857378,加速度计,-0.2161,7.0096,13.3459,,,,,,,
1568458074866805,陀螺仪,,,,,,,,0.0458,0.0546,0.3810
1568458084876128,加速度计,0.1580,8.3103,6.0388,,,,,,,
1568458094894878,加速度计,1.1989,8.3749,1.2570,,,,,,,
1568458094904305,陀螺仪,,,,,,,,0.0470,0.0876,0.3899
1568458104913628,加速度计,0.3226,5.4283,8.1690,,,,,,,
1568458114932378,加速度计,-0.7135,7.0030,8.8262,,,,,,,
1568458114942847,陀螺仪,,,,,,,,0.0707,0.0907,0.3587
1568458124956441,加速度计,-0.2107,7.9703,5.9622,,,,,,,
1568458134972691,加速度计,1.4138,9.1931,1.2929,,,,,,,
1568458134978576,陀螺仪,,,,,,,,0.0439,0.0905,0.3284
1568458144984357,加速度计,0.4423,5.5569,6.0903,,,,,,,
1568458154996389,加速度计,-0.0281,6.8235,6.9085,,,,,,,
1568458155002795,陀螺仪,,,,,,,,-0.0261,0.0760,0.2529
1568458165009201,加速度计,0.6075,7.1724,7.9691,,,,,,,
1568458175022847,加速度计,0.9655,7.4861,2.7593,,,,,,,
1568458185037326,加速度计,0.9720,4.3999,8.3929,,,,,,,
1568458175030086,陀螺仪,,,,,,,,-0.0426,0.0598,0.2280
1568458195053003,加速度计,1.0744,6.9348,10.3819,,,,,,,
1568458195061441,陀螺仪,,,,,,,,0.0075,0.0595,0.1738
1568458205069930,加速度计,2.1039,8.1840,8.3755,,,,,,,
1568458215088107,加速度计,1.1552,7.5896,5.9652,,,,,,,
1568458215097795,陀螺仪,,,,,,,,0.0490,0.0636,0.0979
1568458225107534,加速度计,0.7835,6.0238,6.4877,,,,,,,
1568458235128211,加速度计,1.3132,6.4536,8.2175,,,,,,,
1568458235139149,陀螺仪,,,,,,,,0.0570,0.0394,0.0698
1568458245150139,加速度计,0.5668,8.1134,5.8652,,,,,,,
1568458255172951,加速度计,1.2085,8.2708,4.6579,,,,,,,
1568458255184774,陀螺仪,,,,,,,,0.0224,0.0178,0.0269
1568458265196597,加速度计,1.0846,6.9671,7.5794,,,,,,,
1568458275220711,加速度计,0.0844,6.2124,11.2940,,,,,,,
1568458275233003,陀螺仪,,,,,,,,0.0125,-0.0055,0.0033
1568458285245243,加速度计,1.2133,8.3163,8.4420,,,,,,,
1568458295269826,加速度计,1.4425,7.9080,3.3489,,,,,,,
1568458295281857,陀螺仪,,,,,,,,0.0655,0.0176,-0.0190
1568458305293680,加速度计,-0.0988,6.0490,2.9556,,,,,,,
1568458315313420,加速度计,-0.3735,5.6246,5.2906,,,,,,,
1568458315322899,陀螺仪,,,,,,,,-0.0262,-0.0193,-0.0244
1568458325332222,加速度计,0.2658,7.5040,4.6705,,,,,,,
1568458335350972,加速度计,-0.0646,6.8953,9.6163,,,,,,,
1568458335360399,陀螺仪,,,,,,,,-0.0613,-0.0386,0.0043
1568458345369722,加速度计,0.1287,7.2592,6.1543,,,,,,,
1568458355388472,加速度计,0.4334,7.9918,6.4470,,,,,,,
1568458355397899,陀螺仪,,,,,,,,-0.0758,-0.0035,0.0473
1568458365407222,加速度计,0.1383,5.9765,9.6480,,,,,,,
1568458375427847,加速度计,-0.2304,6.6936,7.8440,,,,,,,
1568458375438211,陀螺仪,,,,,,,,-0.0609,0.0153,0.0889
1568458385446493,加速度计,-0.0245,7.4867,6.2632,,,,,,,
1568458395463159,加速度计,0.1131,6.6158,6.8360,,,,,,,
1568458395471545,陀螺仪,,,,,,,,-0.0908,-0.0013,0.1214
1568458405479826,加速度计,-0.3879,4.6172,11.8387,,,,,,,
1568458415496493,加速度计,1.2372,6.0472,10.1903,,,,,,,
1568458415504878,陀螺仪,,,,,,,,0.0493,0.0421,0.1714
1568458425513159,加速度计,0.4363,7.5603,2.9245,,,,,,,
1568458435530191,加速度计,0.0916,6.7385,4.1755,,,,,,,
1568458435538941,陀螺仪,,,,,,,,-0.0072,0.0455,0.1550
1568458445547639,加速度计,0.4908,4.3922,6.0460,,,,,,,
1568458455565503,加速度计,-0.9607,6.8295,7.4406,,,,,,,
1568458455574670,陀螺仪,,,,,,,,-0.0186,0.0511,0.1839
1568458465583784,加速度计,-0.0192,7.6435,8.8945,,,,,,,
1568458475602482,加速度计,0.0078,6.7379,7.7830,,,,,,,
1568458475612066,陀螺仪,,,,,,,,-0.0161,0.0976,0.2664
1568458485621597,加速度计,0.8847,6.1250,7.4783,,,,,,,
1568458495650711,加速度计,0.2322,7.4364,2.8545,,,,,,,
1568458495664409,陀螺仪,,,,,,,,-0.0356,0.1341,0.2999
1568458505673941,加速度计,-0.3478,5.4684,7.4238,,,,,,,
1568458515692847,加速度计,-0.1574,7.5495,8.5964,,,,,,,
1568458515702274,陀螺仪,,,,,,,,-0.0660,0.1430,0.3297
1568458525711597,加速度计,-0.0126,5.8077,8.1971,,,,,,,
1568458535730347,加速度计,1.3551,8.2067,4.4353,,,,,,,
1568458535739774,陀螺仪,,,,,,,,-0.0391,0.1639,0.3326
1568458545749097,加速度计,-0.2053,6.5799,8.3043,,,,,,,
1568458555767847,加速度计,0.6123,7.3897,9.4002,,,,,,,
1568458555777274,陀螺仪,,,,,,,,-0.0181,0.1996,0.3260
1568458565786597,加速度计,1.3042,9.3422,5.8065,,,,,,,
1568458575805347,加速度计,-0.5680,7.0803,5.7628,,,,,,,
1568458575814774,陀螺仪,,,,,,,,-0.0614,0.2004,0.3252
1568458585824097,加速度计,0.7159,5.0332,11.1815,,,,,,,
1568458595842847,加速度计,0.5225,6.8588,8.3246,,,,,,,
1568458595852274,陀螺仪,,,,,,,,0.0619,0.2674,0.3463
1568458605861597,加速度计,2.0506,8.7927,1.8765,,,,,,,
1568458615880347,加速度计,1.0816,7.3257,5.0703,,,,,,,
1568458615890816,陀螺仪,,,,,,,,-0.0232,0.2425,0.2898
1568458625910868,加速度计,-0.2741,5.3223,12.6797,,,,,,,
1568458638675554,GPS,,,,31.9418,118.7885,3.6800,194.8000,,,
1568458635920868,加速度计,0.9158,8.1678,7.3795,,,,,,,
1568458635925920,陀螺仪,,,,,,,,0.1124,0.3000,0.2928
1568458645930868,加速度计,1.9022,10.1939,-0.8924,,,,,,,
1568458655941284,加速度计,1.1618,5.8484,3.2501,,,,,,,
1568458655946961,陀螺仪,,,,,,,,-0.1060,0.2485,0.2157
1568458665952534,加速度计,-0.7727,3.8158,14.0701,,,,,,,
1568458675967274,加速度计,-0.1891,8.1175,10.8810,,,,,,,
1568458675984566,陀螺仪,,,,,,,,0.0511,0.2678,0.2103
1568458686001805,加速度计,0.9044,9.5487,3.5997,,,,,,,
1568458696033107,加速度计,1.4910,6.7265,4.2108,,,,,,,
1568458696044201,陀螺仪,,,,,,,,-0.0206,0.2558,0.1652
1568458706053732,加速度计,0.6315,3.8882,8.9046,,,,,,,
1568458716072534,加速度计,0.4854,7.7303,9.1267,,,,,,,
1568458716081961,陀螺仪,,,,,,,,0.0429,0.2446,0.0601
1568458726091284,加速度计,-0.3645,8.9597,4.0989,,,,,,,
1568458736110034,加速度计,1.5335,7.2215,4.8034,,,,,,,
1568458736119461,陀螺仪,,,,,,,,-0.0115,0.2009,0.0297
1568458746128784,加速度计,0.0593,3.9648,10.9906,,,,,,,
1568458756147534,加速度计,-0.4998,8.7352,7.6872,,,,,,,
1568458756156961,陀螺仪,,,,,,,,0.0806,0.1973,-0.0354
1568458766166284,加速度计,0.0587,8.6790,6.0424,,,,,,,
1568458776185034,加速度计,0.5866,6.6266,4.2060,,,,,,,
1568458776194461,陀螺仪,,,,,,,,0.0479,0.1450,-0.0686
1568458786203784,加速度计,-0.2843,5.5587,9.0327,,,,,,,
1568458796222534,加速度计,-0.3065,7.9691,8.8663,,,,,,,
1568458796231961,陀螺仪,,,,,,,,0.0838,0.0896,-0.1277
1568458806241284,加速度计,0.9062,8.1834,9.0058,,,,,,,
1568458816260034,加速度计,0.3256,7.1958,4.5975,,,,,,,
1568458816269461,陀螺仪,,,,,,,,0.1342,0.0417,-0.2045
1568458826278784,加速度计,0.6776,6.8061,4.3646,,,,,,,
1568458836297534,加速度计,1.5838,8.3875,3.2723,,,,,,,
1568458836306961,陀螺仪,,,,,,,,0.0743,-0.0296,-0.3394
1568458846316284,加速度计,0.9164,8.3546,5.5234,,,,,,,
1568458856335034,加速度计,0.1077,7.3622,7.4238,,,,,,,
1568458856344461,陀螺仪,,,,,,,,0.0004,-0.0886,-0.4147
1568458866353784,加速度计,0.4387,8.0140,9.0327,,,,,,,
1568458876380503,加速度计,0.2753,6.8253,9.9060,,,,,,,
1568458876388055,陀螺仪,,,,,,,,0.0313,-0.0931,-0.4005
1568458886395503,加速度计,0.2065,7.5262,7.6471,,,,,,,
1568458896410503,加速度计,1.0558,6.6283,6.5745,,,,,,,
1568458896418055,陀螺仪,,,,,,,,0.0679,-0.1234,-0.3700
1568458906425503,加速度计,1.2797,7.6495,4.9087,,,,,,,
1568458916440920,加速度计,-0.5142,6.0944,8.7747,,,,,,,
1568458916448889,陀螺仪,,,,,,,,0.0369,-0.1660,-0.3834
1568458926456753,加速度计,0.7590,6.3512,7.2496,,,,,,,
1568458936473003,加速度计,0.1221,6.5583,6.7588,,,,,,,
1568458936481389,陀螺仪,,,,,,,,0.0756,-0.1772,-0.3503
1568458946489670,加速度计,0.6632,7.5046,4.6112,,,,,,,
1568458956507170,加速度计,0.0275,6.0591,4.4005,,,,,,,
1568458956516389,陀螺仪,,,,,,,,0.0059,-0.1863,-0.3406
1568458966525503,加速度计,-0.1071,6.0741,7.0557,,,,,,,
1568458976544670,加速度计,-1.1534,5.6072,9.8641,,,,,,,
1568458976554722,陀螺仪,,,,,,,,-0.0064,-0.1976,-0.2756
1568458986564670,加速度计,-0.8781,6.8001,5.2104,,,,,,,
1568458996585086,加速度计,0.4555,6.7277,6.2130,,,,,,,
1568458996595555,陀螺仪,,,,,,,,-0.0185,-0.2069,-0.1707
1568459006605920,加速度计,0.6943,5.8000,11.2761,,,,,,,
1568459016627170,加速度计,-0.7380,6.9145,7.1736,,,,,,,
1568459016638055,陀螺仪,,,,,,,,0.0590,-0.1577,-0.1170
1568459026648836,加速度计,1.0654,8.0146,5.3193,,,,,,,
1568459036670503,加速度计,1.1313,6.0789,5.1751,,,,,,,
1568459036681389,陀螺仪,,,,,,,,0.0120,-0.1324,-0.0686
1568459046692170,加速度计,0.0215,6.5805,5.2984,,,,,,,
1568459056713836,加速度计,0.3442,7.0976,6.5230,,,,,,,
1568459056724722,陀螺仪,,,,,,,,-0.0340,-0.1108,0.0048
1568459066735503,加速度计,0.7021,7.9930,6.9450,,,,,,,
1568459076755920,加速度计,0.9206,6.9671,7.2724,,,,,,,
1568459076765555,陀螺仪,,,,,,,,-0.0660,-0.0807,0.0578
1568459086775086,加速度计,0.3801,5.7275,8.3965,,,,,,,
1568459096794253,加速度计,0.4645,8.5419,6.6367,,,,,,,
1568459096803680,陀螺仪,,,,,,,,-0.0478,-0.0391,0.0893
1568459106813003,加速度计,0.9571,6.3177,10.7727,,,,,,,
1568459116831753,加速度计,0.4369,6.5757,9.6307,,,,,,,
1568459116841805,陀螺仪,,,,,,,,0.0365,0.0017,0.1309
1568459126853836,加速度计,0.5926,8.8047,4.8890,,,,,,,
1568459136870086,加速度计,1.5490,7.2161,4.7112,,,,,,,
1568459136878264,陀螺仪,,,,,,,,0.0105,0.0178,0.1266
1568459146886336,加速度计,0.3831,8.7897,2.8054,,,,,,,
1568459156902586,加速度计,-0.2400,7.7943,6.7133,,,,,,,
1568459156910764,陀螺仪,,,,,,,,-0.1061,-0.0020,0.1392
1568459166918836,加速度计,0.1640,7.1521,10.3795,,,,,,,
1568459176935503,加速度计,-0.2921,6.9264,12.5468,,,,,,,
1568459176944097,陀螺仪,,,,,,,,-0.0302,0.0523,0.2285
1568459186952586,加速度计,1.9842,8.4767,6.1567,,,,,,,
1568459196970086,加速度计,0.4310,7.0234,4.8973,,,,,,,
1568459196979097,陀螺仪,,,,,,,,-0.0205,0.0707,0.1995
1568459206988003,加速度计,0.0970,5.3672,5.7640,,,,,,,
1568459217006336,加速度计,0.3220,6.6906,6.0382,,,,,,,
1568459217015764,陀螺仪,,,,,,,,-0.0241,0.0740,0.1908
1568459227025086,加速度计,-0.2981,6.8468,6.4015,,,,,,,
1568459237044253,加速度计,0.2233,5.7820,10.2131,,,,,,,
1568459237054097,陀螺仪,,,,,,,,-0.0012,0.0692,0.2157
1568459247063836,加速度计,0.3729,7.3568,8.7287,,,,,,,
1568459257083836,加速度计,0.5902,8.0278,6.9240,,,,,,,
1568459257094097,陀螺仪,,,,,,,,0.0652,0.0670,0.2007
1568459267104253,加速度计,0.3208,6.6804,8.5204,,,,,,,
1568459277125086,加速度计,1.1528,7.6016,6.1196,,,,,,,
1568459277135555,陀螺仪,,,,,,,,0.1168,0.0743,0.1645
1568459287145920,加速度计,0.0700,6.8067,4.1282,,,,,,,
1568459297166753,加速度计,1.0247,6.6888,4.6238,,,,,,,
1568459297177222,陀螺仪,,,,,,,,0.0574,0.0417,0.1262
1568459307187586,加速度计,-0.1520,6.9025,7.7195,,,,,,,
1568459317208420,加速度计,0.5183,5.4372,8.5264,,,,,,,
1568459317218889,陀螺仪,,,,,,,,0.0646,0.0481,0.1240
1568459327229253,加速度计,0.7673,7.4777,7.1293,,,,,,,
1568459337249670,加速度计,-0.5507,6.3997,7.0054,,,,,,,
1568459337259305,陀螺仪,,,,,,,,0.0967,0.0614,0.1108
1568459347268836,加速度计,0.2807,6.1345,6.4416,,,,,,,
1568459357287586,加速度计,-0.4579,7.4897,5.3181,,,,,,,
1568459357297014,陀螺仪,,,,,,,,0.1027,0.0495,0.1273
1568459367306336,加速度计,0.2221,7.6626,5.4384,,,,,,,
1568459377345086,加速度计,1.5275,7.3837,6.0908,,,,,,,
1568459387344670,加速度计,-0.0964,7.2939,5.9885,,,,,,,
1568459377344930,陀螺仪,,,,,,,,0.0533,0.0438,0.1336
1568459397344670,加速度计,0.4088,7.0641,8.8029,,,,,,,
1568459397345347,陀螺仪,,,,,,,,0.0242,0.0534,0.1522
1568459407345920,加速度计,1.2594,7.5824,6.0029,,,,,,,
1568459417349253,加速度计,0.3172,6.9605,6.9845,,,,,,,
1568459417352222,陀螺仪,,,,,,,,0.0032,0.0778,0.1458
1568459427355086,加速度计,-0.5381,6.3506,8.7293,,,,,,,
1568459437363836,加速度计,-0.1167,6.6008,9.7085,,,,,,,
1568459437369930,陀螺仪,,,,,,,,0.0214,0.0804,0.1774
1568459447375920,加速度计,0.7135,8.0846,8.7670,,,,,,,
1568459457391336,加速度计,0.9948,7.5878,6.9067,,,,,,,
1568459457400764,陀螺仪,,,,,,,,0.0473,0.0889,0.1668
1568459467410086,加速度计,0.4968,5.9568,5.9424,,,,,,,
1568459477432170,加速度计,0.5010,6.7702,6.1046,,,,,,,
1568459477444722,陀螺仪,,,,,,,,0.0222,0.0702,0.1257
1568459487457170,加速度计,0.7919,5.7407,9.5361,,,,,,,
1568459497484670,加速度计,0.1484,7.4825,9.3547,,,,,,,
1568459497499514,陀螺仪,,,,,,,,0.0800,0.0711,0.1213
1568459507514253,加速度计,0.5219,8.7867,6.0382,,,,,,,
1568459517545503,加速度计,1.4395,7.0455,4.0851,,,,,,,
1568459517561805,陀螺仪,,,,,,,,0.0563,0.0527,0.0858
1568459527578003,加速度计,0.8338,7.4113,4.8626,,,,,,,
1568459537610920,加速度计,0.8853,7.0844,7.9009,,,,,,,
1568459537627430,陀螺仪,,,,,,,,-0.0245,0.0256,0.0324
1568459547643836,加速度计,0.2819,7.0647,7.4065,,,,,,,
1568459557667586,加速度计,-0.3322,6.8977,4.1258,,,,,,,
1568459557677222,陀螺仪,,,,,,,,-0.0136,0.0567,0.0754
1568459567686753,加速度计,0.5938,7.4843,5.0679,,,,,,,
1568459577705503,加速度计,0.9673,6.3458,7.7788,,,,,,,
1568459577714930,陀螺仪,,,,,,,,-0.0640,0.0875,0.1169
1568459587724253,加速度计,-0.8182,7.0653,8.6616,,,,,,,
1568459597743003,加速度计,0.5495,8.1702,3.4554,,,,,,,
1568459597752430,陀螺仪,,,,,,,,-0.0196,0.1569,0.2479
1568459607761753,加速度计,1.0427,6.7331,7.2036,,,,,,,
1568459617780503,加速度计,-0.2717,6.8025,10.0030,,,,,,,
1568459617792014,陀螺仪,,,,,,,,-0.0124,0.2353,0.3365
1568459627814045,加速度计,-0.3244,7.3801,9.9078,,,,,,,
1568459642909772,GPS,,,,31.9418,118.7885,3.6400,190.0000,,,
1568459637819461,加速度计,0.5477,9.6804,3.2328,,,,,,,
1568459637822430,陀螺仪,,,,,,,,0.0565,0.3045,0.4539
1568459647825295,加速度计,1.2043,5.9442,4.5909,,,,,,,
1568459657831961,加速度计,-0.3669,6.2770,9.2913,,,,,,,
1568459657835972,陀螺仪,,,,,,,,0.0025,0.3246,0.4471
1568459667839878,加速度计,-0.4423,6.7151,8.6431,,,,,,,
1568459677849461,加速度计,-0.9960,7.7859,5.6030,,,,,,,
1568459677855347,陀螺仪,,,,,,,,0.0929,0.3506,0.4594
1568459687861128,加速度计,-0.3358,7.5142,4.1162,,,,,,,
1568459697874878,加速度计,-0.5549,6.5655,7.5483,,,,,,,
1568459697883055,陀螺仪,,,,,,,,0.0569,0.3290,0.4005
1568459707891128,加速度计,-0.8577,8.9405,6.2213,,,,,,,
1568459717909878,加速度计,-0.0539,8.4503,7.3735,,,,,,,
1568459717920347,陀螺仪,,,,,,,,0.0328,0.2746,0.3056
1568459727930711,加速度计,-0.5896,7.4986,6.1268,,,,,,,
1568459737953628,加速度计,-0.5495,6.9791,3.9480,,,,,,,
1568459737966180,陀螺仪,,,,,,,,-0.0149,0.2445,0.2185
1568459747978628,加速度计,0.1041,5.6725,8.7526,,,,,,,
1568459758005295,加速度计,-0.3926,7.1162,6.7499,,,,,,,
1568459758019305,陀螺仪,,,,,,,,0.0174,0.2258,0.1507
1568459768033211,加速度计,0.0664,8.1726,3.2819,,,,,,,
1568459778061961,加速度计,1.4461,7.3269,4.9440,,,,,,,
1568459778076597,陀螺仪,,,,,,,,-0.0718,0.1678,0.0703
1568459788091128,加速度计,0.7290,5.6808,8.4455,,,,,,,
1568459798120295,加速度计,-0.4645,6.8223,8.7382,,,,,,,
1568459798131389,陀螺仪,,,,,,,,-0.0399,0.1388,-0.0240
1568459808142378,加速度计,0.9936,7.7470,3.8343,,,,,,,
1568459818161545,加速度计,0.4459,5.9352,4.2665,,,,,,,
1568459818170972,陀螺仪,,,,,,,,-0.0989,0.0875,-0.0904
1568459828180295,加速度计,0.4770,4.9003,6.7457,,,,,,,
1568459838199045,加速度计,0.6195,5.8317,7.3580,,,,,,,
1568459838208472,陀螺仪,,,,,,,,-0.0810,0.0630,-0.1354
1568459848217795,加速度计,1.3390,7.7051,5.8772,,,,,,,
1568459858236545,加速度计,0.3508,6.2788,7.4939,,,,,,,
1568459858245972,陀螺仪,,,,,,,,-0.0952,0.0431,-0.1778
1568459868255295,加速度计,0.1873,5.5456,10.2454,,,,,,,
1568459878286857,陀螺仪,,,,,,,,0.0033,0.0373,-0.1376
1568459878279722,加速度计,-0.0491,7.6752,10.8613,,,,,,,
1568459888293889,加速度计,0.4322,8.7346,8.1319,,,,,,,
1568459898308055,加速度计,1.2360,8.2588,7.2449,,,,,,,
1568459898315191,陀螺仪,,,,,,,,0.0013,0.0121,-0.1537
1568459908322274,加速度计,0.9505,4.8776,7.4825,,,,,,,
1568459918336909,加速度计,0.5902,8.0128,2.1650,,,,,,,
1568459918344461,陀螺仪,,,,,,,,-0.0041,-0.0057,-0.2013
1568459928352014,加速度计,0.2879,6.1770,6.3811,,,,,,,
1568459938367951,加速度计,0.5614,6.4739,8.2893,,,,,,,
1568459938376336,陀螺仪,,,,,,,,-0.0776,-0.0273,-0.2013
1568459948384722,加速度计,0.3837,6.3123,10.5243,,,,,,,
1568459958402326,加速度计,0.8972,6.9252,10.4728,,,,,,,
1568459958411545,陀螺仪,,,,,,,,-0.0184,-0.0354,-0.2153
1568459968420764,加速度计,0.3065,7.6136,8.2217,,,,,,,
1568459978450086,陀螺仪,,,,,,,,-0.0056,-0.0680,-0.2205
1568459978440034,加速度计,0.5231,6.9695,6.5799,,,,,,,
1568459988460139,加速度计,1.4108,6.0962,7.1491,,,,,,,
1568459998481076,加速度计,0.5794,7.5064,6.2668,,,,,,,
1568459998491961,陀螺仪,,,,,,,,-0.0001,-0.0804,-0.2368
1568460008502795,加速度计,1.3336,7.1042,5.0236,,,,,,,
1568460018524930,加速度计,1.7214,6.6182,5.4055,,,,,,,
1568460018536232,陀螺仪,,,,,,,,-0.0350,-0.1035,-0.2585
1568460028547430,加速度计,1.3485,6.4853,6.3817,,,,,,,
1568460038569930,加速度计,0.4543,6.2764,6.9294,,,,,,,
1568460038581232,陀螺仪,,,,,,,,-0.0345,-0.0856,-0.2715
1568460048592430,加速度计,0.2711,6.9629,6.8522,,,,,,,
1568460058614826,加速度计,-0.1514,7.4436,6.2423,,,,,,,
1568460058625711,陀螺仪,,,,,,,,-0.0266,-0.0901,-0.2109
1568460068636180,加速度计,0.3561,5.8760,6.6541,,,,,,,
1568460078655347,加速度计,0.5602,6.6487,8.0966,,,,,,,
1568460078664982,陀螺仪,,,,,,,,-0.0057,-0.0874,-0.1587
1568460088674461,加速度计,0.4585,6.5565,8.9082,,,,,,,
1568460098693211,加速度计,-0.6656,5.9418,6.4985,,,,,,,
1568460098702639,陀螺仪,,,,,,,,0.0908,-0.0278,-0.0704
1568460108711961,加速度计,0.3861,7.1108,4.3886,,,,,,,
1568460118731545,加速度计,0.0634,6.9133,4.6370,,,,,,,
1568460118744305,陀螺仪,,,,,,,,0.0758,-0.0049,0.0238
1568460128771180,加速度计,0.8458,7.6848,6.3452,,,,,,,
1568460138766284,加速度计,0.4106,7.6866,4.9674,,,,,,,
1568460138764253,陀螺仪,,,,,,,,0.0431,0.0435,0.0711
1568460148762326,加速度计,0.3891,8.4898,3.7571,,,,,,,
1568460158762691,加速度计,-0.0413,7.0372,7.5387,,,,,,,
1568460158781389,陀螺仪,,,,,,,,-0.0494,0.0553,0.1137
1568460168800711,加速度计,-0.3849,8.0110,9.1698,,,,,,,
1568460178839461,加速度计,0.3100,6.8636,10.4256,,,,,,,
1568460178854201,陀螺仪,,,,,,,,-0.0079,0.0640,0.1469
1568460188864149,加速度计,0.7033,7.4669,5.6958,,,,,,,
1568460198883211,加速度计,0.0904,6.3153,5.1751,,,,,,,
1568460198892639,陀螺仪,,,,,,,,0.0035,0.0553,0.1005
1568460208901961,加速度计,0.5926,8.0942,6.0394,,,,,,,
1568460218920711,加速度计,0.0916,6.7098,6.8702,,,,,,,
1568460218930139,陀螺仪,,,,,,,,-0.0095,0.0300,0.0607
1568460228939461,加速度计,0.5255,8.8909,5.5144,,,,,,,
1568460238958211,加速度计,1.2761,7.6070,4.8578,,,,,,,
1568460238967639,陀螺仪,,,,,,,,-0.0702,0.0060,-0.0020
1568460248976961,加速度计,0.6620,7.2502,7.6890,,,,,,,
1568460258995711,加速度计,-0.2514,7.7470,8.7628,,,,,,,
1568460259005139,陀螺仪,,,,,,,,-0.0976,-0.0088,-0.0109
1568460269014461,加速度计,1.5927,7.3412,8.7897,,,,,,,
1568460279033211,加速度计,1.6275,7.2437,6.7307,,,,,,,
1568460279042639,陀螺仪,,,,,,,,-0.0603,-0.0229,-0.0218
1568460289051961,加速度计,0.6662,6.5936,9.6959,,,,,,,
1568460299070711,加速度计,2.0596,5.8508,7.5633,,,,,,,
1568460299080139,陀螺仪,,,,,,,,0.0045,-0.0217,-0.0583
1568460309089461,加速度计,1.3396,6.6822,6.0615,,,,,,,
1568460319108211,加速度计,-0.3256,6.4189,4.4227,,,,,,,
1568460319117639,陀螺仪,,,,,,,,0.0057,-0.0309,-0.1073
1568460329126961,加速度计,0.2221,5.9693,7.3095,,,,,,,
1568460339145711,加速度计,0.4154,6.5092,12.0931,,,,,,,
1568460339155139,陀螺仪,,,,,,,,0.0028,-0.0838,-0.0886
1568460349164461,加速度计,1.0463,8.5958,11.4030,,,,,,,
1568460359183211,加速度计,0.3992,7.2784,6.1471,,,,,,,
1568460359192639,陀螺仪,,,,,,,,0.0941,-0.0627,-0.1073
1568460369201961,加速度计,0.4645,5.3612,2.7599,,,,,,,
1568460379237170,陀螺仪,,,,,,,,0.0201,-0.0987,-0.0808
1568460379231909,加速度计,-0.4735,5.3774,4.8435,,,,,,,
1568460389242326,加速度计,-0.8493,6.0124,9.0812,,,,,,,
1568460399258316,陀螺仪,,,,,,,,0.0498,-0.0714,0.0115
1568460399252847,加速度计,0.9906,8.1529,8.3767,,,,,,,
1568460409263889,加速度计,0.2735,7.1269,9.1716,,,,,,,
1568460419275868,加速度计,0.4645,6.3345,5.5845,,,,,,,
1568460419282378,陀螺仪,,,,,,,,0.1013,0.0012,0.0903
1568460429289097,加速度计,-0.5519,7.3406,4.1114,,,,,,,
1568460439303784,加速度计,0.1275,8.1511,4.8321,,,,,,,
1568460439313941,陀螺仪,,,,,,,,0.0378,0.0461,0.2281
1568460449328264,加速度计,0.1682,6.4799,9.1291,,,,,,,
1568460459371857,陀螺仪,,,,,,,,0.0634,0.1435,0.3602
1568460459357222,加速度计,-0.5363,7.2227,6.1986,,,,,,,
1568460469386389,加速度计,-0.4681,7.2586,3.1837,,,,,,,
1568460479412847,加速度计,0.0275,6.8031,1.7412,,,,,,,
1568460479424774,陀螺仪,,,,,,,,-0.0209,0.1664,0.4700
1568460489434305,加速度计,0.6045,5.6330,9.0746,,,,,,,
1568460499453472,加速度计,0.3382,6.6930,10.9798,,,,,,,
1568460499463107,陀螺仪,,,,,,,,0.0186,0.2410,0.4834
1568460509472430,加速度计,-0.2041,7.6704,9.4792,,,,,,,
1568460519491180,加速度计,-0.0652,8.2977,3.3112,,,,,,,
1568460519500607,陀螺仪,,,,,,,,0.0815,0.2989,0.5044
1568460529509930,加速度计,0.0832,6.5900,4.4921,,,,,,,
1568460539528680,加速度计,-0.0329,6.4482,9.5445,,,,,,,
1568460539538107,陀螺仪,,,,,,,,0.0132,0.2650,0.4321
1568460549547430,加速度计,0.1437,8.6072,8.3653,,,,,,,
1568460559566180,加速度计,0.4238,7.4502,10.2663,,,,,,,
1568460559575607,陀螺仪,,,,,,,,0.0518,0.2348,0.3585
1568460569584930,加速度计,0.4112,7.7009,6.2381,,,,,,,
1568460579603680,加速度计,1.1277,6.3650,7.2149,,,,,,,
1568460579613107,陀螺仪,,,,,,,,0.0671,0.2204,0.2446
1568460589622430,加速度计,1.3001,7.3406,4.3497,,,,,,,
1568460599650607,陀螺仪,,,,,,,,0.0228,0.1601,0.0941
1568460599641180,加速度计,0.1700,8.5694,7.0874,,,,,,,
1568460609659930,加速度计,0.5399,7.6106,8.8083,,,,,,,
1568460619688107,陀螺仪,,,,,,,,0.0128,0.1092,-0.0025
1568460619678680,加速度计,0.6955,9.0148,4.9153,,,,,,,
1568460636390605,GPS,,,,31.9418,118.7885,3.5800,184.1000,,,
1568460629701284,加速度计,0.5291,7.7345,4.3592,,,,,,,
1568460639719201,加速度计,1.6179,6.3770,5.2589,,,,,,,
1568460639728211,陀螺仪,,,,,,,,-0.0913,0.0192,-0.0997
1568460649737118,加速度计,0.5800,6.2147,10.8559,,,,,,,
1568460659755034,加速度计,0.4507,7.6722,12.0363,,,,,,,
1568460659764045,陀螺仪,,,,,,,,0.0071,0.0119,-0.1491
1568460669772951,加速度计,0.2741,7.5298,7.7458,,,,,,,
1568460679790868,加速度计,1.5275,7.7069,3.8146,,,,,,,
1568460679799878,陀螺仪,,,,,,,,0.0542,0.0186,-0.1397
1568460689811701,加速度计,1.8046,7.4891,3.0185,,,,,,,
1568460699843524,加速度计,0.8679,6.1854,8.7436,,,,,,,
1568460699843368,陀螺仪,,,,,,,,-0.0298,-0.0035,-0.1858
1568460709843316,加速度计,0.0593,7.8661,9.7845,,,,,,,
1568460719843941,加速度计,0.5237,5.5659,8.7538,,,,,,,
1568460719844618,陀螺仪,,,,,,,,0.0618,0.0394,-0.0981
1568460729846232,加速度计,0.4064,6.8492,1.6370,,,,,,,
1568460739850816,加速度计,1.2085,5.4444,4.8423,,,,,,,
1568460739853784,陀螺仪,,,,,,,,0.0013,0.0447,-0.0438
1568460749858107,加速度计,0.8673,5.2074,9.0770,,,,,,,
1568460759868524,加速度计,-0.6339,7.7596,8.7460,,,,,,,
1568460759874618,陀螺仪,,,,,,,,0.0893,0.0763,-0.0234
1568460769882274,加速度计,-0.4304,7.8470,7.2425,,,,,,,
1568460779899357,加速度计,0.3430,7.4520,4.0833,,,,,,,
1568460779908784,陀螺仪,,,,,,,,0.1158,0.0679,0.0344
1568460789919774,加速度计,0.5339,6.8893,3.8768,,,,,,,
1568460799943316,加速度计,-0.4298,7.5196,5.5420,,,,,,,
1568460799955868,陀螺仪,,,,,,,,0.0308,0.0364,-0.0294
1568460809969566,加速度计,-1.0349,6.6906,10.2627,,,,,,,
1568460819998107,加速度计,-1.1516,8.1325,8.5252,,,,,,,
1568460820012951,陀螺仪,,,,,,,,0.0875,0.0238,0.0005
1568460830028524,加速度计,0.4322,8.3348,5.6575,,,,,,,
1568460840060399,加速度计,-0.4824,6.8833,6.0651,,,,,,,
1568460840076701,陀螺仪,,,,,,,,0.0610,0.0192,-0.0253
1568460850093107,加速度计,-1.0523,6.8235,4.9021,,,,,,,
1568460860126024,加速度计,0.3723,6.8893,7.5573,,,,,,,
1568460860142534,陀螺仪,,,,,,,,0.0133,-0.0048,0.0320
1568460870154357,加速度计,-0.5770,7.3490,8.9687,,,,,,,
1568460880175816,加速度计,0.0569,8.6048,9.1578,,,,,,,
1568460880185451,陀螺仪,,,,,,,,0.0498,0.0234,0.0517
1568460890194774,加速度计,-0.0533,7.0467,9.4840,,,,,,,
1568460900213524,加速度计,-0.5596,7.5561,5.3469,,,,,,,
1568460900222951,陀螺仪,,,,,,,,0.1040,0.0262,0.0679
1568460910232274,加速度计,-0.3184,7.6728,2.7982,,,,,,,
1568460920251024,加速度计,-0.2352,7.1742,4.1970,,,,,,,
1568460920260451,陀螺仪,,,,,,,,-0.0165,-0.0052,0.0780
1568460930269774,加速度计,-0.0102,6.6116,8.4491,,,,,,,
1568460940291024,加速度计,-0.9732,7.2856,8.2564,,,,,,,
1568460940316857,陀螺仪,,,,,,,,-0.0293,0.0112,0.1067
1568460950317639,加速度计,-0.6823,5.8472,7.4579,,,,,,,
1568460960319514,加速度计,0.3394,6.7708,5.5755,,,,,,,
1568460960320607,陀螺仪,,,,,,,,-0.0479,0.0250,0.1494
1568460970322222,加速度计,-0.6967,4.7812,7.7692,,,,,,,
1568460980326389,加速度计,-0.1694,6.2537,8.3294,,,,,,,
1568460980328941,陀螺仪,,,,,,,,-0.0433,0.0217,0.1557
1568460990332430,加速度计,0.3693,6.0885,10.0539,,,,,,,
1568461000340764,加速度计,0.5746,6.6631,4.9446,,,,,,,
1568461000345607,陀螺仪,,,,,,,,0.0005,0.0185,0.1329
1568461010351805,加速度计,1.2510,6.2207,5.1840,,,,,,,
1568461020365764,加速度计,0.6632,6.8755,7.7931,,,,,,,
1568461020373524,陀螺仪,,,,,,,,-0.0362,0.0127,0.0893
1568461030382639,加速度计,0.2412,6.6505,9.0225,,,,,,,
1568461040402430,加速度计,1.3001,8.1247,7.8781,,,,,,,
1568461040413107,陀螺仪,,,,,,,,0.0103,0.0166,0.1049
1568461050425139,加速度计,1.5227,5.7844,7.6351,,,,,,,
1568461060450555,加速度计,1.9992,6.8079,4.5867,,,,,,,
1568461060463941,陀螺仪,,,,,,,,0.0382,0.0345,0.0485
1568461070478264,加速度计,1.0008,6.3835,3.9887,,,,,,,
1568461080523107,陀螺仪,,,,,,,,-0.0325,0.0209,0.0269
1568461080507847,加速度计,1.7095,9.0028,5.0236,,,,,,,
1568461090538889,加速度计,1.2480,8.4060,8.8837,,,,,,,
1568461100570764,加速度计,0.7554,7.4184,7.4603,,,,,,,
1568461100586857,陀螺仪,,,,,,,,-0.0261,0.0549,0.0113
1568461110602847,加速度计,1.4814,7.4968,2.5025,,,,,,,
1568461120630347,加速度计,1.0636,6.5523,6.1723,,,,,,,
1568461120641857,陀螺仪,,,,,,,,-0.1032,0.0178,-0.0040
1568461130651180,加速度计,1.3060,6.0094,11.2629,,,,,,,
1568461140669930,加速度计,1.0050,9.4607,9.0513,,,,,,,
1568461140679357,陀螺仪,,,,,,,,0.0270,0.0410,-0.0473
1568461150688680,加速度计,1.3455,9.2171,3.8618,,,,,,,
1568461160707430,加速度计,1.4658,7.0820,2.6498,,,,,,,
1568461160716857,陀螺仪,,,,,,,,-0.0652,-0.0277,-0.1431
1568461170726180,加速度计,0.3771,6.2052,8.3875,,,,,,,
1568461180754357,陀螺仪,,,,,,,,-0.0515,-0.0662,-0.1814
1568461180744930,加速度计,0.4914,8.4114,10.6309,,,,,,,
1568461190764722,加速度计,1.3120,6.6439,8.2911,,,,,,,
1568461200785607,加速度计,1.4293,6.3261,5.4845,,,,,,,
1568461200793784,陀螺仪,,,,,,,,0.0130,-0.0607,-0.2304
1568461210801857,加速度计,0.7344,5.8873,2.9281,,,,,,,
1568461220818107,加速度计,0.0239,6.8612,5.2074,,,,,,,
1568461220826284,陀螺仪,,,,,,,,-0.0426,-0.0952,-0.2057
1568461230834357,加速度计,1.4958,6.6924,6.2381,,,,,,,
1568461240850868,加速度计,1.3210,7.4047,6.1555,,,,,,,
1568461240859305,陀螺仪,,,,,,,,-0.0503,-0.0511,-0.1317
1568461250867795,加速度计,0.5142,6.0053,8.2103,,,,,,,
1568461260885139,加速度计,2.0776,7.1976,5.3510,,,,,,,
1568461260893993,陀螺仪,,,,,,,,-0.0210,0.0104,-0.0503
1568461270902899,加速度计,1.1265,8.2253,5.2080,,,,,,,
1568461280921076,加速度计,-0.1670,5.4007,10.5207,,,,,,,
1568461280930347,陀螺仪,,,,,,,,-0.0635,0.0377,0.0180
1568461290939670,加速度计,1.1516,7.0779,7.1778,,,,,,,
1568461300958680,加速度计,1.2013,7.6638,4.8363,,,,,,,
1568461300968368,陀螺仪,,,,,,,,-0.0060,0.0650,0.0518
1568461310978107,加速度计,1.0678,7.0084,5.0595,,,,,,,
1568461320997951,加速度计,-0.3519,6.1615,9.6385,,,,,,,
1568461321008055,陀螺仪,,,,,,,,-0.0526,0.0658,0.0453
1568461331018211,加速度计,0.0784,6.9222,6.8205,,,,,,,
1568461341038889,加速度计,0.1347,7.1700,7.0743,,,,,,,
1568461341049357,陀螺仪,,,,,,,,-0.0224,0.0438,0.0467
1568461351059722,加速度计,-0.9379,5.6024,7.3334,,,,,,,
1568461361080555,加速度计,-0.3537,6.1681,7.2413,,,,,,,
1568461361091024,陀螺仪,,,,,,,,0.0092,0.0092,0.0266
1568461371101389,加速度计,-0.2448,8.1900,5.1362,,,,,,,
1568461381122222,加速度计,0.4328,6.1166,11.4305,,,,,,,
1568461391143055,加速度计,-0.0281,7.8356,8.1523,,,,,,,
1568461381132691,陀螺仪,,,,,,,,-0.0120,-0.0391,-0.0004
1568461401163889,加速度计,-0.6327,7.4124,7.5717,,,,,,,
1568461401174149,陀螺仪,,,,,,,,0.0414,-0.0296,-0.0177
1568461411183680,加速度计,0.4782,8.2187,4.2719,,,,,,,
1568461421202847,加速度计,-0.8823,5.8784,8.2444,,,,,,,
1568461421212482,陀螺仪,,,,,,,,-0.0344,-0.0647,0.0138
1568461431222014,加速度计,0.2951,6.5769,8.5060,,,,,,,
1568461441245086,加速度计,0.1419,7.3478,4.5238,,,,,,,
1568461441273368,陀螺仪,,,,,,,,-0.0024,-0.0427,0.0609
1568461451269774,加速度计,0.1179,6.6996,6.4991,,,,,,,
1568461461263211,加速度计,0.5722,6.6289,7.8536,,,,,,,
1568461461260347,陀螺仪,,,,,,,,-0.0246,-0.0242,0.1101
1568461471258003,加速度计,-0.3406,8.2462,8.4922,,,,,,,
1568461481254982,加速度计,0.4693,7.0114,8.1906,,,,,,,
1568461481254409,陀螺仪,,,,,,,,0.0077,0.0061,0.1730
1568461491254982,加速度计,0.1293,5.9059,6.4278,,,,,,,
1568461501258836,加速度计,-0.1526,6.1345,4.5035,,,,,,,
1568461501262170,陀螺仪,,,,,,,,0.0178,0.0403,0.2290
1568461511267118,加速度计,0.2316,7.0222,5.0625,,,,,,,
1568461521279982,加速度计,-0.0605,7.4771,6.7343,,,,,,,
1568461521287899,陀螺仪,,,,,,,,-0.0092,0.0656,0.2783
1568461531297430,加速度计,0.7626,6.2022,7.6459,,,,,,,
1568461541319461,加速度计,0.2263,6.5116,8.7777,,,,,,,
1568461541331909,陀螺仪,,,,,,,,0.0316,0.1162,0.3202
1568461551345816,加速度计,0.0263,7.3245,6.0944,,,,,,,
1568461561375816,加速度计,0.0389,8.1894,5.7700,,,,,,,
1568461561391857,陀螺仪,,,,,,,,0.0475,0.1495,0.3824
1568461571408889,加速度计,0.6638,8.0601,4.5993,,,,,,,
1568461581444357,加速度计,0.6404,7.2239,8.6329,,,,,,,
1568461581462691,陀螺仪,,,,,,,,-0.0069,0.1691,0.3772
1568461591481389,加速度计,-0.5968,7.1712,7.8961,,,,,,,
1568461601519149,加速度计,-1.2582,7.9877,7.7051,,,,,,,
1568461601538159,陀螺仪,,,,,,,,0.0427,0.2136,0.4341
1568461611557066,加速度计,0.2125,6.8139,8.5078,,,,,,,
1568461621596024,加速度计,-1.1301,7.0539,7.9505,,,,,,,
1568461621619878,陀螺仪,,,,,,,,0.0903,0.2511,0.4802
1568461638426177,GPS,,,,31.9417,118.7885,3.7300,180.5000,,,
1568461631615868,加速度计,0.3932,7.3047,4.1737,,,,,,,
1568461641608368,加速度计,-0.1341,7.3885,2.9024,,,,,,,
1568461641604878,陀螺仪,,,,,,,,0.0490,0.2439,0.4650
1568461651602326,加速度计,-0.8045,7.6393,7.5387,,,,,,,
1568461661598784,加速度计,1.0427,7.4394,10.0963,,,,,,,
1568461661597795,陀螺仪,,,,,,,,0.0398,0.2655,0.4637
1568461671598368,加速度计,-0.7201,9.0387,7.0575,,,,,,,
1568461681601701,加速度计,-0.6877,7.4077,4.8614,,,,,,,
1568461681604461,陀螺仪,,,,,,,,0.0245,0.2698,0.4686
1568461691610451,加速度计,0.7111,5.6000,8.3797,,,,,,,
1568461701669305,加速度计,0.3525,7.7315,8.1056,,,,,,,
1568461701701441,陀螺仪,,,,,,,,0.0395,0.2917,0.4374
1568461711733472,加速度计,0.4651,6.8259,9.1889,,,,,,,
1568461721772118,加速度计,0.5578,7.9063,7.1461,,,,,,,
1568461721783316,陀螺仪,,,,,,,,0.1000,0.3127,0.3867
1568461731792847,加速度计,0.7099,6.5948,5.2684,,,,,,,
1568461741811753,加速度计,1.7178,6.9587,6.1675,,,,,,,
1568461741821180,陀螺仪,,,,,,,,0.0688,0.2887,0.2890
1568461751830503,加速度计,0.7476,6.9438,5.9382,,,,,,,
1568461761849253,加速度计,0.1311,7.1700,6.6295,,,,,,,
1568461761858680,陀螺仪,,,,,,,,0.0326,0.2409,0.1708
1568461771868003,加速度计,0.8350,5.8855,5.7443,,,,,,,
1568461781886753,加速度计,0.7470,7.2484,3.2848,,,,,,,
1568461781896180,陀螺仪,,,,,,,,0.0158,0.2044,0.0787
1568461791905503,加速度计,-0.1544,6.0280,10.3418,,,,,,,
1568461801924253,加速度计,0.2400,6.9216,9.6606,,,,,,,
1568461801933680,陀螺仪,,,,,,,,0.0739,0.1630,-0.0144
1568461811943003,加速度计,1.2097,8.6514,3.9750,,,,,,,
1568461821961753,加速度计,0.5267,7.0976,5.4402,,,,,,,
1568461821971180,陀螺仪,,,,,,,,0.0410,0.0947,-0.0971
1568461831980503,加速度计,1.3563,5.5492,7.4609,,,,,,,
1568461841999253,加速度计,0.6381,7.1084,5.6533,,,,,,,
1568461842008680,陀螺仪,,,,,,,,0.0631,0.0629,-0.1920
1568461852018003,加速度计,1.0116,9.5535,3.5159,,,,,,,
1568461862036753,加速度计,0.6895,6.6289,5.9777,,,,,,,
1568461862046180,陀螺仪,,,,,,,,-0.0417,-0.0137,-0.2735
1568461872055503,加速度计,-0.1550,6.4799,9.5535,,,,,,,
1568461882074253,加速度计,-0.0575,7.2221,7.6471,,,,,,,
1568461882083680,陀螺仪,,,,,,,,-0.0120,-0.0426,-0.2915
1568461892093003,加速度计,1.4210,7.6142,5.5970,,,,,,,
1568461902111753,加速度计,0.4687,5.4642,8.9190,,,,,,,
1568461902121180,陀螺仪,,,,,,,,-0.0502,-0.0795,-0.3067
1568461912130503,加速度计,0.2741,6.1339,7.8889,,,,,,,
1568461922149253,加速度计,-0.3843,6.6104,8.5940,,,,,,,
1568461922160086,陀螺仪,,,,,,,,-0.0007,-0.0895,-0.2846
1568461932172482,加速度计,-0.5626,8.0768,6.3386,,,,,,,
1568461942194930,加速度计,0.4339,6.1268,8.4318,,,,,,,
1568461942208524,陀螺仪,,,,,,,,-0.0153,-0.1168,-0.2081
1568461952213680,加速度计,-0.0329,6.3237,7.9326,,,,,,,
1568461962224097,加速度计,-0.2592,7.8494,7.1982,,,,,,,
1568461962229461,陀螺仪,,,,,,,,-0.0085,-0.0996,-0.1546
1568461972234826,加速度计,-0.3747,6.8666,7.8284,,,,,,,
1568461982246284,加速度计,0.9152,6.8175,7.4166,,,,,,,
1568461982252482,陀螺仪,,,,,,,,-0.0162,-0.0631,-0.0686
1568461992258889,加速度计,-0.5285,6.8109,5.6060,,,,,,,
1568462002272743,加速度计,-0.2059,5.4133,8.1666,,,,,,,
1568462002280191,陀螺仪,,,,,,,,-0.0478,-0.0258,0.0397
1568462012287847,加速度计,0.5608,6.3051,5.5144,,,,,,,
1568462022304514,加速度计,0.3968,6.7050,5.3271,,,,,,,
1568462022313524,陀螺仪,,,,,,,,-0.0706,0.0083,0.1164
1568462032322847,加速度计,0.1544,6.3656,9.4565,,,,,,,
1568462042342534,加速度计,0.3585,5.6371,10.7913,,,,,,,
1568462042352899,陀螺仪,,,,,,,,0.0212,0.0623,0.1899
1568462052363472,加速度计,0.6961,9.0650,4.7381,,,,,,,
1568462062385659,加速度计,-0.0090,7.9416,2.4086,,,,,,,
1568462062397170,陀螺仪,,,,,,,,-0.0048,0.1007,0.2040
1568462072408784,加速度计,0.4040,6.3764,3.1430,,,,,,,
1568462082432743,加速度计,-0.2999,6.9031,7.6327,,,,,,,
1568462082444982,陀螺仪,,,,,,,,-0.0976,0.0893,0.2064
1568462092457222,加速度计,0.4621,7.1533,10.0497,,,,,,,
1568462102482118,加速度计,0.9391,6.4482,9.1135,,,,,,,
1568462102495607,陀螺仪,,,,,,,,-0.0053,0.0919,0.2264
1568462112511284,加速度计,1.5401,8.4521,6.3009,,,,,,,
1568462122534826,加速度计,0.7979,5.7257,5.7090,,,,,,,
1568462122544461,陀螺仪,,,,,,,,0.0172,0.0972,0.1509
1568462132553993,加速度计,1.3048,7.3867,7.2125,,,,,,,
1568462142573107,加速度计,0.3771,7.2826,9.1614,,,,,,,
1568462142582534,陀螺仪,,,,,,,,0.0522,0.0775,0.1052
1568462152591857,加速度计,1.0415,7.6602,6.5960,,,,,,,
1568462162610607,加速度计,1.5724,7.3029,4.7764,,,,,,,
1568462162620034,陀螺仪,,,,,,,,0.0723,0.0503,0.0365
1568462172629357,加速度计,1.5143,7.5812,6.5296,,,,,,,
1568462182648107,加速度计,1.1097,7.5794,5.8520,,,,,,,
1568462192669409,加速度计,1.5413,7.8368,7.6285,,,,,,,
1568462182657534,陀螺仪,,,,,,,,0.0526,0.0494,-0.0261
1568462202689722,加速度计,1.0325,6.8714,6.5009,,,,,,,
1568462202694045,陀螺仪,,,,,,,,0.0462,0.0437,-0.0507
1568462212698368,加速度计,0.9703,7.7614,6.4781,,,,,,,
1568462222707743,加速度计,1.3174,6.4147,7.3837,,,,,,,
1568462222712795,陀螺仪,,,,,,,,0.0320,0.0274,-0.0443
1568462232717951,加速度计,1.6801,8.4928,3.7816,,,,,,,
1568462242729305,加速度计,-0.0664,6.7379,4.9500,,,,,,,
1568462242735607,陀螺仪,,,,,,,,-0.0405,0.0087,-0.0537
1568462252742222,加速度计,1.4635,6.4356,7.6585,,,,,,,
1568462262756805,加速度计,1.4802,7.4340,7.4531,,,,,,,
1568462262764774,陀螺仪,,,,,,,,-0.0417,0.0238,-0.0631
1568462272773055,加速度计,1.0032,6.9121,6.9216,,,,,,,
1568462282790972,加速度计,0.0365,6.5374,8.4551,,,,,,,
1568462282800607,陀螺仪,,,,,,,,-0.0228,0.0289,-0.0427
1568462292810555,加速度计,0.6225,6.6122,7.8237,,,,,,,
1568462302831805,加速度计,0.9738,7.7458,9.6636,,,,,,,
1568462302843107,陀螺仪,,,,,,,,0.0294,0.0278,-0.0109
1568462312854722,加速度计,0.4112,6.7211,7.0779,,,,,,,
1568462322878993,加速度计,0.5555,7.3873,5.2960,,,,,,,
1568462322891545,陀螺仪,,,,,,,,0.0423,0.0306,-0.0123
1568462332904201,加速度计,0.4357,5.6509,8.5425,,,,,,,
1568462342930243,加速度计,0.8553,6.7630,7.7111,,,,,,,
1568462342943524,陀螺仪,,,,,,,,0.0542,0.0308,0.0063
1568462352956805,加速度计,-0.1431,6.5906,6.8211,,,,,,,
1568462362983472,加速度计,-0.1658,7.6160,4.6088,,,,,,,
1568462362996545,陀螺仪,,,,,,,,0.0529,0.0229,0.0346
1568462373009201,加速度计,0.9960,5.4582,6.6457,,,,,,,
1568462383029930,加速度计,0.9972,7.2975,6.7564,,,,,,,
1568462383039461,陀螺仪,,,,,,,,0.0354,0.0479,0.0530
1568462393048784,加速度计,-0.1137,7.5567,6.2399,,,,,,,
1568462403067534,加速度计,0.2837,7.4436,4.9021,,,,,,,
1568462403076961,陀螺仪,,,,,,,,-0.0144,0.0623,0.0912
1568462413086284,加速度计,-0.0844,5.7341,6.4416,,,,,,,
1568462423105034,加速度计,-0.0311,7.5699,6.2525,,,,,,,
1568462423114461,陀螺仪,,,,,,,,-0.0391,0.0748,0.1577
1568462433123784,加速度计,1.4156,6.6619,8.2373,,,,,,,
1568462443150920,加速度计,0.7973,7.3999,4.5125,,,,,,,
1568462443171545,陀螺仪,,,,,,,,-0.0447,0.1040,0.1482
1568462453169201,加速度计,-0.4537,6.2549,8.4665,,,,,,,
1568462463165243,加速度计,0.5848,5.9274,10.2101,,,,,,,
1568462463163836,陀螺仪,,,,,,,,-0.0225,0.1297,0.1927
1568462473162743,加速度计,1.5000,8.8083,4.5119,,,,,,,
1568462483162534,加速度计,0.4310,6.2237,6.6936,,,,,,,
1568462483163524,陀螺仪,,,,,,,,-0.0638,0.1232,0.1642
1568462493165139,加速度计,1.4138,6.2136,10.7554,,,,,,,
1568462503171284,加速度计,-0.3370,5.3804,15.4755,,,,,,,
1568462503175816,陀螺仪,,,,,,,,0.0454,0.1598,0.1684
1568462513181180,加速度计,1.0995,9.5373,6.2453,,,,,,,
1568462523195139,加速度计,1.4449,6.6373,4.4760,,,,,,,
1568462523203732,陀螺仪,,,,,,,,0.1067,0.1538,0.1711
1568462533213264,加速度计,1.7334,5.8873,3.2669,,,,,,,
1568462543235243,加速度计,0.4214,8.0457,4.6926,,,,,,,
1568462543247691,陀螺仪,,,,,,,,0.0318,0.1225,0.0465
1568462553260972,加速度计,-0.2263,8.0200,8.4096,,,,,,,
1568462563289826,加速度计,-0.6297,8.7789,8.3210,,,,,,,
1568462563305295,陀螺仪,,,,,,,,0.0232,0.0948,0.0494
1568462573321284,加速度计,0.2292,6.5152,6.8139,,,,,,,
1568462583354930,加速度计,0.2969,8.0050,3.8421,,,,,,,
1568462583372378,陀螺仪,,,,,,,,0.0015,0.0852,0.0734
1568462593390034,加速度计,1.1271,6.7642,6.1124,,,,,,,
1568462603425764,加速度计,0.0772,6.5434,8.8633,,,,,,,
1568462603443732,陀螺仪,,,,,,,,-0.0266,0.1184,0.0880
1568462613461597,加速度计,-1.0780,7.5549,5.9328,,,,,,,
1568462623501180,加速度计,0.1867,7.3017,5.4127,,,,,,,
1568462639267167,GPS,,,,31.9417,118.7885,3.7300,174.6000,,,
1568462623531909,陀螺仪,,,,,,,,-0.0160,0.1386,0.1672
1568462633521024,加速度计,-0.5525,5.9173,7.8883,,,,,,,
1568462643500139,加速度计,0.2251,7.3179,9.3763,,,,,,,
1568462643490347,陀螺仪,,,,,,,,0.0358,0.1920,0.2358
1568462653481545,加速度计,-0.8308,8.5593,5.0153,,,,,,,
1568462663466649,加速度计,-0.1850,6.8085,7.3484,,,,,,,
1568462663460711,陀螺仪,,,,,,,,0.0220,0.1932,0.2936
1568462673456701,加速度计,0.1969,5.7311,8.1217,,,,,,,
1568462683452691,加速度计,-1.1025,7.3717,7.2640,,,,,,,
1568462683452795,陀螺仪,,,,,,,,0.0997,0.2325,0.3236
1568462693458680,加速度计,0.2185,7.3125,3.8385,,,,,,,
1568462703522534,加速度计,-0.3184,5.3038,2.5337,,,,,,,
1568462703556232,陀螺仪,,,,,,,,0.0840,0.2413,0.3340
1568462713590347,加速度计,0.3711,6.3524,-0.1921,,,,,,,
1568462723658680,加速度计,0.0359,7.9170,10.5818,,,,,,,
1568462723682170,陀螺仪,,,,,,,,-0.0506,0.2258,0.2993
1568462733694826,加速度计,-0.7865,7.2113,12.0776,,,,,,,
1568462743715243,加速度计,-1.3001,9.1225,6.3740,,,,,,,
1568462743724670,陀螺仪,,,,,,,,0.0859,0.2928,0.3145
1568462753733993,加速度计,0.0479,6.7888,3.3471,,,,,,,
1568462763752743,加速度计,0.6913,6.8145,7.5118,,,,,,,
1568462763762170,陀螺仪,,,,,,,,-0.0329,0.2586,0.3198
1568462773771493,加速度计,0.6817,7.7716,12.9215,,,,,,,
1568462783790243,加速度计,-0.6381,8.7801,8.2337,,,,,,,
1568462783799670,陀螺仪,,,,,,,,0.0446,0.2859,0.2357
1568462793808993,加速度计,-0.3633,6.2327,7.0479,,,,,,,
1568462803827743,加速度计,0.6812,6.3500,4.6322,,,,,,,
1568462803837170,陀螺仪,,,,,,,,0.0387,0.2334,0.1917
1568462813846493,加速度计,1.7555,7.1174,6.0699,,,,,,,
1568462823865243,加速度计,1.1636,7.5878,6.4679,,,,,,,
1568462823874670,陀螺仪,,,,,,,,0.0055,0.2278,0.0589
1568462833883993,加速度计,-0.1395,7.4747,6.4631,,,,,,,
1568462843902743,加速度计,0.2825,6.3542,8.7197,,,,,,,
1568462843912170,陀螺仪,,,,,,,,-0.0262,0.2019,0.0342
1568462853921493,加速度计,0.3262,7.0156,9.6720,,,,,,,
1568462863940243,加速度计,0.9343,7.6591,8.2923,,,,,,,
1568462863949670,陀螺仪,,,,,,,,0.0278,0.1904,0.0016
1568462873958993,加速度计,1.3563,6.3865,6.0274,,,,,,,
1568462883977743,加速度计,0.4070,5.7766,6.3009,,,,,,,
1568462883987170,陀螺仪,,,,,,,,0.0399,0.1782,-0.0482
1568462893996493,加速度计,1.0989,7.3370,3.4482,,,,,,,
1568462904015243,加速度计,0.8595,7.0276,7.2616,,,,,,,
1568462904024670,陀螺仪,,,,,,,,-0.0170,0.1613,-0.0743
1568462914033993,加速度计,0.1670,7.3993,7.9805,,,,,,,
1568462924052743,加速度计,-0.5369,6.5374,7.4855,,,,,,,
1568462924062170,陀螺仪,,,,,,,,-0.0158,0.1482,-0.1081
1568462934071493,加速度计,-0.0724,6.2357,7.5292,,,,,,,
1568462944093732,加速度计,0.9481,7.0186,7.9835,,,,,,,
1568462944105972,陀螺仪,,,,,,,,0.0009,0.1153,-0.1205
1568462954115295,加速度计,0.1113,6.0932,7.8320,,,,,,,
1568462964134045,加速度计,0.8877,5.9280,7.7063,,,,,,,
1568462964143472,陀螺仪,,,,,,,,0.0521,0.1181,-0.1630
1568462974152795,加速度计,0.6560,6.2950,6.3243,,,,,,,
1568462984171545,加速度计,0.0102,6.4847,7.1401,,,,,,,
1568462984180972,陀螺仪,,,,,,,,0.0567,0.0824,-0.1803
1568462994190295,加速度计,1.0696,6.5194,9.2368,,,,,,,
1568463004209045,加速度计,1.3827,9.2081,6.3979,,,,,,,
1568463004218472,陀螺仪,,,,,,,,0.1265,0.0695,-0.2336
1568463014227795,加速度计,1.2121,7.3939,3.2819,,,,,,,
1568463024246545,加速度计,1.0523,8.1606,3.9456,,,,,,,
1568463024255972,陀螺仪,,,,,,,,0.0194,0.0405,-0.3016
1568463034265295,加速度计,0.5118,7.0366,9.8815,,,,,,,
1568463044284045,加速度计,1.2013,7.3993,11.5634,,,,,,,
1568463044293472,陀螺仪,,,,,,,,0.0354,0.0233,-0.3365
1568463054302795,加速度计,0.7835,8.3540,5.6808,,,,,,,
1568463064321545,加速度计,1.3156,6.6158,3.1747,,,,,,,
1568463064330972,陀螺仪,,,,,,,,0.0344,-0.0238,-0.4008
1568463074340295,加速度计,1.1612,5.7700,4.8985,,,,,,,
1568463084359045,加速度计,0.8751,6.3165,8.4611,,,,,,,
1568463084368472,陀螺仪,,,,,,,,0.0039,-0.0855,-0.4288
1568463094377795,加速度计,2.5402,8.7179,5.2463,,,,,,,
1568463104396545,加速度计,0.3861,7.2478,4.9710,,,,,,,
1568463104405972,陀螺仪,,,,,,,,-0.0130,-0.1272,-0.5035
1568463114415295,加速度计,1.0235,5.7862,9.1494,,,,,,,
1568463124434045,加速度计,1.7681,8.6514,6.1788,,,,,,,
1568463124443472,陀螺仪,,,,,,,,0.0374,-0.1274,-0.5210
1568463134452795,加速度计,1.0552,8.3390,2.0620,,,,,,,
1568463144471545,加速度计,-0.9697,6.2435,5.1068,,,,,,,
1568463144480972,陀螺仪,,,,,,,,-0.0925,-0.1663,-0.4983
1568463154490295,加速度计,0.5896,4.8614,10.0257,,,,,,,
1568463164509045,加速度计,1.6388,7.0126,9.7713,,,,,,,
1568463164518472,陀螺仪,,,,,,,,-0.0068,-0.1537,-0.3924
1568463174527795,加速度计,1.2743,7.9272,5.8550,,,,,,,
1568463184546545,加速度计,-0.1383,6.4703,4.0923,,,,,,,
1568463184558472,陀螺仪,,,,,,,,-0.0023,-0.1394,-0.3772
1568463194582378,加速度计,0.5022,6.0639,6.1423,,,,,,,
1568463204593941,加速度计,-0.4615,8.1708,6.1585,,,,,,,
1568463204593524,陀螺仪,,,,,,,,-0.0397,-0.1344,-0.3043
1568463214593055,加速度计,-0.4717,7.6507,6.8905,,,,,,,
1568463224593316,加速度计,0.4537,6.7026,9.2973,,,,,,,
1568463224594357,陀螺仪,,,,,,,,-0.0634,-0.1308,-0.2264
1568463234595555,加速度计,1.0409,6.4386,10.4932,,,,,,,
1568463244600243,加速度计,0.7260,7.9069,6.4087,,,,,,,
1568463244603889,陀螺仪,,,,,,,,0.0290,-0.0684,-0.1687
1568463254607795,加速度计,-0.2257,8.0080,4.9692,,,,,,,
1568463264618628,加速度计,1.6658,6.8025,4.4089,,,,,,,
1568463264625711,陀螺仪,,,,,,,,-0.0423,-0.0443,-0.0815
1568463274633159,加速度计,1.2109,5.9753,7.2161,,,,,,,
1568463284651441,加速度计,-0.2472,8.2313,9.1943,,,,,,,
1568463284662118,陀螺仪,,,,,,,,-0.0380,0.0109,-0.0378
1568463294673107,加速度计,-0.1030,8.0176,8.5371,,,,,,,
1568463304698107,加速度计,0.7117,6.9085,7.1635,,,,,,,
1568463304711961,陀螺仪,,,,,,,,-0.0037,0.0353,0.0260
1568463314726076,加速度计,0.6871,7.0180,6.9103,,,,,,,
1568463324756597,加速度计,-1.7113,6.4739,6.9061,,,,,,,
1568463324772691,陀螺仪,,,,,,,,-0.0280,0.0402,0.0399
1568463334788889,加速度计,0.8272,7.1341,5.4420,,,,,,,
1568463344822482,加速度计,-0.5058,6.7103,5.8413,,,,,,,
1568463344839566,陀螺仪,,,,,,,,-0.0887,0.0221,0.0474
1568463354856597,加速度计,-0.3316,3.9851,11.5598,,,,,,,
1568463364890764,加速度计,0.8110,7.1018,8.6131,,,,,,,
1568463364903524,陀螺仪,,,,,,,,0.0236,0.0344,0.0340
1568463374914722,加速度计,-0.6985,7.7835,7.0892,,,,,,,
1568463384934305,加速度计,0.7614,7.1712,2.6336,,,,,,,
1568463384943784,陀螺仪,,,,,,,,0.0116,0.0068,0.0234
1568463394953107,加速度计,0.7859,5.7850,12.1135,,,,,,,
1568463404971857,加速度计,1.3060,6.4165,12.2499,,,,,,,
1568463404981284,陀螺仪,,,,,,,,0.1072,0.0489,-0.0261
1568463414990607,加速度计,0.0676,8.3815,1.3581,,,,,,,
1568463425009357,加速度计,0.6003,6.9438,1.3354,,,,,,,
1568463425018784,陀螺仪,,,,,,,,0.0268,0.0053,-0.0334
1568463435028107,加速度计,1.4132,5.2804,5.4187,,,,,,,
1568463445057534,加速度计,0.5824,5.8754,13.3920,,,,,,,
1568463445067378,陀螺仪,,,,,,,,0.0100,-0.0041,-0.0936
1568463455069409,加速度计,-0.0150,8.5778,10.3430,,,,,,,
1568463465073941,加速度计,-0.0048,7.1305,6.3171,,,,,,,
1568463465076597,陀螺仪,,,,,,,,0.1081,0.0373,-0.0445
1568463475079253,加速度计,1.6281,4.5861,4.5604,,,,,,,
1568463485086128,加速度计,0.6997,7.9715,1.5107,,,,,,,
1568463485090503,陀螺仪,,,,,,,,0.0708,0.0342,-0.0850
1568463495095034,加速度计,-1.0397,8.3737,6.8995,,,,,,,
1568463505106024,加速度计,0.7045,7.2036,8.6365,,,,,,,
1568463505112639,陀螺仪,,,,,,,,0.0059,-0.0073,-0.0921
1568463515119461,加速度计,0.2508,6.6774,5.9837,,,,,,,
1568463525135399,加速度计,-0.0844,6.9737,3.6913,,,,,,,
1568463525144514,陀螺仪,,,,,,,,-0.0220,-0.0176,-0.1201
1568463535153836,加速度计,-0.4363,5.9239,8.8645,,,,,,,
1568463545174774,加速度计,-0.8410,6.9929,10.2059,,,,,,,
1568463545186232,陀螺仪,,,,,,,,0.0222,-0.0393,-0.1044
1568463555197847,加速度计,0.0233,8.9507,6.3614,,,,,,,
1568463565223003,加速度计,0.4160,8.4330,4.5005,,,,,,,
1568463565236389,陀螺仪,,,,,,,,0.0081,-0.0574,-0.1105
1568463575249878,加速度计,0.2352,6.8247,6.6367,,,,,,,
1568463585278055,加速度计,-0.0096,7.3370,7.6974,,,,,,,
1568463585293993,陀螺仪,,,,,,,,-0.0177,-0.0760,-0.1537
1568463595318420,加速度计,-1.1007,7.4681,8.1918,,,,,,,
1568463605352118,加速度计,-0.2735,7.6710,5.0619,,,,,,,
1568463605362691,陀螺仪,,,,,,,,0.0310,-0.0883,-0.1305
1568463615372222,加速度计,-0.5070,7.0413,5.1805,,,,,,,
1568463625393524,加速度计,-0.3699,7.5118,4.3527,,,,,,,
1568463634724927,GPS,,,,31.9417,118.7885,3.5000,170.3000,,,
1568463625403732,陀螺仪,,,,,,,,-0.0236,-0.1453,-0.1409
1568463635410972,加速度计,1.2983,7.7668,4.4754,,,,,,,
1568463645425555,加速度计,-0.4794,7.2000,6.2710,,,,,,,
1568463645432899,陀螺仪,,,,,,,,-0.0924,-0.1559,-0.1567
1568463655440139,加速度计,-0.2951,7.0264,10.8469,,,,,,,
1568463665455086,加速度计,-0.3274,6.8480,9.9437,,,,,,,
1568463665462795,陀螺仪,,,,,,,,-0.0092,-0.1059,-0.1036
1568463675470451,加速度计,-0.0754,8.6197,2.6827,,,,,,,
1568463685486232,加速度计,-0.1125,6.1483,7.0605,,,,,,,
1568463685494514,陀螺仪,,,,,,,,-0.1003,-0.1413,-0.0714
1568463695502795,加速度计,-0.3687,4.3946,9.5678,,,,,,,
1568463705520191,加速度计,-0.4770,7.5010,3.1921,,,,,,,
1568463705529305,陀螺仪,,,,,,,,0.0020,-0.1061,-0.0342
1568463715538420,加速度计,-0.3915,8.7358,2.2410,,,,,,,
1568463725557482,加速度计,0.1425,6.4201,9.3913,,,,,,,
1568463725567430,陀螺仪,,,,,,,,-0.1418,-0.1565,-0.0262
1568463735577378,加速度计,-0.8320,6.0495,15.3564,,,,,,,
1568463745598107,加速度计,-0.7087,8.8322,9.0315,,,,,,,
1568463745608732,陀螺仪,,,,,,,,0.0629,-0.0987,0.0177
1568463755619305,加速度计,-0.9583,8.4880,2.7390,,,,,,,
1568463765640920,加速度计,0.8356,5.7048,3.7080,,,,,,,
1568463765651961,陀螺仪,,,,,,,,-0.0330,-0.1321,0.0577
1568463775662951,加速度计,-0.5423,5.5539,10.3118,,,,,,,
1568463785685399,加速度计,-1.2857,8.6036,7.6160,,,,,,,
1568463785699045,陀螺仪,,,,,,,,0.0434,-0.0879,0.0744
1568463795727430,加速度计,0.3238,7.8045,6.3895,,,,,,,
1568463805734097,加速度计,-0.0174,7.2018,3.7002,,,,,,,
1568463805737691,陀螺仪,,,,,,,,0.0170,-0.0503,0.1298
1568463815741180,加速度计,-0.7039,6.2997,6.3991,,,,,,,
1568463825749097,加速度计,0.0419,7.1778,9.2458,,,,,,,
1568463825753732,陀螺仪,,,,,,,,0.0007,-0.0238,0.2013
1568463835758264,加速度计,0.3178,7.7357,8.5467,,,,,,,
1568463845769097,加速度计,-0.1568,7.0138,6.1447,,,,,,,
1568463845775399,陀螺仪,,,,,,,,0.0326,0.0286,0.2622
1568463855781597,加速度计,0.5794,6.6469,4.0097,,,,,,,
1568463865796180,加速度计,-0.1724,5.8832,3.0795,,,,,,,
1568463865803732,陀螺仪,,,,,,,,-0.0345,0.0647,0.2963
1568463875811805,加速度计,0.0724,6.6649,8.1020,,,,,,,
1568463885839514,加速度计,-0.9313,6.8839,12.9646,,,,,,,
1568463885853993,陀螺仪,,,,,,,,-0.0306,0.0811,0.3145
1568463895868524,加速度计,-1.0044,6.3279,10.8122,,,,,,,
1568463905898420,加速度计,-0.5680,7.1910,5.5222,,,,,,,
1568463905913628,陀螺仪,,,,,,,,0.0931,0.0965,0.3127
1568463915928784,加速度计,-0.9290,6.6792,4.3760,,,,,,,
1568463925959201,加速度计,0.1652,6.8582,6.6254,,,,,,,
1568463925971024,陀螺仪,,,,,,,,0.0281,0.0603,0.2971
1568463935981597,加速度计,0.3023,6.8726,6.6439,,,,,,,
1568463946001024,加速度计,-0.3741,7.0814,6.1160,,,,,,,
1568463946010503,陀螺仪,,,,,,,,0.0165,0.0687,0.2493
1568463956019826,加速度计,-0.2322,6.3129,9.5762,,,,,,,
1568463966038576,加速度计,0.5381,6.2339,8.5156,,,,,,,
1568463966048003,陀螺仪,,,,,,,,0.0423,0.0691,0.2031
1568463976057326,加速度计,-0.7745,6.8767,7.0066,,,,,,,
1568463986076076,加速度计,0.5884,6.3219,3.9840,,,,,,,
1568463986085503,陀螺仪,,,,,,,,0.0441,0.0703,0.1826
1568463996094826,加速度计,0.7177,7.1826,2.8323,,,,,,,
1568464006113576,加速度计,-0.1604,7.1700,6.6236,,,,,,,
1568464006123003,陀螺仪,,,,,,,,-0.0707,0.0346,0.1168
1568464016132326,加速度计,0.3250,7.7015,11.6107,,,,,,,
1568464026151076,加速度计,-0.0030,6.3123,9.4014,,,,,,,
1568464026160503,陀螺仪,,,,,,,,0.0119,0.0344,0.0672
1568464036169826,加速度计,1.0678,9.1207,3.6829,,,,,,,
1568464046188576,加速度计,1.2342,6.9492,5.9933,,,,,,,
1568464046198003,陀螺仪,,,,,,,,-0.0557,-0.0205,-0.0165
1568464056207326,加速度计,0.5680,6.6164,10.0245,,,,,,,
1568464066226076,加速度计,0.3340,7.3143,9.7199,,,,,,,
1568464066235503,陀螺仪,,,,,,,,0.0427,-0.0462,-0.0843
1568464076244826,加速度计,2.0704,8.7275,4.0576,,,,,,,
1568464086263576,加速度计,1.5520,6.9510,4.5538,,,,,,,
1568464086273003,陀螺仪,,,,,,,,0.0093,-0.1023,-0.2052
1568464096282326,加速度计,0.6692,7.5603,5.9646,,,,,,,
1568464106301076,加速度计,1.3749,7.4142,7.9206,,,,,,,
1568464106310503,陀螺仪,,,,,,,,-0.0067,-0.1454,-0.2708
1568464116319826,加速度计,1.3449,8.0020,7.1515,,,,,,,
1568464126350086,加速度计,1.5185,5.7437,5.1894,,,,,,,
1568464126360711,陀螺仪,,,,,,,,0.0120,-0.1522,-0.2912
1568464136364201,加速度计,2.0087,6.3225,4.6567,,,,,,,
1568464146371649,加速度计,1.3569,7.5304,6.6002,,,,,,,
1568464146375764,陀螺仪,,,,,,,,-0.0083,-0.1317,-0.2694
1568464156379878,加速度计,0.7476,8.3785,9.5493,,,,,,,
1568464166389305,加速度计,1.5461,7.7566,9.9306,,,,,,,
1568464166394618,陀螺仪,,,,,,,,0.0294,-0.0944,-0.1768
1568464176399982,加速度计,1.1301,7.7285,6.1645,,,,,,,
1568464186412274,加速度计,1.3587,7.0701,7.6435,,,,,,,
1568464186419357,陀螺仪,,,,,,,,0.0161,-0.0581,-0.1033
1568464196426597,加速度计,1.1714,6.3524,10.6877,,,,,,,
1568464206443003,加速度计,-0.4100,6.9372,8.4210,,,,,,,
1568464206452170,陀螺仪,,,,,,,,0.1135,-0.0043,-0.0265
1568464216461493,加速度计,1.0002,6.8342,2.0913,,,,,,,
1568464226482066,加速度计,0.4782,6.2237,-2.0069,,,,,,,
1568464226493159,陀螺仪,,,,,,,,0.0517,0.0020,-0.0073
1568464236504357,加速度计,-0.9571,5.5815,-0.4896,,,,,,,
1568464246528316,加速度计,-0.1353,7.4310,6.2824,,,,,,,
1568464246540920,陀螺仪,,,,,,,,-0.1799,-0.0451,0.0173
1568464256553576,加速度计,-0.3968,5.4761,19.0549,,,,,,,
1568464266579722,加速度计,-0.6949,8.1080,12.8706,,,,,,,
1568464266593211,陀螺仪,,,,,,,,0.0738,0.0269,0.0405
1568464276606701,加速度计,0.5004,8.8184,3.1538,,,,,,,
1568464286634149,加速度计,0.6249,5.7251,4.0366,,,,,,,
1568464286647951,陀螺仪,,,,,,,,0.0192,0.0071,0.0458
1568464296661649,加速度计,0.0461,6.5248,9.8126,,,,,,,
1568464306685868,加速度计,-0.8392,8.5090,12.4085,,,,,,,
1568464306696076,陀螺仪,,,,,,,,0.0759,-0.0041,0.0441
1568464316705607,加速度计,0.8841,8.5467,5.3846,,,,,,,
1568464326724774,加速度计,1.2312,5.7419,3.7984,,,,,,,
1568464326734409,陀螺仪,,,,,,,,0.0638,-0.0174,0.0228
1568464336743941,加速度计,0.8835,5.8347,4.8734,,,,,,,
1568464346762743,加速度计,0.2424,7.4909,8.0230,,,,,,,
1568464346772170,陀螺仪,,,,,,,,-0.0061,-0.0330,-0.0099
1568464356781493,加速度计,0.3100,8.2480,9.6582,,,,,,,
1568464366800243,加速度计,0.7781,5.9681,6.8396,,,,,,,
1568464366810607,陀螺仪,,,,,,,,0.0180,-0.0430,-0.0036
1568464376825086,加速度计,1.4569,6.1597,5.1571,,,,,,,
1568464386839253,加速度计,0.3771,6.4272,5.1613,,,,,,,
1568464386846389,陀螺仪,,,,,,,,-0.0100,-0.0549,-0.0567
1568464396853420,加速度计,-0.0215,6.4398,8.5946,,,,,,,
1568464406867586,加速度计,0.3370,7.4340,8.8083,,,,,,,
1568464406874930,陀螺仪,,,,,,,,0.0193,-0.0547,-0.0450
1568464416882170,加速度计,-0.0575,7.4418,5.3391,,,,,,,
1568464426897170,加速度计,0.4920,7.7237,5.3720,,,,,,,
1568464426905139,陀螺仪,,,,,,,,-0.0156,-0.0678,-0.0463
1568464436913003,加速度计,0.2113,7.4933,7.6273,,,,,,,
1568464446929670,加速度计,0.1083,6.8031,9.3170,,,,,,,
1568464446938472,陀螺仪,,,,,,,,-0.0418,-0.0594,-0.0273
1568464456947170,加速度计,0.5860,8.1678,5.8933,,,,,,,
1568464466965503,加速度计,0.0215,5.8329,6.3985,,,,,,,
1568464466975139,陀螺仪,,,,,,,,-0.0874,-0.0622,-0.0076
1568464476984670,加速度计,0.0910,5.3187,8.9609,,,,,,,
1568464487004670,加速度计,0.3633,5.3241,8.1714,,,,,,,
1568464487015139,陀螺仪,,,,,,,,-0.0137,-0.0640,0.0409
1568464497025503,加速度计,1.1971,5.9945,6.3746,,,,,,,
1568464507047170,加速度计,1.0421,5.4336,4.8423,,,,,,,
1568464507058264,陀螺仪,,,,,,,,0.0674,-0.0429,0.0240
1568464517069253,加速度计,0.8200,7.6040,5.9071,,,,,,,
1568464527091753,加速度计,0.1736,8.8675,8.3252,,,,,,,
1568464527103264,陀螺仪,,,,,,,,0.0606,-0.0288,0.0340
1568464537114670,加速度计,0.0144,9.5193,7.6459,,,,,,,
1568464547137586,加速度计,0.4830,8.1570,6.2022,,,,,,,
1568464557160503,加速度计,-0.2167,6.4135,6.4823,,,,,,,
1568464547149097,陀螺仪,,,,,,,,0.0380,-0.0103,0.0766
1568464567181753,加速度计,-0.2664,8.1906,8.2947,,,,,,,
1568464567191389,陀螺仪,,,,,,,,0.0274,0.0397,0.1732
1568464577200920,加速度计,-1.1151,8.4288,5.5288,,,,,,,
1568464587220086,加速度计,0.3855,7.1395,3.9624,,,,,,,
1568464597239253,加速度计,-0.0162,5.9466,3.6093,,,,,,,
1568464587229722,陀螺仪,,,,,,,,0.0080,0.1015,0.2791
1568464607258003,加速度计,-1.3707,6.7935,7.1036,,,,,,,
1568464607267430,陀螺仪,,,,,,,,-0.0531,0.1314,0.3449
1568464617276753,加速度计,-0.5830,8.0912,9.6989,,,,,,,
1568464627321961,加速度计,-0.3136,8.2462,8.7125,,,,,,,
1568464634150551,GPS,,,,31.9416,118.7885,3.8200,171.1000,,,
1568464637315295,加速度计,-1.5203,7.7195,5.7305,,,,,,,
1568464627318680,陀螺仪,,,,,,,,0.0180,0.1832,0.4152
1568464647309461,加速度计,-0.3490,6.2028,1.6574,,,,,,,
1568464647307430,陀螺仪,,,,,,,,0.0173,0.1872,0.4302
1568464657305295,加速度计,-0.0419,7.4837,1.8741,,,,,,,
1568464667303628,加速度计,-0.3579,5.5863,7.1617,,,,,,,
1568464667304514,陀螺仪,,,,,,,,-0.0913,0.1699,0.3718
1568464677305295,加速度计,-1.1055,7.2538,9.9736,,,,,,,
1568464687310711,加速度计,-0.8326,6.6355,14.8333,,,,,,,
1568464687315555,陀螺仪,,,,,,,,0.0269,0.1964,0.3907
1568464697320295,加速度计,-0.9080,9.0249,5.7377,,,,,,,
1568464707334461,加速度计,0.9439,7.5202,1.4742,,,,,,,
1568464707343889,陀螺仪,,,,,,,,0.0209,0.2101,0.4001
1568464717353211,加速度计,1.3695,5.8257,4.2725,,,,,,,
1568464727376545,加速度计,-0.6800,5.1469,9.9659,,,,,,,
1568464727390347,陀螺仪,,,,,,,,-0.0647,0.1979,0.2732
1568464737404045,加速度计,-0.3280,8.2319,9.0585,,,,,,,
1568464747434878,加速度计,-0.7230,8.2235,6.0777,,,,,,,
1568464747451805,陀螺仪,,,,,,,,-0.0314,0.1915,0.2542
1568464757468628,加速度计,-1.0397,5.5061,8.2384,,,,,,,
1568464767504461,加速度计,0.8847,5.0955,9.0848,,,,,,,
1568464767523264,陀螺仪,,,,,,,,0.0172,0.1561,0.2200
1568464777541961,加速度计,1.4138,7.5591,5.7006,,,,,,,
1568464787580295,加速度计,0.5321,8.4114,1.4922,,,,,,,
1568464787599514,陀螺仪,,,,,,,,-0.0037,0.1433,0.0842
1568464797618628,加速度计,0.5728,6.0837,4.5328,,,,,,,
1568464807639045,加速度计,0.7416,7.2155,8.0331,,,,,,,
1568464807648680,陀螺仪,,,,,,,,-0.1072,0.0732,0.0009
1568464817658211,加速度计,0.1514,7.8189,10.1574,,,,,,,
1568464827677378,加速度计,0.9164,8.6167,10.0868,,,,,,,
1568464827686805,陀螺仪,,,,,,,,-0.0522,0.0278,-0.0855
1568464837696128,加速度计,0.3801,7.4166,8.5898,,,,,,,
1568464847714878,加速度计,1.2402,6.1860,7.6884,,,,,,,
1568464847724305,陀螺仪,,,,,,,,-0.0036,-0.0182,-0.1695
1568464857733628,加速度计,0.5034,7.1186,7.2281,,,,,,,
1568464867752378,加速度计,0.6357,6.6798,4.5460,,,,,,,
1568464867764514,陀螺仪,,,,,,,,0.0241,-0.0743,-0.2730
1568464877789774,加速度计,0.9535,6.6092,3.4393,,,,,,,
1568464887791441,加速度计,0.8278,6.4739,5.8317,,,,,,,
1568464887792534,陀螺仪,,,,,,,,-0.0585,-0.1575,-0.3551
1568464897793524,加速度计,0.3316,6.9797,11.2917,,,,,,,
1568464907796857,加速度计,-0.1700,7.9458,10.3687,,,,,,,
1568464907799409,陀螺仪,,,,,,,,0.0123,-0.1762,-0.3724
1568464917801857,加速度计,0.5704,6.1310,5.2355,,,,,,,
1568464927808941,加速度计,1.6861,5.9711,2.8282,,,,,,,
1568464927813784,陀螺仪,,,,,,,,-0.0208,-0.1876,-0.3593
1568464937818524,加速度计,0.0563,4.8471,7.7147,,,,,,,
1568464947831024,加速度计,-1.0648,5.5132,7.7087,,,,,,,
1568464947838784,陀螺仪,,,,,,,,-0.0085,-0.1855,-0.2824
1568464957846441,加速度计,0.4334,8.7945,5.0087,,,,,,,
1568464967864774,加速度计,0.9870,7.8560,5.1200,,,,,,,
1568464967875451,陀螺仪,,,,,,,,-0.1001,-0.1823,-0.1913
1568464977886024,加速度计,-0.6159,3.4159,11.3713,,,,,,,
1568464987910191,加速度计,1.5712,5.5617,11.6717,,,,,,,
1568464987923576,陀螺仪,,,,,,,,-0.0019,-0.1277,-0.0636
1568464997936857,加速度计,0.4094,7.2030,8.4234,,,,,,,
1568465007965607,加速度计,-0.0832,9.1830,4.2294,,,,,,,
1568465007980868,陀螺仪,,,,,,,,0.0386,-0.0587,0.0040
1568465017996024,加速度计,-0.0700,4.5699,6.3746,,,,,,,
1568465028027691,加速度计,0.2041,7.6441,5.2529,,,,,,,
1568465028043784,陀螺仪,,,,,,,,0.0345,-0.0226,0.1174
1568465038059774,加速度计,-0.1580,8.5048,6.3764,,,,,,,
1568465048091857,加速度计,0.1466,7.9583,9.5816,,,,,,,
1568465048103784,陀螺仪,,,,,,,,-0.0056,0.0242,0.2027
1568465058115607,加速度计,0.0090,4.5191,10.7422,,,,,,,
1568465068134357,加速度计,0.1867,7.5459,4.5268,,,,,,,
1568465068143784,陀螺仪,,,,,,,,0.1569,0.1036,0.2605
1568465078153107,加速度计,-1.2623,7.6333,0.1856,,,,,,,
1568465088171857,加速度计,1.7148,9.6528,1.5502,,,,,,,
1568465088181284,陀螺仪,,,,,,,,0.0190,0.0714,0.2723
1568465098190607,加速度计,-1.0038,7.7411,8.7993,,,,,,,
1568465108209357,加速度计,0.1185,9.6151,10.7655,,,,,,,
1568465108218784,陀螺仪,,,,,,,,-0.0192,0.0591,0.2336
1568465118228107,加速度计,0.0000,9.0435,7.6662,,,,,,,
1568465128253159,加速度计,1.4257,7.4334,4.9740,,,,,,,
1568465128260295,陀螺仪,,,,,,,,-0.0228,0.0232,0.1659
1568465138267326,加速度计,0.4567,5.1463,8.3659,,,,,,,
1568465148281493,加速度计,1.1785,7.2107,8.3169,,,,,,,
1568465148288628,陀螺仪,,,,,,,,0.0186,-0.0075,0.0968
1568465158295711,加速度计,1.7561,6.5410,7.8955,,,,,,,
1568465168310347,加速度计,1.8016,7.9739,1.6915,,,,,,,
1568465168317899,陀螺仪,,,,,,,,0.0529,0.0089,0.0491
1568465178325451,加速度计,1.7585,6.4506,5.5779,,,,,,,
1568465188341389,加速度计,0.2687,7.1066,6.2620,,,,,,,
1568465188349774,陀螺仪,,,,,,,,-0.0220,0.0060,0.0229
1568465198358159,加速度计,1.4012,7.1413,10.4788,,,,,,,
1568465208375764,加速度计,2.1500,7.6710,8.5030,,,,,,,
1568465208384982,陀螺仪,,,,,,,,0.0314,0.0344,0.0640
1568465218394201,加速度计,0.8464,6.2351,7.0599,,,,,,,
1568465228423524,陀螺仪,,,,,,,,0.0574,0.0732,0.0554
1568465228413472,加速度计,1.3856,6.9276,4.2198,,,,,,,
1568465238433576,加速度计,0.2257,5.8849,7.4789,,,,,,,
1568465248454514,加速度计,0.0712,7.2652,5.5617,,,,,,,
1568465248465399,陀螺仪,,,,,,,,0.0383,0.0830,0.0951
1568465258476232,加速度计,0.5261,7.0898,5.5534,,,,,,,
1568465268498368,加速度计,0.2274,6.9139,6.9576,,,,,,,
1568465268509670,陀螺仪,,,,,,,,-0.0246,0.0722,0.1233
1568465278521284,加速度计,0.0622,6.4614,11.0588,,,,,,,
1568465288555503,加速度计,0.8314,8.3887,7.5334,,,,,,,
1568465288568732,陀螺仪,,,,,,,,0.0336,0.1055,0.1553
1568465298573680,加速度计,0.1443,6.4667,6.6068,,,,,,,
1568465308583680,加速度计,0.6261,7.1814,4.3132,,,,,,,
1568465318594045,加速度计,0.2957,6.0292,6.2447,,,,,,,
1568465308588889,陀螺仪,,,,,,,,0.0145,0.1124,0.1526
1568465328605191,加速度计,0.9768,7.9015,7.5106,,,,,,,
1568465328611336,陀螺仪,,,,,,,,-0.0269,0.1024,0.1495
1568465338617534,加速度计,0.6823,6.7612,10.7548,,,,,,,
1568465348631128,加速度计,0.6303,6.1004,9.9036,,,,,,,
1568465348638680,陀螺仪,,,,,,,,0.0569,0.1511,0.1305
1568465358646336,加速度计,-0.0778,6.6571,3.9181,,,,,,,
1568465368663211,加速度计,1.3288,7.4909,3.5733,,,,,,,
1568465368672586,陀螺仪,,,,,,,,0.0176,0.1104,0.1423
1568465378685347,加速度计,1.9579,7.3502,8.4970,,,,,,,
1568465388715399,加速度计,0.8930,8.6239,7.8781,,,,,,,
1568465388730659,陀螺仪,,,,,,,,-0.0073,0.1514,0.0856
1568465398745816,加速度计,0.4304,6.9061,7.4017,,,,,,,
1568465408775764,加速度计,0.6488,6.4452,4.4867,,,,,,,
1568465408789149,陀螺仪,,,,,,,,-0.0538,0.1437,0.0738
1568465418801441,加速度计,0.5309,4.9129,7.9404,,,,,,,
1568465428820191,加速度计,-0.1712,6.6577,8.8568,,,,,,,
1568465428829618,陀螺仪,,,,,,,,-0.0344,0.1395,0.0662
1568465438838941,加速度计,0.3124,6.8917,10.3142,,,,,,,
1568465448857691,加速度计,0.5225,6.5853,6.0759,,,,,,,
1568465448867118,陀螺仪,,,,,,,,0.0462,0.1254,0.0477
1568465458876441,加速度计,1.1528,6.6960,3.8601,,,,,,,
1568465468895191,加速度计,0.1933,6.1166,3.3848,,,,,,,
1568465468904618,陀螺仪,,,,,,,,-0.0173,0.0947,-0.0036
1568465478913941,加速度计,1.3348,7.3131,8.0894,,,,,,,
1568465488933889,加速度计,0.3466,6.8576,9.7642,,,,,,,
1568465488949461,陀螺仪,,,,,,,,-0.0107,0.0997,-0.0383
1568465498955868,加速度计,-0.2251,7.4256,7.6662,,,,,,,
1568465508968784,加速度计,0.3077,7.1796,5.6437,,,,,,,
1568465508975347,陀螺仪,,,,,,,,0.0176,0.1005,-0.0117
1568465518981961,加速度计,0.3388,6.0908,7.1078,,,,,,,
1568465528995555,加速度计,0.6129,7.1838,9.1435,,,,,,,
1568465529002586,陀螺仪,,,,,,,,0.0350,0.0952,-0.0268
1568465539009826,加速度计,0.0838,7.8404,7.1222,,,,,,,
1568465549024930,加速度计,0.1640,7.1455,4.4239,,,,,,,
1568465549032795,陀螺仪,,,,,,,,0.0720,0.1064,-0.0009
1568465559040868,加速度计,0.7242,8.0906,4.8028,,,,,,,
1568465569057639,加速度计,0.5249,7.4292,6.7247,,,,,,,
1568465569066389,陀螺仪,,,,,,,,0.0205,0.1036,0.0040
1568465579075503,加速度计,0.9391,7.6195,4.6448,,,,,,,
1568465589094618,加速度计,-0.0862,7.1694,5.2726,,,,,,,
1568465589104566,陀螺仪,,,,,,,,-0.0075,0.1107,0.0288
1568465599114722,加速度计,0.3944,8.4342,4.7992,,,,,,,
1568465609135659,加速度计,0.5273,5.5665,7.9990,,,,,,,
1568465609146441,陀螺仪,,,,,,,,-0.0333,0.1338,0.0563
1568465619157430,加速度计,-0.2580,9.2308,8.7388,,,,,,,
1568465637267895,GPS,,,,31.9416,118.7885,3.8500,171.9000,,,
1568465629182534,加速度计,-0.7524,7.1114,10.1149,,,,,,,
1568465629197170,陀螺仪,,,,,,,,0.0129,0.1597,0.0976
1568465639211701,加速度计,0.1957,7.3514,6.5248,,,,,,,
1568465649238680,加速度计,0.0479,7.1838,5.0601,,,,,,,
1568465649248941,陀螺仪,,,,,,,,0.0383,0.1886,0.1230
1568465659258680,加速度计,0.3561,7.9487,6.1046,,,,,,,
1568465669277430,加速度计,-0.1754,4.9781,9.7007,,,,,,,
1568465669286857,陀螺仪,,,,,,,,0.0262,0.1695,0.0732
1568465679296180,加速度计,-0.2682,9.8450,5.0601,,,,,,,
1568465689314930,加速度计,-0.1113,6.9689,7.1814,,,,,,,
1568465689324357,陀螺仪,,,,,,,,0.0005,0.1490,0.0466
1568465699333680,加速度计,-0.1544,7.3598,6.8971,,,,,,,
1568465709352430,加速度计,-0.4651,6.4823,7.3694,,,,,,,
1568465709361857,陀螺仪,,,,,,,,-0.0004,0.1297,0.0222
1568465719371180,加速度计,1.2785,6.9342,7.4166,,,,,,,
1568465729389930,加速度计,0.2334,6.1806,5.7329,,,,,,,
1568465729399357,陀螺仪,,,,,,,,0.0369,0.1357,-0.0419
1568465739408680,加速度计,-0.2035,5.9705,0.8942,,,,,,,
1568465749427430,加速度计,0.9589,6.2345,6.1657,,,,,,,
1568465749436857,陀螺仪,,,,,,,,-0.0605,0.0602,-0.0613
1568465759446180,加速度计,0.5740,7.1850,9.6822,,,,,,,
1568465769464930,加速度计,-0.3825,8.6377,11.5915,,,,,,,
1568465769474357,陀螺仪,,,,,,,,0.0048,0.0924,-0.1145
1568465779483680,加速度计,-1.5042,8.1541,8.0828,,,,,,,
1568465789511857,陀螺仪,,,,,,,,0.0229,0.0634,-0.0687
1568465789502430,加速度计,1.4748,6.4428,3.8942,,,,,,,
1568465799521180,加速度计,1.0870,5.4342,3.3130,,,,,,,
1568465809539930,加速度计,0.6231,8.3264,6.6655,,,,,,,
1568465809549357,陀螺仪,,,,,,,,-0.0682,0.0418,-0.1459
1568465819558680,加速度计,-0.9361,6.2902,11.2049,,,,,,,
1568465829586857,陀螺仪,,,,,,,,0.0072,0.0352,-0.1491
1568465829577430,加速度计,0.3160,7.2042,7.6848,,,,,,,
1568465839596180,加速度计,-0.4016,6.4063,7.5184,,,,,,,
1568465849614930,加速度计,-0.2951,5.4827,11.4168,,,,,,,
1568465849624357,陀螺仪,,,,,,,,0.0419,-0.0152,-0.1583
1568465859633680,加速度计,0.9571,8.0080,8.1989,,,,,,,
1568465869653472,加速度计,-0.6285,9.0615,2.1027,,,,,,,
1568465869664982,陀螺仪,,,,,,,,0.1029,-0.0073,-0.2209
1568465879688784,加速度计,-0.0084,6.8666,3.2938,,,,,,,
1568465889695086,加速度计,-0.4417,5.8885,7.0761,,,,,,,
1568465889698472,陀螺仪,,,,,,,,-0.0573,-0.0815,-0.2454
1568465899701857,加速度计,-0.3220,7.1467,11.3347,,,,,,,
1568465909709514,加速度计,-0.2963,7.1988,8.4246,,,,,,,
1568465909713941,陀螺仪,,,,,,,,0.0210,-0.0961,-0.2392
1568465919718472,加速度计,0.1844,6.6475,3.6685,,,,,,,
1568465929729097,加速度计,0.5363,6.2716,4.8315,,,,,,,
1568465929735191,陀螺仪,,,,,,,,-0.0356,-0.1305,-0.2517
1568465939741441,加速度计,2.9209,6.7151,9.4445,,,,,,,
1568465949755868,加速度计,0.1760,6.1004,9.0621,,,,,,,
1568465949764045,陀螺仪,,,,,,,,0.0001,-0.1020,-0.3266
1568465959772378,加速度计,-0.5872,8.4007,3.8002,,,,,,,
1568465969790972,加速度计,-0.1957,5.7347,6.3907,,,,,,,
1568465969801232,陀螺仪,,,,,,,,-0.0549,-0.1530,-0.2819
1568465979811649,加速度计,0.8493,6.0753,7.5381,,,,,,,
1568465989834357,加速度计,0.3843,7.3921,7.9308,,,,,,,
1568465989846493,陀螺仪,,,,,,,,-0.0117,-0.1764,-0.2547
1568465999858732,加速度计,2.1452,6.8630,5.8233,,,,,,,
1568466009884722,加速度计,0.9104,5.8742,6.3949,,,,,,,
1568466009898316,陀螺仪,,,,,,,,0.0146,-0.1567,-0.2843
1568466019911909,加速度计,-0.6440,5.5545,5.5037,,,,,,,
1568466029954097,陀螺仪,,,,,,,,0.0104,-0.1490,-0.1776
1568466029939878,加速度计,0.3771,7.9577,5.4983,,,,,,,
1568466039968211,加速度计,0.9164,9.0369,7.6351,,,,,,,
1568466049996180,加速度计,0.2017,7.4172,7.6908,,,,,,,
1568466050008941,陀螺仪,,,,,,,,-0.0049,-0.1164,-0.1237
1568466060020764,加速度计,-0.5363,6.4476,7.0755,,,,,,,
1568466070039514,加速度计,-0.2616,9.1351,2.3589,,,,,,,
1568466070048941,陀螺仪,,,,,,,,-0.0044,-0.0981,-0.0502
1568466080058264,加速度计,-0.7835,6.1968,9.0231,,,,,,,
1568466090077014,加速度计,1.2151,7.9057,11.5526,,,,,,,
1568466090086441,陀螺仪,,,,,,,,0.0067,-0.0883,0.0360
1568466100095764,加速度计,0.8212,7.6968,10.6614,,,,,,,
1568466110114514,加速度计,0.7422,8.6712,3.5356,,,,,,,
1568466110123941,陀螺仪,,,,,,,,0.0933,-0.0236,0.0190
1568466120133680,加速度计,0.1095,6.7576,5.8029,,,,,,,
1568466130157899,加速度计,0.4136,7.2574,2.7551,,,,,,,
1568466130164826,陀螺仪,,,,,,,,0.0136,-0.0152,0.0656
1568466140171649,加速度计,0.8499,8.1588,5.8730,,,,,,,
1568466150185503,加速度计,1.4162,7.1730,5.4492,,,,,,,
1568466150192639,陀螺仪,,,,,,,,-0.0629,-0.0089,0.0952
1568466160199774,加速度计,1.6873,6.5631,7.5471,,,,,,,
1568466170214461,加速度计,0.0479,7.0826,6.6726,,,,,,,
1568466170222014,陀螺仪,,,,,,,,-0.0686,0.0346,0.0722
1568466180229670,加速度计,1.1121,7.1958,6.7427,,,,,,,
1568466190245711,加速度计,0.0706,6.6708,8.2875,,,,,,,
1568466190254097,陀螺仪,,,,,,,,-0.0659,0.0076,0.0646
1568466200262586,加速度计,0.9960,6.9570,8.2887,,,,,,,
1568466210289514,陀螺仪,,,,,,,,-0.0162,-0.0025,0.0023
1568466210280295,加速度计,0.8865,7.0922,7.7794,,,,,,,
1568466220298836,加速度计,0.8966,6.4135,10.0263,,,,,,,
1568466230318211,加速度计,0.6692,7.9033,8.9304,,,,,,,
1568466230328264,陀螺仪,,,,,,,,0.0466,0.0004,-0.0376
1568466240338420,加速度计,0.7284,6.8097,6.9324,,,,,,,
1568466250359461,加速度计,0.8936,7.1341,4.0432,,,,,,,
1568466250370347,陀螺仪,,,,,,,,0.0501,-0.0032,-0.0767
1568466260381232,加速度计,-0.7063,5.5827,6.7391,,,,,,,
1568466270403420,加速度计,1.3623,5.7215,5.9448,,,,,,,
1568466270414722,陀螺仪,,,,,,,,0.0232,-0.0356,-0.0566
1568466280426024,加速度计,0.6722,6.5164,5.3032,,,,,,,
1568466290448941,加速度计,0.1263,6.9695,5.7658,,,,,,,
1568466290460451,陀螺仪,,,,,,,,-0.0173,-0.0463,-0.0868
1568466300471857,加速度计,0.4238,5.7736,12.4115,,,,,,,
1568466310494566,加速度计,0.8685,8.5252,7.7201,,,,,,,
1568466310505659,陀螺仪,,,,,,,,0.0715,-0.0383,-0.0742
1568466320515920,加速度计,0.4669,7.3658,9.6827,,,,,,,
1568466330535086,加速度计,0.5728,7.1006,9.3093,,,,,,,
1568466330544722,陀螺仪,,,,,,,,0.1198,-0.0309,-0.0766
1568466340554253,加速度计,0.7350,7.8973,6.6577,,,,,,,
1568466350573316,加速度计,0.1341,9.1267,3.1466,,,,,,,
1568466350582743,陀螺仪,,,,,,,,0.0858,-0.0297,-0.0790
1568466360592066,加速度计,-0.4591,6.6643,4.4514,,,,,,,
1568466370610920,加速度计,-0.3118,5.9735,8.1187,,,,,,,
1568466370620555,陀螺仪,,,,,,,,-0.0192,-0.0390,-0.0450
1568466380631024,加速度计,-0.4717,7.4909,7.8512,,,,,,,
1568466390649357,加速度计,-0.9176,5.9939,7.2371,,,,,,,
1568466390658576,陀螺仪,,,,,,,,0.0071,-0.0164,0.0322
1568466400667691,加速度计,1.3797,6.2447,5.4594,,,,,,,
1568466410686024,加速度计,-0.0221,5.7245,7.1838,,,,,,,
1568466410695243,陀螺仪,,,,,,,,0.0152,0.0132,0.0535
1568466420704357,加速度计,0.2430,5.5468,6.3363,,,,,,,
1568466430731909,陀螺仪,,,,,,,,0.0285,0.0328,0.1081
1568466430722691,加速度计,-0.3597,7.5346,2.7402,,,,,,,
1568466440741024,加速度计,1.6167,6.5116,4.8046,,,,,,,
1568466450759357,加速度计,-0.4304,5.9083,4.7417,,,,,,,
1568466450768576,陀螺仪,,,,,,,,-0.0411,0.0712,0.1337
1568466460777691,加速度计,0.6859,6.6637,8.6802,,,,,,,
1568466470796024,加速度计,0.3645,8.0373,8.0128,,,,,,,
1568466470805243,陀螺仪,,,,,,,,-0.0176,0.1273,0.1794
1568466480814357,加速度计,0.0192,7.6507,4.5681,,,,,,,
1568466490841909,陀螺仪,,,,,,,,-0.0806,0.1451,0.2124
1568466490832691,加速度计,1.0044,6.9097,2.2793,,,,,,,
1568466500851024,加速度计,1.1756,6.5960,5.9448,,,,,,,
1568466510869357,加速度计,0.6051,5.6743,13.2357,,,,,,,
1568466510878576,陀螺仪,,,,,,,,-0.1096,0.1518,0.1437
1568466520887691,加速度计,-1.6496,8.4821,10.0197,,,,,,,
1568466530906180,加速度计,0.4046,7.7937,6.3177,,,,,,,
1568466530915607,陀螺仪,,,,,,,,-0.0087,0.1527,0.1730
1568466540925086,加速度计,1.8705,5.7353,5.8275,,,,,,,
1568466550944253,加速度计,-0.1185,6.5021,5.5504,,,,,,,
1568466550953889,陀螺仪,,,,,,,,-0.0091,0.1265,0.0256
1568466560963420,加速度计,-0.9529,8.4048,7.2808,,,,,,,
1568466570982586,加速度计,-0.6656,9.6002,5.7018,,,,,,,
1568466570992222,陀螺仪,,,,,,,,-0.0344,0.0337,-0.0201
1568466581001753,加速度计,-0.3358,7.5866,8.8615,,,,,,,
1568466591030555,陀螺仪,,,,,,,,-0.0309,0.0136,-0.0832
1568466591020920,加速度计,0.0192,7.3843,8.8651,,,,,,,
1568466601040086,加速度计,-1.0648,8.8927,5.5037,,,,,,,
1568466611059253,加速度计,-0.0557,8.5287,5.3061,,,,,,,
1568466611068889,陀螺仪,,,,,,,,-0.0795,-0.0387,-0.1148
1568466621080139,加速度计,-0.5752,6.8809,5.1032,,,,,,,
1568466634249717,GPS,,,,31.9416,118.7885,3.9500,169.7000,,,
1568466631117066,陀螺仪,,,,,,,,-0.1437,-0.0652,-0.1414
1568466631111389,加速度计,0.2113,5.4959,5.8706,,,,,,,
1568466641122639,加速度计,0.0401,6.9767,8.6131,,,,,,,
1568466651139930,陀螺仪,,,,,,,,-0.1101,-0.0482,-0.0988
1568466651134045,加速度计,-0.6776,7.1359,9.2901,,,,,,,
1568466661146024,加速度计,-0.4322,6.5864,6.0190,,,,,,,
1568466671158836,加速度计,0.7111,7.4346,6.8331,,,,,,,
1568466671165555,陀螺仪,,,,,,,,-0.0969,-0.0477,-0.0771
1568466681172639,加速度计,-0.1514,5.2463,11.3467,,,,,,,
1568466691187691,加速度计,0.5818,7.6692,6.5338,,,,,,,
1568466691195659,陀螺仪,,,,,,,,0.0076,-0.0565,-0.0763
1568466701203993,加速度计,-0.7614,7.1892,5.4636,,,,,,,
1568466711221545,加速度计,1.2192,5.6228,6.7481,,,,,,,
1568466711230764,陀螺仪,,,,,,,,-0.0045,-0.0911,-0.1040
1568466721240347,加速度计,-0.0287,5.8359,9.2404,,,,,,,
1568466731260399,加速度计,-0.3879,8.3701,6.2722,,,,,,,
1568466731270868,陀螺仪,,,,,,,,0.0812,-0.0824,-0.1149
1568466741281701,加速度计,-0.5902,5.9999,4.2156,,,,,,,
1568466751304097,加速度计,1.0445,5.4025,5.1451,,,,,,,
1568466751315607,陀螺仪,,,,,,,,0.0455,-0.0991,-0.0867
1568466761327326,加速度计,1.0307,6.5805,5.8808,,,,,,,
1568466771351232,加速度计,0.1221,7.7548,8.1301,,,,,,,
1568466771363368,陀螺仪,,,,,,,,0.0406,-0.0826,-0.0862
1568466781375555,加速度计,-0.0892,9.4445,13.0221,,,,,,,
1568466791400139,加速度计,0.3555,7.1982,14.3006,,,,,,,
1568466791412482,陀螺仪,,,,,,,,0.1569,-0.0506,-0.0397
1568466801424722,加速度计,0.8978,8.3893,8.5024,,,,,,,
1568466811448211,加速度计,-0.4124,8.1684,2.5684,,,,,,,
1568466811459097,陀螺仪,,,,,,,,0.2361,-0.0373,-0.0369
1568466821468784,加速度计,0.4088,7.1617,-1.5239,,,,,,,
1568466831496961,陀螺仪,,,,,,,,0.0077,-0.0680,-0.0325
1568466831487534,加速度计,1.1516,7.3694,-0.4992,,,,,,,
1568466841506284,加速度计,-0.4028,6.2375,6.7175,,,,,,,
1568466851534461,陀螺仪,,,,,,,,-0.0467,-0.0515,-0.0152
1568466851525034,加速度计,-0.9397,5.9065,11.0498,,,,,,,
1568466861543784,加速度计,-0.7386,9.0315,7.3215,,,,,,,
1568466871563628,加速度计,-1.1540,6.4679,5.2361,,,,,,,
1568466871576389,陀螺仪,,,,,,,,-0.0466,-0.0459,0.0477
1568466881586701,加速度计,-0.2442,4.9668,10.3914,,,,,,,
1568466891606753,陀螺仪,,,,,,,,0.0403,-0.0225,0.0675
1568466891600034,加速度计,-0.7320,6.2273,10.0377,,,,,,,
1568466901613524,加速度计,-0.7440,8.0158,8.2079,,,,,,,
1568466911627430,加速度计,0.0449,7.6219,5.0685,,,,,,,
1568466911634566,陀螺仪,,,,,,,,0.0772,-0.0350,0.1024
1568466921641909,加速度计,1.0050,5.8448,3.6111,,,,,,,
1568466931657222,加速度计,-0.5297,7.1958,7.6291,,,,,,,
1568466931665191,陀螺仪,,,,,,,,0.0123,-0.0405,0.0754
1568466941673368,加速度计,-0.1215,8.1732,10.4495,,,,,,,
1568466951690347,加速度计,0.8523,7.0467,9.2919,,,,,,,
1568466951699149,陀螺仪,,,,,,,,0.0523,-0.0123,0.1139
1568466961708159,加速度计,0.0652,7.3819,7.6626,,,,,,,
1568466971736441,陀螺仪,,,,,,,,0.0848,0.0019,0.1109
1568466971726805,加速度计,-0.2119,5.8508,7.4873,,,,,,,
1568466981746284,加速度计,0.0838,6.3991,4.5562,,,,,,,
1568466991777066,陀螺仪,,,,,,,,0.0511,-0.0280,0.1025
1568466991766597,加速度计,1.6430,8.1696,5.9125,,,,,,,
1568467001787743,加速度计,0.2699,6.1734,8.4761,,,,,,,
1568467011820659,陀螺仪,,,,,,,,0.0901,-0.0009,0.0429
1568467011809566,加速度计,1.3144,6.5924,5.6844,,,,,,,
1568467021831805,加速度计,0.8068,7.8416,-0.0521,,,,,,,
1568467031865972,陀螺仪,,,,,,,,-0.0402,-0.0502,0.0136
1568467031854461,加速度计,0.5291,6.8498,4.8836,,,,,,,
1568467041877378,加速度计,1.6897,7.5226,9.5894,,,,,,,
1568467051911805,陀螺仪,,,,,,,,-0.0380,-0.0365,-0.0590
1568467051900295,加速度计,1.1492,9.8067,6.6625,,,,,,,
1568467061923211,加速度计,0.5878,9.2093,4.7477,,,,,,,
1568467071944878,加速度计,1.1534,4.9177,8.5964,,,,,,,
1568467071954722,陀螺仪,,,,,,,,-0.1341,-0.0459,-0.0700
1568467081964149,加速度计,0.8242,6.2626,8.7646,,,,,,,
1568467091992326,陀螺仪,,,,,,,,-0.0507,-0.0463,-0.0631
1568467091982899,加速度计,1.1606,6.6110,7.8530,,,,,,,
1568467102001649,加速度计,1.7705,7.2891,7.3281,,,,,,,
1568467112029826,陀螺仪,,,,,,,,0.0234,-0.0124,-0.0567
1568467112020399,加速度计,0.8212,4.5250,8.1648,,,,,,,
1568467122039305,加速度计,0.7865,7.7399,5.5635,,,,,,,
1568467132069305,陀螺仪,,,,,,,,0.0329,0.0053,-0.0578
1568467132060711,加速度计,1.2204,6.5996,5.1014,,,,,,,
1568467142077795,加速度计,0.0275,7.4089,4.9847,,,,,,,
1568467152103472,陀螺仪,,,,,,,,-0.0320,0.0052,-0.0265
1568467152094878,加速度计,0.7955,7.9667,7.8691,,,,,,,
1568467162111961,加速度计,0.3867,7.7189,9.2895,,,,,,,
1568467172137639,陀螺仪,,,,,,,,-0.0004,0.0257,-0.0172
1568467172129045,加速度计,-0.0622,7.2880,7.4095,,,,,,,
1568467182146128,加速度计,1.0780,7.1509,6.0861,,,,,,,
1568467192172170,陀螺仪,,,,,,,,0.0113,0.0254,-0.0001
1568467192163368,加速度计,1.3060,5.6294,9.6738,,,,,,,
1568467202181024,加速度计,0.3879,8.4946,5.6150,,,,,,,
1568467212199097,加速度计,0.4543,7.4388,4.5179,,,,,,,
1568467212208316,陀螺仪,,,,,,,,0.0096,0.0265,-0.0093
1568467222217586,加速度计,1.3066,8.0002,5.1152,,,,,,,
1568467232246128,陀螺仪,,,,,,,,-0.0787,0.0085,-0.0515
1568467232236493,加速度计,-0.2071,6.0777,8.0469,,,,,,,
1568467242255816,加速度计,0.1670,7.7123,8.5688,,,,,,,
1568467252285607,陀螺仪,,,,,,,,-0.0481,-0.0017,-0.0364
1568467252275555,加速度计,-1.2528,6.9737,8.1762,,,,,,,
1568467262295711,加速度计,0.3298,5.6892,8.3199,,,,,,,
1568467272326389,陀螺仪,,,,,,,,0.0049,-0.0107,-0.0538
1568467272316128,加速度计,0.7009,6.0035,7.8141,,,,,,,
1568467282336545,加速度计,-1.0145,7.2149,5.7551,,,,,,,
1568467292367222,陀螺仪,,,,,,,,-0.0288,-0.0447,-0.0561
1568467292356961,加速度计,-0.0605,8.7400,4.8405,,,,,,,
1568467302377378,加速度计,0.5674,4.7489,8.2187,,,,,,,
1568467312397795,加速度计,-0.1413,6.0454,8.4605,,,,,,,
1568467312408055,陀螺仪,,,,,,,,0.0003,-0.0409,-0.0446
1568467322418211,加速度计,0.7003,7.2897,8.5659,,,,,,,
1568467332438628,加速度计,0.0640,7.0581,7.1287,,,,,,,
1568467332448889,陀螺仪,,,,,,,,0.0300,-0.0250,-0.0170
1568467342458889,加速度计,0.3460,6.1561,8.6299,,,,,,,
1568467352488211,陀螺仪,,,,,,,,0.0602,0.0080,0.0013
1568467352478576,加速度计,0.8254,6.3381,5.9933,,,,,,,
1568467362497743,加速度计,0.1915,5.9783,3.6242,,,,,,,
1568467372518784,加速度计,1.3952,6.8785,3.4590,,,,,,,
1568467372537951,陀螺仪,,,,,,,,-0.0184,-0.0115,0.0140
1568467382546493,加速度计,0.3053,5.3091,8.4198,,,,,,,
1568467392548732,加速度计,0.3466,5.9693,6.6020,,,,,,,
1568467392550034,陀螺仪,,,,,,,,-0.0113,0.0216,0.0439
1568467402551701,加速度计,0.8158,6.4895,7.7818,,,,,,,
1568467412558836,陀螺仪,,,,,,,,-0.0064,0.0426,0.0526
1568467412556076,加速度计,-0.0245,7.3831,7.4915,,,,,,,
1568467422562274,加速度计,1.0355,6.6361,9.7031,,,,,,,
1568467432570711,加速度计,0.3801,8.5383,5.5563,,,,,,,
1568467432575764,陀螺仪,,,,,,,,0.0458,0.0747,0.0458
1568467442581805,加速度计,0.9301,6.5434,2.1195,,,,,,,
1568467452595816,加速度计,0.0706,6.1112,6.3309,,,,,,,
1568467452603784,陀螺仪,,,,,,,,-0.0644,0.0186,0.0136
1568467462612743,加速度计,0.7242,7.8326,9.4751,,,,,,,
1568467472632586,加速度计,0.1802,8.5138,11.6855,,,,,,,
1568467472643472,陀螺仪,,,,,,,,0.0164,0.0209,-0.0037
1568467482655191,加速度计,0.1191,8.2881,4.1695,,,,,,,
1568467492680295,加速度计,0.6650,6.7439,4.3347,,,,,,,
1568467492693680,陀螺仪,,,,,,,,0.0005,0.0049,-0.0579
1568467502707743,加速度计,-0.1514,6.7187,6.5068,,,,,,,
1568467512752014,陀螺仪,,,,,,,,0.0048,-0.0394,-0.0691
1568467512736961,加速度计,-1.7921,7.5369,10.8176,,,,,,,
1568467522767274,加速度计,-0.0712,9.5966,6.1010,,,,,,,
1568467532813941,陀螺仪,,,,,,,,-0.0001,-0.0672,-0.0647
1568467532798264,加速度计,0.0658,6.6637,4.8943,,,,,,,
1568467542829514,加速度计,1.2665,7.0192,5.6719,,,,,,,
1568467552857482,加速度计,0.1879,7.9871,7.6549,,,,,,,
1568467552868784,陀螺仪,,,,,,,,-0.0346,-0.1023,-0.1280
1568467562878732,加速度计,0.4561,6.7642,7.9847,,,,,,,
1568467572897743,加速度计,0.3879,7.5256,4.7860,,,,,,,
1568467572907170,陀螺仪,,,,,,,,-0.0029,-0.0935,-0.1579
1568467582916493,加速度计,-0.1431,6.8402,3.8481,,,,,,,
1568467592935243,加速度计,0.9242,6.8660,7.7997,,,,,,,
1568467592944670,陀螺仪,,,,,,,,-0.0879,-0.1370,-0.1598
1568467602953993,加速度计,0.2035,6.8277,8.0349,,,,,,,
1568467612972743,加速度计,-0.3561,8.3869,6.0472,,,,,,,
1568467612982170,陀螺仪,,,,,,,,-0.0803,-0.1397,-0.1429
1568467622993211,加速度计,0.4172,5.5037,9.5541,,,,,,,
1568467639300759,GPS,,,,31.9415,118.7886,4.2100,171.2000,,,
1568467633014201,加速度计,-0.9529,5.9047,8.3851,,,,,,,
1568467633020920,陀螺仪,,,,,,,,-0.0096,-0.1067,-0.0843
1568467643027534,加速度计,-0.3136,7.1138,4.9063,,,,,,,
1568467653041128,加速度计,1.1720,6.3680,4.7854,,,,,,,
1568467653048107,陀螺仪,,,,,,,,0.0040,-0.0791,-0.0120
1568467663055139,加速度计,-0.2370,7.5705,5.2517,,,,,,,
1568467673069826,加速度计,-0.3460,6.8761,11.8405,,,,,,,
1568467673077482,陀螺仪,,,,,,,,0.0007,-0.0489,0.0726
1568467683085347,加速度计,-0.2203,9.2111,6.6714,,,,,,,
1568467693101701,加速度计,-0.0664,7.0132,5.7670,,,,,,,
1568467693110191,陀螺仪,,,,,,,,0.0190,0.0128,0.1887
1568467703118889,加速度计,0.6321,6.3470,6.0047,,,,,,,
1568467713136909,加速度计,0.1706,6.4386,9.1069,,,,,,,
1568467713146232,陀螺仪,,,,,,,,0.0116,0.0582,0.2336
1568467723155764,加速度计,-0.0024,7.6561,9.6450,,,,,,,
1568467733175451,加速度计,0.1012,8.7059,6.2447,,,,,,,
1568467733185607,陀螺仪,,,,,,,,0.0679,0.1136,0.2963
1568467743195972,加速度计,0.8942,6.6236,8.7951,,,,,,,
1568467753217326,加速度计,0.3717,7.4591,6.2704,,,,,,,
1568467753228264,陀螺仪,,,,,,,,0.0913,0.1643,0.2791
1568467763239253,加速度计,-0.7865,7.6154,3.8176,,,,,,,
1568467773261597,加速度计,0.7147,8.8885,1.8932,,,,,,,
1568467773272951,陀螺仪,,,,,,,,-0.0218,0.1250,0.2232
1568467783284357,加速度计,-0.0245,4.6190,6.5517,,,,,,,
1568467793307274,加速度计,-1.9770,7.1593,8.2839,,,,,,,
1568467793318784,陀螺仪,,,,,,,,-0.0672,0.0864,0.1469
1568467803330191,加速度计,-1.4712,6.1621,9.3182,,,,,,,
1568467813353107,加速度计,0.5453,8.3258,5.8095,,,,,,,
1568467813364201,陀螺仪,,,,,,,,-0.0127,0.0502,0.1285
1568467823373941,加速度计,-0.7733,6.1549,6.8199,,,,,,,
1568467833393003,加速度计,-0.0257,5.9729,3.3968,,,,,,,
1568467833402430,陀螺仪,,,,,,,,-0.0310,0.0015,0.0389
1568467843411753,加速度计,-0.6177,6.0903,5.4588,,,,,,,
1568467853430503,加速度计,-1.0552,6.0172,10.7703,,,,,,,
1568467853439930,陀螺仪,,,,,,,,-0.0711,-0.0731,0.0096
1568467863449253,加速度计,-0.7021,6.5200,12.9347,,,,,,,
1568467873469045,加速度计,0.5830,8.2193,8.1068,,,,,,,
1568467873481805,陀螺仪,,,,,,,,0.0876,-0.0675,-0.0080
1568467883489670,加速度计,1.3228,6.4284,3.8457,,,,,,,
1568467893505503,加速度计,-0.0916,7.3215,6.0513,,,,,,,
1568467893513472,陀螺仪,,,,,,,,0.0121,-0.1088,-0.0762
1568467903521336,加速度计,-0.2257,5.1200,14.1545,,,,,,,
1568467913537170,加速度计,0.3089,8.8585,6.0549,,,,,,,
1568467913545191,陀螺仪,,,,,,,,0.1201,-0.0824,-0.0282
1568467923553264,加速度计,0.6512,6.5140,6.6804,,,,,,,
1568467933569774,加速度计,1.8405,6.9210,3.8798,,,,,,,
1568467933578211,陀螺仪,,,,,,,,0.0792,-0.0818,-0.0206
1568467943586701,加速度计,-0.6464,7.0737,7.7955,,,,,,,
1568467953604045,加速度计,0.9906,9.0387,6.0974,,,,,,,
1568467953612899,陀螺仪,,,,,,,,0.0814,-0.0602,0.0274
1568467963621805,加速度计,0.1891,7.3939,5.8646,,,,,,,
1568467973639982,加速度计,-0.1592,6.6631,4.5161,,,,,,,
1568467973649305,陀螺仪,,,,,,,,0.0181,-0.0328,0.0703
1568467983658836,加速度计,0.3286,7.0150,3.4309,,,,,,,
1568467993678264,加速度计,0.9224,8.3480,4.3114,,,,,,,
1568467993688159,陀螺仪,,,,,,,,-0.0893,-0.0382,0.0928
1568468003698107,加速度计,-0.8775,5.5450,10.8816,,,,,,,
1568468013718368,加速度计,-0.1275,6.8642,10.9026,,,,,,,
1568468013728680,陀螺仪,,,,,,,,-0.0414,-0.0021,0.1642
1568468023739045,加速度计,0.8003,8.5413,7.7494,,,,,,,
1568468033760139,加速度计,0.0593,6.6463,5.3678,,,,,,,
1568468033770868,陀螺仪,,,,,,,,0.0059,0.0049,0.1257
1568468043781649,加速度计,0.5716,5.4211,3.4860,,,,,,,
1568468053803316,加速度计,1.0624,6.3021,5.3061,,,,,,,
1568468053814201,陀螺仪,,,,,,,,-0.0297,-0.0336,0.0704
1568468063824982,加速度计,0.1694,8.2295,7.4825,,,,,,,
1568468073846649,加速度计,1.2348,6.7612,8.7299,,,,,,,
1568468083868316,加速度计,2.2236,7.0330,6.5691,,,,,,,
1568468073857534,陀螺仪,,,,,,,,-0.0197,-0.0334,0.0684
1568468093888420,加速度计,0.7536,7.0096,5.8041,,,,,,,
1568468103907326,加速度计,0.4884,5.1613,11.4150,,,,,,,
1568468093898003,陀螺仪,,,,,,,,-0.0256,-0.0246,0.0056
1568468113926076,加速度计,0.5794,6.4404,10.9648,,,,,,,
1568468113936180,陀螺仪,,,,,,,,0.1064,-0.0144,0.0445
1568468123948211,加速度计,2.0518,9.4403,4.6519,,,,,,,
1568468133971701,加速度计,2.3846,7.8925,4.4730,,,,,,,
1568468133971805,陀螺仪,,,,,,,,0.0651,-0.0328,-0.0073
1568468143971961,加速度计,2.1183,7.5747,5.4851,,,,,,,
1568468153973159,加速度计,-0.3029,8.5204,5.8688,,,,,,,
1568468153974305,陀螺仪,,,,,,,,-0.0194,-0.0313,-0.0278
1568468163976128,加速度计,1.3431,6.5284,5.2158,,,,,,,
1568468173981441,加速度计,2.1799,7.5525,4.6011,,,,,,,
1568468183989514,加速度计,-1.2540,6.4410,8.8131,,,,,,,
1568468173984982,陀螺仪,,,,,,,,-0.0755,-0.0210,-0.0336
1568468194000764,加速度计,1.5113,6.5134,5.9418,,,,,,,
1568468194007482,陀螺仪,,,,,,,,-0.0589,-0.0148,0.0088
1568468204015347,加速度计,0.8667,8.5605,5.4444,,,,,,,
1568468214033264,加速度计,-0.0934,6.8217,7.1275,,,,,,,
1568468214043316,陀螺仪,,,,,,,,-0.1072,-0.0185,-0.0141
1568468224054514,加速度计,0.1514,6.4195,8.0254,,,,,,,
1568468234078836,加速度计,-0.5369,6.7774,9.1405,,,,,,,
1568468234091909,陀螺仪,,,,,,,,-0.0618,-0.0045,0.0337
1568468244105816,加速度计,-0.0724,7.3095,5.9334,,,,,,,
1568468254135034,加速度计,0.6668,3.9762,8.8819,,,,,,,
1568468254150295,陀螺仪,,,,,,,,-0.0435,0.0075,0.0780
1568468264166076,加速度计,-0.4687,6.4021,5.3989,,,,,,,
1568468274198264,加速度计,0.2646,7.1796,6.0256,,,,,,,
1568468274214618,陀螺仪,,,,,,,,-0.0308,0.0049,0.1216
1568468284231024,加速度计,0.9703,8.2390,6.5667,,,,,,,
1568468294263941,加速度计,0.8386,5.5593,7.0886,,,,,,,
1568468294278732,陀螺仪,,,,,,,,-0.0565,0.0498,0.1170
1568468304288264,加速度计,-0.6291,6.6254,3.5279,,,,,,,
1568468314307430,加速度计,-0.0790,5.2978,8.3480,,,,,,,
1568468314317066,陀螺仪,,,,,,,,-0.1168,0.0535,0.1898
1568468324326597,加速度计,-0.2879,5.5144,12.0716,,,,,,,
1568468334345503,加速度计,1.2827,7.1982,8.3791,,,,,,,
1568468334354930,陀螺仪,,,,,,,,0.0124,0.1216,0.2704
1568468344364253,加速度计,0.7985,6.8684,5.0877,,,,,,,
1568468354383003,加速度计,1.3815,4.7782,5.7970,,,,,,,
1568468354392430,陀螺仪,,,,,,,,-0.0244,0.1479,0.2437
1568468364401753,加速度计,-0.5040,6.2549,7.9416,,,,,,,
1568468374422586,加速度计,-0.2089,8.3983,10.9870,,,,,,,
1568468374435139,陀螺仪,,,,,,,,-0.0096,0.1694,0.2844
1568468384441961,加速度计,-0.3376,7.9320,8.7730,,,,,,,
1568468394455711,加速度计,1.1474,6.5853,4.6286,,,,,,,
1568468394462743,陀螺仪,,,,,,,,-0.0017,0.1792,0.2910
1568468404469774,加速度计,-0.4986,6.1154,4.6591,,,,,,,
1568468414484253,加速度计,-0.0545,6.6852,6.1609,,,,,,,
1568468414491701,陀螺仪,,,,,,,,-0.0718,0.1474,0.2471
1568468424499149,加速度计,-0.7679,6.9097,10.9571,,,,,,,
1568468434514774,加速度计,-0.1628,7.8344,8.9405,,,,,,,
1568468434522951,陀螺仪,,,,,,,,0.0133,0.1357,0.2463
1568468444531232,加速度计,0.1688,6.9935,7.8889,,,,,,,
1568468454548524,加速度计,2.1087,7.7165,1.5951,,,,,,,
1568468454557534,陀螺仪,,,,,,,,0.0439,0.1559,0.1775
1568468464566649,加速度计,0.2711,7.4735,6.6690,,,,,,,
1568468474585607,加速度计,0.4549,7.5244,9.1267,,,,,,,
1568468474595451,陀螺仪,,,,,,,,0.0084,0.1204,0.1273
1568468484605399,加速度计,-0.7464,7.8117,9.3745,,,,,,,
1568468494626024,加速度计,1.6496,8.8747,2.0022,,,,,,,
1568468494636701,陀螺仪,,,,,,,,0.0539,0.1240,0.1491
1568468504647482,加速度计,1.7675,6.3458,5.6383,,,,,,,
1568468514669461,加速度计,0.8769,5.9885,10.1305,,,,,,,
1568468514680659,陀螺仪,,,,,,,,0.0079,0.1149,0.0654
1568468524691857,加速度计,-0.6716,7.3275,8.7323,,,,,,,
1568468534714670,加速度计,1.2103,8.4312,6.4829,,,,,,,
1568468534726180,陀螺仪,,,,,,,,0.0798,0.1236,0.0826
1568468544737586,加速度计,1.8298,6.1657,5.0458,,,,,,,
1568468554760503,加速度计,0.1496,5.8730,7.1539,,,,,,,
1568468554771805,陀螺仪,,,,,,,,0.0609,0.1186,0.0270
1568468564782795,加速度计,0.0940,7.7830,6.5595,,,,,,,
1568468574802691,加速度计,1.5874,7.3598,7.3011,,,,,,,
1568468574812326,陀螺仪,,,,,,,,0.0812,0.1182,0.0399
1568468584821857,加速度计,0.1251,6.3686,5.9544,,,,,,,
1568468594840711,加速度计,0.7308,7.9362,10.9625,,,,,,,
1568468594850139,陀螺仪,,,,,,,,0.0826,0.1234,0.0525
1568468604859461,加速度计,0.3154,6.6469,9.6397,,,,,,,
1568468614878211,加速度计,1.4006,7.9392,5.2343,,,,,,,
1568468624898211,加速度计,0.9230,7.1485,2.8766,,,,,,,
1568468614888055,陀螺仪,,,,,,,,0.1690,0.1621,0.0591
1568468634917795,加速度计,0.7739,6.1806,9.7941,,,,,,,
1568468644398102,GPS,,,,31.9415,118.7886,2.7600,176.0000,,,
1568468634925347,陀螺仪,,,,,,,,0.0953,0.1582,0.0108
1568468644932795,加速度计,-0.2077,8.7478,3.1137,,,,,,,
1568468654947795,加速度计,0.7476,9.5840,4.2958,,,,,,,
1568468654955451,陀螺仪,,,,,,,,0.0059,0.1009,0.0120
1568468664963107,加速度计,-1.0074,5.9562,13.9732,,,,,,,
1568468674995139,陀螺仪,,,,,,,,0.1469,0.1478,0.0249
1568468674981753,加速度计,-0.0916,5.8963,13.0442,,,,,,,
1568468685008055,加速度计,2.0135,9.5990,0.2753,,,,,,,
1568468695031232,加速度计,-0.0126,7.9140,-1.8004,,,,,,,
1568468695040868,陀螺仪,,,,,,,,0.1015,0.1284,-0.0771
1568468705050347,加速度计,0.4280,6.9779,1.1875,,,,,,,
1568468715069097,加速度计,-0.6207,6.5733,13.9606,,,,,,,
1568468715078524,陀螺仪,,,,,,,,-0.0834,0.0470,-0.1732
1568468725087847,加速度计,-2.8437,9.7193,12.7629,,,,,,,
1568468735106597,加速度计,-1.2240,7.5944,7.5531,,,,,,,
1568468735116024,陀螺仪,,,,,,,,0.0936,0.0507,-0.0403
1568468745125347,加速度计,1.8016,5.8377,0.3705,,,,,,,
1568468755144097,加速度计,1.7454,6.4195,3.3662,,,,,,,
1568468755153524,陀螺仪,,,,,,,,-0.0457,0.0096,-0.1474
1568468765162847,加速度计,0.3603,5.7730,12.8210,,,,,,,
1568468775181597,加速度计,-0.3555,8.1541,8.3719,,,,,,,
1568468775191024,陀螺仪,,,,,,,,0.0398,-0.0009,-0.2125
1568468785200347,加速度计,0.2125,6.3261,4.3042,,,,,,,
1568468795219097,加速度计,1.1642,6.0693,2.2146,,,,,,,
1568468795228524,陀螺仪,,,,,,,,-0.0309,-0.0377,-0.2292
1568468805237847,加速度计,0.3897,4.6220,6.8929,,,,,,,
1568468815256597,加速度计,-0.7961,7.0036,6.8348,,,,,,,
1568468815266024,陀螺仪,,,,,,,,-0.0538,-0.0875,-0.2698
1568468825275347,加速度计,-0.1616,6.8450,7.9667,,,,,,,
1568468835294097,加速度计,1.0313,5.2517,12.0368,,,,,,,
1568468835303524,陀螺仪,,,,,,,,-0.0478,-0.1495,-0.2554
1568468845312847,加速度计,0.2274,6.5428,10.6338,,,,,,,
1568468855331597,加速度计,-0.0132,9.1794,8.2432,,,,,,,
1568468855341024,陀螺仪,,,,,,,,0.0523,-0.1650,-0.3240
1568468865350347,加速度计,1.1624,7.4268,5.0242,,,,,,,
1568468875371493,加速度计,-0.0311,4.5699,10.0724,,,,,,,
1568468875387951,陀螺仪,,,,,,,,-0.0120,-0.1967,-0.3348
1568468885394357,加速度计,1.3539,7.5980,12.8132,,,,,,,
1568468895407274,加速度计,-0.3915,6.5062,10.7524,,,,,,,
1568468895413889,陀螺仪,,,,,,,,0.1365,-0.1631,-0.2838
1568468905420503,加速度计,1.1684,7.8721,-1.5119,,,,,,,
1568468915434149,加速度计,0.1335,5.3917,4.4245,,,,,,,
1568468915441284,陀螺仪,,,,,,,,0.0105,-0.1739,-0.2136
1568468925448524,加速度计,0.3753,6.4356,9.5690,,,,,,,
1568468935480764,加速度计,-0.4824,9.4290,10.3011,,,,,,,
1568468935499201,陀螺仪,,,,,,,,0.0790,-0.1077,-0.0304
1568468945507482,加速度计,0.2538,10.7787,0.8655,,,,,,,
1568468955524149,加速度计,0.5010,4.2994,2.4936,,,,,,,
1568468955532534,陀螺仪,,,,,,,,-0.0470,-0.0489,0.0779
1568468965540816,加速度计,-0.1838,4.7250,6.4817,,,,,,,
1568468975557482,加速度计,-0.6620,7.9745,11.2623,,,,,,,
1568468975565868,陀螺仪,,,,,,,,0.0064,0.0282,0.2321
1568468985574149,加速度计,0.6973,8.9836,9.3075,,,,,,,
1568468995591180,加速度计,-0.6991,7.6369,5.1888,,,,,,,
1568468995599930,陀螺仪,,,,,,,,0.0684,0.0882,0.2778
1568469005608628,加速度计,0.5926,8.0236,2.5361,,,,,,,
1568469015626493,加速度计,-0.4423,6.1657,7.2293,,,,,,,
1568469015635659,陀螺仪,,,,,,,,-0.0326,0.0486,0.2201
1568469025644774,加速度计,-0.5411,8.9878,12.5271,,,,,,,
1568469035663472,加速度计,0.4058,5.8083,16.2345,,,,,,,
1568469035673055,陀螺仪,,,,,,,,0.0995,0.0381,0.2366
1568469045682586,加速度计,1.0277,8.6562,8.0661,,,,,,,
1568469055702118,加速度计,0.0132,6.1579,0.4830,,,,,,,
1568469055712118,陀螺仪,,,,,,,,0.2422,0.0674,0.1506
1568469065722066,加速度计,0.9134,8.0463,-5.3540,,,,,,,
1568469075742430,加速度计,0.8410,4.0001,10.3262,,,,,,,
1568469075752847,陀螺仪,,,,,,,,-0.0210,-0.0043,0.0732
1568469085763211,加速度计,-1.2839,6.7528,14.6471,,,,,,,
1568469095784045,加速度计,1.6227,8.3157,10.7949,,,,,,,
1568469095794514,陀螺仪,,,,,,,,0.2135,0.0418,0.2023
1568469105804878,加速度计,1.8280,10.2645,2.2386,,,,,,,
1568469115825711,加速度计,2.3559,7.6106,-3.5392,,,,,,,
1568469115836336,陀螺仪,,,,,,,,0.0796,0.0614,0.1348
1568469125846909,加速度计,2.4576,6.6960,8.2857,,,,,,,
1568469135868784,加速度计,-0.6997,7.9589,13.0735,,,,,,,
1568469145888264,加速度计,-2.1679,9.8420,8.3210,,,,,,,
1568469135878732,陀螺仪,,,,,,,,0.0340,0.0900,0.0762
1568469155907118,加速度计,4.9674,5.9693,3.6398,,,,,,,
1568469155916545,陀螺仪,,,,,,,,0.0501,0.0782,0.1465
1568469165925868,加速度计,-0.0706,4.8016,2.7857,,,,,,,
1568469175944618,加速度计,0.3657,7.2484,5.6419,,,,,,,
1568469175954045,陀螺仪,,,,,,,,-0.0278,0.0698,0.0692
1568469185963368,加速度计,0.1574,9.2290,8.2498,,,,,,,
1568469195982118,加速度计,1.1654,7.5800,9.2590,,,,,,,
1568469195991545,陀螺仪,,,,,,,,-0.0579,0.0676,0.0799
1568469206000868,加速度计,0.8194,4.9189,5.7515,,,,,,,
1568469216019618,加速度计,-0.1945,5.7724,1.6358,,,,,,,
1568469216029045,陀螺仪,,,,,,,,-0.0739,0.0640,0.0290
1568469226038368,加速度计,-0.2059,3.6565,6.3183,,,,,,,
1568469236057118,加速度计,0.4345,6.3674,11.3162,,,,,,,
1568469236066545,陀螺仪,,,,,,,,-0.0523,0.0644,0.0639
1568469246075868,加速度计,-0.2233,8.0804,6.0831,,,,,,,
1568469256094618,加速度计,1.6053,7.4274,4.7196,,,,,,,
1568469256104045,陀螺仪,,,,,,,,-0.0675,0.0435,0.0417
1568469266113368,加速度计,1.9321,4.4191,6.1603,,,,,,,
1568469276132118,加速度计,0.2981,6.3267,7.7069,,,,,,,
1568469276141545,陀螺仪,,,,,,,,-0.1080,0.0578,-0.0113
1568469286150868,加速度计,0.0066,6.7092,8.9364,,,,,,,
1568469296169618,加速度计,1.5598,8.5796,4.5238,,,,,,,
1568469296179045,陀螺仪,,,,,,,,-0.1108,0.0575,0.0310
1568469306188368,加速度计,1.4024,5.4737,7.1557,,,,,,,
1568469316207118,加速度计,0.4896,5.0338,11.3150,,,,,,,
1568469316216545,陀螺仪,,,,,,,,-0.1533,0.0695,-0.0382
1568469326225868,加速度计,-0.7560,5.8143,9.1542,,,,,,,
1568469336244618,加速度计,0.0060,5.5982,8.0655,,,,,,,
1568469336254045,陀螺仪,,,,,,,,-0.0763,0.0538,0.0169
1568469346263368,加速度计,1.1133,5.5803,5.4785,,,,,,,
1568469356282118,加速度计,0.4148,7.0186,5.2289,,,,,,,
1568469366300868,加速度计,-1.3934,7.7375,7.5040,,,,,,,
1568469356291545,陀螺仪,,,,,,,,-0.0830,0.0479,-0.0511
1568469376326493,加速度计,-0.5848,8.6137,7.5387,,,,,,,
1568469376345243,陀螺仪,,,,,,,,-0.1135,-0.0040,-0.0185
1568469386348316,加速度计,-0.3346,6.9899,7.8721,,,,,,,
1568469396354878,加速度计,0.4501,6.4464,6.5601,,,,,,,
1568469396358472,陀螺仪,,,,,,,,-0.1007,-0.0101,-0.0073
1568469406362170,加速度计,-0.9044,8.0924,4.2066,,,,,,,
1568469416370607,加速度计,0.2245,6.8354,7.8644,,,,,,,
1568469416375451,陀螺仪,,,,,,,,-0.1296,-0.0165,0.0459
1568469426380607,加速度计,0.7033,7.6297,6.4584,,,,,,,
1568469436392274,加速度计,-0.8464,5.7964,8.9705,,,,,,,
1568469436398889,陀螺仪,,,,,,,,-0.1123,0.0146,0.0478
1568469446405920,加速度计,-0.3202,6.8630,7.0473,,,,,,,
1568469456421649,加速度计,-0.8051,7.4364,7.4442,,,,,,,
1568469456430347,陀螺仪,,,,,,,,-0.0547,0.0474,0.1395
1568469466439461,加速度计,0.8685,7.3328,5.1775,,,,,,,
1568469476459357,加速度计,0.2604,7.2335,5.7162,,,,,,,
1568469486481336,加速度计,0.7129,6.9719,7.2401,,,,,,,
1568469476470139,陀螺仪,,,,,,,,-0.0686,0.0766,0.1743
1568469496505086,加速度计,-0.5393,6.3518,12.4858,,,,,,,
1568469496517639,陀螺仪,,,,,,,,-0.0487,0.0919,0.1991
1568469506530503,加速度计,-0.2831,6.4805,10.1460,,,,,,,
1568469516557274,加速度计,1.4676,7.8440,1.9231,,,,,,,
1568469526584982,加速度计,0.5219,7.0814,-2.1823,,,,,,,
1568469516571076,陀螺仪,,,,,,,,0.0940,0.1421,0.2653
1568469536613211,加速度计,1.6251,4.1055,6.6936,,,,,,,
1568469546641545,加速度计,0.7320,5.6419,8.5898,,,,,,,
1568469536627430,陀螺仪,,,,,,,,-0.0779,0.1063,0.1991
1568469556667378,加速度计,-1.0720,10.2627,5.4324,,,,,,,
1568469556678368,陀螺仪,,,,,,,,0.0224,0.1466,0.1672
1568469566687691,加速度计,-0.3543,7.7500,3.6715,,,,,,,
1568469576706441,加速度计,-0.4609,4.9404,7.8835,,,,,,,
1568469576715868,陀螺仪,,,,,,,,-0.0995,0.1025,0.1835
1568469586725191,加速度计,-0.3657,5.8568,10.9648,,,,,,,
1568469596743941,加速度计,0.1221,9.7630,10.5836,,,,,,,
1568469596753368,陀螺仪,,,,,,,,0.0072,0.1093,0.1771
1568469606762691,加速度计,-0.9667,7.6112,9.1776,,,,,,,
1568469616781441,加速度计,0.8170,7.2622,7.9637,,,,,,,
1568469616791284,陀螺仪,,,,,,,,0.0702,0.0919,0.1627
1568469626814774,加速度计,0.5758,7.5561,5.1374,,,,,,,
1568469636823732,加速度计,0.9643,7.6998,5.1182,,,,,,,
1568469647977008,GPS,,,,31.9415,118.7886,4.3500,179.2000,,,
1568469636822222,陀螺仪,,,,,,,,0.0258,0.0342,0.0502
1568469646820711,加速度计,0.8140,6.2357,11.4287,,,,,,,
1568469656819253,加速度计,0.1730,8.6329,6.3680,,,,,,,
1568469656819618,陀螺仪,,,,,,,,0.1087,0.0306,-0.0357
1568469666820191,加速度计,-0.3472,7.1239,6.1489,,,,,,,
1568469676823993,加速度计,1.3611,9.2919,2.7108,,,,,,,
1568469676827378,陀螺仪,,,,,,,,0.0489,-0.0252,-0.0700
1568469686831076,加速度计,1.1462,7.2203,5.9047,,,,,,,
1568469696841857,加速度计,0.5447,6.0747,8.1439,,,,,,,
1568469696848941,陀螺仪,,,,,,,,-0.0056,-0.0184,-0.0959
1568469706856389,加速度计,0.0227,8.1798,6.4386,,,,,,,
1568469716874670,加速度计,-0.6075,5.2325,8.1744,,,,,,,
1568469716885503,陀螺仪,,,,,,,,-0.0115,0.0037,-0.0373
1568469726896701,加速度计,0.6195,7.7806,4.9973,,,,,,,
1568469736922118,加速度计,0.5028,5.9765,5.9705,,,,,,,
1568469736936180,陀螺仪,,,,,,,,-0.0459,-0.0015,0.0120
1568469746950503,加速度计,0.8679,6.6559,7.3496,,,,,,,
1568469756981441,加速度计,0.0251,7.3005,8.1505,,,,,,,
1568469767014514,加速度计,-0.5968,7.9697,7.1593,,,,,,,
1568469756997899,陀螺仪,,,,,,,,-0.0237,0.0116,0.0121
1568469777048941,加速度计,-0.5357,6.5140,4.4879,,,,,,,
1568469777066597,陀螺仪,,,,,,,,-0.0302,0.0150,0.0557
1568469787084253,加速度计,0.2622,6.2261,6.9935,,,,,,,
1568469797119670,加速度计,-0.6686,4.6950,10.0257,,,,,,,
1568469797132743,陀螺仪,,,,,,,,-0.0270,-0.0031,0.0688
1568469807144149,加速度计,-0.4453,4.8309,9.5331,,,,,,,
1568469817163784,加速度计,0.8146,6.4129,6.0777,,,,,,,
1568469827182586,加速度计,-0.2292,7.5058,3.3579,,,,,,,
1568469817173264,陀螺仪,,,,,,,,0.1052,0.0332,0.0993
1568469837201336,加速度计,-0.2400,5.3181,6.6972,,,,,,,
1568469837210764,陀螺仪,,,,,,,,0.0322,0.0321,0.1115
1568469847220086,加速度计,-0.8392,7.9553,8.9824,,,,,,,
1568469857238836,加速度计,-1.4251,6.5882,8.8693,,,,,,,
1568469857248264,陀螺仪,,,,,,,,0.0666,0.0559,0.1969
1568469867257586,加速度计,0.5997,7.5770,4.1976,,,,,,,
1568469877281597,加速度计,0.6063,7.0922,5.7748,,,,,,,
1568469877296545,陀螺仪,,,,,,,,-0.0142,0.0587,0.2073
1568469887300034,加速度计,0.1006,6.4332,8.5473,,,,,,,
1568469897307430,加速度计,0.1305,7.4484,7.6938,,,,,,,
1568469897311441,陀螺仪,,,,,,,,-0.0140,0.0980,0.2200
1568469907315555,加速度计,0.4190,7.4633,6.2782,,,,,,,
1568469917324826,加速度计,0.2478,5.7305,7.4095,,,,,,,
1568469917329982,陀螺仪,,,,,,,,-0.0294,0.1023,0.2293
1568469927335347,加速度计,1.7071,7.5525,4.9093,,,,,,,
1568469937347430,加速度计,0.3412,8.1229,4.4772,,,,,,,
1568469947361493,加速度计,0.0658,6.9905,7.0234,,,,,,,
1568469937354253,陀螺仪,,,,,,,,-0.0774,0.0928,0.1639
1568469957377639,加速度计,-0.2885,6.6990,9.9724,,,,,,,
1568469957386545,陀螺仪,,,,,,,,-0.0953,0.0740,0.1727
1568469967395868,加速度计,0.6003,7.3735,14.8644,,,,,,,
1568469977416180,加速度计,0.4782,8.6269,8.3594,,,,,,,
1568469987438264,加速度计,0.2652,9.7019,1.7160,,,,,,,
1568469977427066,陀螺仪,,,,,,,,0.1041,0.1131,0.1392
1568469997462014,加速度计,0.1413,5.1368,6.2447,,,,,,,
1568469997474461,陀螺仪,,,,,,,,-0.0009,0.0734,0.1325
1568470007487118,加速度计,1.7783,6.5254,5.6940,,,,,,,
1568470017513159,加速度计,1.4293,7.7512,6.0466,,,,,,,
1568470017526545,陀螺仪,,,,,,,,-0.0020,0.0977,0.1047
1568470027540034,加速度计,1.1480,7.8290,4.5095,,,,,,,
1568470037567430,加速度计,0.9595,5.4402,9.0297,,,,,,,
1568470037581232,陀螺仪,,,,,,,,-0.0365,0.1029,0.1133
1568470047594930,加速度计,1.8022,7.2592,7.0162,,,,,,,
1568470057619305,加速度计,0.3855,6.9318,9.3416,,,,,,,
1568470057629982,陀螺仪,,,,,,,,0.0149,0.1185,0.0854
1568470067639514,加速度计,0.9804,7.9230,8.0535,,,,,,,
1568470077658680,加速度计,0.8092,6.7840,7.1826,,,,,,,
1568470077668211,陀螺仪,,,,,,,,0.0463,0.0870,0.0453
1568470087677534,加速度计,1.3425,6.5583,6.8097,,,,,,,
1568470097696284,加速度计,2.4798,6.9168,6.3159,,,,,,,
1568470097705711,陀螺仪,,,,,,,,0.0574,0.0574,-0.0534
1568470107715034,加速度计,1.5957,6.8720,4.7423,,,,,,,
1568470117733784,加速度计,1.0110,6.7912,3.7936,,,,,,,
1568470117743628,陀螺仪,,,,,,,,0.0153,0.0091,-0.1859
1568470127754357,加速度计,1.9142,7.2586,7.6465,,,,,,,
1568470137772847,加速度计,1.1079,6.3794,18.0882,,,,,,,
1568470137781232,陀螺仪,,,,,,,,0.0213,-0.0704,-0.2846
1568470147789514,加速度计,1.8621,7.8051,11.7879,,,,,,,
1568470157806180,加速度计,2.8730,8.8244,-1.5963,,,,,,,
1568470157814566,陀螺仪,,,,,,,,0.2067,-0.0699,-0.3903
1568470167822847,加速度计,2.1991,7.3352,-2.7090,,,,,,,
1568470177839514,加速度计,1.6179,3.9684,9.7282,,,,,,,
1568470177848055,陀螺仪,,,,,,,,-0.0495,-0.1686,-0.4964
1568470187856545,加速度计,-0.2855,8.7825,9.5648,,,,,,,
1568470197873993,加速度计,0.9661,6.8468,11.6999,,,,,,,
1568470197882951,陀螺仪,,,,,,,,0.0702,-0.1513,-0.3867
1568470207891857,加速度计,1.4407,7.0012,5.0583,,,,,,,
1568470217910139,加速度计,1.6658,5.2194,10.2406,,,,,,,
1568470217919514,陀螺仪,,,,,,,,0.1188,-0.1198,-0.2956
1568470227928836,加速度计,3.2543,10.4746,4.2198,,,,,,,
1568470237947951,加速度计,-0.7111,7.3676,4.0241,,,,,,,
1568470237957743,陀螺仪,,,,,,,,0.0806,-0.0738,-0.2835
1568470247967482,加速度计,-0.4304,7.6794,4.6920,,,,,,,
1568470257987430,加速度计,0.1179,5.3061,9.1788,,,,,,,
1568470257997639,陀螺仪,,,,,,,,0.0084,-0.0792,-0.1466
1568470268007795,加速度计,0.4459,7.8554,4.1713,,,,,,,
1568470278028576,加速度计,0.4256,5.4636,9.5176,,,,,,,
1568470278039045,陀螺仪,,,,,,,,-0.0196,-0.0477,-0.0479
1568470288049409,加速度计,-0.0120,5.5875,8.0164,,,,,,,
1568470298070243,加速度计,1.6275,6.0681,4.4646,,,,,,,
1568470298080711,陀螺仪,,,,,,,,0.0526,0.0208,0.0288
1568470308091076,加速度计,-0.0904,7.2868,5.2517,,,,,,,
1568470318111909,加速度计,0.0479,6.3512,10.3394,,,,,,,
1568470328132743,加速度计,0.3699,6.5033,8.3234,,,,,,,
1568470318122378,陀螺仪,,,,,,,,-0.0019,0.0298,0.0822
1568470338153211,加速度计,-0.7775,7.0737,7.1257,,,,,,,
1568470338163003,陀螺仪,,,,,,,,0.0437,0.0579,0.1369
1568470348172534,加速度计,1.3713,7.3753,6.0190,,,,,,,
1568470358191336,加速度计,-0.7685,6.1417,9.9952,,,,,,,
1568470358200764,陀螺仪,,,,,,,,-0.0225,0.0726,0.1185
1568470368210086,加速度计,-0.6434,5.2780,7.9954,,,,,,,
1568470378242534,加速度计,-0.9002,6.3375,3.9504,,,,,,,
1568470388251180,加速度计,-0.7925,4.6819,4.0462,,,,,,,
1568470378251649,陀螺仪,,,,,,,,0.0288,0.0682,0.1477
1568470398250711,加速度计,1.0828,6.5595,8.5317,,,,,,,
1568470398251024,陀螺仪,,,,,,,,-0.0302,0.0429,0.1505
1568470408251389,加速度计,-0.7368,8.6131,9.6325,,,,,,,
1568470418260920,加速度计,0.0814,9.2997,7.0222,,,,,,,
1568470418290868,陀螺仪,,,,,,,,-0.0330,0.0435,0.1475
1568470428316441,加速度计,-0.5626,4.8788,9.8426,,,,,,,
1568470438343628,加速度计,-1.1205,5.3876,10.5243,,,,,,,
1568470438353264,陀螺仪,,,,,,,,0.0415,0.0812,0.1985
1568470448362795,加速度计,-0.2286,8.1331,5.2062,,,,,,,
1568470458381649,加速度计,-0.5746,9.1327,1.2480,,,,,,,
1568470458391076,陀螺仪,,,,,,,,0.0511,0.0771,0.2272
1568470468400399,加速度计,0.9038,7.2676,2.8904,,,,,,,
1568470478419149,加速度计,-0.4597,6.9815,7.5591,,,,,,,
1568470478428576,陀螺仪,,,,,,,,-0.0851,0.0405,0.1700
1568470488437899,加速度计,-0.8386,9.0800,9.1435,,,,,,,
1568470498456649,加速度计,-1.1235,8.4916,7.7680,,,,,,,
1568470498466076,陀螺仪,,,,,,,,-0.0574,0.0683,0.2582
1568470508475399,加速度计,-0.1245,7.0689,7.7213,,,,,,,
1568470518494149,加速度计,-0.7248,5.1278,8.9914,,,,,,,
1568470518503576,陀螺仪,,,,,,,,-0.0237,0.1099,0.3128
1568470528512899,加速度计,-0.6303,8.4659,7.2443,,,,,,,
1568470538531649,加速度计,0.1401,7.8219,8.6598,,,,,,,
1568470548550399,加速度计,0.1287,7.2862,7.0575,,,,,,,
1568470538541076,陀螺仪,,,,,,,,0.0218,0.1095,0.3439
1568470558569149,加速度计,0.7757,6.4051,5.4420,,,,,,,
1568470558578576,陀螺仪,,,,,,,,0.0723,0.1292,0.3184
1568470568587899,加速度计,1.6143,8.4988,1.2546,,,,,,,
1568470578606649,加速度计,0.2963,5.7156,7.8350,,,,,,,
1568470578616076,陀螺仪,,,,,,,,-0.0344,0.1083,0.2454
1568470588625399,加速度计,-0.4310,7.1174,10.6356,,,,,,,
1568470598644149,加速度计,0.6111,7.6591,7.9398,,,,,,,
1568470598653576,陀螺仪,,,,,,,,0.0830,0.1625,0.3161
1568470608662899,加速度计,0.8224,7.4633,1.8687,,,,,,,
1568470618681649,加速度计,0.8769,5.3995,10.2053,,,,,,,
1568470618693993,陀螺仪,,,,,,,,-0.0140,0.1386,0.2886
1568470628709826,加速度计,1.6921,5.2900,11.2665,,,,,,,
1568470647937320,GPS,,,,31.9414,118.7886,4.0400,179.8000,,,
1568470638728628,陀螺仪,,,,,,,,0.1340,0.2009,0.2566
1568470638722326,加速度计,-0.4112,8.5665,4.8441,,,,,,,
1568470648734930,加速度计,1.7208,8.6838,1.3761,,,,,,,
1568470658747951,加速度计,0.7697,4.6561,8.1642,,,,,,,
1568470658754670,陀螺仪,,,,,,,,-0.0095,0.1590,0.2011
1568470668770555,加速度计,0.4447,5.8712,10.9984,,,,,,,
1568470678799774,加速度计,0.0078,10.8146,2.1614,,,,,,,
1568470678809930,陀螺仪,,,,,,,,0.0630,0.1650,0.1768
1568470688819461,加速度计,0.0754,5.9077,6.3057,,,,,,,
1568470698856597,加速度计,0.7153,7.2580,5.3935,,,,,,,
1568470698855607,陀螺仪,,,,,,,,-0.0192,0.1439,0.1292
1568470708854618,加速度计,-0.7123,6.2537,11.8136,,,,,,,
1568470718853524,加速度计,0.3926,9.0914,6.0723,,,,,,,
1568470718853576,陀螺仪,,,,,,,,0.0405,0.1554,0.1188
1568470728853784,加速度计,0.5393,6.3590,6.0849,,,,,,,
1568470738856232,加速度计,1.2528,6.0071,4.6675,,,,,,,
1568470738858784,陀螺仪,,,,,,,,-0.0244,0.1317,0.0908
1568470748861649,加速度计,0.8188,5.8484,7.7740,,,,,,,
1568470758870399,加速度计,-0.4040,7.5633,1.8920,,,,,,,
1568470758876284,陀螺仪,,,,,,,,-0.0053,0.1470,0.0308
1568470768882534,加速度计,0.5555,5.4803,5.2505,,,,,,,
1568470778898420,加速度计,0.5130,5.8921,9.2919,,,,,,,
1568470778908055,陀螺仪,,,,,,,,-0.0691,0.0889,0.0292
1568470788918003,加速度计,-1.0295,8.0786,8.0966,,,,,,,
1568470798940920,加速度计,0.5519,9.7318,6.4877,,,,,,,
1568470798953889,陀螺仪,,,,,,,,-0.0579,0.0840,0.0033
1568470808967118,加速度计,0.1796,5.7096,8.6054,,,,,,,
1568470818996128,加速度计,-0.5160,5.9370,8.6491,,,,,,,
1568470819011597,陀螺仪,,,,,,,,-0.0715,0.0687,-0.0329
1568470829027170,加速度计,-1.0870,6.1992,9.3314,,,,,,,
1568470839059826,加速度计,0.2101,6.9725,8.2678,,,,,,,
1568470839076753,陀螺仪,,,,,,,,-0.0125,0.0318,0.0029
1568470849093628,加速度计,-0.0646,6.4488,6.6038,,,,,,,
1568470859127795,加速度计,1.9064,6.7391,3.4626,,,,,,,
1568470859144930,陀螺仪,,,,,,,,-0.0081,0.0128,-0.0342
1568470869160243,加速度计,1.4772,6.1758,4.9279,,,,,,,
1568470879180503,加速度计,-0.8278,8.1110,10.5902,,,,,,,
1568470879190139,陀螺仪,,,,,,,,-0.0668,-0.0071,-0.0987
1568470889199670,加速度计,-0.6967,6.2417,13.8768,,,,,,,
1568470899218784,加速度计,-0.2574,9.5559,8.7394,,,,,,,
1568470899228211,陀螺仪,,,,,,,,0.0607,-0.0040,-0.0441
1568470909237534,加速度计,0.7889,6.3608,4.4730,,,,,,,
1568470919257795,加速度计,0.7626,7.0012,1.3228,,,,,,,
1568470919270191,陀螺仪,,,,,,,,-0.0081,-0.0116,-0.0447
1568470929277222,加速度计,0.8188,6.1136,8.8442,,,,,,,
1568470939291389,加速度计,0.0868,7.1000,14.0306,,,,,,,
1568470949305555,加速度计,0.3011,8.0505,9.3673,,,,,,,
1568470939298524,陀螺仪,,,,,,,,0.0130,-0.0312,-0.0186
1568470959320034,加速度计,1.5514,8.0218,0.1598,,,,,,,
1568470959327482,陀螺仪,,,,,,,,0.1081,0.0089,-0.0214
1568470969334930,加速度计,1.6664,6.4440,-0.7033,,,,,,,
1568470979350555,加速度计,-0.6817,4.4466,6.0388,,,,,,,
1568470989367014,加速度计,0.9116,9.0872,7.2915,,,,,,,
1568470979358732,陀螺仪,,,,,,,,-0.0462,-0.0120,-0.0286
1568470999384305,加速度计,0.8559,7.1623,10.5794,,,,,,,
1568470999393316,陀螺仪,,,,,,,,-0.0298,-0.0025,0.0156
1568471009402430,加速度计,1.7065,8.5389,6.0759,,,,,,,
1568471019421389,加速度计,-0.0150,3.8942,8.7352,,,,,,,
1568471019431232,陀螺仪,,,,,,,,-0.0021,0.0341,0.0129
1568471029441180,加速度计,1.4611,7.2161,4.7447,,,,,,,
1568471039461805,加速度计,-0.0090,6.1244,9.5116,,,,,,,
1568471039472482,陀螺仪,,,,,,,,0.0462,0.0165,0.0206
1568471049483264,加速度计,1.5119,8.0433,7.4148,,,,,,,
1568471059505243,加速度计,2.1039,6.4332,6.4416,,,,,,,
1568471059516441,陀螺仪,,,,,,,,0.1246,0.0222,-0.0084
1568471069527639,加速度计,1.1372,8.6892,3.3674,,,,,,,
1568471079550139,加速度计,0.7219,6.2656,8.9914,,,,,,,
1568471079561441,陀螺仪,,,,,,,,0.0723,0.0017,-0.0529
1568471089572639,加速度计,1.7406,8.9609,8.0738,,,,,,,
1568471099595139,加速度计,0.6446,6.9605,9.5738,,,,,,,
1568471099606336,陀螺仪,,,,,,,,0.1035,0.0341,-0.0390
1568471109617326,加速度计,0.1622,8.9352,3.5823,,,,,,,
1568471119637222,加速度计,1.4688,5.5312,8.0637,,,,,,,
1568471119646857,陀螺仪,,,,,,,,0.0578,0.0197,-0.0165
1568471129656389,加速度计,1.2564,7.9218,6.6020,,,,,,,
1568471139675243,加速度计,-0.8709,6.4793,10.7392,,,,,,,
1568471139684670,陀螺仪,,,,,,,,0.0963,0.0357,0.0165
1568471149693993,加速度计,1.2845,8.7203,5.8478,,,,,,,
1568471159712743,加速度计,1.9136,8.8268,1.3737,,,,,,,
1568471159722691,陀螺仪,,,,,,,,0.0784,0.0461,-0.0220
1568471169733941,加速度计,0.0108,7.5160,6.9163,,,,,,,
1568471179751753,加速度计,-0.1712,8.0744,7.9230,,,,,,,
1568471179759305,陀螺仪,,,,,,,,-0.0029,0.0523,0.0141
1568471189766753,加速度计,-0.7979,7.8296,8.0014,,,,,,,
1568471199781753,加速度计,0.9349,6.8971,6.2890,,,,,,,
1568471199789461,陀螺仪,,,,,,,,0.0031,0.0839,0.0936
1568471209797118,加速度计,-0.3549,8.3594,6.3788,,,,,,,
1568471219812899,加速度计,-0.4986,6.7834,8.3977,,,,,,,
1568471219821024,陀螺仪,,,,,,,,-0.0422,0.0656,0.1190
1568471229829097,加速度计,0.2370,6.6894,10.5447,,,,,,,
1568471239845711,加速度计,-0.4244,5.8879,9.1674,,,,,,,
1568471239854409,陀螺仪,,,,,,,,0.0570,0.0772,0.1246
1568471249863107,加速度计,0.2215,4.3431,7.7889,,,,,,,
1568471259881336,加速度计,0.5758,8.1744,3.5308,,,,,,,
1568471259890868,陀螺仪,,,,,,,,0.1389,0.0563,0.1041
1568471269900399,加速度计,1.5532,4.8513,3.0293,,,,,,,
1568471279920295,加速度计,0.9469,7.9523,1.3952,,,,,,,
1568471279930503,陀螺仪,,,,,,,,0.0415,0.0178,0.0269
1568471289940659,加速度计,0.8775,6.5631,6.0400,,,,,,,
1568471299961441,加速度计,0.5136,6.6876,7.5250,,,,,,,
1568471299972066,陀螺仪,,,,,,,,-0.0244,0.0067,-0.0104
1568471309982639,加速度计,0.2430,6.4117,9.6720,,,,,,,
1568471320004253,加速度计,0.2304,6.4242,10.3034,,,,,,,
1568471320015295,陀螺仪,,,,,,,,0.0266,0.0237,0.0451
1568471330026284,加速度计,0.6632,7.4262,8.3641,,,,,,,
1568471340048368,加速度计,1.7657,6.0932,5.2032,,,,,,,
1568471340059461,陀螺仪,,,,,,,,0.0675,0.0459,0.0350
1568471350070451,加速度计,0.6051,6.3847,4.8770,,,,,,,
1568471360092534,加速度计,0.4268,6.0454,9.0202,,,,,,,
1568471360102691,陀螺仪,,,,,,,,0.0111,0.0189,-0.0013
1568471370112430,加速度计,0.6530,7.6710,8.1942,,,,,,,
1568471380131649,加速度计,0.5794,7.3269,5.8945,,,,,,,
1568471380141284,陀螺仪,,,,,,,,0.0149,0.0264,0.0080
1568471390150816,加速度计,0.6249,5.9400,6.1591,,,,,,,
1568471400169618,加速度计,0.1155,6.1998,7.8440,,,,,,,
1568471400179045,陀螺仪,,,,,,,,-0.0157,0.0083,0.0229
1568471410188368,加速度计,0.8086,6.9887,5.9640,,,,,,,
1568471420222222,加速度计,1.4611,9.2219,4.6819,,,,,,,
1568471430229670,加速度计,-0.4483,6.8139,7.9278,,,,,,,
1568471420231389,陀螺仪,,,,,,,,-0.0360,-0.0097,-0.0027
1568471440227066,加速度计,-0.4782,6.6128,9.6666,,,,,,,
1568471440226493,陀螺仪,,,,,,,,-0.0281,-0.0063,-0.0072
1568471450226024,加速度计,0.3370,6.6858,5.3672,,,,,,,
1568471460227014,加速度计,0.5112,9.8013,1.8794,,,,,,,
1568471460228784,陀螺仪,,,,,,,,-0.0603,0.0136,0.0571
1568471470230816,加速度计,-0.2622,5.8574,7.6764,,,,,,,
1568471480237899,加速度计,-0.4956,5.9915,12.7868,,,,,,,
1568471480243107,陀螺仪,,,,,,,,-0.0814,0.0234,0.1087
1568471490248680,加速度计,-1.1744,8.2594,7.4591,,,,,,,
1568471500263211,加速度计,0.5351,8.8975,2.5402,,,,,,,
1568471500272170,陀螺仪,,,,,,,,-0.0522,0.0702,0.2213
1568471510281493,加速度计,1.9393,6.0160,5.0799,,,,,,,
1568471520303524,加速度计,-1.6035,5.6964,11.5478,,,,,,,
1568471520316076,陀螺仪,,,,,,,,-0.1059,0.0855,0.2020
1568471530328941,加速度计,-0.1125,8.7598,7.3352,,,,,,,
1568471540357326,加速度计,0.8799,8.2426,3.4459,,,,,,,
1568471540372691,陀螺仪,,,,,,,,-0.0905,0.0999,0.2675
1568471550388264,加速度计,0.6704,4.1426,8.8071,,,,,,,
1568471560421336,加速度计,-0.0503,4.2216,6.7900,,,,,,,
1568471560438524,陀螺仪,,,,,,,,-0.0250,0.1514,0.2755
1568471570455764,加速度计,0.4250,7.4154,4.8429,,,,,,,
1568471580490711,加速度计,-0.5417,7.4526,8.1026,,,,,,,
1568471590525711,加速度计,-1.2210,7.4256,7.4573,,,,,,,
1568471580508264,陀螺仪,,,,,,,,-0.0060,0.1727,0.3166
1568471600549409,加速度计,0.9523,7.4813,6.3997,,,,,,,
1568471600559409,陀螺仪,,,,,,,,0.0189,0.1908,0.4020
1568471610568941,加速度计,1.3503,8.8101,2.1614,,,,,,,
1568471620587743,加速度计,-0.0138,6.0130,7.7853,,,,,,,
1568471620600086,陀螺仪,,,,,,,,-0.1012,0.2008,0.3406
1568471630609826,加速度计,-1.3635,5.3965,11.5993,,,,,,,
1568471646326122,GPS,,,,31.9414,118.7886,4.0200,176.7000,,,
1568471640631753,陀螺仪,,,,,,,,0.0244,0.2384,0.3935
1568471640624409,加速度计,-0.2999,6.7570,10.0790,,,,,,,
1568471650638993,加速度计,0.3124,7.9966,5.8556,,,,,,,
1568471660653732,加速度计,-0.0209,7.8290,3.5578,,,,,,,
1568471670681441,加速度计,0.7326,6.8959,6.4572,,,,,,,
1568471660661284,陀螺仪,,,,,,,,-0.0092,0.2240,0.3182
1568471680701857,加速度计,-0.2346,7.4406,9.1812,,,,,,,
1568471690721024,加速度计,-0.0569,6.4332,7.0437,,,,,,,
1568471680711493,陀螺仪,,,,,,,,-0.0433,0.1417,0.1838
1568471700739774,加速度计,0.4507,7.6614,5.2487,,,,,,,
1568471700749201,陀螺仪,,,,,,,,0.0012,0.1116,0.1350
1568471710758524,加速度计,1.0971,7.0629,5.4408,,,,,,,
1568471720777274,加速度计,0.6321,6.7092,8.0960,,,,,,,
1568471720786701,陀螺仪,,,,,,,,-0.0214,0.0746,0.0506
1568471730796024,加速度计,1.0127,6.2926,6.7582,,,,,,,
1568471740814774,加速度计,1.6723,7.7219,3.3249,,,,,,,
1568471740824201,陀螺仪,,,,,,,,-0.0076,0.0720,-0.0051
1568471750833524,加速度计,0.4226,6.9432,7.7225,,,,,,,
1568471760852274,加速度计,1.2653,7.3364,8.8897,,,,,,,
1568471760861701,陀螺仪,,,,,,,,-0.0324,0.0482,0.0011
1568471770871024,加速度计,0.7554,6.3512,9.9916,,,,,,,
1568471780889774,加速度计,1.9890,8.6742,4.5274,,,,,,,
1568471780899201,陀螺仪,,,,,,,,0.0204,0.0692,-0.0156
1568471790908524,加速度计,0.7536,6.0088,6.8079,,,,,,,
1568471800927274,加速度计,0.8823,7.0330,7.9158,,,,,,,
1568471800936701,陀螺仪,,,,,,,,-0.0060,0.0603,-0.0453
1568471810946024,加速度计,-0.5399,7.0599,8.6113,,,,,,,
1568471820964774,加速度计,0.4513,7.0958,5.7515,,,,,,,
1568471820974201,陀螺仪,,,,,,,,0.0008,0.0322,-0.0225
1568471830983524,加速度计,-0.2167,5.6324,8.6503,,,,,,,
1568471841002274,加速度计,-0.6279,6.9797,9.0573,,,,,,,
1568471841011701,陀螺仪,,,,,,,,0.0454,0.0180,-0.0141
1568471851021024,加速度计,-0.9732,6.1782,9.0417,,,,,,,
1568471861039774,加速度计,0.8272,7.7033,2.5313,,,,,,,
1568471861049201,陀螺仪,,,,,,,,0.0866,0.0293,0.0025
1568471871058524,加速度计,-0.6039,7.1120,2.8916,,,,,,,
1568471881077274,加速度计,-1.0732,5.3624,9.7504,,,,,,,
1568471881086701,陀螺仪,,,,,,,,-0.0421,0.0156,0.0386
1568471891096024,加速度计,-0.2370,5.4312,8.4653,,,,,,,
1568471901114774,加速度计,-0.3585,7.1880,8.1564,,,,,,,
1568471901124201,陀螺仪,,,,,,,,0.0138,0.0459,0.1481
1568471911133524,加速度计,1.3420,6.2273,6.5769,,,,,,,
1568471921157430,加速度计,-0.8535,5.7676,9.2925,,,,,,,
1568471921167274,陀螺仪,,,,,,,,0.0431,0.0879,0.1815
1568471931177014,加速度计,-0.1018,8.8149,7.8416,,,,,,,
1568471941196180,加速度计,0.0760,7.3155,6.7935,,,,,,,
1568471941205607,陀螺仪,,,,,,,,0.0557,0.0965,0.2377
1568471951214930,加速度计,0.4980,6.7648,7.1269,,,,,,,
1568471961233680,加速度计,1.0618,7.3035,4.3748,,,,,,,
1568471961243107,陀螺仪,,,,,,,,0.0453,0.1158,0.2265
1568471971252430,加速度计,-0.5339,7.5729,6.9300,,,,,,,
1568471981271180,加速度计,0.1658,6.2674,7.4364,,,,,,,
1568471991289930,加速度计,0.1161,8.3037,4.8351,,,,,,,
1568471981280607,陀螺仪,,,,,,,,0.0381,0.1228,0.2225
1568472001308680,加速度计,0.1000,5.9035,6.8618,,,,,,,
1568472011327430,加速度计,0.1113,7.1664,8.4174,,,,,,,
1568472001318107,陀螺仪,,,,,,,,0.0052,0.0956,0.2148
1568472021346180,加速度计,-0.1861,7.7758,8.5467,,,,,,,
1568472021355607,陀螺仪,,,,,,,,0.0675,0.1009,0.2085
1568472031364930,加速度计,1.7310,7.8566,4.6256,,,,,,,
1568472041383680,加速度计,0.4040,6.7630,3.1017,,,,,,,
1568472041393107,陀螺仪,,,,,,,,0.0410,0.0936,0.1523
1568472051402430,加速度计,-0.1646,6.8732,5.4899,,,,,,,
1568472061421180,加速度计,0.9613,7.3723,11.4718,,,,,,,
1568472061430607,陀螺仪,,,,,,,,-0.0007,0.0756,0.1766
1568472071439930,加速度计,2.1775,8.7329,8.1942,,,,,,,
1568472081458680,加速度计,1.3425,8.1971,4.8560,,,,,,,
1568472081468107,陀螺仪,,,,,,,,0.0445,0.1139,0.1222
1568472091477430,加速度计,1.0098,5.4935,4.2000,,,,,,,
1568472101496180,加速度计,1.9201,6.6720,5.8149,,,,,,,
1568472111514930,加速度计,0.7500,8.0487,7.1760,,,,,,,
1568472101505607,陀螺仪,,,,,,,,-0.0153,0.1068,0.1077
1568472121533680,加速度计,2.6833,7.6201,10.5135,,,,,,,
1568472131552430,加速度计,2.0446,5.5474,11.0175,,,,,,,
1568472121543107,陀螺仪,,,,,,,,-0.0461,0.0820,0.1089
1568472141571180,加速度计,1.8214,7.7303,0.4316,,,,,,,
1568472141580607,陀螺仪,,,,,,,,0.0554,0.1506,0.0314
1568472151589930,加速度计,1.1684,6.3273,1.2055,,,,,,,
1568472161608680,加速度计,0.3579,5.7347,11.1037,,,,,,,
1568472161621441,陀螺仪,,,,,,,,-0.1242,0.0728,0.0177
1568472171652691,加速度计,0.3011,6.9707,20.8355,,,,,,,
1568472181745139,加速度计,1.2109,9.4182,5.0051,,,,,,,
1568472191684253,加速度计,1.5760,6.2207,-0.2502,,,,,,,
1568472181726389,陀螺仪,,,,,,,,0.1531,0.1481,0.0162
1568472201603368,加速度计,0.9290,5.5994,-1.2157,,,,,,,
1568472201566180,陀螺仪,,,,,,,,-0.0441,0.0763,-0.0640
1568472211529878,加速度计,0.0640,6.2608,10.0102,,,,,,,
1568472221467222,加速度计,-0.3831,9.7420,12.8341,,,,,,,
1568472221441805,陀螺仪,,,,,,,,-0.0654,0.0300,-0.0462
1568472231418003,加速度计,1.2031,7.5064,11.5700,,,,,,,
1568472241384357,加速度计,2.5899,5.1936,5.2930,,,,,,,
1568472251368003,加速度计,0.3508,5.8035,2.5474,,,,,,,
1568472241375139,陀螺仪,,,,,,,,0.0389,0.0814,-0.0679
1568472261369514,加速度计,-1.3425,6.6451,7.1102,,,,,,,
1568472261378159,陀螺仪,,,,,,,,-0.0160,0.0348,-0.0804
1568472271388941,加速度计,0.8859,6.6541,3.9738,,,,,,,
1568472281425555,加速度计,0.5375,7.9344,3.3782,,,,,,,
1568472291477795,加速度计,-0.9439,6.0430,21.3904,,,,,,,
1568472281450764,陀螺仪,,,,,,,,-0.0987,-0.0286,-0.0818
1568472301543993,加速度计,0.4178,8.1666,21.8591,,,,,,,
1568472301582222,陀螺仪,,,,,,,,0.1788,0.0475,0.0039
1568472311621753,加速度计,1.0193,8.8310,4.8040,,,,,,,
1568472321708211,加速度计,1.0768,8.1977,-5.4175,,,,,,,
1568472321753889,陀螺仪,,,,,,,,0.2997,0.0633,-0.0005
1568472331800086,加速度计,1.6131,4.9297,-8.0906,,,,,,,
1568472341894409,加速度计,-0.1281,6.4207,13.6960,,,,,,,
1568472341933003,陀螺仪,,,,,,,,-0.1008,-0.0555,-0.0306
1568472351968576,加速度计,-1.2007,8.2726,13.0149,,,,,,,
1568472361994253,加速度计,-0.0874,7.2664,6.6744,,,,,,,
1568472362003732,陀螺仪,,,,,,,,0.1109,0.0413,0.1361
1568472372013055,加速度计,2.5229,6.0825,2.3709,,,,,,,
1568472382031805,加速度计,1.4724,6.1280,0.8547,,,,,,,
1568472382041232,陀螺仪,,,,,,,,0.0024,0.0872,0.0887
1568472392050555,加速度计,-1.0942,7.2269,6.7253,,,,,,,
1568472402069305,加速度计,-0.8068,5.6126,5.0434,,,,,,,
1568472402078732,陀螺仪,,,,,,,,-0.0648,0.1123,0.1940
1568472412088055,加速度计,0.0383,5.0739,2.9161,,,,,,,
1568472422124461,加速度计,2.5564,3.1957,8.4174,,,,,,,
1568472432126961,加速度计,-2.0123,2.9874,6.8744,,,,,,,
1568472422125764,陀螺仪,,,,,,,,-0.1076,0.1679,0.2623
1568472442139461,加速度计,2.4152,14.4999,7.6662,,,,,,,
1568472442146805,陀螺仪,,,,,,,,-0.0096,0.1923,0.3155
1568472452154253,加速度计,-1.3491,13.1753,12.3188,,,,,,,
1568472462169461,加速度计,4.2096,3.7739,26.9904,,,,,,,
1568472462177222,陀螺仪,,,,,,,,0.0133,0.1815,0.3115
1568472472185086,加速度计,1.2258,2.0788,2.8958,,,,,,,
1568472482201336,加速度计,-1.0511,-3.7870,4.5256,,,,,,,
1568472482209722,陀螺仪,,,,,,,,0.0262,0.1602,0.1915
1568472492218420,加速度计,1.5233,13.8517,25.5689,,,,,,,
1568472502245555,陀螺仪,,,,,,,,0.7579,0.1972,0.0671
1568472502236336,加速度计,-1.1708,23.1310,-11.7813,,,,,,,
1568472512255086,加速度计,2.2601,-0.8170,-13.5620,,,,,,,
1568472522274670,加速度计,0.4884,-2.9706,16.2309,,,,,,,
1568472522284722,陀螺仪,,,,,,,,-0.4731,-0.0246,-0.1368
1568472532295086,加速度计,1.6316,14.2820,2.4247,,,,,,,
1568472542316128,加速度计,-1.1546,10.9888,10.5201,,,,,,,
1568472542326805,陀螺仪,,,,,,,,-0.0607,-0.0776,-0.1598
1568472552337586,加速度计,1.2576,0.6985,2.9802,,,,,,,
1568472562359461,加速度计,1.8393,4.8704,9.7157,,,,,,,
1568472562370555,陀螺仪,,,,,,,,-0.0880,-0.0349,-0.0434
1568472572381545,加速度计,-1.1558,19.1638,20.9570,,,,,,,
1568472582403628,加速度计,-3.6799,11.4108,15.6946,,,,,,,
1568472582414722,陀螺仪,,,,,,,,0.0834,0.1103,0.0518
1568472592425711,加速度计,0.0611,5.0045,-0.6638,,,,,,,
1568472602447795,加速度计,0.7296,-0.0299,-5.6964,,,,,,,
1568472602458889,陀螺仪,,,,,,,,-0.0726,0.0438,0.1570
1568472612468628,加速度计,1.9393,6.4625,8.4725,,,,,,,
1568472622490711,加速度计,-0.9786,11.5365,7.0982,,,,,,,
1568472622512847,陀螺仪,,,,,,,,-0.0980,0.0308,0.0742
1568472645026069,GPS,,,,31.9414,118.7886,4.7900,153.2000,,,
1568472632522014,加速度计,-1.5568,6.7193,7.9092,,,,,,,
1568472642517326,加速度计,2.0668,2.9718,8.9346,,,,,,,
1568472642515295,陀螺仪,,,,,,,,-0.0238,0.0574,0.1811
1568472652513784,加速度计,0.4136,6.9839,2.1841,,,,,,,
1568472662512222,加速度计,0.3717,8.3240,7.9176,,,,,,,
1568472662512274,陀螺仪,,,,,,,,-0.0483,0.0764,0.2073
1568472672513316,加速度计,-0.0491,5.6180,10.7027,,,,,,,
1568472682516701,加速度计,-1.2935,2.7336,10.8200,,,,,,,
1568472682522170,陀螺仪,,,,,,,,0.0630,0.1256,0.2917
1568472692531701,加速度计,0.4513,2.5869,7.8266,,,,,,,
1568472702552951,加速度计,0.7907,6.5906,3.9630,,,,,,,
1568472702564618,陀螺仪,,,,,,,,0.2478,0.1704,0.3350
1568472712577274,加速度计,0.0862,12.0291,3.4848,,,,,,,
1568472722604514,加速度计,-0.2233,5.6270,12.7563,,,,,,,
1568472722618993,陀螺仪,,,,,,,,0.2258,0.1815,0.3165
1568472732634149,加速度计,0.3525,19.6941,-3.2417,,,,,,,
1568472742665607,加速度计,-0.7614,11.1552,4.4155,,,,,,,
1568472742681857,陀螺仪,,,,,,,,-0.2827,0.1052,0.2301
1568472752698472,加速度计,1.3420,2.1398,12.3242,,,,,,,
1568472762732066,加速度计,-1.4210,-1.7962,21.4670,,,,,,,
1568472762748993,陀螺仪,,,,,,,,-0.1133,0.1113,0.2402
1568472772765816,加速度计,4.2521,4.1719,2.4612,,,,,,,
1568472782791232,加速度计,1.4407,7.3209,3.1340,,,,,,,
1568472782801336,陀螺仪,,,,,,,,0.0973,0.1660,0.1782
1568472792810868,加速度计,-0.2963,8.3480,6.2483,,,,,,,
1568472802829774,加速度计,0.3837,6.3746,8.3905,,,,,,,
1568472802839201,陀螺仪,,,,,,,,0.0847,0.1033,0.1631
1568472812848524,加速度计,2.7731,8.6329,3.9355,,,,,,,
1568472822867274,加速度计,0.8493,9.9964,3.9403,,,,,,,
1568472822876701,陀螺仪,,,,,,,,0.0345,0.0586,0.0726
1568472832886024,加速度计,-0.8960,4.2737,12.2918,,,,,,,
1568472842904774,加速度计,-0.1197,4.8261,8.0152,,,,,,,
1568472842914201,陀螺仪,,,,,,,,0.1659,0.1156,0.1334
1568472852923524,加速度计,0.4633,10.5171,3.2471,,,,,,,
1568472862942274,加速度计,1.3521,11.4018,-0.5447,,,,,,,
1568472862951701,陀螺仪,,,,,,,,0.0089,0.1140,0.1409
1568472872961024,加速度计,-0.4298,7.4478,6.7337,,,,,,,
1568472882979774,加速度计,-2.3032,5.0015,14.0163,,,,,,,
1568472882989201,陀螺仪,,,,,,,,-0.1300,0.0644,0.1501
1568472892998524,加速度计,-0.3328,3.9965,9.0142,,,,,,,
1568472903017274,加速度计,2.2601,4.9919,4.9111,,,,,,,
1568472903026701,陀螺仪,,,,,,,,0.0109,0.1208,0.2439
1568472913036024,加速度计,0.6135,5.1062,3.7637,,,,,,,
1568472923054774,加速度计,-0.8655,4.5855,10.3346,,,,,,,
1568472923064774,陀螺仪,,,,,,,,-0.0193,0.1185,0.2120
1568472933076389,加速度计,-0.3663,6.1046,13.1555,,,,,,,
1568472943104514,加速度计,-0.9625,11.7424,3.8337,,,,,,,
1568472943105191,陀螺仪,,,,,,,,0.1103,0.1403,0.2510
1568472953105972,加速度计,0.0784,5.6282,4.7148,,,,,,,
1568472963108264,加速度计,-0.0617,6.0980,2.3547,,,,,,,
1568472963109774,陀螺仪,,,,,,,,-0.0040,0.1244,0.2529
1568472973112014,加速度计,-1.4263,6.6696,8.1451,,,,,,,
1568472983117639,加速度计,0.4112,7.7327,11.7274,,,,,,,
1568472983121024,陀螺仪,,,,,,,,-0.0248,0.1234,0.3085
1568472993125555,加速度计,-1.1127,7.6854,10.9774,,,,,,,
1568473003136180,加速度计,0.1520,7.4897,6.8438,,,,,,,
1568473003142274,陀螺仪,,,,,,,,0.0607,0.1726,0.3658
1568473013149930,加速度计,0.7254,6.8013,4.9494,,,,,,,
1568473023167014,加速度计,0.9720,7.6519,4.1252,,,,,,,
1568473023176441,陀螺仪,,,,,,,,0.0084,0.1762,0.3525
1568473033187222,加速度计,-0.3400,7.8955,8.9543,,,,,,,
1568473043210347,加速度计,-0.5974,7.4711,12.6641,,,,,,,
1568473043222691,陀螺仪,,,,,,,,0.0413,0.1798,0.3935
1568473053236180,加速度计,1.4335,7.3771,5.6677,,,,,,,
1568473063264305,加速度计,0.8056,8.0553,2.1272,,,,,,,
1568473063278941,陀螺仪,,,,,,,,0.0751,0.1945,0.3443
1568473073294305,加速度计,-0.4298,7.6842,2.2883,,,,,,,
1568473083325555,加速度计,0.6626,5.9915,10.6362,,,,,,,
1568473083341441,陀螺仪,,,,,,,,-0.0265,0.1525,0.3314
1568473093357847,加速度计,0.7320,7.6166,8.8005,,,,,,,
1568473103405034,加速度计,0.1377,8.3989,5.4253,,,,,,,
1568473103443732,陀螺仪,,,,,,,,0.0188,0.1755,0.3000
1568473113502691,加速度计,0.9906,4.6328,7.4047,,,,,,,
1568473123437274,加速度计,1.5077,8.2744,2.0255,,,,,,,
1568473123406284,陀螺仪,,,,,,,,0.0101,0.1790,0.2816
1568473133375191,加速度计,0.2592,6.9432,7.1102,,,,,,,
1568473143319357,加速度计,1.7879,6.7121,10.2669,,,,,,,
1568473143296076,陀螺仪,,,,,,,,-0.0473,0.1535,0.2465
1568473153272691,加速度计,0.7416,5.6198,10.0245,,,,,,,
1568473163237274,加速度计,1.6215,7.0282,5.8371,,,,,,,
1568473163226076,陀螺仪,,,,,,,,0.0441,0.1750,0.2313
1568473173214774,加速度计,1.2617,6.7355,6.2555,,,,,,,
1568473183206441,加速度计,-0.1502,6.6607,9.1237,,,,,,,
1568473183209618,陀螺仪,,,,,,,,0.0402,0.1479,0.2051
1568473193212691,加速度计,1.6029,5.6072,10.6362,,,,,,,
1568473203233524,加速度计,1.6418,7.8296,6.6535,,,,,,,
1568473203250868,陀螺仪,,,,,,,,0.1433,0.1692,0.1795
1568473213268107,加速度计,2.2362,6.5182,4.1049,,,,,,,
1568473223315607,加速度计,0.7859,7.3388,2.2152,,,,,,,
1568473223345034,陀螺仪,,,,,,,,0.0571,0.1674,0.1177
1568473233374357,加速度计,0.9421,5.9855,6.1040,,,,,,,
1568473243442274,加速度计,0.7189,8.1014,6.6206,,,,,,,
1568473253516857,加速度计,0.5632,6.8971,10.4579,,,,,,,
1568473243479618,陀螺仪,,,,,,,,-0.0040,0.1308,0.1047
1568473263595607,加速度计,1.3228,6.2447,10.2765,,,,,,,
1568473263635868,陀螺仪,,,,,,,,0.0756,0.1205,0.0883
1568473273676024,加速度计,1.1600,8.1355,4.8183,,,,,,,
1568473283741024,加速度计,2.0207,8.3181,-0.1071,,,,,,,
1568473283750659,陀螺仪,,,,,,,,0.0383,0.1084,0.0190
1568473293760191,加速度计,0.1993,8.1062,4.8447,,,,,,,
1568473303778941,加速度计,-0.1718,6.9743,9.7785,,,,,,,
1568473303788368,陀螺仪,,,,,,,,-0.0901,0.0577,0.0016
1568473313797691,加速度计,0.0551,6.4913,11.5784,,,,,,,
1568473323816441,加速度计,1.5455,8.3671,5.9071,,,,,,,
1568473333835191,加速度计,0.8350,6.2130,5.1392,,,,,,,
1568473323825868,陀螺仪,,,,,,,,0.0000,0.1123,0.0815
1568473343853941,加速度计,0.1963,5.5234,5.2780,,,,,,,
1568473343863368,陀螺仪,,,,,,,,-0.0503,0.1261,0.1213
1568473353872691,加速度计,0.0341,6.4883,8.6514,,,,,,,
1568473363900399,加速度计,0.4920,7.1054,7.6806,,,,,,,
1568473363905659,陀螺仪,,,,,,,,-0.0111,0.1338,0.2057
1568473373910816,加速度计,1.0606,6.7349,5.6767,,,,,,,
1568473383921284,加速度计,0.5058,6.5344,5.1846,,,,,,,
1568473383926753,陀螺仪,,,,,,,,-0.0350,0.1664,0.2178
1568473393932222,加速度计,-1.5221,5.1517,10.2843,,,,,,,
1568473403944045,加速度计,-0.2598,6.4362,10.6338,,,,,,,
1568473403950555,陀螺仪,,,,,,,,0.0474,0.1952,0.3143
1568473413957118,加速度计,0.3053,7.9559,3.7541,,,,,,,
1568473423971441,加速度计,0.8906,8.5246,1.4329,,,,,,,
1568473423979201,陀螺仪,,,,,,,,-0.0198,0.2012,0.3024
1568473433987066,加速度计,-0.0904,5.0745,5.4498,,,,,,,
1568473444004357,加速度计,-1.0217,4.7627,11.2073,,,,,,,
1568473444013784,陀螺仪,,,,,,,,-0.0883,0.1806,0.3052
1568473454023264,加速度计,0.1161,7.3813,9.5589,,,,,,,
1568473464043420,加速度计,1.1378,7.4065,7.5256,,,,,,,
1568473464054097,陀螺仪,,,,,,,,0.0099,0.2362,0.3707
1568473474064826,加速度计,1.2432,6.5936,6.0382,,,,,,,
1568473484087430,加速度计,0.6758,6.4530,4.9117,,,,,,,
1568473484099149,陀螺仪,,,,,,,,-0.0178,0.2376,0.3385
1568473494110868,加速度计,1.4168,6.8618,6.7732,,,,,,,
1568473504135086,加速度计,0.2957,7.3861,9.0848,,,,,,,
1568473504147430,陀螺仪,,,,,,,,-0.0288,0.2225,0.2997
1568473514159722,加速度计,0.1107,6.1286,7.4142,,,,,,,
1568473524184722,加速度计,1.2743,5.6485,8.3115,,,,,,,
1568473524197274,陀螺仪,,,,,,,,0.0084,0.2419,0.3068
1568473534209722,加速度计,0.4842,8.6520,7.9182,,,,,,,
1568473544243889,陀螺仪,,,,,,,,0.0107,0.2422,0.2941
1568473544234045,加速度计,1.1498,7.5064,9.0585,,,,,,,
1568473554253524,加速度计,0.8757,6.6565,6.3434,,,,,,,
1568473564281701,陀螺仪,,,,,,,,0.0040,0.2301,0.2305
1568473564272274,加速度计,1.4473,6.8337,2.6965,,,,,,,
1568473574291024,加速度计,1.2474,5.7563,3.4752,,,,,,,
1568473584319201,陀螺仪,,,,,,,,-0.0446,0.1913,0.1920
1568473584309774,加速度计,-0.3663,6.9444,11.2970,,,,,,,
1568473594328524,加速度计,0.6626,8.0738,12.2679,,,,,,,
1568473604347534,加速度计,0.9182,7.2951,8.4198,,,,,,,
1568473604358003,陀螺仪,,,,,,,,0.0814,0.2210,0.2147
1568473614371805,加速度计,1.8010,8.1211,3.0999,,,,,,,
1568473624389149,加速度计,1.3791,6.6942,6.4997,,,,,,,
1568473641567892,GPS,,,,31.9413,118.7886,3.2300,145.4000,,,
1568473624407118,陀螺仪,,,,,,,,0.0188,0.2068,0.1587
1568473634409149,加速度计,0.4992,6.2321,7.4783,,,,,,,
1568473644413628,加速度计,1.1690,8.8005,6.8085,,,,,,,
1568473644416180,陀螺仪,,,,,,,,0.0350,0.1860,0.1498
1568473654418836,加速度计,0.9631,6.7103,8.4270,,,,,,,
1568473664425191,加速度计,1.0648,6.4254,7.5076,,,,,,,
1568473664429097,陀螺仪,,,,,,,,0.0534,0.1901,0.1245
1568473674433420,加速度计,0.8290,6.8247,7.2658,,,,,,,
1568473684443732,加速度计,0.7177,7.8398,2.7827,,,,,,,
1568473694456441,加速度计,1.1492,5.6970,5.8299,,,,,,,
1568473704471649,加速度计,-0.0269,6.1447,7.0515,,,,,,,
1568473684449826,陀螺仪,,,,,,,,0.0667,0.1707,0.1061
1568473704481909,陀螺仪,,,,,,,,0.0317,0.1433,0.0409
1568473714503628,加速度计,-0.2741,7.1311,7.4388,,,,,,,
1568473724551128,加速度计,0.7135,7.5621,9.1405,,,,,,,
1568473724581493,陀螺仪,,,,,,,,0.0660,0.1248,0.0819
1568473734642378,加速度计,0.9325,7.8266,6.1806,,,,,,,
1568473744664774,加速度计,0.7051,6.5152,5.9304,,,,,,,
1568473744623368,陀螺仪,,,,,,,,0.0570,0.1360,0.0586
1568473754583732,加速度计,-0.1443,6.9528,8.5401,,,,,,,
1568473764472534,陀螺仪,,,,,,,,0.0908,0.1369,0.1081
1568473764508316,加速度计,0.4513,7.3137,8.1457,,,,,,,
1568473774442066,加速度计,0.8254,7.9254,6.4332,,,,,,,
1568473784388107,加速度计,0.2346,6.8947,3.6434,,,,,,,
1568473784364618,陀螺仪,,,,,,,,0.0668,0.1381,0.1160
1568473794348941,加速度计,0.6452,6.6451,7.2921,,,,,,,
1568473804326232,加速度计,0.1939,7.1569,8.8460,,,,,,,
1568473804319201,陀螺仪,,,,,,,,0.0700,0.1358,0.1246
1568473814321024,加速度计,0.3879,7.5711,5.2553,,,,,,,
1568473824333732,加速度计,0.8003,8.1888,2.3936,,,,,,,
1568473824344618,陀螺仪,,,,,,,,0.0418,0.1459,0.1478
1568473834363941,加速度计,0.0359,6.3159,7.1216,,,,,,,
1568473844410399,加速度计,-0.4830,7.2377,11.5825,,,,,,,
1568473844437534,陀螺仪,,,,,,,,0.0273,0.1495,0.1911
1568473854471232,加速度计,-0.3950,8.6305,8.6568,,,,,,,
1568473864544149,加速度计,0.4836,6.6277,6.3805,,,,,,,
1568473864583368,陀螺仪,,,,,,,,0.0820,0.1662,0.2490
1568473874626649,加速度计,0.7135,6.3578,6.6020,,,,,,,
1568473884715816,加速度计,-0.0317,7.8165,5.3600,,,,,,,
1568473884761701,陀螺仪,,,,,,,,0.0871,0.1727,0.2178
1568473894808524,加速度计,0.6399,7.6914,4.2090,,,,,,,
1568473904891232,加速度计,-1.2683,7.2305,6.4123,,,,,,,
1568473904927118,陀螺仪,,,,,,,,0.0036,0.1455,0.2213
1568473914936441,加速度计,-0.8398,5.5222,8.9525,,,,,,,
1568473924955191,加速度计,0.3400,7.9523,5.0512,,,,,,,
1568473924964618,陀螺仪,,,,,,,,0.0133,0.1437,0.2522
1568473934973941,加速度计,-0.3292,7.3646,7.2401,,,,,,,
1568473944992691,加速度计,-0.4190,6.2842,9.7773,,,,,,,
1568473945002118,陀螺仪,,,,,,,,-0.0200,0.1178,0.2510
1568473955011441,加速度计,-0.5495,6.5739,8.2750,,,,,,,
1568473965030191,加速度计,0.6201,6.1776,7.9332,,,,,,,
1568473965039618,陀螺仪,,,,,,,,0.0358,0.1089,0.2573
1568473975051024,加速度计,0.0904,6.7977,7.2077,,,,,,,
1568473985073576,加速度计,-0.5213,4.9309,7.7853,,,,,,,
1568473985080295,陀螺仪,,,,,,,,0.0858,0.1116,0.2591
1568473995086909,加速度计,1.0325,7.8266,4.2790,,,,,,,
1568474005100347,加速度计,0.3909,7.3885,6.2704,,,,,,,
1568474005107274,陀螺仪,,,,,,,,0.0273,0.1071,0.2613
1568474015114201,加速度计,0.2628,6.7337,8.2055,,,,,,,
1568474025128472,加速度计,-0.5602,6.4931,9.2709,,,,,,,
1568474025135816,陀螺仪,,,,,,,,0.0364,0.1322,0.3075
1568474035143264,加速度计,0.4555,7.3903,7.1892,,,,,,,
1568474045158889,加速度计,1.9064,7.3604,6.2189,,,,,,,
1568474045167066,陀螺仪,,,,,,,,0.0330,0.1535,0.3156
1568474055175347,加速度计,0.2245,6.6014,6.1310,,,,,,,
1568474065192639,加速度计,0.4519,7.1156,6.9833,,,,,,,
1568474065201649,陀螺仪,,,,,,,,-0.0028,0.1635,0.3523
1568474075210764,加速度计,0.8242,5.7820,8.6407,,,,,,,
1568474085229722,加速度计,0.8613,8.2450,4.9859,,,,,,,
1568474085239566,陀螺仪,,,,,,,,0.0268,0.1831,0.3623
1568474095249514,加速度计,0.6357,5.6629,7.4807,,,,,,,
1568474105270139,加速度计,0.6656,6.3572,9.6917,,,,,,,
1568474105280816,陀螺仪,,,,,,,,0.0482,0.1835,0.3535
1568474115291597,加速度计,0.4729,6.5044,7.1892,,,,,,,
1568474125325086,陀螺仪,,,,,,,,0.0949,0.1888,0.3392
1568474125313784,加速度计,1.3324,8.9429,3.0293,,,,,,,
1568474135336389,加速度计,1.2588,7.3107,6.3811,,,,,,,
1568474145359409,加速度计,0.6369,8.4623,5.8826,,,,,,,
1568474145371128,陀螺仪,,,,,,,,0.0282,0.1746,0.3169
1568474155382743,加速度计,1.6783,7.4113,8.0164,,,,,,,
1568474165417795,陀螺仪,,,,,,,,0.0088,0.2083,0.2720
1568474165406076,加速度计,1.7436,7.3837,2.2535,,,,,,,
1568474175428680,加速度计,2.3535,6.2082,2.6013,,,,,,,
1568474185448680,加速度计,-1.2330,5.4678,4.2599,,,,,,,
1568474185458107,陀螺仪,,,,,,,,-0.1674,0.1539,0.2567
1568474195467430,加速度计,2.0470,5.2403,27.9595,,,,,,,
1568474205495607,陀螺仪,,,,,,,,0.3734,0.3136,0.2625
1568474205486180,加速度计,1.8334,13.8205,15.5234,,,,,,,
1568474215504930,加速度计,0.2304,5.4259,-8.8155,,,,,,,
1568474225524514,加速度计,4.9368,2.8617,-7.9140,,,,,,,
1568474225537326,陀螺仪,,,,,,,,-0.1344,0.2044,0.2233
1568474235547222,加速度计,-0.4531,6.6960,19.1560,,,,,,,
1568474245560139,加速度计,0.1802,11.2731,9.8964,,,,,,,
1568474245566649,陀螺仪,,,,,,,,0.0672,0.2418,0.2285
1568474255573211,加速度计,1.3180,9.4960,0.7153,,,,,,,
1568474265593628,陀螺仪,,,,,,,,-0.0555,0.2354,0.2103
1568474265586701,加速度计,2.0668,2.0458,4.5143,,,,,,,
1568474275600764,加速度计,0.9924,5.8897,4.3024,,,,,,,
1568474285623420,陀螺仪,,,,,,,,-0.0695,0.2184,0.2129
1568474285615659,加速度计,-0.1149,9.2314,8.2971,,,,,,,
1568474295631389,加速度计,0.9170,7.0503,9.5948,,,,,,,
1568474305647951,加速度计,2.0949,5.8628,4.0480,,,,,,,
1568474305656545,陀螺仪,,,,,,,,-0.0362,0.2430,0.1989
1568474315665503,加速度计,1.0798,6.1645,6.9348,,,,,,,
1568474325693784,陀螺仪,,,,,,,,-0.0634,0.2280,0.1692
1568474325684149,加速度计,0.4124,7.7877,8.5904,,,,,,,
1568474335703628,加速度计,-0.2400,7.6022,9.7121,,,,,,,
1568474345723941,加速度计,0.4268,6.1208,9.5660,,,,,,,
1568474345734409,陀螺仪,,,,,,,,0.0027,0.2206,0.1989
1568474355745086,加速度计,1.5287,6.7648,3.9893,,,,,,,
1568474365767066,加速度计,2.1296,6.4141,3.1256,,,,,,,
1568474365778368,陀螺仪,,,,,,,,-0.0201,0.2105,0.1597
1568474375789722,加速度计,0.3891,7.7123,5.3756,,,,,,,
1568474385812795,加速度计,0.5590,5.5797,10.0173,,,,,,,
1568474385824514,陀螺仪,,,,,,,,-0.0851,0.2132,0.1839
1568474395836128,加速度计,1.3605,6.5673,12.1673,,,,,,,
1568474405859461,加速度计,0.4190,8.3037,8.5437,,,,,,,
1568474405871180,陀螺仪,,,,,,,,0.0264,0.2505,0.1955
1568474415882482,加速度计,0.8134,5.8652,6.6888,,,,,,,
1568474425903732,加速度计,-0.0389,6.3518,6.7708,,,,,,,
1568474425913368,陀螺仪,,,,,,,,0.0075,0.2300,0.2144
1568474435922743,加速度计,0.1921,6.8360,11.4610,,,,,,,
1568474445950920,陀螺仪,,,,,,,,0.0872,0.2169,0.2352
1568474445941493,加速度计,0.2532,6.2058,11.3928,,,,,,,
1568474455960243,加速度计,0.3208,7.2706,4.8596,,,,,,,
1568474465988420,陀螺仪,,,,,,,,0.1048,0.2035,0.2043
1568474465978993,加速度计,0.8368,4.5723,6.0980,,,,,,,
1568474475998055,加速度计,-0.2670,4.9141,6.6649,,,,,,,
1568474486018264,加速度计,0.4465,8.3103,6.0442,,,,,,,
1568474486027274,陀螺仪,,,,,,,,0.1574,0.1979,0.2149
1568474496036180,加速度计,1.4257,11.0061,5.4785,,,,,,,
1568474506063107,陀螺仪,,,,,,,,0.0562,0.1923,0.1734
1568474506054097,加速度计,1.2210,7.8667,9.6774,,,,,,,
1568474516072014,加速度计,-0.1820,5.0572,8.1696,,,,,,,
1568474526098941,陀螺仪,,,,,,,,0.1127,0.2168,0.2133
1568474526089930,加速度计,0.7117,5.5067,2.6815,,,,,,,
1568474536107847,加速度计,0.5680,7.3753,5.3840,,,,,,,
1568474546134774,陀螺仪,,,,,,,,0.0758,0.1939,0.2298
1568474546125764,加速度计,0.9218,6.7582,8.9717,,,,,,,
1568474556143680,加速度计,1.5215,8.1457,7.6333,,,,,,,
1568474566170607,陀螺仪,,,,,,,,0.0901,0.2108,0.2009
1568474566161597,加速度计,1.0127,7.4496,5.6395,,,,,,,
1568474576179514,加速度计,0.7727,5.9364,8.9465,,,,,,,
1568474586206805,陀螺仪,,,,,,,,0.1493,0.2337,0.2140
1568474586197586,加速度计,0.4322,7.5453,8.1421,,,,,,,
1568474596216076,加速度计,0.7189,7.0407,6.5386,,,,,,,
1568474606244618,陀螺仪,,,,,,,,0.1529,0.2201,0.2047
1568474606234982,加速度计,1.5880,7.4765,4.1378,,,,,,,
1568474616254149,加速度计,0.4256,6.3716,5.4708,,,,,,,
1568474626275086,加速度计,1.0385,7.9464,6.2489,,,,,,,
1568474638416745,GPS,,,,31.9413,118.7886,4.2500,164.0000,,,
1568474626288472,陀螺仪,,,,,,,,0.1013,0.1786,0.1812
1568474636301753,加速度计,1.0163,7.4370,9.7642,,,,,,,
1568474646320920,加速度计,0.5902,7.5130,6.4488,,,,,,,
1568474646330347,陀螺仪,,,,,,,,0.1246,0.1739,0.1599
1568474656339670,加速度计,1.3521,6.9294,6.3530,,,,,,,
1568474666358420,加速度计,0.7177,5.5551,9.5864,,,,,,,
1568474666367847,陀螺仪,,,,,,,,0.1305,0.1716,0.1237
1568474676377170,加速度计,-0.9463,7.2077,3.2986,,,,,,,
1568474686395920,加速度计,0.9110,7.2269,6.3099,,,,,,,
1568474686405347,陀螺仪,,,,,,,,0.1093,0.1278,0.1348
1568474696414670,加速度计,0.8817,7.3951,5.0194,,,,,,,
1568474706433420,加速度计,-0.4154,7.3502,7.6620,,,,,,,
1568474706442847,陀螺仪,,,,,,,,0.0340,0.1039,0.1278
1568474716452170,加速度计,1.0403,9.2386,13.3836,,,,,,,
1568474726470920,加速度计,-1.2504,8.0122,17.9852,,,,,,,
1568474726495139,陀螺仪,,,,,,,,0.1232,0.1481,0.1979
1568474744550652,GPS,,,,31.9413,118.7886,4.2500,164.0000,,,
1568474736503941,加速度计,-0.1317,6.8893,10.9241,,,,,,,
1568474746502847,加速度计,0.9792,8.6305,-3.4704,,,,,,,
1568474746502482,陀螺仪,,,,,,,,0.3083,0.2131,0.2830
1568474756502482,加速度计,3.4351,7.5316,-8.3073,,,,,,,
1568474766504982,陀螺仪,,,,,,,,-0.1671,0.1093,0.1921
1568474766503680,加速度计,0.0443,6.0944,14.9721,,,,,,,
1568474776507118,加速度计,-2.2152,6.6690,12.6342,,,,,,,
1568474786513211,加速度计,0.0605,9.1381,3.2561,,,,,,,
1568474786517222,陀螺仪,,,,,,,,0.0722,0.2023,0.3369
1568474796522378,加速度计,0.9260,4.7950,3.3746,,,,,,,
1568474806535034,加速度计,-0.1341,5.9987,5.7928,,,,,,,
1568474806542586,陀螺仪,,,,,,,,-0.0246,0.2404,0.4294
1568474816551441,加速度计,0.3579,7.5136,11.1600,,,,,,,
1568474826582534,陀螺仪,,,,,,,,0.0759,0.3068,0.4638
1568474826571441,加速度计,0.8344,8.1750,9.2823,,,,,,,
1568474836594774,加速度计,-0.4902,5.7455,3.4824,,,,,,,
1568474846621284,加速度计,0.2406,5.6874,5.6557,,,,,,,
1568474846635503,陀螺仪,,,,,,,,0.0467,0.3249,0.5148
1568474856650555,加速度计,0.9571,5.2780,5.6006,,,,,,,
1568474866682014,加速度计,0.0060,8.3653,4.9339,,,,,,,
1568474866698316,陀螺仪,,,,,,,,0.0362,0.3273,0.4686
1568474876714982,加速度计,-0.2646,7.2784,7.3298,,,,,,,
1568474886748889,加速度计,-0.1263,6.3584,11.6807,,,,,,,
1568474886766024,陀螺仪,,,,,,,,0.0338,0.2912,0.4529
1568474896783055,加速度计,-0.6021,5.8167,12.7288,,,,,,,
1568474906823055,陀螺仪,,,,,,,,0.2158,0.3061,0.4284
1568474906812378,加速度计,1.0307,9.3087,4.4239,,,,,,,
1568474916832691,加速度计,0.8505,8.9890,1.3216,,,,,,,
1568474926851441,加速度计,1.0618,6.7062,4.0683,,,,,,,
1568474926860868,陀螺仪,,,,,,,,0.0409,0.2607,0.3182
1568474936870191,加速度计,-0.3849,7.2706,8.1217,,,,,,,
1568474946898368,陀螺仪,,,,,,,,0.0453,0.2478,0.3185
1568474946888941,加速度计,0.2885,7.6992,10.8242,,,,,,,
1568474956907691,加速度计,-0.1766,7.1928,7.7961,,,,,,,
1568474966935868,陀螺仪,,,,,,,,0.1076,0.2764,0.3619
1568474966926441,加速度计,0.3220,6.9097,5.5180,,,,,,,
1568474976946597,加速度计,0.8146,7.2574,4.9219,,,,,,,
1568474986969097,加速度计,-0.0964,6.7708,7.5555,,,,,,,
1568474986974982,陀螺仪,,,,,,,,0.0650,0.2826,0.3742
1568474996980764,加速度计,0.2592,7.8548,8.0726,,,,,,,
1568475006992639,加速度计,-0.3777,7.5920,5.4253,,,,,,,
1568475006998732,陀螺仪,,,,,,,,0.0724,0.3306,0.4569
1568475017005139,加速度计,1.0858,9.3619,5.5450,,,,,,,
1568475027025399,陀螺仪,,,,,,,,-0.0678,0.3469,0.4674
1568475027018472,加速度计,-0.7386,8.4384,9.4667,,,,,,,
1568475037032639,加速度计,-1.7340,5.6755,13.6170,,,,,,,
1568475047047847,加速度计,-0.9313,5.9562,8.5886,,,,,,,
1568475047055816,陀螺仪,,,,,,,,0.0517,0.3453,0.5065
1568475057064305,加速度计,0.7626,5.4432,4.9710,,,,,,,
1568475067091232,陀螺仪,,,,,,,,0.0513,0.2832,0.3820
1568475067082014,加速度计,0.5854,6.2375,5.8814,,,,,,,
1568475077100972,加速度计,-1.4102,5.7335,8.8861,,,,,,,
1568475087121180,加速度计,-0.4687,6.6685,8.4551,,,,,,,
1568475087131649,陀螺仪,,,,,,,,0.1035,0.2216,0.3305
1568475097142430,加速度计,0.8565,7.3358,6.8390,,,,,,,
1568475107164514,加速度计,0.6339,7.0503,5.2846,,,,,,,
1568475107175816,陀螺仪,,,,,,,,0.0969,0.1771,0.2194
1568475117187430,加速度计,0.4477,5.1595,5.4025,,,,,,,
1568475127210972,加速度计,0.7961,6.7008,7.3939,,,,,,,
1568475127222899,陀螺仪,,,,,,,,0.0718,0.1196,0.1418
1568475137234930,加速度计,1.2695,6.4350,7.0665,,,,,,,
1568475147271232,陀螺仪,,,,,,,,0.0791,0.1131,0.0917
1568475147259097,加速度计,2.7324,7.1323,4.0025,,,,,,,
1568475157285764,加速度计,0.7039,6.3734,9.6211,,,,,,,
1568475167315920,陀螺仪,,,,,,,,0.1330,0.1152,0.1483
1568475167314618,加速度计,0.0539,6.7127,13.6685,,,,,,,
1568475177317326,加速度计,3.2310,9.6935,5.9430,,,,,,,
1568475187323003,陀螺仪,,,,,,,,0.1245,0.1776,0.1619
1568475187320868,加速度计,2.2817,7.8195,3.2256,,,,,,,
1568475197325868,加速度计,0.9523,5.2235,5.0811,,,,,,,
1568475207336753,陀螺仪,,,,,,,,0.0835,0.2013,0.2663
1568475207332743,加速度计,1.4210,5.4540,11.8716,,,,,,,
1568475217341909,加速度计,3.1226,8.1181,7.1611,,,,,,,
1568475227353368,加速度计,2.5983,8.3294,7.6591,,,,,,,
1568475227363941,陀螺仪,,,,,,,,0.1595,0.2722,0.3097
1568475237382639,加速度计,1.6676,7.4340,7.5818,,,,,,,
1568475247420555,加速度计,0.9565,7.1539,8.1588,,,,,,,
1568475247439774,陀螺仪,,,,,,,,0.2075,0.3380,0.3332
1568475257458889,加速度计,1.3886,8.9807,3.6715,,,,,,,
1568475267505607,陀螺仪,,,,,,,,0.1160,0.3408,0.3734
1568475267491805,加速度计,-0.1024,7.5836,4.0324,,,,,,,
1568475277514930,加速度计,0.6913,6.6397,8.6508,,,,,,,
1568475287533680,加速度计,0.2502,7.1551,8.2007,,,,,,,
1568475287543107,陀螺仪,,,,,,,,0.1111,0.3780,0.3948
1568475297552430,加速度计,1.0864,7.6890,4.9416,,,,,,,
1568475307580607,陀螺仪,,,,,,,,0.0735,0.3928,0.3968
1568475307571180,加速度计,0.9098,7.0360,4.2892,,,,,,,
1568475317589930,加速度计,1.6071,6.1148,7.8081,,,,,,,
1568475327618107,陀螺仪,,,,,,,,0.0984,0.4135,0.3571
1568475327608680,加速度计,1.5874,5.5150,9.7522,,,,,,,
1568475337627430,加速度计,1.0738,8.6269,4.4412,,,,,,,
1568475347646805,加速度计,1.9273,6.5350,5.2565,,,,,,,
1568475347658107,陀螺仪,,,,,,,,0.0543,0.4037,0.3015
1568475357667014,加速度计,1.9896,6.4703,9.1680,,,,,,,
1568475367684930,加速度计,0.9948,6.2405,8.2265,,,,,,,
1568475367693941,陀螺仪,,,,,,,,0.0860,0.4100,0.2312
1568475377702847,加速度计,1.6005,8.1373,5.5031,,,,,,,
1568475387720764,加速度计,2.1859,6.2662,7.6189,,,,,,,
1568475387729774,陀螺仪,,,,,,,,0.0527,0.3654,0.1786
1568475397738680,加速度计,0.8841,5.0518,10.5848,,,,,,,
1568475407756597,加速度计,1.8824,7.0497,7.7428,,,,,,,
1568475407765607,陀螺仪,,,,,,,,0.1672,0.3899,0.1352
1568475417774514,加速度计,1.7448,7.1772,1.6885,,,,,,,
1568475427792430,加速度计,1.2779,5.7784,7.4166,,,,,,,
1568475427801441,陀螺仪,,,,,,,,0.0724,0.3204,0.0455
1568475437810347,加速度计,0.0533,6.1226,10.1359,,,,,,,
1568475447828264,加速度计,2.3709,8.6933,4.2437,,,,,,,
1568475447837274,陀螺仪,,,,,,,,0.1394,0.3156,0.0065
1568475457846180,加速度计,1.9848,8.0188,1.6472,,,,,,,
1568475467864357,加速度计,-0.9200,5.2828,6.7732,,,,,,,
1568475467873680,陀螺仪,,,,,,,,-0.0205,0.2706,-0.0690
1568475477883211,加速度计,0.0892,6.2040,9.9569,,,,,,,
1568475487922274,陀螺仪,,,,,,,,0.0221,0.2407,-0.0141
1568475487908472,加速度计,0.9631,6.8660,10.1203,,,,,,,
1568475497931597,加速度计,0.7326,7.5046,7.0126,,,,,,,
1568475507959774,陀螺仪,,,,,,,,0.0497,0.2569,-0.0277
1568475507950347,加速度计,1.5694,5.3127,8.9166,,,,,,,
1568475517969097,加速度计,1.1355,7.3616,4.4819,,,,,,,
1568475527987847,加速度计,-0.2568,7.0509,10.2442,,,,,,,
1568475527997274,陀螺仪,,,,,,,,0.0260,0.2192,-0.0225
1568475538006597,加速度计,0.7895,7.9727,7.3873,,,,,,,
1568475548034774,陀螺仪,,,,,,,,0.0360,0.2103,-0.0138
1568475548025347,加速度计,0.6770,6.9911,11.2378,,,,,,,
1568475558044097,加速度计,0.7230,6.7187,8.9573,,,,,,,
1568475568062847,加速度计,0.7787,7.0820,6.7660,,,,,,,
1568475568072274,陀螺仪,,,,,,,,0.1296,0.2566,-0.0087
1568475578081597,加速度计,-0.4387,6.1321,1.6496,,,,,,,
1568475588109774,陀螺仪,,,,,,,,0.0025,0.2084,0.0076
1568475588100347,加速度计,1.0319,6.4177,3.8020,,,,,,,
1568475598119097,加速度计,0.9152,6.7935,8.1463,,,,,,,
1568475608147274,陀螺仪,,,,,,,,0.0242,0.2240,0.0138
1568475608137847,加速度计,-0.0263,7.4843,10.4830,,,,,,,
1568475618156597,加速度计,-0.7793,6.2405,9.7241,,,,,,,
1568475628190607,加速度计,2.4283,6.3057,4.8010,,,,,,,
1568475628192951,陀螺仪,,,,,,,,0.1096,0.2700,0.1125
1568475638195243,加速度计,2.0117,6.9893,3.1550,,,,,,,
1568475648200347,加速度计,1.0026,6.6469,6.3877,,,,,,,
1568475648203316,陀螺仪,,,,,,,,0.0368,0.2754,0.0716
1568475658206336,加速度计,0.1820,6.9911,9.9563,,,,,,,
1568475668213628,加速度计,0.5471,8.7287,9.5355,,,,,,,
1568475668218055,陀螺仪,,,,,,,,0.1230,0.2824,0.1238
1568475691250964,GPS,,,,31.9413,118.7887,4.2400,127.3000,,,
1568475678222639,加速度计,2.4385,8.5000,3.1226,,,,,,,
1568475688233784,加速度计,2.7342,7.5016,-0.7063,,,,,,,
1568475688240503,陀螺仪,,,,,,,,0.0292,0.2846,0.0373
1568475698247430,加速度计,0.4417,5.8772,5.2319,,,,,,,
1568475708263576,加速度计,-0.7111,5.7593,12.0009,,,,,,,
1568475708272795,陀螺仪,,,,,,,,-0.0166,0.2509,0.0258
1568475718282222,加速度计,0.5058,6.8684,8.2133,,,,,,,
1568475728305086,加速度计,0.5561,8.0487,3.1855,,,,,,,
1568475728338316,陀螺仪,,,,,,,,0.0810,0.2570,0.0360
1568475738367014,加速度计,1.1791,6.7516,6.0160,,,,,,,
1568475748414982,陀螺仪,,,,,,,,0.0305,0.2056,-0.0202
1568475748405347,加速度计,1.0181,8.1744,12.4391,,,,,,,
1568475758424305,加速度计,-0.0371,8.3905,11.8794,,,,,,,
1568475768452482,陀螺仪,,,,,,,,0.1345,0.2268,-0.0182
1568475768443055,加速度计,-0.2490,8.4144,1.5646,,,,,,,
1568475778461805,加速度计,0.7578,4.6771,0.9349,,,,,,,
1568475788480555,加速度计,-0.9301,6.9049,4.2270,,,,,,,
1568475788489982,陀螺仪,,,,,,,,-0.0005,0.1258,-0.0414
1568475798499305,加速度计,0.1095,8.9561,15.0051,,,,,,,
1568475808518055,加速度计,0.0263,9.3835,9.9850,,,,,,,
1568475808527482,陀螺仪,,,,,,,,0.1123,0.1369,-0.0919
1568475818536805,加速度计,-0.9050,7.7560,3.5602,,,,,,,
1568475828555555,加速度计,0.2251,6.1651,1.4802,,,,,,,
1568475828564982,陀螺仪,,,,,,,,0.0043,0.0936,-0.0613
1568475838574305,加速度计,0.8589,6.1004,6.0831,,,,,,,
1568475848593055,加速度计,-0.7787,7.4394,9.3374,,,,,,,
1568475848602482,陀螺仪,,,,,,,,-0.0555,0.0483,-0.0883
1568475858611805,加速度计,0.1107,6.5715,12.0189,,,,,,,
1568475868630555,加速度计,0.9505,6.1298,7.8644,,,,,,,
1568475868639982,陀螺仪,,,,,,,,0.0882,0.1015,-0.0024
1568475878649305,加速度计,0.5148,6.7038,3.4494,,,,,,,
1568475888668055,加速度计,2.5367,7.9972,0.8326,,,,,,,
1568475888677482,陀螺仪,,,,,,,,0.0316,0.1084,-0.0093
1568475898686805,加速度计,1.0588,8.2307,7.8051,,,,,,,
1568475908705555,加速度计,-0.1341,6.9558,11.7795,,,,,,,
1568475908714982,陀螺仪,,,,,,,,0.0024,0.0976,-0.0125
1568475918724305,加速度计,0.3334,8.7077,8.2109,,,,,,,
1568475928743055,加速度计,1.7520,8.9148,-0.3525,,,,,,,
1568475928752482,陀螺仪,,,,,,,,-0.0007,0.1044,0.0391
1568475938761805,加速度计,2.4517,4.3239,8.2534,,,,,,,
1568475948780555,加速度计,-0.4693,5.6641,6.3267,,,,,,,
1568475948789982,陀螺仪,,,,,,,,-0.0198,0.1260,-0.0254
1568475958799305,加速度计,0.6602,7.7548,10.4806,,,,,,,
1568475968818055,加速度计,0.8182,7.3364,8.0266,,,,,,,
1568475968827482,陀螺仪,,,,,,,,0.0539,0.1318,-0.0068
1568475978838680,加速度计,-0.2514,5.7048,6.9605,,,,,,,
1568475988869357,陀螺仪,,,,,,,,0.0626,0.0904,-0.0346
1568475988864097,加速度计,0.9224,7.3017,3.9510,,,,,,,
1568475998874514,加速度计,0.9972,7.9996,8.1343,,,,,,,
1568476008890607,陀螺仪,,,,,,,,0.0814,0.0727,-0.0755
1568476008885139,加速度计,-1.0169,6.1926,10.2825,,,,,,,
1568476018896389,加速度计,-0.1844,7.6716,2.0219,,,,,,,
1568476028908680,加速度计,0.4447,6.9168,2.7773,,,,,,,
1568476028915191,陀螺仪,,,,,,,,0.0133,0.0204,-0.0566
1568476038922222,加速度计,0.2538,6.2471,8.8885,,,,,,,
1568476048937014,加速度计,0.1634,6.3327,9.2626,,,,,,,
1568476048944774,陀螺仪,,,,,,,,0.0302,0.0374,-0.0513
1568476058953264,加速度计,-0.9960,9.5086,8.0858,,,,,,,
1568476068971180,加速度计,-0.3699,5.5354,6.9109,,,,,,,
1568476068980607,陀螺仪,,,,,,,,0.0296,0.0415,0.0403
1568476078990555,加速度计,0.4555,6.3404,6.0950,,,,,,,
1568476089011180,加速度计,-0.4872,7.4352,6.2519,,,,,,,
1568476089021857,陀螺仪,,,,,,,,-0.0063,0.0474,0.0692
1568476099033055,加速度计,-0.4681,7.1970,11.5598,,,,,,,
1568476109055972,加速度计,-1.0151,6.5673,9.9138,,,,,,,
1568476109067691,陀螺仪,,,,,,,,0.0501,0.0622,0.1599
1568476119079722,加速度计,0.2604,7.2933,6.5362,,,,,,,
1568476129116441,陀螺仪,,,,,,,,0.0650,0.0995,0.2049
1568476129104097,加速度计,-0.6758,5.7431,6.2195,,,,,,,
1568476139128889,加速度计,-0.6321,6.3931,6.7588,,,,,,,
1568476149153889,加速度计,0.0132,7.3813,7.5836,,,,,,,
1568476149166441,陀螺仪,,,,,,,,0.0818,0.1019,0.2633
1568476159178889,加速度计,-0.6422,9.2913,2.6294,,,,,,,
1568476169200764,加速度计,0.1197,5.8442,2.8341,,,,,,,
1568476169210191,陀螺仪,,,,,,,,-0.0354,0.1180,0.3092
1568476179219514,加速度计,1.3066,6.4727,6.8253,,,,,,,
1568476189238264,加速度计,-1.5772,4.9189,13.4399,,,,,,,
1568476189247691,陀螺仪,,,,,,,,-0.0184,0.1688,0.3328
1568476199257014,加速度计,-0.3106,8.9747,6.1166,,,,,,,
1568476209285191,陀螺仪,,,,,,,,-0.0439,0.1834,0.4007
1568476209275764,加速度计,1.6430,8.3366,0.1413,,,,,,,
1568476219294514,加速度计,0.7069,5.0242,7.9236,,,,,,,
1568476229313889,加速度计,0.8673,5.6773,10.6021,,,,,,,
1568476229325607,陀螺仪,,,,,,,,-0.0317,0.2147,0.3727
1568476239334097,加速度计,-0.0156,8.3504,8.4449,,,,,,,
1568476249351180,加速度计,1.4204,7.3634,6.0190,,,,,,,
1568476249359774,陀螺仪,,,,,,,,0.0238,0.2374,0.3766
1568476259368264,加速度计,2.4481,6.2938,8.3396,,,,,,,
1568476269385347,加速度计,2.0405,8.2127,4.9985,,,,,,,
1568476269393941,陀螺仪,,,,,,,,0.0470,0.2660,0.2743
1568476279402430,加速度计,0.8757,10.1155,5.2170,,,,,,,
1568476289419514,加速度计,1.4144,5.9538,7.6028,,,,,,,
1568476289428159,陀螺仪,,,,,,,,-0.0146,0.2277,0.1936
1568476299436857,加速度计,1.6574,6.8325,7.9559,,,,,,,
1568476309454618,加速度计,0.6746,7.3813,7.5124,,,,,,,
1568476309463680,陀螺仪,,,,,,,,0.0537,0.2322,0.1266
1568476319472795,加速度计,2.2332,7.9110,5.3899,,,,,,,
1568476329491389,加速度计,2.0159,7.1341,7.8129,,,,,,,
1568476329500868,陀螺仪,,,,,,,,0.0469,0.1947,0.0711
1568476339510399,加速度计,2.1488,7.1383,3.5680,,,,,,,
1568476349529826,加速度计,2.4576,7.0701,4.9554,,,,,,,
1568476349539722,陀螺仪,,,,,,,,0.0083,0.1940,-0.0455
1568476359549670,加速度计,0.5052,6.6667,7.1652,,,,,,,
1568476369569670,加速度计,0.9517,7.1138,7.6746,,,,,,,
1568476379589670,加速度计,1.8232,8.9094,6.4895,,,,,,,
1568476369579722,陀螺仪,,,,,,,,0.0053,0.1703,-0.0438
1568476389609670,加速度计,1.5718,7.8566,5.9430,,,,,,,
1568476399629670,加速度计,1.8447,5.5402,9.4727,,,,,,,
1568476389619722,陀螺仪,,,,,,,,-0.0591,0.1446,-0.0979
1568476409649670,加速度计,1.4868,6.5338,9.5062,,,,,,,
1568476409659722,陀螺仪,,,,,,,,-0.0137,0.1582,-0.1370
1568476419669670,加速度计,0.4184,5.9628,7.1245,,,,,,,
1568476429689670,加速度计,1.5730,6.0513,4.3365,,,,,,,
1568476429699722,陀螺仪,,,,,,,,-0.0021,0.1316,-0.1309
1568476439709670,加速度计,1.3336,4.9027,6.9492,,,,,,,
1568476449729670,加速度计,1.4132,6.1675,10.2795,,,,,,,
1568476449739722,陀螺仪,,,,,,,,0.0318,0.1116,-0.1675
1568476459749670,加速度计,1.4479,7.5920,5.4857,,,,,,,
1568476469768889,加速度计,1.1791,6.8019,2.0333,,,,,,,
1568476469778993,陀螺仪,,,,,,,,0.0450,0.1178,-0.1932
1568476479791024,加速度计,0.8068,8.0882,2.0704,,,,,,,
1568476489814149,加速度计,0.2717,4.4712,12.6121,,,,,,,
1568476489813836,陀螺仪,,,,,,,,-0.0767,0.0905,-0.1610
1568476499813576,加速度计,0.1173,8.3719,12.3301,,,,,,,
1568476509813941,加速度计,-0.2125,6.8522,7.0509,,,,,,,
1568476509814670,陀螺仪,,,,,,,,0.0735,0.1345,-0.0886
1568476519816076,加速度计,0.8739,6.9564,2.6246,,,,,,,
1568476529820555,加速度计,0.3837,5.3558,3.6589,,,,,,,
1568476529823680,陀螺仪,,,,,,,,-0.0144,0.1157,-0.1089
1568476539827795,加速度计,-0.9990,6.6212,7.8117,,,,,,,
1568476549838211,加速度计,-0.2891,7.1874,7.8638,,,,,,,
1568476549844514,陀螺仪,,,,,,,,-0.0120,0.0872,-0.0525
1568476559851961,加速度计,0.6674,8.5329,8.8059,,,,,,,
1568476569869045,加速度计,-0.2610,7.9434,7.9787,,,,,,,
1568476569878680,陀螺仪,,,,,,,,-0.0100,0.1127,-0.0446
1568476579889461,加速度计,1.1636,6.7080,6.2950,,,,,,,
1568476589913211,加速度计,-0.6913,6.7481,7.2646,,,,,,,
1568476589926128,陀螺仪,,,,,,,,-0.0129,0.1272,-0.0332
1568476599940034,加速度计,-0.9607,7.9691,7.9146,,,,,,,
1568476609969514,加速度计,1.5568,4.7405,11.1719,,,,,,,
1568476609984982,陀螺仪,,,,,,,,0.0312,0.1140,0.0333
1568476620000972,加速度计,0.6877,9.8402,3.1831,,,,,,,
1568476635878932,GPS,,,,31.9413,118.7887,3.8000,89.8000,,,
1568476630046753,加速度计,-0.1179,5.6288,5.6383,,,,,,,
1568476630073055,陀螺仪,,,,,,,,0.0024,0.1059,-0.0107
1568476640090920,加速度计,1.4844,7.0533,5.6258,,,,,,,
1568476650109982,加速度计,-0.0952,7.7004,8.7275,,,,,,,
1568476650119409,陀螺仪,,,,,,,,0.0129,0.0983,-0.0305
1568476660128732,加速度计,0.3992,8.9405,8.2750,,,,,,,
1568476670156909,陀螺仪,,,,,,,,0.0543,0.0996,-0.0040
1568476670147482,加速度计,0.2729,6.1824,9.7187,,,,,,,
1568476680166232,加速度计,1.9190,7.5639,2.3308,,,,,,,
1568476690184982,加速度计,1.3461,6.8618,3.1867,,,,,,,
1568476690194409,陀螺仪,,,,,,,,-0.0181,0.0886,-0.0338
1568476700203732,加速度计,0.6835,6.9192,6.1782,,,,,,,
1568476710222482,加速度计,0.2334,7.8745,6.3369,,,,,,,
1568476710231909,陀螺仪,,,,,,,,-0.0582,0.0848,-0.0377
1568476720241232,加速度计,0.2670,6.0274,10.1658,,,,,,,
1568476730262378,加速度计,1.6526,5.0500,10.5692,,,,,,,
1568476730275920,陀螺仪,,,,,,,,0.0216,0.1077,-0.0233
1568476740281909,加速度计,0.3376,6.8564,7.2526,,,,,,,
1568476750293993,加速度计,0.4788,7.3370,2.7833,,,,,,,
1568476750300191,陀螺仪,,,,,,,,0.0702,0.1201,-0.0284
1568476760306389,加速度计,0.8894,7.3592,3.2615,,,,,,,
1568476770319201,加速度计,0.1305,7.1748,5.6318,,,,,,,
1568476770325920,陀螺仪,,,,,,,,-0.0372,0.0783,-0.0538
1568476780332743,加速度计,0.7967,7.3263,9.4188,,,,,,,
1568476790347118,加速度计,-0.7440,7.4849,8.8837,,,,,,,
1568476790354774,陀螺仪,,,,,,,,-0.0083,0.0648,-0.0790
1568476800362639,加速度计,-0.9912,6.7846,10.1682,,,,,,,
1568476810379409,加速度计,0.5997,7.6315,6.3530,,,,,,,
1568476810388316,陀螺仪,,,,,,,,0.0658,0.0786,-0.0128
1568476820397430,加速度计,0.1814,6.8271,4.7752,,,,,,,
1568476830416701,加速度计,0.2532,6.6026,5.1098,,,,,,,
1568476830434566,陀螺仪,,,,,,,,0.0328,0.0510,-0.0433
1568476840457274,加速度计,-0.8841,7.3167,7.0437,,,,,,,
1568476850488524,加速度计,0.7129,7.7171,7.0886,,,,,,,
1568476850497951,陀螺仪,,,,,,,,0.0380,0.0389,-0.0381
1568476860507274,加速度计,-0.9367,8.3414,6.0490,,,,,,,
1568476870526024,加速度计,0.2586,7.2071,6.4272,,,,,,,
1568476870535451,陀螺仪,,,,,,,,-0.0043,0.0278,0.0020
1568476880544774,加速度计,0.5818,7.8871,10.1251,,,,,,,
1568476890572951,陀螺仪,,,,,,,,0.0320,0.0555,0.0146
1568476890563524,加速度计,-0.7165,7.1611,8.7263,,,,,,,
1568476900582274,加速度计,0.6668,7.8709,7.4322,,,,,,,
1568476910610451,陀螺仪,,,,,,,,0.0623,0.0804,0.0503
1568476910601024,加速度计,0.1496,6.4386,5.1014,,,,,,,
1568476920619774,加速度计,-0.5297,6.5793,4.3066,,,,,,,
1568476930647951,陀螺仪,,,,,,,,0.0101,0.0550,0.0478
1568476930638524,加速度计,0.3801,8.6592,4.7441,,,,,,,
1568476940657274,加速度计,-0.2053,8.2367,7.3735,,,,,,,
1568476950676024,加速度计,0.2759,6.5912,7.6028,,,,,,,
1568476950685451,陀螺仪,,,,,,,,-0.0221,0.0253,0.0284
1568476960694774,加速度计,-0.8015,6.5146,9.3907,,,,,,,
1568476970722951,陀螺仪,,,,,,,,0.0370,0.0202,0.0210
1568476970713524,加速度计,-0.6321,7.9847,5.7377,,,,,,,
1568476980733993,加速度计,0.1041,6.8516,7.1389,,,,,,,
1568476990754461,加速度计,-0.7027,6.4111,5.9382,,,,,,,
1568477000769878,加速度计,0.1550,8.2588,5.1924,,,,,,,
1568476990762222,陀螺仪,,,,,,,,0.0431,0.0121,0.0141
1568477010785295,加速度计,1.0654,6.5894,7.8225,,,,,,,
1568477010793159,陀螺仪,,,,,,,,-0.0021,-0.0269,-0.0072
1568477020801024,加速度计,0.4711,7.0402,8.5060,,,,,,,
1568477030817170,加速度计,-0.6674,6.5146,7.0503,,,,,,,
1568477030825451,陀螺仪,,,,,,,,0.0692,0.0088,-0.0146
1568477040833732,加速度计,1.2204,6.4212,3.7391,,,,,,,
1568477050850711,加速度计,0.3190,6.0645,3.5680,,,,,,,
1568477050859409,陀螺仪,,,,,,,,0.0285,-0.0161,-0.0015
1568477060868107,加速度计,0.4351,7.2838,5.5941,,,,,,,
1568477070885920,加速度计,0.4292,8.0858,9.7642,,,,,,,
1568477070895034,陀螺仪,,,,,,,,-0.0089,-0.0256,-0.0140
1568477080904149,加速度计,-0.4250,7.5741,10.2035,,,,,,,
1568477090923107,加速度计,-0.1802,7.5064,7.9428,,,,,,,
1568477090932847,陀螺仪,,,,,,,,0.0397,-0.0177,0.0123
1568477100942586,加速度计,0.4627,6.7062,5.8023,,,,,,,
1568477110962482,加速度计,0.8254,5.1122,6.5392,,,,,,,
1568477110972639,陀螺仪,,,,,,,,0.0202,-0.0245,0.0153
1568477120982795,加速度计,-0.1586,6.1740,5.9634,,,,,,,
1568477131009878,加速度计,-0.2885,7.1862,6.0142,,,,,,,
1568477131023889,陀螺仪,,,,,,,,-0.0032,-0.0202,0.0545
1568477141037795,加速度计,0.4573,6.4733,9.5223,,,,,,,
1568477151056545,加速度计,-0.0820,7.1545,6.8588,,,,,,,
1568477151065972,陀螺仪,,,,,,,,0.0266,0.0119,0.0823
1568477161075295,加速度计,-0.1287,7.9912,6.1064,,,,,,,
1568477171094045,加速度计,0.6027,7.5585,9.5086,,,,,,,
1568477171103472,陀螺仪,,,,,,,,-0.0316,0.0093,0.1160
1568477181112795,加速度计,-0.1538,6.7295,10.2861,,,,,,,
1568477191131545,加速度计,0.9122,8.0290,4.2252,,,,,,,
1568477191140972,陀螺仪,,,,,,,,0.0113,0.0423,0.1394
1568477201150295,加速度计,0.2634,5.4396,6.8133,,,,,,,
1568477211169045,加速度计,1.0666,6.3428,6.8953,,,,,,,
1568477211178472,陀螺仪,,,,,,,,-0.0076,0.0591,0.1510
1568477221187795,加速度计,-0.6399,7.6213,7.2161,,,,,,,
1568477231207378,加速度计,1.5467,8.4461,7.2730,,,,,,,
1568477231224670,陀螺仪,,,,,,,,0.0128,0.0738,0.1766
1568477241230034,加速度计,0.0503,7.2784,5.9993,,,,,,,
1568477251240868,加速度计,-0.1861,5.7694,8.7209,,,,,,,
1568477251246389,陀螺仪,,,,,,,,0.0087,0.0943,0.1688
1568477261251961,加速度计,-0.4651,8.4994,6.6637,,,,,,,
1568477271263732,加速度计,0.3023,8.0643,5.4618,,,,,,,
1568477271269930,陀螺仪,,,,,,,,0.0084,0.0957,0.1858
1568477281276336,加速度计,0.5501,6.8055,6.1244,,,,,,,
1568477291290034,加速度计,0.3825,6.9731,6.2040,,,,,,,
1568477291297326,陀螺仪,,,,,,,,-0.0249,0.0779,0.1450
1568477301304982,加速度计,0.2729,6.5033,7.6908,,,,,,,
1568477311321180,加速度计,0.1538,6.9576,5.9370,,,,,,,
1568477311329774,陀螺仪,,,,,,,,0.0087,0.0772,0.1286
1568477321338889,加速度计,1.4305,6.6355,3.9570,,,,,,,
1568477331358003,加速度计,0.9541,5.3026,7.5770,,,,,,,
1568477341378368,加速度计,0.3083,7.0569,8.2875,,,,,,,
1568477331368003,陀螺仪,,,,,,,,-0.0044,0.0639,0.0783
1568477351399982,加速度计,0.4812,10.6033,5.7371,,,,,,,
1568477351411232,陀螺仪,,,,,,,,0.0246,0.0651,0.0660
1568477361422847,加速度计,1.1965,7.6758,6.3722,,,,,,,
1568477371446701,加速度计,0.1484,5.1272,5.3935,,,,,,,
1568477371458889,陀螺仪,,,,,,,,-0.0306,0.0489,0.0246
1568477381471128,加速度计,0.0221,5.5198,9.0489,,,,,,,
1568477391495972,加速度计,0.8086,7.5842,7.0294,,,,,,,
1568477391508524,陀螺仪,,,,,,,,0.0180,0.0537,0.0486
1568477401520972,加速度计,1.6448,7.6746,6.3249,,,,,,,
1568477411545972,加速度计,2.0075,6.1202,7.2083,,,,,,,
1568477411557847,陀螺仪,,,,,,,,0.0068,0.0571,0.0370
1568477421567586,加速度计,1.2396,6.3686,9.5583,,,,,,,
1568477431586909,加速度计,1.1157,9.2087,9.7618,,,,,,,
1568477431596493,陀螺仪,,,,,,,,0.0863,0.0904,0.0198
1568477441605816,加速度计,0.4758,8.0098,4.9692,,,,,,,
1568477451624566,加速度计,0.7811,6.8474,3.3070,,,,,,,
1568477451633993,陀螺仪,,,,,,,,0.0306,0.0799,0.0302
1568477461643316,加速度计,0.6991,5.6467,4.4514,,,,,,,
1568477471662066,加速度计,0.7763,7.5112,5.6545,,,,,,,
1568477471672378,陀螺仪,,,,,,,,-0.0429,0.0671,0.0237
1568477481688107,加速度计,0.4220,6.6846,7.0779,,,,,,,
1568477491705139,加速度计,1.1857,7.0970,10.1143,,,,,,,
1568477491705503,陀螺仪,,,,,,,,-0.0582,0.0724,0.0364
1568477501705868,加速度计,0.3609,6.0256,10.3825,,,,,,,
1568477511707639,加速度计,1.0732,7.8757,6.1657,,,,,,,
1568477511709149,陀螺仪,,,,,,,,0.0439,0.1305,0.0614
1568477521710972,加速度计,0.9056,7.6662,4.0426,,,,,,,
1568477531716597,加速度计,-0.9703,6.0603,5.8520,,,,,,,
1568477531720503,陀螺仪,,,,,,,,-0.0411,0.1186,0.0723
1568477541725034,加速度计,0.1299,5.9999,9.6756,,,,,,,
1568477551736389,加速度计,0.5812,7.1730,11.3431,,,,,,,
1568477551743316,陀螺仪,,,,,,,,0.0260,0.1411,0.1228
1568477561750972,加速度计,0.4621,7.5334,6.6906,,,,,,,
1568477571768889,加速度计,0.1586,7.9422,4.9057,,,,,,,
1568477581790139,加速度计,0.3394,5.8706,4.6142,,,,,,,
1568477571779149,陀螺仪,,,,,,,,0.0276,0.1646,0.1269
1568477591814409,加速度计,-0.1838,5.8442,7.2431,,,,,,,
1568477591827586,陀螺仪,,,,,,,,-0.0182,0.1646,0.1302
1568477601841284,加速度计,-0.5578,6.2782,6.8678,,,,,,,
1568477611870347,加速度计,0.2550,6.4757,7.1311,,,,,,,
1568477611885503,陀螺仪,,,,,,,,0.0061,0.1662,0.1553
1568477621900868,加速度计,-0.1287,7.5034,5.0823,,,,,,,
1568477638080911,GPS,,,,31.9413,118.7887,2.5000,90.2000,,,
1568477631948368,加速度计,1.3725,5.9693,6.9402,,,,,,,
1568477631975086,陀螺仪,,,,,,,,-0.0222,0.1668,0.1505
1568477641984618,加速度计,0.5537,7.4520,7.3017,,,,,,,
1568477652003576,加速度计,1.0385,6.9534,9.0034,,,,,,,
1568477652013003,陀螺仪,,,,,,,,-0.0031,0.1991,0.1266
1568477662022326,加速度计,0.1443,6.6625,8.3989,,,,,,,
1568477672041076,加速度计,0.7344,7.7057,7.7069,,,,,,,
1568477672050503,陀螺仪,,,,,,,,0.0570,0.2161,0.1487
1568477682059826,加速度计,1.7011,7.3035,5.0392,,,,,,,
1568477692078576,加速度计,1.7921,7.7117,4.2108,,,,,,,
1568477692088003,陀螺仪,,,,,,,,0.0081,0.2144,0.0820
1568477702097326,加速度计,1.6723,7.0425,9.6827,,,,,,,
1568477712116076,加速度计,1.0409,6.6786,10.8852,,,,,,,
1568477712125503,陀螺仪,,,,,,,,0.0441,0.2088,0.0121
1568477722134826,加速度计,1.5808,9.3045,4.7052,,,,,,,
1568477732159045,加速度计,2.4708,6.6816,3.0508,,,,,,,
1568477732169514,陀螺仪,,,,,,,,0.0132,0.1913,-0.0691
1568477742175086,加速度计,1.0588,6.1998,6.2932,,,,,,,
1568477752186336,加速度计,0.7260,5.7132,11.2378,,,,,,,
1568477752192170,陀螺仪,,,,,,,,0.0352,0.1530,-0.1451
1568477762197951,加速度计,1.0660,8.9615,8.0134,,,,,,,
1568477772210347,加速度计,0.8972,8.7047,3.5195,,,,,,,
1568477772216961,陀螺仪,,,,,,,,0.0831,0.1406,-0.1987
1568477782223576,加速度计,1.4886,7.7632,3.4506,,,,,,,
1568477792238003,加速度计,0.4190,6.4236,6.0232,,,,,,,
1568477792245816,陀螺仪,,,,,,,,-0.0144,0.0776,-0.2923
1568477802253680,加速度计,0.4962,7.2957,7.6704,,,,,,,
1568477812270607,加速度计,-0.0628,7.5238,7.6842,,,,,,,
1568477812279670,陀螺仪,,,,,,,,0.0200,0.0418,-0.3353
1568477822288784,加速度计,0.3657,7.2149,4.3509,,,,,,,
1568477832308211,加速度计,0.6381,7.2652,4.7465,,,,,,,
1568477832318524,陀螺仪,,,,,,,,-0.0264,-0.0080,-0.3591
1568477842328889,加速度计,0.6853,7.7997,6.3979,,,,,,,
1568477852350816,加速度计,1.0475,6.7618,10.0706,,,,,,,
1568477862373628,加速度计,-0.2334,6.7888,10.9948,,,,,,,
1568477852362222,陀螺仪,,,,,,,,-0.0595,-0.0672,-0.4159
1568477872397274,加速度计,0.1694,7.6148,5.3947,,,,,,,
1568477882421389,加速度计,0.3130,5.6114,5.0338,,,,,,,
1568477872409357,陀螺仪,,,,,,,,0.0435,-0.0658,-0.4119
1568477892445920,加速度计,0.1526,6.7528,3.1645,,,,,,,
1568477892458264,陀螺仪,,,,,,,,-0.0009,-0.1349,-0.4482
1568477902470503,加速度计,-0.3651,5.5683,10.0072,,,,,,,
1568477912495086,加速度计,-0.4585,6.8582,9.8162,,,,,,,
1568477912505399,陀螺仪,,,,,,,,0.0856,-0.1695,-0.4651
1568477922514930,加速度计,-0.8236,9.3278,5.9993,,,,,,,
1568477932534097,加速度计,0.1293,9.5738,6.8354,,,,,,,
1568477942552899,加速度计,0.1365,6.3913,9.9419,,,,,,,
1568477932543576,陀螺仪,,,,,,,,0.0501,-0.2071,-0.4160
1568477952571649,加速度计,-0.2538,7.1287,3.8660,,,,,,,
1568477952581076,陀螺仪,,,,,,,,0.0925,-0.1531,-0.3393
1568477962590399,加速度计,-0.8859,7.5393,5.0332,,,,,,,
1568477972609149,加速度计,0.2466,5.5456,4.2276,,,,,,,
1568477972619201,陀螺仪,,,,,,,,0.0214,-0.1165,-0.1995
1568477982630295,加速度计,-0.9583,7.7662,4.1946,,,,,,,
1568477992648159,加速度计,-0.4328,8.4689,5.6868,,,,,,,
1568477992655503,陀螺仪,,,,,,,,-0.0824,-0.1146,-0.0811
1568478002662743,加速度计,0.1820,4.6184,12.9580,,,,,,,
1568478012677326,加速度计,-0.8775,8.5383,8.4557,,,,,,,
1568478012684826,陀螺仪,,,,,,,,0.0478,-0.0439,-0.0190
1568478022692274,加速度计,-0.6722,8.1445,6.3931,,,,,,,
1568478032707639,加速度计,-0.3597,7.4460,5.0739,,,,,,,
1568478032715555,陀螺仪,,,,,,,,0.0107,-0.0342,0.0451
1568478042723420,加速度计,-0.3244,5.4863,6.1687,,,,,,,
1568478052739982,加速度计,-0.2831,7.9841,4.3527,,,,,,,
1568478052748680,陀螺仪,,,,,,,,-0.0145,-0.0005,0.0887
1568478062757378,加速度计,-1.0965,6.8426,8.5958,,,,,,,
1568478072775607,加速度计,-1.1277,6.2429,12.2242,,,,,,,
1568478072785139,陀螺仪,,,,,,,,0.0108,0.0107,0.1281
1568478082794670,加速度计,-0.2592,8.2462,6.7121,,,,,,,
1568478092814566,加速度计,-0.1903,6.5763,5.1032,,,,,,,
1568478092824930,陀螺仪,,,,,,,,0.0362,0.0216,0.1514
1568478102835295,加速度计,-0.0209,5.5240,6.1603,,,,,,,
1568478112856493,加速度计,-0.5501,6.1567,7.0737,,,,,,,
1568478112867326,陀螺仪,,,,,,,,0.0301,0.0362,0.1557
1568478122878107,加速度计,0.0670,8.0068,6.0112,,,,,,,
1568478132900139,加速度计,-0.8583,6.5637,9.4355,,,,,,,
1568478132911232,陀螺仪,,,,,,,,0.0164,0.0361,0.1727
1568478142922222,加速度计,-0.5926,6.6475,8.2600,,,,,,,
1568478152944305,加速度计,-0.0503,7.5675,3.1867,,,,,,,
1568478152955399,陀螺仪,,,,,,,,0.0326,0.0406,0.1767
1568478162966389,加速度计,0.6500,6.1154,5.4923,,,,,,,
1568478172988107,加速度计,-0.2807,6.2369,7.4573,,,,,,,
1568478172998055,陀螺仪,,,,,,,,-0.0241,0.0429,0.1477
1568478183007586,加速度计,-0.4639,6.8791,8.2492,,,,,,,
1568478193026389,加速度计,0.8709,7.7943,7.0557,,,,,,,
1568478193035816,陀螺仪,,,,,,,,0.0016,0.0409,0.1394
1568478203045139,加速度计,0.4998,8.0828,5.8161,,,,,,,
1568478213063889,加速度计,-0.2676,6.3746,8.3821,,,,,,,
1568478213073316,陀螺仪,,,,,,,,-0.0525,0.0206,0.0719
1568478223082639,加速度计,0.5136,6.9522,7.7710,,,,,,,
1568478233116336,加速度计,0.6560,7.6620,7.1228,,,,,,,
1568478233126232,陀螺仪,,,,,,,,-0.0361,-0.0069,0.0117
1568478243124097,加速度计,0.4154,6.0112,9.0064,,,,,,,
1568478253120659,加速度计,0.8835,7.2951,7.7686,,,,,,,
1568478253119670,陀螺仪,,,,,,,,0.0261,-0.0515,-0.0738
1568478263118784,加速度计,0.5022,7.2077,6.6714,,,,,,,
1568478273119305,加速度计,1.0534,7.7674,7.2018,,,,,,,
1568478273120868,陀螺仪,,,,,,,,0.0533,-0.1012,-0.1679
1568478283122691,加速度计,0.0988,7.6100,4.0360,,,,,,,
1568478293129357,加速度计,1.4000,7.5747,2.5851,,,,,,,
1568478293134357,陀螺仪,,,,,,,,-0.0087,-0.1434,-0.2356
1568478303139722,加速度计,1.2342,7.0946,4.2581,,,,,,,
1568478313154201,加速度计,0.2502,5.6814,10.2909,,,,,,,
1568478313163316,陀螺仪,,,,,,,,-0.1040,-0.1790,-0.2714
1568478323172847,加速度计,2.0177,6.2507,11.7196,,,,,,,
1568478333195295,加速度计,1.3437,8.0978,7.5447,,,,,,,
1568478333208055,陀螺仪,,,,,,,,0.0441,-0.1515,-0.2802
1568478343221128,加速度计,2.0692,6.4404,5.4001,,,,,,,
1568478353249930,加速度计,2.0973,7.2179,4.8076,,,,,,,
1568478353265503,陀螺仪,,,,,,,,0.0057,-0.1493,-0.2585
1568478363281284,加速度计,1.5131,6.9492,8.3432,,,,,,,
1568478373314774,加速度计,1.3030,7.1299,10.2610,,,,,,,
1568478373332170,陀螺仪,,,,,,,,0.0101,-0.0981,-0.2189
1568478383349618,加速度计,1.1313,7.3987,6.0759,,,,,,,
1568478393384982,加速度计,0.1628,6.8576,4.2713,,,,,,,
1568478403420399,加速度计,0.7566,6.0178,5.1116,,,,,,,
1568478393402743,陀螺仪,,,,,,,,0.0268,-0.0880,-0.1916
1568478413443055,加速度计,0.1826,7.3945,4.8231,,,,,,,
1568478413452743,陀螺仪,,,,,,,,-0.0221,-0.0936,-0.1398
1568478423462066,加速度计,1.1043,7.4813,7.5082,,,,,,,
1568478433480816,加速度计,-0.0042,6.8139,8.8597,,,,,,,
1568478433490243,陀螺仪,,,,,,,,-0.0218,-0.0723,-0.1174
1568478443499566,加速度计,0.3885,6.2818,8.3659,,,,,,,
1568478453518316,加速度计,0.1814,7.7919,4.5238,,,,,,,
1568478453527743,陀螺仪,,,,,,,,0.0514,-0.0502,-0.0969
1568478463537066,加速度计,-0.6051,7.4262,4.6861,,,,,,,
1568478473555816,加速度计,-0.4004,7.1976,5.7676,,,,,,,
1568478473566493,陀螺仪,,,,,,,,0.0005,-0.0666,-0.0646
1568478483582326,加速度计,-0.1646,7.4035,3.7487,,,,,,,
1568478493596024,加速度计,0.1915,8.1822,5.1086,,,,,,,
1568478493600607,陀螺仪,,,,,,,,-0.0876,-0.0964,-0.0362
1568478503605139,加速度计,0.8960,6.0579,11.8292,,,,,,,
1568478513614670,加速度计,0.7973,8.6622,7.3831,,,,,,,
1568478513619826,陀螺仪,,,,,,,,0.0075,-0.0385,-0.0258
1568478523624982,加速度计,0.1359,7.2868,5.5121,,,,,,,
1568478533636493,加速度计,-0.3118,7.2371,6.2818,,,,,,,
1568478533643003,陀螺仪,,,,,,,,-0.0177,-0.0260,0.0017
1568478543649618,加速度计,-0.8116,7.3322,7.9667,,,,,,,
1568478553664409,加速度计,0.0245,7.6465,6.8187,,,,,,,
1568478553672586,陀螺仪,,,,,,,,-0.0252,-0.0292,0.0844
1568478563680868,加速度计,-0.2592,6.6158,7.8745,,,,,,,
1568478573698993,加速度计,-0.2478,5.5073,8.5581,,,,,,,
1568478573708836,陀螺仪,,,,,,,,-0.0084,-0.0136,0.0984
1568478583718784,加速度计,0.1730,6.1369,5.8628,,,,,,,
1568478593740243,加速度计,0.2682,7.3155,4.1581,,,,,,,
1568478593751597,陀螺仪,,,,,,,,0.0028,0.0001,0.1100
1568478603763003,加速度计,0.3376,7.5124,6.4685,,,,,,,
1568478613800868,加速度计,-0.2233,6.2100,8.8166,,,,,,,
1568478613833211,陀螺仪,,,,,,,,-0.0599,0.0117,0.1077
1568478623865816,加速度计,-0.3112,7.3795,7.3065,,,,,,,
1568478638092629,GPS,,,,31.9413,118.7887,1.1800,86.3000,,,
1568478633869566,加速度计,-0.2837,7.0976,5.1278,,,,,,,
1568478633860555,陀螺仪,,,,,,,,-0.0485,0.0318,0.1503
1568478643851753,加速度计,0.2322,5.9765,6.6068,,,,,,,
1568478653836441,加速度计,0.6752,6.9983,11.4102,,,,,,,
1568478653830139,陀螺仪,,,,,,,,-0.0614,0.0511,0.1683
1568478663824670,加速度计,0.4190,7.4705,8.0816,,,,,,,
1568478673817586,加速度计,-0.1496,6.3315,6.6912,,,,,,,
1568478673816180,陀螺仪,,,,,,,,-0.0306,0.0727,0.1810
1568478683816128,加速度计,0.9798,5.0697,7.0300,,,,,,,
1568478693820816,加速度计,0.0898,6.4937,5.8766,,,,,,,
1568478693825659,陀螺仪,,,,,,,,-0.0059,0.0891,0.1739
1568478703832066,加速度计,0.5459,6.5224,4.3167,,,,,,,
1568478713849982,加速度计,0.6093,7.4927,8.1762,,,,,,,
1568478713861389,陀螺仪,,,,,,,,-0.0742,0.0658,0.1474
1568478723874253,加速度计,0.3041,5.8006,11.5616,,,,,,,
1568478733904461,加速度计,0.2711,6.9001,6.2728,,,,,,,
1568478733921597,陀螺仪,,,,,,,,0.0482,0.1216,0.1212
1568478743939878,加速度计,-0.1664,7.4394,0.2191,,,,,,,
1568478753979670,加速度计,0.7009,4.8560,7.5765,,,,,,,
1568478754000868,陀螺仪,,,,,,,,-0.0872,0.0594,0.1108
1568478764022691,加速度计,0.5016,6.6816,14.3317,,,,,,,
1568478774068003,加速度计,-0.3705,8.6030,8.9172,,,,,,,
1568478774091180,陀螺仪,,,,,,,,0.0937,0.1068,0.0787
1568478784114461,加速度计,0.9218,9.3105,0.4238,,,,,,,
1568478794157378,加速度计,1.4946,5.0224,4.3987,,,,,,,
1568478794172639,陀螺仪,,,,,,,,-0.0340,0.0610,0.0513
1568478804182170,加速度计,0.4525,7.4011,7.7985,,,,,,,
1568478814201024,加速度计,-1.6759,8.5820,9.8306,,,,,,,
1568478814210451,陀螺仪,,,,,,,,-0.0012,0.0598,0.0025
1568478824219774,加速度计,-0.4758,9.5708,6.4602,,,,,,,
1568478834238524,加速度计,0.9906,6.4344,7.0874,,,,,,,
1568478834247951,陀螺仪,,,,,,,,-0.0008,0.0218,0.0045
1568478844257274,加速度计,0.0467,6.9127,5.1667,,,,,,,
1568478854276024,加速度计,0.3214,8.4330,5.7389,,,,,,,
1568478854286805,陀螺仪,,,,,,,,0.0029,0.0123,-0.0409
1568478864301284,加速度计,0.7057,8.3139,6.1250,,,,,,,
1568478874314201,加速度计,-0.2412,5.0350,8.1948,,,,,,,
1568478874320711,陀螺仪,,,,,,,,0.0025,-0.0035,-0.0565
1568478884327586,加速度计,0.0275,7.3604,4.0354,,,,,,,
1568478894354409,加速度计,0.8027,8.6712,2.9185,,,,,,,
1568478894368264,陀螺仪,,,,,,,,-0.0188,-0.0212,-0.0634
1568478904372795,加速度计,0.8236,6.9845,8.5024,,,,,,,
1568478914381961,加速度计,-0.2017,6.1908,12.4858,,,,,,,
1568478914386753,陀螺仪,,,,,,,,0.0055,-0.0020,-0.0730
1568478924391493,加速度计,-0.5501,8.0074,6.7229,,,,,,,
1568478934401805,加速度计,1.3324,7.4933,4.0139,,,,,,,
1568478934407534,陀螺仪,,,,,,,,0.0431,0.0003,-0.0153
1568478944413316,加速度计,1.6221,6.7576,5.6264,,,,,,,
1568478954426441,加速度计,-0.8230,6.5487,9.3817,,,,,,,
1568478954433784,陀螺仪,,,,,,,,0.0169,0.0141,-0.0534
1568478964441232,加速度计,0.2125,8.1301,5.9059,,,,,,,
1568478974457691,加速度计,-0.0730,7.1563,6.5188,,,,,,,
1568478974466701,陀螺仪,,,,,,,,0.0081,-0.0124,-0.0531
1568478984475816,加速度计,0.0054,5.9933,7.6602,,,,,,,
1568478994495607,加速度计,0.4896,7.4717,7.3251,,,,,,,
1568478994506284,陀螺仪,,,,,,,,0.0377,-0.0027,-0.0461
1568479004517066,加速度计,-0.2610,7.5770,6.3207,,,,,,,
1568479014539826,加速度计,0.0209,6.9438,5.7209,,,,,,,
1568479014551805,陀螺仪,,,,,,,,0.0357,0.0040,-0.0435
1568479024563836,加速度计,-0.8583,5.4546,7.4346,,,,,,,
1568479034588732,加速度计,0.1287,7.4370,4.7710,,,,,,,
1568479034601597,陀螺仪,,,,,,,,0.0394,-0.0035,-0.0158
1568479044614461,加速度计,-0.6632,8.1558,5.4809,,,,,,,
1568479054640659,加速度计,0.7518,7.5639,5.8891,,,,,,,
1568479054653836,陀螺仪,,,,,,,,-0.0188,-0.0119,-0.0301
1568479064666909,加速度计,-0.6375,6.4637,5.9580,,,,,,,
1568479074693159,加速度计,-1.1941,7.0054,9.6989,,,,,,,
1568479074703524,陀螺仪,,,,,,,,-0.0458,-0.0137,-0.0165
1568479084712847,加速度计,0.2975,7.6866,9.4577,,,,,,,
1568479094731597,加速度计,0.0323,7.5058,6.0867,,,,,,,
1568479094741024,陀螺仪,,,,,,,,0.0152,0.0000,0.0105
1568479104750347,加速度计,0.7488,5.9538,5.3911,,,,,,,
1568479114780243,陀螺仪,,,,,,,,-0.0478,-0.0165,-0.0165
1568479114772274,加速度计,-0.0072,7.3436,4.1785,,,,,,,
1568479124788107,加速度计,-0.2418,5.7239,10.7200,,,,,,,
1568479134803941,加速度计,-0.9110,8.1002,8.6904,,,,,,,
1568479134811909,陀螺仪,,,,,,,,-0.0043,-0.0242,-0.0284
1568479144819774,加速度计,-0.4214,6.6912,6.7403,,,,,,,
1568479154835659,加速度计,0.1293,6.3662,6.0082,,,,,,,
1568479154843836,陀螺仪,,,,,,,,0.0149,-0.0579,-0.0411
1568479164851961,加速度计,-0.5602,6.1956,5.8790,,,,,,,
1568479174868680,加速度计,-0.3615,6.3369,6.8959,,,,,,,
1568479174877274,陀螺仪,,,,,,,,0.0089,-0.0784,-0.0467
1568479184885816,加速度计,0.0617,8.1050,3.7104,,,,,,,
1568479194903368,加速度计,0.2227,6.6158,7.8039,,,,,,,
1568479194912378,陀螺仪,,,,,,,,-0.0851,-0.1221,-0.0611
1568479204921336,加速度计,-0.0425,6.2471,9.9407,,,,,,,
1568479214949149,陀螺仪,,,,,,,,-0.0248,-0.1019,-0.0802
1568479214939722,加速度计,-0.3705,6.6876,7.0832,,,,,,,
1568479224958524,加速度计,0.7913,6.9875,5.0883,,,,,,,
1568479234977743,加速度计,0.3651,5.6282,9.3158,,,,,,,
1568479234987586,陀螺仪,,,,,,,,-0.0646,-0.1225,-0.0836
1568479244997378,加速度计,-0.3801,7.3556,7.7159,,,,,,,
1568479255027691,陀螺仪,,,,,,,,-0.0140,-0.0963,-0.0266
1568479255017430,加速度计,1.6424,7.9314,6.6930,,,,,,,
1568479265037899,加速度计,0.3388,7.2467,6.4105,,,,,,,
1568479275069461,陀螺仪,,,,,,,,-0.0447,-0.0683,-0.0028
1568479275058784,加速度计,0.6560,7.1952,7.0533,,,,,,,
1568479285080034,加速度计,0.6093,6.7738,7.4609,,,,,,,
1568479295101284,加速度计,-0.2735,7.8063,4.5574,,,,,,,
1568479295111961,陀螺仪,,,,,,,,-0.0655,-0.0549,0.0268
1568479305122534,加速度计,0.5381,5.6437,7.9021,,,,,,,
1568479315143784,加速度计,1.3791,7.1263,7.7991,,,,,,,
1568479315154461,陀螺仪,,,,,,,,-0.0493,-0.0399,0.0344
1568479325165034,加速度计,-0.0192,5.8562,10.2041,,,,,,,
1568479335186076,加速度计,-0.3394,8.5742,4.9075,,,,,,,
1568479335195920,陀螺仪,,,,,,,,0.0517,-0.0088,0.0426
1568479345205607,加速度计,0.9954,7.0144,1.8651,,,,,,,
1568479355225555,加速度计,1.2480,7.4238,2.2200,,,,,,,
1568479355238316,陀螺仪,,,,,,,,-0.0629,-0.0244,0.0407
1568479365265243,加速度计,-0.7590,6.4236,8.8220,,,,,,,
1568479375259514,加速度计,0.9774,7.3831,9.1273,,,,,,,
1568479375257066,陀螺仪,,,,,,,,-0.0682,-0.0333,0.0519
1568479385254722,加速度计,0.9493,8.2552,9.4810,,,,,,,
1568479395251701,加速度计,0.3915,6.7499,7.2730,,,,,,,
1568479395251336,陀螺仪,,,,,,,,0.0056,-0.0222,0.0096
1568479405251284,加速度计,0.9505,6.2519,6.3123,,,,,,,
1568479415254253,加速度计,0.8045,8.2414,6.6505,,,,,,,
1568479415257430,陀螺仪,,,,,,,,0.0134,-0.0430,0.0005
1568479425261024,加速度计,0.6339,7.7363,9.3571,,,,,,,
1568479435271961,加速度计,1.1061,6.5721,6.7564,,,,,,,
1568479435279305,陀螺仪,,,,,,,,0.0569,-0.0137,-0.0069
1568479445287066,加速度计,1.2468,7.3376,4.6465,,,,,,,
1568479455306336,加速度计,-0.2586,7.2275,5.1571,,,,,,,
1568479455317847,陀螺仪,,,,,,,,0.0035,-0.0196,-0.0060
1568479465329722,加速度计,1.1863,6.2537,9.2290,,,,,,,
1568479475356805,加速度计,0.7254,8.2839,5.8796,,,,,,,
1568479475371857,陀螺仪,,,,,,,,0.0530,0.0165,0.0085
1568479485387170,加速度计,-0.6764,7.5669,3.7212,,,,,,,
1568479495420347,加速度计,0.8607,6.3135,7.0970,,,,,,,
1568479495437899,陀螺仪,,,,,,,,-0.0132,-0.0119,0.0230
1568479505455503,加速度计,-0.1083,6.2064,9.0591,,,,,,,
1568479515491857,加速度计,0.2334,8.5994,6.3907,,,,,,,
1568479515510451,陀螺仪,,,,,,,,0.0381,0.0104,0.0479
1568479525528941,加速度计,1.1199,8.4647,5.5510,,,,,,,
1568479535564045,加速度计,0.9906,5.6449,9.1794,,,,,,,
1568479535574722,陀螺仪,,,,,,,,0.0165,0.0141,0.0310
1568479545584982,加速度计,0.1502,7.7494,6.8863,,,,,,,
1568479555603732,加速度计,-0.8344,8.2534,6.2195,,,,,,,
1568479555613159,陀螺仪,,,,,,,,0.0358,0.0333,0.0569
1568479565622482,加速度计,0.8015,5.6473,5.5324,,,,,,,
1568479575641232,加速度计,0.9703,7.1216,3.6182,,,,,,,
1568479575650659,陀螺仪,,,,,,,,0.0024,0.0462,0.0643
1568479585659982,加速度计,-0.7015,6.4961,7.7387,,,,,,,
1568479595678732,加速度计,-0.1832,8.2307,9.8156,,,,,,,
1568479595688159,陀螺仪,,,,,,,,-0.0244,0.0337,0.0947
1568479605697951,加速度计,0.7853,7.0946,8.9669,,,,,,,
1568479615733107,加速度计,1.0050,5.6539,7.3334,,,,,,,
1568479615760243,陀螺仪,,,,,,,,0.0383,0.0684,0.0976
1568479625787586,加速度计,-0.5291,4.9237,6.2560,,,,,,,
1568479635456066,GPS,,,,31.9413,118.7888,4.4200,82.6000,,,
1568479635762639,加速度计,0.3909,7.0473,5.6144,,,,,,,
1568479635744930,陀螺仪,,,,,,,,0.0722,0.0730,0.1120
1568479645727378,加速度计,0.2388,7.6028,4.8447,,,,,,,
1568479655696024,加速度计,0.5746,7.5453,6.9192,,,,,,,
1568479655682847,陀螺仪,,,,,,,,0.0089,0.0655,0.0947
1568479665670295,加速度计,0.6291,7.2550,9.0830,,,,,,,
1568479675651857,加速度计,0.4190,7.3837,8.4916,,,,,,,
1568479675646441,陀螺仪,,,,,,,,0.0232,0.1000,0.1001
1568479685642014,加速度计,0.9990,6.5643,6.2165,,,,,,,
1568479695641649,加速度计,1.0546,6.7576,8.3510,,,,,,,
1568479695645711,陀螺仪,,,,,,,,-0.0071,0.1051,0.0991
1568479705650868,加速度计,0.4381,7.4418,11.6083,,,,,,,
1568479715669670,加速度计,0.4112,6.4793,11.3922,,,,,,,
1568479715683159,陀螺仪,,,,,,,,0.0929,0.1374,0.0956
1568479725697691,加速度计,0.6560,7.5974,4.6525,,,,,,,
1568479735734149,加速度计,1.1408,6.1375,4.9841,,,,,,,
1568479735755764,陀螺仪,,,,,,,,0.0820,0.1132,0.0527
1568479745778211,加速度计,1.6430,6.7451,4.9901,,,,,,,
1568479755828680,加速度计,-0.1921,7.8458,4.0169,,,,,,,
1568479755856076,陀螺仪,,,,,,,,0.0362,0.0992,-0.0366
1568479765883941,加速度计,0.1850,7.0479,2.6630,,,,,,,
1568479775942326,加速度计,1.4246,5.9586,5.9664,,,,,,,
1568479775972222,陀螺仪,,,,,,,,-0.0839,0.0405,-0.0815
1568479786002170,加速度计,-0.5986,5.6629,13.1585,,,,,,,
1568479796054878,加速度计,-0.0359,8.0601,6.8875,,,,,,,
1568479796068576,陀螺仪,,,,,,,,0.0356,0.0796,-0.0541
1568479806078107,加速度计,0.7991,8.0607,4.6394,,,,,,,
1568479816096909,加速度计,1.0852,6.0250,4.9518,,,,,,,
1568479816106336,陀螺仪,,,,,,,,-0.0545,0.0431,-0.0957
1568479826115659,加速度计,0.1095,5.3989,8.8939,,,,,,,
1568479836134409,加速度计,0.1030,8.5503,8.8400,,,,,,,
1568479836143836,陀螺仪,,,,,,,,-0.0165,0.0209,-0.1566
1568479846153159,加速度计,-0.3071,6.3931,10.9672,,,,,,,
1568479856171909,加速度计,0.1365,7.1670,6.5398,,,,,,,
1568479856182586,陀螺仪,,,,,,,,0.1028,0.0198,-0.1431
1568479866194097,加速度计,1.1516,7.7997,2.6300,,,,,,,
1568479876217899,陀螺仪,,,,,,,,0.0253,-0.0455,-0.2316
1568479876209930,加速度计,1.4006,7.7722,6.3339,,,,,,,
1568479886225764,加速度计,-0.4363,7.7590,8.9178,,,,,,,
1568479896241597,加速度计,0.4004,7.6980,6.1693,,,,,,,
1568479896249566,陀螺仪,,,,,,,,0.0474,-0.0573,-0.2490
1568479906257534,加速度计,0.2179,6.7301,6.5757,,,,,,,
1568479916282274,陀螺仪,,,,,,,,0.0470,-0.0780,-0.2153
1568479916273889,加速度计,-0.0162,6.9558,7.5848,,,,,,,
1568479926290659,加速度计,1.1235,6.5966,8.5126,,,,,,,
1568479936316649,陀螺仪,,,,,,,,0.1238,-0.0457,-0.2036
1568479936307847,加速度计,0.2861,8.9980,4.7465,,,,,,,
1568479946325451,加速度计,0.7697,8.4210,0.4914,,,,,,,
1568479956343472,加速度计,0.8930,6.6720,6.8516,,,,,,,
1568479956352691,陀螺仪,,,,,,,,-0.0543,-0.1158,-0.2297
1568479966361909,加速度计,-1.0241,6.2812,11.5598,,,,,,,
1568479976380764,加速度计,-1.0780,9.1261,6.3925,,,,,,,
1568479976390399,陀螺仪,,,,,,,,0.0501,-0.1032,-0.2060
1568479986400034,加速度计,0.6033,8.7388,2.2452,,,,,,,
1568479996419722,加速度计,0.7153,6.0220,6.2650,,,,,,,
1568479996429774,陀螺仪,,,,,,,,-0.0830,-0.1671,-0.2446
1568480006439826,加速度计,0.9260,7.1186,9.3368,,,,,,,
1568480016460347,加速度计,-0.3184,6.7026,11.3401,,,,,,,
1568480016470816,陀螺仪,,,,,,,,-0.0346,-0.1712,-0.2917
1568480026481284,加速度计,-0.1335,6.6032,6.8684,,,,,,,
1568480036502534,加速度计,0.6051,5.4289,5.6449,,,,,,,
1568480036513211,陀螺仪,,,,,,,,0.0181,-0.2123,-0.2900
1568480046523784,加速度计,0.8368,5.5324,6.8223,,,,,,,
1568480056545034,加速度计,0.3017,8.2301,4.9841,,,,,,,
1568480056555711,陀螺仪,,,,,,,,0.0482,-0.2513,-0.3374
1568480066566284,加速度计,0.2292,7.3999,7.3484,,,,,,,
1568480076587534,加速度计,0.5489,7.9583,5.9825,,,,,,,
1568480076598211,陀螺仪,,,,,,,,0.0182,-0.2710,-0.3400
1568480086608368,加速度计,0.1119,6.2614,8.5431,,,,,,,
1568480096637482,陀螺仪,,,,,,,,0.0322,-0.2401,-0.2664
1568480096627847,加速度计,0.6267,6.9587,6.6451,,,,,,,
1568480106648576,加速度计,0.4453,6.5876,6.0082,,,,,,,
1568480116684618,加速度计,0.7225,6.7552,7.1096,,,,,,,
1568480116681753,陀螺仪,,,,,,,,0.0172,-0.1997,-0.1808
1568480126678993,加速度计,0.5608,7.1335,5.0302,,,,,,,
1568480136674409,加速度计,-0.4148,7.2000,7.6004,,,,,,,
1568480136672795,陀螺仪,,,,,,,,-0.0103,-0.1585,-0.0788
1568480146671701,加速度计,0.6297,7.3155,7.8823,,,,,,,
1568480156671701,加速度计,-0.6967,7.1365,4.3922,,,,,,,
1568480156673003,陀螺仪,,,,,,,,-0.0137,-0.1104,0.0100
1568480166675139,加速度计,-0.3508,6.5152,7.6028,,,,,,,
1568480176682430,加速度计,-0.7655,7.5968,6.9809,,,,,,,
1568480176687691,陀螺仪,,,,,,,,-0.0250,-0.0844,0.0939
1568480186693889,加速度计,-1.0445,6.6661,7.5627,,,,,,,
1568480196709514,加速度计,-1.2540,7.8183,7.8320,,,,,,,
1568480196718941,陀螺仪,,,,,,,,-0.0405,-0.0791,0.1638
1568480206729305,加速度计,-0.6171,6.4739,9.6331,,,,,,,
1568480216753159,加速度计,-1.2713,6.7846,6.7780,,,,,,,
1568480216766545,陀螺仪,,,,,,,,0.0076,-0.0487,0.2056
1568480226780659,加速度计,-1.0606,7.2862,5.1757,,,,,,,
1568480236811389,加速度计,-0.5549,5.3241,7.9877,,,,,,,
1568480236827899,陀螺仪,,,,,,,,-0.0119,-0.0316,0.2510
1568480246844826,加速度计,-0.8128,8.4120,5.8442,,,,,,,
1568480256880139,加速度计,-0.8039,5.9466,6.1639,,,,,,,
1568480256898316,陀螺仪,,,,,,,,-0.0489,-0.0097,0.3013
1568480266916597,加速度计,-0.6578,7.0665,7.0407,,,,,,,
1568480276953680,加速度计,-0.6345,6.1070,6.8606,,,,,,,
1568480276972274,陀螺仪,,,,,,,,-0.0537,0.0085,0.3368
1568480286986805,加速度计,-0.3986,7.0090,7.2431,,,,,,,
1568480297007534,加速度计,-1.1606,6.7516,7.4484,,,,,,,
1568480297017170,陀螺仪,,,,,,,,-0.0434,0.0270,0.3591
1568480307026597,加速度计,0.7057,6.7816,7.7117,,,,,,,
1568480317045347,加速度计,0.0796,5.9526,9.0429,,,,,,,
1568480317054774,陀螺仪,,,,,,,,-0.0067,0.0430,0.3330
1568480327064097,加速度计,-0.2077,7.6405,4.2970,,,,,,,
1568480337082847,加速度计,0.0479,5.9628,6.4608,,,,,,,
1568480337092274,陀螺仪,,,,,,,,-0.0402,0.0193,0.2919
1568480347101597,加速度计,0.1856,7.4136,8.7418,,,,,,,
1568480357121284,加速度计,0.6195,7.1617,8.6622,,,,,,,
1568480357134722,陀螺仪,,,,,,,,0.0153,0.0088,0.2573
1568480367149409,加速度计,1.5125,7.8458,4.2341,,,,,,,
1568480377166545,加速度计,0.8440,7.2233,2.9802,,,,,,,
1568480377184149,陀螺仪,,,,,,,,-0.0240,-0.0141,0.1499
1568480387183264,加速度计,0.0946,5.9280,7.5770,,,,,,,
1568480397182222,加速度计,1.4204,7.6381,9.9814,,,,,,,
1568480397182170,陀螺仪,,,,,,,,-0.0125,-0.0505,0.1023
1568480407182326,加速度计,1.3378,8.6927,7.8368,,,,,,,
1568480417184305,加速度计,1.4940,6.0891,7.9811,,,,,,,
1568480417186232,陀螺仪,,,,,,,,0.0354,-0.0530,0.0213
1568480427188680,加速度计,0.7464,7.2933,5.9526,,,,,,,
1568480437195868,加速度计,1.4970,7.2449,5.4378,,,,,,,
1568480437200711,陀螺仪,,,,,,,,0.0631,-0.0758,-0.0188
1568480447206284,加速度计,1.6658,8.0200,1.4305,,,,,,,
1568480457220347,加速度计,1.7226,6.1585,5.6318,,,,,,,
1568480457228836,陀螺仪,,,,,,,,-0.0277,-0.0724,-0.0489
1568480467238159,加速度计,1.0953,7.1641,3.1687,,,,,,,
1568480477259409,加速度计,-0.0808,6.9001,8.5413,,,,,,,
1568480477271336,陀螺仪,,,,,,,,-0.1041,-0.0727,-0.0133
1568480487283993,加速度计,1.1426,7.8578,10.4854,,,,,,,
1568480497311597,加速度计,1.2318,6.8157,13.4099,,,,,,,
1568480497326441,陀螺仪,,,,,,,,-0.0027,-0.0407,0.0477
1568480507341805,加速度计,1.2941,7.6501,3.6601,,,,,,,
1568480517373889,加速度计,0.5902,6.4913,2.5642,,,,,,,
1568480517390503,陀螺仪,,,,,,,,-0.0099,-0.0214,0.0193
1568480527407326,加速度计,-0.3609,4.9273,7.1569,,,,,,,
1568480537441389,加速度计,0.0227,7.3634,5.7521,,,,,,,
1568480537458524,陀螺仪,,,,,,,,-0.0318,-0.0184,0.0944
1568480547475555,加速度计,1.3773,8.1259,5.8867,,,,,,,
1568480557500347,加速度计,1.1564,7.0012,7.0461,,,,,,,
1568480557510503,陀螺仪,,,,,,,,-0.0746,0.0087,0.0747
1568480567519826,加速度计,-0.5842,6.3488,12.8233,,,,,,,
1568480577538576,加速度计,-0.3316,8.1421,8.6197,,,,,,,
1568480577548420,陀螺仪,,,,,,,,0.0321,0.0506,0.1510
1568480587558576,加速度计,0.5010,8.2468,6.4596,,,,,,,
1568480597578159,加速度计,0.9469,5.9454,7.0940,,,,,,,
1568480597585295,陀螺仪,,,,,,,,0.0360,0.0599,0.1510
1568480607592326,加速度计,-0.1389,7.8153,7.2311,,,,,,,
1568480617606493,加速度计,-0.5046,7.4615,8.5611,,,,,,,
1568480617616024,陀螺仪,,,,,,,,0.0493,0.0627,0.1878
1568480627640711,加速度计,0.5872,8.9058,5.2188,,,,,,,
1568480638701014,GPS,,,,31.9413,118.7888,3.6300,85.2000,,,
1568480637652795,加速度计,-0.1742,5.8580,9.2482,,,,,,,
1568480637658889,陀螺仪,,,,,,,,0.0020,0.0473,0.2051
1568480647664878,加速度计,0.5357,5.5037,11.2569,,,,,,,
1568480657677378,加速度计,0.3508,7.2095,8.8556,,,,,,,
1568480657683889,陀螺仪,,,,,,,,0.1350,0.0939,0.2182
1568480667690295,加速度计,0.3490,8.4036,3.6045,,,,,,,
1568480677704045,加速度计,0.8469,6.5703,2.4660,,,,,,,
1568480677711389,陀螺仪,,,,,,,,0.0755,0.0827,0.1627
1568480687718628,加速度计,0.0275,7.9212,3.8253,,,,,,,
1568480697734461,加速度计,0.8894,7.0378,4.4400,,,,,,,
1568480697743055,陀螺仪,,,,,,,,-0.0461,0.0605,0.1461
1568480707751545,加速度计,0.5327,6.6846,6.3309,,,,,,,
1568480717769878,加速度计,-0.7889,5.1014,11.1055,,,,,,,
1568480717779722,陀螺仪,,,,,,,,-0.0654,0.0759,0.1751
1568480727789461,加速度计,0.5968,5.4450,11.5592,,,,,,,
1568480737810295,加速度计,1.2031,6.2914,8.7029,,,,,,,
1568480737821180,陀螺仪,,,,,,,,0.1258,0.1578,0.2369
1568480747831961,加速度计,1.0086,8.1588,1.2546,,,,,,,
1568480757854461,加速度计,2.7222,6.3482,3.5291,,,,,,,
1568480757866180,陀螺仪,,,,,,,,0.0213,0.1377,0.1891
1568480767877795,加速度计,0.6656,7.6866,7.2401,,,,,,,
1568480777901545,加速度计,0.3160,6.9821,10.5890,,,,,,,
1568480777913680,陀螺仪,,,,,,,,-0.0109,0.1715,0.1870
1568480787925711,加速度计,0.0054,6.1675,9.3434,,,,,,,
1568480797949878,加速度计,0.6464,5.2355,7.3466,,,,,,,
1568480797962014,陀螺仪,,,,,,,,0.0915,0.2101,0.2502
1568480807974045,加速度计,0.1784,7.0485,4.9901,,,,,,,
1568480817994461,加速度计,1.7837,6.9067,8.3983,,,,,,,
1568480818004097,陀螺仪,,,,,,,,0.1033,0.1634,0.1718
1568480828013628,加速度计,0.1981,9.1794,6.2525,,,,,,,
1568480838033211,加速度计,0.1101,5.3923,8.1307,,,,,,,
1568480838045711,陀螺仪,,,,,,,,0.1180,0.1637,0.0989
1568480848052534,加速度计,0.7344,8.4108,3.9630,,,,,,,
1568480858066284,加速度计,-0.4519,8.2055,7.6531,,,,,,,
1568480858073316,陀螺仪,,,,,,,,0.0676,0.1269,0.0664
1568480868080347,加速度计,0.2125,8.8077,6.9468,,,,,,,
1568480878094826,加速度计,1.1283,7.8446,6.2590,,,,,,,
1568480878102274,陀螺仪,,,,,,,,0.0489,0.1024,0.0441
1568480888109722,加速度计,0.6776,7.1431,2.3780,,,,,,,
1568480898125347,加速度计,-0.0144,8.0206,5.4570,,,,,,,
1568480898133524,陀螺仪,,,,,,,,-0.0345,0.0699,-0.0273
1568480908141805,加速度计,0.3849,7.7889,8.2468,,,,,,,
1568480918159097,加速度计,-0.0970,7.9763,10.9924,,,,,,,
1568480918168107,陀螺仪,,,,,,,,-0.0312,0.0483,-0.0415
1568480928177222,加速度计,-0.2658,9.5098,8.0756,,,,,,,
1568480938196180,加速度计,1.5389,6.2572,3.2597,,,,,,,
1568480938206024,陀螺仪,,,,,,,,-0.0064,0.0462,-0.0410
1568480948215972,加速度计,0.9559,6.8348,1.4766,,,,,,,
1568480958236597,加速度计,0.5632,5.1236,6.8313,,,,,,,
1568480958247274,陀螺仪,,,,,,,,-0.1005,-0.0197,-0.1545
1568480968258055,加速度计,-0.2185,6.5948,6.4769,,,,,,,
1568480978280034,加速度计,0.0760,6.1752,7.0659,,,,,,,
1568480978291232,陀螺仪,,,,,,,,-0.0744,-0.0506,-0.1625
1568480988302430,加速度计,-0.3298,6.8187,9.9515,,,,,,,
1568480998325243,加速度计,1.3515,6.0549,10.0215,,,,,,,
1568480998336753,陀螺仪,,,,,,,,0.0284,-0.0326,-0.1405
1568481008348159,加速度计,0.9379,8.8376,3.9193,,,,,,,
1568481018371076,加速度计,1.4946,6.5380,4.9572,,,,,,,
1568481018382170,陀螺仪,,,,,,,,-0.0204,-0.0545,-0.1814
1568481028392743,加速度计,0.2580,5.1541,7.5609,,,,,,,
1568481038412118,加速度计,0.8781,6.7989,11.2839,,,,,,,
1568481038421545,陀螺仪,,,,,,,,0.0240,-0.0405,-0.1217
1568481048430868,加速度计,0.4196,8.8837,7.0940,,,,,,,
1568481058449618,加速度计,0.7955,8.3396,4.5005,,,,,,,
1568481058459045,陀螺仪,,,,,,,,0.0534,0.0104,-0.0462
1568481068468368,加速度计,1.4623,6.0615,7.0707,,,,,,,
1568481078487118,加速度计,0.3112,7.9966,5.9771,,,,,,,
1568481078497795,陀螺仪,,,,,,,,-0.0120,0.0334,-0.0182
1568481088512534,加速度计,-0.2101,6.4242,10.9188,,,,,,,
1568481098530347,加速度计,0.0000,8.4282,3.7403,,,,,,,
1568481098531545,陀螺仪,,,,,,,,0.0333,0.0650,0.0442
1568481108532743,加速度计,0.0323,4.9255,3.9630,,,,,,,
1568481118536180,加速度计,0.9409,8.1475,4.7082,,,,,,,
1568481118538524,陀螺仪,,,,,,,,-0.0577,0.0387,0.0411
1568481128541180,加速度计,-1.6023,5.9855,13.6739,,,,,,,
1568481138548159,加速度计,-0.3867,9.0603,7.1826,,,,,,,
1568481138552586,陀螺仪,,,,,,,,0.0289,0.0679,0.0905
1568481148557534,加速度计,0.5022,7.0779,5.0739,,,,,,,
1568481158569722,加速度计,0.0563,7.2670,0.7889,,,,,,,
1568481158576961,陀螺仪,,,,,,,,-0.0618,0.0502,0.0332
1568481168584826,加速度计,-1.2085,5.0775,8.0589,,,,,,,
1568481178602847,加速度计,-0.1784,7.9487,11.8842,,,,,,,
1568481178613003,陀螺仪,,,,,,,,-0.0699,0.0336,0.0642
1568481188623784,加速度计,-0.3478,7.3729,10.3076,,,,,,,
1568481198647326,加速度计,-0.0736,7.6363,6.1351,,,,,,,
1568481198659982,陀螺仪,,,,,,,,0.0202,0.0466,0.0687
1568481208673055,加速度计,0.1443,5.5037,3.6075,,,,,,,
1568481218700868,加速度计,0.0880,5.7461,4.7615,,,,,,,
1568481218715399,陀螺仪,,,,,,,,-0.0459,-0.0003,0.0418
1568481228730139,加速度计,0.1353,5.4223,9.3631,,,,,,,
1568481238760347,加速度计,0.9295,7.1748,7.9404,,,,,,,
1568481238775711,陀螺仪,,,,,,,,0.0035,-0.0065,0.0407
1568481248791076,加速度计,-0.6165,6.3901,7.8105,,,,,,,
1568481258821909,加速度计,-0.3771,7.4693,3.7930,,,,,,,
1568481258835607,陀螺仪,,,,,,,,0.0144,0.0088,-0.0076
1568481268847430,加速度计,-1.4090,5.0661,5.6096,,,,,,,
1568481278867743,加速度计,-0.5261,6.1537,12.4804,,,,,,,
1568481278877274,陀螺仪,,,,,,,,-0.0370,-0.0559,0.0238
1568481288886597,加速度计,-1.1941,8.2456,11.9704,,,,,,,
1568481298905347,加速度计,1.0684,7.2359,7.0054,,,,,,,
1568481298914774,陀螺仪,,,,,,,,0.0690,-0.0470,0.0538
1568481308924097,加速度计,2.1231,6.2806,5.9891,,,,,,,
1568481318942847,加速度计,0.2227,6.9348,5.4043,,,,,,,
1568481318952274,陀螺仪,,,,,,,,0.0519,-0.0107,0.0202
1568481328961597,加速度计,0.7967,6.5721,5.7012,,,,,,,
1568481338983889,加速度计,0.5794,9.4014,3.6984,,,,,,,
1568481338994566,陀螺仪,,,,,,,,-0.0011,0.0003,0.0746
1568481349001389,加速度计,1.3659,6.1304,7.0024,,,,,,,
1568481359015139,加速度计,0.2280,6.8486,5.0398,,,,,,,
1568481359022222,陀螺仪,,,,,,,,-0.0430,0.0301,0.1076
1568481369029253,加速度计,0.3154,6.5613,7.3706,,,,,,,
1568481379043784,加速度计,2.6414,9.4858,2.3703,,,,,,,
1568481379051284,陀螺仪,,,,,,,,-0.0670,0.0309,0.1392
1568481389058732,加速度计,-0.5800,5.9280,12.7186,,,,,,,
1568481399074461,加速度计,-0.0341,8.4910,8.4671,,,,,,,
1568481399082743,陀螺仪,,,,,,,,0.0112,0.0750,0.1535
1568481409091024,加速度计,0.7177,6.8354,6.8055,,,,,,,
1568481419108420,加速度计,1.5281,8.0014,1.0720,,,,,,,
1568481419117534,陀螺仪,,,,,,,,0.0040,0.0679,0.1438
1568481429126649,加速度计,0.5740,5.3666,9.3140,,,,,,,
1568481439145711,加速度计,1.8429,7.3873,13.1250,,,,,,,
1568481439155659,陀螺仪,,,,,,,,0.0385,0.0526,0.1425
1568481449165607,加速度计,1.5107,8.3965,5.2325,,,,,,,
1568481459186336,加速度计,2.3583,6.7098,0.7159,,,,,,,
1568481459197118,陀螺仪,,,,,,,,0.0739,0.1123,0.0364
1568481469207899,加速度计,0.3352,6.4991,-1.0325,,,,,,,
1568481479229930,加速度计,-0.9768,6.2566,11.1109,,,,,,,
1568481479241180,陀螺仪,,,,,,,,-0.0992,0.0358,-0.0079
1568481489252378,加速度计,-0.0233,8.1906,11.5718,,,,,,,
1568481499274878,加速度计,1.5347,6.0292,4.4915,,,,,,,
1568481499286180,陀螺仪,,,,,,,,0.0123,0.0758,0.0437
1568481509297378,加速度计,1.1893,5.9245,1.3252,,,,,,,
1568481519319878,加速度计,0.4914,6.4051,9.5882,,,,,,,
1568481519331024,陀螺仪,,,,,,,,-0.0920,0.0091,-0.0354
1568481529342014,加速度计,1.1893,6.6702,15.6934,,,,,,,
1568481539361545,加速度计,0.7500,10.7661,8.0738,,,,,,,
1568481539371024,陀螺仪,,,,,,,,0.0884,0.0292,-0.0188
1568481549380347,加速度计,1.4126,6.1669,5.5025,,,,,,,
1568481559399097,加速度计,2.6420,6.1890,2.3331,,,,,,,
1568481559408524,陀螺仪,,,,,,,,0.0417,0.0063,-0.1461
1568481569417847,加速度计,-0.0575,8.9735,4.2389,,,,,,,
1568481579436597,加速度计,-1.7298,8.4096,8.0858,,,,,,,
1568481579446180,陀螺仪,,,,,,,,-0.1233,-0.0835,-0.1772
1568481589456805,加速度计,0.2789,4.7896,14.8273,,,,,,,
1568481599475555,加速度计,1.7903,7.6561,6.3518,,,,,,,
1568481599484982,陀螺仪,,,,,,,,0.0213,-0.0626,-0.1415
1568481609494305,加速度计,1.2079,6.0723,5.1493,,,,,,,
1568481619513055,加速度计,0.7584,6.6379,3.7433,,,,,,,
1568481619524149,陀螺仪,,,,,,,,-0.0238,-0.0802,-0.2097
1568481641280909,GPS,,,,31.9413,118.7888,3.6300,83.6000,,,
1568481629536128,加速度计,-1.3348,6.2405,7.2478,,,,,,,
1568481639549878,加速度计,0.8475,6.4428,6.0567,,,,,,,
1568481639556805,陀螺仪,,,,,,,,-0.0348,-0.1146,-0.1362
1568481649563732,加速度计,-0.4381,5.5611,5.9436,,,,,,,
1568481659578003,加速度计,0.4501,7.8452,9.3069,,,,,,,
1568481659585347,陀螺仪,,,,,,,,-0.0304,-0.1228,-0.0634
1568481669592691,加速度计,0.1550,8.2528,11.0331,,,,,,,
1568481679615868,陀螺仪,,,,,,,,0.0485,-0.0361,-0.0132
1568481679607899,加速度计,0.7697,9.3230,2.4768,,,,,,,
1568481689623941,加速度计,0.4345,7.1449,3.1226,,,,,,,
1568481699640816,加速度计,-0.7566,5.4588,5.3684,,,,,,,
1568481699649618,陀螺仪,,,,,,,,-0.1296,-0.0735,0.0690
1568481709658524,加速度计,1.4449,4.5795,16.7630,,,,,,,
1568481719677066,加速度计,0.1568,9.7803,7.2526,,,,,,,
1568481719686701,陀螺仪,,,,,,,,0.0771,0.0691,0.2124
1568481729696441,加速度计,0.8320,6.2327,3.3752,,,,,,,
1568481739716649,加速度计,1.4186,6.0065,6.8594,,,,,,,
1568481739727118,陀螺仪,,,,,,,,0.0105,0.0752,0.2244
1568481749737691,加速度计,0.7566,7.1599,11.4287,,,,,,,
1568481759759461,加速度计,0.8673,7.9877,6.8666,,,,,,,
1568481759770555,陀螺仪,,,,,,,,0.1101,0.1810,0.2883
1568481769781649,加速度计,0.4292,6.9432,0.3346,,,,,,,
1568481779804253,加速度计,-1.4234,4.5466,6.6667,,,,,,,
1568481779815764,陀螺仪,,,,,,,,-0.0380,0.1819,0.3380
1568481789827170,加速度计,-0.3077,4.6501,8.6263,,,,,,,
1568481799850086,加速度计,1.2755,9.7815,6.0124,,,,,,,
1568481799861597,陀螺仪,,,,,,,,0.0378,0.2005,0.4113
1568481809872586,加速度计,0.9391,8.9926,3.7798,,,,,,,
1568481819893211,加速度计,-1.3144,3.4638,11.2432,,,,,,,
1568481819902639,陀螺仪,,,,,,,,-0.0465,0.2507,0.3633
1568481829911961,加速度计,-0.8912,6.4817,9.5774,,,,,,,
1568481839934670,加速度计,0.0144,8.9812,3.9965,,,,,,,
1568481839942430,陀螺仪,,,,,,,,0.0362,0.2770,0.4254
1568481849950086,加速度计,-0.6315,7.9272,5.4037,,,,,,,
1568481859965503,加速度计,-0.0012,5.8029,13.7002,,,,,,,
1568481859973264,陀螺仪,,,,,,,,-0.0184,0.2602,0.4087
1568481869980920,加速度计,-0.2652,7.4645,12.4726,,,,,,,
1568481879996753,加速度计,-0.4681,9.6013,3.3980,,,,,,,
1568481880004930,陀螺仪,,,,,,,,0.1389,0.3003,0.4101
1568481890013003,加速度计,1.5574,7.3191,3.1741,,,,,,,
1568481900029670,加速度计,1.8477,4.1138,10.7625,,,,,,,
1568481900038264,陀螺仪,,,,,,,,0.0874,0.2835,0.3079
1568481910046753,加速度计,0.7320,8.4761,1.2803,,,,,,,
1568481920064253,加速度计,-0.2460,8.6305,4.9752,,,,,,,
1568481920073264,陀螺仪,,,,,,,,0.0626,0.2431,0.2099
1568481930082170,加速度计,1.0151,5.1332,4.9542,,,,,,,
1568481940100920,加速度计,0.4663,6.9887,13.9378,,,,,,,
1568481940110555,陀螺仪,,,,,,,,0.0667,0.2441,0.1871
1568481950120086,加速度计,-0.2891,10.3513,7.8697,,,,,,,
1568481960139670,加速度计,1.1319,9.0866,1.5838,,,,,,,
1568481960149722,陀螺仪,,,,,,,,0.0660,0.2602,0.1945
1568481970159670,加速度计,1.6604,3.3627,6.2818,,,,,,,
1568481980180086,加速度计,1.0798,7.2089,2.9042,,,,,,,
1568481980190555,陀螺仪,,,,,,,,0.0116,0.2699,0.1091
1568481990200920,加速度计,-0.2622,6.7205,7.0958,,,,,,,
1568482000222170,加速度计,0.3460,7.4178,10.5764,,,,,,,
1568482000233055,陀螺仪,,,,,,,,0.0096,0.2135,0.0664
1568482010243836,加速度计,-0.4860,5.5109,11.1474,,,,,,,
1568482020265503,加速度计,2.8305,8.6251,3.3926,,,,,,,
1568482020276389,陀螺仪,,,,,,,,0.1414,0.2029,-0.0284
1568482030287170,加速度计,3.1083,9.7659,-2.1566,,,,,,,
1568482040308836,加速度计,1.0672,7.0000,5.0170,,,,,,,
1568482040319514,陀螺仪,,,,,,,,-0.1160,0.0723,-0.2961
1568482050330086,加速度计,1.3455,4.5113,16.5092,,,,,,,
1568482060349253,加速度计,-1.3384,7.8721,11.2510,,,,,,,
1568482060358680,陀螺仪,,,,,,,,0.0601,0.0293,-0.3686
1568482070368003,加速度计,1.0672,7.9691,5.0548,,,,,,,
1568482080396753,陀螺仪,,,,,,,,0.0419,-0.0305,-0.4526
1568482080389618,加速度计,4.7351,7.7345,0.6949,,,,,,,
1568482090412534,加速度计,1.0630,4.5053,8.4934,,,,,,,
1568482100425034,加速度计,0.5896,7.6399,10.8691,,,,,,,
1568482100431336,陀螺仪,,,,,,,,0.0535,-0.0767,-0.5392
1568482110437534,加速度计,0.9385,7.3825,7.9871,,,,,,,
1568482120450451,加速度计,1.8645,8.3097,3.0179,,,,,,,
1568482120457170,陀螺仪,,,,,,,,0.0893,-0.0783,-0.5177
1568482130463784,加速度计,1.0014,6.4159,4.5562,,,,,,,
1568482140477951,加速度计,0.1676,7.7985,6.2680,,,,,,,
1568482140485503,陀螺仪,,,,,,,,-0.0186,-0.1049,-0.5056
1568482150492951,加速度计,1.1259,9.2680,3.8720,,,,,,,
1568482160509201,加速度计,0.7117,4.1342,10.2556,,,,,,,
1568482160518003,陀螺仪,,,,,,,,-0.1244,-0.1047,-0.4736
1568482170526701,加速度计,-1.5832,6.4602,8.7418,,,,,,,
1568482180545451,加速度计,-1.0110,6.1501,8.3486,,,,,,,
1568482180555503,陀螺仪,,,,,,,,-0.0328,-0.0471,-0.3095
1568482190565451,加速度计,0.2634,7.9763,4.0785,,,,,,,
1568482200586284,加速度计,-1.2103,4.9452,7.0958,,,,,,,
1568482200597170,陀螺仪,,,,,,,,-0.0796,-0.0770,-0.2324
1568482210607951,加速度计,1.3515,6.1369,7.5280,,,,,,,
1568482220630451,加速度计,-1.0145,7.7315,9.5577,,,,,,,
1568482220641961,陀螺仪,,,,,,,,-0.0031,-0.0727,-0.2377
1568482230653368,加速度计,-0.7506,8.7963,5.6174,,,,,,,
1568482240676701,加速度计,-1.7460,7.3394,7.4723,,,,,,,
1568482240688420,陀螺仪,,,,,,,,-0.0218,-0.0838,-0.2184
1568482250700034,加速度计,-1.5209,7.3017,7.4520,,,,,,,
1568482260723368,加速度计,-0.9888,6.5697,5.1559,,,,,,,
1568482260735086,陀螺仪,,,,,,,,-0.0162,-0.1197,-0.1585
1568482270746701,加速度计,-0.7799,5.5324,6.3883,,,,,,,
1568482280767118,加速度计,0.4998,7.2736,7.5770,,,,,,,
1568482280776545,陀螺仪,,,,,,,,-0.0376,-0.1166,-0.1023
1568482290785868,加速度计,-0.7931,5.8616,9.3721,,,,,,,
1568482300804618,加速度计,-0.3968,9.0291,5.0446,,,,,,,
1568482300822639,陀螺仪,,,,,,,,0.0001,-0.0882,-0.0541
1568482310828003,加速度计,-0.2454,5.6880,8.3336,,,,,,,
1568482320838836,加速度计,0.4687,5.2098,5.2846,,,,,,,
1568482320844305,陀螺仪,,,,,,,,0.0165,-0.0676,-0.0079
1568482330849878,加速度计,-0.3023,8.8615,5.2463,,,,,,,
1568482340866284,加速度计,0.6901,6.8696,12.4361,,,,,,,
1568482340880086,陀螺仪,,,,,,,,-0.0099,-0.0720,0.0113
1568482350893784,加速度计,-0.1131,7.4041,7.6890,,,,,,,
1568482360918784,加速度计,-1.4234,6.9599,7.7357,,,,,,,
1568482360928420,陀螺仪,,,,,,,,0.0767,-0.0405,0.0758
1568482370937951,加速度计,1.9782,8.6030,3.2010,,,,,,,
1568482380957118,加速度计,0.7679,5.1655,6.6242,,,,,,,
1568482380966545,陀螺仪,,,,,,,,0.0296,-0.0354,0.0509
1568482390975868,加速度计,0.6291,9.5870,1.2719,,,,,,,
1568482400994618,加速度计,-0.4238,3.9941,10.9218,,,,,,,
1568482401004045,陀螺仪,,,,,,,,-0.0545,-0.0579,0.0599
1568482411013368,加速度计,-0.0162,8.1576,5.2134,,,,,,,
1568482421032118,加速度计,1.2743,5.9059,8.2893,,,,,,,
1568482421041545,陀螺仪,,,,,,,,-0.0149,-0.0501,0.0872
1568482431050868,加速度计,0.6440,7.7602,5.6814,,,,,,,
1568482441069618,加速度计,-0.5106,5.9089,8.6107,,,,,,,
1568482441079045,陀螺仪,,,,,,,,0.0162,-0.0353,0.0541
1568482451088368,加速度计,0.9451,8.2600,5.4283,,,,,,,
1568482461107118,加速度计,0.9547,7.4747,4.8351,,,,,,,
1568482461116545,陀螺仪,,,,,,,,-0.0060,-0.0570,0.0101
1568482471125868,加速度计,-0.2538,5.9819,6.4949,,,,,,,
1568482481144618,加速度计,1.1468,6.0388,4.3790,,,,,,,
1568482481154045,陀螺仪,,,,,,,,-0.0059,-0.0639,-0.0015
1568482491163368,加速度计,1.9339,9.3200,4.2868,,,,,,,
1568482501182118,加速度计,0.5668,5.3678,13.2136,,,,,,,
1568482501191545,陀螺仪,,,,,,,,-0.0522,-0.0683,-0.0302
1568482511200868,加速度计,1.2929,8.6604,7.7375,,,,,,,
1568482521219618,加速度计,0.9691,6.7229,6.4608,,,,,,,
1568482521229045,陀螺仪,,,,,,,,0.0272,-0.0462,-0.0447
1568482531238368,加速度计,1.1678,8.1900,4.6076,,,,,,,
1568482541257118,加速度计,0.5716,5.2194,7.0527,,,,,,,
1568482541266545,陀螺仪,,,,,,,,-0.0333,-0.0770,-0.0593
1568482551275868,加速度计,1.5233,7.1688,8.4994,,,,,,,
1568482561294618,加速度计,0.4591,9.0788,4.5113,,,,,,,
1568482561304045,陀螺仪,,,,,,,,-0.0276,-0.0684,-0.0555
1568482571313368,加速度计,1.3108,6.3027,9.4840,,,,,,,
1568482581332118,加速度计,1.4347,6.4368,7.1335,,,,,,,
1568482581341753,陀螺仪,,,,,,,,-0.0049,-0.0357,-0.0511
1568482591352951,加速度计,-0.0820,8.2845,4.8159,,,,,,,
1568482601374982,加速度计,0.5848,5.5791,5.6395,,,,,,,
1568482601384409,陀螺仪,,,,,,,,-0.0316,-0.0209,-0.0113
1568482611393732,加速度计,-0.6399,7.3951,4.7573,,,,,,,
1568482621413628,加速度计,1.3138,7.0527,11.1360,,,,,,,
1568482621434409,陀螺仪,,,,,,,,-0.0668,-0.0123,0.0513
1568482635212315,GPS,,,,31.9413,118.7889,3.3800,83.7000,,,
1568482631442847,加速度计,0.4950,8.5629,6.2602,,,,,,,
1568482641444253,加速度计,-0.3980,8.1636,7.4124,,,,,,,
1568482641445139,陀螺仪,,,,,,,,-0.0714,0.0414,0.0696
1568482651446389,加速度计,-0.2753,5.3834,9.2919,,,,,,,
1568482661452274,陀螺仪,,,,,,,,-0.0245,0.0759,0.1780
1568482661449930,加速度计,-0.9942,6.8803,7.1132,,,,,,,
1568482671455451,加速度计,-0.5890,7.6602,5.9646,,,,,,,
1568482681463472,加速度计,0.8900,7.5154,4.3293,,,,,,,
1568482681468316,陀螺仪,,,,,,,,-0.0471,0.0859,0.2277
1568482691474149,加速度计,-0.5507,4.1976,8.4408,,,,,,,
1568482701487743,加速度计,0.1454,7.1922,9.3709,,,,,,,
1568482701495503,陀螺仪,,,,,,,,-0.0081,0.1229,0.2509
1568482711504253,加速度计,-1.0331,8.1205,7.0330,,,,,,,
1568482721523680,加速度计,0.4603,6.0406,7.0156,,,,,,,
1568482721534357,陀螺仪,,,,,,,,0.0124,0.1559,0.3093
1568482731546024,加速度计,0.6458,5.7946,8.4432,,,,,,,
1568482741584514,陀螺仪,,,,,,,,0.0736,0.2145,0.3224
1568482741571128,加速度计,-0.6452,6.9133,6.3608,,,,,,,
1568482751598576,加速度计,0.6841,9.0902,5.6940,,,,,,,
1568482761627951,加速度计,-0.3962,5.8227,6.0914,,,,,,,
1568482761643211,陀螺仪,,,,,,,,0.0221,0.2213,0.3449
1568482771658836,加速度计,1.2971,6.3644,5.3528,,,,,,,
1568482781690659,加速度计,-0.9278,6.4380,9.0112,,,,,,,
1568482781706753,陀螺仪,,,,,,,,0.0052,0.2396,0.3329
1568482791722743,加速度计,0.2783,7.5770,6.6912,,,,,,,
1568482801751701,加速度计,-0.8440,7.0707,4.9147,,,,,,,
1568482801763628,陀螺仪,,,,,,,,0.0172,0.2573,0.3165
1568482811773732,加速度计,0.8368,6.6283,5.2888,,,,,,,
1568482821792743,加速度计,0.5932,4.2892,8.7981,,,,,,,
1568482821802170,陀螺仪,,,,,,,,-0.0174,0.2346,0.2646
1568482831811493,加速度计,0.8481,8.5671,6.9007,,,,,,,
1568482841833941,加速度计,-0.0706,6.9444,7.7662,,,,,,,
1568482841841701,陀螺仪,,,,,,,,-0.0277,0.2198,0.1792
1568482851849357,加速度计,0.7470,6.3883,11.1995,,,,,,,
1568482861864774,加速度计,0.6883,7.2909,5.4528,,,,,,,
1568482861872534,陀螺仪,,,,,,,,0.0594,0.2182,0.1174
1568482871880243,加速度计,1.4856,7.4322,4.0959,,,,,,,
1568482881896128,加速度计,1.6586,5.4755,11.0708,,,,,,,
1568482881904305,陀螺仪,,,,,,,,0.0282,0.1553,0.0152
1568482891912430,加速度计,0.7901,7.3921,9.1453,,,,,,,
1568482901929149,加速度计,2.0375,8.3731,4.0995,,,,,,,
1568482901937743,陀螺仪,,,,,,,,0.1182,0.1542,-0.0686
1568482911946284,加速度计,1.7573,8.4994,3.1885,,,,,,,
1568482921963836,加速度计,0.8559,5.8742,6.5655,,,,,,,
1568482921972847,陀螺仪,,,,,,,,-0.0108,0.0708,-0.1933
1568482931981857,加速度计,1.8034,6.2800,8.0439,,,,,,,
1568482942000659,加速度计,0.3807,9.2979,6.0561,,,,,,,
1568482942010295,陀螺仪,,,,,,,,0.0417,0.0381,-0.2710
1568482952019878,加速度计,1.0080,5.9077,6.9743,,,,,,,
1568482962039514,加速度计,0.7488,5.0883,5.7910,,,,,,,
1568482962049566,陀螺仪,,,,,,,,0.0403,0.0209,-0.3224
1568482972059566,加速度计,-1.0822,10.2861,6.8480,,,,,,,
1568482982080034,加速度计,1.2588,6.8893,8.9178,,,,,,,
1568482982090503,陀螺仪,,,,,,,,0.0305,-0.0257,-0.3402
1568482992100920,加速度计,0.7853,9.0255,4.6950,,,,,,,
1568483002122222,加速度计,0.0976,7.3957,3.6152,,,,,,,
1568483002133107,陀螺仪,,,,,,,,-0.0300,-0.0743,-0.4039
1568483012143889,加速度计,0.9110,6.3548,8.0583,,,,,,,
1568483022165555,加速度计,0.4369,6.7463,9.8408,,,,,,,
1568483022176441,陀螺仪,,,,,,,,0.0007,-0.0860,-0.4103
1568483032187222,加速度计,0.3112,8.4174,4.1893,,,,,,,
1568483042208836,加速度计,-0.4741,7.2987,2.8114,,,,,,,
1568483042219514,陀螺仪,,,,,,,,-0.0277,-0.1148,-0.3908
1568483052229774,加速度计,1.0205,6.6607,5.3247,,,,,,,
1568483062248524,加速度计,0.3525,7.7812,8.6012,,,,,,,
1568483062257951,陀螺仪,,,,,,,,-0.0651,-0.1503,-0.4099
1568483072267274,加速度计,-0.1137,7.6351,7.0360,,,,,,,
1568483082286336,加速度计,0.5854,6.3285,7.5316,,,,,,,
1568483082297014,陀螺仪,,,,,,,,-0.0224,-0.1333,-0.3514
1568483092311389,加速度计,-0.1502,7.5794,4.6974,,,,,,,
1568483102323889,加速度计,0.2765,6.1854,11.4084,,,,,,,
1568483102330191,陀螺仪,,,,,,,,-0.0312,-0.1332,-0.3108
1568483112336441,加速度计,-0.3968,7.3706,8.5635,,,,,,,
1568483122349409,加速度计,-0.5752,6.3710,5.2074,,,,,,,
1568483122356128,陀螺仪,,,,,,,,0.0561,-0.1132,-0.2443
1568483132362847,加速度计,0.4334,8.7730,3.2477,,,,,,,
1568483142377118,加速度计,-0.2143,4.9823,9.1051,,,,,,,
1568483142384670,陀螺仪,,,,,,,,-0.0160,-0.1380,-0.2377
1568483152392274,加速度计,0.2472,8.7825,6.0442,,,,,,,
1568483162408680,加速度计,-1.3497,7.7752,5.9873,,,,,,,
1568483162417482,陀螺仪,,,,,,,,-0.0302,-0.1330,-0.1931
1568483172426336,加速度计,0.3633,7.4813,5.7652,,,,,,,
1568483182445243,加速度计,-0.1592,5.9089,11.0002,,,,,,,
1568483182455295,陀螺仪,,,,,,,,-0.0589,-0.1146,-0.1075
1568483192465347,加速度计,0.0269,7.9033,9.5876,,,,,,,
1568483202486284,加速度计,0.2687,5.6796,8.4659,,,,,,,
1568483202497170,陀螺仪,,,,,,,,0.0357,-0.0501,-0.0385
1568483212508055,加速度计,0.2741,7.1377,3.3591,,,,,,,
1568483222530607,加速度计,-0.4058,5.4259,5.4630,,,,,,,
1568483222542118,陀螺仪,,,,,,,,-0.0071,-0.0575,-0.0284
1568483232553576,加速度计,0.0066,8.0912,7.8793,,,,,,,
1568483242576909,加速度计,-0.4411,7.2808,9.1500,,,,,,,
1568483242588628,陀螺仪,,,,,,,,0.0157,-0.0364,-0.0021
1568483252600243,加速度计,-0.2711,9.5804,3.1783,,,,,,,
1568483262623576,加速度计,-1.1289,4.7800,8.6886,,,,,,,
1568483262635295,陀螺仪,,,,,,,,-0.0538,-0.0585,0.0217
1568483272646545,加速度计,-0.0329,7.2173,6.9372,,,,,,,
1568483282666753,加速度计,-0.6955,6.7145,7.0066,,,,,,,
1568483282676180,陀螺仪,,,,,,,,-0.0125,-0.0443,0.0391
1568483292685503,加速度计,-0.4094,8.5120,4.2826,,,,,,,
1568483302704253,加速度计,0.2215,3.8098,11.0439,,,,,,,
1568483302713680,陀螺仪,,,,,,,,-0.0250,-0.0652,0.0376
1568483312723003,加速度计,-0.2705,7.7267,7.5058,,,,,,,
1568483322741753,加速度计,-1.3312,6.6481,6.3758,,,,,,,
1568483322751180,陀螺仪,,,,,,,,0.0346,-0.0553,0.0289
1568483332760607,加速度计,-0.0509,7.1976,5.7126,,,,,,,
1568483342781232,加速度计,-0.0634,5.9442,6.5254,,,,,,,
1568483342790451,陀螺仪,,,,,,,,0.0115,-0.0838,0.0083
1568483352799566,加速度计,-1.3390,5.8065,7.4789,,,,,,,
1568483362817899,加速度计,-0.9685,7.1904,8.9501,,,,,,,
1568483362827118,陀螺仪,,,,,,,,0.0387,-0.1101,0.0405
1568483372836232,加速度计,1.0319,7.4939,8.7155,,,,,,,
1568483382854566,加速度计,0.0120,8.6365,3.8972,,,,,,,
1568483382863784,陀螺仪,,,,,,,,0.0591,-0.0923,0.0252
1568483392872899,加速度计,0.9978,6.7606,5.6084,,,,,,,
1568483402891232,加速度计,0.3184,5.8227,8.6030,,,,,,,
1568483402900451,陀螺仪,,,,,,,,0.0169,-0.0856,0.0150
1568483412909566,加速度计,-0.0820,7.7063,7.1168,,,,,,,
1568483422927899,加速度计,0.1077,6.9240,5.3528,,,,,,,
1568483422937118,陀螺仪,,,,,,,,0.0581,-0.0710,0.0378
1568483432946232,加速度计,0.5944,7.8380,0.3112,,,,,,,
1568483442964566,加速度计,1.0355,5.1086,8.5748,,,,,,,
1568483442973784,陀螺仪,,,,,,,,-0.0581,-0.1188,-0.0043
1568483452982899,加速度计,0.0221,8.8041,9.8348,,,,,,,
1568483463001232,加速度计,-0.1389,8.2097,8.3348,,,,,,,
1568483463010451,陀螺仪,,,,,,,,0.0281,-0.1055,-0.0036
1568483473019566,加速度计,0.4782,9.4774,3.8199,,,,,,,
1568483483037899,加速度计,1.1690,5.1828,4.6029,,,,,,,
1568483483047118,陀螺仪,,,,,,,,-0.0433,-0.1284,-0.0232
1568483493056232,加速度计,1.2773,6.1136,8.1433,,,,,,,
1568483503074670,加速度计,-0.0204,8.0170,10.1532,,,,,,,
1568483503084097,陀螺仪,,,,,,,,-0.0113,-0.1298,-0.0334
1568483513093524,加速度计,0.9714,8.2971,7.3664,,,,,,,
1568483523112691,加速度计,2.7695,6.6206,6.3147,,,,,,,
1568483523122326,陀螺仪,,,,,,,,0.0305,-0.1125,-0.0381
1568483533131857,加速度计,0.1814,6.5457,5.0290,,,,,,,
1568483543151024,加速度计,1.2031,7.6453,3.3046,,,,,,,
1568483543160659,陀螺仪,,,,,,,,-0.0081,-0.1007,-0.0340
1568483553170191,加速度计,1.4826,7.4663,8.8998,,,,,,,
1568483563189357,加速度计,0.4878,6.9354,8.3857,,,,,,,
1568483563198993,陀螺仪,,,,,,,,-0.0253,-0.0652,-0.0068
1568483573208524,加速度计,0.8853,7.2790,6.7445,,,,,,,
1568483583228628,加速度计,0.4471,7.4436,6.2453,,,,,,,
1568483583240139,陀螺仪,,,,,,,,-0.0226,-0.0595,0.0324
1568483593262691,加速度计,1.4467,6.2519,7.2508,,,,,,,
1568483603273524,加速度计,0.6446,6.1740,7.2305,,,,,,,
1568483603278993,陀螺仪,,,,,,,,-0.0029,-0.0337,0.0413
1568483613284409,加速度计,0.2358,7.6046,5.3175,,,,,,,
1568483623296024,加速度计,0.0180,6.4350,9.1584,,,,,,,
1568483637243669,GPS,,,,31.9414,118.7889,3.5200,85.1000,,,
1568483623306389,陀螺仪,,,,,,,,-0.0224,-0.0535,0.0461
1568483633317795,加速度计,1.2450,7.5352,9.0249,,,,,,,
1568483643340711,加速度计,-0.2502,8.4384,7.1790,,,,,,,
1568483643352222,陀螺仪,,,,,,,,0.0233,-0.0305,0.0266
1568483653363628,加速度计,0.0359,7.8865,7.3472,,,,,,,
1568483663386545,加速度计,-0.3226,5.8149,5.8496,,,,,,,
1568483663397326,陀螺仪,,,,,,,,0.0162,-0.0354,0.0306
1568483673407274,加速度计,-0.8332,7.3215,4.9973,,,,,,,
1568483683426649,加速度计,-0.7153,6.9911,3.5267,,,,,,,
1568483683436284,陀螺仪,,,,,,,,-0.0300,-0.0607,0.0555
1568483693445816,加速度计,0.0341,5.6491,5.2098,,,,,,,
1568483703464670,加速度计,-0.1137,6.0837,8.2570,,,,,,,
1568483703474097,陀螺仪,,,,,,,,-0.0736,-0.0939,0.0613
1568483713483420,加速度计,-0.0850,6.4500,13.0388,,,,,,,
1568483723502170,加速度计,-0.2789,7.8961,11.5556,,,,,,,
1568483723511597,陀螺仪,,,,,,,,0.0961,-0.0469,0.1222
1568483733520920,加速度计,1.1911,9.7887,6.5068,,,,,,,
1568483743539670,加速度计,0.1718,7.6447,6.2435,,,,,,,
1568483743549097,陀螺仪,,,,,,,,0.0940,-0.0140,0.1116
1568483753558420,加速度计,-1.2773,7.8410,1.0798,,,,,,,
1568483763577170,加速度计,-0.2664,4.5651,4.0031,,,,,,,
1568483763586597,陀螺仪,,,,,,,,-0.0134,-0.0382,0.1779
1568483773595920,加速度计,0.2939,7.5022,5.1661,,,,,,,
1568483783618420,加速度计,-0.9295,5.0476,10.8511,,,,,,,
1568483783632691,陀螺仪,,,,,,,,-0.0438,-0.0077,0.2348
1568483793638889,加速度计,0.0066,8.5826,6.6397,,,,,,,
1568483803651389,加速度计,1.3701,5.9424,7.9332,,,,,,,
1568483803657691,陀螺仪,,,,,,,,-0.0184,0.0668,0.2948
1568483813664097,加速度计,1.1390,6.0603,5.7335,,,,,,,
1568483823677222,加速度计,-1.6514,5.3834,11.1169,,,,,,,
1568483823683941,陀螺仪,,,,,,,,-0.0178,0.1146,0.3481
1568483833690972,加速度计,1.1827,8.7616,7.6237,,,,,,,
1568483843705555,加速度计,0.6668,5.3486,7.0605,,,,,,,
1568483843713107,陀螺仪,,,,,,,,0.0308,0.1510,0.4061
1568483853721180,加速度计,0.6955,6.4590,7.2502,,,,,,,
1568483863738055,加速度计,-0.2915,6.2848,9.8910,,,,,,,
1568483863746857,陀螺仪,,,,,,,,0.0630,0.1878,0.3755
1568483873759722,加速度计,0.0862,8.0248,5.6868,,,,,,,
1568483883803524,加速度计,1.4186,6.9893,7.5980,,,,,,,
1568483883816128,陀螺仪,,,,,,,,0.0686,0.1866,0.3827
1568483893825659,加速度计,-0.1305,6.6637,8.8047,,,,,,,
1568483903844826,加速度计,0.6494,7.8141,5.8784,,,,,,,
1568483903854409,陀螺仪,,,,,,,,0.1241,0.2144,0.3310
1568483913863732,加速度计,0.9912,8.5329,1.6322,,,,,,,
1568483923882482,加速度计,0.8727,6.9234,5.4684,,,,,,,
1568483923891909,陀螺仪,,,,,,,,-0.0023,0.1559,0.2477
1568483933901232,加速度计,0.2083,6.8558,7.0449,,,,,,,
1568483943919982,加速度计,0.2167,8.0176,6.9145,,,,,,,
1568483943929409,陀螺仪,,,,,,,,-0.0021,0.1172,0.1590
1568483953938732,加速度计,0.4040,6.6295,8.7077,,,,,,,
1568483963957482,加速度计,1.0696,7.3017,5.0661,,,,,,,
1568483963966909,陀螺仪,,,,,,,,0.0506,0.1213,0.0969
1568483973976232,加速度计,0.3753,5.7401,5.4923,,,,,,,
1568483984003628,加速度计,0.0730,9.4912,3.7763,,,,,,,
1568483984023680,陀螺仪,,,,,,,,0.0202,0.0893,0.0340
1568483994021545,加速度计,0.5555,7.2083,9.4308,,,,,,,
1568484004018003,加速度计,0.6261,9.5181,4.1952,,,,,,,
1568484004016805,陀螺仪,,,,,,,,0.0093,0.0703,0.0172
1568484014015920,加速度计,0.7967,7.5998,4.3006,,,,,,,
1568484024016128,加速度计,0.7326,6.6098,9.0842,,,,,,,
1568484024017326,陀螺仪,,,,,,,,-0.0815,0.0370,-0.0268
1568484034019149,加速度计,-0.1658,5.3858,10.5465,,,,,,,
1568484044025399,加速度计,0.9918,8.1253,6.2704,,,,,,,
1568484044029930,陀螺仪,,,,,,,,0.0306,0.0585,-0.0053
1568484054035295,加速度计,0.2197,7.2443,4.0689,,,,,,,
1568484064049253,加速度计,0.8374,6.6062,6.1160,,,,,,,
1568484064057847,陀螺仪,,,,,,,,-0.0290,0.0372,-0.0164
1568484074067378,加速度计,-0.0371,5.7964,11.0055,,,,,,,
1568484084089357,加速度计,-0.2412,8.8933,6.5583,,,,,,,
1568484084101701,陀螺仪,,,,,,,,0.0650,0.0723,0.0051
1568484094114774,加速度计,0.0431,7.2413,5.9131,,,,,,,
1568484104143211,加速度计,0.8984,7.2921,5.7491,,,,,,,
1568484104158472,陀螺仪,,,,,,,,0.0213,0.0879,0.0615
1568484114174253,加速度计,0.0311,7.9865,6.4530,,,,,,,
1568484124209670,加速度计,-0.2346,5.9610,7.9601,,,,,,,
1568484124251232,陀螺仪,,,,,,,,0.0075,0.1232,0.0964
1568484134272847,加速度计,0.1460,7.7177,5.4983,,,,,,,
1568484144300816,加速度计,-0.4890,7.0671,7.2257,,,,,,,
1568484144310243,陀螺仪,,,,,,,,-0.0280,0.1514,0.1599
1568484154319566,加速度计,0.5297,6.9312,6.4123,,,,,,,
1568484164338316,加速度计,0.0694,8.8538,6.0591,,,,,,,
1568484164347743,陀螺仪,,,,,,,,-0.0639,0.1660,0.1652
1568484174357066,加速度计,-0.0772,6.2806,9.2853,,,,,,,
1568484184375816,加速度计,-0.0958,6.2136,8.4252,,,,,,,
1568484184385243,陀螺仪,,,,,,,,-0.0329,0.1858,0.1831
1568484194394566,加速度计,0.8805,7.2275,8.0553,,,,,,,
1568484204413316,加速度计,0.8936,5.6072,8.1912,,,,,,,
1568484214432066,加速度计,0.0371,7.3616,4.6208,,,,,,,
1568484204422743,陀螺仪,,,,,,,,0.0158,0.2270,0.1778
1568484224450816,加速度计,-0.6758,6.6337,5.0512,,,,,,,
1568484224460243,陀螺仪,,,,,,,,0.0093,0.2166,0.1455
1568484234469566,加速度计,0.6716,7.1186,5.7203,,,,,,,
1568484244488316,加速度计,-0.6626,7.5507,10.0467,,,,,,,
1568484244497743,陀螺仪,,,,,,,,-0.0180,0.1586,0.0505
1568484254507066,加速度计,-0.7943,8.7550,5.8269,,,,,,,
1568484264525816,加速度计,-1.1983,6.0519,5.5001,,,,,,,
1568484264535243,陀螺仪,,,,,,,,-0.0221,0.0884,-0.0316
1568484274544566,加速度计,-0.6967,6.1794,7.1281,,,,,,,
1568484284563316,加速度计,-0.2699,6.5841,8.8933,,,,,,,
1568484284572743,陀螺仪,,,,,,,,0.0016,0.0060,-0.1025
1568484294582066,加速度计,-0.3017,7.0677,7.3215,,,,,,,
1568484304600816,加速度计,-0.0808,7.7393,3.2483,,,,,,,
1568484304610243,陀螺仪,,,,,,,,0.0274,-0.0453,-0.1882
1568484314619566,加速度计,0.4220,5.3474,6.9917,,,,,,,
1568484324638316,加速度计,0.0227,6.6020,9.5834,,,,,,,
1568484324647743,陀螺仪,,,,,,,,0.0180,-0.1071,-0.2617
1568484334657066,加速度计,-0.0144,8.1403,9.4062,,,,,,,
1568484344675816,加速度计,1.0804,7.4238,7.2742,,,,,,,
1568484344685243,陀螺仪,,,,,,,,0.0799,-0.1447,-0.3096
1568484354694566,加速度计,0.9122,7.5244,3.1532,,,,,,,
1568484364713316,加速度计,0.7733,5.2008,4.4939,,,,,,,
1568484364723107,陀螺仪,,,,,,,,0.0011,-0.1778,-0.3421
1568484374733889,加速度计,1.6981,7.6890,4.9231,,,,,,,
1568484384757014,加速度计,0.3454,5.3887,9.9778,,,,,,,
1568484384766024,陀螺仪,,,,,,,,-0.0565,-0.1814,-0.3113
1568484394774930,加速度计,1.3575,6.7427,9.1949,,,,,,,
1568484404792847,加速度计,0.2023,7.4059,7.8302,,,,,,,
1568484404801857,陀螺仪,,,,,,,,0.0160,-0.1619,-0.2394
1568484414810764,加速度计,1.6119,7.2880,6.6673,,,,,,,
1568484424828680,加速度计,0.7518,6.4614,5.8095,,,,,,,
1568484424837691,陀螺仪,,,,,,,,0.0202,-0.1268,-0.1859
1568484434846597,加速度计,-0.4304,7.6297,3.7601,,,,,,,
1568484444864514,加速度计,1.2965,6.2543,7.8350,,,,,,,
1568484444873524,陀螺仪,,,,,,,,-0.0471,-0.1193,-0.1099
1568484454882430,加速度计,-0.2017,7.3676,8.7825,,,,,,,
1568484464900347,加速度计,-0.0425,6.4566,8.0661,,,,,,,
1568484464909357,陀螺仪,,,,,,,,-0.0045,-0.0571,-0.0053
1568484474918264,加速度计,1.0223,8.2468,5.0338,,,,,,,
1568484484936493,加速度计,-0.6464,6.1872,7.7351,,,,,,,
1568484484945816,陀螺仪,,,,,,,,-0.0244,-0.0221,0.0675
1568484494955139,加速度计,0.3705,6.3716,6.4614,,,,,,,
1568484504974201,加速度计,0.5638,7.5363,7.1994,,,,,,,
1568484504983941,陀螺仪,,,,,,,,0.0115,0.0172,0.1575
1568484514993680,加速度计,1.0798,7.6890,6.6260,,,,,,,
1568484525013264,加速度计,0.5632,6.3943,3.6631,,,,,,,
1568484525023107,陀螺仪,,,,,,,,0.0087,0.0786,0.1642
1568484535032847,加速度计,0.3268,7.6746,2.1620,,,,,,,
1568484545052430,加速度计,0.0652,7.0407,7.7081,,,,,,,
1568484545062274,陀螺仪,,,,,,,,-0.1184,0.0582,0.1856
1568484555072014,加速度计,0.2795,6.9917,12.1482,,,,,,,
1568484565091597,加速度计,0.7536,7.8207,8.9453,,,,,,,
1568484565101441,陀螺仪,,,,,,,,0.0075,0.1080,0.1876
1568484575111180,加速度计,1.0876,8.3258,3.7691,,,,,,,
1568484585130764,加速度计,0.9313,5.1415,7.3221,,,,,,,
1568484585140607,陀螺仪,,,,,,,,-0.0245,0.0992,0.1272
1568484595150347,加速度计,0.8685,7.9344,5.7479,,,,,,,
1568484605169930,加速度计,0.2735,8.5353,7.4208,,,,,,,
1568484605179774,陀螺仪,,,,,,,,-0.0378,0.0533,0.0680
1568484615189514,加速度计,0.8158,7.3879,8.3516,,,,,,,
1568484625209722,加速度计,1.2079,6.9510,7.3185,,,,,,,
1568484636287419,GPS,,,,31.9414,118.7889,3.5600,83.1000,,,
1568484625221024,陀螺仪,,,,,,,,-0.0092,0.0462,-0.0080
1568484635231389,加速度计,0.5872,6.8738,6.1938,,,,,,,
1568484645250972,加速度计,0.4914,6.4368,8.8436,,,,,,,
1568484645260503,陀螺仪,,,,,,,,0.0093,0.0166,-0.0352
1568484655269826,加速度计,0.3789,7.9559,6.7882,,,,,,,
1568484665288576,加速度计,2.3727,7.1976,6.7888,,,,,,,
1568484665298003,陀螺仪,,,,,,,,0.0185,-0.0096,-0.0767
1568484675307326,加速度计,0.9014,7.6178,6.1477,,,,,,,
1568484685326076,加速度计,-0.1538,6.5996,8.5425,,,,,,,
1568484685335503,陀螺仪,,,,,,,,0.0095,-0.0095,-0.1067
1568484695344826,加速度计,0.8900,7.5118,6.6403,,,,,,,
1568484705363576,加速度计,0.2143,6.2165,6.4631,,,,,,,
1568484705373003,陀螺仪,,,,,,,,0.0189,-0.0136,-0.0836
1568484715382326,加速度计,-0.3837,6.6894,6.0657,,,,,,,
1568484725401076,加速度计,0.4950,7.2018,5.4773,,,,,,,
1568484725410503,陀螺仪,,,,,,,,-0.0007,-0.0308,-0.0483
1568484735419826,加速度计,0.4447,7.5944,7.1958,,,,,,,
1568484745438576,加速度计,0.2269,6.3069,5.8951,,,,,,,
1568484745448003,陀螺仪,,,,,,,,-0.0225,-0.0140,-0.0461
1568484755457326,加速度计,0.2664,6.2991,5.4785,,,,,,,
1568484765476076,加速度计,-0.2915,5.6503,9.1285,,,,,,,
1568484765485503,陀螺仪,,,,,,,,-0.0499,-0.0130,-0.0087
1568484775494826,加速度计,-0.5525,7.3502,9.1710,,,,,,,
1568484785513576,加速度计,0.6237,6.5601,10.3633,,,,,,,
1568484785523003,陀螺仪,,,,,,,,0.0240,0.0178,0.0561
1568484795532326,加速度计,0.9529,5.7622,5.0326,,,,,,,
1568484805551076,加速度计,0.5584,5.7479,3.8253,,,,,,,
1568484805560503,陀螺仪,,,,,,,,0.0314,0.0297,0.0433
1568484815569826,加速度计,0.7476,6.1381,6.6242,,,,,,,
1568484825588576,加速度计,0.4776,6.0519,10.0365,,,,,,,
1568484825598003,陀螺仪,,,,,,,,0.0245,0.0253,0.0658
1568484835607326,加速度计,0.6201,8.7059,10.4920,,,,,,,
1568484845626076,加速度计,1.3479,6.4578,7.8111,,,,,,,
1568484845635503,陀螺仪,,,,,,,,0.0917,0.0651,0.0900
1568484855644826,加速度计,2.1081,6.9246,4.2742,,,,,,,
1568484865663576,加速度计,1.0325,6.5942,6.2584,,,,,,,
1568484865674461,陀螺仪,,,,,,,,0.0421,0.0866,0.0437
1568484875689878,加速度计,-0.6009,6.6481,6.5176,,,,,,,
1568484885710816,加速度计,0.7344,7.3562,8.1241,,,,,,,
1568484885713055,陀螺仪,,,,,,,,0.0374,0.0844,0.0774
1568484895715295,加速度计,0.1251,7.3287,5.6898,,,,,,,
1568484905720503,加速度计,0.5710,6.6948,6.0442,,,,,,,
1568484905723680,陀螺仪,,,,,,,,0.0037,0.0814,0.0925
1568484915727170,加速度计,1.0074,7.8548,9.9371,,,,,,,
1568484925735503,加速度计,-0.5459,8.2941,8.7083,,,,,,,
1568484925740451,陀螺仪,,,,,,,,0.0679,0.1192,0.0864
1568484935745816,加速度计,0.5142,8.6682,3.7314,,,,,,,
1568484945758524,加速度计,0.3837,7.0773,3.9714,,,,,,,
1568484945765868,陀螺仪,,,,,,,,0.0068,0.0947,0.0656
1568484955773732,加速度计,-0.2233,8.0260,4.8955,,,,,,,
1568484965791441,加速度计,0.2352,7.1682,9.4780,,,,,,,
1568484975811649,加速度计,-0.7560,7.4927,5.7551,,,,,,,
1568484965801284,陀螺仪,,,,,,,,-0.0225,0.0587,0.0274
1568484985834357,加速度计,0.5614,7.0144,3.8870,,,,,,,
1568484985846597,陀螺仪,,,,,,,,0.0052,0.0602,0.0121
1568484995859253,加速度计,0.9523,7.0018,2.4726,,,,,,,
1568485005885920,加速度计,-0.6440,6.8115,7.8374,,,,,,,
1568485005899826,陀螺仪,,,,,,,,-0.0850,0.0140,-0.0190
1568485015913941,加速度计,-0.7769,7.6231,11.1097,,,,,,,
1568485025942899,加速度计,0.2328,6.9546,7.8290,,,,,,,
1568485035972378,加速度计,-0.3711,7.4573,1.4958,,,,,,,
1568485025957639,陀螺仪,,,,,,,,0.0402,0.0562,0.0324
1568485046001961,加速度计,0.5716,7.3777,4.0109,,,,,,,
1568485046015868,陀螺仪,,,,,,,,-0.0518,0.0182,0.0204
1568485056028732,加速度计,-0.0646,6.6409,8.4222,,,,,,,
1568485066049253,加速度计,-1.3007,7.6537,10.4142,,,,,,,
1568485066058680,陀螺仪,,,,,,,,-0.0387,0.0236,0.0257
1568485076068003,加速度计,-0.8350,6.8935,8.4791,,,,,,,
1568485086086753,加速度计,-0.0317,6.2243,7.3939,,,,,,,
1568485086096180,陀螺仪,,,,,,,,0.0185,0.0383,0.1004
1568485096105503,加速度计,-0.0293,7.0378,7.5010,,,,,,,
1568485106124253,加速度计,-0.5854,8.2396,5.5462,,,,,,,
1568485106133680,陀螺仪,,,,,,,,0.0305,0.0551,0.1013
1568485116143003,加速度计,-0.2831,8.2833,5.6814,,,,,,,
1568485126165920,加速度计,-0.7027,6.9899,8.9064,,,,,,,
1568485126176128,陀螺仪,,,,,,,,-0.0411,0.0313,0.0912
1568485136182951,加速度计,-1.8292,5.7353,10.6859,,,,,,,
1568485146196701,加速度计,-0.0539,8.8190,7.4154,,,,,,,
1568485146203784,陀螺仪,,,,,,,,0.0378,0.0527,0.2033
1568485156210816,加速度计,1.0361,6.8881,5.9322,,,,,,,
1568485166225347,加速度计,0.8033,6.6098,5.5126,,,,,,,
1568485166232847,陀螺仪,,,,,,,,0.0229,0.0988,0.1810
1568485176240295,加速度计,-0.6297,6.7636,6.7977,,,,,,,
1568485186256024,加速度计,-0.6452,8.6754,6.9408,,,,,,,
1568485186264305,陀螺仪,,,,,,,,0.0256,0.1104,0.2185
1568485196272586,加速度计,-0.7643,7.1144,8.8591,,,,,,,
1568485206289982,加速度计,0.3825,8.3612,7.3011,,,,,,,
1568485206299097,陀螺仪,,,,,,,,0.0373,0.1418,0.2663
1568485216308211,加速度计,0.3926,7.4531,6.5487,,,,,,,
1568485226327274,加速度计,0.3573,8.1612,7.0168,,,,,,,
1568485226337222,陀螺仪,,,,,,,,-0.0043,0.1570,0.2410
1568485236347170,加速度计,0.8481,5.1751,7.5681,,,,,,,
1568485246367899,加速度计,0.3909,6.6391,6.3195,,,,,,,
1568485246378680,陀螺仪,,,,,,,,0.0288,0.2039,0.2252
1568485256389461,加速度计,-0.2640,6.0651,7.4406,,,,,,,
1568485266411493,加速度计,0.5076,6.1028,6.4314,,,,,,,
1568485266422743,陀螺仪,,,,,,,,0.0586,0.2025,0.2296
1568485276433941,加速度计,0.8667,6.2261,6.1705,,,,,,,
1568485286456805,加速度计,0.0790,7.1473,7.8099,,,,,,,
1568485286468316,陀螺仪,,,,,,,,0.0633,0.1706,0.1553
1568485296479722,加速度计,0.7805,6.6002,8.6766,,,,,,,
1568485306502639,加速度计,-0.0491,7.1030,7.0719,,,,,,,
1568485306513524,陀螺仪,,,,,,,,0.1325,0.1593,0.0928
1568485316524097,加速度计,-0.0383,6.5936,3.8277,,,,,,,
1568485326543524,加速度计,1.2552,6.5876,5.6300,,,,,,,
1568485326553159,陀螺仪,,,,,,,,0.0699,0.1071,0.0298
1568485336562691,加速度计,-0.1233,6.8522,8.8328,,,,,,,
1568485346581493,加速度计,-0.1658,7.1413,7.9877,,,,,,,
1568485346590920,陀螺仪,,,,,,,,0.1079,0.0754,-0.0533
1568485356600243,加速度计,0.7099,7.0683,3.0017,,,,,,,
1568485366618993,加速度计,0.5740,5.8778,3.0837,,,,,,,
1568485366628889,陀螺仪,,,,,,,,-0.0027,0.0056,-0.1505
1568485376639461,加速度计,0.7284,5.6826,9.2488,,,,,,,
1568485386657899,加速度计,-0.4381,6.9599,13.9779,,,,,,,
1568485386666284,陀螺仪,,,,,,,,0.0467,-0.0387,-0.2182
1568485396674566,加速度计,0.8422,9.4230,6.2932,,,,,,,
1568485406691232,加速度计,1.2558,7.3179,3.5171,,,,,,,
1568485406699618,陀螺仪,,,,,,,,0.0700,-0.0668,-0.2981
1568485416707899,加速度计,0.7667,6.9067,4.9081,,,,,,,
1568485426724566,加速度计,0.2598,7.4567,8.4354,,,,,,,
1568485426733107,陀螺仪,,,,,,,,0.0016,-0.1238,-0.3330
1568485436741597,加速度计,0.2927,8.5311,7.7554,,,,,,,
1568485446759045,加速度计,2.3804,7.9577,3.9612,,,,,,,
1568485446768003,陀螺仪,,,,,,,,0.0101,-0.1482,-0.3365
1568485456776909,加速度计,2.0231,7.2263,5.6395,,,,,,,
1568485466795191,加速度计,-0.6177,7.0677,7.4555,,,,,,,
1568485466817378,陀螺仪,,,,,,,,-0.0431,-0.1421,-0.3522
1568485476827743,加速度计,1.0163,8.4150,7.6297,,,,,,,
1568485486847743,加速度计,-0.4752,6.0053,8.2193,,,,,,,
1568485486857378,陀螺仪,,,,,,,,-0.0256,-0.1466,-0.2787
1568485496866701,加速度计,1.1732,7.8763,3.8265,,,,,,,
1568485506885451,加速度计,0.6075,6.3488,7.4585,,,,,,,
1568485506894878,陀螺仪,,,,,,,,-0.0647,-0.1469,-0.2388
1568485516904201,加速度计,0.9284,7.5459,6.2590,,,,,,,
1568485526922951,加速度计,-0.1856,6.6176,6.5475,,,,,,,
1568485526932378,陀螺仪,,,,,,,,-0.0711,-0.0995,-0.1618
1568485536941701,加速度计,0.7141,7.7063,5.4444,,,,,,,
1568485546960451,加速度计,1.1031,4.4424,11.2097,,,,,,,
1568485546969878,陀螺仪,,,,,,,,-0.0760,-0.0565,-0.0670
1568485556979201,加速度计,-0.2885,8.0134,8.6933,,,,,,,
1568485566997951,加速度计,0.6674,7.4358,6.5523,,,,,,,
1568485567007378,陀螺仪,,,,,,,,-0.0007,0.0116,0.0177
1568485577016701,加速度计,1.9938,7.0318,3.9265,,,,,,,
1568485587035451,加速度计,-0.1574,5.3756,7.4196,,,,,,,
1568485587044878,陀螺仪,,,,,,,,-0.0473,0.0362,0.0292
1568485597054201,加速度计,0.6369,6.6864,6.3566,,,,,,,
1568485607082378,陀螺仪,,,,,,,,-0.0483,0.0633,0.0850
1568485607072951,加速度计,1.0666,7.6932,6.5368,,,,,,,
1568485617091701,加速度计,0.5082,6.8193,8.9256,,,,,,,
1568485627144982,加速度计,0.5046,5.5318,10.3615,,,,,,,
1568485636267210,GPS,,,,31.9414,118.7890,3.6700,83.0000,,,
1568485627138993,陀螺仪,,,,,,,,-0.0048,0.1092,0.1177
1568485637132899,加速度计,0.8098,7.3059,5.6006,,,,,,,
1568485647122066,加速度计,0.8619,7.3316,1.2246,,,,,,,
1568485647117743,陀螺仪,,,,,,,,0.0063,0.1204,0.0993
1568485657113316,加速度计,0.4627,6.5188,6.1794,,,,,,,
1568485667107899,加速度计,0.3160,7.0844,12.4002,,,,,,,
1568485667107326,陀螺仪,,,,,,,,-0.0229,0.1103,0.0768
1568485677106649,加速度计,0.9996,8.4533,6.5481,,,,,,,
1568485687121024,加速度计,-0.1915,8.4976,4.2880,,,,,,,
1568485687130972,陀螺仪,,,,,,,,-0.0071,0.1156,0.0354
1568485697142378,加速度计,0.9613,6.4003,9.0249,,,,,,,
1568485707167639,加速度计,0.1006,7.5645,9.7707,,,,,,,
1568485707181441,陀螺仪,,,,,,,,0.0157,0.1088,-0.0052
1568485717196389,加速度计,0.4465,8.6939,5.0278,,,,,,,
1568485727228211,加速度计,1.2222,5.5522,5.0488,,,,,,,
1568485727244982,陀螺仪,,,,,,,,-0.0005,0.0836,-0.0338
1568485737262430,加速度计,0.9720,5.8173,5.4761,,,,,,,
1568485747298211,加速度计,0.6853,6.9623,8.2025,,,,,,,
1568485747316441,陀螺仪,,,,,,,,-0.0236,0.0602,-0.0896
1568485757334722,加速度计,0.2454,7.5890,9.0040,,,,,,,
1568485767371389,加速度计,0.9559,7.3759,8.3438,,,,,,,
1568485767387795,陀螺仪,,,,,,,,0.0125,0.0419,-0.1108
1568485777398159,加速度计,1.4012,6.0819,6.3967,,,,,,,
1568485787417951,加速度计,0.7326,6.0777,4.6998,,,,,,,
1568485787427586,陀螺仪,,,,,,,,0.0212,0.0425,-0.1776
1568485797437118,加速度计,-0.0257,6.2650,5.1200,,,,,,,
1568485807456024,加速度计,-0.2334,5.3038,8.0092,,,,,,,
1568485807465451,陀螺仪,,,,,,,,-0.0141,-0.0040,-0.1846
1568485817474774,加速度计,0.5956,7.0809,6.6373,,,,,,,
1568485827493524,加速度计,1.0211,6.9923,5.5528,,,,,,,
1568485827502951,陀螺仪,,,,,,,,-0.0166,-0.0262,-0.2151
1568485837512274,加速度计,-0.4962,6.1046,8.3623,,,,,,,
1568485847531024,加速度计,1.4802,7.2275,14.1761,,,,,,,
1568485847540451,陀螺仪,,,,,,,,-0.0084,-0.0473,-0.2093
1568485857549774,加速度计,0.2131,6.9049,11.4790,,,,,,,
1568485867568524,加速度计,0.4776,7.3861,-2.1542,,,,,,,
1568485867579878,陀螺仪,,,,,,,,0.1109,-0.0000,-0.2356
1568485877610034,加速度计,0.8739,5.6198,3.7691,,,,,,,
1568485887608368,加速度计,-0.6321,2.2847,9.4906,,,,,,,
1568485887607795,陀螺仪,,,,,,,,-0.0260,-0.0698,-0.2538
1568485897607118,加速度计,-0.2490,10.2544,13.1490,,,,,,,
1568485907607118,加速度计,0.2562,12.4636,0.8697,,,,,,,
1568485907608211,陀螺仪,,,,,,,,0.0707,-0.1039,-0.2647
1568485917609201,加速度计,0.3478,4.0791,1.4730,,,,,,,
1568485927614201,加速度计,0.6841,1.8579,6.1124,,,,,,,
1568485927618420,陀螺仪,,,,,,,,-0.0708,-0.1341,-0.2514
1568485937622534,加速度计,-0.5716,9.5170,14.2383,,,,,,,
1568485947634201,加速度计,0.3238,11.3300,9.1913,,,,,,,
1568485947641961,陀螺仪,,,,,,,,0.0828,-0.1139,-0.2111
1568485957649618,加速度计,0.6698,7.2850,1.0546,,,,,,,
1568485967668784,加速度计,0.7201,5.5737,0.2867,,,,,,,
1568485967680086,陀螺仪,,,,,,,,-0.0582,-0.1274,-0.2354
1568485977691284,加速度计,-0.3621,6.0543,8.4964,,,,,,,
1568485987717118,加速度计,-0.2460,10.5093,8.3037,,,,,,,
1568485987731545,陀螺仪,,,,,,,,-0.0471,-0.1254,-0.1887
1568485997745868,加速度计,-0.3555,8.9028,8.4994,,,,,,,
1568486007776701,加速度计,0.6303,5.6557,6.4021,,,,,,,
1568486007793003,陀螺仪,,,,,,,,-0.0601,-0.0915,-0.1162
1568486017809201,加速度计,-0.2777,6.3470,6.5685,,,,,,,
1568486027842951,加速度计,0.4752,8.5419,5.0470,,,,,,,
1568486027860086,陀螺仪,,,,,,,,-0.0454,-0.0546,-0.0583
1568486037877118,加速度计,-0.3095,7.8883,8.4515,,,,,,,
1568486047911284,加速度计,-0.9068,6.8307,9.1644,,,,,,,
1568486047921336,陀螺仪,,,,,,,,-0.0336,-0.0328,-0.0001
1568486057931284,加速度计,-0.3400,7.0024,5.3235,,,,,,,
1568486067950451,加速度计,1.1917,7.1317,6.1944,,,,,,,
1568486067960086,陀螺仪,,,,,,,,-0.0360,-0.0021,0.0663
1568486077969618,加速度计,-0.8930,5.3618,8.3240,,,,,,,
1568486087988368,加速度计,-0.2203,8.3300,5.9167,,,,,,,
1568486087997795,陀螺仪,,,,,,,,0.0095,0.0501,0.1322
1568486098007118,加速度计,-0.2263,6.9845,7.3568,,,,,,,
1568486108025868,加速度计,-0.6177,6.7265,6.9587,,,,,,,
1568486108035295,陀螺仪,,,,,,,,0.0290,0.0895,0.2035
1568486118044618,加速度计,-0.4788,8.7999,4.7716,,,,,,,
1568486128071649,加速度计,-0.6422,7.7345,6.6702,,,,,,,
1568486128077118,陀螺仪,,,,,,,,-0.0525,0.0919,0.2269
1568486138082482,加速度计,-0.5207,6.1310,9.4122,,,,,,,
1568486148093368,加速度计,-0.9481,5.5037,10.4812,,,,,,,
1568486148099045,陀螺仪,,,,,,,,0.0041,0.1033,0.2193
1568486158104722,加速度计,-0.6764,5.7269,7.4909,,,,,,,
1568486168116909,加速度计,0.3795,8.3049,2.5809,,,,,,,
1568486168123420,陀螺仪,,,,,,,,0.0820,0.1186,0.1792
1568486178129982,加速度计,-0.0934,8.6981,3.6589,,,,,,,
1568486188144305,加速度计,-0.4675,5.9017,7.2042,,,,,,,
1568486188152066,陀螺仪,,,,,,,,-0.0330,0.0338,0.0621
1568486198159878,加速度计,-0.3843,6.6481,9.4882,,,,,,,
1568486208176753,加速度计,-0.2693,8.9920,5.9735,,,,,,,
1568486208185972,陀螺仪,,,,,,,,0.0134,0.0039,-0.0052
1568486218195243,加速度计,0.4615,8.3163,6.0495,,,,,,,
1568486228214982,加速度计,-0.5261,5.8077,7.5615,,,,,,,
1568486228225451,陀螺仪,,,,,,,,-0.0189,-0.0409,-0.0746
1568486238235972,加速度计,0.8499,6.8145,5.4540,,,,,,,
1568486248258211,加速度计,1.2043,6.2309,7.2221,,,,,,,
1568486248269930,陀螺仪,,,,,,,,-0.0024,-0.0574,-0.1273
1568486258281649,加速度计,1.2306,7.3849,4.7297,,,,,,,
1568486268305868,加速度计,0.2664,6.8504,8.9872,,,,,,,
1568486268318211,陀螺仪,,,,,,,,-0.0115,-0.0874,-0.1728
1568486278330503,加速度计,0.6482,7.3514,9.7863,,,,,,,
1568486288355503,加速度计,0.6913,7.4717,7.2832,,,,,,,
1568486288368055,陀螺仪,,,,,,,,0.0796,-0.0763,-0.2047
1568486298380503,加速度计,-0.2436,7.8584,4.0306,,,,,,,
1568486308404982,加速度计,0.0281,5.9352,6.4242,,,,,,,
1568486308415451,陀螺仪,,,,,,,,-0.0059,-0.1498,-0.2149
1568486318425607,加速度计,1.1145,6.4368,8.6754,,,,,,,
1568486328444774,加速度计,0.4507,7.8219,6.4009,,,,,,,
1568486328454409,陀螺仪,,,,,,,,0.0345,-0.1481,-0.2333
1568486338463889,加速度计,0.6841,6.5134,5.7766,,,,,,,
1568486348482639,加速度计,-0.9038,4.9177,9.0674,,,,,,,
1568486348492066,陀螺仪,,,,,,,,0.0075,-0.1487,-0.2329
1568486358501389,加速度计,0.1838,7.1012,5.4654,,,,,,,
1568486368520243,加速度计,0.4752,6.9174,4.7890,,,,,,,
1568486368530086,陀螺仪,,,,,,,,-0.0216,-0.1613,-0.1727
1568486378541024,加速度计,1.0415,5.8323,5.6665,,,,,,,
1568486388558524,加速度计,-0.0497,5.7132,9.3021,,,,,,,
1568486388567326,陀螺仪,,,,,,,,-0.0594,-0.1427,-0.1682
1568486398576024,加速度计,-0.5932,6.9474,10.6500,,,,,,,
1568486408593524,加速度计,0.3741,7.8111,6.4973,,,,,,,
1568486408602326,陀螺仪,,,,,,,,0.0039,-0.1081,-0.0960
1568486418611024,加速度计,-0.1538,6.7594,5.4857,,,,,,,
1568486428628524,加速度计,0.7129,6.4823,7.4909,,,,,,,
1568486428637326,陀螺仪,,,,,,,,-0.0446,-0.1139,-0.0726
1568486438646024,加速度计,0.2071,6.9216,9.8096,,,,,,,
1568486448663576,加速度计,-1.1762,7.7033,4.0941,,,,,,,
1568486448672586,陀螺仪,,,,,,,,0.0140,-0.0840,-0.0410
1568486458681545,加速度计,0.6069,7.8225,5.3067,,,,,,,
1568486468699930,加速度计,0.7949,5.2056,9.1704,,,,,,,
1568486468709357,陀螺仪,,,,,,,,-0.0069,-0.0868,-0.0212
1568486478718732,加速度计,-0.2227,8.0427,7.0797,,,,,,,
1568486488737951,加速度计,-0.6776,9.6827,4.3275,,,,,,,
1568486488747795,陀螺仪,,,,,,,,0.0257,-0.0850,-0.0144
1568486498757534,加速度计,0.5878,8.1427,5.2912,,,,,,,
1568486508777118,加速度计,0.5602,6.4608,7.7590,,,,,,,
1568486508786961,陀螺仪,,,,,,,,-0.0241,-0.0908,-0.0240
1568486518796701,加速度计,-0.4495,7.7411,6.9049,,,,,,,
1568486528816284,加速度计,-0.3029,7.1156,8.2265,,,,,,,
1568486528826128,陀螺仪,,,,,,,,0.0052,-0.0835,-0.0072
1568486538835868,加速度计,0.2753,7.7333,6.9504,,,,,,,
1568486548855451,加速度计,0.0168,6.7774,5.7018,,,,,,,
1568486548865295,陀螺仪,,,,,,,,0.0185,-0.0854,0.0039
1568486558875034,加速度计,0.7135,8.0230,1.6795,,,,,,,
1568486568894618,加速度计,0.3579,6.2094,7.3448,,,,,,,
1568486568904461,陀螺仪,,,,,,,,-0.0957,-0.1071,-0.0188
1568486578914201,加速度计,-0.9295,6.1675,11.7926,,,,,,,
1568486588933784,加速度计,0.1808,7.3664,10.3854,,,,,,,
1568486588943628,陀螺仪,,,,,,,,0.0209,-0.0879,0.0117
1568486598953368,加速度计,0.4735,8.7963,4.4885,,,,,,,
1568486608972951,加速度计,0.1688,6.4129,4.7633,,,,,,,
1568486618993211,加速度计,1.2839,4.9955,8.0732,,,,,,,
1568486608982795,陀螺仪,,,,,,,,-0.0281,-0.0915,0.0242
1568486639967418,GPS,,,,31.9414,118.7890,3.6600,83.3000,,,
1568486629030451,加速度计,0.9439,8.0074,6.8923,,,,,,,
1568486629031336,陀螺仪,,,,,,,,0.0061,-0.0554,0.0346
1568486639032170,加速度计,0.3292,6.8283,7.0737,,,,,,,
1568486649034409,加速度计,0.7560,5.6892,7.8434,,,,,,,
1568486649036128,陀螺仪,,,,,,,,0.0125,-0.0494,0.0598
1568486659037951,加速度计,1.4246,7.3544,7.3322,,,,,,,
1568486669043211,加速度计,0.8643,7.5974,7.3185,,,,,,,
1568486669046805,陀螺仪,,,,,,,,0.0633,-0.0214,0.0429
1568486679050607,加速度计,0.8607,8.5275,4.3431,,,,,,,
1568486689060555,加速度计,0.3783,6.3931,7.4184,,,,,,,
1568486689066857,陀螺仪,,,,,,,,0.0174,-0.0226,0.0112
1568486699073420,加速度计,0.6219,8.2181,6.5649,,,,,,,
1568486709089201,加速度计,0.6135,7.0850,6.0986,,,,,,,
1568486709098420,陀螺仪,,,,,,,,-0.0180,-0.0238,0.0053
1568486719107899,加速度计,0.4339,6.7977,5.6114,,,,,,,
1568486729129514,加速度计,0.5632,6.2860,7.4089,,,,,,,
1568486729141649,陀螺仪,,,,,,,,-0.0341,-0.0338,-0.0053
1568486739153993,加速度计,-0.2711,6.6924,7.8709,,,,,,,
1568486749180920,加速度计,0.7721,7.3167,7.2748,,,,,,,
1568486749195347,陀螺仪,,,,,,,,0.0088,-0.0205,0.0192
1568486759209878,加速度计,0.3525,7.2760,5.8945,,,,,,,
1568486769240451,加速度计,0.1933,5.8514,5.9436,,,,,,,
1568486769256336,陀螺仪,,,,,,,,-0.0246,-0.0340,-0.0036
1568486779272170,加速度计,0.4878,6.6768,8.1894,,,,,,,
1568486789304253,加速度计,-0.6847,7.4759,12.5271,,,,,,,
1568486789320347,陀螺仪,,,,,,,,0.0213,-0.0350,0.0120
1568486799335191,加速度计,0.1239,7.2963,7.8404,,,,,,,
1568486809357586,加速度计,1.1450,8.4569,3.8487,,,,,,,
1568486809367014,陀螺仪,,,,,,,,0.0551,-0.0089,0.0196
1568486819376336,加速度计,0.3190,5.7024,5.8425,,,,,,,
1568486829395086,加速度计,-0.5369,5.3834,7.4651,,,,,,,
1568486829404514,陀螺仪,,,,,,,,0.0153,-0.0180,0.0266
1568486839413836,加速度计,-0.5160,6.3009,9.3015,,,,,,,
1568486849432586,加速度计,0.4519,8.0026,7.7321,,,,,,,
1568486849442014,陀螺仪,,,,,,,,0.0720,-0.0064,0.0812
1568486859451336,加速度计,0.7811,7.7171,3.9307,,,,,,,
1568486869470555,加速度计,1.4144,6.8588,1.9674,,,,,,,
1568486869481857,陀螺仪,,,,,,,,-0.0101,-0.0101,0.0539
1568486879495347,加速度计,-0.0012,5.9286,5.0673,,,,,,,
1568486889514774,陀螺仪,,,,,,,,-0.0610,-0.0262,0.0505
1568486889508264,加速度计,-1.0606,5.6180,11.8016,,,,,,,
1568486899521284,加速度计,-0.3508,6.8331,12.0285,,,,,,,
1568486909534722,加速度计,0.1353,7.9092,5.8855,,,,,,,
1568486909541649,陀螺仪,,,,,,,,0.0654,0.0123,0.1146
1568486919548680,加速度计,0.6955,6.7726,4.3628,,,,,,,
1568486929563472,加速度计,0.4908,7.1401,5.3133,,,,,,,
1568486929571232,陀螺仪,,,,,,,,-0.0052,0.0221,0.0794
1568486939579097,加速度计,-1.0223,6.9719,7.2586,,,,,,,
1568486949604149,陀螺仪,,,,,,,,-0.0035,-0.0133,0.0899
1568486949595555,加速度计,-0.1305,8.3600,7.1796,,,,,,,
1568486959612951,加速度计,0.0784,7.2868,7.8745,,,,,,,
1568486969631493,加速度计,0.2059,6.3123,8.6491,,,,,,,
1568486969641128,陀螺仪,,,,,,,,0.0245,-0.0011,0.0724
1568486979650868,加速度计,0.0180,7.6088,5.4815,,,,,,,
1568486989671076,加速度计,0.1700,7.9793,5.2218,,,,,,,
1568486989681545,陀螺仪,,,,,,,,0.0192,-0.0150,0.0562
1568486999692118,加速度计,0.2951,6.9845,9.4768,,,,,,,
1568487009713993,加速度计,0.1891,8.7466,8.2791,,,,,,,
1568487009725295,陀螺仪,,,,,,,,0.0610,-0.0113,0.0526
1568487019736597,加速度计,-0.6434,7.7015,7.1413,,,,,,,
1568487029759618,加速度计,2.1207,8.2031,3.2555,,,,,,,
1568487029771336,陀螺仪,,,,,,,,0.0643,-0.0103,0.0526
1568487039782951,加速度计,0.3938,6.1130,4.3485,,,,,,,
1568487049818003,陀螺仪,,,,,,,,0.0096,-0.0224,0.0305
1568487049806284,加速度计,-0.4776,7.5944,4.9380,,,,,,,
1568487059829618,加速度计,0.2963,8.2690,7.6680,,,,,,,
1568487069851909,加速度计,0.7386,8.0026,7.2957,,,,,,,
1568487069861545,陀螺仪,,,,,,,,0.0047,-0.0013,0.0589
1568487079870972,加速度计,-0.7865,7.2927,7.2472,,,,,,,
1568487089899149,陀螺仪,,,,,,,,-0.0008,0.0344,0.1218
1568487089889722,加速度计,-0.0952,6.9516,7.1676,,,,,,,
1568487099908472,加速度计,0.8140,7.1664,5.0302,,,,,,,
1568487109927222,加速度计,-0.0874,7.4328,7.0862,,,,,,,
1568487109936649,陀螺仪,,,,,,,,-0.0409,0.0471,0.1581
1568487119946284,加速度计,0.0359,7.2359,8.5204,,,,,,,
1568487129967639,加速度计,-0.2580,6.2136,10.0359,,,,,,,
1568487129976024,陀螺仪,,,,,,,,0.0138,0.0798,0.1738
1568487139984305,加速度计,-0.8086,7.1593,7.2179,,,,,,,
1568487150009357,陀螺仪,,,,,,,,0.0647,0.0868,0.2092
1568487150000972,加速度计,-0.3537,6.2285,5.8263,,,,,,,
1568487160018784,加速度计,1.5927,7.4502,5.5091,,,,,,,
1568487170044097,加速度计,-0.4178,7.8847,6.2968,,,,,,,
1568487170052066,陀螺仪,,,,,,,,0.0559,0.0964,0.1317
1568487180059930,加速度计,-1.1079,7.8159,4.1486,,,,,,,
1568487190083732,陀螺仪,,,,,,,,-0.0308,0.0507,0.1280
1568487190075764,加速度计,-0.2837,7.5782,4.0875,,,,,,,
1568487200091597,加速度计,0.5656,5.8215,5.0003,,,,,,,
1568487210115764,陀螺仪,,,,,,,,-0.0759,0.0495,0.0961
1568487210107586,加速度计,-0.5399,5.9861,7.5507,,,,,,,
1568487220123993,加速度计,-0.5405,7.1772,8.3863,,,,,,,
1568487230140816,加速度计,-0.2041,6.3057,9.5666,,,,,,,
1568487230149409,陀螺仪,,,,,,,,-0.0354,0.0570,0.1288
1568487240158055,加速度计,0.2292,7.7393,6.8313,,,,,,,
1568487250184722,陀螺仪,,,,,,,,-0.0069,0.0779,0.1053
1568487250175711,加速度计,0.9445,6.6906,6.8163,,,,,,,
1568487260193784,加速度计,-0.4393,7.6351,6.4506,,,,,,,
1568487270221701,陀螺仪,,,,,,,,-0.0234,0.0461,0.0823
1568487270212274,加速度计,-0.0299,6.9827,8.1774,,,,,,,
1568487280231180,加速度计,0.5513,7.9039,5.6228,,,,,,,
1568487290260347,陀螺仪,,,,,,,,-0.0285,0.0246,0.0237
1568487290250503,加速度计,-0.5471,5.7563,7.1664,,,,,,,
1568487300270243,加速度计,-0.1844,7.5082,5.5348,,,,,,,
1568487310290399,加速度计,-0.2496,6.3853,7.0587,,,,,,,
1568487310300659,陀螺仪,,,,,,,,-0.0583,-0.0238,-0.0021
1568487320310972,加速度计,0.2460,6.9174,6.6858,,,,,,,
1568487330331961,加速度计,0.0221,6.3512,6.9049,,,,,,,
1568487330342639,陀螺仪,,,,,,,,-0.0415,-0.0405,-0.0210
1568487340353368,加速度计,0.5465,6.4560,6.2519,,,,,,,
1568487350375034,加速度计,-0.7799,6.0980,9.1261,,,,,,,
1568487350385920,陀螺仪,,,,,,,,-0.0485,-0.0538,-0.0402
1568487360403784,加速度计,-0.7679,7.6591,7.7015,,,,,,,
1568487370423159,加速度计,0.2274,5.8436,6.7373,,,,,,,
1568487370429878,陀螺仪,,,,,,,,-0.0326,-0.0679,0.0025
1568487380436493,加速度计,0.8248,7.0743,7.0198,,,,,,,
1568487390450191,加速度计,-0.8320,6.6260,7.9811,,,,,,,
1568487390457274,陀螺仪,,,,,,,,-0.0421,-0.0648,-0.0224
1568487400464305,加速度计,-0.1024,6.5679,6.3123,,,,,,,
1568487410478836,加速度计,1.0259,7.1790,8.6030,,,,,,,
1568487410491441,陀螺仪,,,,,,,,-0.0562,-0.0830,0.0009
1568487420508836,加速度计,0.8015,6.4470,9.6971,,,,,,,
1568487430536441,加速度计,0.6506,7.1060,6.8863,,,,,,,
1568487430545868,陀螺仪,,,,,,,,0.0039,-0.0567,-0.0264
1568487440555191,加速度计,0.5112,7.7859,5.4570,,,,,,,
1568487450583368,陀螺仪,,,,,,,,-0.0145,-0.0644,-0.0096
1568487450573941,加速度计,0.0886,4.5687,5.4181,,,,,,,
1568487460592691,加速度计,0.1873,6.8223,4.4520,,,,,,,
1568487470620868,陀螺仪,,,,,,,,-0.0362,-0.0917,0.0166
1568487470611441,加速度计,0.2999,6.8917,6.8959,,,,,,,
1568487480630191,加速度计,1.0924,7.2059,8.2498,,,,,,,
1568487490648941,加速度计,0.5561,7.3472,7.5328,,,,,,,
1568487490658368,陀螺仪,,,,,,,,-0.0019,-0.0676,-0.0067
1568487500667691,加速度计,0.2065,7.6950,7.7794,,,,,,,
1568487510695868,陀螺仪,,,,,,,,0.0188,-0.0445,0.0312
1568487510686441,加速度计,-0.0251,7.3526,7.3610,,,,,,,
1568487520705191,加速度计,0.3621,7.8476,4.1946,,,,,,,
1568487530723941,加速度计,0.1891,7.4178,8.6957,,,,,,,
1568487530733368,陀螺仪,,,,,,,,-0.0274,-0.0565,0.0630
1568487540742691,加速度计,-0.2119,6.6667,8.1786,,,,,,,
1568487550761441,加速度计,1.1247,8.1702,5.2068,,,,,,,
1568487550770868,陀螺仪,,,,,,,,0.0189,-0.0298,0.0945
1568487560780191,加速度计,0.8493,6.8995,5.9921,,,,,,,
1568487570798941,加速度计,0.7009,6.3488,8.2558,,,,,,,
1568487570808368,陀螺仪,,,,,,,,0.0115,0.0103,0.1333
1568487580817691,加速度计,0.6698,7.4376,5.5282,,,,,,,
1568487590845868,陀螺仪,,,,,,,,0.0216,0.0382,0.1630
1568487590836441,加速度计,0.9098,7.8817,5.9610,,,,,,,
1568487600855191,加速度计,1.0325,6.5990,6.1651,,,,,,,
1568487610873941,加速度计,0.7009,7.0743,5.5593,,,,,,,
1568487610883368,陀螺仪,,,,,,,,-0.0103,0.0590,0.1672
1568487620893003,加速度计,0.1149,6.9498,8.5138,,,,,,,
1568487641053303,GPS,,,,31.9414,118.7891,3.6300,83.2000,,,
1568487630925659,陀螺仪,,,,,,,,0.0280,0.0848,0.1967
1568487630914566,加速度计,0.9691,7.6453,11.2294,,,,,,,
1568487640935555,加速度计,0.8835,5.8544,7.6866,,,,,,,
1568487650964357,陀螺仪,,,,,,,,0.0698,0.1182,0.1846
1568487650954722,加速度计,0.2634,8.2355,2.4529,,,,,,,
1568487660974514,加速度计,0.9254,7.5190,5.3421,,,,,,,
1568487671002951,陀螺仪,,,,,,,,-0.0128,0.0929,0.1531
1568487670996232,加速度计,1.1732,6.0023,9.7318,,,,,,,
1568487681009566,加速度计,0.6626,8.8472,8.1062,,,,,,,
1568487691029982,陀螺仪,,,,,,,,0.0081,0.1108,0.1290
1568487691023055,加速度计,0.3124,7.0473,6.6619,,,,,,,
1568487701036961,加速度计,0.8218,6.6254,4.7309,,,,,,,
1568487711051441,加速度计,-0.4812,5.9322,6.6990,,,,,,,
1568487711058993,陀螺仪,,,,,,,,-0.0294,0.0887,0.0921
1568487721066753,加速度计,0.4220,7.2484,7.3783,,,,,,,
1568487731082899,加速度计,0.4950,6.3943,9.7731,,,,,,,
1568487731091284,陀螺仪,,,,,,,,0.0016,0.0607,0.0959
1568487741099878,加速度计,1.5305,7.8344,7.4615,,,,,,,
1568487751126909,陀螺仪,,,,,,,,0.0589,0.0747,0.0407
1568487751117691,加速度计,0.8637,5.7868,8.7795,,,,,,,
1568487761136336,加速度计,0.6009,7.7123,5.1493,,,,,,,
1568487771155816,加速度计,0.8344,7.7560,7.9476,,,,,,,
1568487771165868,陀螺仪,,,,,,,,0.0630,0.0656,0.0221
1568487781176128,加速度计,1.4736,7.2658,6.5523,,,,,,,
1568487791197274,加速度计,1.6125,6.7325,8.1355,,,,,,,
1568487791208159,陀螺仪,,,,,,,,0.0607,0.0759,-0.0091
1568487801219097,加速度计,0.2837,7.6088,6.0926,,,,,,,
1568487811241336,加速度计,1.2306,6.1567,6.4129,,,,,,,
1568487811252639,陀螺仪,,,,,,,,0.0419,0.0710,-0.0053
1568487821263993,加速度计,0.8140,7.7518,6.0334,,,,,,,
1568487831286909,加速度计,0.5393,5.6557,5.7359,,,,,,,
1568487831298420,陀螺仪,,,,,,,,0.0172,0.0499,-0.0108
1568487841309826,加速度计,1.9309,6.0244,7.7782,,,,,,,
1568487851332743,加速度计,0.2101,6.2758,7.4334,,,,,,,
1568487851344253,陀螺仪,,,,,,,,0.0487,0.0811,-0.0329
1568487861354097,加速度计,1.0906,7.0731,4.4975,,,,,,,
1568487871372847,加速度计,0.4687,6.9246,6.9474,,,,,,,
1568487871382274,陀螺仪,,,,,,,,0.0075,0.0658,-0.0419
1568487881391597,加速度计,-0.0736,6.0238,8.3462,,,,,,,
1568487891410347,加速度计,0.5309,5.8796,7.3843,,,,,,,
1568487891419774,陀螺仪,,,,,,,,0.0361,0.0832,-0.0205
1568487901429097,加速度计,0.5824,8.6598,5.8664,,,,,,,
1568487911450503,加速度计,0.6764,5.7347,11.0014,,,,,,,
1568487911474253,陀螺仪,,,,,,,,0.0060,0.0683,-0.0121
1568487921483680,加速度计,0.8015,6.8265,8.6886,,,,,,,
1568487931478159,加速度计,0.0575,7.1233,5.9711,,,,,,,
1568487931475711,陀螺仪,,,,,,,,0.0792,0.0889,-0.0252
1568487941473784,加速度计,0.5423,7.2514,4.2772,,,,,,,
1568487951471024,陀螺仪,,,,,,,,0.0471,0.0491,-0.0558
1568487951471389,加速度计,0.3897,6.5829,8.6975,,,,,,,
1568487961471805,加速度计,-0.0365,8.8226,6.8133,,,,,,,
1568487971475711,加速度计,-0.1861,7.7111,8.3366,,,,,,,
1568487971478889,陀螺仪,,,,,,,,0.0562,0.0269,-0.0812
1568487981483524,加速度计,0.0622,7.3358,7.4992,,,,,,,
1568487991502847,陀螺仪,,,,,,,,0.0819,0.0325,-0.0614
1568487991495503,加速度计,0.9756,7.5902,5.3606,,,,,,,
1568488001511649,加速度计,0.5812,8.0744,5.1296,,,,,,,
1568488011543472,陀螺仪,,,,,,,,0.0240,0.0194,-0.0964
1568488011531961,加速度计,0.4226,7.9284,4.3263,,,,,,,
1568488021556284,加速度计,0.4968,6.7696,5.3959,,,,,,,
1568488031599253,陀螺仪,,,,,,,,-0.0334,-0.0024,-0.1204
1568488031584201,加速度计,0.3130,8.2606,6.7139,,,,,,,
1568488041615295,加速度计,-0.2717,6.9085,8.4773,,,,,,,
1568488051648993,加速度计,-0.3825,6.0232,6.5422,,,,,,,
1568488051666545,陀螺仪,,,,,,,,0.0105,0.0206,-0.0774
1568488061684461,加速度计,-0.2203,9.1764,1.6538,,,,,,,
1568488071721024,加速度计,1.8693,5.2870,7.0545,,,,,,,
1568488071739618,陀螺仪,,,,,,,,-0.1200,-0.0093,-0.0651
1568488081758107,加速度计,-0.2795,6.3931,10.0353,,,,,,,
1568488091789566,加速度计,0.1772,7.6441,8.4593,,,,,,,
1568488091800659,陀螺仪,,,,,,,,-0.0333,0.0397,-0.0178
1568488101810399,加速度计,0.4633,6.9474,6.4745,,,,,,,
1568488111829149,加速度计,0.3903,5.8287,7.4627,,,,,,,
1568488111838576,陀螺仪,,,,,,,,-0.0182,0.0644,0.0222
1568488121847899,加速度计,1.3581,6.9881,6.1860,,,,,,,
1568488131866649,加速度计,0.3849,6.9540,5.9592,,,,,,,
1568488131876076,陀螺仪,,,,,,,,-0.0024,0.0772,0.0107
1568488141885399,加速度计,0.4447,7.2724,5.4845,,,,,,,
1568488151913576,陀螺仪,,,,,,,,-0.0274,0.0655,0.0084
1568488151904149,加速度计,0.5112,7.3436,7.9428,,,,,,,
1568488161924461,加速度计,-0.9487,7.1174,9.1105,,,,,,,
1568488171947066,加速度计,0.5662,8.2546,6.4266,,,,,,,
1568488171953159,陀螺仪,,,,,,,,0.0221,0.0868,0.0341
1568488181959149,加速度计,-0.8074,7.2293,4.5723,,,,,,,
1568488191971441,加速度计,-0.2442,6.7953,5.7000,,,,,,,
1568488191977743,陀螺仪,,,,,,,,-0.0478,0.0566,0.0266
1568488201984149,加速度计,-0.0012,7.0551,8.7688,,,,,,,
1568488212004409,陀螺仪,,,,,,,,-0.0127,0.0589,0.0216
1568488211997482,加速度计,-1.3701,7.7698,9.5026,,,,,,,
1568488222011649,加速度计,-0.9403,7.6465,6.2979,,,,,,,
1568488232026857,加速度计,0.5962,6.6158,5.4205,,,,,,,
1568488232034826,陀螺仪,,,,,,,,-0.0232,0.0373,0.0372
1568488242043316,加速度计,1.5628,7.1269,3.9828,,,,,,,
1568488252070243,陀螺仪,,,,,,,,-0.0947,0.0397,-0.0362
1568488252061024,加速度计,-0.1508,8.0146,3.6547,,,,,,,
1568488262079982,加速度计,-0.1981,5.7186,6.7487,,,,,,,
1568488272100191,加速度计,-0.0084,6.2973,9.8252,,,,,,,
1568488272110659,陀螺仪,,,,,,,,-0.1107,0.0224,-0.0290
1568488282121441,加速度计,-0.2370,6.2704,9.6073,,,,,,,
1568488292143524,加速度计,0.6159,7.3532,6.9641,,,,,,,
1568488292154826,陀螺仪,,,,,,,,-0.0294,0.0280,-0.0125
1568488302166441,加速度计,0.5459,6.8127,7.2042,,,,,,,
1568488312189982,加速度计,0.6764,6.8181,9.5176,,,,,,,
1568488312201909,陀螺仪,,,,,,,,-0.0025,0.0250,-0.0418
1568488322213941,加速度计,-0.3663,6.5709,7.4915,,,,,,,
1568488332238107,加速度计,-0.0587,7.0737,3.8834,,,,,,,
1568488332250243,陀螺仪,,,,,,,,0.0411,-0.0017,-0.0499
1568488342262274,加速度计,0.9978,6.6248,5.4366,,,,,,,
1568488352284774,加速度计,-0.2017,5.6132,10.2795,,,,,,,
1568488352295243,陀螺仪,,,,,,,,-0.0000,-0.0234,-0.0810
1568488362304774,加速度计,-0.9708,7.8955,10.3118,,,,,,,
1568488372323732,加速度计,-0.9349,8.0798,9.0525,,,,,,,
1568488372333159,陀螺仪,,,,,,,,0.0925,-0.0109,-0.0485
1568488382342482,加速度计,-0.3621,5.9340,4.8381,,,,,,,
1568488392361232,加速度计,0.5812,6.2602,3.6727,,,,,,,
1568488392370659,陀螺仪,,,,,,,,0.0455,-0.0284,-0.0329
1568488402379982,加速度计,0.0928,6.3847,4.8530,,,,,,,
1568488412399566,加速度计,-0.4328,5.9897,8.2720,,,,,,,
1568488412413003,陀螺仪,,,,,,,,-0.0083,-0.0341,-0.0249
1568488422420659,加速度计,0.0742,6.4530,6.1172,,,,,,,
1568488432436076,加速度计,0.4914,7.0964,5.7838,,,,,,,
1568488432443836,陀螺仪,,,,,,,,0.0069,-0.0153,0.0116
1568488442451493,加速度计,0.0269,7.7345,5.6066,,,,,,,
1568488452467118,加速度计,0.5429,6.8037,8.4348,,,,,,,
1568488452475086,陀螺仪,,,,,,,,-0.0421,-0.0112,0.0197
1568488462483159,加速度计,-0.4818,7.9553,9.1877,,,,,,,
1568488472499618,加速度计,0.6542,7.7069,8.3941,,,,,,,
1568488472508003,陀螺仪,,,,,,,,0.0036,-0.0003,0.0550
1568488482516493,加速度计,1.3437,6.9881,7.3508,,,,,,,
1568488492533784,加速度计,0.6650,8.2678,5.6659,,,,,,,
1568488492542586,陀螺仪,,,,,,,,0.0129,0.0132,-0.0019
1568488502551493,加速度计,0.3029,6.5230,7.2772,,,,,,,
1568488512569826,加速度计,0.3322,7.6854,6.8911,,,,,,,
1568488512579253,陀螺仪,,,,,,,,0.0234,0.0044,-0.0057
1568488522588784,加速度计,0.2257,6.7702,6.9306,,,,,,,
1568488532608159,加速度计,1.6700,6.1441,7.5776,,,,,,,
1568488532618003,陀螺仪,,,,,,,,0.0571,0.0008,-0.0196
1568488542627951,加速度计,0.7446,7.4340,6.1980,,,,,,,
1568488552658420,陀螺仪,,,,,,,,0.0667,-0.0056,-0.0438
1568488552648159,加速度计,0.6704,7.3239,7.1299,,,,,,,
1568488562668784,加速度计,1.3162,7.5896,5.7054,,,,,,,
1568488572689826,加速度计,1.9333,8.2001,6.2578,,,,,,,
1568488572700503,陀螺仪,,,,,,,,0.0278,-0.0130,-0.0895
1568488582711284,加速度计,0.2107,7.2646,11.8513,,,,,,,
1568488592732951,加速度计,2.2422,7.5735,6.3351,,,,,,,
1568488592743836,陀螺仪,,,,,,,,0.0682,0.0117,-0.1071
1568488602754618,加速度计,1.4922,6.7301,3.8966,,,,,,,
1568488612776284,加速度计,0.7697,5.9191,4.8746,,,,,,,
1568488612787170,陀螺仪,,,,,,,,-0.0023,0.0053,-0.1228
1568488622798159,加速度计,0.8942,6.1525,11.2743,,,,,,,
1568488632827534,陀螺仪,,,,,,,,0.0748,0.0256,-0.1035
1568488632819982,加速度计,0.5483,8.4246,9.2811,,,,,,,
1568488642834982,加速度计,1.1360,9.9036,4.4125,,,,,,,
1568488655579188,GPS,,,,31.9414,118.7891,3.7100,84.7000,,,
1568488652849982,加速度计,1.3372,6.5062,7.7542,,,,,,,
1568488652857534,陀螺仪,,,,,,,,0.0056,0.0162,-0.1413
1568488662868316,加速度计,-1.0223,7.4190,7.1497,,,,,,,
1568488672900659,加速度计,-0.4866,6.6822,7.5567,,,,,,,
1568488672903836,陀螺仪,,,,,,,,0.0238,0.0103,-0.0920
1568488682907118,加速度计,0.2269,6.6373,3.6883,,,,,,,
1568488692914201,加速度计,0.5010,5.3774,4.2341,,,,,,,
1568488692918003,陀螺仪,,,,,,,,-0.0029,-0.0124,-0.0808
1568488702922326,加速度计,0.2634,6.6044,6.2405,,,,,,,
1568488712931909,加速度计,-0.2813,7.5082,7.3765,,,,,,,
1568488712937170,陀螺仪,,,,,,,,-0.0009,-0.0222,-0.0957
1568488722943159,加速度计,0.2879,7.5465,8.0577,,,,,,,
1568488732956284,加速度计,0.3693,6.3213,5.9322,,,,,,,
1568488732963420,陀螺仪,,,,,,,,0.0569,0.0103,-0.0842
1568488742971493,加速度计,0.3059,7.8883,1.6137,,,,,,,
1568488752988784,加速度计,-1.5652,6.4841,6.2794,,,,,,,
1568488752998003,陀螺仪,,,,,,,,-0.0630,-0.0282,-0.0658
1568488763008159,加速度计,0.0515,7.6740,9.9964,,,,,,,
1568488773029618,加速度计,1.1785,6.5876,10.1347,,,,,,,
1568488773040920,陀螺仪,,,,,,,,0.0039,-0.0206,-0.0258
1568488783052951,加速度计,0.9200,7.1347,7.2712,,,,,,,
1568488793090920,陀螺仪,,,,,,,,0.0224,0.0099,-0.0559
1568488793077951,加速度计,0.7835,6.5152,2.9365,,,,,,,
1568488803104409,加速度计,1.1247,6.4925,4.8399,,,,,,,
1568488813131909,加速度计,-0.2215,6.0699,8.5587,,,,,,,
1568488813145920,陀螺仪,,,,,,,,-0.0542,-0.0156,-0.0687
1568488823160034,加速度计,-0.2059,6.6822,9.2596,,,,,,,
1568488833188368,加速度计,0.9708,7.7656,10.1951,,,,,,,
1568488833202586,陀螺仪,,,,,,,,-0.0064,-0.0242,-0.0475
1568488843220034,加速度计,0.7787,7.2209,9.0776,,,,,,,
1568488853245034,加速度计,0.1628,6.2339,9.4499,,,,,,,
1568488853243107,陀螺仪,,,,,,,,0.0336,-0.0119,-0.0663
1568488863241389,加速度计,0.7596,8.2181,7.9799,,,,,,,
1568488873239097,加速度计,-0.7003,5.8532,11.1378,,,,,,,
1568488873238628,陀螺仪,,,,,,,,0.0530,-0.0176,-0.0768
1568488883238993,加速度计,0.3956,7.5974,10.0598,,,,,,,
1568488893241649,加速度计,0.0431,6.9983,3.4064,,,,,,,
1568488893243993,陀螺仪,,,,,,,,0.1513,0.0222,-0.0523
1568488903247482,加速度计,0.6237,7.8482,-3.7254,,,,,,,
1568488913257691,加速度计,0.6452,6.6008,-8.1151,,,,,,,
1568488913280034,陀螺仪,,,,,,,,-0.1257,-0.0437,-0.0999
1568488923314357,加速度计,-0.3448,5.0578,4.6681,,,,,,,
1568488933373316,加速度计,0.0622,3.4471,17.0300,,,,,,,
1568488933397951,陀螺仪,,,,,,,,-0.2760,-0.1039,-0.0659
1568488943407482,加速度计,0.2394,9.0273,17.5381,,,,,,,
1568488953426441,加速度计,-0.3256,8.9154,7.7949,,,,,,,
1568488953435868,陀螺仪,,,,,,,,-0.0019,0.0425,0.0372
1568488963445191,加速度计,0.1460,6.2118,2.3068,,,,,,,
1568488973463941,加速度计,0.4417,4.0049,6.6595,,,,,,,
1568488973473368,陀螺仪,,,,,,,,-0.0851,0.0760,0.1097
1568488983482691,加速度计,0.3346,6.4464,7.9236,,,,,,,
1568488993501441,加速度计,-0.3783,9.2548,9.9587,,,,,,,
1568488993510868,陀螺仪,,,,,,,,-0.0206,0.0561,0.1061
1568489003520191,加速度计,0.2711,7.1982,8.0553,,,,,,,
1568489013538941,加速度计,0.6620,5.3917,5.5132,,,,,,,
1568489013548368,陀螺仪,,,,,,,,0.0627,0.0650,0.0575
1568489023557691,加速度计,0.7404,7.1341,4.3934,,,,,,,
1568489033585868,陀螺仪,,,,,,,,0.0274,0.0202,-0.0301
1568489033576441,加速度计,0.2508,8.6419,5.7790,,,,,,,
1568489043595191,加速度计,-0.0431,8.8825,5.1380,,,,,,,
1568489053623368,陀螺仪,,,,,,,,-0.0213,-0.0180,-0.0561
1568489053613941,加速度计,0.1562,7.0246,7.6351,,,,,,,
1568489063632691,加速度计,-0.4339,6.7534,8.4378,,,,,,,
1568489073651441,加速度计,-0.2717,5.8598,10.2681,,,,,,,
1568489073660868,陀螺仪,,,,,,,,0.0473,-0.0041,-0.0140
1568489083670191,加速度计,0.9637,9.0591,3.8744,,,,,,,
1568489093688941,加速度计,0.6051,6.8815,2.5672,,,,,,,
1568489093698368,陀螺仪,,,,,,,,0.0157,-0.0043,-0.0418
1568489103707691,加速度计,0.2885,6.3363,4.7268,,,,,,,
1568489113735868,陀螺仪,,,,,,,,-0.0623,-0.0467,-0.0779
1568489113726441,加速度计,-0.4914,8.1541,7.0324,,,,,,,
1568489123745191,加速度计,-0.0389,7.7434,12.8006,,,,,,,
1568489133763941,加速度计,0.0030,9.6223,7.3089,,,,,,,
1568489133773368,陀螺仪,,,,,,,,0.0138,-0.0084,-0.0417
1568489143789045,加速度计,-0.3992,7.9057,5.6132,,,,,,,
1568489153806128,加速度计,1.4892,7.6405,3.3477,,,,,,,
1568489153814722,陀螺仪,,,,,,,,-0.0925,-0.0186,-0.0636
1568489163824566,加速度计,0.7781,6.8480,5.1769,,,,,,,
1568489173846909,加速度计,-0.3801,6.5864,8.0667,,,,,,,
1568489183859409,加速度计,-0.5034,4.2886,14.6112,,,,,,,
1568489173853211,陀螺仪,,,,,,,,-0.1858,-0.0646,-0.1256
1568489193872170,加速度计,-1.4473,3.8026,13.5362,,,,,,,
1568489193878732,陀螺仪,,,,,,,,0.0778,-0.0232,-0.0806
1568489203885347,加速度计,-0.0473,6.3548,1.9974,,,,,,,
1568489213899201,加速度计,1.4174,8.2821,-0.4405,,,,,,,
1568489213906441,陀螺仪,,,,,,,,0.0993,-0.0631,-0.0767
1568489223913889,加速度计,0.9409,7.5226,2.0931,,,,,,,
1568489233929670,加速度计,-0.3059,7.9823,3.6931,,,,,,,
1568489233938003,陀螺仪,,,,,,,,-0.0614,-0.0979,-0.1637
1568489243946701,加速度计,-1.2462,7.3652,7.4585,,,,,,,
1568489253964982,加速度计,-0.4058,5.6761,16.5182,,,,,,,
1568489253974566,陀螺仪,,,,,,,,-0.0810,-0.0907,-0.0499
1568489263984514,加速度计,-0.9176,6.8163,15.0045,,,,,,,
1568489274005034,加速度计,0.0976,8.8951,6.2752,,,,,,,
1568489274015607,陀螺仪,,,,,,,,0.1306,0.0321,0.0964
1568489284026389,加速度计,2.0183,8.0026,2.8922,,,,,,,
1568489294048576,加速度计,0.7207,4.0564,10.1724,,,,,,,
1568489294059930,陀螺仪,,,,,,,,0.0633,0.0387,0.0425
1568489304071336,加速度计,0.2741,7.3610,6.0226,,,,,,,
1568489314094514,加速度计,0.2574,9.3314,3.7182,,,,,,,
1568489314106232,陀螺仪,,,,,,,,0.1045,0.0261,0.0695
1568489324117847,加速度计,0.8900,6.9653,4.4323,,,,,,,
1568489334141180,加速度计,0.8685,6.0250,5.7084,,,,,,,
1568489334152899,陀螺仪,,,,,,,,0.0451,0.0272,0.0242
1568489344164514,加速度计,-0.9906,8.1594,4.8734,,,,,,,
1568489354186024,加速度计,-0.0275,9.6271,5.4558,,,,,,,
1568489354196128,陀螺仪,,,,,,,,-0.0154,0.0028,0.0096
1568489364205659,加速度计,-0.9068,6.4141,8.6299,,,,,,,
1568489374224826,加速度计,-1.0421,4.2335,11.6137,,,,,,,
1568489374234409,陀螺仪,,,,,,,,0.0236,0.0100,0.0189
1568489384243732,加速度计,-1.2456,8.1732,5.8281,,,,,,,
1568489394262482,加速度计,0.0748,7.1635,4.6465,,,,,,,
1568489394271909,陀螺仪,,,,,,,,0.0336,0.0060,0.0579
1568489404281232,加速度计,1.5030,7.5627,3.1161,,,,,,,
1568489414301024,加速度计,-0.7350,5.9580,7.1251,,,,,,,
1568489414313420,陀螺仪,,,,,,,,-0.0678,-0.0230,-0.0225
1568489424321076,加速度计,-0.4735,5.3121,10.4345,,,,,,,
1568489434336493,加速度计,-0.3555,7.3275,7.1204,,,,,,,
1568489434344253,陀螺仪,,,,,,,,0.0095,-0.0103,0.0073
1568489444351909,加速度计,0.8996,5.9921,5.5988,,,,,,,
1568489454367586,加速度计,0.7691,5.7964,7.2927,,,,,,,
1568489454375607,陀螺仪,,,,,,,,-0.0057,-0.0141,-0.0164
1568489464383680,加速度计,0.0982,8.4671,6.8492,,,,,,,
1568489474400191,加速度计,-0.4202,7.1078,7.5776,,,,,,,
1568489474408628,陀螺仪,,,,,,,,-0.0348,-0.0350,-0.0342
1568489484417118,加速度计,0.8757,6.8534,8.2528,,,,,,,
1568489494434461,加速度计,-0.1287,4.9327,11.6310,,,,,,,
1568489494443316,陀螺仪,,,,,,,,0.0141,-0.0258,-0.0430
1568489504452222,加速度计,-0.2047,5.7928,6.7750,,,,,,,
1568489514470659,加速度计,0.9116,6.9492,3.1478,,,,,,,
1568489514480139,陀螺仪,,,,,,,,0.0874,-0.0330,-0.0252
1568489524489670,加速度计,0.7602,7.2526,5.1170,,,,,,,
1568489534509097,加速度计,0.4262,7.3598,6.4506,,,,,,,
1568489534518993,陀螺仪,,,,,,,,0.0289,-0.0317,-0.0519
1568489544528941,加速度计,0.3645,9.6391,6.4326,,,,,,,
1568489554549201,加速度计,0.1496,9.2925,6.9983,,,,,,,
1568489554559514,陀螺仪,,,,,,,,-0.0654,-0.0567,-0.0687
1568489564569878,加速度计,0.4250,6.8007,8.6874,,,,,,,
1568489574590972,加速度计,0.2987,7.2395,7.4184,,,,,,,
1568489574601701,陀螺仪,,,,,,,,-0.0738,-0.0370,-0.0719
1568489584612482,加速度计,0.6997,7.1706,8.2061,,,,,,,
1568489594634149,加速度计,0.6195,6.3458,8.3839,,,,,,,
1568489594645034,陀螺仪,,,,,,,,-0.0602,-0.0510,-0.0662
1568489604655816,加速度计,1.1738,6.9270,8.8615,,,,,,,
1568489614677482,加速度计,1.1588,7.1856,6.1651,,,,,,,
1568489614688472,陀螺仪,,,,,,,,0.0174,-0.0567,-0.1241
1568489624699670,加速度计,1.0008,6.8019,6.1064,,,,,,,
1568489638786792,GPS,,,,31.9414,118.7891,3.3800,82.3000,,,
1568489634719045,加速度计,1.4449,7.9051,6.3877,,,,,,,
1568489634727847,陀螺仪,,,,,,,,0.0099,-0.0863,-0.1920
1568489644736545,加速度计,-0.0042,7.5651,8.5042,,,,,,,
1568489654754045,加速度计,0.1586,8.0337,8.4414,,,,,,,
1568489654764722,陀螺仪,,,,,,,,0.0218,-0.0947,-0.1984
1568489664775920,加速度计,0.9846,6.8103,5.4815,,,,,,,
1568489674796389,加速度计,0.5980,6.0843,2.3074,,,,,,,
1568489674804149,陀螺仪,,,,,,,,-0.0115,-0.0973,-0.1798
1568489684811805,加速度计,0.9792,5.9598,8.3863,,,,,,,
1568489694827222,加速度计,-0.1478,6.7062,10.7643,,,,,,,
1568489694835034,陀螺仪,,,,,,,,0.0096,-0.0838,-0.1189
1568489704842899,加速度计,2.2547,7.3885,8.7508,,,,,,,
1568489714858993,加速度计,1.3204,6.7798,2.3104,,,,,,,
1568489724875503,加速度计,-0.2676,5.8257,2.0931,,,,,,,
1568489714867222,陀螺仪,,,,,,,,0.0862,-0.0115,-0.1189
1568489734892430,加速度计,0.3938,6.3069,4.8207,,,,,,,
1568489744909774,加速度计,-1.0247,7.8326,8.2552,,,,,,,
1568489734901076,陀螺仪,,,,,,,,-0.0257,-0.0264,-0.0633
1568489754927534,加速度计,-0.0257,7.5675,8.8334,,,,,,,
1568489754936649,陀螺仪,,,,,,,,-0.0040,-0.0117,0.0161
1568489764945972,加速度计,1.2085,6.3554,7.0030,,,,,,,
1568489774964982,加速度计,-0.0611,7.7201,4.7645,,,,,,,
1568489774974670,陀螺仪,,,,,,,,0.0119,0.0328,-0.0005
1568489784984409,加速度计,-0.3657,6.8678,7.8566,,,,,,,
1568489795004253,加速度计,-0.3753,7.1838,6.3375,,,,,,,
1568489795014357,陀螺仪,,,,,,,,0.0027,0.0386,0.0423
1568489805024514,加速度计,-0.4220,6.4230,5.7658,,,,,,,
1568489815045191,加速度计,0.6835,6.5823,7.3334,,,,,,,
1568489815055711,陀螺仪,,,,,,,,-0.0357,0.0190,0.0583
1568489825066284,加速度计,0.6387,5.8335,9.7438,,,,,,,
1568489835087795,加速度计,0.1993,8.4779,8.3067,,,,,,,
1568489835098680,陀螺仪,,,,,,,,0.0391,0.0405,0.0423
1568489845109461,加速度计,0.6476,8.0744,7.0413,,,,,,,
1568489855131128,加速度计,0.3950,6.7953,7.0910,,,,,,,
1568489865152795,加速度计,0.5058,6.9953,5.2146,,,,,,,
1568489855142014,陀螺仪,,,,,,,,0.0365,0.0377,-0.0017
1568489875174201,加速度计,0.1245,7.0467,5.3061,,,,,,,
1568489875184566,陀螺仪,,,,,,,,-0.0153,-0.0083,-0.0676
1568489885193889,加速度计,-0.0377,6.9115,5.0943,,,,,,,
1568489895212639,加速度计,0.4166,6.2758,6.1621,,,,,,,
1568489895222066,陀螺仪,,,,,,,,-0.0929,-0.0523,-0.1156
1568489905231389,加速度计,0.4046,5.7521,7.6411,,,,,,,
1568489915253264,加速度计,0.4669,6.1926,11.3138,,,,,,,
1568489915274305,陀螺仪,,,,,,,,-0.0867,-0.0838,-0.1514
1568489925275711,加速度计,0.2693,7.4555,12.0410,,,,,,,
1568489935278889,加速度计,1.3623,7.4077,7.9667,,,,,,,
1568489935280764,陀螺仪,,,,,,,,0.0091,-0.0598,-0.1585
1568489945283003,加速度计,1.7867,6.1812,3.0891,,,,,,,
1568489955288628,加速度计,0.5854,6.7385,2.6899,,,,,,,
1568489955292066,陀螺仪,,,,,,,,-0.0860,-0.0979,-0.2559
1568489965296180,加速度计,-1.2480,5.5587,11.8722,,,,,,,
1568489975306076,加速度计,-0.7889,7.1670,10.8547,,,,,,,
1568489975311857,陀螺仪,,,,,,,,-0.0205,-0.1475,-0.2147
1568489985318472,加速度计,1.2109,8.6467,6.0621,,,,,,,
1568489995333628,加速度计,1.1546,6.1387,4.5921,,,,,,,
1568489995342170,陀螺仪,,,,,,,,-0.0312,-0.1695,-0.2828
1568490005351701,加速度计,-1.0672,3.6883,8.1780,,,,,,,
1568490015372430,加速度计,-0.0808,8.6323,4.3155,,,,,,,
1568490015383628,陀螺仪,,,,,,,,0.0338,-0.1742,-0.2487
1568490025395659,加速度计,1.1043,8.2857,5.3373,,,,,,,
1568490035421128,加速度计,0.2478,7.5980,6.2985,,,,,,,
1568490035434514,陀螺仪,,,,,,,,-0.0442,-0.1828,-0.2305
1568490045448420,加速度计,-0.2400,5.3205,12.5432,,,,,,,
1568490055477118,加速度计,0.3106,8.7125,7.1000,,,,,,,
1568490055491857,陀螺仪,,,,,,,,0.0810,-0.1196,-0.1334
1568490065506805,加速度计,0.7655,8.2887,5.0362,,,,,,,
1568490075537066,加速度计,0.5638,6.3416,3.9037,,,,,,,
1568490085567482,加速度计,-0.3597,6.5942,6.2219,,,,,,,
1568490075552326,陀螺仪,,,,,,,,0.0214,-0.1117,-0.1043
1568490095592170,加速度计,-0.2855,6.2782,9.6301,,,,,,,
1568490095602534,陀螺仪,,,,,,,,0.0387,-0.1089,-0.0655
1568490105611857,加速度计,-0.4932,8.5617,3.9899,,,,,,,
1568490115630607,加速度计,0.4316,8.7257,2.1165,,,,,,,
1568490115640034,陀螺仪,,,,,,,,-0.0105,-0.1124,-0.0123
1568490125649357,加速度计,1.0858,6.0669,9.7558,,,,,,,
1568490135668107,加速度计,-1.0918,7.5693,9.3625,,,,,,,
1568490135677534,陀螺仪,,,,,,,,0.0015,-0.0670,0.0079
1568490145686857,加速度计,-0.0676,8.4443,8.8478,,,,,,,
1568490155705607,加速度计,0.0551,7.8302,4.5610,,,,,,,
1568490155715295,陀螺仪,,,,,,,,-0.0015,-0.0395,0.0614
1568490165725659,加速度计,-1.2647,3.9941,7.5316,,,,,,,
1568490175745555,加速度计,-0.1030,7.5423,4.6166,,,,,,,
1568490175753524,陀螺仪,,,,,,,,0.0124,-0.0497,0.0854
1568490185761389,加速度计,-1.5586,6.5038,8.5796,,,,,,,
1568490195777222,加速度计,-0.4645,7.0437,8.0906,,,,,,,
1568490205793055,加速度计,-0.7775,8.1451,4.7477,,,,,,,
1568490195785191,陀螺仪,,,,,,,,0.0399,-0.0431,0.1182
1568490215809201,加速度计,-0.1269,8.1552,5.8939,,,,,,,
1568490215817482,陀螺仪,,,,,,,,-0.0410,-0.0660,0.1274
1568490225825764,加速度计,0.5997,5.6120,9.8964,,,,,,,
1568490235842743,加速度计,-0.8811,6.4883,8.3444,,,,,,,
1568490235851441,陀螺仪,,,,,,,,0.0133,-0.0200,0.1336
1568490245860139,加速度计,-0.0712,7.7692,5.4444,,,,,,,
1568490255877951,加速度计,0.3484,7.7776,6.8295,,,,,,,
1568490255887066,陀螺仪,,,,,,,,-0.0222,-0.0210,0.1357
1568490265896180,加速度计,-1.3390,5.8017,10.1640,,,,,,,
1568490275914826,加速度计,-0.3029,8.1894,5.3103,,,,,,,
1568490285933889,加速度计,0.3184,7.7566,6.7702,,,,,,,
1568490275924357,陀螺仪,,,,,,,,0.0309,-0.0415,0.1286
1568490295953368,加速度计,1.4383,6.4368,6.5589,,,,,,,
1568490295963316,陀螺仪,,,,,,,,0.0221,-0.0554,0.0808
1568490305973264,加速度计,-0.3729,6.9839,8.0278,,,,,,,
1568490315993576,加速度计,-0.5028,7.9655,7.2712,,,,,,,
1568490316003941,陀螺仪,,,,,,,,0.0554,-0.0421,0.0554
1568490326014305,加速度计,-0.1814,7.6148,5.8849,,,,,,,
1568490336035451,加速度计,0.8888,7.5352,4.5400,,,,,,,
1568490336046232,陀螺仪,,,,,,,,0.0150,-0.0843,0.0672
1568490346057014,加速度计,0.7242,5.9987,7.3436,,,,,,,
1568490356078680,加速度计,-0.9008,6.6277,5.8921,,,,,,,
1568490356089566,陀螺仪,,,,,,,,0.0144,-0.0759,0.0174
1568490366100347,加速度计,-0.7374,7.2275,5.4175,,,,,,,
1568490376122014,加速度计,-0.4112,6.6463,7.7069,,,,,,,
1568490376132795,陀螺仪,,,,,,,,-0.0228,-0.1060,0.0502
1568490386143368,加速度计,-0.0036,5.5031,7.3658,,,,,,,
1568490396162743,加速度计,0.2682,6.9019,5.4145,,,,,,,
1568490406181493,加速度计,-0.7314,6.8157,5.0631,,,,,,,
1568490396172170,陀螺仪,,,,,,,,0.0181,-0.0937,0.0403
1568490416208993,加速度计,0.3663,6.0639,6.7241,,,,,,,
1568490416228107,陀螺仪,,,,,,,,-0.0469,-0.1043,0.0618
1568490426225555,加速度计,-0.3944,7.0407,7.9027,,,,,,,
1568490436221180,加速度计,-1.2833,6.2225,11.3587,,,,,,,
1568490436219566,陀螺仪,,,,,,,,-0.0297,-0.0889,0.1165
1568490446218264,加速度计,0.1945,6.1250,8.3372,,,,,,,
1568490456217639,加速度计,-0.1999,7.4621,5.1356,,,,,,,
1568490456218420,陀螺仪,,,,,,,,0.0177,-0.0575,0.1598
1568490466219826,加速度计,0.1490,6.1836,6.8438,,,,,,,
1568490476225555,加速度计,-0.4519,6.0825,7.0300,,,,,,,
1568490476229982,陀螺仪,,,,,,,,-0.0182,-0.0361,0.2160
1568490486235347,加速度计,-0.0084,6.7630,8.9669,,,,,,,
1568490496249305,加速度计,1.1019,7.2137,7.2820,,,,,,,
1568490496257899,陀螺仪,,,,,,,,0.0057,0.0133,0.2683
1568490506267430,加速度计,-0.0395,5.7796,7.3041,,,,,,,
1568490516289722,加速度计,0.3950,8.2055,6.7941,,,,,,,
1568490516302378,陀螺仪,,,,,,,,0.0093,0.0587,0.2945
1568490526315868,加速度计,-0.5088,7.1180,10.1293,,,,,,,
1568490536345451,加速度计,0.6740,7.8614,8.8436,,,,,,,
1568490536361336,陀螺仪,,,,,,,,0.0535,0.0961,0.3479
1568490546377743,加速度计,0.1748,8.7340,6.1770,,,,,,,
1568490556412222,加速度计,0.4483,7.9877,5.6659,,,,,,,
1568490566448159,加速度计,1.2617,6.6409,4.0845,,,,,,,
1568490556430086,陀螺仪,,,,,,,,0.0380,0.1020,0.3386
1568490576484722,加速度计,0.3214,7.8135,1.8292,,,,,,,
1568490576502586,陀螺仪,,,,,,,,-0.0302,0.0983,0.2613
1568490586519826,加速度计,0.8452,7.2808,5.3403,,,,,,,
1568490596542847,加速度计,0.2089,6.7026,9.8946,,,,,,,
1568490596552378,陀螺仪,,,,,,,,-0.0957,0.0790,0.2160
1568490606561701,加速度计,0.4202,7.5328,8.6808,,,,,,,
1568490616580451,加速度计,1.6047,7.1988,7.2419,,,,,,,
1568490616590607,陀螺仪,,,,,,,,-0.0421,0.0708,0.1598
1568490626606753,加速度计,1.6227,5.4851,8.2935,,,,,,,
1568490636555437,GPS,,,,31.9414,118.7892,3.5500,82.4000,,,
1568490636618836,加速度计,1.5323,7.3370,6.8187,,,,,,,
1568490636624930,陀螺仪,,,,,,,,0.0065,0.0648,0.0707
1568490646630920,加速度计,1.1187,7.4376,7.3688,,,,,,,
1568490656643420,加速度计,1.0175,7.2161,5.7299,,,,,,,
1568490656649930,陀螺仪,,,,,,,,0.0007,0.0308,0.0253
1568490666656336,加速度计,2.2577,6.0771,6.8887,,,,,,,
1568490676670086,加速度计,1.8477,6.0867,4.9159,,,,,,,
1568490676677430,陀螺仪,,,,,,,,-0.0148,0.0218,-0.0509
1568490686684670,加速度计,0.1460,6.3434,8.4438,,,,,,,
1568490696700503,加速度计,1.2671,7.1305,6.1770,,,,,,,
1568490696709097,陀螺仪,,,,,,,,0.0081,0.0083,-0.0732
1568490706717586,加速度计,0.1987,6.5009,8.5455,,,,,,,
1568490716735920,加速度计,0.1826,6.8510,5.7335,,,,,,,
1568490716745764,陀螺仪,,,,,,,,0.0455,-0.0088,-0.0867
1568490726755503,加速度计,0.4561,7.2574,7.4657,,,,,,,
1568490736776336,加速度计,1.0792,7.6327,7.9535,,,,,,,
1568490736787222,陀螺仪,,,,,,,,0.0479,-0.0244,-0.1032
1568490746798003,加速度计,-0.3160,8.4426,7.1180,,,,,,,
1568490756820503,加速度计,-0.6530,5.9879,8.6682,,,,,,,
1568490756832222,陀螺仪,,,,,,,,0.0537,-0.0280,-0.0763
1568490766843836,加速度计,0.3118,7.5824,4.7585,,,,,,,
1568490776867586,加速度计,-0.5459,6.2602,5.1451,,,,,,,
1568490776879722,陀螺仪,,,,,,,,0.0272,-0.0419,-0.0340
1568490786891753,加速度计,0.2269,7.6591,6.9061,,,,,,,
1568490796915920,加速度计,0.0060,7.4657,7.2227,,,,,,,
1568490796928055,陀螺仪,,,,,,,,0.0193,-0.0381,-0.0242
1568490806940086,加速度计,-1.2133,8.0870,6.2704,,,,,,,
1568490816960503,加速度计,-0.1945,7.4962,6.1519,,,,,,,
1568490816970139,陀螺仪,,,,,,,,-0.0068,-0.0442,0.0284
1568490826979670,加速度计,0.3651,7.5405,6.5104,,,,,,,
1568490836998420,加速度计,-1.5473,6.7983,6.9438,,,,,,,
1568490837007847,陀螺仪,,,,,,,,-0.0372,-0.0370,0.0631
1568490847017170,加速度计,-0.6027,8.0966,6.7696,,,,,,,
1568490857035920,加速度计,-0.2071,5.7826,7.6848,,,,,,,
1568490857045347,陀螺仪,,,,,,,,-0.0423,-0.0358,0.1262
1568490867054670,加速度计,-0.0970,5.4833,5.0129,,,,,,,
1568490877085191,陀螺仪,,,,,,,,-0.0419,-0.0277,0.1462
1568490877077014,加速度计,-0.2095,6.8498,5.6126,,,,,,,
1568490887093264,加速度计,-1.2731,5.8407,9.0872,,,,,,,
1568490897109514,加速度计,0.9200,7.4549,8.2013,,,,,,,
1568490897117691,陀螺仪,,,,,,,,0.0052,0.0037,0.2043
1568490907125764,加速度计,-0.3274,7.9182,6.0454,,,,,,,
1568490917142847,加速度计,1.0720,6.9151,8.8963,,,,,,,
1568490917156753,陀螺仪,,,,,,,,-0.0316,0.0260,0.2423
1568490927168159,加速度计,0.3879,6.2734,10.6039,,,,,,,
1568490937188472,加速度计,-0.0742,7.1012,7.9930,,,,,,,
1568490937197899,陀螺仪,,,,,,,,0.0441,0.0812,0.3084
1568490947207222,加速度计,1.2905,5.9580,6.8061,,,,,,,
1568490957225972,加速度计,0.5938,5.5767,3.2555,,,,,,,
1568490967244722,加速度计,0.9685,6.3638,5.9819,,,,,,,
1568490957235399,陀螺仪,,,,,,,,0.0439,0.1003,0.3127
1568490977263472,加速度计,-0.2687,6.9941,6.9486,,,,,,,
1568490977272899,陀螺仪,,,,,,,,-0.0065,0.1053,0.2847
1568490987282222,加速度计,0.5429,6.7211,8.2893,,,,,,,
1568490997300972,加速度计,0.5974,6.5900,9.2129,,,,,,,
1568490997310399,陀螺仪,,,,,,,,0.0120,0.1414,0.2947
1568491007319722,加速度计,-0.5195,7.4442,7.4274,,,,,,,
1568491017338472,加速度计,0.5124,5.6922,6.5206,,,,,,,
1568491017347899,陀螺仪,,,,,,,,0.0477,0.1842,0.3525
1568491027357222,加速度计,1.1720,8.0792,1.7232,,,,,,,
1568491037375972,加速度计,0.3400,7.3909,7.2598,,,,,,,
1568491037385399,陀螺仪,,,,,,,,-0.0791,0.1341,0.2915
1568491047394722,加速度计,1.4593,6.1998,12.2655,,,,,,,
1568491057413472,加速度计,-0.9200,8.6095,9.8468,,,,,,,
1568491057422899,陀螺仪,,,,,,,,0.0391,0.1704,0.2671
1568491067432222,加速度计,1.0463,7.9266,7.1048,,,,,,,
1568491077450972,加速度计,1.8890,5.7652,9.1405,,,,,,,
1568491077460399,陀螺仪,,,,,,,,0.0611,0.1818,0.2654
1568491087469722,加速度计,1.1139,8.3725,4.5723,,,,,,,
1568491097488472,加速度计,0.6829,7.8709,4.4412,,,,,,,
1568491097497899,陀螺仪,,,,,,,,0.0405,0.1530,0.1676
1568491107507222,加速度计,0.4477,6.9168,4.9386,,,,,,,
1568491117525972,加速度计,1.2139,5.7964,5.6371,,,,,,,
1568491117539149,陀螺仪,,,,,,,,-0.0016,0.1071,0.1009
1568491127571389,加速度计,0.6907,7.8237,7.2083,,,,,,,
1568491137565243,加速度计,-0.1670,6.6870,6.3548,,,,,,,
1568491137562586,陀螺仪,,,,,,,,-0.0056,0.1008,0.0567
1568491147560034,加速度计,-0.1939,5.8089,9.0531,,,,,,,
1568491157556597,加速度计,0.6620,6.5811,6.1022,,,,,,,
1568491157556024,陀螺仪,,,,,,,,0.0453,0.1158,0.0917
1568491167555764,加速度计,1.3162,8.2109,5.5486,,,,,,,
1568491177561284,陀螺仪,,,,,,,,-0.0104,0.1193,0.0383
1568491177558316,加速度计,0.6871,7.0970,6.4021,,,,,,,
1568491187564670,加速度计,-0.0198,6.1441,6.3440,,,,,,,
1568491197582586,陀螺仪,,,,,,,,-0.0127,0.1072,0.0559
1568491197575243,加速度计,0.0245,6.9180,7.1868,,,,,,,
1568491207590399,加速度计,1.4521,7.4250,5.0613,,,,,,,
1568491217610086,加速度计,0.1191,7.6225,9.1441,,,,,,,
1568491217621805,陀螺仪,,,,,,,,-0.0493,0.1001,0.0349
1568491227633889,加速度计,-0.3639,6.8767,10.4321,,,,,,,
1568491237661389,加速度计,-0.4238,6.2357,6.7427,,,,,,,
1568491237676649,陀螺仪,,,,,,,,0.0294,0.1286,0.0824
1568491247692170,加速度计,0.7638,7.0276,4.5837,,,,,,,
1568491257725764,加速度计,1.4132,7.0964,5.9795,,,,,,,
1568491257743524,陀螺仪,,,,,,,,-0.0158,0.0981,0.0507
1568491267761336,加速度计,-0.5339,5.9053,11.4305,,,,,,,
1568491277798107,加速度计,-0.0856,9.3685,6.8690,,,,,,,
1568491277816909,陀螺仪,,,,,,,,0.0755,0.1177,0.0587
1568491287835607,加速度计,0.0964,8.5850,3.6895,,,,,,,
1568491297870972,加速度计,0.3196,6.6026,4.5873,,,,,,,
1568491297881232,陀螺仪,,,,,,,,-0.0221,0.0920,0.0695
1568491307891180,加速度计,0.3472,5.4983,9.1758,,,,,,,
1568491317909930,加速度计,-0.4747,7.2921,8.3396,,,,,,,
1568491317919357,陀螺仪,,,,,,,,0.0376,0.1242,0.0901
1568491327928680,加速度计,0.2562,8.3157,4.7357,,,,,,,
1568491337947430,加速度计,0.4645,6.9522,4.6699,,,,,,,
1568491337956857,陀螺仪,,,,,,,,-0.0019,0.1373,0.0957
1568491347966180,加速度计,-0.4088,6.6708,5.9077,,,,,,,
1568491357984930,加速度计,0.2227,7.6806,8.4048,,,,,,,
1568491357994357,陀螺仪,,,,,,,,-0.0469,0.1119,0.1109
1568491368004149,加速度计,0.1903,8.4605,7.2658,,,,,,,
1568491378030034,加速度计,0.3891,6.4482,6.1717,,,,,,,
1568491378035711,陀螺仪,,,,,,,,-0.0590,0.1368,0.1108
1568491388041284,加速度计,-0.4495,5.2553,7.6926,,,,,,,
1568491398052639,加速度计,-0.6051,5.7521,7.8608,,,,,,,
1568491398058524,陀螺仪,,,,,,,,-0.0216,0.1281,0.1186
1568491408064514,加速度计,1.3084,7.3849,6.7959,,,,,,,
1568491418077222,加速度计,0.5507,6.5811,6.1429,,,,,,,
1568491418083941,陀螺仪,,,,,,,,-0.0061,0.1132,0.0810
1568491428090868,加速度计,-0.0180,6.2501,7.5645,,,,,,,
1568491438113732,陀螺仪,,,,,,,,0.0095,0.0924,0.0382
1568491438105764,加速度计,-0.1383,7.9619,5.4666,,,,,,,
1568491448121909,加速度计,0.0509,6.4781,7.6423,,,,,,,
1568491458139305,加速度计,0.6159,6.9396,7.4669,,,,,,,
1568491458148524,陀螺仪,,,,,,,,-0.0107,0.0671,0.0120
1568491468157951,加速度计,-0.4016,6.4404,9.3434,,,,,,,
1568491478177847,加速度计,0.7159,7.3161,7.3143,,,,,,,
1568491478188316,陀螺仪,,,,,,,,0.0377,0.0589,-0.0060
1568491488198993,加速度计,0.6877,6.1106,7.0336,,,,,,,
1568491498221284,加速度计,0.6883,7.7153,5.4498,,,,,,,
1568491498232795,陀螺仪,,,,,,,,0.0246,0.0463,-0.0369
1568491508244409,加速度计,0.3897,6.3925,9.2668,,,,,,,
1568491518268264,加速度计,1.3719,7.6596,6.5038,,,,,,,
1568491518280399,陀螺仪,,,,,,,,0.0264,0.0358,-0.0595
1568491528292534,加速度计,0.8769,6.0507,7.1233,,,,,,,
1568491538317118,加速度计,0.6494,6.8642,6.9635,,,,,,,
1568491538329461,陀螺仪,,,,,,,,0.0065,0.0145,-0.0872
1568491548341701,加速度计,0.0503,6.3321,9.2925,,,,,,,
1568491558365139,加速度计,1.3503,7.9218,5.7533,,,,,,,
1568491558375191,陀螺仪,,,,,,,,0.0555,0.0202,-0.0996
1568491568384826,加速度计,0.8350,7.8847,4.7681,,,,,,,
1568491578403576,加速度计,0.4878,5.5833,9.0273,,,,,,,
1568491578413003,陀螺仪,,,,,,,,-0.0037,-0.0108,-0.1120
1568491588422326,加速度计,1.0008,6.7720,7.5579,,,,,,,
1568491598441076,加速度计,0.3944,8.8538,5.3678,,,,,,,
1568491598450503,陀螺仪,,,,,,,,0.0104,-0.0181,-0.1157
1568491608459826,加速度计,1.3952,6.8468,8.0744,,,,,,,
1568491618478784,加速度计,0.4806,7.3927,8.3659,,,,,,,
1568491618488628,陀螺仪,,,,,,,,0.0233,0.0093,-0.0953
1568491635095176,GPS,,,,31.9414,118.7892,3.4400,83.8000,,,
1568491628500607,加速度计,0.2664,6.7307,6.6044,,,,,,,
1568491638516857,加速度计,1.3509,7.7931,4.2551,,,,,,,
1568491638525034,陀螺仪,,,,,,,,0.0338,0.0185,-0.0565
1568491648533107,加速度计,1.3647,6.9210,7.3400,,,,,,,
1568491658549357,加速度计,1.1001,6.3548,6.6870,,,,,,,
1568491658557534,陀螺仪,,,,,,,,0.0258,0.0506,-0.0494
1568491668565711,加速度计,1.1426,8.3707,7.2688,,,,,,,
1568491678582482,加速度计,1.2863,7.5226,7.9308,,,,,,,
1568491678591076,陀螺仪,,,,,,,,0.0229,0.0676,-0.0321
1568491688599670,加速度计,1.0157,6.9438,7.4843,,,,,,,
1568491698617274,加速度计,0.6165,7.6363,2.9221,,,,,,,
1568491698626284,陀螺仪,,,,,,,,0.0274,0.0949,-0.0414
1568491708635295,加速度计,0.9571,6.0130,4.5472,,,,,,,
1568491718653732,加速度计,0.3825,4.9686,8.7460,,,,,,,
1568491718663159,陀螺仪,,,,,,,,-0.0168,0.0570,-0.0406
1568491728672586,加速度计,0.4938,7.1970,8.9513,,,,,,,
1568491738691857,加速度计,1.8998,7.4190,5.2918,,,,,,,
1568491738701701,陀螺仪,,,,,,,,0.0708,0.0545,-0.0951
1568491748711545,加速度计,0.5758,7.2718,5.7461,,,,,,,
1568491758731649,加速度计,0.3394,7.1138,8.6784,,,,,,,
1568491758741909,陀螺仪,,,,,,,,0.0127,0.0238,-0.1487
1568491768752170,加速度计,1.1672,7.8931,8.9262,,,,,,,
1568491778783472,陀螺仪,,,,,,,,0.0349,0.0193,-0.1680
1568491778773003,加速度计,0.0383,8.6706,4.7375,,,,,,,
1568491788793836,加速度计,0.3065,6.3261,4.9171,,,,,,,
1568491798825139,陀螺仪,,,,,,,,-0.0169,-0.0044,-0.1518
1568491798814670,加速度计,0.7811,5.8125,8.2977,,,,,,,
1568491808835503,加速度计,-0.1502,7.4986,8.6999,,,,,,,
1568491818866805,陀螺仪,,,,,,,,0.0425,0.0109,-0.1312
1568491818856336,加速度计,1.2761,6.8510,10.3118,,,,,,,
1568491828877170,加速度计,1.1073,7.6255,5.5444,,,,,,,
1568491838897482,加速度计,-0.2520,6.1537,7.8973,,,,,,,
1568491838906909,陀螺仪,,,,,,,,0.0567,0.0236,-0.1241
1568491848916232,加速度计,-0.2286,8.0188,4.6597,,,,,,,
1568491858934982,加速度计,0.2580,7.2832,7.1952,,,,,,,
1568491858944409,陀螺仪,,,,,,,,0.0282,0.0024,-0.0601
1568491868955191,加速度计,-0.1443,7.5711,5.5396,,,,,,,
1568491878990034,加速度计,0.1413,7.1994,6.5847,,,,,,,
1568491878988420,陀螺仪,,,,,,,,0.0127,0.0160,-0.0391
1568491888986909,加速度计,-0.0209,7.2335,5.9568,,,,,,,
1568491898984826,加速度计,0.0120,7.4956,6.2279,,,,,,,
1568491898984461,陀螺仪,,,,,,,,-0.0103,0.0337,-0.0254
1568491908984514,加速度计,-1.2300,6.8265,5.7467,,,,,,,
1568491918988628,陀螺仪,,,,,,,,-0.0342,0.0289,0.0501
1568491918986493,加速度计,-0.2107,6.2752,6.9528,,,,,,,
1568491928991493,加速度计,0.3106,6.9510,6.7924,,,,,,,
1568491939005607,陀螺仪,,,,,,,,-0.0051,0.0514,0.0615
1568491938999930,加速度计,0.7386,6.3692,7.8943,,,,,,,
1568491949012118,加速度计,0.2316,7.6513,4.3892,,,,,,,
1568491959037482,陀螺仪,,,,,,,,-0.0383,0.0526,0.0706
1568491959028055,加速度计,0.1047,6.5050,5.3295,,,,,,,
1568491969047743,加速度计,1.2713,6.3488,6.7487,,,,,,,
1568491979071076,加速度计,0.0748,7.0294,8.4246,,,,,,,
1568491979084045,陀螺仪,,,,,,,,-0.0530,0.0726,0.0720
1568491989097639,加速度计,0.6201,6.7391,8.6784,,,,,,,
1568491999142691,陀螺仪,,,,,,,,-0.0089,0.0951,0.0820
1568491999127014,加速度计,1.0163,5.9095,6.8540,,,,,,,
1568492009158784,加速度计,0.5692,6.5583,5.8436,,,,,,,
1568492019209774,陀螺仪,,,,,,,,-0.0325,0.0912,0.0684
1568492019192430,加速度计,0.5722,6.3291,7.8147,,,,,,,
1568492029227118,加速度计,0.3023,7.0767,9.9982,,,,,,,
1568492039262118,加速度计,0.8098,7.0916,9.4230,,,,,,,
1568492039279670,陀螺仪,,,,,,,,0.0272,0.1095,0.0526
1568492049293784,加速度计,0.5848,7.1880,7.4202,,,,,,,
1568492059314826,加速度计,0.3478,5.6276,6.5493,,,,,,,
1568492059324461,陀螺仪,,,,,,,,0.0361,0.1096,0.0177
1568492069333993,加速度计,0.5692,7.4496,4.4628,,,,,,,
1568492079353055,加速度计,0.5345,5.9586,6.2171,,,,,,,
1568492079362482,陀螺仪,,,,,,,,-0.0222,0.0862,-0.0092
1568492089371805,加速度计,0.2448,7.4490,8.6503,,,,,,,
1568492099399982,陀螺仪,,,,,,,,0.0033,0.0921,0.0140
1568492099390555,加速度计,0.0664,6.9953,9.8539,,,,,,,
1568492109409305,加速度计,1.0804,8.4438,7.3538,,,,,,,
1568492119428993,加速度计,0.1826,7.7363,6.3512,,,,,,,
1568492119442586,陀螺仪,,,,,,,,0.0015,0.0957,0.0088
1568492129452847,加速度计,0.2831,7.3131,7.0294,,,,,,,
1568492139463680,加速度计,0.2388,7.3658,7.8314,,,,,,,
1568492139469149,陀螺仪,,,,,,,,-0.0119,0.0776,-0.0093
1568492149474670,加速度计,-0.1245,6.6517,8.2618,,,,,,,
1568492159492326,陀螺仪,,,,,,,,0.0332,0.0738,-0.0318
1568492159486232,加速度计,0.0497,7.8362,4.0223,,,,,,,
1568492169498628,加速度计,0.0898,5.9556,4.0444,,,,,,,
1568492179512014,加速度计,1.1791,7.2945,5.5827,,,,,,,
1568492179519149,陀螺仪,,,,,,,,-0.0410,0.0429,-0.0783
1568492189526649,加速度计,0.0503,7.3095,9.9150,,,,,,,
1568492199542534,加速度计,-0.4705,6.7211,11.5592,,,,,,,
1568492199550920,陀螺仪,,,,,,,,0.0140,0.0352,-0.0964
1568492209559826,加速度计,0.2699,7.9511,7.8859,,,,,,,
1568492219588472,陀螺仪,,,,,,,,0.0646,0.0254,-0.1233
1568492219578628,加速度计,0.6662,6.4661,4.6825,,,,,,,
1568492229598680,加速度计,0.6710,6.1250,2.8748,,,,,,,
1568492239631076,陀螺仪,,,,,,,,-0.0197,-0.0225,-0.2032
1568492239619982,加速度计,0.6608,6.4350,3.8517,,,,,,,
1568492249642534,加速度计,-0.7548,6.0250,7.0372,,,,,,,
1568492259666180,加速度计,0.3849,6.6619,8.9783,,,,,,,
1568492259678316,陀螺仪,,,,,,,,0.0001,-0.0593,-0.2084
1568492269690503,加速度计,1.2061,7.9739,7.0623,,,,,,,
1568492279715243,加速度计,0.7189,6.8456,6.1483,,,,,,,
1568492279727795,陀螺仪,,,,,,,,0.0181,-0.0626,-0.2268
1568492289740243,加速度计,1.1941,7.0012,6.9977,,,,,,,
1568492299777795,陀螺仪,,,,,,,,0.0349,-0.0606,-0.2523
1568492299765243,加速度计,0.6949,6.9145,7.1958,,,,,,,
1568492309788524,加速度计,0.5896,7.2472,5.6701,,,,,,,
1568492319808472,加速度计,0.2939,7.2556,6.5236,,,,,,,
1568492319818107,陀螺仪,,,,,,,,0.0188,-0.0748,-0.2461
1568492329827482,加速度计,0.1885,7.2161,6.2728,,,,,,,
1568492339846232,加速度计,0.2592,7.0204,7.9978,,,,,,,
1568492339855659,陀螺仪,,,,,,,,0.0051,-0.0959,-0.2392
1568492349864982,加速度计,-0.4166,8.1289,8.1642,,,,,,,
1568492359893159,陀螺仪,,,,,,,,0.0334,-0.1013,-0.2184
1568492359883732,加速度计,-0.1879,7.2059,9.9844,,,,,,,
1568492369902951,加速度计,-0.2376,7.7231,7.7363,,,,,,,
1568492379932222,陀螺仪,,,,,,,,0.0768,-0.0896,-0.1770
1568492379924461,加速度计,-0.0293,7.2508,6.1280,,,,,,,
1568492389939878,加速度计,-1.0445,7.2993,5.3265,,,,,,,
1568492399956076,加速度计,-0.9301,7.8955,5.2164,,,,,,,
1568492399966701,陀螺仪,,,,,,,,0.0290,-0.0927,-0.1185
1568492409978732,加速度计,-0.3340,7.6758,6.7403,,,,,,,
1568492419998159,加速度计,-1.2570,7.3227,6.6475,,,,,,,
1568492420007795,陀螺仪,,,,,,,,-0.0035,-0.0763,-0.0342
1568492430017170,加速度计,-0.4160,7.5112,7.0180,,,,,,,
1568492440035920,加速度计,0.0748,7.3717,7.0042,,,,,,,
1568492440045347,陀螺仪,,,,,,,,-0.0184,-0.0590,0.0069
1568492450054670,加速度计,0.0904,7.0455,8.4294,,,,,,,
1568492460082847,陀螺仪,,,,,,,,0.0224,-0.0297,0.0441
1568492460073420,加速度计,0.2376,6.3129,11.7681,,,,,,,
1568492470092170,加速度计,-0.3196,7.6489,10.6326,,,,,,,
1568492480110920,加速度计,-0.1520,6.6008,9.6552,,,,,,,
1568492480120347,陀螺仪,,,,,,,,0.1593,0.0104,0.0698
1568492490129670,加速度计,0.5010,8.5491,3.1017,,,,,,,
1568492500157847,陀螺仪,,,,,,,,0.0940,0.0096,0.0952
1568492500148420,加速度计,0.1466,7.4909,2.6875,,,,,,,
1568492510167170,加速度计,0.9625,6.2608,2.5851,,,,,,,
1568492520185920,加速度计,0.1568,5.0440,4.6543,,,,,,,
1568492520195347,陀螺仪,,,,,,,,-0.0338,0.0306,0.1160
1568492530204670,加速度计,0.2813,5.5426,5.7587,,,,,,,
1568492540223420,加速度计,-0.2191,5.4271,8.2031,,,,,,,
1568492540232847,陀螺仪,,,,,,,,-0.0302,0.0656,0.1559
1568492550242170,加速度计,0.5201,7.0384,6.3357,,,,,,,
1568492560260920,加速度计,0.0646,6.3859,5.0212,,,,,,,
1568492560270347,陀螺仪,,,,,,,,-0.0403,0.0858,0.1457
1568492570279670,加速度计,0.3005,5.4133,6.3967,,,,,,,
1568492580299982,加速度计,0.3783,6.2519,6.1740,,,,,,,
1568492580314826,陀螺仪,,,,,,,,-0.0634,0.0758,0.1092
1568492590322274,加速度计,0.3795,6.2902,6.7127,,,,,,,
1568492600337274,加速度计,0.0006,6.4207,9.0525,,,,,,,
1568492600344826,陀螺仪,,,,,,,,-0.0666,0.0513,0.0643
1568492610352274,加速度计,0.5555,6.8007,9.8090,,,,,,,
1568492620367534,加速度计,0.7775,6.7241,8.6736,,,,,,,
1568492620377847,陀螺仪,,,,,,,,0.0036,0.0431,0.0153
1568492640087624,GPS,,,,31.9414,118.7892,3.5000,84.9000,,,
1568492630395295,加速度计,0.5650,7.3209,7.7249,,,,,,,
1568492640415711,加速度计,1.1343,6.9145,8.2049,,,,,,,
1568492640425347,陀螺仪,,,,,,,,0.0020,0.0254,-0.0290
1568492650434774,加速度计,1.0295,7.8344,8.6281,,,,,,,
1568492660453524,加速度计,0.3705,6.9737,6.7415,,,,,,,
1568492660462951,陀螺仪,,,,,,,,-0.0016,-0.0140,-0.0972
1568492670472274,加速度计,1.4940,6.7092,7.8326,,,,,,,
1568492680500451,陀螺仪,,,,,,,,0.0072,-0.0494,-0.1712
1568492680491024,加速度计,0.8757,5.8023,7.9254,,,,,,,
1568492690509774,加速度计,0.5638,7.0108,5.8652,,,,,,,
1568492700528524,加速度计,0.6458,8.1241,5.6868,,,,,,,
1568492700537951,陀螺仪,,,,,,,,0.0024,-0.0636,-0.2016
1568492710547274,加速度计,0.3849,7.4699,6.7391,,,,,,,
1568492720575451,陀螺仪,,,,,,,,-0.0133,-0.0944,-0.2052
1568492720566024,加速度计,-0.7781,7.6920,8.6820,,,,,,,
1568492730584774,加速度计,-0.2394,8.6892,6.2195,,,,,,,
1568492740612951,陀螺仪,,,,,,,,-0.0435,-0.1193,-0.1989
1568492740603524,加速度计,0.0706,8.7065,4.6681,,,,,,,
1568492750622274,加速度计,0.3968,7.4621,4.5496,,,,,,,
1568492760641024,加速度计,-0.6829,7.4065,5.4277,,,,,,,
1568492760650451,陀螺仪,,,,,,,,-0.1340,-0.1385,-0.2067
1568492770660295,加速度计,-0.7584,8.2396,6.8510,,,,,,,
1568492780689357,加速度计,-0.2280,6.8696,9.6893,,,,,,,
1568492780712899,陀螺仪,,,,,,,,-0.1728,-0.1566,-0.1435
1568492790757170,加速度计,0.1149,6.5793,9.5547,,,,,,,
1568492800727639,加速度计,0.2215,6.1920,7.9883,,,,,,,
1568492800705086,陀螺仪,,,,,,,,-0.1009,-0.1169,-0.0870
1568492810682743,加速度计,0.6135,5.3056,5.5001,,,,,,,
1568492820642534,加速度计,0.2167,4.5705,7.0761,,,,,,,
1568492820625451,陀螺仪,,,,,,,,-0.0688,-0.1123,-0.0844
1568492830609149,加速度计,-0.1149,6.0053,7.9464,,,,,,,
1568492840584305,加速度计,-0.4094,5.6503,8.4025,,,,,,,
1568492840576232,陀螺仪,,,,,,,,0.0172,-0.1197,-0.0735
1568492850569305,加速度计,-0.5399,7.6579,6.3201,,,,,,,
1568492860565399,加速度计,-0.2939,6.8181,7.6926,,,,,,,
1568492860568576,陀螺仪,,,,,,,,0.0447,-0.1358,-0.0316
1568492870573107,加速度计,0.2125,6.2411,7.5998,,,,,,,
1568492880592118,加速度计,0.5106,6.9767,6.7552,,,,,,,
1568492880606441,陀螺仪,,,,,,,,0.0935,-0.1048,-0.0064
1568492890622014,加速度计,0.0922,6.3578,5.7868,,,,,,,
1568492900662014,加速度计,0.5902,6.4027,6.5242,,,,,,,
1568492900685972,陀螺仪,,,,,,,,0.1017,-0.0478,0.0820
1568492910710920,加速度计,0.9768,8.3246,6.1399,,,,,,,
1568492920767118,加速度计,0.2203,7.6273,5.6862,,,,,,,
1568492930828941,加速度计,-0.2245,7.8733,4.1533,,,,,,,
1568492920797743,陀螺仪,,,,,,,,0.0720,0.0234,0.1755
1568492940894357,加速度计,0.6267,6.4212,7.0809,,,,,,,
1568492940927795,陀螺仪,,,,,,,,-0.0140,0.0569,0.2607
1568492950961284,加速度计,0.0820,6.8516,8.1828,,,,,,,
1568492961018524,加速度计,-0.8446,6.8169,8.8214,,,,,,,
1568492961032586,陀螺仪,,,,,,,,0.0200,0.1039,0.2891
1568492971041909,加速度计,-0.0970,7.8458,4.5520,,,,,,,
1568492981060659,加速度计,0.0347,5.9586,6.0567,,,,,,,
1568492981070086,陀螺仪,,,,,,,,-0.0044,0.0912,0.2590
1568492991079409,加速度计,0.1562,7.6830,7.6692,,,,,,,
1568493001098159,加速度计,-0.3525,7.3903,9.1590,,,,,,,
1568493001107586,陀螺仪,,,,,,,,0.0156,0.0830,0.2158
1568493011116909,加速度计,-0.2592,8.9399,6.9288,,,,,,,
1568493021135659,加速度计,0.2526,7.0958,4.9997,,,,,,,
1568493021145086,陀螺仪,,,,,,,,0.0256,0.0629,0.1696
1568493031154409,加速度计,0.8003,7.2921,6.5721,,,,,,,
1568493041184982,陀螺仪,,,,,,,,0.0027,0.0410,0.1017
1568493041178472,加速度计,-0.2514,6.8211,7.6567,,,,,,,
1568493051191389,加速度计,0.5243,7.9607,6.3823,,,,,,,
1568493061211180,陀螺仪,,,,,,,,-0.0164,0.0254,0.0727
1568493061204461,加速度计,0.6674,6.8241,6.3740,,,,,,,
1568493071217951,加速度计,1.0241,6.5499,8.0499,,,,,,,
1568493081232014,加速度计,0.5495,7.2251,8.9208,,,,,,,
1568493081239357,陀螺仪,,,,,,,,-0.0057,0.0282,0.0510
1568493091246909,加速度计,1.0768,7.0390,9.1411,,,,,,,
1568493101262639,加速度计,0.7111,7.0276,8.4647,,,,,,,
1568493101270816,陀螺仪,,,,,,,,0.0256,0.0338,0.0237
1568493111279201,加速度计,0.5920,5.9646,7.5621,,,,,,,
1568493121296753,加速度计,0.7727,5.9448,6.0543,,,,,,,
1568493121305972,陀螺仪,,,,,,,,0.0449,0.0238,-0.0107
1568493131315399,加速度计,-0.4609,6.2908,7.4891,,,,,,,
1568493141344930,陀螺仪,,,,,,,,0.0483,-0.0117,-0.0204
1568493141334878,加速度计,0.2233,7.0491,9.3116,,,,,,,
1568493151355191,加速度计,0.1149,7.1766,9.8438,,,,,,,
1568493161376336,加速度计,-0.1580,7.8410,4.5651,,,,,,,
1568493161387222,陀螺仪,,,,,,,,0.0961,-0.0060,-0.0530
1568493171398316,加速度计,-0.3160,6.4913,3.2801,,,,,,,
1568493181420972,加速度计,0.0192,6.1321,3.4788,,,,,,,
1568493181432482,陀螺仪,,,,,,,,-0.0242,-0.0529,-0.0535
1568493191444045,加速度计,0.3436,5.9203,7.3957,,,,,,,
1568493201467378,加速度计,-0.4585,6.7947,7.4699,,,,,,,
1568493201479097,陀螺仪,,,,,,,,-0.0442,-0.0478,-0.0521
1568493211490711,加速度计,0.0790,6.8366,7.9541,,,,,,,
1568493221513889,加速度计,-0.1568,6.5601,3.6745,,,,,,,
1568493221525399,陀螺仪,,,,,,,,-0.0268,-0.0185,-0.0007
1568493231535243,加速度计,0.6925,6.1363,5.1757,,,,,,,
1568493241563420,陀螺仪,,,,,,,,-0.0715,-0.0174,0.0085
1568493241553993,加速度计,-0.1125,6.4895,6.0400,,,,,,,
1568493251572743,加速度计,-0.1335,6.8570,9.3410,,,,,,,
1568493261600920,陀螺仪,,,,,,,,-0.0387,-0.0080,0.0333
1568493261591493,加速度计,0.2113,8.3731,6.1591,,,,,,,
1568493271610243,加速度计,-0.5243,7.0886,7.8482,,,,,,,
1568493281629461,加速度计,0.5177,7.8859,8.0451,,,,,,,
1568493281640451,陀螺仪,,,,,,,,-0.0394,-0.0093,0.0523
1568493291650972,加速度计,0.7165,6.1794,7.8225,,,,,,,
1568493301674774,陀螺仪,,,,,,,,-0.0041,0.0093,0.0365
1568493301666805,加速度计,0.3424,7.3771,6.0903,,,,,,,
1568493311682639,加速度计,0.4920,6.7971,6.5440,,,,,,,
1568493321698472,加速度计,0.7236,6.8193,6.8923,,,,,,,
1568493321706441,陀螺仪,,,,,,,,-0.0266,0.0047,0.0241
1568493331714461,加速度计,0.3118,6.9348,6.0053,,,,,,,
1568493341739253,陀螺仪,,,,,,,,-0.0539,-0.0217,0.0200
1568493341730868,加速度计,0.0108,7.5627,7.8350,,,,,,,
1568493351747691,加速度计,0.8302,6.1190,10.8014,,,,,,,
1568493361773732,陀螺仪,,,,,,,,0.0213,-0.0121,-0.0040
1568493361764930,加速度计,0.2867,7.6525,7.3843,,,,,,,
1568493371782586,加速度计,0.3083,7.3251,6.5661,,,,,,,
1568493381800659,加速度计,0.5884,7.2969,3.1993,,,,,,,
1568493381809878,陀螺仪,,,,,,,,-0.0029,-0.0360,-0.0329
1568493391819149,加速度计,0.0994,6.4446,6.4739,,,,,,,
1568493401838055,加速度计,0.2424,8.5605,8.5222,,,,,,,
1568493401847691,陀螺仪,,,,,,,,-0.0598,-0.0758,-0.0601
1568493411857378,加速度计,0.0012,7.0084,10.5620,,,,,,,
1568493421877118,加速度计,0.1951,7.9799,7.5836,,,,,,,
1568493421887170,陀螺仪,,,,,,,,-0.0021,-0.0457,-0.0289
1568493431897274,加速度计,0.4208,6.9360,6.2339,,,,,,,
1568493441917847,加速度计,0.1538,6.4093,6.4907,,,,,,,
1568493441928316,陀螺仪,,,,,,,,-0.0261,-0.0165,0.0262
1568493451938836,加速度计,-0.5303,7.1862,7.3945,,,,,,,
1568493461970764,陀螺仪,,,,,,,,-0.0336,-0.0162,0.0838
1568493461960086,加速度计,0.1844,7.3275,7.8015,,,,,,,
1568493471981336,加速度计,0.1419,7.0348,7.2622,,,,,,,
1568493482002586,加速度计,-0.0934,5.5683,5.8628,,,,,,,
1568493482013264,陀螺仪,,,,,,,,-0.0196,0.0186,0.1234
1568493492023836,加速度计,-0.0443,6.5164,6.3422,,,,,,,
1568493502055764,陀螺仪,,,,,,,,0.0012,0.0338,0.1597
1568493502045086,加速度计,-0.1448,6.1447,8.7424,,,,,,,
1568493512065711,加速度计,-0.3478,6.5697,7.5040,,,,,,,
1568493522085139,加速度计,-0.2173,6.7630,4.4742,,,,,,,
1568493522094774,陀螺仪,,,,,,,,0.0413,0.0595,0.1996
1568493532106493,加速度计,-0.0563,5.8197,5.8945,,,,,,,
1568493542136961,加速度计,-0.4854,6.6242,7.0503,,,,,,,
1568493542135555,陀螺仪,,,,,,,,0.0276,0.0547,0.1991
1568493552134357,加速度计,-0.7033,6.2159,8.4761,,,,,,,
1568493562132743,陀螺仪,,,,,,,,0.0784,0.0538,0.2111
1568493562132899,加速度计,-0.0293,8.3540,4.9626,,,,,,,
1568493572133264,加速度计,0.0892,6.6379,5.6898,,,,,,,
1568493582138368,陀螺仪,,,,,,,,0.0541,0.0398,0.1812
1568493582136024,加速度计,0.4058,6.1788,7.8410,,,,,,,
1568493592141857,加速度计,-0.5130,7.3777,7.9188,,,,,,,
1568493602151180,加速度计,-0.0467,8.5700,7.6231,,,,,,,
1568493602157066,陀螺仪,,,,,,,,0.0756,0.0272,0.1676
1568493612164253,加速度计,1.4257,7.3436,6.3704,,,,,,,
1568493622180139,加速度计,0.8787,6.2854,4.0803,,,,,,,
1568493640225957,GPS,,,,31.9415,118.7893,3.0400,80.9000,,,
1568493622192066,陀螺仪,,,,,,,,0.0555,0.0353,0.1113
1568493632208264,加速度计,0.1748,7.2874,2.8084,,,,,,,
1568493642242326,加速度计,0.9493,6.6098,9.8228,,,,,,,
1568493652278368,加速度计,0.3651,6.7217,13.7319,,,,,,,
1568493642260086,陀螺仪,,,,,,,,-0.0426,0.0003,0.0931
1568493662315555,加速度计,-0.1694,9.3673,7.1216,,,,,,,
1568493662334357,陀螺仪,,,,,,,,0.1111,0.0565,0.1205
1568493672353055,加速度计,1.1438,8.7460,2.6468,,,,,,,
1568493682385086,加速度计,2.4732,6.2584,4.4257,,,,,,,
1568493682398316,陀螺仪,,,,,,,,-0.0146,0.0302,0.0945
1568493692407847,加速度计,0.9553,5.7593,8.7945,,,,,,,
1568493702426753,加速度计,-0.3154,8.9747,5.8496,,,,,,,
1568493702436180,陀螺仪,,,,,,,,0.0250,0.0639,0.0887
1568493712445503,加速度计,0.6716,7.5729,6.2842,,,,,,,
1568493722464253,加速度计,0.7171,7.4921,6.0729,,,,,,,
1568493722473680,陀螺仪,,,,,,,,-0.0373,0.0738,0.1084
1568493732483003,加速度计,0.0311,6.8193,8.8184,,,,,,,
1568493742501753,加速度计,0.2257,7.2215,7.4585,,,,,,,
1568493742511180,陀螺仪,,,,,,,,-0.0344,0.0771,0.1284
1568493752520503,加速度计,1.0828,7.1317,5.9562,,,,,,,
1568493762539253,加速度计,1.1283,5.0811,5.5372,,,,,,,
1568493762548680,陀螺仪,,,,,,,,-0.0699,0.0981,0.1146
1568493772558003,加速度计,0.4244,6.5703,7.9368,,,,,,,
1568493782578576,加速度计,-0.6895,6.0088,10.0568,,,,,,,
1568493782596701,陀螺仪,,,,,,,,-0.0482,0.1019,0.1217
1568493792606336,加速度计,0.9427,6.5906,7.3933,,,,,,,
1568493802614253,陀螺仪,,,,,,,,-0.0178,0.1076,0.0992
1568493802611493,加速度计,0.2514,7.2478,4.4556,,,,,,,
1568493812617222,加速度计,0.3873,7.3622,6.6990,,,,,,,
1568493822623941,加速度计,-0.4872,5.4163,9.7582,,,,,,,
1568493822627743,陀螺仪,,,,,,,,-0.0573,0.0763,0.0636
1568493832632066,加速度计,-0.4854,8.1732,8.4970,,,,,,,
1568493842647691,陀螺仪,,,,,,,,-0.0088,0.0742,0.0708
1568493842642014,加速度计,0.2741,5.6467,7.2993,,,,,,,
1568493852654201,加速度计,0.5393,6.3530,5.9939,,,,,,,
1568493862677066,陀螺仪,,,,,,,,-0.0053,0.0743,0.0615
1568493862668889,加速度计,-0.1861,6.7624,6.7349,,,,,,,
1568493872686076,加速度计,0.0563,7.0761,7.6884,,,,,,,
1568493882716441,陀螺仪,,,,,,,,0.0148,0.0786,0.0850
1568493882705764,加速度计,-0.1251,6.6882,7.9829,,,,,,,
1568493892727795,加速度计,0.7464,8.4060,8.0918,,,,,,,
1568493902751909,加速度计,-0.1269,6.9929,8.3444,,,,,,,
1568493902764670,陀螺仪,,,,,,,,0.0337,0.1009,0.1190
1568493912777951,加速度计,0.9170,7.7213,6.9252,,,,,,,
1568493922805503,加速度计,0.5237,7.2526,5.1182,,,,,,,
1568493922819722,陀螺仪,,,,,,,,0.0441,0.1237,0.1381
1568493932834149,加速度计,0.0186,6.1986,6.3973,,,,,,,
1568493942878316,陀螺仪,,,,,,,,0.0603,0.1310,0.1463
1568493942863472,加速度计,0.3681,6.4051,8.6652,,,,,,,
1568493952893055,加速度计,0.8170,7.9146,4.3221,,,,,,,
1568493962919045,加速度计,0.1766,7.6986,4.6747,,,,,,,
1568493962929097,陀螺仪,,,,,,,,0.0216,0.1394,0.1182
1568493972938732,加速度计,0.2837,7.4364,6.0065,,,,,,,
1568493982957743,加速度计,0.2263,6.6529,9.0638,,,,,,,
1568493982967170,陀螺仪,,,,,,,,-0.0197,0.1278,0.1100
1568493992976493,加速度计,0.3531,6.6732,7.9769,,,,,,,
1568494002995243,加速度计,0.6949,6.6750,6.6607,,,,,,,
1568494003004670,陀螺仪,,,,,,,,0.0269,0.1467,0.1157
1568494013013993,加速度计,0.3472,6.1986,7.4579,,,,,,,
1568494023042170,陀螺仪,,,,,,,,0.0559,0.1349,0.0899
1568494023032743,加速度计,0.2005,6.2525,7.8290,,,,,,,
1568494033052118,加速度计,0.7614,7.7470,7.5561,,,,,,,
1568494043073055,加速度计,0.6901,7.4729,6.7570,,,,,,,
1568494043081232,陀螺仪,,,,,,,,0.0719,0.1044,0.0369
1568494053089305,加速度计,0.2777,6.8851,5.6940,,,,,,,
1568494063105555,加速度计,0.5525,6.1621,5.1457,,,,,,,
1568494063113732,陀螺仪,,,,,,,,0.0474,0.0691,-0.0369
1568494073121805,加速度计,0.5357,7.1563,6.0729,,,,,,,
1568494083146649,陀螺仪,,,,,,,,0.0272,0.0212,-0.0895
1568494083138264,加速度计,0.0599,6.0238,11.6807,,,,,,,
1568494093155139,加速度计,0.8260,8.1541,8.8448,,,,,,,
1568494103172430,加速度计,0.3286,6.9893,5.4941,,,,,,,
1568494103181232,陀螺仪,,,,,,,,0.0981,0.0108,-0.1487
1568494113190139,加速度计,1.0104,6.9252,2.3146,,,,,,,
1568494123217482,陀螺仪,,,,,,,,0.0031,-0.0625,-0.2145
1568494123208264,加速度计,0.3502,6.1549,5.8987,,,,,,,
1568494133226805,加速度计,0.7632,6.6283,9.9353,,,,,,,
1568494143245764,加速度计,0.2185,8.6401,7.0934,,,,,,,
1568494143255399,陀螺仪,,,,,,,,0.0565,-0.0807,-0.2545
1568494153265139,加速度计,1.1384,7.2478,5.7964,,,,,,,
1568494163294982,陀螺仪,,,,,,,,0.0108,-0.0984,-0.2799
1568494163284930,加速度计,1.1995,7.4813,4.1019,,,,,,,
1568494173305139,加速度计,0.2604,6.3363,7.5004,,,,,,,
1568494183336232,陀螺仪,,,,,,,,0.0013,-0.1178,-0.2711
1568494183325764,加速度计,0.8080,7.4490,8.6664,,,,,,,
1568494193346597,加速度计,1.0630,7.9757,5.9568,,,,,,,
1568494203377899,陀螺仪,,,,,,,,-0.0380,-0.1157,-0.2766
1568494203367430,加速度计,1.1085,6.6690,4.6849,,,,,,,
1568494213388264,加速度计,0.5094,6.7499,7.4699,,,,,,,
1568494223409097,加速度计,0.1353,7.1587,9.4002,,,,,,,
1568494223419566,陀螺仪,,,,,,,,-0.0559,-0.1105,-0.2322
1568494233429930,加速度计,0.7793,6.5799,8.9537,,,,,,,
1568494243460399,陀螺仪,,,,,,,,-0.0154,-0.0682,-0.1770
1568494243450347,加速度计,0.8140,7.4849,3.7679,,,,,,,
1568494253469930,加速度计,0.2921,6.2956,6.9151,,,,,,,
1568494263488889,加速度计,0.5309,5.9448,8.3929,,,,,,,
1568494263498316,陀螺仪,,,,,,,,-0.0337,-0.0386,-0.0867
1568494273507639,加速度计,0.2705,7.6632,6.9731,,,,,,,
1568494283529514,加速度计,0.7003,7.3161,5.6024,,,,,,,
1568494283559514,陀螺仪,,,,,,,,-0.0105,0.0140,-0.0077
1568494293557378,加速度计,0.0617,6.4997,5.1320,,,,,,,
1568494303552014,陀螺仪,,,,,,,,-0.0346,0.0535,0.0751
1568494303553628,加速度计,-0.5926,5.9053,10.4064,,,,,,,
1568494313551128,加速度计,-0.0395,8.3576,7.8392,,,,,,,
1568494323550711,加速度计,-0.7033,7.2520,6.6834,,,,,,,
1568494323551180,陀螺仪,,,,,,,,-0.0052,0.0957,0.1549
1568494333553003,加速度计,-0.1538,7.0761,5.7347,,,,,,,
1568494343558420,加速度计,-0.8104,6.4314,8.4078,,,,,,,
1568494343562014,陀螺仪,,,,,,,,-0.0374,0.1008,0.1956
1568494353567378,加速度计,-0.3322,6.1908,10.6213,,,,,,,
1568494363580295,加速度计,-0.6668,8.3725,7.5513,,,,,,,
1568494363587847,陀螺仪,,,,,,,,0.0519,0.1308,0.2286
1568494373597378,加速度计,-0.7901,6.2716,6.9001,,,,,,,
1568494383618420,加速度计,-0.2005,8.1971,2.8814,,,,,,,
1568494383629930,陀螺仪,,,,,,,,0.0304,0.1208,0.2012
1568494393643003,加速度计,-0.3322,7.0515,4.9656,,,,,,,
1568494403670711,加速度计,-0.4118,7.4334,6.8773,,,,,,,
1568494403685347,陀螺仪,,,,,,,,-0.0523,0.0848,0.1607
1568494413701128,加速度计,-0.4525,5.8610,6.6457,,,,,,,
1568494423750764,陀螺仪,,,,,,,,-0.0439,0.0891,0.1518
1568494423733836,加速度计,0.4549,6.7133,5.7305,,,,,,,
1568494433768211,加速度计,0.0251,6.8337,4.1402,,,,,,,
1568494443803420,加速度计,0.8523,6.6236,7.7650,,,,,,,
1568494443821180,陀螺仪,,,,,,,,-0.0963,0.0731,0.1366
1568494453838836,加速度计,0.1658,6.8450,9.6295,,,,,,,
1568494463877847,陀螺仪,,,,,,,,-0.0298,0.0943,0.1238
1568494463867170,加速度计,0.1712,7.6034,9.3655,,,,,,,
1568494473887170,加速度计,0.6740,6.4763,6.4655,,,,,,,
1568494483915347,陀螺仪,,,,,,,,-0.0220,0.0927,0.1057
1568494483905920,加速度计,0.6931,7.2395,2.9664,,,,,,,
1568494493924670,加速度计,0.6375,5.4312,7.0162,,,,,,,
1568494503952847,陀螺仪,,,,,,,,-0.0298,0.0700,0.0593
1568494503943420,加速度计,0.6446,6.6906,9.5505,,,,,,,
1568494513962170,加速度计,0.2879,6.8857,7.5226,,,,,,,
1568494523990347,陀螺仪,,,,,,,,0.0061,0.0549,0.0427
1568494523980920,加速度计,0.9762,7.4514,5.2553,,,,,,,
1568494534001545,加速度计,1.6873,6.9198,6.6990,,,,,,,
1568494544022534,加速度计,0.5716,5.7030,9.4272,,,,,,,
1568494544028420,陀螺仪,,,,,,,,-0.0048,0.0660,-0.0129
1568494554034201,加速度计,-0.0682,7.5166,8.3103,,,,,,,
1568494564046128,加速度计,0.6261,7.4220,7.2808,,,,,,,
1568494564052326,陀螺仪,,,,,,,,0.0290,0.0586,-0.0031
1568494574058732,加速度计,0.5411,6.4260,8.2750,,,,,,,
1568494584072170,加速度计,0.5112,7.6902,6.5481,,,,,,,
1568494584079201,陀螺仪,,,,,,,,0.0465,0.0385,-0.0264
1568494594086441,加速度计,0.3962,6.8887,7.4735,,,,,,,
1568494604101805,加速度计,0.7877,7.5507,6.6427,,,,,,,
1568494604109930,陀螺仪,,,,,,,,0.0427,0.0193,-0.0573
1568494614118420,加速度计,0.2179,6.9593,7.6812,,,,,,,
1568494624138889,加速度计,0.5596,8.0325,8.4174,,,,,,,
1568494624169826,陀螺仪,,,,,,,,0.0706,0.0189,-0.0803
1568494640836373,GPS,,,,31.9415,118.7893,2.9100,81.5000,,,
1568494634184774,加速度计,0.2933,7.2945,4.5185,,,,,,,
1568494644209357,加速度计,0.5991,7.3287,4.2491,,,,,,,
1568494644218993,陀螺仪,,,,,,,,0.0431,0.0133,-0.0979
1568494654228316,加速度计,0.3831,7.3580,3.9911,,,,,,,
1568494664247066,加速度计,0.2831,7.7045,8.8879,,,,,,,
1568494664256493,陀螺仪,,,,,,,,-0.0491,0.0008,-0.0960
1568494674265816,加速度计,-0.3011,6.4482,9.6893,,,,,,,
1568494684293993,陀螺仪,,,,,,,,-0.0029,0.0200,-0.0559
1568494684284566,加速度计,-0.1125,8.6275,5.3349,,,,,,,
1568494694303316,加速度计,0.7679,6.2866,5.2367,,,,,,,
1568494704322066,加速度计,0.8805,5.6479,8.5653,,,,,,,
1568494704331493,陀螺仪,,,,,,,,-0.0531,-0.0011,-0.0724
1568494714340816,加速度计,-0.0120,6.1411,10.1191,,,,,,,
1568494724359566,加速度计,0.7123,7.6249,5.8389,,,,,,,
1568494724368993,陀螺仪,,,,,,,,0.0332,0.0091,-0.0814
1568494744781582,GPS,,,,31.9415,118.7893,2.9100,81.5000,,,
1568494734378316,加速度计,0.7853,5.4935,6.9845,,,,,,,
1568494744397066,加速度计,0.6165,5.9484,7.0252,,,,,,,
1568494744406493,陀螺仪,,,,,,,,0.0571,-0.0108,-0.1390
1568494754415816,加速度计,0.0676,6.9917,4.6184,,,,,,,
1568494764443993,陀螺仪,,,,,,,,0.0270,-0.0494,-0.1858
1568494764434566,加速度计,0.7985,7.1467,4.3670,,,,,,,
1568494774453316,加速度计,0.2753,7.3765,3.5787,,,,,,,
1568494784473107,加速度计,-0.5231,6.0903,5.6808,,,,,,,
1568494784486128,陀螺仪,,,,,,,,-0.0664,-0.0826,-0.1887
1568494794494618,加速度计,0.6087,5.5408,6.3207,,,,,,,
1568494804511701,加速度计,1.1492,6.5110,7.5304,,,,,,,
1568494804520295,陀螺仪,,,,,,,,-0.0663,-0.0719,-0.1679
1568494814528784,加速度计,0.2610,6.2614,7.0066,,,,,,,
1568494824545868,加速度计,0.5495,7.1748,10.0940,,,,,,,
1568494824554461,陀螺仪,,,,,,,,-0.0521,-0.0505,-0.1325
1568494834562951,加速度计,0.6620,6.9941,11.6747,,,,,,,
1568494844580034,加速度计,0.6602,8.6526,7.4537,,,,,,,
1568494844588680,陀螺仪,,,,,,,,0.0529,-0.0099,-0.0758
1568494854597378,加速度计,0.2526,7.4238,5.5587,,,,,,,
1568494864615139,加速度计,1.5562,6.9168,5.1571,,,,,,,
1568494864624201,陀螺仪,,,,,,,,0.0157,-0.0075,-0.0571
1568494874633316,加速度计,-0.3735,7.0551,6.9683,,,,,,,
1568494884651909,加速度计,-0.2532,8.3282,7.2724,,,,,,,
1568494884661389,陀螺仪,,,,,,,,-0.0153,-0.0095,-0.0373
1568494894670920,加速度计,-0.6081,8.0218,8.6916,,,,,,,
1568494904690347,加速度计,-0.2777,7.9637,8.5796,,,,,,,
1568494904700243,陀螺仪,,,,,,,,0.0007,-0.0076,-0.0172
1568494914710191,加速度计,0.1466,7.2149,5.1966,,,,,,,
1568494924730191,加速度计,0.9224,7.0078,5.3044,,,,,,,
1568494924740243,陀螺仪,,,,,,,,-0.0326,-0.0073,-0.0169
1568494934750191,加速度计,-0.2843,6.9258,6.7768,,,,,,,
1568494944770191,加速度计,-0.6093,7.4316,7.4424,,,,,,,
1568494944780243,陀螺仪,,,,,,,,-0.0625,0.0041,-0.0064
1568494954790191,加速度计,-0.4166,7.6429,8.7227,,,,,,,
1568494964810191,加速度计,0.4705,7.1228,8.2510,,,,,,,
1568494964820243,陀螺仪,,,,,,,,-0.0503,0.0003,0.0116
1568494974830191,加速度计,0.2041,6.8726,7.2538,,,,,,,
1568494984850191,加速度计,-0.2269,6.0693,3.8960,,,,,,,
1568494984860243,陀螺仪,,,,,,,,-0.0553,0.0007,-0.0393
1568494994870191,加速度计,-0.4298,5.6701,7.7075,,,,,,,
1568495004890191,加速度计,0.1215,6.1687,8.5671,,,,,,,
1568495004900243,陀螺仪,,,,,,,,-0.0387,-0.0365,-0.0185
1568495014910191,加速度计,0.3508,7.1934,8.0816,,,,,,,
1568495024929930,加速度计,0.3190,7.2969,7.8195,,,,,,,
1568495024940607,陀螺仪,,,,,,,,-0.0023,-0.0387,-0.0406
1568495034953680,加速度计,0.6949,6.7732,7.8237,,,,,,,
1568495044978159,加速度计,0.4339,5.5641,7.9434,,,,,,,
1568495044974357,陀螺仪,,,,,,,,0.0350,-0.0212,-0.0394
1568495054970764,加速度计,0.2400,7.1676,2.5402,,,,,,,
1568495064964982,加速度计,-0.2538,6.2973,4.7962,,,,,,,
1568495064962899,陀螺仪,,,,,,,,-0.0483,-0.0358,-0.0056
1568495074961805,加速度计,0.5614,4.6262,8.5958,,,,,,,
1568495084961805,加速度计,-0.0634,7.3538,7.7991,,,,,,,
1568495094965659,加速度计,0.1951,6.5601,8.4683,,,,,,,
1568495084963003,陀螺仪,,,,,,,,-0.0085,-0.0152,0.0257
1568495104973941,加速度计,0.0611,7.3562,5.4863,,,,,,,
1568495104979566,陀螺仪,,,,,,,,0.0316,-0.0033,0.0258
1568495114986805,加速度计,-0.2753,5.2870,9.4260,,,,,,,
1568495125004253,加速度计,0.5620,7.3472,6.9929,,,,,,,
1568495125014461,陀螺仪,,,,,,,,0.1256,-0.0032,0.0387
1568495135026284,加速度计,0.1125,8.4078,5.5988,,,,,,,
1568495145052639,加速度计,-0.1305,7.5878,5.7036,,,,,,,
1568495145067066,陀螺仪,,,,,,,,0.1145,-0.0174,0.0360
1568495155082639,加速度计,1.0163,9.0944,4.3970,,,,,,,
1568495165115711,加速度计,0.0174,8.1708,4.9518,,,,,,,
1568495165133107,陀螺仪,,,,,,,,0.0174,-0.0270,0.0109
1568495175151180,加速度计,-0.2484,7.0982,8.9807,,,,,,,
1568495185188211,加速度计,0.2526,7.8033,8.6981,,,,,,,
1568495185207066,陀螺仪,,,,,,,,0.0258,-0.0277,0.0309
1568495195225972,加速度计,1.0971,6.6822,6.1770,,,,,,,
1568495205263889,加速度计,-0.1568,7.7422,4.4909,,,,,,,
1568495205280555,陀螺仪,,,,,,,,0.0369,-0.0188,-0.0009
1568495215290086,加速度计,0.8667,6.6876,4.9907,,,,,,,
1568495225309253,加速度计,0.1448,7.0312,10.7619,,,,,,,
1568495225318836,陀螺仪,,,,,,,,-0.0172,-0.0377,-0.0240
1568495235328159,加速度计,-0.2514,8.2462,9.9150,,,,,,,
1568495245346909,加速度计,0.1760,6.9025,6.1723,,,,,,,
1568495245356336,陀螺仪,,,,,,,,0.0514,-0.0338,-0.0173
1568495255365659,加速度计,0.9158,6.5805,4.2575,,,,,,,
1568495265384409,加速度计,0.5058,6.6990,5.7676,,,,,,,
1568495265393836,陀螺仪,,,,,,,,-0.0154,-0.0788,-0.0638
1568495275403159,加速度计,-0.4555,6.9049,12.1883,,,,,,,
1568495285424514,加速度计,0.0066,7.8087,9.1925,,,,,,,
1568495285438524,陀螺仪,,,,,,,,0.0731,-0.0724,-0.0421
1568495295444097,加速度计,0.6668,7.9098,5.4522,,,,,,,
1568495305455347,加速度计,1.4192,5.9687,4.8016,,,,,,,
1568495305461128,陀螺仪,,,,,,,,0.0373,-0.0844,-0.0783
1568495315466909,加速度计,-0.0251,6.1734,3.9678,,,,,,,
1568495325479201,加速度计,-0.3220,5.9035,5.7730,,,,,,,
1568495325485711,陀螺仪,,,,,,,,-0.0306,-0.0847,-0.0515
1568495335492326,加速度计,0.6865,6.9474,5.6180,,,,,,,
1568495345506597,加速度计,-0.0844,6.4643,8.7346,,,,,,,
1568495345514253,陀螺仪,,,,,,,,-0.0672,-0.0537,-0.0124
1568495355522118,加速度计,-0.1652,6.7211,7.1814,,,,,,,
1568495365538889,加速度计,0.0263,6.8761,8.5754,,,,,,,
1568495365547795,陀螺仪,,,,,,,,-0.0348,-0.0391,0.0381
1568495375556909,加速度计,0.8709,6.3524,6.5715,,,,,,,
1568495385576180,加速度计,-0.2993,5.6300,8.6754,,,,,,,
1568495385586336,陀螺仪,,,,,,,,-0.0109,-0.0208,0.0605
1568495395596701,加速度计,-0.1215,7.4118,7.4430,,,,,,,
1568495405618472,加速度计,-0.3124,7.2347,7.8865,,,,,,,
1568495405629774,陀螺仪,,,,,,,,0.0451,-0.0124,0.0924
1568495415641180,加速度计,0.0389,7.3843,5.9161,,,,,,,
1568495425664722,加速度计,-0.6548,8.0768,6.5805,,,,,,,
1568495425676753,陀螺仪,,,,,,,,0.0220,-0.0107,0.1270
1568495435688784,加速度计,0.3358,7.7171,9.2392,,,,,,,
1568495445713264,加速度计,0.3250,7.8727,10.3064,,,,,,,
1568495445725607,陀螺仪,,,,,,,,0.0446,0.0132,0.1514
1568495455737847,加速度计,-0.9930,7.8207,9.7019,,,,,,,
1568495465762430,加速度计,0.3310,7.3053,5.8149,,,,,,,
1568495465773524,陀螺仪,,,,,,,,0.1073,0.0270,0.1963
1568495475783264,加速度计,0.2693,7.0844,4.7681,,,,,,,
1568495485802222,加速度计,0.9810,7.1054,3.2651,,,,,,,
1568495485811649,陀螺仪,,,,,,,,0.0690,0.0393,0.1903
1568495495820972,加速度计,0.1377,6.7062,4.0989,,,,,,,
1568495505839722,加速度计,0.0688,7.6644,4.4065,,,,,,,
1568495505849149,陀螺仪,,,,,,,,-0.0226,0.0539,0.1812
1568495515858472,加速度计,0.0658,6.2890,6.3512,,,,,,,
1568495525877222,加速度计,-0.1628,7.5525,5.0093,,,,,,,
1568495525886857,陀螺仪,,,,,,,,-0.0541,0.0679,0.2059
1568495535896597,加速度计,-0.2191,6.2991,7.1114,,,,,,,
1568495545916336,加速度计,0.5267,6.1441,10.5542,,,,,,,
1568495545924930,陀螺仪,,,,,,,,-0.0563,0.0790,0.2233
1568495555933420,加速度计,0.7254,8.6179,9.4972,,,,,,,
1568495565950503,加速度计,-0.4310,7.1317,8.4767,,,,,,,
1568495565959097,陀螺仪,,,,,,,,0.0041,0.1008,0.2081
1568495575967586,加速度计,0.2789,7.0539,6.9851,,,,,,,
1568495585984670,加速度计,0.3502,5.6120,7.9990,,,,,,,
1568495585993264,陀螺仪,,,,,,,,0.0121,0.0928,0.2064
1568495596001753,加速度计,0.8296,6.8612,7.8805,,,,,,,
1568495606019149,加速度计,-0.0617,8.0278,5.6659,,,,,,,
1568495606028055,陀螺仪,,,,,,,,0.0153,0.0889,0.1642
1568495616036961,加速度计,0.0108,6.5811,7.4400,,,,,,,
1568495626056753,加速度计,-0.4238,6.0855,7.3999,,,,,,,
1568495637628612,GPS,,,,31.9415,118.7893,3.0600,87.4000,,,
1568495626071128,陀螺仪,,,,,,,,0.0087,0.0695,0.1399
1568495636085243,加速度计,0.5836,6.3488,5.7491,,,,,,,
1568495646105555,加速度计,0.2717,6.0364,4.9003,,,,,,,
1568495646115034,陀螺仪,,,,,,,,0.0084,0.0483,0.0928
1568495656124357,加速度计,0.3370,6.3572,5.3899,,,,,,,
1568495666143107,加速度计,0.4447,6.0711,7.4460,,,,,,,
1568495666152534,陀螺仪,,,,,,,,-0.0033,0.0209,0.0671
1568495676161857,加速度计,0.5447,7.5794,5.6808,,,,,,,
1568495686180607,加速度计,0.0664,6.9336,6.0956,,,,,,,
1568495686190034,陀螺仪,,,,,,,,-0.0051,0.0036,0.0310
1568495696199357,加速度计,1.5221,7.0078,6.5044,,,,,,,
1568495706218107,加速度计,0.7123,6.4033,7.9320,,,,,,,
1568495706227534,陀螺仪,,,,,,,,-0.0148,-0.0031,-0.0009
1568495716236857,加速度计,-0.0461,7.9194,8.5694,,,,,,,
1568495726255607,加速度计,0.6590,7.5328,8.5234,,,,,,,
1568495726265034,陀螺仪,,,,,,,,0.0378,-0.0055,0.0036
1568495736274357,加速度计,1.1408,6.8181,5.6611,,,,,,,
1568495746293107,加速度计,0.8134,6.8217,4.8165,,,,,,,
1568495746302534,陀螺仪,,,,,,,,0.0200,-0.0072,0.0004
1568495756311857,加速度计,0.2173,7.5322,5.9029,,,,,,,
1568495766330607,加速度计,0.8553,7.5328,6.7008,,,,,,,
1568495766340034,陀螺仪,,,,,,,,-0.0378,0.0097,0.0240
1568495776349357,加速度计,0.7171,7.5010,5.4181,,,,,,,
1568495786376753,加速度计,-0.3172,6.8995,9.4433,,,,,,,
1568495786397222,陀螺仪,,,,,,,,-0.0985,0.0228,0.0470
1568495796395503,加速度计,0.0557,7.5411,7.9266,,,,,,,
1568495806392795,加速度计,0.8673,6.5200,7.2490,,,,,,,
1568495806392014,陀螺仪,,,,,,,,-0.0901,0.0364,0.0652
1568495816391545,加速度计,0.1951,6.9037,7.5525,,,,,,,
1568495826392274,加速度计,-0.2173,5.7347,9.0477,,,,,,,
1568495826393680,陀螺仪,,,,,,,,-0.0667,0.0333,0.0742
1568495836395711,加速度计,0.4609,6.1567,9.0225,,,,,,,
1568495846402378,加速度计,0.1030,7.8464,4.7615,,,,,,,
1568495846407118,陀螺仪,,,,,,,,0.0170,0.0296,0.0529
1568495856412691,加速度计,0.4633,6.0047,6.6325,,,,,,,
1568495866426753,加速度计,-0.4818,6.5888,6.3841,,,,,,,
1568495866435243,陀螺仪,,,,,,,,0.0296,0.0121,0.0369
1568495876444566,加速度计,-0.1784,7.9086,5.0314,,,,,,,
1568495886466128,加速度计,1.0110,8.2558,8.3372,,,,,,,
1568495886478264,陀螺仪,,,,,,,,-0.0060,-0.0100,0.0563
1568495896491128,加速度计,0.8206,7.7608,8.5287,,,,,,,
1568495906519149,加速度计,-0.4154,6.4931,7.5220,,,,,,,
1568495906534201,陀螺仪,,,,,,,,0.0060,0.0302,0.0539
1568495916549774,加速度计,-0.1867,7.6998,3.2196,,,,,,,
1568495926582586,加速度计,0.7691,6.1477,8.4671,,,,,,,
1568495926599618,陀螺仪,,,,,,,,-0.0786,0.0055,0.1009
1568495936616857,加速度计,0.9170,5.8742,10.1568,,,,,,,
1568495946651753,加速度计,-0.6297,7.2024,7.9021,,,,,,,
1568495946669305,陀螺仪,,,,,,,,0.0015,0.0473,0.1152
1568495956686753,加速度计,0.3041,6.9234,5.3469,,,,,,,
1568495966711441,加速度计,1.8950,5.5318,6.0118,,,,,,,
1568495966721597,陀螺仪,,,,,,,,-0.0104,0.0442,0.1145
1568495976731128,加速度计,-0.6393,6.4147,6.4596,,,,,,,
1568495986749982,加速度计,-0.3921,7.3753,7.6728,,,,,,,
1568495986759409,陀螺仪,,,,,,,,0.0112,0.0277,0.1101
1568495996768732,加速度计,0.4483,7.8727,8.9866,,,,,,,
1568496006787482,加速度计,-0.1089,6.5972,7.7704,,,,,,,
1568496006796909,陀螺仪,,,,,,,,0.0704,0.0394,0.1095
1568496016806232,加速度计,0.1323,8.2636,4.0797,,,,,,,
1568496026824982,加速度计,-0.1000,7.1126,3.0604,,,,,,,
1568496026835555,陀螺仪,,,,,,,,0.0238,-0.0020,0.1043
1568496036849722,加速度计,1.2091,7.3406,6.6289,,,,,,,
1568496046867586,加速度计,0.6901,6.9857,9.4924,,,,,,,
1568496046869826,陀螺仪,,,,,,,,-0.0056,0.0162,0.0948
1568496056872066,加速度计,-0.1419,9.0998,7.5657,,,,,,,
1568496066877274,加速度计,0.7997,6.8438,8.7358,,,,,,,
1568496066880347,陀螺仪,,,,,,,,0.0073,0.0004,0.1075
1568496076883628,加速度计,1.7573,5.9406,6.1417,,,,,,,
1568496086891857,加速度计,1.1917,5.8257,6.6960,,,,,,,
1568496086896805,陀螺仪,,,,,,,,0.0509,0.0280,0.0633
1568496096902170,加速度计,0.1808,7.1102,3.8816,,,,,,,
1568496106914878,加速度计,0.9924,5.9957,4.0049,,,,,,,
1568496106922222,陀螺仪,,,,,,,,0.0130,0.0194,0.0595
1568496116930086,加速度计,0.7470,6.8630,5.7802,,,,,,,
1568496126947795,加速度计,-0.3017,7.2347,10.3435,,,,,,,
1568496126957639,陀螺仪,,,,,,,,-0.0213,0.0160,0.0607
1568496136968003,加速度计,-0.1514,8.0595,10.7793,,,,,,,
1568496146990711,加速度计,0.6584,8.0116,6.8402,,,,,,,
1568496147002951,陀螺仪,,,,,,,,0.0470,0.0222,0.0812
1568496157015607,加速度计,0.1808,6.4015,4.2156,,,,,,,
1568496167042274,加速度计,-0.1203,6.1824,5.3169,,,,,,,
1568496167056180,陀螺仪,,,,,,,,-0.0129,0.0120,0.0880
1568496177070295,加速度计,0.2729,6.1944,8.4677,,,,,,,
1568496187099253,加速度计,0.4645,7.5106,9.6456,,,,,,,
1568496187113993,陀螺仪,,,,,,,,0.0032,0.0301,0.1293
1568496197128732,加速度计,-0.1903,8.0942,7.4771,,,,,,,
1568496207158316,加速度计,0.1125,7.2574,4.5244,,,,,,,
1568496207172014,陀螺仪,,,,,,,,0.0190,0.0579,0.1692
1568496217184461,加速度计,0.5477,6.4506,5.3032,,,,,,,
1568496227205086,加速度计,0.5758,7.3879,6.2159,,,,,,,
1568496227214618,陀螺仪,,,,,,,,-0.0402,0.0795,0.1987
1568496237223941,加速度计,-0.5567,6.2255,7.9098,,,,,,,
1568496247242691,加速度计,-0.6554,6.8319,7.2706,,,,,,,
1568496247252118,陀螺仪,,,,,,,,-0.0282,0.1193,0.2731
1568496257261441,加速度计,0.3148,7.3083,5.9514,,,,,,,
1568496267280191,加速度计,-0.7117,6.3734,7.8973,,,,,,,
1568496267289618,陀螺仪,,,,,,,,-0.0435,0.1483,0.3304
1568496277298941,加速度计,-0.3723,6.7774,7.7770,,,,,,,
1568496287320086,加速度计,0.7769,7.8069,7.4549,,,,,,,
1568496287330295,陀螺仪,,,,,,,,-0.0278,0.1664,0.3779
1568496297337951,加速度计,0.3603,6.3841,7.5878,,,,,,,
1568496307353368,加速度计,-0.1562,6.8923,6.2596,,,,,,,
1568496307361128,陀螺仪,,,,,,,,-0.0123,0.1855,0.3659
1568496317368784,加速度计,0.3298,6.6313,5.3151,,,,,,,
1568496327384566,加速度计,0.3358,6.5775,4.2760,,,,,,,
1568496327392691,陀螺仪,,,,,,,,-0.0353,0.1782,0.3147
1568496337400764,加速度计,-0.8535,6.5428,6.4422,,,,,,,
1568496347417378,加速度计,-0.4375,6.7499,8.7275,,,,,,,
1568496347425920,陀螺仪,,,,,,,,-0.0666,0.1406,0.2977
1568496357434409,加速度计,0.1562,7.2227,9.0046,,,,,,,
1568496367451857,加速度计,0.3819,7.5034,7.1509,,,,,,,
1568496367460816,陀螺仪,,,,,,,,-0.0165,0.1212,0.2711
1568496377469722,加速度计,0.7871,6.3500,6.8600,,,,,,,
1568496387488368,加速度计,0.8996,6.9420,5.5258,,,,,,,
1568496397507482,加速度计,-0.4812,7.2838,4.5424,,,,,,,
1568496387497951,陀螺仪,,,,,,,,-0.0141,0.1065,0.1898
1568496407527014,加速度计,1.0457,7.4992,6.4009,,,,,,,
1568496407537014,陀螺仪,,,,,,,,-0.1023,0.0559,0.1794
1568496417546961,加速度计,1.6053,5.3995,11.6394,,,,,,,
1568496427567326,加速度计,0.1401,7.6579,6.9593,,,,,,,
1568496427577743,陀螺仪,,,,,,,,-0.0234,0.0804,0.1278
1568496437588107,加速度计,0.7781,5.8359,6.5625,,,,,,,
1568496447609305,加速度计,1.5538,6.2914,4.4299,,,,,,,
1568496447619982,陀螺仪,,,,,,,,0.0001,0.0651,0.1111
1568496457630555,加速度计,0.7302,6.0615,6.1064,,,,,,,
1568496467651805,加速度计,0.3178,8.1738,5.4223,,,,,,,
1568496467662482,陀螺仪,,,,,,,,-0.0342,0.0642,0.0814
1568496477673055,加速度计,0.0790,8.4988,8.7837,,,,,,,
1568496487694305,加速度计,0.2855,6.9450,10.9475,,,,,,,
1568496487704982,陀螺仪,,,,,,,,-0.0427,0.0719,0.1419
1568496497715555,加速度计,1.1181,7.3197,8.7221,,,,,,,
1568496507735711,加速度计,0.8254,6.7798,6.5021,,,,,,,
1568496507745295,陀螺仪,,,,,,,,0.0230,0.1148,0.1684
1568496517754618,加速度计,1.3647,7.0330,5.4354,,,,,,,
1568496527773368,加速度计,0.8068,5.8041,7.3586,,,,,,,
1568496527784982,陀螺仪,,,,,,,,-0.0093,0.1381,0.1949
1568496537806232,加速度计,0.0736,7.7099,7.7255,,,,,,,
1568496547814305,加速度计,0.1125,7.4609,8.0409,,,,,,,
1568496547813628,陀螺仪,,,,,,,,-0.0004,0.1631,0.2618
1568496557812951,加速度计,1.0523,6.3285,7.3825,,,,,,,
1568496567812795,加速度计,0.7009,6.1543,5.3193,,,,,,,
1568496567813628,陀螺仪,,,,,,,,0.0322,0.2037,0.2792
1568496577814618,加速度计,0.0694,7.0312,5.6767,,,,,,,
1568496587819253,加速度计,-0.2789,6.7780,8.1648,,,,,,,
1568496587823055,陀螺仪,,,,,,,,0.0081,0.2260,0.3216
1568496597827170,加速度计,0.3693,7.6549,7.6369,,,,,,,
1568496607838420,加速度计,-0.3950,6.8750,6.6074,,,,,,,
1568496607845711,陀螺仪,,,,,,,,0.0254,0.2663,0.3676
1568496617853368,加速度计,-0.4405,7.8572,5.5300,,,,,,,
1568496636934810,GPS,,,,31.9415,118.7894,3.0700,80.6000,,,
1568496627880972,加速度计,0.2149,5.5366,7.5004,,,,,,,
1568496627903524,陀螺仪,,,,,,,,-0.0111,0.2771,0.4005
1568496637926128,加速度计,0.1389,7.2550,6.3811,,,,,,,
1568496647972378,加速度计,-0.1873,6.5308,7.6172,,,,,,,
1568496647995555,陀螺仪,,,,,,,,0.0031,0.3052,0.4204
1568496658015816,加速度计,0.1969,5.9885,6.3740,,,,,,,
1568496668038941,加速度计,0.4483,6.0130,8.6066,,,,,,,
1568496668048368,陀螺仪,,,,,,,,0.0418,0.3325,0.4147
1568496678057691,加速度计,-0.0844,8.2181,5.7832,,,,,,,
1568496688076441,加速度计,0.2711,6.1076,9.8432,,,,,,,
1568496688085868,陀螺仪,,,,,,,,0.0615,0.3198,0.4013
1568496698095191,加速度计,0.1790,8.8747,5.0697,,,,,,,
1568496708113941,加速度计,0.8697,6.5643,6.8073,,,,,,,
1568496708123368,陀螺仪,,,,,,,,0.0481,0.2887,0.3357
1568496718132691,加速度计,0.2622,7.4807,5.9239,,,,,,,
1568496728151441,加速度计,0.1311,6.9079,8.0840,,,,,,,
1568496728160868,陀螺仪,,,,,,,,0.0316,0.2404,0.2372
1568496738170191,加速度计,0.0784,6.4207,8.3606,,,,,,,
1568496748188941,加速度计,1.1606,8.0583,5.9298,,,,,,,
1568496748198368,陀螺仪,,,,,,,,0.0744,0.2076,0.1549
1568496758207691,加速度计,1.2546,7.5543,5.7407,,,,,,,
1568496768226441,加速度计,0.8841,6.0190,8.8867,,,,,,,
1568496768235868,陀螺仪,,,,,,,,0.0453,0.1670,0.0698
1568496778245555,加速度计,0.8805,7.4627,8.1666,,,,,,,
1568496788274670,加速度计,1.6652,6.9827,6.6631,,,,,,,
1568496788284722,陀螺仪,,,,,,,,0.1057,0.1462,0.0051
1568496798287170,加速度计,1.0187,7.1742,5.2505,,,,,,,
1568496808292534,加速度计,1.2522,6.4578,7.2502,,,,,,,
1568496808295607,陀螺仪,,,,,,,,0.0798,0.1148,-0.0421
1568496818298680,加速度计,1.5969,7.5830,7.5902,,,,,,,
1568496828306024,加速度计,1.2701,8.1116,4.9823,,,,,,,
1568496828310451,陀螺仪,,,,,,,,0.0718,0.1264,-0.0856
1568496838314982,加速度计,1.3569,7.4783,6.0328,,,,,,,
1568496848325972,加速度计,0.5578,6.3512,5.2170,,,,,,,
1568496848332586,陀螺仪,,,,,,,,-0.0121,0.1221,-0.0852
1568496858339409,加速度计,0.5872,5.4797,6.7211,,,,,,,
1568496868355347,加速度计,1.7939,6.5876,3.2459,,,,,,,
1568496868364461,陀螺仪,,,,,,,,-0.0435,0.1349,-0.0545
1568496878373784,加速度计,0.8631,5.8915,6.9151,,,,,,,
1568496888394722,加速度计,0.8757,5.9478,9.4128,,,,,,,
1568496888406180,陀螺仪,,,,,,,,-0.0743,0.1587,-0.0248
1568496898417795,加速度计,0.3047,7.2760,10.1376,,,,,,,
1568496908442951,加速度计,0.9571,7.7662,6.9264,,,,,,,
1568496908456336,陀螺仪,,,,,,,,-0.0141,0.1992,0.0326
1568496918469826,加速度计,0.3543,6.2249,8.1858,,,,,,,
1568496928498003,加速度计,0.4100,6.1489,5.5073,,,,,,,
1568496928512534,陀螺仪,,,,,,,,-0.0013,0.2181,0.0646
1568496938527066,加速度计,0.0329,6.2572,5.7622,,,,,,,
1568496948556597,加速度计,0.1861,7.1467,5.4648,,,,,,,
1568496948571441,陀螺仪,,,,,,,,-0.0497,0.2037,0.0690
1568496958586180,加速度计,-0.2807,6.0699,9.2440,,,,,,,
1568496968607378,加速度计,-0.0503,7.3496,8.9022,,,,,,,
1568496968617118,陀螺仪,,,,,,,,-0.0104,0.2120,0.0760
1568496978626649,加速度计,-0.0622,6.9977,7.6483,,,,,,,
1568496988645451,加速度计,-0.0808,6.7678,7.4490,,,,,,,
1568496988654878,陀螺仪,,,,,,,,0.0185,0.2104,0.0896
1568496998664201,加速度计,0.2891,6.6026,6.5781,,,,,,,
1568497008682951,加速度计,0.0132,6.7074,6.6876,,,,,,,
1568497008692378,陀螺仪,,,,,,,,0.0285,0.2021,0.0710
1568497018701701,加速度计,0.5261,7.0611,4.7118,,,,,,,
1568497028720451,加速度计,0.4483,6.8983,5.1978,,,,,,,
1568497028730659,陀螺仪,,,,,,,,-0.0141,0.1726,0.0288
1568497038744201,加速度计,0.6117,7.3430,7.0970,,,,,,,
1568497048759201,加速度计,0.1766,8.5928,9.9683,,,,,,,
1568497048766753,陀螺仪,,,,,,,,-0.0301,0.1489,-0.0272
1568497058774201,加速度计,0.4597,6.8636,8.0972,,,,,,,
1568497068789201,加速度计,0.1155,7.5088,6.7044,,,,,,,
1568497068796961,陀螺仪,,,,,,,,0.0141,0.1286,-0.0678
1568497078804618,加速度计,1.1845,6.3853,3.8020,,,,,,,
1568497088820451,加速度计,1.6137,5.8383,6.5673,,,,,,,
1568497088828628,陀螺仪,,,,,,,,-0.0220,0.0972,-0.1120
1568497098836701,加速度计,0.3448,7.3035,6.8313,,,,,,,
1568497108853368,加速度计,1.8788,8.0212,7.8883,,,,,,,
1568497108862170,陀螺仪,,,,,,,,-0.0381,0.0822,-0.1435
1568497118870868,加速度计,1.2731,7.3173,7.2957,,,,,,,
1568497128889201,加速度计,1.6903,7.0366,5.8095,,,,,,,
1568497128898836,陀螺仪,,,,,,,,-0.0364,0.0824,-0.1816
1568497138908368,加速度计,1.4341,6.2183,7.2012,,,,,,,
1568497148928368,加速度计,1.4952,6.4440,5.1206,,,,,,,
1568497148938628,陀螺仪,,,,,,,,-0.0537,0.0735,-0.2190
1568497158948784,加速度计,1.0930,6.3189,6.9923,,,,,,,
1568497168969618,加速度计,0.6506,7.5178,6.3716,,,,,,,
1568497168980295,陀螺仪,,,,,,,,-0.0699,0.0513,-0.2474
1568497178990868,加速度计,1.4551,5.7557,7.5717,,,,,,,
1568497189012534,加速度计,0.4124,5.8317,8.8364,,,,,,,
1568497189023420,陀螺仪,,,,,,,,-0.0543,0.0234,-0.2775
1568497199034201,加速度计,1.2522,6.8893,9.4774,,,,,,,
1568497209055868,加速度计,1.5724,6.2507,7.9374,,,,,,,
1568497209066753,陀螺仪,,,,,,,,0.0320,0.0121,-0.3309
1568497219077534,加速度计,0.3160,6.8971,4.3598,,,,,,,
1568497229099201,加速度计,0.5902,6.9031,3.4201,,,,,,,
1568497229109253,陀螺仪,,,,,,,,0.0051,-0.0112,-0.3486
1568497239119201,加速度计,0.6835,7.1569,6.9989,,,,,,,
1568497249138368,加速度计,0.0084,6.2351,9.1165,,,,,,,
1568497249147795,陀螺仪,,,,,,,,-0.0485,-0.0358,-0.3268
1568497259157118,加速度计,0.9523,8.0218,6.4207,,,,,,,
1568497269175868,加速度计,1.2384,6.7439,4.9704,,,,,,,
1568497269185295,陀螺仪,,,,,,,,-0.0501,-0.0337,-0.3302
1568497279194618,加速度计,-0.2095,5.2451,7.5483,,,,,,,
1568497289236753,加速度计,0.8200,6.6212,9.3667,,,,,,,
1568497289234930,陀螺仪,,,,,,,,-0.0316,-0.0262,-0.2915
1568497299233003,加速度计,0.7721,7.6620,7.9679,,,,,,,
1568497309230086,加速度计,0.1431,7.3903,3.7439,,,,,,,
1568497309229514,陀螺仪,,,,,,,,-0.0053,-0.0077,-0.2866
1568497319228836,加速度计,-0.1269,6.9737,4.2114,,,,,,,
1568497329229670,加速度计,-0.0784,6.7750,7.8482,,,,,,,
1568497329231597,陀螺仪,,,,,,,,-0.0820,-0.0478,-0.2422
1568497339233420,加速度计,-0.2921,7.6998,11.3270,,,,,,,
1568497349240503,加速度计,0.7811,8.5970,8.1331,,,,,,,
1568497349245972,陀螺仪,,,,,,,,-0.0091,-0.0324,-0.2324
1568497359251336,加速度计,0.7069,6.9324,3.1125,,,,,,,
1568497369265920,加速度计,0.1125,5.9849,6.5134,,,,,,,
1568497369275347,陀螺仪,,,,,,,,-0.0691,-0.0551,-0.2557
1568497379284670,加速度计,-0.3376,6.2806,8.8244,,,,,,,
1568497389307170,加速度计,-0.5543,7.2413,10.1083,,,,,,,
1568497389320139,陀螺仪,,,,,,,,-0.0129,-0.0566,-0.2281
1568497399333003,加速度计,0.3891,8.9693,5.5994,,,,,,,
1568497409361753,加速度计,0.7913,6.0956,7.3867,,,,,,,
1568497409377430,陀螺仪,,,,,,,,-0.0280,-0.0835,-0.2535
1568497419393003,加速度计,0.0365,6.0118,5.9149,,,,,,,
1568497429426336,加速度计,-0.1209,6.3871,6.9570,,,,,,,
1568497429443680,陀螺仪,,,,,,,,-0.0246,-0.1063,-0.2493
1568497439460920,加速度计,1.3108,7.8320,5.7958,,,,,,,
1568497449496336,加速度计,1.1091,5.4678,8.8107,,,,,,,
1568497449514097,陀螺仪,,,,,,,,-0.0434,-0.1128,-0.2650
1568497459531753,加速度计,-0.5183,6.2985,6.5236,,,,,,,
1568497469555086,加速度计,0.4369,6.5146,4.3473,,,,,,,
1568497469564722,陀螺仪,,,,,,,,-0.0140,-0.1193,-0.2414
1568497479574253,加速度计,1.5323,6.6690,5.9047,,,,,,,
1568497489593003,加速度计,-0.5327,5.3798,7.1730,,,,,,,
1568497489602430,陀螺仪,,,,,,,,-0.0498,-0.1120,-0.2418
1568497499611753,加速度计,-1.1295,7.9476,7.3376,,,,,,,
1568497509630503,加速度计,1.3396,7.4789,7.5573,,,,,,,
1568497509639930,陀螺仪,,,,,,,,-0.0433,-0.1262,-0.1662
1568497519649253,加速度计,0.3986,5.3085,9.2751,,,,,,,
1568497529668003,加速度计,-0.5046,7.9721,5.1631,,,,,,,
1568497529679305,陀螺仪,,,,,,,,0.0108,-0.0901,-0.1458
1568497539694409,加速度计,0.7482,6.2632,6.4506,,,,,,,
1568497549705659,加速度计,0.4465,7.2341,8.3157,,,,,,,
1568497549711336,陀螺仪,,,,,,,,-0.0134,-0.0846,-0.1035
1568497559716961,加速度计,-0.9188,7.0120,9.0920,,,,,,,
1568497569728732,加速度计,0.3759,8.2289,6.2213,,,,,,,
1568497569735034,陀螺仪,,,,,,,,0.0333,-0.0759,-0.0615
1568497579741336,加速度计,0.3669,6.8019,6.7235,,,,,,,
1568497589754826,加速度计,-0.0658,6.9324,5.7221,,,,,,,
1568497589762170,陀螺仪,,,,,,,,0.0325,-0.0610,-0.0441
1568497599769566,加速度计,-0.1658,7.0144,4.1360,,,,,,,
1568497609785555,加速度计,0.6470,7.5507,5.1451,,,,,,,
1568497609794149,陀螺仪,,,,,,,,-0.0288,-0.0732,-0.0422
1568497619802691,加速度计,-0.5052,7.3676,8.0403,,,,,,,
1568497640244549,GPS,,,,31.9415,118.7894,2.9500,64.6000,,,
1568497629839305,陀螺仪,,,,,,,,-0.0209,-0.0648,-0.0180
1568497629825295,加速度计,-0.9020,7.3484,10.2412,,,,,,,
1568497639853368,加速度计,0.5004,6.5649,9.4774,,,,,,,
1568497649881701,加速度计,0.1969,8.4922,4.4017,,,,,,,
1568497649895920,陀螺仪,,,,,,,,0.0625,-0.0446,-0.0189
1568497659909722,加速度计,-0.8625,6.4482,3.7960,,,,,,,
1568497669943732,陀螺仪,,,,,,,,-0.0084,-0.0867,-0.0087
1568497669934097,加速度计,-0.1694,6.1758,7.4286,,,,,,,
1568497679953107,加速度计,0.7051,7.3676,6.9073,,,,,,,
1568497689971857,加速度计,0.3466,7.4352,6.5888,,,,,,,
1568497689981284,陀螺仪,,,,,,,,-0.0096,-0.0708,-0.0003
1568497699990607,加速度计,-0.5303,7.1742,5.5803,,,,,,,
1568497710018784,陀螺仪,,,,,,,,-0.0381,-0.0629,0.0256
1568497710009357,加速度计,0.9182,6.6984,8.4252,,,,,,,
1568497720028107,加速度计,0.8972,7.7231,6.8720,,,,,,,
1568497730056284,陀螺仪,,,,,,,,-0.0507,-0.0328,0.0433
1568497730046857,加速度计,-0.1826,5.9580,8.5892,,,,,,,
1568497740065607,加速度计,-0.8200,6.7882,9.9605,,,,,,,
1568497750093784,陀螺仪,,,,,,,,0.0088,-0.0246,0.0945
1568497750084357,加速度计,-0.1957,7.6818,6.5086,,,,,,,
1568497760103107,加速度计,0.8374,6.0256,6.7654,,,,,,,
1568497770121857,加速度计,-0.5495,6.5817,6.0238,,,,,,,
1568497770131284,陀螺仪,,,,,,,,0.0099,-0.0268,0.0852
1568497780140607,加速度计,-0.0108,7.0581,5.8095,,,,,,,
1568497790165607,加速度计,-0.1431,5.3774,7.3682,,,,,,,
1568497790173159,陀螺仪,,,,,,,,-0.0104,-0.0268,0.0831
1568497800180607,加速度计,-0.0916,7.9559,4.4059,,,,,,,
1568497810195607,加速度计,0.2640,5.8329,8.8346,,,,,,,
1568497810203159,陀螺仪,,,,,,,,-0.0221,-0.0226,0.1093
1568497820210607,加速度计,-0.3268,7.5992,6.3524,,,,,,,
1568497830226024,加速度计,0.1251,6.9767,5.3971,,,,,,,
1568497830233993,陀螺仪,,,,,,,,-0.0121,-0.0084,0.1441
1568497840241857,加速度计,0.1502,7.1054,6.6074,,,,,,,
1568497850258107,加速度计,0.4274,7.0797,10.1514,,,,,,,
1568497850266493,陀螺仪,,,,,,,,-0.0313,-0.0051,0.1385
1568497860274774,加速度计,0.0694,6.6277,9.8701,,,,,,,
1568497870292274,加速度计,0.2795,8.4114,3.1831,,,,,,,
1568497870301493,陀螺仪,,,,,,,,0.0402,0.0218,0.1269
1568497880310607,加速度计,0.1077,7.1042,4.2808,,,,,,,
1568497890329774,加速度计,0.5267,5.1589,7.7440,,,,,,,
1568497890339826,陀螺仪,,,,,,,,-0.0469,-0.0057,0.0963
1568497900349774,加速度计,-0.2280,7.1832,6.9576,,,,,,,
1568497910370191,加速度计,-0.0395,8.2821,5.2445,,,,,,,
1568497910380659,陀螺仪,,,,,,,,-0.0377,-0.0045,0.1029
1568497920391024,加速度计,0.5417,6.0412,5.3714,,,,,,,
1568497930412274,加速度计,1.0002,6.8965,6.3805,,,,,,,
1568497930423159,陀螺仪,,,,,,,,-0.0708,-0.0127,0.0680
1568497940433941,加速度计,-0.7554,7.0689,9.5062,,,,,,,
1568497950455607,加速度计,-0.3825,7.7692,7.3179,,,,,,,
1568497960477274,加速度计,0.6841,7.5800,5.7658,,,,,,,
1568497950466493,陀螺仪,,,,,,,,-0.0447,-0.0027,0.0888
1568497970498941,加速度计,0.4507,7.0713,4.0163,,,,,,,
1568497970509826,陀螺仪,,,,,,,,-0.0991,-0.0321,0.0747
1568497980520607,加速度计,-0.1179,5.4558,10.0233,,,,,,,
1568497990540607,加速度计,0.3017,6.7750,8.2283,,,,,,,
1568497990550034,陀螺仪,,,,,,,,-0.0447,-0.0142,0.0671
1568498000559357,加速度计,0.6309,6.7660,6.3722,,,,,,,
1568498010578107,加速度计,0.4100,7.1491,4.1426,,,,,,,
1568498010587534,陀螺仪,,,,,,,,-0.0666,-0.0182,0.0652
1568498020596857,加速度计,0.0599,5.8347,9.2883,,,,,,,
1568498030615607,加速度计,0.5590,6.8666,8.9346,,,,,,,
1568498030628993,陀螺仪,,,,,,,,-0.0340,-0.0116,0.0791
1568498040655555,加速度计,0.6291,6.9593,7.1060,,,,,,,
1568498050651493,加速度计,0.5189,7.6620,3.9474,,,,,,,
1568498050649878,陀螺仪,,,,,,,,-0.0449,-0.0020,0.0828
1568498060648368,加速度计,0.2167,5.8185,6.8007,,,,,,,
1568498070647014,加速度计,0.4782,6.7349,8.1888,,,,,,,
1568498070647482,陀螺仪,,,,,,,,-0.0783,0.0056,0.0905
1568498080648211,加速度计,0.1161,6.4368,5.9370,,,,,,,
1568498090652378,加速度计,0.5878,6.2165,5.8784,,,,,,,
1568498090655972,陀螺仪,,,,,,,,-0.0968,0.0245,0.1021
1568498100659930,加速度计,-0.4106,5.6234,7.2508,,,,,,,
1568498110671284,加速度计,-1.1468,6.5918,7.6303,,,,,,,
1568498110678836,陀螺仪,,,,,,,,-0.0692,0.0374,0.1281
1568498120686805,加速度计,0.3286,6.4500,8.4545,,,,,,,
1568498130706441,加速度计,0.2412,8.1576,8.1427,,,,,,,
1568498130717951,陀螺仪,,,,,,,,-0.0491,0.0196,0.1280
1568498140729774,加速度计,-1.3072,6.4913,10.4387,,,,,,,
1568498150756389,加速度计,0.7919,8.7807,4.3539,,,,,,,
1568498150771024,陀螺仪,,,,,,,,0.0328,0.0201,0.1322
1568498160785868,加速度计,0.0251,7.3287,-0.8374,,,,,,,
1568498170817795,加速度计,0.3801,6.4410,4.2371,,,,,,,
1568498170834722,陀螺仪,,,,,,,,-0.1485,-0.0354,0.0868
1568498180851701,加速度计,0.4603,5.9430,8.6634,,,,,,,
1568498190886753,加速度计,-0.5561,6.9540,10.1335,,,,,,,
1568498190904514,陀螺仪,,,,,,,,-0.0947,0.0068,0.1035
1568498200922170,加速度计,0.1460,7.3706,4.4359,,,,,,,
1568498210955764,加速度计,2.2033,5.5935,6.5326,,,,,,,
1568498210966232,陀螺仪,,,,,,,,-0.1265,0.0220,0.1320
1568498220976336,加速度计,-0.3394,5.5970,8.0457,,,,,,,
1568498230995086,加速度计,-1.2995,6.3494,10.6267,,,,,,,
1568498231004514,陀螺仪,,,,,,,,-0.0648,0.0402,0.1750
1568498241013836,加速度计,1.2755,8.6850,9.1931,,,,,,,
1568498251032586,加速度计,0.1185,6.8755,3.3375,,,,,,,
1568498251042014,陀螺仪,,,,,,,,-0.0107,0.0650,0.1796
1568498261051336,加速度计,0.7248,6.6942,4.8219,,,,,,,
1568498271070086,加速度计,0.8900,6.8055,7.6363,,,,,,,
1568498271079514,陀螺仪,,,,,,,,-0.0814,0.0204,0.1153
1568498281089357,加速度计,-1.7083,7.7674,10.9642,,,,,,,
1568498291115191,加速度计,-0.0575,6.4326,8.2432,,,,,,,
1568498291120659,陀螺仪,,,,,,,,0.0055,0.0376,0.1623
1568498301126024,加速度计,1.2659,7.8231,3.6152,,,,,,,
1568498311136961,加速度计,0.8380,6.6062,2.0979,,,,,,,
1568498311142639,陀螺仪,,,,,,,,-0.0751,0.0344,0.1306
1568498321148420,加速度计,-1.0415,6.0819,11.5927,,,,,,,
1568498331160711,加速度计,-0.4130,6.7032,18.9208,,,,,,,
1568498331167222,陀螺仪,,,,,,,,0.0402,0.0668,0.1929
1568498341173941,加速度计,0.4848,9.9772,5.9017,,,,,,,
1568498351188420,加速度计,1.2234,7.7566,-1.7957,,,,,,,
1568498351196180,陀螺仪,,,,,,,,0.0559,0.0676,0.1870
1568498361204149,加速度计,1.0355,4.9368,1.0193,,,,,,,
1568498371221128,加速度计,-0.3627,5.0009,9.1704,,,,,,,
1568498371230139,陀螺仪,,,,,,,,-0.0949,0.0248,0.1236
1568498381239357,加速度计,-0.4304,7.7770,14.6076,,,,,,,
1568498391258836,加速度计,0.4190,7.8656,7.8542,,,,,,,
1568498391269097,陀螺仪,,,,,,,,0.0932,0.0951,0.2055
1568498401279566,加速度计,0.9972,8.6754,-0.9026,,,,,,,
1568498411301545,加速度计,0.0533,4.8902,2.7779,,,,,,,
1568498411313055,陀螺仪,,,,,,,,-0.0811,0.0800,0.2017
1568498421324670,加速度计,1.7585,7.1024,9.2033,,,,,,,
1568498431348628,加速度计,-1.2222,4.8836,16.6780,,,,,,,
1568498431360972,陀螺仪,,,,,,,,0.0049,0.0975,0.1898
1568498441373316,加速度计,0.2298,9.6696,5.9855,,,,,,,
1568498451398316,加速度计,0.2376,7.3143,3.4907,,,,,,,
1568498451410868,陀螺仪,,,,,,,,0.0178,0.1300,0.2593
1568498461423316,加速度计,1.1666,5.2230,6.1567,,,,,,,
1568498471447586,加速度计,1.0157,5.8203,5.7916,,,,,,,
1568498471458680,陀螺仪,,,,,,,,-0.0071,0.1027,0.1846
1568498481468941,加速度计,-0.2364,7.5214,11.4634,,,,,,,
1568498491488003,加速度计,-1.1384,7.2568,10.4591,,,,,,,
1568498491497430,陀螺仪,,,,,,,,0.0878,0.1288,0.1446
1568498501506753,加速度计,-0.2017,6.7457,6.2979,,,,,,,
1568498511525503,加速度计,0.7075,7.1694,1.2073,,,,,,,
1568498511534930,陀螺仪,,,,,,,,0.1023,0.1087,0.1755
1568498521544253,加速度计,1.4186,5.9143,5.5174,,,,,,,
1568498531563316,加速度计,0.4435,8.3378,8.5102,,,,,,,
1568498531573368,陀螺仪,,,,,,,,0.0354,0.1033,0.1099
1568498541585607,加速度计,-1.4784,7.7650,7.3729,,,,,,,
1568498551600607,加速度计,0.2598,7.5585,6.1872,,,,,,,
1568498551608159,陀螺仪,,,,,,,,0.0353,0.0882,0.1935
1568498561615607,加速度计,1.6137,5.5468,11.1540,,,,,,,
1568498571630711,加速度计,1.1803,9.0513,4.7094,,,,,,,
1568498571638472,陀螺仪,,,,,,,,0.0812,0.1469,0.1708
1568498581646232,加速度计,0.1760,6.5104,8.6568,,,,,,,
1568498591662170,加速度计,0.7051,7.3364,15.2499,,,,,,,
1568498591670347,陀螺仪,,,,,,,,0.1250,0.1718,0.1963
1568498601678524,加速度计,-0.1047,7.8135,11.4419,,,,,,,
1568498611695399,加速度计,1.8310,8.6921,8.3582,,,,,,,
1568498611704201,陀螺仪,,,,,,,,0.2890,0.2270,0.2265
1568498621714878,加速度计,-0.0509,11.4215,-3.4698,,,,,,,
1568498636602153,GPS,,,,31.9415,118.7894,2.9200,60.9000,,,
1568498631753941,加速度计,0.6303,4.2527,5.7970,,,,,,,
1568498631762743,陀螺仪,,,,,,,,0.0590,0.1646,0.1892
1568498641771441,加速度计,0.0569,5.7060,7.9092,,,,,,,
1568498651788941,加速度计,-0.1676,7.2101,7.4256,,,,,,,
1568498651797743,陀螺仪,,,,,,,,0.1117,0.1674,0.1557
1568498661806441,加速度计,0.8469,7.1497,5.5007,,,,,,,
1568498671823941,加速度计,-0.3783,6.2686,1.3342,,,,,,,
1568498671832743,陀螺仪,,,,,,,,0.0780,0.1815,0.1325
1568498681841441,加速度计,0.4142,5.8808,3.4052,,,,,,,
1568498691858941,加速度计,0.7853,6.5906,11.3018,,,,,,,
1568498691867743,陀螺仪,,,,,,,,0.0017,0.1411,0.1029
1568498701876597,加速度计,-0.6710,5.9310,11.3419,,,,,,,
1568498711903889,陀螺仪,,,,,,,,0.1128,0.2019,0.1510
1568498711894670,加速度计,-0.1963,8.0762,4.6890,,,,,,,
1568498721913159,加速度计,1.2510,7.2407,4.8058,,,,,,,
1568498731932066,加速度计,0.6931,5.9909,7.4472,,,,,,,
1568498731941701,陀螺仪,,,,,,,,0.0453,0.1812,0.0924
1568498741951232,加速度计,0.0096,6.1746,9.5301,,,,,,,
1568498751970399,加速度计,1.1259,8.5174,4.5711,,,,,,,
1568498751980034,陀螺仪,,,,,,,,0.0836,0.1502,0.0297
1568498761989566,加速度计,0.7661,5.7784,2.7737,,,,,,,
1568498772008732,加速度计,1.5987,5.7694,11.4030,,,,,,,
1568498772018368,陀螺仪,,,,,,,,0.0104,0.0630,-0.0708
1568498782029930,加速度计,-0.1365,7.8392,16.4482,,,,,,,
1568498792068784,加速度计,1.7711,9.6235,13.2872,,,,,,,
1568498792069878,陀螺仪,,,,,,,,0.2517,0.1044,-0.1485
1568498802070972,加速度计,0.8051,9.8845,1.8447,,,,,,,
1568498812073784,加速度计,0.0958,4.6070,0.8751,,,,,,,
1568498812075711,陀螺仪,,,,,,,,0.1493,0.0614,-0.1788
1568498822077951,加速度计,1.2402,5.8598,3.6320,,,,,,,
1568498832083889,加速度计,-0.0838,8.0744,12.3786,,,,,,,
1568498832087691,陀螺仪,,,,,,,,0.0668,-0.0325,-0.2870
1568498842092014,加速度计,0.8152,8.1995,12.6791,,,,,,,
1568498852102743,加速度计,0.8601,8.5880,5.5061,,,,,,,
1568498852109253,陀螺仪,,,,,,,,0.1932,-0.0128,-0.2607
1568498862116389,加速度计,1.5215,7.5735,1.8926,,,,,,,
1568498872132951,加速度计,2.5067,9.2835,4.3551,,,,,,,
1568498872142378,陀螺仪,,,,,,,,0.0370,-0.0503,-0.3186
1568498882152430,加速度计,0.9559,6.5751,9.4972,,,,,,,
1568498892186857,陀螺仪,,,,,,,,-0.0225,-0.0630,-0.3539
1568498892174722,加速度计,0.5477,9.6235,5.6162,,,,,,,
1568498902199409,加速度计,-0.0658,4.7262,7.8602,,,,,,,
1568498912226180,加速度计,1.3958,5.5988,6.5170,,,,,,,
1568498912240399,陀螺仪,,,,,,,,-0.0558,-0.0768,-0.3048
1568498922254826,加速度计,2.1362,4.9536,8.7287,,,,,,,
1568498932284618,加速度计,0.4926,10.0479,6.7211,,,,,,,
1568498932299878,陀螺仪,,,,,,,,-0.0200,-0.0308,-0.2674
1568498942315139,加速度计,1.4910,2.9281,12.0572,,,,,,,
1568498952361441,陀螺仪,,,,,,,,0.0993,0.0302,-0.2174
1568498952345972,加速度计,0.2424,6.7032,6.9186,,,,,,,
1568498962374930,加速度计,0.7919,4.8249,4.4897,,,,,,,
1568498972397222,加速度计,1.0630,7.4101,-0.6189,,,,,,,
1568498972406857,陀螺仪,,,,,,,,0.0634,0.0153,-0.2079
1568498982416284,加速度计,-0.6823,6.6098,7.3179,,,,,,,
1568498992444461,陀螺仪,,,,,,,,0.0168,-0.0119,-0.1822
1568498992435034,加速度计,-0.0688,7.0479,8.7526,,,,,,,
1568499002453784,加速度计,0.4986,7.8638,4.8890,,,,,,,
1568499012472534,加速度计,0.0748,6.3524,4.7423,,,,,,,
1568499012481961,陀螺仪,,,,,,,,-0.0266,-0.0060,-0.1538
1568499022491284,加速度计,-0.2825,7.1138,9.4559,,,,,,,
1568499032511076,加速度计,-1.3485,4.2539,19.1578,,,,,,,
1568499032524982,陀螺仪,,,,,,,,0.0414,-0.0040,-0.0794
1568499042539982,加速度计,1.1289,10.3040,9.7905,,,,,,,
1568499052545920,加速度计,-0.3160,6.7253,2.8413,,,,,,,
1568499052549097,陀螺仪,,,,,,,,0.2296,0.0574,-0.0597
1568499062552378,加速度计,1.6903,9.0208,-2.8168,,,,,,,
1568499072563993,陀螺仪,,,,,,,,-0.0393,-0.0048,-0.0944
1568499072559774,加速度计,-2.0602,7.0707,5.7048,,,,,,,
1568499082568524,加速度计,-1.0666,9.0878,15.7012,,,,,,,
1568499092579045,加速度计,-0.9505,7.8117,15.2594,,,,,,,
1568499092585139,陀螺仪,,,,,,,,0.0997,0.0007,-0.0514
1568499102591649,加速度计,-0.8619,9.1704,8.8933,,,,,,,
1568499112606336,加速度计,0.2969,7.1964,13.8546,,,,,,,
1568499112614514,陀螺仪,,,,,,,,0.2811,0.0332,-0.0149
1568499122623107,加速度计,0.9385,9.5553,-3.0897,,,,,,,
1568499132641961,加速度计,0.8021,9.5092,10.3358,,,,,,,
1568499132652222,陀螺仪,,,,,,,,0.2021,0.0208,-0.0559
1568499142662899,加速度计,0.3388,8.1948,-6.2722,,,,,,,
1568499152685816,加速度计,-0.6440,1.7645,13.9947,,,,,,,
1568499152697951,陀螺仪,,,,,,,,0.0196,-0.0389,-0.0403
1568499162710399,加速度计,1.6101,11.6849,0.5225,,,,,,,
1568499172736545,加速度计,1.1079,7.5776,5.7772,,,,,,,
1568499172750139,陀螺仪,,,,,,,,-0.0252,-0.0119,-0.0726
1568499182763836,加速度计,-1.0804,-0.1245,9.1997,,,,,,,
1568499192791857,加速度计,-0.0658,6.9444,11.0492,,,,,,,
1568499192806076,陀螺仪,,,,,,,,0.1402,0.0446,0.0140
1568499202820191,加速度计,-0.3825,12.8443,2.2452,,,,,,,
1568499212847691,加速度计,0.4016,5.0799,6.7349,,,,,,,
1568499212860243,陀螺仪,,,,,,,,0.0123,0.0069,0.0566
1568499222871128,加速度计,1.3581,2.5013,9.6319,,,,,,,
1568499232889878,加速度计,1.2360,7.5471,10.8008,,,,,,,
1568499232899305,陀螺仪,,,,,,,,0.1245,0.0443,-0.0059
1568499242908628,加速度计,-0.6410,8.8717,10.9194,,,,,,,
1568499252927378,加速度计,-0.8739,4.9249,10.4106,,,,,,,
1568499252936805,陀螺仪,,,,,,,,0.2190,0.0268,-0.0317
1568499262946128,加速度计,0.8912,4.5657,3.4758,,,,,,,
1568499272964878,加速度计,0.7248,6.1238,0.9972,,,,,,,
1568499272974305,陀螺仪,,,,,,,,0.2282,-0.0534,-0.1266
1568499282984045,加速度计,0.6404,6.2423,4.2593,,,,,,,
1568499293013264,陀螺仪,,,,,,,,0.1680,-0.0855,-0.1975
1568499293004670,加速度计,0.7015,7.6555,7.2856,,,,,,,
1568499303021753,加速度计,0.0581,10.2220,8.1696,,,,,,,
1568499313047430,陀螺仪,,,,,,,,0.1348,-0.0987,-0.1672
1568499313038836,加速度计,0.4322,8.4856,11.2671,,,,,,,
1568499323055920,加速度计,1.0630,8.9034,6.4057,,,,,,,
1568499333073003,加速度计,1.1151,5.8460,7.3945,,,,,,,
1568499333081597,陀螺仪,,,,,,,,0.1388,-0.0638,-0.1366
1568499343090086,加速度计,0.1556,6.1950,6.0585,,,,,,,
1568499353107326,加速度计,0.2795,8.6323,4.4975,,,,,,,
1568499353116128,陀螺仪,,,,,,,,0.1406,-0.0361,-0.0961
1568499363124982,加速度计,1.1109,9.6397,5.9239,,,,,,,
1568499373143055,加速度计,0.6171,10.0886,5.3289,,,,,,,
1568499373152274,陀螺仪,,,,,,,,0.0411,-0.0190,-0.0875
1568499383161545,加速度计,0.6003,9.8174,6.9701,,,,,,,
1568499393180451,加速度计,0.6422,10.8619,3.8104,,,,,,,
1568499393190086,陀螺仪,,,,,,,,-0.1278,0.0012,-0.0772
1568499403199774,加速度计,0.7350,7.7602,7.3316,,,,,,,
1568499413219514,加速度计,-0.2137,4.9392,13.5805,,,,,,,
1568499413229566,陀螺仪,,,,,,,,-0.2276,0.0092,-0.0372
1568499423239514,加速度计,-0.9355,2.6689,12.6875,,,,,,,
1568499433259514,加速度计,-0.1939,4.5472,5.8221,,,,,,,
1568499433269566,陀螺仪,,,,,,,,0.0081,0.1161,0.1128
1568499443279514,加速度计,1.0546,3.5979,4.0654,,,,,,,
1568499453299514,加速度计,0.0581,4.6926,6.3997,,,,,,,
1568499453309566,陀螺仪,,,,,,,,0.0426,0.1230,0.0860
1568499463319514,加速度计,-0.0922,7.5585,12.0261,,,,,,,
1568499473339514,加速度计,-0.6716,7.8733,9.4451,,,,,,,
1568499473349566,陀螺仪,,,,,,,,0.1142,0.1158,0.0639
1568499483359514,加速度计,-0.4411,8.6538,6.9671,,,,,,,
1568499493379514,加速度计,0.2969,11.7226,-1.0523,,,,,,,
1568499493389566,陀螺仪,,,,,,,,0.0567,0.0579,0.0425
1568499503399514,加速度计,0.4687,3.4596,7.6513,,,,,,,
1568499513419514,加速度计,-0.1347,1.6933,8.8681,,,,,,,
1568499513429566,陀螺仪,,,,,,,,0.0217,0.0715,-0.0252
1568499523439201,加速度计,-0.3250,9.2811,4.1773,,,,,,,
1568499533460555,加速度计,0.1610,9.3416,0.0706,,,,,,,
1568499533482743,陀螺仪,,,,,,,,-0.1015,-0.0236,-0.0882
1568499543491701,加速度计,-1.1911,1.8543,12.6186,,,,,,,
1568499553487847,加速度计,0.7661,2.2128,13.5434,,,,,,,
1568499553486232,陀螺仪,,,,,,,,0.0017,-0.0348,-0.1321
1568499563485139,加速度计,0.2903,11.3030,7.2496,,,,,,,
1568499573484878,陀螺仪,,,,,,,,0.0450,-0.0574,-0.1807
1568499573484409,加速度计,-1.3282,8.5587,3.3507,,,,,,,
1568499583486336,加速度计,0.9385,5.5617,3.8762,,,,,,,
1568499593494930,陀螺仪,,,,,,,,0.0145,-0.1104,-0.2374
1568499593491336,加速度计,-0.6794,6.3488,10.2017,,,,,,,
1568499603499826,加速度计,0.3232,10.3980,6.7493,,,,,,,
1568499613512222,加速度计,-0.1808,8.1445,8.4671,,,,,,,
1568499613519774,陀螺仪,,,,,,,,0.0357,-0.1426,-0.2692
1568499623531597,加速度计,1.5508,8.4635,3.9373,,,,,,,
1568499636097621,GPS,,,,31.9415,118.7895,3.8800,60.8000,,,
1568499633613107,加速度计,0.5100,7.0773,8.5527,,,,,,,
1568499633649201,陀螺仪,,,,,,,,0.0160,-0.1490,-0.2641
1568499643663316,加速度计,0.8781,8.6886,5.8921,,,,,,,
1568499653685659,加速度计,1.0283,8.1421,6.4350,,,,,,,
1568499653695086,陀螺仪,,,,,,,,0.0236,-0.1316,-0.2182
1568499663704409,加速度计,1.9411,7.6148,4.1031,,,,,,,
1568499673723159,加速度计,1.1588,6.7175,8.4042,,,,,,,
1568499673732586,陀螺仪,,,,,,,,-0.0150,-0.0968,-0.1965
1568499683741909,加速度计,-0.0174,7.4268,6.8618,,,,,,,
1568499693760659,加速度计,1.0427,6.5864,4.3616,,,,,,,
1568499693770086,陀螺仪,,,,,,,,-0.0079,-0.0762,-0.1587
1568499703779409,加速度计,1.9656,6.2255,5.0661,,,,,,,
1568499713798159,加速度计,-0.5962,5.6988,7.9703,,,,,,,
1568499713807586,陀螺仪,,,,,,,,-0.0451,-0.0727,-0.1650
1568499723816909,加速度计,0.2664,6.6930,9.8641,,,,,,,
1568499733835659,加速度计,1.0427,7.4765,6.0418,,,,,,,
1568499733845086,陀螺仪,,,,,,,,0.0204,-0.0462,-0.1209
1568499743854409,加速度计,0.3819,6.3805,5.9089,,,,,,,
1568499753873159,加速度计,0.0700,4.5011,6.8504,,,,,,,
1568499753882586,陀螺仪,,,,,,,,0.0053,-0.0461,-0.1221
1568499763891909,加速度计,0.1000,5.8885,5.7616,,,,,,,
1568499773910659,加速度计,0.0712,7.8153,5.4372,,,,,,,
1568499773920451,陀螺仪,,,,,,,,0.0023,-0.0357,-0.0912
1568499783931232,加速度计,-0.6829,7.6471,7.6770,,,,,,,
1568499793959305,加速度计,-0.8296,5.9304,12.5743,,,,,,,
1568499793962066,陀螺仪,,,,,,,,0.0071,-0.0197,-0.0150
1568499803964878,加速度计,-0.1377,8.3085,6.7540,,,,,,,
1568499813971024,加速度计,-0.5758,6.6888,7.0886,,,,,,,
1568499813974409,陀螺仪,,,,,,,,0.0410,-0.0008,0.0324
1568499823978159,加速度计,0.2328,5.8029,7.3340,,,,,,,
1568499833991545,陀螺仪,,,,,,,,0.0615,0.0165,0.0248
1568499833986701,加速度计,-1.4138,6.9085,6.8630,,,,,,,
1568499843997066,加速度计,-1.1791,8.0152,5.3343,,,,,,,
1568499854016441,陀螺仪,,,,,,,,0.0204,-0.0264,0.0200
1568499854009514,加速度计,0.1155,8.0511,6.7876,,,,,,,
1568499864024201,加速度计,-1.7448,7.6124,7.2652,,,,,,,
1568499874041389,加速度计,0.5213,7.8111,7.1365,,,,,,,
1568499874050816,陀螺仪,,,,,,,,0.0373,-0.0316,0.0133
1568499884060920,加速度计,0.1622,8.4629,5.1451,,,,,,,
1568499894082534,加速度计,-0.3472,7.3185,6.9384,,,,,,,
1568499894094045,陀螺仪,,,,,,,,-0.0320,-0.0530,-0.0252
1568499904106076,加速度计,0.4998,6.3147,8.8675,,,,,,,
1568499914131284,加速度计,0.5297,8.9926,2.2009,,,,,,,
1568499914144461,陀螺仪,,,,,,,,-0.0269,-0.0465,-0.0382
1568499924158003,加速度计,1.3120,7.1102,9.9341,,,,,,,
1568499934200034,陀螺仪,,,,,,,,-0.0128,-0.0469,-0.0555
1568499934185816,加速度计,-0.5986,6.5763,13.2435,,,,,,,
1568499944214305,加速度计,0.5980,6.8881,8.1499,,,,,,,
1568499954243055,加速度计,1.8477,8.5976,1.0104,,,,,,,
1568499954257482,陀螺仪,,,,,,,,0.0571,-0.0324,-0.0748
1568499964269930,加速度计,1.5868,4.9087,2.2643,,,,,,,
1568499974301597,陀螺仪,,,,,,,,-0.0513,-0.0702,-0.1738
1568499974291961,加速度计,0.1592,5.0572,7.6124,,,,,,,
1568499984310972,加速度计,-0.5860,7.0000,6.5140,,,,,,,
1568499994329722,加速度计,0.3932,8.0972,4.9033,,,,,,,
1568499994339149,陀螺仪,,,,,,,,-0.0555,-0.0991,-0.1490
1568500004348472,加速度计,0.9583,6.2758,9.9288,,,,,,,
1568500014367222,加速度计,-0.8398,6.2578,11.4976,,,,,,,
1568500014376649,陀螺仪,,,,,,,,-0.0128,-0.0708,-0.1477
1568500024385972,加速度计,-0.3513,7.5130,6.7570,,,,,,,
1568500034405503,加速度计,1.8495,6.5613,1.8920,,,,,,,
1568500034419930,陀螺仪,,,,,,,,0.0028,-0.0755,-0.1067
1568500044426961,加速度计,0.0233,4.4305,5.5396,,,,,,,
1568500054441128,加速度计,-0.5584,5.8149,9.8719,,,,,,,
1568500054448264,陀螺仪,,,,,,,,-0.0234,-0.0985,-0.1178
1568500064455295,加速度计,0.6081,8.0870,10.6494,,,,,,,
1568500074469670,加速度计,-0.2077,8.2618,7.2203,,,,,,,
1568500074477014,陀螺仪,,,,,,,,0.0859,-0.0575,-0.0947
1568500084484461,加速度计,0.4495,7.6387,4.3622,,,,,,,
1568500094507847,陀螺仪,,,,,,,,-0.0021,-0.0758,-0.1076
1568500094499878,加速度计,0.9643,7.0138,3.7146,,,,,,,
1568500104516128,加速度计,-0.1478,6.7289,8.0032,,,,,,,
1568500114533211,加速度计,-0.0778,6.9905,6.1561,,,,,,,
1568500114542014,陀螺仪,,,,,,,,-0.0007,-0.0509,-0.0925
1568500124551128,加速度计,0.0311,7.5914,3.9660,,,,,,,
1568500134569878,加速度计,1.2216,6.7427,9.9431,,,,,,,
1568500134579514,陀螺仪,,,,,,,,-0.0601,-0.0482,-0.0796
1568500144589461,加速度计,-1.2917,7.3999,12.4241,,,,,,,
1568500154620347,陀螺仪,,,,,,,,0.0622,-0.0133,-0.0301
1568500154609878,加速度计,-1.6813,7.2694,10.0862,,,,,,,
1568500164630920,加速度计,0.4208,9.5978,4.0187,,,,,,,
1568500174652378,加速度计,0.6686,6.5691,3.5183,,,,,,,
1568500174663264,陀螺仪,,,,,,,,-0.0089,-0.0872,-0.0545
1568500184674253,加速度计,0.3573,5.6671,12.4888,,,,,,,
1568500194696545,加速度计,-0.3268,7.8679,9.6738,,,,,,,
1568500194707847,陀螺仪,,,,,,,,0.0993,-0.0710,-0.0816
1568500204719045,加速度计,0.6027,8.4713,5.6282,,,,,,,
1568500214741545,加速度计,1.6005,8.8226,2.1189,,,,,,,
1568500214752847,陀螺仪,,,,,,,,0.0534,-0.1012,-0.1222
1568500224764045,加速度计,-0.2777,6.1884,8.8113,,,,,,,
1568500234784670,加速度计,0.4220,7.0892,9.2596,,,,,,,
1568500234794097,陀螺仪,,,,,,,,0.0402,-0.0972,-0.1449
1568500244803420,加速度计,0.5165,7.8638,5.7371,,,,,,,
1568500254822170,加速度计,-0.3256,5.3552,4.3042,,,,,,,
1568500254831597,陀螺仪,,,,,,,,0.0286,-0.0814,-0.1269
1568500264840920,加速度计,0.7446,4.2048,3.2232,,,,,,,
1568500274869097,陀螺仪,,,,,,,,0.0008,-0.1009,-0.1268
1568500274859670,加速度计,-0.3172,5.5378,5.6677,,,,,,,
1568500284881545,加速度计,-0.2113,6.2764,6.9228,,,,,,,
1568500294907639,陀螺仪,,,,,,,,0.0164,-0.1101,-0.0965
1568500294909461,加速度计,-0.7386,8.5575,9.2668,,,,,,,
1568500304906128,加速度计,1.1947,8.8214,9.5122,,,,,,,
1568500314904045,加速度计,-0.2819,7.8476,7.9793,,,,,,,
1568500314903472,陀螺仪,,,,,,,,0.0575,-0.0735,-0.1001
1568500324904045,加速度计,-0.5357,6.5763,6.2902,,,,,,,
1568500334908889,陀螺仪,,,,,,,,0.0595,-0.0723,-0.0941
1568500334906753,加速度计,0.6171,5.3133,7.3502,,,,,,,
1568500344912586,加速度计,-0.9535,6.5242,7.1796,,,,,,,
1568500354927639,陀螺仪,,,,,,,,0.0887,-0.0895,-0.0441
1568500354921961,加速度计,-0.1143,8.1020,11.4012,,,,,,,
1568500364935086,加速度计,-0.7207,6.2327,7.0042,,,,,,,
1568500374951961,加速度计,1.6622,7.3855,-4.2904,,,,,,,
1568500374961389,陀螺仪,,,,,,,,0.1286,-0.0595,-0.0467
1568500384972586,加速度计,1.6789,7.3927,-4.9943,,,,,,,
1568500395009722,陀螺仪,,,,,,,,-0.1692,-0.1081,-0.0968
1568500394996753,加速度计,-0.1526,3.1771,9.4427,,,,,,,
1568500405024045,加速度计,-0.7632,6.4488,4.4161,,,,,,,
1568500415069722,陀螺仪,,,,,,,,-0.1595,-0.0963,-0.0361
1568500415054045,加速度计,1.3611,8.4683,5.4360,,,,,,,
1568500425086336,加速度计,-0.5878,7.2532,18.8920,,,,,,,
1568500435137639,陀螺仪,,,,,,,,0.0535,0.0236,0.0792
1568500435120295,加速度计,-1.7771,7.3807,15.6365,,,,,,,
1568500445155086,加速度计,0.8685,11.6137,2.4259,,,,,,,
1568500455190086,加速度计,1.6735,8.2588,-5.9969,,,,,,,
1568500455207639,陀螺仪,,,,,,,,-0.0807,0.0148,0.0402
1568500465218628,加速度计,1.7089,0.7356,0.6416,,,,,,,
1568500475239253,加速度计,-0.8469,4.9039,5.9652,,,,,,,
1568500475248889,陀螺仪,,,,,,,,-0.2795,-0.0441,-0.0764
1568500485258211,加速度计,-0.7608,10.1712,15.4797,,,,,,,
1568500495276961,加速度计,-2.5247,8.0906,20.2813,,,,,,,
1568500495286389,陀螺仪,,,,,,,,-0.1377,-0.0221,0.0450
1568500505295711,加速度计,0.2352,9.1177,14.5603,,,,,,,
1568500515323889,陀螺仪,,,,,,,,0.0332,0.0427,0.0425
1568500515314461,加速度计,2.6534,8.8639,5.9646,,,,,,,
1568500525333211,加速度计,-0.0634,5.1673,2.3206,,,,,,,
1568500535353836,加速度计,0.0192,6.0316,5.1511,,,,,,,
1568500545374566,加速度计,-0.1443,5.4265,8.5730,,,,,,,
1568500535368784,陀螺仪,,,,,,,,-0.0896,-0.0370,-0.0671
1568500555386232,加速度计,-0.5495,6.9085,7.2329,,,,,,,
1568500555392170,陀螺仪,,,,,,,,-0.0365,-0.0636,-0.0792
1568500565398159,加速度计,-0.0712,6.4242,6.7415,,,,,,,
1568500575410764,加速度计,0.3543,6.4955,3.8301,,,,,,,
1568500575417378,陀螺仪,,,,,,,,-0.0004,-0.0728,-0.0927
1568500585424201,加速度计,1.7466,6.7774,2.1937,,,,,,,
1568500595438472,加速度计,-0.0371,7.4861,0.5674,,,,,,,
1568500595445972,陀螺仪,,,,,,,,-0.1294,-0.0937,-0.1629
1568500605453836,加速度计,-0.1454,7.0018,4.3981,,,,,,,
1568500615470451,加速度计,-0.3370,5.4127,9.3326,,,,,,,
1568500615480191,陀螺仪,,,,,,,,-0.2135,-0.1148,-0.1192
1568500625497118,加速度计,-0.3256,6.6613,10.7027,,,,,,,
1568500635540034,加速度计,0.8739,6.8229,5.7551,,,,,,,
1568500650365694,GPS,,,,31.9415,118.7895,3.2600,61.6000,,,
1568500635551961,陀螺仪,,,,,,,,-0.1064,-0.0328,-0.0397
1568500645561493,加速度计,-0.0275,7.9392,1.0014,,,,,,,
1568500655580347,加速度计,1.9345,5.3187,12.5606,,,,,,,
1568500655589774,陀螺仪,,,,,,,,-0.2651,-0.0610,-0.0503
1568500665599097,加速度计,-0.4058,6.2363,17.5028,,,,,,,
1568500675617847,加速度计,-1.4850,5.2511,12.0847,,,,,,,
1568500675627274,陀螺仪,,,,,,,,0.0463,0.0053,-0.0542
1568500685636597,加速度计,1.4377,6.4374,0.0251,,,,,,,
1568500695655347,加速度计,0.5549,3.6200,1.3384,,,,,,,
1568500695664774,陀螺仪,,,,,,,,0.0150,-0.0602,-0.0876
1568500705674097,加速度计,0.6087,3.0053,6.5434,,,,,,,
1568500715692847,加速度计,-0.6692,8.2827,2.5127,,,,,,,
1568500715702274,陀螺仪,,,,,,,,0.0678,-0.1068,-0.1710
1568500725711597,加速度计,-0.2340,12.1805,7.0545,,,,,,,
1568500735730347,加速度计,-0.0581,9.7989,12.5420,,,,,,,
1568500735739774,陀螺仪,,,,,,,,0.0065,-0.1284,-0.1463
1568500745749097,加速度计,0.2861,9.3960,0.7111,,,,,,,
1568500755767847,加速度计,2.3607,4.9093,3.0903,,,,,,,
1568500755777274,陀螺仪,,,,,,,,-0.1278,-0.1509,-0.1933
1568500765786597,加速度计,1.2629,0.8230,11.0073,,,,,,,
1568500775805347,加速度计,-2.3248,5.9556,11.4036,,,,,,,
1568500775815086,陀螺仪,,,,,,,,0.0678,-0.0658,-0.1567
1568500785825034,加速度计,-1.1337,10.9253,4.5699,,,,,,,
1568500795846753,加速度计,1.4437,10.8350,4.1037,,,,,,,
1568500795854930,陀螺仪,,,,,,,,0.0095,-0.1197,-0.0547
1568500805863003,加速度计,2.1117,8.5706,8.1337,,,,,,,
1568500815879253,加速度计,0.5932,9.5367,5.9574,,,,,,,
1568500815887430,陀螺仪,,,,,,,,-0.0919,-0.1056,-0.1912
1568500825895503,加速度计,0.2388,7.7955,5.1864,,,,,,,
1568500835912014,加速度计,1.2013,4.1635,9.4008,,,,,,,
1568500835920451,陀螺仪,,,,,,,,-0.2083,-0.1366,-0.2258
1568500845928941,加速度计,0.0784,4.2341,9.3416,,,,,,,
1568500855946284,加速度计,-0.9176,7.7099,10.6590,,,,,,,
1568500855955139,陀螺仪,,,,,,,,-0.1264,-0.1318,-0.2539
1568500865964045,加速度计,-0.0425,6.5972,8.7616,,,,,,,
1568500875982222,加速度计,1.8370,6.4685,5.8071,,,,,,,
1568500875991493,陀螺仪,,,,,,,,-0.0595,-0.1756,-0.2747
1568500886000816,加速度计,0.3711,4.6268,5.9867,,,,,,,
1568500896019826,加速度计,0.4465,5.4055,6.1465,,,,,,,
1568500896029514,陀螺仪,,,,,,,,-0.0537,-0.1981,-0.2902
1568500906039253,加速度计,0.2658,6.1573,8.8855,,,,,,,
1568500916059097,加速度计,0.6614,6.1782,9.8378,,,,,,,
1568500916069201,陀螺仪,,,,,,,,0.0248,-0.1831,-0.2627
1568500926079357,加速度计,0.7452,8.4731,7.7877,,,,,,,
1568500936100034,加速度计,-0.5914,7.7075,8.1139,,,,,,,
1568500936110503,陀螺仪,,,,,,,,0.0703,-0.1738,-0.2358
1568500946120868,加速度计,0.9242,5.1637,6.2165,,,,,,,
1568500956141701,加速度计,0.7632,8.2768,1.0481,,,,,,,
1568500956152170,陀螺仪,,,,,,,,0.0840,-0.1443,-0.1884
1568500966162534,加速度计,-1.1205,8.0128,-0.4782,,,,,,,
1568500976183368,加速度计,1.3665,6.8779,8.5210,,,,,,,
1568500976193836,陀螺仪,,,,,,,,-0.1579,-0.1788,-0.1036
1568500986204201,加速度计,0.0455,5.3139,16.4500,,,,,,,
1568500996224253,加速度计,-1.2390,7.2095,10.8086,,,,,,,
1568500996234045,陀螺仪,,,,,,,,0.0533,-0.0740,-0.0438
1568501006243576,加速度计,-0.7524,4.8034,4.4981,,,,,,,
1568501016262482,加速度计,0.5602,7.5088,2.5049,,,,,,,
1568501016271909,陀螺仪,,,,,,,,0.0766,-0.0867,-0.0178
1568501026281232,加速度计,-1.7873,5.0021,6.2842,,,,,,,
1568501036304149,加速度计,-2.9335,11.0941,5.1966,,,,,,,
1568501046328628,加速度计,-1.1773,7.0551,10.9439,,,,,,,
1568501036331805,陀螺仪,,,,,,,,0.0173,-0.1101,0.0140
1568501056322899,加速度计,1.1672,7.4597,8.0433,,,,,,,
1568501056320451,陀螺仪,,,,,,,,0.0843,-0.0759,0.0430
1568501066318524,加速度计,-2.6378,7.3478,1.7621,,,,,,,
1568501076316336,加速度计,-1.2755,8.7795,0.0431,,,,,,,
1568501076316180,陀螺仪,,,,,,,,0.0055,-0.0842,0.1156
1568501086317170,加速度计,1.1875,7.4933,4.7268,,,,,,,
1568501096321597,加速度计,0.1556,7.0455,10.4866,,,,,,,
1568501096325086,陀螺仪,,,,,,,,-0.0945,-0.0738,0.1168
1568501106330034,加速度计,-0.9104,7.9386,11.5011,,,,,,,
1568501116342899,加速度计,0.0724,9.1183,4.3072,,,,,,,
1568501116350816,陀螺仪,,,,,,,,0.0051,0.0116,0.2075
1568501126360347,加速度计,0.8284,4.8902,7.0282,,,,,,,
1568501136382118,加速度计,-0.1598,6.9875,5.9161,,,,,,,
1568501136394305,陀螺仪,,,,,,,,-0.0097,0.0581,0.2027
1568501146407795,加速度计,0.0245,6.6487,4.6920,,,,,,,
1568501156436961,加速度计,-0.3735,7.6740,6.8450,,,,,,,
1568501156452586,陀螺仪,,,,,,,,-0.0631,0.0360,0.1718
1568501166469201,加速度计,-2.4588,6.1854,13.2890,,,,,,,
1568501176503836,加速度计,0.8051,6.5649,14.0258,,,,,,,
1568501176521753,陀螺仪,,,,,,,,0.0566,0.0298,0.2441
1568501186540034,加速度计,-0.0664,8.8119,7.1982,,,,,,,
1568501196576961,加速度计,0.2598,6.0747,5.2768,,,,,,,
1568501196595555,陀螺仪,,,,,,,,0.0968,0.0093,0.1831
1568501206614045,加速度计,1.6652,6.6110,2.2966,,,,,,,
1568501216640711,加速度计,0.7793,6.0400,3.6392,,,,,,,
1568501216650816,陀螺仪,,,,,,,,-0.0067,-0.0230,0.0639
1568501226660347,加速度计,-0.8392,7.4885,6.5888,,,,,,,
1568501236679253,加速度计,-0.9553,5.9999,18.0349,,,,,,,
1568501236688680,陀螺仪,,,,,,,,-0.0399,-0.0778,0.0835
1568501246698003,加速度计,0.6321,5.2259,14.4514,,,,,,,
1568501256716753,加速度计,1.2480,8.2881,0.8062,,,,,,,
1568501256726180,陀螺仪,,,,,,,,0.2273,0.0060,0.1152
1568501266735503,加速度计,2.5319,6.4751,-8.4719,,,,,,,
1568501276754253,加速度计,-1.4551,3.3531,17.5130,,,,,,,
1568501276764149,陀螺仪,,,,,,,,-0.1430,-0.0803,-0.0073
1568501286775347,加速度计,-0.3795,5.6581,14.3646,,,,,,,
1568501296794982,加速度计,-0.9170,12.8329,-0.1778,,,,,,,
1568501296800659,陀螺仪,,,,,,,,0.1222,-0.0501,-0.0023
1568501306806232,加速度计,1.7807,9.7905,3.5141,,,,,,,
1568501316817795,加速度计,-0.3304,2.0135,11.1049,,,,,,,
1568501316823889,陀螺仪,,,,,,,,-0.0262,-0.0882,-0.0369
1568501326830086,加速度计,-0.2328,5.8430,9.2374,,,,,,,
1568501336843211,加速度计,1.1923,10.8942,5.4839,,,,,,,
1568501336850243,陀螺仪,,,,,,,,0.0878,-0.0956,-0.0373
1568501346857482,加速度计,1.0936,6.1339,9.0357,,,,,,,
1568501356873003,加速度计,0.2119,6.3536,6.9989,,,,,,,
1568501356881284,陀螺仪,,,,,,,,0.1111,-0.0862,-0.0972
1568501366889774,加速度计,0.7326,8.2462,3.7290,,,,,,,
1568501376907795,加速度计,2.2553,7.8380,1.8489,,,,,,,
1568501376917326,陀螺仪,,,,,,,,0.0619,-0.1541,-0.1489
1568501386927066,加速度计,1.5742,4.8237,6.6487,,,,,,,
1568501396947586,加速度计,0.4405,7.8033,6.1016,,,,,,,
1568501396958368,陀螺仪,,,,,,,,0.0383,-0.1294,-0.2045
1568501406969357,加速度计,-0.0341,8.9471,12.2984,,,,,,,
1568501416992066,加速度计,0.2101,6.9779,10.8134,,,,,,,
1568501417003784,陀螺仪,,,,,,,,0.1260,-0.1212,-0.1477
1568501427015607,加速度计,1.2175,6.5745,3.5147,,,,,,,
1568501437039670,加速度计,2.1141,5.5270,4.2054,,,,,,,
1568501437051909,陀螺仪,,,,,,,,0.1513,-0.1196,-0.1839
1568501447064149,加速度计,0.9068,9.2033,0.6363,,,,,,,
1568501457088732,加速度计,-1.1905,9.3859,7.9482,,,,,,,
1568501457101076,陀螺仪,,,,,,,,-0.0549,-0.1494,-0.1571
1568501467113316,加速度计,0.5309,9.6648,12.7641,,,,,,,
1568501477133836,加速度计,0.0563,6.7361,12.0261,,,,,,,
1568501477143472,陀螺仪,,,,,,,,0.0348,-0.0687,-0.0660
1568501487153003,加速度计,-0.0479,5.5510,7.1323,,,,,,,
1568501497171857,加速度计,-0.5698,6.8354,0.7404,,,,,,,
1568501497181284,陀螺仪,,,,,,,,0.0599,-0.0262,0.0161
1568501507190607,加速度计,1.1869,5.2870,6.0747,,,,,,,
1568501517209357,加速度计,-0.4519,5.2116,2.9688,,,,,,,
1568501517218784,陀螺仪,,,,,,,,0.0107,-0.0269,0.0260
1568501527228107,加速度计,-0.6309,9.1812,2.6600,,,,,,,
1568501537247795,加速度计,1.0403,9.6786,16.4248,,,,,,,
1568501537259305,陀螺仪,,,,,,,,-0.1123,-0.0875,0.0613
1568501547267170,加速度计,-0.5986,4.5645,18.2109,,,,,,,
1568501557283003,加速度计,-1.2384,10.8828,-0.5830,,,,,,,
1568501557290972,陀螺仪,,,,,,,,0.1642,0.0751,0.0842
1568501567298836,加速度计,-1.8184,6.2704,0.7542,,,,,,,
1568501577314670,加速度计,-0.4932,5.1242,10.4459,,,,,,,
1568501587330816,加速度计,-1.9196,4.5155,20.1855,,,,,,,
1568501577322743,陀螺仪,,,,,,,,-0.0768,-0.0455,0.0969
1568501597347378,加速度计,1.6203,12.3966,3.6506,,,,,,,
1568501607364357,加速度计,-0.8224,7.3652,-1.2725,,,,,,,
1568501597355868,陀螺仪,,,,,,,,0.1776,0.0088,0.1635
1568501617381753,加速度计,1.5461,3.0556,1.0110,,,,,,,
1568501617392639,陀螺仪,,,,,,,,-0.0289,-0.0196,0.0981
1568501627416493,加速度计,-0.8865,6.8821,11.2073,,,,,,,
1568501642868714,GPS,,,,31.9415,118.7895,1.6900,60.1000,,,
1568501637436909,加速度计,-0.6237,5.1098,14.2329,,,,,,,
1568501637446545,陀螺仪,,,,,,,,0.0477,0.0180,0.1230
1568501647456076,加速度计,0.9750,10.5046,2.4295,,,,,,,
1568501657474826,加速度计,-0.7159,7.2006,-1.0864,,,,,,,
1568501657484253,陀螺仪,,,,,,,,-0.0569,0.0125,0.1352
1568501667493576,加速度计,0.6632,2.5420,6.5230,,,,,,,
1568501677512326,加速度计,0.5531,3.3447,8.8723,,,,,,,
1568501677521753,陀螺仪,,,,,,,,-0.0270,0.0531,0.1442
1568501687531076,加速度计,-1.1815,9.7055,9.1022,,,,,,,
1568501697549826,加速度计,0.4447,9.1830,19.2691,,,,,,,
1568501697559253,陀螺仪,,,,,,,,0.0505,0.0711,0.1807
1568501707568576,加速度计,-1.9022,7.4334,10.0161,,,,,,,
1568501717587326,加速度计,2.0530,10.7236,-4.4388,,,,,,,
1568501717596753,陀螺仪,,,,,,,,0.3758,0.0537,0.1637
1568501727606076,加速度计,1.4299,2.4858,-11.8549,,,,,,,
1568501737624826,加速度计,-0.2843,3.7565,20.3004,,,,,,,
1568501737634253,陀螺仪,,,,,,,,-0.4001,0.0374,0.0684
1568501747643576,加速度计,0.3771,6.0130,18.7304,,,,,,,
1568501757662326,加速度计,-0.6183,16.1351,3.1364,,,,,,,
1568501757671753,陀螺仪,,,,,,,,0.0763,-0.0242,0.0917
1568501767681076,加速度计,-0.6560,5.4474,9.4278,,,,,,,
1568501777699826,加速度计,2.6923,5.6246,8.4940,,,,,,,
1568501777711545,陀螺仪,,,,,,,,0.2004,0.1011,0.1266
1568501787723524,加速度计,0.5596,8.1062,-5.3451,,,,,,,
1568501797741545,加速度计,-0.8763,6.8935,12.8634,,,,,,,
1568501797748472,陀螺仪,,,,,,,,-0.1001,-0.0414,0.0422
1568501807755295,加速度计,-0.0946,3.2890,18.0966,,,,,,,
1568501817769357,加速度计,0.7488,11.3353,6.9994,,,,,,,
1568501817776597,陀螺仪,,,,,,,,0.2585,0.0834,0.0465
1568501827783836,加速度计,-0.6734,8.5730,-1.7705,,,,,,,
1568501837798732,加速度计,-0.0497,7.0791,3.4177,,,,,,,
1568501837806493,陀螺仪,,,,,,,,0.0290,-0.0350,0.0136
1568501847814357,加速度计,0.3089,5.1769,20.2933,,,,,,,
1568501857830816,加速度计,0.9864,9.3643,7.7369,,,,,,,
1568501857839409,陀螺仪,,,,,,,,0.2658,0.0302,0.0008
1568501867848107,加速度计,0.1407,12.0500,-4.2737,,,,,,,
1568501877866232,加速度计,2.7934,7.4041,-8.4533,,,,,,,
1568501877875659,陀螺仪,,,,,,,,-0.1503,-0.0651,-0.0546
1568501887885191,加速度计,0.3561,1.6652,21.0588,,,,,,,
1568501897904982,加速度计,-0.7799,4.8237,18.4383,,,,,,,
1568501897915243,陀螺仪,,,,,,,,0.0704,-0.0144,-0.0398
1568501907925607,加速度计,1.9399,9.7169,8.1433,,,,,,,
1568501917947066,加速度计,0.4286,7.5178,-6.9683,,,,,,,
1568501927969045,加速度计,1.4868,4.9835,-2.2883,,,,,,,
1568501917958055,陀螺仪,,,,,,,,0.1816,0.0712,-0.0146
1568501937991441,加速度计,1.6221,-0.6482,2.4337,,,,,,,
1568501948013941,加速度计,-0.6806,9.5199,29.7330,,,,,,,
1568501938002743,陀螺仪,,,,,,,,-0.2258,-0.0767,-0.0810
1568501958036441,加速度计,-2.6665,14.6004,11.9806,,,,,,,
1568501958047743,陀螺仪,,,,,,,,0.2740,0.1013,-0.0871
1568501968058941,加速度计,-1.5239,8.8735,1.5856,,,,,,,
1568501978080816,加速度计,2.0644,0.6440,-1.1851,,,,,,,
1568501978090972,陀螺仪,,,,,,,,0.1318,0.0009,0.0088
1568501988100295,加速度计,2.5809,5.9628,-1.9537,,,,,,,
1568501998119045,加速度计,2.1548,9.3685,9.6893,,,,,,,
1568501998128472,陀螺仪,,,,,,,,-0.1180,-0.0603,-0.1261
1568502008137795,加速度计,-0.9864,4.9225,23.1453,,,,,,,
1568502018156545,加速度计,-0.7739,5.0482,9.9353,,,,,,,
1568502018165972,陀螺仪,,,,,,,,0.2759,0.0875,-0.0647
1568502028175295,加速度计,0.5758,7.3634,-0.8374,,,,,,,
1568502038199566,加速度计,-0.8493,13.0885,-8.7724,,,,,,,
1568502038209982,陀螺仪,,,,,,,,0.1365,0.0176,0.0052
1568502048214930,加速度计,4.9985,4.5783,-9.8120,,,,,,,
1568502058224930,加速度计,-0.1550,4.8064,32.7772,,,,,,,
1568502058230139,陀螺仪,,,,,,,,-0.3666,-0.1140,-0.1278
1568502068235295,加速度计,-0.4244,6.8157,13.9360,,,,,,,
1568502078246441,加速度计,-1.6376,10.8876,-1.8142,,,,,,,
1568502078252586,陀螺仪,,,,,,,,0.0414,0.0928,-0.0578
1568502088258784,加速度计,-0.2442,6.8414,0.5986,,,,,,,
1568502098272378,加速度计,0.3490,4.3185,3.2621,,,,,,,
1568502098279930,陀螺仪,,,,,,,,-0.2507,-0.0085,-0.0481
1568502108287586,加速度计,-0.4322,4.6382,17.2766,,,,,,,
1568502118304461,加速度计,-0.6991,11.1474,10.0030,,,,,,,
1568502118313680,陀螺仪,,,,,,,,-0.0566,0.0541,-0.0196
1568502128323003,加速度计,-0.2508,6.7103,3.3818,,,,,,,
1568502138343211,加速度计,1.9315,9.5577,-2.8090,,,,,,,
1568502138353941,陀螺仪,,,,,,,,-0.1892,0.0374,-0.0226
1568502148364722,加速度计,-1.5287,4.1994,7.5262,,,,,,,
1568502158387482,加速度计,1.0852,5.2876,16.8737,,,,,,,
1568502158399305,陀螺仪,,,,,,,,-0.2143,-0.0087,-0.0300
1568502168411128,加速度计,1.3306,5.9927,9.6301,,,,,,,
1568502178435607,加速度计,2.5899,8.6652,8.5407,,,,,,,
1568502178448107,陀螺仪,,,,,,,,-0.0738,0.0767,-0.0778
1568502188460555,加速度计,-2.4672,4.8016,9.8503,,,,,,,
1568502198485920,加速度计,-1.6316,7.7949,-2.1907,,,,,,,
1568502198498680,陀螺仪,,,,,,,,-0.0644,0.0333,-0.0045
1568502208511336,加速度计,1.9686,2.8862,14.8949,,,,,,,
1568502218535295,加速度计,0.2819,7.2257,14.0767,,,,,,,
1568502218545503,陀螺仪,,,,,,,,0.0909,0.0294,-0.1503
1568502228555034,加速度计,-3.1747,6.5386,-0.4411,,,,,,,
1568502238573836,加速度计,0.7739,10.2663,-0.5154,,,,,,,
1568502238583264,陀螺仪,,,,,,,,0.0439,-0.0636,-0.1292
1568502248592586,加速度计,1.4228,6.5170,0.6081,,,,,,,
1568502258611336,加速度计,-1.4234,9.3500,8.9178,,,,,,,
1568502258620764,陀螺仪,,,,,,,,-0.2413,-0.1268,-0.1021
1568502268630086,加速度计,3.5494,3.8852,22.3804,,,,,,,
1568502278648836,加速度计,3.5039,10.3418,10.3202,,,,,,,
1568502278658732,陀螺仪,,,,,,,,0.0574,0.0136,-0.1229
1568502288669670,加速度计,-0.9391,3.8092,0.3118,,,,,,,
1568502298688003,加速度计,2.1488,8.2588,-7.4915,,,,,,,
1568502298696180,陀螺仪,,,,,,,,-0.0743,0.0445,-0.1040
1568502308704253,加速度计,-2.2482,3.1286,14.8303,,,,,,,
1568502318720503,加速度计,1.0367,6.9091,17.8153,,,,,,,
1568502318728680,陀螺仪,,,,,,,,-0.0511,-0.0035,-0.0747
1568502328736753,加速度计,-2.0614,11.4772,3.2280,,,,,,,
1568502338753368,加速度计,1.8465,9.5487,-1.6706,,,,,,,
1568502338761909,陀螺仪,,,,,,,,-0.0715,-0.0146,-0.0899
1568502348770399,加速度计,0.0982,3.7804,12.2326,,,,,,,
1568502358787847,加速度计,-2.2541,1.3108,17.5579,,,,,,,
1568502358796805,陀螺仪,,,,,,,,0.0751,-0.0043,-0.1027
1568502368805711,加速度计,-0.0646,14.1599,5.9203,,,,,,,
1568502378823993,加速度计,1.0642,9.7037,-3.4004,,,,,,,
1568502378833368,陀螺仪,,,,,,,,0.1093,-0.0213,-0.0750
1568502388842691,加速度计,2.4978,3.0299,-0.1891,,,,,,,
1568502398861805,加速度计,-2.0758,2.0249,18.4048,,,,,,,
1568502398871597,陀螺仪,,,,,,,,0.0309,-0.0832,-0.1700
1568502408881336,加速度计,1.2450,11.2276,9.8659,,,,,,,
1568502418901284,加速度计,-0.5674,10.9678,3.5404,,,,,,,
1568502418911493,陀螺仪,,,,,,,,0.1735,-0.0589,-0.1535
1568502428921649,加速度计,2.7719,6.6613,-0.3669,,,,,,,
1568502438942430,加速度计,2.1847,3.6272,7.0240,,,,,,,
1568502438952899,陀螺仪,,,,,,,,0.0277,-0.0668,-0.2092
1568502448963264,加速度计,-0.6710,5.6635,10.1023,,,,,,,
1568502458984097,加速度计,-1.0050,11.1127,16.3165,,,,,,,
1568502469004930,加速度计,0.0892,6.3123,15.0069,,,,,,,
1568502458994566,陀螺仪,,,,,,,,0.0903,-0.1224,-0.2431
1568502479025764,加速度计,0.3394,9.3368,-0.7368,,,,,,,
1568502479036232,陀螺仪,,,,,,,,0.3320,-0.0623,-0.2430
1568502489046597,加速度计,-0.1431,4.5723,-6.0400,,,,,,,
1568502499066701,加速度计,3.5243,7.2814,4.2144,,,,,,,
1568502499076284,陀螺仪,,,,,,,,-0.0567,-0.2048,-0.3298
1568502509085607,加速度计,-2.3912,5.6677,16.5876,,,,,,,
1568502519104357,加速度计,0.7649,10.2107,12.4283,,,,,,,
1568502519113784,陀螺仪,,,,,,,,0.1131,-0.1494,-0.2876
1568502529123107,加速度计,0.5578,6.2309,5.2864,,,,,,,
1568502539156545,加速度计,0.8511,8.6526,-4.0402,,,,,,,
1568502539165920,陀螺仪,,,,,,,,0.0395,-0.1386,-0.2593
1568502549164201,加速度计,-0.3160,3.4034,6.5320,,,,,,,
1568502559161597,加速度计,2.0488,7.1168,7.8093,,,,,,,
1568502559161024,陀螺仪,,,,,,,,0.0007,-0.1266,-0.2019
1568502569160555,加速度计,-1.7675,9.2308,9.0591,,,,,,,
1568502579161545,加速度计,0.8074,9.0411,7.4029,,,,,,,
1568502579163316,陀螺仪,,,,,,,,0.0115,-0.0928,-0.1487
1568502589165347,加速度计,-0.6632,3.5811,5.0362,,,,,,,
1568502599172430,加速度计,0.9008,6.5158,4.8405,,,,,,,
1568502599177639,陀螺仪,,,,,,,,0.0571,-0.0381,-0.1115
1568502609183211,加速度计,-1.8178,7.7758,-2.4756,,,,,,,
1568502619197743,加速度计,0.7691,6.8510,10.3747,,,,,,,
1568502619205920,陀螺仪,,,,,,,,-0.1573,-0.0976,-0.0870
1568502629220659,加速度计,-0.7859,5.2930,21.5484,,,,,,,
1568502645116318,GPS,,,,31.9415,118.7896,3.9300,70.5000,,,
1568502639268889,陀螺仪,,,,,,,,0.3795,0.0380,0.0095
1568502639252170,加速度计,-0.5231,10.2250,22.7018,,,,,,,
1568502649286284,加速度计,1.2899,13.4518,-11.4898,,,,,,,
1568502659322170,加速度计,-1.1366,-1.9824,25.5521,,,,,,,
1568502659340555,陀螺仪,,,,,,,,-0.0870,-0.0435,0.0368
1568502669358993,加速度计,2.5540,9.9479,-4.5651,,,,,,,
1568502679396076,加速度计,-1.1372,8.7640,10.0173,,,,,,,
1568502679414670,陀螺仪,,,,,,,,0.1212,-0.0522,-0.0844
1568502689426441,加速度计,0.2286,5.6036,-7.1551,,,,,,,
1568502699445607,加速度计,-1.6316,0.7871,19.0315,,,,,,,
1568502699455243,陀螺仪,,,,,,,,-0.0296,-0.1248,-0.0766
1568502709464618,加速度计,-0.1059,13.9366,7.0868,,,,,,,
1568502719483368,加速度计,-0.4591,9.7324,1.8154,,,,,,,
1568502719492795,陀螺仪,,,,,,,,0.0723,-0.0866,-0.0929
1568502729502118,加速度计,0.2514,2.8832,3.8259,,,,,,,
1568502739530295,陀螺仪,,,,,,,,-0.0153,-0.0947,-0.0999
1568502739520868,加速度计,-1.0774,5.2511,-0.3262,,,,,,,
1568502749539618,加速度计,-0.0724,8.9974,1.7005,,,,,,,
1568502759558368,加速度计,0.3142,8.0391,7.3472,,,,,,,
1568502759567795,陀螺仪,,,,,,,,-0.1639,-0.1234,-0.0531
1568502769577118,加速度计,-0.6416,10.0269,9.7324,,,,,,,
1568502779595868,加速度计,-0.0664,5.1793,14.0564,,,,,,,
1568502779605295,陀螺仪,,,,,,,,-0.1097,-0.0438,0.0466
1568502789625607,加速度计,0.8116,7.1287,6.3925,,,,,,,
1568502799635191,加速度计,-0.1754,3.3489,2.5151,,,,,,,
1568502799640034,陀螺仪,,,,,,,,-0.0836,0.0342,0.1184
1568502809644774,加速度计,1.9118,5.8867,3.9971,,,,,,,
1568502819654774,加速度计,-0.4094,6.2531,6.2261,,,,,,,
1568502819660243,陀螺仪,,,,,,,,-0.1208,0.0470,0.1103
1568502829665607,加速度计,0.9295,6.9366,5.2241,,,,,,,
1568502839677691,加速度计,0.6147,5.4259,19.7516,,,,,,,
1568502839684409,陀螺仪,,,,,,,,-0.1320,0.0266,0.0755
1568502849691024,加速度计,-1.1863,9.1740,21.2276,,,,,,,
1568502859706024,加速度计,-2.9868,8.1002,8.5060,,,,,,,
1568502869722691,加速度计,0.7506,10.3202,-9.4828,,,,,,,
1568502859714409,陀螺仪,,,,,,,,0.3814,0.1515,0.1068
1568502879741024,加速度计,0.8535,2.3828,0.4776,,,,,,,
1568502879751076,陀螺仪,,,,,,,,-0.1758,-0.0262,0.1145
1568502889761024,加速度计,2.0626,1.5119,18.8148,,,,,,,
1568502899782691,加速度计,0.1347,13.7601,3.0191,,,,,,,
1568502899794201,陀螺仪,,,,,,,,0.1831,0.0751,-0.0621
1568502909805607,加速度计,-0.8990,6.3794,-1.9704,,,,,,,
1568502919829774,加速度计,-0.7278,-4.0839,17.5890,,,,,,,
1568502919842326,陀螺仪,,,,,,,,0.0539,-0.0120,-0.0129
1568502929854774,加速度计,1.7083,15.8831,1.3988,,,,,,,
1568502939880191,加速度计,-0.8643,17.3376,-2.2829,,,,,,,
1568502939893159,陀螺仪,,,,,,,,-0.1027,0.0103,-0.0668
1568502949906024,加速度计,0.0982,6.4458,5.3498,,,,,,,
1568502959931857,加速度计,-2.2386,1.6975,17.5351,,,,,,,
1568502959944618,陀螺仪,,,,,,,,-0.3032,-0.0511,-0.0747
1568502969957274,加速度计,0.8428,5.8730,17.8332,,,,,,,
1568502979976024,加速度计,-2.1709,7.5322,11.1642,,,,,,,
1568502979985451,陀螺仪,,,,,,,,0.0091,0.0627,-0.0023
1568502989994774,加速度计,1.7412,7.2293,-2.0225,,,,,,,
1568503000013524,加速度计,1.8633,4.2982,1.3611,,,,,,,
1568503000022951,陀螺仪,,,,,,,,-0.1146,-0.0288,-0.1274
1568503010032274,加速度计,1.2534,5.2972,4.4257,,,,,,,
1568503020051024,加速度计,-0.0084,10.6093,8.1247,,,,,,,
1568503020060451,陀螺仪,,,,,,,,-0.1497,-0.1537,-0.2965
1568503030069774,加速度计,1.1504,6.8582,10.2538,,,,,,,
1568503040094045,加速度计,2.1117,4.0253,10.7811,,,,,,,
1568503040101389,陀螺仪,,,,,,,,-0.0768,-0.1708,-0.3426
1568503050108628,加速度计,1.7532,6.1585,7.3412,,,,,,,
1568503060123211,加速度计,1.0977,5.7622,1.0415,,,,,,,
1568503060130555,陀螺仪,,,,,,,,0.0174,-0.1678,-0.4473
1568503070137795,加速度计,0.3454,5.2403,8.8885,,,,,,,
1568503080152795,加速度计,0.4387,5.9268,6.8510,,,,,,,
1568503080160555,陀螺仪,,,,,,,,0.0553,-0.1784,-0.4431
1568503090168211,加速度计,-1.6089,9.5553,4.8602,,,,,,,
1568503100184045,加速度计,0.3926,9.3733,11.6011,,,,,,,
1568503100192430,陀螺仪,,,,,,,,0.0714,-0.2113,-0.3943
1568503110200711,加速度计,1.9142,6.7858,6.0124,,,,,,,
1568503120218211,加速度计,-0.1047,4.7818,7.0066,,,,,,,
1568503120227430,陀螺仪,,,,,,,,0.0823,-0.2173,-0.3506
1568503130236545,加速度计,2.3637,8.4312,4.5675,,,,,,,
1568503140255711,加速度计,2.2601,4.6023,5.7670,,,,,,,
1568503140265764,陀螺仪,,,,,,,,0.0756,-0.2137,-0.3724
1568503150275711,加速度计,-1.1624,6.4189,4.3485,,,,,,,
1568503160296545,加速度计,1.1025,11.2504,5.1942,,,,,,,
1568503160307222,陀螺仪,,,,,,,,-0.0220,-0.2008,-0.3296
1568503170317795,加速度计,-0.0622,7.9811,13.7900,,,,,,,
1568503180339461,加速度计,-1.6610,8.4599,5.7784,,,,,,,
1568503180350555,陀螺仪,,,,,,,,-0.0348,-0.1920,-0.3045
1568503190361545,加速度计,0.5938,3.5757,9.8450,,,,,,,
1568503200383628,加速度计,0.8769,5.2750,11.4539,,,,,,,
1568503200394722,陀螺仪,,,,,,,,0.0072,-0.2083,-0.2959
1568503210405711,加速度计,-2.6911,7.1587,10.7721,,,,,,,
1568503220427795,加速度计,1.0936,10.6692,2.8198,,,,,,,
1568503220438889,陀螺仪,,,,,,,,0.1051,-0.2285,-0.2696
1568503230449878,加速度计,-0.0455,2.8485,5.2008,,,,,,,
1568503240468628,加速度计,-1.2552,8.0756,4.2341,,,,,,,
1568503240478055,陀螺仪,,,,,,,,0.0380,-0.2329,-0.2814
1568503250487378,加速度计,-0.7350,9.2314,5.0260,,,,,,,
1568503260506128,加速度计,0.4118,6.2830,12.2583,,,,,,,
1568503260515555,陀螺仪,,,,,,,,-0.0186,-0.2573,-0.1908
1568503270524878,加速度计,-0.6979,7.2640,9.5870,,,,,,,
1568503280543628,加速度计,-0.3017,8.6203,1.3425,,,,,,,
1568503280555972,陀螺仪,,,,,,,,0.0529,-0.1975,-0.1378
1568503290584357,加速度计,-0.0634,7.0102,2.5241,,,,,,,
1568503300582274,加速度计,-0.9379,9.8749,0.8338,,,,,,,
1568503300581701,陀螺仪,,,,,,,,-0.1816,-0.2758,-0.1048
1568503310581024,加速度计,-0.4729,0.2849,20.5560,,,,,,,
1568503320581024,加速度计,-0.1209,10.0485,5.0254,,,,,,,
1568503320582118,陀螺仪,,,,,,,,0.0414,-0.1332,-0.0350
1568503330583107,加速度计,-1.3611,4.0444,6.8013,,,,,,,
1568503340588107,加速度计,-0.1137,5.7515,3.6488,,,,,,,
1568503340592326,陀螺仪,,,,,,,,0.0332,-0.1332,0.0270
1568503350596441,加速度计,-2.2841,5.3085,9.5583,,,,,,,
1568503360608107,加速度计,-0.5213,9.6205,6.1399,,,,,,,
1568503360615868,陀螺仪,,,,,,,,0.0835,-0.1712,0.1049
1568503370623524,加速度计,1.0924,8.9519,4.1551,,,,,,,
1568503380642691,加速度计,2.0758,4.1779,12.6402,,,,,,,
1568503380653993,陀螺仪,,,,,,,,0.0228,-0.1136,0.0909
1568503390665191,加速度计,-0.8314,5.0973,6.3075,,,,,,,
1568503400691024,加速度计,-1.8256,8.1971,5.9568,,,,,,,
1568503400705451,陀螺仪,,,,,,,,0.1141,-0.0550,0.1514
1568503410719774,加速度计,0.0413,9.0471,-0.8314,,,,,,,
1568503420750607,加速度计,-0.1772,4.1438,12.3373,,,,,,,
1568503420766909,陀螺仪,,,,,,,,-0.0537,-0.0691,0.2601
1568503430783107,加速度计,0.8158,5.4306,14.7160,,,,,,,
1568503440816857,加速度计,0.1083,10.9547,-0.6991,,,,,,,
1568503440833993,陀螺仪,,,,,,,,0.1169,0.0791,0.2619
1568503450851024,加速度计,-1.8884,6.0460,2.3780,,,,,,,
1568503460885191,加速度计,-0.8763,8.6239,3.5668,,,,,,,
1568503460894826,陀螺仪,,,,,,,,-0.1281,0.0170,0.3217
1568503470904357,加速度计,-0.2771,2.0201,20.9912,,,,,,,
1568503480923524,加速度计,1.3060,10.8613,9.9270,,,,,,,
1568503480932951,陀螺仪,,,,,,,,0.1722,0.1629,0.3828
1568503490942274,加速度计,-0.2747,11.7041,1.0397,,,,,,,
1568503500961024,加速度计,1.4748,5.1427,0.7661,,,,,,,
1568503500970451,陀螺仪,,,,,,,,-0.0350,0.1302,0.3157
1568503510979774,加速度计,1.6765,4.3323,11.6562,,,,,,,
1568503520998524,加速度计,0.3394,5.9999,17.7422,,,,,,,
1568503521007951,陀螺仪,,,,,,,,0.0684,0.1726,0.2663
1568503531017274,加速度计,1.5544,11.1911,1.1666,,,,,,,
1568503541049357,陀螺仪,,,,,,,,0.0639,0.1509,0.2292
1568503541043472,加速度计,1.1462,4.6058,4.0606,,,,,,,
1568503551055139,加速度计,3.7900,6.4105,2.2859,,,,,,,
1568503561066857,加速度计,-1.3420,5.7976,10.7775,,,,,,,
1568503561072951,陀螺仪,,,,,,,,0.0048,0.0955,0.0607
1568503571079045,加速度计,-2.0812,14.7704,1.7484,,,,,,,
1568503581098993,陀螺仪,,,,,,,,-0.0590,-0.0917,-0.0218
1568503581092066,加速度计,-1.3940,6.8007,7.4699,,,,,,,
1568503591105920,加速度计,2.4726,3.9762,9.2308,,,,,,,
1568503601120659,加速度计,0.1347,8.7047,4.8076,,,,,,,
1568503601128628,陀螺仪,,,,,,,,0.0823,-0.0587,-0.2289
1568503611136649,加速度计,-0.4663,10.2418,1.7208,,,,,,,
1568503621154566,加速度计,-1.5556,4.5927,7.7057,,,,,,,
1568503621170920,陀螺仪,,,,,,,,-0.0613,-0.0967,-0.2212
1568503631193159,加速度计,0.2071,4.7172,11.9381,,,,,,,
1568503644246318,GPS,,,,31.9415,118.7896,3.0400,77.3000,,,
1568503641236336,陀螺仪,,,,,,,,0.0875,-0.0551,-0.1064
1568503641225868,加速度计,-0.8763,7.0318,10.4345,,,,,,,
1568503651245659,加速度计,-0.5680,10.7955,0.4776,,,,,,,
1568503661264409,加速度计,1.6263,5.8287,6.0268,,,,,,,
1568503661273836,陀螺仪,,,,,,,,-0.0268,-0.1032,-0.0609
1568503671283159,加速度计,0.9732,6.2560,11.9279,,,,,,,
1568503681301909,加速度计,-0.7213,8.7712,9.1626,,,,,,,
1568503681311336,陀螺仪,,,,,,,,0.1270,-0.0081,-0.0768
1568503691320659,加速度计,-0.6889,7.7830,-0.2460,,,,,,,
1568503701339409,加速度计,1.2665,7.8733,2.2278,,,,,,,
1568503701348836,陀螺仪,,,,,,,,-0.0598,-0.0266,0.0047
1568503711358159,加速度计,0.5860,4.9829,11.6705,,,,,,,
1568503721376909,加速度计,0.3460,7.0066,12.5977,,,,,,,
1568503721386336,陀螺仪,,,,,,,,0.0499,0.0944,0.1157
1568503731395659,加速度计,1.3018,7.5770,4.0073,,,,,,,
1568503741414409,加速度计,0.6345,5.3451,4.7555,,,,,,,
1568503741423836,陀螺仪,,,,,,,,0.0599,0.1838,0.1828
1568503751433159,加速度计,-0.6249,6.8863,4.4885,,,,,,,
1568503761451909,加速度计,-0.1293,8.3378,10.7901,,,,,,,
1568503761461336,陀螺仪,,,,,,,,0.0112,0.1912,0.2284
1568503771470659,加速度计,-0.0138,7.0479,6.0412,,,,,,,
1568503781498836,陀螺仪,,,,,,,,0.0204,0.2043,0.2365
1568503781489409,加速度计,-1.0379,6.6702,2.9544,,,,,,,
1568503791517639,加速度计,1.7101,7.4801,4.7884,,,,,,,
1568503801534566,陀螺仪,,,,,,,,-0.0402,0.1796,0.1298
1568503801528889,加速度计,-1.8788,6.1154,15.1894,,,,,,,
1568503811540191,加速度计,-1.2306,9.8988,10.0664,,,,,,,
1568503821551961,加速度计,0.5219,5.0996,6.8480,,,,,,,
1568503821558264,陀螺仪,,,,,,,,0.0870,0.1929,0.1417
1568503831564566,加速度计,1.3294,8.0960,-2.7066,,,,,,,
1568503841578055,加速度计,-0.2783,4.2072,6.1363,,,,,,,
1568503841585399,陀螺仪,,,,,,,,-0.0828,0.1193,-0.0120
1568503851592795,加速度计,0.6003,8.7987,8.5317,,,,,,,
1568503861608784,加速度计,-2.2948,6.8241,14.7088,,,,,,,
1568503861617378,陀螺仪,,,,,,,,-0.0246,0.0695,-0.1249
1568503871626024,加速度计,0.1460,8.5503,7.4573,,,,,,,
1568503881644514,加速度计,1.0008,4.8213,7.7949,,,,,,,
1568503881654357,陀螺仪,,,,,,,,0.0838,0.0389,-0.1771
1568503891664253,加速度计,0.5022,8.8478,-1.2815,,,,,,,
1568503901685243,加速度计,-0.2484,5.5150,6.9031,,,,,,,
1568503901696336,陀螺仪,,,,,,,,-0.0441,-0.0663,-0.3105
1568503911707430,加速度计,1.2767,7.7135,6.3560,,,,,,,
1568503921730451,加速度计,-0.5165,7.3843,8.4862,,,,,,,
1568503921742378,陀螺仪,,,,,,,,-0.0401,-0.1707,-0.4782
1568503931754253,加速度计,1.2300,4.6561,7.6926,,,,,,,
1568503941778472,加速度计,1.0912,8.6101,3.8247,,,,,,,
1568503941790816,陀螺仪,,,,,,,,0.0145,-0.2253,-0.6028
1568503951803055,加速度计,-0.1269,6.2124,11.0319,,,,,,,
1568503961827639,加速度计,-1.3539,7.5507,10.5076,,,,,,,
1568503961839982,陀螺仪,,,,,,,,0.0541,-0.2603,-0.6545
1568503971851545,加速度计,0.9613,7.5974,6.4631,,,,,,,
1568503981870711,加速度计,1.1199,7.2658,2.8898,,,,,,,
1568503981880347,陀螺仪,,,,,,,,0.0286,-0.3027,-0.6386
1568503991889826,加速度计,2.1691,7.0318,3.2908,,,,,,,
1568504001908576,加速度计,1.3120,4.4173,10.5159,,,,,,,
1568504001918003,陀螺仪,,,,,,,,-0.0485,-0.3035,-0.6340
1568504011927326,加速度计,0.8775,8.8424,5.7048,,,,,,,
1568504021946076,加速度计,0.4106,5.7479,13.7685,,,,,,,
1568504021955503,陀螺仪,,,,,,,,-0.0150,-0.3015,-0.5637
1568504031965659,加速度计,0.8068,6.6894,8.1606,,,,,,,
1568504042005972,加速度计,-0.0844,9.3901,0.1095,,,,,,,
1568504042003316,陀螺仪,,,,,,,,0.0728,-0.2812,-0.5400
1568504052000659,加速度计,-0.2729,7.1946,2.0656,,,,,,,
1568504061996284,加速度计,1.8908,5.9580,9.4852,,,,,,,
1568504061994878,陀螺仪,,,,,,,,-0.0326,-0.3257,-0.5037
1568504071993680,加速度计,0.0724,7.5950,7.6872,,,,,,,
1568504081993680,加速度计,-1.4030,8.6550,6.0741,,,,,,,
1568504081995191,陀螺仪,,,,,,,,0.0091,-0.3012,-0.4638
1568504091997066,加速度计,-0.2310,7.1563,8.5880,,,,,,,
1568504102004253,加速度计,-1.0289,5.2439,6.7289,,,,,,,
1568504102009722,陀螺仪,,,,,,,,0.0553,-0.2890,-0.4085
1568504112015607,加速度计,-0.0563,8.7376,4.8584,,,,,,,
1568504122031128,加速度计,-0.7817,9.0459,5.4779,,,,,,,
1568504122040764,陀螺仪,,,,,,,,0.0120,-0.2996,-0.3939
1568504132050816,加速度计,-2.0638,7.5585,7.0761,,,,,,,
1568504142074618,加速度计,0.3406,7.5669,3.5847,,,,,,,
1568504142088211,陀螺仪,,,,,,,,-0.0348,-0.3344,-0.3035
1568504152102118,加速度计,0.9756,6.9773,9.8396,,,,,,,
1568504162132847,加速度计,0.5590,4.6819,8.1104,,,,,,,
1568504162149357,陀螺仪,,,,,,,,0.0095,-0.2880,-0.3159
1568504172166024,加速度计,-0.3909,7.1311,4.8949,,,,,,,
1568504182219357,陀螺仪,,,,,,,,-0.0373,-0.3019,-0.2895
1568504182201180,加速度计,-0.0652,9.8665,4.0175,,,,,,,
1568504192237482,加速度计,-1.5586,5.7934,16.0950,,,,,,,
1568504202273889,加速度计,0.4357,7.6453,7.1910,,,,,,,
1568504202291232,陀螺仪,,,,,,,,0.1172,-0.2402,-0.1734
1568504212306545,加速度计,1.9417,10.0562,0.6512,,,,,,,
1568504222325659,加速度计,0.7709,5.9143,0.7033,,,,,,,
1568504222335086,陀螺仪,,,,,,,,-0.1100,-0.2683,-0.1786
1568504232344409,加速度计,0.1981,2.6049,17.0796,,,,,,,
1568504242363159,加速度计,1.0295,8.2911,12.5678,,,,,,,
1568504242372586,陀螺仪,,,,,,,,0.1403,-0.1904,-0.1226
1568504252381909,加速度计,1.0708,10.3226,1.5317,,,,,,,
1568504262400659,加速度计,-0.6985,8.8633,-0.8535,,,,,,,
1568504262410086,陀螺仪,,,,,,,,-0.0148,-0.1988,-0.1402
1568504272419409,加速度计,-0.9194,3.3800,8.5904,,,,,,,
1568504282438680,加速度计,0.6267,7.6836,8.3905,,,,,,,
1568504282450191,陀螺仪,,,,,,,,0.0063,-0.1935,-0.0650
1568504292464461,加速度计,-0.0174,7.5393,9.3009,,,,,,,
1568504302475295,加速度计,1.0092,9.4757,6.2836,,,,,,,
1568504302480764,陀螺仪,,,,,,,,0.0438,-0.1582,-0.0571
1568504312486232,加速度计,1.7561,5.8945,1.1666,,,,,,,
1568504322497691,加速度计,-0.1173,8.5030,-2.8718,,,,,,,
1568504322503784,陀螺仪,,,,,,,,-0.1193,-0.1650,-0.1059
1568504332509982,加速度计,2.0117,5.0853,15.5737,,,,,,,
1568504342530347,陀螺仪,,,,,,,,0.0340,-0.0972,-0.0838
1568504342523211,加速度计,-2.2721,6.4572,27.5812,,,,,,,
1568504352537691,加速度计,-2.2075,9.5792,7.0922,,,,,,,
1568504362553420,加速度计,1.9597,13.1897,-7.1700,,,,,,,
1568504362561805,陀螺仪,,,,,,,,0.3394,-0.0935,0.0249
1568504372570399,加速度计,2.3170,1.9447,-10.5740,,,,,,,
1568504382588628,加速度计,-1.9070,2.4439,15.0116,,,,,,,
1568504382598264,陀螺仪,,,,,,,,-0.3069,-0.1672,-0.1270
1568504392608107,加速度计,-0.1562,9.0848,15.1104,,,,,,,
1568504402639722,陀螺仪,,,,,,,,-0.0101,-0.2269,-0.1202
1568504402628836,加速度计,1.0253,14.4777,2.4343,,,,,,,
1568504412650816,加速度计,0.9212,0.5507,7.0300,,,,,,,
1568504422685868,陀螺仪,,,,,,,,-0.0079,-0.1140,-0.1216
1568504422673941,加速度计,0.8344,3.8654,-1.5514,,,,,,,
1568504432697899,加速度计,-2.7252,9.6654,9.1087,,,,,,,
1568504442722586,加速度计,-0.7787,8.4108,16.1848,,,,,,,
1568504442735139,陀螺仪,,,,,,,,-0.0509,-0.1577,-0.0036
1568504452747586,加速度计,0.8446,5.5899,8.5000,,,,,,,
1568504462772586,加速度计,-0.4160,5.7084,1.6382,,,,,,,
1568504462785139,陀螺仪,,,,,,,,0.0486,-0.0822,0.0153
1568504472796857,加速度计,-0.6285,7.2478,1.0882,,,,,,,
1568504482827847,陀螺仪,,,,,,,,-0.0723,-0.1280,0.0640
1568504482818211,加速度计,-0.3178,5.9813,12.9879,,,,,,,
1568504492837274,加速度计,0.4699,7.4101,13.7337,,,,,,,
1568504502865451,陀螺仪,,,,,,,,0.0694,-0.0481,0.0961
1568504502856024,加速度计,-1.9225,7.9757,4.6495,,,,,,,
1568504512874774,加速度计,-1.0415,7.6656,6.4404,,,,,,,
1568504522893524,加速度计,0.1951,5.1517,6.2309,,,,,,,
1568504522902951,陀螺仪,,,,,,,,0.0128,-0.0671,0.1290
1568504532912586,加速度计,-1.1450,5.0907,8.7700,,,,,,,
1568504542934514,加速度计,-0.4585,8.6323,4.1647,,,,,,,
1568504542942274,陀螺仪,,,,,,,,0.0550,-0.0698,0.1031
1568504552949930,加速度计,-0.5189,10.1724,0.2813,,,,,,,
1568504562965347,加速度计,-1.5269,3.8050,13.5727,,,,,,,
1568504562973107,陀螺仪,,,,,,,,-0.0650,-0.1001,0.0887
1568504572980868,加速度计,-1.3886,7.4071,11.0157,,,,,,,
1568504582996805,加速度计,-1.2809,5.9197,7.8087,,,,,,,
1568504583004982,陀螺仪,,,,,,,,0.1216,-0.0613,0.1459
1568504593013159,加速度计,0.0449,10.7476,-3.0514,,,,,,,
1568504603029930,加速度计,-1.1343,7.7925,2.0620,,,,,,,
1568504603038524,陀螺仪,,,,,,,,-0.1168,-0.1093,0.1401
1568504613047118,加速度计,0.0874,5.6042,9.3326,,,,,,,
1568504623065243,加速度计,-0.1173,6.5003,14.6824,,,,,,,
1568504623080399,陀螺仪,,,,,,,,-0.0242,-0.0675,0.1459
1568504633097014,加速度计,-0.0407,7.7536,4.6442,,,,,,,
1568504650038401,GPS,,,,31.9415,118.7896,2.6600,79.2000,,,
1568504643121232,加速度计,0.0198,4.9578,2.9963,,,,,,,
1568504643130659,陀螺仪,,,,,,,,-0.0103,-0.0498,0.1470
1568504653139982,加速度计,-0.5381,7.4520,4.6256,,,,,,,
1568504663158732,加速度计,1.6185,6.7744,11.7382,,,,,,,
1568504663168159,陀螺仪,,,,,,,,-0.0281,-0.0921,0.1581
1568504673177482,加速度计,0.4334,12.1398,9.9940,,,,,,,
1568504683196232,加速度计,0.3274,6.9282,10.6692,,,,,,,
1568504693214982,加速度计,-0.2436,5.8706,0.4112,,,,,,,
1568504683205659,陀螺仪,,,,,,,,0.0903,-0.0354,0.1079
1568504703233732,加速度计,-0.9571,5.0230,0.0090,,,,,,,
1568504703243159,陀螺仪,,,,,,,,0.0387,-0.0348,0.1272
1568504713252482,加速度计,-0.9290,8.8184,3.4764,,,,,,,
1568504723271232,加速度计,-1.2216,9.1028,6.7642,,,,,,,
1568504723280659,陀螺仪,,,,,,,,-0.0850,-0.0738,0.1570
1568504733289982,加速度计,-0.6506,8.8789,14.6800,,,,,,,
1568504743308732,加速度计,0.3561,5.6240,14.7944,,,,,,,
1568504743318159,陀螺仪,,,,,,,,0.0961,0.0073,0.2161
1568504753327482,加速度计,-0.8146,8.5054,0.8338,,,,,,,
1568504763346232,加速度计,0.2604,7.3388,-4.2491,,,,,,,
1568504763355659,陀螺仪,,,,,,,,0.0337,-0.0228,0.2133
1568504773364982,加速度计,0.4166,5.8023,5.7215,,,,,,,
1568504783383732,加速度计,-1.4174,7.7069,7.5411,,,,,,,
1568504783395139,陀螺仪,,,,,,,,-0.0324,0.0280,0.2035
1568504793409774,加速度计,0.1269,7.6662,5.7509,,,,,,,
1568504803422691,加速度计,-0.9188,13.2585,8.1906,,,,,,,
1568504803429201,陀螺仪,,,,,,,,-0.0879,-0.0011,0.2405
1568504813435711,加速度计,-0.1622,3.0101,17.7303,,,,,,,
1568504823449149,加速度计,0.3322,8.8986,4.8303,,,,,,,
1568504823456076,陀螺仪,,,,,,,,0.1491,0.1049,0.2814
1568504833463107,加速度计,-0.4334,10.4004,-3.5021,,,,,,,
1568504843477899,加速度计,-0.8715,2.5187,9.3266,,,,,,,
1568504843485659,陀螺仪,,,,,,,,-0.0953,0.0483,0.2814
1568504853493524,加速度计,-0.8416,6.1627,4.5107,,,,,,,
1568504863509982,加速度计,1.2468,10.1035,13.7882,,,,,,,
1568504863518576,陀螺仪,,,,,,,,-0.0505,0.0310,0.3075
1568504873527378,加速度计,0.9319,6.7151,14.1934,,,,,,,
1568504883555555,陀螺仪,,,,,,,,0.1627,0.1344,0.2529
1568504883545920,加速度计,0.9631,6.2489,7.0617,,,,,,,
1568504893565295,加速度计,0.6494,9.6181,-4.0498,,,,,,,
1568504903585503,加速度计,-0.1012,5.9502,3.4608,,,,,,,
1568504903595972,陀螺仪,,,,,,,,-0.0740,0.0467,0.1579
1568504913606545,加速度计,-0.6428,5.2415,13.5320,,,,,,,
1568504923639722,陀螺仪,,,,,,,,0.0642,0.0380,0.1232
1568504923628420,加速度计,-0.0233,8.3594,9.1686,,,,,,,
1568504933651024,加速度计,0.2298,9.7498,7.6399,,,,,,,
1568504943674045,加速度计,-0.2999,6.8372,6.0292,,,,,,,
1568504943685764,陀螺仪,,,,,,,,0.0675,0.0188,0.0836
1568504953697378,加速度计,1.8711,5.5204,1.9022,,,,,,,
1568504963720711,加速度计,-0.6782,7.0964,4.5526,,,,,,,
1568504963732430,陀螺仪,,,,,,,,0.0173,-0.0293,-0.0137
1568504973743836,加速度计,-0.0042,8.0738,10.6285,,,,,,,
1568504983765399,加速度计,0.1766,6.7235,10.1053,,,,,,,
1568504983774826,陀螺仪,,,,,,,,0.0720,-0.0133,-0.0111
1568504993784149,加速度计,-0.1550,10.7943,3.8894,,,,,,,
1568505003802899,加速度计,1.4958,5.2559,7.4130,,,,,,,
1568505003812326,陀螺仪,,,,,,,,0.0130,-0.0341,-0.0028
1568505013821649,加速度计,1.9626,4.7154,4.4556,,,,,,,
1568505023840399,加速度计,0.9499,5.9053,2.0159,,,,,,,
1568505023849826,陀螺仪,,,,,,,,0.0039,-0.0049,-0.0611
1568505033860295,加速度计,1.3731,8.6095,10.5812,,,,,,,
1568505043889566,加速度计,-3.4117,7.1353,20.8541,,,,,,,
1568505043892118,陀螺仪,,,,,,,,0.0477,-0.0015,-0.0743
1568505053894670,加速度计,0.4441,9.4451,13.0245,,,,,,,
1568505063900295,加速度计,-2.8730,8.0421,-6.4889,,,,,,,
1568505063903472,陀螺仪,,,,,,,,0.2483,-0.0040,0.0140
1568505073906857,加速度计,2.9987,4.2030,-6.4925,,,,,,,
1568505083914774,加速度计,1.6269,2.6869,10.7087,,,,,,,
1568505083919409,陀螺仪,,,,,,,,-0.0676,-0.0799,-0.0621
1568505093924461,加速度计,-0.1580,10.2442,8.4755,,,,,,,
1568505103943264,陀螺仪,,,,,,,,0.0360,-0.0855,-0.0672
1568505103936336,加速度计,-2.6582,8.7837,11.8734,,,,,,,
1568505113950711,加速度计,0.0563,7.1611,9.4697,,,,,,,
1568505123967586,加速度计,-0.6099,6.2686,1.3916,,,,,,,
1568505123977014,陀螺仪,,,,,,,,0.0668,-0.0590,-0.0233
1568505133986961,加速度计,0.3609,4.7250,2.1249,,,,,,,
1568505144008732,加速度计,-0.6949,8.2528,7.9811,,,,,,,
1568505144020451,陀螺仪,,,,,,,,-0.0619,-0.1081,-0.0348
1568505154032586,加速度计,-1.2983,7.3592,14.7423,,,,,,,
1568505164058420,加速度计,0.7344,3.8864,11.6071,,,,,,,
1568505164072014,陀螺仪,,,,,,,,0.1439,-0.0294,0.0244
1568505174085816,加速度计,-0.9930,9.6594,-1.8495,,,,,,,
1568505184114357,加速度计,1.8010,7.7363,-8.4384,,,,,,,
1568505184128993,陀螺仪,,,,,,,,-0.1278,-0.1336,0.0611
1568505194143628,加速度计,1.1881,7.3251,20.6919,,,,,,,
1568505204173211,加速度计,-0.9966,6.2566,20.5321,,,,,,,
1568505204188055,陀螺仪,,,,,,,,0.0782,-0.0154,0.0210
1568505214200399,加速度计,-1.1217,6.5003,7.4262,,,,,,,
1568505224220086,加速度计,2.0458,8.6006,-8.5916,,,,,,,
1568505224229514,陀螺仪,,,,,,,,0.1828,0.0194,0.0775
1568505234238836,加速度计,1.5012,4.6052,-7.0324,,,,,,,
1568505244267014,陀螺仪,,,,,,,,-0.1803,-0.0868,0.0538
1568505244257586,加速度计,1.0930,7.7662,28.9249,,,,,,,
1568505254276336,加速度计,-1.0193,13.3764,10.0096,,,,,,,
1568505264295086,加速度计,-1.3162,5.2433,3.9678,,,,,,,
1568505264304514,陀螺仪,,,,,,,,0.0474,0.0482,0.1068
1568505274313836,加速度计,0.6991,3.4776,1.9285,,,,,,,
1568505284333107,加速度计,-0.2574,6.2812,7.1006,,,,,,,
1568505284344566,陀螺仪,,,,,,,,-0.0302,0.0015,0.1398
1568505294354878,加速度计,1.2605,9.4972,8.3073,,,,,,,
1568505304378055,陀螺仪,,,,,,,,-0.0342,0.0250,0.1186
1568505304370295,加速度计,0.6871,9.8210,4.2509,,,,,,,
1568505314385711,加速度计,1.2127,5.3373,7.2550,,,,,,,
1568505324409253,陀螺仪,,,,,,,,-0.0582,0.0198,0.0531
1568505324401284,加速度计,0.4723,6.6792,2.0997,,,,,,,
1568505334417274,加速度计,-0.8332,7.4735,6.5631,,,,,,,
1568505344442066,陀螺仪,,,,,,,,-0.0236,-0.0093,0.0671
1568505344433680,加速度计,1.1941,5.8155,13.2262,,,,,,,
1568505354450503,加速度计,1.0977,8.0224,4.0564,,,,,,,
1568505364467743,加速度计,2.6881,10.8014,4.7369,,,,,,,
1568505364476545,陀螺仪,,,,,,,,-0.0493,-0.0286,-0.0177
1568505374485399,加速度计,2.1620,5.4857,9.0046,,,,,,,
1568505384503472,加速度计,0.8703,4.3371,12.9149,,,,,,,
1568505384512691,陀螺仪,,,,,,,,0.0389,-0.0162,-0.1230
1568505394521961,加速度计,2.3523,8.4126,-0.8553,,,,,,,
1568505404550503,陀螺仪,,,,,,,,-0.0470,-0.0403,-0.1770
1568505404540868,加速度计,1.2498,7.2455,4.0438,,,,,,,
1568505414560191,加速度计,1.1720,7.6459,6.7612,,,,,,,
1568505424589982,陀螺仪,,,,,,,,-0.0539,-0.0883,-0.2047
1568505424579930,加速度计,-0.7620,6.2830,9.2548,,,,,,,
1568505434600086,加速度计,2.9664,7.1988,8.4761,,,,,,,
1568505444620659,加速度计,1.6592,6.9947,4.2491,,,,,,,
1568505444631128,陀螺仪,,,,,,,,0.0009,-0.0790,-0.2855
1568505454641649,加速度计,0.7314,6.0573,4.9368,,,,,,,
1568505464673576,陀螺仪,,,,,,,,-0.0700,-0.1194,-0.2992
1568505464662899,加速度计,0.5543,7.2975,2.3804,,,,,,,
1568505474684149,加速度计,-0.2322,7.2538,15.4857,,,,,,,
1568505484716076,陀螺仪,,,,,,,,0.0514,-0.0760,-0.2212
1568505484705399,加速度计,1.5844,8.7568,12.7354,,,,,,,
1568505494726649,加速度计,0.4423,9.3763,6.6391,,,,,,,
1568505504758576,陀螺仪,,,,,,,,0.0433,-0.0426,-0.2055
1568505504747899,加速度计,-0.1472,7.5836,0.3879,,,,,,,
1568505514768680,加速度计,-0.1484,6.4625,2.6647,,,,,,,
1568505524788211,加速度计,1.7101,4.0253,8.0972,,,,,,,
1568505524797639,陀螺仪,,,,,,,,-0.0618,-0.0613,-0.1004
1568505534809305,加速度计,0.7266,10.1670,7.9691,,,,,,,
1568505544841232,加速度计,0.5351,6.3381,10.2280,,,,,,,
1568505544838784,陀螺仪,,,,,,,,-0.0216,-0.0072,-0.0675
1568505554836545,加速度计,2.3834,7.0306,6.0879,,,,,,,
1568505564833003,加速度计,-0.5932,5.8155,7.7871,,,,,,,
1568505564831805,陀螺仪,,,,,,,,0.0534,0.0591,-0.0723
1568505574831441,加速度计,-2.2942,7.9972,3.2872,,,,,,,
1568505584834045,陀螺仪,,,,,,,,-0.0157,0.0164,0.0166
1568505584832534,加速度计,-0.1688,7.5334,7.0868,,,,,,,
1568505594836857,加速度计,0.8691,8.4904,6.4248,,,,,,,
1568505604844930,加速度计,-0.6141,4.9141,10.6344,,,,,,,
1568505604850191,陀螺仪,,,,,,,,-0.0178,0.0470,0.0123
1568505614856909,加速度计,-0.3106,6.5446,4.1551,,,,,,,
1568505624873680,加速度计,1.4000,6.6762,4.9057,,,,,,,
1568505624894253,陀螺仪,,,,,,,,-0.0234,0.0549,0.0646
1568505634916909,加速度计,0.5411,5.8520,7.4831,,,,,,,
1568505645666369,GPS,,,,31.9415,118.7897,2.7100,80.8000,,,
1568505644963576,加速度计,-0.1592,8.1750,4.2611,,,,,,,
1568505644987274,陀螺仪,,,,,,,,-0.0324,0.0832,0.0648
1568505655010972,加速度计,-0.3639,4.8267,8.2384,,,,,,,
1568505665049409,加速度计,2.1542,7.0653,14.2323,,,,,,,
1568505665063003,陀螺仪,,,,,,,,-0.0045,0.0573,0.0431
1568505675072326,加速度计,-0.8362,6.7941,12.3200,,,,,,,
1568505685091076,加速度计,-0.0479,8.6945,-0.2310,,,,,,,
1568505685100503,陀螺仪,,,,,,,,0.1190,0.1177,0.0526
1568505695109826,加速度计,1.2312,7.8901,-0.7775,,,,,,,
1568505705128576,加速度计,1.1564,2.4223,9.8958,,,,,,,
1568505705138003,陀螺仪,,,,,,,,-0.0787,0.0336,-0.0478
1568505715147326,加速度计,-1.0576,4.8345,8.6814,,,,,,,
1568505725166076,加速度计,0.6440,10.6404,6.5643,,,,,,,
1568505725175503,陀螺仪,,,,,,,,0.0162,0.0051,-0.0985
1568505735184826,加速度计,0.4561,8.1702,7.1916,,,,,,,
1568505745203576,加速度计,0.0575,4.7339,9.4320,,,,,,,
1568505755222326,加速度计,0.8984,5.9520,5.9855,,,,,,,
1568505745213003,陀螺仪,,,,,,,,-0.0085,-0.0425,-0.1766
1568505765241076,加速度计,-0.7638,6.7481,6.5721,,,,,,,
1568505765250503,陀螺仪,,,,,,,,0.0376,-0.0561,-0.2148
1568505775259826,加速度计,0.4507,10.2202,4.7393,,,,,,,
1568505785278576,加速度计,-0.0090,4.7513,11.5017,,,,,,,
1568505785292066,陀螺仪,,,,,,,,-0.0009,-0.1091,-0.2477
1568505795302639,加速度计,0.0796,8.8585,4.8698,,,,,,,
1568505805323316,陀螺仪,,,,,,,,0.0466,-0.1542,-0.3373
1568505805316389,加速度计,-0.2005,5.5390,9.7163,,,,,,,
1568505815330295,加速度计,1.2701,11.2390,-0.4357,,,,,,,
1568505825351961,陀螺仪,,,,,,,,-0.0718,-0.2265,-0.4131
1568505825344618,加速度计,-0.1024,5.4175,8.7610,,,,,,,
1568505835359357,加速度计,0.1263,8.8430,3.8379,,,,,,,
1568505845382639,陀螺仪,,,,,,,,-0.0816,-0.2597,-0.3666
1568505845374670,加速度计,1.7819,5.7425,5.3744,,,,,,,
1568505855390816,加速度计,1.6125,8.3408,8.5030,,,,,,,
1568505865416597,陀螺仪,,,,,,,,0.0016,-0.1795,-0.3543
1568505865407795,加速度计,1.3635,6.6242,15.2942,,,,,,,
1568505875425607,加速度计,-0.0078,9.7061,3.6709,,,,,,,
1568505885444253,加速度计,0.9463,7.4956,0.4064,,,,,,,
1568505885453889,陀螺仪,,,,,,,,0.0047,-0.1587,-0.2915
1568505895463732,加速度计,-1.4078,6.0807,1.6442,,,,,,,
1568505905484045,加速度计,-0.2436,6.9731,12.6881,,,,,,,
1568505905494514,陀螺仪,,,,,,,,-0.0671,-0.2048,-0.1961
1568505915505191,加速度计,0.8571,9.7665,7.4280,,,,,,,
1568505925538107,陀螺仪,,,,,,,,0.0101,-0.1289,-0.1535
1568505925527014,加速度计,0.3214,8.2768,9.2895,,,,,,,
1568505935549253,加速度计,-0.7763,6.0950,3.9259,,,,,,,
1568505945583055,陀螺仪,,,,,,,,-0.0368,-0.1292,-0.0804
1568505945571753,加速度计,-2.0662,6.3560,-0.4441,,,,,,,
1568505955594253,加速度计,0.7835,7.6225,8.8149,,,,,,,
1568505965628055,陀螺仪,,,,,,,,0.0260,-0.1023,0.0130
1568505965616753,加速度计,-2.0291,5.2780,22.1793,,,,,,,
1568505975638941,加速度计,-1.5682,9.4804,3.3441,,,,,,,
1568505985668941,陀螺仪,,,,,,,,0.1667,-0.0760,0.1148
1568505985659514,加速度计,0.6536,10.8571,-6.8779,,,,,,,
1568505995678264,加速度计,0.8392,5.7281,-9.4655,,,,,,,
1568506005706441,陀螺仪,,,,,,,,-0.3553,-0.1067,0.0414
1568506005697014,加速度计,0.2053,2.9682,25.4887,,,,,,,
1568506015715764,加速度计,-3.0149,8.4300,18.9800,,,,,,,
1568506025734514,加速度计,-1.5251,8.2295,5.4827,,,,,,,
1568506025743941,陀螺仪,,,,,,,,0.1449,0.0427,0.2779
1568506035754045,加速度计,-2.5546,6.6547,-3.2328,,,,,,,
1568506045775191,加速度计,2.3439,6.7199,-8.1708,,,,,,,
1568506045782326,陀螺仪,,,,,,,,-0.1076,0.0461,0.3815
1568506055789357,加速度计,-0.4411,5.2008,17.5800,,,,,,,
1568506065810659,陀螺仪,,,,,,,,-0.0113,0.0953,0.3692
1568506065803524,加速度计,-2.8563,8.8651,19.6109,,,,,,,
1568506075817899,加速度计,-0.4447,10.4752,11.5161,,,,,,,
1568506085832691,加速度计,-1.4820,6.7696,-0.5243,,,,,,,
1568506085840243,陀螺仪,,,,,,,,0.1393,0.1587,0.5328
1568506095848107,加速度计,1.7035,6.4865,-3.7715,,,,,,,
1568506105864357,加速度计,0.8948,5.3834,5.3103,,,,,,,
1568506105872743,陀螺仪,,,,,,,,-0.1241,0.1096,0.3766
1568506115881441,加速度计,1.3665,8.8729,15.0805,,,,,,,
1568506125899357,加速度计,-3.2519,6.3321,10.8852,,,,,,,
1568506125908576,陀螺仪,,,,,,,,0.0389,0.1338,0.3001
1568506135918107,加速度计,-1.7352,8.7233,4.7704,,,,,,,
1568506145937691,加速度计,-0.0772,7.6411,4.7214,,,,,,,
1568506145947743,陀螺仪,,,,,,,,-0.0087,0.0238,0.2836
1568506155958107,加速度计,2.2188,3.9624,11.2839,,,,,,,
1568506165989826,陀螺仪,,,,,,,,0.0932,0.0344,0.1003
1568506165979149,加速度计,0.3244,9.3242,1.6951,,,,,,,
1568506176000607,加速度计,0.9290,8.2786,1.3461,,,,,,,
1568506186033576,陀螺仪,,,,,,,,-0.1020,-0.0213,0.0458
1568506186022482,加速度计,0.6422,6.0370,9.7540,,,,,,,
1568506196044774,加速度计,-0.0766,4.1276,12.3259,,,,,,,
1568506206067274,加速度计,1.2055,9.5301,3.6919,,,,,,,
1568506206078576,陀螺仪,,,,,,,,0.0722,0.0269,0.0498
1568506216089774,加速度计,1.5371,7.5794,0.7805,,,,,,,
1568506226112274,加速度计,0.2550,4.5059,8.0798,,,,,,,
1568506226123576,陀螺仪,,,,,,,,-0.1024,-0.0341,0.0418
1568506236132899,加速度计,1.1007,7.0072,18.3791,,,,,,,
1568506246161076,陀螺仪,,,,,,,,0.1101,0.0146,0.0037
1568506246151649,加速度计,0.7853,9.8743,9.1752,,,,,,,
1568506256170399,加速度计,0.5997,5.8939,4.5753,,,,,,,
1568506266189149,加速度计,-0.8984,5.2068,-6.2483,,,,,,,
1568506266198576,陀螺仪,,,,,,,,0.1137,0.0229,-0.0079
1568506276207899,加速度计,1.1750,7.3694,-3.8217,,,,,,,
1568506286229982,加速度计,0.1532,6.9659,16.9073,,,,,,,
1568506286262430,陀螺仪,,,,,,,,-0.2293,-0.0775,-0.0336
1568506296259045,加速度计,-2.9108,5.0051,21.2809,,,,,,,
1568506306252795,加速度计,-0.9643,6.7941,4.5975,,,,,,,
1568506306249930,陀螺仪,,,,,,,,0.1574,0.0097,0.0712
1568506316247795,加速度计,1.0307,8.2959,4.6346,,,,,,,
1568506326244878,加速度计,-0.0120,4.7884,7.2862,,,,,,,
1568506326244097,陀螺仪,,,,,,,,0.0812,-0.0075,0.0811
1568506336244878,加速度计,0.2017,11.1809,6.5859,,,,,,,
1568506346248420,加速度计,-1.2911,6.2070,-3.2358,,,,,,,
1568506346251180,陀螺仪,,,,,,,,-0.0141,-0.0192,0.0449
1568506356255920,加速度计,0.1514,4.5005,10.0539,,,,,,,
1568506366274930,陀螺仪,,,,,,,,0.0372,-0.0081,0.0969
1568506366267795,加速度计,-0.3747,4.2778,13.8834,,,,,,,
1568506376284253,加速度计,-1.6203,10.3819,3.9163,,,,,,,
1568506386305086,加速度计,3.8930,11.3976,-2.4403,,,,,,,
1568506386316597,陀螺仪,,,,,,,,-0.0565,-0.0128,0.0909
1568506396330086,加速度计,-1.2127,3.1256,15.3570,,,,,,,
1568506406374097,陀螺仪,,,,,,,,0.1398,0.0366,0.1345
1568506406358836,加速度计,-2.2152,-0.5842,20.7266,,,,,,,
1568506416390711,加速度计,1.8364,14.8752,2.7450,,,,,,,
1568506426425086,加速度计,1.7819,10.0550,-10.5303,,,,,,,
1568506426442847,陀螺仪,,,,,,,,0.2430,0.0831,0.1437
1568506436461336,加速度计,2.7599,6.1627,-12.5684,,,,,,,
1568506446498836,加速度计,0.4507,2.6205,43.6439,,,,,,,
1568506446517847,陀螺仪,,,,,,,,-0.4019,0.0244,0.0471
1568506456536753,加速度计,-2.9467,10.0497,7.1988,,,,,,,
1568506466566753,加速度计,0.4112,9.6205,-3.6015,,,,,,,
1568506466577847,陀螺仪,,,,,,,,-0.0470,-0.0621,0.0961
1568506476587378,加速度计,1.4018,6.6541,15.3235,,,,,,,
1568506486606336,加速度计,-0.1975,5.9849,16.7498,,,,,,,
1568506486615764,陀螺仪,,,,,,,,0.1394,-0.0025,-0.0084
1568506496625086,加速度计,2.3571,10.5441,-0.6955,,,,,,,
1568506506643836,加速度计,0.1077,7.8033,-5.2493,,,,,,,
1568506506653264,陀螺仪,,,,,,,,0.0407,-0.0313,-0.0870
1568506516662586,加速度计,1.4515,4.7980,-0.0048,,,,,,,
1568506526681336,加速度计,0.7787,4.8094,15.8137,,,,,,,
1568506526690764,陀螺仪,,,,,,,,-0.1161,-0.0947,-0.0800
1568506536702378,加速度计,1.3569,8.1720,14.6956,,,,,,,
1568506546727586,加速度计,1.3785,13.3794,-2.7677,,,,,,,
1568506546729514,陀螺仪,,,,,,,,0.0759,-0.0093,-0.0606
1568506556731545,加速度计,0.6871,4.2569,2.9281,,,,,,,
1568506566738680,陀螺仪,,,,,,,,-0.1129,-0.0798,-0.1317
1568506566736128,加速度计,3.3232,8.3342,9.8246,,,,,,,
1568506576741961,加速度计,0.4292,4.3060,14.7345,,,,,,,
1568506586749670,加速度计,2.5193,7.0467,4.4107,,,,,,,
1568506586754097,陀螺仪,,,,,,,,0.1325,0.0228,-0.1457
1568506596759461,加速度计,0.3741,7.3658,-4.2383,,,,,,,
1568506606771545,加速度计,-0.3484,5.3983,13.1717,,,,,,,
1568506606778264,陀螺仪,,,,,,,,-0.0594,-0.0858,-0.1625
1568506616786128,加速度计,2.0614,10.0916,11.6113,,,,,,,
1568506626809253,加速度计,0.5991,9.6905,9.8994,,,,,,,
1568506645613817,GPS,,,,31.9415,118.7897,3.3000,89.7000,,,
1568506626839461,陀螺仪,,,,,,,,0.1393,-0.0389,-0.2200
1568506636869618,加速度计,0.3388,9.1907,-0.5830,,,,,,,
1568506646907430,加速度计,3.2250,2.9622,5.7802,,,,,,,
1568506646918836,陀螺仪,,,,,,,,-0.0119,-0.1362,-0.3356
1568506656928159,加速度计,1.7729,6.1645,4.5161,,,,,,,
1568506666946909,加速度计,-1.5933,7.6788,-0.9206,,,,,,,
1568506676965659,加速度计,1.9764,2.8042,14.7968,,,,,,,
1568506666956336,陀螺仪,,,,,,,,-0.0786,-0.2029,-0.3755
1568506686984409,加速度计,1.5742,12.2870,5.3989,,,,,,,
1568506686993836,陀螺仪,,,,,,,,0.0222,-0.1535,-0.3458
1568506697003159,加速度计,-0.7560,4.9482,13.7433,,,,,,,
1568506707021909,加速度计,2.1751,7.9625,8.3240,,,,,,,
1568506707031336,陀螺仪,,,,,,,,0.1354,-0.1326,-0.3105
1568506717040659,加速度计,1.2510,8.5042,-0.7027,,,,,,,
1568506727059409,加速度计,-0.4202,8.9064,3.2256,,,,,,,
1568506727068836,陀螺仪,,,,,,,,-0.0360,-0.1407,-0.2884
1568506737078159,加速度计,2.7677,5.0667,2.4804,,,,,,,
1568506747096909,加速度计,-2.8180,3.9875,14.4921,,,,,,,
1568506747106336,陀螺仪,,,,,,,,-0.1317,-0.1485,-0.2535
1568506757115659,加速度计,-0.3992,6.6122,14.5292,,,,,,,
1568506767134409,加速度计,1.1109,8.8562,8.8945,,,,,,,
1568506767143836,陀螺仪,,,,,,,,0.1320,-0.0739,-0.0431
1568506777153159,加速度计,2.5259,5.3822,3.2118,,,,,,,
1568506787171909,加速度计,-0.2831,11.9836,-6.1429,,,,,,,
1568506787187274,陀螺仪,,,,,,,,0.0883,-0.0089,-0.0932
1568506797194930,加速度计,-1.3976,7.8428,-1.2713,,,,,,,
1568506807210347,加速度计,1.5915,10.1532,21.4503,,,,,,,
1568506807218107,陀螺仪,,,,,,,,-0.3049,-0.1603,-0.0055
1568506817225764,加速度计,-0.5590,2.9862,20.8104,,,,,,,
1568506827249357,陀螺仪,,,,,,,,0.1732,0.1009,0.1237
1568506827241389,加速度计,1.1426,3.7152,5.3564,,,,,,,
1568506837257430,加速度计,-0.1718,7.0330,-6.0597,,,,,,,
1568506847282274,陀螺仪,,,,,,,,-0.1389,0.0240,0.1501
1568506847273889,加速度计,-2.1147,8.2893,-1.9938,,,,,,,
1568506857290764,加速度计,0.2071,6.6266,13.9414,,,,,,,
1568506867316857,陀螺仪,,,,,,,,-0.0266,0.0017,0.1370
1568506867308055,加速度计,-1.0696,7.2173,16.8773,,,,,,,
1568506877325764,加速度计,-0.9535,7.2239,7.1748,,,,,,,
1568506887353107,陀螺仪,,,,,,,,0.0150,0.0835,0.1775
1568506887343889,加速度计,0.1179,7.7746,-2.0087,,,,,,,
1568506897362639,加速度计,-1.7041,4.4885,6.5751,,,,,,,
1568506907382014,加速度计,-1.2755,4.2802,11.5179,,,,,,,
1568506907391857,陀螺仪,,,,,,,,0.0161,0.0663,0.2599
1568506917401805,加速度计,1.5125,10.8799,4.0348,,,,,,,
1568506927432274,陀螺仪,,,,,,,,-0.0662,0.0453,0.2182
1568506927422014,加速度计,1.6999,10.1430,7.1676,,,,,,,
1568506937442639,加速度计,-0.1239,7.2449,10.4842,,,,,,,
1568506947463680,加速度计,-0.8709,4.5532,1.8441,,,,,,,
1568506947474357,陀螺仪,,,,,,,,-0.0369,0.1204,0.2051
1568506957484930,加速度计,0.1867,6.5056,4.4550,,,,,,,
1568506967516857,陀螺仪,,,,,,,,-0.0989,0.0802,0.2481
1568506967506180,加速度计,0.2322,5.7940,12.4451,,,,,,,
1568506977527430,加速度计,0.1161,3.6931,11.0355,,,,,,,
1568506987559357,陀螺仪,,,,,,,,0.1127,0.1565,0.2035
1568506987548680,加速度计,-0.3717,9.4565,6.5440,,,,,,,
1568506997569930,加速度计,-1.9028,10.0491,1.6879,,,,,,,
1568507007590555,加速度计,2.2422,4.2389,8.3444,,,,,,,
1568507007600607,陀螺仪,,,,,,,,0.0213,0.1162,0.2184
1568507017609930,加速度计,1.3276,7.6932,-0.2316,,,,,,,
1568507027638107,陀螺仪,,,,,,,,-0.1342,0.0065,0.0799
1568507027628680,加速度计,-1.7651,9.3553,8.5539,,,,,,,
1568507037647847,加速度计,-0.5573,3.9199,16.7804,,,,,,,
1568507047667899,加速度计,-0.8248,8.5036,6.0855,,,,,,,
1568507047675451,陀螺仪,,,,,,,,0.0826,0.0491,0.1551
1568507057682899,加速度计,2.5271,6.7092,3.7595,,,,,,,
1568507067697899,加速度计,3.4129,7.8111,-1.8274,,,,,,,
1568507067705503,陀螺仪,,,,,,,,0.0049,0.0799,0.0538
1568507077713159,加速度计,-1.0217,6.3051,4.2000,,,,,,,
1568507087728836,加速度计,-1.4898,9.5050,12.5959,,,,,,,
1568507087736857,陀螺仪,,,,,,,,-0.1384,-0.0336,0.0025
1568507097744930,加速度计,-1.0684,7.1796,21.9297,,,,,,,
1568507107761441,加速度计,-0.0168,5.7102,1.4605,,,,,,,
1568507107769930,陀螺仪,,,,,,,,0.1490,0.0786,0.1020
1568507117778628,加速度计,1.7418,9.8653,-0.5896,,,,,,,
1568507127796649,加速度计,0.2586,6.1250,2.5600,,,,,,,
1568507127805972,陀螺仪,,,,,,,,-0.0909,0.0165,0.0531
1568507137815503,加速度计,-1.2953,6.0998,8.1475,,,,,,,
1568507147835191,加速度计,1.8280,8.2331,6.9881,,,,,,,
1568507147845295,陀螺仪,,,,,,,,-0.0398,0.0104,0.0454
1568507157855451,加速度计,0.4507,6.0148,9.7833,,,,,,,
1568507167876128,加速度计,0.9266,6.0094,9.7743,,,,,,,
1568507167886649,陀螺仪,,,,,,,,0.0505,0.0822,0.0859
1568507177897222,加速度计,-1.1498,11.0840,1.8735,,,,,,,
1568507187918732,加速度计,1.7933,7.7578,4.1677,,,,,,,
1568507187929618,陀螺仪,,,,,,,,-0.0708,0.0614,0.1302
1568507197940399,加速度计,0.0802,3.8074,9.9419,,,,,,,
1568507207962066,加速度计,0.1616,9.2051,5.6737,,,,,,,
1568507207972951,陀螺仪,,,,,,,,-0.0162,0.0971,0.1028
1568507217983732,加速度计,-1.3288,6.5523,10.3591,,,,,,,
1568507228005399,加速度计,-0.1694,6.9414,3.6577,,,,,,,
1568507228016076,陀螺仪,,,,,,,,0.0160,0.1088,0.1682
1568507238026024,加速度计,1.2534,6.2860,4.6358,,,,,,,
1568507248045243,加速度计,2.1745,9.3488,-2.9006,,,,,,,
1568507248054670,陀螺仪,,,,,,,,-0.1418,0.0533,0.0762
1568507258063993,加速度计,0.2298,5.1164,15.1966,,,,,,,
1568507268082743,加速度计,-1.4425,7.4591,17.4142,,,,,,,
1568507268092170,陀螺仪,,,,,,,,-0.0229,0.0694,0.0277
1568507278101493,加速度计,-2.5085,5.5067,8.5671,,,,,,,
1568507288123107,加速度计,1.5006,8.0840,-1.2288,,,,,,,
1568507288143628,陀螺仪,,,,,,,,0.0727,0.0370,0.0658
1568507298145451,加速度计,0.8338,7.3622,0.4046,,,,,,,
1568507308149461,加速度计,0.8308,4.9255,10.3286,,,,,,,
1568507308151701,陀螺仪,,,,,,,,-0.0987,-0.0487,-0.1124
1568507318154149,加速度计,-0.2370,7.8524,7.8757,,,,,,,
1568507328160191,加速度计,-1.1241,6.4207,9.9856,,,,,,,
1568507328163836,陀螺仪,,,,,,,,-0.0377,-0.0401,-0.1112
1568507338168159,加速度计,-0.8577,6.4171,10.8984,,,,,,,
1568507348178211,加速度计,1.2366,7.6369,4.8662,,,,,,,
1568507348183993,陀螺仪,,,,,,,,0.0925,0.0308,0.0577
1568507358190607,加速度计,2.2913,10.0856,-0.0305,,,,,,,
1568507368205503,加速度计,0.5459,4.0558,3.8463,,,,,,,
1568507368213784,陀螺仪,,,,,,,,-0.0874,0.0336,-0.0088
1568507378222899,加速度计,-0.1885,8.2720,8.7963,,,,,,,
1568507388242795,加速度计,-0.7829,5.3660,17.1072,,,,,,,
1568507388253576,陀螺仪,,,,,,,,-0.0421,0.0198,0.0826
1568507398265191,加速度计,-1.7286,8.5198,13.9929,,,,,,,
1568507408289826,加速度计,-0.0233,10.3920,-2.9987,,,,,,,
1568507408302795,陀螺仪,,,,,,,,0.1415,0.0830,0.1715
1568507418316284,加速度计,2.3146,6.9354,-0.4519,,,,,,,
1568507428344149,加速度计,0.0323,2.2517,8.4276,,,,,,,
1568507428358472,陀螺仪,,,,,,,,-0.0629,0.0258,0.0555
1568507438373003,加速度计,-0.1652,8.7634,4.7926,,,,,,,
1568507448402430,加速度计,-0.7566,5.9502,7.8248,,,,,,,
1568507458432014,加速度计,-3.0730,6.5595,14.7142,,,,,,,
1568507448417274,陀螺仪,,,,,,,,-0.0751,0.0344,0.0650
1568507468459253,加速度计,-1.0056,7.9990,7.1228,,,,,,,
1568507478480659,加速度计,1.4940,8.8424,-1.8238,,,,,,,
1568507468471336,陀螺仪,,,,,,,,0.1032,0.0929,0.2332
1568507488499409,加速度计,0.7344,7.2538,5.0554,,,,,,,
1568507488508836,陀螺仪,,,,,,,,-0.1390,0.0571,0.1549
1568507498518159,加速度计,-0.2568,1.6412,23.0657,,,,,,,
1568507508536909,加速度计,-0.4950,7.6267,6.2465,,,,,,,
1568507508546336,陀螺仪,,,,,,,,0.1909,0.1221,0.1818
1568507518555659,加速度计,1.4551,12.4672,-4.8848,,,,,,,
1568507528574409,加速度计,0.8272,5.4923,2.9191,,,,,,,
1568507528584097,陀螺仪,,,,,,,,-0.1466,0.0535,0.1526
1568507538594461,加速度计,0.8912,0.5674,16.1668,,,,,,,
1568507548614253,加速度计,0.1939,11.0103,10.4435,,,,,,,
1568507548621805,陀螺仪,,,,,,,,0.1015,0.0750,0.0493
1568507558629253,加速度计,-1.5682,9.0040,0.5830,,,,,,,
1568507568644253,加速度计,2.0883,3.7356,-4.7160,,,,,,,
1568507568651909,陀螺仪,,,,,,,,-0.0663,-0.0105,0.0792
1568507578659566,加速度计,2.3343,4.6735,8.2031,,,,,,,
1568507588675295,加速度计,1.9926,9.4056,16.0914,,,,,,,
1568507598691441,加速度计,-1.1564,11.2270,24.2503,,,,,,,
1568507588683368,陀螺仪,,,,,,,,-0.0927,-0.0145,-0.0450
1568507608708003,加速度计,-1.9142,5.9221,12.0871,,,,,,,
1568507608716597,陀螺仪,,,,,,,,0.2188,0.0502,-0.0326
1568507618725295,加速度计,0.2071,4.7746,-1.1001,,,,,,,
1568507628770399,陀螺仪,,,,,,,,0.1675,0.0220,-0.0270
1568507628753472,加速度计,2.6851,6.7427,-5.5450,,,,,,,
1568507649892775,GPS,,,,31.9415,118.7897,3.2600,92.2000,,,
1568507638783576,加速度计,1.8238,10.5866,-6.2830,,,,,,,
1568507648802639,加速度计,1.7035,4.6555,16.7247,,,,,,,
1568507648812066,陀螺仪,,,,,,,,-0.1900,-0.0905,-0.1119
1568507658821389,加速度计,0.1754,6.0286,14.5538,,,,,,,
1568507668840139,加速度计,-0.3388,8.1205,6.6804,,,,,,,
1568507668849566,陀螺仪,,,,,,,,0.0992,0.0100,-0.0855
1568507678858889,加速度计,0.1359,9.5187,0.8529,,,,,,,
1568507688877639,加速度计,1.2588,5.9484,3.2489,,,,,,,
1568507688887066,陀螺仪,,,,,,,,-0.0783,-0.0073,-0.0300
1568507698896389,加速度计,-0.0060,5.6090,11.7358,,,,,,,
1568507708915139,加速度计,1.0098,6.4955,13.5727,,,,,,,
1568507708924566,陀螺仪,,,,,,,,0.0115,0.0144,-0.0222
1568507718933889,加速度计,-1.2127,7.9835,4.0420,,,,,,,
1568507728952639,加速度计,2.4804,10.4118,-3.3992,,,,,,,
1568507728962066,陀螺仪,,,,,,,,-0.0666,0.0406,0.0253
1568507738971389,加速度计,1.6454,2.4319,9.0136,,,,,,,
1568507748990139,加速度计,-0.1700,6.7391,15.3504,,,,,,,
1568507748999566,陀螺仪,,,,,,,,-0.0457,0.0450,-0.0060
1568507759008889,加速度计,-0.1293,6.3997,12.2571,,,,,,,
1568507769027639,加速度计,2.8395,10.4339,-1.5736,,,,,,,
1568507769037066,陀螺仪,,,,,,,,0.1056,0.0700,0.0210
1568507779046389,加速度计,0.7685,4.8429,2.3260,,,,,,,
1568507789077430,加速度计,1.4257,6.5781,5.8508,,,,,,,
1568507789100503,陀螺仪,,,,,,,,-0.0497,0.0348,-0.0846
1568507799094201,加速度计,-0.9098,6.9456,10.2969,,,,,,,
1568507809082639,加速度计,1.7741,10.2472,3.8331,,,,,,,
1568507809077586,陀螺仪,,,,,,,,-0.0579,0.0249,-0.0827
1568507819072951,加速度计,0.8182,5.1613,12.9832,,,,,,,
1568507829066284,加速度计,-0.4980,5.9322,12.0159,,,,,,,
1568507829064461,陀螺仪,,,,,,,,0.0413,0.0687,-0.0666
1568507839063576,加速度计,0.7153,7.2221,2.6205,,,,,,,
1568507849065347,加速度计,0.7201,8.5461,-0.5788,,,,,,,
1568507849068211,陀螺仪,,,,,,,,-0.0188,0.0493,-0.0606
1568507859072326,加速度计,0.9786,6.2818,7.2814,,,,,,,
1568507869084722,加速度计,0.4399,1.9082,17.2383,,,,,,,
1568507869093003,陀螺仪,,,,,,,,0.0248,0.0595,-0.0336
1568507879102534,加速度计,1.5772,11.4311,1.6418,,,,,,,
1568507889125451,加速度计,-0.6123,9.6492,4.0127,,,,,,,
1568507889138836,陀螺仪,,,,,,,,-0.0172,0.0557,-0.0529
1568507899153368,加速度计,1.6400,5.7575,5.6126,,,,,,,
1568507909185659,加速度计,-1.4407,8.6646,9.6606,,,,,,,
1568507909203211,陀螺仪,,,,,,,,-0.0571,0.0582,-0.0794
1568507919221493,加速度计,-2.4642,4.7980,10.0305,,,,,,,
1568507929260034,加速度计,1.5107,5.8748,7.6195,,,,,,,
1568507929280086,陀螺仪,,,,,,,,0.0830,0.0668,0.0264
1568507939300451,加速度计,0.4848,4.7944,4.8890,,,,,,,
1568507949341909,加速度计,1.5233,17.8997,-6.0154,,,,,,,
1568507949362795,陀螺仪,,,,,,,,0.0023,0.0863,-0.0055
1568507959383576,加速度计,1.2462,4.1264,10.5961,,,,,,,
1568507969408368,加速度计,-1.1259,8.3857,8.3683,,,,,,,
1568507979427222,加速度计,-2.9874,1.8232,18.2684,,,,,,,
1568507969417899,陀螺仪,,,,,,,,-0.2031,0.0197,-0.0775
1568507989445972,加速度计,0.3292,8.2995,7.7782,,,,,,,
1568507989455399,陀螺仪,,,,,,,,0.0477,0.0858,0.1269
1568507999464722,加速度计,1.9279,6.3321,3.2447,,,,,,,
1568508009483472,加速度计,1.0086,6.7678,-2.2338,,,,,,,
1568508009492899,陀螺仪,,,,,,,,-0.0105,0.0615,0.0028
1568508019502222,加速度计,-1.2905,3.6500,9.2171,,,,,,,
1568508029520972,加速度计,2.4469,10.9355,3.0993,,,,,,,
1568508029531649,陀螺仪,,,,,,,,-0.0455,0.0039,-0.0470
1568508039546284,加速度计,-0.0132,5.1374,7.0809,,,,,,,
1568508049563993,加速度计,1.8860,9.4487,12.3571,,,,,,,
1568508049565399,陀螺仪,,,,,,,,-0.0760,-0.0041,-0.0752
1568508059566805,加速度计,-1.0858,4.1037,14.0234,,,,,,,
1568508069570659,加速度计,4.4436,11.0397,0.4699,,,,,,,
1568508079576076,加速度计,0.8380,4.6082,-7.7411,,,,,,,
1568508069573211,陀螺仪,,,,,,,,0.1356,0.1125,-0.1096
1568508089583472,加速度计,-3.2705,2.1494,11.5269,,,,,,,
1568508089588107,陀螺仪,,,,,,,,-0.2680,0.0103,-0.1443
1568508099593264,加速度计,-0.9284,5.5091,14.7549,,,,,,,
1568508109605555,加速度计,3.8032,9.2674,16.0232,,,,,,,
1568508109612795,陀螺仪,,,,,,,,-0.0232,-0.0667,-0.0144
1568508119620659,加速度计,5.5551,8.5976,9.8934,,,,,,,
1568508129638680,加速度计,2.7575,4.8704,1.5514,,,,,,,
1568508129648836,陀螺仪,,,,,,,,0.0640,0.0804,-0.2277
1568508139659618,加速度计,-0.3023,5.1523,10.6189,,,,,,,
1568508149683159,加速度计,-2.0506,9.6109,5.5372,,,,,,,
1568508149695816,陀螺仪,,,,,,,,0.0438,0.0515,-0.2129
1568508159708889,加速度计,0.3160,7.3185,9.5020,,,,,,,
1568508169736389,加速度计,0.4076,5.4091,4.2371,,,,,,,
1568508169750711,陀螺仪,,,,,,,,0.0385,-0.0214,-0.2290
1568508179765243,加速度计,-0.2382,3.1765,6.3614,,,,,,,
1568508189795034,加速度计,1.2785,10.8356,-1.9357,,,,,,,
1568508189810191,陀螺仪,,,,,,,,0.0326,-0.0722,-0.3281
1568508199825347,加速度计,-0.6596,7.3071,6.2064,,,,,,,
1568508209855764,加速度计,-1.2677,7.4118,11.3545,,,,,,,
1568508209869149,陀螺仪,,,,,,,,-0.1121,-0.1172,-0.3408
1568508219880555,加速度计,-0.9026,6.7959,19.8431,,,,,,,
1568508229900659,加速度计,-0.1939,9.5840,6.6260,,,,,,,
1568508239919514,加速度计,0.5854,6.8067,-0.6015,,,,,,,
1568508229910191,陀螺仪,,,,,,,,0.1265,-0.0280,-0.1959
1568508249938264,加速度计,2.6653,3.1586,-7.2149,,,,,,,
1568508249947691,陀螺仪,,,,,,,,-0.0040,-0.0611,-0.2077
1568508259957014,加速度计,-0.9146,6.8576,7.1641,,,,,,,
1568508269975764,加速度计,1.9525,9.9707,18.3929,,,,,,,
1568508269985191,陀螺仪,,,,,,,,-0.1615,-0.1044,-0.1935
1568508279994514,加速度计,-0.5369,10.2232,22.2206,,,,,,,
1568508290016284,加速度计,0.5620,6.7205,5.4336,,,,,,,
1568508290026545,陀螺仪,,,,,,,,0.2376,0.0583,-0.1911
1568508300033576,加速度计,-0.0664,4.2994,-4.0306,,,,,,,
1568508310047743,加速度计,-1.6825,7.6022,-6.4793,,,,,,,
1568508310054878,陀螺仪,,,,,,,,-0.0221,-0.0775,-0.1312
1568508320061909,加速度计,-0.8775,9.4924,16.5152,,,,,,,
1568508330076441,加速度计,-0.3717,8.2295,9.9689,,,,,,,
1568508330083941,陀螺仪,,,,,,,,-0.0216,-0.0547,-0.0495
1568508340091389,加速度计,2.7473,2.2924,11.0594,,,,,,,
1568508350107118,加速度计,-0.2394,8.3695,-3.7882,,,,,,,
1568508350115399,陀螺仪,,,,,,,,0.0696,0.0182,-0.1707
1568508360123680,加速度计,-3.4979,5.6826,5.6587,,,,,,,
1568508370141076,加速度计,-1.4581,9.5834,14.6681,,,,,,,
1568508370150191,陀螺仪,,,,,,,,-0.0365,-0.0445,0.0009
1568508380159305,加速度计,0.3531,6.7738,16.4416,,,,,,,
1568508390178368,加速度计,0.9026,4.6340,3.6129,,,,,,,
1568508390188316,陀螺仪,,,,,,,,0.1940,0.0555,-0.0178
1568508400198264,加速度计,-0.2251,5.7090,-1.1845,,,,,,,
1568508410218993,加速度计,-2.0255,7.7464,-9.8863,,,,,,,
1568508410229618,陀螺仪,,,,,,,,-0.0188,-0.0140,0.0083
1568508420240191,加速度计,-0.6620,5.7551,14.6711,,,,,,,
1568508430261805,加速度计,1.4575,12.9969,20.6231,,,,,,,
1568508430272847,陀螺仪,,,,,,,,-0.0296,-0.0016,0.0369
1568508440283836,加速度计,-0.9415,5.7335,11.9860,,,,,,,
1568508450306284,加速度计,2.9257,6.5481,3.2489,,,,,,,
1568508450317586,陀螺仪,,,,,,,,0.2039,0.0380,-0.0447
1568508460328784,加速度计,-0.5501,5.9628,-6.8594,,,,,,,
1568508470351284,加速度计,-2.2930,4.3604,14.8955,,,,,,,
1568508470362430,陀螺仪,,,,,,,,-0.0726,-0.0020,0.0340
1568508480373420,加速度计,0.5004,10.2825,13.5458,,,,,,,
1568508490392951,加速度计,0.0838,12.2835,4.0576,,,,,,,
1568508490402430,陀螺仪,,,,,,,,0.0655,0.0184,0.0373
1568508500411753,加速度计,2.2386,3.5279,-1.1612,,,,,,,
1568508510430503,加速度计,-0.0006,2.7761,7.8033,,,,,,,
1568508510439930,陀螺仪,,,,,,,,-0.0671,-0.0172,-0.0613
1568508520449253,加速度计,-0.8236,4.7615,10.5955,,,,,,,
1568508530468003,加速度计,-0.9655,9.9479,6.4554,,,,,,,
1568508530479930,陀螺仪,,,,,,,,0.1119,0.0161,-0.0495
1568508540503472,加速度计,-0.6973,11.0630,4.1845,,,,,,,
1568508550509618,加速度计,-1.2671,5.9137,7.2580,,,,,,,
1568508560503680,加速度计,0.7685,7.0677,9.1506,,,,,,,
1568508550506649,陀螺仪,,,,,,,,-0.0579,-0.0474,-0.0314
1568508570499305,加速度计,0.5034,6.2632,5.3672,,,,,,,
1568508570498211,陀螺仪,,,,,,,,0.0208,-0.0587,-0.0643
1568508580497326,加速度计,0.1736,5.7455,6.8337,,,,,,,
1568508590498576,加速度计,-0.1413,2.9329,2.9814,,,,,,,
1568508600503524,加速度计,0.7189,12.0841,0.9691,,,,,,,
1568508590500868,陀螺仪,,,,,,,,0.0598,-0.0426,-0.0285
1568508610512586,加速度计,1.6622,9.0136,8.1499,,,,,,,
1568508610519149,陀螺仪,,,,,,,,-0.1961,-0.1274,-0.0232
1568508620526180,加速度计,2.6384,3.3579,22.1027,,,,,,,
1568508630565191,加速度计,1.3862,10.1233,-2.7797,,,,,,,
1568508630591076,陀螺仪,,,,,,,,0.0309,0.0598,-0.1682
1568508648461628,GPS,,,,31.9415,118.7898,2.3200,84.7000,,,
1568508640617326,加速度计,-2.4026,4.5430,3.4518,,,,,,,
1568508650670243,加速度计,-0.4651,1.6843,17.6010,,,,,,,
1568508650696753,陀螺仪,,,,,,,,-0.0722,-0.0403,0.0001
1568508660711909,加速度计,2.8934,10.2795,8.6233,,,,,,,
1568508670743055,陀螺仪,,,,,,,,0.0776,-0.0336,-0.1648
1568508670733420,加速度计,-0.2502,6.3943,6.5170,,,,,,,
1568508680752430,加速度计,0.8751,7.5160,-1.0648,,,,,,,
1568508690771180,加速度计,-2.8527,6.1986,1.4204,,,,,,,
1568508690780607,陀螺仪,,,,,,,,-0.0923,-0.0518,-0.1764
1568508700789930,加速度计,-1.5143,5.2164,14.4562,,,,,,,
1568508710818107,陀螺仪,,,,,,,,0.0204,-0.1077,-0.0863
1568508710808680,加速度计,0.6931,13.1106,16.5008,,,,,,,
1568508720827430,加速度计,4.0701,7.8446,4.9129,,,,,,,
1568508730855607,陀螺仪,,,,,,,,0.1158,-0.0140,-0.2562
1568508730846180,加速度计,2.0171,3.2639,-3.9043,,,,,,,
1568508740864930,加速度计,-0.0120,5.4803,-10.3986,,,,,,,
1568508750893107,陀螺仪,,,,,,,,-0.3274,-0.0792,-0.1192
1568508750883680,加速度计,-5.2966,0.6841,34.1868,,,,,,,
1568508760902430,加速度计,3.1496,17.5184,13.7697,,,,,,,
1568508770921180,加速度计,-2.7162,8.2839,-5.1266,,,,,,,
1568508770930607,陀螺仪,,,,,,,,0.1700,0.0121,-0.0811
1568508780939930,加速度计,6.1567,0.0736,-8.2319,,,,,,,
1568508790973316,加速度计,-1.3479,2.0931,17.7997,,,,,,,
1568508790976493,陀螺仪,,,,,,,,-0.2766,-0.0491,-0.1226
1568508800979566,加速度计,-0.0024,18.1199,15.5910,,,,,,,
1568508810986232,加速度计,-0.6907,10.6602,8.6562,,,,,,,
1568508810990034,陀螺仪,,,,,,,,-0.0148,0.0378,0.0196
1568508820993732,加速度计,5.9209,1.0564,8.0816,,,,,,,
1568508831002482,加速度计,-0.8027,4.1821,-5.5432,,,,,,,
1568508831007743,陀螺仪,,,,,,,,0.0127,0.0941,-0.1558
1568508841012899,加速度计,-3.6374,8.6580,12.4762,,,,,,,
1568508851024982,加速度计,-1.5742,6.8492,6.8223,,,,,,,
1568508851032118,陀螺仪,,,,,,,,-0.0008,0.0731,0.0433
1568508861039149,加速度计,2.0261,6.7935,4.1635,,,,,,,
1568508871055399,加速度计,0.9409,5.7138,4.3455,,,,,,,
1568508871064618,陀螺仪,,,,,,,,-0.0715,0.0241,-0.0382
1568508881073732,加速度计,1.7968,6.9665,16.3518,,,,,,,
1568508891094149,加速度计,1.0169,9.4888,7.8709,,,,,,,
1568508891105451,陀螺仪,,,,,,,,0.0336,0.1048,-0.1009
1568508901116649,加速度计,0.9607,8.4671,1.9698,,,,,,,
1568508911140816,加速度计,-2.2553,4.4287,6.6864,,,,,,,
1568508911153784,陀螺仪,,,,,,,,-0.0963,0.0237,-0.1486
1568508921166649,加速度计,-0.2185,2.0638,14.0378,,,,,,,
1568508931193732,加速度计,0.6387,10.0203,7.6525,,,,,,,
1568508931207743,陀螺仪,,,,,,,,0.1000,-0.0228,-0.1924
1568508941221649,加速度计,0.5758,6.6176,3.3854,,,,,,,
1568508951249982,加速度计,0.8200,4.2312,2.3804,,,,,,,
1568508961278316,加速度计,-2.4092,5.2050,10.8134,,,,,,,
1568508951264201,陀螺仪,,,,,,,,0.0089,-0.0896,-0.3960
1568508971301232,加速度计,1.8926,7.8476,13.3022,,,,,,,
1568508971310868,陀螺仪,,,,,,,,0.0365,-0.1238,-0.4097
1568508981320399,加速度计,1.5215,12.2541,6.7588,,,,,,,
1568508991339149,加速度计,1.3042,4.0282,1.7268,,,,,,,
1568508991348576,陀螺仪,,,,,,,,0.0431,-0.1127,-0.4732
1568509001357899,加速度计,0.5836,3.1556,0.6734,,,,,,,
1568509011376649,加速度计,-0.4974,7.7069,7.8554,,,,,,,
1568509011386076,陀螺仪,,,,,,,,-0.1169,-0.1503,-0.4273
1568509021395399,加速度计,0.5261,4.9763,12.5911,,,,,,,
1568509031414149,加速度计,2.0979,10.7338,8.9465,,,,,,,
1568509031425034,陀螺仪,,,,,,,,0.0334,-0.1630,-0.4663
1568509041441128,加速度计,0.4669,6.3967,4.5496,,,,,,,
1568509051452795,加速度计,1.7843,6.5864,10.5668,,,,,,,
1568509051458680,陀螺仪,,,,,,,,-0.0302,-0.1562,-0.5296
1568509061464461,加速度计,-0.7566,5.3474,6.9893,,,,,,,
1568509071476545,加速度计,-2.0997,7.2700,6.6427,,,,,,,
1568509071483055,陀螺仪,,,,,,,,0.0824,-0.1609,-0.4696
1568509081489461,加速度计,1.5395,8.2540,7.6273,,,,,,,
1568509091503211,加速度计,-1.8435,6.5787,8.1876,,,,,,,
1568509091510555,陀螺仪,,,,,,,,0.0579,-0.1645,-0.3822
1568509101517795,加速度计,0.8398,10.7057,3.3501,,,,,,,
1568509111533628,加速度计,1.5227,6.2572,5.6395,,,,,,,
1568509111542222,陀螺仪,,,,,,,,-0.0899,-0.1565,-0.3254
1568509121550711,加速度计,1.2390,1.1827,10.2214,,,,,,,
1568509131569045,加速度计,-1.4120,6.6882,8.6784,,,,,,,
1568509131578889,陀螺仪,,,,,,,,0.0459,-0.1128,-0.3016
1568509141588628,加速度计,0.7320,9.0884,6.1896,,,,,,,
1568509151609461,加速度计,0.6668,4.9333,6.9881,,,,,,,
1568509151620347,陀螺仪,,,,,,,,0.0257,-0.1049,-0.2887
1568509161631128,加速度计,-0.0581,6.0017,5.9699,,,,,,,
1568509171653628,加速度计,-0.8481,6.6900,8.5593,,,,,,,
1568509171665347,陀螺仪,,,,,,,,-0.0121,-0.0973,-0.2633
1568509181676961,加速度计,0.5525,7.3574,7.6112,,,,,,,
1568509191700711,加速度计,0.5513,2.4122,16.8761,,,,,,,
1568509191712847,陀螺仪,,,,,,,,0.0136,-0.0964,-0.3168
1568509201724878,加速度计,-0.4956,5.4570,2.9155,,,,,,,
1568509211749045,加速度计,-0.7219,7.1018,6.9683,,,,,,,
1568509211761180,陀螺仪,,,,,,,,0.1521,-0.1395,-0.3563
1568509221773211,加速度计,-2.0375,4.5693,1.6664,,,,,,,
1568509231793628,加速度计,-0.6961,9.3278,12.1931,,,,,,,
1568509231803055,陀螺仪,,,,,,,,-0.0762,-0.2328,-0.3943
1568509241812378,加速度计,1.0157,6.6864,10.4232,,,,,,,
1568509251831128,加速度计,1.9393,5.5252,9.0243,,,,,,,
1568509251840555,陀螺仪,,,,,,,,0.0253,-0.2252,-0.4870
1568509261849878,加速度计,-0.0048,5.8269,5.8939,,,,,,,
1568509271868628,加速度计,0.1006,7.6650,4.9913,,,,,,,
1568509271878055,陀螺仪,,,,,,,,0.0321,-0.2511,-0.5181
1568509281887378,加速度计,-1.4329,8.1870,9.0890,,,,,,,
1568509291907743,加速度计,1.2468,6.3482,7.2305,,,,,,,
1568509291916753,陀螺仪,,,,,,,,-0.0666,-0.3257,-0.5179
1568509301925659,加速度计,1.0828,3.9301,10.3860,,,,,,,
1568509311943576,加速度计,1.5568,7.0252,7.6357,,,,,,,
1568509311952586,陀螺仪,,,,,,,,0.0435,-0.3606,-0.6814
1568509321961493,加速度计,-0.1658,4.2928,9.4715,,,,,,,
1568509331979409,加速度计,-0.3885,7.5226,7.1862,,,,,,,
1568509331988420,陀螺仪,,,,,,,,0.1204,-0.3772,-0.7509
1568509341997326,加速度计,-0.1466,7.4113,4.0761,,,,,,,
1568509352015243,加速度计,0.0132,4.6459,6.2219,,,,,,,
1568509352024253,陀螺仪,,,,,,,,0.0507,-0.4455,-0.7349
1568509362033159,加速度计,-0.0126,9.6983,-0.5584,,,,,,,
1568509372051076,加速度计,0.8332,5.5964,14.7477,,,,,,,
1568509372060086,陀螺仪,,,,,,,,-0.1132,-0.4830,-0.6654
1568509382068993,加速度计,1.9986,6.9222,9.6187,,,,,,,
1568509392086961,加速度计,1.8292,6.5308,10.5896,,,,,,,
1568509392096180,陀螺仪,,,,,,,,0.0742,-0.3823,-0.6325
1568509402105347,加速度计,0.3502,6.1770,3.4949,,,,,,,
1568509412124097,加速度计,0.4537,5.4205,7.1365,,,,,,,
1568509412133524,陀螺仪,,,,,,,,0.0447,-0.3657,-0.5852
1568509422142899,加速度计,-1.1768,6.7906,7.2670,,,,,,,
1568509432162066,加速度计,-0.5602,9.2314,3.7326,,,,,,,
1568509432171701,陀螺仪,,,,,,,,0.0610,-0.3341,-0.4597
1568509442181232,加速度计,0.3208,6.4554,5.8383,,,,,,,
1568509452200399,加速度计,-0.3172,7.5693,11.1462,,,,,,,
1568509452210034,陀螺仪,,,,,,,,-0.0173,-0.2774,-0.3782
1568509462219566,加速度计,0.5890,4.9237,7.4304,,,,,,,
1568509472238732,加速度计,-1.6861,6.7929,8.7466,,,,,,,
1568509472248368,陀螺仪,,,,,,,,0.0973,-0.2029,-0.2840
1568509482257899,加速度计,-1.7436,8.7263,4.4448,,,,,,,
1568509492286701,陀螺仪,,,,,,,,0.0505,-0.2190,-0.1795
1568509492277066,加速度计,-0.8033,5.5755,7.7327,,,,,,,
1568509502296232,加速度计,-1.0708,9.3206,1.3222,,,,,,,
1568509512315399,加速度计,0.1377,6.0507,11.7292,,,,,,,
1568509512325034,陀螺仪,,,,,,,,-0.1209,-0.2402,-0.1101
1568509522334566,加速度计,1.1061,3.8116,17.4370,,,,,,,
1568509532354201,加速度计,0.3849,7.1784,9.9521,,,,,,,
1568509542390034,加速度计,-2.5576,3.4704,1.3162,,,,,,,
1568509532365711,陀螺仪,,,,,,,,0.1574,-0.1076,-0.2033
1568509552399201,加速度计,-1.1223,5.8622,0.9834,,,,,,,
1568509562408368,加速度计,-1.8070,8.0756,6.6673,,,,,,,
1568509552403836,陀螺仪,,,,,,,,0.0678,-0.2107,-0.1836
1568509572417951,加速度计,0.8505,5.3403,12.9700,,,,,,,
1568509582428368,加速度计,0.2963,7.4430,11.5921,,,,,,,
1568509572423211,陀螺仪,,,,,,,,-0.0724,-0.2173,-0.1513
1568509592440034,加速度计,0.3693,3.4890,13.2788,,,,,,,
1568509592446753,陀螺仪,,,,,,,,0.1043,-0.1969,-0.2666
1568509602453368,加速度计,0.0593,7.4418,4.2922,,,,,,,
1568509612468368,加速度计,-3.2208,4.5280,6.1226,,,,,,,
1568509612476753,陀螺仪,,,,,,,,0.1495,-0.1959,-0.2663
1568509622485034,加速度计,-0.9613,10.1436,-1.3090,,,,,,,
1568509644308920,GPS,,,,31.9415,118.7898,2.6500,76.5000,,,
1568509632559982,陀螺仪,,,,,,,,-0.1407,-0.2743,-0.2148
1568509632543055,加速度计,0.1251,6.8414,7.5914,,,,,,,
1568509642569305,加速度计,1.4545,3.6290,14.6142,,,,,,,
1568509652588055,加速度计,0.3831,7.2915,12.8802,,,,,,,
1568509652597482,陀螺仪,,,,,,,,0.0414,-0.1839,-0.2675
1568509662606805,加速度计,-0.5728,6.5649,6.9683,,,,,,,
1568509672634982,陀螺仪,,,,,,,,0.1314,-0.1976,-0.2521
1568509672625555,加速度计,-0.0928,5.3451,5.5132,,,,,,,
1568509682644305,加速度计,-1.3078,6.5236,2.1003,,,,,,,
1568509692663055,加速度计,-0.7775,9.8270,5.5881,,,,,,,
1568509692672482,陀螺仪,,,,,,,,-0.0300,-0.2297,-0.1985
1568509702681805,加速度计,0.9637,4.0779,10.1957,,,,,,,
1568509712700555,加速度计,1.7472,7.5788,12.6432,,,,,,,
1568509712709982,陀螺仪,,,,,,,,0.0296,-0.1726,-0.2370
1568509722719305,加速度计,-0.8541,6.0334,6.4602,,,,,,,
1568509732738055,加速度计,0.1879,4.6807,3.9307,,,,,,,
1568509732747482,陀螺仪,,,,,,,,0.0629,-0.1856,-0.2814
1568509742756805,加速度计,-0.0485,7.2526,8.1295,,,,,,,
1568509752784982,陀螺仪,,,,,,,,0.0407,-0.2250,-0.3044
1568509752775555,加速度计,-1.7484,7.0413,8.0559,,,,,,,
1568509762794305,加速度计,0.0132,6.7175,10.6901,,,,,,,
1568509772822482,陀螺仪,,,,,,,,0.0933,-0.2812,-0.3551
1568509772813055,加速度计,-0.1945,7.4843,4.3233,,,,,,,
1568509782831805,加速度计,2.9999,7.0605,8.6880,,,,,,,
1568509792861180,加速度计,-1.6047,5.2008,7.0294,,,,,,,
1568509792866232,陀螺仪,,,,,,,,0.0514,-0.2892,-0.5467
1568509802871180,加速度计,-0.1562,4.9201,4.3335,,,,,,,
1568509812881232,加速度计,-0.5429,6.2824,5.8550,,,,,,,
1568509812886493,陀螺仪,,,,,,,,0.0443,-0.3731,-0.5728
1568509822891753,加速度计,0.1472,5.6713,7.7632,,,,,,,
1568509832903159,加速度计,1.6616,6.2501,14.0151,,,,,,,
1568509832909461,陀螺仪,,,,,,,,0.0740,-0.4125,-0.6364
1568509842915816,加速度计,0.7003,9.2895,9.1632,,,,,,,
1568509852929774,加速度计,-0.6434,3.6823,4.1970,,,,,,,
1568509852937534,陀螺仪,,,,,,,,0.1700,-0.4242,-0.7211
1568509862945399,加速度计,-0.0269,6.2860,0.7159,,,,,,,
1568509872962691,加速度计,-1.3120,7.6824,4.7196,,,,,,,
1568509872972118,陀螺仪,,,,,,,,-0.0618,-0.5133,-0.6521
1568509882981649,加速度计,1.2887,4.7860,14.0510,,,,,,,
1568509893002222,加速度计,0.6410,5.8395,11.8824,,,,,,,
1568509893013107,陀螺仪,,,,,,,,-0.0009,-0.4330,-0.6669
1568509903024045,加速度计,0.3047,4.0941,4.9201,,,,,,,
1568509913047066,加速度计,-1.2031,3.0125,9.9120,,,,,,,
1568509913058993,陀螺仪,,,,,,,,0.0634,-0.4574,-0.7039
1568509923070920,加速度计,-3.1274,9.1273,7.5830,,,,,,,
1568509933095555,加速度计,-0.1221,7.9811,11.7202,,,,,,,
1568509933108107,陀螺仪,,,,,,,,0.0032,-0.4799,-0.5983
1568509943120607,加速度计,-1.7472,5.0194,10.1197,,,,,,,
1568509953146024,加速度计,-0.1221,1.1486,7.2520,,,,,,,
1568509953158784,陀螺仪,,,,,,,,0.0901,-0.4799,-0.5703
1568509963171180,加速度计,-0.8176,6.6427,5.8760,,,,,,,
1568509973193941,加速度计,-2.4451,6.6068,4.5334,,,,,,,
1568509973203368,陀螺仪,,,,,,,,0.0879,-0.4735,-0.5506
1568509983212691,加速度计,-1.0762,8.4683,11.1791,,,,,,,
1568509993231441,加速度计,0.3382,10.6895,8.2462,,,,,,,
1568509993240868,陀螺仪,,,,,,,,0.0318,-0.4642,-0.4408
1568510003250191,加速度计,0.9762,5.0745,10.9678,,,,,,,
1568510013268941,加速度计,0.0521,2.9359,6.6900,,,,,,,
1568510013278368,陀螺仪,,,,,,,,0.0633,-0.3955,-0.4811
1568510023287691,加速度计,0.5818,5.8401,7.0449,,,,,,,
1568510033306545,加速度计,-0.4681,6.2405,2.3936,,,,,,,
1568510033316389,陀螺仪,,,,,,,,0.1316,-0.4178,-0.4561
1568510043328055,加速度计,-0.5154,7.9601,5.5426,,,,,,,
1568510053345139,加速度计,1.6831,6.1681,10.5818,,,,,,,
1568510053353732,陀螺仪,,,,,,,,-0.0084,-0.3955,-0.3838
1568510063362222,加速度计,2.1338,7.7752,9.7456,,,,,,,
1568510073379305,加速度计,0.3986,6.3315,11.0486,,,,,,,
1568510073387899,陀螺仪,,,,,,,,0.0908,-0.3368,-0.4049
1568510083396389,加速度计,-0.8248,5.4049,5.8873,,,,,,,
1568510093413472,加速度计,0.6764,5.0685,7.2538,,,,,,,
1568510093422066,陀螺仪,,,,,,,,0.1092,-0.3611,-0.4497
1568510103430607,加速度计,0.3687,7.4705,2.7797,,,,,,,
1568510113448159,加速度计,0.4908,4.7872,10.2035,,,,,,,
1568510113457170,陀螺仪,,,,,,,,-0.0017,-0.3623,-0.4409
1568510123466128,加速度计,-1.5209,6.8259,9.2703,,,,,,,
1568510133484514,加速度计,0.4064,7.4274,9.0345,,,,,,,
1568510133493941,陀螺仪,,,,,,,,0.0617,-0.3650,-0.4704
1568510143503316,加速度计,-0.5590,5.7443,7.6638,,,,,,,
1568510153522534,加速度计,-0.6829,4.6430,4.3527,,,,,,,
1568510153532378,陀螺仪,,,,,,,,0.0788,-0.3989,-0.5201
1568510163542170,加速度计,0.4166,7.0593,7.8835,,,,,,,
1568510173572222,陀螺仪,,,,,,,,0.0446,-0.4116,-0.5304
1568510173562170,加速度计,-1.1516,7.8536,9.4673,,,,,,,
1568510183582170,加速度计,0.4118,6.9330,12.3684,,,,,,,
1568510193602170,加速度计,-1.5311,6.6487,4.9243,,,,,,,
1568510193612222,陀螺仪,,,,,,,,0.1485,-0.4293,-0.5935
1568510203622170,加速度计,-0.2484,5.8329,5.2014,,,,,,,
1568510213642170,加速度计,-1.1815,6.3488,4.8548,,,,,,,
1568510213652222,陀螺仪,,,,,,,,0.0626,-0.4758,-0.5903
1568510223662170,加速度计,0.3478,6.2584,7.6668,,,,,,,
1568510233692222,陀螺仪,,,,,,,,0.0391,-0.4539,-0.5730
1568510233682170,加速度计,-0.8278,8.0457,10.3771,,,,,,,
1568510243702170,加速度计,-1.0187,6.9486,9.6349,,,,,,,
1568510253722170,加速度计,-0.3466,5.2499,9.5301,,,,,,,
1568510253732222,陀螺仪,,,,,,,,0.0695,-0.4614,-0.5763
1568510263742118,加速度计,0.2460,4.1928,11.0181,,,,,,,
1568510273761597,加速度计,-3.2681,6.8474,1.1684,,,,,,,
1568510273771024,陀螺仪,,,,,,,,0.1798,-0.4453,-0.5554
1568510283780972,加速度计,0.1706,6.2147,3.1202,,,,,,,
1568510293815451,加速度计,0.0718,6.4021,6.5601,,,,,,,
1568510293815711,陀螺仪,,,,,,,,0.0057,-0.4316,-0.4242
1568510303815920,加速度计,-0.4393,6.0938,11.3060,,,,,,,
1568510313818003,陀螺仪,,,,,,,,0.0226,-0.3834,-0.3609
1568510313816909,加速度计,-1.8884,7.1461,8.5581,,,,,,,
1568510323819201,加速度计,-0.3992,5.2337,9.9000,,,,,,,
1568510333826441,陀螺仪,,,,,,,,0.0767,-0.4093,-0.3973
1568510333823264,加速度计,-0.9505,4.3934,6.8917,,,,,,,
1568510343829878,加速度计,-0.2532,5.8365,7.3538,,,,,,,
1568510353839409,加速度计,-1.5066,5.9981,9.1943,,,,,,,
1568510353845503,陀螺仪,,,,,,,,0.0633,-0.4039,-0.4079
1568510363851909,加速度计,-0.7141,5.0673,10.8314,,,,,,,
1568510373867743,加速度计,-1.8136,6.4362,7.4663,,,,,,,
1568510373877170,陀螺仪,,,,,,,,0.1212,-0.3925,-0.3957
1568510383886909,加速度计,-0.6369,4.1797,6.2112,,,,,,,
1568510393909357,加速度计,0.1383,6.2231,6.2147,,,,,,,
1568510393921909,陀螺仪,,,,,,,,0.1113,-0.4163,-0.3814
1568510403934670,加速度计,-0.7811,5.3696,7.8757,,,,,,,
1568510413962430,加速度计,0.1143,6.6266,9.9413,,,,,,,
1568510413977274,陀螺仪,,,,,,,,0.0752,-0.4293,-0.3915
1568510423992222,加速度计,0.0467,7.1874,8.6407,,,,,,,
1568510434023576,加速度计,1.0277,4.9494,7.5513,,,,,,,
1568510434039670,陀螺仪,,,,,,,,0.0756,-0.4316,-0.4828
1568510444055711,加速度计,0.0587,4.4496,9.6414,,,,,,,
1568510454088211,加速度计,-1.5024,5.9574,6.0825,,,,,,,
1568510454104514,陀螺仪,,,,,,,,0.1173,-0.4269,-0.4979
1568510464119253,加速度计,-0.4345,6.9683,8.3450,,,,,,,
1568510474139826,加速度计,0.8302,6.5745,7.5992,,,,,,,
1568510474149253,陀螺仪,,,,,,,,0.0682,-0.4398,-0.4413
1568510484158576,加速度计,1.5586,5.4666,10.0281,,,,,,,
1568510494186753,陀螺仪,,,,,,,,0.0770,-0.3671,-0.4899
1568510494177326,加速度计,0.4687,5.2930,4.1653,,,,,,,
1568510504196076,加速度计,-0.0670,5.1601,8.9028,,,,,,,
1568510514224253,陀螺仪,,,,,,,,0.0574,-0.3329,-0.4286
1568510514214826,加速度计,-1.2001,7.0162,9.7139,,,,,,,
1568510524233576,加速度计,-0.8493,7.9942,9.0980,,,,,,,
1568510534252586,加速度计,0.4878,4.8159,8.4084,,,,,,,
1568510534263055,陀螺仪,,,,,,,,0.0660,-0.3051,-0.3265
1568510544274774,加速度计,1.5407,4.9901,7.0934,,,,,,,
1568510554297951,陀螺仪,,,,,,,,0.0541,-0.2682,-0.3607
1568510554290191,加速度计,-1.6394,7.2036,2.1763,,,,,,,
1568510564305607,加速度计,0.6470,4.8854,8.4761,,,,,,,
1568510574329097,陀螺仪,,,,,,,,-0.0463,-0.2870,-0.3489
1568510574321128,加速度计,-1.4545,7.2520,10.5908,,,,,,,
1568510584337066,加速度计,0.6692,6.3051,12.6306,,,,,,,
1568510594353420,加速度计,-0.3496,4.3371,8.5329,,,,,,,
1568510594361805,陀螺仪,,,,,,,,0.0419,-0.3111,-0.4431
1568510604370191,加速度计,-0.4794,4.1007,9.4517,,,,,,,
1568510614387378,加速度计,-0.3053,5.3026,8.9046,,,,,,,
1568510624405607,加速度计,-1.2019,6.4278,7.0934,,,,,,,
1568510614396180,陀螺仪,,,,,,,,0.0859,-0.3257,-0.5467
1568510634433941,加速度计,-0.1472,6.6954,5.8299,,,,,,,
1568510645090065,GPS,,,,31.9415,118.7898,2.5600,88.5000,,,
1568510634447378,陀螺仪,,,,,,,,0.0659,-0.3956,-0.5816
1568510644460451,加速度计,0.4633,2.4271,9.5427,,,,,,,
1568510654480139,加速度计,-1.0900,6.5829,6.1202,,,,,,,
1568510654489566,陀螺仪,,,,,,,,0.0770,-0.4168,-0.6610
1568510664498889,加速度计,0.1071,7.1000,9.1716,,,,,,,
1568510674517639,加速度计,-0.2406,4.4335,7.9110,,,,,,,
1568510674527066,陀螺仪,,,,,,,,0.0450,-0.4478,-0.7565
1568510684536389,加速度计,1.3132,5.0284,5.9155,,,,,,,
1568510694555139,加速度计,-1.6580,5.9831,7.0144,,,,,,,
1568510694564566,陀螺仪,,,,,,,,0.0286,-0.4694,-0.8188
1568510704573889,加速度计,-0.2957,5.3816,12.1973,,,,,,,
1568510714592639,加速度计,-0.9254,8.5910,8.7149,,,,,,,
1568510714602066,陀螺仪,,,,,,,,0.0822,-0.4802,-0.7934
1568510724611389,加速度计,-0.7685,5.2427,6.1238,,,,,,,
1568510734630139,加速度计,0.9212,4.1396,8.2223,,,,,,,
1568510734639566,陀螺仪,,,,,,,,0.0093,-0.4980,-0.8069
1568510744648889,加速度计,0.2867,5.1224,9.0938,,,,,,,
1568510754667639,加速度计,-1.0989,5.7545,11.1815,,,,,,,
1568510754677066,陀螺仪,,,,,,,,0.0292,-0.4981,-0.8698
1568510764686389,加速度计,-1.5323,5.7575,8.5718,,,,,,,
1568510774705139,加速度计,-1.4521,4.3365,8.7400,,,,,,,
1568510774714566,陀螺仪,,,,,,,,0.0314,-0.5698,-0.8997
1568510784723889,加速度计,-0.4741,3.1478,11.0415,,,,,,,
1568510794744722,加速度计,-2.1416,2.3810,10.9289,,,,,,,
1568510794754566,陀螺仪,,,,,,,,0.0542,-0.6095,-0.9257
1568510804763993,加速度计,-0.8523,3.2860,11.1582,,,,,,,
1568510814792170,陀螺仪,,,,,,,,0.0579,-0.6514,-0.9729
1568510814782743,加速度计,-1.8166,1.6723,10.2029,,,,,,,
1568510824801493,加速度计,-0.0485,1.4078,12.1165,,,,,,,
1568510834820243,加速度计,-1.9297,2.6570,10.9223,,,,,,,
1568510834829670,陀螺仪,,,,,,,,0.1080,-0.6790,-1.0657
1568510844838993,加速度计,-2.1530,1.7567,10.0419,,,,,,,
1568510854867170,陀螺仪,,,,,,,,0.1273,-0.6973,-1.0405
1568510854857743,加速度计,-2.6707,2.7689,9.3404,,,,,,,
1568510864876493,加速度计,-2.0010,3.9905,9.0022,,,,,,,
1568510874895243,加速度计,-0.1622,2.2901,13.4758,,,,,,,
1568510874904670,陀螺仪,,,,,,,,0.1000,-0.6808,-0.9838
1568510884913993,加速度计,-1.5550,2.8264,9.4499,,,,,,,
1568510894932743,加速度计,-4.1348,6.5864,9.0830,,,,,,,
1568510894942170,陀螺仪,,,,,,,,0.0977,-0.6653,-0.9859
1568510904951493,加速度计,-0.2388,2.9646,14.8063,,,,,,,
1568510914979670,陀螺仪,,,,,,,,0.1987,-0.6258,-1.0007
1568510914970243,加速度计,-1.3420,3.1430,10.9565,,,,,,,
1568510924988993,加速度计,-4.6184,7.0898,6.4500,,,,,,,
1568510935017170,陀螺仪,,,,,,,,0.1533,-0.6020,-0.8441
1568510935007743,加速度计,-3.0263,4.9644,10.0886,,,,,,,
1568510945026493,加速度计,-1.3874,3.7385,10.2250,,,,,,,
1568510955045243,加速度计,-1.2192,4.8931,4.1767,,,,,,,
1568510955054670,陀螺仪,,,,,,,,0.2924,-0.5305,-0.7703
1568510965063993,加速度计,-5.4941,5.7946,2.8892,,,,,,,
1568510975082743,加速度计,-3.9570,8.2546,8.0631,,,,,,,
1568510975092170,陀螺仪,,,,,,,,0.1296,-0.4633,-0.4569
1568510985101493,加速度计,0.1407,6.8821,9.8001,,,,,,,
1568510995120243,加速度计,1.2432,2.6857,4.0013,,,,,,,
1568510995129670,陀螺仪,,,,,,,,0.1435,-0.3397,-0.3838
1568511005138993,加速度计,-4.9356,6.5715,4.1851,,,,,,,
1568511015157743,加速度计,-4.4323,8.1636,10.0993,,,,,,,
1568511015167170,陀螺仪,,,,,,,,0.0103,-0.2846,-0.2296
1568511025176493,加速度计,2.2290,4.1767,12.2739,,,,,,,
1568511035196961,加速度计,-1.0630,2.3140,6.1944,,,,,,,
1568511035212222,陀螺仪,,,,,,,,0.1326,-0.1832,-0.2405
1568511045231441,加速度计,-8.1217,8.9238,4.7758,,,,,,,
1568511055232378,加速度计,-2.7072,9.9323,10.2346,,,,,,,
1568511055233055,陀螺仪,,,,,,,,0.0537,-0.2418,-0.0039
1568511065233941,加速度计,4.4418,0.5489,10.3017,,,,,,,
1568511075236857,加速度计,-1.5018,2.6348,3.7523,,,,,,,
1568511075238993,陀螺仪,,,,,,,,0.1522,-0.1045,-0.1443
1568511085241649,加速度计,-9.2320,8.4988,4.4185,,,,,,,
1568511095249045,加速度计,-4.5095,11.6951,9.0052,,,,,,,
1568511095253889,陀螺仪,,,,,,,,0.0193,-0.2233,0.1012
1568511105259357,加速度计,4.7202,-0.2975,14.9261,,,,,,,
1568511115280659,陀螺仪,,,,,,,,0.1876,-0.0868,-0.0858
1568511115272691,加速度计,-0.1700,2.6121,5.0871,,,,,,,
1568511125289253,加速度计,-9.4038,10.5806,2.8545,,,,,,,
1568511135308732,加速度计,-2.6522,10.0473,9.8863,,,,,,,
1568511135319618,陀螺仪,,,,,,,,0.0266,-0.2172,0.0839
1568511145331128,加速度计,3.1262,-0.6512,12.7258,,,,,,,
1568511155356336,加速度计,-1.6466,2.4116,4.6166,,,,,,,
1568511155369930,陀螺仪,,,,,,,,0.1775,-0.1101,-0.0815
1568511165383941,加速度计,-8.2618,9.2290,2.9143,,,,,,,
1568511175413524,加速度计,-3.1292,10.2322,8.1942,,,,,,,
1568511175428993,陀螺仪,,,,,,,,0.0281,-0.2466,0.0735
1568511185444566,加速度计,3.4046,0.2969,14.4718,,,,,,,
1568511195476336,加速度计,-2.0387,3.9091,5.3247,,,,,,,
1568511195492430,陀螺仪,,,,,,,,0.1559,-0.1437,-0.0715
1568511205508420,加速度计,-6.8121,9.3577,5.1290,,,,,,,
1568511215548472,陀螺仪,,,,,,,,0.0638,-0.2449,0.0438
1568511215537795,加速度计,-1.9896,6.9929,8.8310,,,,,,,
1568511225558420,加速度计,1.5066,1.9902,11.6723,,,,,,,
1568511235577170,加速度计,-1.8094,4.3934,7.4442,,,,,,,
1568511235586597,陀螺仪,,,,,,,,0.1482,-0.1561,-0.0132
1568511245595920,加速度计,-3.8678,9.5756,5.6515,,,,,,,
1568511255624097,陀螺仪,,,,,,,,0.0977,-0.1736,0.0205
1568511255614670,加速度计,-2.0093,8.2444,8.3647,,,,,,,
1568511265633420,加速度计,-1.3270,5.1014,10.6362,,,,,,,
1568511275661597,陀螺仪,,,,,,,,0.1671,-0.1067,0.0181
1568511275652170,加速度计,-3.3034,6.9504,11.2863,,,,,,,
1568511285671649,加速度计,-5.5252,8.6341,8.3384,,,,,,,
1568511295701076,陀螺仪,,,,,,,,0.2511,-0.1246,0.2483
1568511295694357,加速度计,-1.9046,7.0934,6.9833,,,,,,,
1568511305707691,加速度计,-0.9481,5.5947,6.9456,,,,,,,
1568511315728107,陀螺仪,,,,,,,,0.2660,-0.0727,0.2479
1568511315721180,加速度计,0.7015,6.3428,2.9467,,,,,,,
1568511325735086,加速度计,-3.0879,6.8378,4.4646,,,,,,,
1568511335749409,加速度计,-3.4207,8.4515,2.1440,,,,,,,
1568511335756753,陀螺仪,,,,,,,,0.2128,-0.0350,0.3991
1568511345764305,加速度计,-1.0361,6.7756,3.1879,,,,,,,
1568511355780034,加速度计,-1.5269,6.2608,4.5975,,,,,,,
1568511355788211,陀螺仪,,,,,,,,0.0702,0.0590,0.5144
1568511365796597,加速度计,-0.8900,7.3568,5.3061,,,,,,,
1568511375813993,加速度计,-1.1785,7.6357,8.1702,,,,,,,
1568511375823003,陀螺仪,,,,,,,,0.0001,0.1101,0.5210
1568511385832222,加速度计,-0.9852,6.9570,10.0904,,,,,,,
1568511395861128,陀螺仪,,,,,,,,0.0686,0.1557,0.5569
1568511395851284,加速度计,-3.0023,6.6068,7.8608,,,,,,,
1568511405871180,加速度计,-4.2826,5.8963,6.8193,,,,,,,
1568511415891909,加速度计,-0.4549,6.5763,4.8183,,,,,,,
1568511415902586,陀螺仪,,,,,,,,0.0788,0.0917,0.6091
1568511425913472,加速度计,-1.0900,5.5779,6.0424,,,,,,,
1568511435935711,加速度计,-0.5950,6.2219,7.6435,,,,,,,
1568511435947014,陀螺仪,,,,,,,,0.0794,0.0692,0.5113
1568511445958368,加速度计,-1.7083,7.8847,7.1395,,,,,,,
1568511455981284,加速度计,-2.2565,8.5503,8.0008,,,,,,,
1568511455992795,陀螺仪,,,,,,,,0.0723,0.0111,0.4330
1568511466004201,加速度计,-3.3573,6.5033,8.5928,,,,,,,
1568511476038628,陀螺仪,,,,,,,,0.1184,-0.0487,0.4703
1568511476027118,加速度计,-2.7144,4.8429,7.8225,,,,,,,
1568511486049097,加速度计,-1.8208,4.8321,6.6373,,,,,,,
1568511496069045,加速度计,-2.2182,5.8155,5.3941,,,,,,,
1568511496078680,陀螺仪,,,,,,,,0.1374,-0.1012,0.3928
1568511506088055,加速度计,-2.6671,6.4045,5.8137,,,,,,,
1568511516106805,加速度计,-2.3780,7.1323,7.1844,,,,,,,
1568511516116232,陀螺仪,,,,,,,,0.0975,-0.1866,0.2537
1568511526125555,加速度计,-2.0315,7.2149,8.3534,,,,,,,
1568511536146805,加速度计,-2.6480,6.0154,9.6025,,,,,,,
1568511536170607,陀螺仪,,,,,,,,0.1077,-0.2602,0.1274
1568511546179930,加速度计,-3.0562,5.7545,7.5429,,,,,,,
1568511556173159,加速度计,-2.3068,4.7830,7.0216,,,,,,,
1568511556170086,陀螺仪,,,,,,,,0.1293,-0.2985,0.1905
1568511566167534,加速度计,-2.1380,4.5095,7.4591,,,,,,,
1568511576162899,陀螺仪,,,,,,,,0.1342,-0.2987,0.2637
1568511576163889,加速度计,-1.6658,5.0775,7.6136,,,,,,,
1568511586163055,加速度计,-1.9896,5.2457,8.5653,,,,,,,
1568511596168628,陀螺仪,,,,,,,,0.1530,-0.2882,0.2973
1568511596165868,加速度计,-1.9237,6.6685,8.2079,,,,,,,
1568511606172847,加速度计,-1.6580,6.1310,8.6179,,,,,,,
1568511616191284,陀螺仪,,,,,,,,0.1542,-0.2734,0.2989
1568511616184149,加速度计,-1.3976,5.4432,8.3857,,,,,,,
1568511626218680,加速度计,-0.9810,5.6300,6.8773,,,,,,,
1568511636318264,加速度计,-1.7424,4.7345,7.5711,,,,,,,
1568511645277304,GPS,,,,31.9415,118.7898,0.6400,132.5000,,,
1568511636339826,陀螺仪,,,,,,,,0.1427,-0.2381,0.3491
1568511646351857,加速度计,-1.4551,5.4450,7.1066,,,,,,,
1568511656371649,加速度计,-0.6542,6.2082,7.6369,,,,,,,
1568511656381128,陀螺仪,,,,,,,,0.1316,-0.1790,0.4759
1568511666390451,加速度计,0.6009,6.8959,7.8703,,,,,,,
1568511676409201,加速度计,1.6933,6.9564,8.1912,,,,,,,
1568511676418628,陀螺仪,,,,,,,,0.1077,-0.0699,0.5888
1568511686427951,加速度计,1.6538,6.3165,8.2313,,,,,,,
1568511696446701,加速度计,0.8661,6.2040,8.1313,,,,,,,
1568511696456128,陀螺仪,,,,,,,,0.1057,0.0719,0.7068
1568511706465451,加速度计,0.6554,6.4554,7.2766,,,,,,,
1568511716484201,加速度计,0.6363,5.9544,7.3185,,,,,,,
1568511716493628,陀螺仪,,,,,,,,0.0882,0.1650,0.8502
1568511726502951,加速度计,0.4142,6.3488,7.1461,,,,,,,
1568511736521701,加速度计,1.0139,6.3722,7.2472,,,,,,,
1568511736531128,陀螺仪,,,,,,,,0.0615,0.2176,0.9416
1568511746540451,加速度计,1.7538,6.3351,7.7279,,,,,,,
1568511756559201,加速度计,2.0022,6.9037,7.6273,,,,,,,
1568511756568628,陀螺仪,,,,,,,,0.0463,0.2844,0.9265
1568511766577951,加速度计,1.8783,6.7888,7.8602,,,,,,,
1568511776596701,加速度计,1.1570,6.8510,7.7315,,,,,,,
1568511776606128,陀螺仪,,,,,,,,0.0419,0.3502,0.9069
1568511786615451,加速度计,1.0654,6.8528,7.3682,,,,,,,
1568511796645972,陀螺仪,,,,,,,,0.0369,0.3850,0.9494
1568511796643211,加速度计,1.0546,6.5302,7.3185,,,,,,,
1568511806648836,加速度计,0.9882,6.6116,6.8630,,,,,,,
1568511816655086,加速度计,1.4156,6.5529,6.8325,,,,,,,
1568511816658472,陀螺仪,,,,,,,,0.0280,0.4067,0.9891
1568511826662378,加速度计,1.4287,6.7385,6.8941,,,,,,,
1568511836675972,陀螺仪,,,,,,,,0.0193,0.4069,0.9595
1568511836671128,加速度计,1.3258,7.0336,7.0090,,,,,,,
1568511846681753,加速度计,1.3174,7.0749,7.2802,,,,,,,
1568511856694461,加速度计,1.0708,7.1365,7.1275,,,,,,,
1568511856701389,陀螺仪,,,,,,,,0.0200,0.3804,0.8883
1568511866709461,加速度计,1.0540,6.8935,7.1509,,,,,,,
1568511876726961,加速度计,1.1175,6.7133,6.8510,,,,,,,
1568511876736389,陀螺仪,,,,,,,,0.0252,0.3269,0.7748
1568511886746753,加速度计,1.0666,6.9761,6.4991,,,,,,,
1568511896780139,陀螺仪,,,,,,,,0.0161,0.2561,0.6364
1568511896768628,加速度计,1.0744,7.0509,6.5164,,,,,,,
1568511906792378,加速度计,1.0930,6.9905,6.7756,,,,,,,
1568511916817795,加速度计,1.3174,7.2574,6.8229,,,,,,,
1568511916830972,陀螺仪,,,,,,,,0.0134,0.1948,0.5289
1568511926844670,加速度计,1.4377,7.2251,6.8546,,,,,,,
1568511936872586,加速度计,1.5060,7.1772,6.8235,,,,,,,
1568511936886805,陀螺仪,,,,,,,,0.0162,0.1453,0.4382
1568511946901128,加速度计,1.4886,7.2012,6.6756,,,,,,,
1568511956929878,加速度计,1.5479,7.2868,6.9354,,,,,,,
1568511956944305,陀螺仪,,,,,,,,-0.0134,0.1272,0.3397
1568511966955711,加速度计,1.4718,7.2215,5.8227,,,,,,,
1568511976976545,加速度计,1.3378,7.2359,6.3871,,,,,,,
1568511976985972,陀螺仪,,,,,,,,0.0024,0.0474,0.2406
1568511986995295,加速度计,1.3773,7.3694,6.7229,,,,,,,
1568511997014045,加速度计,1.3007,7.3460,6.8007,,,,,,,
1568511997023472,陀螺仪,,,,,,,,0.0164,-0.0067,0.1507
1568512007032795,加速度计,1.3605,7.4047,6.7618,,,,,,,
1568512017051545,加速度计,1.4192,7.4741,6.5996,,,,,,,
1568512017060972,陀螺仪,,,,,,,,0.0297,-0.0643,0.0479
1568512027070295,加速度计,1.3904,7.4113,6.4596,,,,,,,
1568512037090295,加速度计,1.2929,7.2700,6.4063,,,,,,,
1568512037105191,陀螺仪,,,,,,,,0.0202,-0.1017,-0.0434
1568512047111805,加速度计,1.1456,7.2287,6.4416,,,,,,,
1568512057125139,加速度计,1.1756,7.2107,6.4817,,,,,,,
1568512067138680,加速度计,1.2821,7.2299,6.5835,,,,,,,
1568512057131857,陀螺仪,,,,,,,,0.0101,-0.1156,-0.0896
1568512077152639,加速度计,1.3581,7.3729,6.5727,,,,,,,
1568512077159774,陀螺仪,,,,,,,,0.0083,-0.1262,-0.1166
