timestamp_ns,传感器类型,ax(m/s²),ay(m/s²),az(m/s²),纬度,经度,速度(m/s),航向角(°),gx(rad/s),gy(rad/s),gz(rad/s)
1568222617250543,加速度计,0.4956,2.7940,9.3978,,,,,,,
1568222627269918,加速度计,0.2430,2.7557,9.4601,,,,,,,
1568222637288252,加速度计,0.0772,2.6480,9.5906,,,,,,,
1568222647306585,加速度计,-0.0395,2.6270,9.6438,,,,,,,
1568222657324918,加速度计,-0.0850,2.6630,9.7264,,,,,,,
1568222667343252,加速度计,0.0371,2.6749,9.8360,,,,,,,
1568222679152206,GPS,,,,31.9435,118.7807,0.0000,,,,
1568222677364971,加速度计,0.3633,2.6905,9.9329,,,,,,,
1568222674869293,陀螺仪,,,,,,,,-0.0547,-0.0186,0.0593
1568222687382054,加速度计,0.6686,2.8012,9.9282,,,,,,,
1568222697399137,加速度计,0.8146,2.9149,9.8450,,,,,,,
1568222694904814,陀螺仪,,,,,,,,0.0376,-0.1052,0.0270
1568222707431741,加速度计,0.7733,2.9215,9.6959,,,,,,,
1568222717440231,加速度计,0.7129,2.8904,9.6025,,,,,,,
1568222714940960,陀螺仪,,,,,,,,0.0818,-0.0891,-0.0206
1568222727443096,加速度计,0.6243,2.9311,9.5463,,,,,,,
1568222737447106,加速度计,0.5165,2.9221,9.3871,,,,,,,
1568222734948408,陀螺仪,,,,,,,,0.0712,-0.0341,-0.0362
1568222747452731,加速度计,0.4286,2.9413,9.1997,,,,,,,
1568222757460387,加速度计,0.4836,2.9413,9.1554,,,,,,,
1568222754962731,陀螺仪,,,,,,,,-0.0043,0.0103,-0.0254
1568222767470491,加速度计,0.3106,2.9072,9.1931,,,,,,,
1568222777483096,加速度计,0.2616,2.7318,9.2889,,,,,,,
1568222774986741,陀螺仪,,,,,,,,-0.0735,0.0842,0.0021
1568222787498564,加速度计,0.2759,2.6588,9.4260,,,,,,,
1568222797516950,加速度计,0.2963,2.7019,9.4942,,,,,,,
1568222795022002,陀螺仪,,,,,,,,-0.0631,0.1266,0.0304
1568222807537887,加速度计,0.3926,2.7066,9.4786,,,,,,,
1568222817561325,加速度计,0.4441,2.6893,9.4894,,,,,,,
1568222815067366,陀螺仪,,,,,,,,-0.0117,0.0763,0.0289
1568222827585439,加速度计,0.4334,2.7114,9.5523,,,,,,,
1568222837611689,加速度计,0.3424,2.7031,9.5774,,,,,,,
1568222835118721,陀螺仪,,,,,,,,0.0449,0.0193,0.0100
1568222847639606,加速度计,0.2400,2.6217,9.5972,,,,,,,
1568222857668773,加速度计,0.1640,2.5887,9.5469,,,,,,,
1568222855176325,陀螺仪,,,,,,,,0.0973,0.0760,0.0419
1568222867698773,加速度计,0.0946,2.6342,9.3996,,,,,,,
1568222877728773,加速度计,0.0204,2.6875,9.1638,,,,,,,
1568222875235700,陀螺仪,,,,,,,,0.1075,0.1692,0.1071
1568222887756273,加速度计,-0.0018,2.6564,8.9106,,,,,,,
1568222897775023,加速度计,0.0102,2.6851,8.7909,,,,,,,
1568222895279762,陀螺仪,,,,,,,,0.0486,0.1886,0.1668
1568222907793773,加速度计,0.0814,2.6761,8.7981,,,,,,,
1568222917812523,加速度计,0.1778,2.6552,8.9429,,,,,,,
1568222915317262,陀螺仪,,,,,,,,-0.0121,0.1253,0.1971
1568222927831273,加速度计,0.2693,2.6965,9.1752,,,,,,,
1568222937850023,加速度计,0.2322,2.6420,9.3194,,,,,,,
1568222935354762,陀螺仪,,,,,,,,-0.0077,0.0921,0.2035
1568222947868773,加速度计,0.2640,2.6402,9.4349,,,,,,,
1568222957891533,加速度计,0.2981,2.7198,9.3835,,,,,,,
1568222955394189,陀螺仪,,,,,,,,0.0646,0.1186,0.2257
1568222967901950,加速度计,0.1754,2.7306,9.1632,,,,,,,
1568222975415335,陀螺仪,,,,,,,,0.1290,0.2750,0.2710
1568222977912575,加速度计,0.1413,2.7258,9.1189,,,,,,,
1568222987923825,加速度计,0.1670,2.7785,9.0830,,,,,,,
1568222995439085,陀螺仪,,,,,,,,0.2012,0.3961,0.3390
1568222997935908,加速度计,0.0694,2.8994,8.8436,,,,,,,
1568223007949033,加速度计,0.0455,2.9999,8.5922,,,,,,,
1568223017963408,加速度计,0.3406,2.9377,8.9950,,,,,,,
1568223015467210,陀螺仪,,,,,,,,0.2979,0.5107,0.3728
1568223027979241,加速度计,1.0780,3.1466,8.3181,,,,,,,
1568223035501377,陀螺仪,,,,,,,,0.2443,1.0015,0.2714
1568223037996741,加速度计,0.7997,3.5458,7.1024,,,,,,,
1568223048015700,加速度计,0.0269,3.2986,7.3119,,,,,,,
1568223055541168,陀螺仪,,,,,,,,-0.0611,1.1269,0.2913
1568223058035908,加速度计,0.7991,3.5015,6.2183,,,,,,,
1568223068057366,加速度计,3.7625,4.3000,4.2868,,,,,,,
1568223078079866,加速度计,2.6378,4.8776,6.4332,,,,,,,
1568223075585648,陀螺仪,,,,,,,,-0.4723,0.7975,-0.1547
1568223088103200,加速度计,-1.1821,3.8182,7.8979,,,,,,,
1568223095633252,陀螺仪,,,,,,,,-0.4835,1.0120,-0.0120
1568223098127158,加速度计,-1.6179,2.6205,7.2496,,,,,,,
1568223108151533,加速度计,-0.9134,2.2057,8.7185,,,,,,,
1568223118176116,加速度计,-0.6512,2.5905,10.1574,,,,,,,
1568223115682314,陀螺仪,,,,,,,,-0.3286,0.8458,0.1916
1568223128200700,加速度计,-1.0313,3.1729,10.9648,,,,,,,
1568223135728668,陀螺仪,,,,,,,,0.1415,0.3804,0.1531
1568223138223408,加速度计,-1.4281,3.5620,11.1983,,,,,,,
1568223148243200,加速度计,-1.2450,3.8367,11.0816,,,,,,,
1568223155766689,陀螺仪,,,,,,,,0.5972,-0.4429,0.1927
1568223158261950,加速度计,-1.0199,3.6392,10.8374,,,,,,,
1568223168280491,加速度计,-0.2927,3.9253,10.3807,,,,,,,
1568223175803460,陀螺仪,,,,,,,,0.9559,-1.2944,0.1481
1568223178298825,加速度计,-0.9080,3.1681,9.4230,,,,,,,
1568223188317158,加速度计,-0.4687,2.7677,7.8757,,,,,,,
1568223195841064,陀螺仪,,,,,,,,0.8904,-1.8095,0.1469
1568223198336116,加速度计,-1.4359,3.0299,7.0312,,,,,,,
1568223208355596,加速度计,-2.1476,3.5991,8.1373,,,,,,,
1568223218373512,加速度计,-0.3358,3.9690,9.8162,,,,,,,
1568223215878043,陀螺仪,,,,,,,,0.8226,-1.6103,0.4040
1568223233931008,GPS,,,,31.9435,118.7807,0.0000,0.0000,,,
1568223228391429,加速度计,0.8182,4.4047,10.5105,,,,,,,
1568223238409346,加速度计,0.7464,4.6250,10.7727,,,,,,,
1568223235913877,陀螺仪,,,,,,,,1.1882,-1.8051,0.2772
1568223248427262,加速度计,1.1169,4.8955,10.1807,,,,,,,
1568223255949710,陀螺仪,,,,,,,,1.6232,-2.2978,0.0879
1568223258445179,加速度计,0.8487,4.7411,9.5409,,,,,,,
1568223268463096,加速度计,0.6883,4.7698,8.9286,,,,,,,
1568223275985543,陀螺仪,,,,,,,,1.8054,-2.7344,-0.0109
1568223278481012,加速度计,1.0469,4.8088,7.9990,,,,,,,
1568223288498929,加速度计,0.2077,5.6306,8.8568,,,,,,,
1568223296021377,陀螺仪,,,,,,,,2.0773,-2.7781,0.0024
1568223298516846,加速度计,-0.1353,9.2787,5.3522,,,,,,,
1568223308534762,加速度计,0.9331,8.0242,5.5252,,,,,,,
1568223316057210,陀螺仪,,,,,,,,2.1721,-0.9822,-0.1301
1568223318552679,加速度计,0.7739,6.4751,4.8153,,,,,,,
1568223328570596,加速度计,0.8386,5.9286,4.1366,,,,,,,
1568223336093408,陀螺仪,,,,,,,,1.5718,1.0818,-0.1811
1568223338588773,加速度计,0.6470,5.7970,4.5580,,,,,,,
1568223348607366,加速度计,0.8853,5.7922,5.1619,,,,,,,
1568223356131221,陀螺仪,,,,,,,,0.9956,2.6811,-0.3100
1568223358626377,加速度计,0.7901,5.6084,6.4560,,,,,,,
1568223368645543,加速度计,1.0959,5.6342,7.8739,,,,,,,
1568223376169554,陀螺仪,,,,,,,,1.1513,3.0997,-0.6883
1568223378664710,加速度计,1.4826,6.2782,8.3617,,,,,,,
1568223388683877,加速度计,0.9188,6.6756,9.0740,,,,,,,
1568223396207887,陀螺仪,,,,,,,,2.0259,2.3407,-1.0689
1568223398703043,加速度计,0.3615,7.0138,9.3248,,,,,,,
1568223408722210,加速度计,0.1197,6.8738,9.1093,,,,,,,
1568223416246221,陀螺仪,,,,,,,,2.8743,0.8413,-0.9468
1568223418741377,加速度计,0.1149,6.2920,8.2211,,,,,,,
1568223428760543,加速度计,0.1951,5.7982,7.2526,,,,,,,
1568223436284554,陀螺仪,,,,,,,,3.0913,0.3089,-0.7308
1568223438779710,加速度计,0.3843,5.6695,6.4536,,,,,,,
1568223448802002,加速度计,0.1796,5.8586,5.8975,,,,,,,
1568223456329710,陀螺仪,,,,,,,,2.7107,0.7153,-0.5980
1568223458827054,加速度计,0.0401,6.2962,5.6617,,,,,,,
1568223468837471,加速度计,0.0042,6.7935,5.9233,,,,,,,
1568223478848148,加速度计,0.3693,7.2209,6.5320,,,,,,,
1568223476350908,陀螺仪,,,,,,,,2.1485,1.2864,-0.4068
1568223488859502,加速度计,0.4178,7.4945,7.2712,,,,,,,
1568223498871689,加速度计,-0.0138,7.6303,7.8691,,,,,,,
1568223496374866,陀螺仪,,,,,,,,1.7607,1.5610,-0.2615
1568223508884971,加速度计,-0.4896,7.6046,7.9865,,,,,,,
1568223518899502,加速度计,-0.8152,7.4136,7.7776,,,,,,,
1568223516403304,陀螺仪,,,,,,,,1.5237,0.9466,-0.0912
1568223528915543,加速度计,-0.6105,6.9755,7.4136,,,,,,,
1568223536437887,陀螺仪,,,,,,,,1.1900,0.3875,-0.0225
1568223538933252,加速度计,-0.2951,6.7469,7.2239,,,,,,,
1568223548952366,加速度计,-0.2322,6.8432,6.9372,,,,,,,
1568223556477991,陀螺仪,,,,,,,,0.8354,0.3450,-0.1366
1568223558972731,加速度计,-0.3388,7.0539,6.8301,,,,,,,
1568223568994346,加速度计,-0.3579,7.3484,6.9300,,,,,,,
1568223576523096,陀螺仪,,,,,,,,0.6992,0.4117,-0.2555
1568223579017210,加速度计,0.0425,7.8584,7.3849,,,,,,,
1568223589041064,加速度计,0.4238,8.5485,7.7321,,,,,,,
1568223596571689,陀螺仪,,,,,,,,0.9056,0.3336,-0.4473
1568223599065491,加速度计,-0.1891,8.8286,7.5597,,,,,,,
1568223609090335,加速度计,-0.6381,8.9842,7.0222,,,,,,,
1568223619115335,加速度计,-0.6381,9.1225,6.4242,,,,,,,
1568223616621637,陀螺仪,,,,,,,,1.1127,-0.1558,-0.2932
1568223629140335,加速度计,-0.5441,9.0800,5.7144,,,,,,,
1568223639161429,加速度计,-0.8027,8.7670,5.0392,,,,,,,
1568223636666168,陀螺仪,,,,,,,,1.0701,-0.1936,0.0587
1568223649180179,加速度计,-1.1612,8.5317,4.8064,,,,,,,
1568223656703668,陀螺仪,,,,,,,,0.7490,0.1722,0.4802
1568223659198929,加速度计,-0.9798,8.3157,4.9722,,,,,,,
1568223669217679,加速度计,-0.7697,8.1660,5.2158,,,,,,,
1568223676741168,陀螺仪,,,,,,,,0.3028,0.6374,0.6204
1568223679236429,加速度计,-0.7314,8.1074,5.7581,,,,,,,
1568223689255179,加速度计,-0.6835,8.3276,6.0986,,,,,,,
1568223699275752,加速度计,-0.4244,8.3995,6.5044,,,,,,,
1568223696783043,陀螺仪,,,,,,,,-0.0712,0.6220,0.4463
1568223709295543,加速度计,-0.3519,8.2426,6.6230,,,,,,,
1568223719307210,加速度计,-0.4399,8.0122,6.5440,,,,,,,
1568223716810179,陀螺仪,,,,,,,,-0.2626,0.4033,0.1782
1568223729319137,加速度计,-0.9846,7.9775,6.4069,,,,,,,
1568223736834658,陀螺仪,,,,,,,,-0.3044,0.0539,-0.0021
1568223739331481,加速度计,-0.7841,7.8338,6.2620,,,,,,,
1568223749344502,加速度计,-0.8404,7.9853,5.8317,,,,,,,
1568223756861950,陀螺仪,,,,,,,,-0.4342,-0.4987,-0.1065
1568223759358356,加速度计,-1.2516,8.8214,7.6698,,,,,,,
1568223769373304,加速度计,0.1556,7.9476,5.5061,,,,,,,
1568223779389502,加速度计,-1.5724,9.1357,6.4727,,,,,,,
1568223776893721,陀螺仪,,,,,,,,-0.3196,-0.5760,-0.3081
1568223789406950,加速度计,0.3843,9.3410,6.2010,,,,,,,
1568223799425648,加速度计,-0.2215,10.4884,7.5818,,,,,,,
1568223796930491,陀螺仪,,,,,,,,0.0052,-0.7954,-0.3111
1568223809445596,加速度计,-0.3519,10.0850,6.9923,,,,,,,
1568223816972262,陀螺仪,,,,,,,,0.4651,-1.2465,-0.2368
1568223819466793,加速度计,-0.6548,9.0423,6.4512,,,,,,,
1568223829488981,加速度计,-0.8625,8.2384,5.3546,,,,,,,
1568223839512002,加速度计,-0.9391,7.9954,4.3515,,,,,,,
1568223837017887,陀螺仪,,,,,,,,0.5525,-1.1771,-0.2028
1568223849535596,加速度计,-1.2582,8.1056,3.7332,,,,,,,
1568223859559606,加速度计,-1.9507,8.2594,3.4405,,,,,,,
1568223857065700,陀螺仪,,,,,,,,0.3028,-0.5631,-0.1350
1568223869583773,加速度计,-1.8926,8.6335,3.7535,,,,,,,
1568223879607939,加速度计,-1.1390,8.6766,4.1851,,,,,,,
1568223877114033,陀螺仪,,,,,,,,0.0855,-0.0961,-0.0712
1568223889629762,加速度计,-0.8356,8.4126,5.7401,,,,,,,
1568223897153877,陀螺仪,,,,,,,,0.1868,-0.1931,-0.0529
1568223899649137,加速度计,-0.1580,9.4278,6.3638,,,,,,,
1568223909667887,加速度计,0.3496,9.5672,6.3979,,,,,,,
1568223919686637,加速度计,-0.3531,9.0489,5.4947,,,,,,,
1568223917191377,陀螺仪,,,,,,,,0.4385,-0.2392,-0.1838
1568223929705387,加速度计,-1.3396,8.6556,4.7734,,,,,,,
1568223937228877,陀螺仪,,,,,,,,0.4811,-0.1503,-0.1895
1568223939724137,加速度计,-1.6388,8.5036,4.1162,,,,,,,
1568223949743408,加速度计,-1.9932,8.5341,3.7266,,,,,,,
1568223957266429,陀螺仪,,,,,,,,0.3670,-0.0176,-0.2599
1568223959762002,加速度计,-2.0303,8.6808,3.7804,,,,,,,
1568223969779502,加速度计,-2.1237,8.5808,3.9139,,,,,,,
1568223979797002,加速度计,-1.9842,13.7613,1.7573,,,,,,,
1568223977301429,陀螺仪,,,,,,,,0.2972,-0.1694,-0.0008
1568223989814502,加速度计,-0.0257,9.0190,3.2232,,,,,,,
1568223997336429,陀螺仪,,,,,,,,0.2621,0.1146,0.2063
1568223999832002,加速度计,-1.5754,7.9589,5.1296,,,,,,,
1568224009849502,加速度计,-1.6783,10.9654,3.2890,,,,,,,
1568224017371429,陀螺仪,,,,,,,,0.3316,-0.0848,0.2694
1568224019867002,加速度计,-1.0714,9.3027,4.7238,,,,,,,
1568224029884502,加速度计,-0.3077,8.8735,2.7635,,,,,,,
1568224037406846,陀螺仪,,,,,,,,0.1940,0.2967,0.2166
1568224039902314,加速度计,-0.8194,8.8322,3.7631,,,,,,,
1568224049920543,加速度计,-0.1975,8.7173,3.9857,,,,,,,
1568224057443929,陀螺仪,,,,,,,,0.1482,0.4803,0.1647
1568224059939189,加速度计,0.6883,8.6161,5.1936,,,,,,,
1568224069958252,加速度计,0.6189,8.4186,5.3175,,,,,,,
1568224079977418,加速度计,-0.1909,8.9705,4.9225,,,,,,,
1568224077482262,陀螺仪,,,,,,,,0.4354,0.1338,-0.0111
1568224089996585,加速度计,0.6476,8.9609,2.8222,,,,,,,
1568224097520596,陀螺仪,,,,,,,,0.8625,0.5808,-0.2008
1568224100015752,加速度计,0.5776,7.7015,2.0578,,,,,,,
1568224110034918,加速度计,-0.6237,7.1724,1.4664,,,,,,,
1568224117558929,陀螺仪,,,,,,,,1.5075,1.4931,-0.4863
1568224120054085,加速度计,-0.9816,7.7273,2.2883,,,,,,,
1568224130073252,加速度计,-0.3591,8.2600,3.2783,,,,,,,
1568224137597262,陀螺仪,,,,,,,,1.4952,2.6433,-0.5189
1568224140092418,加速度计,-0.7979,13.3764,-10.0934,,,,,,,
1568224150111585,加速度计,-4.4730,11.0792,17.3873,,,,,,,
1568224157635596,陀螺仪,,,,,,,,-0.8693,2.1299,0.4786
1568224160130752,加速度计,1.0750,8.6024,9.0357,,,,,,,
1568224170149918,加速度计,-2.1638,8.6921,8.7095,,,,,,,
1568224177673929,陀螺仪,,,,,,,,0.7792,-2.1216,0.1597
1568224180169085,加速度计,-1.8543,8.6766,5.0781,,,,,,,
1568224190188252,加速度计,-0.8799,7.9900,-3.9636,,,,,,,
1568224200210856,加速度计,0.0928,5.7652,3.2070,,,,,,,
1568224197725231,陀螺仪,,,,,,,,-0.3052,-0.1317,0.1546
1568224210233304,加速度计,1.2821,5.7940,0.1101,,,,,,,
1568224220244137,加速度计,-1.6281,6.0849,8.3204,,,,,,,
1568224217746898,陀螺仪,,,,,,,,-0.4225,0.6332,0.0565
1568224230255283,加速度计,2.9928,5.7509,5.4510,,,,,,,
1568224240267158,加速度计,0.3190,6.8271,5.3325,,,,,,,
1568224237770231,陀螺仪,,,,,,,,-0.3370,-0.4184,-0.4475
1568224250279866,加速度计,1.9100,9.4876,3.6494,,,,,,,
1568224257797314,陀螺仪,,,,,,,,-0.3373,-0.7322,-0.2783
1568224260293721,加速度计,-0.0868,7.3891,6.0747,,,,,,,
1568224270308825,加速度计,-1.6837,7.8673,0.4172,,,,,,,
1568224277829398,陀螺仪,,,,,,,,-0.4178,0.1092,-0.4101
1568224280325179,加速度计,-2.5313,10.1382,2.5193,,,,,,,
1568224290342783,加速度计,-1.9166,9.1411,3.7194,,,,,,,
1568224297866481,陀螺仪,,,,,,,,-0.4952,-0.1019,-0.2859
1568224300361637,加速度计,-2.4588,10.8721,2.6420,,,,,,,
1568224310381741,加速度计,-2.4678,10.6973,3.2214,,,,,,,
1568224317924189,陀螺仪,,,,,,,,-0.4888,0.0240,-0.0756
1568224320414658,加速度计,-2.0830,10.3908,3.4901,,,,,,,
1568224330449866,加速度计,-2.7695,8.6957,4.6807,,,,,,,
1568224337980231,陀螺仪,,,,,,,,-0.3968,0.1041,0.0889
1568224340475491,加速度计,-1.4407,8.7221,5.0649,,,,,,,
1568224350494241,加速度计,-0.8266,9.0154,5.0996,,,,,,,
1568224360512991,加速度计,-1.5425,9.1614,4.2808,,,,,,,
1568224358017731,陀螺仪,,,,,,,,-0.2507,0.0700,0.0893
1568224370531741,加速度计,-2.1530,9.7426,3.4381,,,,,,,
1568224380550491,加速度计,-2.1075,10.1460,2.8497,,,,,,,
1568224378055231,陀螺仪,,,,,,,,-0.2486,0.1579,0.2501
1568224390569241,加速度计,-5.9233,6.6026,0.1790,,,,,,,
1568224398092731,陀螺仪,,,,,,,,-0.5209,0.4121,0.6906
1568224400587991,加速度计,0.4932,8.9136,5.1032,,,,,,,
1568224410606741,加速度计,-3.3710,8.1439,2.5253,,,,,,,
1568224420625491,加速度计,-2.1853,7.2652,3.4746,,,,,,,
1568224418130231,陀螺仪,,,,,,,,-0.6947,0.3911,0.9063
1568224430644241,加速度计,-0.8428,7.2173,4.3844,,,,,,,
1568224438167731,陀螺仪,,,,,,,,-0.7521,0.2734,0.9185
1568224440662991,加速度计,0.9146,7.1575,5.8664,,,,,,,
1568224450684033,加速度计,1.2067,7.1928,6.2752,,,,,,,
1568224458205491,陀螺仪,,,,,,,,-0.5510,0.2212,0.6262
1568224460702523,加速度计,-1.0349,12.8790,4.3568,,,,,,,
1568224470714189,加速度计,-0.2065,15.9041,5.0087,,,,,,,
1568224478229241,陀螺仪,,,,,,,,-0.2518,0.1031,0.3834
1568224480726168,加速度计,1.1851,11.2174,6.0561,,,,,,,
1568224490738564,加速度计,0.8254,9.0004,5.1601,,,,,,,
1568224498255075,陀螺仪,,,,,,,,-0.0831,0.0475,0.1321
1568224500751689,加速度计,0.1796,8.6850,4.5610,,,,,,,
1568224510765960,加速度计,-0.0030,8.4964,4.0983,,,,,,,
1568224520781481,加速度计,-0.2670,8.5641,3.9468,,,,,,,
1568224518285491,陀螺仪,,,,,,,,-0.1358,0.0438,0.0393
1568224530798252,加速度计,-0.7733,8.4659,3.6817,,,,,,,
1568224538320908,陀螺仪,,,,,,,,-0.2605,0.0465,0.0401
1568224540816273,加速度计,-0.7141,8.1810,3.4524,,,,,,,
1568224550835543,加速度计,-0.2490,7.7081,2.9281,,,,,,,
1568224558361325,陀螺仪,,,,,,,,-0.5436,0.0607,0.0537
1568224560856064,加速度计,-1.3767,7.3873,2.3014,,,,,,,
1568224570877523,加速度计,0.4453,6.2584,2.9748,,,,,,,
1568224580899814,加速度计,-0.6919,5.8095,2.9604,,,,,,,
1568224578405491,陀螺仪,,,,,,,,-0.8788,0.0948,0.0387
1568224590922939,加速度计,-0.1347,6.8103,4.1330,,,,,,,
1568224600946585,加速度计,-0.6129,8.4042,3.6901,,,,,,,
1568224598452575,陀螺仪,,,,,,,,-1.1366,0.1051,-0.0304
1568224610970648,加速度计,-1.4443,7.1245,3.1903,,,,,,,
1568224618500908,陀螺仪,,,,,,,,-1.4008,0.0726,-0.0073
1568224620994814,加速度计,-0.6237,4.2695,4.4754,,,,,,,
1568224631018981,加速度计,-1.0283,4.8961,4.8088,,,,,,,
1568224638543825,陀螺仪,,,,,,,,-1.5814,0.0233,-0.0549
1568224641039085,加速度计,-0.7925,3.6577,5.2517,,,,,,,
1568224651057835,加速度计,0.6650,2.5438,4.6549,,,,,,,
1568224658581325,陀螺仪,,,,,,,,-1.8157,0.0358,-0.4120
1568224661076585,加速度计,2.1093,1.2438,6.2872,,,,,,,
1568224671095335,加速度计,0.4585,8.6389,6.3817,,,,,,,
1568224678618825,陀螺仪,,,,,,,,-1.8040,-0.1382,-0.5192
1568224681114085,加速度计,-2.2835,18.9351,6.0992,,,,,,,
1568224691132835,加速度计,-1.6634,14.5472,6.9115,,,,,,,
1568224701152835,加速度计,-0.9870,7.6172,9.7665,,,,,,,
1568224698658460,陀螺仪,,,,,,,,-1.4831,-0.1380,-0.3111
1568224711170908,加速度计,-0.6710,4.9746,10.0401,,,,,,,
1568224721187575,加速度计,-0.0826,4.5095,10.2280,,,,,,,
1568224718691793,陀螺仪,,,,,,,,-1.0152,-0.0957,-0.3828
1568224731204241,加速度计,-0.6351,3.3112,10.0281,,,,,,,
1568224741220908,加速度计,-1.9345,9.2775,8.3911,,,,,,,
1568224738725127,陀螺仪,,,,,,,,-0.5899,-0.0505,-0.4393
1568224751237575,加速度计,-1.7986,18.4204,6.8468,,,,,,,
1568224761254606,加速度计,-3.9313,13.2627,7.4400,,,,,,,
1568224758758981,陀螺仪,,,,,,,,-0.3575,0.0025,-0.1091
1568224771272054,加速度计,-1.7514,7.9063,8.6616,,,,,,,
1568224781289918,加速度计,-1.3102,6.5044,8.6383,,,,,,,
1568224778794502,陀螺仪,,,,,,,,-0.1244,-0.0103,0.1052
1568224791308200,加速度计,-1.2216,6.1327,7.8781,,,,,,,
1568224801326898,加速度计,-1.3617,6.5170,7.0210,,,,,,,
1568224798831689,陀螺仪,,,,,,,,0.0691,0.0083,0.1756
1568224811346012,加速度计,-0.9972,6.5864,6.7319,,,,,,,
1568224821365543,加速度计,-1.0840,7.0779,6.3333,,,,,,,
1568224818870543,陀螺仪,,,,,,,,0.1031,0.0503,0.2253
1568224831385491,加速度计,-1.4216,6.9354,6.1238,,,,,,,
1568224841405491,加速度计,-1.3467,6.8217,6.5841,,,,,,,
1568224838910543,陀螺仪,,,,,,,,0.0559,0.0378,0.2876
1568224851425491,加速度计,-0.8835,6.4524,6.2124,,,,,,,
1568224861445491,加速度计,-0.0814,5.5785,5.3774,,,,,,,
1568224858950543,陀螺仪,,,,,,,,0.0056,-0.0008,0.3041
1568224871465491,加速度计,-0.8434,3.9444,7.3861,,,,,,,
1568224881485491,加速度计,-1.7549,3.8409,7.8278,,,,,,,
1568224878990543,陀螺仪,,,,,,,,0.0253,0.0534,0.3091
1568224891505491,加速度计,-1.5389,3.3609,7.7746,,,,,,,
1568224901525491,加速度计,-0.2233,7.6351,7.3861,,,,,,,
1568224899030543,陀螺仪,,,,,,,,0.1615,0.0045,0.4278
1568224911545491,加速度计,0.5148,19.9700,3.3495,,,,,,,
1568224921565127,加速度计,1.4102,13.3279,5.6365,,,,,,,
1568224919070023,陀螺仪,,,,,,,,0.0561,-0.0832,0.2732
1568224931584346,加速度计,0.5195,7.6178,6.5134,,,,,,,
1568224941603148,加速度计,0.4435,7.0174,5.6928,,,,,,,
1568224939108460,陀螺仪,,,,,,,,-0.0032,-0.0161,0.0478
1568224951629346,加速度计,-0.1634,6.8839,6.9977,,,,,,,
1568224961642262,加速度计,-0.7446,7.1670,6.8899,,,,,,,
1568224959143512,陀螺仪,,,,,,,,-0.0178,-0.0210,-0.0491
1568224971647210,加速度计,-0.4555,7.3424,6.9941,,,,,,,
1568224981652939,加速度计,-0.3077,7.1473,7.4873,,,,,,,
1568224979154606,陀螺仪,,,,,,,,0.0593,0.0093,-0.0599
1568224991659866,加速度计,-1.5137,6.8283,7.9224,,,,,,,
1568225001668408,加速度计,-1.1552,6.6272,7.4232,,,,,,,
1568224999170908,陀螺仪,,,,,,,,0.1851,0.0249,-0.0005
1568225011678981,加速度计,-0.2921,7.2024,7.2682,,,,,,,
1568225021692002,加速度计,-0.0874,7.3562,6.9989,,,,,,,
1568225019196846,陀螺仪,,,,,,,,0.2917,-0.0334,-0.0052
1568225031736012,加速度计,0.5962,6.9049,6.9534,,,,,,,
1568225041791012,加速度计,0.6207,6.7918,6.6756,,,,,,,
1568225039295752,陀螺仪,,,,,,,,0.3418,-0.0571,-0.1633
1568225051809762,加速度计,-1.3946,8.5030,6.5547,,,,,,,
1568225061828512,加速度计,-1.4563,8.3270,5.3570,,,,,,,
1568225059333252,陀螺仪,,,,,,,,0.3406,-0.0743,-0.1844
1568225071847262,加速度计,-0.3172,7.7315,5.5228,,,,,,,
1568225081866012,加速度计,-0.8404,7.6279,5.7353,,,,,,,
1568225079370752,陀螺仪,,,,,,,,0.2240,-0.0939,-0.1684
1568225091884762,加速度计,-1.2707,7.6836,5.1547,,,,,,,
1568225099408252,陀螺仪,,,,,,,,0.0080,-0.0033,-0.1025
1568225101903512,加速度计,-1.7274,7.6686,4.0528,,,,,,,
1568225111922262,加速度计,-0.8643,7.4442,5.9298,,,,,,,
1568225119445752,陀螺仪,,,,,,,,-0.1479,0.0431,-0.0437
1568225121941012,加速度计,-0.5183,6.9204,5.6174,,,,,,,
1568225131959762,加速度计,-0.8332,6.6559,4.7279,,,,,,,
1568225139483252,陀螺仪,,,,,,,,-0.3684,0.2088,-0.0312
1568225141978512,加速度计,-1.5760,4.9716,3.8786,,,,,,,
1568225151997262,加速度计,-2.0740,3.7781,4.2377,,,,,,,
1568225159520752,陀螺仪,,,,,,,,-0.7071,0.1365,0.1241
1568225162016012,加速度计,-1.4784,3.5362,5.0637,,,,,,,
1568225172034762,加速度计,0.2861,2.3373,5.6611,,,,,,,
1568225182053512,加速度计,-0.4094,-1.4174,6.0430,,,,,,,
1568225179558252,陀螺仪,,,,,,,,-0.9293,-0.0213,0.0411
1568225192072262,加速度计,5.2684,30.5716,-1.6215,,,,,,,
1568225202096793,加速度计,-5.6665,7.2502,11.1971,,,,,,,
1568225199600387,陀螺仪,,,,,,,,-1.2781,-0.1112,-0.2059
1568225212110960,加速度计,-1.3587,6.9456,16.9797,,,,,,,
1568225222125127,加速度计,-0.6183,6.6906,12.6695,,,,,,,
1568225219628721,陀螺仪,,,,,,,,-0.5759,-0.2310,0.0302
1568225232139293,加速度计,-0.4687,6.5200,8.2175,,,,,,,
1568225242153877,加速度计,-0.6231,6.9983,7.3987,,,,,,,
1568225239657679,陀螺仪,,,,,,,,-0.0127,-0.0503,0.0280
1568225252168877,加速度计,-0.5279,7.2281,6.7415,,,,,,,
1568225262184710,加速度计,-0.6105,6.8516,6.8199,,,,,,,
1568225259688929,陀螺仪,,,,,,,,0.0305,-0.0186,0.0136
1568225272201377,加速度计,-0.4465,6.7044,6.8863,,,,,,,
1568225282218877,加速度计,-0.1969,6.4721,7.3035,,,,,,,
1568225279723512,陀螺仪,,,,,,,,0.0563,0.0470,-0.0164
1568225292237210,加速度计,-0.1957,7.3125,6.5757,,,,,,,
1568225302256377,加速度计,-0.4806,7.0168,6.6379,,,,,,,
1568225299761429,陀螺仪,,,,,,,,-0.0031,0.0024,-0.0378
1568225312276377,加速度计,-0.5914,6.9055,6.7127,,,,,,,
1568225322297210,加速度计,-0.4357,6.7080,7.0898,,,,,,,
1568225319802575,陀螺仪,,,,,,,,-0.0313,-0.0582,-0.0401
1568225332318460,加速度计,-0.3478,6.8809,7.2538,,,,,,,
1568225342340127,加速度计,-0.3992,7.3502,6.8319,,,,,,,
1568225339845700,陀螺仪,,,,,,,,0.0117,-0.0610,-0.0694
1568225352362210,加速度计,-0.7153,7.1383,6.9366,,,,,,,
1568225362384293,加速度计,-0.7428,7.0970,6.7199,,,,,,,
1568225359889866,陀螺仪,,,,,,,,0.0229,-0.0473,-0.1024
1568225372406377,加速度计,-0.5148,6.8546,6.8738,,,,,,,
1568225382428460,加速度计,-0.4268,7.1239,6.8277,,,,,,,
1568225379933721,陀螺仪,,,,,,,,0.0314,-0.0527,-0.1441
1568225392449293,加速度计,-0.6069,7.3227,6.7355,,,,,,,
1568225402468043,加速度计,-0.7320,7.1431,6.8588,,,,,,,
1568225399972783,陀螺仪,,,,,,,,0.0489,-0.0332,-0.1755
1568225412486793,加速度计,-0.8284,7.1527,6.7307,,,,,,,
1568225422505543,加速度计,-0.6680,7.0982,6.6930,,,,,,,
1568225420010283,陀螺仪,,,,,,,,0.0422,-0.0214,-0.1783
1568225432524293,加速度计,-0.5525,7.2065,6.5086,,,,,,,
1568225442543043,加速度计,-0.4501,7.2616,6.6852,,,,,,,
1568225440048096,陀螺仪,,,,,,,,0.0314,-0.0364,-0.1953
1568225452564085,加速度计,-0.4184,7.3041,6.6978,,,,,,,
1568225462581168,加速度计,-0.8045,7.3717,6.8654,,,,,,,
1568225460085491,陀螺仪,,,,,,,,0.0318,-0.0879,-0.2286
1568225472598252,加速度计,-0.3178,7.2042,7.2383,,,,,,,
1568225482615335,加速度计,-0.9152,7.1832,8.8897,,,,,,,
1568225480119658,陀螺仪,,,,,,,,0.1403,-0.1228,-0.2573
1568225492632418,加速度计,-1.2671,6.9623,9.0692,,,,,,,
1568225502649502,加速度计,-2.4840,6.9941,7.9499,,,,,,,
1568225500153825,陀螺仪,,,,,,,,0.4274,0.0065,-0.1860
1568225512666585,加速度计,-1.9728,7.0844,2.6809,,,,,,,
1568225522684085,加速度计,2.5319,7.1563,-8.8861,,,,,,,
1568225520188616,陀螺仪,,,,,,,,-0.2719,-0.0828,-0.1380
1568225532702002,加速度计,-2.7869,7.0312,23.3297,,,,,,,
1568225542720335,加速度计,0.9708,5.5534,1.2139,,,,,,,
1568225540225075,陀螺仪,,,,,,,,-0.2433,-0.1276,-0.2129
1568225552739085,加速度计,-1.0546,6.7331,14.6747,,,,,,,
1568225562775179,加速度计,-1.3749,7.1216,1.7717,,,,,,,
1568225560278460,陀螺仪,,,,,,,,-0.0812,-0.1172,-0.1629
1568225572788096,加速度计,-0.8673,6.7714,6.4057,,,,,,,
1568225582801012,加速度计,-0.7219,6.7199,7.8254,,,,,,,
1568225580304398,陀螺仪,,,,,,,,0.0048,-0.0309,-0.1144
1568225592814346,加速度计,-0.8404,6.2423,8.1720,,,,,,,
1568225602828096,加速度计,-1.0295,6.8169,6.9725,,,,,,,
1568225600331793,陀螺仪,,,,,,,,0.0069,-0.0132,-0.0850
1568225612842679,加速度计,-1.3024,6.7193,7.2688,,,,,,,
1568225622865700,加速度计,-1.3521,7.1527,6.7624,,,,,,,
1568225620374606,陀螺仪,,,,,,,,0.0039,-0.0031,-0.0534
1568225632901116,加速度计,-1.3048,6.7672,7.0354,,,,,,,
1568225642919866,加速度计,-1.1564,6.7828,7.0126,,,,,,,
1568225640424606,陀螺仪,,,,,,,,0.0020,0.0069,-0.0253
1568225652938616,加速度计,-1.0930,7.0509,6.7205,,,,,,,
1568225662957366,加速度计,-1.1444,7.0731,6.7804,,,,,,,
1568225660462106,陀螺仪,,,,,,,,0.0043,0.0180,-0.0081
1568225672976116,加速度计,-1.1959,7.3400,6.5050,,,,,,,
1568225682994866,加速度计,-1.2109,7.1311,6.7325,,,,,,,
1568225680499606,陀螺仪,,,,,,,,0.0016,0.0189,0.0065
1568225693013616,加速度计,-1.1073,7.3670,6.4661,,,,,,,
1568225703032366,加速度计,-0.9697,7.4118,6.3955,,,,,,,
1568225700537106,陀螺仪,,,,,,,,0.0008,0.0186,0.0174
1568225713051116,加速度计,-0.8739,7.4478,6.3566,,,,,,,
1568225723069866,加速度计,-0.9038,7.4238,6.4386,,,,,,,
1568225720574606,陀螺仪,,,,,,,,-0.0045,0.0186,0.0116
1568225733088616,加速度计,-1.0289,7.2915,6.6188,,,,,,,
1568225743107366,加速度计,-1.0445,7.4274,6.4506,,,,,,,
1568225740612106,陀螺仪,,,,,,,,-0.0031,0.0176,0.0148
1568225753126116,加速度计,-1.0163,7.3394,6.5320,,,,,,,
1568225763144866,加速度计,-0.9134,7.3185,6.4596,,,,,,,
1568225760649606,陀螺仪,,,,,,,,-0.0056,0.0117,0.0192
1568225773163616,加速度计,-0.8571,7.2371,6.6421,,,,,,,
1568225783182366,加速度计,-0.9571,7.1838,6.6930,,,,,,,
1568225780687106,陀螺仪,,,,,,,,-0.0065,0.0032,0.0019
1568225793201116,加速度计,-1.2085,7.1862,6.6936,,,,,,,
1568225803219866,加速度计,-1.7544,6.7319,7.0832,,,,,,,
1568225800725752,陀螺仪,,,,,,,,-0.0047,-0.0075,-0.0019
1568225813252523,加速度计,-1.9866,7.0545,6.7780,,,,,,,
1568225823258356,加速度计,-0.8697,6.7271,7.1826,,,,,,,
1568225820759971,陀螺仪,,,,,,,,-0.0007,-0.0100,0.0316
1568225833264606,加速度计,-0.6476,6.6301,6.8738,,,,,,,
1568225843271689,加速度计,-0.6680,6.9121,6.8648,,,,,,,
1568225840773825,陀螺仪,,,,,,,,0.0000,-0.0052,-0.0162
1568225853280023,加速度计,-1.6807,6.8061,7.2712,,,,,,,
1568225863290023,加速度计,-1.8118,6.9827,6.9947,,,,,,,
1568225860793096,陀螺仪,,,,,,,,-0.0099,-0.0395,-0.0120
1568225873302106,加速度计,-0.7865,6.4691,7.5788,,,,,,,
1568225883316273,加速度计,-0.4441,6.8157,6.7163,,,,,,,
1568225880820387,陀螺仪,,,,,,,,-0.0032,-0.0640,-0.0325
1568225893332523,加速度计,-0.6734,6.9689,6.4338,,,,,,,
1568225903350856,加速度计,-1.2540,7.0593,6.7929,,,,,,,
1568225900856012,陀螺仪,,,,,,,,-0.0119,-0.0670,-0.0723
1568225913371273,加速度计,-1.3856,7.3753,6.7864,,,,,,,
1568225923393773,加速度计,-1.4048,7.0994,7.1293,,,,,,,
1568225920899866,陀螺仪,,,,,,,,-0.0089,-0.0542,-0.0160
1568225933417939,加速度计,-1.0732,7.4472,6.3704,,,,,,,
1568225943443773,加速度计,-0.6404,7.1419,6.3458,,,,,,,
1568225940950596,陀螺仪,,,,,,,,-0.0079,-0.0294,0.0276
1568225953470856,加速度计,-1.1881,7.2461,6.2764,,,,,,,
1568225963498773,加速度计,-1.1672,7.5735,6.3045,,,,,,,
1568225961005908,陀螺仪,,,,,,,,-0.0073,-0.0229,0.0314
1568225973527106,加速度计,-1.4862,7.6417,6.5176,,,,,,,
1568225983555439,加速度计,-1.2803,7.9428,6.0968,,,,,,,
1568225981061221,陀螺仪,,,,,,,,-0.0072,-0.0326,0.0409
1568225993578356,加速度计,-1.0744,7.4591,6.2501,,,,,,,
1568226003597523,加速度计,-1.1732,7.5411,6.2225,,,,,,,
1568226001102262,陀螺仪,,,,,,,,-0.0104,-0.0421,0.0410
1568226013616273,加速度计,-0.9481,7.5794,6.3554,,,,,,,
1568226023635023,加速度计,-0.8475,7.6824,6.3596,,,,,,,
1568226021139762,陀螺仪,,,,,,,,-0.0072,-0.0414,0.0358
1568226033653773,加速度计,-1.0151,7.7901,6.1998,,,,,,,
1568226043672523,加速度计,-1.0768,7.4418,6.4171,,,,,,,
1568226041177262,陀螺仪,,,,,,,,-0.0120,-0.0423,0.0411
1568226053691273,加速度计,-0.8703,7.5597,6.2782,,,,,,,
1568226063718148,加速度计,-0.5866,7.4130,6.4895,,,,,,,
1568226061220908,陀螺仪,,,,,,,,-0.0119,-0.0438,0.0527
1568226073728981,加速度计,-0.6494,7.4394,6.4542,,,,,,,
1568226083739814,加速度计,-3.0939,6.5912,6.8259,,,,,,,
1568226081242679,陀螺仪,,,,,,,,0.0004,-0.0401,0.0864
1568226093751064,加速度计,-3.5662,7.5597,5.9310,,,,,,,
1568226103763148,加速度计,-0.1167,8.2977,6.3871,,,,,,,
1568226101266429,陀螺仪,,,,,,,,-0.0134,-0.0216,0.2032
1568226113776064,加速度计,0.5567,8.1750,6.9534,,,,,,,
1568226123790231,加速度计,-0.6572,6.9887,6.9827,,,,,,,
1568226121294137,陀螺仪,,,,,,,,-0.0172,0.0369,0.1378
1568226133805648,加速度计,-2.8665,6.2189,7.4196,,,,,,,
1568226143822314,加速度计,-0.6213,7.0078,6.6343,,,,,,,
1568226141326846,陀螺仪,,,,,,,,0.0141,0.0162,0.2128
1568226153840231,加速度计,-0.0461,7.3771,6.6457,,,,,,,
1568226163859398,加速度计,-0.2257,7.4065,6.2165,,,,,,,
1568226161364554,陀螺仪,,,,,,,,0.0177,0.0206,0.2385
1568226173879814,加速度计,-0.1018,6.9755,6.3913,,,,,,,
1568226183901481,加速度计,-1.1726,6.6583,6.8845,,,,,,,
1568226181407262,陀螺仪,,,,,,,,-0.0025,0.0422,0.2566
1568226193924398,加速度计,-1.0816,7.5501,6.5122,,,,,,,
1568226203948148,加速度计,-0.9307,7.6692,6.5625,,,,,,,
1568226201454346,陀螺仪,,,,,,,,0.0011,0.0362,0.2390
1568226213972731,加速度计,-0.9182,7.4873,6.4446,,,,,,,
1568226223997731,加速度计,-0.8386,7.1635,6.1214,,,,,,,
1568226221504033,陀螺仪,,,,,,,,-0.0039,0.0242,0.2077
1568226234022731,加速度计,-0.6907,7.4424,5.7587,,,,,,,
1568226244047731,加速度计,-0.5441,7.8931,5.6324,,,,,,,
1568226241552887,陀螺仪,,,,,,,,-0.0068,0.0226,0.2039
1568226254068148,加速度计,-0.5860,8.1151,5.8664,,,,,,,
1568226264086898,加速度计,-1.1803,8.3061,6.0382,,,,,,,
1568226261591637,陀螺仪,,,,,,,,-0.0091,0.0581,0.2557
1568226274105648,加速度计,-1.3240,8.4222,5.6820,,,,,,,
1568226284124398,加速度计,-1.0175,8.4833,5.1703,,,,,,,
1568226281629137,陀螺仪,,,,,,,,0.0015,0.1262,0.4023
1568226294143148,加速度计,-0.6416,8.6095,4.7926,,,,,,,
1568226304161898,加速度计,-0.8350,8.6125,4.7166,,,,,,,
1568226301666846,陀螺仪,,,,,,,,0.0103,0.2206,0.5499
1568226314181846,加速度计,-1.1444,9.5517,4.3269,,,,,,,
1568226324199762,加速度计,-1.2276,9.6947,4.5532,,,,,,,
1568226321704293,陀螺仪,,,,,,,,-0.0041,0.3156,0.7112
1568226334217679,加速度计,-1.0630,8.9352,4.9596,,,,,,,
1568226344235596,加速度计,-0.8577,7.8991,5.5043,,,,,,,
1568226341740127,陀螺仪,,,,,,,,-0.0169,0.3985,0.8473
1568226354253512,加速度计,-0.5423,6.9821,5.6689,,,,,,,
1568226364271429,加速度计,-0.3208,7.0372,6.3267,,,,,,,
1568226361775960,陀螺仪,,,,,,,,-0.0003,0.4744,0.9523
1568226374289346,加速度计,-0.5016,7.8243,7.5639,,,,,,,
1568226384307262,加速度计,-1.0487,7.7782,7.5633,,,,,,,
1568226381811793,陀螺仪,,,,,,,,0.0257,0.5080,1.0031
1568226394325179,加速度计,-0.9290,8.0439,6.2560,,,,,,,
1568226404343096,加速度计,-0.7482,9.6474,4.8165,,,,,,,
1568226401847627,陀螺仪,,,,,,,,0.0316,0.5052,0.9970
1568226414361012,加速度计,-0.7943,9.2877,5.1667,,,,,,,
1568226424378929,加速度计,-0.8194,6.6547,5.6324,,,,,,,
1568226421883460,陀螺仪,,,,,,,,-0.0268,0.5234,0.9902
1568226434396898,加速度计,-0.8440,8.2546,6.6140,,,,,,,
1568226444415283,加速度计,-0.6117,10.0688,3.1597,,,,,,,
1568226441920023,陀螺仪,,,,,,,,0.0455,0.5614,1.0027
1568226454434085,加速度计,-1.2019,7.9122,4.5657,,,,,,,
1568226461958096,陀螺仪,,,,,,,,-0.0305,0.5581,1.0894
1568226464453252,加速度计,-0.5279,6.7708,7.0473,,,,,,,
1568226474472418,加速度计,1.2318,8.3019,6.0100,,,,,,,
1568226484491585,加速度计,1.0367,10.6686,3.3471,,,,,,,
1568226481996429,陀螺仪,,,,,,,,0.0406,0.5910,1.0916
1568226494510752,加速度计,0.9948,9.2967,3.9606,,,,,,,
1568226504529971,加速度计,0.3998,7.2341,6.8486,,,,,,,
1568226502034918,陀螺仪,,,,,,,,-0.0427,0.5530,0.9831
1568226514551064,加速度计,-0.1383,7.4370,5.4354,,,,,,,
1568226524575960,加速度计,-0.7213,7.8823,5.1930,,,,,,,
1568226522081273,陀螺仪,,,,,,,,0.0249,0.4819,0.8590
1568226534595283,加速度计,-0.5806,10.1263,3.2747,,,,,,,
1568226544614033,加速度计,0.2658,10.5614,4.3191,,,,,,,
1568226554632783,加速度计,0.2867,8.9268,5.2253,,,,,,,
1568226542118773,陀螺仪,,,,,,,,-0.0385,0.3850,0.7567
1568226564656533,加速度计,0.6159,7.4765,9.0992,,,,,,,
1568226562159710,陀螺仪,,,,,,,,-0.0341,0.3155,0.5826
1568226574669033,加速度计,1.9692,8.4108,5.5288,,,,,,,
1568226582184918,陀螺仪,,,,,,,,0.0226,0.2442,0.3659
1568226584681637,加速度计,1.6981,8.1223,4.9686,,,,,,,
1568226594694658,加速度计,2.5145,6.8139,4.5310,,,,,,,
1568226604708200,加速度计,2.9963,7.2969,6.2291,,,,,,,
1568226602211793,陀螺仪,,,,,,,,0.0631,0.2119,0.2321
1568226614722575,加速度计,3.1125,9.0650,3.6296,,,,,,,
1568226624741221,加速度计,3.2675,8.9789,2.6797,,,,,,,
1568226622256637,陀螺仪,,,,,,,,0.0944,0.2457,0.1798
1568226634781377,加速度计,2.5217,8.6622,4.4365,,,,,,,
1568226642307262,陀螺仪,,,,,,,,0.0960,0.2356,0.1626
1568226644802418,加速度计,1.8184,8.0906,7.9811,,,,,,,
1568226654821325,加速度计,2.6857,9.7546,7.4992,,,,,,,
1568226662344814,陀螺仪,,,,,,,,0.1975,0.2123,0.0208
1568226664840075,加速度计,2.8425,13.3537,3.4890,,,,,,,
1568226674858825,加速度计,0.3430,11.1151,5.8137,,,,,,,
1568226682382314,陀螺仪,,,,,,,,0.0903,0.1202,-0.1493
1568226684877575,加速度计,-1.3838,7.3634,4.9710,,,,,,,
1568226702724913,GPS,,,,31.9435,118.7817,0.0000,,,,
1568226694896325,加速度计,-0.5321,7.3807,2.8407,,,,,,,
1568226704915075,加速度计,-0.0012,6.7804,4.1468,,,,,,,
1568226702419814,陀螺仪,,,,,,,,0.0176,-0.0380,-0.2943
1568226714933825,加速度计,-0.3777,5.2774,8.2259,,,,,,,
1568226724952575,加速度计,0.8092,5.1481,10.0018,,,,,,,
1568226722457314,陀螺仪,,,,,,,,0.0053,-0.1763,-0.5746
1568226734971325,加速度计,1.2605,5.6689,12.3104,,,,,,,
1568226744990075,加速度计,0.5974,5.9867,8.8609,,,,,,,
1568226742494814,陀螺仪,,,,,,,,0.1586,-0.3177,-0.8812
1568226755008825,加速度计,2.2009,7.2520,7.1281,,,,,,,
1568226762532314,陀螺仪,,,,,,,,0.2326,-0.5529,-1.2334
1568226765027575,加速度计,1.6747,11.1360,1.2282,,,,,,,
1568226775046325,加速度计,1.3868,9.4786,1.6945,,,,,,,
1568226782574554,陀螺仪,,,,,,,,0.0281,-0.8356,-1.5856
1568226785071273,加速度计,1.1917,8.2953,2.7168,,,,,,,
1568226795084189,加速度计,3.1873,6.5679,5.3139,,,,,,,
1568226802600543,陀螺仪,,,,,,,,-0.0099,-0.9884,-1.8404
1568226805097158,加速度计,1.9190,6.4673,7.5196,,,,,,,
1568226815110543,加速度计,4.3185,8.8645,3.7080,,,,,,,
1568226825124398,加速度计,2.7898,8.4461,8.2977,,,,,,,
1568226822628096,陀螺仪,,,,,,,,0.0238,-1.0472,-1.9552
1568226835139085,加速度计,3.0987,6.7247,3.1603,,,,,,,
1568226842658721,陀螺仪,,,,,,,,0.1152,-1.0049,-1.9002
1568226845154606,加速度计,2.5905,8.4886,3.3184,,,,,,,
1568226855170960,加速度计,1.6676,11.7825,3.1304,,,,,,,
1568226862692679,陀螺仪,,,,,,,,-0.0527,-0.9666,-1.6782
1568226865188148,加速度计,-1.0576,9.6295,5.6204,,,,,,,
1568226875209085,加速度计,-0.6063,8.7484,8.2989,,,,,,,
1568226882759137,陀螺仪,,,,,,,,-0.0423,-0.7603,-1.2211
1568226885250543,加速度计,2.0848,9.7941,1.8794,,,,,,,
1568226895273148,加速度计,-1.0959,7.4849,6.9881,,,,,,,
1568226902796637,陀螺仪,,,,,,,,-0.1325,-0.5332,-0.8558
1568226905291898,加速度计,-2.7102,2.8329,8.6820,,,,,,,
1568226915310648,加速度计,-1.7980,4.7154,11.5544,,,,,,,
1568226925329398,加速度计,-2.5367,11.3928,6.9450,,,,,,,
1568226922834137,陀螺仪,,,,,,,,0.0423,-0.3087,-0.4868
1568226935348148,加速度计,-2.7659,6.3357,8.3276,,,,,,,
1568226942871637,陀螺仪,,,,,,,,-0.0192,-0.1719,-0.1177
1568226945366898,加速度计,-5.5863,5.5348,5.7838,,,,,,,
1568226955385648,加速度计,-5.5713,5.1852,2.8683,,,,,,,
1568226962909137,陀螺仪,,,,,,,,0.0028,-0.1051,0.2585
1568226965404398,加速度计,-4.0540,8.2971,9.4164,,,,,,,
1568226975423148,加速度计,-5.3828,10.7482,9.6193,,,,,,,
1568226982946637,陀螺仪,,,,,,,,0.0353,-0.0381,0.4963
1568226985441898,加速度计,-7.3897,8.0038,11.0115,,,,,,,
1568226995460648,加速度计,-4.2192,6.8049,7.5920,,,,,,,
1568227002984137,陀螺仪,,,,,,,,0.1570,0.0286,0.6306
1568227005479398,加速度计,-3.3285,8.3264,-0.0299,,,,,,,
1568227015498148,加速度计,-5.4001,6.7032,0.4381,,,,,,,
1568227023021637,陀螺仪,,,,,,,,-0.0479,0.0325,0.6922
1568227025516898,加速度计,-3.0909,6.4985,4.2335,,,,,,,
1568227035535648,加速度计,-1.6879,7.5896,10.9397,,,,,,,
1568227045554398,加速度计,-1.8669,10.4507,10.2735,,,,,,,
1568227043059137,陀螺仪,,,,,,,,-0.0796,0.2104,0.9410
1568227055573148,加速度计,-0.9260,5.6228,10.3771,,,,,,,
1568227065591898,加速度计,-0.5070,2.7144,5.2002,,,,,,,
1568227063096637,陀螺仪,,,,,,,,0.0543,0.4156,1.3722
1568227075610648,加速度计,1.7645,3.4830,3.7236,,,,,,,
1568227083134137,陀螺仪,,,,,,,,0.0776,0.5952,1.5454
1568227085629398,加速度计,1.7837,9.7360,-2.0979,,,,,,,
1568227095648148,加速度计,0.1245,10.3831,7.7387,,,,,,,
1568227103171637,陀螺仪,,,,,,,,-0.1348,0.6510,1.5117
1568227105666898,加速度计,-1.8016,8.1780,12.3541,,,,,,,
1568227115685648,加速度计,-2.2098,7.8009,9.8228,,,,,,,
1568227125705960,加速度计,0.1820,4.1611,6.6966,,,,,,,
1568227123214866,陀螺仪,,,,,,,,-0.0168,0.7016,1.5590
1568227135726064,加速度计,-0.1616,2.8347,5.0194,,,,,,,
1568227143244866,陀螺仪,,,,,,,,0.0644,0.7204,1.4718
1568227145741064,加速度计,0.7638,4.5484,3.9774,,,,,,,
1568227155756064,加速度计,1.5915,8.0385,2.3858,,,,,,,
1568227165771377,加速度计,-0.6219,10.4752,10.3112,,,,,,,
1568227163275283,陀螺仪,,,,,,,,-0.0442,0.6425,1.2364
1568227175787106,加速度计,-2.7054,10.7452,11.2282,,,,,,,
1568227183307366,陀螺仪,,,,,,,,-0.0033,0.5064,1.0948
1568227185803252,加速度计,-1.5066,10.5758,8.1169,,,,,,,
1568227195819814,加速度计,0.0964,6.7840,6.6421,,,,,,,
1568227203341533,陀螺仪,,,,,,,,0.0334,0.3306,0.8605
1568227205837106,加速度计,0.9290,4.5867,7.8392,,,,,,,
1568227215855231,加速度计,2.3284,7.0240,9.3009,,,,,,,
1568227225874189,加速度计,2.3709,7.2724,8.2648,,,,,,,
1568227223379033,陀螺仪,,,,,,,,0.1112,0.2973,0.4838
1568227235893668,加速度计,0.5375,7.1646,9.8462,,,,,,,
1568227243418616,陀螺仪,,,,,,,,0.1578,0.2847,0.3316
1568227245913564,加速度计,-0.2711,5.4636,2.1476,,,,,,,
1568227255933877,加速度计,0.1844,5.4660,0.4555,,,,,,,
1568227265954606,加速度计,0.7901,5.6737,4.7327,,,,,,,
1568227263459866,陀螺仪,,,,,,,,-0.0150,0.1678,0.3621
1568227275975752,加速度计,3.3824,5.0871,7.5579,,,,,,,
1568227283502366,陀螺仪,,,,,,,,-0.0495,0.1824,0.2565
1568227285997002,加速度计,3.4465,7.0360,3.1484,,,,,,,
1568227296018252,加速度计,0.7536,5.4504,9.0261,,,,,,,
1568227303544866,陀螺仪,,,,,,,,-0.0979,0.1641,0.1780
1568227306039502,加速度计,-0.1790,6.0238,13.8337,,,,,,,
1568227316060752,加速度计,0.5752,8.5491,10.4908,,,,,,,
1568227323587366,陀螺仪,,,,,,,,0.0033,0.1546,0.1318
1568227326082002,加速度计,0.3681,5.7802,9.1243,,,,,,,
1568227336101689,加速度计,1.6526,3.7176,6.3452,,,,,,,
1568227343625283,陀螺仪,,,,,,,,-0.0045,0.1739,0.0538
1568227346120543,加速度计,-0.9098,7.7285,4.0091,,,,,,,
1568227356139293,加速度计,-2.8587,8.7329,10.9708,,,,,,,
1568227363662783,陀螺仪,,,,,,,,-0.1047,0.0844,0.1723
1568227366158043,加速度计,-1.3007,6.1914,12.4977,,,,,,,
1568227376185804,加速度计,2.9904,4.2323,7.4885,,,,,,,
1568227383700648,陀螺仪,,,,,,,,0.0184,0.0196,0.0357
1568227386202366,加速度计,4.6310,4.8165,5.7838,,,,,,,
1568227396195908,加速度计,4.3024,6.3315,6.4374,,,,,,,
1568227403689814,陀螺仪,,,,,,,,0.0651,0.0192,-0.2844
1568227406190908,加速度计,3.3656,4.8034,7.7201,,,,,,,
1568227416188200,加速度计,7.4178,5.0440,-0.7691,,,,,,,
1568227423688981,陀螺仪,,,,,,,,-0.0027,-0.0214,-0.5378
1568227426188616,加速度计,2.9628,11.0965,8.9561,,,,,,,
1568227436192991,加速度计,-1.0953,11.5825,15.3582,,,,,,,
1568227443703981,陀螺仪,,,,,,,,0.0265,-0.1033,-0.5493
1568227446201533,加速度计,1.8172,9.6810,9.4613,,,,,,,
1568227456214554,加速度计,3.2034,3.5781,6.4081,,,,,,,
1568227466232158,加速度计,4.4796,0.6542,5.8083,,,,,,,
1568227463736898,陀螺仪,,,,,,,,0.0280,-0.3137,-0.7851
1568227476254346,加速度计,4.9596,5.0518,2.8216,,,,,,,
1568227483787731,陀螺仪,,,,,,,,0.0293,-0.4160,-1.1494
1568227486280804,加速度计,2.0321,8.2127,2.7210,,,,,,,
1568227496310804,加速度计,2.7857,6.5440,4.1653,,,,,,,
1568227506343825,加速度计,0.8392,4.6190,14.5406,,,,,,,
1568227503852314,陀螺仪,,,,,,,,-0.0948,-0.5109,-1.2879
1568227516379137,加速度计,0.2322,10.1544,8.8621,,,,,,,
1568227526415908,加速度计,2.0979,9.8557,7.5142,,,,,,,
1568227523925231,陀螺仪,,,,,,,,0.0266,-0.5378,-1.2976
1568227536453616,加速度计,0.6434,9.1237,5.3732,,,,,,,
1568227546491533,加速度计,-3.7984,6.3428,5.8047,,,,,,,
1568227544001064,陀螺仪,,,,,,,,0.0196,-0.5659,-1.4136
1568227556516012,加速度计,-2.6624,6.5086,2.4750,,,,,,,
1568227564044658,陀螺仪,,,,,,,,0.0229,-0.6248,-1.1317
1568227566543043,加速度计,0.5740,4.8070,3.7715,,,,,,,
1568227576549450,加速度计,0.1586,8.1199,6.2028,,,,,,,
1568227586556429,加速度计,0.7374,10.2484,10.2017,,,,,,,
1568227584058356,陀螺仪,,,,,,,,0.0406,-0.4903,-0.9464
1568227596564398,加速度计,0.7123,10.2226,6.6128,,,,,,,
1568227604076429,陀螺仪,,,,,,,,0.0273,-0.3222,-0.7297
1568227606573773,加速度计,-3.2819,5.3834,6.7409,,,,,,,
1568227616584814,加速度计,-0.6955,7.3759,0.6901,,,,,,,
1568227626604241,加速度计,-3.7523,4.6567,6.3566,,,,,,,
1568227624119293,陀螺仪,,,,,,,,-0.0875,-0.2657,-0.3882
1568227636658616,加速度计,-2.1506,7.3023,4.1426,,,,,,,
1568227649732100,GPS,,,,31.9435,118.7818,0.0000,,,,
1568227644190543,陀螺仪,,,,,,,,-0.0764,-0.1622,-0.1080
1568227646685804,加速度计,-0.5213,5.8251,11.4898,,,,,,,
1568227656704554,加速度计,-0.2406,8.1738,10.6566,,,,,,,
1568227664228043,陀螺仪,,,,,,,,0.0562,0.0168,0.0481
1568227666723304,加速度计,-0.8811,9.1183,8.7173,,,,,,,
1568227676742054,加速度计,-1.8453,8.6066,4.9991,,,,,,,
1568227684265543,陀螺仪,,,,,,,,0.0253,0.0525,0.1750
1568227686760804,加速度计,-2.4307,5.4073,4.1515,,,,,,,
1568227696779554,加速度计,-2.4020,7.1305,5.2463,,,,,,,
1568227704303043,陀螺仪,,,,,,,,-0.0061,-0.0794,0.1471
1568227706798304,加速度计,-0.3843,8.2696,9.6241,,,,,,,
1568227716817054,加速度计,-0.0922,7.2299,11.6298,,,,,,,
1568227724340543,陀螺仪,,,,,,,,0.1330,-0.1180,-0.0799
1568227726835804,加速度计,-0.7661,7.8470,9.6450,,,,,,,
1568227736854554,加速度计,-0.9349,8.1169,2.3008,,,,,,,
1568227744378043,陀螺仪,,,,,,,,0.0724,-0.2955,-0.2921
1568227746873304,加速度计,1.2294,9.1830,-1.1726,,,,,,,
1568227756892054,加速度计,1.4299,5.4911,3.4081,,,,,,,
1568227764415543,陀螺仪,,,,,,,,-0.0280,-0.5265,-0.6555
1568227766910804,加速度计,2.8850,7.2945,5.1146,,,,,,,
1568227776929554,加速度计,2.6474,9.4349,10.9565,,,,,,,
1568227786948304,加速度计,1.0582,10.1514,6.9767,,,,,,,
1568227784453043,陀螺仪,,,,,,,,0.0647,-0.5981,-0.8802
1568227796967054,加速度计,1.0415,8.9334,7.4927,,,,,,,
1568227804490543,陀螺仪,,,,,,,,0.0467,-0.6216,-0.8830
1568227806985804,加速度计,-0.5513,8.2684,3.2058,,,,,,,
1568227817004554,加速度计,1.0187,5.7479,2.6193,,,,,,,
1568227824528043,陀螺仪,,,,,,,,-0.0975,-0.7055,-0.8124
1568227827023304,加速度计,0.8398,7.8272,3.3896,,,,,,,
1568227837042054,加速度计,1.3982,7.2874,13.7972,,,,,,,
1568227847060804,加速度计,-0.4543,6.0059,15.0877,,,,,,,
1568227844565543,陀螺仪,,,,,,,,-0.0138,-0.5193,-0.6428
1568227857079554,加速度计,-3.6039,8.1798,11.3755,,,,,,,
1568227867098304,加速度计,-3.9989,9.2237,0.1335,,,,,,,
1568227864603043,陀螺仪,,,,,,,,0.1393,-0.2774,-0.1458
1568227877121325,加速度计,-2.3846,4.1940,2.4612,,,,,,,
1568227887138721,加速度计,-3.5440,4.2820,3.2316,,,,,,,
1568227884642210,陀螺仪,,,,,,,,0.0037,-0.1949,0.2208
1568227897152471,加速度计,-2.8539,7.2431,3.0855,,,,,,,
1568227907166221,加速度计,-1.0870,8.0032,8.8651,,,,,,,
1568227904669762,陀螺仪,,,,,,,,0.0236,-0.1162,0.4441
1568227917180335,加速度计,-1.2157,9.6720,6.8983,,,,,,,
1568227927194866,加速度计,-1.4000,8.2995,11.7561,,,,,,,
1568227924698668,陀螺仪,,,,,,,,0.0871,0.0871,0.6302
1568227937210179,加速度计,-3.6667,8.9525,1.2348,,,,,,,
1568227947226325,加速度计,-2.3230,5.4121,3.7469,,,,,,,
1568227944730543,陀螺仪,,,,,,,,0.0545,0.2284,0.9653
1568227957243304,加速度计,-1.8411,7.3119,3.4955,,,,,,,
1568227967261116,加速度计,-0.3657,7.9254,9.3775,,,,,,,
1568227964765752,陀螺仪,,,,,,,,-0.0330,0.3459,1.2044
1568227977279762,加速度计,-1.8118,6.6870,12.9634,,,,,,,
1568227987299241,加速度计,-0.0760,7.6980,8.1032,,,,,,,
1568227997319554,加速度计,-0.2017,8.4210,-0.0443,,,,,,,
1568227984804293,陀螺仪,,,,,,,,0.1441,0.5969,1.4847
1568228007340700,加速度计,-0.1718,5.2529,1.7095,,,,,,,
1568228004846116,陀螺仪,,,,,,,,0.0089,0.7228,1.6191
1568228017362314,加速度计,-0.3352,8.6616,5.2876,,,,,,,
1568228027384346,加速度计,-2.6067,4.7405,16.2680,,,,,,,
1568228024889971,陀螺仪,,,,,,,,-0.1329,0.6872,1.5340
1568228037406793,加速度计,-3.1484,5.8879,15.5563,,,,,,,
1568228047429293,加速度计,2.1679,8.3911,4.5574,,,,,,,
1568228044934971,陀螺仪,,,,,,,,0.1597,0.8136,1.6775
1568228057451793,加速度计,1.9944,6.6074,-1.0289,,,,,,,
1568228067474293,加速度计,1.8579,5.6407,3.3297,,,,,,,
1568228064979814,陀螺仪,,,,,,,,-0.0330,0.7814,1.4781
1568228077495700,加速度计,1.0630,7.2323,10.7386,,,,,,,
1568228087514762,加速度计,-0.2191,8.6568,11.2881,,,,,,,
1568228085019502,陀螺仪,,,,,,,,0.0470,0.7727,1.3273
1568228097533512,加速度计,0.5590,7.1329,9.9473,,,,,,,
1568228107552262,加速度计,4.3126,9.0998,-2.3158,,,,,,,
1568228105057002,陀螺仪,,,,,,,,0.1925,0.7529,1.1996
1568228117571012,加速度计,5.5282,8.1511,-4.7244,,,,,,,
1568228127592366,加速度计,4.4484,5.8125,5.1709,,,,,,,
1568228125099085,陀螺仪,,,,,,,,-0.1892,0.5447,0.6711
1568228137609658,加速度计,2.4283,6.5805,17.9840,,,,,,,
1568228147623825,加速度计,-0.4339,6.9456,14.3371,,,,,,,
1568228145127418,陀螺仪,,,,,,,,0.0639,0.5498,0.4238
1568228157637991,加速度计,1.9178,8.6969,7.3137,,,,,,,
1568228167652523,加速度计,4.2018,6.7726,2.4774,,,,,,,
1568228165156273,陀螺仪,,,,,,,,0.0699,0.3755,0.3534
1568228177667471,加速度计,3.8433,5.5156,3.2771,,,,,,,
1568228187683200,加速度计,2.0967,7.0455,6.8923,,,,,,,
1568228197699762,加速度计,2.4696,7.2006,10.0036,,,,,,,
1568228185187314,陀螺仪,,,,,,,,0.1606,0.3774,-0.0137
1568228207717158,加速度计,3.0819,7.1335,9.9246,,,,,,,
1568228205221689,陀螺仪,,,,,,,,0.1574,0.1194,-0.3048
1568228217735387,加速度计,2.9155,10.1604,4.4311,,,,,,,
1568228227754450,加速度计,-0.7727,9.3033,-0.1089,,,,,,,
1568228225259398,陀螺仪,,,,,,,,0.2479,0.0734,-0.6385
1568228237774346,加速度计,2.3535,6.4883,5.6773,,,,,,,
1568228247795075,加速度计,2.3290,8.1744,5.3433,,,,,,,
1568228245300387,陀螺仪,,,,,,,,0.4923,-0.1855,-0.9195
1568228257816273,加速度计,0.4962,5.8909,3.4064,,,,,,,
1568228267855231,加速度计,0.7632,9.2039,4.6328,,,,,,,
1568228265359658,陀螺仪,,,,,,,,-0.3186,-0.3027,-1.0464
1568228277872731,加速度计,1.0175,7.0737,13.4710,,,,,,,
1568228287890231,加速度计,0.6219,3.7804,11.9602,,,,,,,
1568228285394658,陀螺仪,,,,,,,,-0.5121,-0.5674,-1.0043
1568228297907731,加速度计,1.8992,8.0236,1.7520,,,,,,,
1568228307925231,加速度计,1.3294,6.8235,8.0870,,,,,,,
1568228305429658,陀螺仪,,,,,,,,-0.1758,-0.4519,-1.0683
1568228317942731,加速度计,2.0273,4.9458,15.4947,,,,,,,
1568228327960231,加速度计,-0.1347,9.3242,9.5936,,,,,,,
1568228325464658,陀螺仪,,,,,,,,0.0414,-0.3124,-0.9999
1568228337977731,加速度计,3.0568,7.3185,0.0922,,,,,,,
1568228347995231,加速度计,2.3930,7.2538,-1.7059,,,,,,,
1568228345499762,陀螺仪,,,,,,,,0.1161,-0.2746,-1.0270
1568228358013148,加速度计,1.0139,7.1509,4.9949,,,,,,,
1568228368031481,加速度计,0.2239,6.1980,14.4095,,,,,,,
1568228365537366,陀螺仪,,,,,,,,-0.0644,-0.4051,-1.0559
1568228378064814,加速度计,1.5167,9.2943,9.5092,,,,,,,
1568228388079814,加速度计,0.8888,7.9619,7.8051,,,,,,,
1568228385583616,陀螺仪,,,,,,,,0.0803,-0.3483,-0.9515
1568228398094814,加速度计,-0.1814,2.9497,0.9852,,,,,,,
1568228408109814,加速度计,-0.8164,3.7804,3.6015,,,,,,,
1568228405613721,陀螺仪,,,,,,,,0.0941,-0.2325,-0.8571
1568228418125231,加速度计,-0.0006,8.3276,8.5419,,,,,,,
1568228428141064,加速度计,-0.4830,8.8208,11.9926,,,,,,,
1568228425645179,陀螺仪,,,,,,,,0.0064,-0.3190,-0.7292
1568228438157314,加速度计,0.7350,8.8603,8.6389,,,,,,,
1568228448173981,加速度计,-1.4162,6.6750,5.5019,,,,,,,
1568228445678408,陀螺仪,,,,,,,,0.0527,-0.2133,-0.6365
1568228458191481,加速度计,-2.8443,5.1685,3.2376,,,,,,,
1568228468209814,加速度计,1.6987,8.2690,2.1087,,,,,,,
1568228465714658,陀螺仪,,,,,,,,0.1451,-0.2120,-0.5669
1568228478228981,加速度计,-0.0521,6.0053,5.8526,,,,,,,
1568228488248564,加速度计,0.0581,5.8365,16.3171,,,,,,,
1568228485753616,陀螺仪,,,,,,,,-0.2077,-0.3107,-0.5179
1568228498268564,加速度计,0.3460,9.5217,13.1723,,,,,,,
1568228508288981,加速度计,-0.2388,4.6262,4.3311,,,,,,,
1568228505794241,陀螺仪,,,,,,,,0.1746,-0.0708,-0.3111
1568228518309814,加速度计,1.1696,7.0958,-2.3308,,,,,,,
1568228528331064,加速度计,0.9822,7.4891,5.9717,,,,,,,
1568228525836533,陀螺仪,,,,,,,,-0.0582,-0.1586,-0.3284
1568228538352731,加速度计,0.1933,6.8115,12.6348,,,,,,,
1568228548374398,加速度计,1.3922,8.7909,12.1536,,,,,,,
1568228545879866,陀螺仪,,,,,,,,0.0523,-0.1256,-0.2952
1568228565927575,陀螺仪,,,,,,,,0.0575,-0.0760,-0.3402
1568228558396064,加速度计,2.1883,6.4057,4.8806,,,,,,,
1568228568417731,加速度计,-0.0174,6.4584,-1.2564,,,,,,,
1568228578438773,加速度计,0.6219,6.9408,4.6382,,,,,,,
1568228588453773,加速度计,-1.1947,4.8040,15.8748,,,,,,,
1568228585957575,陀螺仪,,,,,,,,-0.1399,-0.1650,-0.3684
1568228598468773,加速度计,0.0593,7.0533,17.3526,,,,,,,
1568228608484085,加速度计,0.9720,7.3700,4.1067,,,,,,,
1568228605987991,陀螺仪,,,,,,,,0.1558,0.0077,-0.1802
1568228618499814,加速度计,-0.0539,2.8174,0.4890,,,,,,,
1568228643342985,GPS,,,,31.9435,118.7818,0.0000,,,,
1568228628523616,加速度计,-2.0291,10.4363,-3.9846,,,,,,,
1568228626030856,陀螺仪,,,,,,,,0.0908,-0.0597,-0.2365
1568228638551116,加速度计,-1.7268,8.4749,9.5864,,,,,,,
1568228648569866,加速度计,2.3355,10.6991,11.1737,,,,,,,
1568228646074606,陀螺仪,,,,,,,,-0.1000,-0.3549,-0.4750
1568228658588616,加速度计,1.5502,10.6279,12.2356,,,,,,,
1568228668607366,加速度计,-0.0072,3.2352,4.2820,,,,,,,
1568228666112106,陀螺仪,,,,,,,,0.0987,-0.3155,-0.7964
1568228678626116,加速度计,-5.5641,1.7256,-0.1185,,,,,,,
1568228688644866,加速度计,-2.6773,9.4912,-3.9193,,,,,,,
1568228686149606,陀螺仪,,,,,,,,-0.0589,-0.5545,-0.7950
1568228698663616,加速度计,-3.6823,9.6935,18.7400,,,,,,,
1568228708682366,加速度计,1.3731,10.5722,15.9280,,,,,,,
1568228706187106,陀螺仪,,,,,,,,0.0562,-0.5996,-0.7975
1568228718701116,加速度计,1.2216,9.2650,9.0243,,,,,,,
1568228728719866,加速度计,-1.4653,2.3882,-1.8555,,,,,,,
1568228726224606,陀螺仪,,,,,,,,0.1824,-0.5651,-0.8915
1568228738738616,加速度计,1.6580,3.8583,-1.8902,,,,,,,
1568228748757366,加速度计,-0.7368,10.2328,9.2147,,,,,,,
1568228746262106,陀螺仪,,,,,,,,0.0338,-0.6499,-0.9124
1568228758776116,加速度计,-0.9954,11.4066,13.6302,,,,,,,
1568228768794866,加速度计,-0.0251,12.5247,11.3808,,,,,,,
1568228766299606,陀螺仪,,,,,,,,0.2055,-0.6017,-0.6951
1568228778813616,加速度计,3.1304,10.9092,-5.1583,,,,,,,
1568228786337106,陀螺仪,,,,,,,,-0.0430,-0.5779,-0.6634
1568228788832366,加速度计,5.0470,5.4342,-3.6482,,,,,,,
1568228798851116,加速度计,-0.1586,3.5572,0.7392,,,,,,,
1568228808869866,加速度计,0.3442,8.8436,20.8924,,,,,,,
1568228806374606,陀螺仪,,,,,,,,-0.0240,-0.4021,-0.4189
1568228818890752,加速度计,-1.6843,15.4211,13.3160,,,,,,,
1568228828909398,加速度计,-2.3846,3.9127,11.4275,,,,,,,
1568228826413200,陀螺仪,,,,,,,,0.1115,-0.2365,0.0057
1568228838924398,加速度计,0.4890,3.1819,-5.4103,,,,,,,
1568228848939398,加速度计,3.1155,7.7057,-1.7154,,,,,,,
1568228846443252,陀螺仪,,,,,,,,0.0415,-0.0828,0.1650
1568228858954762,加速度计,-2.1213,6.0992,5.9586,,,,,,,
1568228868970543,加速度计,-2.1105,12.5366,10.2633,,,,,,,
1568228866474606,陀螺仪,,,,,,,,-0.1232,-0.1193,0.1511
1568228878986741,加速度计,-0.3903,8.0547,18.0900,,,,,,,
1568228889003356,加速度计,-3.5135,0.9074,5.3558,,,,,,,
1568228886507679,陀螺仪,,,,,,,,0.0955,0.0253,0.2884
1568228899020752,加速度计,-0.9756,5.2397,1.0840,,,,,,,
1568228909038981,加速度计,-3.4512,5.8724,8.2325,,,,,,,
1568228906543721,陀螺仪,,,,,,,,0.0236,0.0056,0.3547
1568228919058043,加速度计,-2.8808,10.2795,11.3880,,,,,,,
1568228929077575,加速度计,-2.6264,9.2841,13.5266,,,,,,,
1568228926582575,陀螺仪,,,,,,,,0.0543,-0.0052,0.3575
1568228939097523,加速度计,-3.6691,3.1538,6.3566,,,,,,,
1568228949117887,加速度计,-1.1893,6.5140,-5.5917,,,,,,,
1568228946623096,陀螺仪,,,,,,,,0.1834,-0.0119,0.4253
1568228959138668,加速度计,-0.0485,6.4242,-0.6602,,,,,,,
1568228969159866,加速度计,-0.9846,6.6158,3.8762,,,,,,,
1568228966665283,陀螺仪,,,,,,,,-0.1680,-0.1466,0.2346
1568228979181481,加速度计,0.1844,9.6570,18.5413,,,,,,,
1568228989203148,加速度计,-3.4069,7.0749,16.4631,,,,,,,
1568228986708616,陀螺仪,,,,,,,,0.0115,-0.0814,0.2539
1568228999224814,加速度计,-2.9993,8.4856,3.3698,,,,,,,
1568229009246481,加速度计,-0.6201,5.5091,-2.3194,,,,,,,
1568229006751793,陀螺仪,,,,,,,,0.1032,-0.0265,0.4735
1568229019267054,加速度计,-1.1235,3.6308,-3.8930,,,,,,,
1568229029286012,加速度计,1.1265,8.5760,5.8478,,,,,,,
1568229026790752,陀螺仪,,,,,,,,-0.2076,-0.0662,0.4645
1568229039304762,加速度计,-0.5429,8.4575,18.3246,,,,,,,
1568229049323512,加速度计,-2.3104,10.9146,11.0480,,,,,,,
1568229046828252,陀螺仪,,,,,,,,0.0413,0.0478,0.5013
1568229059342262,加速度计,-1.3892,9.0998,0.6692,,,,,,,
1568229069370387,加速度计,1.3431,5.8838,-3.5668,,,,,,,
1568229066881221,陀螺仪,,,,,,,,0.0210,0.0816,0.5700
1568229079382418,加速度计,-0.0880,6.5033,6.3159,,,,,,,
1568229089384450,加速度计,0.2364,6.6182,16.1968,,,,,,,
1568229086885179,陀螺仪,,,,,,,,-0.1120,0.0897,0.5599
1568229099387627,加速度计,-1.8555,11.2348,10.7027,,,,,,,
1568229109392418,加速度计,-1.1205,9.0986,1.3054,,,,,,,
1568229106893981,陀螺仪,,,,,,,,0.1826,0.1847,0.6827
1568229119399241,加速度计,1.5018,5.5665,-7.3382,,,,,,,
1568229129408512,加速度计,-1.2378,4.7309,-2.4630,,,,,,,
1568229126911325,陀螺仪,,,,,,,,-0.2095,0.0453,0.5336
1568229139420648,加速度计,1.2139,5.5294,18.8633,,,,,,,
1568229149435700,加速度计,-2.0261,10.4603,13.4261,,,,,,,
1568229146939971,陀螺仪,,,,,,,,-0.0625,0.0732,0.4127
1568229159453668,加速度计,-0.7177,11.5538,12.8036,,,,,,,
1568229169474554,加速度计,-0.8984,6.1064,-7.9493,,,,,,,
1568229166980231,陀螺仪,,,,,,,,-0.0352,0.0947,0.5300
1568229179497991,加速度计,2.1656,0.5890,10.3687,,,,,,,
1568229189523929,加速度计,-1.0624,4.7537,20.3310,,,,,,,
1568229187030804,陀螺仪,,,,,,,,-0.0774,0.1176,0.3884
1568229199552002,加速度计,-3.8966,13.5063,11.6179,,,,,,,
1568229209581793,加速度计,-1.7705,9.3553,6.6810,,,,,,,
1568229207089450,陀螺仪,,,,,,,,0.1142,0.0951,0.5116
1568229219612523,加速度计,-1.2546,2.6276,-5.4025,,,,,,,
1568229229643721,加速度计,2.5007,4.5125,-0.9403,,,,,,,
1568229227151585,陀螺仪,,,,,,,,-0.1676,-0.0116,0.4289
1568229239674971,加速度计,0.1215,2.3888,18.4258,,,,,,,
1568229249700023,加速度计,-1.9644,11.2929,17.7422,,,,,,,
1568229247205439,陀螺仪,,,,,,,,-0.0112,0.0060,0.2726
1568229259719450,加速度计,-2.0057,10.5010,10.4375,,,,,,,
1568229269738200,加速度计,-1.7927,6.7558,-1.6508,,,,,,,
1568229267242939,陀螺仪,,,,,,,,0.1376,0.0502,0.4771
1568229279756950,加速度计,1.6484,7.0623,-6.6810,,,,,,,
1568229289775700,加速度计,0.9313,1.4174,5.2678,,,,,,,
1568229287280439,陀螺仪,,,,,,,,-0.2174,0.0602,0.5499
1568229299794450,加速度计,-0.1233,7.0659,16.2500,,,,,,,
1568229309813200,加速度计,-1.3940,12.2056,14.6549,,,,,,,
1568229307318408,陀螺仪,,,,,,,,0.0226,0.2100,0.6188
1568229319837887,加速度计,-0.2005,7.7243,3.1520,,,,,,,
1568229329852731,加速度计,-0.6578,6.5440,-5.6497,,,,,,,
1568229327354971,陀螺仪,,,,,,,,0.0442,0.2767,0.8049
1568229339861481,加速度计,0.7709,1.3192,3.0155,,,,,,,
1568229349870596,加速度计,1.4180,-0.0545,24.3323,,,,,,,
1568229347373043,陀螺仪,,,,,,,,-0.1483,0.3019,0.8911
1568229359880491,加速度计,1.7532,15.5635,13.5859,,,,,,,
1568229369891585,加速度计,1.2210,14.1970,1.6490,,,,,,,
1568229367394658,陀螺仪,,,,,,,,0.2045,0.5242,0.8729
1568229379904293,加速度计,-1.3372,7.2592,-6.7427,,,,,,,
1568229389918668,加速度计,-1.8645,2.9437,1.0295,,,,,,,
1568229387422575,陀螺仪,,,,,,,,-0.2370,0.4589,1.0424
1568229399934710,加速度计,-1.3126,1.0289,25.7604,,,,,,,
1568229409952418,加速度计,4.1384,9.7761,16.9258,,,,,,,
1568229407457158,陀螺仪,,,,,,,,0.2161,0.5551,1.0103
1568229419971793,加速度计,4.6220,14.0258,5.7485,,,,,,,
1568229429992835,加速度计,-1.9273,5.5653,-12.2805,,,,,,,
1568229427498408,陀螺仪,,,,,,,,0.2983,0.6273,0.7967
1568229440015543,加速度计,-2.8479,2.5157,-1.3120,,,,,,,
1568229450039554,加速度计,-0.2274,4.8746,18.4455,,,,,,,
1568229447545804,陀螺仪,,,,,,,,-0.2240,0.3939,0.8727
1568229460064814,加速度计,3.5332,11.4886,16.0819,,,,,,,
1568229470090960,加速度计,2.4786,11.5544,8.0876,,,,,,,
1568229467597627,陀螺仪,,,,,,,,0.2274,0.5112,0.5989
1568229480117575,加速度计,-0.7530,4.3251,-1.5496,,,,,,,
1568229490144241,加速度计,-1.4718,7.4747,3.7439,,,,,,,
1568229487650960,陀螺仪,,,,,,,,0.1479,0.3724,0.4593
1568229500170908,加速度计,0.6279,5.2307,5.6228,,,,,,,
1568229510190648,加速度计,3.7517,8.7759,13.2106,,,,,,,
1568229507695387,陀螺仪,,,,,,,,0.1505,0.2671,0.2935
1568229520209398,加速度计,2.3176,14.6447,0.6847,,,,,,,
1568229530228148,加速度计,-1.1869,3.0430,3.9486,,,,,,,
1568229527732887,陀螺仪,,,,,,,,0.0586,0.2329,0.0915
1568229540246898,加速度计,3.1927,5.7263,1.1456,,,,,,,
1568229550265648,加速度计,-0.4938,4.2784,12.3678,,,,,,,
1568229547770387,陀螺仪,,,,,,,,-0.0345,0.1101,-0.0419
1568229560284398,加速度计,1.2390,8.6371,17.8416,,,,,,,
1568229570305283,加速度计,3.9361,13.1400,4.9117,,,,,,,
1568229567809606,陀螺仪,,,,,,,,0.3349,0.1505,-0.1192
1568229580322366,加速度计,-0.1293,8.1750,-0.4902,,,,,,,
1568229590339450,加速度计,2.7910,7.9912,-0.5716,,,,,,,
1568229600356533,加速度计,-1.2516,5.0817,7.3191,,,,,,,
1568229587843773,陀螺仪,,,,,,,,0.0977,0.1254,-0.1097
1568229610373616,加速度计,3.3836,7.5615,12.1494,,,,,,,
1568229607877939,陀螺仪,,,,,,,,0.0296,0.0662,-0.1794
1568229620390700,加速度计,3.5482,10.8793,0.4615,,,,,,,
1568229636520745,GPS,,,,31.9435,118.7818,0.0000,,,,
1568229630416273,加速度计,-2.4966,4.7405,6.3009,,,,,,,
1568229627921221,陀螺仪,,,,,,,,0.0320,0.0691,-0.3273
1568229640435648,加速度计,2.8545,4.8315,-7.1084,,,,,,,
1568229647959137,陀螺仪,,,,,,,,-0.2061,-0.0334,-0.3274
1568229650454398,加速度计,1.4982,2.6342,24.1192,,,,,,,
1568229660473148,加速度计,0.9708,9.7390,12.6563,,,,,,,
1568229667996637,陀螺仪,,,,,,,,0.2265,0.0494,-0.3767
1568229670491898,加速度计,4.0779,11.3467,6.7511,,,,,,,
1568229680510648,加速度计,0.0497,4.6436,-3.6589,,,,,,,
1568229688034137,陀螺仪,,,,,,,,-0.1305,-0.0529,-0.3358
1568229690529398,加速度计,0.6650,6.5571,2.7174,,,,,,,
1568229700548148,加速度计,2.1446,4.3958,18.2725,,,,,,,
1568229710566898,加速度计,3.7158,9.0501,9.6450,,,,,,,
1568229708071637,陀螺仪,,,,,,,,0.0912,0.0105,-0.4495
1568229720585648,加速度计,-0.1658,8.0703,-0.2598,,,,,,,
1568229730604398,加速度计,-0.2801,5.2062,2.3230,,,,,,,
1568229728109137,陀螺仪,,,,,,,,-0.0067,-0.0595,-0.4499
1568229740623148,加速度计,0.9475,8.1505,12.8024,,,,,,,
1568229748146637,陀螺仪,,,,,,,,0.0190,-0.1173,-0.4224
1568229750641898,加速度计,1.1498,8.1110,13.9785,,,,,,,
1568229760660648,加速度计,3.6416,9.2285,7.0485,,,,,,,
1568229768184137,陀螺仪,,,,,,,,0.2143,-0.0443,-0.4804
1568229770679398,加速度计,-3.2627,9.0058,-10.3148,,,,,,,
1568229780698148,加速度计,0.1682,3.7128,6.0675,,,,,,,
1568229790716898,加速度计,2.4654,11.1510,4.2551,,,,,,,
1568229788221637,陀螺仪,,,,,,,,-0.2120,-0.1975,-0.4390
1568229800735648,加速度计,0.8841,8.4916,15.9340,,,,,,,
1568229810754398,加速度计,2.4463,8.6269,7.5627,,,,,,,
1568229808259137,陀螺仪,,,,,,,,-0.0176,-0.1049,-0.5342
1568229820778148,加速度计,-1.2049,5.0613,-4.9991,,,,,,,
1568229830793564,加速度计,0.2131,4.4712,14.7249,,,,,,,
1568229828297471,陀螺仪,,,,,,,,-0.1369,-0.1306,-0.4132
1568229840808981,加速度计,2.0638,8.3845,9.0363,,,,,,,
1568229850824398,加速度计,2.0596,11.0977,8.1672,,,,,,,
1568229848328408,陀螺仪,,,,,,,,-0.0150,-0.0924,-0.3541
1568229860840231,加速度计,0.6021,9.2243,-1.7753,,,,,,,
1568229870856481,加速度计,-0.4627,-0.4076,6.2716,,,,,,,
1568229868360700,陀螺仪,,,,,,,,-0.1439,-0.0619,-0.2755
1568229880873148,加速度计,1.0205,8.4952,8.2672,,,,,,,
1568229890890231,加速度计,-0.0952,10.8302,13.4375,,,,,,,
1568229888394658,陀螺仪,,,,,,,,-0.0599,-0.0565,-0.2365
1568229900907731,加速度计,0.8308,6.4901,7.5501,,,,,,,
1568229910925648,加速度计,0.7632,8.2049,-1.2210,,,,,,,
1568229908430283,陀螺仪,,,,,,,,0.1868,0.0193,-0.2003
1568229920943981,加速度计,-0.1233,5.5809,-10.1700,,,,,,,
1568229930962731,加速度计,1.2558,10.4752,7.5196,,,,,,,
1568229928467575,陀螺仪,,,,,,,,-0.2902,-0.0256,-0.1237
1568229940981898,加速度计,-1.6221,5.9370,21.1001,,,,,,,
1568229951001481,加速度计,2.2470,12.0315,9.9036,,,,,,,
1568229948506533,陀螺仪,,,,,,,,-0.0308,0.0578,-0.1115
1568229961021481,加速度计,-1.6628,8.5090,-2.2087,,,,,,,
1568229971041898,加速度计,0.7189,3.6709,6.8636,,,,,,,
1568229968547158,陀螺仪,,,,,,,,-0.0851,0.0298,-0.0322
1568229981062731,加速度计,-1.2061,6.3458,11.1444,,,,,,,
1568229991083981,加速度计,1.3527,7.9733,16.3440,,,,,,,
1568229988589346,陀螺仪,,,,,,,,0.0457,0.0776,0.0666
1568230001105231,加速度计,0.3166,9.3140,-0.1993,,,,,,,
1568230011126481,加速度计,-0.2568,5.6832,-5.5019,,,,,,,
1568230008631846,陀螺仪,,,,,,,,0.0771,0.1407,0.0547
1568230021147731,加速度计,-1.6065,6.6146,0.9972,,,,,,,
1568230031168981,加速度计,-0.6967,2.1332,23.5344,,,,,,,
1568230028674137,陀螺仪,,,,,,,,-0.1222,0.0900,0.1262
1568230041189398,加速度计,-0.1999,10.1317,20.3920,,,,,,,
1568230051208564,加速度计,0.2077,16.0382,-3.6583,,,,,,,
1568230048713304,陀螺仪,,,,,,,,0.3103,0.2012,0.1015
1568230061227314,加速度计,0.3801,7.3221,-8.0804,,,,,,,
1568230071258043,加速度计,-2.6576,0.0527,1.2827,,,,,,,
1568230068759866,陀螺仪,,,,,,,,-0.2282,0.0340,0.0522
1568230081265127,加速度计,0.5154,3.7942,19.8396,,,,,,,
1568230091272627,加速度计,1.1438,7.4017,20.0012,,,,,,,
1568230088778825,陀螺仪,,,,,,,,-0.0196,0.0411,-0.0478
1568230101299398,加速度计,1.8741,12.5097,-1.6059,,,,,,,
1568230108826325,陀螺仪,,,,,,,,-0.0940,0.0636,-0.0872
1568230111321273,加速度计,0.1305,2.5420,-4.9674,,,,,,,
1568230121340335,加速度计,1.1624,-1.2444,2.9694,,,,,,,
1568230131359085,加速度计,1.3042,5.5252,26.2321,,,,,,,
1568230128863825,陀螺仪,,,,,,,,-0.1146,0.0383,-0.1135
1568230141377835,加速度计,-1.0852,17.7141,17.8554,,,,,,,
1568230148901325,陀螺仪,,,,,,,,0.0803,0.0015,-0.1308
1568230151396585,加速度计,2.0674,11.6562,2.3272,,,,,,,
1568230161415335,加速度计,1.2013,-2.7240,-1.1127,,,,,,,
1568230168938825,陀螺仪,,,,,,,,-0.0220,-0.0334,-0.2372
1568230171434085,加速度计,1.4593,3.6901,-6.7828,,,,,,,
1568230181452835,加速度计,-0.8954,6.7995,14.7650,,,,,,,
1568230191471585,加速度计,0.4699,15.4163,12.6234,,,,,,,
1568230188976325,陀螺仪,,,,,,,,-0.0581,-0.1087,-0.2931
1568230201490335,加速度计,0.0401,9.5301,10.7739,,,,,,,
1568230211509085,加速度计,-0.1287,3.3674,14.7070,,,,,,,
1568230209013825,陀螺仪,,,,,,,,0.0538,-0.0403,-0.1984
1568230221527835,加速度计,0.6614,8.8466,4.8363,,,,,,,
1568230229051325,陀螺仪,,,,,,,,0.1301,0.0895,-0.0212
1568230231546585,加速度计,-2.3511,10.0646,0.8709,,,,,,,
1568230241565335,加速度计,0.6297,11.7047,-6.5805,,,,,,,
1568230251584085,加速度计,-0.9278,0.6823,9.4864,,,,,,,
1568230249088825,陀螺仪,,,,,,,,-0.2328,-0.0461,-0.0127
1568230261602835,加速度计,0.1173,1.3874,20.1328,,,,,,,
1568230269126325,陀螺仪,,,,,,,,0.2964,0.1827,0.0760
1568230271621585,加速度计,1.5083,11.3898,14.4520,,,,,,,
1568230281640335,加速度计,-1.5826,16.9073,-2.6133,,,,,,,
1568230289163825,陀螺仪,,,,,,,,0.1557,0.2254,0.2939
1568230291659085,加速度计,-1.7753,8.3564,-13.0011,,,,,,,
1568230301677835,加速度计,-0.5692,-6.3189,11.3419,,,,,,,
1568230309201325,陀螺仪,,,,,,,,-0.0771,0.1405,0.2008
1568230311696585,加速度计,5.1870,8.0954,12.7773,,,,,,,
1568230321723356,加速度计,0.0934,18.2791,3.8176,,,,,,,
1568230331736273,加速度计,-0.5118,9.7241,-9.2739,,,,,,,
1568230329239554,陀螺仪,,,,,,,,-0.1169,0.1791,0.0679
1568230341749189,加速度计,3.0059,-5.0422,16.9869,,,,,,,
1568230351762523,加速度计,0.2424,2.2727,10.7392,,,,,,,
1568230349266012,陀螺仪,,,,,,,,0.0451,0.2345,0.0309
1568230361776273,加速度计,-0.5429,11.3473,5.6509,,,,,,,
1568230371790856,加速度计,0.9535,13.6086,7.4124,,,,,,,
1568230369294762,陀螺仪,,,,,,,,-0.0358,0.0944,-0.0973
1568230381806273,加速度计,0.3645,3.3261,22.8646,,,,,,,
1568230391822523,加速度计,1.2779,-1.2653,17.2622,,,,,,,
1568230389326846,陀螺仪,,,,,,,,0.1983,0.1244,-0.2087
1568230401839606,加速度计,0.8398,12.4247,-4.1396,,,,,,,
1568230411857523,加速度计,3.6458,9.4230,-6.1004,,,,,,,
1568230409362262,陀螺仪,,,,,,,,0.1517,-0.0349,-0.4188
1568230421876273,加速度计,0.8368,5.2421,5.8353,,,,,,,
1568230431895856,加速度计,-1.5646,8.9956,11.0211,,,,,,,
1568230429401012,陀螺仪,,,,,,,,0.0590,-0.1345,-0.6358
1568230441916273,加速度计,0.1443,8.0942,3.5273,,,,,,,
1568230451937523,加速度计,0.5926,2.8347,6.3817,,,,,,,
1568230449443096,陀螺仪,,,,,,,,0.0142,-0.2645,-0.7112
1568230461959606,加速度计,-1.1337,5.3947,5.3696,,,,,,,
1568230471982106,加速度计,0.7308,13.3698,6.7870,,,,,,,
1568230469487887,陀螺仪,,,,,,,,0.0312,-0.2992,-0.7087
1568230482005023,加速度计,0.4196,10.4010,9.9784,,,,,,,
1568230492027939,加速度计,-1.7220,7.0120,1.8842,,,,,,,
1568230489533721,陀螺仪,,,,,,,,-0.0012,-0.3025,-0.6619
1568230502050856,加速度计,-0.0168,10.7817,2.1841,,,,,,,
1568230512073773,加速度计,1.6670,11.2108,4.8351,,,,,,,
1568230509579033,陀螺仪,,,,,,,,-0.1209,-0.3137,-0.5957
1568230522094606,加速度计,0.1544,2.0913,14.7908,,,,,,,
1568230532113356,加速度计,-0.8469,3.5775,10.8697,,,,,,,
1568230529618096,陀螺仪,,,,,,,,0.0430,-0.2107,-0.4896
1568230542132106,加速度计,0.1987,8.9010,-0.2903,,,,,,,
1568230552150856,加速度计,0.2089,9.8659,3.7595,,,,,,,
1568230549655596,陀螺仪,,,,,,,,0.0912,-0.1843,-0.3289
1568230562169606,加速度计,0.3765,11.2408,6.2285,,,,,,,
1568230572189450,加速度计,0.5058,11.8567,6.3003,,,,,,,
1568230569693981,陀螺仪,,,,,,,,0.0417,-0.1214,-0.2165
1568230582207366,加速度计,0.4322,8.2618,3.7649,,,,,,,
1568230592225283,加速度计,0.1149,11.1761,4.2024,,,,,,,
1568230589729814,陀螺仪,,,,,,,,-0.1252,-0.0622,-0.1200
1568230602243200,加速度计,0.2269,2.1272,13.2770,,,,,,,
1568230612261116,加速度计,-1.3449,3.9361,8.4749,,,,,,,
1568230609765648,陀螺仪,,,,,,,,0.0084,0.0417,-0.0606
1568230622279762,加速度计,-1.1097,8.1068,0.1891,,,,,,,
1568230637414495,GPS,,,,31.9435,118.7818,0.0000,,,,
1568230632303616,加速度计,-0.7901,9.3811,4.8183,,,,,,,
1568230629807523,陀螺仪,,,,,,,,-0.0992,0.0145,0.0344
1568230642319033,加速度计,-0.7949,5.5569,4.8105,,,,,,,
1568230649838356,陀螺仪,,,,,,,,-0.0462,0.0374,0.0465
1568230652334450,加速度计,-0.8727,7.2550,6.4147,,,,,,,
1568230662350075,加速度计,-0.3100,5.9753,1.7316,,,,,,,
1568230669870231,陀螺仪,,,,,,,,-0.1449,-0.0222,-0.0322
1568230672366116,加速度计,-1.2312,3.1729,13.2076,,,,,,,
1568230682382575,加速度计,-3.2573,9.9964,13.9965,,,,,,,
1568230692399450,加速度计,-1.3671,10.3633,9.4194,,,,,,,
1568230689903773,陀螺仪,,,,,,,,0.1172,-0.0581,-0.0925
1568230702416741,加速度计,-2.0985,6.7151,2.8599,,,,,,,
1568230712434450,加速度计,-2.2607,3.7463,-0.5177,,,,,,,
1568230709938981,陀螺仪,,,,,,,,0.0936,-0.1455,-0.1312
1568230722452575,加速度计,-0.9553,8.8963,2.5169,,,,,,,
1568230732471116,加速度计,-0.5578,13.3986,5.4737,,,,,,,
1568230729975856,陀螺仪,,,,,,,,-0.0778,-0.2330,-0.1760
1568230742490075,加速度计,-1.1127,5.1751,17.2837,,,,,,,
1568230750014398,陀螺仪,,,,,,,,-0.0467,-0.2575,-0.2598
1568230752509450,加速度计,-0.0844,6.2543,11.2222,,,,,,,
1568230762529241,加速度计,-0.6476,4.0450,8.5425,,,,,,,
1568230772549450,加速度计,-0.1395,3.0358,3.7356,,,,,,,
1568230770054606,陀螺仪,,,,,,,,0.0820,-0.2767,-0.2779
1568230782570075,加速度计,-0.8637,5.6647,2.7749,,,,,,,
1568230790096481,陀螺仪,,,,,,,,0.0168,-0.3362,-0.2505
1568230792591116,加速度计,0.2346,8.2959,6.9899,,,,,,,
1568230802612366,加速度计,1.6592,7.8189,11.2563,,,,,,,
1568230810138981,陀螺仪,,,,,,,,0.0708,-0.3077,-0.3119
1568230812633616,加速度计,-0.2460,7.5507,8.6802,,,,,,,
1568230822670596,加速度计,-0.9026,8.0900,4.4556,,,,,,,
1568230830179137,陀螺仪,,,,,,,,0.0455,-0.3401,-0.2475
1568230832677314,加速度计,-0.5848,6.9168,5.5462,,,,,,,
1568230842684502,加速度计,0.0251,5.6988,8.8939,,,,,,,
1568230852692575,加速度计,1.2558,7.3143,7.3670,,,,,,,
1568230850194918,陀螺仪,,,,,,,,0.0489,-0.3265,-0.1987
1568230862701950,加速度计,-0.1634,7.3789,6.3500,,,,,,,
1568230872712991,加速度计,0.1730,5.7886,6.8600,,,,,,,
1568230870216168,陀螺仪,,,,,,,,0.0162,-0.3016,-0.1534
1568230882725752,加速度计,-0.0605,6.8037,7.4089,,,,,,,
1568230892740596,加速度计,-1.2025,8.2594,6.7810,,,,,,,
1568230890244814,陀螺仪,,,,,,,,0.0190,-0.2434,-0.0304
1568230902757523,加速度计,0.7225,7.2987,7.5256,,,,,,,
1568230912776533,加速度计,-0.0802,7.1922,4.9183,,,,,,,
1568230910281793,陀螺仪,,,,,,,,0.0157,-0.1531,0.0759
1568230922797575,加速度计,-0.9272,6.4207,3.0843,,,,,,,
1568230930326377,陀螺仪,,,,,,,,-0.0723,-0.0694,0.2297
1568230932820283,加速度计,0.2310,6.8193,3.6284,,,,,,,
1568230942844606,加速度计,0.3370,7.0593,9.8264,,,,,,,
1568230950376741,陀螺仪,,,,,,,,-0.0874,0.0128,0.3272
1568230952870127,加速度计,0.4459,7.4352,14.9877,,,,,,,
1568230962896481,加速度计,0.0904,8.2881,10.1257,,,,,,,
1568230970430543,陀螺仪,,,,,,,,0.0573,0.1023,0.3727
1568230972923616,加速度计,-0.4387,8.0924,3.2591,,,,,,,
1568230982951116,加速度计,-0.4363,5.4103,3.3022,,,,,,,
1568230990483356,陀螺仪,,,,,,,,-0.0393,0.1288,0.4774
1568230992977887,加速度计,0.0299,7.4280,6.8157,,,,,,,
1568231002999241,加速度计,0.3077,8.3187,9.9246,,,,,,,
1568231013018356,加速度计,0.8320,6.9965,11.4910,,,,,,,
1568231010523096,陀螺仪,,,,,,,,0.0193,0.1799,0.4376
1568231023037106,加速度计,0.3986,7.4980,6.6044,,,,,,,
1568231033055856,加速度计,-0.9188,6.5847,2.9760,,,,,,,
1568231030560596,陀螺仪,,,,,,,,0.1088,0.1980,0.3736
1568231043074606,加速度计,-0.2107,8.0092,0.9284,,,,,,,
1568231053093356,加速度计,-0.2203,7.2850,6.0675,,,,,,,
1568231050598096,陀螺仪,,,,,,,,0.0025,0.1792,0.3575
1568231063112471,加速度计,0.0575,7.7153,5.5276,,,,,,,
1568231073138096,加速度计,1.0403,7.0641,9.8252,,,,,,,
1568231070640960,陀螺仪,,,,,,,,-0.0237,0.1099,0.2174
1568231083149346,加速度计,1.5844,8.3193,4.9692,,,,,,,
1568231093160648,加速度计,0.2322,7.9326,3.9097,,,,,,,
1568231090663616,陀螺仪,,,,,,,,0.0008,0.0507,0.0119
1568231103172418,加速度计,-0.0239,6.3279,3.4812,,,,,,,
1568231113185023,加速度计,0.8763,7.2993,7.3807,,,,,,,
1568231110688408,陀螺仪,,,,,,,,-0.0775,-0.0499,-0.1212
1568231123198512,加速度计,1.3276,7.0473,10.1628,,,,,,,
1568231133213252,加速度计,1.6436,7.2030,10.2969,,,,,,,
1568231130717262,陀螺仪,,,,,,,,-0.0020,-0.1201,-0.3172
1568231143229241,加速度计,1.9686,7.4460,5.8293,,,,,,,
1568231153246481,加速度计,0.2562,7.4849,4.5777,,,,,,,
1568231150751116,陀螺仪,,,,,,,,0.0410,-0.1756,-0.4589
1568231163264971,加速度计,0.9170,6.6242,7.1000,,,,,,,
1568231173284710,加速度计,2.3068,6.9282,7.4992,,,,,,,
1568231170789971,陀螺仪,,,,,,,,0.0230,-0.2288,-0.4694
1568231183305700,加速度计,2.2565,8.4461,6.7505,,,,,,,
1568231193327887,加速度计,2.1709,7.8039,7.0803,,,,,,,
1568231190833668,陀螺仪,,,,,,,,0.0161,-0.2503,-0.5923
1568231203350908,加速度计,1.1612,6.6397,8.9016,,,,,,,
1568231213374710,加速度计,1.4293,7.6261,7.5202,,,,,,,
1568231210880804,陀螺仪,,,,,,,,0.0491,-0.2875,-0.6225
1568231223398929,加速度计,1.7555,7.8368,6.3560,,,,,,,
1568231230929710,陀螺仪,,,,,,,,0.0619,-0.3181,-0.6501
1568231233423512,加速度计,1.5149,7.4825,5.7227,,,,,,,
1568231243447939,加速度计,1.3330,7.6854,7.6028,,,,,,,
1568231250975596,陀螺仪,,,,,,,,0.0485,-0.3438,-0.6726
1568231253470752,加速度计,1.2025,6.9342,8.3731,,,,,,,
1568231263489866,加速度计,0.7248,7.1509,8.0481,,,,,,,
1568231273508616,加速度计,0.9050,6.9546,3.0125,,,,,,,
1568231271013356,陀螺仪,,,,,,,,0.1531,-0.3261,-0.6712
1568231283527366,加速度计,-0.5130,7.0240,0.7733,,,,,,,
1568231293546116,加速度计,-0.6692,8.3246,1.9327,,,,,,,
1568231291050856,陀螺仪,,,,,,,,0.0486,-0.3519,-0.5820
1568231303564866,加速度计,0.4980,8.0762,7.2670,,,,,,,
1568231311088668,陀螺仪,,,,,,,,-0.0518,-0.3369,-0.4673
1568231313583721,加速度计,-0.1897,8.5341,8.6790,,,,,,,
1568231323603512,加速度计,-0.6949,7.2305,9.4697,,,,,,,
1568231331125960,陀螺仪,,,,,,,,0.0056,-0.2727,-0.3574
1568231333621429,加速度计,-0.1000,6.9031,9.9431,,,,,,,
1568231343639346,加速度计,-0.7159,6.9522,8.5629,,,,,,,
1568231351161793,陀螺仪,,,,,,,,0.0554,-0.2270,-0.2008
1568231353657262,加速度计,-1.4317,6.7187,7.8727,,,,,,,
1568231363675179,加速度计,-0.6919,6.8319,6.0621,,,,,,,
1568231373693096,加速度计,-0.5154,6.3746,8.0529,,,,,,,
1568231371197627,陀螺仪,,,,,,,,0.0336,-0.1847,-0.0730
1568231383711012,加速度计,-1.2791,6.0801,7.9404,,,,,,,
1568231391233460,陀螺仪,,,,,,,,0.0913,-0.1236,0.0478
1568231393728929,加速度计,-1.6879,7.1198,6.9617,,,,,,,
1568231403746846,加速度计,-1.0157,7.0737,4.2689,,,,,,,
1568231411269293,陀螺仪,,,,,,,,0.0530,-0.0955,0.1591
1568231413764762,加速度计,-1.3312,5.9137,5.4175,,,,,,,
1568231423782679,加速度计,-1.1929,6.5715,5.7437,,,,,,,
1568231433800700,加速度计,-1.1432,7.4136,7.0348,,,,,,,
1568231431305335,陀螺仪,,,,,,,,0.0312,-0.0356,0.2495
1568231443819137,加速度计,-1.6185,7.8033,4.6250,,,,,,,
1568231451342627,陀螺仪,,,,,,,,0.0282,0.0261,0.3618
1568231453837887,加速度计,-0.5614,7.8248,3.7505,,,,,,,
1568231463856741,加速度计,-0.7242,7.1658,4.3269,,,,,,,
1568231471380752,陀螺仪,,,,,,,,-0.0402,0.0780,0.4197
1568231473875908,加速度计,-0.3077,6.9971,6.9318,,,,,,,
1568231483895075,加速度计,-0.3448,7.7428,6.2273,,,,,,,
1568231491419085,陀螺仪,,,,,,,,-0.0545,0.1201,0.4625
1568231493914241,加速度计,-0.1736,7.2377,8.4791,,,,,,,
1568231503933408,加速度计,0.3711,7.3418,9.6247,,,,,,,
1568231511457418,陀螺仪,,,,,,,,0.0173,0.1810,0.4598
1568231513952575,加速度计,0.4142,6.6194,8.4934,,,,,,,
1568231523971741,加速度计,-0.0491,7.6213,4.7369,,,,,,,
1568231531495752,陀螺仪,,,,,,,,-0.0103,0.1772,0.4136
1568231533990908,加速度计,1.0331,7.1228,4.2276,,,,,,,
1568231544010075,加速度计,0.4004,6.0214,9.0740,,,,,,,
1568231551534085,陀螺仪,,,,,,,,-0.0393,0.1658,0.3250
1568231554029241,加速度计,0.0239,7.8219,10.3932,,,,,,,
1568231564049554,加速度计,0.1790,8.3091,8.0038,,,,,,,
1568231574079710,加速度计,0.8092,7.4316,6.1154,,,,,,,
1568231571582679,陀螺仪,,,,,,,,-0.0182,0.1539,0.2404
1568231584091377,加速度计,0.5980,6.0813,6.7397,,,,,,,
1568231591606221,陀螺仪,,,,,,,,-0.0563,0.1198,0.1338
1568231594103148,加速度计,-0.0245,6.2944,8.0798,,,,,,,
1568231604115439,加速度计,0.5237,7.2532,8.1253,,,,,,,
1568231614128564,加速度计,0.4812,6.1507,7.5082,,,,,,,
1568231611632054,陀螺仪,,,,,,,,-0.0113,0.0996,0.0433
1568231624143877,加速度计,-0.0485,6.4757,3.1693,,,,,,,
1568231639906890,GPS,,,,31.9434,118.7818,0.0000,,,,
1568231634168825,加速度计,0.2975,7.4400,1.5407,,,,,,,
1568231631675179,陀螺仪,,,,,,,,-0.0190,0.0369,-0.0341
1568231644194189,加速度计,0.5004,8.0433,6.3027,,,,,,,
1568231654219606,加速度计,-0.1335,8.7742,9.5331,,,,,,,
1568231651725752,陀螺仪,,,,,,,,-0.0710,-0.0153,-0.1248
1568231664243200,加速度计,0.3424,8.5156,9.6636,,,,,,,
1568231674262887,加速度计,0.6434,8.2887,6.1962,,,,,,,
1568231671767679,陀螺仪,,,,,,,,-0.0033,-0.0089,-0.1503
1568231684281689,加速度计,1.1971,7.3550,3.9636,,,,,,,
1568231694300439,加速度计,0.2963,6.1627,5.1936,,,,,,,
1568231691805179,陀螺仪,,,,,,,,-0.0591,-0.0229,-0.1931
1568231704319189,加速度计,-0.3597,7.6345,9.0926,,,,,,,
1568231714337939,加速度计,-0.0491,7.2993,10.8457,,,,,,,
1568231711842679,陀螺仪,,,,,,,,-0.0454,-0.0378,-0.1834
1568231724356689,加速度计,0.9355,7.5645,6.1495,,,,,,,
1568231734375439,加速度计,0.9786,5.6952,2.3128,,,,,,,
1568231731880179,陀螺仪,,,,,,,,0.0138,-0.0317,-0.2055
1568231744394189,加速度计,0.7428,5.0560,2.4092,,,,,,,
1568231754412939,加速度计,0.1143,5.8293,6.9097,,,,,,,
1568231751917679,陀螺仪,,,,,,,,-0.0594,-0.0659,-0.2602
1568231764431689,加速度计,-1.2330,7.9649,9.5978,,,,,,,
1568231774450439,加速度计,-0.2203,7.8644,8.4605,,,,,,,
1568231771955179,陀螺仪,,,,,,,,-0.0132,-0.0883,-0.2490
1568231784469189,加速度计,0.4112,7.6519,6.0962,,,,,,,
1568231794487939,加速度计,0.2143,5.5767,5.6850,,,,,,,
1568231804506689,加速度计,-0.3232,6.5631,5.7934,,,,,,,
1568231791992679,陀螺仪,,,,,,,,0.0043,-0.1121,-0.2778
1568231814525439,加速度计,-0.3980,7.8596,5.8257,,,,,,,
1568231812030908,陀螺仪,,,,,,,,0.0320,-0.1236,-0.3047
1568231824549814,加速度计,-0.1377,7.7835,6.2153,,,,,,,
1568231834563148,加速度计,-0.2879,8.5653,6.4344,,,,,,,
1568231832066533,陀螺仪,,,,,,,,0.0024,-0.1555,-0.2859
1568231844576585,加速度计,-0.1850,7.8578,8.2786,,,,,,,
1568231852094033,陀螺仪,,,,,,,,0.0068,-0.1631,-0.2991
1568231854590439,加速度计,-0.1323,7.0749,6.1501,,,,,,,
1568231864604710,加速度计,-0.3681,6.9809,4.4179,,,,,,,
1568231872123408,陀螺仪,,,,,,,,-0.0382,-0.1908,-0.2870
1568231874619502,加速度计,0.0371,6.3650,5.1942,,,,,,,
1568231884635127,加速度计,-0.4675,7.5100,9.0405,,,,,,,
1568231892155908,陀螺仪,,,,,,,,-0.0197,-0.1832,-0.2852
1568231894651585,加速度计,-0.2101,8.1307,8.8502,,,,,,,
1568231904668877,加速度计,0.1407,8.0206,4.7908,,,,,,,
1568231912191741,陀螺仪,,,,,,,,-0.0435,-0.1913,-0.2708
1568231914687002,加速度计,-0.1939,5.7910,6.0430,,,,,,,
1568231924705960,加速度计,-0.6309,6.3590,6.3458,,,,,,,
1568231932230908,陀螺仪,,,,,,,,-0.0683,-0.1949,-0.2352
1568231934725752,加速度计,-0.0215,7.3951,7.3897,,,,,,,
1568231944746377,加速度计,-0.0730,7.3717,9.6474,,,,,,,
1568231954767835,加速度计,-0.3226,7.8183,10.8002,,,,,,,
1568231952273408,陀螺仪,,,,,,,,-0.0228,-0.1859,-0.1979
1568231964790023,加速度计,-0.3932,6.1196,10.2059,,,,,,,
1568231972318408,陀螺仪,,,,,,,,0.1093,-0.1446,-0.1655
1568231974812627,加速度计,0.0162,8.3001,5.8353,,,,,,,
1568231984835543,加速度计,-0.5543,7.6662,3.6943,,,,,,,
1568231992364241,陀螺仪,,,,,,,,0.0181,-0.1582,-0.1116
1568231994858460,加速度计,0.2221,6.9444,4.9991,,,,,,,
1568232004881377,加速度计,0.0988,6.8432,6.1447,,,,,,,
1568232012408408,陀螺仪,,,,,,,,-0.0348,-0.1407,-0.1021
1568232014903460,加速度计,0.1778,7.2808,5.3097,,,,,,,
1568232024922835,加速度计,-0.5656,6.8049,8.7035,,,,,,,
1568232034941585,加速度计,0.0700,7.4214,11.1414,,,,,,,
1568232032446325,陀螺仪,,,,,,,,-0.0491,-0.1394,-0.0788
1568232044960335,加速度计,0.1909,7.0533,10.3777,,,,,,,
1568232052483825,陀螺仪,,,,,,,,0.0771,-0.1045,-0.0748
1568232054979085,加速度计,-0.5962,6.0639,5.1362,,,,,,,
1568232064998252,加速度计,-0.3621,5.5420,0.8212,,,,,,,
1568232075018304,加速度计,0.3478,5.3331,11.7633,,,,,,,
1568232072522523,陀螺仪,,,,,,,,-0.0165,-0.1605,-0.0627
1568232085034971,加速度计,0.7296,7.9003,11.7148,,,,,,,
1568232092555856,陀螺仪,,,,,,,,0.1498,-0.0985,-0.0977
1568232095051637,加速度计,-0.0551,8.9896,3.8834,,,,,,,
1568232105068304,加速度计,0.0473,6.9043,-1.0379,,,,,,,
1568232115084971,加速度计,-1.3904,3.8840,2.0716,,,,,,,
1568232112589189,陀螺仪,,,,,,,,-0.0425,-0.1470,-0.1032
1568232125101793,加速度计,-0.6794,5.9508,7.1341,,,,,,,
1568232132623460,陀螺仪,,,,,,,,-0.0349,-0.1170,-0.0871
1568232135119033,加速度计,2.0548,8.7813,2.6689,,,,,,,
1568232145136689,加速度计,-1.1390,7.0336,5.8664,,,,,,,
1568232155154762,加速度计,1.8429,4.4670,17.7237,,,,,,,
1568232152659398,陀螺仪,,,,,,,,-0.1792,-0.1682,-0.1256
1568232165173252,加速度计,-1.1654,8.9824,17.0778,,,,,,,
1568232172697002,陀螺仪,,,,,,,,0.1490,-0.1413,-0.1799
1568232175192158,加速度计,0.7153,13.4255,5.5168,,,,,,,
1568232185211481,加速度计,-0.0180,2.6408,10.2586,,,,,,,
1568232192736273,陀螺仪,,,,,,,,0.1798,-0.1968,-0.1802
1568232195231221,加速度计,-1.7490,1.8268,2.8054,,,,,,,
1568232205251377,加速度计,-0.5596,11.1606,-4.0330,,,,,,,
1568232212776950,陀螺仪,,,,,,,,0.0043,-0.2908,-0.1511
1568232215271793,加速度计,3.4273,10.2077,1.9327,,,,,,,
1568232225292210,加速度计,3.9582,3.9115,6.9803,,,,,,,
1568232232817783,陀螺仪,,,,,,,,-0.1057,-0.2671,-0.3980
1568232235312627,加速度计,1.0912,6.5990,11.3617,,,,,,,
1568232245333043,加速度计,-1.2270,10.4746,13.4321,,,,,,,
1568232252858616,陀螺仪,,,,,,,,0.0879,-0.2057,-0.3899
1568232255353460,加速度计,-2.4265,7.8697,16.0884,,,,,,,
1568232265373877,加速度计,-1.6903,7.1605,-1.0229,,,,,,,
1568232272898929,陀螺仪,,,,,,,,0.0573,-0.3597,-0.2613
1568232275393981,加速度计,-0.7685,8.4910,2.0141,,,,,,,
1568232285413252,加速度计,1.8052,7.2688,17.0898,,,,,,,
1568232292936741,陀螺仪,,,,,,,,0.1510,-0.2989,-0.2912
1568232295432002,加速度计,3.8888,8.4713,11.2671,,,,,,,
1568232305450752,加速度计,-0.8541,11.5436,-5.9149,,,,,,,
1568232312977366,陀螺仪,,,,,,,,-0.0575,-0.3108,-0.3273
1568232315471377,加速度计,0.9679,4.3018,-9.5762,,,,,,,
1568232325497418,加速度计,-0.7314,1.0211,20.3399,,,,,,,
1568232335502158,加速度计,-1.1073,8.6856,12.7090,,,,,,,
1568232333003460,陀螺仪,,,,,,,,-0.0342,-0.3035,-0.1639
1568232345507471,加速度计,1.5167,12.7581,6.2255,,,,,,,
1568232353015596,陀螺仪,,,,,,,,0.0201,-0.2790,-0.1248
1568232355513773,加速度计,0.7494,7.5106,5.3678,,,,,,,
1568232365521481,加速度计,-1.1696,3.3914,8.0619,,,,,,,
1568232373033773,陀螺仪,,,,,,,,0.0850,-0.2043,-0.0842
1568232375531012,加速度计,-0.1616,8.7143,6.2429,,,,,,,
1568232385542783,加速度计,-0.2843,8.5096,5.4480,,,,,,,
1568232395557054,加速度计,-0.8733,6.4985,4.2288,,,,,,,
1568232393061064,陀螺仪,,,,,,,,-0.0081,-0.2041,0.0650
1568232405573825,加速度计,-0.0012,5.2726,4.5226,,,,,,,
1568232413098356,陀螺仪,,,,,,,,-0.0297,-0.1565,0.1208
1568232415593096,加速度计,-0.3831,8.8394,5.6629,,,,,,,
1568232425614710,加速度计,-1.1205,5.8867,11.2480,,,,,,,
1568232433144710,陀螺仪,,,,,,,,0.0791,-0.0916,0.2040
1568232435638408,加速度计,-0.7284,5.4767,9.0375,,,,,,,
1568232445664033,加速度计,-0.8428,6.6529,2.9341,,,,,,,
1568232455691168,加速度计,0.0575,5.8179,3.8702,,,,,,,
1568232453198200,陀螺仪,,,,,,,,0.0936,-0.0831,0.2964
1568232465719398,加速度计,-0.6901,5.9747,5.0248,,,,,,,
1568232473255648,陀螺仪,,,,,,,,0.0643,-0.0109,0.3699
1568232475748304,加速度计,-0.9864,12.5414,0.6111,,,,,,,
1568232485777471,加速度计,-0.2502,11.5628,8.2534,,,,,,,
1568232493311377,陀螺仪,,,,,,,,-0.1586,-0.0276,0.3846
1568232495805075,加速度计,-1.4766,6.0352,15.2457,,,,,,,
1568232505827887,加速度计,-2.6318,4.4472,10.6530,,,,,,,
1568232515846898,加速度计,-1.1283,3.1412,2.5582,,,,,,,
1568232513351637,陀螺仪,,,,,,,,0.0358,0.0463,0.4918
1568232525865648,加速度计,1.4946,4.1671,4.6196,,,,,,,
1568232533389137,陀螺仪,,,,,,,,0.0075,0.0672,0.4502
1568232535884398,加速度计,0.3472,8.5826,8.5425,,,,,,,
1568232545903148,加速度计,-1.6245,6.2716,14.8931,,,,,,,
1568232555922991,加速度计,1.0493,9.0836,6.2285,,,,,,,
1568232553428460,陀螺仪,,,,,,,,0.1152,0.1229,0.4679
1568232565959450,加速度计,0.2885,6.9899,3.0981,,,,,,,
1568232575995335,加速度计,1.2109,5.4396,1.8741,,,,,,,
1568232573488304,陀螺仪,,,,,,,,0.0096,0.1029,0.4200
1568232585967418,加速度计,0.8942,5.0015,8.0780,,,,,,,
1568232593435804,陀螺仪,,,,,,,,-0.0603,0.0427,0.2913
1568232595941585,加速度计,-0.1311,11.5754,4.5089,,,,,,,
1568232605919502,加速度计,1.1923,7.2018,13.5931,,,,,,,
1568232613399762,陀螺仪,,,,,,,,-0.0888,0.0332,0.2140
1568232615902731,加速度计,0.1885,5.7754,10.0305,,,,,,,
1568232625891481,加速度计,-1.0205,5.2313,3.7116,,,,,,,
1568232639776890,GPS,,,,31.9434,118.7819,4.8100,128.0000,,,
1568232635901846,加速度计,-0.4345,2.1901,6.8995,,,,,,,
1568232633405596,陀螺仪,,,,,,,,-0.0341,0.0465,0.2493
1568232645919293,加速度计,1.3384,7.1742,9.0716,,,,,,,
1568232655943460,加速度计,-0.8655,9.3691,10.5896,,,,,,,
1568232653450543,陀螺仪,,,,,,,,-0.0055,0.0461,0.2505
1568232665973929,加速度计,1.7358,9.8731,8.0948,,,,,,,
1568232676009918,加速度计,-1.3785,7.3622,4.1222,,,,,,,
1568232673519710,陀螺仪,,,,,,,,0.0198,0.0574,0.2143
1568232686050596,加速度计,0.9182,6.2549,-1.5239,,,,,,,
1568232696094762,加速度计,1.4742,6.4967,2.6785,,,,,,,
1568232693606273,陀螺仪,,,,,,,,-0.1728,-0.0108,0.1021
1568232706141533,加速度计,-1.8100,4.9422,23.9809,,,,,,,
1568232716189710,加速度计,-3.8451,7.5992,20.7182,,,,,,,
1568232713701846,陀螺仪,,,,,,,,0.0332,0.0622,0.1732
1568232726238043,加速度计,1.4838,12.2709,-6.7546,,,,,,,
1568232736261585,加速度计,1.7095,1.1989,-10.4621,,,,,,,
1568232733766481,陀螺仪,,,,,,,,-0.1189,-0.0688,0.2330
1568232746280491,加速度计,1.2779,3.9433,22.7898,,,,,,,
1568232756299241,加速度计,2.3361,13.1118,7.3023,,,,,,,
1568232753803981,陀螺仪,,,,,,,,0.1276,0.1067,0.0736
1568232766317991,加速度计,-0.9254,10.1879,-1.7915,,,,,,,
1568232776336741,加速度计,-1.2839,-0.8440,8.8274,,,,,,,
1568232773841481,陀螺仪,,,,,,,,-0.0834,-0.0710,0.0732
1568232786355491,加速度计,0.4040,5.8622,6.8384,,,,,,,
1568232796374241,加速度计,0.0132,11.1624,4.0504,,,,,,,
1568232793878981,陀螺仪,,,,,,,,0.0336,0.0072,0.1245
1568232806392991,加速度计,-1.4204,7.4759,8.2061,,,,,,,
1568232816411741,加速度计,-0.6530,5.8676,12.1619,,,,,,,
1568232813917262,陀螺仪,,,,,,,,-0.0475,0.0406,0.2490
1568232826434085,加速度计,0.2191,7.4543,11.3347,,,,,,,
1568232836448668,加速度计,-1.0169,6.2351,12.3301,,,,,,,
1568232833952366,陀螺仪,,,,,,,,0.0871,0.1667,0.3995
1568232846463252,加速度计,-0.1586,6.5607,0.9589,,,,,,,
1568232856477991,加速度计,0.7045,6.0077,-0.5423,,,,,,,
1568232853981793,陀螺仪,,,,,,,,0.0927,0.2298,0.5108
1568232866493148,加速度计,1.4754,6.5679,3.3507,,,,,,,
1568232876508721,加速度计,0.4998,6.9827,8.7837,,,,,,,
1568232874012731,陀螺仪,,,,,,,,-0.0868,0.2467,0.4356
1568232886524866,加速度计,-1.2216,7.6225,8.1373,,,,,,,
1568232896541846,加速度计,-1.2324,6.2944,7.8727,,,,,,,
1568232894046273,陀螺仪,,,,,,,,-0.0268,0.2704,0.4621
1568232906559658,加速度计,0.4004,6.8199,4.6184,,,,,,,
1568232916578304,加速度计,-0.3998,6.2740,7.4160,,,,,,,
1568232914083148,陀螺仪,,,,,,,,-0.0356,0.2329,0.3661
1568232926597783,加速度计,-0.1287,8.6634,9.5475,,,,,,,
1568232936617939,加速度计,-0.4675,7.1114,10.0604,,,,,,,
1568232934123096,陀螺仪,,,,,,,,0.0100,0.1943,0.3117
1568232946638512,加速度计,1.4808,7.8326,5.7203,,,,,,,
1568232956659502,加速度计,1.3976,7.1838,3.6458,,,,,,,
1568232954164866,陀螺仪,,,,,,,,0.0511,0.1794,0.2453
1568232966680908,加速度计,1.0690,5.8502,6.4727,,,,,,,
1568232976702575,加速度计,1.1277,8.8137,6.1070,,,,,,,
1568232974208043,陀螺仪,,,,,,,,0.0225,0.1571,0.1471
1568232986724241,加速度计,0.8422,8.0182,7.4352,,,,,,,
1568232996745908,加速度计,1.4204,7.1287,7.6249,,,,,,,
1568232994251377,陀螺仪,,,,,,,,-0.0130,0.1534,0.1085
1568233006767575,加速度计,-0.0144,4.0779,9.9479,,,,,,,
1568233014293929,陀螺仪,,,,,,,,0.1430,0.1951,0.1382
1568233016788773,加速度计,0.3693,1.3940,11.6412,,,,,,,
1568233026808564,加速度计,2.6175,15.8646,-5.0506,,,,,,,
1568233036827314,加速度计,0.6500,10.0479,7.9266,,,,,,,
1568233034332054,陀螺仪,,,,,,,,0.0105,0.1786,0.0904
1568233046846064,加速度计,3.1735,9.1740,9.5666,,,,,,,
1568233056864814,加速度计,-2.7659,2.1685,16.8594,,,,,,,
1568233054369554,陀螺仪,,,,,,,,-0.0601,0.2016,0.0158
1568233066883721,加速度计,2.1057,5.1236,3.1520,,,,,,,
1568233076904606,加速度计,-0.1586,7.0419,0.9020,,,,,,,
1568233074408616,陀螺仪,,,,,,,,0.0606,0.2250,0.1470
1568233086920439,加速度计,1.5646,7.6525,7.4777,,,,,,,
1568233094440283,陀螺仪,,,,,,,,-0.0048,0.2148,0.0168
1568233096936273,加速度计,0.6668,3.9690,11.0570,,,,,,,
1568233106952106,加速度计,0.3867,7.7596,5.5743,,,,,,,
1568233116968096,加速度计,0.5890,7.9505,6.6810,,,,,,,
1568233114472210,陀螺仪,,,,,,,,0.0800,0.1723,-0.0305
1568233126984502,加速度计,0.8458,5.5857,6.4494,,,,,,,
1568233137001325,加速度计,0.1107,6.4099,5.3067,,,,,,,
1568233134505648,陀螺仪,,,,,,,,0.0708,0.1683,-0.1100
1568233147018564,加速度计,1.6771,9.9042,1.9908,,,,,,,
1568233157036221,加速度计,0.1933,10.4740,4.6866,,,,,,,
1568233154540752,陀螺仪,,,,,,,,-0.1244,0.0503,-0.2272
1568233167054293,加速度计,-0.6620,5.3157,14.3820,,,,,,,
1568233174577523,陀螺仪,,,,,,,,-0.0835,0.0911,-0.2332
1568233177072783,加速度计,1.2611,7.5495,9.8192,,,,,,,
1568233187091689,加速度计,-2.6743,1.9034,12.9203,,,,,,,
1568233194615960,陀螺仪,,,,,,,,0.1016,0.1844,0.0337
1568233197111012,加速度计,-0.5213,4.3766,4.1911,,,,,,,
1568233207130752,加速度计,1.9758,6.8145,1.8184,,,,,,,
1568233214656064,陀螺仪,,,,,,,,0.0033,0.1574,-0.0526
1568233217150908,加速度计,2.0859,8.7299,5.4061,,,,,,,
1568233227171481,加速度计,0.6153,6.9186,12.5773,,,,,,,
1568233237192471,加速度计,-1.1175,7.1850,11.0127,,,,,,,
1568233234697835,陀螺仪,,,,,,,,0.0905,0.1457,-0.1407
1568233247213721,加速度计,0.9858,8.7574,1.2707,,,,,,,
1568233254740335,陀螺仪,,,,,,,,0.0518,0.0796,-0.2117
1568233257234971,加速度计,1.4748,8.5868,0.9164,,,,,,,
1568233267256221,加速度计,-0.0922,5.3600,6.0615,,,,,,,
1568233277277471,加速度计,0.2562,6.6595,10.2861,,,,,,,
1568233274782835,陀螺仪,,,,,,,,-0.0294,-0.0044,-0.3525
1568233287298096,加速度计,0.7254,8.5437,8.3635,,,,,,,
1568233297317366,加速度计,0.6428,7.9547,9.8952,,,,,,,
1568233294822106,陀螺仪,,,,,,,,0.0719,0.0306,-0.2912
1568233307336116,加速度计,0.3831,6.9186,5.7485,,,,,,,
1568233317356585,加速度计,1.0738,7.3580,3.5225,,,,,,,
1568233314862471,陀螺仪,,,,,,,,0.0541,0.0702,-0.2469
1568233327384033,加速度计,0.3513,6.8504,3.7505,,,,,,,
1568233334887991,陀螺仪,,,,,,,,-0.0473,0.0252,-0.2650
1568233337387106,加速度计,0.1209,5.9550,8.5455,,,,,,,
1568233347390752,加速度计,0.1484,6.0513,9.5834,,,,,,,
1568233357395543,加速度计,0.7703,8.0553,3.6021,,,,,,,
1568233354897054,陀螺仪,,,,,,,,0.0328,0.0728,-0.2104
1568233367402158,加速度计,0.6614,7.3622,1.1139,,,,,,,
1568233377423148,加速度计,0.4788,5.7455,4.5891,,,,,,,
1568233374931116,陀螺仪,,,,,,,,-0.1441,-0.0072,-0.3272
1568233387455127,加速度计,-0.3047,4.9967,11.2869,,,,,,,
1568233394995804,陀螺仪,,,,,,,,-0.0775,-0.0581,-0.3699
1568233397487627,加速度计,0.3250,6.7038,14.3586,,,,,,,
1568233407518721,加速度计,0.7889,7.9057,9.6516,,,,,,,
1568233417543721,加速度计,1.4198,7.3789,4.5598,,,,,,,
1568233415048460,陀螺仪,,,,,,,,0.0422,-0.0182,-0.3630
1568233427562471,加速度计,1.1995,6.6457,1.7214,,,,,,,
1568233437581221,加速度计,0.3915,4.8710,6.3626,,,,,,,
1568233435085960,陀螺仪,,,,,,,,-0.1269,-0.1534,-0.5669
1568233447599971,加速度计,0.2909,6.3704,8.4396,,,,,,,
1568233457618721,加速度计,1.4168,6.4338,10.4471,,,,,,,
1568233455123460,陀螺仪,,,,,,,,-0.0529,-0.2216,-0.6189
1568233467637471,加速度计,0.7614,7.0994,6.8247,,,,,,,
1568233477656221,加速度计,2.0859,7.4537,5.0595,,,,,,,
1568233475160960,陀螺仪,,,,,,,,-0.0024,-0.2250,-0.6446
1568233487674971,加速度计,1.2617,7.3083,6.7403,,,,,,,
1568233497693721,加速度计,-0.0766,7.2036,10.7398,,,,,,,
1568233495198460,陀螺仪,,,,,,,,-0.0399,-0.2818,-0.7085
1568233507712471,加速度计,0.4375,7.3676,8.4126,,,,,,,
1568233517731221,加速度计,1.5993,8.0846,6.8660,,,,,,,
1568233515235960,陀螺仪,,,,,,,,0.0422,-0.2575,-0.6230
1568233527749971,加速度计,0.4890,7.2580,6.6337,,,,,,,
1568233535273460,陀螺仪,,,,,,,,0.0055,-0.2486,-0.5859
1568233537768721,加速度计,-0.1425,6.0639,7.7901,,,,,,,
1568233547787471,加速度计,-0.1712,7.6824,5.9089,,,,,,,
1568233557806221,加速度计,0.7578,7.4956,4.6783,,,,,,,
1568233555310960,陀螺仪,,,,,,,,0.0241,-0.2226,-0.5057
1568233567826064,加速度计,-0.4717,7.4861,6.8803,,,,,,,
1568233575351168,陀螺仪,,,,,,,,-0.0301,-0.2419,-0.4862
1568233577847679,加速度计,-0.2753,7.1317,7.9356,,,,,,,
1568233587861429,加速度计,-1.1325,5.6683,8.6048,,,,,,,
1568233595378981,陀螺仪,,,,,,,,0.0558,-0.2139,-0.3883
1568233597875387,加速度计,-0.7015,6.6451,3.7469,,,,,,,
1568233607889762,加速度计,0.2801,8.6485,1.1833,,,,,,,
1568233617904554,加速度计,0.0042,6.0663,6.6218,,,,,,,
1568233627934710,加速度计,-1.3707,7.7620,8.9609,,,,,,,
1568233615408356,陀螺仪,,,,,,,,-0.0887,-0.2734,-0.4268
1568233643643244,GPS,,,,31.9434,118.7819,4.3400,140.9000,,,
1568233637958408,加速度计,-0.7715,6.7301,10.1975,,,,,,,
1568233635462627,陀螺仪,,,,,,,,-0.0505,-0.2558,-0.3402
1568233647975075,加速度计,-0.8493,7.1329,6.3273,,,,,,,
1568233657991741,加速度计,-0.1413,6.1441,4.6681,,,,,,,
1568233655495960,陀螺仪,,,,,,,,-0.0357,-0.2020,-0.2109
1568233668008408,加速度计,-1.0074,5.6204,6.0777,,,,,,,
1568233678025075,加速度计,-0.3286,6.1148,8.1307,,,,,,,
1568233675529346,陀螺仪,,,,,,,,-0.0622,-0.1939,-0.1658
1568233688042106,加速度计,-0.4812,6.0178,10.0760,,,,,,,
1568233698059554,加速度计,-0.5806,6.2213,7.8171,,,,,,,
1568233695564033,陀螺仪,,,,,,,,0.0466,-0.1308,-0.0647
1568233708077418,加速度计,-0.2077,6.8019,3.4171,,,,,,,
1568233718095700,加速度计,-0.1562,7.0958,4.2641,,,,,,,
1568233715600387,陀螺仪,,,,,,,,0.0176,-0.1449,-0.0682
1568233728114398,加速度计,0.0311,8.4791,5.9622,,,,,,,
1568233738133512,加速度计,0.0407,7.3041,12.1099,,,,,,,
1568233735638408,陀螺仪,,,,,,,,-0.0297,-0.1755,-0.1189
1568233748153043,加速度计,0.2705,8.2307,8.1295,,,,,,,
1568233758172991,加速度计,-0.2358,6.2590,6.1938,,,,,,,
1568233755678096,陀螺仪,,,,,,,,0.0478,-0.1384,-0.0662
1568233768193356,加速度计,0.8350,7.0300,5.1469,,,,,,,
1568233778213773,加速度计,-0.2035,5.2259,9.8468,,,,,,,
1568233775718929,陀螺仪,,,,,,,,0.0017,-0.1490,-0.0897
1568233788234189,加速度计,0.3998,7.4771,10.9708,,,,,,,
1568233798254606,加速度计,-0.5088,7.6483,8.7933,,,,,,,
1568233795759762,陀螺仪,,,,,,,,0.1357,-0.1105,-0.0459
1568233808275023,加速度计,0.3705,8.7682,2.9299,,,,,,,
1568233818295439,加速度计,1.1552,8.3127,1.7621,,,,,,,
1568233815802835,陀螺仪,,,,,,,,0.0557,-0.1625,-0.1272
1568233828320700,加速度计,0.1413,7.6950,5.1194,,,,,,,
1568233838330700,加速度计,-0.1526,6.4584,12.7808,,,,,,,
1568233835833252,陀螺仪,,,,,,,,-0.0716,-0.2803,-0.2900
1568233848340908,加速度计,-0.7398,7.4729,11.4988,,,,,,,
1568233858351741,加速度计,0.6554,7.8051,6.9234,,,,,,,
1568233855854606,陀螺仪,,,,,,,,0.0802,-0.2210,-0.2049
1568233868363616,加速度计,-0.4328,8.0577,2.9269,,,,,,,
1568233875880231,陀螺仪,,,,,,,,-0.0502,-0.2668,-0.2494
1568233878376741,加速度计,0.3466,6.6493,4.2988,,,,,,,
1568233888400127,加速度计,-0.2292,5.5402,7.8386,,,,,,,
1568233898437575,加速度计,-0.6225,5.7604,10.1999,,,,,,,
1568233895945439,陀螺仪,,,,,,,,-0.0422,-0.2917,-0.2450
1568233908467262,加速度计,-0.2263,7.8177,7.8081,,,,,,,
1568233918486012,加速度计,-0.5980,6.1507,5.6551,,,,,,,
1568233915990752,陀螺仪,,,,,,,,0.0264,-0.2378,-0.1676
1568233928504762,加速度计,-0.4286,6.7421,2.7019,,,,,,,
1568233936028252,陀螺仪,,,,,,,,-0.0383,-0.2768,-0.1527
1568233938523512,加速度计,-0.1018,5.6928,7.1994,,,,,,,
1568233948542262,加速度计,-0.8493,5.7048,9.8354,,,,,,,
1568233956065752,陀螺仪,,,,,,,,0.0703,-0.2080,-0.0642
1568233958561012,加速度计,-0.5602,7.2808,6.8732,,,,,,,
1568233968579762,加速度计,-0.2867,8.2378,3.9510,,,,,,,
1568233978598512,加速度计,-0.3148,6.6242,7.0066,,,,,,,
1568233976103252,陀螺仪,,,,,,,,-0.0198,-0.2256,-0.0068
1568233988617262,加速度计,-0.8045,6.5673,9.0028,,,,,,,
1568233998636012,加速度计,-0.0928,6.2501,3.3710,,,,,,,
1568233996140752,陀螺仪,,,,,,,,0.0358,-0.1598,0.0760
1568234008654762,加速度计,-0.6189,6.2752,3.5231,,,,,,,
1568234018673512,加速度计,0.1616,6.3482,8.6856,,,,,,,
1568234016178252,陀螺仪,,,,,,,,-0.0760,-0.1901,0.1174
1568234028692262,加速度计,0.1688,6.0460,19.9904,,,,,,,
1568234036215752,陀螺仪,,,,,,,,0.1831,0.0141,0.2676
1568234038711012,加速度计,-2.1817,8.6012,11.5849,,,,,,,
1568234048729762,加速度计,-1.3641,7.6237,1.5401,,,,,,,
1568234056253252,陀螺仪,,,,,,,,0.1294,0.0107,0.3876
1568234058748512,加速度计,0.2328,7.3496,-7.0629,,,,,,,
1568234068769398,加速度计,-0.3442,5.9897,5.6940,,,,,,,
1568234078800023,加速度计,0.8140,6.6200,13.1627,,,,,,,
1568234076298616,陀螺仪,,,,,,,,-0.1427,-0.1248,0.1543
1568234088794606,加速度计,-1.3030,8.0942,13.2328,,,,,,,
1568234096289658,陀螺仪,,,,,,,,0.1611,-0.0549,0.1905
1568234098790439,加速度计,-1.6789,9.3829,4.9380,,,,,,,
1568234108788356,加速度计,-0.9128,8.0882,0.4052,,,,,,,
1568234118789189,加速度计,0.5997,8.1576,3.8756,,,,,,,
1568234116289866,陀螺仪,,,,,,,,-0.0625,-0.1610,0.0875
1568234128793564,加速度计,-0.8170,6.9312,10.5303,,,,,,,
1568234138801898,加速度计,-1.0989,5.6635,11.9064,,,,,,,
1568234136304554,陀螺仪,,,,,,,,-0.0368,-0.2087,0.0573
1568234148814398,加速度计,-0.6117,6.2572,9.0214,,,,,,,
1568234158831064,加速度计,0.3621,8.7634,2.4157,,,,,,,
1568234156335804,陀螺仪,,,,,,,,0.0860,-0.0981,0.2244
1568234168851898,加速度计,-0.0778,8.4102,5.8185,,,,,,,
1568234178876689,加速度计,-0.6584,7.0156,10.8062,,,,,,,
1568234176383408,陀螺仪,,,,,,,,-0.0782,-0.1534,0.1549
1568234188905023,加速度计,-1.6586,5.7467,12.1021,,,,,,,
1568234198936481,加速度计,-0.8781,6.1980,6.4129,,,,,,,
1568234196444762,陀螺仪,,,,,,,,0.0775,-0.0827,0.3088
1568234208970439,加速度计,0.2777,6.6649,2.5289,,,,,,,
1568234216515179,陀螺仪,,,,,,,,-0.0003,-0.0655,0.3065
1568234219006064,加速度计,0.4393,6.1776,4.6465,,,,,,,
1568234229042523,加速度计,-0.2173,6.5751,7.0635,,,,,,,
1568234236588408,陀螺仪,,,,,,,,-0.0088,-0.0778,0.2779
1568234239079189,加速度计,-0.7129,6.5811,12.3888,,,,,,,
1568234249107523,加速度计,-0.5782,6.4039,9.8713,,,,,,,
1568234256631637,陀螺仪,,,,,,,,0.1338,0.0277,0.4249
1568234259126898,加速度计,0.4238,7.6231,5.8221,,,,,,,
1568234269145648,加速度计,0.4764,7.3975,3.9002,,,,,,,
1568234276669137,陀螺仪,,,,,,,,0.0316,0.0272,0.4192
1568234279164398,加速度计,0.1987,6.6816,5.7646,,,,,,,
1568234289183148,加速度计,1.1438,6.0507,9.3733,,,,,,,
1568234296706637,陀螺仪,,,,,,,,0.0929,0.0933,0.4507
1568234299201898,加速度计,-0.3855,6.7349,8.1163,,,,,,,
1568234309220648,加速度计,1.1546,7.5244,6.8953,,,,,,,
1568234319241898,加速度计,0.2807,7.1856,6.2632,,,,,,,
1568234316750752,陀螺仪,,,,,,,,0.0948,0.1442,0.4969
1568234329267314,加速度计,0.2065,5.9197,7.5836,,,,,,,
1568234339268773,加速度计,0.4639,6.9270,6.9414,,,,,,,
1568234336769241,陀螺仪,,,,,,,,0.1346,0.1794,0.5077
1568234349271064,加速度计,0.6554,8.4306,6.0801,,,,,,,
1568234359274814,加速度计,2.3786,9.8689,2.3882,,,,,,,
1568234356776012,陀螺仪,,,,,,,,0.0866,0.2049,0.4555
1568234369280439,加速度计,-0.8918,8.0475,6.5469,,,,,,,
1568234379288356,加速度计,0.1329,6.8642,7.6662,,,,,,,
1568234376790700,陀螺仪,,,,,,,,-0.0344,0.1384,0.3336
1568234389298981,加速度计,-2.1362,2.6941,11.6586,,,,,,,
1568234396816325,陀螺仪,,,,,,,,0.1525,0.2048,0.4659
1568234399312523,加速度计,1.4820,8.2660,3.4554,,,,,,,
1568234409329189,加速度计,2.2889,8.3396,2.4014,,,,,,,
1568234419348981,加速度计,0.9307,7.5178,5.6587,,,,,,,
1568234416854346,陀螺仪,,,,,,,,0.0123,0.1671,0.2674
1568234429371689,加速度计,-1.0756,6.7062,7.2161,,,,,,,
1568234439397106,加速度计,0.3926,7.0204,7.3634,,,,,,,
1568234436903825,陀螺仪,,,,,,,,0.0133,0.0792,0.1634
1568234449424814,加速度计,0.7051,7.2006,7.0898,,,,,,,
1568234459454398,加速度计,0.6644,7.0946,7.6154,,,,,,,
1568234456962054,陀螺仪,,,,,,,,0.0134,0.0497,0.0874
1568234469485439,加速度计,-0.5064,6.2968,7.2245,,,,,,,
1568234477025387,陀螺仪,,,,,,,,0.0162,0.0237,0.0356
1568234479517314,加速度计,0.0317,7.5100,6.2375,,,,,,,
1568234489549398,加速度计,0.0431,7.2083,6.9043,,,,,,,
1568234499576898,加速度计,0.2197,6.8839,6.7271,,,,,,,
1568234497082679,陀螺仪,,,,,,,,-0.0366,-0.0158,0.0088
1568234509597731,加速度计,0.2658,7.2963,8.7125,,,,,,,
1568234519616481,加速度计,0.7661,6.3494,11.5125,,,,,,,
1568234517121221,陀螺仪,,,,,,,,-0.0254,-0.0293,-0.0220
1568234529635231,加速度计,0.0581,6.2734,6.5553,,,,,,,
1568234537158721,陀螺仪,,,,,,,,0.0297,-0.0130,0.0057
1568234539653981,加速度计,1.3988,6.4751,0.6919,,,,,,,
1568234549672731,加速度计,1.8537,7.4974,-1.1773,,,,,,,
1568234559691481,加速度计,1.1205,6.4961,8.6036,,,,,,,
1568234557196221,陀螺仪,,,,,,,,-0.2029,-0.1513,-0.2177
1568234569711273,加速度计,-0.3484,7.0838,14.9033,,,,,,,
1568234579731064,加速度计,0.8416,8.8735,9.3721,,,,,,,
1568234577234971,陀螺仪,,,,,,,,-0.0258,-0.1189,-0.1843
1568234589746481,加速度计,0.4064,7.2760,3.4854,,,,,,,
1568234599761898,加速度计,1.7101,6.7463,1.2133,,,,,,,
1568234597265804,陀螺仪,,,,,,,,-0.0888,-0.1288,-0.1603
1568234609777575,加速度计,0.2717,5.8843,7.6740,,,,,,,
1568234619793668,加速度计,0.2831,7.1126,12.4840,,,,,,,
1568234617297783,陀螺仪,,,,,,,,-0.1394,-0.1557,-0.1718
1568234629819137,加速度计,0.1454,7.3346,11.7789,,,,,,,
1568234645458764,GPS,,,,31.9433,118.7819,3.3000,148.2000,,,
1568234639842887,加速度计,1.0163,6.8534,8.1403,,,,,,,
1568234637347627,陀螺仪,,,,,,,,0.0377,-0.0254,0.0274
1568234649861637,加速度计,1.2139,7.7219,1.9561,,,,,,,
1568234659880387,加速度计,0.3723,7.6878,3.4135,,,,,,,
1568234657385127,陀螺仪,,,,,,,,-0.0893,-0.0242,0.0333
1568234669899137,加速度计,-0.2424,6.3865,8.3881,,,,,,,
1568234679917887,加速度计,-0.5177,5.4312,9.9916,,,,,,,
1568234677422627,陀螺仪,,,,,,,,-0.0929,-0.0286,0.0760
1568234689936637,加速度计,-0.2723,7.4310,10.1993,,,,,,,
1568234699955387,加速度计,0.7626,7.7231,6.1561,,,,,,,
1568234697460127,陀螺仪,,,,,,,,0.0057,0.0627,0.2143
1568234709974137,加速度计,-0.0132,5.9957,5.7227,,,,,,,
1568234719992887,加速度计,-0.1095,7.1629,1.8609,,,,,,,
1568234717497627,陀螺仪,,,,,,,,-0.0358,0.0927,0.2345
1568234730011637,加速度计,-0.4986,6.0088,6.5266,,,,,,,
1568234737535127,陀螺仪,,,,,,,,-0.0820,0.0883,0.2767
1568234740030387,加速度计,-0.0880,5.3480,11.9572,,,,,,,
1568234750049137,加速度计,-0.5890,7.4801,9.7785,,,,,,,
1568234760067887,加速度计,-0.1035,6.2968,8.1151,,,,,,,
1568234757572627,陀螺仪,,,,,,,,0.0563,0.2189,0.4535
1568234770086637,加速度计,-0.8146,6.5248,5.4510,,,,,,,
1568234780105387,加速度计,0.3944,6.5326,4.9087,,,,,,,
1568234777610127,陀螺仪,,,,,,,,0.0376,0.3039,0.5751
1568234790124137,加速度计,-0.3298,6.4051,5.2325,,,,,,,
1568234800143721,加速度计,-0.1263,7.2844,7.9673,,,,,,,
1568234797649293,陀螺仪,,,,,,,,-0.0181,0.3296,0.5703
1568234810179137,加速度计,-1.5269,5.8035,10.6201,,,,,,,
1568234820259450,加速度计,-0.5543,6.3566,7.0629,,,,,,,
1568234817783981,陀螺仪,,,,,,,,0.0686,0.4117,0.6730
1568234830261741,加速度计,0.6566,7.4789,2.4169,,,,,,,
1568234837636064,陀螺仪,,,,,,,,-0.0425,0.4000,0.6293
1568234840160700,加速度计,1.0086,6.3285,2.2386,,,,,,,
1568234850066533,加速度计,-0.4070,6.7630,12.0063,,,,,,,
1568234859983616,加速度计,-0.3729,5.8700,15.0248,,,,,,,
1568234857464606,陀螺仪,,,,,,,,-0.0201,0.4246,0.5812
1568234869915491,加速度计,-0.3549,6.7241,11.0588,,,,,,,
1568234879864866,加速度计,1.6586,6.5793,2.7898,,,,,,,
1568234877354606,陀螺仪,,,,,,,,0.1695,0.5129,0.6923
1568234889833825,加速度计,2.0231,5.0757,2.6187,,,,,,,
1568234899836793,加速度计,3.0287,7.4148,1.9405,,,,,,,
1568234897359762,陀螺仪,,,,,,,,0.0510,0.4800,0.4860
1568234909934710,加速度计,1.9327,8.2780,6.3099,,,,,,,
1568234920046012,加速度计,-0.1443,6.8516,11.6179,,,,,,,
1568234917575335,陀螺仪,,,,,,,,-0.0158,0.3626,0.2158
1568234930166221,加速度计,-0.3609,6.3961,13.4153,,,,,,,
1568234940291116,加速度计,1.8663,7.0156,7.8697,,,,,,,
1568234937822158,陀螺仪,,,,,,,,0.1429,0.3694,0.2256
1568234950413981,加速度计,1.5036,8.0457,2.4235,,,,,,,
1568234960445700,加速度计,-0.9194,8.8998,1.6580,,,,,,,
1568234957950439,陀螺仪,,,,,,,,0.0567,0.2880,0.0554
1568234970464450,加速度计,-3.2561,8.4288,4.7279,,,,,,,
1568234980483200,加速度计,0.4651,11.0486,5.7539,,,,,,,
1568234977987939,陀螺仪,,,,,,,,-0.0081,0.0193,-0.1506
1568234990501950,加速度计,2.4666,9.0537,8.0882,,,,,,,
1568235000520700,加速度计,-0.8733,6.6864,9.0531,,,,,,,
1568234998025439,陀螺仪,,,,,,,,0.0298,-0.0611,-0.4554
1568235010539450,加速度计,-1.0427,4.8572,5.9945,,,,,,,
1568235020558200,加速度计,1.7657,8.3306,2.9868,,,,,,,
1568235018062939,陀螺仪,,,,,,,,0.0373,-0.0372,-0.3230
1568235030576950,加速度计,2.3834,8.7233,4.1049,,,,,,,
1568235040595700,加速度计,1.0217,7.7554,10.0132,,,,,,,
1568235038100439,陀螺仪,,,,,,,,-0.0531,-0.0236,-0.3340
1568235050614450,加速度计,0.1317,5.3403,8.0481,,,,,,,
1568235060633200,加速度计,1.4826,8.0355,4.1234,,,,,,,
1568235058137939,陀螺仪,,,,,,,,0.0206,0.0025,-0.2201
1568235070651950,加速度计,1.5897,7.7219,6.0041,,,,,,,
1568235080674189,加速度计,0.2556,7.0006,9.8432,,,,,,,
1568235078177783,陀螺仪,,,,,,,,-0.0410,0.0044,-0.2405
1568235090688356,加速度计,-0.5154,6.6110,5.9167,,,,,,,
1568235098206116,陀螺仪,,,,,,,,-0.0224,-0.0249,-0.2217
1568235100702523,加速度计,1.3838,8.8915,2.5402,,,,,,,
1568235110716898,加速度计,0.3675,5.5755,6.2884,,,,,,,
1568235120731689,加速度计,-0.2185,6.0436,11.3012,,,,,,,
1568235118235491,陀螺仪,,,,,,,,-0.1008,-0.1129,-0.3419
1568235130747106,加速度计,0.1778,7.9296,11.7908,,,,,,,
1568235138267575,陀螺仪,,,,,,,,0.0433,-0.1778,-0.4513
1568235140763356,加速度计,0.2735,7.5316,7.7889,,,,,,,
1568235150783096,加速度计,0.8475,6.0041,4.1402,,,,,,,
1568235160817679,加速度计,0.8015,6.7014,4.4586,,,,,,,
1568235158324762,陀螺仪,,,,,,,,0.0108,-0.2976,-0.5860
1568235170840960,加速度计,0.4345,7.6638,10.4968,,,,,,,
1568235180860075,加速度计,0.5028,7.8243,7.5735,,,,,,,
1568235178364814,陀螺仪,,,,,,,,0.0274,-0.3567,-0.6197
1568235190878825,加速度计,1.5048,7.4083,7.8961,,,,,,,
1568235200897575,加速度计,0.6530,6.4003,5.4163,,,,,,,
1568235198402314,陀螺仪,,,,,,,,0.0140,-0.3663,-0.5977
1568235210916325,加速度计,0.0688,5.7024,7.0910,,,,,,,
1568235220935075,加速度计,0.0664,8.1379,3.3196,,,,,,,
1568235218439814,陀螺仪,,,,,,,,0.0138,-0.3521,-0.4645
1568235230953825,加速度计,0.9295,6.6816,8.9100,,,,,,,
1568235240972575,加速度计,0.8146,6.6433,6.6349,,,,,,,
1568235238477314,陀螺仪,,,,,,,,0.0177,-0.2502,-0.2782
1568235250991325,加速度计,-0.0587,7.8757,3.7254,,,,,,,
1568235261010075,加速度计,0.5088,8.1936,7.0000,,,,,,,
1568235258514814,陀螺仪,,,,,,,,-0.0049,-0.1642,-0.0935
1568235271028825,加速度计,-0.6309,6.8085,11.1833,,,,,,,
1568235281047575,加速度计,-1.9483,6.9731,10.9026,,,,,,,
1568235278552314,陀螺仪,,,,,,,,0.0755,-0.0410,0.1184
1568235291066325,加速度计,-2.3116,7.6872,1.8902,,,,,,,
1568235301085075,加速度计,0.9343,7.3909,1.6131,,,,,,,
1568235298589814,陀螺仪,,,,,,,,0.0663,0.0083,0.3392
1568235311103825,加速度计,0.5626,5.6407,9.5164,,,,,,,
1568235321122575,加速度计,-1.1935,7.9996,7.5747,,,,,,,
1568235318628773,陀螺仪,,,,,,,,0.0040,0.0704,0.3603
1568235331144918,加速度计,-0.4729,6.6445,8.2468,,,,,,,
1568235341159085,加速度计,-0.5255,6.2118,5.9161,,,,,,,
1568235338662679,陀螺仪,,,,,,,,0.0389,0.0980,0.4344
1568235351173252,加速度计,-0.7745,5.0733,7.6579,,,,,,,
1568235361187627,加速度计,-0.9517,7.9182,6.0735,,,,,,,
1568235358691325,陀螺仪,,,,,,,,0.0169,0.0855,0.4095
1568235371202418,加速度计,-0.1454,6.8127,10.7428,,,,,,,
1568235381217835,加速度计,-0.4573,7.2532,10.0395,,,,,,,
1568235378721846,陀螺仪,,,,,,,,0.0656,0.0506,0.3739
1568235391234085,加速度计,-0.7889,5.7832,8.0146,,,,,,,
1568235401251168,加速度计,-0.8577,6.8869,3.2795,,,,,,,
1568235398755596,陀螺仪,,,,,,,,0.1209,0.0127,0.2875
1568235411269085,加速度计,-0.3639,6.1579,4.5053,,,,,,,
1568235418792679,陀螺仪,,,,,,,,0.0427,-0.0651,0.2101
1568235421287835,加速度计,-0.6051,6.3434,6.3243,,,,,,,
1568235431307418,加速度计,-0.3017,7.8410,9.4703,,,,,,,
1568235441327835,加速度计,0.5483,8.1175,10.8308,,,,,,,
1568235438833096,陀螺仪,,,,,,,,0.0772,-0.0943,0.1791
1568235451348877,加速度计,0.1233,8.6568,7.6309,,,,,,,
1568235458875804,陀螺仪,,,,,,,,0.1132,-0.0961,0.1590
1568235461370335,加速度计,-0.1377,8.1780,5.6264,,,,,,,
1568235471392210,加速度计,0.0467,6.2584,3.2639,,,,,,,
1568235481414293,加速度计,0.9248,6.6248,4.4221,,,,,,,
1568235478919866,陀螺仪,,,,,,,,0.0342,-0.1049,0.1573
1568235491436377,加速度计,0.4076,8.5042,5.4965,,,,,,,
1568235501458460,加速度计,-0.3160,7.2131,10.6446,,,,,,,
1568235498964033,陀螺仪,,,,,,,,-0.0426,-0.0917,0.2264
1568235511480335,加速度计,0.7584,7.5729,6.1998,,,,,,,
1568235521500543,加速度计,-0.3669,6.8354,5.5659,,,,,,,
1568235519005283,陀螺仪,,,,,,,,0.0081,-0.0280,0.2629
1568235531519293,加速度计,-0.2125,6.6289,5.7227,,,,,,,
1568235541538043,加速度计,-0.9158,7.6435,7.7488,,,,,,,
1568235539042783,陀螺仪,,,,,,,,-0.0011,-0.0107,0.3751
1568235551556793,加速度计,0.5022,6.8199,5.7150,,,,,,,
1568235561575543,加速度计,0.5411,7.3777,8.9795,,,,,,,
1568235559080283,陀螺仪,,,,,,,,-0.0170,0.0397,0.4619
1568235571598668,加速度计,-0.3388,6.4967,9.0866,,,,,,,
1568235579121741,陀螺仪,,,,,,,,0.0951,0.1350,0.6020
1568235581623356,加速度计,-0.5201,7.5178,7.6878,,,,,,,
1568235591617210,加速度计,0.9649,8.3121,3.9229,,,,,,,
1568235601612418,加速度计,1.5772,6.9432,3.9025,,,,,,,
1568235599111429,陀螺仪,,,,,,,,0.0403,0.2158,0.6586
1568235611609814,加速度计,-1.2923,6.6062,3.8636,,,,,,,
1568235621611273,加速度计,-0.2921,5.5426,5.2164,,,,,,,
1568235619112158,陀螺仪,,,,,,,,-0.0405,0.2551,0.7139
1568235641534493,GPS,,,,31.9433,118.7820,2.4300,143.0000,,,
1568235631622835,加速度计,2.0758,5.6485,-2.7982,,,,,,,
1568235641642002,加速度计,1.4042,6.6649,17.7297,,,,,,,
1568235639147366,陀螺仪,,,,,,,,-0.1698,0.2790,0.6922
1568235651664346,加速度计,-4.5735,8.6670,16.8456,,,,,,,
1568235659196168,陀螺仪,,,,,,,,0.1895,0.3699,0.7277
1568235661689450,加速度计,3.9325,10.3064,14.8177,,,,,,,
1568235671716898,加速度计,-2.5977,3.4997,-0.9301,,,,,,,
1568235679253929,陀螺仪,,,,,,,,-0.0132,0.2523,0.6961
1568235681746273,加速度计,2.2529,2.3164,6.3195,,,,,,,
1568235691777158,加速度计,1.8896,12.1386,6.8965,,,,,,,
1568235701809137,加速度计,0.4950,13.2142,9.0058,,,,,,,
1568235699317314,陀螺仪,,,,,,,,0.1097,0.3276,0.5396
1568235711841637,加速度计,0.9930,3.0053,5.1116,,,,,,,
1568235721872106,加速度计,0.6063,3.9421,4.0007,,,,,,,
1568235719378929,陀螺仪,,,,,,,,0.0679,0.2814,0.4477
1568235731896064,加速度计,1.4377,11.3701,-1.6454,,,,,,,
1568235741914814,加速度计,0.7051,6.2968,8.6850,,,,,,,
1568235739419554,陀螺仪,,,,,,,,-0.0879,0.2149,0.3903
1568235751933564,加速度计,-0.0114,7.2413,7.0150,,,,,,,
1568235759457054,陀螺仪,,,,,,,,-0.0846,0.2200,0.3708
1568235761952314,加速度计,1.8878,6.5410,2.2907,,,,,,,
1568235771971064,加速度计,0.7697,7.2053,7.0228,,,,,,,
1568235779494554,陀螺仪,,,,,,,,-0.1301,0.2166,0.3244
1568235781989814,加速度计,0.1443,6.3392,10.4872,,,,,,,
1568235792008564,加速度计,1.2067,6.1028,6.6972,,,,,,,
1568235802027314,加速度计,1.0074,6.3410,3.7535,,,,,,,
1568235799532054,陀螺仪,,,,,,,,-0.1043,0.2252,0.2695
1568235812046064,加速度计,-0.5842,5.3876,7.1844,,,,,,,
1568235822068096,加速度计,0.6147,4.0570,10.9289,,,,,,,
1568235819581533,陀螺仪,,,,,,,,-0.1305,0.1840,0.2867
1568235832090700,加速度计,1.4664,7.6201,6.5152,,,,,,,
1568235842093043,加速度计,0.9391,7.6471,4.3144,,,,,,,
1568235839593721,陀螺仪,,,,,,,,-0.0382,0.1823,0.2593
1568235852096325,加速度计,1.8543,5.6952,12.2062,,,,,,,
1568235859602523,陀螺仪,,,,,,,,-0.0711,0.1641,0.2414
1568235862101116,加速度计,-0.5656,6.1381,6.6134,,,,,,,
1568235872107835,加速度计,1.2641,8.9142,11.6939,,,,,,,
1568235882116898,加速度计,-0.1431,10.8625,9.0345,,,,,,,
1568235879619450,陀螺仪,,,,,,,,0.0712,0.2151,0.2663
1568235892128721,加速度计,1.0523,3.8930,9.5277,,,,,,,
1568235902143460,加速度计,0.6602,5.0793,6.7271,,,,,,,
1568235899647471,陀螺仪,,,,,,,,0.0357,0.2076,0.2710
1568235912161116,加速度计,1.2444,6.5733,5.1805,,,,,,,
1568235922181689,加速度计,-0.8021,7.5082,9.1524,,,,,,,
1568235919687158,陀螺仪,,,,,,,,-0.0049,0.1903,0.2704
1568235932204918,加速度计,0.4669,5.0338,11.8794,,,,,,,
1568235942230387,加速度计,0.3202,6.0681,8.8155,,,,,,,
1568235939737002,陀螺仪,,,,,,,,0.1614,0.2531,0.3461
1568235952257679,加速度计,1.6951,5.5893,0.6859,,,,,,,
1568235962286377,加速度计,0.7661,9.4709,-0.7979,,,,,,,
1568235959793721,陀螺仪,,,,,,,,0.0844,0.2246,0.2867
1568235972316064,加速度计,-0.0401,8.4659,8.5455,,,,,,,
1568235982346325,加速度计,0.0012,12.3798,10.3136,,,,,,,
1568235979853981,陀螺仪,,,,,,,,-0.1486,0.1920,0.2506
1568235992376741,加速度计,-1.2953,6.2177,15.4127,,,,,,,
1568236002402731,加速度计,-0.3089,3.1981,7.9015,,,,,,,
1568235999908616,陀螺仪,,,,,,,,-0.0043,0.2734,0.3944
1568236012423460,加速度计,1.8489,3.6984,1.6059,,,,,,,
1568236022442366,加速度计,1.6394,9.6959,4.6406,,,,,,,
1568236019947106,陀螺仪,,,,,,,,-0.0226,0.2366,0.3699
1568236032461116,加速度计,-0.3184,7.0844,12.0913,,,,,,,
1568236042479866,加速度计,-0.0928,6.2770,11.0744,,,,,,,
1568236039984606,陀螺仪,,,,,,,,0.0337,0.2463,0.3362
1568236052498616,加速度计,1.7125,7.2975,6.4332,,,,,,,
1568236062517366,加速度计,1.0475,4.7944,1.6526,,,,,,,
1568236060022106,陀螺仪,,,,,,,,0.0956,0.2562,0.3487
1568236072537939,加速度计,1.2228,4.8985,2.6929,,,,,,,
1568236080060075,陀螺仪,,,,,,,,0.0626,0.2381,0.2969
1568236082556793,加速度计,-0.1018,5.1757,8.7963,,,,,,,
1568236092569710,加速度计,0.0036,8.6449,11.2563,,,,,,,
1568236100086325,陀螺仪,,,,,,,,0.2160,0.2840,0.3740
1568236102582939,加速度计,1.5909,6.2519,11.5131,,,,,,,
1568236112596585,加速度计,1.5796,9.2733,2.1213,,,,,,,
1568236120114658,陀螺仪,,,,,,,,0.1766,0.2898,0.3350
1568236122610960,加速度计,0.0287,5.8927,3.4746,,,,,,,
1568236132626168,加速度计,0.5573,3.9732,7.3191,,,,,,,
1568236140146325,陀螺仪,,,,,,,,0.1839,0.2609,0.3226
1568236142642210,加速度计,0.2735,9.5403,5.2738,,,,,,,
1568236152659085,加速度计,0.5333,8.0721,6.0950,,,,,,,
1568236160181325,陀螺仪,,,,,,,,0.1469,0.2622,0.2911
1568236162676793,加速度计,1.1343,5.4779,4.3299,,,,,,,
1568236172695335,加速度计,-0.3346,5.7760,8.6030,,,,,,,
1568236180219658,陀螺仪,,,,,,,,0.1814,0.2426,0.2878
1568236182714710,加速度计,1.7693,8.2756,3.5614,,,,,,,
1568236192734918,加速度计,0.7446,9.1674,7.7722,,,,,,,
1568236202755960,加速度计,2.1494,10.1795,2.1620,,,,,,,
1568236200261325,陀螺仪,,,,,,,,0.1405,0.2474,0.2349
1568236212777835,加速度计,-0.3190,7.9218,6.2489,,,,,,,
1568236220305908,陀螺仪,,,,,,,,-0.0077,0.1995,0.1633
1568236222800231,加速度计,0.9738,7.6986,8.6796,,,,,,,
1568236232823043,加速度计,-0.3376,7.8829,12.1350,,,,,,,
1568236240351741,陀螺仪,,,,,,,,0.0570,0.2043,0.2169
1568236242845960,加速度计,-0.3472,8.1756,10.1155,,,,,,,
1568236252868877,加速度计,1.6358,6.9725,6.4153,,,,,,,
1568236260397575,陀螺仪,,,,,,,,0.0226,0.1822,0.1489
1568236262891793,加速度计,1.3372,5.4372,4.3185,,,,,,,
1568236272912835,加速度计,-0.2969,6.7780,5.7431,,,,,,,
1568236280436741,陀螺仪,,,,,,,,-0.0438,0.1304,0.1123
1568236282932002,加速度计,-0.1652,8.1924,8.0583,,,,,,,
1568236292950752,加速度计,0.6063,4.7633,10.7793,,,,,,,
1568236300474241,陀螺仪,,,,,,,,0.0410,0.1533,0.1923
1568236302969502,加速度计,0.5878,8.2277,3.1921,,,,,,,
1568236312988252,加速度计,2.0818,7.8859,4.3102,,,,,,,
1568236323007314,加速度计,1.3922,5.0434,7.3424,,,,,,,
1568236320513460,陀螺仪,,,,,,,,-0.0708,0.1859,0.1598
1568236333026533,加速度计,0.1466,7.4645,8.9573,,,,,,,
1568236340548460,陀螺仪,,,,,,,,-0.1001,0.2008,0.2562
1568236343044033,加速度计,-0.8278,6.6170,6.5601,,,,,,,
1568236353061533,加速度计,0.0449,4.2341,9.1919,,,,,,,
1568236360583460,陀螺仪,,,,,,,,-0.0268,0.2321,0.3250
1568236363079033,加速度计,1.2773,6.4326,7.2957,,,,,,,
1568236373096533,加速度计,1.3701,5.8993,4.6364,,,,,,,
1568236380618460,陀螺仪,,,,,,,,-0.0321,0.2258,0.2678
1568236383114033,加速度计,-0.0042,6.8193,5.8742,,,,,,,
1568236393131533,加速度计,0.2670,7.5357,7.0060,,,,,,,
1568236400653460,陀螺仪,,,,,,,,-0.0613,0.2103,0.2462
1568236403149033,加速度计,1.5532,6.3021,8.7185,,,,,,,
1568236413166846,加速度计,-1.7789,8.6167,6.5643,,,,,,,
1568236420689710,陀螺仪,,,,,,,,-0.0206,0.1831,0.2940
1568236423185075,加速度计,-0.0569,8.1576,7.6022,,,,,,,
1568236433203721,加速度计,1.0259,6.9402,8.8340,,,,,,,
1568236440727627,陀螺仪,,,,,,,,0.0103,0.1939,0.2732
1568236443222783,加速度计,-0.1879,6.9935,3.8565,,,,,,,
1568236453241950,加速度计,-1.0606,6.6325,8.7221,,,,,,,
1568236463261116,加速度计,-0.3531,6.1262,11.7585,,,,,,,
1568236460765960,陀螺仪,,,,,,,,-0.0173,0.1648,0.3009
1568236473280283,加速度计,-0.2023,6.8791,12.2224,,,,,,,
1568236480804293,陀螺仪,,,,,,,,0.1447,0.1904,0.3820
1568236483299450,加速度计,-0.6967,7.9152,3.5985,,,,,,,
1568236493318616,加速度计,1.9800,5.4073,0.2095,,,,,,,
1568236500842627,陀螺仪,,,,,,,,0.0116,0.2220,0.3790
1568236503337783,加速度计,2.8186,5.3026,7.1102,,,,,,,
1568236513356950,加速度计,-1.6221,5.5737,13.0418,,,,,,,
1568236520880960,陀螺仪,,,,,,,,0.1089,0.3016,0.5059
1568236523376116,加速度计,-0.7117,7.3101,10.3298,,,,,,,
1568236533395283,加速度计,2.2140,6.1962,7.9236,,,,,,,
1568236540919293,陀螺仪,,,,,,,,0.1928,0.3630,0.6052
1568236543414450,加速度计,0.1730,9.0495,2.1739,,,,,,,
1568236553433616,加速度计,-0.7697,7.3083,8.2474,,,,,,,
1568236560957627,陀螺仪,,,,,,,,0.0534,0.3768,0.5609
1568236563452783,加速度计,-0.6758,8.4665,6.6954,,,,,,,
1568236573477991,加速度计,-0.6973,7.0156,6.9899,,,,,,,
1568236581001637,陀螺仪,,,,,,,,0.0138,0.3409,0.6345
1568236583499502,加速度计,-1.5173,4.4903,9.1782,,,,,,,
1568236593508148,加速度计,0.2987,4.3634,10.6781,,,,,,,
1568236601019554,陀螺仪,,,,,,,,0.1617,0.3933,0.6529
1568236603517210,加速度计,1.2474,8.3917,7.2245,,,,,,,
1568236613527002,加速度计,3.3788,7.6495,4.5508,,,,,,,
1568236623539189,加速度计,0.3100,7.2437,2.4445,,,,,,,
1568236621045491,陀螺仪,,,,,,,,0.1218,0.4175,0.5719
1568236637024701,GPS,,,,31.9433,118.7820,3.0100,139.0000,,,
1568236633594450,加速度计,-0.9679,5.4642,6.1866,,,,,,,
1568236641117627,陀螺仪,,,,,,,,0.0822,0.3836,0.5068
1568236643618929,加速度计,2.8305,6.0711,9.8701,,,,,,,
1568236653614033,加速度计,0.4705,7.6447,13.9313,,,,,,,
1568236661109814,陀螺仪,,,,,,,,0.1766,0.3402,0.4424
1568236663610491,加速度计,1.5574,9.4463,2.8156,,,,,,,
1568236673609137,加速度计,0.9541,5.9137,7.8626,,,,,,,
1568236681111585,陀螺仪,,,,,,,,0.1455,0.3412,0.3229
1568236683610804,加速度计,2.0482,6.9306,-1.5407,,,,,,,
1568236693616064,加速度计,0.6375,5.5115,8.7346,,,,,,,
1568236703625335,加速度计,2.4780,8.4408,9.8264,,,,,,,
1568236701128096,陀螺仪,,,,,,,,0.0824,0.3198,0.2645
1568236713638773,加速度计,-1.2085,7.3191,10.0143,,,,,,,
1568236721161221,陀螺仪,,,,,,,,0.1561,0.2941,0.2566
1568236723656377,加速度计,1.1043,7.7764,8.1696,,,,,,,
1568236733677887,加速度计,0.3633,6.3829,7.6034,,,,,,,
1568236743703148,加速度计,2.8611,7.3526,5.7407,,,,,,,
1568236741209866,陀螺仪,,,,,,,,0.2141,0.2687,0.2426
1568236753731898,加速度计,2.6199,8.0972,4.5717,,,,,,,
1568236763763460,加速度计,-0.0958,6.9935,7.1790,,,,,,,
1568236761271637,陀螺仪,,,,,,,,0.1423,0.2471,0.1518
1568236773797262,加速度计,1.9477,6.9073,7.7835,,,,,,,
1568236783832627,加速度计,2.1679,8.4485,5.2224,,,,,,,
1568236781341637,陀螺仪,,,,,,,,0.1392,0.2278,0.1023
1568236793868721,加速度计,1.0139,7.1730,5.6533,,,,,,,
1568236803904710,加速度计,0.6333,7.4184,5.2589,,,,,,,
1568236801413721,陀螺仪,,,,,,,,0.0800,0.1972,0.0455
1568236813929866,加速度计,1.9626,7.1928,5.4893,,,,,,,
1568236823948616,加速度计,0.9708,6.8857,8.3989,,,,,,,
1568236821453356,陀螺仪,,,,,,,,0.0045,0.1692,0.0265
1568236833967366,加速度计,1.2318,5.2571,11.1235,,,,,,,
1568236841490856,陀螺仪,,,,,,,,0.0718,0.1684,0.0312
1568236843986116,加速度计,1.5975,7.7219,8.3623,,,,,,,
1568236854004866,加速度计,1.0283,6.4248,5.5300,,,,,,,
1568236864023616,加速度计,2.0722,7.3161,3.7721,,,,,,,
1568236861528356,陀螺仪,,,,,,,,0.1272,0.1936,0.0390
1568236874043929,加速度计,1.3850,8.0080,5.5384,,,,,,,
1568236881567471,陀螺仪,,,,,,,,-0.0060,0.1846,0.0466
1568236884064502,加速度计,1.4006,6.1316,10.1047,,,,,,,
1568236894076168,加速度计,0.8817,7.4490,8.2378,,,,,,,
1568236904090960,加速度计,0.7314,6.9127,6.6613,,,,,,,
1568236901603252,陀螺仪,,,,,,,,0.0858,0.2477,0.1485
1568236914120283,加速度计,1.8950,6.1974,5.4702,,,,,,,
1568236921637523,陀螺仪,,,,,,,,0.0216,0.2715,0.1856
1568236924134033,加速度计,0.7506,8.0607,2.1368,,,,,,,
1568236934147783,加速度计,0.6195,6.3614,9.3009,,,,,,,
1568236944161793,加速度计,0.9020,8.7987,11.1187,,,,,,,
1568236941665387,陀螺仪,,,,,,,,-0.0250,0.3029,0.2047
1568236954179710,加速度计,0.1131,6.3315,12.0243,,,,,,,
1568236964223304,加速度计,0.2705,4.0660,9.3470,,,,,,,
1568236961742314,陀螺仪,,,,,,,,0.1454,0.3378,0.2867
1568236974251273,加速度计,0.3621,7.7776,3.2567,,,,,,,
1568236981726221,陀螺仪,,,,,,,,0.1631,0.3353,0.3117
1568236984231064,加速度计,1.2270,7.5573,4.9811,,,,,,,
1568236994212939,加速度计,2.0219,8.4408,3.9516,,,,,,,
1568237004198356,加速度计,0.1101,6.9576,10.6225,,,,,,,
1568237001695283,陀螺仪,,,,,,,,0.0386,0.3192,0.2473
1568237014188564,加速度计,-0.0593,2.9419,12.3702,,,,,,,
1568237021684450,陀螺仪,,,,,,,,0.2583,0.3710,0.2836
1568237024184606,加速度计,0.2316,7.4226,6.0944,,,,,,,
1568237034187106,加速度计,0.7117,9.0196,1.8573,,,,,,,
1568237044196273,加速度计,2.6845,9.7013,1.7861,,,,,,,
1568237041699450,陀螺仪,,,,,,,,0.1272,0.3249,0.2768
1568237054212106,加速度计,0.5148,6.3219,6.7169,,,,,,,
1568237061741116,陀螺仪,,,,,,,,-0.0173,0.3304,0.2040
1568237064234606,加速度计,-0.6596,5.6796,7.1305,,,,,,,
1568237074263356,加速度计,0.8793,6.6631,6.4763,,,,,,,
1568237084297731,加速度计,0.9984,5.7389,8.1954,,,,,,,
1568237081807054,陀螺仪,,,,,,,,-0.0052,0.3380,0.2643
1568237094336898,加速度计,1.9351,6.3375,8.6030,,,,,,,
1568237101891012,陀螺仪,,,,,,,,0.0518,0.3454,0.2047
1568237104379814,加速度计,1.2635,5.9592,7.9362,,,,,,,
1568237114425439,加速度计,1.3210,6.6493,7.1473,,,,,,,
1568237124472523,加速度计,1.7304,6.4925,4.9159,,,,,,,
1568237121984450,陀螺仪,,,,,,,,0.0826,0.3462,0.1595
1568237134519189,加速度计,1.0361,5.8921,7.3783,,,,,,,
1568237144551481,加速度计,0.1706,7.0838,6.4129,,,,,,,
1568237142056221,陀螺仪,,,,,,,,0.0577,0.3128,0.1142
1568237154570231,加速度计,1.6843,8.3127,5.5809,,,,,,,
1568237164588981,加速度计,2.1033,6.9234,5.8933,,,,,,,
1568237162093721,陀螺仪,,,,,,,,0.0405,0.2759,0.0614
1568237174607731,加速度计,0.6794,6.1950,9.3015,,,,,,,
1568237184626481,加速度计,0.4316,7.3676,10.2675,,,,,,,
1568237182131221,陀螺仪,,,,,,,,0.0414,0.2607,0.0100
1568237194645231,加速度计,1.1708,7.3694,10.5093,,,,,,,
1568237204663981,加速度计,0.9673,7.9428,5.6360,,,,,,,
1568237202168721,陀螺仪,,,,,,,,0.1310,0.2607,0.0089
1568237214690127,加速度计,0.7111,5.9304,5.3995,,,,,,,
1568237224702210,加速度计,-0.2951,5.5061,6.1369,,,,,,,
1568237222205283,陀螺仪,,,,,,,,0.0815,0.1901,-0.0537
1568237234714293,加速度计,0.3669,7.2610,8.9705,,,,,,,
1568237244726793,加速度计,0.8661,8.8915,7.9948,,,,,,,
1568237242230075,陀螺仪,,,,,,,,0.1342,0.1457,-0.0720
1568237254739710,加速度计,1.7334,8.6425,4.2042,,,,,,,
1568237264753460,加速度计,0.9200,6.9384,1.4293,,,,,,,
1568237262257158,陀螺仪,,,,,,,,0.1140,0.1281,-0.1599
1568237274768043,加速度计,0.2550,8.5503,1.9154,,,,,,,
1568237284783877,加速度计,0.0521,7.1287,8.1032,,,,,,,
1568237282288200,陀螺仪,,,,,,,,-0.0502,0.0561,-0.2060
1568237294800960,加速度计,0.1879,8.1145,6.7732,,,,,,,
1568237304819293,加速度计,0.1155,8.6365,3.8696,,,,,,,
1568237302324241,陀螺仪,,,,,,,,-0.0585,0.0418,-0.1579
1568237314838877,加速度计,1.1253,6.1405,9.3386,,,,,,,
1568237324859710,加速度计,0.0802,7.6375,8.6820,,,,,,,
1568237322365179,陀螺仪,,,,,,,,-0.0523,0.0695,-0.1085
1568237334881377,加速度计,1.3306,9.0950,5.8712,,,,,,,
1568237344903877,加速度计,1.9118,7.0048,4.8088,,,,,,,
1568237342409762,陀螺仪,,,,,,,,-0.0730,0.0672,-0.0595
1568237354927210,加速度计,1.2947,4.1635,10.0957,,,,,,,
1568237364950960,加速度计,-0.1227,6.9713,8.1014,,,,,,,
1568237362456950,陀螺仪,,,,,,,,-0.0340,0.1055,-0.0368
1568237374974710,加速度计,0.4405,7.1838,6.5134,,,,,,,
1568237384998460,加速度计,0.7673,7.5232,8.7179,,,,,,,
1568237382504450,陀螺仪,,,,,,,,-0.0132,0.1084,0.0242
1568237395022210,加速度计,1.2342,5.1314,9.7707,,,,,,,
1568237405041377,加速度计,1.3330,6.9683,7.5705,,,,,,,
1568237402546116,陀螺仪,,,,,,,,0.0802,0.1410,0.0615
1568237415060127,加速度计,0.4842,7.8135,3.4105,,,,,,,
1568237425078877,加速度计,1.1031,6.4991,6.5978,,,,,,,
1568237422583929,陀螺仪,,,,,,,,0.0264,0.1478,0.0658
1568237435108148,加速度计,0.0299,6.1381,7.5387,,,,,,,
1568237445201325,加速度计,0.8362,7.0228,5.3786,,,,,,,
1568237442727418,陀螺仪,,,,,,,,0.0394,0.1909,0.1276
1568237455161741,加速度计,0.9385,5.9490,5.4420,,,,,,,
1568237462556585,陀螺仪,,,,,,,,0.0158,0.2465,0.1912
1568237465077366,加速度计,0.7482,5.6593,3.9121,,,,,,,
1568237474999971,加速度计,-0.2370,6.4709,10.6057,,,,,,,
1568237482417002,陀螺仪,,,,,,,,0.0391,0.2611,0.2704
1568237484932991,加速度计,0.3962,8.5659,10.2191,,,,,,,
1568237494879450,加速度计,1.8190,9.0016,7.8889,,,,,,,
1568237502333668,陀螺仪,,,,,,,,0.1019,0.3088,0.2791
1568237504841950,加速度计,0.1784,7.2790,1.4174,,,,,,,
1568237514822054,加速度计,0.9421,5.5126,2.8790,,,,,,,
1568237522321585,陀螺仪,,,,,,,,-0.0647,0.2642,0.2083
1568237524820700,加速度计,-0.3980,6.8271,5.6928,,,,,,,
1568237534837783,加速度计,-0.9697,7.7297,8.6969,,,,,,,
1568237542382418,陀螺仪,,,,,,,,-0.0912,0.2152,0.1583
1568237544872575,加速度计,-0.5165,8.4539,7.5381,,,,,,,
1568237554923929,加速度计,-0.5279,5.8275,9.9270,,,,,,,
1568237562507418,陀螺仪,,,,,,,,-0.0501,0.1655,0.0991
1568237564989971,加速度计,0.0862,6.6146,7.6734,,,,,,,
1568237575067991,加速度计,-1.4150,6.8570,10.2310,,,,,,,
1568237585155075,加速度计,-0.5884,6.5829,9.9521,,,,,,,
1568237582677418,陀螺仪,,,,,,,,0.0455,0.1455,0.0636
1568237595248304,加速度计,-0.2693,7.4065,7.6291,,,,,,,
1568237605344450,加速度计,0.6099,7.6172,2.9359,,,,,,,
1568237602868668,陀螺仪,,,,,,,,0.1059,0.0908,0.0884
1568237615423304,加速度计,1.5036,7.6830,3.0370,,,,,,,
1568237625502679,加速度计,0.2628,6.5098,8.3318,,,,,,,
1568237623032887,陀螺仪,,,,,,,,0.0511,0.0719,0.0123
1568237637500325,GPS,,,,31.9433,118.7820,2.4400,122.2000,,,
1568237635492523,加速度计,0.2616,8.9076,12.0464,,,,,,,
1568237642927887,陀螺仪,,,,,,,,0.0971,0.0413,0.0385
1568237645440648,加速度计,0.7476,9.1087,7.3598,,,,,,,
1568237655393460,加速度计,1.1091,6.4123,6.8869,,,,,,,
1568237665353564,加速度计,0.0766,8.5114,1.3515,,,,,,,
1568237662844137,陀螺仪,,,,,,,,0.1202,0.0352,-0.0182
1568237675322835,加速度计,0.3244,6.0352,6.0454,,,,,,,
1568237682798721,陀螺仪,,,,,,,,0.0278,-0.0035,-0.0372
1568237685302939,加速度计,0.4872,7.9098,5.3546,,,,,,,
1568237695297106,加速度计,-0.6889,7.3269,8.6353,,,,,,,
1568237702914033,陀螺仪,,,,,,,,0.0262,-0.0276,-0.0352
1568237705389606,加速度计,-0.6243,6.8606,10.9912,,,,,,,
1568237715490543,加速度计,0.4322,5.0961,6.3111,,,,,,,
1568237723119033,陀螺仪,,,,,,,,0.0796,-0.0438,-0.0318
1568237725593252,加速度计,1.4186,6.1806,3.6272,,,,,,,
1568237735655231,加速度计,-0.2209,7.2215,0.4699,,,,,,,
1568237743186116,陀螺仪,,,,,,,,-0.0755,-0.0831,-0.0264
1568237745681377,加速度计,0.2059,3.8828,10.4238,,,,,,,
1568237755700127,加速度计,1.1456,6.6900,8.3653,,,,,,,
1568237763223616,陀螺仪,,,,,,,,0.0293,-0.0237,0.0459
1568237765718877,加速度计,1.8459,6.6236,9.1650,,,,,,,
1568237775737627,加速度计,0.9098,6.9372,8.0128,,,,,,,
1568237783261116,陀螺仪,,,,,,,,0.0390,-0.0029,0.0790
1568237785756377,加速度计,0.1317,6.8660,7.6483,,,,,,,
1568237795775127,加速度计,1.5251,7.2622,9.1530,,,,,,,
1568237803298616,陀螺仪,,,,,,,,0.0390,0.0293,0.1240
1568237805793877,加速度计,0.2634,8.4294,6.0472,,,,,,,
1568237815812627,加速度计,0.3454,5.1302,8.9789,,,,,,,
1568237823336116,陀螺仪,,,,,,,,0.0439,0.0593,0.2076
1568237825831377,加速度计,0.4022,6.2393,4.7764,,,,,,,
1568237835850127,加速度计,1.0804,4.9823,8.0110,,,,,,,
1568237843373616,陀螺仪,,,,,,,,0.0788,0.1067,0.2983
1568237845868877,加速度计,1.3862,8.1744,2.2170,,,,,,,
1568237855887627,加速度计,0.1191,7.3047,8.2953,,,,,,,
1568237865906377,加速度计,-0.4639,7.9464,9.8210,,,,,,,
1568237863411116,陀螺仪,,,,,,,,0.0719,0.1601,0.3344
1568237875925127,加速度计,-0.2209,8.1511,8.9322,,,,,,,
1568237883448616,陀螺仪,,,,,,,,0.1550,0.2154,0.4659
1568237885943877,加速度计,0.5573,8.5443,6.2776,,,,,,,
1568237895962627,加速度计,0.8960,8.9340,4.0037,,,,,,,
1568237905981377,加速度计,0.7494,7.2826,8.1415,,,,,,,
1568237903486116,陀螺仪,,,,,,,,0.0574,0.2487,0.4782
1568237916000127,加速度计,0.0245,7.6579,8.5377,,,,,,,
1568237923523616,陀螺仪,,,,,,,,0.0802,0.2815,0.5260
1568237926018877,加速度计,-0.2346,8.6401,9.2847,,,,,,,
1568237936037627,加速度计,0.3136,6.9653,7.8003,,,,,,,
1568237943582002,陀螺仪,,,,,,,,0.1467,0.3067,0.5270
1568237946062783,加速度计,0.4687,8.2564,7.1545,,,,,,,
1568237956081950,加速度计,1.4012,7.2820,2.4924,,,,,,,
1568237963582418,陀螺仪,,,,,,,,0.0867,0.2969,0.4385
1568237966082262,加速度计,0.9661,8.0319,2.8293,,,,,,,
1568237976083616,加速度计,0.3053,7.3837,6.3841,,,,,,,
1568237983587835,陀螺仪,,,,,,,,-0.0079,0.2625,0.3967
1568237986086846,加速度计,0.2382,7.1479,15.0272,,,,,,,
1568237996092471,加速度计,1.5826,8.2827,9.7743,,,,,,,
1568238003603252,陀螺仪,,,,,,,,0.1467,0.2787,0.3304
1568238006100908,加速度计,1.0570,8.4880,1.8064,,,,,,,
1568238016112262,加速度计,1.5083,3.9696,2.4325,,,,,,,
1568238023630752,陀螺仪,,,,,,,,0.0230,0.2369,0.2377
1568238026126846,加速度计,0.6177,6.7876,2.2577,,,,,,,
1568238036144762,加速度计,0.9792,5.5599,9.9623,,,,,,,
1568238046166012,加速度计,1.5909,8.5006,6.6194,,,,,,,
1568238043671585,陀螺仪,,,,,,,,0.0069,0.2029,0.2061
1568238056190283,加速度计,2.1177,6.9941,10.6344,,,,,,,
1568238063724085,陀螺仪,,,,,,,,0.1188,0.2218,0.1553
1568238066217158,加速度计,1.5844,5.4492,9.6552,,,,,,,
1568238076246221,加速度计,1.5622,6.9665,4.2868,,,,,,,
1568238083784918,陀螺仪,,,,,,,,0.1546,0.2095,0.0887
1568238086277054,加速度计,1.4443,7.8512,4.2162,,,,,,,
1568238096308929,加速度计,1.1516,7.0108,6.0460,,,,,,,
1568238103849502,陀螺仪,,,,,,,,0.0957,0.1759,0.0871
1568238106341325,加速度计,1.3102,6.8253,10.9206,,,,,,,
1568238116373825,加速度计,2.0351,9.9904,5.4097,,,,,,,
1568238123902002,陀螺仪,,,,,,,,0.1137,0.2013,0.0518
1568238126396950,加速度计,0.5980,6.6565,7.8344,,,,,,,
1568238136416012,加速度计,0.9343,4.7465,6.5074,,,,,,,
1568238143939502,陀螺仪,,,,,,,,0.0997,0.2031,0.0715
1568238146434762,加速度计,0.9194,7.4370,3.9642,,,,,,,
1568238156453512,加速度计,0.3017,5.0428,3.2232,,,,,,,
1568238166472262,加速度计,1.4174,5.9328,3.0867,,,,,,,
1568238163977002,陀螺仪,,,,,,,,0.0348,0.2077,0.0945
1568238176491012,加速度计,0.0144,6.2219,6.7995,,,,,,,
1568238184014502,陀螺仪,,,,,,,,-0.0640,0.2096,0.1237
1568238186509762,加速度计,0.2861,7.5944,5.9993,,,,,,,
1568238196531273,加速度计,-0.1496,7.9098,8.7867,,,,,,,
1568238206548721,加速度计,-0.3992,8.0457,13.9456,,,,,,,
1568238204052523,陀螺仪,,,,,,,,-0.0759,0.1824,0.1601
1568238216563721,加速度计,0.5896,7.0479,15.0972,,,,,,,
1568238226578721,加速度计,0.4214,8.1241,6.2201,,,,,,,
1568238224082575,陀螺仪,,,,,,,,0.1555,0.2453,0.1835
1568238236594085,加速度计,0.3172,7.7919,0.9008,,,,,,,
1568238246609866,加速度计,0.2496,4.5364,7.3634,,,,,,,
1568238244113929,陀螺仪,,,,,,,,0.0138,0.1820,0.1517
1568238256626064,加速度计,-0.7703,6.4721,9.8108,,,,,,,
1568238266642679,加速度计,1.0654,10.6769,4.1827,,,,,,,
1568238264147002,陀螺仪,,,,,,,,0.0629,0.1988,0.1641
1568238276660075,加速度计,2.1973,6.7983,6.7451,,,,,,,
1568238286678304,加速度计,-0.2693,5.7497,6.1321,,,,,,,
1568238284183043,陀螺仪,,,,,,,,-0.0361,0.1912,0.1325
1568238296697366,加速度计,0.1820,5.1930,6.4314,,,,,,,
1568238306716898,加速度计,1.1007,7.3239,7.7698,,,,,,,
1568238304221898,陀螺仪,,,,,,,,-0.0116,0.1991,0.1931
1568238316736846,加速度计,0.9643,8.6838,10.7326,,,,,,,
1568238326757210,加速度计,0.5165,6.7451,9.6989,,,,,,,
1568238324262418,陀螺仪,,,,,,,,0.0378,0.2549,0.2148
1568238336777991,加速度计,1.0331,7.2969,2.2146,,,,,,,
1568238346799189,加速度计,-1.0552,5.4773,4.7722,,,,,,,
1568238344304554,陀螺仪,,,,,,,,-0.0039,0.2388,0.1875
1568238356820439,加速度计,0.0305,6.6266,6.3931,,,,,,,
1568238366841689,加速度计,0.7608,6.8097,9.4511,,,,,,,
1568238364347054,陀螺仪,,,,,,,,-0.0146,0.2309,0.2390
1568238376862939,加速度计,1.4557,8.2175,5.5049,,,,,,,
1568238386884189,加速度计,0.2029,5.1212,8.8717,,,,,,,
1568238384389554,陀螺仪,,,,,,,,0.0173,0.2514,0.2135
1568238396905439,加速度计,0.7506,6.0747,5.9717,,,,,,,
1568238406924866,加速度计,1.7166,8.8897,4.3161,,,,,,,
1568238404429658,陀螺仪,,,,,,,,0.0650,0.2791,0.2225
1568238416943668,加速度计,1.4970,8.8352,3.1538,,,,,,,
1568238426962418,加速度计,-0.1323,5.0452,10.1454,,,,,,,
1568238424467158,陀螺仪,,,,,,,,-0.0722,0.2430,0.1645
1568238436981168,加速度计,-1.0349,6.0346,7.2467,,,,,,,
1568238447016481,加速度计,2.0800,6.1621,6.5823,,,,,,,
1568238444528096,陀螺仪,,,,,,,,0.0099,0.2490,0.1984
1568238457022418,加速度计,0.8338,7.4065,4.8028,,,,,,,
1568238467015648,加速度计,-0.8823,4.4227,9.4547,,,,,,,
1568238464514241,陀螺仪,,,,,,,,-0.0051,0.2141,0.1451
1568238477010439,加速度计,1.3533,5.2906,7.4047,,,,,,,
1568238487007991,加速度计,0.8865,7.2215,5.8101,,,,,,,
1568238484507939,陀螺仪,,,,,,,,0.1105,0.2089,0.1075
1568238497008825,加速度计,0.6123,7.8266,6.2896,,,,,,,
1568238507013721,加速度计,1.0971,10.4902,3.9456,,,,,,,
1568238504515700,陀螺仪,,,,,,,,0.0879,0.1904,0.0683
1568238517023148,加速度计,1.0481,9.1782,5.2134,,,,,,,
1568238527037158,加速度计,0.1371,8.7897,7.4190,,,,,,,
1568238524541429,陀螺仪,,,,,,,,-0.0859,0.1332,-0.0124
1568238537055752,加速度计,-1.0798,5.8562,9.6199,,,,,,,
1568238547078564,加速度计,0.8392,5.8849,10.5495,,,,,,,
1568238544584971,陀螺仪,,,,,,,,-0.0449,0.1441,0.0509
1568238557105543,加速度计,-0.3675,6.8055,5.8012,,,,,,,
1568238567135960,加速度计,0.4046,6.6176,7.0258,,,,,,,
1568238564644085,陀螺仪,,,,,,,,-0.0065,0.1523,0.0631
1568238577169346,加速度计,0.9278,7.0192,5.0224,,,,,,,
1568238587204918,加速度计,0.3765,6.8480,8.3444,,,,,,,
1568238584714085,陀螺仪,,,,,,,,-0.0214,0.1221,0.0406
1568238597241846,加速度计,0.1425,7.9996,4.4311,,,,,,,
1568238607279293,加速度计,0.7045,6.4889,10.4956,,,,,,,
1568238604788721,陀螺仪,,,,,,,,-0.0434,0.1216,0.0494
1568238617316793,加速度计,0.8338,7.8608,7.4035,,,,,,,
1568238627361585,加速度计,0.3400,7.3502,3.6889,,,,,,,
1568238624884502,陀螺仪,,,,,,,,-0.0238,0.1553,0.0932
1568238645179075,GPS,,,,31.9433,118.7820,1.3100,105.7000,,,
1568238637368200,加速度计,0.2412,7.0324,6.2902,,,,,,,
1568238644842418,陀螺仪,,,,,,,,-0.0999,0.1647,0.1149
1568238647347471,加速度计,0.5770,6.5571,7.3873,,,,,,,
1568238657329241,加速度计,0.1604,4.8967,10.8236,,,,,,,
1568238664811585,陀螺仪,,,,,,,,-0.0142,0.1984,0.1728
1568238667314866,加速度计,1.1151,7.8207,6.9593,,,,,,,
1568238677305596,加速度计,-0.1610,5.3247,6.7989,,,,,,,
1568238687302366,加速度计,2.0339,5.7850,4.4682,,,,,,,
1568238684802002,陀螺仪,,,,,,,,0.0079,0.2181,0.1806
1568238697315179,加速度计,0.0988,7.3382,3.8325,,,,,,,
1568238707382158,加速度计,-0.0305,6.8049,8.6066,,,,,,,
1568238704899346,陀螺仪,,,,,,,,-0.0463,0.2068,0.1443
1568238717451481,加速度计,0.2101,7.7770,8.9573,,,,,,,
1568238727521064,加速度计,-1.3396,7.3921,9.4200,,,,,,,
1568238725032210,陀螺仪,,,,,,,,-0.0039,0.2226,0.1874
1568238737546533,加速度计,1.2917,6.5236,4.9811,,,,,,,
1568238747565335,加速度计,0.7087,6.1417,6.8468,,,,,,,
1568238745070075,陀螺仪,,,,,,,,0.0467,0.2246,0.2201
1568238757584085,加速度计,0.9182,7.0030,4.5831,,,,,,,
1568238767602835,加速度计,0.8272,7.2137,7.2772,,,,,,,
1568238765107575,陀螺仪,,,,,,,,0.0358,0.2056,0.1714
1568238777621585,加速度计,0.8996,7.3879,6.9055,,,,,,,
1568238787640335,加速度计,-0.3250,7.3903,8.3570,,,,,,,
1568238785145075,陀螺仪,,,,,,,,0.0462,0.1883,0.1164
1568238797659085,加速度计,1.4000,6.4003,5.0057,,,,,,,
1568238807677835,加速度计,0.2837,7.9565,6.1687,,,,,,,
1568238805182575,陀螺仪,,,,,,,,0.0434,0.1513,0.0566
1568238817696585,加速度计,-0.0042,7.3694,6.6337,,,,,,,
1568238827715335,加速度计,1.1259,7.0809,6.1770,,,,,,,
1568238825220075,陀螺仪,,,,,,,,0.0449,0.1550,0.0269
1568238837734085,加速度计,-0.1832,7.5202,6.7792,,,,,,,
1568238847752835,加速度计,0.0389,6.3045,7.7177,,,,,,,
1568238845257575,陀螺仪,,,,,,,,0.0067,0.1326,0.0254
1568238857771585,加速度计,0.5644,6.6864,8.2019,,,,,,,
1568238867790335,加速度计,1.5449,6.8414,5.4977,,,,,,,
1568238865295179,陀螺仪,,,,,,,,0.0462,0.1238,0.0329
1568238877809814,加速度计,0.8673,7.4567,6.2088,,,,,,,
1568238885334033,陀螺仪,,,,,,,,0.0045,0.1148,-0.0123
1568238887829918,加速度计,0.9170,5.6653,7.9607,,,,,,,
1568238897846168,加速度计,0.7685,7.0922,6.3704,,,,,,,
1568238905366533,陀螺仪,,,,,,,,0.0036,0.1009,-0.0184
1568238907862418,加速度计,0.7512,7.3957,5.7694,,,,,,,
1568238917878668,加速度计,1.4910,4.9548,11.8327,,,,,,,
1568238925399033,陀螺仪,,,,,,,,0.0218,0.1210,-0.0091
1568238927894918,加速度计,1.1504,8.5389,6.9761,,,,,,,
1568238937911481,加速度计,0.4639,5.9442,8.6317,,,,,,,
1568238947936012,加速度计,2.3978,7.6944,2.8934,,,,,,,
1568238945442314,陀螺仪,,,,,,,,0.0462,0.1427,0.0017
1568238957961012,加速度计,1.6694,4.6178,9.4481,,,,,,,
1568238967979762,加速度计,1.0780,6.5182,8.2732,,,,,,,
1568238965484502,陀螺仪,,,,,,,,0.0024,0.1389,-0.0052
1568238977998512,加速度计,1.0630,8.1870,6.9869,,,,,,,
1568238988017262,加速度计,1.9082,6.1645,6.6050,,,,,,,
1568238985522002,陀螺仪,,,,,,,,0.0317,0.1533,-0.0180
1568238998036012,加速度计,0.6171,8.4874,6.4111,,,,,,,
1568239008054762,加速度计,0.4399,6.0699,9.0178,,,,,,,
1568239005559502,陀螺仪,,,,,,,,0.0196,0.1317,-0.0325
1568239018073512,加速度计,0.6243,7.7093,7.1401,,,,,,,
1568239028092262,加速度计,1.2324,7.5022,4.1737,,,,,,,
1568239025597002,陀螺仪,,,,,,,,0.0569,0.1386,-0.0541
1568239038111012,加速度计,-0.1460,5.9723,7.2401,,,,,,,
1568239048129762,加速度计,-0.3639,6.7325,6.4290,,,,,,,
1568239045634502,陀螺仪,,,,,,,,0.0132,0.1020,-0.0441
1568239058148512,加速度计,0.0198,8.6526,6.3003,,,,,,,
1568239068167262,加速度计,-0.6195,7.5812,6.1244,,,,,,,
1568239065672002,陀螺仪,,,,,,,,0.0011,0.1060,-0.0036
1568239078186012,加速度计,-0.3525,6.5463,8.3246,,,,,,,
1568239088204762,加速度计,0.1209,6.6774,8.0182,,,,,,,
1568239085709502,陀螺仪,,,,,,,,0.0230,0.1370,0.0688
1568239098223512,加速度计,0.3172,7.1826,6.3530,,,,,,,
1568239105757991,陀螺仪,,,,,,,,0.0115,0.1688,0.1361
1568239108257106,加速度计,-0.9601,7.5058,6.1447,,,,,,,
1568239118260491,加速度计,-1.1696,6.0124,8.2732,,,,,,,
1568239125765543,陀螺仪,,,,,,,,0.0244,0.2048,0.2180
1568239128264346,加速度计,-0.8284,7.2185,8.3264,,,,,,,
1568239138269137,加速度计,-0.6686,7.9015,5.3331,,,,,,,
1568239145777783,陀螺仪,,,,,,,,0.0321,0.2213,0.3039
1568239148275648,加速度计,-0.2394,5.7503,6.2225,,,,,,,
1568239158284293,加速度计,0.1161,6.6307,6.7026,,,,,,,
1568239165798825,陀螺仪,,,,,,,,0.0197,0.2666,0.3161
1568239168295439,加速度计,0.0455,7.3071,5.7168,,,,,,,
1568239178309085,加速度计,-0.3238,6.7337,6.8139,,,,,,,
1568239188325127,加速度计,-0.2897,8.0942,8.5030,,,,,,,
1568239198347054,加速度计,-0.4938,5.2786,10.7500,,,,,,,
1568239185829554,陀螺仪,,,,,,,,-0.0253,0.2723,0.3546
1568239208387471,加速度计,1.5808,6.6218,5.4259,,,,,,,
1568239205897835,陀螺仪,,,,,,,,0.0623,0.3185,0.3748
1568239218428721,加速度计,0.3232,6.8827,5.0230,,,,,,,
1568239228469554,加速度计,1.5706,5.8125,9.0716,,,,,,,
1568239225974398,陀螺仪,,,,,,,,0.0180,0.2871,0.2929
1568239238488721,加速度计,1.2013,6.7840,8.5629,,,,,,,
1568239248507471,加速度计,0.3274,7.9039,7.1766,,,,,,,
1568239246012210,陀螺仪,,,,,,,,0.0614,0.2686,0.1593
1568239258526221,加速度计,0.8452,7.4196,5.7688,,,,,,,
1568239268544971,加速度计,1.5347,5.5420,7.0964,,,,,,,
1568239266049710,陀螺仪,,,,,,,,0.0361,0.1921,0.0671
1568239278563721,加速度计,2.4229,5.9125,8.4785,,,,,,,
1568239288582471,加速度计,1.7561,9.5672,4.4586,,,,,,,
1568239286087210,陀螺仪,,,,,,,,0.0667,0.1507,-0.0747
1568239298601221,加速度计,1.6077,5.8969,6.8372,,,,,,,
1568239308619971,加速度计,2.5792,8.5377,4.6208,,,,,,,
1568239306124710,陀螺仪,,,,,,,,0.0294,0.1281,-0.1703
1568239318638721,加速度计,0.5537,6.2638,7.9990,,,,,,,
1568239328657471,加速度计,2.5205,6.7493,7.0551,,,,,,,
1568239326162210,陀螺仪,,,,,,,,0.0254,0.1031,-0.2334
1568239338676221,加速度计,1.2396,7.2221,5.5144,,,,,,,
1568239348694971,加速度计,1.5203,6.4075,8.4066,,,,,,,
1568239346199710,陀螺仪,,,,,,,,0.0013,0.0786,-0.2759
1568239358713721,加速度计,2.1991,7.3783,4.8399,,,,,,,
1568239368732471,加速度计,0.2328,6.7660,7.5028,,,,,,,
1568239366237210,陀螺仪,,,,,,,,-0.0068,0.0647,-0.3052
1568239378751221,加速度计,0.4902,7.0599,5.4175,,,,,,,
1568239388769971,加速度计,0.3938,6.0777,10.3777,,,,,,,
1568239386274710,陀螺仪,,,,,,,,-0.0116,0.0447,-0.2920
1568239398788721,加速度计,1.2713,7.6698,6.3734,,,,,,,
1568239408807471,加速度计,-0.2897,6.5086,5.2948,,,,,,,
1568239406312210,陀螺仪,,,,,,,,0.0234,0.0463,-0.2871
1568239418826221,加速度计,1.1349,6.4117,3.7996,,,,,,,
1568239428844971,加速度计,0.7009,5.7844,4.7866,,,,,,,
1568239426349710,陀螺仪,,,,,,,,-0.0409,0.0482,-0.2892
1568239438863721,加速度计,0.0934,6.3823,6.5517,,,,,,,
1568239448908929,加速度计,-0.3879,7.7393,10.7224,,,,,,,
1568239446407523,陀螺仪,,,,,,,,-0.1135,0.0061,-0.2581
1568239458903096,加速度计,0.1053,5.0260,13.6469,,,,,,,
1568239468898096,加速度计,0.9894,8.1954,6.0903,,,,,,,
1568239466397314,陀螺仪,,,,,,,,0.0350,0.0525,-0.2185
1568239478894762,加速度计,-1.2498,6.1956,4.8656,,,,,,,
1568239488893929,加速度计,0.1419,5.8909,7.8554,,,,,,,
1568239486394606,陀螺仪,,,,,,,,-0.0228,0.0099,-0.2361
1568239498896429,加速度计,0.4705,6.5703,8.4928,,,,,,,
1568239508902679,加速度计,0.3220,9.0172,4.6495,,,,,,,
1568239506405335,陀螺仪,,,,,,,,0.0169,0.0149,-0.2037
1568239518913096,加速度计,0.3214,6.5655,7.2592,,,,,,,
1568239528927679,加速度计,1.0373,6.6098,7.8231,,,,,,,
1568239526432418,陀螺仪,,,,,,,,-0.0349,0.0229,-0.1947
1568239538946429,加速度计,-0.9750,6.6649,8.7909,,,,,,,
1568239548969346,加速度计,0.0311,8.3127,4.9650,,,,,,,
1568239546476064,陀螺仪,,,,,,,,0.0103,0.0193,-0.1385
1568239558996012,加速度计,0.2646,7.0779,6.8402,,,,,,,
1568239569026012,加速度计,0.4681,7.7057,4.9542,,,,,,,
1568239566534293,陀螺仪,,,,,,,,-0.0296,0.0234,-0.1289
1568239579058929,加速度计,-1.0361,6.8187,7.1096,,,,,,,
1568239589093929,加速度计,-0.2083,7.4597,5.1505,,,,,,,
1568239586603043,陀螺仪,,,,,,,,-0.0181,0.0360,-0.0880
1568239599130179,加速度计,1.0151,6.4703,7.5214,,,,,,,
1568239609166846,加速度计,0.1532,7.6243,7.4645,,,,,,,
1568239606676064,陀螺仪,,,,,,,,-0.0514,0.0292,-0.0678
1568239619203512,加速度计,-1.2528,7.1724,9.8330,,,,,,,
1568239629267627,加速度计,-0.1071,8.1708,6.7092,,,,,,,
1568239639396106,GPS,,,,31.9433,118.7820,2.3300,77.0000,,,
1568239626761325,陀螺仪,,,,,,,,0.0153,0.0530,-0.0409
1568239639242210,加速度计,-0.0964,6.6649,5.9610,,,,,,,
1568239649218460,加速度计,0.7123,6.4883,5.8867,,,,,,,
1568239646713408,陀螺仪,,,,,,,,0.0123,0.0381,-0.0362
1568239659198043,加速度计,0.4615,6.4793,5.4492,,,,,,,
1568239669182210,加速度计,-0.0605,7.0437,5.6784,,,,,,,
1568239666679762,陀螺仪,,,,,,,,-0.0194,0.0288,-0.0640
1568239679172210,加速度计,0.0676,7.6016,7.9811,,,,,,,
1568239689168877,加速度计,0.6578,5.5037,10.1915,,,,,,,
1568239686669658,陀螺仪,,,,,,,,-0.0234,0.0301,-0.0459
1568239699189866,加速度计,0.7536,7.8446,6.1310,,,,,,,
1568239709260700,加速度计,0.4615,6.0855,4.5143,,,,,,,
1568239706778981,陀螺仪,,,,,,,,0.0185,0.0393,-0.0739
1568239719333616,加速度计,1.8399,6.6876,4.6040,,,,,,,
1568239729406533,加速度计,1.2486,5.6000,8.3522,,,,,,,
1568239726912627,陀螺仪,,,,,,,,-0.0325,0.0241,-0.0976
1568239739430700,加速度计,1.1462,6.6906,8.6449,,,,,,,
1568239749449866,加速度计,0.0802,7.2718,7.7949,,,,,,,
1568239746954606,陀螺仪,,,,,,,,0.0067,0.0284,-0.1306
1568239759468616,加速度计,1.4353,6.9737,6.9228,,,,,,,
1568239769487366,加速度计,0.4926,7.7536,4.7148,,,,,,,
1568239766992106,陀螺仪,,,,,,,,0.0144,-0.0052,-0.1743
1568239779506116,加速度计,-0.3406,6.6888,5.8981,,,,,,,
1568239789524866,加速度计,0.7344,7.0324,6.5876,,,,,,,
1568239787029606,陀螺仪,,,,,,,,-0.0158,-0.0510,-0.2389
1568239799543616,加速度计,-0.2125,6.9917,7.8847,,,,,,,
1568239809562366,加速度计,-0.0072,7.6932,7.9865,,,,,,,
1568239807067106,陀螺仪,,,,,,,,-0.0108,-0.0957,-0.2655
1568239819581116,加速度计,0.2442,7.0264,5.9669,,,,,,,
1568239829599866,加速度计,0.0449,6.7301,7.3101,,,,,,,
1568239827104606,陀螺仪,,,,,,,,-0.0185,-0.1334,-0.3205
1568239839618616,加速度计,-0.5022,7.1018,6.7894,,,,,,,
1568239849637366,加速度计,-0.7661,6.8606,5.4708,,,,,,,
1568239847142106,陀螺仪,,,,,,,,-0.0304,-0.1766,-0.3190
1568239859656116,加速度计,-0.1652,6.7983,8.5359,,,,,,,
1568239869674866,加速度计,-0.5399,7.6656,7.7153,,,,,,,
1568239867179606,陀螺仪,,,,,,,,-0.0292,-0.1981,-0.2811
1568239879693616,加速度计,-0.0994,7.4933,10.4800,,,,,,,
1568239889712366,加速度计,-0.2604,9.4110,3.9935,,,,,,,
1568239887217106,陀螺仪,,,,,,,,0.0150,-0.1795,-0.2108
1568239899731116,加速度计,0.0138,5.9107,6.9540,,,,,,,
1568239909749866,加速度计,0.8152,5.8209,5.2756,,,,,,,
1568239907254606,陀螺仪,,,,,,,,0.0023,-0.1402,-0.1340
1568239919768616,加速度计,-0.1790,6.5529,6.2082,,,,,,,
1568239929787366,加速度计,-0.4501,7.9559,5.1733,,,,,,,
1568239927292106,陀螺仪,,,,,,,,-0.0205,-0.1023,-0.0248
1568239939806116,加速度计,0.5160,7.2730,6.5793,,,,,,,
1568239949831116,加速度计,-0.7548,6.5703,7.9685,,,,,,,
1568239947334606,陀螺仪,,,,,,,,-0.0423,-0.0350,0.0843
1568239959844866,加速度计,-0.9008,7.0755,6.2878,,,,,,,
1568239969858616,加速度计,1.0481,6.5033,8.4198,,,,,,,
1568239967362106,陀螺仪,,,,,,,,-0.0389,0.0176,0.1936
1568239979872418,加速度计,-0.0096,6.4165,9.6438,,,,,,,
1568239987390335,陀螺仪,,,,,,,,0.0120,0.0848,0.2622
1568239989886637,加速度计,-1.1690,6.7720,6.9929,,,,,,,
1568239999901325,加速度计,0.0275,7.6213,6.1980,,,,,,,
1568240009916846,加速度计,0.0766,6.5739,7.4442,,,,,,,
1568240007420960,陀螺仪,,,,,,,,0.0119,0.1123,0.2971
1568240019933200,加速度计,0.0275,6.5164,8.1774,,,,,,,
1568240027454918,陀螺仪,,,,,,,,0.0313,0.1321,0.3140
1568240029950387,加速度计,-0.2442,7.4190,6.0406,,,,,,,
1568240039968408,加速度计,0.3555,6.5440,6.5697,,,,,,,
1568240049987262,加速度计,-0.0557,7.6267,7.5142,,,,,,,
1568240047492210,陀螺仪,,,,,,,,0.0245,0.1402,0.2943
1568240060006950,加速度计,-0.4621,7.1108,9.4792,,,,,,,
1568240070027471,加速度计,-0.3370,7.4394,8.1547,,,,,,,
1568240067532835,陀螺仪,,,,,,,,0.0723,0.1385,0.2786
1568240080048825,加速度计,0.5297,8.3492,5.2852,,,,,,,
1568240087576637,陀螺仪,,,,,,,,0.0538,0.1101,0.1975
1568240090070960,加速度计,0.0994,5.9400,6.9336,,,,,,,
1568240100093512,加速度计,-0.4046,6.9635,4.7220,,,,,,,
1568240107622210,陀螺仪,,,,,,,,0.0459,0.0678,0.1044
1568240110116429,加速度计,-0.4932,7.0407,5.2379,,,,,,,
1568240120139346,加速度计,0.3083,7.2634,5.7191,,,,,,,
1568240127668043,陀螺仪,,,,,,,,0.0021,0.0165,0.0469
1568240130162262,加速度计,0.1419,7.0719,10.1472,,,,,,,
1568240140184658,加速度计,-0.2478,6.9324,10.0694,,,,,,,
1568240147708148,陀螺仪,,,,,,,,0.0912,0.0318,0.0269
1568240150203408,加速度计,1.2210,7.5860,5.4342,,,,,,,
1568240160222158,加速度计,1.2570,5.8281,5.0248,,,,,,,
1568240167745648,陀螺仪,,,,,,,,0.0382,0.0055,-0.0209
1568240170240908,加速度计,0.9074,7.1126,4.4442,,,,,,,
1568240180259658,加速度计,1.0564,5.7305,8.7598,,,,,,,
1568240187783304,陀螺仪,,,,,,,,0.0180,0.0180,-0.0324
1568240190278460,加速度计,0.5716,9.0333,7.0449,,,,,,,
1568240200300700,加速度计,0.0676,7.7027,7.8979,,,,,,,
1568240207820023,陀螺仪,,,,,,,,0.0196,0.0350,0.0123
1568240210316116,加速度计,0.9116,6.2118,6.5003,,,,,,,
1568240220331533,加速度计,1.5060,6.3596,5.9556,,,,,,,
1568240227851012,陀螺仪,,,,,,,,0.0021,0.0507,-0.0141
1568240230347002,加速度计,0.5363,6.6379,6.7092,,,,,,,
1568240240362887,加速度计,-0.0066,6.2243,7.4376,,,,,,,
1568240247883408,陀螺仪,,,,,,,,0.0061,0.0636,-0.0033
1568240250379189,加速度计,0.3597,7.1754,7.1892,,,,,,,
1568240260395908,加速度计,0.1024,6.4362,9.0728,,,,,,,
1568240267917471,陀螺仪,,,,,,,,0.0369,0.0660,0.0005
1568240270413043,加速度计,0.9134,6.9875,6.5769,,,,,,,
1568240280430596,加速度计,0.5872,7.3514,4.9698,,,,,,,
1568240287953200,陀螺仪,,,,,,,,-0.0061,0.0578,-0.0441
1568240290448564,加速度计,0.8464,6.3327,3.9834,,,,,,,
1568240300466950,加速度计,-0.0269,6.8995,9.2530,,,,,,,
1568240307990596,陀螺仪,,,,,,,,-0.0009,0.0328,-0.0822
1568240310485752,加速度计,-0.2274,8.2331,9.3954,,,,,,,
1568240320504971,加速度计,1.5921,7.5507,7.0988,,,,,,,
1568240328029658,陀螺仪,,,,,,,,0.0208,-0.0145,-0.1923
1568240330524606,加速度计,0.6620,7.3903,4.5801,,,,,,,
1568240340544658,加速度计,0.3651,5.3181,7.2053,,,,,,,
1568240348070387,陀螺仪,,,,,,,,-0.0230,-0.0992,-0.3238
1568240350565127,加速度计,0.8368,5.8179,7.2287,,,,,,,
1568240360586012,加速度计,0.6231,7.6519,6.3422,,,,,,,
1568240368112627,陀螺仪,,,,,,,,-0.0595,-0.1760,-0.4040
1568240370607262,加速度计,0.3711,7.2467,6.3063,,,,,,,
1568240380628512,加速度计,1.0804,6.9707,9.6343,,,,,,,
1568240388155127,陀螺仪,,,,,,,,-0.0233,-0.1917,-0.4361
1568240390649762,加速度计,1.6418,6.6355,8.3546,,,,,,,
1568240400671012,加速度计,1.0511,7.6148,6.5912,,,,,,,
1568240410692158,加速度计,1.1630,6.5248,6.6714,,,,,,,
1568240408197314,陀螺仪,,,,,,,,-0.0346,-0.2016,-0.4428
1568240420712366,加速度计,0.7799,5.5725,8.1618,,,,,,,
1568240428235856,陀螺仪,,,,,,,,0.0111,-0.1792,-0.3948
1568240430731116,加速度计,-0.3059,7.4873,5.5653,,,,,,,
1568240440750439,加速度计,0.1987,7.0755,5.3127,,,,,,,
1568240450784085,加速度计,-0.6123,6.5176,8.5299,,,,,,,
1568240448284554,陀螺仪,,,,,,,,-0.0539,-0.1993,-0.3048
1568240460785804,加速度计,0.3729,6.9366,7.4142,,,,,,,
1568240468288929,陀螺仪,,,,,,,,-0.0172,-0.1511,-0.2152
1568240470788043,加速度计,0.1293,7.8703,7.7488,,,,,,,
1568240480791585,加速度计,-0.9744,6.8444,6.3099,,,,,,,
1568240488298668,陀螺仪,,,,,,,,-0.0045,-0.0983,-0.1035
1568240490796846,加速度计,-0.6195,6.6738,3.4620,,,,,,,
1568240500804241,加速度计,-0.3490,6.5763,7.0144,,,,,,,
1568240508317366,陀螺仪,,,,,,,,-0.0582,-0.0691,0.0012
1568240510814189,加速度计,-1.6017,7.3885,6.6218,,,,,,,
1568240520827054,加速度计,-1.5437,6.7211,10.2520,,,,,,,
1568240528347471,陀螺仪,,,,,,,,-0.0073,-0.0226,0.1111
1568240530842835,加速度计,-0.6931,7.9960,5.5647,,,,,,,
1568240540861533,加速度计,-0.4214,6.1890,8.4539,,,,,,,
1568240548389085,陀螺仪,,,,,,,,0.0087,0.0071,0.1748
1568240550883096,加速度计,-0.9373,6.3638,4.2096,,,,,,,
1568240560907158,加速度计,-1.1103,6.9570,3.4010,,,,,,,
1568240568440804,陀螺仪,,,,,,,,-0.0426,0.0137,0.2182
1568240570933668,加速度计,-0.0527,7.0641,8.2744,,,,,,,
1568240580962627,加速度计,-0.9595,6.6415,10.8625,,,,,,,
1568240591013512,加速度计,-0.3352,7.9392,8.7574,,,,,,,
1568240588523148,陀螺仪,,,,,,,,0.0333,0.0585,0.2622
1568240601051846,加速度计,-0.6363,8.0535,4.1180,,,,,,,
1568240611070596,加速度计,0.2143,6.0651,3.4482,,,,,,,
1568240608575335,陀螺仪,,,,,,,,0.0097,0.0581,0.2775
1568240621089346,加速度计,0.2286,6.3464,4.8896,,,,,,,
1568240636921991,GPS,,,,31.9433,118.7821,1.6100,82.5000,,,
1568240628615023,陀螺仪,,,,,,,,-0.0639,0.0670,0.2666
1568240631111741,加速度计,-0.4794,7.7794,8.9980,,,,,,,
1568240641124658,加速度计,-0.1419,7.5866,10.4267,,,,,,,
1568240648641116,陀螺仪,,,,,,,,-0.0009,0.1040,0.2842
1568240651137731,加速度计,0.4381,6.7050,7.8548,,,,,,,
1568240661151221,加速度计,0.4597,6.9647,4.6890,,,,,,,
1568240668668981,陀螺仪,,,,,,,,-0.0032,0.1011,0.2625
1568240671165283,加速度计,-0.0934,6.1525,5.7712,,,,,,,
1568240681180179,加速度计,0.9655,7.0168,7.9948,,,,,,,
1568240688700023,陀螺仪,,,,,,,,0.0044,0.1216,0.2345
1568240691195908,加速度计,-0.4848,7.8925,7.7806,,,,,,,
1568240701212471,加速度计,-0.2729,7.8338,6.3650,,,,,,,
1568240708734398,陀螺仪,,,,,,,,0.0083,0.1149,0.2028
1568240711229866,加速度计,0.3789,6.2022,7.6758,,,,,,,
1568240721248096,加速度计,0.8158,7.0898,3.9181,,,,,,,
1568240731267158,加速度计,-0.2759,6.0771,6.8031,,,,,,,
1568240728772106,陀螺仪,,,,,,,,-0.0541,0.0746,0.1490
1568240741287054,加速度计,0.5650,7.9266,9.9748,,,,,,,
1568240751307783,加速度计,0.9427,6.1717,9.3625,,,,,,,
1568240748813148,陀螺仪,,,,,,,,0.0009,0.0706,0.1119
1568240761329346,加速度计,1.3078,7.3101,4.5131,,,,,,,
1568240771351585,加速度计,0.4717,7.1192,2.7019,,,,,,,
1568240768857262,陀螺仪,,,,,,,,0.0085,0.0593,0.0515
1568240781374241,加速度计,0.8386,6.6858,6.6780,,,,,,,
1568240788902939,陀螺仪,,,,,,,,-0.0409,0.0543,-0.0024
1568240791397158,加速度计,0.8284,6.3315,10.2897,,,,,,,
1568240801420075,加速度计,1.5796,8.4222,7.9254,,,,,,,
1568240808948773,陀螺仪,,,,,,,,-0.0003,0.0374,-0.0519
1568240811442991,加速度计,-0.5573,6.4404,7.0779,,,,,,,
1568240821465127,加速度计,0.6578,6.2195,7.1371,,,,,,,
1568240828989918,陀螺仪,,,,,,,,0.0051,0.0037,-0.0822
1568240831485179,加速度计,1.0648,6.7415,9.4577,,,,,,,
1568240841511377,加速度计,0.2867,8.9220,5.8329,,,,,,,
1568240851522627,加速度计,0.0168,5.9544,5.6312,,,,,,,
1568240849025491,陀螺仪,,,,,,,,0.0334,0.0200,-0.0960
1568240861533877,加速度计,0.0862,6.8971,3.6176,,,,,,,
1568240871562054,加速度计,-0.0150,4.8896,9.5403,,,,,,,
1568240869065648,陀螺仪,,,,,,,,-0.0443,-0.0057,-0.0911
1568240881576221,加速度计,0.7751,8.1924,9.2476,,,,,,,
1568240889093981,陀螺仪,,,,,,,,0.0322,0.0047,-0.1212
1568240891590387,加速度计,0.7889,7.3580,6.5038,,,,,,,
1568240901604814,加速度计,0.5453,9.2524,5.6467,,,,,,,
1568240911619658,加速度计,-0.6812,4.2665,9.3847,,,,,,,
1568240909123460,陀螺仪,,,,,,,,-0.0252,-0.0075,-0.1116
1568240921635179,加速度计,1.2641,7.1162,8.1020,,,,,,,
1568240929155752,陀螺仪,,,,,,,,0.0431,0.0024,-0.1036
1568240931651533,加速度计,0.9583,6.4643,6.8708,,,,,,,
1568240941668721,加速度计,-0.1419,7.5292,5.4534,,,,,,,
1568240951686741,加速度计,-0.4465,6.3794,6.5033,,,,,,,
1568240949191377,陀螺仪,,,,,,,,0.0234,0.0100,-0.0874
1568240961705596,加速度计,0.6213,7.4142,8.1229,,,,,,,
1568240971725283,加速度计,0.0611,7.4903,6.6619,,,,,,,
1568240969230335,陀螺仪,,,,,,,,0.0273,0.0023,-0.0695
1568240981745804,加速度计,-0.4699,7.7099,9.4344,,,,,,,
1568240991766898,加速度计,0.8074,7.1281,5.8047,,,,,,,
1568240989272262,陀螺仪,,,,,,,,0.0700,0.0045,-0.0883
1568241001788408,加速度计,-0.2484,7.1371,4.4987,,,,,,,
1568241011810335,加速度计,-0.4537,6.3889,6.0747,,,,,,,
1568241009315908,陀螺仪,,,,,,,,0.0272,-0.0280,-0.0779
1568241021832418,加速度计,0.6883,5.9711,9.5355,,,,,,,
1568241029360075,陀螺仪,,,,,,,,0.0767,-0.0072,-0.1095
1568241031854502,加速度计,1.7520,7.5142,8.7293,,,,,,,
1568241041876585,加速度计,-0.5333,8.5563,5.4678,,,,,,,
1568241049404241,陀螺仪,,,,,,,,0.0495,-0.0084,-0.1015
1568241051898668,加速度计,-0.9080,6.7175,4.9033,,,,,,,
1568241061918668,加速度计,-0.3352,6.5996,4.6531,,,,,,,
1568241069442158,陀螺仪,,,,,,,,0.0039,-0.0246,-0.0569
1568241071937418,加速度计,0.6883,6.4320,7.3729,,,,,,,
1568241081956168,加速度计,0.3442,6.7558,7.3053,,,,,,,
1568241089484554,陀螺仪,,,,,,,,0.0249,-0.0140,-0.0836
1568241091981689,加速度计,0.0766,6.7325,7.3981,,,,,,,
1568241101992939,加速度计,-0.2687,7.5687,5.0260,,,,,,,
1568241109507210,陀螺仪,,,,,,,,0.0210,-0.0112,-0.0527
1568241112004241,加速度计,0.2035,6.8127,6.1064,,,,,,,
1568241122016012,加速度计,-0.1502,7.1377,6.2537,,,,,,,
1568241129532002,陀螺仪,,,,,,,,-0.0079,-0.0125,-0.0477
1568241132028616,加速度计,0.5860,7.6261,5.7599,,,,,,,
1568241142042106,加速度计,-0.0257,6.3392,8.4874,,,,,,,
1568241149560856,陀螺仪,,,,,,,,-0.0308,-0.0137,-0.0534
1568241152056846,加速度计,-0.4950,7.3149,6.1292,,,,,,,
1568241162072835,加速度计,0.9104,6.0346,7.6842,,,,,,,
1568241169594710,陀螺仪,,,,,,,,-0.0176,-0.0107,-0.0310
1568241172090075,加速度计,-0.4268,7.3400,7.2993,,,,,,,
1568241182108564,加速度计,0.0605,6.4039,8.6598,,,,,,,
1568241192128304,加速度计,0.6782,8.0523,6.2962,,,,,,,
1568241189633564,陀螺仪,,,,,,,,0.0190,0.0087,-0.0272
1568241202149293,加速度计,-0.0036,6.9953,6.0968,,,,,,,
1568241209677262,陀螺仪,,,,,,,,-0.0021,0.0063,-0.0101
1568241212171481,加速度计,0.0790,7.2383,7.2838,,,,,,,
1568241222194502,加速度计,0.2592,6.6433,6.9318,,,,,,,
1568241229724398,陀螺仪,,,,,,,,-0.0095,0.0095,-0.0242
1568241232218304,加速度计,0.8458,7.6136,6.6840,,,,,,,
1568241242242523,加速度计,0.4495,6.1202,8.6012,,,,,,,
1568241252267106,加速度计,-0.3543,8.2809,6.3602,,,,,,,
1568241249773304,陀螺仪,,,,,,,,-0.0289,-0.0045,-0.0380
1568241262291533,加速度计,0.0940,6.4985,7.9757,,,,,,,
1568241269819033,陀螺仪,,,,,,,,-0.0177,0.0049,-0.0549
1568241272314293,加速度计,0.4776,8.0391,6.6726,,,,,,,
1568241282333043,加速度计,0.2292,6.5631,8.3989,,,,,,,
1568241292351793,加速度计,-0.0233,6.8091,6.5451,,,,,,,
1568241289856533,陀螺仪,,,,,,,,-0.0107,-0.0085,-0.0525
1568241302370543,加速度计,1.0858,7.0396,6.2076,,,,,,,
1568241312389293,加速度计,0.7871,7.2077,5.1553,,,,,,,
1568241309894033,陀螺仪,,,,,,,,-0.0449,-0.0206,-0.1076
1568241322408043,加速度计,0.3400,5.9394,9.1123,,,,,,,
1568241332426950,加速度计,0.2646,7.7422,6.2213,,,,,,,
1568241329932002,陀螺仪,,,,,,,,-0.0455,-0.0360,-0.1314
1568241342448773,加速度计,1.1420,5.7383,7.7488,,,,,,,
1568241349968616,陀螺仪,,,,,,,,-0.0477,-0.0542,-0.1770
1568241352464606,加速度计,0.5986,8.2402,4.1689,,,,,,,
1568241362480439,加速度计,-0.2430,5.7126,8.1786,,,,,,,
1568241370000283,陀螺仪,,,,,,,,-0.0603,-0.0840,-0.2005
1568241372496273,加速度计,0.7326,6.9198,10.1245,,,,,,,
1568241382512158,加速度计,0.6859,6.9115,8.4701,,,,,,,
1568241390032679,陀螺仪,,,,,,,,0.0031,-0.0987,-0.2587
1568241392528460,加速度计,0.4220,6.6702,4.4071,,,,,,,
1568241402545179,加速度计,0.1520,5.5384,4.9404,,,,,,,
1568241410066741,陀螺仪,,,,,,,,-0.0316,-0.1341,-0.2734
1568241412562314,加速度计,0.3232,6.4709,6.2147,,,,,,,
1568241422579866,加速度计,0.7147,6.1842,9.2698,,,,,,,
1568241430102471,陀螺仪,,,,,,,,0.0013,-0.1388,-0.2858
1568241432597835,加速度计,0.0718,8.5317,6.0513,,,,,,,
1568241442616221,加速度计,0.1149,6.4536,6.7427,,,,,,,
1568241452635023,加速度计,0.6572,6.9677,4.0749,,,,,,,
1568241450139866,陀螺仪,,,,,,,,-0.0060,-0.1390,-0.2529
1568241462654241,加速度计,-0.3334,5.8383,7.7824,,,,,,,
1568241470178929,陀螺仪,,,,,,,,-0.0245,-0.1361,-0.2277
1568241472673877,加速度计,0.3358,6.9683,10.6716,,,,,,,
1568241482693929,加速度计,0.0024,7.6004,6.9887,,,,,,,
1568241492714398,加速度计,-0.7608,7.7315,4.8411,,,,,,,
1568241490219658,陀螺仪,,,,,,,,0.0100,-0.1313,-0.1924
1568241502735283,加速度计,-0.1897,6.2046,7.6076,,,,,,,
1568241510261898,陀螺仪,,,,,,,,-0.0056,-0.1354,-0.1248
1568241512756533,加速度计,0.8368,6.1639,9.6833,,,,,,,
1568241522777783,加速度计,0.2263,8.2151,6.4320,,,,,,,
1568241530304398,陀螺仪,,,,,,,,0.0322,-0.1047,-0.1354
1568241532799033,加速度计,-0.1203,7.9452,6.7810,,,,,,,
1568241542820283,加速度计,-0.0904,6.1375,8.4264,,,,,,,
1568241552841325,加速度计,-0.4172,6.9875,6.4027,,,,,,,
1568241550346273,陀螺仪,,,,,,,,0.0398,-0.0842,-0.0399
1568241562860804,加速度计,-0.1173,8.0278,3.5476,,,,,,,
1568241572879554,加速度计,0.0718,7.3915,6.1932,,,,,,,
1568241570384293,陀螺仪,,,,,,,,-0.0124,-0.0385,0.0250
1568241582898981,加速度计,-0.0030,6.4368,8.0074,,,,,,,
1568241590434085,陀螺仪,,,,,,,,-0.0134,-0.0188,0.0848
1568241592934033,加速度计,-0.0628,6.7516,10.6422,,,,,,,
1568241602934085,加速度计,1.4377,8.5826,7.3861,,,,,,,
1568241610435127,陀螺仪,,,,,,,,0.0438,0.0274,0.0554
1568241612934658,加速度计,0.5177,6.8091,4.9925,,,,,,,
1568241622937262,加速度计,-0.7530,7.1587,4.1294,,,,,,,
1568241638960220,GPS,,,,31.9433,118.7821,0.6500,98.2000,,,
1568241632972002,加速度计,-0.2777,5.6006,7.1730,,,,,,,
1568241630483721,陀螺仪,,,,,,,,-0.0214,0.0730,0.1646
1568241643009606,加速度计,-0.5327,7.1934,7.7039,,,,,,,
1568241653030700,加速度计,0.0072,7.5262,6.7726,,,,,,,
1568241650535439,陀螺仪,,,,,,,,0.0040,0.1278,0.2451
1568241663049450,加速度计,-0.4860,7.0767,7.1964,,,,,,,
1568241673068200,加速度计,-1.4892,6.0053,6.5212,,,,,,,
1568241670572939,陀螺仪,,,,,,,,0.0073,0.1498,0.2499
1568241683086950,加速度计,-1.6933,7.6291,6.0310,,,,,,,
1568241690610439,陀螺仪,,,,,,,,-0.0103,0.0991,0.2559
1568241693105700,加速度计,-0.1448,7.5190,8.0415,,,,,,,
1568241703124450,加速度计,0.5938,5.5923,9.2554,,,,,,,
1568241713143200,加速度计,-0.9361,7.7411,5.2224,,,,,,,
1568241710647939,陀螺仪,,,,,,,,0.0442,0.0944,0.1264
1568241723161950,加速度计,-0.8583,6.8354,5.3558,,,,,,,
1568241733180700,加速度计,0.0449,7.3807,6.9599,,,,,,,
1568241730685439,陀螺仪,,,,,,,,0.0077,0.0385,0.0810
1568241743199450,加速度计,0.4669,6.4841,8.6215,,,,,,,
1568241753218200,加速度计,0.5722,7.3370,7.2437,,,,,,,
1568241750722939,陀螺仪,,,,,,,,0.0494,0.0238,-0.0092
1568241763236950,加速度计,0.5177,6.8462,6.7798,,,,,,,
1568241770760439,陀螺仪,,,,,,,,0.0675,-0.0178,-0.0824
1568241773255700,加速度计,0.9379,7.2670,5.6683,,,,,,,
1568241783274450,加速度计,1.1564,7.2006,5.3139,,,,,,,
1568241790797939,陀螺仪,,,,,,,,0.0198,-0.0341,-0.1160
1568241793293200,加速度计,1.4054,7.3706,6.6098,,,,,,,
1568241803311950,加速度计,0.9278,7.0419,8.8873,,,,,,,
1568241813330700,加速度计,1.3874,7.0934,8.3851,,,,,,,
1568241810835439,陀螺仪,,,,,,,,0.0196,-0.0381,-0.1663
1568241823349450,加速度计,0.6237,8.3534,5.3277,,,,,,,
1568241833369293,加速度计,0.1610,6.6816,5.1224,,,,,,,
1568241830874762,陀螺仪,,,,,,,,0.0236,-0.0509,-0.2016
1568241843399710,加速度计,0.6722,6.5015,4.9093,,,,,,,
1568241850907731,陀螺仪,,,,,,,,-0.0353,-0.0839,-0.2028
1568241853406012,加速度计,0.5537,5.8730,9.4691,,,,,,,
1568241863412783,加速度计,0.7512,7.6770,8.1517,,,,,,,
1568241870922679,陀螺仪,,,,,,,,-0.0047,-0.0872,-0.2590
1568241873420439,加速度计,0.7230,7.1886,8.5491,,,,,,,
1568241883429398,加速度计,-0.0455,6.7439,6.0154,,,,,,,
1568241890943096,陀螺仪,,,,,,,,0.0166,-0.1152,-0.2666
1568241893440023,加速度计,-0.1371,7.1515,5.6282,,,,,,,
1568241903452366,加速度计,0.7883,7.2628,7.1964,,,,,,,
1568241910970908,陀螺仪,,,,,,,,-0.0220,-0.1407,-0.2993
1568241913466793,加速度计,0.3490,6.7433,7.7961,,,,,,,
1568241923483304,加速度计,0.8715,7.1048,7.8165,,,,,,,
1568241933501898,加速度计,0.2676,6.2094,7.2921,,,,,,,
1568241931007054,陀螺仪,,,,,,,,-0.0157,-0.1634,-0.3382
1568241943522575,加速度计,0.4950,6.7313,6.7002,,,,,,,
1568241951051377,陀螺仪,,,,,,,,0.0028,-0.1928,-0.3783
1568241953545283,加速度计,0.3681,6.6822,7.2712,,,,,,,
1568241963569606,加速度计,0.6243,6.7672,8.0517,,,,,,,
1568241973595179,加速度计,0.2125,5.8077,7.0988,,,,,,,
1568241971101898,陀螺仪,,,,,,,,0.0209,-0.2162,-0.3976
1568241983621950,加速度计,0.3472,8.3935,5.1811,,,,,,,
1568241993649502,加速度计,-0.6219,6.6876,6.0932,,,,,,,
1568241991156533,陀螺仪,,,,,,,,-0.0111,-0.2388,-0.3868
1568242003677418,加速度计,0.1885,7.9224,7.0306,,,,,,,
1568242011210804,陀螺仪,,,,,,,,-0.0137,-0.2192,-0.3240
1568242013704814,加速度计,-0.0132,5.9711,7.8835,,,,,,,
1568242023727939,加速度计,0.9331,6.2040,3.6577,,,,,,,
1568242033746689,加速度计,-0.7266,6.4715,4.9099,,,,,,,
1568242031251429,陀螺仪,,,,,,,,-0.0760,-0.2204,-0.2463
1568242043765439,加速度计,0.0138,7.3275,13.0598,,,,,,,
1568242053784189,加速度计,-0.6752,7.8542,12.7449,,,,,,,
1568242051288929,陀螺仪,,,,,,,,0.0095,-0.1411,-0.1458
1568242063802939,加速度计,-0.3268,8.6892,3.8247,,,,,,,
1568242071326429,陀螺仪,,,,,,,,0.0333,-0.1150,-0.0414
1568242073821689,加速度计,-0.1933,6.1148,2.2984,,,,,,,
1568242083840648,加速度计,-0.8715,5.6479,5.4887,,,,,,,
1568242091366064,陀螺仪,,,,,,,,-0.0455,-0.1099,0.0313
1568242093862158,加速度计,-0.3358,6.5374,11.2689,,,,,,,
1568242103877575,加速度计,-0.3759,8.6646,8.3252,,,,,,,
1568242111396898,陀螺仪,,,,,,,,0.0527,-0.0663,0.0760
1568242113892991,加速度计,-0.1850,7.4035,9.5583,,,,,,,
1568242123908512,加速度计,-0.9427,6.7103,3.5967,,,,,,,
1568242133924450,加速度计,-1.2228,6.5086,4.3808,,,,,,,
1568242131428564,陀螺仪,,,,,,,,0.0258,-0.0786,0.0756
1568242143940804,加速度计,-0.6620,6.6379,8.2803,,,,,,,
1568242153957575,加速度计,0.4262,6.3572,8.0176,,,,,,,
1568242151461898,陀螺仪,,,,,,,,0.0108,-0.0730,0.1116
1568242163974762,加速度计,-0.8068,7.2748,5.7646,,,,,,,
1568242173992366,加速度计,-0.2795,7.4549,4.5430,,,,,,,
1568242171496898,陀螺仪,,,,,,,,0.0204,-0.0654,0.1001
1568242184010387,加速度计,-0.1873,6.2944,6.3315,,,,,,,
1568242194028825,加速度计,-0.6015,7.0330,6.5894,,,,,,,
1568242191533564,陀螺仪,,,,,,,,-0.0165,-0.0788,0.0860
1568242204047679,加速度计,-0.0808,7.3502,8.5491,,,,,,,
1568242211571898,陀螺仪,,,,,,,,-0.0044,-0.1033,0.0764
1568242214066950,加速度计,0.0162,7.0222,8.9890,,,,,,,
1568242224086637,加速度计,-0.3717,7.1599,8.5479,,,,,,,
1568242234106741,加速度计,0.4459,7.0623,4.5622,,,,,,,
1568242231611898,陀螺仪,,,,,,,,0.0382,-0.1260,0.0253
1568242244127262,加速度计,0.0455,6.4871,6.2052,,,,,,,
1568242251653564,陀螺仪,,,,,,,,0.0249,-0.1399,-0.0041
1568242254148200,加速度计,0.3160,6.4224,6.0250,,,,,,,
1568242264169450,加速度计,-0.1131,6.9623,5.2595,,,,,,,
1568242274190700,加速度计,0.0748,7.3370,7.5495,,,,,,,
1568242271696064,陀螺仪,,,,,,,,-0.0364,-0.1607,-0.0125
1568242284211950,加速度计,0.5519,7.2580,9.0339,,,,,,,
1568242294233200,加速度计,-0.1664,6.4637,6.3752,,,,,,,
1568242291738564,陀螺仪,,,,,,,,-0.0240,-0.1672,-0.0160
1568242304254241,加速度计,0.0431,6.7181,7.7602,,,,,,,
1568242311778981,陀螺仪,,,,,,,,0.0071,-0.1627,-0.0309
1568242314274241,加速度计,0.4579,6.4602,8.7628,,,,,,,
1568242324292991,加速度计,0.1550,6.5942,6.2507,,,,,,,
1568242334313304,加速度计,0.0587,7.0066,6.7187,,,,,,,
1568242331819606,陀螺仪,,,,,,,,0.0446,-0.1796,-0.0039
1568242344370439,加速度计,0.0778,7.7189,5.6030,,,,,,,
1568242354404554,加速度计,0.5040,8.2205,5.6192,,,,,,,
1568242351887314,陀螺仪,,,,,,,,0.0108,-0.1723,0.0146
1568242364336637,加速度计,0.0790,7.3759,8.0343,,,,,,,
1568242374273304,加速度计,0.2963,6.7870,8.3169,,,,,,,
1568242371758564,陀螺仪,,,,,,,,-0.0325,-0.1463,0.0430
1568242384217731,加速度计,-0.7069,5.3744,8.0595,,,,,,,
1568242394172523,加速度计,0.2388,7.2670,4.7669,,,,,,,
1568242391663096,陀螺仪,,,,,,,,0.0190,-0.1232,0.1103
1568242404139762,加速度计,-0.3825,6.8013,6.3171,,,,,,,
1568242411618721,陀螺仪,,,,,,,,-0.0119,-0.0940,0.1586
1568242414121064,加速度计,-0.0287,7.9410,6.2381,,,,,,,
1568242424117262,加速度计,-0.1861,7.4029,7.7500,,,,,,,
1568242434128877,加速度计,-0.4621,6.6984,8.6155,,,,,,,
1568242431634241,陀螺仪,,,,,,,,-0.0389,-0.0615,0.2202
1568242444155596,加速度计,-0.2879,7.1144,7.2161,,,,,,,
1568242451708773,陀螺仪,,,,,,,,-0.0197,-0.0321,0.2929
1568242454196429,加速度计,-0.6979,6.2213,6.5206,,,,,,,
1568242464249971,加速度计,-0.5980,6.5942,4.4873,,,,,,,
1568242474314241,加速度计,0.3118,6.8714,6.9288,,,,,,,
1568242471831793,陀螺仪,,,,,,,,-0.0374,-0.0017,0.3478
1568242484386898,加速度计,-0.6099,5.9526,8.8089,,,,,,,
1568242494465543,加速度计,-0.6788,6.7690,9.0866,,,,,,,
1568242491985908,陀螺仪,,,,,,,,-0.0318,0.0445,0.3858
1568242504547418,加速度计,-0.0233,6.4416,8.4773,,,,,,,
1568242512139137,陀螺仪,,,,,,,,0.0210,0.0843,0.4249
1568242514623148,加速度计,-0.4447,6.2956,6.0082,,,,,,,
1568242524670023,加速度计,-1.5682,6.7421,2.0590,,,,,,,
1568242534688773,加速度计,0.2526,6.2124,5.0691,,,,,,,
1568242532193512,陀螺仪,,,,,,,,-0.0712,0.0807,0.4566
1568242544707523,加速度计,-0.0670,6.3776,9.7420,,,,,,,
1568242554726273,加速度计,-1.3096,6.9456,11.8734,,,,,,,
1568242552231012,陀螺仪,,,,,,,,-0.0973,0.1075,0.4437
1568242564745023,加速度计,0.0652,7.3089,7.9559,,,,,,,
1568242574763773,加速度计,-0.5058,5.9382,6.9947,,,,,,,
1568242572268512,陀螺仪,,,,,,,,0.0061,0.1206,0.4563
1568242584783929,加速度计,-1.2791,5.7102,6.0549,,,,,,,
1568242594813356,加速度计,0.9355,7.1251,6.6780,,,,,,,
1568242592314241,陀螺仪,,,,,,,,-0.0077,0.1233,0.4811
1568242604816793,加速度计,0.7386,8.2833,7.1718,,,,,,,
1568242614821377,加速度计,-0.7236,7.0168,7.9464,,,,,,,
1568242612323200,陀螺仪,,,,,,,,0.0084,0.1768,0.4607
1568242624842835,加速度计,-0.8368,7.8314,6.1172,,,,,,,
1568242637511365,GPS,,,,31.9433,118.7821,1.3500,135.0000,,,
1568242634876481,加速度计,-0.1999,6.7427,7.0737,,,,,,,
1568242632381950,陀螺仪,,,,,,,,0.0088,0.1820,0.5068
1568242644896273,加速度计,0.7009,7.3670,5.7904,,,,,,,
1568242652419866,陀螺仪,,,,,,,,-0.0274,0.2001,0.5013
1568242654915127,加速度计,0.1239,6.7959,5.2385,,,,,,,
1568242672842824,GPS,,,,31.9433,118.7821,1.3500,135.0000,,,
1568242664933877,加速度计,-0.6991,6.3207,6.4548,,,,,,,
1568242674952627,加速度计,0.3807,6.4985,9.0124,,,,,,,
1568242672457366,陀螺仪,,,,,,,,-0.0402,0.2256,0.5120
1568242684971377,加速度计,0.3819,7.8266,8.8101,,,,,,,
1568242692494866,陀螺仪,,,,,,,,0.0190,0.2582,0.5025
1568242694990127,加速度计,0.7236,6.6613,8.0008,,,,,,,
1568242705008877,加速度计,-0.6626,7.7111,5.7557,,,,,,,
1568242712532366,陀螺仪,,,,,,,,0.0153,0.2562,0.4621
1568242715027627,加速度计,0.5770,5.8012,6.1705,,,,,,,
1568242725046377,加速度计,0.6015,6.7331,6.9677,,,,,,,
1568242735065127,加速度计,-0.2215,7.2874,5.4755,,,,,,,
1568242732569866,陀螺仪,,,,,,,,0.0059,0.2309,0.3963
1568242745083877,加速度计,0.5261,6.8420,6.8995,,,,,,,
1568242752607366,陀螺仪,,,,,,,,-0.0236,0.2020,0.2985
1568242755102627,加速度计,1.0540,6.2507,11.3862,,,,,,,
1568242765121377,加速度计,-0.6237,6.3099,8.0786,,,,,,,
1568242772644866,陀螺仪,,,,,,,,0.0509,0.1876,0.2357
1568242775140127,加速度计,0.8799,6.0914,5.6431,,,,,,,
1568242785158877,加速度计,-0.3490,5.8389,5.7730,,,,,,,
1568242792682366,陀螺仪,,,,,,,,0.0130,0.1695,0.2226
1568242795177627,加速度计,1.2115,6.2902,10.0730,,,,,,,
1568242805196377,加速度计,1.3425,7.6686,8.7981,,,,,,,
1568242812719866,陀螺仪,,,,,,,,0.0503,0.2024,0.1991
1568242815215127,加速度计,0.7895,7.3257,8.1259,,,,,,,
1568242825233877,加速度计,0.8900,4.7848,7.6644,,,,,,,
1568242832757366,陀螺仪,,,,,,,,0.0787,0.2312,0.2073
1568242835252627,加速度计,1.3066,6.1621,6.6954,,,,,,,
1568242845271377,加速度计,0.7530,6.8199,4.9746,,,,,,,
1568242852794866,陀螺仪,,,,,,,,0.0640,0.2538,0.2204
1568242855290127,加速度计,1.1893,6.6008,7.8955,,,,,,,
1568242865308877,加速度计,0.7751,7.3688,9.0818,,,,,,,
1568242872837835,陀螺仪,,,,,,,,0.0662,0.2826,0.2172
1568242875334450,加速度计,0.9625,7.8560,7.6752,,,,,,,
1568242885347783,加速度计,0.8464,7.1138,7.7895,,,,,,,
1568242892864658,陀螺仪,,,,,,,,0.0764,0.3095,0.2373
1568242895361168,加速度计,-0.1329,6.9007,4.3377,,,,,,,
1568242905374971,加速度计,0.9409,6.5487,6.0334,,,,,,,
1568242912892887,陀螺仪,,,,,,,,0.0457,0.3188,0.2206
1568242915389189,加速度计,0.8051,7.3161,7.7800,,,,,,,
1568242925403877,加速度计,0.5489,7.4867,8.2073,,,,,,,
1568242932923512,陀螺仪,,,,,,,,0.0820,0.3127,0.1667
1568242935419398,加速度计,0.1191,7.6842,7.5537,,,,,,,
1568242945435752,加速度计,0.7494,7.0515,6.7564,,,,,,,
1568242952957471,陀螺仪,,,,,,,,0.0678,0.2887,0.1016
1568242955452939,加速度计,0.2843,5.4612,5.7431,,,,,,,
1568242965470960,加速度计,0.4860,6.6930,4.5358,,,,,,,
1568242972994762,陀螺仪,,,,,,,,0.0562,0.2638,0.0563
1568242975489814,加速度计,0.2777,5.7958,7.0581,,,,,,,
1568242985509502,加速度计,1.4455,8.0032,6.1136,,,,,,,
1568242993035387,陀螺仪,,,,,,,,0.0130,0.2320,-0.0091
1568242995530023,加速度计,0.7314,6.4703,9.8318,,,,,,,
1568243005551377,加速度计,1.0014,8.1427,7.2592,,,,,,,
1568243013079189,陀螺仪,,,,,,,,0.0626,0.2330,-0.0735
1568243015573512,加速度计,0.4250,5.8221,8.1445,,,,,,,
1568243025596064,加速度计,0.6009,5.8802,5.8209,,,,,,,
1568243035618981,加速度计,0.0557,6.2950,7.1575,,,,,,,
1568243033124762,陀螺仪,,,,,,,,0.0132,0.1925,-0.1041
1568243045641898,加速度计,0.8793,6.6702,10.6865,,,,,,,
1568243055664814,加速度计,1.3372,5.6354,10.6464,,,,,,,
1568243053170596,陀螺仪,,,,,,,,0.0374,0.1706,-0.1723
1568243065687262,加速度计,0.4298,6.6762,5.3026,,,,,,,
1568243075706377,加速度计,0.2484,4.7591,4.1162,,,,,,,
1568243073211116,陀螺仪,,,,,,,,0.0597,0.1466,-0.2290
1568243085725127,加速度计,0.7135,5.7826,7.3005,,,,,,,
1568243093248616,陀螺仪,,,,,,,,0.0052,0.1233,-0.2755
1568243095743877,加速度计,1.7968,6.0394,10.5985,,,,,,,
1568243105762627,加速度计,1.5622,7.6471,8.7376,,,,,,,
1568243113286429,陀螺仪,,,,,,,,0.0546,0.1356,-0.3304
1568243115781481,加速度计,0.4555,7.4795,6.9893,,,,,,,
1568243125802523,加速度计,0.7793,5.5815,5.4510,,,,,,,
1568243133323408,陀螺仪,,,,,,,,-0.0144,0.0948,-0.3294
1568243135819189,加速度计,1.1744,6.8127,6.4566,,,,,,,
1568243145835856,加速度计,0.4118,6.7834,8.1852,,,,,,,
1568243153356741,陀螺仪,,,,,,,,-0.0001,0.0834,-0.3646
1568243155852523,加速度计,2.0494,6.5428,9.2470,,,,,,,
1568243165869189,加速度计,0.6057,6.5894,7.0976,,,,,,,
1568243173390231,陀螺仪,,,,,,,,0.0333,0.0617,-0.4149
1568243175885908,加速度计,1.3515,6.4787,6.3141,,,,,,,
1568243185903043,加速度计,0.8817,6.7199,4.7854,,,,,,,
1568243193425127,陀螺仪,,,,,,,,-0.0181,0.0129,-0.4823
1568243195920596,加速度计,1.2737,7.7422,5.8514,,,,,,,
1568243205938564,加速度计,0.6979,6.6571,8.4192,,,,,,,
1568243213461689,陀螺仪,,,,,,,,-0.0308,-0.0402,-0.5691
1568243215956950,加速度计,0.7997,7.7381,8.4432,,,,,,,
1568243225975752,加速度计,0.4944,6.3386,8.0523,,,,,,,
1568243233499918,陀螺仪,,,,,,,,0.0269,-0.0992,-0.6487
1568243235994971,加速度计,1.6628,6.4530,6.2644,,,,,,,
1568243246014606,加速度计,0.3029,6.0256,5.5210,,,,,,,
1568243256034606,加速度计,1.3180,6.5721,5.4905,,,,,,,
1568243253539658,陀螺仪,,,,,,,,-0.0193,-0.1418,-0.7016
1568243266054606,加速度计,0.9619,6.7475,7.4825,,,,,,,
1568243276074606,加速度计,1.0499,7.0689,8.3258,,,,,,,
1568243273579658,陀螺仪,,,,,,,,-0.0270,-0.1385,-0.6602
1568243286094606,加速度计,1.3485,5.4570,6.7403,,,,,,,
1568243296114606,加速度计,0.6578,6.1148,4.0767,,,,,,,
1568243293619658,陀螺仪,,,,,,,,-0.0016,-0.0976,-0.5972
1568243306134606,加速度计,-0.0251,5.2960,7.7057,,,,,,,
1568243316154606,加速度计,0.2316,6.6170,9.8246,,,,,,,
1568243313659658,陀螺仪,,,,,,,,-0.0509,-0.0798,-0.4876
1568243326174606,加速度计,0.1359,7.3700,9.1213,,,,,,,
1568243333699658,陀螺仪,,,,,,,,0.0080,-0.0337,-0.4084
1568243336194606,加速度计,-0.0437,7.1156,6.9294,,,,,,,
1568243346214554,加速度计,0.2227,4.2599,7.6758,,,,,,,
1568243353738773,陀螺仪,,,,,,,,-0.0009,-0.0221,-0.3824
1568243356234033,加速度计,-0.3352,6.5924,4.5592,,,,,,,
1568243366253460,加速度计,-0.6339,6.7080,8.9501,,,,,,,
1568243373787471,陀螺仪,,,,,,,,-0.0441,-0.0538,-0.3642
1568243376287210,加速度计,-0.2777,9.0740,8.1277,,,,,,,
1568243386288096,加速度计,-0.4639,7.2461,10.9666,,,,,,,
1568243393790179,陀螺仪,,,,,,,,0.0477,-0.0383,-0.3748
1568243396289502,加速度计,0.3262,7.7117,5.4336,,,,,,,
1568243406292210,加速度计,-0.7560,5.7856,4.6675,,,,,,,
1568243413798408,陀螺仪,,,,,,,,-0.0064,-0.1059,-0.4180
1568243416296689,加速度计,0.0856,8.1517,4.8674,,,,,,,
1568243426303721,加速度计,-0.4016,6.9869,8.5329,,,,,,,
1568243436313668,加速度计,-0.0150,8.3689,8.1433,,,,,,,
1568243433816846,陀螺仪,,,,,,,,0.0165,-0.1173,-0.4282
1568243446326533,加速度计,-0.2143,6.9617,6.5440,,,,,,,
1568243453847106,陀螺仪,,,,,,,,0.0232,-0.1341,-0.4316
1568243456342366,加速度计,0.3089,7.0892,6.1148,,,,,,,
1568243466361481,加速度计,0.0868,6.2303,5.7844,,,,,,,
1568243473889710,陀螺仪,,,,,,,,-0.0051,-0.1597,-0.4324
1568243476383512,加速度计,0.0395,7.7734,6.9013,,,,,,,
1568243486410127,加速度计,0.3316,7.1096,8.0936,,,,,,,
1568243496472523,加速度计,0.7733,7.0593,9.3458,,,,,,,
1568243493993929,陀螺仪,,,,,,,,0.0234,-0.1395,-0.4156
1568243506530908,加速度计,0.0994,7.3035,6.8043,,,,,,,
1568243516527054,加速度计,0.2897,6.7044,6.6834,,,,,,,
1568243514026273,陀螺仪,,,,,,,,0.0483,-0.1569,-0.4005
1568243526524346,加速度计,0.8715,6.0753,6.6792,,,,,,,
1568243536523616,加速度计,0.4304,7.4968,6.7080,,,,,,,
1568243534023877,陀螺仪,,,,,,,,0.0558,-0.1531,-0.4190
1568243546525543,加速度计,-0.3154,6.7918,7.1401,,,,,,,
1568243554032366,陀螺仪,,,,,,,,0.0401,-0.1609,-0.4053
1568243556530543,加速度计,0.6171,7.5010,6.5457,,,,,,,
1568243566539033,加速度计,0.5213,6.5966,8.6724,,,,,,,
1568243574054971,陀螺仪,,,,,,,,0.0625,-0.1426,-0.3983
1568243576551273,加速度计,0.4423,7.0072,8.3204,,,,,,,
1568243586567418,加速度计,-0.0545,7.1395,7.8859,,,,,,,
1568243596587575,加速度计,0.8188,7.1395,6.8103,,,,,,,
1568243594093252,陀螺仪,,,,,,,,0.0952,-0.1409,-0.3993
1568243606611325,加速度计,-0.2699,7.0054,4.9925,,,,,,,
1568243616638252,加速度计,0.4322,5.8353,8.2845,,,,,,,
1568243614145491,陀螺仪,,,,,,,,0.0855,-0.1641,-0.4196
1568243626669918,加速度计,0.0102,7.3819,6.2297,,,,,,,
1568243639244646,GPS,,,,31.9433,118.7821,2.6200,93.7000,,,
1568243636721012,加速度计,-0.1556,6.9139,7.0509,,,,,,,
1568243634233877,陀螺仪,,,,,,,,0.0778,-0.1886,-0.4385
1568243646772262,加速度计,-0.1143,7.3873,4.8219,,,,,,,
1568243656798721,加速度计,0.3909,6.7786,6.1321,,,,,,,
1568243654303981,陀螺仪,,,,,,,,0.0686,-0.1997,-0.4583
1568243666817991,加速度计,0.2191,5.8173,6.9360,,,,,,,
1568243676836741,加速度计,-0.1832,7.2353,8.1313,,,,,,,
1568243674341481,陀螺仪,,,,,,,,0.0348,-0.2182,-0.4434
1568243686855491,加速度计,0.0551,6.9623,9.2727,,,,,,,
1568243696874241,加速度计,0.2532,7.8440,8.4258,,,,,,,
1568243694378981,陀螺仪,,,,,,,,0.0912,-0.1858,-0.4188
1568243706892991,加速度计,-0.5058,7.3885,6.3979,,,,,,,
1568243716911741,加速度计,-0.7542,7.1395,6.1633,,,,,,,
1568243714416481,陀螺仪,,,,,,,,0.0848,-0.1862,-0.3842
1568243726930491,加速度计,0.1820,7.5328,5.6796,,,,,,,
1568243736949241,加速度计,-0.7213,6.2674,7.0276,,,,,,,
1568243734453981,陀螺仪,,,,,,,,0.0368,-0.1819,-0.3510
1568243746967991,加速度计,-0.7500,7.3436,6.9767,,,,,,,
1568243754494398,陀螺仪,,,,,,,,0.0411,-0.1674,-0.3072
1568243756991221,加速度计,0.2777,7.2520,8.6024,,,,,,,
1568243767003721,加速度计,-0.9260,6.4673,9.3685,,,,,,,
1568243774519658,陀螺仪,,,,,,,,0.0976,-0.1423,-0.2707
1568243777016377,加速度计,-0.2005,7.7422,5.9041,,,,,,,
1568243787029450,加速度计,-0.2723,6.7594,4.8985,,,,,,,
1568243797043096,加速度计,-0.6249,7.2275,5.6467,,,,,,,
1568243794546689,陀螺仪,,,,,,,,0.0490,-0.1623,-0.2666
1568243807057575,加速度计,-0.6033,6.8127,10.2388,,,,,,,
1568243814576898,陀螺仪,,,,,,,,0.0719,-0.1373,-0.2224
1568243817072887,加速度计,-0.5614,7.4011,8.6072,,,,,,,
1568243827089189,加速度计,0.4339,7.4053,5.6808,,,,,,,
1568243834611377,陀螺仪,,,,,,,,0.0750,-0.1362,-0.2393
1568243837106741,加速度计,0.3412,6.5290,5.5773,,,,,,,
1568243847125543,加速度计,-0.6375,6.3841,6.6553,,,,,,,
1568243857145439,加速度计,-0.0826,6.6194,8.7730,,,,,,,
1568243854650596,陀螺仪,,,,,,,,0.0615,-0.1403,-0.2674
1568243867166168,加速度计,-0.6476,8.2145,8.1080,,,,,,,
1568243874693304,陀螺仪,,,,,,,,0.0940,-0.1411,-0.2542
1568243877187731,加速度计,0.2233,6.7558,7.5453,,,,,,,
1568243887209971,加速度计,0.2436,7.4190,5.1260,,,,,,,
1568243894738408,陀螺仪,,,,,,,,0.0664,-0.1497,-0.3149
1568243897232627,加速度计,0.0221,6.7708,6.3883,,,,,,,
1568243907255700,加速度计,-0.7979,6.9300,6.8558,,,,,,,
1568243917279033,加速度计,0.0545,6.9234,6.7714,,,,,,,
1568243914784918,陀螺仪,,,,,,,,0.0454,-0.1676,-0.3029
1568243927302366,加速度计,0.0311,6.5565,8.3222,,,,,,,
1568243937324918,加速度计,-0.0652,6.6295,8.0762,,,,,,,
1568243934830283,陀螺仪,,,,,,,,0.0586,-0.1715,-0.3236
1568243947345231,加速度计,-0.1820,8.0164,6.5188,,,,,,,
1568243957363981,加速度计,0.3011,6.7487,6.4584,,,,,,,
1568243954868721,陀螺仪,,,,,,,,0.0712,-0.1838,-0.3333
1568243967382731,加速度计,0.6584,7.4226,7.2969,,,,,,,
1568243977401481,加速度计,-0.1838,6.4057,5.9173,,,,,,,
1568243974906221,陀螺仪,,,,,,,,0.0703,-0.1699,-0.3534
1568243987420231,加速度计,-0.5680,6.5056,7.6776,,,,,,,
1568243997439450,加速度计,0.4597,7.9290,7.0144,,,,,,,
1568243994944502,陀螺仪,,,,,,,,0.0694,-0.1815,-0.3526
1568244007460439,加速度计,1.1504,5.3277,9.3607,,,,,,,
1568244017476273,加速度计,-0.3663,8.4743,3.3662,,,,,,,
1568244014980283,陀螺仪,,,,,,,,0.1004,-0.1768,-0.3704
1568244027492106,加速度计,0.0305,7.3173,6.2147,,,,,,,
1568244035011950,陀螺仪,,,,,,,,0.0529,-0.1823,-0.4119
1568244037507939,加速度计,1.1893,6.2968,9.7193,,,,,,,
1568244047523929,加速度计,-0.7404,7.0671,7.2987,,,,,,,
1568244057540335,加速度计,-1.0379,7.9697,5.3828,,,,,,,
1568244055044554,陀螺仪,,,,,,,,0.0790,-0.1928,-0.4080
1568244067557158,加速度计,0.2562,5.7066,7.4107,,,,,,,
1568244077574398,加速度计,0.1700,7.6040,5.6665,,,,,,,
1568244075078825,陀螺仪,,,,,,,,0.0579,-0.2107,-0.4328
1568244087592054,加速度计,0.6620,6.8815,8.8490,,,,,,,
1568244097610127,加速度计,-0.2915,7.4370,7.1132,,,,,,,
1568244095114762,陀螺仪,,,,,,,,0.0687,-0.2113,-0.4493
1568244107628616,加速度计,0.1095,6.1298,5.9909,,,,,,,
1568244115152366,陀螺仪,,,,,,,,0.0595,-0.2228,-0.4736
1568244117647523,加速度计,0.2867,7.5836,2.6444,,,,,,,
1568244127666846,加速度计,0.5854,6.4667,9.6187,,,,,,,
1568244137686585,加速度计,-1.0594,7.7824,9.2799,,,,,,,
1568244135191637,陀螺仪,,,,,,,,0.0413,-0.2143,-0.4840
1568244147706741,加速度计,-0.9391,7.4406,7.4472,,,,,,,
1568244155232575,陀螺仪,,,,,,,,0.0469,-0.2273,-0.4601
1568244157727314,加速度计,0.9792,7.7788,3.6559,,,,,,,
1568244167748304,加速度计,0.2628,5.7221,6.3279,,,,,,,
1568244177769554,加速度计,-1.0517,6.9725,8.7412,,,,,,,
1568244175274918,陀螺仪,,,,,,,,0.0095,-0.2300,-0.4928
1568244187790804,加速度计,-0.6716,7.1712,10.5908,,,,,,,
1568244197812054,加速度计,0.1401,7.4358,6.5727,,,,,,,
1568244195317418,陀螺仪,,,,,,,,0.0497,-0.2294,-0.4470
1568244207833304,加速度计,0.1299,7.0934,5.8053,,,,,,,
1568244215358616,陀螺仪,,,,,,,,0.0266,-0.2406,-0.4794
1568244217853773,加速度计,-0.1640,6.6008,5.6479,,,,,,,
1568244227872783,加速度计,0.4286,4.5412,10.4848,,,,,,,
1568244237891533,加速度计,-0.4747,8.9693,5.7886,,,,,,,
1568244235396273,陀螺仪,,,,,,,,0.0567,-0.2264,-0.4635
1568244247912471,加速度计,-0.4369,6.9468,7.8895,,,,,,,
1568244257942314,加速度计,-0.0868,7.1724,6.7427,,,,,,,
1568244255441846,陀螺仪,,,,,,,,0.0378,-0.2237,-0.4674
1568244267940543,加速度计,-0.8787,6.0765,6.8468,,,,,,,
1568244277939762,加速度计,1.0211,7.5615,5.4067,,,,,,,
1568244275439814,陀螺仪,,,,,,,,0.0342,-0.2390,-0.4493
1568244287940543,加速度计,-0.0593,6.2734,9.1040,,,,,,,
1568244297943564,加速度计,0.2484,7.0593,10.5034,,,,,,,
1568244295444762,陀螺仪,,,,,,,,0.0667,-0.1933,-0.4750
1568244307949398,加速度计,-0.7973,7.7446,6.8157,,,,,,,
1568244317958564,加速度计,-0.4052,6.0956,5.9849,,,,,,,
1568244315461429,陀螺仪,,,,,,,,0.0776,-0.2246,-0.4934
1568244327971221,加速度计,0.0706,5.9209,5.8508,,,,,,,
1568244337987627,加速度计,-0.1568,7.8608,7.8123,,,,,,,
1568244335492366,陀螺仪,,,,,,,,0.0578,-0.2668,-0.5434
1568244348007627,加速度计,0.2801,6.6523,11.0061,,,,,,,
1568244358030960,加速度计,-0.5237,9.8881,5.3283,,,,,,,
1568244355537366,陀螺仪,,,,,,,,0.1157,-0.2380,-0.5553
1568244368057471,加速度计,-0.2646,5.6132,4.5651,,,,,,,
1568244375594502,陀螺仪,,,,,,,,0.0586,-0.2883,-0.5835
1568244378086741,加速度计,0.2670,5.1218,7.8452,,,,,,,
1568244388118200,加速度计,0.3615,6.7929,11.0151,,,,,,,
1568244395659658,陀螺仪,,,,,,,,0.1457,-0.2670,-0.5784
1568244398151168,加速度计,-0.1377,6.3752,9.3667,,,,,,,
1568244408185075,加速度计,-0.0976,8.5934,4.0857,,,,,,,
1568244415727835,陀螺仪,,,,,,,,0.1061,-0.3260,-0.6506
1568244418219241,加速度计,-0.6608,6.6876,3.7122,,,,,,,
1568244428248408,加速度计,1.1307,5.4803,6.7666,,,,,,,
1568244438268460,加速度计,-0.7955,7.5190,3.9450,,,,,,,
1568244435773200,陀螺仪,,,,,,,,0.1065,-0.3353,-0.6619
1568244448287210,加速度计,-0.4806,6.9354,4.4628,,,,,,,
1568244458305960,加速度计,0.8170,6.0310,5.5378,,,,,,,
1568244455810700,陀螺仪,,,,,,,,0.0108,-0.3591,-0.6693
1568244468324710,加速度计,-0.8248,6.1471,10.7470,,,,,,,
1568244475848200,陀螺仪,,,,,,,,0.0642,-0.3408,-0.6300
1568244478343460,加速度计,0.2340,7.1377,8.7406,,,,,,,
1568244488362210,加速度计,1.4964,6.8612,5.9400,,,,,,,
1568244498382054,加速度计,-0.5824,5.8526,6.3243,,,,,,,
1568244495887523,陀螺仪,,,,,,,,0.0639,-0.3489,-0.6915
1568244508403148,加速度计,-0.2640,6.5535,12.1278,,,,,,,
1568244518416064,加速度计,-2.1177,7.2167,9.3871,,,,,,,
1568244515919346,陀螺仪,,,,,,,,0.1614,-0.3535,-0.7012
1568244528429189,加速度计,1.0050,8.9992,5.5522,,,,,,,
1568244535946221,陀螺仪,,,,,,,,0.1425,-0.4205,-0.7318
1568244538442731,加速度计,0.2921,7.3987,6.9605,,,,,,,
1568244548456898,加速度计,-0.1604,5.5234,9.4373,,,,,,,
1568244558471898,加速度计,-0.2849,7.9805,9.4571,,,,,,,
1568244555975804,陀螺仪,,,,,,,,0.1467,-0.4113,-0.7670
1568244568487731,加速度计,-0.4944,7.9649,10.8954,,,,,,,
1568244578504398,加速度计,-0.4172,5.7162,5.1122,,,,,,,
1568244576008721,陀螺仪,,,,,,,,0.2292,-0.3747,-0.7205
1568244588521898,加速度计,-0.2221,7.4891,0.2442,,,,,,,
1568244598540231,加速度计,0.7661,6.8319,2.5684,,,,,,,
1568244596044971,陀螺仪,,,,,,,,0.0969,-0.4736,-0.7681
1568244608559398,加速度计,-0.7667,6.6840,6.5888,,,,,,,
1568244616084554,陀螺仪,,,,,,,,0.0269,-0.4735,-0.7880
1568244618579398,加速度计,-0.4627,7.1563,4.5951,,,,,,,
1568244638809750,GPS,,,,31.9433,118.7822,2.9500,116.2000,,,
1568244628611481,加速度计,0.8601,6.7080,8.8448,,,,,,,
1568244636149918,陀螺仪,,,,,,,,-0.0465,-0.4898,-0.7587
1568244638645179,加速度计,-0.8248,6.9989,9.5786,,,,,,,
1568244648663929,加速度计,-0.9002,4.6244,18.5311,,,,,,,
1568244658682679,加速度计,-1.6903,9.1488,4.4484,,,,,,,
1568244656187418,陀螺仪,,,,,,,,0.1655,-0.3659,-0.7021
1568244668701429,加速度计,0.7081,7.4202,8.1122,,,,,,,
1568244676224918,陀螺仪,,,,,,,,0.1132,-0.4555,-0.7475
1568244678720179,加速度计,0.3705,6.1986,6.8486,,,,,,,
1568244688738929,加速度计,-0.8332,6.1184,6.9079,,,,,,,
1568244696262418,陀螺仪,,,,,,,,0.1345,-0.5384,-0.7977
1568244698757679,加速度计,1.1696,8.7759,7.1599,,,,,,,
1568244708776429,加速度计,-2.3260,5.6898,6.7935,,,,,,,
1568244716299918,陀螺仪,,,,,,,,0.1055,-0.5519,-0.8155
1568244718795179,加速度计,1.7771,6.1088,10.8380,,,,,,,
1568244728813929,加速度计,-1.0265,7.4035,13.2956,,,,,,,
1568244738832679,加速度计,-2.3984,6.6331,5.9256,,,,,,,
1568244736337418,陀螺仪,,,,,,,,0.2434,-0.4949,-0.7471
1568244748851689,加速度计,-1.4138,6.6541,-2.2194,,,,,,,
1568244756376116,陀螺仪,,,,,,,,0.1047,-0.5262,-0.6826
1568244758871689,加速度计,1.2653,5.6246,9.7091,,,,,,,
1568244768889189,加速度计,-1.5586,5.3732,15.4073,,,,,,,
1568244776411116,陀螺仪,,,,,,,,0.2676,-0.3868,-0.5418
1568244778906689,加速度计,-0.6285,6.9617,13.8205,,,,,,,
1568244788924189,加速度计,-1.5880,7.5106,1.1301,,,,,,,
1568244798941689,加速度计,-0.7865,3.8978,3.0035,,,,,,,
1568244796446116,陀螺仪,,,,,,,,0.2776,-0.4149,-0.5085
1568244808959189,加速度计,-0.0742,8.9423,-0.0186,,,,,,,
1568244816481116,陀螺仪,,,,,,,,0.1557,-0.5107,-0.5679
1568244818976689,加速度计,-1.5353,7.4107,12.1470,,,,,,,
1568244828994189,加速度计,1.6065,8.6185,21.0678,,,,,,,
1568244836516481,陀螺仪,,,,,,,,0.3670,-0.3724,-0.5486
1568244839011950,加速度计,-4.2072,7.9990,8.4611,,,,,,,
1568244849030127,加速度计,0.9301,6.1274,2.4457,,,,,,,
1568244856553460,陀螺仪,,,,,,,,0.3502,-0.4681,-0.5445
1568244859048721,加速度计,-1.5921,8.1445,-8.0595,,,,,,,
1568244869067731,加速度计,2.1596,4.8052,7.5160,,,,,,,
1568244876591741,陀螺仪,,,,,,,,0.0558,-0.5646,-0.6518
1568244879086898,加速度计,0.7787,6.7505,23.9462,,,,,,,
1568244889106064,加速度计,-2.7904,10.2005,13.0693,,,,,,,
1568244896630075,陀螺仪,,,,,,,,0.3450,-0.4221,-0.5638
1568244899125231,加速度计,-1.5628,7.5627,6.0340,,,,,,,
1568244909144398,加速度计,2.0291,2.7366,11.2396,,,,,,,
1568244916668408,陀螺仪,,,,,,,,0.3561,-0.4779,-0.6535
1568244919163564,加速度计,-3.6206,4.5220,14.5214,,,,,,,
1568244929182731,加速度计,-0.9307,11.8926,-0.2729,,,,,,,
1568244939201898,加速度计,1.1241,8.1792,0.7673,,,,,,,
1568244936706741,陀螺仪,,,,,,,,0.3642,-0.6326,-0.7224
1568244949221064,加速度计,-0.4884,2.4918,4.3437,,,,,,,
1568244956745075,陀螺仪,,,,,,,,0.3414,-0.6586,-0.8816
1568244959240231,加速度计,-1.0930,7.1940,7.1736,,,,,,,
1568244969259398,加速度计,-1.7741,6.3249,10.3034,,,,,,,
1568244979278564,加速度计,-2.6875,9.4326,6.9180,,,,,,,
1568244976783408,陀螺仪,,,,,,,,0.4007,-0.6894,-0.8185
1568244989297731,加速度计,-2.6067,6.3363,8.7137,,,,,,,
1568244999319762,加速度计,-3.1879,6.5583,8.0367,,,,,,,
1568244996829346,陀螺仪,,,,,,,,0.4151,-0.6626,-0.7281
1568245009349866,加速度计,-2.1697,11.9722,6.8360,,,,,,,
1568245019352575,加速度计,-0.5752,6.5062,9.1758,,,,,,,
1568245016853356,陀螺仪,,,,,,,,0.3992,-0.6590,-0.6388
1568245029356116,加速度计,-2.4684,5.4516,5.3199,,,,,,,
1568245036862627,陀螺仪,,,,,,,,0.4681,-0.6449,-0.5352
1568245039361116,加速度计,-0.6428,8.4515,4.3694,,,,,,,
1568245049367991,加速度计,-0.1377,7.4615,-0.0880,,,,,,,
1568245056879814,陀螺仪,,,,,,,,0.2529,-0.6756,-0.4638
1568245059377158,加速度计,0.4627,-0.8068,11.7196,,,,,,,
1568245069388825,加速度计,-2.0063,9.7528,3.5967,,,,,,,
1568245076907210,陀螺仪,,,,,,,,0.3127,-0.6031,-0.4069
1568245079403200,加速度计,-0.7410,7.5106,11.4359,,,,,,,
1568245089420491,加速度计,-0.0736,8.0661,8.9052,,,,,,,
1568245099440491,加速度计,0.1281,1.1714,12.2038,,,,,,,
1568245096945856,陀螺仪,,,,,,,,0.3486,-0.5715,-0.3724
1568245109462991,加速度计,-1.9501,7.5920,2.1099,,,,,,,
1568245116994293,陀螺仪,,,,,,,,0.3559,-0.5977,-0.3599
1568245119487783,加速度计,-1.5748,10.5369,4.5891,,,,,,,
1568245129514450,加速度计,-1.4880,8.4078,4.9787,,,,,,,
1568245139542575,加速度计,0.3436,4.9141,14.4311,,,,,,,
1568245137049814,陀螺仪,,,,,,,,0.3153,-0.6157,-0.4120
1568245149571741,加速度计,-1.8328,8.2367,4.2725,,,,,,,
1568245157109085,陀螺仪,,,,,,,,0.3201,-0.6522,-0.4059
1568245159601533,加速度计,-1.1061,2.7467,8.6544,,,,,,,
1568245169631533,加速度计,-2.6432,8.7562,3.4099,,,,,,,
1568245179659033,加速度计,-1.0277,10.3082,5.4151,,,,,,,
1568245177165335,陀螺仪,,,,,,,,0.3948,-0.6952,-0.4313
1568245189680908,加速度计,-1.4425,10.5279,-4.7914,,,,,,,
1568245199699658,加速度计,1.0774,3.0460,15.2606,,,,,,,
1568245197204398,陀螺仪,,,,,,,,0.1290,-0.7377,-0.4740
1568245209718408,加速度计,-0.8475,7.7871,9.0130,,,,,,,
1568245219737158,加速度计,-1.0421,12.3271,7.0521,,,,,,,
1568245217241898,陀螺仪,,,,,,,,0.2621,-0.7308,-0.4742
1568245229755908,加速度计,1.8783,7.4855,5.1918,,,,,,,
1568245239774658,加速度计,0.2005,9.5852,5.3463,,,,,,,
1568245237279398,陀螺仪,,,,,,,,-0.0390,-0.7984,-0.5234
1568245249795075,加速度计,-0.0030,4.5843,11.4832,,,,,,,
1568245259815231,加速度计,1.2360,3.2717,9.4487,,,,,,,
1568245257318304,陀螺仪,,,,,,,,-0.0111,-0.7621,-0.5273
1568245269827314,加速度计,1.1067,2.3565,6.4703,,,,,,,
1568245277342835,陀螺仪,,,,,,,,0.1590,-0.7438,-0.5432
1568245279839658,加速度计,-1.2019,5.6737,7.4962,,,,,,,
1568245289852418,加速度计,-2.4523,10.8248,8.5766,,,,,,,
1568245299865856,加速度计,-1.1355,10.3495,6.9887,,,,,,,
1568245297369346,陀螺仪,,,,,,,,0.1896,-0.7530,-0.4400
1568245309880127,加速度计,-0.5267,8.5246,6.6906,,,,,,,
1568245319895491,加速度计,-2.8946,10.0682,3.2280,,,,,,,
1568245317399502,陀螺仪,,,,,,,,0.1824,-0.6698,-0.2812
1568245329912106,加速度计,-1.5993,7.3239,5.0182,,,,,,,
1568245339929971,加速度计,-1.1534,7.7363,4.3437,,,,,,,
1568245337434606,陀螺仪,,,,,,,,0.1205,-0.5784,-0.0406
1568245349949085,加速度计,-0.0622,8.2301,8.0924,,,,,,,
1568245357474710,陀螺仪,,,,,,,,0.1150,-0.4393,0.1565
1568245359969450,加速度计,-1.1744,7.3664,8.5246,,,,,,,
1568245369990804,加速度计,-1.8106,7.9039,5.4516,,,,,,,
1568245377518668,陀螺仪,,,,,,,,0.1418,-0.3302,0.3454
1568245380012991,加速度计,-1.2055,5.7365,4.4849,,,,,,,
1568245390036012,加速度计,-3.3645,7.7357,3.4357,,,,,,,
1568245397565596,陀螺仪,,,,,,,,0.1224,-0.2707,0.5245
1568245400059606,加速度计,-2.1213,7.2832,7.4496,,,,,,,
1568245410083356,加速度计,-1.2893,7.1551,8.1822,,,,,,,
1568245420107106,加速度计,-1.3473,7.6261,5.3726,,,,,,,
1568245417613096,陀螺仪,,,,,,,,0.1344,-0.2011,0.6021
1568245430130856,加速度计,-1.5042,5.7407,6.7540,,,,,,,
1568245437656585,陀螺仪,,,,,,,,0.1578,-0.1205,0.6144
1568245440151741,加速度计,-2.3583,4.8758,5.1715,,,,,,,
1568245450170648,加速度计,-2.0530,5.5408,4.5568,,,,,,,
1568245460189398,加速度计,-2.2248,7.4962,3.5584,,,,,,,
1568245457694137,陀螺仪,,,,,,,,0.1477,-0.1039,0.7008
1568245470208148,加速度计,-0.7524,8.4773,6.2770,,,,,,,
1568245480226898,加速度计,-0.1778,7.9314,9.6624,,,,,,,
1568245477731637,陀螺仪,,,,,,,,0.1194,-0.0493,0.7051
1568245490245648,加速度计,-1.5526,8.9004,7.3065,,,,,,,
1568245500264918,加速度计,-0.9732,7.2676,6.1734,,,,,,,
1568245497770387,陀螺仪,,,,,,,,0.1473,0.0138,0.6799
1568245510284293,加速度计,-0.3490,6.8516,5.4229,,,,,,,
1568245520300960,加速度计,-0.7230,6.0597,6.8247,,,,,,,
1568245517805179,陀螺仪,,,,,,,,0.0734,0.0125,0.6795
1568245530317627,加速度计,0.1586,6.0777,8.0056,,,,,,,
1568245540334293,加速度计,-0.5764,6.7540,6.7115,,,,,,,
1568245537838512,陀螺仪,,,,,,,,0.0626,0.0301,0.5952
1568245550350960,加速度计,-0.5447,6.7223,7.0096,,,,,,,
1568245560367887,加速度计,-0.0269,5.7467,10.2388,,,,,,,
1568245557872210,陀螺仪,,,,,,,,0.0740,0.0202,0.5120
1568245570385231,加速度计,-0.3280,7.6249,8.9028,,,,,,,
1568245577907523,陀螺仪,,,,,,,,0.1107,0.0119,0.4117
1568245580402991,加速度计,-0.1293,7.0868,6.6583,,,,,,,
1568245590421168,加速度计,0.9367,6.2770,4.0606,,,,,,,
1568245600439762,加速度计,0.2903,6.5086,5.2014,,,,,,,
1568245597944502,陀螺仪,,,,,,,,0.0505,-0.0358,0.2626
1568245610458773,加速度计,-0.5435,6.4877,6.4643,,,,,,,
1568245617983148,陀螺仪,,,,,,,,0.0181,-0.0876,0.1747
1568245620478200,加速度计,-0.1215,7.4358,8.0918,,,,,,,
1568245637105999,GPS,,,,31.9433,118.7822,2.9400,152.2000,,,
1568245630522314,加速度计,0.4058,9.1668,6.3620,,,,,,,
1568245640526533,加速度计,-0.1532,6.4422,5.8820,,,,,,,
1568245638027731,陀螺仪,,,,,,,,0.0015,-0.0811,0.1113
1568245650531221,加速度计,-1.0756,6.4566,3.2968,,,,,,,
1568245660536793,加速度计,0.5076,7.1623,6.0543,,,,,,,
1568245658038512,陀螺仪,,,,,,,,-0.0577,-0.0924,0.0925
1568245670543721,加速度计,-0.4334,5.6048,11.4778,,,,,,,
1568245680552731,加速度计,-0.9703,8.5976,10.7105,,,,,,,
1568245678055491,陀螺仪,,,,,,,,0.0180,-0.0615,0.1270
1568245690563877,加速度计,0.4663,8.4192,5.8377,,,,,,,
1568245698081533,陀螺仪,,,,,,,,0.0454,-0.0281,0.1603
1568245700577523,加速度计,-0.1724,6.5835,5.4965,,,,,,,
1568245710593668,加速度计,-0.6578,7.5495,6.0232,,,,,,,
1568245720612314,加速度计,-1.7549,7.0437,7.3203,,,,,,,
1568245718117575,陀螺仪,,,,,,,,0.0383,-0.0007,0.1840
1568245730633460,加速度计,-0.8140,9.0303,3.5763,,,,,,,
1568245738163460,陀螺仪,,,,,,,,-0.0117,-0.0052,0.2076
1568245740657054,加速度计,0.1185,8.3378,5.4552,,,,,,,
1568245750686377,加速度计,-0.8458,5.6371,11.1492,,,,,,,
1568245758256377,陀螺仪,,,,,,,,0.0758,0.0406,0.2003
1568245760746012,加速度计,-1.1762,7.1389,8.7376,,,,,,,
1568245770773200,加速度计,-1.1600,8.1726,2.6953,,,,,,,
1568245778296689,陀螺仪,,,,,,,,0.0462,0.0158,0.2192
1568245780791950,加速度计,0.3621,6.9941,-0.0682,,,,,,,
1568245790810700,加速度计,-0.0916,6.4817,5.9286,,,,,,,
1568245798334189,陀螺仪,,,,,,,,-0.0041,0.0296,0.1538
1568245800829450,加速度计,1.4479,8.6969,5.6820,,,,,,,
1568245810848200,加速度计,-0.1131,8.5072,3.1077,,,,,,,
1568245818371689,陀螺仪,,,,,,,,-0.0636,0.0176,0.0684
1568245820866950,加速度计,0.2131,7.0054,8.1289,,,,,,,
1568245830885700,加速度计,0.7805,7.2724,9.3643,,,,,,,
1568245838409189,陀螺仪,,,,,,,,-0.0039,0.0206,0.0309
1568245840904450,加速度计,0.2652,7.2933,10.6883,,,,,,,
1568245850923200,加速度计,0.6404,9.9012,3.7308,,,,,,,
1568245858446689,陀螺仪,,,,,,,,-0.0040,0.0085,-0.0358
1568245860941950,加速度计,1.2492,6.8839,6.2794,,,,,,,
1568245870960700,加速度计,0.3508,5.8885,6.6062,,,,,,,
1568245880979450,加速度计,0.7913,8.5928,2.5989,,,,,,,
1568245878484189,陀螺仪,,,,,,,,0.0067,0.0232,-0.0927
1568245890998200,加速度计,0.4118,8.6790,5.3139,,,,,,,
1568245898521689,陀螺仪,,,,,,,,-0.1135,-0.0268,-0.1518
1568245901016950,加速度计,0.1185,6.4195,10.7661,,,,,,,
1568245911035700,加速度计,0.6458,5.7269,10.9439,,,,,,,
1568245921054450,加速度计,0.0066,7.6285,5.8688,,,,,,,
1568245918559189,陀螺仪,,,,,,,,0.0024,-0.0069,-0.2039
1568245931073200,加速度计,0.2065,6.1633,4.2353,,,,,,,
1568245941091950,加速度计,0.5058,5.3331,6.4925,,,,,,,
1568245938596689,陀螺仪,,,,,,,,-0.0194,-0.0277,-0.2312
1568245951110700,加速度计,0.3950,6.7624,7.9104,,,,,,,
1568245958634189,陀螺仪,,,,,,,,0.0021,-0.0518,-0.2657
1568245961129450,加速度计,0.0593,8.7029,7.2251,,,,,,,
1568245971148200,加速度计,0.1006,7.0755,6.8995,,,,,,,
1568245978671689,陀螺仪,,,,,,,,0.0196,-0.0662,-0.3039
1568245981166950,加速度计,0.2035,7.0288,5.4468,,,,,,,
1568245991185700,加速度计,0.2682,8.2893,5.0081,,,,,,,
1568246001207054,加速度计,-0.3508,6.6266,10.1622,,,,,,,
1568245998718096,陀螺仪,,,,,,,,-0.0302,-0.0838,-0.3513
1568246011226793,加速度计,-1.0469,9.1632,7.6908,,,,,,,
1568246018741429,陀螺仪,,,,,,,,0.0104,-0.0810,-0.3439
1568246021238460,加速度计,-0.8625,7.6064,5.9729,,,,,,,
1568246031250439,加速度计,-0.1556,6.6313,3.7631,,,,,,,
1568246041263148,加速度计,0.1185,5.5539,7.0677,,,,,,,
1568246038766429,陀螺仪,,,,,,,,-0.0622,-0.1487,-0.3686
1568246051276689,加速度计,-0.1568,6.2435,9.1638,,,,,,,
1568246058794762,陀螺仪,,,,,,,,0.0084,-0.1633,-0.4340
1568246061291064,加速度计,-1.2163,8.8286,7.6243,,,,,,,
1568246071306585,加速度计,0.5100,8.9238,5.2218,,,,,,,
1568246081323356,加速度计,-0.1969,7.2802,7.0785,,,,,,,
1568246078827679,陀螺仪,,,,,,,,-0.0209,-0.2278,-0.4686
1568246091341377,加速度计,-0.3011,5.3169,9.6211,,,,,,,
1568246098865596,陀螺仪,,,,,,,,0.0606,-0.2482,-0.5104
1568246101360648,加速度计,-0.2640,7.8889,4.2844,,,,,,,
1568246111381168,加速度计,0.1993,7.7081,4.7435,,,,,,,
1568246118908096,陀螺仪,,,,,,,,0.0441,-0.2902,-0.5277
1568246121402627,加速度计,-0.1466,6.7145,7.6393,,,,,,,
1568246131424918,加速度计,0.0982,7.4053,8.6520,,,,,,,
1568246138953929,陀螺仪,,,,,,,,0.1037,-0.2820,-0.5409
1568246141448043,加速度计,0.2077,9.8031,2.5522,,,,,,,
1568246151471689,加速度计,-0.2975,8.5377,4.4957,,,,,,,
1568246161495752,加速度计,-0.4268,5.8083,9.5026,,,,,,,
1568246159001846,陀螺仪,,,,,,,,-0.0020,-0.3437,-0.5490
1568246171519918,加速度计,-0.3705,7.0545,7.3281,,,,,,,
1568246179050179,陀螺仪,,,,,,,,0.0631,-0.3547,-0.5534
1568246181544085,加速度计,0.3651,7.5046,6.2399,,,,,,,
1568246191564189,加速度计,0.0132,7.3975,6.7265,,,,,,,
1568246199087679,陀螺仪,,,,,,,,0.0692,-0.3935,-0.5618
1568246201582939,加速度计,-0.1209,5.3427,9.9719,,,,,,,
1568246211601689,加速度计,-0.7308,7.3382,7.1257,,,,,,,
1568246219125179,陀螺仪,,,,,,,,0.1189,-0.4177,-0.5975
1568246221620439,加速度计,-0.6105,9.0459,4.2856,,,,,,,
1568246231639189,加速度计,-0.7302,6.4823,6.2979,,,,,,,
1568246239162679,陀螺仪,,,,,,,,0.0435,-0.4834,-0.5784
1568246241657939,加速度计,-1.1073,5.9406,7.5375,,,,,,,
1568246251677627,加速度计,-0.5423,6.7924,10.3250,,,,,,,
1568246259200804,陀螺仪,,,,,,,,0.1164,-0.4798,-0.5747
1568246261696793,加速度计,0.6740,6.9994,10.4615,,,,,,,
1568246271712627,加速度计,-0.2981,7.1329,6.3560,,,,,,,
1568246279232471,陀螺仪,,,,,,,,0.1148,-0.4784,-0.5256
1568246281728460,加速度计,-1.6005,5.9526,2.6049,,,,,,,
1568246291744293,加速度计,-0.1227,6.2968,4.9602,,,,,,,
1568246299264554,陀螺仪,,,,,,,,0.0474,-0.4673,-0.4073
1568246301760439,加速度计,-0.4603,7.8380,8.6161,,,,,,,
1568246311777002,加速度计,0.7566,8.9220,10.3124,,,,,,,
1568246319298304,陀螺仪,,,,,,,,0.1027,-0.3919,-0.3404
1568246321793981,加速度计,0.0634,7.8446,7.5854,,,,,,,
1568246331811377,加速度计,-0.6195,6.8630,6.2596,,,,,,,
1568246341829189,加速度计,-0.1490,5.9047,5.3522,,,,,,,
1568246339333721,陀螺仪,,,,,,,,0.1009,-0.3649,-0.2618
1568246351847418,加速度计,-1.3096,8.2241,5.9502,,,,,,,
1568246359370804,陀螺仪,,,,,,,,0.0703,-0.3579,-0.1610
1568246361866064,加速度计,-0.0198,8.3995,6.1854,,,,,,,
1568246371885127,加速度计,-0.3567,7.4466,7.2694,,,,,,,
1568246381904606,加速度计,-0.6213,7.5196,5.4139,,,,,,,
1568246379409554,陀螺仪,,,,,,,,0.0923,-0.3240,-0.1353
1568246391924502,加速度计,-0.6189,7.3460,6.4811,,,,,,,
1568246399449971,陀螺仪,,,,,,,,0.0644,-0.3229,-0.0924
1568246401944814,加速度计,-0.2334,7.1341,7.1180,,,,,,,
1568246411965543,加速度计,-0.3627,7.9511,5.6749,,,,,,,
1568246419492054,陀螺仪,,,,,,,,0.0567,-0.3076,-0.0646
1568246421986689,加速度计,-0.9056,8.6808,6.3835,,,,,,,
1568246432007939,加速度计,0.4280,7.4705,8.9992,,,,,,,
1568246439534554,陀螺仪,,,,,,,,0.0848,-0.2740,-0.0502
1568246442029189,加速度计,0.1730,7.2443,8.3049,,,,,,,
1568246452050439,加速度计,0.0928,7.5782,4.0360,,,,,,,
1568246462071689,加速度计,0.7033,6.1435,4.5131,,,,,,,
1568246459577054,陀螺仪,,,,,,,,0.0410,-0.2742,-0.0615
1568246472091377,加速度计,-0.4142,6.4530,5.6288,,,,,,,
1568246479614971,陀螺仪,,,,,,,,0.0418,-0.2629,-0.0601
1568246482110231,加速度计,0.1897,6.6864,7.9092,,,,,,,
1568246492128981,加速度计,1.1396,8.8669,6.2632,,,,,,,
1568246502154502,加速度计,0.6434,7.3484,7.3777,,,,,,,
1568246499671637,陀螺仪,,,,,,,,0.0429,-0.2646,-0.1067
1568246512171273,加速度计,0.4070,7.8985,6.0825,,,,,,,
1568246519671221,陀螺仪,,,,,,,,0.0221,-0.2874,-0.1403
1568246522171168,加速度计,0.1670,6.7690,7.1036,,,,,,,
1568246532172106,加速度计,1.3240,7.4041,5.9526,,,,,,,
1568246539675804,陀螺仪,,,,,,,,0.0150,-0.2932,-0.1996
1568246542174918,加速度计,1.4587,7.3394,6.0765,,,,,,,
1568246552180127,加速度计,0.3915,6.4111,8.1445,,,,,,,
1568246559690387,陀螺仪,,,,,,,,0.0164,-0.2961,-0.2469
1568246562188148,加速度计,0.4328,7.8877,7.3185,,,,,,,
1568246572199398,加速度计,0.9337,7.1126,5.2607,,,,,,,
1568246579717887,陀螺仪,,,,,,,,-0.0047,-0.3096,-0.2321
1568246582213981,加速度计,0.4148,7.3328,4.0875,,,,,,,
1568246592231898,加速度计,1.2330,6.0005,7.4777,,,,,,,
1568246599758721,陀螺仪,,,,,,,,-0.0081,-0.2993,-0.2293
1568246602253148,加速度计,0.4495,7.0192,9.1895,,,,,,,
1568246612277418,加速度计,0.7063,7.5956,7.8368,,,,,,,
1568246622304606,加速度计,1.3437,8.2774,5.3379,,,,,,,
1568246619814398,陀螺仪,,,,,,,,0.0218,-0.2694,-0.2237
1568246635369228,GPS,,,,31.9432,118.7822,3.0800,164.0000,,,
1568246632367627,加速度计,-0.1604,6.1543,6.2183,,,,,,,
1568246642411377,加速度计,-1.5395,7.4340,5.5138,,,,,,,
1568246639916116,陀螺仪,,,,,,,,0.0044,-0.2678,-0.1846
1568246652430127,加速度计,-0.2861,7.0222,8.0780,,,,,,,
1568246662448877,加速度计,0.3573,7.4124,7.1952,,,,,,,
1568246659953616,陀螺仪,,,,,,,,0.0081,-0.2631,-0.1266
1568246672467627,加速度计,0.0503,6.8696,6.6391,,,,,,,
1568246682486377,加速度计,-1.0606,6.0017,4.0839,,,,,,,
1568246679991116,陀螺仪,,,,,,,,0.0036,-0.2427,-0.1244
1568246692505127,加速度计,-1.2216,6.9893,4.5843,,,,,,,
1568246702523877,加速度计,-1.1223,5.8323,9.0064,,,,,,,
1568246700028616,陀螺仪,,,,,,,,-0.0712,-0.2621,-0.0605
1568246712542627,加速度计,-1.4353,7.3137,9.5116,,,,,,,
1568246722561377,加速度计,-0.7296,8.0828,6.6200,,,,,,,
1568246720066116,陀螺仪,,,,,,,,0.0174,-0.2101,0.0193
1568246732580127,加速度计,-0.6889,7.5052,4.4562,,,,,,,
1568246742598877,加速度计,-0.7368,5.7934,6.2171,,,,,,,
1568246740103616,陀螺仪,,,,,,,,-0.0362,-0.1855,0.0811
1568246752622054,加速度计,-0.8577,6.1519,8.7035,,,,,,,
1568246762638148,加速度计,-1.3001,7.5160,7.3017,,,,,,,
1568246760141325,陀螺仪,,,,,,,,-0.0157,-0.1321,0.1739
1568246772650648,加速度计,-0.4627,7.7063,6.5260,,,,,,,
1568246782663512,加速度计,-0.6506,7.3173,7.0617,,,,,,,
1568246780166846,陀螺仪,,,,,,,,-0.0188,-0.0993,0.2603
1568246792676793,加速度计,-0.5908,6.7481,6.4368,,,,,,,
1568246802690856,加速度计,-0.7410,6.8630,7.6596,,,,,,,
1568246800194554,陀螺仪,,,,,,,,0.0104,-0.0555,0.2844
1568246812705752,加速度计,-0.8362,7.8368,6.2878,,,,,,,
1568246822721481,加速度计,-0.3962,6.6373,9.6594,,,,,,,
1568246820225648,陀螺仪,,,,,,,,-0.0076,-0.0457,0.3281
1568246832738408,加速度计,-0.6877,7.4256,6.2968,,,,,,,
1568246842756585,加速度计,-0.6207,7.7267,4.1474,,,,,,,
1568246840261377,陀螺仪,,,,,,,,0.0294,-0.0103,0.3274
1568246852776012,加速度计,-0.3771,6.5446,4.8788,,,,,,,
1568246862796325,加速度计,-0.1802,6.1824,8.4234,,,,,,,
1568246860301585,陀螺仪,,,,,,,,-0.0250,-0.0157,0.3056
1568246872817471,加速度计,-0.7853,7.4520,8.1965,,,,,,,
1568246882839450,加速度计,-0.5878,7.4310,6.3799,,,,,,,
1568246880345075,陀螺仪,,,,,,,,0.0188,-0.0095,0.2615
1568246892861898,加速度计,-0.2137,7.4591,5.3516,,,,,,,
1568246902884762,加速度计,0.0748,7.1658,4.9201,,,,,,,
1568246900390596,陀螺仪,,,,,,,,0.0003,-0.0364,0.2214
1568246912908043,加速度计,-0.0204,7.4478,4.5197,,,,,,,
1568246922931377,加速度计,0.3292,7.6465,5.6910,,,,,,,
1568246920437262,陀螺仪,,,,,,,,-0.0477,-0.0543,0.1514
1568246932954710,加速度计,-0.0658,7.4879,6.5697,,,,,,,
1568246942975856,加速度计,-0.2490,7.1467,9.2548,,,,,,,
1568246940480908,陀螺仪,,,,,,,,-0.0621,-0.0663,0.1253
1568246952995231,加速度计,0.6171,8.0487,7.0587,,,,,,,
1568246963014033,加速度计,0.5459,7.2808,6.8875,,,,,,,
1568246960518773,陀螺仪,,,,,,,,-0.0133,-0.0483,0.0855
1568246973032783,加速度计,-0.3735,6.6930,7.2036,,,,,,,
1568246983051533,加速度计,-0.1850,6.9893,8.9830,,,,,,,
1568246980556273,陀螺仪,,,,,,,,-0.0248,-0.0839,0.0710
1568246993070283,加速度计,0.2029,8.3953,7.1700,,,,,,,
1568247003091012,加速度计,0.4747,7.4113,4.7896,,,,,,,
1568247000597366,陀螺仪,,,,,,,,0.0526,-0.0622,0.0276
1568247013108564,加速度计,-0.3148,6.5158,6.4009,,,,,,,
1568247023123564,加速度计,-0.2251,6.9665,5.9544,,,,,,,
1568247020627366,陀螺仪,,,,,,,,0.0269,-0.0644,0.0362
1568247033138564,加速度计,-1.0995,6.9504,5.5593,,,,,,,
1568247043153929,加速度计,0.0497,7.3711,6.9384,,,,,,,
1568247040657887,陀螺仪,,,,,,,,-0.0079,-0.0723,0.0790
1568247053169710,加速度计,0.2909,7.9883,7.6447,,,,,,,
1568247063185908,加速度计,0.2083,7.4286,9.3667,,,,,,,
1568247060690075,陀螺仪,,,,,,,,0.0281,-0.0321,0.1048
1568247073202523,加速度计,-0.2987,8.8729,4.8530,,,,,,,
1568247083219918,加速度计,-0.1999,7.9003,4.8064,,,,,,,
1568247080724450,陀螺仪,,,,,,,,0.0232,0.0152,0.1626
1568247093238148,加速度计,-0.1191,5.2750,7.4777,,,,,,,
1568247103257210,加速度计,-0.9948,7.3574,5.8939,,,,,,,
1568247100762106,陀螺仪,,,,,,,,0.0128,0.0403,0.1844
1568247113276741,加速度计,-0.2705,8.4815,5.3283,,,,,,,
1568247123296689,加速度计,-0.6788,7.6369,7.1904,,,,,,,
1568247120801793,陀螺仪,,,,,,,,-0.0322,0.0302,0.2093
1568247133317054,加速度计,-0.6363,6.7241,9.1728,,,,,,,
1568247143337835,加速度计,-0.0126,8.2522,7.8081,,,,,,,
1568247140843148,陀螺仪,,,,,,,,0.0365,0.0394,0.1718
1568247153359033,加速度计,-1.0241,7.9428,6.0765,,,,,,,
1568247163380283,加速度计,-0.3525,6.7223,6.6852,,,,,,,
1568247160885648,陀螺仪,,,,,,,,0.0399,0.0047,0.1049
1568247173401533,加速度计,-1.0169,7.8344,4.0905,,,,,,,
1568247183422783,加速度计,0.0874,7.2042,7.1581,,,,,,,
1568247180928148,陀螺仪,,,,,,,,0.0185,-0.0463,0.0366
1568247193444033,加速度计,0.0676,7.8153,7.6674,,,,,,,
1568247203465283,加速度计,-0.2849,7.3442,7.0354,,,,,,,
1568247200970387,陀螺仪,,,,,,,,0.0489,-0.0634,-0.0150
1568247213484710,加速度计,1.1217,6.9198,5.9155,,,,,,,
1568247223503512,加速度计,0.0844,7.2000,4.0773,,,,,,,
1568247221008252,陀螺仪,,,,,,,,0.0811,-0.0694,-0.0397
1568247233522262,加速度计,0.2879,7.4819,5.6731,,,,,,,
1568247243541012,加速度计,0.2197,7.7099,7.0024,,,,,,,
1568247241046481,陀螺仪,,,,,,,,0.0525,-0.0827,-0.0594
1568247253573564,加速度计,0.1748,8.6407,5.8221,,,,,,,
1568247263581377,加速度计,-0.1856,7.2341,5.7126,,,,,,,
1568247261081012,陀螺仪,,,,,,,,0.0458,-0.1021,-0.0973
1568247273580023,加速度计,-1.1995,6.6116,6.4272,,,,,,,
1568247283579866,加速度计,-1.1570,7.2383,8.0972,,,,,,,
1568247281080179,陀螺仪,,,,,,,,-0.0108,-0.1599,-0.1017
1568247293581689,加速度计,0.1682,6.7660,9.0160,,,,,,,
1568247303585960,加速度计,0.4645,7.2526,6.4284,,,,,,,
1568247301087575,陀螺仪,,,,,,,,0.0260,-0.1695,-0.1321
1568247313593460,加速度计,-0.2670,6.1543,6.5074,,,,,,,
1568247323604293,加速度计,-0.1071,5.5701,7.8949,,,,,,,
1568247321107627,陀螺仪,,,,,,,,0.0144,-0.1796,-0.1313
1568247333618825,加速度计,0.0371,6.6649,9.0537,,,,,,,
1568247343637106,加速度计,-0.2963,6.7499,8.3863,,,,,,,
1568247341142262,陀螺仪,,,,,,,,0.0523,-0.1691,-0.1107
1568247353658773,加速度计,0.3011,8.1241,4.3078,,,,,,,
1568247363683773,加速度计,-0.0772,5.5522,6.4865,,,,,,,
1568247361190543,陀螺仪,,,,,,,,0.0189,-0.1728,-0.0728
1568247373711741,加速度计,0.9164,5.9245,8.5838,,,,,,,
1568247383742262,加速度计,0.5118,6.2890,8.3246,,,,,,,
1568247381250231,陀螺仪,,,,,,,,0.0421,-0.1401,-0.0478
1568247393774554,加速度计,1.0110,8.3085,4.7118,,,,,,,
1568247403808148,加速度计,0.3915,6.5254,6.9312,,,,,,,
1568247401316689,陀螺仪,,,,,,,,-0.0138,-0.1338,-0.0354
1568247413842262,加速度计,-0.0718,5.9819,9.2674,,,,,,,
1568247423876429,加速度计,0.4735,7.2814,8.1032,,,,,,,
1568247421383304,陀螺仪,,,,,,,,0.0233,-0.1016,0.0290
1568247433898564,加速度计,0.9014,8.6197,4.4957,,,,,,,
1568247443917523,加速度计,0.0497,6.8301,5.4157,,,,,,,
1568247441422262,陀螺仪,,,,,,,,-0.0133,-0.0766,0.0250
1568247453936273,加速度计,-0.0658,6.4697,7.4933,,,,,,,
1568247463955023,加速度计,0.4441,7.0515,7.9224,,,,,,,
1568247473973773,加速度计,0.0317,7.6806,7.4023,,,,,,,
1568247461459762,陀螺仪,,,,,,,,-0.0249,-0.0643,0.0571
1568247483992523,加速度计,0.0473,8.1008,4.6627,,,,,,,
1568247481497262,陀螺仪,,,,,,,,-0.0205,-0.0610,0.0554
1568247494011273,加速度计,0.7566,6.8325,6.5050,,,,,,,
1568247504036689,加速度计,0.8045,7.6447,4.0444,,,,,,,
1568247501539971,陀螺仪,,,,,,,,-0.0481,-0.0487,0.0555
1568247514049606,加速度计,0.1077,7.0575,8.5120,,,,,,,
1568247524062523,加速度计,1.4186,7.9051,8.6215,,,,,,,
1568247521565908,陀螺仪,,,,,,,,-0.0501,-0.0176,0.0558
1568247534075856,加速度计,0.9589,6.9570,6.9234,,,,,,,
1568247544089606,加速度计,0.0898,7.5681,4.7010,,,,,,,
1568247541593304,陀螺仪,,,,,,,,-0.0087,-0.0137,0.0117
1568247554104189,加速度计,0.4465,5.9520,5.1356,,,,,,,
1568247564119606,加速度计,0.9367,7.0958,5.8712,,,,,,,
1568247561623721,陀螺仪,,,,,,,,-0.0358,-0.0483,-0.0091
1568247574135856,加速度计,1.3539,8.9124,6.2261,,,,,,,
1568247584152939,加速度计,1.3252,8.5653,7.6249,,,,,,,
1568247581657471,陀螺仪,,,,,,,,-0.0316,-0.0538,-0.0925
1568247594170856,加速度计,1.2695,7.3340,5.6090,,,,,,,
1568247604189606,加速度计,0.3394,7.6914,6.2555,,,,,,,
1568247601694554,陀螺仪,,,,,,,,-0.0410,-0.0567,-0.1634
1568247614209189,加速度计,0.6572,6.4350,8.5425,,,,,,,
1568247624229606,加速度计,0.7476,7.4520,8.0457,,,,,,,
1568247621737471,陀螺仪,,,,,,,,-0.0270,-0.0827,-0.1618
1568247636572197,GPS,,,,31.9432,118.7822,2.8700,168.0000,,,
1568247634266950,加速度计,1.3204,8.0248,5.9568,,,,,,,
1568247644294033,加速度计,1.4796,7.1527,5.8107,,,,,,,
1568247641798773,陀螺仪,,,,,,,,-0.0072,-0.0810,-0.1832
1568247654312783,加速度计,0.8888,6.4003,5.4947,,,,,,,
1568247661836273,陀螺仪,,,,,,,,-0.0318,-0.0866,-0.1824
1568247664331533,加速度计,1.2761,7.0312,6.5511,,,,,,,
1568247674350283,加速度计,1.6053,7.8081,8.7957,,,,,,,
1568247681873773,陀螺仪,,,,,,,,0.0028,-0.0660,-0.1798
1568247684369033,加速度计,1.0086,6.9384,10.1700,,,,,,,
1568247694387783,加速度计,1.6137,7.6016,7.1988,,,,,,,
1568247704406533,加速度计,0.8888,7.3424,5.1583,,,,,,,
1568247701911273,陀螺仪,,,,,,,,0.0587,-0.0551,-0.1844
1568247714425283,加速度计,0.8643,7.1323,3.2830,,,,,,,
1568247724444033,加速度计,0.5321,6.7187,4.7728,,,,,,,
1568247721948773,陀螺仪,,,,,,,,-0.0089,-0.0617,-0.2017
1568247734462783,加速度计,0.3472,6.8001,7.3292,,,,,,,
1568247741986273,陀螺仪,,,,,,,,-0.0346,-0.0590,-0.1566
1568247744481533,加速度计,0.5728,6.3386,7.9697,,,,,,,
1568247754503929,加速度计,0.7530,7.4304,6.5870,,,,,,,
1568247764520179,加速度计,0.1850,6.7666,9.2027,,,,,,,
1568247762024293,陀螺仪,,,,,,,,-0.0013,-0.0387,-0.1726
1568247774536429,加速度计,-0.6788,6.7612,6.6397,,,,,,,
1568247784552679,加速度计,-0.9661,7.2089,5.2481,,,,,,,
1568247782056793,陀螺仪,,,,,,,,0.0198,-0.0744,-0.1615
1568247794568929,加速度计,-0.1802,6.3219,5.3510,,,,,,,
1568247804585596,加速度计,-0.6393,6.6295,8.1002,,,,,,,
1568247802089918,陀螺仪,,,,,,,,-0.0077,-0.1194,-0.1579
1568247814602679,加速度计,-0.4579,7.5776,9.1069,,,,,,,
1568247824620179,加速度计,0.2640,8.0804,7.5166,,,,,,,
1568247822124710,陀螺仪,,,,,,,,0.0586,-0.1153,-0.1526
1568247834638096,加速度计,0.0479,7.4053,5.6503,,,,,,,
1568247844656429,加速度计,-0.4788,6.6499,5.6078,,,,,,,
1568247842161168,陀螺仪,,,,,,,,0.0172,-0.1252,-0.1627
1568247854675179,加速度计,-0.4842,6.4159,6.9480,,,,,,,
1568247864694346,加速度计,-0.4256,7.6064,6.6355,,,,,,,
1568247862199293,陀螺仪,,,,,,,,0.0161,-0.1158,-0.0899
1568247874713929,加速度计,0.6464,6.6655,7.4933,,,,,,,
1568247884733929,加速度计,0.0790,6.8672,8.0732,,,,,,,
1568247882239085,陀螺仪,,,,,,,,0.0336,-0.0838,-0.0374
1568247894754346,加速度计,0.0527,7.3550,7.6255,,,,,,,
1568247904774762,加速度计,0.1760,8.0433,5.8484,,,,,,,
1568247902279918,陀螺仪,,,,,,,,0.0538,-0.0629,-0.0237
1568247914795179,加速度计,-0.3921,7.2526,6.3171,,,,,,,
1568247924815596,加速度计,-0.5782,7.4669,5.6916,,,,,,,
1568247922320752,陀螺仪,,,,,,,,0.0033,-0.0796,-0.0009
1568247934836012,加速度计,0.1125,7.0186,7.2383,,,,,,,
1568247944856429,加速度计,-0.0874,6.6942,8.5341,,,,,,,
1568247942361585,陀螺仪,,,,,,,,0.0093,-0.0726,0.0178
1568247954876846,加速度计,-0.2741,7.0048,4.9279,,,,,,,
1568247964896429,加速度计,0.0275,7.5148,4.0683,,,,,,,
1568247962401273,陀螺仪,,,,,,,,0.0039,-0.0835,0.0140
1568247974915596,加速度计,0.2274,7.1317,8.4455,,,,,,,
1568247984934346,加速度计,-0.8691,7.7231,9.6588,,,,,,,
1568247982439085,陀螺仪,,,,,,,,-0.0232,-0.0835,0.0079
1568247994953096,加速度计,0.1700,8.4569,7.9003,,,,,,,
1568248004996325,加速度计,0.3065,6.8534,4.3676,,,,,,,
1568248002495023,陀螺仪,,,,,,,,0.0133,-0.0751,0.0232
1568248014990908,加速度计,-0.5249,5.7634,5.2056,,,,,,,
1568248024986325,加速度计,-0.2424,7.4508,8.8915,,,,,,,
1568248022485648,陀螺仪,,,,,,,,0.0028,-0.0766,0.0173
1568248034983408,加速度计,-0.2340,8.7879,7.7207,,,,,,,
1568248044982991,加速度计,-0.2065,7.5495,5.9017,,,,,,,
1568248042483773,陀螺仪,,,,,,,,0.0316,-0.0614,0.0609
1568248054985908,加速度计,-0.0144,7.2544,4.0187,,,,,,,
1568248064992575,加速度计,-0.0796,6.1435,6.3530,,,,,,,
1568248062495335,陀螺仪,,,,,,,,-0.0285,-0.0553,0.0915
1568248075003408,加速度计,-0.6381,7.4711,7.2197,,,,,,,
1568248085018408,加速度计,-0.5261,7.8458,8.2648,,,,,,,
1568248082523252,陀螺仪,,,,,,,,0.0157,-0.0091,0.1529
1568248095037575,加速度计,-0.4705,8.8202,5.3648,,,,,,,
1568248105060491,加速度计,0.1437,7.1623,4.1168,,,,,,,
1568248102567210,陀螺仪,,,,,,,,0.0226,0.0229,0.2181
1568248115087158,加速度计,-0.4118,7.5298,7.1006,,,,,,,
1568248125117158,加速度计,-0.4705,7.5956,9.5319,,,,,,,
1568248122625335,陀螺仪,,,,,,,,-0.0209,0.0513,0.2712
1568248135149658,加速度计,-0.0994,7.0102,7.4962,,,,,,,
1568248145184241,加速度计,-0.2819,6.5793,6.7660,,,,,,,
1568248142693252,陀螺仪,,,,,,,,0.0264,0.0819,0.2859
1568248155220075,加速度计,-1.0576,7.0563,6.9821,,,,,,,
1568248165256325,加速度计,-0.1616,6.9564,5.5468,,,,,,,
1568248162765231,陀螺仪,,,,,,,,0.0190,0.0535,0.2438
1568248175291741,加速度计,-0.1419,7.2676,6.3111,,,,,,,
1568248185310908,加速度计,-0.4405,8.0361,3.8026,,,,,,,
1568248182815648,陀螺仪,,,,,,,,-0.0065,-0.0008,0.1656
1568248195329658,加速度计,0.2604,4.7459,9.5984,,,,,,,
1568248205348408,加速度计,0.2502,8.0068,7.7159,,,,,,,
1568248202853148,陀螺仪,,,,,,,,-0.0072,-0.0087,0.1019
1568248215367158,加速度计,0.4082,7.1551,6.0292,,,,,,,
1568248225385908,加速度计,-0.2107,6.7888,4.0821,,,,,,,
1568248222890648,陀螺仪,,,,,,,,-0.0007,-0.0373,0.0309
1568248235404658,加速度计,-0.2538,6.3811,6.8642,,,,,,,
1568248245423408,加速度计,0.1053,6.4733,8.5898,,,,,,,
1568248242929293,陀螺仪,,,,,,,,-0.0322,-0.0887,-0.0104
1568248255458981,加速度计,0.3274,8.3468,5.8419,,,,,,,
1568248265461481,加速度计,0.7075,8.0008,3.8756,,,,,,,
1568248262962262,陀螺仪,,,,,,,,0.0049,-0.0888,-0.0478
1568248275464398,加速度计,-0.1748,6.4925,5.7814,,,,,,,
1568248285468564,加速度计,-0.2861,6.3997,6.4865,,,,,,,
1568248282970075,陀螺仪,,,,,,,,-0.0627,-0.1080,-0.0543
1568248295474398,加速度计,0.8697,7.7764,9.0824,,,,,,,
1568248305482314,加速度计,-0.7392,7.5753,8.8986,,,,,,,
1568248302984971,陀螺仪,,,,,,,,-0.0321,-0.0987,-0.0055
1568248315492731,加速度计,0.0784,7.0491,6.4380,,,,,,,
1568248325505648,加速度计,0.0048,6.8612,5.9215,,,,,,,
1568248323009658,陀螺仪,,,,,,,,0.0037,-0.0920,0.0027
1568248335521481,加速度计,0.0617,6.8097,5.7407,,,,,,,
1568248345540231,加速度计,-0.8619,5.9927,8.1175,,,,,,,
1568248343045596,陀螺仪,,,,,,,,-0.0176,-0.0969,0.0156
1568248355561481,加速度计,-0.1347,9.0531,5.5947,,,,,,,
1568248365585231,加速度计,0.2113,6.8067,8.8998,,,,,,,
1568248363091741,陀螺仪,,,,,,,,-0.0289,-0.0969,0.0465
1568248375611064,加速度计,0.1915,6.5511,6.8965,,,,,,,
1568248385638564,加速度计,-0.1365,7.2000,5.1966,,,,,,,
1568248383145804,陀螺仪,,,,,,,,-0.0229,-0.0812,0.0718
1568248395667314,加速度计,-0.1676,6.8714,7.1575,,,,,,,
1568248405696898,加速度计,0.7632,5.7437,7.7650,,,,,,,
1568248403204450,陀螺仪,,,,,,,,-0.0248,-0.0551,0.1027
1568248415726898,加速度计,-0.6207,7.3496,5.0003,,,,,,,
1568248425756898,加速度计,0.3513,6.5565,7.9476,,,,,,,
1568248423263096,陀螺仪,,,,,,,,-0.0778,-0.0808,0.1309
1568248435781481,加速度计,0.1850,6.3614,10.7554,,,,,,,
1568248445800231,加速度计,0.2113,7.9314,7.1431,,,,,,,
1568248443304971,陀螺仪,,,,,,,,-0.0023,-0.0320,0.1306
1568248455818981,加速度计,-0.6614,7.0186,5.7275,,,,,,,
1568248465837731,加速度计,0.0485,4.2353,9.0896,,,,,,,
1568248463342471,陀螺仪,,,,,,,,-0.0366,-0.0274,0.1630
1568248475856481,加速度计,-0.4160,6.9492,4.8800,,,,,,,
1568248485875231,加速度计,0.1053,6.9091,5.5330,,,,,,,
1568248483379971,陀螺仪,,,,,,,,-0.0226,-0.0089,0.2193
1568248495893981,加速度计,0.1790,7.9278,6.6134,,,,,,,
1568248503419346,陀螺仪,,,,,,,,-0.0306,0.0269,0.2449
1568248505915231,加速度计,0.6776,6.1411,9.9012,,,,,,,
1568248515931481,加速度计,-0.0221,7.3867,7.3143,,,,,,,
1568248525947731,加速度计,0.3166,8.3701,5.3361,,,,,,,
1568248523451846,陀螺仪,,,,,,,,0.0244,0.0639,0.2704
1568248535963981,加速度计,0.2783,6.9546,4.9285,,,,,,,
1568248543484502,陀螺仪,,,,,,,,-0.0341,0.0664,0.2814
1568248545980283,加速度计,0.5626,7.6650,6.6158,,,,,,,
1568248555997002,加速度计,0.3148,7.1820,8.8256,,,,,,,
1568248563518564,陀螺仪,,,,,,,,0.0060,0.0838,0.2495
1568248566014137,加速度计,1.1564,7.2832,5.6958,,,,,,,
1568248576031689,加速度计,0.3316,7.3167,4.8572,,,,,,,
1568248583554293,陀螺仪,,,,,,,,-0.0080,0.0683,0.1719
1568248586049658,加速度计,0.7308,7.4238,7.0803,,,,,,,
1568248596068043,加速度计,0.7446,7.0258,8.5898,,,,,,,
1568248603591689,陀螺仪,,,,,,,,0.0202,0.0458,0.1186
1568248606086846,加速度计,0.9403,8.8837,6.0908,,,,,,,
1568248616106064,加速度计,0.8170,7.9589,5.4247,,,,,,,
1568248626127210,加速度计,2.0141,6.3147,5.2277,,,,,,,
1568248623637471,陀螺仪,,,,,,,,0.0097,0.0313,0.0511
1568248641456519,GPS,,,,31.9432,118.7823,3.4800,170.4000,,,
1568248636157471,加速度计,1.3886,7.2437,2.6881,,,,,,,
1568248646176689,加速度计,0.9242,8.0643,9.1177,,,,,,,
1568248643681429,陀螺仪,,,,,,,,-0.0537,0.0204,-0.0089
1568248656195439,加速度计,2.1380,7.0791,13.3405,,,,,,,
1568248666214189,加速度计,0.6895,8.6090,6.5260,,,,,,,
1568248663718929,陀螺仪,,,,,,,,0.0555,0.0342,-0.0197
1568248676232939,加速度计,1.1989,6.9695,6.0082,,,,,,,
1568248686251689,加速度计,1.4323,6.5811,5.1840,,,,,,,
1568248683756429,陀螺仪,,,,,,,,0.0302,-0.0128,-0.0646
1568248696270439,加速度计,1.0666,6.3123,8.7765,,,,,,,
1568248706289189,加速度计,1.2073,8.9118,6.7678,,,,,,,
1568248703793929,陀螺仪,,,,,,,,0.0790,-0.0113,-0.0923
1568248716307939,加速度计,1.1019,7.1623,5.0045,,,,,,,
1568248726326689,加速度计,1.2420,6.1357,4.9566,,,,,,,
1568248723831429,陀螺仪,,,,,,,,0.0334,-0.0306,-0.1318
1568248736345439,加速度计,1.8256,6.9803,6.2938,,,,,,,
1568248746364189,加速度计,-0.2628,7.4244,7.0210,,,,,,,
1568248743868929,陀螺仪,,,,,,,,-0.0031,-0.0515,-0.1399
1568248756408929,加速度计,0.7787,7.2125,8.2672,,,,,,,
1568248763896793,陀螺仪,,,,,,,,0.0140,-0.0409,-0.1346
1568248766399033,加速度计,1.0223,7.4783,6.5847,,,,,,,
1568248776390127,加速度计,0.4184,6.0591,6.3165,,,,,,,
1568248783882418,陀螺仪,,,,,,,,0.0154,-0.0562,-0.1356
1568248786383408,加速度计,-0.1520,7.1210,4.1474,,,,,,,
1568248796379710,加速度计,0.0227,7.3568,7.9889,,,,,,,
1568248803880960,陀螺仪,,,,,,,,-0.0013,-0.0678,-0.1019
1568248806379866,加速度计,0.5004,7.2808,9.4344,,,,,,,
1568248816384658,加速度计,-0.2526,8.0080,7.7883,,,,,,,
1568248823898043,陀螺仪,,,,,,,,0.0605,-0.0509,-0.0764
1568248826394450,加速度计,0.2855,7.0791,3.8978,,,,,,,
1568248836409241,加速度计,0.3208,5.8538,7.1138,,,,,,,
1568248843934971,陀螺仪,,,,,,,,0.0362,-0.0662,-0.0514
1568248846428981,加速度计,-1.0618,6.8989,8.2588,,,,,,,
1568248856453304,加速度计,0.4459,7.7153,7.5890,,,,,,,
1568248863990179,陀螺仪,,,,,,,,0.0602,-0.0625,-0.0089
1568248866482106,加速度计,0.5668,8.5629,6.0729,,,,,,,
1568248876514606,加速度计,0.4100,6.6074,6.3087,,,,,,,
1568248884059866,陀螺仪,,,,,,,,0.0242,-0.0446,0.0068
1568248886550335,加速度计,0.1041,6.6810,7.7590,,,,,,,
1568248896588460,加速度计,0.0820,6.9755,7.4256,,,,,,,
1568248904138148,陀螺仪,,,,,,,,0.0260,-0.0242,0.0848
1568248906628096,加速度计,0.0233,5.8568,6.2309,,,,,,,
1568248916667887,加速度计,-0.0221,6.1812,6.2447,,,,,,,
1568248924208512,陀螺仪,,,,,,,,0.0457,0.0076,0.1403
1568248926703773,加速度计,0.5028,7.6004,6.3003,,,,,,,
1568248936722523,加速度计,0.7488,8.1600,7.9649,,,,,,,
1568248946741273,加速度计,-0.2825,7.6399,7.4041,,,,,,,
1568248944246012,陀螺仪,,,,,,,,0.0182,0.0382,0.1744
1568248956760023,加速度计,1.2665,7.5747,7.0826,,,,,,,
1568248964283512,陀螺仪,,,,,,,,0.0016,0.0818,0.2176
1568248966778773,加速度计,0.4058,6.5763,6.4153,,,,,,,
1568248976797523,加速度计,-0.2394,6.5673,5.9203,,,,,,,
1568248986816273,加速度计,-0.0138,6.8211,7.2329,,,,,,,
1568248984321012,陀螺仪,,,,,,,,-0.0182,0.1141,0.2653
1568248996835543,加速度计,0.1053,6.7582,6.9019,,,,,,,
1568249004367679,陀螺仪,,,,,,,,0.0012,0.1473,0.2984
1568249006866273,加速度计,-0.1251,6.4314,7.9607,,,,,,,
1568249016871741,加速度计,0.5369,7.1132,6.6690,,,,,,,
1568249026877679,加速度计,0.4196,5.6922,8.7771,,,,,,,
1568249024379398,陀螺仪,,,,,,,,0.0270,0.1843,0.3220
1568249036884502,加速度计,-0.1514,7.6549,4.8507,,,,,,,
1568249044395075,陀螺仪,,,,,,,,0.0145,0.1666,0.3201
1568249046892627,加速度计,0.7248,7.5495,6.6176,,,,,,,
1568249056902471,加速度计,1.0481,7.7021,6.6319,,,,,,,
1568249066914398,加速度计,-0.3095,7.2371,8.7047,,,,,,,
1568249064417887,陀螺仪,,,,,,,,0.0142,0.1822,0.2860
1568249076928460,加速度计,-0.1975,8.0062,6.4212,,,,,,,
1568249084449762,陀螺仪,,,,,,,,0.0312,0.1898,0.2783
1568249086945023,加速度计,0.7961,6.3847,4.5424,,,,,,,
1568249096964033,加速度计,0.0688,7.4753,5.7784,,,,,,,
1568249104490908,陀螺仪,,,,,,,,-0.0160,0.1711,0.2264
1568249106985127,加速度计,-0.0682,7.0539,7.7440,,,,,,,
1568249117008252,加速度计,-0.5339,8.0601,6.5170,,,,,,,
1568249124539658,陀螺仪,,,,,,,,-0.0028,0.1308,0.1623
1568249127033043,加速度计,0.1754,7.6231,6.2836,,,,,,,
1568249137059450,加速度计,-0.4304,7.9069,4.8776,,,,,,,
1568249144594189,陀螺仪,,,,,,,,-0.0525,0.0582,0.0403
1568249147087054,加速度计,0.4136,8.3199,6.2608,,,,,,,
1568249157115439,加速度计,-0.9792,6.7564,7.4340,,,,,,,
1568249164651429,陀螺仪,,,,,,,,-0.0328,0.0148,0.0128
1568249167144189,加速度计,-0.1478,6.6942,6.7050,,,,,,,
1568249177172002,加速度计,0.3950,7.3185,8.4833,,,,,,,
1568249184697835,陀螺仪,,,,,,,,0.0040,0.0502,0.0513
1568249187192991,加速度计,0.6572,5.9065,8.0792,,,,,,,
1568249197212106,加速度计,0.9697,7.5974,4.2653,,,,,,,
1568249207230856,加速度计,1.2803,7.6237,5.1296,,,,,,,
1568249204735596,陀螺仪,,,,,,,,-0.0202,0.0770,0.0864
1568249217249606,加速度计,-0.1532,6.8468,8.3342,,,,,,,
1568249224773096,陀螺仪,,,,,,,,-0.0349,0.0947,0.1288
1568249227268356,加速度计,0.4310,6.7337,8.5533,,,,,,,
1568249237287106,加速度计,0.5956,7.0042,5.9514,,,,,,,
1568249247306064,加速度计,0.6901,6.7313,4.7615,,,,,,,
1568249244811221,陀螺仪,,,,,,,,-0.0213,0.1214,0.1535
1568249257327262,加速度计,-0.3262,6.1094,9.7480,,,,,,,
1568249264847106,陀螺仪,,,,,,,,-0.0065,0.1506,0.1617
1568249267343096,加速度计,0.6955,6.6152,6.5619,,,,,,,
1568249277358929,加速度计,-0.5932,7.1742,5.9149,,,,,,,
1568249284878773,陀螺仪,,,,,,,,0.0015,0.1471,0.1726
1568249287374762,加速度计,-0.0533,5.2583,6.1310,,,,,,,
1568249297390700,加速度计,0.5040,8.1128,5.4761,,,,,,,
1568249304911273,陀螺仪,,,,,,,,-0.0467,0.1101,0.1166
1568249307407054,加速度计,-0.8918,5.6348,11.8860,,,,,,,
1568249317423825,加速度计,0.3412,7.5106,6.4272,,,,,,,
1568249327441012,加速度计,-0.4878,7.3071,5.6832,,,,,,,
1568249324945439,陀螺仪,,,,,,,,-0.0032,0.1192,0.1301
1568249337458616,加速度计,0.7488,6.0100,5.7790,,,,,,,
1568249347476637,加速度计,-0.9834,7.2957,6.1567,,,,,,,
1568249344981273,陀螺仪,,,,,,,,-0.0370,0.1069,0.0786
1568249357495075,加速度计,0.0694,6.6810,9.5176,,,,,,,
1568249367513929,加速度计,1.1079,8.1834,5.7802,,,,,,,
1568249365018773,陀螺仪,,,,,,,,-0.0055,0.1123,0.1140
1568249377533200,加速度计,1.0116,8.1068,5.7347,,,,,,,
1568249385057939,陀螺仪,,,,,,,,-0.0358,0.1182,0.0790
1568249387552887,加速度计,0.5279,6.5954,8.8490,,,,,,,
1568249397572991,加速度计,-0.7003,7.0970,6.4350,,,,,,,
1568249405098773,陀螺仪,,,,,,,,-0.0035,0.1157,0.1280
1568249407593512,加速度计,0.0527,7.3526,6.3602,,,,,,,
1568249417614346,加速度计,1.2857,7.7428,6.5015,,,,,,,
1568249425140439,陀螺仪,,,,,,,,0.0040,0.1372,0.1119
1568249427635179,加速度计,-0.4310,6.6966,7.6716,,,,,,,
1568249437656012,加速度计,-0.2017,6.5170,6.8660,,,,,,,
1568249445182106,陀螺仪,,,,,,,,0.0217,0.1453,0.1342
1568249447676846,加速度计,0.8691,7.1335,6.9468,,,,,,,
1568249457697679,加速度计,0.8080,6.6517,7.3879,,,,,,,
1568249467718512,加速度计,-0.0353,6.7582,7.0419,,,,,,,
1568249465223773,陀螺仪,,,,,,,,0.0129,0.1731,0.1228
1568249477738825,加速度计,0.2269,6.6355,7.8542,,,,,,,
1568249487757575,加速度计,1.2013,6.3823,10.3166,,,,,,,
1568249485262314,陀螺仪,,,,,,,,0.0149,0.1830,0.1811
1568249497777783,加速度计,1.8232,6.0873,7.6405,,,,,,,
1568249505310804,陀螺仪,,,,,,,,0.0734,0.2565,0.1718
1568249507811273,加速度计,0.7566,7.3053,4.9865,,,,,,,
1568249517809398,加速度计,2.2069,7.0240,4.4724,,,,,,,
1568249525308512,陀螺仪,,,,,,,,-0.0080,0.2326,0.0855
1568249527808460,加速度计,1.2055,6.7624,7.6160,,,,,,,
1568249537808981,加速度计,0.2418,7.1263,8.9669,,,,,,,
1568249547811689,加速度计,1.6251,7.5699,5.8574,,,,,,,
1568249545312887,陀螺仪,,,,,,,,0.0531,0.2205,0.0557
1568249557817106,加速度计,1.0229,7.0826,6.7882,,,,,,,
1568249565328721,陀螺仪,,,,,,,,0.0318,0.1924,-0.0332
1568249567825856,加速度计,0.5417,7.1305,6.8564,,,,,,,
1568249577838043,加速度计,1.3898,7.5842,7.5423,,,,,,,
1568249587853981,加速度计,0.5537,7.7554,7.4089,,,,,,,
1568249585358721,陀螺仪,,,,,,,,0.0427,0.1473,-0.1236
1568249597873564,加速度计,-0.2933,6.5912,5.0482,,,,,,,
1568249607896481,加速度计,1.1456,6.4045,4.2234,,,,,,,
1568249605402887,陀螺仪,,,,,,,,0.0398,0.1141,-0.1723
1568249617922627,加速度计,1.8657,7.3113,7.2532,,,,,,,
1568249627960804,加速度计,0.3316,7.1024,9.1734,,,,,,,
1568249638234383,GPS,,,,31.9432,118.7823,3.5400,163.6000,,,
1568249625480752,陀螺仪,,,,,,,,0.0446,0.0980,-0.2332
1568249638033512,加速度计,1.0780,8.4815,7.3310,,,,,,,
1568249648058721,加速度计,-0.0251,7.4310,7.3891,,,,,,,
1568249645563460,陀螺仪,,,,,,,,0.0634,0.0808,-0.2597
1568249658077471,加速度计,-0.1706,6.9809,5.4935,,,,,,,
1568249668096221,加速度计,0.3035,6.7804,6.1956,,,,,,,
1568249665600960,陀螺仪,,,,,,,,0.0487,0.0210,-0.3047
1568249678114971,加速度计,1.2558,8.1846,5.5713,,,,,,,
1568249688133721,加速度计,0.5261,6.5811,7.0779,,,,,,,
1568249685638460,陀螺仪,,,,,,,,0.0112,-0.0611,-0.4268
1568249698152471,加速度计,0.4974,7.2987,8.1295,,,,,,,
1568249708171221,加速度计,0.7362,7.4693,7.7764,,,,,,,
1568249705675960,陀螺仪,,,,,,,,0.0686,-0.0787,-0.4712
1568249718189971,加速度计,0.6865,8.4803,4.5388,,,,,,,
1568249728208721,加速度计,2.8635,8.2313,4.9117,,,,,,,
1568249725713460,陀螺仪,,,,,,,,0.0466,-0.1249,-0.4843
1568249738227471,加速度计,2.0967,7.6746,5.0464,,,,,,,
1568249748246221,加速度计,1.6161,6.5308,5.7090,,,,,,,
1568249745752314,陀螺仪,,,,,,,,-0.0212,-0.1631,-0.5715
1568249758271533,加速度计,1.3007,6.9408,8.6030,,,,,,,
1568249768281116,加速度计,2.2374,7.2299,6.6391,,,,,,,
1568249765783564,陀螺仪,,,,,,,,0.0248,-0.1698,-0.5555
1568249778290856,加速度计,1.9932,7.7877,5.1589,,,,,,,
1568249785803929,陀螺仪,,,,,,,,0.0001,-0.1921,-0.6077
1568249788301168,加速度计,2.4672,7.8769,5.7934,,,,,,,
1568249798312471,加速度计,-0.1694,7.1682,6.8654,,,,,,,
1568249808325023,加速度计,0.6141,6.6152,8.1331,,,,,,,
1568249805828408,陀螺仪,,,,,,,,-0.0093,-0.2273,-0.5938
1568249818338981,加速度计,0.6632,7.1120,7.2419,,,,,,,
1568249825858825,陀螺仪,,,,,,,,0.0314,-0.2281,-0.5301
1568249828354606,加速度计,0.6572,7.3849,6.0956,,,,,,,
1568249838371898,加速度计,0.3615,7.2179,3.8786,,,,,,,
1568249845895908,陀螺仪,,,,,,,,-0.0406,-0.2691,-0.5393
1568249848390856,加速度计,0.2125,8.3222,5.2511,,,,,,,
1568249858411481,加速度计,-0.7889,6.4518,9.2955,,,,,,,
1568249865939398,陀螺仪,,,,,,,,-0.0368,-0.2804,-0.4695
1568249868433616,加速度计,-0.1448,7.0324,8.3977,,,,,,,
1568249878457002,加速度计,-1.3838,5.3091,9.1046,,,,,,,
1568249888481481,加速度计,-1.2582,6.8732,6.0651,,,,,,,
1568249885987783,陀螺仪,,,,,,,,0.0257,-0.2338,-0.3020
1568249898506637,加速度计,-1.3258,5.7994,6.8516,,,,,,,
1568249908532210,加速度计,-0.9493,7.6381,6.4488,,,,,,,
1568249906038721,陀螺仪,,,,,,,,-0.0067,-0.2254,-0.1768
1568249918558043,加速度计,-0.2957,6.0579,6.9821,,,,,,,
1568249926088825,陀螺仪,,,,,,,,-0.0141,-0.1936,-0.0957
1568249928582939,加速度计,-0.6674,6.8468,8.3318,,,,,,,
1568249938604554,加速度计,-0.1861,6.3386,9.0064,,,,,,,
1568249948623304,加速度计,-0.3597,7.0168,8.8579,,,,,,,
1568249946128043,陀螺仪,,,,,,,,0.0140,-0.1232,0.0374
1568249958642054,加速度计,-0.3555,6.3339,7.4424,,,,,,,
1568249968660804,加速度计,0.1814,7.6315,3.9642,,,,,,,
1568249966165543,陀螺仪,,,,,,,,0.0125,-0.0519,0.1451
1568249978679554,加速度计,0.2089,5.8778,6.1046,,,,,,,
1568249986203043,陀螺仪,,,,,,,,-0.0467,-0.0129,0.2084
1568249988698304,加速度计,0.1317,6.7463,7.5950,,,,,,,
1568249998717679,加速度计,0.1012,6.8019,6.9360,,,,,,,
1568250006242991,陀螺仪,,,,,,,,-0.0250,0.0606,0.2995
1568250008739398,加速度计,-0.1903,6.1244,7.3304,,,,,,,
1568250018753564,加速度计,-1.1343,5.9975,10.2496,,,,,,,
1568250028767731,加速度计,0.1939,7.2862,7.9057,,,,,,,
1568250026271325,陀螺仪,,,,,,,,0.0346,0.1668,0.4646
1568250038782054,加速度计,0.2418,7.6351,4.1533,,,,,,,
1568250048796793,加速度计,-0.5818,6.5272,6.1687,,,,,,,
1568250046300596,陀螺仪,,,,,,,,-0.0230,0.1760,0.4808
1568250058812106,加速度计,-0.0042,6.9426,9.8072,,,,,,,
1568250066332471,陀螺仪,,,,,,,,0.0172,0.2378,0.4750
1568250068828252,加速度计,-0.8817,6.9276,8.2905,,,,,,,
1568250078845231,加速度计,-0.6542,8.4354,5.6198,,,,,,,
1568250086367679,陀螺仪,,,,,,,,-0.0059,0.2237,0.4314
1568250088863043,加速度计,1.9591,6.8642,4.7244,,,,,,,
1568250098881689,加速度计,-0.9846,5.2505,6.8857,,,,,,,
1568250108901168,加速度计,-0.0796,8.0637,4.3000,,,,,,,
1568250106406221,陀螺仪,,,,,,,,-0.0188,0.2079,0.3168
1568250118921481,加速度计,0.3885,6.5571,7.7859,,,,,,,
1568250128942471,加速度计,-0.4992,6.3321,10.4178,,,,,,,
1568250126447835,陀螺仪,,,,,,,,-0.0148,0.1607,0.2310
1568250138963877,加速度计,-0.0587,8.2331,5.9711,,,,,,,
1568250148985700,加速度计,0.7320,9.1536,1.3827,,,,,,,
1568250146491273,陀螺仪,,,,,,,,0.0036,0.1053,0.1507
1568250159007783,加速度计,0.6357,7.0270,6.1663,,,,,,,
1568250169029866,加速度计,0.6596,7.0114,8.9938,,,,,,,
1568250166535439,陀螺仪,,,,,,,,-0.0731,0.0360,-0.0206
1568250179051950,加速度计,-0.0329,7.5046,8.7532,,,,,,,
1568250189073721,加速度计,-0.3597,7.8189,5.8041,,,,,,,
1568250186579085,陀螺仪,,,,,,,,0.0096,-0.0119,-0.0760
1568250199094033,加速度计,0.5088,6.7941,6.9677,,,,,,,
1568250206617523,陀螺仪,,,,,,,,0.0103,-0.0293,-0.1133
1568250209112783,加速度计,0.5363,7.4621,6.0412,,,,,,,
1568250219131533,加速度计,0.4495,7.3346,5.8466,,,,,,,
1568250229150283,加速度计,0.8805,7.7417,5.7329,,,,,,,
1568250226655023,陀螺仪,,,,,,,,-0.0162,-0.0963,-0.1960
1568250239169033,加速度计,0.3065,6.5116,8.6730,,,,,,,
1568250246696429,陀螺仪,,,,,,,,-0.0048,-0.1146,-0.2025
1568250249190127,加速度计,-0.5495,7.1060,7.0695,,,,,,,
1568250259221221,加速度计,0.7955,7.6429,4.5298,,,,,,,
1568250269216950,加速度计,1.1863,7.3897,5.9370,,,,,,,
1568250266716064,陀螺仪,,,,,,,,-0.0105,-0.1150,-0.1850
1568250279213825,加速度计,-0.1012,6.2572,7.1641,,,,,,,
1568250286712835,陀螺仪,,,,,,,,-0.0088,-0.1177,-0.2008
1568250289212679,加速度计,0.7386,7.7764,6.8558,,,,,,,
1568250299214189,加速度计,-0.0760,6.8977,7.1245,,,,,,,
1568250309218773,加速度计,0.5872,7.2927,5.9646,,,,,,,
1568250306720491,陀螺仪,,,,,,,,0.0142,-0.0913,-0.1454
1568250319226846,加速度计,0.3627,7.6429,5.6551,,,,,,,
1568250326742523,陀螺仪,,,,,,,,-0.0410,-0.1093,-0.1510
1568250329238825,加速度计,-0.8386,6.5188,6.8636,,,,,,,
1568250339254971,加速度计,-0.8900,6.8037,8.7011,,,,,,,
1568250346780804,陀螺仪,,,,,,,,-0.0174,-0.1040,-0.0599
1568250349275127,加速度计,-0.3112,7.9057,7.9134,,,,,,,
1568250359299033,加速度计,-0.3753,6.8773,6.8193,,,,,,,
1568250366833981,陀螺仪,,,,,,,,0.0008,-0.0917,-0.0180
1568250369326533,加速度计,-1.7603,7.7458,4.3503,,,,,,,
1568250379357054,加速度计,0.6363,6.1016,5.8149,,,,,,,
1568250386898512,陀螺仪,,,,,,,,-0.0312,-0.1004,-0.0345
1568250389389918,加速度计,-0.8074,7.0719,7.6531,,,,,,,
1568250399424554,加速度计,0.2328,8.0439,8.2498,,,,,,,
1568250406969137,陀螺仪,,,,,,,,-0.0085,-0.0868,-0.0049
1568250409460127,加速度计,-1.9758,6.2848,10.0628,,,,,,,
1568250419495960,加速度计,-0.6189,6.7732,7.5579,,,,,,,
1568250429525856,加速度计,-0.0257,6.7912,6.2387,,,,,,,
1568250427030908,陀螺仪,,,,,,,,0.0394,-0.0566,0.1250
1568250439545387,加速度计,-0.0329,7.6986,5.8047,,,,,,,
1568250447068877,陀螺仪,,,,,,,,0.0164,-0.0210,0.1526
1568250449564137,加速度计,0.1850,6.6888,5.8023,,,,,,,
1568250459582887,加速度计,-0.1838,7.6160,6.7780,,,,,,,
1568250469601637,加速度计,-1.0947,7.0533,8.8472,,,,,,,
1568250467106377,陀螺仪,,,,,,,,0.0358,0.0057,0.1917
1568250479620387,加速度计,-0.5273,8.0499,6.9540,,,,,,,
1568250487143877,陀螺仪,,,,,,,,0.0362,0.0236,0.2354
1568250489639137,加速度计,0.0192,8.1834,4.1905,,,,,,,
1568250499659293,加速度计,-0.5375,6.6409,6.9444,,,,,,,
1568250509680856,加速度计,-1.2779,5.7455,9.6798,,,,,,,
1568250507183721,陀螺仪,,,,,,,,-0.0111,0.0076,0.2361
1568250519692106,加速度计,0.0018,6.8588,6.9288,,,,,,,
1568250527206533,陀螺仪,,,,,,,,0.0435,0.0395,0.2784
1568250529703564,加速度计,-0.6363,6.5637,5.6108,,,,,,,
1568250539715648,加速度计,0.7057,6.3590,4.8566,,,,,,,
1568250549728564,加速度计,-0.5968,6.0980,7.3269,,,,,,,
1568250547231950,陀螺仪,,,,,,,,-0.0284,0.0210,0.2277
1568250559742523,加速度计,-0.0742,7.0384,9.9419,,,,,,,
1568250569757731,加速度计,-0.3938,7.3825,11.3264,,,,,,,
1568250567261741,陀螺仪,,,,,,,,0.0254,0.0269,0.2642
1568250579774189,加速度计,0.8033,6.8773,9.1057,,,,,,,
1568250589791898,加速度计,0.1191,6.6158,3.3010,,,,,,,
1568250587296533,陀螺仪,,,,,,,,0.1065,0.0987,0.3143
1568250599810856,加速度计,1.0660,7.8985,1.9351,,,,,,,
1568250609831064,加速度计,1.6765,6.7068,6.2195,,,,,,,
1568250607336325,陀螺仪,,,,,,,,-0.0296,0.0491,0.2073
1568250619852523,加速度计,1.0678,6.5440,8.8047,,,,,,,
1568250642399539,GPS,,,,31.9431,118.7823,3.6700,167.3000,,,
1568250627389866,陀螺仪,,,,,,,,-0.0011,0.0397,0.1293
1568250629880127,加速度计,-1.4407,6.4398,10.0383,,,,,,,
1568250639917054,加速度计,0.2873,7.2065,6.7253,,,,,,,
1568250647445283,陀螺仪,,,,,,,,0.0607,0.0567,0.1953
1568250649940543,加速度计,1.1372,6.9659,4.8524,,,,,,,
1568250659959293,加速度计,2.0758,8.3528,3.2962,,,,,,,
1568250667482783,陀螺仪,,,,,,,,-0.0423,0.0441,0.0852
1568250669978043,加速度计,0.8601,7.1850,6.6637,,,,,,,
1568250679996793,加速度计,-0.3364,6.8007,7.8937,,,,,,,
1568250687520283,陀螺仪,,,,,,,,-0.0165,0.0477,0.1142
1568250690015543,加速度计,0.0982,7.3041,8.2115,,,,,,,
1568250700034293,加速度计,-0.6650,7.0707,9.9306,,,,,,,
1568250710053043,加速度计,0.9493,8.5485,5.6162,,,,,,,
1568250707557783,陀螺仪,,,,,,,,0.0621,0.1111,0.2035
1568250720071793,加速度计,0.4357,7.7979,5.0111,,,,,,,
1568250727595283,陀螺仪,,,,,,,,-0.0212,0.0856,0.1586
1568250730090543,加速度计,0.9846,7.0431,6.5128,,,,,,,
1568250740109293,加速度计,-0.2586,6.2914,8.7065,,,,,,,
1568250747634033,陀螺仪,,,,,,,,0.0507,0.1224,0.1949
1568250750128460,加速度计,0.4016,7.5866,9.7630,,,,,,,
1568250760149033,加速度计,0.1251,9.1087,7.2850,,,,,,,
1568250767668877,陀螺仪,,,,,,,,0.0754,0.1515,0.2166
1568250770164866,加速度计,0.7661,6.5703,5.6485,,,,,,,
1568250780180700,加速度计,0.1766,7.5292,2.0135,,,,,,,
1568250790196533,加速度计,2.0267,7.0294,3.1831,,,,,,,
1568250787700543,陀螺仪,,,,,,,,-0.0097,0.1024,0.1256
1568250800212575,加速度计,0.8260,6.6409,6.4769,,,,,,,
1568250807733252,陀螺仪,,,,,,,,-0.0332,0.0751,0.0266
1568250810229033,加速度计,1.5107,7.4400,8.2576,,,,,,,
1568250820245908,加速度计,0.9313,5.2541,8.6030,,,,,,,
1568250830263200,加速度计,1.1923,7.2742,5.5593,,,,,,,
1568250827767627,陀螺仪,,,,,,,,0.0577,0.1083,0.0441
1568250840280908,加速度计,1.5281,7.9063,1.9160,,,,,,,
1568250850299033,加速度计,1.5580,8.4054,4.4897,,,,,,,
1568250847803668,陀螺仪,,,,,,,,-0.0633,0.0663,-0.0625
1568250860317575,加速度计,1.3557,7.6531,9.3116,,,,,,,
1568250870336533,加速度计,-0.6979,5.5731,12.9796,,,,,,,
1568250867841377,陀螺仪,,,,,,,,-0.0940,0.0324,-0.1194
1568250880355908,加速度计,1.1337,6.2890,9.9042,,,,,,,
1568250887880752,陀螺仪,,,,,,,,0.0547,0.1080,0.0146
1568250890375700,加速度计,0.9744,7.1748,3.9630,,,,,,,
1568250900395908,加速度计,1.8411,6.9043,3.6625,,,,,,,
1568250910416533,加速度计,1.3485,7.6800,5.3923,,,,,,,
1568250907921793,陀螺仪,,,,,,,,-0.0427,0.0835,-0.0755
1568250920437366,加速度计,0.1610,6.3051,10.4118,,,,,,,
1568250927963460,陀螺仪,,,,,,,,0.0177,0.0702,-0.1017
1568250930458200,加速度计,-1.4299,6.7953,10.6356,,,,,,,
1568250940479033,加速度计,-0.4004,7.4861,7.4537,,,,,,,
1568250948005127,陀螺仪,,,,,,,,0.0373,0.0354,-0.0610
1568250950499866,加速度计,-1.0062,6.7666,4.7722,,,,,,,
1568250960520700,加速度计,-0.0940,6.7397,3.6278,,,,,,,
1568250968046793,陀螺仪,,,,,,,,-0.0282,-0.0250,-0.1380
1568250970541533,加速度计,0.1065,6.2339,5.7413,,,,,,,
1568250980561325,加速度计,-0.4842,6.9258,8.3204,,,,,,,
1568250988084814,陀螺仪,,,,,,,,-0.0084,-0.0158,-0.1352
1568250990580075,加速度计,0.1293,8.2414,9.2943,,,,,,,
1568251000601950,加速度计,0.2717,7.1646,9.2739,,,,,,,
1568251008129033,陀螺仪,,,,,,,,0.0092,0.0305,-0.0264
1568251010630543,加速度计,-0.0509,6.5679,6.8773,,,,,,,
1568251020624710,加速度计,1.5658,6.7355,5.5689,,,,,,,
1568251028119241,陀螺仪,,,,,,,,-0.0221,0.0925,0.0462
1568251030620127,加速度计,1.1642,7.2987,7.4687,,,,,,,
1568251040617627,加速度计,0.4890,6.3530,7.7015,,,,,,,
1568251048118616,陀螺仪,,,,,,,,-0.0081,0.1451,0.0945
1568251050618043,加速度计,1.7729,6.9797,4.1982,,,,,,,
1568251060622002,加速度计,2.2092,6.3386,2.8270,,,,,,,
1568251068132471,陀螺仪,,,,,,,,-0.1316,0.1096,-0.0087
1568251070629918,加速度计,-0.0802,4.7980,10.4124,,,,,,,
1568251080642002,加速度计,0.5986,6.4991,11.1031,,,,,,,
1568251088163200,陀螺仪,,,,,,,,0.0373,0.1671,0.0728
1568251090658460,加速度计,0.2227,5.5899,10.6584,,,,,,,
1568251100679293,加速度计,1.8717,7.9721,6.4212,,,,,,,
1568251108210804,陀螺仪,,,,,,,,0.0514,0.1876,0.0602
1568251110704085,加速度计,0.3142,7.4891,7.2353,,,,,,,
1568251120732418,加速度计,1.3300,6.9719,6.7277,,,,,,,
1568251128272158,陀螺仪,,,,,,,,0.0601,0.1537,-0.0292
1568251130763877,加速度计,0.7931,8.6054,4.1587,,,,,,,
1568251140797835,加速度计,0.7572,6.5625,4.4688,,,,,,,
1568251150833460,加速度计,1.0092,5.9430,6.4823,,,,,,,
1568251148342575,陀螺仪,,,,,,,,0.0166,0.1012,-0.1514
1568251160870127,加速度计,0.0383,7.3694,6.6409,,,,,,,
1568251170907210,加速度计,0.8009,8.4102,6.6295,,,,,,,
1568251168416533,陀螺仪,,,,,,,,0.0473,0.0567,-0.1826
1568251180936377,加速度计,2.5995,8.2582,6.2704,,,,,,,
1568251188461116,陀螺仪,,,,,,,,-0.0081,0.0539,-0.2617
1568251190956377,加速度计,0.3496,6.6116,7.2670,,,,,,,
1568251200975127,加速度计,0.6991,7.6483,5.7090,,,,,,,
1568251208498616,陀螺仪,,,,,,,,-0.0104,0.0418,-0.2338
1568251210993877,加速度计,0.8045,6.5152,7.5956,,,,,,,
1568251221012627,加速度计,-0.3921,6.3518,8.2887,,,,,,,
1568251231031377,加速度计,0.8799,9.2285,6.2034,,,,,,,
1568251228536116,陀螺仪,,,,,,,,0.0209,0.0655,-0.2156
1568251241050127,加速度计,-1.5377,5.0302,7.9871,,,,,,,
1568251251070752,加速度计,-0.2693,7.9182,1.0672,,,,,,,
1568251248578460,陀螺仪,,,,,,,,0.0362,0.0478,-0.1935
1568251261091064,加速度计,1.0415,7.1599,3.2627,,,,,,,
1568251271104398,加速度计,0.2233,6.9570,11.9776,,,,,,,
1568251268611741,陀螺仪,,,,,,,,-0.0993,-0.0680,-0.3202
1568251281141898,加速度计,-1.3001,7.1569,13.2274,,,,,,,
1568251291168564,加速度计,-0.7949,7.4962,8.1355,,,,,,,
1568251288663825,陀螺仪,,,,,,,,0.0999,-0.0067,-0.2254
1568251301149866,加速度计,0.1538,8.7203,3.1813,,,,,,,
1568251311133043,加速度计,1.4341,7.0809,3.9702,,,,,,,
1568251308629346,陀螺仪,,,,,,,,0.0182,-0.0213,-0.2053
1568251321119606,加速度计,0.9966,7.1635,5.8550,,,,,,,
1568251331110648,加速度计,-0.7608,7.0749,5.9478,,,,,,,
1568251328609241,陀螺仪,,,,,,,,-0.0149,-0.0682,-0.3354
1568251341107002,加速度计,-0.8045,6.0328,5.8311,,,,,,,
1568251351109346,加速度计,0.9762,6.0908,7.1108,,,,,,,
1568251348610960,陀螺仪,,,,,,,,-0.0084,-0.1228,-0.3348
1568251361118096,加速度计,0.4747,7.6423,8.6832,,,,,,,
1568251371133512,加速度计,-0.8691,7.4729,7.7901,,,,,,,
1568251368638460,陀螺仪,,,,,,,,0.0501,-0.1281,-0.3518
1568251381155439,加速度计,-0.0066,7.6596,4.9045,,,,,,,
1568251391183460,加速度计,0.8218,8.8615,5.0147,,,,,,,
1568251388691429,陀螺仪,,,,,,,,0.0035,-0.1735,-0.3405
1568251401217002,加速度计,0.2628,7.6363,6.4452,,,,,,,
1568251408765491,陀螺仪,,,,,,,,-0.0234,-0.2045,-0.3896
1568251411255231,加速度计,-0.5471,7.4998,6.7876,,,,,,,
1568251421297158,加速度计,1.4060,7.2562,7.8679,,,,,,,
1568251431341533,加速度计,-0.7278,6.4201,8.8526,,,,,,,
1568251428852939,陀螺仪,,,,,,,,0.0089,-0.1814,-0.3555
1568251441387262,加速度计,-0.3585,7.4956,7.4549,,,,,,,
1568251448942002,陀螺仪,,,,,,,,0.0302,-0.1654,-0.2317
1568251451431637,加速度计,-0.6853,8.1379,4.0408,,,,,,,
1568251461464450,加速度计,1.0092,7.2024,6.2052,,,,,,,
1568251468987939,陀螺仪,,,,,,,,-0.0095,-0.1574,-0.2049
1568251471483200,加速度计,-0.7428,6.2034,8.4665,,,,,,,
1568251481501950,加速度计,-0.7111,7.8566,6.2872,,,,,,,
1568251491520700,加速度计,0.6375,7.4310,6.6397,,,,,,,
1568251489025439,陀螺仪,,,,,,,,0.0505,-0.1029,-0.1048
1568251501539450,加速度计,-0.5345,7.5340,6.9887,,,,,,,
1568251511558200,加速度计,-1.4521,8.0541,6.2716,,,,,,,
1568251509062939,陀螺仪,,,,,,,,0.0152,-0.0740,-0.0417
1568251521579137,加速度计,-0.6488,6.7511,7.2155,,,,,,,
1568251529104502,陀螺仪,,,,,,,,-0.0008,-0.0676,0.0510
1568251531601533,加速度计,-1.8375,6.3141,7.9930,,,,,,,
1568251541613200,加速度计,-0.0640,5.6964,9.4308,,,,,,,
1568251549128043,陀螺仪,,,,,,,,0.0823,0.0226,0.1704
1568251551624971,加速度计,-0.9313,6.3446,6.5727,,,,,,,
1568251561637158,加速度计,-0.7805,7.6393,3.3788,,,,,,,
1568251571649866,加速度计,-0.1844,7.4801,4.3640,,,,,,,
1568251569153252,陀螺仪,,,,,,,,0.0072,0.0252,0.1890
1568251581663512,加速度计,0.1024,7.2945,7.7943,,,,,,,
1568251591678408,加速度计,-0.7608,6.1238,11.8824,,,,,,,
1568251589182418,陀螺仪,,,,,,,,-0.0469,0.0185,0.1334
1568251601694554,加速度计,-0.9732,6.8444,9.2123,,,,,,,
1568251609216585,陀螺仪,,,,,,,,0.0526,0.0700,0.2429
1568251611711950,加速度计,-0.9170,5.4306,6.5864,,,,,,,
1568251621730804,加速度计,1.8010,6.7947,4.0085,,,,,,,
1568251637392716,GPS,,,,31.9431,118.7823,3.6300,166.6000,,,
1568251629267783,陀螺仪,,,,,,,,0.0028,0.0832,0.1847
1568251631759189,加速度计,1.4180,5.7162,8.6113,,,,,,,
1568251641793356,加速度计,0.2280,8.2325,8.5228,,,,,,,
1568251651821898,加速度计,-0.1281,6.8845,7.8943,,,,,,,
1568251649326741,陀螺仪,,,,,,,,0.0431,0.0799,0.1310
1568251661840908,加速度计,1.2390,7.5208,6.3919,,,,,,,
1568251671859658,加速度计,1.3641,6.6505,4.5418,,,,,,,
1568251669364398,陀螺仪,,,,,,,,0.0543,0.0766,0.0566
1568251681878408,加速度计,1.1947,7.5022,2.1177,,,,,,,
1568251689401898,陀螺仪,,,,,,,,-0.0405,-0.0125,-0.1129
1568251691897158,加速度计,1.3390,7.2251,4.9183,,,,,,,
1568251701915908,加速度计,1.3755,6.2794,7.8656,,,,,,,
1568251711934658,加速度计,0.2843,7.5190,15.8951,,,,,,,
1568251709439398,陀螺仪,,,,,,,,-0.0378,-0.0590,-0.2154
1568251721953408,加速度计,0.2197,8.0014,10.3735,,,,,,,
1568251731972158,加速度计,-0.7997,7.5872,1.7705,,,,,,,
1568251729476898,陀螺仪,,,,,,,,0.1285,0.0200,-0.1083
1568251741990908,加速度计,1.4904,7.4567,-1.2151,,,,,,,
1568251752009658,加速度计,1.1055,5.2990,7.6070,,,,,,,
1568251749514398,陀螺仪,,,,,,,,-0.1055,-0.0856,-0.2133
1568251762028408,加速度计,0.2215,7.4023,11.3473,,,,,,,
1568251772049033,加速度计,-0.1030,8.2486,8.5605,,,,,,,
1568251769555023,陀螺仪,,,,,,,,0.0286,-0.0722,-0.2426
1568251782083981,加速度计,-1.0672,7.4011,6.0448,,,,,,,
1568251792079606,加速度计,-0.9086,6.7624,3.9271,,,,,,,
1568251789578721,陀螺仪,,,,,,,,0.0302,-0.0703,-0.1577
1568251802076273,加速度计,1.5736,8.4156,4.6771,,,,,,,
1568251809574971,陀螺仪,,,,,,,,-0.0454,-0.1551,-0.2542
1568251812074814,加速度计,-0.0563,6.7576,9.8527,,,,,,,
1568251822075960,加速度计,-0.7584,6.7762,8.5682,,,,,,,
1568251829581846,陀螺仪,,,,,,,,0.0507,-0.1562,-0.2643
1568251832080127,加速度计,0.1293,7.3771,4.2689,,,,,,,
1568251842087731,加速度计,0.8110,7.3287,2.5420,,,,,,,
1568251852099189,加速度计,1.5724,7.0300,8.1301,,,,,,,
1568251849602887,陀螺仪,,,,,,,,-0.0554,-0.2650,-0.4184
1568251862114814,加速度计,-0.5130,6.0543,11.9118,,,,,,,
1568251872134502,加速度计,0.0473,7.9829,6.2902,,,,,,,
1568251869640179,陀螺仪,,,,,,,,0.0660,-0.2692,-0.4458
1568251882157939,加速度计,0.8619,7.7165,3.5793,,,,,,,
1568251889692471,陀螺仪,,,,,,,,-0.0273,-0.3409,-0.4547
1568251892185023,加速度计,0.7213,7.5124,3.6200,,,,,,,
1568251902215231,加速度计,1.2785,5.9795,6.2159,,,,,,,
1568251909756429,陀螺仪,,,,,,,,-0.0481,-0.3960,-0.5519
1568251912247835,加速度计,0.8601,7.8847,7.3885,,,,,,,
1568251922282314,加速度计,1.4287,6.9851,11.3683,,,,,,,
1568251932317835,加速度计,0.1197,6.8570,10.6063,,,,,,,
1568251929826846,陀螺仪,,,,,,,,0.0322,-0.3748,-0.4973
1568251942353668,加速度计,1.4066,8.7658,5.5731,,,,,,,
1568251952385543,加速度计,0.3118,8.8160,1.2037,,,,,,,
1568251949890596,陀螺仪,,,,,,,,0.0197,-0.3870,-0.4775
1568251962405231,加速度计,1.1468,5.7539,6.9001,,,,,,,
1568251969928721,陀螺仪,,,,,,,,-0.0574,-0.4365,-0.4763
1568251972423981,加速度计,-0.2460,7.0006,8.1684,,,,,,,
1568251982442731,加速度计,-0.9870,4.8189,11.6053,,,,,,,
1568251992461481,加速度计,-0.4693,8.4060,4.4754,,,,,,,
1568251989966221,陀螺仪,,,,,,,,0.1065,-0.3530,-0.2760
1568252002480231,加速度计,-0.0221,8.1547,0.9679,,,,,,,
1568252010003721,陀螺仪,,,,,,,,-0.0726,-0.3614,-0.2217
1568252012498981,加速度计,-1.0080,8.3091,3.9696,,,,,,,
1568252022518668,加速度计,-1.3497,5.1194,8.8609,,,,,,,
1568252032547575,加速度计,-1.9632,4.2551,11.2378,,,,,,,
1568252030048668,陀螺仪,,,,,,,,-0.0811,-0.3414,-0.0760
1568252042551846,加速度计,-1.7472,7.0557,11.2599,,,,,,,
1568252052556637,加速度计,-1.0774,7.4316,8.6676,,,,,,,
1568252050058043,陀螺仪,,,,,,,,0.0610,-0.1571,0.2518
1568252062562366,加速度计,-1.0361,7.3322,3.5554,,,,,,,
1568252070071793,陀螺仪,,,,,,,,-0.0248,-0.0648,0.4248
1568252072569554,加速度计,-0.9978,6.4440,3.4453,,,,,,,
1568252082578825,加速度计,-1.4204,4.9823,7.9775,,,,,,,
1568252092590283,加速度计,-1.6143,7.0396,10.3376,,,,,,,
1568252090093668,陀螺仪,,,,,,,,-0.0121,0.0454,0.6180
1568252102604241,加速度计,-0.8859,7.7895,7.2353,,,,,,,
1568252110125335,陀螺仪,,,,,,,,0.0127,0.1517,0.7763
1568252112620700,加速度计,-0.6297,7.3131,4.4885,,,,,,,
1568252122639658,加速度计,-0.6961,6.2471,4.3012,,,,,,,
1568252132661116,加速度计,-1.1522,6.5194,9.8713,,,,,,,
1568252130167002,陀螺仪,,,,,,,,-0.0537,0.2273,0.8309
1568252142684971,加速度计,-2.1895,7.0521,8.4521,,,,,,,
1568252152710804,加速度计,-0.5902,7.1000,7.6016,,,,,,,
1568252150217627,陀螺仪,,,,,,,,0.0005,0.2848,0.9005
1568252162738200,加速度计,-0.5848,6.7965,6.8953,,,,,,,
1568252172766741,加速度计,-1.4048,5.5354,9.2207,,,,,,,
1568252170274085,陀螺仪,,,,,,,,0.0064,0.3511,0.8911
1568252182796012,加速度计,-1.1612,7.6596,3.2124,,,,,,,
1568252190333043,陀螺仪,,,,,,,,-0.0060,0.3276,0.8574
1568252192825596,加速度计,-0.4489,5.4552,7.1844,,,,,,,
1568252202853512,加速度计,-0.0587,6.5757,9.1285,,,,,,,
1568252210380127,陀螺仪,,,,,,,,0.0241,0.3341,0.7597
1568252212875387,加速度计,-0.3472,7.4029,9.1716,,,,,,,
1568252222894137,加速度计,1.3665,8.7370,4.5047,,,,,,,
1568252230417627,陀螺仪,,,,,,,,-0.0214,0.2723,0.5968
1568252232912887,加速度计,0.7458,6.3847,4.7992,,,,,,,
1568252242931637,加速度计,0.5650,7.1168,5.7545,,,,,,,
1568252250455127,陀螺仪,,,,,,,,-0.0726,0.2024,0.4087
1568252252950387,加速度计,1.4246,5.8790,8.7364,,,,,,,
1568252262969137,加速度计,0.8170,7.7776,9.0716,,,,,,,
1568252272988200,加速度计,0.7494,6.6140,6.9444,,,,,,,
1568252270493252,陀螺仪,,,,,,,,0.0137,0.1642,0.2663
1568252283008304,加速度计,0.3519,7.3430,5.7754,,,,,,,
1568252293024971,加速度计,2.6689,6.7870,6.2147,,,,,,,
1568252290529189,陀螺仪,,,,,,,,-0.0055,0.1025,0.1193
1568252303041637,加速度计,-0.1562,7.6734,7.5262,,,,,,,
1568252310562523,陀螺仪,,,,,,,,0.0385,0.0414,0.0274
1568252313058304,加速度计,-0.6829,6.3817,10.9283,,,,,,,
1568252323074971,加速度计,1.5850,7.4262,6.0926,,,,,,,
1568252333091793,加速度计,1.3976,8.3216,2.5145,,,,,,,
1568252330596116,陀螺仪,,,,,,,,0.0702,0.0154,-0.0361
1568252343109033,加速度计,2.9706,8.0182,3.7104,,,,,,,
1568252350631221,陀螺仪,,,,,,,,-0.0410,-0.0477,-0.1816
1568252353126689,加速度计,0.7236,6.8576,9.0429,,,,,,,
1568252363144762,加速度计,0.6536,7.6561,6.9971,,,,,,,
1568252373163252,加速度计,1.5233,6.0932,7.3759,,,,,,,
1568252370667991,陀螺仪,,,,,,,,0.0611,-0.0254,-0.1692
1568252383182158,加速度计,2.2092,7.8314,2.4152,,,,,,,
1568252390706429,陀螺仪,,,,,,,,-0.0474,-0.0822,-0.2530
1568252393201481,加速度计,2.3733,6.7379,5.8425,,,,,,,
1568252403221221,加速度计,0.9170,6.4979,9.5445,,,,,,,
1568252410746273,陀螺仪,,,,,,,,0.0162,-0.0614,-0.2507
1568252413241221,加速度计,-0.7943,6.1878,11.2755,,,,,,,
1568252423261221,加速度计,2.2009,8.2911,5.8329,,,,,,,
1568252433281221,加速度计,1.6855,6.9103,5.2421,,,,,,,
1568252430786273,陀螺仪,,,,,,,,0.0341,-0.0314,-0.1896
1568252443301221,加速度计,0.9936,7.6902,5.1380,,,,,,,
1568252453321221,加速度计,-1.3036,5.5498,9.7929,,,,,,,
1568252450826273,陀螺仪,,,,,,,,-0.0196,-0.0398,-0.2161
1568252463341221,加速度计,0.1125,6.6385,7.0402,,,,,,,
1568252473361221,加速度计,-0.0138,7.0779,8.1068,,,,,,,
1568252470866273,陀螺仪,,,,,,,,0.0454,-0.0377,-0.1667
1568252483381221,加速度计,0.8188,8.7478,4.6789,,,,,,,
1568252493401221,加速度计,-1.6664,6.2177,5.7084,,,,,,,
1568252490906273,陀螺仪,,,,,,,,0.0125,-0.0597,-0.1931
1568252503420908,加速度计,1.1588,8.8005,6.2124,,,,,,,
1568252513439918,加速度计,-1.0576,7.2544,11.8417,,,,,,,
1568252510944658,陀螺仪,,,,,,,,-0.0185,-0.0755,-0.1692
1568252523460700,加速度计,-1.1983,6.6792,9.3649,,,,,,,
1568252533490491,加速度计,-0.7614,7.4729,1.1839,,,,,,,
1568252530990023,陀螺仪,,,,,,,,0.1084,-0.0077,0.0056
1568252543492262,加速度计,2.0357,7.9529,0.2903,,,,,,,
1568252553514814,加速度计,-0.4741,6.3369,9.1812,,,,,,,
1568252551020023,陀螺仪,,,,,,,,-0.0764,-0.0181,-0.0535
1568252563534033,加速度计,-2.6887,7.3843,11.4646,,,,,,,
1568252573552783,加速度计,-1.3024,6.7666,7.6393,,,,,,,
1568252571057523,陀螺仪,,,,,,,,0.0586,0.0177,0.1356
1568252583571533,加速度计,-0.3789,8.5718,5.1817,,,,,,,
1568252593590283,加速度计,-0.0120,7.8428,3.2663,,,,,,,
1568252591095023,陀螺仪,,,,,,,,0.0281,0.0971,0.1965
1568252603609033,加速度计,-1.5155,7.9122,6.5697,,,,,,,
1568252613627783,加速度计,-1.4060,5.8173,10.3843,,,,,,,
1568252611132835,陀螺仪,,,,,,,,-0.0613,0.0399,0.2025
1568252623648721,加速度计,-1.5880,5.0548,10.0658,,,,,,,
1568252636013184,GPS,,,,31.9431,118.7823,3.5300,167.6000,,,
1568252631172210,陀螺仪,,,,,,,,0.0675,0.1270,0.3446
1568252633670908,加速度计,-0.0192,6.8887,5.6090,,,,,,,
1568252643676168,加速度计,0.3178,7.3562,4.8070,,,,,,,
1568252651183721,陀螺仪,,,,,,,,-0.0133,0.1419,0.2804
1568252653682106,加速度计,0.5734,5.7593,7.7949,,,,,,,
1568252663689137,加速度计,-0.7057,6.4464,9.8683,,,,,,,
1568252671200023,陀螺仪,,,,,,,,0.0406,0.1164,0.2419
1568252673697679,加速度计,1.0367,6.6140,8.1199,,,,,,,
1568252683708148,加速度计,-0.4711,6.4691,6.5068,,,,,,,
1568252693720700,加速度计,2.8024,7.5262,5.8873,,,,,,,
1568252691224085,陀螺仪,,,,,,,,0.0461,0.0981,0.1523
1568252703735596,加速度计,0.6219,6.9737,7.3801,,,,,,,
1568252711257627,陀螺仪,,,,,,,,0.0306,0.0610,0.0551
1568252713752991,加速度计,0.5974,6.9414,7.8727,,,,,,,
1568252723772887,加速度计,1.6161,7.5148,7.6142,,,,,,,
1568252731302262,陀螺仪,,,,,,,,0.0344,0.0531,0.0338
1568252733796064,加速度计,0.6165,5.8472,6.4679,,,,,,,
1568252743849241,加速度计,0.8637,8.1726,4.7279,,,,,,,
1568252751396168,陀螺仪,,,,,,,,0.0031,0.0091,-0.0449
1568252753891429,加速度计,3.3896,8.8071,2.6426,,,,,,,
1568252763910179,加速度计,-0.0024,6.2662,8.9824,,,,,,,
1568252771433668,陀螺仪,,,,,,,,-0.0166,-0.0414,-0.1401
1568252773928929,加速度计,0.1167,7.0791,7.5052,,,,,,,
1568252783947679,加速度计,1.2049,7.0132,8.0786,,,,,,,
1568252791471168,陀螺仪,,,,,,,,0.0487,-0.0482,-0.1658
1568252793966429,加速度计,-0.3585,8.2857,7.1688,,,,,,,
1568252803985179,加速度计,-1.1726,8.0278,4.4544,,,,,,,
1568252811508668,陀螺仪,,,,,,,,-0.0313,-0.1120,-0.1704
1568252814003929,加速度计,0.6045,6.5523,5.7838,,,,,,,
1568252824022679,加速度计,-0.6883,6.5152,6.6852,,,,,,,
1568252831546168,陀螺仪,,,,,,,,-0.0193,-0.1125,-0.1007
1568252834041429,加速度计,0.8853,5.7377,7.9039,,,,,,,
1568252844060179,加速度计,-0.8930,7.0126,7.5824,,,,,,,
1568252854078929,加速度计,-0.2304,8.6107,7.4286,,,,,,,
1568252851583668,陀螺仪,,,,,,,,0.0108,-0.0497,-0.0337
1568252864097679,加速度计,-0.8811,7.3065,9.0621,,,,,,,
1568252874118304,加速度计,-0.4932,7.3538,5.3427,,,,,,,
1568252871626846,陀螺仪,,,,,,,,0.0354,-0.0035,0.1025
1568252884137418,加速度计,-0.5525,6.4434,4.6968,,,,,,,
1568252891655179,陀螺仪,,,,,,,,-0.0152,0.0138,0.1735
1568252894151585,加速度计,1.0750,6.3973,8.6072,,,,,,,
1568252904165752,加速度计,0.4585,7.5244,10.1353,,,,,,,
1568252911683929,陀螺仪,,,,,,,,0.0744,0.0804,0.2085
1568252914180231,加速度计,0.5944,6.7906,6.2363,,,,,,,
1568252924195127,加速度计,0.9068,7.2736,1.9992,,,,,,,
1568252931714762,陀螺仪,,,,,,,,-0.0372,0.0185,0.1178
1568252934210752,加速度计,2.1368,6.3536,5.9041,,,,,,,
1568252944227210,加速度计,-0.0425,4.9632,9.4104,,,,,,,
1568252954244502,加速度计,1.7298,8.0553,8.0080,,,,,,,
1568252951748929,陀螺仪,,,,,,,,0.0248,-0.0112,0.0254
1568252964262627,加速度计,0.7721,8.0846,6.6050,,,,,,,
1568252971786429,陀螺仪,,,,,,,,0.0252,-0.0174,-0.0402
1568252974281585,加速度计,0.9128,7.5615,5.2565,,,,,,,
1568252984301377,加速度计,-0.0605,6.5230,5.9370,,,,,,,
1568252991827262,陀螺仪,,,,,,,,-0.0237,-0.1009,-0.1065
1568252994322002,加速度计,0.9355,7.6866,6.3913,,,,,,,
1568253004343148,加速度计,0.8745,6.5206,8.7801,,,,,,,
1568253011870179,陀螺仪,,,,,,,,-0.0237,-0.1142,-0.1292
1568253014364710,加速度计,-0.0593,7.9296,9.2332,,,,,,,
1568253024386689,加速度计,0.0964,6.0124,8.4617,,,,,,,
1568253031914346,陀螺仪,,,,,,,,0.0554,-0.0640,-0.0364
1568253034408773,加速度计,0.0497,7.3155,2.6558,,,,,,,
1568253044430856,加速度计,0.7805,7.4077,5.5713,,,,,,,
1568253051958512,陀螺仪,,,,,,,,-0.0593,-0.0864,-0.0226
1568253054452939,加速度计,-1.2127,6.6002,8.9699,,,,,,,
1568253064474398,加速度计,-1.2570,6.6032,9.8575,,,,,,,
1568253071998512,陀螺仪,,,,,,,,0.0756,-0.0084,0.1666
1568253074493773,加速度计,-0.0485,8.6975,5.7305,,,,,,,
1568253084512523,加速度计,0.6333,8.0762,4.7351,,,,,,,
1568253092036012,陀螺仪,,,,,,,,-0.0209,0.0587,0.2047
1568253094531273,加速度计,-0.3531,6.8528,5.1643,,,,,,,
1568253104550023,加速度计,-0.9206,6.0501,7.5441,,,,,,,
1568253114568773,加速度计,-1.8465,7.6148,8.1499,,,,,,,
1568253112073512,陀螺仪,,,,,,,,-0.0257,0.0746,0.3438
1568253124587835,加速度计,-0.0790,5.5641,8.9585,,,,,,,
1568253132111325,陀螺仪,,,,,,,,0.0611,0.2123,0.4694
1568253134607106,加速度计,-0.0742,6.7924,4.3437,,,,,,,
1568253144623773,加速度计,0.1443,6.9055,4.3592,,,,,,,
1568253154640439,加速度计,0.5399,7.0120,4.2982,,,,,,,
1568253152144658,陀螺仪,,,,,,,,-0.0330,0.2019,0.4764
1568253164657106,加速度计,0.0503,7.6417,9.2452,,,,,,,
1568253174673773,加速度计,-1.1492,6.3949,11.8890,,,,,,,
1568253172177991,陀螺仪,,,,,,,,-0.0374,0.2264,0.4286
1568253184690752,加速度计,-0.9068,7.5938,10.9241,,,,,,,
1568253192212575,陀螺仪,,,,,,,,0.0756,0.2855,0.5462
1568253194708148,加速度计,-0.4956,6.5128,4.4897,,,,,,,
1568253204725960,加速度计,1.7328,7.7045,4.1246,,,,,,,
1568253212248825,陀螺仪,,,,,,,,-0.0465,0.2649,0.4225
1568253214744189,加速度计,-0.4974,6.7337,6.7600,,,,,,,
1568253224762835,加速度计,-0.0317,5.1852,11.4640,,,,,,,
1568253232286741,陀螺仪,,,,,,,,0.0502,0.2900,0.4611
1568253234781898,加速度计,-0.6255,6.2794,12.6498,,,,,,,
1568253244801377,加速度计,0.9230,7.8470,6.0771,,,,,,,
1568253252326325,陀螺仪,,,,,,,,0.1021,0.3202,0.4495
1568253254821273,加速度计,1.5927,7.2592,2.2625,,,,,,,
1568253264841273,加速度计,2.3367,7.7063,2.0051,,,,,,,
1568253272366325,陀螺仪,,,,,,,,-0.0322,0.2554,0.2326
1568253274861273,加速度计,-0.5770,5.9759,10.3537,,,,,,,
1568253284881273,加速度计,-0.7649,7.5974,9.6654,,,,,,,
1568253292406325,陀螺仪,,,,,,,,0.0639,0.2073,0.2306
1568253294901273,加速度计,1.3557,7.9206,7.9619,,,,,,,
1568253304921273,加速度计,0.9152,7.4543,6.1764,,,,,,,
1568253314941273,加速度计,1.2258,6.5487,6.0376,,,,,,,
1568253312446325,陀螺仪,,,,,,,,0.0483,0.2205,0.1834
1568253324961585,加速度计,1.8148,7.1904,4.2294,,,,,,,
1568253334995283,加速度计,0.2837,5.5851,8.9298,,,,,,,
1568253332506481,陀螺仪,,,,,,,,0.0077,0.2059,0.0882
1568253345043668,加速度计,-0.4711,6.5320,6.4787,,,,,,,
1568253352507887,陀螺仪,,,,,,,,0.0605,0.2309,0.1173
1568253355014710,加速度计,1.3324,6.9061,6.8295,,,,,,,
1568253364987627,加速度计,0.5040,9.0094,4.2689,,,,,,,
1568253374964085,加速度计,1.6981,5.6635,7.0545,,,,,,,
1568253372459346,陀螺仪,,,,,,,,-0.0020,0.2007,0.0515
1568253384945700,加速度计,-0.1993,6.4500,6.8037,,,,,,,
1568253392432418,陀螺仪,,,,,,,,-0.0197,0.1635,0.0220
1568253394933721,加速度计,1.2097,7.2502,5.8215,,,,,,,
1568253404929293,加速度计,-0.3190,5.2218,9.8767,,,,,,,
1568253414932835,加速度计,2.4433,7.9158,5.5941,,,,,,,
1568253412435596,陀螺仪,,,,,,,,0.0276,0.1900,-0.0052
1568253424944710,加速度计,-1.5239,6.1752,5.8921,,,,,,,
1568253432471689,陀螺仪,,,,,,,,0.0025,0.1321,-0.0808
1568253434964866,加速度计,2.1338,7.1395,3.8014,,,,,,,
1568253444992887,加速度计,0.5070,5.9053,6.7277,,,,,,,
1568253455028304,加速度计,1.6939,5.6767,9.7426,,,,,,,
1568253452538668,陀螺仪,,,,,,,,-0.0281,0.0726,-0.1931
1568253465070231,加速度计,-0.2209,7.7351,5.9179,,,,,,,
1568253472630179,陀螺仪,,,,,,,,0.0055,0.0269,-0.2868
1568253475117418,加速度计,2.0411,8.4749,2.5343,,,,,,,
1568253485168564,加速度计,-0.2568,6.5775,7.0407,,,,,,,
1568253492735752,陀螺仪,,,,,,,,-0.0925,-0.0830,-0.4036
1568253495222054,加速度计,0.7428,7.4741,9.0986,,,,,,,
1568253505276012,加速度计,-0.8936,6.5314,10.7577,,,,,,,
1568253512826637,陀螺仪,,,,,,,,0.0224,-0.0764,-0.3862
1568253515321793,加速度计,1.1762,7.3017,5.5198,,,,,,,
1568253525340908,加速度计,0.0395,6.5876,6.3961,,,,,,,
1568253532864398,陀螺仪,,,,,,,,-0.0426,-0.1045,-0.3531
1568253535359658,加速度计,0.1987,7.2030,5.2469,,,,,,,
1568253545378408,加速度计,0.7326,8.9549,7.2083,,,,,,,
1568253552901898,陀螺仪,,,,,,,,-0.0778,-0.1217,-0.3352
1568253555397158,加速度计,0.0287,6.2345,10.2436,,,,,,,
1568253565415908,加速度计,1.5107,6.5374,8.2510,,,,,,,
1568253572939398,陀螺仪,,,,,,,,-0.0186,-0.0426,-0.2023
1568253575434658,加速度计,0.2723,5.9813,9.2243,,,,,,,
1568253585453721,加速度计,1.0924,7.2868,6.7516,,,,,,,
1568253592977158,陀螺仪,,,,,,,,-0.0233,0.0170,-0.1015
1568253595472835,加速度计,-0.7751,7.2329,8.2307,,,,,,,
1568253605489918,加速度计,0.0928,7.3388,7.0282,,,,,,,
1568253613011325,陀螺仪,,,,,,,,-0.0005,0.0431,-0.0190
1568253615507002,加速度计,-0.4064,6.1740,4.5639,,,,,,,
1568253625526898,加速度计,1.3581,8.5264,1.9794,,,,,,,
1568253639155944,GPS,,,,31.9430,118.7823,2.9500,162.9000,,,
1568253635552939,加速度计,0.0377,7.1233,5.1056,,,,,,,
1568253633054241,陀螺仪,,,,,,,,-0.1180,-0.0282,-0.0993
1568253645558200,加速度计,-1.5706,7.6279,9.9635,,,,,,,
1568253655564137,加速度计,-0.9176,6.6349,7.9368,,,,,,,
1568253653065752,陀螺仪,,,,,,,,-0.0336,-0.0292,-0.1001
1568253665571168,加速度计,-2.0710,7.8542,3.9678,,,,,,,
1568253675579710,加速度计,0.5830,7.7476,1.9824,,,,,,,
1568253673082054,陀螺仪,,,,,,,,-0.0699,-0.1029,-0.0858
1568253685590179,加速度计,-1.3186,4.0576,9.1925,,,,,,,
1568253693106116,陀螺仪,,,,,,,,-0.0848,-0.0860,-0.1112
1568253695602731,加速度计,0.8990,8.6012,9.0369,,,,,,,
1568253705617627,加速度计,-0.8128,5.5917,10.9642,,,,,,,
1568253713139658,陀螺仪,,,,,,,,0.0779,0.0642,0.0992
1568253715635023,加速度计,-2.1153,7.3161,4.8345,,,,,,,
1568253725654918,加速度计,1.2019,4.9865,6.6924,,,,,,,
1568253733182835,陀螺仪,,,,,,,,-0.0514,0.0983,0.2798
1568253735677054,加速度计,1.3707,5.6916,6.5236,,,,,,,
1568253745701273,加速度计,2.6222,6.2363,10.9074,,,,,,,
1568253753234033,陀螺仪,,,,,,,,0.0381,0.1973,0.3250
1568253755727314,加速度计,0.9637,5.5043,10.0030,,,,,,,
1568253765754762,加速度计,0.0090,7.8709,3.1562,,,,,,,
1568253775783200,加速度计,2.6522,8.8023,4.4981,,,,,,,
1568253773290439,陀螺仪,,,,,,,,0.0462,0.2390,0.3063
1568253785812210,加速度计,1.3827,7.4663,9.3206,,,,,,,
1568253795841377,加速度计,-0.5387,6.6283,9.0495,,,,,,,
1568253793348721,陀螺仪,,,,,,,,0.0489,0.2157,0.1607
1568253805866377,加速度计,0.4477,9.2075,4.7591,,,,,,,
1568253813391273,陀螺仪,,,,,,,,0.0886,0.1302,0.0541
1568253815886533,加速度计,2.1458,8.0020,2.3739,,,,,,,
1568253825905283,加速度计,2.4259,8.2522,4.5047,,,,,,,
1568253835927939,加速度计,1.6179,7.5340,6.8456,,,,,,,
1568253833443877,陀螺仪,,,,,,,,-0.0133,0.0007,-0.2506
1568253845951793,加速度计,-1.3007,7.3287,8.4833,,,,,,,
1568253853447366,陀螺仪,,,,,,,,0.0523,-0.1060,-0.3483
1568253855948148,加速度计,1.7166,9.2105,5.5958,,,,,,,
1568253865945856,加速度计,1.1923,7.3921,4.2910,,,,,,,
1568253873446012,陀螺仪,,,,,,,,-0.0300,-0.1924,-0.5059
1568253875945752,加速度计,1.3414,9.0303,7.3688,,,,,,,
1568253885948408,加速度计,-0.3735,5.4402,8.9771,,,,,,,
1568253893456064,陀螺仪,,,,,,,,0.0152,-0.1886,-0.4650
1568253895954241,加速度计,0.4100,6.9713,8.7676,,,,,,,
1568253905963668,加速度计,0.6117,7.0180,4.1108,,,,,,,
1568253913480543,陀螺仪,,,,,,,,-0.0445,-0.1756,-0.3947
1568253915976846,加速度计,1.1121,7.2850,4.6346,,,,,,,
1568253925993773,加速度计,0.4435,5.7239,9.0968,,,,,,,
1568253936014450,加速度计,-1.9447,5.1505,12.0273,,,,,,,
1568253933520023,陀螺仪,,,,,,,,-0.0358,-0.1245,-0.2744
1568253946038877,加速度计,0.3358,6.7594,6.3321,,,,,,,
1568253956066533,加速度计,0.5399,8.2492,3.6374,,,,,,,
1568253953573773,陀螺仪,,,,,,,,0.0562,-0.0360,-0.0664
1568253966096846,加速度计,0.3328,6.4189,6.3722,,,,,,,
1568253976129398,加速度计,-0.1107,6.1238,9.6552,,,,,,,
1568253973637783,陀螺仪,,,,,,,,-0.0188,0.0121,-0.0346
1568253986163512,加速度计,-2.1955,6.2369,6.6391,,,,,,,
1568253993707523,陀螺仪,,,,,,,,0.0321,0.0513,0.1418
1568253996198616,加速度计,-0.4429,7.5316,6.0717,,,,,,,
1568254006234033,加速度计,-0.0473,7.1724,7.6812,,,,,,,
1568254013767418,陀螺仪,,,,,,,,0.0354,0.1346,0.2475
1568254016261637,加速度计,-1.2971,7.4442,5.7126,,,,,,,
1568254026281950,加速度计,0.0174,7.4077,7.1706,,,,,,,
1568254033805439,陀螺仪,,,,,,,,0.0341,0.2033,0.3370
1568254036300700,加速度计,-1.4335,6.8492,9.7540,,,,,,,
1568254046319450,加速度计,-1.2977,7.2862,7.9152,,,,,,,
1568254056338200,加速度计,-1.4198,8.7777,3.2310,,,,,,,
1568254053842939,陀螺仪,,,,,,,,0.0867,0.2776,0.4968
1568254066356950,加速度计,0.4483,7.5357,3.7661,,,,,,,
1568254073880439,陀螺仪,,,,,,,,-0.0169,0.2936,0.4731
1568254076375700,加速度计,-1.9620,5.4049,8.6311,,,,,,,
1568254086397054,加速度计,-1.2204,6.6858,7.0731,,,,,,,
1568254093920335,陀螺仪,,,,,,,,0.0244,0.2927,0.4906
1568254096419137,加速度计,-1.1486,7.7764,4.4377,,,,,,,
1568254106423981,加速度计,-0.3448,6.6152,7.6944,,,,,,,
1568254116429502,加速度计,-0.0413,6.5709,6.0932,,,,,,,
1568254113931012,陀螺仪,,,,,,,,-0.0322,0.2884,0.4200
1568254126436116,加速度计,-0.9230,6.2279,9.8671,,,,,,,
1568254133946481,陀螺仪,,,,,,,,0.0214,0.2843,0.4011
1568254136444241,加速度计,0.5136,6.9079,10.5931,,,,,,,
1568254146454293,加速度计,0.4495,5.9400,10.3388,,,,,,,
1568254153970075,陀螺仪,,,,,,,,0.0895,0.2980,0.3349
1568254156466689,加速度计,2.2470,7.9039,4.6675,,,,,,,
1568254166481585,加速度计,1.1773,6.2716,4.1845,,,,,,,
1568254174003616,陀螺仪,,,,,,,,0.0020,0.1859,0.0846
1568254176498981,加速度计,1.2192,6.7469,6.7253,,,,,,,
1568254186518877,加速度计,2.3206,6.6762,6.6158,,,,,,,
1568254196541012,加速度计,2.5450,8.3468,8.0236,,,,,,,
1568254194046793,陀螺仪,,,,,,,,0.0168,0.0760,-0.1638
1568254206565231,加速度计,1.9291,7.5836,9.7821,,,,,,,
1568254214097991,陀螺仪,,,,,,,,0.0566,0.0154,-0.3147
1568254216591273,加速度计,1.2935,6.2525,5.4067,,,,,,,
1568254226618721,加速度计,3.0065,8.9304,2.3846,,,,,,,
1568254234154398,陀螺仪,,,,,,,,-0.0084,-0.0933,-0.4916
1568254236647158,加速度计,5.8634,8.6562,5.9274,,,,,,,
1568254246676168,加速度计,1.5287,6.4667,8.6916,,,,,,,
1568254254212679,陀螺仪,,,,,,,,0.0407,-0.0989,-0.6386
1568254256705335,加速度计,2.2176,9.1207,5.7138,,,,,,,
1568254266731637,加速度计,1.9962,6.5924,5.4725,,,,,,,
1568254274257679,陀螺仪,,,,,,,,0.0465,-0.1318,-0.6326
1568254276752835,加速度计,1.2175,7.3885,5.5450,,,,,,,
1568254286771741,加速度计,2.4559,9.0842,4.1869,,,,,,,
1568254294295231,陀螺仪,,,,,,,,-0.0514,-0.1888,-0.7083
1568254296790491,加速度计,1.0409,6.8935,7.7375,,,,,,,
1568254306809241,加速度计,0.2472,5.5522,10.4842,,,,,,,
1568254314332731,陀螺仪,,,,,,,,0.0734,-0.1214,-0.5571
1568254316827991,加速度计,-0.5471,7.7009,6.9210,,,,,,,
1568254326846741,加速度计,0.8380,7.8805,4.0893,,,,,,,
1568254336866533,加速度计,1.8651,7.6614,5.7461,,,,,,,
1568254334373877,陀螺仪,,,,,,,,-0.0085,-0.1193,-0.5345
1568254346885387,加速度计,-0.6734,5.9873,6.9085,,,,,,,
1568254356900804,加速度计,-0.8469,5.9909,7.1066,,,,,,,
1568254354404710,陀螺仪,,,,,,,,-0.0523,-0.1358,-0.4855
1568254366916221,加速度计,0.2562,6.5523,8.9597,,,,,,,
1568254376931950,加速度计,-0.4016,6.2429,9.1632,,,,,,,
1568254374435960,陀螺仪,,,,,,,,-0.0277,-0.0944,-0.3979
1568254386948096,加速度计,-0.6351,5.3480,5.9418,,,,,,,
1568254394468877,陀螺仪,,,,,,,,0.0047,-0.0694,-0.3322
1568254396964658,加速度计,-0.7925,7.0521,5.7730,,,,,,,
1568254406981637,加速度计,-1.9824,6.0059,7.4280,,,,,,,
1568254416999033,加速度计,-0.5243,6.3560,10.6123,,,,,,,
1568254414503460,陀螺仪,,,,,,,,0.0214,-0.0880,-0.2523
1568254427016846,加速度计,1.0648,9.0148,3.8038,,,,,,,
1568254434539710,陀螺仪,,,,,,,,-0.0095,-0.1562,-0.3284
1568254437035075,加速度计,-1.4557,6.8690,5.8167,,,,,,,
1568254447053721,加速度计,-1.3210,7.2951,6.8067,,,,,,,
1568254454577627,陀螺仪,,,,,,,,0.0047,-0.1627,-0.2916
1568254457072783,加速度计,0.3645,7.5609,9.6696,,,,,,,
1568254467092262,加速度计,0.2903,9.8881,4.0498,,,,,,,
1568254474617210,陀螺仪,,,,,,,,-0.0079,-0.1579,-0.2887
1568254477112158,加速度计,-0.1520,6.3153,7.9158,,,,,,,
1568254487132471,加速度计,-1.3072,5.7197,7.0964,,,,,,,
1568254494658460,陀螺仪,,,,,,,,0.0543,-0.1205,-0.1858
1568254497153200,加速度计,-0.3741,6.2752,5.3834,,,,,,,
1568254507174346,加速度计,0.0419,8.9100,2.6995,,,,,,,
1568254514700960,陀螺仪,,,,,,,,-0.0447,-0.1652,-0.1774
1568254517195596,加速度计,-0.4357,6.0735,10.4573,,,,,,,
1568254527216846,加速度计,-0.7404,9.3751,9.8581,,,,,,,
1568254534743460,陀螺仪,,,,,,,,0.0852,-0.0762,-0.0730
1568254537238096,加速度计,-0.7111,5.3032,10.6674,,,,,,,
1568254547259346,加速度计,-1.0385,8.8681,1.3904,,,,,,,
1568254557279658,加速度计,-0.1347,6.1543,1.4808,,,,,,,
1568254554784710,陀螺仪,,,,,,,,0.0180,-0.0923,0.0185
1568254567298721,加速度计,1.2372,7.3640,5.2774,,,,,,,
1568254574822210,陀螺仪,,,,,,,,-0.0727,-0.1296,-0.1229
1568254577317471,加速度计,-0.0168,6.4548,10.5489,,,,,,,
1568254587343981,加速度计,-1.5275,7.4364,12.1015,,,,,,,
1568254594860335,陀螺仪,,,,,,,,0.0790,-0.0883,-0.0353
1568254597360908,加速度计,-0.4788,7.0396,6.9947,,,,,,,
1568254607359033,加速度计,-0.0138,7.2329,4.2623,,,,,,,
1568254617358304,加速度计,-0.3472,7.6938,4.6280,,,,,,,
1568254614858252,陀螺仪,,,,,,,,0.0169,-0.1076,-0.0642
1568254627367314,加速度计,-0.4663,6.4380,5.7760,,,,,,,
1568254634935596,陀螺仪,,,,,,,,-0.0252,-0.1760,-0.0985
1568254648048444,GPS,,,,31.9430,118.7823,3.2300,168.0000,,,
1568254637422939,加速度计,-1.0163,6.3422,10.8529,,,,,,,
1568254647449606,加速度计,0.4375,8.0056,8.9172,,,,,,,
1568254654973096,陀螺仪,,,,,,,,0.0880,-0.1180,-0.0586
1568254657468356,加速度计,0.4657,6.0286,8.6365,,,,,,,
1568254667487106,加速度计,-0.4357,7.3526,4.6920,,,,,,,
1568254677505856,加速度计,0.2053,9.0842,2.8515,,,,,,,
1568254675010596,陀螺仪,,,,,,,,0.0449,-0.1554,-0.0611
1568254687524606,加速度计,0.9750,8.0134,7.7237,,,,,,,
1568254695048096,陀螺仪,,,,,,,,0.0349,-0.1402,-0.1514
1568254697543356,加速度计,0.2125,6.8612,8.0589,,,,,,,
1568254707562106,加速度计,-0.5058,6.0771,7.5741,,,,,,,
1568254715085596,陀螺仪,,,,,,,,0.0648,-0.1574,-0.0804
1568254717580856,加速度计,-0.9960,7.8578,6.4643,,,,,,,
1568254727599606,加速度计,-0.3615,6.6289,7.6136,,,,,,,
1568254737618356,加速度计,-0.8853,8.1505,4.3383,,,,,,,
1568254735123096,陀螺仪,,,,,,,,0.0545,-0.1394,-0.0405
1568254747637106,加速度计,-1.6251,7.9446,3.7553,,,,,,,
1568254755160596,陀螺仪,,,,,,,,-0.0205,-0.1635,-0.0162
1568254757655856,加速度计,-1.1337,5.9574,10.6979,,,,,,,
1568254767674606,加速度计,-0.8481,6.6774,10.3058,,,,,,,
1568254777693356,加速度计,0.0000,6.9342,6.8450,,,,,,,
1568254775198096,陀螺仪,,,,,,,,0.0714,-0.0806,0.1344
1568254787712106,加速度计,-1.5490,6.3279,3.4961,,,,,,,
1568254795235596,陀螺仪,,,,,,,,0.0041,-0.0395,0.1939
1568254797730856,加速度计,0.5004,5.9771,4.4562,,,,,,,
1568254807749606,加速度计,-1.3336,5.8197,7.3723,,,,,,,
1568254815273096,陀螺仪,,,,,,,,-0.0201,-0.0305,0.2108
1568254817768356,加速度计,-0.0634,6.8714,9.4774,,,,,,,
1568254827787106,加速度计,-1.4449,6.3841,14.0785,,,,,,,
1568254837811793,加速度计,-1.2462,7.0443,9.7133,,,,,,,
1568254835326221,陀螺仪,,,,,,,,0.0956,0.0774,0.3771
1568254847829606,加速度计,0.6105,7.7117,5.3660,,,,,,,
1568254855335804,陀螺仪,,,,,,,,0.0582,0.1455,0.4547
1568254857834502,加速度计,-0.1586,5.9634,2.7575,,,,,,,
1568254867840127,加速度计,0.3418,5.9819,6.2207,,,,,,,
1568254875348721,陀螺仪,,,,,,,,0.0123,0.1963,0.4619
1568254877846898,加速度计,-0.5836,4.7812,12.3553,,,,,,,
1568254887855231,加速度计,-1.0086,8.3444,8.4156,,,,,,,
1568254897865543,加速度计,-0.6632,7.5717,4.2150,,,,,,,
1568254895368304,陀螺仪,,,,,,,,0.1029,0.2535,0.5521
1568254907878252,加速度计,1.5036,9.0124,2.1823,,,,,,,
1568254917893460,加速度计,-0.9158,6.2728,7.0407,,,,,,,
1568254915397471,陀螺仪,,,,,,,,-0.0541,0.2173,0.4281
1568254927911168,加速度计,-0.8440,5.9083,11.4964,,,,,,,
1568254935436637,陀螺仪,,,,,,,,0.0513,0.2454,0.4498
1568254937931377,加速度计,1.0104,8.1798,5.5719,,,,,,,
1568254947953773,加速度计,1.1151,5.6294,6.9468,,,,,,,
1568254957978252,加速度计,-0.8607,6.7995,3.8517,,,,,,,
1568254955484554,陀螺仪,,,,,,,,0.0277,0.2429,0.3627
1568254968004502,加速度计,2.1165,8.2995,6.6272,,,,,,,
1568254975539137,陀螺仪,,,,,,,,-0.0077,0.2024,0.2633
1568254978032106,加速度计,0.3370,6.7277,7.8548,,,,,,,
1568254988060648,加速度计,1.1456,8.3983,6.7169,,,,,,,
1568254998089710,加速度计,-0.4579,7.2945,6.8229,,,,,,,
1568254995597054,陀螺仪,,,,,,,,-0.0486,0.1985,0.1816
1568255008118877,加速度计,-1.5095,5.3469,9.0824,,,,,,,
1568255015651221,陀螺仪,,,,,,,,0.0127,0.1847,0.2040
1568255018144918,加速度计,0.6710,7.5046,7.4077,,,,,,,
1568255028165231,加速度计,1.7148,6.4673,5.9005,,,,,,,
1568255035688721,陀螺仪,,,,,,,,0.0048,0.1625,0.0427
1568255038183981,加速度计,0.8547,7.5872,1.0924,,,,,,,
1568255048202731,加速度计,1.1055,7.5747,3.6224,,,,,,,
1568255058221481,加速度计,0.3675,7.1066,7.4603,,,,,,,
1568255055726221,陀螺仪,,,,,,,,-0.1340,-0.0059,-0.2312
1568255068240231,加速度计,-0.0389,6.3099,11.7950,,,,,,,
1568255078258981,加速度计,1.0947,9.3176,10.1532,,,,,,,
1568255075763721,陀螺仪,,,,,,,,0.0029,-0.1292,-0.3621
1568255088280856,加速度计,1.1013,7.4765,5.4199,,,,,,,
1568255098297523,加速度计,0.9331,6.7397,2.6659,,,,,,,
1568255095801116,陀螺仪,,,,,,,,0.0481,-0.1886,-0.5269
1568255108311689,加速度计,1.8591,6.3698,0.5519,,,,,,,
1568255118325856,加速度计,1.0995,6.8187,7.1503,,,,,,,
1568255115829502,陀螺仪,,,,,,,,-0.1256,-0.2547,-0.5657
1568255128340387,加速度计,0.1395,6.1956,12.0955,,,,,,,
1568255138355335,加速度计,0.5656,8.1002,10.2801,,,,,,,
1568255135859241,陀螺仪,,,,,,,,0.0055,-0.1585,-0.4104
1568255148371064,加速度计,2.4463,7.3167,4.5933,,,,,,,
1568255158387627,加速度计,2.2284,7.8865,1.9525,,,,,,,
1568255155891950,陀螺仪,,,,,,,,0.0003,-0.1513,-0.4068
1568255168405023,加速度计,0.8188,6.9809,4.9674,,,,,,,
1568255178423252,加速度计,-0.2065,7.4609,7.1084,,,,,,,
1568255175927991,陀螺仪,,,,,,,,-0.1005,-0.1350,-0.3775
1568255188442314,加速度计,0.3962,6.9288,9.7618,,,,,,,
1568255198462210,加速度计,0.7213,7.8039,6.1699,,,,,,,
1568255195967366,陀螺仪,,,,,,,,-0.0840,-0.1241,-0.2698
1568255208482939,加速度计,0.8972,7.5537,9.2368,,,,,,,
1568255218504137,加速度计,0.2167,6.7810,8.1600,,,,,,,
1568255216009554,陀螺仪,,,,,,,,-0.0506,-0.1117,-0.3260
1568255228525752,加速度计,-0.9697,6.7738,6.7373,,,,,,,
1568255238547783,加速度计,-0.0287,7.2604,3.2956,,,,,,,
1568255236053356,陀螺仪,,,,,,,,0.0053,-0.1232,-0.3156
1568255248569866,加速度计,-0.1736,7.0228,3.4548,,,,,,,
1568255258591950,加速度计,0.0772,6.0406,8.2953,,,,,,,
1568255256097523,陀螺仪,,,,,,,,-0.1105,-0.1808,-0.3349
1568255268614033,加速度计,0.1562,7.0982,8.7394,,,,,,,
1568255278635752,加速度计,0.2897,6.8941,9.1159,,,,,,,
1568255276140856,陀螺仪,,,,,,,,-0.0591,-0.1840,-0.3121
1568255288654866,加速度计,1.2318,7.0437,8.3833,,,,,,,
1568255298673616,加速度计,0.2652,6.2363,6.3770,,,,,,,
1568255296178356,陀螺仪,,,,,,,,-0.0238,-0.1796,-0.3627
1568255308692366,加速度计,0.1921,5.2038,7.0856,,,,,,,
1568255318711116,加速度计,1.1163,6.9432,2.6995,,,,,,,
1568255316215856,陀螺仪,,,,,,,,0.0071,-0.2028,-0.3850
1568255328729866,加速度计,-0.7165,5.9185,6.6690,,,,,,,
1568255338764554,加速度计,0.7937,6.8354,11.3048,,,,,,,
1568255336274971,陀螺仪,,,,,,,,-0.0969,-0.2643,-0.3964
1568255348771168,加速度计,-0.7548,6.8618,12.1997,,,,,,,
1568255358766898,加速度计,-0.7679,5.4426,8.1960,,,,,,,
1568255356266116,陀螺仪,,,,,,,,0.0438,-0.1940,-0.2985
1568255368764189,加速度计,-0.1598,7.3005,2.8635,,,,,,,
1568255378763877,加速度计,-1.2821,4.8812,5.1032,,,,,,,
1568255376264293,陀螺仪,,,,,,,,-0.0116,-0.1981,-0.2791
1568255388766429,加速度计,-1.3767,6.1746,6.8223,,,,,,,
1568255398772627,加速度计,-0.2999,7.7004,8.7323,,,,,,,
1568255396274814,陀螺仪,,,,,,,,-0.0413,-0.2185,-0.2447
1568255408782575,加速度计,-1.0349,6.8091,11.6125,,,,,,,
1568255418796637,加速度计,0.8625,6.6966,8.0511,,,,,,,
1568255416300856,陀螺仪,,,,,,,,0.0336,-0.1194,-0.1252
1568255428814866,加速度计,0.5112,7.0126,4.9811,,,,,,,
1568255438837262,加速度计,1.9435,5.5761,7.1838,,,,,,,
1568255436343512,陀螺仪,,,,,,,,-0.0376,-0.0880,-0.0459
1568255448863460,加速度计,0.1179,4.5424,6.9893,,,,,,,
1568255458893043,加速度计,-1.5407,8.8657,4.2174,,,,,,,
1568255456400908,陀螺仪,,,,,,,,0.0840,-0.0453,0.0818
1568255468925231,加速度计,-1.7801,12.4056,1.3599,,,,,,,
1568255478959554,加速度计,5.2038,9.0363,6.9576,,,,,,,
1568255476468408,陀螺仪,,,,,,,,-0.0422,-0.2352,-0.0051
1568255488995231,加速度计,3.7140,14.3933,9.6899,,,,,,,
1568255499031429,加速度计,-0.5991,4.1755,5.8095,,,,,,,
1568255496540491,陀螺仪,,,,,,,,0.0015,-0.1241,-0.3076
1568255509067314,加速度计,-1.7142,0.4028,8.8394,,,,,,,
1568255519088200,加速度计,-3.4572,4.0833,6.9797,,,,,,,
1568255516592939,陀螺仪,,,,,,,,0.1088,-0.0262,-0.0075
1568255529106950,加速度计,-0.4591,11.7424,4.7645,,,,,,,
1568255539125700,加速度计,1.0229,11.1324,2.5379,,,,,,,
1568255536630439,陀螺仪,,,,,,,,0.0401,-0.1081,0.0505
1568255549144450,加速度计,0.2496,5.8221,3.2579,,,,,,,
1568255559163200,加速度计,1.1055,6.7726,9.9832,,,,,,,
1568255556667939,陀螺仪,,,,,,,,-0.0816,-0.1679,-0.1204
1568255569181950,加速度计,0.1239,6.7355,12.6994,,,,,,,
1568255579200700,加速度计,-1.4928,6.9204,11.1594,,,,,,,
1568255576705908,陀螺仪,,,,,,,,0.0551,-0.1426,-0.1402
1568255589227262,加速度计,-1.4401,6.7121,3.6547,,,,,,,
1568255599238929,加速度计,-0.7051,8.3701,-0.8853,,,,,,,
1568255596741898,陀螺仪,,,,,,,,0.0778,-0.1786,-0.1028
1568255609250596,加速度计,0.3130,8.5425,6.0262,,,,,,,
1568255619262679,加速度计,-0.3011,8.6066,8.5222,,,,,,,
1568255616768564,陀螺仪,,,,,,,,-0.0209,-0.2212,-0.1091
1568255636675162,GPS,,,,31.9430,118.7824,2.9700,173.3000,,,
1568255629300648,加速度计,0.6039,7.9769,6.8253,,,,,,,
1568255639312731,加速度计,-1.5532,8.1068,5.9484,,,,,,,
1568255636815804,陀螺仪,,,,,,,,-0.0288,-0.2095,-0.0867
1568255649324918,加速度计,-0.4741,5.1601,7.4340,,,,,,,
1568255659337523,加速度计,-0.6201,7.4909,5.6790,,,,,,,
1568255656840804,陀螺仪,,,,,,,,0.0549,-0.1486,0.0230
1568255669350648,加速度计,-0.4459,8.5922,5.7521,,,,,,,
1568255679364606,加速度计,-0.5064,7.7213,8.8388,,,,,,,
1568255676868304,陀螺仪,,,,,,,,-0.0133,-0.1565,0.0983
1568255689379502,加速度计,-0.0569,9.2614,4.3628,,,,,,,
1568255699395648,加速度计,-0.8200,7.2891,6.2453,,,,,,,
1568255696899971,陀螺仪,,,,,,,,0.0043,-0.0818,0.1957
1568255709413043,加速度计,-1.9944,7.2484,6.6553,,,,,,,
1568255719431689,加速度计,1.5071,5.7323,9.3057,,,,,,,
1568255716936637,陀螺仪,,,,,,,,0.0134,0.0127,0.3792
1568255729451585,加速度计,-1.8998,8.3600,2.8276,,,,,,,
1568255739472627,加速度计,-2.2344,7.6842,6.6421,,,,,,,
1568255736978096,陀螺仪,,,,,,,,0.0294,0.0959,0.5116
1568255749494502,加速度计,0.8152,8.6604,6.1280,,,,,,,
1568255759517210,加速度计,-1.4299,7.1216,7.5561,,,,,,,
1568255757023096,陀螺仪,,,,,,,,0.0069,0.1694,0.5526
1568255769540648,加速度计,-2.7013,7.8985,4.9075,,,,,,,
1568255779564398,加速度计,-1.8788,6.4362,6.7846,,,,,,,
1568255777070387,陀螺仪,,,,,,,,-0.0001,0.1578,0.5866
1568255789588148,加速度计,-1.5508,6.1232,9.5289,,,,,,,
1568255799611898,加速度计,-2.0440,9.6492,5.3415,,,,,,,
1568255797117887,陀螺仪,,,,,,,,0.0642,0.1515,0.5573
1568255809634502,加速度计,-1.9010,8.7520,4.4766,,,,,,,
1568255817158304,陀螺仪,,,,,,,,0.0188,0.1132,0.4711
1568255819653564,加速度计,-0.2077,7.5980,4.5394,,,,,,,
1568255829672314,加速度计,-1.6101,6.3482,3.3968,,,,,,,
1568255839694502,加速度计,-0.8338,5.3702,7.0491,,,,,,,
1568255837200908,陀螺仪,,,,,,,,-0.0963,0.0313,0.3695
1568255849710856,加速度计,-0.9379,6.5446,13.9522,,,,,,,
1568255859724189,加速度计,-0.3406,6.2590,13.9109,,,,,,,
1568255857227627,陀螺仪,,,,,,,,0.0261,0.0201,0.3362
1568255869737887,加速度计,0.6859,8.9447,8.1409,,,,,,,
1568255879752002,加速度计,0.3304,7.2359,1.2049,,,,,,,
1568255877255648,陀螺仪,,,,,,,,0.1774,0.0357,0.2795
1568255889766533,加速度计,1.8196,6.7660,1.2659,,,,,,,
1568255899781846,加速度计,0.2741,7.0222,6.7798,,,,,,,
1568255897285856,陀螺仪,,,,,,,,-0.0322,-0.0594,0.1545
1568255909797991,加速度计,0.5644,7.1239,12.4582,,,,,,,
1568255919814971,加速度计,0.9643,6.2549,9.9641,,,,,,,
1568255917319398,陀螺仪,,,,,,,,0.0734,-0.0505,0.0796
1568255929832783,加速度计,1.4904,6.6816,5.7748,,,,,,,
1568255939851429,加速度计,0.0024,7.1551,3.7427,,,,,,,
1568255937356273,陀螺仪,,,,,,,,0.0889,-0.0704,0.0433
1568255949870908,加速度计,0.6686,6.8151,4.7142,,,,,,,
1568255959891221,加速度计,1.6915,6.9348,8.0972,,,,,,,
1568255957396481,陀螺仪,,,,,,,,0.0378,-0.0639,0.0405
1568255969912366,加速度计,0.5435,7.6656,9.2099,,,,,,,
1568255979934346,加速度计,0.7350,6.4165,9.3901,,,,,,,
1568255977439971,陀螺仪,,,,,,,,0.0579,-0.0115,0.0808
1568255989956793,加速度计,0.9343,7.1623,4.2910,,,,,,,
1568255999979658,加速度计,-0.1311,6.6792,4.0839,,,,,,,
1568255997485439,陀螺仪,,,,,,,,0.0382,0.0083,0.1377
1568256010002575,加速度计,1.7388,6.1268,4.6920,,,,,,,
1568256020025491,加速度计,1.7502,7.1060,8.6233,,,,,,,
1568256017531273,陀螺仪,,,,,,,,-0.0356,0.0316,0.1498
1568256030048408,加速度计,0.5183,9.6833,9.0231,,,,,,,
1568256040068043,加速度计,0.4567,6.5499,10.6536,,,,,,,
1568256037572835,陀螺仪,,,,,,,,0.0403,0.0945,0.1582
1568256050086846,加速度计,1.7669,6.3309,6.2973,,,,,,,
1568256060105596,加速度计,0.4561,6.2698,5.8041,,,,,,,
1568256057610335,陀螺仪,,,,,,,,0.0668,0.1007,0.1450
1568256070124346,加速度计,0.7308,8.0218,5.7317,,,,,,,
1568256080143096,加速度计,1.6173,7.5082,6.3895,,,,,,,
1568256077648877,陀螺仪,,,,,,,,0.0479,0.0679,0.0967
1568256090186950,加速度计,1.3120,7.4980,5.0332,,,,,,,
1568256100181116,加速度计,-0.1454,7.8440,5.5695,,,,,,,
1568256097679918,陀螺仪,,,,,,,,-0.0107,0.0397,-0.0534
1568256110176116,加速度计,-0.1885,5.8185,6.4847,,,,,,,
1568256120172783,加速度计,0.4328,7.0090,9.0662,,,,,,,
1568256117672627,陀螺仪,,,,,,,,-0.0427,-0.0401,-0.1268
1568256130171950,加速度计,0.0215,8.2259,11.1821,,,,,,,
1568256140174450,加速度计,0.9888,5.8454,7.8973,,,,,,,
1568256137676064,陀螺仪,,,,,,,,0.0622,-0.0993,-0.2003
1568256150180700,加速度计,0.5638,9.1333,0.5052,,,,,,,
1568256160191116,加速度计,-0.3017,6.9372,4.9871,,,,,,,
1568256157694814,陀螺仪,,,,,,,,0.0517,-0.1519,-0.3188
1568256170205700,加速度计,1.6245,7.7961,4.8931,,,,,,,
1568256180224450,加速度计,0.2143,6.6355,8.9836,,,,,,,
1568256177730231,陀螺仪,,,,,,,,-0.0527,-0.2039,-0.3326
1568256190247366,加速度计,0.2831,10.2813,3.6739,,,,,,,
1568256200274033,加速度计,0.7075,5.7539,10.9241,,,,,,,
1568256197781585,陀螺仪,,,,,,,,-0.0574,-0.2025,-0.2961
1568256210304033,加速度计,0.9439,6.8235,5.9035,,,,,,,
1568256220336950,加速度计,-0.8350,6.2650,4.4921,,,,,,,
1568256217845752,陀螺仪,,,,,,,,-0.0129,-0.1550,-0.1870
1568256230371950,加速度计,1.1516,7.9218,2.6396,,,,,,,
1568256240408200,加速度计,0.9361,8.4294,3.6182,,,,,,,
1568256237917418,陀螺仪,,,,,,,,-0.1088,-0.0919,-0.0337
1568256250444866,加速度计,0.3142,6.9378,11.0630,,,,,,,
1568256260481533,加速度计,0.7051,7.8548,13.9169,,,,,,,
1568256257986481,陀螺仪,,,,,,,,-0.0764,0.0132,0.1269
1568256270501116,加速度计,0.9559,8.6107,7.0593,,,,,,,
1568256280520283,加速度计,0.9014,5.8125,2.8395,,,,,,,
1568256278025023,陀螺仪,,,,,,,,0.0660,0.1206,0.2298
1568256290539033,加速度计,-0.7009,7.9356,-0.5243,,,,,,,
1568256300557783,加速度计,0.2227,6.8486,8.5491,,,,,,,
1568256298062523,陀螺仪,,,,,,,,-0.1049,0.1137,0.3128
1568256310576533,加速度计,0.4830,7.6746,13.2639,,,,,,,
1568256320595283,加速度计,-0.4166,9.1447,5.6407,,,,,,,
1568256318100023,陀螺仪,,,,,,,,0.0559,0.2545,0.4216
1568256330614033,加速度计,0.2251,7.9386,3.0664,,,,,,,
1568256340641273,加速度计,-0.7260,6.0699,5.4097,,,,,,,
1568256338143721,陀螺仪,,,,,,,,0.0200,0.2984,0.4776
1568256350650856,加速度计,-0.9337,7.0485,6.2459,,,,,,,
1568256358163043,陀螺仪,,,,,,,,0.0075,0.3198,0.5250
1568256360660491,加速度计,0.0563,8.6910,4.7860,,,,,,,
1568256370670596,加速度计,0.7320,7.5914,6.2393,,,,,,,
1568256380681585,加速度计,-0.9194,6.0705,8.0774,,,,,,,
1568256378184658,陀螺仪,,,,,,,,-0.0587,0.3425,0.4759
1568256390693825,加速度计,-0.8733,6.7971,6.7894,,,,,,,
1568256400707366,加速度计,0.1263,8.0529,5.2295,,,,,,,
1568256398211168,陀螺仪,,,,,,,,0.0092,0.3626,0.4826
1568256410722575,加速度计,1.0762,7.0701,7.3843,,,,,,,
1568256418244085,陀螺仪,,,,,,,,-0.0220,0.3579,0.3900
1568256420739450,加速度计,0.7314,5.3786,10.5207,,,,,,,
1568256430757991,加速度计,-0.2191,7.7979,5.3702,,,,,,,
1568256438283668,陀螺仪,,,,,,,,-0.0007,0.3301,0.3157
1568256440778200,加速度计,1.2863,6.8947,0.3400,,,,,,,
1568256450800023,加速度计,1.2599,6.1585,11.1893,,,,,,,
1568256458329189,陀螺仪,,,,,,,,0.0073,0.3092,0.2172
1568256460823096,加速度计,-0.4280,6.1621,16.0645,,,,,,,
1568256470847366,加速度计,1.6484,8.7352,8.0469,,,,,,,
1568256480872418,加速度计,1.5239,8.0020,3.6530,,,,,,,
1568256478378825,陀螺仪,,,,,,,,0.0643,0.2550,0.0967
1568256490897887,加速度计,-0.1287,4.9518,7.5477,,,,,,,
1568256498430231,陀螺仪,,,,,,,,0.0642,0.2196,-0.0266
1568256500923721,加速度计,-0.0269,5.0847,5.7132,,,,,,,
1568256510949241,加速度计,1.8441,8.6556,2.6839,,,,,,,
1568256518476898,陀螺仪,,,,,,,,-0.0138,0.1111,-0.1182
1568256520972054,加速度计,0.2412,7.5100,5.8909,,,,,,,
1568256530991168,加速度计,0.4878,5.6707,11.4323,,,,,,,
1568256538514658,陀螺仪,,,,,,,,0.0672,0.0999,-0.2221
1568256541009918,加速度计,0.7518,6.9743,7.1138,,,,,,,
1568256551028668,加速度计,0.8284,8.1594,4.2952,,,,,,,
1568256558552158,陀螺仪,,,,,,,,0.0391,0.0619,-0.2638
1568256561047418,加速度计,0.6141,7.2700,7.1982,,,,,,,
1568256571066168,加速度计,-0.0946,6.9899,6.4242,,,,,,,
1568256581085075,加速度计,1.9028,9.8144,5.2433,,,,,,,
1568256578590127,陀螺仪,,,,,,,,0.0226,0.0293,-0.2826
1568256591107523,加速度计,2.3212,7.4418,6.6158,,,,,,,
1568256598626325,陀螺仪,,,,,,,,-0.0395,0.0317,-0.3679
1568256601122523,加速度计,0.0186,6.0879,9.1153,,,,,,,
1568256611137523,加速度计,0.4238,6.9043,8.7933,,,,,,,
1568256621153200,加速度计,0.2903,6.3147,7.6351,,,,,,,
1568256618658356,陀螺仪,,,,,,,,0.0233,0.0318,-0.3218
1568256631183043,加速度计,0.8912,7.8302,5.2924,,,,,,,
1568256646700474,GPS,,,,31.9429,118.7824,3.1000,164.0000,,,
1568256641197210,加速度计,2.3786,6.6032,5.3828,,,,,,,
1568256638700804,陀螺仪,,,,,,,,0.0148,0.0144,-0.3396
1568256651211377,加速度计,1.4868,6.3446,3.6134,,,,,,,
1568256661225648,加速度计,0.3543,7.1407,6.4476,,,,,,,
1568256658729346,陀螺仪,,,,,,,,-0.0109,-0.0130,-0.4217
1568256671240335,加速度计,0.4022,7.9446,8.9705,,,,,,,
1568256681255543,加速度计,0.7392,7.1072,9.0255,,,,,,,
1568256678759554,陀螺仪,,,,,,,,0.0152,-0.0313,-0.4197
1568256691271585,加速度计,0.5962,7.8590,4.0390,,,,,,,
1568256698792887,陀螺仪,,,,,,,,-0.0222,-0.0964,-0.4617
1568256701288460,加速度计,0.5513,6.9186,3.7068,,,,,,,
1568256711306168,加速度计,-0.3747,6.7361,7.2981,,,,,,,
1568256718829554,陀螺仪,,,,,,,,0.0132,-0.1057,-0.5123
1568256721324710,加速度计,0.1065,7.4226,11.2240,,,,,,,
1568256731344085,加速度计,-0.8021,8.9908,6.0681,,,,,,,
1568256738869554,陀螺仪,,,,,,,,0.0583,-0.1594,-0.5027
1568256741364293,加速度计,-0.1724,7.8859,5.7808,,,,,,,
1568256751385231,加速度计,0.4543,7.4861,3.1238,,,,,,,
1568256761406585,加速度计,1.1289,6.5517,5.5911,,,,,,,
1568256758912054,陀螺仪,,,,,,,,-0.0012,-0.2069,-0.5164
1568256771428356,加速度计,-0.5291,7.5393,10.3088,,,,,,,
1568256781450439,加速度计,0.1682,8.3791,8.4862,,,,,,,
1568256778956012,陀螺仪,,,,,,,,0.0462,-0.1814,-0.4545
1568256791472523,加速度计,1.0319,8.7269,3.5225,,,,,,,
1568256801494606,加速度计,-0.0431,7.0180,1.3743,,,,,,,
1568256799000179,陀螺仪,,,,,,,,-0.0250,-0.1835,-0.3898
1568256811516585,加速度计,0.0814,6.0669,5.5899,,,,,,,
1568256819042262,陀螺仪,,,,,,,,-0.0485,-0.1463,-0.3049
1568256821537523,加速度计,0.3412,5.6671,12.9586,,,,,,,
1568256831557731,加速度计,-0.7428,7.7237,6.1130,,,,,,,
1568256841598252,加速度计,0.2526,7.8925,4.3108,,,,,,,
1568256839096429,陀螺仪,,,,,,,,0.0531,-0.0698,-0.1546
1568256851590856,加速度计,0.7572,7.0186,7.5375,,,,,,,
1568256861584398,加速度计,-1.2240,8.1080,7.6495,,,,,,,
1568256859083200,陀螺仪,,,,,,,,-0.0069,-0.0706,-0.1439
1568256871579762,加速度计,-1.3282,7.8626,7.7201,,,,,,,
1568256881578096,加速度计,-1.4712,8.1612,4.8147,,,,,,,
1568256879078460,陀螺仪,,,,,,,,0.0270,-0.0591,-0.0973
1568256891579866,加速度计,-1.1959,6.2327,5.3056,,,,,,,
1568256899088408,陀螺仪,,,,,,,,-0.0013,-0.0949,-0.1073
1568256901585856,加速度计,-1.0181,6.6774,5.5767,,,,,,,
1568256911596429,加速度计,-1.5999,8.5329,5.0883,,,,,,,
1568256919116429,陀螺仪,,,,,,,,-0.0625,-0.1680,-0.1407
1568256921611585,加速度计,-1.5598,7.2903,8.1523,,,,,,,
1568256931631273,加速度计,-0.4782,7.4328,10.3412,,,,,,,
1568256939162054,陀螺仪,,,,,,,,-0.0040,-0.1730,-0.1253
1568256941655127,加速度计,-0.6554,6.9414,7.3753,,,,,,,
1568256951683043,加速度计,0.7805,6.9833,5.4690,,,,,,,
1568256959222731,陀螺仪,,,,,,,,0.0016,-0.1736,-0.1449
1568256961714241,加速度计,-0.1323,6.3925,1.7472,,,,,,,
1568256971748252,加速度计,-0.2903,6.8061,7.5106,,,,,,,
1568256979293564,陀螺仪,,,,,,,,-0.0209,-0.1858,-0.1376
1568256981784241,加速度计,0.1454,6.9432,9.6678,,,,,,,
1568256991821377,加速度计,0.3124,7.7057,9.5553,,,,,,,
1568257001858877,加速度计,1.0104,8.2708,4.9686,,,,,,,
1568256999368304,陀螺仪,,,,,,,,0.0510,-0.1827,-0.1354
1568257011894189,加速度计,0.0449,5.9077,5.5545,,,,,,,
1568257019418773,陀螺仪,,,,,,,,0.0395,-0.1788,-0.1802
1568257021914033,加速度计,-0.0078,7.4921,6.0974,,,,,,,
1568257031932783,加速度计,-0.0820,7.7758,6.0998,,,,,,,
1568257039456273,陀螺仪,,,,,,,,-0.0738,-0.2433,-0.1365
1568257041951533,加速度计,0.4094,7.5022,6.1980,,,,,,,
1568257051970283,加速度计,0.9996,4.7435,12.6091,,,,,,,
1568257061989033,加速度计,1.6927,7.8805,6.4404,,,,,,,
1568257059493773,陀螺仪,,,,,,,,0.0467,-0.1800,-0.1354
1568257072007783,加速度计,-0.1885,6.8845,6.5254,,,,,,,
1568257082027106,加速度计,0.8559,6.1339,6.2710,,,,,,,
1568257079532991,陀螺仪,,,,,,,,0.0300,-0.1905,-0.1314
1568257092059085,加速度计,-0.0371,5.6940,7.6357,,,,,,,
1568257099563981,陀螺仪,,,,,,,,0.0052,-0.1935,-0.1035
1568257102062887,加速度计,0.3980,7.3460,5.0961,,,,,,,
1568257112067158,加速度计,-0.5561,7.0725,7.7710,,,,,,,
1568257122072366,加速度计,-1.1355,8.6969,4.1084,,,,,,,
1568257119574085,陀螺仪,,,,,,,,0.0045,-0.1763,-0.0746
1568257132079293,加速度计,-0.2257,6.6535,6.3620,,,,,,,
1568257139591064,陀螺仪,,,,,,,,-0.0393,-0.1823,-0.0571
1568257142088304,加速度计,-0.7841,7.2987,4.6453,,,,,,,
1568257152099450,加速度计,-0.9343,6.6116,10.3980,,,,,,,
1568257159617106,陀螺仪,,,,,,,,-0.0491,-0.1961,-0.0265
1568257162113096,加速度计,0.2472,8.2624,6.5811,,,,,,,
1568257172129241,加速度计,-1.1534,6.9773,9.6289,,,,,,,
1568257179653148,陀螺仪,,,,,,,,-0.0336,-0.2089,-0.0290
1568257182147887,加速度计,-0.6518,6.0334,8.8747,,,,,,,
1568257192169033,加速度计,-0.1305,5.0033,7.4089,,,,,,,
1568257199699033,陀螺仪,,,,,,,,0.0419,-0.2108,-0.0009
1568257202192627,加速度计,-0.5878,6.9324,2.5696,,,,,,,
1568257212218252,加速度计,0.4507,6.3817,3.4375,,,,,,,
1568257219752627,陀螺仪,,,,,,,,-0.0209,-0.1834,0.0088
1568257222245491,加速度计,-0.1544,8.6227,5.9245,,,,,,,
1568257232273929,加速度计,-0.6788,9.2147,8.3169,,,,,,,
1568257242303148,加速度计,0.4741,9.1524,7.1503,,,,,,,
1568257239810596,陀螺仪,,,,,,,,-0.0639,-0.1593,0.1127
1568257252332731,加速度计,0.6494,6.0825,10.4657,,,,,,,
1568257259867731,陀螺仪,,,,,,,,-0.0040,-0.1028,0.1810
1568257262361637,加速度计,1.2354,8.0146,3.8774,,,,,,,
1568257272385127,加速度计,-0.9762,6.6930,3.1711,,,,,,,
1568257282403877,加速度计,1.4569,6.3351,5.1541,,,,,,,
1568257279908616,陀螺仪,,,,,,,,-0.0186,-0.0497,0.2377
1568257292422627,加速度计,0.7105,9.2201,8.0798,,,,,,,
1568257299946116,陀螺仪,,,,,,,,-0.0226,0.0008,0.2783
1568257302441377,加速度计,-0.1832,8.0876,10.6362,,,,,,,
1568257312460127,加速度计,0.8392,9.1273,4.0229,,,,,,,
1568257319983616,陀螺仪,,,,,,,,-0.0120,0.0411,0.2743
1568257322478877,加速度计,-0.7081,5.8550,3.6763,,,,,,,
1568257332497887,加速度计,0.3723,6.5763,2.3182,,,,,,,
1568257340023460,陀螺仪,,,,,,,,-0.0718,0.0281,0.3244
1568257342519554,加速度计,-0.0766,6.8732,9.1937,,,,,,,
1568257352534971,加速度计,1.0732,8.5042,7.9637,,,,,,,
1568257362550387,加速度计,0.9152,8.2732,9.1387,,,,,,,
1568257360054293,陀螺仪,,,,,,,,-0.0119,0.0847,0.2875
1568257372565804,加速度计,-0.1053,6.3518,8.9316,,,,,,,
1568257382581325,加速度计,1.5490,7.9793,1.5359,,,,,,,
1568257380085335,陀螺仪,,,,,,,,0.0035,0.0827,0.2651
1568257392597262,加速度计,0.3771,6.8797,2.0004,,,,,,,
1568257400117835,陀螺仪,,,,,,,,-0.0957,0.0474,0.2178
1568257402613616,加速度计,-0.6919,6.3207,8.9567,,,,,,,
1568257412630387,加速度计,0.7284,7.3269,11.2432,,,,,,,
1568257422648512,加速度计,1.8603,8.0595,7.8883,,,,,,,
1568257420153877,陀螺仪,,,,,,,,0.0149,0.0551,0.1513
1568257432691689,加速度计,0.0976,6.9689,6.8295,,,,,,,
1568257442786689,加速度计,-0.2765,6.3255,2.5833,,,,,,,
1568257440294971,陀螺仪,,,,,,,,0.0103,0.0069,0.0274
1568257452736168,加速度计,0.7171,6.8013,4.7896,,,,,,,
1568257462661116,加速度计,0.5632,8.9214,4.7435,,,,,,,
1568257460143408,陀螺仪,,,,,,,,-0.0306,-0.0623,-0.0250
1568257472592731,加速度计,1.0672,7.3502,11.3294,,,,,,,
1568257482534346,加速度计,1.3982,9.2117,8.4479,,,,,,,
1568257480021741,陀螺仪,,,,,,,,0.0053,-0.0380,-0.0971
1568257492488564,加速度计,1.3425,6.7277,5.9173,,,,,,,
1568257502457523,加速度计,1.2929,6.0232,3.5979,,,,,,,
1568257499952314,陀螺仪,,,,,,,,-0.0158,-0.0901,-0.1256
1568257512442575,加速度计,-0.1137,6.1154,7.6812,,,,,,,
1568257522483616,加速度计,2.0584,7.4136,7.7614,,,,,,,
1568257519999189,陀螺仪,,,,,,,,-0.0209,-0.1149,-0.1515
1568257532551741,加速度计,0.8972,6.7642,6.7098,,,,,,,
1568257542630700,加速度计,-0.0377,8.3001,5.2235,,,,,,,
1568257540151689,陀螺仪,,,,,,,,0.0039,-0.1280,-0.2131
1568257552717575,加速度计,0.4944,4.9207,8.3617,,,,,,,
1568257562809241,加速度计,-0.4537,7.2963,6.4799,,,,,,,
1568257560332627,陀螺仪,,,,,,,,-0.0422,-0.1768,-0.2177
1568257572902575,加速度计,0.7314,6.7702,9.0405,,,,,,,
1568257582963825,加速度计,-0.3184,7.6950,7.1162,,,,,,,
1568257580471168,陀螺仪,,,,,,,,-0.0029,-0.1758,-0.1764
1568257592987783,加速度计,0.6961,6.8127,6.7618,,,,,,,
1568257603006533,加速度计,0.8805,6.7977,8.0756,,,,,,,
1568257600511273,陀螺仪,,,,,,,,0.0100,-0.1491,-0.1458
1568257613025283,加速度计,0.8607,6.9468,6.9168,,,,,,,
1568257623046116,加速度计,-0.4471,5.6910,9.5074,,,,,,,
1568257620554189,陀螺仪,,,,,,,,0.0280,-0.1144,-0.0602
1568257644132141,GPS,,,,31.9429,118.7824,3.2700,167.3000,,,
1568257633070543,加速度计,0.7404,7.6441,9.3266,,,,,,,
1568257640575075,陀螺仪,,,,,,,,0.0698,-0.0814,0.0068
1568257643074085,加速度计,0.3519,7.3304,6.2818,,,,,,,
1568257653078252,加速度计,0.0443,7.2425,4.6717,,,,,,,
1568257663083668,加速度计,-0.1981,6.8211,5.8484,,,,,,,
1568257660585283,陀螺仪,,,,,,,,0.0072,-0.0799,0.0260
1568257673090960,加速度计,-1.3827,6.2584,8.8885,,,,,,,
1568257683100543,加速度计,0.8338,7.8901,8.2378,,,,,,,
1568257680603304,陀螺仪,,,,,,,,0.0268,-0.0443,0.1052
1568257693112627,加速度计,-0.4555,7.4065,5.4540,,,,,,,
1568257703127210,加速度计,-0.1239,5.6258,4.7256,,,,,,,
1568257700631221,陀螺仪,,,,,,,,0.0107,-0.0648,0.1149
1568257713144293,加速度计,-0.4830,6.4733,6.3392,,,,,,,
1568257720669137,陀螺仪,,,,,,,,-0.0174,-0.0728,0.1146
1568257723163877,加速度计,-0.8499,7.2413,5.6802,,,,,,,
1568257733185960,加速度计,-0.8936,7.1341,6.5451,,,,,,,
1568257740716741,陀螺仪,,,,,,,,-0.0393,-0.1051,0.1328
1568257743210335,加速度计,-0.2939,7.3322,6.8145,,,,,,,
1568257753236585,加速度计,0.2269,5.8676,12.0021,,,,,,,
1568257763265335,加速度计,-0.7895,8.9220,7.7752,,,,,,,
1568257760775127,陀螺仪,,,,,,,,0.0527,-0.0610,0.1555
1568257773313200,加速度计,0.9002,8.4533,2.6683,,,,,,,
1568257783345491,加速度计,-0.3041,6.1938,3.6470,,,,,,,
1568257780850335,陀螺仪,,,,,,,,-0.0232,-0.0925,0.1384
1568257793364450,加速度计,-1.5473,5.6599,8.5269,,,,,,,
1568257800887939,陀螺仪,,,,,,,,-0.0069,-0.0775,0.2276
1568257803383200,加速度计,-1.4533,6.6786,10.7601,,,,,,,
1568257813401950,加速度计,-0.6381,7.9446,6.4380,,,,,,,
1568257820925439,陀螺仪,,,,,,,,0.0642,-0.0498,0.2682
1568257823420700,加速度计,0.8254,7.5980,6.4805,,,,,,,
1568257833439450,加速度计,-0.9984,5.8221,6.1992,,,,,,,
1568257843458200,加速度计,-0.9703,8.1762,4.2976,,,,,,,
1568257840962939,陀螺仪,,,,,,,,0.0373,-0.0286,0.2927
1568257853476950,加速度计,-0.5315,7.8566,5.0895,,,,,,,
1568257863495700,加速度计,-0.5483,5.9933,8.0726,,,,,,,
1568257861000439,陀螺仪,,,,,,,,-0.0398,-0.0099,0.4024
1568257873514450,加速度计,-0.8056,7.9398,11.3252,,,,,,,
1568257883533200,加速度计,-0.9577,7.2185,6.2860,,,,,,,
1568257881037939,陀螺仪,,,,,,,,0.0465,0.0850,0.5489
1568257893551950,加速度计,1.3234,8.3737,2.0674,,,,,,,
1568257903570700,加速度计,-0.1071,5.9239,7.6746,,,,,,,
1568257901075439,陀螺仪,,,,,,,,-0.0216,0.1531,0.5895
1568257913589450,加速度计,-1.5556,8.0762,6.4224,,,,,,,
1568257923608200,加速度计,0.7428,7.6243,8.8137,,,,,,,
1568257921112939,陀螺仪,,,,,,,,0.0088,0.2555,0.7324
1568257933626950,加速度计,-0.2424,6.8504,3.8080,,,,,,,
1568257941150439,陀螺仪,,,,,,,,-0.0522,0.3228,0.8213
1568257943645700,加速度计,0.1658,6.0507,6.7289,,,,,,,
1568257953664450,加速度计,-0.7242,7.1413,6.6948,,,,,,,
1568257963683200,加速度计,-0.3651,7.6028,10.6255,,,,,,,
1568257961187939,陀螺仪,,,,,,,,-0.0475,0.4117,0.8691
1568257973701950,加速度计,-0.9499,7.6189,8.9160,,,,,,,
1568257983720700,加速度计,-0.6452,5.9125,7.5340,,,,,,,
1568257981225439,陀螺仪,,,,,,,,0.0417,0.4854,0.9068
1568257993739450,加速度计,-0.8679,6.4745,6.0938,,,,,,,
1568258003758200,加速度计,-0.2592,6.7331,6.8654,,,,,,,
1568258001262939,陀螺仪,,,,,,,,0.0272,0.4696,0.8827
1568258013777575,加速度计,0.3011,6.9079,6.6134,,,,,,,
1568258023798043,加速度计,-0.1562,7.5411,6.1345,,,,,,,
1568258021302262,陀螺仪,,,,,,,,0.0581,0.5012,0.7991
1568258033814710,加速度计,-0.5764,7.2030,10.4555,,,,,,,
1568258041335596,陀螺仪,,,,,,,,0.0917,0.5009,0.7434
1568258043831377,加速度计,-0.1089,8.9789,4.9578,,,,,,,
1568258053848043,加速度计,2.0608,7.0300,5.9568,,,,,,,
1568258063864710,加速度计,0.5740,8.2510,5.7407,,,,,,,
1568258061368929,陀螺仪,,,,,,,,0.0493,0.4587,0.5918
1568258073881637,加速度计,0.3334,5.7575,10.2975,,,,,,,
1568258083898981,加速度计,1.1384,7.4298,5.6413,,,,,,,
1568258081403408,陀螺仪,,,,,,,,0.0694,0.4033,0.4238
1568258093916741,加速度计,1.3785,7.8368,7.7764,,,,,,,
1568258101439554,陀螺仪,,,,,,,,0.0963,0.3190,0.2228
1568258103934918,加速度计,0.4687,7.0354,5.6533,,,,,,,
1568258113961689,加速度计,0.2125,6.9516,5.5414,,,,,,,
1568258123985439,加速度计,1.3599,7.2119,7.6471,,,,,,,
1568258121490283,陀螺仪,,,,,,,,0.0846,0.2069,0.0499
1568258134004606,加速度计,1.1600,6.7277,7.8584,,,,,,,
1568258144023356,加速度计,1.0175,6.7666,6.7313,,,,,,,
1568258141528096,陀螺仪,,,,,,,,0.0826,0.1108,-0.1399
1568258154042106,加速度计,0.5303,6.8941,6.5086,,,,,,,
1568258164060856,加速度计,0.8619,6.0322,9.2027,,,,,,,
1568258161565596,陀螺仪,,,,,,,,0.0975,0.0332,-0.2617
1568258174079606,加速度计,1.8046,7.8536,4.9973,,,,,,,
1568258184098356,加速度计,1.2821,6.2411,7.2275,,,,,,,
1568258181603096,陀螺仪,,,,,,,,0.0422,-0.0290,-0.3699
1568258194117106,加速度计,1.1103,5.5827,8.2989,,,,,,,
1568258204135856,加速度计,0.4836,5.2732,11.5939,,,,,,,
1568258201640596,陀螺仪,,,,,,,,-0.0009,-0.0752,-0.4031
1568258214154606,加速度计,1.4365,7.0126,8.6149,,,,,,,
1568258224173356,加速度计,1.8310,7.0623,5.5845,,,,,,,
1568258221678096,陀螺仪,,,,,,,,0.1178,-0.0369,-0.3561
1568258234192106,加速度计,2.9341,6.1711,2.4954,,,,,,,
1568258244210856,加速度计,1.9597,4.3054,7.2299,,,,,,,
1568258241715596,陀螺仪,,,,,,,,0.0270,-0.0383,-0.3084
1568258254229606,加速度计,1.3240,7.7237,8.3797,,,,,,,
1568258264248356,加速度计,3.1580,8.1205,7.9745,,,,,,,
1568258261757627,陀螺仪,,,,,,,,0.0625,0.0372,-0.2238
1568258274270543,加速度计,0.8559,8.9795,6.1800,,,,,,,
1568258284282627,加速度计,0.5357,6.0472,5.5647,,,,,,,
1568258281785700,陀螺仪,,,,,,,,0.0538,0.0953,-0.1458
1568258294294971,加速度计,2.7922,8.6317,2.1662,,,,,,,
1568258301811012,陀螺仪,,,,,,,,-0.0465,0.1141,-0.1198
1568258304307731,加速度计,-0.7919,6.6732,6.4308,,,,,,,
1568258314321168,加速度计,-0.3915,7.9559,9.6229,,,,,,,
1568258321839137,陀螺仪,,,,,,,,-0.0024,0.1465,-0.0644
1568258324335439,加速度计,0.5650,7.3454,9.2967,,,,,,,
1568258334350804,加速度计,0.3124,8.7323,4.5005,,,,,,,
1568258344367418,加速度计,-0.8194,6.0334,5.4941,,,,,,,
1568258341871741,陀螺仪,,,,,,,,0.0052,0.1174,-0.0654
1568258354385283,加速度计,-0.2598,7.0910,4.6938,,,,,,,
1568258361909346,陀螺仪,,,,,,,,-0.0212,0.0944,-0.0651
1568258364404398,加速度计,2.0560,7.6656,5.1739,,,,,,,
1568258374424762,加速度计,-0.2933,8.4767,6.1094,,,,,,,
1568258381951585,陀螺仪,,,,,,,,-0.0124,0.0921,-0.1093
1568258384446116,加速度计,0.4106,7.4280,8.5228,,,,,,,
1568258394468304,加速度计,0.8386,6.7062,7.1060,,,,,,,
1568258401996846,陀螺仪,,,,,,,,0.0297,0.0450,-0.1652
1568258404491064,加速度计,0.4028,9.5457,3.5051,,,,,,,
1568258414514241,加速度计,2.4074,6.9468,7.3568,,,,,,,
1568258422043825,陀螺仪,,,,,,,,-0.0049,0.0009,-0.2629
1568258424537835,加速度计,0.0712,7.2329,5.2816,,,,,,,
1568258434561585,加速度计,1.5700,8.1582,4.7070,,,,,,,
1568258442091325,陀螺仪,,,,,,,,-0.0479,-0.0547,-0.3692
1568258444585335,加速度计,1.9734,5.4163,10.1173,,,,,,,
1568258454606481,加速度计,0.3819,8.5449,9.3703,,,,,,,
1568258464625543,加速度计,1.7657,6.5739,5.6479,,,,,,,
1568258462130283,陀螺仪,,,,,,,,0.0083,-0.1260,-0.4281
1568258474644293,加速度计,1.9698,7.6854,3.1645,,,,,,,
1568258484663043,加速度计,0.5770,5.3690,6.5733,,,,,,,
1568258482167783,陀螺仪,,,,,,,,-0.0445,-0.2060,-0.5297
1568258494681793,加速度计,1.1905,7.2359,6.8947,,,,,,,
1568258504700543,加速度计,2.8186,7.4771,3.6500,,,,,,,
1568258502205283,陀螺仪,,,,,,,,0.0182,-0.1917,-0.5305
1568258514721637,加速度计,1.4030,9.1476,6.2926,,,,,,,
1568258524744398,加速度计,-0.1365,4.2695,13.7834,,,,,,,
1568258522245387,陀螺仪,,,,,,,,-0.1165,-0.2246,-0.4883
1568258534748408,加速度计,1.9082,10.9678,8.6443,,,,,,,
1568258544753096,加速度计,2.0189,6.4967,9.1069,,,,,,,
1568258542254398,陀螺仪,,,,,,,,0.0397,-0.1605,-0.3856
1568258554759137,加速度计,0.9415,7.5268,3.5045,,,,,,,
1568258562269346,陀螺仪,,,,,,,,0.0318,-0.1403,-0.3404
1568258564767106,加速度计,0.6387,4.7944,3.4590,,,,,,,
1568258574777158,加速度计,0.1245,8.3977,0.2819,,,,,,,
1568258582292939,陀螺仪,,,,,,,,-0.1089,-0.1567,-0.2328
1568258584789554,加速度计,0.6015,6.2363,10.6183,,,,,,,
1568258594804450,加速度计,-0.3513,8.0613,9.9365,,,,,,,
1568258604821846,加速度计,1.1025,7.6195,8.0343,,,,,,,
1568258602326481,陀螺仪,,,,,,,,0.0096,-0.0526,-0.0878
1568258614841741,加速度计,0.7847,7.7093,6.2800,,,,,,,
1568258622375179,陀螺仪,,,,,,,,0.0071,-0.0245,-0.0450
1568258624865439,加速度计,-0.9140,6.5062,7.9565,,,,,,,
1568258644145109,GPS,,,,31.9429,118.7824,3.3100,159.7000,,,
1568258634924502,加速度计,-1.3198,8.0834,9.4260,,,,,,,
1568258642469241,陀螺仪,,,,,,,,0.0598,0.0261,0.1129
1568258644964502,加速度计,0.0227,6.8576,6.3638,,,,,,,
1568258654983252,加速度计,-0.0700,6.8660,3.9792,,,,,,,
1568258662506741,陀螺仪,,,,,,,,0.0409,0.0708,0.1740
1568258665002002,加速度计,-0.6087,5.1230,5.8383,,,,,,,
1568258675020752,加速度计,-0.6027,6.6439,4.5759,,,,,,,
1568258685039502,加速度计,0.6494,8.2594,3.5326,,,,,,,
1568258682544241,陀螺仪,,,,,,,,0.0051,0.0964,0.2800
1568258695058252,加速度计,-0.5626,6.3578,10.6716,,,,,,,
1568258705077002,加速度计,0.0096,6.6445,11.3306,,,,,,,
1568258702581741,陀螺仪,,,,,,,,-0.0282,0.1854,0.3513
1568258715095752,加速度计,0.4938,6.5511,5.7066,,,,,,,
1568258725114502,加速度计,0.4220,5.5899,3.5739,,,,,,,
1568258722619241,陀螺仪,,,,,,,,0.0326,0.2422,0.3876
1568258735133252,加速度计,-0.7470,8.4575,8.6514,,,,,,,
1568258745152002,加速度计,-1.0888,7.1970,11.2521,,,,,,,
1568258742656741,陀螺仪,,,,,,,,-0.0184,0.2609,0.4113
1568258755170752,加速度计,0.0389,8.2456,6.7750,,,,,,,
1568258765190960,加速度计,0.8685,6.7888,4.9009,,,,,,,
1568258762700231,陀螺仪,,,,,,,,0.0787,0.2953,0.4072
1568258775210491,加速度计,0.0239,3.0137,7.9853,,,,,,,
1568258782727731,陀螺仪,,,,,,,,0.0397,0.2569,0.3131
1568258785224241,加速度计,-1.2857,7.0479,6.5302,,,,,,,
1568258795237991,加速度计,-0.0030,8.5240,6.8869,,,,,,,
1568258802755648,陀螺仪,,,,,,,,0.0629,0.2052,0.2313
1568258805252054,加速度计,0.8930,7.7285,5.7383,,,,,,,
1568258815266533,加速度计,-0.7931,7.1150,3.4674,,,,,,,
1568258822785648,陀螺仪,,,,,,,,0.0044,0.1494,0.1230
1568258825281741,加速度计,1.7771,8.9274,6.5140,,,,,,,
1568258835297783,加速度计,0.5363,8.5635,9.1752,,,,,,,
1568258842818981,陀螺仪,,,,,,,,-0.0434,0.1016,0.0023
1568258845314658,加速度计,-2.0830,6.2728,12.5546,,,,,,,
1568258855332366,加速度计,0.3089,6.4224,4.7681,,,,,,,
1568258862855648,陀螺仪,,,,,,,,0.0577,0.0487,-0.0322
1568258865350908,加速度计,0.7542,5.6324,1.7933,,,,,,,
1568258875370283,加速度计,1.3066,6.6577,-0.5112,,,,,,,
1568258882895648,陀螺仪,,,,,,,,-0.0991,-0.0350,-0.1450
1568258885390491,加速度计,-0.0096,7.2329,7.3622,,,,,,,
1568258895411533,加速度计,0.0227,7.8584,15.0128,,,,,,,
1568258905433096,加速度计,0.4154,7.9045,12.9275,,,,,,,
1568258902938564,陀螺仪,,,,,,,,0.0322,0.0060,-0.1181
1568258915455075,加速度计,1.1121,8.2121,0.5040,,,,,,,
1568258925477471,加速度计,1.2438,7.7955,-0.5435,,,,,,,
1568258922983148,陀螺仪,,,,,,,,-0.0092,-0.0177,-0.1648
1568258935499971,加速度计,-0.1329,5.9819,8.5018,,,,,,,
1568258943028148,陀螺仪,,,,,,,,-0.1068,-0.0313,-0.1622
1568258945522471,加速度计,0.5034,6.3590,13.7140,,,,,,,
1568258955544971,加速度计,0.6159,8.5383,6.2483,,,,,,,
1568258963071481,陀螺仪,,,,,,,,-0.0049,0.0043,-0.0905
1568258965566221,加速度计,1.7765,4.5675,7.0300,,,,,,,
1568258975585491,加速度计,1.8088,5.5785,3.1609,,,,,,,
1568258983108981,陀螺仪,,,,,,,,-0.0313,0.0154,-0.1353
1568258985604241,加速度计,1.3898,9.0662,3.3579,,,,,,,
1568258995622991,加速度计,-0.3322,7.8392,8.3899,,,,,,,
1568259005641741,加速度计,-0.3394,7.8416,9.9347,,,,,,,
1568259003146481,陀螺仪,,,,,,,,-0.0433,0.0201,-0.0844
1568259015670075,加速度计,1.2594,4.8997,10.8427,,,,,,,
1568259023184450,陀螺仪,,,,,,,,0.0618,0.0290,-0.0763
1568259025687106,加速度计,0.8356,9.7600,-0.3980,,,,,,,
1568259035676898,加速度计,1.9345,8.5694,1.9740,,,,,,,
1568259043166533,陀螺仪,,,,,,,,-0.1541,-0.0746,-0.2609
1568259045668460,加速度计,-1.3689,7.1754,7.1413,,,,,,,
1568259055662731,加速度计,-1.3533,5.8203,12.2182,,,,,,,
1568259063160283,陀螺仪,,,,,,,,-0.0138,-0.0842,-0.1917
1568259065660543,加速度计,-0.5543,7.1425,9.9665,,,,,,,
1568259075662731,加速度计,0.9984,7.2353,4.1025,,,,,,,
1568259083171950,陀螺仪,,,,,,,,0.0314,-0.0992,-0.2566
1568259085669814,加速度计,0.9960,8.3121,6.1513,,,,,,,
1568259095682210,加速度计,0.8793,7.4789,6.5996,,,,,,,
1568259103204866,陀螺仪,,,,,,,,-0.0170,-0.1088,-0.2870
1568259105700023,加速度计,0.1215,7.5609,5.1026,,,,,,,
1568259115722939,加速度计,-0.9295,6.2207,8.6287,,,,,,,
1568259123257783,陀螺仪,,,,,,,,-0.0498,-0.1197,-0.1788
1568259125750543,加速度计,1.4820,8.8753,7.9188,,,,,,,
1568259135782418,加速度计,0.8565,6.4218,7.1162,,,,,,,
1568259143326950,陀螺仪,,,,,,,,0.0297,-0.0617,-0.1723
1568259145817835,加速度计,0.8625,7.7847,5.2535,,,,,,,
1568259155855960,加速度计,1.1109,3.6889,8.7753,,,,,,,
1568259163406116,陀螺仪,,,,,,,,0.0248,-0.0358,-0.0979
1568259165895960,加速度计,-1.0762,6.1681,7.0162,,,,,,,
1568259175936689,加速度计,0.5944,7.0210,7.8602,,,,,,,
1568259183485700,陀螺仪,,,,,,,,0.0407,-0.0153,-0.0242
1568259185975960,加速度计,-1.0361,8.2821,6.2866,,,,,,,
1568259195999710,加速度计,-1.4257,8.5527,4.4167,,,,,,,
1568259203523200,陀螺仪,,,,,,,,-0.0481,-0.0256,0.0023
1568259206018460,加速度计,-0.7859,6.4344,6.7684,,,,,,,
1568259216037210,加速度计,-1.9160,5.5893,7.7530,,,,,,,
1568259226055960,加速度计,-1.7077,5.6593,9.6235,,,,,,,
1568259223560700,陀螺仪,,,,,,,,-0.0374,-0.0314,0.0863
1568259236074710,加速度计,-0.7153,6.3991,7.5244,,,,,,,
1568259243598200,陀螺仪,,,,,,,,0.0386,-0.0332,0.0925
1568259246093460,加速度计,-1.1588,7.6489,10.6237,,,,,,,
1568259256112210,加速度计,-1.2588,6.9007,6.3913,,,,,,,
1568259266137054,加速度计,0.0820,7.0671,5.2625,,,,,,,
1568259263653616,陀螺仪,,,,,,,,0.0623,-0.0614,0.0621
1568259276154502,加速度计,-1.4988,5.9825,4.9811,,,,,,,
1568259283656533,陀螺仪,,,,,,,,0.0013,-0.0904,0.0566
1568259286156064,加速度计,-1.3288,7.7189,7.4412,,,,,,,
1568259296158668,加速度计,-1.3659,6.6661,5.6515,,,,,,,
1568259303664033,陀螺仪,,,,,,,,-0.0285,-0.1136,0.1341
1568259306162835,加速度计,0.4806,8.3845,6.1854,,,,,,,
1568259316168981,加速度计,0.1814,5.5228,11.4952,,,,,,,
1568259326177523,加速度计,-0.0706,7.1730,7.6800,,,,,,,
1568259323679866,陀螺仪,,,,,,,,0.0615,-0.0362,0.1601
1568259336188877,加速度计,1.5137,7.2826,4.4981,,,,,,,
1568259343706950,陀螺仪,,,,,,,,0.0055,-0.0581,0.1670
1568259346203148,加速度计,0.5722,9.0656,1.2073,,,,,,,
1568259356220648,加速度计,-0.2233,6.3416,8.9866,,,,,,,
1568259363746533,陀螺仪,,,,,,,,-0.0455,-0.0087,0.2117
1568259366241168,加速度计,-0.5279,7.9164,11.1701,,,,,,,
1568259376264606,加速度计,0.0443,7.1940,8.0487,,,,,,,
1568259383797366,陀螺仪,,,,,,,,0.0403,0.0141,0.3001
1568259386290648,加速度计,0.6788,6.1615,1.6981,,,,,,,
1568259396318877,加速度计,0.9116,6.8109,7.1030,,,,,,,
1568259403856533,陀螺仪,,,,,,,,0.0019,0.0430,0.2734
1568259406348877,加速度计,0.8649,6.5613,7.1952,,,,,,,
1568259416380231,加速度计,-1.3665,9.3230,6.4991,,,,,,,
1568259426412210,加速度计,1.5742,6.4332,8.3366,,,,,,,
1568259423920283,陀螺仪,,,,,,,,0.0087,0.0872,0.3338
1568259436444293,加速度计,0.5357,5.9227,6.8360,,,,,,,
1568259443974866,陀螺仪,,,,,,,,-0.0016,0.1160,0.3691
1568259446469189,加速度计,-0.1891,6.3716,8.8077,,,,,,,
1568259456488877,加速度计,0.5626,7.7327,8.4845,,,,,,,
1568259466507627,加速度计,0.8475,6.9324,7.2125,,,,,,,
1568259464012366,陀螺仪,,,,,,,,0.0684,0.1629,0.3924
1568259476526377,加速度计,2.3086,6.6367,4.6645,,,,,,,
1568259484049866,陀螺仪,,,,,,,,0.0222,0.1586,0.3396
1568259486545127,加速度计,1.7747,6.5936,4.5927,,,,,,,
1568259496590023,加速度计,-0.1873,6.1830,5.9879,,,,,,,
1568259506663304,加速度计,2.4559,7.0647,6.8773,,,,,,,
1568259504183668,陀螺仪,,,,,,,,0.0019,0.1718,0.3007
1568259516641168,加速度计,0.2095,7.1162,9.3589,,,,,,,
1568259526558356,加速度计,0.7937,7.4370,10.3453,,,,,,,
1568259524038096,陀螺仪,,,,,,,,0.0153,0.1730,0.2664
1568259536482054,加速度计,2.0824,8.2277,7.1233,,,,,,,
1568259546415752,加速度计,0.3938,6.9665,4.7088,,,,,,,
1568259543900283,陀螺仪,,,,,,,,0.0788,0.1883,0.1610
1568259556362262,加速度计,0.6081,7.7991,2.1362,,,,,,,
1568259566324085,加速度计,0.6410,5.0015,8.8268,,,,,,,
1568259563816116,陀螺仪,,,,,,,,-0.0132,0.1186,0.0593
1568259576302939,加速度计,-0.4878,7.8446,7.4154,,,,,,,
1568259586299554,加速度计,1.1696,7.5782,7.5381,,,,,,,
1568259583800439,陀螺仪,,,,,,,,0.0362,0.1080,0.0443
1568259596314085,加速度计,0.5303,8.0002,6.8965,,,,,,,
1568259603855648,陀螺仪,,,,,,,,-0.0009,0.0810,0.0009
1568259606346012,加速度计,-1.9118,6.4949,8.9938,,,,,,,
1568259616394241,加速度计,-0.1754,7.6501,9.4457,,,,,,,
1568259626460908,加速度计,0.8475,6.4596,7.8494,,,,,,,
1568259639063442,GPS,,,,31.9428,118.7824,3.3700,160.7000,,,
1568259623988252,陀螺仪,,,,,,,,0.0672,0.0839,0.0197
1568259636570075,加速度计,-1.0642,6.2237,5.0607,,,,,,,
1568259646685908,加速度计,0.3508,5.4839,6.4356,,,,,,,
1568259644215543,陀螺仪,,,,,,,,0.0455,0.0609,0.0024
1568259656804241,加速度计,1.4108,5.7599,9.3308,,,,,,,
1568259666884241,加速度计,1.1869,8.0679,5.6318,,,,,,,
1568259664388981,陀螺仪,,,,,,,,0.0350,0.0783,0.0073
1568259676902991,加速度计,1.0696,6.8618,6.0412,,,,,,,
1568259686921741,加速度计,2.2428,3.6248,11.1229,,,,,,,
1568259684426481,陀螺仪,,,,,,,,-0.0269,0.1232,0.0197
1568259696940491,加速度计,0.2550,4.7082,11.3006,,,,,,,
1568259706959241,加速度计,1.5568,6.6601,6.0585,,,,,,,
1568259704463981,陀螺仪,,,,,,,,0.0778,0.1738,0.1469
1568259716977991,加速度计,2.1967,6.2531,6.4254,,,,,,,
1568259726996741,加速度计,1.4401,9.1596,1.9106,,,,,,,
1568259724501481,陀螺仪,,,,,,,,0.1306,0.2104,0.0830
1568259737015491,加速度计,-2.3176,7.3113,0.7099,,,,,,,
1568259747034241,加速度计,-1.2803,11.4102,4.3934,,,,,,,
1568259744538981,陀螺仪,,,,,,,,0.0112,0.0061,-0.0096
1568259757052991,加速度计,3.4267,12.8539,13.0173,,,,,,,
1568259767075960,加速度计,-0.1987,9.2715,4.0911,,,,,,,
1568259764578200,陀螺仪,,,,,,,,-0.0100,0.0489,-0.1317
1568259777084710,加速度计,0.5327,4.4999,3.7338,,,,,,,
1568259784596064,陀螺仪,,,,,,,,-0.0229,0.1441,-0.0636
1568259787093721,加速度计,0.0922,5.7503,9.1357,,,,,,,
1568259797103408,加速度计,-0.3047,6.6086,10.0251,,,,,,,
1568259804617054,陀螺仪,,,,,,,,0.0758,0.1692,0.0961
1568259807114189,加速度计,-0.3448,11.1073,3.5009,,,,,,,
1568259817126481,加速度计,1.1582,8.2989,0.9373,,,,,,,
1568259827140439,加速度计,0.5608,5.2918,9.3793,,,,,,,
1568259824644137,陀螺仪,,,,,,,,-0.0704,0.1344,0.0514
1568259837156064,加速度计,0.2454,6.8420,7.9853,,,,,,,
1568259847173356,加速度计,-0.1748,7.3717,11.5568,,,,,,,
1568259844677887,陀螺仪,,,,,,,,0.0037,0.1839,0.0535
1568259857192314,加速度计,-0.9780,8.5575,4.8596,,,,,,,
1568259867212939,加速度计,1.9674,5.6443,5.9113,,,,,,,
1568259864718304,陀螺仪,,,,,,,,0.0276,0.1838,0.1280
1568259877235231,加速度计,1.8681,6.6732,4.5639,,,,,,,
1568259884765023,陀螺仪,,,,,,,,0.0049,0.1667,-0.0316
1568259887258929,加速度计,-0.5974,6.4590,9.2638,,,,,,,
1568259897283877,加速度计,-1.5682,7.1808,7.6136,,,,,,,
1568259907309814,加速度计,-0.5620,5.8975,6.9456,,,,,,,
1568259904816429,陀螺仪,,,,,,,,0.0181,0.0943,-0.0489
1568259917336325,加速度计,0.3047,8.5778,4.7549,,,,,,,
1568259927362991,加速度计,-1.5089,4.7639,9.0166,,,,,,,
1568259924869710,陀螺仪,,,,,,,,-0.0121,0.0265,-0.1843
1568259937389398,加速度计,-0.5046,7.8584,6.3500,,,,,,,
1568259947410960,加速度计,0.6764,5.1368,9.2009,,,,,,,
1568259944915700,陀螺仪,,,,,,,,0.0293,-0.0290,-0.2296
1568259957429710,加速度计,-0.0527,7.7949,3.1262,,,,,,,
1568259964953200,陀螺仪,,,,,,,,0.0256,-0.0720,-0.3011
1568259967448460,加速度计,-0.8068,5.2218,7.0599,,,,,,,
1568259977467210,加速度计,-0.1305,8.7430,3.6320,,,,,,,
1568259984990700,陀螺仪,,,,,,,,-0.0289,-0.1667,-0.2968
1568259987485960,加速度计,0.1856,8.5108,6.8480,,,,,,,
1568259997504710,加速度计,3.0197,7.5555,9.1626,,,,,,,
1568260007526846,加速度计,-0.2705,7.0497,8.6263,,,,,,,
1568260005041741,陀螺仪,,,,,,,,-0.0285,-0.1574,-0.3854
1568260017550283,加速度计,1.4395,5.7814,6.7588,,,,,,,
1568260025048616,陀螺仪,,,,,,,,0.0180,-0.1519,-0.3566
1568260027548877,加速度计,0.4657,5.2421,5.0470,,,,,,,
1568260037548408,加速度计,0.1293,6.8863,2.6157,,,,,,,
1568260047549710,加速度计,1.0846,6.9312,4.8914,,,,,,,
1568260045050283,陀螺仪,,,,,,,,-0.0774,-0.1860,-0.2983
1568260057553356,加速度计,-0.2011,6.8205,10.4064,,,,,,,
1568260067560023,加速度计,1.0726,8.4988,9.1518,,,,,,,
1568260065062054,陀螺仪,,,,,,,,-0.0257,-0.1569,-0.2284
1568260077570023,加速度计,1.5341,7.1317,7.1599,,,,,,,
1568260087583616,加速度计,0.1802,7.2772,5.2355,,,,,,,
1568260085087418,陀螺仪,,,,,,,,-0.0169,-0.1314,-0.1919
1568260097600960,加速度计,-1.0319,6.7331,10.9613,,,,,,,
1568260107621793,加速度计,0.8942,8.1391,12.7850,,,,,,,
1568260105127366,陀螺仪,,,,,,,,0.0471,-0.0732,-0.1169
1568260117645960,加速度计,0.7685,7.7770,1.6293,,,,,,,
1568260125180335,陀螺仪,,,,,,,,0.0285,-0.0571,-0.0437
1568260127673200,加速度计,-0.0688,6.8480,-0.2478,,,,,,,
1568260137703096,加速度计,-0.4118,5.3313,7.1664,,,,,,,
1568260145243148,陀螺仪,,,,,,,,-0.0229,-0.0212,0.0369
1568260147734971,加速度计,0.1197,7.6100,15.3355,,,,,,,
1568260157768252,加速度计,0.4675,12.2487,6.9396,,,,,,,
1568260165310856,陀螺仪,,,,,,,,0.0683,0.0354,0.0730
1568260167802262,加速度计,1.3222,8.2145,3.8301,,,,,,,
1568260177836429,加速度计,-0.3891,5.2271,0.9373,,,,,,,
1568260187862002,加速度计,-0.4058,6.2543,4.3473,,,,,,,
1568260185367158,陀螺仪,,,,,,,,-0.0447,0.0668,0.0940
1568260197881377,加速度计,1.2324,6.4877,9.2081,,,,,,,
1568260207900127,加速度计,0.8505,8.3995,9.0830,,,,,,,
1568260205404866,陀螺仪,,,,,,,,-0.0559,0.0838,0.1704
1568260217918877,加速度计,0.6758,8.1056,10.8697,,,,,,,
1568260227937627,加速度计,0.4567,7.4807,1.8651,,,,,,,
1568260225442366,陀螺仪,,,,,,,,0.0419,0.1224,0.1087
1568260237956377,加速度计,0.0856,6.8151,3.0245,,,,,,,
1568260247975127,加速度计,0.4334,5.6060,8.1211,,,,,,,
1568260245479866,陀螺仪,,,,,,,,-0.0646,0.0430,0.0952
1568260257995700,加速度计,0.3178,7.7129,14.9195,,,,,,,
1568260265517627,陀螺仪,,,,,,,,0.0838,0.0638,-0.0430
1568260268014450,加速度计,2.2685,8.5084,5.9262,,,,,,,
1568260278026950,加速度计,1.1983,7.8195,0.8116,,,,,,,
1568260288039762,加速度计,-2.0524,4.2635,3.1053,,,,,,,
1568260285543043,陀螺仪,,,,,,,,-0.0116,-0.0453,-0.1702
1568260298052991,加速度计,1.0068,8.1714,9.6941,,,,,,,
1568260305570543,陀螺仪,,,,,,,,0.0177,-0.0819,-0.2072
1568260308066950,加速度计,2.4714,8.8298,8.5162,,,,,,,
1568260318081741,加速度计,3.0376,10.1347,5.2583,,,,,,,
1568260325601377,陀螺仪,,,,,,,,-0.0008,-0.1089,-0.3957
1568260328097366,加速度计,1.0050,4.3766,5.7168,,,,,,,
1568260338114137,加速度计,0.7655,5.7317,5.5593,,,,,,,
1568260345636793,陀螺仪,,,,,,,,0.0257,-0.1455,-0.4280
1568260348132158,加速度计,1.5975,6.1010,9.2105,,,,,,,
1568260358151429,加速度计,0.4842,11.0690,1.8471,,,,,,,
1568260368171637,加速度计,1.3527,5.4594,6.1202,,,,,,,
1568260365676793,陀螺仪,,,,,,,,-0.0100,-0.2015,-0.4533
1568260378192679,加速度计,3.2489,7.4645,2.9658,,,,,,,
1568260385720127,陀螺仪,,,,,,,,-0.0901,-0.2160,-0.5091
1568260388214554,加速度计,0.4292,7.7746,8.1139,,,,,,,
1568260398236950,加速度计,-0.2095,8.9956,12.0518,,,,,,,
1568260405765543,陀螺仪,,,,,,,,-0.0342,-0.2017,-0.4563
1568260408259762,加速度计,2.3810,7.9745,5.2134,,,,,,,
1568260418282991,加速度计,0.4357,6.2405,6.2543,,,,,,,
1568260425812210,陀螺仪,,,,,,,,-0.0563,-0.2095,-0.4240
1568260428306325,加速度计,0.9966,5.1900,2.8958,,,,,,,
1568260438329658,加速度计,0.7189,5.4396,9.5774,,,,,,,
1568260448351116,加速度计,-0.2556,11.0175,5.8251,,,,,,,
1568260445856377,陀螺仪,,,,,,,,-0.0507,-0.1882,-0.3361
1568260458370387,加速度计,0.9487,5.8335,10.1382,,,,,,,
1568260465893877,陀螺仪,,,,,,,,-0.0602,-0.1601,-0.2739
1568260468389137,加速度计,1.0780,5.8628,9.5511,,,,,,,
1568260478407887,加速度计,0.3424,5.8000,8.0547,,,,,,,
1568260485931377,陀螺仪,,,,,,,,0.0048,-0.1224,-0.1913
1568260488426637,加速度计,-1.3725,8.2929,6.4075,,,,,,,
1568260498445387,加速度计,-0.5824,7.4053,9.6025,,,,,,,
1568260508464450,加速度计,-0.3232,6.3746,7.8141,,,,,,,
1568260505972418,陀螺仪,,,,,,,,0.0708,-0.0644,-0.0872
1568260518483929,加速度计,-0.4304,7.4986,0.3789,,,,,,,
1568260526003252,陀螺仪,,,,,,,,-0.0017,-0.0570,-0.0241
1568260528499346,加速度计,0.1472,4.5645,3.4890,,,,,,,
1568260538514762,加速度计,-1.1965,6.0819,5.6856,,,,,,,
1568260546034502,陀螺仪,,,,,,,,-0.0795,-0.0169,0.1237
1568260548530491,加速度计,0.2622,6.2279,9.3374,,,,,,,
1568260558546637,加速度计,0.4597,10.5046,3.6224,,,,,,,
1568260566067418,陀螺仪,,,,,,,,-0.0936,0.0615,0.1715
1568260568563200,加速度计,0.1209,4.6807,10.2891,,,,,,,
1568260578580179,加速度计,-0.2005,6.1729,6.6607,,,,,,,
1568260586102002,陀螺仪,,,,,,,,-0.0402,0.1266,0.2422
1568260588597575,加速度计,-2.4241,6.5176,6.6505,,,,,,,
1568260598615387,加速度计,-0.1796,6.7959,5.9460,,,,,,,
1568260606138252,陀螺仪,,,,,,,,-0.0818,0.1103,0.3009
1568260608633616,加速度计,-0.5968,7.3568,6.8169,,,,,,,
1568260618652262,加速度计,0.0311,5.8903,9.2793,,,,,,,
1568260638779171,GPS,,,,31.9428,118.7824,3.3700,163.2000,,,
1568260628696898,加速度计,0.4112,6.2560,8.8238,,,,,,,
1568260626199762,陀螺仪,,,,,,,,-0.0618,0.1350,0.2927
1568260638708148,加速度计,-0.8871,7.3628,8.1594,,,,,,,
1568260648719450,加速度计,-0.4214,8.1942,4.8357,,,,,,,
1568260646222418,陀螺仪,,,,,,,,0.0097,0.1578,0.2848
1568260658731221,加速度计,-0.1383,5.9215,7.4286,,,,,,,
1568260666247210,陀螺仪,,,,,,,,-0.0236,0.1176,0.2252
1568260668743825,加速度计,1.0337,4.7698,8.7490,,,,,,,
1568260678757314,加速度计,-1.2378,8.3821,7.4591,,,,,,,
1568260686276064,陀螺仪,,,,,,,,0.0019,0.0884,0.1521
1568260688772054,加速度计,-0.2682,7.9978,4.7285,,,,,,,
1568260698788043,加速度计,0.4788,7.4980,6.4446,,,,,,,
1568260708805283,加速度计,-0.4663,7.1563,5.1362,,,,,,,
1568260706309918,陀螺仪,,,,,,,,-0.0117,0.0447,0.0498
1568260718823773,加速度计,-1.0235,6.0364,7.2772,,,,,,,
1568260728843512,加速度计,-1.9201,8.8346,4.7788,,,,,,,
1568260726348773,陀螺仪,,,,,,,,-0.0077,-0.0192,-0.0079
1568260738864450,加速度计,0.5602,7.2969,8.7957,,,,,,,
1568260746391898,陀螺仪,,,,,,,,0.0242,-0.0505,-0.0759
1568260748886221,加速度计,1.2731,7.3257,5.6940,,,,,,,
1568260758910179,加速度计,-1.3246,9.6666,1.6819,,,,,,,
1568260766458200,陀螺仪,,,,,,,,-0.0803,-0.1111,-0.1349
1568260768948668,加速度计,1.4557,7.7399,10.1568,,,,,,,
1568260778972210,加速度计,-0.0042,7.7405,11.8339,,,,,,,
1568260786495700,陀螺仪,,,,,,,,0.0314,-0.0941,-0.0977
1568260788990960,加速度计,0.7446,9.5654,6.6301,,,,,,,
1568260799009710,加速度计,1.3928,8.7795,1.6388,,,,,,,
1568260806533200,陀螺仪,,,,,,,,-0.1061,-0.1292,-0.1768
1568260809028460,加速度计,0.6506,4.6005,7.3376,,,,,,,
1568260819047210,加速度计,-0.4776,5.7982,10.2693,,,,,,,
1568260826570700,陀螺仪,,,,,,,,0.0292,-0.1036,-0.1269
1568260829065960,加速度计,0.1712,7.9212,4.7722,,,,,,,
1568260839084710,加速度计,0.0012,7.7548,4.8554,,,,,,,
1568260846608200,陀螺仪,,,,,,,,0.0004,-0.1320,-0.1406
1568260849103460,加速度计,0.8595,6.6295,7.6201,,,,,,,
1568260859122210,加速度计,0.9673,6.9749,8.9711,,,,,,,
1568260869140960,加速度计,-0.6506,9.5930,4.9967,,,,,,,
1568260866645700,陀螺仪,,,,,,,,0.0486,-0.1185,-0.1217
1568260879159710,加速度计,-0.2729,5.9520,6.2531,,,,,,,
1568260886683200,陀螺仪,,,,,,,,0.0398,-0.1004,-0.0952
1568260889178460,加速度计,-0.1335,6.4099,8.3522,,,,,,,
1568260899197210,加速度计,-0.7033,6.8486,6.6954,,,,,,,
1568260906720700,陀螺仪,,,,,,,,0.0640,-0.1172,-0.0165
1568260909215960,加速度计,-1.0666,7.0527,5.2876,,,,,,,
1568260919234710,加速度计,1.0529,9.0040,6.0382,,,,,,,
1568260926758200,陀螺仪,,,,,,,,0.0197,-0.1081,-0.0148
1568260929253460,加速度计,0.1012,6.6882,8.2797,,,,,,,
1568260939272210,加速度计,-0.5339,7.6273,6.0759,,,,,,,
1568260946795700,陀螺仪,,,,,,,,0.0264,-0.0968,0.0402
1568260949290960,加速度计,-0.0233,7.4154,7.4537,,,,,,,
1568260959309710,加速度计,-0.2215,6.8217,5.8682,,,,,,,
1568260966833200,陀螺仪,,,,,,,,0.0491,-0.0333,0.1085
1568260969328460,加速度计,0.4932,6.6547,4.8016,,,,,,,
1568260979347210,加速度计,-1.1911,8.4743,6.0466,,,,,,,
1568260986870700,陀螺仪,,,,,,,,-0.0085,-0.0257,0.1441
1568260989365960,加速度计,-0.3603,6.3111,12.8371,,,,,,,
1568260999384710,加速度计,-1.4455,8.1217,7.4376,,,,,,,
1568261009408356,加速度计,-1.1001,7.9110,3.0682,,,,,,,
1568261006915960,陀螺仪,,,,,,,,0.1128,0.0269,0.2372
1568261019424658,加速度计,-0.8248,7.5160,3.6158,,,,,,,
1568261029436325,加速度计,-0.5968,5.2643,8.2061,,,,,,,
1568261026939346,陀螺仪,,,,,,,,0.0137,0.0089,0.2754
1568261039448356,加速度计,-0.2747,7.6800,7.8560,,,,,,,
1568261049461168,加速度计,-0.4453,8.2786,5.2104,,,,,,,
1568261046964554,陀螺仪,,,,,,,,0.0450,0.0409,0.3196
1568261059474814,加速度计,-0.4687,6.8354,7.1000,,,,,,,
1568261069489293,加速度计,-0.9469,7.7417,6.6613,,,,,,,
1568261066993148,陀螺仪,,,,,,,,0.0455,0.0964,0.3257
1568261079504971,加速度计,-0.8948,8.1056,3.9624,,,,,,,
1568261089521898,加速度计,0.2233,5.8299,5.4630,,,,,,,
1568261087026377,陀螺仪,,,,,,,,-0.0320,0.0668,0.3477
1568261099540075,加速度计,-1.2234,5.7437,6.5278,,,,,,,
1568261109559502,加速度计,0.3424,6.4386,9.7420,,,,,,,
1568261107064606,陀螺仪,,,,,,,,-0.0385,0.0842,0.3099
1568261119580179,加速度计,-1.2845,7.5100,9.3751,,,,,,,
1568261129601741,加速度计,-0.7272,5.9903,9.6672,,,,,,,
1568261127107314,陀螺仪,,,,,,,,0.0246,0.0595,0.2832
1568261139624137,加速度计,0.7207,6.8923,4.0025,,,,,,,
1568261149647366,加速度计,-0.6500,6.4338,5.9873,,,,,,,
1568261147153304,陀螺仪,,,,,,,,0.0068,0.0393,0.1843
1568261159671064,加速度计,-0.7973,5.0949,8.0176,,,,,,,
1568261169695179,加速度计,0.5525,7.9110,10.2580,,,,,,,
1568261167201273,陀螺仪,,,,,,,,-0.0109,-0.0150,0.1509
1568261179719346,加速度计,1.0648,7.1772,9.5660,,,,,,,
1568261189743148,加速度计,1.4605,6.8522,8.3887,,,,,,,
1568261187248512,陀螺仪,,,,,,,,0.0334,-0.0342,0.0553
1568261199762523,加速度计,0.0401,6.4003,3.2980,,,,,,,
1568261209781273,加速度计,1.9459,6.6858,2.9892,,,,,,,
1568261207286012,陀螺仪,,,,,,,,0.0057,-0.0523,0.0208
1568261219800023,加速度计,1.1516,6.6295,9.3308,,,,,,,
1568261229818773,加速度计,0.2634,7.1694,11.1229,,,,,,,
1568261227323512,陀螺仪,,,,,,,,-0.0105,-0.0514,-0.0005
1568261239837523,加速度计,1.9537,7.9092,5.5031,,,,,,,
1568261249856273,加速度计,0.6608,5.2613,1.2121,,,,,,,
1568261247361116,陀螺仪,,,,,,,,-0.0168,-0.0593,-0.0483
1568261259876325,加速度计,1.1558,5.3367,8.3947,,,,,,,
1568261269894346,加速度计,0.2765,8.0355,12.2781,,,,,,,
1568261267398460,陀螺仪,,,,,,,,-0.0340,-0.0674,-0.0341
1568261279910596,加速度计,1.8477,9.6768,7.9631,,,,,,,
1568261289926846,加速度计,1.5359,9.4308,1.1552,,,,,,,
1568261287430960,陀螺仪,,,,,,,,-0.0093,-0.0567,-0.0827
1568261299943096,加速度计,-0.7320,3.8553,6.9216,,,,,,,
1568261309959710,加速度计,1.0618,6.1298,7.4460,,,,,,,
1568261307463981,陀螺仪,,,,,,,,-0.0493,-0.0736,-0.0467
1568261319976741,加速度计,0.8487,9.1854,7.0767,,,,,,,
1568261329994189,加速度计,1.1875,7.9098,4.6896,,,,,,,
1568261327498668,陀螺仪,,,,,,,,-0.0324,-0.0567,-0.0320
1568261340012054,加速度计,1.3228,5.9735,6.5715,,,,,,,
1568261350030335,加速度计,0.0838,8.1050,3.4530,,,,,,,
1568261347535023,陀螺仪,,,,,,,,-0.0125,-0.0112,-0.0059
1568261360049033,加速度计,1.2761,6.8809,8.6556,,,,,,,
1568261370068148,加速度计,0.2795,7.4573,11.5532,,,,,,,
1568261367573043,陀螺仪,,,,,,,,-0.0569,-0.0166,0.0333
1568261380087679,加速度计,0.6075,7.9703,8.4336,,,,,,,
1568261390107627,加速度计,1.4281,6.0543,6.0591,,,,,,,
1568261387612731,陀螺仪,,,,,,,,0.0586,0.0357,0.0526
1568261400127991,加速度计,-0.1018,7.0419,4.2737,,,,,,,
1568261410148408,加速度计,0.8811,5.7132,5.1936,,,,,,,
1568261407653564,陀螺仪,,,,,,,,-0.0013,0.0266,0.0381
1568261420168825,加速度计,0.5477,7.4304,4.6352,,,,,,,
1568261430189241,加速度计,0.1963,7.7165,7.0048,,,,,,,
1568261427694398,陀螺仪,,,,,,,,-0.0627,0.0115,0.0683
1568261440209658,加速度计,0.8068,6.2477,10.8116,,,,,,,
1568261450230075,加速度计,0.8170,7.3197,9.7145,,,,,,,
1568261447735231,陀螺仪,,,,,,,,0.0269,0.0772,0.1037
1568261460250491,加速度计,1.3659,7.9051,5.0673,,,,,,,
1568261470270179,加速度计,0.6991,7.7267,4.9434,,,,,,,
1568261467775023,陀螺仪,,,,,,,,0.0290,0.1028,0.0880
1568261480289033,加速度计,0.7817,6.3674,4.6992,,,,,,,
1568261490307783,加速度计,-0.0084,7.1641,9.0345,,,,,,,
1568261487812523,陀螺仪,,,,,,,,-0.0557,0.0828,0.0814
1568261500326533,加速度计,-0.6530,6.8833,9.9294,,,,,,,
1568261510358929,加速度计,1.7041,6.4560,11.6322,,,,,,,
1568261507868616,陀螺仪,,,,,,,,0.0720,0.1189,0.1574
1568261520367002,加速度计,1.7166,8.4234,2.6264,,,,,,,
1568261530365648,加速度计,1.1450,7.5232,1.9297,,,,,,,
1568261527865543,陀螺仪,,,,,,,,0.0316,0.1213,0.0593
1568261540365491,加速度计,0.3591,6.1525,9.1105,,,,,,,
1568261550367314,加速度计,-0.8829,5.8538,12.4516,,,,,,,
1568261547868200,陀螺仪,,,,,,,,0.0289,0.1059,0.0389
1568261560371585,加速度计,0.9319,8.1606,5.5905,,,,,,,
1568261570379085,加速度计,1.2384,7.6896,1.2181,,,,,,,
1568261567881533,陀螺仪,,,,,,,,0.0662,0.1190,0.0944
1568261580389918,加速度计,0.5932,6.0908,4.4712,,,,,,,
1568261590404450,加速度计,0.2292,7.1916,9.2171,,,,,,,
1568261587908721,陀螺仪,,,,,,,,-0.0320,0.0800,0.0021
1568261600422731,加速度计,-0.4866,5.4061,10.9074,,,,,,,
1568261610444398,加速度计,-0.8613,9.1596,5.5354,,,,,,,
1568261607950387,陀螺仪,,,,,,,,0.0441,0.1068,0.0361
1568261620469398,加速度计,0.3322,6.5044,6.0172,,,,,,,
1568261639498025,GPS,,,,31.9428,118.7824,3.3500,162.4000,,,
1568261630514554,加速度计,0.4322,5.4283,4.9668,,,,,,,
1568261628030335,陀螺仪,,,,,,,,-0.0067,0.0736,0.0061
1568261640572366,加速度计,-0.2568,7.4148,9.3446,,,,,,,
1568261648113668,陀螺仪,,,,,,,,0.0344,0.0578,0.0361
1568261650608929,加速度计,0.7284,6.9635,9.8988,,,,,,,
1568261660627679,加速度计,1.0684,7.2227,8.6227,,,,,,,
1568261670646429,加速度计,1.4329,8.6407,2.4978,,,,,,,
1568261668151168,陀螺仪,,,,,,,,0.0827,0.0715,-0.0153
1568261680665179,加速度计,0.4423,5.6886,5.3002,,,,,,,
1568261690683929,加速度计,0.0533,7.7428,5.8975,,,,,,,
1568261688188668,陀螺仪,,,,,,,,0.0049,0.0362,-0.0864
1568261700702679,加速度计,-0.4435,4.8117,9.7175,,,,,,,
1568261710721429,加速度计,-0.0413,6.6565,7.0545,,,,,,,
1568261708226168,陀螺仪,,,,,,,,0.0273,0.0479,-0.0470
1568261720740179,加速度计,0.6339,6.8821,10.7685,,,,,,,
1568261730758929,加速度计,0.7566,7.2335,6.4955,,,,,,,
1568261728263668,陀螺仪,,,,,,,,0.0832,0.0558,0.0024
1568261740777679,加速度计,2.0800,7.8691,6.7205,,,,,,,
1568261748301168,陀螺仪,,,,,,,,0.0342,0.0338,-0.1041
1568261750796429,加速度计,-0.7446,6.5847,7.0659,,,,,,,
1568261760819293,加速度计,-0.6500,6.6894,5.4067,,,,,,,
1568261770835648,加速度计,0.8260,7.1317,4.4640,,,,,,,
1568261768338825,陀螺仪,,,,,,,,0.0387,-0.0027,-0.0901
1568261780848148,加速度计,0.3813,7.2544,5.8903,,,,,,,
1568261790861012,加速度计,-0.2568,8.5473,8.8166,,,,,,,
1568261788364346,陀螺仪,,,,,,,,-0.0168,-0.0459,-0.1558
1568261800874293,加速度计,0.5165,7.1503,10.5022,,,,,,,
1568261810888356,加速度计,0.4561,8.3875,5.7024,,,,,,,
1568261808392054,陀螺仪,,,,,,,,0.0505,-0.0566,-0.1716
1568261820903252,加速度计,1.7011,7.6435,2.1751,,,,,,,
1568261830918981,加速度计,0.0437,6.9504,6.5410,,,,,,,
1568261828423148,陀螺仪,,,,,,,,-0.0221,-0.0840,-0.2266
1568261840935908,加速度计,0.0575,7.5190,7.0306,,,,,,,
1568261850954085,加速度计,-1.0223,8.1104,7.9673,,,,,,,
1568261848458877,陀螺仪,,,,,,,,-0.0256,-0.1007,-0.1967
1568261860973512,加速度计,0.8098,8.7334,5.8053,,,,,,,
1568261870993825,加速度计,0.8254,5.8700,6.0974,,,,,,,
1568261868499085,陀螺仪,,,,,,,,-0.0027,-0.0731,-0.1498
1568261881014971,加速度计,-1.9537,7.8542,6.5481,,,,,,,
1568261891036950,加速度计,-0.0712,8.4449,4.8931,,,,,,,
1568261888542575,陀螺仪,,,,,,,,-0.0055,-0.0859,-0.0915
1568261901059398,加速度计,0.6123,6.9599,7.5375,,,,,,,
1568261911082262,加速度计,-0.9912,7.5202,5.9328,,,,,,,
1568261908588096,陀螺仪,,,,,,,,-0.0169,-0.0553,0.0025
1568261921105543,加速度计,0.7332,7.2443,6.0376,,,,,,,
1568261931128877,加速度计,0.7907,5.6641,8.3378,,,,,,,
1568261928634762,陀螺仪,,,,,,,,-0.0048,0.0085,0.0839
1568261941152210,加速度计,-0.6183,7.6842,7.1461,,,,,,,
1568261951173356,加速度计,-1.7837,7.5471,2.7043,,,,,,,
1568261948678356,陀螺仪,,,,,,,,0.0068,0.0505,0.1850
1568261961192366,加速度计,0.6895,7.3610,5.0613,,,,,,,
1568261971211116,加速度计,-0.2382,8.1726,7.7602,,,,,,,
1568261968715856,陀螺仪,,,,,,,,-0.0597,0.0646,0.2368
1568261981229866,加速度计,-2.0153,5.6186,11.3048,,,,,,,
1568261991248616,加速度计,1.6107,7.4531,8.2139,,,,,,,
1568261988753356,陀螺仪,,,,,,,,0.0370,0.1268,0.3051
1568262001267366,加速度计,-0.7057,5.7545,5.2110,,,,,,,
1568262011290127,加速度计,-0.4926,6.7600,6.3386,,,,,,,
1568262008794033,陀螺仪,,,,,,,,0.0117,0.1350,0.3107
1568262021305543,加速度计,0.8428,7.8817,5.4875,,,,,,,
1568262031320960,加速度计,-1.3677,8.0020,5.2116,,,,,,,
1568262028824866,陀螺仪,,,,,,,,-0.0189,0.1538,0.3103
1568262041336377,加速度计,0.1323,6.9091,7.2101,,,,,,,
1568262051351793,加速度计,0.5668,7.8961,9.9904,,,,,,,
1568262048855804,陀螺仪,,,,,,,,-0.0664,0.1587,0.3442
1568262061367627,加速度计,0.9086,4.9219,11.1223,,,,,,,
1568262071383877,加速度计,-0.6656,9.6307,2.0273,,,,,,,
1568262068888096,陀螺仪,,,,,,,,0.0790,0.2676,0.3594
1568262081400543,加速度计,-0.7470,5.5539,5.8454,,,,,,,
1568262091417627,加速度计,0.9906,7.8314,2.1290,,,,,,,
1568262088922158,陀螺仪,,,,,,,,-0.0575,0.2166,0.3495
1568262101435543,加速度计,-0.4010,7.9045,12.6348,,,,,,,
1568262111454293,加速度计,1.3850,7.2874,11.5023,,,,,,,
1568262108959137,陀螺仪,,,,,,,,0.0554,0.2497,0.3144
1568262121473460,加速度计,-0.6434,7.4190,0.9307,,,,,,,
1568262131493043,加速度计,-0.4663,6.5338,2.0045,,,,,,,
1568262128998096,陀螺仪,,,,,,,,0.0161,0.1722,0.1819
1568262141513043,加速度计,0.4028,6.7313,2.2990,,,,,,,
1568262151533460,加速度计,-1.1875,6.2231,11.3318,,,,,,,
1568262149038721,陀螺仪,,,,,,,,-0.0818,0.0549,0.0142
1568262161554293,加速度计,-0.2161,9.4475,8.0343,,,,,,,
1568262171575543,加速度计,-0.1550,5.9939,8.9914,,,,,,,
1568262169080908,陀螺仪,,,,,,,,-0.0282,-0.0158,-0.1345
1568262181596793,加速度计,-0.8954,6.4003,6.9917,,,,,,,
1568262191618043,加速度计,0.1760,7.1281,6.2985,,,,,,,
1568262189123408,陀螺仪,,,,,,,,0.0115,-0.1039,-0.2792
1568262201639293,加速度计,0.5243,6.1723,8.6832,,,,,,,
1568262211660543,加速度计,0.8374,6.7906,6.8696,,,,,,,
1568262209165908,陀螺仪,,,,,,,,-0.0045,-0.2144,-0.3836
1568262221681793,加速度计,2.1332,6.5733,8.6185,,,,,,,
1568262231700543,加速度计,1.5161,6.5386,5.9245,,,,,,,
1568262229205283,陀螺仪,,,,,,,,-0.0178,-0.2824,-0.5300
1568262241719293,加速度计,1.4132,5.8305,7.8620,,,,,,,
1568262251738043,加速度计,1.5945,6.6176,5.1990,,,,,,,
1568262249244137,陀螺仪,,,,,,,,-0.0123,-0.3376,-0.5851
1568262261776689,加速度计,1.9363,5.8772,8.2127,,,,,,,
1568262271775856,加速度计,0.5369,7.1545,6.9994,,,,,,,
1568262269275804,陀螺仪,,,,,,,,-0.0157,-0.3486,-0.5416
1568262281775439,加速度计,1.3892,7.5794,8.1523,,,,,,,
1568262291776273,加速度计,1.0744,5.4145,8.9148,,,,,,,
1568262289277054,陀螺仪,,,,,,,,-0.0067,-0.2862,-0.3822
1568262301779189,加速度计,1.1965,8.3773,3.8900,,,,,,,
1568262311784606,加速度计,-0.0964,5.6461,6.9318,,,,,,,
1568262309286741,陀螺仪,,,,,,,,-0.0397,-0.2040,-0.1715
1568262321792939,加速度计,-1.1408,7.6094,5.2134,,,,,,,
1568262331804606,加速度计,0.2568,6.8696,8.5533,,,,,,,
1568262329308408,陀螺仪,,,,,,,,-0.0202,-0.0687,0.0644
1568262341819606,加速度计,-1.8052,8.2253,6.0926,,,,,,,
1568262351837939,加速度计,-1.4048,6.9055,9.6367,,,,,,,
1568262349343408,陀螺仪,,,,,,,,-0.0276,0.0063,0.2711
1568262361859606,加速度计,-0.2705,8.2702,5.3570,,,,,,,
1568262371884189,加速度计,-0.1724,7.3059,5.4067,,,,,,,
1568262369391116,陀螺仪,,,,,,,,0.0072,0.1036,0.4116
1568262381911689,加速度计,-0.4507,6.6056,6.8893,,,,,,,
1568262391941689,加速度计,0.3454,8.0559,9.1566,,,,,,,
1568262389449658,陀螺仪,,,,,,,,-0.0170,0.1751,0.4852
1568262401973356,加速度计,-1.0523,7.2951,4.9404,,,,,,,
1568262412006273,加速度计,0.2945,7.7345,5.1876,,,,,,,
1568262409514658,陀螺仪,,,,,,,,-0.0168,0.2181,0.5202
1568262422039606,加速度计,1.3719,6.5553,8.0786,,,,,,,
1568262432072939,加速度计,0.1203,8.0822,5.2864,,,,,,,
1568262429578721,陀螺仪,,,,,,,,0.0077,0.2800,0.4871
1568262442095856,加速度计,0.3328,5.7072,9.3440,,,,,,,
1568262452114606,加速度计,1.0211,8.4461,4.0378,,,,,,,
1568262449619346,陀螺仪,,,,,,,,0.0399,0.2739,0.4609
1568262462133356,加速度计,2.3218,6.5703,3.9157,,,,,,,
1568262472152106,加速度计,2.1961,9.2416,2.1590,,,,,,,
1568262469656846,陀螺仪,,,,,,,,-0.0196,0.2557,0.2961
1568262482170856,加速度计,0.5369,7.0635,13.5440,,,,,,,
1568262492189606,加速度计,1.7903,6.8342,9.3703,,,,,,,
1568262489694346,陀螺仪,,,,,,,,-0.0116,0.2438,0.2256
1568262502208356,加速度计,1.7663,8.3516,4.9584,,,,,,,
1568262512232991,加速度计,2.2589,7.6094,1.5467,,,,,,,
1568262509736273,陀螺仪,,,,,,,,0.0237,0.2224,0.0844
1568262522245908,加速度计,1.4742,4.6040,10.9906,,,,,,,
1568262532258877,加速度计,0.5872,7.5226,10.3753,,,,,,,
1568262529762262,陀螺仪,,,,,,,,0.0221,0.1798,-0.0261
1568262542272262,加速度计,1.9501,8.0296,7.5800,,,,,,,
1568262549789814,陀螺仪,,,,,,,,0.0541,0.1373,-0.1238
1568262552286116,加速度计,2.2978,6.0591,5.7024,,,,,,,
1568262562300804,加速度计,1.8256,6.1088,5.4773,,,,,,,
1568262569820439,陀螺仪,,,,,,,,0.0322,0.0778,-0.2290
1568262572316325,加速度计,1.1552,7.7470,8.7550,,,,,,,
1568262582332679,加速度计,1.1672,7.0575,9.4457,,,,,,,
1568262589854398,陀螺仪,,,,,,,,0.0629,0.0523,-0.2895
1568262592349866,加速度计,2.0261,8.8532,3.3561,,,,,,,
1568262602367887,加速度计,1.8208,5.1984,7.8362,,,,,,,
1568262609891689,陀螺仪,,,,,,,,0.0264,-0.0007,-0.4117
1568262612386741,加速度计,-0.5171,8.3300,2.0010,,,,,,,
1568262622406481,加速度计,-0.1514,5.2768,12.5887,,,,,,,
1568262634951774,GPS,,,,31.9427,118.7824,3.3300,158.8000,,,
1568262632434762,加速度计,0.8200,7.2628,8.7203,,,,,,,
1568262629942523,陀螺仪,,,,,,,,0.0730,-0.0727,-0.4514
1568262642465596,加速度计,0.4238,7.1305,3.7451,,,,,,,
1568262649995439,陀螺仪,,,,,,,,0.0254,-0.1995,-0.6075
1568262652490179,加速度计,1.9806,8.4785,2.3637,,,,,,,
1568262669407243,GPS,,,,31.9427,118.7824,3.3300,158.8000,,,
1568262662509971,加速度计,0.7626,5.1086,13.0161,,,,,,,
1568262670033616,陀螺仪,,,,,,,,0.0376,-0.2763,-0.6993
1568262672528877,加速度计,-0.1269,7.1742,8.1163,,,,,,,
1568262682547627,加速度计,1.5077,8.1732,4.2874,,,,,,,
1568262690071116,陀螺仪,,,,,,,,0.0369,-0.3593,-0.7650
1568262692566377,加速度计,2.3505,6.4272,6.3213,,,,,,,
1568262702585127,加速度计,0.8003,5.3630,7.5046,,,,,,,
1568262710108616,陀螺仪,,,,,,,,0.0145,-0.4314,-0.8175
1568262712603877,加速度计,1.1851,7.5531,8.4324,,,,,,,
1568262722622627,加速度计,2.2972,6.8875,7.5914,,,,,,,
1568262730146116,陀螺仪,,,,,,,,0.0521,-0.4341,-0.8127
1568262732641377,加速度计,0.1437,6.2656,8.8155,,,,,,,
1568262742660127,加速度计,1.0942,6.1543,3.7721,,,,,,,
1568262750183616,陀螺仪,,,,,,,,0.0306,-0.4607,-0.7493
1568262752678877,加速度计,-0.1682,6.4745,8.0397,,,,,,,
1568262762699918,加速度计,0.7452,8.1104,8.6383,,,,,,,
1568262772716168,加速度计,1.5245,6.3201,8.1798,,,,,,,
1568262770220283,陀螺仪,,,,,,,,0.0724,-0.4092,-0.5795
1568262782732418,加速度计,0.6464,7.8907,3.3238,,,,,,,
1568262790252783,陀螺仪,,,,,,,,0.0192,-0.3433,-0.4477
1568262792748668,加速度计,0.7841,6.5416,3.5668,,,,,,,
1568262802765023,加速度计,-1.9782,6.3249,9.8719,,,,,,,
1568262812781793,加速度计,-0.5387,8.1319,10.6404,,,,,,,
1568262810286116,陀螺仪,,,,,,,,0.0491,-0.2457,-0.1712
1568262822798981,加速度计,-0.5860,8.0026,6.7660,,,,,,,
1568262830321116,陀螺仪,,,,,,,,0.1115,-0.1770,0.0220
1568262832816585,加速度计,-0.8134,7.3017,3.6829,,,,,,,
1568262842834606,加速度计,-0.2813,6.4847,6.3081,,,,,,,
1568262852853043,加速度计,-1.3270,7.3735,4.7848,,,,,,,
1568262850357783,陀螺仪,,,,,,,,0.0134,-0.1531,0.1467
1568262862871898,加速度计,-1.4222,8.4701,8.6269,,,,,,,
1568262870396116,陀螺仪,,,,,,,,0.0129,-0.0546,0.2795
1568262872891168,加速度计,-1.5215,7.5788,8.6263,,,,,,,
1568262882910856,加速度计,-1.8651,7.3849,6.2962,,,,,,,
1568262892930960,加速度计,-2.4654,6.7403,4.5244,,,,,,,
1568262890436116,陀螺仪,,,,,,,,0.0406,-0.0033,0.4128
1568262902951377,加速度计,-1.2594,5.8568,6.8331,,,,,,,
1568262910476950,陀螺仪,,,,,,,,0.0111,0.0121,0.5270
1568262912971793,加速度计,-0.6111,8.3719,2.6785,,,,,,,
1568262922992210,加速度计,-0.0371,7.0084,8.5078,,,,,,,
1568262933012627,加速度计,-1.8429,8.8897,8.6574,,,,,,,
1568262930517783,陀螺仪,,,,,,,,-0.0201,0.0798,0.5694
1568262943033043,加速度计,-0.9248,5.6060,10.2855,,,,,,,
1568262953053460,加速度计,0.2352,8.4042,3.8080,,,,,,,
1568262950558616,陀螺仪,,,,,,,,0.0298,0.1473,0.6245
1568262963073773,加速度计,-0.7590,7.0300,6.0035,,,,,,,
1568262970598200,陀螺仪,,,,,,,,0.0081,0.1671,0.6129
1568262973093460,加速度计,-0.6680,6.4985,5.8012,,,,,,,
1568262983112210,加速度计,-0.5788,6.7259,5.4743,,,,,,,
1568262990635700,陀螺仪,,,,,,,,-0.0385,0.1723,0.6147
1568262993130960,加速度计,0.0341,8.1942,2.8808,,,,,,,
1568263003151064,加速度计,-0.4555,7.1910,9.4272,,,,,,,
1568263010688877,陀螺仪,,,,,,,,-0.0383,0.1999,0.5900
1568263013190283,加速度计,-1.8214,7.3334,9.2105,,,,,,,
1568263023184554,加速度计,-0.5884,8.1493,5.9801,,,,,,,
1568263030678981,陀螺仪,,,,,,,,-0.0333,0.1796,0.5767
1568263033179762,加速度计,-0.4022,7.3873,6.2112,,,,,,,
1568263043176741,加速度计,-0.8092,4.6956,9.1734,,,,,,,
1568263050677002,陀螺仪,,,,,,,,-0.0772,0.1423,0.5184
1568263053176325,加速度计,-0.4633,7.9625,3.9660,,,,,,,
1568263063179293,加速度计,0.7943,7.7770,6.6559,,,,,,,
1568263070688721,陀螺仪,,,,,,,,-0.0249,0.1736,0.4463
1568263073186064,加速度计,-0.5183,6.9994,9.9563,,,,,,,
1568263083197002,加速度计,-0.6099,8.0056,9.0034,,,,,,,
1568263093212106,加速度计,0.3795,6.9246,3.6715,,,,,,,
1568263090716846,陀螺仪,,,,,,,,0.0281,0.1680,0.4083
1568263103231377,加速度计,-0.8320,7.1425,1.1953,,,,,,,
1568263110761481,陀螺仪,,,,,,,,-0.1085,0.0856,0.3836
1568263113254762,加速度计,-0.0736,6.3949,9.3835,,,,,,,
1568263123281846,加速度计,0.6542,6.5499,11.2384,,,,,,,
1568263130820491,陀螺仪,,,,,,,,0.0409,0.1393,0.3320
1568263133312210,加速度计,0.2849,7.6237,8.5425,,,,,,,
1568263143345387,加速度计,-0.0491,7.9811,1.7334,,,,,,,
1568263150889658,陀螺仪,,,,,,,,-0.0244,0.0871,0.3186
1568263153380543,加速度计,0.6788,5.6629,6.2746,,,,,,,
1568263163416846,加速度计,1.3180,7.9069,6.2171,,,,,,,
1568263170962731,陀螺仪,,,,,,,,-0.0633,0.1020,0.2320
1568263173453512,加速度计,1.6628,8.0008,7.3771,,,,,,,
1568263183488043,加速度计,-0.4268,6.6679,8.0290,,,,,,,
1568263191012262,陀螺仪,,,,,,,,-0.0080,0.1244,0.2225
1568263193507523,加速度计,-0.1245,5.0087,9.1985,,,,,,,
1568263203526273,加速度计,-0.0389,7.2173,5.9789,,,,,,,
1568263211049762,陀螺仪,,,,,,,,0.0085,0.0819,0.2148
1568263213545023,加速度计,1.1414,7.4154,5.5976,,,,,,,
1568263223563773,加速度计,0.2017,6.6475,8.2223,,,,,,,
1568263233582523,加速度计,-0.2334,8.5736,1.3246,,,,,,,
1568263231087262,陀螺仪,,,,,,,,-0.0084,0.0802,0.1788
1568263243601273,加速度计,1.3437,5.8012,5.6192,,,,,,,
1568263253620491,加速度计,-0.2693,6.0537,8.4599,,,,,,,
1568263251126168,陀螺仪,,,,,,,,-0.0957,0.0433,0.1313
1568263263645023,加速度计,-0.8882,6.5260,11.9124,,,,,,,
1568263273656273,加速度计,1.9130,7.4113,8.0248,,,,,,,
1568263271159137,陀螺仪,,,,,,,,0.0024,-0.0043,0.0840
1568263283667627,加速度计,-1.0648,6.2782,8.5162,,,,,,,
1568263291182679,陀螺仪,,,,,,,,0.0517,-0.0523,0.0029
1568263293679502,加速度计,0.4896,6.8660,7.7806,,,,,,,
1568263303692210,加速度计,1.1857,5.7898,7.0551,,,,,,,
1568263311209554,陀螺仪,,,,,,,,0.0537,-0.0887,-0.0260
1568263313705856,加速度计,-0.7967,7.9655,2.5654,,,,,,,
1568263323720752,加速度计,0.0742,6.2626,7.6184,,,,,,,
1568263331241221,陀螺仪,,,,,,,,-0.0225,-0.1184,-0.0415
1568263333736898,加速度计,0.1365,5.9801,6.9516,,,,,,,
1568263343754293,加速度计,0.1317,5.9245,9.3248,,,,,,,
1568263353772939,加速度计,0.3400,7.8117,6.5649,,,,,,,
1568263351277887,陀螺仪,,,,,,,,0.0162,-0.1246,-0.0169
1568263363792835,加速度计,0.0862,6.2357,8.1463,,,,,,,
1568263371319554,陀螺仪,,,,,,,,0.0115,-0.0949,0.0458
1568263373813981,加速度计,0.6375,6.8750,7.2161,,,,,,,
1568263383836273,加速度计,0.3448,6.8660,7.0713,,,,,,,
1568263391365387,陀螺仪,,,,,,,,-0.0027,-0.0477,0.1852
1568263393859398,加速度计,0.3382,6.9228,5.7616,,,,,,,
1568263403883252,加速度计,0.0970,8.3085,6.5374,,,,,,,
1568263413907523,加速度计,0.6339,5.8676,8.9783,,,,,,,
1568263411413721,陀螺仪,,,,,,,,0.0063,0.0443,0.3230
1568263423932106,加速度计,0.6638,7.6393,5.0793,,,,,,,
1568263433956273,加速度计,-0.5740,7.5788,1.3815,,,,,,,
1568263431462054,陀螺仪,,,,,,,,-0.0146,0.1178,0.4406
1568263443978148,加速度计,0.0455,7.1437,3.0532,,,,,,,
1568263451501637,陀螺仪,,,,,,,,-0.1250,0.1941,0.5613
1568263453996898,加速度计,0.1000,7.6525,6.9570,,,,,,,
1568263464015648,加速度计,-0.1646,8.0864,14.2198,,,,,,,
1568263474034398,加速度计,-0.0706,9.3194,10.4058,,,,,,,
1568263471539137,陀螺仪,,,,,,,,0.0089,0.2941,0.6525
1568263484053148,加速度计,-0.0515,7.4974,4.7321,,,,,,,
1568263491576637,陀螺仪,,,,,,,,0.0557,0.3489,0.7025
1568263494071898,加速度计,0.1951,5.9490,1.6233,,,,,,,
1568263504090960,加速度计,0.7991,7.0174,3.3986,,,,,,,
1568263514112471,加速度计,1.5706,7.7267,7.1658,,,,,,,
1568263511616377,陀螺仪,,,,,,,,-0.0582,0.3831,0.7084
1568263524127887,加速度计,1.5544,8.2259,9.6145,,,,,,,
1568263534143304,加速度计,1.0912,7.9398,7.1210,,,,,,,
1568263531647210,陀螺仪,,,,,,,,0.0465,0.4364,0.6087
1568263544158825,加速度计,1.1540,6.9929,3.7691,,,,,,,
1568263551678877,陀螺仪,,,,,,,,-0.0036,0.4107,0.5112
1568263554174762,加速度计,1.0301,7.5016,2.7306,,,,,,,
1568263564191116,加速度计,1.0552,8.2564,6.6972,,,,,,,
1568263574207887,加速度计,1.2791,6.6457,11.7507,,,,,,,
1568263571712210,陀螺仪,,,,,,,,-0.0900,0.3545,0.3832
1568263584225075,加速度计,2.5432,7.7285,9.6570,,,,,,,
1568263591747210,陀螺仪,,,,,,,,0.0573,0.3250,0.2124
1568263594242679,加速度计,0.9224,6.4518,11.0858,,,,,,,
1568263604260700,加速度计,1.5185,8.5832,8.1349,,,,,,,
1568263611783877,陀螺仪,,,,,,,,0.1477,0.2714,0.1294
1568263614279137,加速度计,1.0397,7.3747,8.4868,,,,,,,
1568263624300387,加速度计,2.5809,7.4298,3.9373,,,,,,,
1568263639842451,GPS,,,,31.9427,118.7824,3.3100,156.0000,,,
1568263631841429,陀螺仪,,,,,,,,0.1188,0.2169,-0.0067
1568263634337418,加速度计,2.4385,7.1724,1.8513,,,,,,,
1568263644353252,加速度计,1.2109,6.3057,4.8854,,,,,,,
1568263651873096,陀螺仪,,,,,,,,0.0248,0.1582,-0.1083
1568263654369085,加速度计,1.7980,7.2484,6.0938,,,,,,,
1568263664384918,加速度计,1.6161,7.7835,6.2950,,,,,,,
1568263674400960,加速度计,1.3761,6.9180,7.4268,,,,,,,
1568263671905075,陀螺仪,,,,,,,,0.0072,0.1318,-0.1788
1568263684417418,加速度计,0.7889,6.1477,7.5483,,,,,,,
1568263694434293,加速度计,1.5329,6.5769,5.9789,,,,,,,
1568263691938616,陀螺仪,,,,,,,,0.0393,0.1216,-0.1783
1568263704451585,加速度计,1.5622,7.5585,6.6517,,,,,,,
1568263714469293,加速度计,0.3136,5.9514,8.4605,,,,,,,
1568263711973825,陀螺仪,,,,,,,,-0.0091,0.1117,-0.1848
1568263724487418,加速度计,-0.1951,6.3716,5.7305,,,,,,,
1568263732010700,陀螺仪,,,,,,,,0.0318,0.1217,-0.1498
1568263734505960,加速度计,0.7943,6.2692,1.9465,,,,,,,
1568263744524918,加速度计,0.5495,5.5881,2.1757,,,,,,,
1568263754546168,加速度计,-2.2829,5.7126,8.2007,,,,,,,
1568263752052054,陀螺仪,,,,,,,,-0.0936,0.1069,-0.1124
1568263764572471,加速度计,-0.3891,8.2199,15.4815,,,,,,,
1568263774599450,加速度计,0.6817,8.7119,15.0470,,,,,,,
1568263772104293,陀螺仪,,,,,,,,0.0261,0.1178,0.0168
1568263784618512,加速度计,1.4934,7.1958,7.6872,,,,,,,
1568263794637262,加速度计,1.0487,5.6078,3.7607,,,,,,,
1568263792142002,陀螺仪,,,,,,,,0.1523,0.1932,0.0208
1568263804656012,加速度计,0.0371,5.9221,3.4315,,,,,,,
1568263814674762,加速度计,0.1861,6.6804,10.2969,,,,,,,
1568263812179502,陀螺仪,,,,,,,,0.0531,0.1668,0.0912
1568263824693512,加速度计,0.9295,8.1451,9.6319,,,,,,,
1568263834712262,加速度计,1.7298,6.7415,8.6916,,,,,,,
1568263832217002,陀螺仪,,,,,,,,0.1328,0.2276,0.0827
1568263844731012,加速度计,1.2522,7.1712,2.0500,,,,,,,
1568263854749762,加速度计,-0.5501,6.8277,5.9843,,,,,,,
1568263852254502,陀螺仪,,,,,,,,0.1037,0.2053,0.0684
1568263864768512,加速度计,0.2813,8.0876,9.9742,,,,,,,
1568263874787262,加速度计,1.9231,8.7562,7.3053,,,,,,,
1568263872292002,陀螺仪,,,,,,,,0.1144,0.2016,0.0411
1568263884806012,加速度计,1.1600,8.0122,4.7597,,,,,,,
1568263894824762,加速度计,-0.2484,8.3707,5.2050,,,,,,,
1568263892329502,陀螺仪,,,,,,,,0.0289,0.1651,-0.0393
1568263904843512,加速度计,0.6746,6.6828,10.5070,,,,,,,
1568263914862262,加速度计,1.3868,7.4903,8.0385,,,,,,,
1568263912367002,陀螺仪,,,,,,,,-0.0024,0.1385,-0.0570
1568263924881012,加速度计,1.3485,6.9534,7.0803,,,,,,,
1568263932404502,陀螺仪,,,,,,,,0.0418,0.1132,-0.1077
1568263934899762,加速度计,1.0576,4.5131,6.3716,,,,,,,
1568263944918512,加速度计,1.6322,5.2864,5.8873,,,,,,,
1568263954937262,加速度计,1.2073,6.9516,5.4253,,,,,,,
1568263952442002,陀螺仪,,,,,,,,0.0718,0.0874,-0.1875
1568263964956012,加速度计,-0.1957,6.3279,8.8909,,,,,,,
1568263974974762,加速度计,1.4593,5.2852,7.9823,,,,,,,
1568263972479502,陀螺仪,,,,,,,,0.1051,0.0635,-0.2072
1568263984993512,加速度计,0.6925,6.4991,8.2474,,,,,,,
1568263995012262,加速度计,-0.5142,9.2219,3.8792,,,,,,,
1568263992517002,陀螺仪,,,,,,,,0.2009,0.0668,-0.2009
1568264005032054,加速度计,0.0700,9.3817,2.5678,,,,,,,
1568264015056481,加速度计,0.4375,8.0278,2.1183,,,,,,,
1568264012559241,陀螺仪,,,,,,,,0.0366,0.0153,-0.2049
1568264025067314,加速度计,-0.3699,5.1368,9.7031,,,,,,,
1568264035078304,加速度计,-1.3102,6.3105,10.4818,,,,,,,
1568264032581168,陀螺仪,,,,,,,,-0.0172,0.0130,-0.1613
1568264045089866,加速度计,0.9631,6.6732,9.4846,,,,,,,
1568264052605543,陀螺仪,,,,,,,,0.0811,0.0345,-0.1272
1568264055102262,加速度计,1.3048,8.4432,5.4875,,,,,,,
1568264065115648,加速度计,0.2939,5.8490,6.4506,,,,,,,
1568264072634189,陀螺仪,,,,,,,,0.0746,0.0471,-0.1152
1568264075130283,加速度计,-0.3071,7.2670,7.5022,,,,,,,
1568264085146168,加速度计,-0.5177,9.3631,4.3664,,,,,,,
1568264095163304,加速度计,1.0642,8.1223,7.3777,,,,,,,
1568264092667835,陀螺仪,,,,,,,,0.0116,0.0361,-0.0542
1568264105181689,加速度计,-0.4112,5.6958,8.2109,,,,,,,
1568264112706481,陀螺仪,,,,,,,,0.0449,0.0573,-0.0423
1568264115201325,加速度计,-0.5692,8.3707,7.2311,,,,,,,
1568264125222210,加速度计,0.5154,8.5240,5.5498,,,,,,,
1568264132750127,陀螺仪,,,,,,,,-0.0178,0.0261,-0.0193
1568264135244346,加速度计,-0.6111,6.8187,5.4360,,,,,,,
1568264145267575,加速度计,0.4196,7.7417,5.0093,,,,,,,
1568264152797575,陀螺仪,,,,,,,,-0.0365,0.0590,-0.0141
1568264155291481,加速度计,0.7362,7.6722,8.1864,,,,,,,
1568264165315804,加速度计,0.0341,6.7924,8.2803,,,,,,,
1568264175340387,加速度计,-0.0892,6.8342,6.9264,,,,,,,
1568264172846585,陀螺仪,,,,,,,,-0.0017,0.0748,0.0374
1568264185364971,加速度计,1.0816,7.6363,2.8772,,,,,,,
1568264195388460,加速度计,0.8368,5.8778,8.5329,,,,,,,
1568264192893929,陀螺仪,,,,,,,,-0.0723,0.0506,0.0075
1568264205409033,加速度计,-0.4741,7.5112,9.6845,,,,,,,
1568264212932523,陀螺仪,,,,,,,,-0.0029,0.0642,0.0177
1568264215427783,加速度计,0.1574,6.9803,7.3616,,,,,,,
1568264225446533,加速度计,0.9685,7.4591,3.0718,,,,,,,
1568264232970023,陀螺仪,,,,,,,,-0.0233,0.0431,-0.0180
1568264235465283,加速度计,-0.0628,5.4241,5.3451,,,,,,,
1568264245484033,加速度计,-0.4387,6.3219,5.8365,,,,,,,
1568264253008043,陀螺仪,,,,,,,,-0.0525,0.0012,-0.0373
1568264255503096,加速度计,0.3525,7.2532,6.4691,,,,,,,
1568264265523773,加速度计,0.1359,7.2676,8.2786,,,,,,,
1568264275540023,加速度计,-0.6991,7.1886,6.7121,,,,,,,
1568264273044137,陀螺仪,,,,,,,,-0.0152,-0.0008,-0.0652
1568264285556273,加速度计,-0.3388,7.6417,6.1585,,,,,,,
1568264295572523,加速度计,-0.0640,5.7431,7.3113,,,,,,,
1568264293076637,陀螺仪,,,,,,,,-0.0357,-0.0438,-0.0719
1568264305588773,加速度计,-1.0193,7.4041,9.5475,,,,,,,
1568264315605179,加速度计,-0.2245,6.8708,6.8983,,,,,,,
1568264313109398,陀螺仪,,,,,,,,-0.0216,-0.0755,-0.0579
1568264325622002,加速度计,0.3286,5.7335,5.5875,,,,,,,
1568264335639241,加速度计,0.0036,6.9097,3.0849,,,,,,,
1568264333143668,陀螺仪,,,,,,,,0.0226,-0.0639,-0.0666
1568264345656898,加速度计,-0.6566,6.8253,6.9204,,,,,,,
1568264355674971,加速度计,-0.9301,6.6547,10.5375,,,,,,,
1568264353179606,陀螺仪,,,,,,,,-0.0631,-0.1053,-0.0108
1568264365693460,加速度计,0.8481,7.8231,10.9146,,,,,,,
1568264375712366,加速度计,0.8739,6.8666,5.6623,,,,,,,
1568264373217210,陀螺仪,,,,,,,,0.0190,-0.0557,0.0144
1568264385731689,加速度计,0.1646,5.8442,2.5379,,,,,,,
1568264395751429,加速度计,-0.7207,5.6701,6.3770,,,,,,,
1568264393256481,陀螺仪,,,,,,,,-0.0699,-0.0602,0.0482
1568264405771585,加速度计,0.1957,6.5386,9.9383,,,,,,,
1568264415792158,加速度计,2.0500,7.5352,8.7885,,,,,,,
1568264413297418,陀螺仪,,,,,,,,-0.0344,-0.0197,0.1274
1568264425812991,加速度计,0.1526,7.5645,7.0402,,,,,,,
1568264435833825,加速度计,0.0186,6.1495,6.9994,,,,,,,
1568264433339085,陀螺仪,,,,,,,,-0.0411,-0.0089,0.1246
1568264445854658,加速度计,0.5112,5.9316,7.3005,,,,,,,
1568264455875491,加速度计,0.6147,8.6185,4.2539,,,,,,,
1568264453380752,陀螺仪,,,,,,,,-0.0329,-0.0061,0.1622
1568264465896325,加速度计,0.2077,6.2136,7.4190,,,,,,,
1568264475916846,加速度计,0.7697,6.7229,7.0294,,,,,,,
1568264473421898,陀螺仪,,,,,,,,-0.0658,-0.0091,0.1356
1568264485936377,加速度计,0.8170,6.8690,8.8765,,,,,,,
1568264495955127,加速度计,0.5261,7.3047,6.8492,,,,,,,
1568264493459866,陀螺仪,,,,,,,,-0.0064,-0.0031,0.0770
1568264505975908,加速度计,0.3124,8.2935,3.0352,,,,,,,
1568264516005491,加速度计,-0.0269,6.4865,4.3497,,,,,,,
1568264513505127,陀螺仪,,,,,,,,-0.0864,-0.0294,0.0531
1568264526003981,加速度计,0.6381,7.8153,6.5853,,,,,,,
1568264536003200,加速度计,0.3897,6.2746,12.0458,,,,,,,
1568264533503252,陀螺仪,,,,,,,,-0.1073,-0.0417,0.0688
1568264546003981,加速度计,1.4287,7.4939,8.9729,,,,,,,
1568264556007002,加速度计,0.4226,7.7961,5.8784,,,,,,,
1568264553508200,陀螺仪,,,,,,,,0.0165,-0.0084,0.0557
1568264566012835,加速度计,0.8434,6.3099,4.9572,,,,,,,
1568264576022002,加速度计,0.4621,6.9055,3.9319,,,,,,,
1568264573524866,陀螺仪,,,,,,,,-0.0104,-0.0108,0.0771
1568264586034658,加速度计,0.4459,8.4186,5.3151,,,,,,,
1568264596051064,加速度计,1.1133,7.1281,6.9899,,,,,,,
1568264593555804,陀螺仪,,,,,,,,-0.0667,0.0085,0.1153
1568264606071064,加速度计,0.4585,8.0846,7.2323,,,,,,,
1568264613600804,陀螺仪,,,,,,,,-0.0494,0.0309,0.1506
1568264616094398,加速度计,0.5489,7.3933,9.0992,,,,,,,
1568264626128981,加速度计,0.9511,7.1904,6.1004,,,,,,,
1568264639020211,GPS,,,,31.9427,118.7825,3.2300,151.6000,,,
1568264633723356,陀螺仪,,,,,,,,-0.0134,0.0541,0.1682
1568264636205491,加速度计,0.2975,6.1387,4.3467,,,,,,,
1568264646237366,加速度计,-0.3759,7.2520,4.6196,,,,,,,
1568264656256116,加速度计,1.2719,6.7929,9.5343,,,,,,,
1568264653760856,陀螺仪,,,,,,,,-0.0682,0.0402,0.1916
1568264666274866,加速度计,1.5574,8.5299,8.1762,,,,,,,
1568264673798356,陀螺仪,,,,,,,,0.0019,0.0734,0.1799
1568264676293616,加速度计,-1.0199,6.5571,9.1901,,,,,,,
1568264686312366,加速度计,-0.2358,7.0755,6.8025,,,,,,,
1568264693835856,陀螺仪,,,,,,,,0.0511,0.0806,0.1976
1568264696331116,加速度计,1.2869,6.2070,6.7947,,,,,,,
1568264706349866,加速度计,0.9834,7.7231,5.2942,,,,,,,
1568264713873356,陀螺仪,,,,,,,,0.0127,0.0557,0.1923
1568264716368616,加速度计,-0.4782,7.1850,6.6020,,,,,,,
1568264726387366,加速度计,-0.2981,7.2862,6.3488,,,,,,,
1568264733910856,陀螺仪,,,,,,,,0.0210,0.0788,0.1976
1568264736406116,加速度计,1.2713,7.0850,6.7427,,,,,,,
1568264746424866,加速度计,0.3011,7.0144,7.9374,,,,,,,
1568264753948356,陀螺仪,,,,,,,,0.0229,0.0830,0.2337
1568264756443616,加速度计,0.4040,7.3909,5.4636,,,,,,,
1568264766464866,加速度计,0.9182,6.8708,5.2122,,,,,,,
1568264776480700,加速度计,0.8715,7.2496,5.6162,,,,,,,
1568264773984710,陀螺仪,,,,,,,,0.0005,0.0987,0.2189
1568264786496533,加速度计,-0.2705,6.4793,5.8484,,,,,,,
1568264796512366,加速度计,0.2975,7.4711,6.7732,,,,,,,
1568264794016377,陀螺仪,,,,,,,,-0.0282,0.0888,0.2228
1568264806528408,加速度计,0.2526,7.2323,8.2923,,,,,,,
1568264816544866,加速度计,-0.4908,7.7830,9.9713,,,,,,,
1568264814049085,陀螺仪,,,,,,,,-0.0045,0.0723,0.2189
1568264826561741,加速度计,0.0054,7.2437,10.7224,,,,,,,
1568264836579033,加速度计,0.2616,8.0008,7.5322,,,,,,,
1568264834083460,陀螺仪,,,,,,,,0.1065,0.0836,0.2151
1568264846596741,加速度计,-0.0006,7.5603,5.7796,,,,,,,
1568264854119502,陀螺仪,,,,,,,,0.0840,0.0651,0.1904
1568264856614866,加速度计,0.6183,6.9977,4.3922,,,,,,,
1568264866636898,加速度计,-0.0688,7.2425,4.2551,,,,,,,
1568264876731793,加速度计,-0.0497,6.5942,4.3030,,,,,,,
1568264874259866,陀螺仪,,,,,,,,0.0041,0.0720,0.2092
1568264886743825,加速度计,0.4334,6.2770,5.4318,,,,,,,
1568264896655908,加速度计,-0.3424,5.9059,7.2814,,,,,,,
1568264894134502,陀螺仪,,,,,,,,-0.0447,0.1005,0.2739
1568264906574241,加速度计,-0.0305,7.5034,11.3389,,,,,,,
1568264916502575,加速度计,0.8715,7.4232,14.5166,,,,,,,
1568264913986168,陀螺仪,,,,,,,,0.0380,0.1418,0.3581
1568264926444033,加速度计,1.5143,8.1211,9.9311,,,,,,,
1568264936401116,加速度计,0.4806,6.4649,6.1262,,,,,,,
1568264933892523,陀螺仪,,,,,,,,0.1676,0.2224,0.3609
1568264946375700,加速度计,0.9307,5.6413,4.6795,,,,,,,
1568264956369033,加速度计,0.3645,6.6499,3.9983,,,,,,,
1568264953869814,陀螺仪,,,,,,,,0.1162,0.2286,0.3914
1568264966381325,加速度计,0.5991,7.2915,5.9310,,,,,,,
1568264976411950,加速度计,1.0277,7.8883,7.2802,,,,,,,
1568264973921898,陀螺仪,,,,,,,,0.0410,0.2340,0.4353
1568264986459658,加速度计,0.9595,6.0094,10.8218,,,,,,,
1568264996522575,加速度计,0.9876,8.0110,6.8492,,,,,,,
1568264994040127,陀螺仪,,,,,,,,0.0993,0.3145,0.4511
1568265006598408,加速度计,0.7841,7.4047,6.9941,,,,,,,
1568265016684450,加速度计,0.2646,6.6960,5.7383,,,,,,,
1568265014207106,陀螺仪,,,,,,,,0.1045,0.3405,0.4557
1568265026777575,加速度计,1.0540,6.4907,6.5972,,,,,,,
1568265036874450,加速度计,0.2460,7.4172,4.9309,,,,,,,
1568265034398981,陀螺仪,,,,,,,,0.0874,0.3574,0.4252
1568265046961741,加速度计,0.2676,6.8342,7.4537,,,,,,,
1568265057009450,加速度计,0.7051,7.5142,8.0080,,,,,,,
1568265054514189,陀螺仪,,,,,,,,0.0539,0.3305,0.4059
1568265067028200,加速度计,0.8978,6.7738,9.1776,,,,,,,
1568265077046950,加速度计,0.2274,8.1798,4.9009,,,,,,,
1568265074551689,陀螺仪,,,,,,,,0.1213,0.3401,0.3376
1568265087065700,加速度计,0.7266,6.7253,6.5607,,,,,,,
1568265097084450,加速度计,0.0958,7.4675,9.9042,,,,,,,
1568265094589189,陀螺仪,,,,,,,,0.0967,0.2780,0.2573
1568265107103200,加速度计,0.8446,7.9805,9.2620,,,,,,,
1568265117124241,加速度计,0.7877,8.5521,4.2754,,,,,,,
1568265114630127,陀螺仪,,,,,,,,0.1828,0.2657,0.1639
1568265127153721,加速度计,1.2360,8.0655,0.2322,,,,,,,
1568265137152627,加速度计,0.8661,7.0174,6.0519,,,,,,,
1568265134652471,陀螺仪,,,,,,,,0.0382,0.1858,0.0407
1568265147152262,加速度计,0.3508,6.9989,9.0148,,,,,,,
1568265157153460,加速度计,0.3777,7.5525,9.5062,,,,,,,
1568265154654137,陀螺仪,,,,,,,,0.0288,0.1328,-0.0387
1568265167156898,加速度计,1.4293,5.9933,6.2136,,,,,,,
1568265174665023,陀螺仪,,,,,,,,0.0876,0.1156,-0.0851
1568265177162991,加速度计,0.7482,5.7521,7.9757,,,,,,,
1568265187172158,加速度计,0.6105,7.2514,7.0653,,,,,,,
1568265197184814,加速度计,1.2378,8.2259,8.0715,,,,,,,
1568265194688616,陀螺仪,,,,,,,,0.1217,0.0623,-0.1602
1568265207201221,加速度计,0.3502,8.4318,5.2666,,,,,,,
1568265217221221,加速度计,1.6556,7.5741,5.0637,,,,,,,
1568265214726793,陀螺仪,,,,,,,,0.0985,0.0169,-0.2069
1568265227244554,加速度计,0.6800,7.2874,5.6216,,,,,,,
1568265237271064,加速度计,0.3651,8.4503,7.4172,,,,,,,
1568265234778200,陀螺仪,,,,,,,,0.0264,-0.0137,-0.2431
1568265247300179,加速度计,0.9295,5.6198,9.2428,,,,,,,
1568265257331221,加速度计,0.3232,7.2862,4.4478,,,,,,,
1568265254839293,陀螺仪,,,,,,,,0.0387,0.0100,-0.1687
1568265267363773,加速度计,1.4988,6.9246,4.8638,,,,,,,
1568265274905752,陀螺仪,,,,,,,,0.0047,0.0290,-0.1280
1568265277397262,加速度计,0.6363,6.1118,7.1239,,,,,,,
1568265287431012,加速度计,0.6231,7.2945,6.5787,,,,,,,
1568265297459918,加速度计,0.3262,7.5818,6.2979,,,,,,,
1568265294965179,陀螺仪,,,,,,,,-0.0024,0.0459,-0.0736
1568265307479971,加速度计,0.0311,7.0671,6.2638,,,,,,,
1568265317498721,加速度计,-0.1981,5.4636,7.3951,,,,,,,
1568265315003460,陀螺仪,,,,,,,,-0.0111,0.0732,-0.0115
1568265327517471,加速度计,0.0449,7.0545,4.7303,,,,,,,
1568265335040960,陀螺仪,,,,,,,,-0.0166,0.0981,0.0571
1568265337536221,加速度计,0.1077,6.9869,4.2766,,,,,,,
1568265347554971,加速度计,-0.5016,7.3442,7.3771,,,,,,,
1568265355078460,陀螺仪,,,,,,,,-0.0511,0.1145,0.1124
1568265357573721,加速度计,-0.7835,6.9204,8.3474,,,,,,,
1568265367593877,加速度计,-0.2292,8.4880,5.8550,,,,,,,
1568265377615491,加速度计,-0.6937,7.1736,4.8836,,,,,,,
1568265375118356,陀螺仪,,,,,,,,-0.0523,0.1261,0.1676
1568265387626741,加速度计,0.1664,6.0825,7.7225,,,,,,,
1568265397638200,加速度计,0.4723,5.7533,8.7849,,,,,,,
1568265395141168,陀螺仪,,,,,,,,-0.0230,0.1591,0.1919
1568265407650283,加速度计,0.9319,9.6732,3.0472,,,,,,,
1568265417663200,加速度计,-0.2945,5.4271,6.5416,,,,,,,
1568265415166585,陀螺仪,,,,,,,,-0.0862,0.1590,0.1936
1568265427677158,加速度计,0.1443,6.7906,8.5611,,,,,,,
1568265437692366,加速度计,-0.6452,6.1028,11.5335,,,,,,,
1568265435196377,陀螺仪,,,,,,,,-0.0521,0.1848,0.2377
1568265447708825,加速度计,-0.0323,8.7580,8.2654,,,,,,,
1568265457726533,加速度计,-0.0952,6.8097,6.4123,,,,,,,
1568265455231168,陀螺仪,,,,,,,,0.0272,0.1984,0.2702
1568265467745491,加速度计,0.7057,6.8923,5.5061,,,,,,,
1568265477765700,加速度计,0.3118,6.7570,6.1896,,,,,,,
1568265475270960,陀螺仪,,,,,,,,-0.0107,0.1651,0.2016
1568265487787158,加速度计,-0.2687,8.1295,8.9094,,,,,,,
1568265497809658,加速度计,0.0257,7.9847,8.5904,,,,,,,
1568265495315439,陀螺仪,,,,,,,,-0.0044,0.1505,0.1864
1568265507832991,加速度计,-0.1490,6.5434,8.4186,,,,,,,
1568265517856950,加速度计,0.8128,7.2556,6.2764,,,,,,,
1568265515363043,陀螺仪,,,,,,,,0.0125,0.1360,0.1656
1568265527881325,加速度计,0.9936,5.8508,8.3324,,,,,,,
1568265537905908,加速度计,0.2789,6.9145,7.0689,,,,,,,
1568265535412106,陀螺仪,,,,,,,,0.0025,0.1189,0.1096
1568265547929658,加速度计,-0.5842,6.5559,6.5972,,,,,,,
1568265557950491,加速度计,0.4166,6.1040,6.1058,,,,,,,
1568265555455231,陀螺仪,,,,,,,,0.0013,0.0896,0.1174
1568265567969241,加速度计,0.9750,6.3865,7.5322,,,,,,,
1568265577987991,加速度计,0.0838,7.2317,6.5284,,,,,,,
1568265575492731,陀螺仪,,,,,,,,0.0051,0.0889,0.1008
1568265588006741,加速度计,1.0157,6.9085,7.6591,,,,,,,
1568265598025491,加速度计,0.1203,7.4795,7.2903,,,,,,,
1568265595530231,陀螺仪,,,,,,,,0.0172,0.1080,0.1047
1568265608044241,加速度计,0.6075,6.7882,7.7716,,,,,,,
1568265618063408,加速度计,1.0002,7.4394,6.2082,,,,,,,
1568265615568356,陀螺仪,,,,,,,,0.0282,0.1265,0.1478
1568265628088825,加速度计,0.5363,6.3446,6.7983,,,,,,,
1568265643701981,GPS,,,,31.9427,118.7825,2.6700,142.6000,,,
1568265638100491,加速度计,1.0020,5.9813,7.3442,,,,,,,
1568265635603460,陀螺仪,,,,,,,,0.0277,0.1413,0.1606
1568265648112210,加速度计,0.6919,6.1848,7.3837,,,,,,,
1568265658124346,加速度计,0.7153,6.2890,6.3662,,,,,,,
1568265655627523,陀螺仪,,,,,,,,0.0755,0.1822,0.1804
1568265668136950,加速度计,1.2384,7.3502,4.6112,,,,,,,
1568265678150439,加速度计,0.7811,6.8163,5.8425,,,,,,,
1568265675654137,陀螺仪,,,,,,,,0.0402,0.1961,0.1834
1568265688165179,加速度计,0.6883,6.9067,8.6107,,,,,,,
1568265698181168,加速度计,0.4483,7.6327,8.3582,,,,,,,
1568265695685491,陀螺仪,,,,,,,,0.0682,0.2165,0.1832
1568265708198408,加速度计,1.8238,7.8823,5.1128,,,,,,,
1568265718216898,加速度计,1.4210,6.4344,6.1064,,,,,,,
1568265715721846,陀螺仪,,,,,,,,0.0622,0.2009,0.1345
1568265728236637,加速度计,0.8745,6.2279,7.1359,,,,,,,
1568265738257575,加速度计,1.3186,7.4681,7.7686,,,,,,,
1568265735763043,陀螺仪,,,,,,,,0.0907,0.1759,0.0605
1568265748279346,加速度计,0.6434,8.0302,5.5168,,,,,,,
1568265758301950,加速度计,0.9559,9.0136,5.7964,,,,,,,
1568265755807835,陀螺仪,,,,,,,,0.0814,0.1368,-0.0178
1568265768325335,加速度计,1.0002,6.7121,6.1878,,,,,,,
1568265778349137,加速度计,0.6973,8.2666,8.3115,,,,,,,
1568265775855231,陀螺仪,,,,,,,,0.0304,0.0977,-0.0859
1568265788373304,加速度计,0.2927,7.3807,7.0934,,,,,,,
1568265798397471,加速度计,1.0062,7.7009,7.4520,,,,,,,
1568265795903564,陀螺仪,,,,,,,,0.0217,0.0746,-0.1068
1568265808421012,加速度计,0.4926,6.4242,5.8724,,,,,,,
1568265815944866,陀螺仪,,,,,,,,0.0096,0.0570,-0.1232
1568265818440127,加速度计,1.3569,6.9851,7.7901,,,,,,,
1568265828458877,加速度计,0.5112,7.1431,6.3548,,,,,,,
1568265838477627,加速度计,0.4543,7.4394,8.2289,,,,,,,
1568265835982366,陀螺仪,,,,,,,,0.0228,0.0631,-0.1004
1568265848496377,加速度计,1.1582,6.8767,6.4949,,,,,,,
1568265856019866,陀螺仪,,,,,,,,0.0116,0.0686,-0.0819
1568265858515127,加速度计,0.4483,6.9073,6.6942,,,,,,,
1568265868535752,加速度计,0.5160,6.2932,7.7907,,,,,,,
1568265878562991,加速度计,0.0670,7.4322,7.4328,,,,,,,
1568265876062731,陀螺仪,,,,,,,,0.0136,0.0703,-0.0364
1568265888561950,加速度计,-0.2298,6.8791,6.6283,,,,,,,
1568265896061898,陀螺仪,,,,,,,,0.0300,0.0879,0.0071
1568265898561741,加速度计,0.5920,6.8684,6.3662,,,,,,,
1568265908563200,加速度计,-0.2035,6.8588,5.9328,,,,,,,
1568265918566950,加速度计,0.0952,6.8827,6.2052,,,,,,,
1568265916068252,陀螺仪,,,,,,,,0.0033,0.1024,0.0346
1568265928573408,加速度计,-0.0485,6.8869,7.0934,,,,,,,
1568265938582991,加速度计,0.0844,7.0390,7.4909,,,,,,,
1568265936085856,陀螺仪,,,,,,,,-0.0140,0.1135,0.0925
1568265948596116,加速度计,0.3897,6.5284,9.0770,,,,,,,
1568265958612991,加速度计,0.5991,7.3215,6.9815,,,,,,,
1568265956117731,陀螺仪,,,,,,,,0.0435,0.1589,0.1407
1568265968633408,加速度计,0.5118,6.4147,6.0585,,,,,,,
1568265978657158,加速度计,0.4681,6.9593,5.5659,,,,,,,
1568265976163564,陀螺仪,,,,,,,,0.0466,0.1776,0.1663
1568265988684033,加速度计,-0.0934,7.0868,7.5106,,,,,,,
1568265998713408,加速度计,0.6003,7.1341,8.4294,,,,,,,
1568265996221064,陀螺仪,,,,,,,,0.0419,0.1887,0.1842
1568266008744658,加速度计,0.4010,7.3819,7.0288,,,,,,,
1568266018777366,加速度计,0.8673,7.3592,6.5302,,,,,,,
1568266016285752,陀螺仪,,,,,,,,0.0667,0.2003,0.1675
1568266028810908,加速度计,0.6494,6.5308,5.8269,,,,,,,
1568266038844658,加速度计,0.5650,7.3783,6.0430,,,,,,,
1568266036353148,陀螺仪,,,,,,,,0.0491,0.1971,0.1328
1568266048872158,加速度计,0.4052,6.8217,7.2383,,,,,,,
1568266058892158,加速度计,1.3569,7.5615,6.5475,,,,,,,
1568266056396898,陀螺仪,,,,,,,,0.0318,0.1639,0.0973
1568266068910908,加速度计,1.2761,6.4979,8.3564,,,,,,,
1568266078929658,加速度计,1.4431,7.7560,6.8043,,,,,,,
1568266076434398,陀螺仪,,,,,,,,0.0583,0.1530,0.0149
1568266088948408,加速度计,1.5939,7.4053,6.9839,,,,,,,
1568266098967158,加速度计,1.3545,6.4230,6.4524,,,,,,,
1568266096471898,陀螺仪,,,,,,,,0.0514,0.1308,-0.0603
1568266108985908,加速度计,1.2629,7.5669,5.4324,,,,,,,
1568266119006533,加速度计,1.2186,6.6798,5.9382,,,,,,,
1568266116514189,陀螺仪,,,,,,,,0.0161,0.0815,-0.1349
1568266129026846,加速度计,1.6843,6.5673,6.6206,,,,,,,
1568266136540960,陀螺仪,,,,,,,,0.0015,0.0466,-0.2288
1568266139038096,加速度计,0.9409,6.8055,5.7593,,,,,,,
1568266149049606,加速度计,0.6877,7.3586,7.2143,,,,,,,
1568266159061793,加速度计,0.7745,6.4895,9.2787,,,,,,,
1568266156564971,陀螺仪,,,,,,,,-0.0157,0.0005,-0.2795
1568266169074814,加速度计,0.8709,7.8566,8.3013,,,,,,,
1568266176592627,陀螺仪,,,,,,,,0.0023,-0.0409,-0.3252
1568266179088929,加速度计,1.2845,6.4805,6.2985,,,,,,,
1568266189104293,加速度计,0.9984,6.7277,7.5806,,,,,,,
1568266196625231,陀螺仪,,,,,,,,0.0025,-0.0610,-0.3715
1568266199120908,加速度计,0.6363,5.9113,7.8572,,,,,,,
1568266209138773,加速度计,0.7326,7.0156,7.1605,,,,,,,
1568266219157887,加速度计,0.6069,6.6661,7.1844,,,,,,,
1568266216662835,陀螺仪,,,,,,,,0.0166,-0.0823,-0.3771
1568266229178252,加速度计,0.7422,6.4027,8.6820,,,,,,,
1568266239199866,加速度计,0.6021,7.2443,6.3303,,,,,,,
1568266236705439,陀螺仪,,,,,,,,0.0537,-0.0844,-0.3559
1568266249222471,加速度计,0.8469,8.1451,4.7393,,,,,,,
1568266259245908,加速度计,0.5004,7.1652,4.9105,,,,,,,
1568266256751898,陀螺仪,,,,,,,,0.0104,-0.0939,-0.3352
1568266269269918,加速度计,0.1856,7.3676,6.8103,,,,,,,
1568266279294346,加速度计,0.5082,7.1144,8.0481,,,,,,,
1568266276800543,陀螺仪,,,,,,,,-0.0324,-0.0838,-0.2802
1568266289318929,加速度计,0.4705,7.5226,7.6321,,,,,,,
1568266299342471,加速度计,0.1149,6.9468,8.1582,,,,,,,
1568266296848252,陀螺仪,,,,,,,,-0.0047,-0.0566,-0.2328
1568266309365648,加速度计,0.1814,6.8390,5.8939,,,,,,,
1568266319385387,加速度计,0.1490,7.2975,7.3963,,,,,,,
1568266316888356,陀螺仪,,,,,,,,0.0286,-0.0621,-0.2089
1568266329397054,加速度计,-0.3699,7.0803,6.1046,,,,,,,
1568266336912002,陀螺仪,,,,,,,,0.0253,-0.0668,-0.1882
1568266339408929,加速度计,1.3216,7.0102,6.2578,,,,,,,
1568266349421221,加速度计,0.0491,6.8354,6.7816,,,,,,,
1568266359434137,加速度计,-0.1688,7.0659,4.2024,,,,,,,
1568266356937523,陀螺仪,,,,,,,,-0.0001,-0.0692,-0.1830
1568266369448721,加速度计,0.4597,6.5038,6.6655,,,,,,,
1568266376988825,陀螺仪,,,,,,,,-0.0461,-0.0771,-0.1682
1568266379480023,加速度计,0.6973,6.6319,7.3622,,,,,,,
1568266389510335,加速度计,0.6566,6.0765,9.0297,,,,,,,
1568266397037106,陀螺仪,,,,,,,,-0.0103,-0.0683,-0.1703
1568266399532366,加速度计,0.4711,6.2142,8.1666,,,,,,,
1568266409551116,加速度计,0.1838,6.1549,6.9911,,,,,,,
1568266419569866,加速度计,1.5131,6.1663,6.9510,,,,,,,
1568266417074606,陀螺仪,,,,,,,,0.0079,-0.0988,-0.1937
1568266429588616,加速度计,0.0982,6.2794,5.9855,,,,,,,
1568266437112106,陀螺仪,,,,,,,,0.0059,-0.1297,-0.2362
1568266439607366,加速度计,0.0664,7.1138,7.1814,,,,,,,
1568266449626116,加速度计,0.2053,6.9552,5.9873,,,,,,,
1568266459644866,加速度计,0.7590,6.0920,8.5335,,,,,,,
1568266457149606,陀螺仪,,,,,,,,-0.0063,-0.1534,-0.2349
1568266469663616,加速度计,-0.6782,7.5890,5.5126,,,,,,,
1568266477187106,陀螺仪,,,,,,,,0.0009,-0.1526,-0.2009
1568266479682366,加速度计,-0.2825,7.0773,6.7313,,,,,,,
1568266489701116,加速度计,-0.0209,7.5597,5.2684,,,,,,,
1568266499719866,加速度计,-0.6542,6.4769,7.2185,,,,,,,
1568266497224606,陀螺仪,,,,,,,,-0.0389,-0.1503,-0.1449
1568266509738616,加速度计,-0.3585,7.4244,6.6152,,,,,,,
1568266519757366,加速度计,0.0287,6.6834,8.5234,,,,,,,
1568266517262106,陀螺仪,,,,,,,,-0.0389,-0.1244,-0.0385
1568266529776116,加速度计,0.5950,7.9978,5.5929,,,,,,,
1568266539794866,加速度计,0.3130,7.0659,5.2810,,,,,,,
1568266537299606,陀螺仪,,,,,,,,-0.0245,-0.0533,0.0494
1568266549813616,加速度计,0.5590,7.2401,8.1852,,,,,,,
1568266559832366,加速度计,-0.0305,6.3776,8.9148,,,,,,,
1568266557337106,陀螺仪,,,,,,,,-0.0475,0.0092,0.1558
1568266569851116,加速度计,-0.4244,8.1971,8.4982,,,,,,,
1568266577377523,陀螺仪,,,,,,,,0.0025,0.0414,0.2983
1568266579871950,加速度计,-4.0247,7.1497,7.5334,,,,,,,
1568266589899971,加速度计,-2.3038,7.1216,2.0848,,,,,,,
1568266599903877,加速度计,0.8182,11.8010,4.0229,,,,,,,
1568266597404971,陀螺仪,,,,,,,,0.0170,-0.0562,0.3774
1568266609908356,加速度计,1.4365,8.8190,6.5398,,,,,,,
1568266619913668,加速度计,0.0341,7.1341,5.5156,,,,,,,
1568266617416221,陀螺仪,,,,,,,,-0.0618,0.0172,0.2076
1568266640626096,GPS,,,,31.9426,118.7825,3.0900,140.7000,,,
1568266629946325,加速度计,-2.3128,3.3555,7.6650,,,,,,,
1568266639984450,加速度计,-2.2637,5.2253,5.8185,,,,,,,
1568266637489189,陀螺仪,,,,,,,,-0.0502,0.1519,0.4434
1568266650003200,加速度计,-1.7585,6.8887,8.0750,,,,,,,
1568266660021950,加速度计,-1.5682,9.8360,7.4699,,,,,,,
1568266657526689,陀螺仪,,,,,,,,-0.0466,0.1993,0.6839
1568266670040700,加速度计,0.2017,6.6696,8.2618,,,,,,,
1568266677564189,陀螺仪,,,,,,,,-0.0434,0.2340,0.7041
1568266680059450,加速度计,0.1287,7.1365,6.9055,,,,,,,
1568266690078200,加速度计,-0.2370,6.4135,5.9951,,,,,,,
1568266700096950,加速度计,-0.5543,6.2339,6.8738,,,,,,,
1568266697601689,陀螺仪,,,,,,,,-0.0321,0.2921,0.6780
1568266710115700,加速度计,-0.8487,6.8690,5.3073,,,,,,,
1568266717639189,陀螺仪,,,,,,,,-0.0244,0.3209,0.7212
1568266720134450,加速度计,-0.5375,7.3556,5.6012,,,,,,,
1568266730153200,加速度计,0.7506,7.1736,6.5398,,,,,,,
1568266740171950,加速度计,-0.0796,7.9140,6.1435,,,,,,,
1568266737676689,陀螺仪,,,,,,,,-0.0414,0.3439,0.7056
1568266750190700,加速度计,0.4687,7.7590,7.0767,,,,,,,
1568266757714189,陀螺仪,,,,,,,,-0.0494,0.3704,0.6726
1568266760209450,加速度计,0.6530,6.7445,7.4980,,,,,,,
1568266770228200,加速度计,0.1718,7.1868,7.0629,,,,,,,
1568266777751689,陀螺仪,,,,,,,,-0.0338,0.3828,0.6189
1568266780246950,加速度计,0.5866,7.3023,5.0099,,,,,,,
1568266790265700,加速度计,0.6087,6.1435,5.4845,,,,,,,
1568266800284450,加速度计,0.1682,6.8450,7.5004,,,,,,,
1568266797789189,陀螺仪,,,,,,,,-0.0570,0.3585,0.5189
1568266810303200,加速度计,-0.0640,7.2598,7.9715,,,,,,,
1568266820321950,加速度计,0.3184,7.4663,8.1008,,,,,,,
1568266817826689,陀螺仪,,,,,,,,-0.0160,0.3290,0.4269
1568266830340700,加速度计,0.4124,7.0635,7.4059,,,,,,,
1568266837864189,陀螺仪,,,,,,,,0.0237,0.2723,0.3096
1568266840359450,加速度计,0.3382,7.4891,6.6661,,,,,,,
1568266850378200,加速度计,0.8691,7.8620,4.8985,,,,,,,
1568266860396950,加速度计,0.6267,7.3813,5.7233,,,,,,,
1568266857901689,陀螺仪,,,,,,,,-0.0112,0.2049,0.1638
1568266870419554,加速度计,1.0379,7.9015,5.8538,,,,,,,
1568266880443564,加速度计,0.9134,5.9514,8.4683,,,,,,,
1568266877943825,陀螺仪,,,,,,,,-0.0475,0.1529,0.0425
1568266890444658,加速度计,1.1337,7.5082,7.0330,,,,,,,
1568266900446689,加速度计,0.0012,7.6243,5.8430,,,,,,,
1568266897947366,陀螺仪,,,,,,,,-0.0397,0.1053,-0.0644
1568266910450231,加速度计,0.6404,6.5074,7.5381,,,,,,,
1568266920455439,加速度计,0.9655,6.3518,6.2345,,,,,,,
1568266917958043,陀螺仪,,,,,,,,-0.0234,0.0659,-0.0949
1568266930486273,加速度计,1.0301,7.0599,5.1709,,,,,,,
1568266940566533,加速度计,0.5273,6.5062,7.2915,,,,,,,
1568266938065752,陀螺仪,,,,,,,,-0.0530,0.0382,-0.1364
1568266950563408,加速度计,0.6722,7.3484,8.6724,,,,,,,
1568266960561325,加速度计,0.6267,7.1341,12.3882,,,,,,,
1568266958061168,陀螺仪,,,,,,,,-0.0403,-0.0017,-0.1471
1568266970561012,加速度计,0.8739,7.9248,11.5269,,,,,,,
1568266980562991,加速度计,0.3118,7.4867,8.4108,,,,,,,
1568266978064085,陀螺仪,,,,,,,,0.0916,-0.0198,-0.2165
1568266990567991,加速度计,0.0670,6.3560,4.2180,,,,,,,
1568267000576429,加速度计,0.4788,6.7499,1.0259,,,,,,,
1568266998079293,陀螺仪,,,,,,,,0.0903,-0.0634,-0.2240
1568267010588616,加速度计,0.9158,5.4043,4.7561,,,,,,,
1568267020604554,加速度计,1.3096,7.5352,4.7836,,,,,,,
1568267018109293,陀螺仪,,,,,,,,-0.0076,-0.0908,-0.2234
1568267030624241,加速度计,0.9703,6.3560,8.6916,,,,,,,
1568267040647575,加速度计,1.3168,6.7852,7.6130,,,,,,,
1568267038154085,陀螺仪,,,,,,,,0.0190,-0.0479,-0.2016
1568267050674137,加速度计,0.2119,7.7069,5.8742,,,,,,,
1568267060703512,加速度计,-0.2394,6.3003,8.9627,,,,,,,
1568267058211377,陀螺仪,,,,,,,,0.0166,-0.0329,-0.1153
1568267070735179,加速度计,0.5878,7.3065,7.2012,,,,,,,
1568267078277002,陀螺仪,,,,,,,,0.0539,-0.0165,-0.0517
1568267080768408,加速度计,0.4896,7.6172,7.2945,,,,,,,
1568267090802679,加速度计,1.0397,7.3287,5.4911,,,,,,,
1568267100837262,加速度计,-0.0449,7.1383,5.0548,,,,,,,
1568267098345960,陀螺仪,,,,,,,,0.0325,-0.0028,-0.0393
1568267110868512,加速度计,0.0251,5.9394,5.8454,,,,,,,
1568267118393877,陀螺仪,,,,,,,,0.0178,0.0137,-0.0115
1568267120889137,加速度计,-0.2274,7.4334,5.2235,,,,,,,
1568267130907887,加速度计,-0.1676,6.9378,6.9384,,,,,,,
1568267138431377,陀螺仪,,,,,,,,0.0185,0.0326,0.0663
1568267140926637,加速度计,0.4262,7.8775,5.6497,,,,,,,
1568267150945387,加速度计,0.1939,7.9655,6.3123,,,,,,,
1568267160964137,加速度计,0.0826,7.2766,7.1222,,,,,,,
1568267158468877,陀螺仪,,,,,,,,0.0037,0.0662,0.1262
1568267170982887,加速度计,1.1013,8.0834,5.4881,,,,,,,
1568267181010752,加速度计,0.0275,7.1132,9.1824,,,,,,,
1568267178520387,陀螺仪,,,,,,,,0.0201,0.1198,0.1688
1568267191023148,加速度计,0.9325,7.2580,7.9200,,,,,,,
1568267201027262,加速度计,-0.2693,7.9164,6.9186,,,,,,,
1568267198528460,陀螺仪,,,,,,,,0.0824,0.1470,0.2168
1568267211032158,加速度计,0.4345,8.6706,2.6240,,,,,,,
1568267221038616,加速度计,0.9343,6.0352,5.2379,,,,,,,
1568267218540596,陀螺仪,,,,,,,,0.0073,0.1285,0.1782
1568267231047106,加速度计,-0.3256,7.3143,6.1124,,,,,,,
1568267241057679,加速度计,-0.5237,7.9996,6.5344,,,,,,,
1568267238560752,陀螺仪,,,,,,,,-0.0467,0.0937,0.1538
1568267251070700,加速度计,1.2528,8.2863,9.9940,,,,,,,
1568267261086221,加速度计,0.6620,7.4352,6.5703,,,,,,,
1568267258590543,陀螺仪,,,,,,,,0.0216,0.1064,0.1021
1568267271104241,加速度计,0.1131,7.2592,5.9316,,,,,,,
1568267281124762,加速度计,0.5291,7.4855,4.0504,,,,,,,
1568267278630335,陀螺仪,,,,,,,,-0.0161,0.0775,0.0883
1568267291147783,加速度计,0.1784,7.9625,5.8155,,,,,,,
1568267301172939,加速度计,0.8535,7.5280,7.7273,,,,,,,
1568267298679554,陀螺仪,,,,,,,,-0.0587,0.0758,0.0799
1568267311199814,加速度计,1.4820,8.6125,5.6072,,,,,,,
1568267321227991,加速度计,0.8338,6.2100,9.8515,,,,,,,
1568267318735231,陀螺仪,,,,,,,,-0.1125,0.0466,0.0297
1568267331257054,加速度计,1.1971,6.5505,7.7907,,,,,,,
1568267341286585,加速度计,1.8387,6.6349,5.5857,,,,,,,
1568267338794033,陀螺仪,,,,,,,,-0.0381,0.0340,-0.0594
1568267351316168,加速度计,1.5054,6.0298,6.1603,,,,,,,
1568267361341012,加速度计,1.1516,6.5457,7.9577,,,,,,,
1568267358846429,陀螺仪,,,,,,,,-0.0473,-0.0192,-0.1087
1568267371360439,加速度计,1.9782,7.1551,9.2548,,,,,,,
1568267381379189,加速度计,2.2344,9.3895,6.4733,,,,,,,
1568267378883929,陀螺仪,,,,,,,,0.0380,-0.0233,-0.2073
1568267391397939,加速度计,0.4226,7.6507,6.1040,,,,,,,
1568267401416689,加速度计,1.6400,6.8953,5.2565,,,,,,,
1568267398921429,陀螺仪,,,,,,,,0.0170,-0.0514,-0.2585
1568267411435439,加速度计,1.0936,7.4418,5.3858,,,,,,,
1568267421454189,加速度计,1.7262,6.3039,8.0451,,,,,,,
1568267418959293,陀螺仪,,,,,,,,-0.0206,-0.0799,-0.2842
1568267431477575,加速度计,1.7561,7.2401,6.4733,,,,,,,
1568267441493304,加速度计,1.5502,7.4496,7.2957,,,,,,,
1568267438996168,陀螺仪,,,,,,,,0.0132,-0.0891,-0.3109
1568267451504554,加速度计,1.2576,7.0647,6.9133,,,,,,,
1568267461516168,加速度计,1.5323,8.1840,5.2774,,,,,,,
1568267459019241,陀螺仪,,,,,,,,0.0390,-0.0830,-0.3286
1568267471528564,加速度计,0.6375,7.0593,7.3753,,,,,,,
1568267481541793,加速度计,1.0636,8.4060,6.1304,,,,,,,
1568267479045335,陀螺仪,,,,,,,,0.0565,-0.0889,-0.2828
1568267491556221,加速度计,1.5933,7.6680,6.5344,,,,,,,
1568267501571898,加速度计,1.7328,8.0290,3.9403,,,,,,,
1568267499076064,陀螺仪,,,,,,,,0.0510,-0.0686,-0.2724
1568267511588825,加速度计,0.0024,8.1181,4.6304,,,,,,,
1568267521607002,加速度计,0.5243,7.1928,7.4813,,,,,,,
1568267519111793,陀螺仪,,,,,,,,-0.0213,-0.0810,-0.2511
1568267531626429,加速度计,-0.0024,6.0507,8.9783,,,,,,,
1568267541647106,加速度计,1.6795,8.0780,5.1493,,,,,,,
1568267539152523,陀螺仪,,,,,,,,0.0473,-0.0573,-0.1770
1568267551669033,加速度计,-0.1861,6.2243,6.0663,,,,,,,
1568267561691846,加速度计,0.3029,6.7493,5.8233,,,,,,,
1568267559197731,陀螺仪,,,,,,,,0.0088,-0.0790,-0.1513
1568267571715491,加速度计,-0.0126,8.1594,6.1770,,,,,,,
1568267581739606,加速度计,0.5776,7.8632,7.3155,,,,,,,
1568267579245752,陀螺仪,,,,,,,,0.0035,-0.0779,-0.1097
1568267591764137,加速度计,-0.3675,7.6788,8.0643,,,,,,,
1568267601788721,加速度计,0.0569,6.3021,7.1174,,,,,,,
1568267599294762,陀螺仪,,,,,,,,0.0236,-0.0477,-0.0783
1568267611812210,加速度计,0.5980,5.7892,5.4905,,,,,,,
1568267621831898,加速度计,0.0449,7.4166,3.7266,,,,,,,
1568267619337106,陀螺仪,,,,,,,,0.0079,-0.0525,-0.0266
1568267639948335,GPS,,,,31.9426,118.7825,2.9500,130.8000,,,
1568267631854658,加速度计,-0.3220,7.1269,4.7704,,,,,,,
1568267641868408,加速度计,0.2969,6.2519,10.7542,,,,,,,
1568267639371898,陀螺仪,,,,,,,,-0.0292,-0.0294,0.0485
1568267651882158,加速度计,0.8122,8.3294,7.0437,,,,,,,
1568267659399606,陀螺仪,,,,,,,,0.0123,0.0226,0.1005
1568267661896012,加速度计,0.2562,5.9460,10.5087,,,,,,,
1568267671910283,加速度计,0.3729,6.3081,6.1064,,,,,,,
1568267681930075,加速度计,-0.6865,6.7738,6.4643,,,,,,,
1568267679439762,陀螺仪,,,,,,,,0.0213,0.0376,0.1450
1568267691962523,加速度计,-0.4280,6.9360,5.5498,,,,,,,
1568267701982731,加速度计,0.1754,6.7439,8.3953,,,,,,,
1568267699487471,陀螺仪,,,,,,,,-0.0145,0.0309,0.2021
1568267712001481,加速度计,0.2771,8.2630,7.8667,,,,,,,
1568267722020231,加速度计,-0.3597,6.7337,6.1782,,,,,,,
1568267719524971,陀螺仪,,,,,,,,0.0160,0.0855,0.2345
1568267732038981,加速度计,0.0808,6.2572,5.9484,,,,,,,
1568267742057731,加速度计,0.3861,7.1353,6.2243,,,,,,,
1568267739562471,陀螺仪,,,,,,,,0.0012,0.1194,0.2627
1568267752076481,加速度计,-1.2971,7.4005,8.2606,,,,,,,
1568267762095231,加速度计,-0.3771,7.7363,9.4625,,,,,,,
1568267759599971,陀螺仪,,,,,,,,0.0076,0.1422,0.3288
1568267772113981,加速度计,0.1760,8.5605,6.1746,,,,,,,
1568267782132731,加速度计,0.4483,7.1126,5.1607,,,,,,,
1568267779637471,陀螺仪,,,,,,,,0.0185,0.1734,0.3562
1568267792151481,加速度计,0.3112,6.1693,4.1282,,,,,,,
1568267802170231,加速度计,-0.5716,7.2532,4.6346,,,,,,,
1568267799674971,陀螺仪,,,,,,,,-0.0507,0.1818,0.3386
1568267812188981,加速度计,-0.5363,6.6625,9.2686,,,,,,,
1568267822207731,加速度计,0.1149,7.9446,8.2211,,,,,,,
1568267819712471,陀螺仪,,,,,,,,-0.0301,0.2044,0.3818
1568267832226481,加速度计,0.4477,7.5824,7.0994,,,,,,,
1568267842245231,加速度计,0.7021,7.2772,4.4035,,,,,,,
1568267839749971,陀螺仪,,,,,,,,0.0020,0.2194,0.3587
1568267852263981,加速度计,-0.1335,6.9133,6.3357,,,,,,,
1568267862282731,加速度计,-0.2424,7.5082,8.8783,,,,,,,
1568267859787471,陀螺仪,,,,,,,,-0.0321,0.1827,0.3180
1568267872301481,加速度计,-1.0690,7.4639,9.0495,,,,,,,
1568267882320231,加速度计,0.9385,8.2702,2.8264,,,,,,,
1568267879824971,陀螺仪,,,,,,,,0.0654,0.1911,0.3151
1568267892338981,加速度计,0.5968,7.0838,2.7186,,,,,,,
1568267902357731,加速度计,-0.7919,6.5224,6.2698,,,,,,,
1568267899862471,陀螺仪,,,,,,,,-0.0345,0.1487,0.2240
1568267912376481,加速度计,-0.4824,7.6561,6.9396,,,,,,,
1568267922395231,加速度计,0.2065,8.2516,7.9086,,,,,,,
1568267919900752,陀螺仪,,,,,,,,-0.0344,0.1273,0.1976
1568267932429085,加速度计,-0.7171,7.1359,9.0172,,,,,,,
1568267942437783,加速度计,-0.3184,6.6649,9.9677,,,,,,,
1568267939937418,陀螺仪,,,,,,,,0.0093,0.1158,0.1830
1568267952436429,加速度计,0.5010,8.2373,10.3483,,,,,,,
1568267962436273,加速度计,-0.4998,7.2449,8.4168,,,,,,,
1568267959936585,陀螺仪,,,,,,,,0.1032,0.1109,0.1559
1568267972438096,加速度计,0.5782,7.4615,3.9684,,,,,,,
1568267982442366,加速度计,0.6596,6.8989,-1.3886,,,,,,,
1568267979943981,陀螺仪,,,,,,,,0.0802,0.0740,0.1212
1568267992449866,加速度计,0.7823,6.0549,2.2535,,,,,,,
1568268002460700,加速度计,-0.9421,7.3131,6.3123,,,,,,,
1568267999964033,陀螺仪,,,,,,,,-0.1000,-0.0100,0.0297
1568268012475231,加速度计,-0.6327,8.2480,15.4199,,,,,,,
1568268022493512,加速度计,1.1151,9.9557,10.4722,,,,,,,
1568268019998668,陀螺仪,,,,,,,,0.0226,0.0067,0.0644
1568268032515179,加速度计,1.0900,7.6333,5.7652,,,,,,,
1568268042540179,加速度计,1.2216,7.0078,0.8942,,,,,,,
1568268040046950,陀螺仪,,,,,,,,0.0754,0.0117,-0.0049
1568268052568148,加速度计,0.2245,5.7162,2.3038,,,,,,,
1568268062598668,加速度计,-0.0257,7.7237,5.1936,,,,,,,
1568268060106637,陀螺仪,,,,,,,,-0.0578,-0.0606,-0.0615
1568268072630960,加速度计,-0.1897,9.1967,8.0086,,,,,,,
1568268082664554,加速度计,-0.1718,8.5449,12.4062,,,,,,,
1568268080173096,陀螺仪,,,,,,,,-0.0581,-0.0739,-0.0365
1568268092698668,加速度计,1.0588,7.0240,10.6021,,,,,,,
1568268102732835,加速度计,1.1331,8.0457,2.5540,,,,,,,
1568268100239814,陀螺仪,,,,,,,,0.0928,-0.0438,-0.0330
1568268112755700,加速度计,0.1987,5.3983,3.0173,,,,,,,
1568268122774762,加速度计,0.7446,6.6289,2.4618,,,,,,,
1568268120279502,陀螺仪,,,,,,,,0.0047,-0.0678,-0.0130
1568268132793512,加速度计,0.8882,7.2868,5.6707,,,,,,,
1568268142812262,加速度计,0.1490,7.2700,8.2462,,,,,,,
1568268140317002,陀螺仪,,,,,,,,-0.0863,-0.0764,0.0169
1568268152831012,加速度计,-0.2586,6.6481,10.8493,,,,,,,
1568268162849762,加速度计,0.9427,6.1681,9.8497,,,,,,,
1568268160354502,陀螺仪,,,,,,,,0.0162,-0.0194,0.0699
1568268172868512,加速度计,-0.6698,5.9975,6.4488,,,,,,,
1568268182894398,加速度计,-1.5012,6.0873,9.9790,,,,,,,
1568268180397575,陀螺仪,,,,,,,,0.0502,-0.0236,0.1244
1568268192906898,加速度计,-0.6165,6.4721,9.2632,,,,,,,
1568268202919398,加速度计,-1.0259,7.6142,6.6559,,,,,,,
1568268200422679,陀螺仪,,,,,,,,0.1067,-0.0072,0.2201
1568268212932314,加速度计,-1.0900,6.7732,4.2802,,,,,,,
1568268222945648,加速度计,-1.3216,5.4402,5.4199,,,,,,,
1568268220449241,陀螺仪,,,,,,,,0.0607,-0.0165,0.2633
1568268232959814,加速度计,-1.1917,6.8845,5.1972,,,,,,,
1568268242974814,加速度计,-1.9471,6.3422,7.7644,,,,,,,
1568268240478825,陀螺仪,,,,,,,,-0.0005,-0.0113,0.3344
1568268252990648,加速度计,-0.2239,8.8184,5.6360,,,,,,,
1568268263007731,加速度计,-0.5991,6.0609,8.2217,,,,,,,
1568268260512366,陀螺仪,,,,,,,,-0.0326,0.0285,0.4268
1568268273026064,加速度计,-0.5626,7.6632,5.2619,,,,,,,
1568268283045648,加速度计,-0.4836,6.5038,7.1880,,,,,,,
1568268280550804,陀螺仪,,,,,,,,-0.0374,0.0856,0.5229
1568268293066064,加速度计,0.1185,7.3113,7.7129,,,,,,,
1568268303087314,加速度计,-0.6297,6.8414,7.4633,,,,,,,
1568268300592887,陀螺仪,,,,,,,,-0.0065,0.1208,0.5814
1568268313109398,加速度计,0.0186,9.2404,5.9424,,,,,,,
1568268323131898,加速度计,0.8613,8.6179,7.8602,,,,,,,
1568268320637679,陀螺仪,,,,,,,,0.0059,0.1329,0.5875
1568268333154814,加速度计,0.7967,8.4461,8.0002,,,,,,,
1568268343178148,加速度计,-1.0355,6.6152,4.4383,,,,,,,
1568268340684033,陀螺仪,,,,,,,,0.0234,0.1445,0.5424
1568268353201481,加速度计,0.4645,7.0641,2.4439,,,,,,,
1568268363224814,加速度计,0.2693,5.6665,6.6547,,,,,,,
1568268360730283,陀螺仪,,,,,,,,-0.0216,0.1178,0.5354
1568268373246481,加速度计,0.3705,8.5892,8.5108,,,,,,,
1568268383265231,加速度计,1.3970,8.8879,11.1013,,,,,,,
1568268380769971,陀螺仪,,,,,,,,0.0498,0.1242,0.5159
1568268393283981,加速度计,1.7861,9.7630,5.4354,,,,,,,
1568268403302731,加速度计,0.0958,7.4424,5.6796,,,,,,,
1568268400807471,陀螺仪,,,,,,,,0.0344,0.1293,0.4349
1568268413321481,加速度计,0.0802,5.7473,7.3245,,,,,,,
1568268423340231,加速度计,1.1043,6.6942,6.6050,,,,,,,
1568268420845179,陀螺仪,,,,,,,,0.0236,0.0935,0.4057
1568268433361533,加速度计,1.8615,4.9913,10.8038,,,,,,,
1568268443378616,加速度计,2.5373,8.1427,5.0458,,,,,,,
1568268440882939,陀螺仪,,,,,,,,0.0967,0.0804,0.3242
1568268453395700,加速度计,1.2935,6.6050,8.5653,,,,,,,
1568268463412783,加速度计,2.4032,9.7450,1.1738,,,,,,,
1568268460917106,陀螺仪,,,,,,,,0.1358,0.0921,0.2400
1568268473429866,加速度计,0.8098,6.8929,7.5130,,,,,,,
1568268483446950,加速度计,2.0500,8.9962,6.2351,,,,,,,
1568268480951273,陀螺仪,,,,,,,,0.0346,0.0746,0.2085
1568268493464033,加速度计,1.6322,7.3376,8.2983,,,,,,,
1568268503481533,加速度计,1.1552,7.1886,8.8448,,,,,,,
1568268500986064,陀螺仪,,,,,,,,-0.0045,0.0796,0.1838
1568268513499450,加速度计,1.1480,5.6880,6.0400,,,,,,,
1568268523517783,加速度计,1.1480,4.7471,6.0771,,,,,,,
1568268521022523,陀螺仪,,,,,,,,0.0088,0.0980,0.2177
1568268533536533,加速度计,1.5694,5.6360,6.6421,,,,,,,
1568268543555700,加速度计,1.5215,7.5190,7.1760,,,,,,,
1568268541060648,陀螺仪,,,,,,,,0.0615,0.1338,0.2724
1568268553575283,加速度计,1.3922,7.2251,7.1814,,,,,,,
1568268563594866,加速度计,0.9278,7.4346,5.4540,,,,,,,
1568268561099814,陀螺仪,,,,,,,,0.0599,0.1696,0.2692
1568268573614450,加速度计,0.5525,7.3562,5.8951,,,,,,,
1568268583634033,加速度计,0.5022,6.4847,6.2950,,,,,,,
1568268581138981,陀螺仪,,,,,,,,0.0326,0.1774,0.3153
1568268593653616,加速度计,0.1257,7.6513,7.6842,,,,,,,
1568268603673200,加速度计,1.5018,8.0242,5.4803,,,,,,,
1568268601178148,陀螺仪,,,,,,,,0.0565,0.2103,0.3643
1568268613692783,加速度计,1.4395,5.4971,6.3087,,,,,,,
1568268623712366,加速度计,0.5345,8.7305,4.5843,,,,,,,
1568268621224554,陀螺仪,,,,,,,,0.0445,0.2490,0.3750
1568268637304689,GPS,,,,31.9426,118.7825,2.6500,124.4000,,,
1568268633739814,加速度计,0.2999,7.0162,7.0701,,,,,,,
1568268643751481,加速度计,1.1977,7.7153,4.5861,,,,,,,
1568268641254450,陀螺仪,,,,,,,,0.0254,0.2913,0.4297
1568268653763408,加速度计,-0.3735,7.2844,7.3287,,,,,,,
1568268661278929,陀螺仪,,,,,,,,-0.0261,0.2783,0.4760
1568268663775752,加速度计,0.1419,6.4129,10.4465,,,,,,,
1568268673788773,加速度计,0.1616,7.1054,12.4068,,,,,,,
1568268683824606,加速度计,0.0443,8.3151,5.6318,,,,,,,
1568268681331012,陀螺仪,,,,,,,,0.1332,0.3266,0.5137
1568268693850023,加速度计,0.7362,6.4266,2.5331,,,,,,,
1568268703869189,加速度计,-0.0036,6.9414,4.4532,,,,,,,
1568268701373929,陀螺仪,,,,,,,,0.0302,0.3067,0.4879
1568268713887939,加速度计,-0.5273,5.4989,12.6587,,,,,,,
1568268723906689,加速度计,0.2807,9.4882,9.5032,,,,,,,
1568268721411429,陀螺仪,,,,,,,,0.0684,0.3696,0.5606
1568268733925439,加速度计,0.3430,7.3694,4.2988,,,,,,,
1568268743944189,加速度计,1.6484,5.2230,2.9981,,,,,,,
1568268741448929,陀螺仪,,,,,,,,0.0403,0.4055,0.5826
1568268753962939,加速度计,0.4633,6.0250,5.2283,,,,,,,
1568268763981689,加速度计,0.0886,6.8654,10.3729,,,,,,,
1568268761486429,陀螺仪,,,,,,,,-0.0431,0.4161,0.5674
1568268774000439,加速度计,0.6231,8.2522,9.1087,,,,,,,
1568268784019189,加速度计,0.5573,6.8738,8.1726,,,,,,,
1568268781523929,陀螺仪,,,,,,,,0.0280,0.4469,0.5999
1568268794037939,加速度计,1.8771,5.5121,5.7108,,,,,,,
1568268804056689,加速度计,2.0883,5.9041,7.1623,,,,,,,
1568268801561429,陀螺仪,,,,,,,,0.0426,0.4241,0.4836
1568268814075439,加速度计,1.6849,7.8093,7.0455,,,,,,,
1568268824094189,加速度计,1.9369,6.8199,7.4675,,,,,,,
1568268821598929,陀螺仪,,,,,,,,0.0699,0.3854,0.3613
1568268834112939,加速度计,2.0363,7.5555,5.8562,,,,,,,
1568268844131689,加速度计,1.9166,6.4943,6.1399,,,,,,,
1568268841636429,陀螺仪,,,,,,,,0.0676,0.3337,0.2168
1568268854150439,加速度计,2.0016,6.4608,6.3440,,,,,,,
1568268864169189,加速度计,1.7555,7.0856,6.5074,,,,,,,
1568268861673929,陀螺仪,,,,,,,,0.0557,0.2735,0.0956
1568268874187939,加速度计,2.2458,7.4520,4.8501,,,,,,,
1568268884206689,加速度计,1.9201,7.2688,5.2984,,,,,,,
1568268881711429,陀螺仪,,,,,,,,0.0382,0.2352,-0.0128
1568268894225439,加速度计,1.8034,6.4476,8.2390,,,,,,,
1568268904244189,加速度计,2.3900,7.9086,7.1539,,,,,,,
1568268901748929,陀螺仪,,,,,,,,0.0325,0.2268,-0.0446
1568268914262939,加速度计,1.7232,5.8688,8.8627,,,,,,,
1568268924281689,加速度计,2.0267,8.3276,5.3660,,,,,,,
1568268921787471,陀螺仪,,,,,,,,0.0735,0.2493,-0.0312
1568268934308825,加速度计,2.0075,7.4813,7.5681,,,,,,,
1568268944321325,加速度计,0.9966,6.7271,9.6055,,,,,,,
1568268941824502,陀螺仪,,,,,,,,0.0782,0.2863,-0.0184
1568268954333877,加速度计,0.6231,7.3460,4.2395,,,,,,,
1568268961850231,陀螺仪,,,,,,,,0.0814,0.2824,0.0527
1568268964346846,加速度计,1.0876,6.0394,1.2540,,,,,,,
1568268974360283,加速度计,1.4024,8.7861,2.3451,,,,,,,
1568268981878356,陀螺仪,,,,,,,,-0.0498,0.2815,0.0356
1568268984374554,加速度计,-0.1927,7.2508,14.4053,,,,,,,
1568268994389658,加速度计,-0.1909,9.2422,11.2216,,,,,,,
1568269004405648,加速度计,1.1630,6.5709,6.9396,,,,,,,
1568269001909971,陀螺仪,,,,,,,,0.1019,0.3470,0.1209
1568269014422887,加速度计,0.7099,6.0765,3.4854,,,,,,,
1568269021946325,陀螺仪,,,,,,,,0.0582,0.3221,0.1051
1568269024441377,加速度计,-0.0539,7.0803,5.4528,,,,,,,
1568269034461064,加速度计,-0.0976,7.6399,8.1696,,,,,,,
1568269041986950,陀螺仪,,,,,,,,0.0447,0.3174,0.1016
1568269044481585,加速度计,0.3352,8.7520,5.9460,,,,,,,
1568269054502939,加速度计,-0.7326,6.5386,4.1899,,,,,,,
1568269064525075,加速度计,0.4136,4.8955,6.7163,,,,,,,
1568269062030752,陀螺仪,,,,,,,,-0.0156,0.2634,0.1047
1568269074547627,加速度计,0.8487,7.9763,8.1223,,,,,,,
1568269084570596,加速度计,0.2699,8.4264,1.8310,,,,,,,
1568269082076481,陀螺仪,,,,,,,,0.0210,0.2740,0.0478
1568269094593929,加速度计,0.4292,7.0078,6.6517,,,,,,,
1568269104617262,加速度计,-1.0121,6.8247,11.3665,,,,,,,
1568269102123148,陀螺仪,,,,,,,,-0.0993,0.2170,0.0285
1568269114640387,加速度计,-0.5016,7.0407,12.8473,,,,,,,
1568269124661689,加速度计,0.9391,8.0655,5.4444,,,,,,,
1568269122166429,陀螺仪,,,,,,,,0.0557,0.2076,0.0352
1568269134680439,加速度计,1.0493,5.6808,7.3460,,,,,,,
1568269144699189,加速度计,0.6919,5.5091,4.6148,,,,,,,
1568269142203929,陀螺仪,,,,,,,,0.0707,0.1695,-0.0411
1568269154717939,加速度计,0.2083,8.8921,5.0566,,,,,,,
1568269162241429,陀螺仪,,,,,,,,0.0280,0.0995,-0.0786
1568269164736689,加速度计,0.3909,8.3169,7.4029,,,,,,,
1568269174755596,加速度计,0.4489,6.6110,9.0734,,,,,,,
1568269182281533,陀螺仪,,,,,,,,0.0646,0.0790,-0.1016
1568269184777523,加速度计,1.1271,6.9462,6.5733,,,,,,,
1568269194793356,加速度计,1.7466,6.9414,4.4718,,,,,,,
1568269204809189,加速度计,0.1047,5.9113,6.1022,,,,,,,
1568269202313200,陀螺仪,,,,,,,,0.0672,0.0382,-0.1684
1568269214825023,加速度计,-0.1538,7.3993,6.3452,,,,,,,
1568269224840908,加速度计,1.4641,7.8901,8.2917,,,,,,,
1568269222345023,陀螺仪,,,,,,,,0.0787,0.0084,-0.1909
1568269234857210,加速度计,1.4988,8.1552,5.9544,,,,,,,
1568269242378252,陀螺仪,,,,,,,,0.0719,-0.0260,-0.2128
1568269244873929,加速度计,0.4202,7.2329,4.9793,,,,,,,
1568269254891064,加速度计,0.9146,8.0762,4.7154,,,,,,,
1568269264908616,加速度计,1.0696,6.5062,7.4753,,,,,,,
1568269262413148,陀螺仪,,,,,,,,0.0180,-0.0547,-0.2365
1568269274926585,加速度计,0.0407,7.4442,7.0922,,,,,,,
1568269284944971,加速度计,-0.1454,6.8181,6.7708,,,,,,,
1568269282449710,陀螺仪,,,,,,,,0.0341,-0.0629,-0.1826
1568269294963773,加速度计,0.6602,6.6643,6.2118,,,,,,,
1568269302487939,陀螺仪,,,,,,,,0.0075,-0.0696,-0.1443
1568269304982991,加速度计,-0.0353,7.2724,5.7186,,,,,,,
1568269315002627,加速度计,-0.5363,6.6014,5.1230,,,,,,,
1568269325022679,加速度计,-0.4363,5.3684,7.3879,,,,,,,
1568269322527835,陀螺仪,,,,,,,,-0.0578,-0.0655,-0.0582
1568269335043148,加速度计,-0.7584,5.3947,10.2292,,,,,,,
1568269342569398,陀螺仪,,,,,,,,0.0031,-0.0148,0.1024
1568269345064033,加速度计,-0.1000,6.8540,8.5347,,,,,,,
1568269355085283,加速度计,-0.5447,5.7287,7.2167,,,,,,,
1568269365106533,加速度计,-0.3711,6.4015,6.3129,,,,,,,
1568269362611898,陀螺仪,,,,,,,,0.0306,0.0477,0.2216
1568269375127783,加速度计,-0.9487,5.3959,7.5842,,,,,,,
1568269385149033,加速度计,-0.2430,6.9929,5.4863,,,,,,,
1568269382654398,陀螺仪,,,,,,,,0.0308,0.1037,0.3840
1568269395170127,加速度计,-0.8386,7.7512,6.3033,,,,,,,
1568269402694710,陀螺仪,,,,,,,,0.0065,0.1755,0.5124
1568269405189971,加速度计,0.2370,8.3187,6.2118,,,,,,,
1568269415208721,加速度计,-0.4196,6.9695,9.5798,,,,,,,
1568269425228200,加速度计,-0.6716,7.7345,9.5457,,,,,,,
1568269422734398,陀螺仪,,,,,,,,0.0047,0.2563,0.6127
1568269435263460,加速度计,-0.3813,7.5525,10.0586,,,,,,,
1568269445263096,加速度计,-0.6752,7.0114,10.2879,,,,,,,
1568269442763148,陀螺仪,,,,,,,,0.0690,0.3067,0.7101
1568269455263252,加速度计,0.3855,7.7752,4.3826,,,,,,,
1568269462765648,陀螺仪,,,,,,,,0.0832,0.3244,0.7195
1568269465264762,加速度计,0.0371,7.2042,2.8437,,,,,,,
1568269475268408,加速度计,0.1089,7.1605,6.5876,,,,,,,
1568269482776846,陀螺仪,,,,,,,,0.0210,0.3400,0.6879
1568269485274606,加速度计,0.5991,6.6720,7.8859,,,,,,,
1568269495283773,加速度计,1.2312,8.6078,5.3373,,,,,,,
1568269505296273,加速度计,0.1179,7.9649,3.6344,,,,,,,
1568269502800179,陀螺仪,,,,,,,,0.0374,0.3545,0.6380
1568269515312106,加速度计,1.9860,6.6882,5.3403,,,,,,,
1568269522836846,陀螺仪,,,,,,,,-0.0285,0.3433,0.5308
1568269525331273,加速度计,0.7691,7.4316,8.9531,,,,,,,
1568269535353721,加速度计,0.8122,8.7532,8.3216,,,,,,,
1568269542885960,陀螺仪,,,,,,,,0.0008,0.3037,0.4747
1568269545379033,加速度计,0.9816,7.4472,9.5553,,,,,,,
1568269555406793,加速度计,1.5868,6.9396,7.3400,,,,,,,
1568269562944450,陀螺仪,,,,,,,,0.0582,0.2896,0.3498
1568269565436585,加速度计,1.8765,5.8634,6.7624,,,,,,,
1568269575467991,加速度计,2.1147,6.8390,3.3591,,,,,,,
1568269585500543,加速度计,1.8621,5.8430,3.3920,,,,,,,
1568269583008825,陀螺仪,,,,,,,,0.0325,0.2664,0.2305
1568269595533460,加速度计,1.7071,6.4494,5.5947,,,,,,,
1568269605564971,加速度计,1.4898,6.8474,9.7145,,,,,,,
1568269603070439,陀螺仪,,,,,,,,-0.0065,0.2543,0.1850
1568269615586325,加速度计,2.0889,7.8733,9.0722,,,,,,,
1568269625606429,加速度计,1.5083,7.6040,4.0689,,,,,,,
1568269623114137,陀螺仪,,,,,,,,0.0787,0.2820,0.1370
1568269643916147,GPS,,,,31.9426,118.7825,3.3000,109.7000,,,
1568269635626689,加速度计,1.7268,6.3189,1.1456,,,,,,,
1568269643141325,陀螺仪,,,,,,,,-0.0575,0.2337,0.0842
1568269645638356,加速度计,1.9734,5.6360,5.5887,,,,,,,
1568269655650283,加速度计,0.6315,7.1646,12.8455,,,,,,,
1568269663166168,陀螺仪,,,,,,,,0.0132,0.2534,0.1180
1568269665662887,加速度计,1.4192,8.4845,15.9089,,,,,,,
1568269675676325,加速度计,1.7663,8.1379,12.3236,,,,,,,
1568269685706585,加速度计,1.4491,6.6224,7.5776,,,,,,,
1568269683215387,陀螺仪,,,,,,,,0.2176,0.2727,0.0886
1568269695737523,加速度计,1.9890,6.2608,3.2196,,,,,,,
1568269703261012,陀螺仪,,,,,,,,0.1843,0.2543,0.0242
1568269705756273,加速度计,2.0039,7.9960,-1.0241,,,,,,,
1568269715775023,加速度计,0.8601,8.0804,5.0518,,,,,,,
1568269723298512,陀螺仪,,,,,,,,0.0298,0.2065,0.0154
1568269725793773,加速度计,0.7362,6.7888,11.0840,,,,,,,
1568269735812523,加速度计,1.6155,8.1672,8.2833,,,,,,,
1568269743336012,陀螺仪,,,,,,,,0.1226,0.2471,-0.0198
1568269745831273,加速度计,2.0273,7.8452,4.1527,,,,,,,
1568269755850023,加速度计,1.1408,6.7361,5.9059,,,,,,,
1568269763373512,陀螺仪,,,,,,,,0.0353,0.1919,-0.0704
1568269765868773,加速度计,-0.1113,6.5984,10.0215,,,,,,,
1568269775887523,加速度计,1.0110,8.2127,6.7337,,,,,,,
1568269783411012,陀螺仪,,,,,,,,0.0597,0.1730,-0.0816
1568269785906273,加速度计,1.1612,6.4093,3.6021,,,,,,,
1568269795925023,加速度计,0.7063,4.7806,3.8499,,,,,,,
1568269805943773,加速度计,0.0904,4.4873,5.9669,,,,,,,
1568269803448512,陀螺仪,,,,,,,,0.0048,0.1321,-0.1312
1568269815962523,加速度计,0.9852,7.8709,4.9219,,,,,,,
1568269825981273,加速度计,0.6273,7.7548,5.5097,,,,,,,
1568269823486012,陀螺仪,,,,,,,,-0.0240,0.0823,-0.1634
1568269836000023,加速度计,0.7009,6.5601,8.1469,,,,,,,
1568269846018773,加速度计,0.4310,6.5098,13.3405,,,,,,,
1568269843523512,陀螺仪,,,,,,,,-0.0518,0.0454,-0.1759
1568269856037523,加速度计,1.1779,7.2891,13.7092,,,,,,,
1568269866056273,加速度计,2.1111,7.4627,7.8757,,,,,,,
1568269863561012,陀螺仪,,,,,,,,0.1264,0.0827,-0.1365
1568269876075023,加速度计,2.1249,5.6599,3.6823,,,,,,,
1568269886093773,加速度计,1.3090,3.7254,4.5789,,,,,,,
1568269883598512,陀螺仪,,,,,,,,0.1107,0.0680,-0.2017
1568269896112523,加速度计,-0.0263,5.5091,6.6391,,,,,,,
1568269903636012,陀螺仪,,,,,,,,0.1192,0.0549,-0.1278
1568269906131273,加速度计,0.8721,7.1874,8.9585,,,,,,,
1568269916150023,加速度计,1.5933,9.0058,6.9133,,,,,,,
1568269923674346,陀螺仪,,,,,,,,0.1240,0.0924,-0.0883
1568269926169189,加速度计,0.4196,7.3137,5.9717,,,,,,,
1568269936192002,加速度计,0.6273,7.7087,4.0606,,,,,,,
1568269943712887,陀螺仪,,,,,,,,0.0406,0.1123,-0.0261
1568269946208668,加速度计,-0.3250,6.9462,6.1597,,,,,,,
1568269956225335,加速度计,0.0353,8.4120,5.7048,,,,,,,
1568269963746221,陀螺仪,,,,,,,,-0.0409,0.1216,0.0847
1568269966242002,加速度计,-1.1642,7.5142,8.5515,,,,,,,
1568269976258668,加速度计,-0.0844,7.9721,8.4653,,,,,,,
1568269983779762,陀螺仪,,,,,,,,-0.0128,0.1695,0.1746
1568269986275439,加速度计,0.4274,6.3788,8.9106,,,,,,,
1568269996292627,加速度计,-0.0455,7.9811,9.5199,,,,,,,
1568270003814762,陀螺仪,,,,,,,,0.0703,0.1923,0.2453
1568270006310231,加速度计,-0.3879,6.9797,11.8621,,,,,,,
1568270016328252,加速度计,1.8998,8.5269,4.6316,,,,,,,
1568270023851429,陀螺仪,,,,,,,,0.1356,0.2332,0.2373
1568270026346689,加速度计,1.5484,7.8943,-3.0789,,,,,,,
1568270036365543,加速度计,1.8064,8.0529,-2.4271,,,,,,,
1568270043889762,陀螺仪,,,,,,,,-0.1372,0.1630,0.1422
1568270046384814,加速度计,-1.5071,5.2607,11.0893,,,,,,,
1568270056404502,加速度计,-1.5496,9.2614,12.8928,,,,,,,
1568270063929762,陀螺仪,,,,,,,,0.0204,0.2186,0.2497
1568270066424606,加速度计,-0.6859,9.4535,7.9338,,,,,,,
1568270076445023,加速度计,1.0834,6.5104,4.1533,,,,,,,
1568270083970596,陀螺仪,,,,,,,,-0.0091,0.2189,0.2386
1568270086465439,加速度计,0.6764,3.5841,4.2192,,,,,,,
1568270096485856,加速度计,0.4208,6.0537,3.9756,,,,,,,
1568270104011429,陀螺仪,,,,,,,,0.0089,0.2158,0.2019
1568270106506273,加速度计,0.4076,6.4548,8.7143,,,,,,,
1568270116526689,加速度计,-1.0199,6.6948,11.5550,,,,,,,
1568270126547106,加速度计,0.3011,9.1740,4.4005,,,,,,,
1568270124052262,陀螺仪,,,,,,,,0.1220,0.2437,0.2738
1568270136567314,加速度计,2.3810,10.1550,2.1159,,,,,,,
1568270146586689,加速度计,0.6524,6.9629,7.5884,,,,,,,
1568270144091429,陀螺仪,,,,,,,,-0.0457,0.1812,0.1406
1568270156605439,加速度计,-1.1253,5.4761,11.6364,,,,,,,
1568270166624189,加速度计,-0.3244,7.2065,7.4184,,,,,,,
1568270164128929,陀螺仪,,,,,,,,0.0218,0.1979,0.1776
1568270176644398,加速度计,0.9726,6.1220,4.6489,,,,,,,
1568270186676689,加速度计,1.0762,5.0667,6.3734,,,,,,,
1568270184176637,陀螺仪,,,,,,,,-0.0049,0.1799,0.1666
1568270196676377,加速度计,-0.3442,6.7894,7.9236,,,,,,,
1568270204177054,陀螺仪,,,,,,,,0.0133,0.1487,0.1230
1568270206676689,加速度计,0.4220,8.3707,9.2183,,,,,,,
1568270216678460,加速度计,0.9134,7.5543,8.7915,,,,,,,
1568270226682418,加速度计,0.4256,7.1551,6.1357,,,,,,,
1568270224183929,陀螺仪,,,,,,,,0.0559,0.1645,0.1113
1568270236688981,加速度计,0.5423,6.8462,5.8155,,,,,,,
1568270246698564,加速度计,0.9116,7.3011,5.1517,,,,,,,
1568270244201637,陀螺仪,,,,,,,,0.0336,0.1533,0.1059
1568270256711481,加速度计,1.6640,7.6878,5.8550,,,,,,,
1568270266727731,加速度计,-0.0946,8.1169,4.6849,,,,,,,
1568270264232471,陀螺仪,,,,,,,,-0.0091,0.1635,0.1217
1568270276747314,加速度计,1.0858,8.3540,6.6194,,,,,,,
1568270286770127,加速度计,1.0121,8.6060,9.8031,,,,,,,
1568270284276429,陀螺仪,,,,,,,,-0.0743,0.1826,0.1238
1568270296795752,加速度计,0.2125,8.0876,5.5821,,,,,,,
1568270304331221,陀螺仪,,,,,,,,-0.0929,0.1860,0.1293
1568270306823773,加速度计,0.4166,4.9057,4.1378,,,,,,,
1568270316853773,加速度计,0.3681,4.5370,5.1721,,,,,,,
1568270326885335,加速度计,0.0910,4.2701,14.2994,,,,,,,
1568270324393512,陀螺仪,,,,,,,,-0.0751,0.1626,0.1193
1568270336917939,加速度计,-0.2269,6.7457,6.9408,,,,,,,
1568270346950856,加速度计,0.2532,7.6118,3.1621,,,,,,,
1568270344459137,陀螺仪,,,,,,,,0.1184,0.1851,0.0795
1568270356980960,加速度计,-0.7787,9.2404,0.1532,,,,,,,
1568270367002002,加速度计,0.4399,6.1028,9.4206,,,,,,,
1568270364506846,陀螺仪,,,,,,,,-0.0360,0.0799,0.0080
1568270377021064,加速度计,-0.3142,8.8065,9.6247,,,,,,,
1568270387039814,加速度计,-0.3496,7.1790,8.0379,,,,,,,
1568270384544554,陀螺仪,,,,,,,,0.0031,0.0437,-0.0477
1568270397058564,加速度计,0.5489,5.8562,6.3458,,,,,,,
1568270404582054,陀螺仪,,,,,,,,0.0123,0.0165,-0.0842
1568270407077314,加速度计,-0.3011,5.4648,4.1204,,,,,,,
1568270417096064,加速度计,0.4938,6.7038,7.1551,,,,,,,
1568270427115648,加速度计,-0.1419,6.6756,9.4697,,,,,,,
1568270424621221,陀螺仪,,,,,,,,-0.0190,-0.0281,-0.1015
1568270437138356,加速度计,0.2532,7.2161,7.0066,,,,,,,
1568270447150856,加速度计,1.2408,5.6940,5.8945,,,,,,,
1568270444654033,陀螺仪,,,,,,,,-0.0029,-0.0250,-0.0816
1568270457163512,加速度计,0.2239,6.4296,4.7722,,,,,,,
1568270464679971,陀螺仪,,,,,,,,-0.0768,-0.0435,-0.0690
1568270467176585,加速度计,0.8464,6.4380,9.2548,,,,,,,
1568270477190231,加速度计,0.5573,6.7564,11.1211,,,,,,,
1568270487204710,加速度计,0.0383,7.3448,7.1503,,,,,,,
1568270484708512,陀螺仪,,,,,,,,0.0162,-0.0152,-0.0101
1568270497220023,加速度计,1.2959,6.6289,4.8201,,,,,,,
1568270507236325,加速度计,1.9764,6.7600,4.9536,,,,,,,
1568270504740648,陀螺仪,,,,,,,,-0.0308,0.0001,0.0357
1568270517253877,加速度计,1.1031,7.3269,9.4739,,,,,,,
1568270527272679,加速度计,-0.1077,6.8935,8.8562,,,,,,,
1568270524777627,陀螺仪,,,,,,,,-0.0257,0.0326,0.0656
1568270537292575,加速度计,-0.1089,7.4986,6.2375,,,,,,,
1568270547313304,加速度计,1.2276,7.3586,6.4655,,,,,,,
1568270544818668,陀螺仪,,,,,,,,-0.0250,0.0775,0.1944
1568270557334866,加速度计,0.6297,6.0394,7.7339,,,,,,,
1568270564863043,陀螺仪,,,,,,,,-0.0212,0.1442,0.2483
1568270567357262,加速度计,0.6955,7.9924,4.2443,,,,,,,
1568270577380335,加速度计,0.8613,7.2137,5.2337,,,,,,,
1568270584909814,陀螺仪,,,,,,,,-0.0948,0.1603,0.2623
1568270587403825,加速度计,0.1257,6.3488,9.4338,,,,,,,
1568270597427575,加速度计,-0.3579,6.4895,9.9270,,,,,,,
1568270607451325,加速度计,0.5860,8.0625,5.8113,,,,,,,
1568270604957314,陀螺仪,,,,,,,,0.0320,0.1940,0.2896
1568270617473512,加速度计,1.5365,7.5028,2.4074,,,,,,,
1568270627508981,加速度计,1.0804,5.9897,5.0428,,,,,,,
1568270640866980,GPS,,,,31.9426,118.7826,3.3600,93.3000,,,
1568270625018564,陀螺仪,,,,,,,,-0.0318,0.1819,0.2423
1568270637514762,加速度计,0.4058,7.3005,5.9993,,,,,,,
1568270647510491,加速度计,0.6782,7.7578,9.6947,,,,,,,
1568270645009710,陀螺仪,,,,,,,,-0.0398,0.1743,0.2204
1568270657507783,加速度计,-0.1131,7.7602,10.0610,,,,,,,
1568270667507471,加速度计,1.2695,7.0737,8.5958,,,,,,,
1568270665007887,陀螺仪,,,,,,,,0.0521,0.2001,0.2469
1568270677510023,加速度计,1.8040,8.0194,5.1529,,,,,,,
1568270687526429,加速度计,1.0546,7.3269,4.9129,,,,,,,
1568270685032210,陀螺仪,,,,,,,,0.0368,0.1819,0.1607
1568270697550804,加速度计,0.1365,6.9917,5.9843,,,,,,,
1568270705085023,陀螺仪,,,,,,,,0.0364,0.1533,0.1085
1568270707577887,加速度计,1.8651,7.2305,4.6693,,,,,,,
1568270717607262,加速度计,1.5886,6.5589,5.7060,,,,,,,
1568270725146273,陀螺仪,,,,,,,,0.0036,0.1051,0.0380
1568270727638304,加速度计,1.0894,7.6896,8.3947,,,,,,,
1568270737670387,加速度计,1.2977,7.7183,9.6786,,,,,,,
1568270745211064,陀螺仪,,,,,,,,0.0909,0.1003,-0.0204
1568270747702887,加速度计,1.6783,7.9978,7.4202,,,,,,,
1568270757733512,加速度计,1.5030,6.9605,4.8177,,,,,,,
1568270767757262,加速度计,1.1163,7.2478,3.4303,,,,,,,
1568270765262002,陀螺仪,,,,,,,,0.0417,0.0253,-0.1200
1568270777776012,加速度计,0.1425,6.8462,7.4801,,,,,,,
1568270785299502,陀螺仪,,,,,,,,0.0060,-0.0668,-0.1941
1568270787794762,加速度计,-1.3186,7.8877,10.0730,,,,,,,
1568270797813512,加速度计,0.3280,5.4115,8.5407,,,,,,,
1568270805337002,陀螺仪,,,,,,,,0.1065,-0.0933,-0.2248
1568270807832262,加速度计,2.2386,7.7824,2.7150,,,,,,,
1568270817851012,加速度计,1.0840,6.6559,2.2482,,,,,,,
1568270825374502,陀螺仪,,,,,,,,-0.0618,-0.1543,-0.3027
1568270827869762,加速度计,0.6117,5.8377,5.9771,,,,,,,
1568270837888512,加速度计,-0.6548,6.8414,9.2021,,,,,,,
1568270847907262,加速度计,1.0463,6.3111,6.7433,,,,,,,
1568270845412002,陀螺仪,,,,,,,,-0.0344,-0.1276,-0.1579
1568270857926012,加速度计,1.7005,6.5745,2.0476,,,,,,,
1568270867944762,加速度计,0.7691,5.7754,4.1773,,,,,,,
1568270865449502,陀螺仪,,,,,,,,-0.1103,-0.1003,-0.1148
1568270877963512,加速度计,0.9242,6.2130,16.7846,,,,,,,
1568270885487002,陀螺仪,,,,,,,,-0.0169,-0.0298,0.0413
1568270887982262,加速度计,-1.5909,8.5832,16.9970,,,,,,,
1568270898001012,加速度计,0.9649,8.4665,6.0549,,,,,,,
1568270908019762,加速度计,2.9305,5.3624,-1.3557,,,,,,,
1568270905524502,陀螺仪,,,,,,,,0.1222,0.0320,0.1020
1568270918038512,加速度计,-0.1377,4.6334,1.7675,,,,,,,
1568270928059971,加速度计,-0.8631,7.5489,10.1921,,,,,,,
1568270925566064,陀螺仪,,,,,,,,-0.0507,0.0165,0.1304
1568270938092523,加速度计,-0.7386,9.6271,11.0726,,,,,,,
1568270948089085,加速度计,0.5255,7.8889,9.0190,,,,,,,
1568270945588408,陀螺仪,,,,,,,,0.0214,0.0899,0.3284
1568270958086793,加速度计,1.1989,5.0889,4.5675,,,,,,,
1568270965586585,陀螺仪,,,,,,,,-0.0093,0.1810,0.3551
1568270968086325,加速度计,0.1263,6.0250,4.2557,,,,,,,
1568270978088252,加速度计,-0.9475,7.0773,8.1247,,,,,,,
1568270988093252,加速度计,-0.4615,6.6080,10.8242,,,,,,,
1568270985595075,陀螺仪,,,,,,,,-0.0305,0.2409,0.5246
1568270998101741,加速度计,0.3819,7.3215,8.6257,,,,,,,
1568271005617679,陀螺仪,,,,,,,,0.0569,0.3446,0.6322
1568271008113981,加速度计,1.3108,7.0761,9.9635,,,,,,,
1568271018129971,加速度计,-0.0006,7.0204,8.0655,,,,,,,
1568271028149710,加速度计,-0.4393,7.4675,2.3008,,,,,,,
1568271025655283,陀螺仪,,,,,,,,0.1194,0.4285,0.6650
1568271038173043,加速度计,0.4483,7.0036,1.2713,,,,,,,
1568271048199710,加速度计,0.1047,6.2884,6.5326,,,,,,,
1568271045706950,陀螺仪,,,,,,,,-0.0639,0.4053,0.6795
1568271058229398,加速度计,-0.3549,6.6966,11.9800,,,,,,,
1568271068261429,加速度计,0.2388,8.2522,7.9871,,,,,,,
1568271065769814,陀螺仪,,,,,,,,0.0073,0.4723,0.7230
1568271078295231,加速度计,0.6249,6.0023,7.1443,,,,,,,
1568271085839033,陀螺仪,,,,,,,,0.0228,0.4906,0.6505
1568271088330127,加速度计,0.6123,6.2513,5.1924,,,,,,,
1568271098365543,加速度计,-1.3455,6.9480,8.1056,,,,,,,
1568271105902314,陀螺仪,,,,,,,,0.0469,0.4405,0.6055
1568271108396429,加速度计,-0.7937,7.4154,8.7197,,,,,,,
1568271118418043,加速度计,0.3250,7.1084,7.1724,,,,,,,
1568271128436793,加速度计,1.1384,6.4302,4.2940,,,,,,,
1568271125941533,陀螺仪,,,,,,,,0.1166,0.4155,0.5224
1568271138455543,加速度计,1.4874,5.2762,5.3403,,,,,,,
1568271148474293,加速度计,0.5866,7.4382,6.2207,,,,,,,
1568271145979033,陀螺仪,,,,,,,,0.1316,0.4224,0.4003
1568271158493043,加速度计,0.8056,7.6788,7.7650,,,,,,,
1568271168511793,加速度计,1.0546,8.9968,6.2770,,,,,,,
1568271166016533,陀螺仪,,,,,,,,0.1277,0.4109,0.3493
1568271178531950,加速度计,1.9273,9.2386,6.5434,,,,,,,
1568271188553773,加速度计,2.0536,8.1397,4.7537,,,,,,,
1568271186056741,陀螺仪,,,,,,,,0.0210,0.3605,0.2181
1568271198565439,加速度计,0.3304,6.0220,5.6443,,,,,,,
1568271208577314,加速度计,2.2003,7.3849,9.5271,,,,,,,
1568271206080387,陀螺仪,,,,,,,,-0.0792,0.2826,0.1040
1568271218589814,加速度计,-0.0407,4.5358,13.8205,,,,,,,
1568271226106637,陀螺仪,,,,,,,,0.1280,0.3015,-0.0025
1568271228603148,加速度计,1.5874,8.7813,7.3771,,,,,,,
1568271238617314,加速度计,0.8194,7.9063,2.8479,,,,,,,
1568271246136533,陀螺仪,,,,,,,,0.0638,0.1879,-0.1925
1568271248632523,加速度计,1.8166,6.1040,5.5875,,,,,,,
1568271258648981,加速度计,0.0688,7.6315,6.8522,,,,,,,
1568271268666689,加速度计,0.3639,8.6981,6.2513,,,,,,,
1568271266171325,陀螺仪,,,,,,,,0.0463,0.1141,-0.2774
1568271278685648,加速度计,1.6400,7.3017,6.5128,,,,,,,
1568271286211116,陀螺仪,,,,,,,,0.0312,0.0826,-0.3081
1568271288705856,加速度计,1.0451,7.0234,7.9817,,,,,,,
1568271298727106,加速度计,1.8070,6.6954,6.6571,,,,,,,
1568271306254866,陀螺仪,,,,,,,,0.0543,0.0755,-0.3337
1568271308749189,加速度计,1.1696,7.5747,5.9286,,,,,,,
1568271318772106,加速度计,1.0690,7.8033,6.3776,,,,,,,
1568271326301637,陀螺仪,,,,,,,,0.0248,0.0667,-0.3249
1568271328795648,加速度计,0.8667,6.4195,6.4931,,,,,,,
1568271338819606,加速度计,1.6299,8.7221,4.6705,,,,,,,
1568271346349866,陀螺仪,,,,,,,,-0.0418,0.0425,-0.3284
1568271348843773,加速度计,0.3172,6.8881,8.9388,,,,,,,
1568271358867939,加速度计,-0.0269,6.4009,8.4815,,,,,,,
1568271366394762,陀螺仪,,,,,,,,0.0305,0.0726,-0.2602
1568271368889814,加速度计,-0.0868,5.3648,8.0158,,,,,,,
1568271378908981,加速度计,0.4806,7.5118,5.1511,,,,,,,
1568271388927731,加速度计,-0.2969,6.0059,8.9166,,,,,,,
1568271386432471,陀螺仪,,,,,,,,0.0365,0.0423,-0.2290
1568271398946481,加速度计,0.7219,8.2007,9.8061,,,,,,,
1568271408965231,加速度计,-0.7590,6.7002,9.3895,,,,,,,
1568271406469971,陀螺仪,,,,,,,,0.1093,0.0489,-0.2080
1568271418983981,加速度计,-0.0132,7.4442,6.3057,,,,,,,
1568271429003148,加速度计,-0.2759,6.5847,7.1287,,,,,,,
1568271426508096,陀螺仪,,,,,,,,0.1334,0.0409,-0.1557
1568271439023460,加速度计,0.3400,6.6942,6.2812,,,,,,,
1568271446544346,陀螺仪,,,,,,,,0.1244,0.0426,-0.1229
1568271449040127,加速度计,0.1101,7.2909,6.8301,,,,,,,
1568271459056793,加速度计,-0.3693,7.0437,5.1038,,,,,,,
1568271469073460,加速度计,0.6500,5.6551,-0.1425,,,,,,,
1568271466577679,陀螺仪,,,,,,,,0.0782,0.0638,-0.0739
1568271479090127,加速度计,0.5171,6.3021,-0.0563,,,,,,,
1568271489107002,加速度计,-0.7314,4.7208,8.9854,,,,,,,
1568271486611325,陀螺仪,,,,,,,,-0.1208,0.0551,-0.0249
1568271499124293,加速度计,-1.0858,6.3758,14.1132,,,,,,,
1568271509142002,加速度计,-0.3849,8.2253,24.1599,,,,,,,
1568271519160127,加速度计,-1.0995,8.6993,11.6807,,,,,,,
1568271506646533,陀螺仪,,,,,,,,0.0238,0.1003,0.1281
1568271529178668,加速度计,1.2097,8.1271,5.5055,,,,,,,
1568271526683408,陀螺仪,,,,,,,,0.3735,0.1852,0.1334
1568271539197627,加速度计,2.1302,5.1553,-8.6975,,,,,,,
1568271549217002,加速度计,0.6812,5.4031,10.1245,,,,,,,
1568271546721950,陀螺仪,,,,,,,,0.1013,0.0664,-0.0107
1568271559236793,加速度计,1.8609,9.6061,9.8701,,,,,,,
1568271569257002,加速度计,1.0953,12.3026,4.0342,,,,,,,
1568271566762158,陀螺仪,,,,,,,,0.2160,0.0362,-0.1201
1568271579277418,加速度计,1.5598,8.0355,2.2380,,,,,,,
1568271589297835,加速度计,1.2629,5.3385,5.7539,,,,,,,
1568271586802991,陀螺仪,,,,,,,,0.0435,-0.0144,-0.2045
1568271599318252,加速度计,1.0906,6.5140,6.2435,,,,,,,
1568271609338668,加速度计,1.4742,8.6969,5.9604,,,,,,,
1568271606843825,陀螺仪,,,,,,,,0.0471,-0.0177,-0.2256
1568271619359710,加速度计,1.5323,6.0795,8.8101,,,,,,,
1568271629382731,加速度计,0.9008,6.2560,9.1459,,,,,,,
1568271626886846,陀螺仪,,,,,,,,0.0623,-0.0324,-0.2585
1568271645355885,GPS,,,,31.9426,118.7826,3.5500,82.1000,,,
1568271639398981,加速度计,1.7597,9.0118,12.7952,,,,,,,
1568271646919346,陀螺仪,,,,,,,,0.1642,-0.0543,-0.3133
1568271649415231,加速度计,0.7596,8.6090,12.6492,,,,,,,
1568271659431481,加速度计,1.8693,7.7201,1.7400,,,,,,,
1568271666952106,陀螺仪,,,,,,,,0.3325,-0.0337,-0.3983
1568271669447887,加速度计,4.0121,8.9459,-8.9328,,,,,,,
1568271679467366,加速度计,4.9428,5.2984,-13.0873,,,,,,,
1568271687001377,陀螺仪,,,,,,,,-0.5979,-0.3306,-0.5084
1568271689499033,加速度计,-4.6190,1.3497,12.6827,,,,,,,
1568271699508200,加速度计,3.2244,7.1676,20.8110,,,,,,,
1568271709517575,加速度计,1.8794,14.2533,14.9225,,,,,,,
1568271707020023,陀螺仪,,,,,,,,0.1764,0.0739,-0.2782
1568271719527575,加速度计,1.8669,6.7864,-1.9764,,,,,,,
1568271727041585,陀螺仪,,,,,,,,-0.2352,-0.1116,-0.3438
1568271729538616,加速度计,1.9357,0.9439,1.1384,,,,,,,
1568271739551116,加速度计,-0.4627,5.5168,14.2449,,,,,,,
1568271749565283,加速度计,-1.0259,7.5585,14.4035,,,,,,,
1568271747069085,陀螺仪,,,,,,,,0.0039,-0.0513,-0.2308
1568271759581116,加速度计,2.9227,5.7922,5.9161,,,,,,,
1568271769598616,加速度计,2.7910,5.5815,6.2393,,,,,,,
1568271767103252,陀螺仪,,,,,,,,0.1293,-0.0390,-0.2068
1568271779617783,加速度计,1.0020,11.3479,2.0800,,,,,,,
1568271787144085,陀螺仪,,,,,,,,0.0181,-0.0458,-0.2736
1568271789638616,加速度计,0.7320,12.7324,5.2613,,,,,,,
1568271799660908,加速度计,0.9349,9.8875,6.7026,,,,,,,
1568271807190543,陀螺仪,,,,,,,,-0.1477,-0.0093,-0.1831
1568271809684450,加速度计,0.0186,4.0127,6.7229,,,,,,,
1568271819709033,加速度计,0.0395,4.2850,5.9280,,,,,,,
1568271829734450,加速度计,-0.6416,5.2301,9.1159,,,,,,,
1568271827240960,陀螺仪,,,,,,,,-0.1302,0.0348,-0.0383
1568271839760491,加速度计,0.1383,6.5398,10.7075,,,,,,,
1568271849786741,加速度计,0.5980,7.2407,10.4639,,,,,,,
1568271847293356,陀螺仪,,,,,,,,-0.0377,0.0449,0.0153
1568271859812366,加速度计,0.1401,6.4649,6.0106,,,,,,,
1568271867338981,陀螺仪,,,,,,,,0.0157,0.0567,-0.0257
1568271869834241,加速度计,0.2442,6.3865,2.1255,,,,,,,
1568271879852991,加速度计,-0.5165,6.6601,4.6382,,,,,,,
1568271887376481,陀螺仪,,,,,,,,-0.0574,0.0443,0.0075
1568271889871741,加速度计,0.0664,8.3031,11.6562,,,,,,,
1568271899890491,加速度计,-0.6321,7.8961,9.4320,,,,,,,
1568271909909241,加速度计,0.7278,9.0525,2.3104,,,,,,,
1568271907413981,陀螺仪,,,,,,,,0.0266,0.0875,0.0405
1568271919927991,加速度计,0.3196,9.0680,1.3431,,,,,,,
1568271929949033,加速度计,-0.1544,5.2672,10.8493,,,,,,,
1568271927457731,陀螺仪,,,,,,,,-0.1955,0.0376,-0.0176
1568271939974918,加速度计,-0.5878,4.5526,9.9006,,,,,,,
1568271947477366,陀螺仪,,,,,,,,-0.0594,0.0409,0.0429
1568271949976793,加速度计,-0.7003,1.4443,9.9838,,,,,,,
1568271959979502,加速度计,1.1480,2.3134,4.4598,,,,,,,
1568271967484971,陀螺仪,,,,,,,,0.1282,0.0246,0.0160
1568271969983668,加速度计,0.5285,7.5699,-0.8074,,,,,,,
1568271979989710,加速度计,1.0163,12.4109,7.5980,,,,,,,
1568271989998043,加速度计,2.1027,9.4972,19.0052,,,,,,,
1568271987500491,陀螺仪,,,,,,,,-0.0206,-0.0325,-0.0969
1568272000009085,加速度计,0.6782,6.9665,11.8411,,,,,,,
1568272007526950,陀螺仪,,,,,,,,0.1630,0.0288,-0.1395
1568272010023043,加速度计,1.7621,6.7319,-1.5640,,,,,,,
1568272020039918,加速度计,0.7290,4.3102,-0.3711,,,,,,,
1568272027565075,陀螺仪,,,,,,,,-0.0442,-0.0702,-0.1718
1568272030059710,加速度计,-0.0413,5.1517,7.8787,,,,,,,
1568272040082418,加速度计,0.4202,8.6419,12.5324,,,,,,,
1568272050107835,加速度计,0.8595,8.3222,9.1848,,,,,,,
1568272047614554,陀螺仪,,,,,,,,0.0289,-0.1001,-0.2230
1568272060135543,加速度计,1.7220,6.6906,4.3808,,,,,,,
1568272070165127,加速度计,0.0012,6.2100,3.3058,,,,,,,
1568272067672783,陀螺仪,,,,,,,,-0.0160,-0.0989,-0.2892
1568272080195960,加速度计,-1.8310,6.4075,9.5517,,,,,,,
1568272087735387,陀螺仪,,,,,,,,-0.0288,-0.1398,-0.1988
1568272090227418,加速度计,-1.0564,7.6974,13.3183,,,,,,,
1568272100259085,加速度计,-0.2286,8.2217,9.6857,,,,,,,
1568272110285752,加速度计,0.5046,7.3616,6.1836,,,,,,,
1568272107791221,陀螺仪,,,,,,,,0.1009,-0.0916,-0.1145
1568272120306168,加速度计,-0.7362,7.8703,3.6398,,,,,,,
1568272127829866,陀螺仪,,,,,,,,0.0688,-0.0736,-0.0507
1568272130325127,加速度计,-1.0870,9.1291,3.6966,,,,,,,
1568272140343877,加速度计,-0.7865,8.7819,6.6391,,,,,,,
1568272147867366,陀螺仪,,,,,,,,0.0129,-0.0663,0.0565
1568272150362627,加速度计,-1.0343,7.4783,6.9306,,,,,,,
1568272160381377,加速度计,-0.7829,7.3179,3.1759,,,,,,,
1568272167904866,陀螺仪,,,,,,,,-0.0156,-0.0298,0.1257
1568272170400127,加速度计,-0.4154,7.4795,2.2039,,,,,,,
1568272180419710,加速度计,-0.7649,7.4358,5.8574,,,,,,,
1568272187943408,陀螺仪,,,,,,,,-0.0961,-0.0174,0.2016
1568272190439606,加速度计,-1.4814,6.4207,10.4824,,,,,,,
1568272200454606,加速度计,-0.6255,7.7830,9.6355,,,,,,,
1568272210469606,加速度计,-0.6410,7.1371,7.8141,,,,,,,
1568272207973408,陀螺仪,,,,,,,,0.0413,0.0486,0.3039
1568272220484866,加速度计,0.2592,5.8676,3.6099,,,,,,,
1568272228004554,陀螺仪,,,,,,,,0.0337,0.0834,0.3519
1568272230500543,加速度计,0.4555,5.6533,3.6320,,,,,,,
1568272240516637,加速度计,-1.2827,6.5302,9.6133,,,,,,,
1568272248037366,陀螺仪,,,,,,,,0.0886,0.1318,0.4005
1568272250533148,加速度计,-0.6297,7.5435,7.7411,,,,,,,
1568272260550335,加速度计,-0.4004,10.2214,3.6685,,,,,,,
1568272268072991,陀螺仪,,,,,,,,-0.0152,0.1232,0.4161
1568272270568356,加速度计,-0.4663,7.4687,7.5824,,,,,,,
1568272280587210,加速度计,-0.7009,5.4241,10.9343,,,,,,,
1568272290606898,加速度计,-1.0558,6.6978,7.6638,,,,,,,
1568272288111950,陀螺仪,,,,,,,,0.0357,0.1547,0.3947
1568272300627158,加速度计,-0.5938,5.9233,3.4895,,,,,,,
1568272308153096,陀螺仪,,,,,,,,0.0093,0.1419,0.3904
1568272310647835,加速度计,-0.0204,5.8359,2.9682,,,,,,,
1568272320668929,加速度计,-0.4399,6.4212,7.4573,,,,,,,
1568272330690439,加速度计,-1.2306,7.9966,9.7510,,,,,,,
1568272328195908,陀螺仪,,,,,,,,-0.0230,0.1294,0.3108
1568272340712106,加速度计,-0.5345,8.0427,5.3409,,,,,,,
1568272348239241,陀螺仪,,,,,,,,0.0016,0.1113,0.2593
1568272350733773,加速度计,0.4399,7.1239,2.9886,,,,,,,
1568272360755439,加速度计,0.3837,6.9929,4.6813,,,,,,,
1568272368282575,陀螺仪,,,,,,,,-0.0899,0.0595,0.1915
1568272370777106,加速度计,0.2753,7.9990,12.9861,,,,,,,
1568272380796950,加速度计,1.5778,10.5782,11.2079,,,,,,,
1568272388320439,陀螺仪,,,,,,,,0.0169,0.0699,0.1028
1568272390815700,加速度计,0.4040,8.6054,8.0337,,,,,,,
1568272400834450,加速度计,0.7506,6.4021,4.3425,,,,,,,
1568272410853200,加速度计,0.7153,5.3109,5.1140,,,,,,,
1568272408357939,陀螺仪,,,,,,,,-0.0302,0.0399,0.0834
1568272420871950,加速度计,1.7101,7.6411,6.7690,,,,,,,
1568272430894085,加速度计,1.1468,5.6228,8.6969,,,,,,,
1568272428408148,陀螺仪,,,,,,,,-0.0399,0.0503,0.0345
1568272440917054,加速度计,0.5525,5.8197,6.4171,,,,,,,
1568272448417991,陀螺仪,,,,,,,,0.0067,0.0565,0.0391
1568272450917731,加速度计,0.5100,5.6713,8.1145,,,,,,,
1568272460919346,加速度计,0.5896,7.5447,6.3225,,,,,,,
1568272470922471,加速度计,0.0718,8.1086,6.9917,,,,,,,
1568272468423460,陀螺仪,,,,,,,,0.0300,0.0680,0.0617
1568272480927783,加速度计,0.3460,7.5280,4.8477,,,,,,,
1568272490935856,加速度计,-0.5255,5.0188,9.4110,,,,,,,
1568272488438200,陀螺仪,,,,,,,,-0.0640,0.0368,0.0606
1568272500946846,加速度计,-1.0193,5.6192,10.0395,,,,,,,
1568272508464918,陀螺仪,,,,,,,,0.0530,0.0498,0.0775
1568272510961012,加速度计,0.8392,7.7584,7.9092,,,,,,,
1568272520978512,加速度计,-0.0413,8.0619,5.6336,,,,,,,
1568272528504554,陀螺仪,,,,,,,,0.0236,0.0390,0.0650
1568272530999085,加速度计,-1.5191,6.4631,4.4760,,,,,,,
1568272541022575,加速度计,-1.0469,6.7361,6.5870,,,,,,,
1568272551048721,加速度计,-0.0868,6.9103,10.9672,,,,,,,
1568272548555543,陀螺仪,,,,,,,,-0.0060,0.0071,0.0870
1568272561077106,加速度计,-0.0437,7.9691,6.8097,,,,,,,
1568272568615075,陀螺仪,,,,,,,,0.0366,0.0013,0.0609
1568272571107314,加速度计,-0.9074,7.1317,3.4668,,,,,,,
1568272581138929,加速度计,-0.3454,5.7575,6.9163,,,,,,,
1568272591171273,加速度计,0.7272,6.1226,7.5741,,,,,,,
1568272588679450,陀螺仪,,,,,,,,0.0258,-0.0096,0.0855
1568272601203773,加速度计,0.9236,8.4168,4.4053,,,,,,,
1568272611230023,加速度计,-0.1257,7.6471,3.8409,,,,,,,
1568272608735700,陀螺仪,,,,,,,,0.0145,-0.0121,0.0470
1568272621250179,加速度计,0.2795,5.0745,7.8656,,,,,,,
1568272631290960,加速度计,1.0050,7.9912,6.6541,,,,,,,
1568272628790283,陀螺仪,,,,,,,,0.0387,-0.0001,0.0577
1568272641288043,加速度计,0.2017,9.0710,3.7583,,,,,,,
1568272649448750,GPS,,,,31.9426,118.7827,3.4600,83.0000,,,
1568272651285960,加速度计,0.8805,8.3737,6.1280,,,,,,,
1568272648785908,陀螺仪,,,,,,,,-0.0096,0.0158,0.0736
1568272661285543,加速度计,0.5405,7.8817,6.7732,,,,,,,
1568272671287210,加速度计,0.0204,7.0485,9.7103,,,,,,,
1568272668788408,陀螺仪,,,,,,,,-0.0921,0.0103,0.1069
1568272681291793,加速度计,1.3940,8.1930,9.5451,,,,,,,
1568272688828356,陀螺仪,,,,,,,,-0.0100,0.0601,0.1248
1568272691320596,加速度计,0.9319,5.4265,7.5723,,,,,,,
1568272701352679,加速度计,1.1474,6.4631,3.5201,,,,,,,
1568272708894606,陀螺仪,,,,,,,,-0.0236,0.0855,0.1863
1568272711386116,加速度计,0.1891,6.0358,5.2319,,,,,,,
1568272721420179,加速度计,1.5323,7.9769,8.2193,,,,,,,
1568272728962523,陀螺仪,,,,,,,,-0.0128,0.1465,0.2151
1568272731454033,加速度计,0.7799,8.6658,8.7388,,,,,,,
1568272741476846,加速度计,0.7506,6.9372,8.6030,,,,,,,
1568272749000439,陀螺仪,,,,,,,,0.0241,0.1835,0.2190
1568272751495700,加速度计,0.7392,5.1715,4.9380,,,,,,,
1568272761514450,加速度计,-0.4884,6.1483,3.2693,,,,,,,
1568272771533200,加速度计,0.0982,7.0527,9.0794,,,,,,,
1568272769037939,陀螺仪,,,,,,,,-0.0434,0.1494,0.2152
1568272781551950,加速度计,0.6710,8.0625,12.2811,,,,,,,
1568272789075439,陀螺仪,,,,,,,,0.0393,0.1499,0.1654
1568272791570700,加速度计,1.3096,8.5557,6.6385,,,,,,,
1568272801589450,加速度计,1.1941,6.1381,2.2613,,,,,,,
1568272809112939,陀螺仪,,,,,,,,-0.0049,0.1321,0.0294
1568272811608200,加速度计,0.9020,4.8339,2.9975,,,,,,,
1568272821626950,加速度计,-0.9780,7.2742,7.0396,,,,,,,
1568272829150439,陀螺仪,,,,,,,,-0.0868,0.0393,0.0072
1568272831645700,加速度计,0.0114,7.7081,13.3872,,,,,,,
1568272841664450,加速度计,1.0942,7.0803,12.6444,,,,,,,
1568272849187939,陀螺仪,,,,,,,,0.0820,0.0886,-0.0306
1568272851683200,加速度计,2.2637,5.5402,2.3260,,,,,,,
1568272861701950,加速度计,2.0159,5.7341,-0.5537,,,,,,,
1568272869225439,陀螺仪,,,,,,,,-0.0750,0.0272,-0.1049
1568272871720700,加速度计,0.0712,6.5577,6.3075,,,,,,,
1568272881739450,加速度计,0.1341,8.3797,13.8612,,,,,,,
1568272891758200,加速度计,1.2641,7.4220,10.2645,,,,,,,
1568272889262939,陀螺仪,,,,,,,,0.0057,0.0302,-0.0719
1568272901776950,加速度计,1.7454,6.4105,4.3808,,,,,,,
1568272909300439,陀螺仪,,,,,,,,0.0417,-0.0092,-0.1795
1568272911795700,加速度计,0.5046,5.3870,7.4591,,,,,,,
1568272921814450,加速度计,0.2023,8.5898,7.0743,,,,,,,
1568272931834762,加速度计,-0.3938,8.3264,9.4092,,,,,,,
1568272929343096,陀螺仪,,,,,,,,0.0350,-0.0867,-0.2434
1568272941854918,加速度计,1.0391,7.7913,5.9586,,,,,,,
1568272949374762,陀螺仪,,,,,,,,0.0395,-0.1425,-0.3076
1568272951870752,加速度计,0.3154,5.9424,2.9269,,,,,,,
1568272961886585,加速度计,0.1448,6.5553,5.6413,,,,,,,
1568272969406429,陀螺仪,,,,,,,,-0.0016,-0.2140,-0.3479
1568272971902418,加速度计,0.4016,7.5088,8.0822,,,,,,,
1568272981918564,加速度计,0.8877,7.9799,8.6598,,,,,,,
1568272991935127,加速度计,2.1075,7.1784,4.3245,,,,,,,
1568272989439346,陀螺仪,,,,,,,,0.0429,-0.2376,-0.3599
1568273001952106,加速度计,1.3934,7.3382,4.6705,,,,,,,
1568273009473929,陀螺仪,,,,,,,,-0.0079,-0.2575,-0.3876
1568273011969502,加速度计,1.0415,6.3147,9.6744,,,,,,,
1568273021987314,加速度计,1.2342,8.3713,9.2075,,,,,,,
1568273029510179,陀螺仪,,,,,,,,0.0818,-0.2217,-0.3124
1568273032005543,加速度计,1.6688,6.7953,3.5847,,,,,,,
1568273042024189,加速度计,1.5461,7.8602,-0.6871,,,,,,,
1568273049548096,陀螺仪,,,,,,,,-0.1049,-0.2328,-0.2736
1568273052043252,加速度计,1.1115,7.2574,4.7016,,,,,,,
1568273062062731,加速度计,0.5028,7.3532,15.1529,,,,,,,
1568273069587679,陀螺仪,,,,,,,,-0.0442,-0.1551,-0.0683
1568273072082627,加速度计,1.1193,7.8434,15.1104,,,,,,,
1568273082102939,加速度计,2.2793,6.5607,10.7440,,,,,,,
1568273089628929,陀螺仪,,,,,,,,0.1602,-0.0116,0.0161
1568273092123668,加速度计,2.9503,6.3979,3.0867,,,,,,,
1568273102144814,加速度计,-0.5351,6.5894,1.7107,,,,,,,
1568273109671429,陀螺仪,,,,,,,,0.0334,-0.0071,0.1003
1568273112166064,加速度计,0.1077,8.3145,0.0868,,,,,,,
1568273122187314,加速度计,-1.6436,6.7319,11.3928,,,,,,,
1568273129713929,陀螺仪,,,,,,,,-0.0261,0.0538,0.3147
1568273132208564,加速度计,-0.8613,6.8600,11.6663,,,,,,,
1568273142229814,加速度计,-0.0994,5.9448,7.3346,,,,,,,
1568273149755596,陀螺仪,,,,,,,,0.0770,0.1561,0.4282
1568273152250439,加速度计,-1.9423,8.4491,0.9912,,,,,,,
1568273162269606,加速度计,-2.4080,5.2224,7.1802,,,,,,,
1568273172288356,加速度计,-1.4299,7.9751,4.4472,,,,,,,
1568273169793096,陀螺仪,,,,,,,,0.0349,0.2116,0.5794
1568273182315439,加速度计,-1.7663,9.1895,3.5105,,,,,,,
1568273189830960,陀螺仪,,,,,,,,-0.0960,0.2087,0.6342
1568273192332054,加速度计,-1.1217,6.5745,7.5687,,,,,,,
1568273202328096,加速度计,-0.5902,5.6222,8.3270,,,,,,,
1568273212325596,加速度计,-1.7478,8.3456,7.8033,,,,,,,
1568273209825127,陀螺仪,,,,,,,,-0.0395,0.3049,0.6730
1568273222325387,加速度计,-1.5993,5.8897,9.4924,,,,,,,
1568273229828877,陀螺仪,,,,,,,,0.0156,0.3212,0.7417
1568273232327991,加速度计,-1.4485,5.1386,8.5724,,,,,,,
1568273242333825,加速度计,-0.0790,8.0595,4.3910,,,,,,,
1568273252343304,加速度计,-0.4938,7.1317,6.4955,,,,,,,
1568273249845960,陀螺仪,,,,,,,,-0.0024,0.3049,0.6835
1568273262356846,加速度计,-1.7825,6.1082,11.9339,,,,,,,
1568273269879293,陀螺仪,,,,,,,,0.0679,0.2997,0.6040
1568273272374554,加速度计,-0.8206,8.0176,5.3008,,,,,,,
1568273282396116,加速度计,0.1059,7.3885,0.0599,,,,,,,
1568273289928043,陀螺仪,,,,,,,,-0.0863,0.2192,0.4435
1568273292421429,加速度计,-0.2568,8.0409,3.4973,,,,,,,
1568273302450179,加速度计,-0.5561,4.4957,18.2714,,,,,,,
1568273309989710,陀螺仪,,,,,,,,0.0417,0.2208,0.3807
1568273312481637,加速度计,-2.3493,7.8769,13.6230,,,,,,,
1568273322515283,加速度计,-0.2891,8.5497,5.0440,,,,,,,
1568273332550387,加速度计,2.2344,7.8135,-1.8567,,,,,,,
1568273330059293,陀螺仪,,,,,,,,0.1088,0.1794,0.3614
1568273342586116,加速度计,1.6299,5.8347,7.7381,,,,,,,
1568273350130960,陀螺仪,,,,,,,,0.0009,0.1418,0.1831
1568273352621950,加速度计,0.6063,11.1528,9.0818,,,,,,,
1568273362646533,加速度计,0.4136,8.9382,7.7213,,,,,,,
1568273370170543,陀螺仪,,,,,,,,-0.0298,0.0989,0.1104
1568273372665804,加速度计,0.4579,6.2195,7.0880,,,,,,,
1568273382684554,加速度计,1.1995,4.3592,6.0124,,,,,,,
1568273390208043,陀螺仪,,,,,,,,0.0044,0.0676,0.0586
1568273392703304,加速度计,1.3862,6.6613,4.9488,,,,,,,
1568273402722054,加速度计,2.1727,8.4396,8.5641,,,,,,,
1568273410245543,陀螺仪,,,,,,,,0.0073,0.0328,-0.0378
1568273412740804,加速度计,-0.0676,7.3131,9.2500,,,,,,,
1568273422759554,加速度计,0.8906,7.1467,5.0069,,,,,,,
1568273432783043,加速度计,1.2528,7.1204,5.8640,,,,,,,
1568273430290335,陀螺仪,,,,,,,,0.0176,-0.0154,-0.0834
1568273442799033,加速度计,1.1570,5.4941,10.9445,,,,,,,
1568273452810700,加速度计,0.1179,6.6690,9.2165,,,,,,,
1568273450313721,陀螺仪,,,,,,,,0.0855,-0.0362,-0.1593
1568273462822731,加速度计,1.4293,8.4761,3.8301,,,,,,,
1568273472835543,加速度计,0.0413,4.9692,6.3752,,,,,,,
1568273470338929,陀螺仪,,,,,,,,0.0740,-0.1055,-0.1995
1568273482849189,加速度计,1.4323,6.5290,-0.1143,,,,,,,
1568273492863668,加速度计,0.7841,5.1356,6.6547,,,,,,,
1568273490367523,陀螺仪,,,,,,,,-0.0248,-0.1430,-0.2465
1568273502879346,加速度计,-0.1921,6.4997,11.0139,,,,,,,
1568273512896273,加速度计,0.2430,6.2782,12.2242,,,,,,,
1568273510400752,陀螺仪,,,,,,,,0.0459,-0.1349,-0.1798
1568273522914450,加速度计,2.3044,8.2905,5.6330,,,,,,,
1568273532933877,加速度计,-0.1712,5.5031,5.0087,,,,,,,
1568273530438981,陀螺仪,,,,,,,,0.0373,-0.1397,-0.1679
1568273542954554,加速度计,-0.0515,5.2128,9.7031,,,,,,,
1568273552976116,加速度计,0.7745,7.4490,10.9954,,,,,,,
1568273550481689,陀螺仪,,,,,,,,0.0587,-0.1077,-0.0479
1568273562998512,加速度计,0.8954,8.5694,9.3296,,,,,,,
1568273573021741,加速度计,0.6973,7.4891,5.3780,,,,,,,
1568273570527679,陀螺仪,,,,,,,,0.1168,-0.0376,0.0260
1568273583045439,加速度计,0.5094,4.3521,0.7093,,,,,,,
1568273593069554,加速度计,1.3479,6.7481,-5.1954,,,,,,,
1568273590575648,陀螺仪,,,,,,,,0.0270,0.0401,0.1182
1568273603093721,加速度计,-0.3968,8.2295,0.5249,,,,,,,
1568273613117887,加速度计,-0.3992,5.5605,24.5220,,,,,,,
1568273610623356,陀螺仪,,,,,,,,-0.2470,0.0518,0.2651
1568273623137679,加速度计,1.8848,10.9613,15.9358,,,,,,,
1568273633160283,加速度计,-0.4016,7.1461,-0.8021,,,,,,,
1568273630663773,陀螺仪,,,,,,,,0.0770,0.1586,0.2794
1568273653418437,GPS,,,,31.9426,118.7827,3.6600,76.1000,,,
1568273643174033,加速度计,0.0754,3.7332,2.6426,,,,,,,
1568273653187887,加速度计,-0.9272,4.8620,7.3951,,,,,,,
1568273650691481,陀螺仪,,,,,,,,-0.0976,0.0827,0.3615
1568273663202158,加速度计,1.2067,12.5863,7.4639,,,,,,,
1568273670720648,陀螺仪,,,,,,,,-0.0292,0.1321,0.2910
1568273673216846,加速度计,1.8022,10.1987,5.4887,,,,,,,
1568273683238773,加速度计,0.5644,4.5232,5.7090,,,,,,,
1568273693268721,加速度计,-1.0187,5.1008,5.0224,,,,,,,
1568273690774502,陀螺仪,,,,,,,,-0.0541,0.1248,0.2431
1568273703288825,加速度计,0.6303,10.4507,10.2747,,,,,,,
1568273713307627,加速度计,1.0229,8.6520,10.4579,,,,,,,
1568273710812366,陀螺仪,,,,,,,,-0.0189,0.0859,0.2382
1568273723326377,加速度计,0.7679,7.6537,6.5805,,,,,,,
1568273733345127,加速度计,1.4563,6.3117,4.0719,,,,,,,
1568273730849866,陀螺仪,,,,,,,,0.0172,0.0912,0.1710
1568273743363877,加速度计,1.5479,6.3500,3.2735,,,,,,,
1568273753382627,加速度计,0.1101,6.4817,7.9655,,,,,,,
1568273750887366,陀螺仪,,,,,,,,-0.0660,0.0758,0.1497
1568273763401377,加速度计,0.0982,5.6695,12.2439,,,,,,,
1568273773420127,加速度计,2.6438,7.3885,6.3386,,,,,,,
1568273770924866,陀螺仪,,,,,,,,0.0992,0.1290,0.2328
1568273783438877,加速度计,2.3391,8.8609,0.4758,,,,,,,
1568273793457627,加速度计,1.1690,7.6573,0.2017,,,,,,,
1568273790962366,陀螺仪,,,,,,,,-0.0097,0.1559,0.1602
1568273803476377,加速度计,-0.5854,6.1800,6.5529,,,,,,,
1568273813495127,加速度计,-0.8021,6.5799,13.5739,,,,,,,
1568273810999866,陀螺仪,,,,,,,,-0.1064,0.1634,0.2465
1568273823513877,加速度计,0.6806,8.1726,10.3567,,,,,,,
1568273833532627,加速度计,2.6157,8.6850,6.9246,,,,,,,
1568273831037366,陀螺仪,,,,,,,,0.0133,0.2605,0.3890
1568273843551377,加速度计,0.8589,6.7457,4.5035,,,,,,,
1568273853570127,加速度计,0.0377,5.4875,7.1054,,,,,,,
1568273863588877,加速度计,0.1580,4.7064,8.5000,,,,,,,
1568273851074866,陀螺仪,,,,,,,,-0.0486,0.3137,0.3866
1568273873607627,加速度计,-0.5555,5.3403,9.6133,,,,,,,
1568273883626377,加速度计,0.4926,8.7771,7.7644,,,,,,,
1568273871112366,陀螺仪,,,,,,,,0.0953,0.4000,0.5274
1568273893645127,加速度计,2.7162,11.4730,3.6949,,,,,,,
1568273891149866,陀螺仪,,,,,,,,0.1201,0.4378,0.5611
1568273903663877,加速度计,1.0977,7.6010,3.2825,,,,,,,
1568273913682627,加速度计,-1.5760,6.0801,6.2507,,,,,,,
1568273911187366,陀螺仪,,,,,,,,-0.0511,0.4418,0.4276
1568273923701377,加速度计,-1.6095,3.0933,13.3686,,,,,,,
1568273933737887,加速度计,0.5177,6.8313,9.2446,,,,,,,
1568273931249866,陀螺仪,,,,,,,,0.1196,0.4806,0.5430
1568273943744814,加速度计,2.1338,10.0048,4.2880,,,,,,,
1568273953738877,加速度计,1.7220,5.2002,9.4912,,,,,,,
1568273951237679,陀螺仪,,,,,,,,0.0920,0.4854,0.4276
1568273963734502,加速度计,0.5614,6.1932,6.0908,,,,,,,
1568273973732523,加速度计,1.1325,8.9034,2.5815,,,,,,,
1568273983733773,加速度计,1.6005,8.0571,5.0548,,,,,,,
1568273971232575,陀螺仪,,,,,,,,0.1240,0.4681,0.3015
1568273993738721,加速度计,0.2274,5.0895,11.6346,,,,,,,
1568273991240648,陀螺仪,,,,,,,,-0.0033,0.4160,0.1768
1568274003747783,加速度计,0.1682,6.7355,12.4026,,,,,,,
1568274013761377,加速度计,1.7951,6.6355,5.9945,,,,,,,
1568274011265543,陀螺仪,,,,,,,,0.1382,0.4088,0.1413
1568274023779554,加速度计,2.5582,7.7830,0.2095,,,,,,,
1568274033801950,加速度计,2.4337,7.0874,4.4742,,,,,,,
1568274031308252,陀螺仪,,,,,,,,-0.0165,0.3651,-0.0140
1568274043828512,加速度计,0.2011,4.2952,15.5138,,,,,,,
1568274053858512,加速度计,-1.3144,5.4642,13.8786,,,,,,,
1568274051366533,陀螺仪,,,,,,,,0.1061,0.3218,-0.1027
1568274063891481,加速度计,2.1709,7.9930,1.5880,,,,,,,
1568274073926637,加速度计,2.8102,7.4178,2.2374,,,,,,,
1568274071435752,陀螺仪,,,,,,,,0.1353,0.2788,-0.1494
1568274083963512,加速度计,1.1037,6.7594,5.5019,,,,,,,
1568274094001325,加速度计,0.8116,8.3444,8.0343,,,,,,,
1568274104039241,加速度计,0.6434,8.5467,8.8023,,,,,,,
1568274091510856,陀螺仪,,,,,,,,0.0427,0.2101,-0.3369
1568274114062210,加速度计,-0.0527,5.3079,9.1016,,,,,,,
1568274124081221,加速度计,0.0407,6.3075,4.4807,,,,,,,
1568274111567210,陀螺仪,,,,,,,,0.0451,0.1293,-0.3961
1568274134099971,加速度计,1.6328,8.7622,2.4259,,,,,,,
1568274144118721,加速度计,1.3372,6.1238,11.0648,,,,,,,
1568274131604710,陀螺仪,,,,,,,,0.0784,0.1016,-0.4060
1568274154137471,加速度计,0.5578,8.3588,9.1596,,,,,,,
1568274151642210,陀螺仪,,,,,,,,0.0430,0.0521,-0.4692
1568274164157239,加速度计,0.1437,8.5048,7.9362,,,,,,,
1568274174175989,加速度计,0.7829,6.5188,4.3461,,,,,,,
1568274171681353,陀螺仪,,,,,,,,0.0770,0.0280,-0.5145
1568274184207603,加速度计,1.0289,4.5633,5.1906,,,,,,,
1568274194216666,加速度计,0.5040,8.3468,2.9401,,,,,,,
1568274204215780,加速度计,0.9996,8.2079,8.0134,,,,,,,
1568274191716457,陀螺仪,,,,,,,,0.0507,-0.0290,-0.4959
1568274214216041,加速度计,1.2611,6.9378,8.4360,,,,,,,
1568274211716457,陀螺仪,,,,,,,,0.0004,-0.0726,-0.5461
1568274224218280,加速度计,-0.7021,7.4837,4.0791,,,,,,,
1568274234222968,加速度计,1.9830,8.2390,3.3489,,,,,,,
1568274231724634,陀螺仪,,,,,,,,-0.0005,-0.0776,-0.4987
1568274244230520,加速度计,1.5323,5.2152,9.1357,,,,,,,
1568274254241353,加速度计,-0.2490,6.9552,5.5899,,,,,,,
1568274251744686,陀螺仪,,,,,,,,-0.0204,-0.0621,-0.4742
1568274264255884,加速度计,0.3986,6.9725,5.9424,,,,,,,
1568274274274166,加速度计,0.2107,6.5918,2.9616,,,,,,,
1568274271779322,陀螺仪,,,,,,,,-0.0302,-0.0579,-0.3810
1568274284295832,加速度计,1.7274,5.4205,1.6125,,,,,,,
1568274294320832,加速度计,1.5233,7.7644,3.8092,,,,,,,
1568274291827603,陀螺仪,,,,,,,,-0.1354,-0.0652,-0.3744
1568274304348801,加速度计,-1.2725,6.6248,16.3129,,,,,,,
1568274314378957,加速度计,-1.6526,8.9382,16.4691,,,,,,,
1568274311886822,陀螺仪,,,,,,,,-0.0473,-0.0374,-0.2932
1568274324410832,加速度计,-0.1443,8.3300,12.0913,,,,,,,
1568274334444009,加速度计,0.7769,7.3125,-0.2197,,,,,,,
1568274331952447,陀螺仪,,,,,,,,0.1149,-0.0024,-0.2276
1568274344477707,加速度计,-0.5333,5.2104,3.8337,,,,,,,
1568274354511457,加速度计,-0.7781,9.0495,4.6489,,,,,,,
1568274352018436,陀螺仪,,,,,,,,-0.0079,-0.0491,-0.2442
1568274364534634,加速度计,-0.7213,7.1281,11.3611,,,,,,,
1568274374553749,加速度计,-0.3573,7.1958,8.9818,,,,,,,
1568274372058489,陀螺仪,,,,,,,,0.0238,-0.0585,-0.1901
1568274384572499,加速度计,0.9260,7.1024,1.7232,,,,,,,
1568274394591249,加速度计,0.0533,7.1006,1.7370,,,,,,,
1568274392095989,陀螺仪,,,,,,,,-0.0166,-0.0579,-0.2193
1568274404609999,加速度计,-1.0056,7.1114,11.8884,,,,,,,
1568274414628749,加速度计,0.2622,7.5268,11.8010,,,,,,,
1568274412133489,陀螺仪,,,,,,,,-0.0092,-0.0579,-0.1554
1568274424647499,加速度计,0.2951,9.4481,3.7697,,,,,,,
1568274434670572,加速度计,0.2921,8.0361,2.9155,,,,,,,
1568274432174374,陀螺仪,,,,,,,,-0.0308,-0.0559,-0.1546
1568274444685572,加速度计,-0.7937,4.3736,8.8855,,,,,,,
1568274454700572,加速度计,-0.6961,7.7153,7.5645,,,,,,,
1568274464715572,加速度计,1.6131,8.4072,6.5757,,,,,,,
1568274452204374,陀螺仪,,,,,,,,-0.0312,-0.0617,-0.0985
1568274474730989,加速度计,-0.5477,6.0567,12.6755,,,,,,,
1568274484746822,加速度计,-0.3047,5.8281,9.2853,,,,,,,
1568274472234999,陀螺仪,,,,,,,,-0.0352,-0.0660,-0.1092
1568274494763072,加速度计,0.2831,7.7273,3.5213,,,,,,,
1568274492267291,陀螺仪,,,,,,,,0.1065,-0.0273,-0.0880
1568274504779739,加速度计,-0.5561,5.9412,1.6322,,,,,,,
1568274514797239,加速度计,-0.6387,5.2678,6.7900,,,,,,,
1568274512301874,陀螺仪,,,,,,,,-0.0324,-0.0622,-0.0667
1568274524815572,加速度计,-0.9451,5.6246,7.5782,,,,,,,
1568274534834739,加速度计,-0.4262,8.1612,8.7574,,,,,,,
1568274532339686,陀螺仪,,,,,,,,-0.0228,-0.0629,-0.0218
1568274544854322,加速度计,-0.5124,3.1819,13.1525,,,,,,,
1568274554874322,加速度计,-1.2246,4.0247,10.1125,,,,,,,
1568274552379478,陀螺仪,,,,,,,,0.1325,-0.0446,0.0141
1568274564894739,加速度计,0.9194,6.7989,1.5634,,,,,,,
1568274574915572,加速度计,0.5854,10.2514,1.9279,,,,,,,
1568274584936822,加速度计,-0.3262,8.8310,5.4187,,,,,,,
1568274572420936,陀螺仪,,,,,,,,0.1350,-0.0656,-0.0035
1568274594958489,加速度计,0.2047,8.8663,7.5800,,,,,,,
1568274592463957,陀螺仪,,,,,,,,-0.0541,-0.0731,-0.0328
1568274604980155,加速度计,-0.0431,5.4169,10.7775,,,,,,,
1568274615001822,加速度计,0.2777,6.6295,12.3792,,,,,,,
1568274612507291,陀螺仪,,,,,,,,-0.0419,-0.0820,-0.0146
1568274625023489,加速度计,0.3639,6.7594,12.8922,,,,,,,
1568274632550468,陀螺仪,,,,,,,,0.1270,-0.0595,-0.0502
1568274635047395,加速度计,0.8745,8.2875,-1.2971,,,,,,,
1568274649378540,GPS,,,,31.9426,118.7827,4.6100,71.0000,,,
1568274645059478,加速度计,0.9673,5.8903,0.0180,,,,,,,
1568274652574947,陀螺仪,,,,,,,,-0.0569,-0.1200,-0.0696
1568274655071770,加速度计,1.1522,7.2413,1.1438,,,,,,,
1568274665084478,加速度计,-0.2628,6.0944,12.6432,,,,,,,
1568274672601301,陀螺仪,,,,,,,,-0.0185,-0.0750,-0.0417
1568274675097811,加速度计,1.6628,9.4349,13.6745,,,,,,,
1568274685141509,加速度计,1.2408,9.7235,11.0002,,,,,,,
1568274695156926,加速度计,0.6518,6.0968,5.9921,,,,,,,
1568274692660832,陀螺仪,,,,,,,,0.0963,-0.0625,-0.0656
1568274705172343,加速度计,0.5956,6.7109,2.2547,,,,,,,
1568274715187759,加速度计,0.2873,8.2498,4.6023,,,,,,,
1568274725203593,加速度计,0.4202,6.2303,8.1983,,,,,,,
1568274712691770,陀螺仪,,,,,,,,0.0252,-0.0983,-0.0796
1568274735219843,加速度计,1.3144,7.6561,3.1747,,,,,,,
1568274745236509,加速度计,0.8344,7.3753,2.6456,,,,,,,
1568274732724061,陀螺仪,,,,,,,,0.0240,-0.0593,-0.0459
1568274755253593,加速度计,-0.2095,5.9855,8.3193,,,,,,,
1568274752758020,陀螺仪,,,,,,,,-0.1065,-0.0791,-0.0636
1568274765271093,加速度计,0.6446,6.5206,10.0880,,,,,,,
1568274775289009,加速度计,0.8021,6.7229,7.5208,,,,,,,
1568274772793645,陀螺仪,,,,,,,,-0.0557,-0.0804,-0.0294
1568274785307343,加速度计,0.5590,6.0148,4.3389,,,,,,,
1568274795326093,加速度计,0.0108,5.4175,8.5682,,,,,,,
1568274792830936,陀螺仪,,,,,,,,-0.0196,-0.0626,-0.0485
1568274805345259,加速度计,0.2227,6.7301,8.2295,,,,,,,
1568274815364843,加速度计,-0.4956,9.6414,7.0665,,,,,,,
1568274812869895,陀螺仪,,,,,,,,0.0318,-0.0696,-0.0234
1568274825384843,加速度计,0.3591,8.2612,6.5966,,,,,,,
1568274835405259,加速度计,0.7560,6.8642,12.1907,,,,,,,
1568274832910520,陀螺仪,,,,,,,,0.0031,-0.0822,-0.0369
1568274845426093,加速度计,-0.1245,7.6896,9.6792,,,,,,,
1568274855447343,加速度计,-0.2023,6.7696,4.2910,,,,,,,
1568274865468593,加速度计,1.1929,7.3041,-1.1223,,,,,,,
1568274852952707,陀螺仪,,,,,,,,0.1270,-0.0418,0.0049
1568274875489843,加速度计,-0.1508,6.1495,5.8023,,,,,,,
1568274872995207,陀螺仪,,,,,,,,-0.0277,-0.0863,-0.0000
1568274885511093,加速度计,-1.0175,7.7249,12.1212,,,,,,,
1568274895532343,加速度计,1.2893,10.9152,8.6646,,,,,,,
1568274893037603,陀螺仪,,,,,,,,0.0146,-0.0398,0.0770
1568274905553176,加速度计,1.2797,6.5326,7.2802,,,,,,,
1568274915571926,加速度计,-0.7219,4.4323,2.9538,,,,,,,
1568274913076666,陀螺仪,,,,,,,,0.0134,0.0040,0.0550
1568274925590676,加速度计,-1.4635,4.2419,5.1128,,,,,,,
1568274935626874,加速度计,0.5369,7.1688,3.3190,,,,,,,
1568274933127343,陀螺仪,,,,,,,,-0.0108,-0.0198,0.1446
1568274945628541,加速度计,0.8619,9.0046,7.6525,,,,,,,
1568274955630624,加速度计,1.4461,8.0936,10.6237,,,,,,,
1568274953131509,陀螺仪,,,,,,,,-0.0722,-0.0025,0.1447
1568274965633957,加速度计,1.3659,7.6555,8.5677,,,,,,,
1568274975638957,加速度计,-0.2520,6.9067,6.7570,,,,,,,
1568274973140780,陀螺仪,,,,,,,,-0.0250,0.0558,0.1172
1568274985646041,加速度计,0.7667,6.1567,6.8971,,,,,,,
1568274995655624,加速度计,0.7590,5.8329,8.3456,,,,,,,
1568274993158801,陀螺仪,,,,,,,,-0.0662,0.0557,0.1688
1568275005668124,加速度计,0.0515,5.9849,13.8636,,,,,,,
1568275015683541,加速度计,1.4760,6.2848,7.9877,,,,,,,
1568275013188176,陀螺仪,,,,,,,,0.0563,0.0927,0.1527
1568275025701874,加速度计,0.4471,4.6040,2.4846,,,,,,,
1568275035723124,加速度计,1.3922,5.9149,-1.7765,,,,,,,
1568275033229114,陀螺仪,,,,,,,,0.0557,0.0830,0.0935
1568275045746874,加速度计,-0.2975,5.6838,5.1589,,,,,,,
1568275055773124,加速度计,0.3693,6.8504,7.2107,,,,,,,
1568275053280259,陀螺仪,,,,,,,,-0.0692,0.0688,0.0924
1568275065801457,加速度计,1.3928,7.8344,7.2520,,,,,,,
1568275075831457,加速度计,0.5812,8.0595,10.2711,,,,,,,
1568275073339218,陀螺仪,,,,,,,,-0.0672,0.1000,0.0870
1568275085862291,加速度计,-0.1323,5.9167,10.6961,,,,,,,
1568275095893541,加速度计,0.5716,7.1688,6.4763,,,,,,,
1568275093401405,陀螺仪,,,,,,,,0.0069,0.1478,0.0985
1568275105924791,加速度计,0.5806,9.1961,2.9892,,,,,,,
1568275115948957,加速度计,-0.4962,6.1393,9.4894,,,,,,,
1568275113453697,陀螺仪,,,,,,,,-0.0880,0.0864,0.0751
1568275125967707,加速度计,-0.4890,7.8129,10.2185,,,,,,,
1568275135986457,加速度计,0.3442,8.1427,4.4101,,,,,,,
1568275146005207,加速度计,-0.0036,6.0663,1.0630,,,,,,,
1568275133491197,陀螺仪,,,,,,,,0.0041,0.0916,0.0349
1568275156023957,加速度计,-0.9457,6.1752,8.4479,,,,,,,
1568275153528697,陀螺仪,,,,,,,,-0.1004,0.0212,-0.0252
1568275166042707,加速度计,-0.6817,10.1388,14.7950,,,,,,,
1568275176061457,加速度计,-0.3615,9.2470,12.6450,,,,,,,
1568275173566822,陀螺仪,,,,,,,,0.0383,0.0401,-0.0144
1568275186084895,加速度计,0.7416,6.2435,2.6683,,,,,,,
1568275196099061,加速度计,0.1748,5.5402,0.4836,,,,,,,
1568275193602655,陀螺仪,,,,,,,,0.0522,0.0123,-0.0272
1568275206113228,加速度计,1.0481,5.9903,6.0914,,,,,,,
1568275213631145,陀螺仪,,,,,,,,0.0041,-0.0162,-0.0760
1568275216127447,加速度计,-0.5154,8.0858,9.8671,,,,,,,
1568275226142082,加速度计,-0.7991,8.4336,5.6575,,,,,,,
1568275233661197,陀螺仪,,,,,,,,0.0174,-0.0190,-0.0601
1568275236157186,加速度计,1.0259,6.6319,4.4682,,,,,,,
1568275246173124,加速度计,0.7452,6.9318,4.7106,,,,,,,
1568275256189895,加速度计,0.2532,7.0366,6.9198,,,,,,,
1568275253694322,陀螺仪,,,,,,,,-0.0410,-0.0427,-0.1150
1568275266207499,加速度计,-0.1909,7.4699,5.9646,,,,,,,
1568275273730780,陀螺仪,,,,,,,,-0.0694,-0.0871,-0.1234
1568275276225936,加速度计,0.1694,7.1521,4.5412,,,,,,,
1568275286245207,加速度计,1.8268,6.6397,6.4242,,,,,,,
1568275293770572,陀螺仪,,,,,,,,-0.1020,-0.0968,-0.1948
1568275296265311,加速度计,1.0678,6.1770,6.6463,,,,,,,
1568275306286197,加速度计,-0.1538,5.5797,9.0231,,,,,,,
1568275313812968,陀螺仪,,,,,,,,-0.0348,-0.1142,-0.2001
1568275316307499,加速度计,0.4663,6.0292,10.6650,,,,,,,
1568275326329218,加速度计,1.0499,7.1706,9.2668,,,,,,,
1568275333856874,陀螺仪,,,,,,,,0.1154,-0.1200,-0.2321
1568275336351301,加速度计,1.2719,7.1311,6.2920,,,,,,,
1568275346373384,加速度计,0.8481,7.0431,1.2228,,,,,,,
1568275353901041,陀螺仪,,,,,,,,0.0406,-0.1587,-0.2807
1568275356395468,加速度计,0.2658,8.0661,2.6288,,,,,,,
1568275366417499,加速度计,-0.1604,7.3903,6.7935,,,,,,,
1568275373943541,陀螺仪,,,,,,,,-0.0509,-0.2001,-0.2453
1568275376438801,加速度计,-0.1299,8.6449,12.3254,,,,,,,
1568275386457551,加速度计,0.1437,7.4843,12.8910,,,,,,,
1568275393981041,陀螺仪,,,,,,,,0.0939,-0.1469,-0.1976
1568275396476301,加速度计,1.2228,8.1277,6.8474,,,,,,,
1568275406495051,加速度计,-0.0706,8.6694,1.6281,,,,,,,
1568275414018541,陀螺仪,,,,,,,,0.0322,-0.1559,-0.1723
1568275416513801,加速度计,0.1784,4.8123,4.5753,,,,,,,
1568275426533384,加速度计,-1.0654,8.4198,5.0099,,,,,,,
1568275434071926,陀螺仪,,,,,,,,-0.0381,-0.1439,-0.0668
1568275436573228,加速度计,-0.2316,7.8117,10.4465,,,,,,,
1568275446567916,加速度计,0.4525,8.9226,5.4217,,,,,,,
1568275456563541,加速度计,-1.2426,5.6234,4.5226,,,,,,,
1568275454062864,陀螺仪,,,,,,,,-0.0635,-0.0896,-0.0164
1568275466560936,加速度计,-2.5355,6.7846,7.2754,,,,,,,
1568275474061718,陀螺仪,,,,,,,,-0.1422,-0.1212,0.0979
1568275476560936,加速度计,-0.2975,4.6058,13.5380,,,,,,,
1568275486564322,加速度计,-0.4417,8.1624,10.6362,,,,,,,
1568275494074270,陀螺仪,,,,,,,,0.0020,-0.0650,0.1567
1568275496571509,加速度计,-1.5054,6.9366,4.1162,,,,,,,
1568275506582864,加速度计,-0.8571,5.2906,3.7918,,,,,,,
1568275516598384,加速度计,-1.4305,4.0851,5.0165,,,,,,,
1568275514103228,陀螺仪,,,,,,,,-0.0467,-0.0277,0.2277
1568275526618020,加速度计,-0.9792,7.2215,10.5195,,,,,,,
1568275534148124,陀螺仪,,,,,,,,-0.0403,-0.0083,0.3509
1568275536641405,加速度计,-0.3992,6.5308,12.9951,,,,,,,
1568275546668489,加速度计,0.8212,5.2990,5.2409,,,,,,,
1568275556698801,加速度计,-1.0253,6.6469,-2.4193,,,,,,,
1568275554206978,陀螺仪,,,,,,,,0.0297,0.0594,0.3756
1568275566731561,加速度计,-1.3844,4.9626,10.8637,,,,,,,
1568275576766301,加速度计,-0.1365,7.5046,15.4971,,,,,,,
1568275574275311,陀螺仪,,,,,,,,-0.0157,0.0840,0.4896
1568275594347395,陀螺仪,,,,,,,,0.0796,0.1489,0.5015
1568275586802186,加速度计,-0.1921,9.9132,7.9745,,,,,,,
1568275596838384,加速度计,0.2155,8.4545,2.0279,,,,,,,
1568275606872082,加速度计,-0.9924,4.4981,7.7171,,,,,,,
1568275614395572,陀螺仪,,,,,,,,0.0538,0.1964,0.5300
1568275616890832,加速度计,-0.1125,5.8401,5.2924,,,,,,,
1568275626913176,加速度计,0.2520,7.9266,4.2359,,,,,,,
1568275642812186,GPS,,,,31.9426,118.7828,3.6800,71.4000,,,
1568275634433436,陀螺仪,,,,,,,,0.0142,0.2079,0.5671
1568275636932864,加速度计,0.2209,7.6435,7.0814,,,,,,,
1568275646935259,加速度计,0.9529,6.2866,10.2107,,,,,,,
1568275654439686,陀螺仪,,,,,,,,0.0868,0.2742,0.5257
1568275656938697,加速度计,1.5197,9.5391,5.8580,,,,,,,
1568275666943697,加速度计,0.0479,9.3428,4.6172,,,,,,,
1568275674452603,陀螺仪,,,,,,,,-0.0084,0.2670,0.4550
1568275676950676,加速度计,0.8398,6.6403,5.8682,,,,,,,
1568275686978697,加速度计,1.0666,6.5440,8.7909,,,,,,,
1568275694534166,陀螺仪,,,,,,,,0.0123,0.2601,0.3840
1568275697023280,加速度计,1.5921,8.0457,7.6267,,,,,,,
1568275707060468,加速度计,1.5083,7.2173,7.6758,,,,,,,
1568275714583957,陀螺仪,,,,,,,,0.0498,0.2490,0.2502
1568275717079218,加速度计,1.9722,7.4927,3.5877,,,,,,,
1568275727097968,加速度计,2.0482,5.3708,4.9488,,,,,,,
1568275734621457,陀螺仪,,,,,,,,-0.0097,0.1888,0.0848
1568275737116718,加速度计,0.2568,7.8727,7.4436,,,,,,,
1568275747135468,加速度计,-0.0694,7.2215,13.4746,,,,,,,
1568275754658957,陀螺仪,,,,,,,,0.0975,0.1578,-0.0047
1568275757154218,加速度计,3.0628,9.2039,10.0610,,,,,,,
1568275767172968,加速度计,1.2037,6.4763,5.5713,,,,,,,
1568275777191718,加速度计,1.0648,6.2950,2.1171,,,,,,,
1568275774696457,陀螺仪,,,,,,,,0.1008,0.0991,-0.1562
1568275787210468,加速度计,1.0517,5.2577,6.6834,,,,,,,
1568275797229218,加速度计,1.8806,8.4276,4.2449,,,,,,,
1568275794733957,陀螺仪,,,,,,,,0.0260,0.0289,-0.2401
1568275807247968,加速度计,2.2266,5.5492,6.6559,,,,,,,
1568275817266718,加速度计,1.6700,6.5332,7.1832,,,,,,,
1568275814771457,陀螺仪,,,,,,,,0.0028,0.0076,-0.3341
1568275827285468,加速度计,0.9361,5.4576,6.6960,,,,,,,
1568275837304218,加速度计,1.1863,6.8887,7.8099,,,,,,,
1568275834808957,陀螺仪,,,,,,,,0.0154,-0.0297,-0.3722
1568275847322968,加速度计,0.4208,9.8833,9.9527,,,,,,,
1568275857341718,加速度计,0.8751,7.6596,11.3419,,,,,,,
1568275854846457,陀螺仪,,,,,,,,0.0322,-0.0815,-0.4178
1568275867360468,加速度计,1.1199,6.2177,5.9699,,,,,,,
1568275874883957,陀螺仪,,,,,,,,0.0683,-0.0860,-0.4467
1568275877379218,加速度计,0.2885,8.9118,0.5734,,,,,,,
1568275887397968,加速度计,0.5321,4.4682,5.8879,,,,,,,
1568275894921457,陀螺仪,,,,,,,,-0.0670,-0.1473,-0.4129
1568275897416718,加速度计,0.0874,7.0820,7.6094,,,,,,,
1568275907435468,加速度计,0.0652,7.6704,8.3761,,,,,,,
1568275914958957,陀螺仪,,,,,,,,-0.0138,-0.1272,-0.3405
1568275917454218,加速度计,1.9483,6.6481,7.9464,,,,,,,
1568275927473593,加速度计,0.3729,7.0467,6.5841,,,,,,,
1568275937501822,加速度计,0.6279,6.9911,7.0809,,,,,,,
1568275935004270,陀螺仪,,,,,,,,0.0312,-0.1027,-0.2980
1568275947511405,加速度计,1.5502,7.5765,6.7439,,,,,,,
1568275955023593,陀螺仪,,,,,,,,-0.0033,-0.0996,-0.2574
1568275957521041,加速度计,-0.4417,7.8189,9.2267,,,,,,,
1568275967531145,加速度计,0.9158,7.0593,10.2059,,,,,,,
1568275975045207,陀螺仪,,,,,,,,0.0633,-0.0518,-0.1864
1568275977542134,加速度计,0.9864,6.2297,6.1770,,,,,,,
1568275987554374,加速度计,1.0936,6.8325,3.0909,,,,,,,
1568275995071718,陀螺仪,,,,,,,,0.0137,-0.0446,-0.1607
1568275997567916,加速度计,0.2759,5.5773,5.4612,,,,,,,
1568276007583124,加速度计,-0.4758,8.0134,6.2333,,,,,,,
1568276017599999,加速度计,1.3910,7.4873,7.6686,,,,,,,
1568276015104634,陀螺仪,,,,,,,,-0.0244,-0.0413,-0.1008
1568276027618541,加速度计,1.8603,6.6996,5.9550,,,,,,,
1568276035144218,陀螺仪,,,,,,,,-0.0437,0.0089,-0.1182
1568276037638749,加速度计,-0.2765,6.1962,7.6166,,,,,,,
1568276047660572,加速度计,0.0341,6.9773,6.5481,,,,,,,
1568276055189739,陀螺仪,,,,,,,,-0.0622,0.0063,-0.0590
1568276057683645,加速度计,0.5195,6.3548,10.0209,,,,,,,
1568276067707916,加速度计,-0.0988,7.1006,9.0980,,,,,,,
1568276077732968,加速度计,0.4878,5.0823,9.4918,,,,,,,
1568276075239374,陀螺仪,,,,,,,,0.0001,0.0041,-0.0525
1568276087758436,加速度计,0.5124,5.9125,6.1238,,,,,,,
1568276097784270,加速度计,-0.1712,7.0880,4.8435,,,,,,,
1568276095290780,陀螺仪,,,,,,,,0.0662,-0.0140,-0.0752
1568276107809791,加速度计,-0.0108,6.1064,7.3017,,,,,,,
1568276117832603,加速度计,-0.1850,7.4466,7.7548,,,,,,,
1568276115337447,陀螺仪,,,,,,,,0.0625,-0.0360,-0.1088
1568276127851718,加速度计,-0.1957,8.9358,4.1156,,,,,,,
1568276137870468,加速度计,0.1305,8.2642,6.2722,,,,,,,
1568276135375207,陀螺仪,,,,,,,,-0.0032,-0.0794,-0.1228
1568276147889218,加速度计,-0.9930,6.8582,8.0248,,,,,,,
1568276155412707,陀螺仪,,,,,,,,0.0064,-0.0917,-0.0939
1568276157907968,加速度计,-0.8823,6.5182,9.4266,,,,,,,
1568276167926718,加速度计,0.1263,7.4244,8.1942,,,,,,,
1568276177946509,加速度计,-0.2466,7.3089,7.9511,,,,,,,
1568276175453332,陀螺仪,,,,,,,,0.0802,-0.1016,-0.0703
1568276187983332,加速度计,-0.1676,7.2305,3.9582,,,,,,,
1568276195475989,陀螺仪,,,,,,,,0.0875,-0.0884,-0.0772
1568276197977291,加速度计,-0.6141,7.9924,-1.3096,,,,,,,
1568276207972291,加速度计,-0.3118,7.1670,-0.9505,,,,,,,
1568276217969166,加速度计,-1.9243,6.6277,11.8860,,,,,,,
1568276215468905,陀螺仪,,,,,,,,-0.1695,-0.1666,-0.0152
1568276227968749,加速度计,-0.7685,7.6321,16.6720,,,,,,,
1568276235473280,陀螺仪,,,,,,,,0.0724,-0.0415,0.1065
1568276237971770,加速度计,1.1917,9.7013,5.8508,,,,,,,
1568276247978645,加速度计,0.2634,7.4214,1.1947,,,,,,,
1568276255493280,陀螺仪,,,,,,,,-0.0799,-0.0759,0.0752
1568276257989686,加速度计,-0.2149,5.3558,3.4321,,,,,,,
1568276268004999,加速度计,-0.1736,6.0244,11.2120,,,,,,,
1568276278024791,加速度计,-0.8871,8.5970,11.3383,,,,,,,
1568276275530572,陀螺仪,,,,,,,,-0.0210,-0.0473,0.1569
1568276288048645,加速度计,0.1867,7.0838,9.0627,,,,,,,
1568276298076145,加速度计,1.4180,5.7108,3.2148,,,,,,,
1568276295583697,陀螺仪,,,,,,,,0.0905,0.0250,0.1895
1568276308106874,加速度计,1.4419,6.5685,1.8190,,,,,,,
1568276315649114,陀螺仪,,,,,,,,-0.0257,-0.0032,0.1622
1568276318140311,加速度计,-0.9744,7.2467,7.5334,,,,,,,
1568276328175624,加速度计,-0.9379,8.1942,8.8891,,,,,,,
1568276335721405,陀螺仪,,,,,,,,0.0040,0.0357,0.2144
1568276338212082,加速度计,1.2845,7.0892,7.4921,,,,,,,
1568276348249166,加速度计,0.2682,8.0044,7.3304,,,,,,,
1568276355787864,陀螺仪,,,,,,,,0.0025,0.0148,0.1639
1568276358282395,加速度计,-0.7272,6.8839,9.5720,,,,,,,
1568276368303332,加速度计,0.8170,6.9593,7.8075,,,,,,,
1568276375826822,陀螺仪,,,,,,,,0.0511,0.0033,0.1152
1568276378322082,加速度计,-0.1490,8.4019,5.1290,,,,,,,
1568276388340832,加速度计,0.0108,6.9983,4.4329,,,,,,,
1568276395864322,陀螺仪,,,,,,,,-0.0083,-0.0220,0.0836
1568276398359582,加速度计,0.9858,5.6617,9.0303,,,,,,,
1568276408378332,加速度计,0.3627,8.2935,6.0035,,,,,,,
1568276418397082,加速度计,0.5423,7.5196,4.5113,,,,,,,
1568276415901822,陀螺仪,,,,,,,,-0.0040,-0.0165,0.0905
1568276428416770,加速度计,1.0068,6.2854,5.8389,,,,,,,
1568276435942707,陀螺仪,,,,,,,,-0.0365,0.0141,0.0695
1568276438439843,加速度计,0.8320,8.0002,5.1858,,,,,,,
1568276448451093,加速度计,-1.2462,8.1828,12.0949,,,,,,,
1568276458462499,加速度计,-0.4040,7.7602,14.9416,,,,,,,
1568276455965468,陀螺仪,,,,,,,,-0.0109,0.0293,0.1357
1568276468474478,加速度计,0.0060,6.9528,6.0005,,,,,,,
1568276478487291,加速度计,-0.1443,4.1348,2.0656,,,,,,,
1568276475990676,陀螺仪,,,,,,,,0.1055,0.0562,0.1662
1568276488501093,加速度计,-0.6159,5.3325,1.6741,,,,,,,
1568276498516145,加速度计,-0.8900,7.8308,6.7762,,,,,,,
1568276496020155,陀螺仪,,,,,,,,0.0037,0.0467,0.1939
1568276508532447,加速度计,-0.6183,8.4653,7.7859,,,,,,,
1568276516054634,陀螺仪,,,,,,,,-0.0539,0.0374,0.2065
1568276518549999,加速度计,-1.7615,6.8079,5.2966,,,,,,,
1568276528568801,加速度计,-0.9571,2.8982,6.9133,,,,,,,
1568276536094114,陀螺仪,,,,,,,,-0.0308,0.0463,0.2115
1568276538588853,加速度计,0.1006,6.9552,7.0581,,,,,,,
1568276548610155,加速度计,-1.4563,8.3929,8.8430,,,,,,,
1568276556138332,陀螺仪,,,,,,,,-0.0270,0.0318,0.1948
1568276558632551,加速度计,0.6602,7.7165,8.2672,,,,,,,
1568276568655780,加速度计,0.4298,6.3548,6.7008,,,,,,,
1568276576185780,陀螺仪,,,,,,,,-0.0399,0.0270,0.1679
1568276578679686,加速度计,-0.8254,3.7894,9.6013,,,,,,,
1568276588703853,加速度计,1.4575,6.4338,5.6198,,,,,,,
1568276596234114,陀螺仪,,,,,,,,-0.0097,0.0333,0.1714
1568276598728020,加速度计,1.0217,7.3622,7.6555,,,,,,,
1568276608752030,加速度计,1.4138,6.3823,10.7170,,,,,,,
1568276616278645,陀螺仪,,,,,,,,0.0479,0.0755,0.1674
1568276618773905,加速度计,1.1558,8.0266,7.0342,,,,,,,
1568276628802447,加速度计,1.7561,7.5028,9.1099,,,,,,,
1568276638811614,加速度计,1.1720,9.2039,4.5089,,,,,,,
1568276653689008,GPS,,,,31.9427,118.7828,3.5100,72.4000,,,
1568276636313957,陀螺仪,,,,,,,,0.0636,0.1148,0.1643
1568276648820780,加速度计,0.2921,7.2329,4.6459,,,,,,,
1568276658830364,加速度计,1.9291,7.3149,5.3929,,,,,,,
1568276656333020,陀螺仪,,,,,,,,-0.0127,0.1056,0.1635
1568276668840780,加速度计,0.6416,7.5537,8.8837,,,,,,,
1568276678852447,加速度计,1.1007,7.0988,7.5561,,,,,,,
1568276676356457,陀螺仪,,,,,,,,0.0188,0.1176,0.1360
1568276688875884,加速度计,1.8759,8.6389,4.8524,,,,,,,
1568276696413176,陀螺仪,,,,,,,,0.0035,0.1003,0.0450
1568276698905624,加速度计,0.9894,6.4691,6.1381,,,,,,,
1568276708935624,加速度计,0.0802,5.8185,7.0773,,,,,,,
1568276716466666,陀螺仪,,,,,,,,0.0590,0.0972,0.0032
1568276718961718,加速度计,0.7685,7.6980,4.4508,,,,,,,
1568276728980989,加速度计,1.8334,8.8035,1.4503,,,,,,,
1568276736504478,陀螺仪,,,,,,,,-0.0851,0.0414,-0.0818
1568276738999739,加速度计,1.1337,6.8696,5.9813,,,,,,,
1568276749018489,加速度计,0.3735,8.3001,8.7382,,,,,,,
1568276756541978,陀螺仪,,,,,,,,-0.0948,0.0252,-0.1392
1568276759037239,加速度计,0.8260,6.1459,13.1160,,,,,,,
1568276769055989,加速度计,1.3563,5.4947,7.7782,,,,,,,
1568276776579478,陀螺仪,,,,,,,,-0.0023,-0.0000,-0.1525
1568276779074739,加速度计,0.3777,5.4791,4.2282,,,,,,,
1568276789093489,加速度计,1.4617,4.6232,5.7485,,,,,,,
1568276796616978,陀螺仪,,,,,,,,0.0075,-0.0391,-0.2186
1568276799112239,加速度计,0.9074,7.4202,8.1373,,,,,,,
1568276809130989,加速度计,1.0654,6.6367,7.6782,,,,,,,
1568276816654478,陀螺仪,,,,,,,,0.0502,-0.0461,-0.2511
1568276819149739,加速度计,0.8775,7.7698,5.5725,,,,,,,
1568276829168489,加速度计,-0.1903,7.8913,7.7159,,,,,,,
1568276836691978,陀螺仪,,,,,,,,0.0063,-0.0858,-0.2482
1568276839187239,加速度计,0.8769,6.6888,11.0498,,,,,,,
1568276849205989,加速度计,0.3382,7.1778,6.7678,,,,,,,
1568276856729478,陀螺仪,,,,,,,,0.0840,-0.0751,-0.2409
1568276859224739,加速度计,0.7608,7.2287,5.8395,,,,,,,
1568276869243489,加速度计,0.1443,6.2423,4.8309,,,,,,,
1568276876766978,陀螺仪,,,,,,,,0.0521,-0.0750,-0.1985
1568276879262239,加速度计,0.8027,7.7794,2.4175,,,,,,,
1568276889280989,加速度计,0.6009,8.8939,2.8060,,,,,,,
1568276899299739,加速度计,-0.6009,7.6046,7.8165,,,,,,,
1568276896804478,陀螺仪,,,,,,,,-0.1008,-0.0842,-0.1719
1568276909318489,加速度计,-0.3077,6.5763,11.8776,,,,,,,
1568276919337239,加速度计,-0.9571,8.6161,8.9812,,,,,,,
1568276916841978,陀螺仪,,,,,,,,-0.0368,-0.0301,-0.0242
1568276929356145,加速度计,0.7787,7.5747,5.9167,,,,,,,
1568276939376145,加速度计,1.3653,5.8311,5.7126,,,,,,,
1568276936880780,陀螺仪,,,,,,,,-0.0248,-0.0088,0.0403
1568276949394478,加速度计,-0.4603,8.7005,4.0157,,,,,,,
1568276956917447,陀螺仪,,,,,,,,-0.0635,0.0130,0.0631
1568276959412811,加速度计,-0.3663,6.8738,9.2380,,,,,,,
1568276969431145,加速度计,0.8865,6.6188,8.1026,,,,,,,
1568276976954114,陀螺仪,,,,,,,,-0.0293,0.0623,0.1245
1568276979449478,加速度计,-0.1041,7.0264,8.2283,,,,,,,
1568276989467811,加速度计,-0.5668,7.0509,7.1335,,,,,,,
1568276999486145,加速度计,0.7213,6.3776,8.0170,,,,,,,
1568276996990780,陀螺仪,,,,,,,,-0.0140,0.0951,0.1712
1568277009504478,加速度计,-0.3011,6.2052,6.7032,,,,,,,
1568277019522811,加速度计,-0.2274,5.6162,6.2770,,,,,,,
1568277017027447,陀螺仪,,,,,,,,0.0067,0.1336,0.2282
1568277029541145,加速度计,1.4958,5.3828,4.0079,,,,,,,
1568277039559478,加速度计,-0.0730,6.0621,7.8608,,,,,,,
1568277037064114,陀螺仪,,,,,,,,-0.0277,0.1587,0.2662
1568277049577811,加速度计,0.6907,6.9881,8.5000,,,,,,,
1568277057100780,陀螺仪,,,,,,,,-0.0005,0.2153,0.2816
1568277059596145,加速度计,1.3420,7.1886,11.2665,,,,,,,
1568277069614478,加速度计,0.1437,7.1024,8.2857,,,,,,,
1568277077137447,陀螺仪,,,,,,,,0.0593,0.2715,0.2792
1568277079632811,加速度计,1.4377,6.6176,4.7734,,,,,,,
1568277089651145,加速度计,0.6710,4.4383,3.6446,,,,,,,
1568277097174114,陀螺仪,,,,,,,,-0.0354,0.2293,0.2129
1568277099669478,加速度计,0.1748,6.9432,5.1026,,,,,,,
1568277109687811,加速度计,0.9451,6.9067,11.0337,,,,,,,
1568277117210780,陀螺仪,,,,,,,,0.0044,0.2013,0.1459
1568277119706145,加速度计,1.0367,7.6405,10.5656,,,,,,,
1568277129724478,加速度计,1.3755,7.3053,8.5150,,,,,,,
1568277139742811,加速度计,0.7799,6.8935,4.0103,,,,,,,
1568277137247447,陀螺仪,,,,,,,,0.0718,0.1895,-0.0162
1568277149761145,加速度计,0.2682,6.7445,3.2142,,,,,,,
1568277157284374,陀螺仪,,,,,,,,-0.0134,0.0577,-0.1477
1568277159779634,加速度计,-0.0503,8.0762,7.1850,,,,,,,
1568277169798541,加速度计,-0.1963,6.6008,12.9885,,,,,,,
1568277179819426,加速度计,1.0247,7.5112,6.5841,,,,,,,
1568277177325416,陀螺仪,,,,,,,,0.0897,-0.0057,-0.2310
1568277189846614,加速度计,1.4796,7.9440,3.7415,,,,,,,
1568277199864947,加速度计,0.5626,9.1476,2.1332,,,,,,,
1568277197369582,陀螺仪,,,,,,,,0.0522,-0.0774,-0.3787
1568277209883280,加速度计,-0.0180,7.6495,7.0198,,,,,,,
1568277217406249,陀螺仪,,,,,,,,0.0040,-0.1510,-0.4510
1568277219901614,加速度计,0.0622,7.5118,9.5900,,,,,,,
1568277229919947,加速度计,0.2418,7.9577,7.0246,,,,,,,
1568277237442916,陀螺仪,,,,,,,,0.0449,-0.1645,-0.4073
1568277239938280,加速度计,0.6931,6.0310,6.4111,,,,,,,
1568277249956614,加速度计,1.2025,7.4771,3.5578,,,,,,,
1568277257479582,陀螺仪,,,,,,,,-0.0153,-0.1779,-0.4136
1568277259974947,加速度计,0.3753,7.5064,3.3489,,,,,,,
1568277269993280,加速度计,-0.0024,6.5817,5.8167,,,,,,,
1568277277516249,陀螺仪,,,,,,,,-0.0503,-0.1690,-0.3163
1568277280011614,加速度计,-0.1508,7.0006,8.6251,,,,,,,
1568277290029947,加速度计,0.3944,6.7403,8.9453,,,,,,,
1568277300048280,加速度计,1.0205,8.1481,6.4266,,,,,,,
1568277297552916,陀螺仪,,,,,,,,0.0127,-0.1016,-0.1912
1568277310066614,加速度计,0.8039,6.2549,4.7178,,,,,,,
1568277317589582,陀螺仪,,,,,,,,-0.0405,-0.0635,-0.1194
1568277320084947,加速度计,-0.6782,6.6038,3.6009,,,,,,,
1568277330103280,加速度计,-0.7236,6.6032,8.3797,,,,,,,
1568277337626249,陀螺仪,,,,,,,,-0.0402,-0.0360,0.0044
1568277340121614,加速度计,0.2831,7.5657,10.8679,,,,,,,
1568277350139947,加速度计,-0.4483,7.9098,11.7555,,,,,,,
1568277360158280,加速度计,-0.2436,8.1804,5.2038,,,,,,,
1568277357662916,陀螺仪,,,,,,,,0.0558,0.0398,0.0912
1568277370176614,加速度计,0.4100,5.6922,2.9221,,,,,,,
1568277380194947,加速度计,-0.0796,6.5745,3.5045,,,,,,,
1568277377699582,陀螺仪,,,,,,,,-0.0092,0.0586,0.1165
1568277390213280,加速度计,-0.4387,7.5561,6.1357,,,,,,,
1568277397736249,陀螺仪,,,,,,,,-0.0380,0.0929,0.1603
1568277400231614,加速度计,-1.9788,7.3298,6.5434,,,,,,,
1568277410250155,加速度计,-0.2496,7.8937,8.0008,,,,,,,
1568277417773645,陀螺仪,,,,,,,,-0.0638,0.0795,0.2233
1568277420268905,加速度计,-0.9056,7.5459,14.7555,,,,,,,
1568277430288489,加速度计,-0.2562,7.3005,9.3260,,,,,,,
1568277440313853,加速度计,0.9343,8.4605,0.7446,,,,,,,
1568277437819843,陀螺仪,,,,,,,,0.0987,0.1566,0.2509
1568277450335103,加速度计,0.6189,6.1729,2.3152,,,,,,,
1568277460353853,加速度计,-0.7362,5.7832,10.8014,,,,,,,
1568277457858593,陀螺仪,,,,,,,,-0.0843,0.1027,0.1703
1568277470372603,加速度计,-0.8877,8.4635,9.9030,,,,,,,
1568277477896093,陀螺仪,,,,,,,,0.0073,0.1140,0.1822
1568277480391353,加速度计,0.5351,9.3559,3.0975,,,,,,,
1568277490410103,加速度计,-0.0970,5.6904,7.1024,,,,,,,
1568277500428853,加速度计,-0.0599,5.8173,9.3931,,,,,,,
1568277497933593,陀螺仪,,,,,,,,-0.0513,0.0819,0.0752
1568277510447603,加速度计,-0.1867,8.1780,7.7919,,,,,,,
1568277517971093,陀螺仪,,,,,,,,-0.0053,0.0487,0.0217
1568277520466353,加速度计,-0.0658,7.1395,3.4866,,,,,,,
1568277530485103,加速度计,0.7266,5.7293,4.0594,,,,,,,
1568277538008593,陀螺仪,,,,,,,,-0.0738,0.0053,-0.0726
1568277540503853,加速度计,-0.4274,4.3431,10.5195,,,,,,,
1568277550522603,加速度计,-0.9828,8.3606,9.4499,,,,,,,
1568277558046093,陀螺仪,,,,,,,,0.0499,-0.0333,-0.0973
1568277560541353,加速度计,-0.8386,8.0391,8.2193,,,,,,,
1568277570560103,加速度计,0.5944,7.4077,3.5644,,,,,,,
1568277580578853,加速度计,0.4310,5.3588,6.5170,,,,,,,
1568277578083593,陀螺仪,,,,,,,,-0.0089,-0.1222,-0.1803
1568277590597603,加速度计,-0.0084,6.0448,9.2763,,,,,,,
1568277600616353,加速度计,0.2143,7.0497,7.0264,,,,,,,
1568277598121093,陀螺仪,,,,,,,,0.0297,-0.1467,-0.2418
1568277610635103,加速度计,0.5561,5.8712,5.4360,,,,,,,
1568277618158593,陀螺仪,,,,,,,,0.0200,-0.1712,-0.2459
1568277620653853,加速度计,1.7310,6.1693,2.5732,,,,,,,
1568277630702030,加速度计,0.7632,6.8540,5.4456,,,,,,,
1568277640692447,加速度计,0.5028,7.6213,12.2757,,,,,,,
1568277654971612,GPS,,,,31.9427,118.7828,3.5000,71.8000,,,
1568277638190311,陀螺仪,,,,,,,,-0.0884,-0.1936,-0.2461
1568277650683697,加速度计,1.0187,6.2010,15.9442,,,,,,,
1568277660677030,加速度计,2.2248,7.2000,3.9522,,,,,,,
1568277658176145,陀螺仪,,,,,,,,0.1079,-0.0987,-0.1838
1568277670673280,加速度计,1.0283,6.2608,-1.4940,,,,,,,
1568277680673280,加速度计,-0.3298,5.1218,2.6462,,,,,,,
1568277678186197,陀螺仪,,,,,,,,-0.0462,-0.1178,-0.1369
1568277690752030,加速度计,0.9553,6.9348,12.7779,,,,,,,
1568277698309999,陀螺仪,,,,,,,,0.0374,-0.0325,-0.0047
1568277700805155,加速度计,1.6011,9.8150,11.0768,,,,,,,
1568277710824114,加速度计,1.6340,9.6977,2.9916,,,,,,,
1568277718347603,陀螺仪,,,,,,,,-0.0134,0.0149,-0.0134
1568277720842864,加速度计,0.6722,5.8466,3.4758,,,,,,,
1568277730861614,加速度计,-0.0640,6.6092,5.5492,,,,,,,
1568277738385103,陀螺仪,,,,,,,,-0.0732,0.0169,0.0695
1568277740880364,加速度计,-0.0168,7.7770,9.4421,,,,,,,
1568277750899114,加速度计,0.3998,9.2470,7.5028,,,,,,,
1568277758422603,陀螺仪,,,,,,,,-0.0225,0.0527,0.0590
1568277760917864,加速度计,1.0139,7.0671,5.7664,,,,,,,
1568277770936614,加速度计,0.0012,5.7203,7.0258,,,,,,,
1568277778460103,陀螺仪,,,,,,,,-0.0198,0.0410,0.0397
1568277780955364,加速度计,-0.3819,7.8967,5.9149,,,,,,,
1568277790974114,加速度计,-0.0994,7.6405,7.4280,,,,,,,
1568277798497603,陀螺仪,,,,,,,,-0.0365,0.0182,-0.0103
1568277800992864,加速度计,0.8936,6.6864,6.4787,,,,,,,
1568277811011614,加速度计,0.2472,5.8502,7.2131,,,,,,,
1568277818535103,陀螺仪,,,,,,,,-0.0020,-0.0136,-0.0474
1568277821030364,加速度计,0.3873,6.8085,8.6173,,,,,,,
1568277831049114,加速度计,0.9810,9.5714,3.5775,,,,,,,
1568277838572603,陀螺仪,,,,,,,,-0.0390,-0.0457,-0.1252
1568277841067864,加速度计,0.4322,6.8295,6.7696,,,,,,,
1568277851086614,加速度计,0.8505,6.1537,7.0964,,,,,,,
1568277861105364,加速度计,-0.1077,5.9909,6.5344,,,,,,,
1568277858610103,陀螺仪,,,,,,,,-0.0438,-0.0646,-0.1656
1568277871124114,加速度计,1.1630,7.0485,3.4985,,,,,,,
1568277881142864,加速度计,0.5890,6.5122,11.7334,,,,,,,
1568277878647603,陀螺仪,,,,,,,,-0.1152,-0.1174,-0.1909
1568277891161614,加速度计,0.8781,6.4368,15.2588,,,,,,,
1568277901180364,加速度计,1.1756,7.1820,6.2447,,,,,,,
1568277898685103,陀螺仪,,,,,,,,0.0786,-0.0804,-0.2103
1568277911199114,加速度计,0.8960,7.5735,-1.7657,,,,,,,
1568277918722603,陀螺仪,,,,,,,,-0.0565,-0.1565,-0.2268
1568277921217864,加速度计,-0.9948,5.5833,5.9693,,,,,,,
1568277931238905,加速度计,0.0305,7.1425,10.2382,,,,,,,
1568277938765103,陀螺仪,,,,,,,,-0.0189,-0.1458,-0.1852
1568277941264426,加速度计,1.1504,8.5281,10.0808,,,,,,,
1568277951267134,加速度计,0.9319,8.0589,5.7730,,,,,,,
1568277958771770,陀螺仪,,,,,,,,0.0333,-0.0795,-0.1489
1568277961270676,加速度计,-0.5578,4.2425,3.7996,,,,,,,
1568277971275676,加速度计,-1.1384,8.7478,2.3780,,,,,,,
1568277981282551,加速度计,-0.7649,8.0505,15.4163,,,,,,,
1568277978784582,陀螺仪,,,,,,,,-0.0748,-0.1330,-0.0262
1568277991291718,加速度计,0.7506,7.8009,13.5775,,,,,,,
1568278001303384,加速度计,1.5125,7.9679,2.2787,,,,,,,
1568277998806666,陀螺仪,,,,,,,,0.1281,-0.0222,0.0210
1568278011317759,加速度计,-0.9547,6.3925,-1.9495,,,,,,,
1568278018839791,陀螺仪,,,,,,,,-0.0559,-0.0577,0.0591
1568278021335051,加速度计,-2.2763,5.5522,8.1547,,,,,,,
1568278031355051,加速度计,-0.0335,7.4472,13.7756,,,,,,,
1568278038883541,陀螺仪,,,,,,,,0.0671,0.0133,0.1786
1568278041377551,加速度计,1.0056,8.3318,5.4941,,,,,,,
1568278051402343,加速度计,0.6566,5.6479,-0.5501,,,,,,,
1568278061429009,加速度计,1.3114,5.4983,2.0093,,,,,,,
1568278058935936,陀螺仪,,,,,,,,-0.0692,0.0365,0.1716
1568278071457134,加速度计,-0.5297,5.5240,13.5931,,,,,,,
1568278081486301,加速度计,-0.3891,8.0451,13.0269,,,,,,,
1568278078993749,陀螺仪,,,,,,,,-0.0193,0.1091,0.2522
1568278091516093,加速度计,0.5010,8.3228,4.5101,,,,,,,
1568278101546093,加速度计,0.9960,4.2665,3.6823,,,,,,,
1568278099053645,陀螺仪,,,,,,,,-0.0387,0.1281,0.2690
1568278111573176,加速度计,0.4579,4.2323,7.8482,,,,,,,
1568278119099374,陀螺仪,,,,,,,,-0.0463,0.1264,0.2378
1568278121594634,加速度计,0.1598,7.5711,15.5713,,,,,,,
1568278131613384,加速度计,0.4705,7.8368,16.8660,,,,,,,
1568278141632134,加速度计,1.6526,6.6445,6.7612,,,,,,,
1568278139136874,陀螺仪,,,,,,,,0.2041,0.2033,0.2402
1568278151650884,加速度计,0.9517,5.6054,-3.1975,,,,,,,
1568278159174374,陀螺仪,,,,,,,,0.0467,0.1200,0.1089
1568278161669634,加速度计,1.3126,7.4663,-3.6524,,,,,,,
1568278171688384,加速度计,-0.2179,7.4735,13.7266,,,,,,,
1568278181708176,加速度计,-0.9170,8.6670,13.2286,,,,,,,
1568278179214374,陀螺仪,,,,,,,,0.0208,0.0755,0.0109
1568278191727864,加速度计,0.6327,8.1253,5.3175,,,,,,,
1568278199245624,陀螺仪,,,,,,,,0.0618,0.0294,-0.0796
1568278201742030,加速度计,0.1844,6.1423,1.2019,,,,,,,
1568278211756197,加速度计,0.4824,5.0823,4.9321,,,,,,,
1568278219274322,陀螺仪,,,,,,,,0.0029,-0.0617,-0.2115
1568278221770624,加速度计,0.3932,9.2799,7.5992,,,,,,,
1568278231785468,加速度计,0.0132,8.8113,4.4035,,,,,,,
1568278239304999,陀螺仪,,,,,,,,-0.0469,-0.1258,-0.2855
1568278241800989,加速度计,0.1365,5.5539,5.9502,,,,,,,
1568278251817343,加速度计,0.4567,6.1740,9.7468,,,,,,,
1568278259338957,陀螺仪,,,,,,,,-0.0019,-0.1565,-0.2767
1568278261834530,加速度计,0.6297,9.3200,9.5044,,,,,,,
1568278271852551,加速度计,1.4048,10.5925,9.3308,,,,,,,
1568278279376249,陀螺仪,,,,,,,,0.0345,-0.1666,-0.3405
1568278281871405,加速度计,0.3974,6.1363,6.2800,,,,,,,
1568278291891093,加速度计,0.2634,5.1290,0.3621,,,,,,,
1568278299416874,陀螺仪,,,,,,,,-0.0309,-0.2337,-0.3373
1568278301911614,加速度计,0.1826,6.5374,9.9910,,,,,,,
1568278311932707,加速度计,-0.0467,8.9166,9.9892,,,,,,,
1568278319459686,陀螺仪,,,,,,,,0.0719,-0.1788,-0.2694
1568278321954218,加速度计,1.2037,7.8177,7.0934,,,,,,,
1568278331976145,加速度计,0.4124,6.4344,1.8753,,,,,,,
1568278341998228,加速度计,-0.3639,4.2916,2.9826,,,,,,,
1568278339503801,陀螺仪,,,,,,,,0.0071,-0.1499,-0.1762
1568278352020311,加速度计,-0.1215,7.8937,7.8051,,,,,,,
1568278362042395,加速度计,-0.3537,9.5116,11.6789,,,,,,,
1568278359547968,陀螺仪,,,,,,,,-0.0138,-0.1173,-0.0237
1568278372063436,加速度计,-0.6464,6.8169,11.3108,,,,,,,
1568278379587551,陀螺仪,,,,,,,,0.1246,0.0025,0.1112
1568278382082811,加速度计,-0.5549,7.3951,4.1144,,,,,,,
1568278392101561,加速度计,-0.2568,6.8181,4.3568,,,,,,,
1568278402120311,加速度计,0.2490,8.2648,7.7644,,,,,,,
1568278399625051,陀螺仪,,,,,,,,0.0643,0.0144,0.2032
1568278412139061,加速度计,-0.9254,9.8635,5.2361,,,,,,,
1568278422157811,加速度计,-0.6327,8.3432,1.8370,,,,,,,
1568278419662551,陀螺仪,,,,,,,,-0.0490,0.0383,0.2156
1568278432180728,加速度计,-1.2450,4.7788,10.7847,,,,,,,
1568278439703489,陀螺仪,,,,,,,,-0.0236,0.0497,0.2724
1568278442204686,加速度计,-1.6023,5.7604,10.3459,,,,,,,
1568278452200207,加速度计,-0.0353,7.9110,8.2606,,,,,,,
1568278459696509,陀螺仪,,,,,,,,0.0385,0.0493,0.2465
1568278462197082,加速度计,0.3621,8.6868,5.2188,,,,,,,
1568278472196145,加速度计,0.4184,6.2860,8.6419,,,,,,,
1568278479698749,陀螺仪,,,,,,,,0.0828,0.0921,0.2158
1568278482197968,加速度计,-0.9128,6.6277,6.3877,,,,,,,
1568278492203228,加速度计,-1.5915,8.7700,-0.4711,,,,,,,
1568278499714895,陀螺仪,,,,,,,,-0.0419,0.0475,0.2164
1568278502212239,加速度计,1.3838,6.2076,5.7150,,,,,,,
1568278512225259,加速度计,0.1814,5.0009,12.7240,,,,,,,
1568278519747186,陀螺仪,,,,,,,,0.0364,0.0571,0.2040
1568278522242447,加速度计,-0.1317,7.8117,8.6383,,,,,,,
1568278532263541,加速度计,0.7865,8.8699,2.7102,,,,,,,
1568278542288384,加速度计,1.7873,8.3582,4.5616,,,,,,,
1568278539794999,陀螺仪,,,,,,,,0.0027,0.0583,0.1349
1568278552316718,加速度计,-0.8374,4.8369,14.9219,,,,,,,
1568278559855936,陀螺仪,,,,,,,,0.0602,0.0454,0.1051
1568278562347864,加速度计,-0.7919,8.8220,9.8737,,,,,,,
1568278572381249,加速度计,0.5728,7.0473,3.1807,,,,,,,
1568278582416197,加速度计,1.0056,7.3364,-2.5121,,,,,,,
1568278579925103,陀螺仪,,,,,,,,0.0230,0.0128,0.0617
1568278592451874,加速度计,-1.2468,3.1388,9.0327,,,,,,,
1568278602487707,加速度计,0.1407,6.7223,14.2036,,,,,,,
1568278599996718,陀螺仪,,,,,,,,-0.0629,-0.0385,0.0075
1568278612514166,加速度计,-0.3334,7.2203,10.9295,,,,,,,
1568278622533697,加速度计,-0.0856,6.1998,4.6555,,,,,,,
1568278620038436,陀螺仪,,,,,,,,0.0868,-0.0503,0.0015
1568278632564791,加速度计,0.2568,5.6084,1.5975,,,,,,,
1568278642567395,加速度计,0.3083,6.8761,4.8088,,,,,,,
1568278652570624,加速度计,0.6057,7.9679,7.1180,,,,,,,
1568278640068176,陀螺仪,,,,,,,,0.0104,-0.0854,-0.0557
1568278672362081,GPS,,,,31.9427,118.7829,3.6400,73.7000,,,
1568278660076718,陀螺仪,,,,,,,,-0.0754,-0.1198,-0.0759
1568278662575207,加速度计,-0.3615,6.0675,14.0641,,,,,,,
1568278672581561,加速度计,0.7608,7.1144,9.7073,,,,,,,
1568278682592707,加速度计,1.5490,6.8450,2.5720,,,,,,,
1568278680103384,陀螺仪,,,,,,,,0.0491,-0.0629,-0.0748
1568278692638645,加速度计,-0.6207,6.1483,1.3677,,,,,,,
1568278702679166,加速度计,0.4238,4.7429,9.7863,,,,,,,
1568278700188801,陀螺仪,,,,,,,,-0.0882,-0.1142,-0.0158
1568278712702811,加速度计,1.8459,6.5152,13.3830,,,,,,,
1568278720226301,陀螺仪,,,,,,,,0.0597,-0.0298,0.0245
1568278722721561,加速度计,0.4435,9.1752,6.0256,,,,,,,
1568278732740311,加速度计,1.1301,9.8839,2.2356,,,,,,,
1568278742759061,加速度计,-0.2628,4.6232,7.1605,,,,,,,
1568278740263801,陀螺仪,,,,,,,,-0.0386,-0.0149,0.0451
1568278752777811,加速度计,-0.2616,8.3929,8.2384,,,,,,,
1568278760301301,陀螺仪,,,,,,,,-0.0282,0.0016,0.1273
1568278762796561,加速度计,0.1173,7.3676,9.0692,,,,,,,
1568278772815311,加速度计,0.8793,6.7163,7.6794,,,,,,,
1568278782834061,加速度计,0.0239,6.5440,4.1952,,,,,,,
1568278780338801,陀螺仪,,,,,,,,0.0188,0.0325,0.1226
1568278792852811,加速度计,-0.4417,7.3843,6.8187,,,,,,,
1568278802871561,加速度计,0.8637,6.5062,7.1593,,,,,,,
1568278800376301,陀螺仪,,,,,,,,0.0236,0.0201,0.1240
1568278812890311,加速度计,0.5501,8.8196,2.2667,,,,,,,
1568278820413801,陀螺仪,,,,,,,,-0.0602,0.0073,0.0839
1568278822909061,加速度计,0.4579,7.1952,4.5939,,,,,,,
1568278832927811,加速度计,0.4298,6.1866,10.0353,,,,,,,
1568278840451301,陀螺仪,,,,,,,,-0.0417,0.0212,0.0746
1568278842946561,加速度计,0.6512,8.5036,9.0190,,,,,,,
1568278852965311,加速度计,1.1163,7.5920,6.7989,,,,,,,
1568278860488801,陀螺仪,,,,,,,,-0.0383,0.0080,0.0322
1568278862984061,加速度计,1.8812,4.7567,9.2051,,,,,,,
1568278873002811,加速度计,0.1006,7.2969,9.4733,,,,,,,
1568278880526301,陀螺仪,,,,,,,,0.0726,0.0140,0.0176
1568278883021561,加速度计,0.8541,7.6746,7.6764,,,,,,,
1568278893040311,加速度计,0.9912,7.9841,7.2778,,,,,,,
1568278903059061,加速度计,0.6494,6.7522,2.0548,,,,,,,
1568278900563801,陀螺仪,,,,,,,,0.0609,-0.0057,-0.0334
1568278913077811,加速度计,1.2899,5.3965,4.3407,,,,,,,
1568278920601301,陀螺仪,,,,,,,,-0.0594,-0.0642,-0.0586
1568278923096561,加速度计,-0.8703,7.3496,4.8710,,,,,,,
1568278933116874,加速度计,0.7272,5.5821,13.4907,,,,,,,
1568278940640364,陀螺仪,,,,,,,,0.0518,-0.0237,-0.0092
1568278943137916,加速度计,1.5874,8.5048,7.8404,,,,,,,
1568278953147499,加速度计,2.1709,8.1313,6.7935,,,,,,,
1568278960659895,陀螺仪,,,,,,,,0.0399,-0.0253,-0.1020
1568278963157343,加速度计,-0.6650,6.9971,5.5306,,,,,,,
1568278973167864,加速度计,-0.3950,6.5481,5.6557,,,,,,,
1568278983179478,加速度计,0.0856,6.9157,5.5935,,,,,,,
1568278980682551,陀螺仪,,,,,,,,0.0494,-0.0286,-0.0385
1568278993192343,加速度计,0.7823,7.6172,5.4582,,,,,,,
1568279003206718,加速度计,1.0576,8.2331,8.8358,,,,,,,
1568279000710520,陀螺仪,,,,,,,,0.0011,-0.0458,-0.0065
1568279013222759,加速度计,0.6674,9.0160,8.0355,,,,,,,
1568279023240468,加速度计,-0.0461,7.7656,5.8849,,,,,,,
1568279020745103,陀螺仪,,,,,,,,0.0193,-0.0039,-0.0072
1568279033259843,加速度计,1.0265,5.8712,3.4363,,,,,,,
1568279043280884,加速度计,-0.0449,7.0282,3.9139,,,,,,,
1568279040786353,陀螺仪,,,,,,,,-0.0373,-0.0003,0.0457
1568279053303332,加速度计,0.8212,5.6395,9.8797,,,,,,,
1568279063327030,加速度计,0.4220,7.5561,9.5116,,,,,,,
1568279060833124,陀螺仪,,,,,,,,-0.0253,0.0345,0.0858
1568279073351718,加速度计,0.4812,7.0066,7.7500,,,,,,,
1568279080883384,陀螺仪,,,,,,,,0.0149,0.0794,0.1083
1568279083376978,加速度计,1.1061,8.0134,2.0375,,,,,,,
1568279093402655,加速度计,0.3208,5.0266,7.6195,,,,,,,
1568279100934999,陀螺仪,,,,,,,,-0.0515,0.0834,0.1300
1568279103428489,加速度计,-1.1917,6.2399,12.4325,,,,,,,
1568279113452499,加速度计,-0.0311,6.9965,13.0969,,,,,,,
1568279120977551,陀螺仪,,,,,,,,0.0940,0.1284,0.2147
1568279123472811,加速度计,1.9345,8.0331,5.0583,,,,,,,
1568279133491561,加速度计,0.7458,4.9207,1.7555,,,,,,,
1568279143510311,加速度计,0.7907,5.3265,-0.7667,,,,,,,
1568279141015051,陀螺仪,,,,,,,,0.0020,0.1274,0.1413
1568279153529061,加速度计,0.6452,6.6367,7.7542,,,,,,,
1568279163547811,加速度计,-0.8074,7.1168,12.3583,,,,,,,
1568279161052551,陀螺仪,,,,,,,,-0.1008,0.1061,0.1498
1568279173566561,加速度计,0.0156,7.7770,9.7983,,,,,,,
1568279183594114,加速度计,1.4760,5.6395,7.0144,,,,,,,
1568279181114739,陀螺仪,,,,,,,,0.0205,0.1800,0.1594
1568279193610311,加速度计,0.6806,6.2770,2.2338,,,,,,,
1568279201103905,陀螺仪,,,,,,,,-0.0747,0.1449,0.1089
1568279203605103,加速度计,0.0437,6.2142,7.8901,,,,,,,
1568279213601353,加速度计,-0.5285,6.8600,12.6755,,,,,,,
1568279221099739,陀螺仪,,,,,,,,0.0639,0.1597,0.1658
1568279223599895,加速度计,1.2354,8.0260,11.7017,,,,,,,
1568279233601561,加速度计,1.5389,7.5555,4.2695,,,,,,,
1568279243606874,加速度计,2.2482,8.5473,0.8206,,,,,,,
1568279241108489,陀螺仪,,,,,,,,0.0599,0.1779,0.0671
1568279253616249,加速度计,0.8134,5.2146,2.5839,,,,,,,
1568279261133489,陀螺仪,,,,,,,,-0.0766,0.1000,-0.0256
1568279263629791,加速度计,-0.1490,6.8402,8.3169,,,,,,,
1568279273647499,加速度计,-1.1217,8.0792,11.1995,,,,,,,
1568279281175155,陀螺仪,,,,,,,,0.0137,0.0941,-0.0317
1568279283669374,加速度计,1.2540,7.7835,6.9994,,,,,,,
1568279293695103,加速度计,1.4533,8.5006,5.0290,,,,,,,
1568279301231822,陀螺仪,,,,,,,,-0.0273,0.0569,-0.1514
1568279303724270,加速度计,0.2430,7.7183,7.0449,,,,,,,
1568279313756145,加速度计,-1.2061,6.3357,7.6986,,,,,,,
1568279321298905,陀螺仪,,,,,,,,0.0173,0.0150,-0.1751
1568279323790207,加速度计,0.3316,6.8181,3.3764,,,,,,,
1568279333825728,加速度计,2.2517,7.3149,4.1108,,,,,,,
1568279343861874,加速度计,-0.5878,6.0980,8.9603,,,,,,,
1568279341370989,陀螺仪,,,,,,,,-0.0814,-0.0387,-0.2290
1568279353898124,加速度计,-0.3801,7.9990,9.0345,,,,,,,
1568279361428072,陀螺仪,,,,,,,,-0.0077,-0.0557,-0.2189
1568279363922811,加速度计,1.6813,9.4798,6.1423,,,,,,,
1568279373942082,加速度计,0.9325,5.3241,7.9428,,,,,,,
1568279381465572,陀螺仪,,,,,,,,0.0567,-0.0346,-0.2248
1568279383960832,加速度计,0.2322,7.1287,4.1126,,,,,,,
1568279393979582,加速度计,0.8290,10.0856,2.2182,,,,,,,
1568279401503072,陀螺仪,,,,,,,,-0.1004,-0.0956,-0.2688
1568279403998332,加速度计,0.5956,7.1994,6.5475,,,,,,,
1568279414017082,加速度计,-1.0750,5.5839,13.9594,,,,,,,
1568279421540572,陀螺仪,,,,,,,,0.0383,-0.0754,-0.2041
1568279424035832,加速度计,-0.4369,6.9743,9.8599,,,,,,,
1568279434059947,加速度计,-0.0467,6.8642,3.5165,,,,,,,
1568279444074270,加速度计,1.3988,8.4330,3.0376,,,,,,,
1568279441576614,陀螺仪,,,,,,,,0.0514,-0.0593,-0.1365
1568279454083436,加速度计,0.5674,6.7044,9.9216,,,,,,,
1568279464092968,加速度计,-2.0004,7.2496,11.1390,,,,,,,
1568279461595520,陀螺仪,,,,,,,,0.0398,-0.0531,-0.1073
1568279474103280,加速度计,0.4040,7.4388,5.6503,,,,,,,
1568279484114791,加速度计,1.2863,7.3957,-0.6668,,,,,,,
1568279494127916,加速度计,-1.3539,6.8612,2.6306,,,,,,,
1568279481617968,陀螺仪,,,,,,,,0.0961,-0.0040,-0.0186
1568279504142707,加速度计,0.6758,8.3336,8.3629,,,,,,,
1568279501646718,陀螺仪,,,,,,,,-0.0463,0.0036,0.0138
1568279514159166,加速度计,-0.2939,9.2769,10.5500,,,,,,,
1568279524177291,加速度计,-1.5993,7.6998,13.0993,,,,,,,
1568279521682134,陀螺仪,,,,,,,,-0.0398,0.0324,0.0738
1568279534197082,加速度计,-0.7835,6.8977,9.6624,,,,,,,
1568279544218541,加速度计,1.3240,6.1681,5.7796,,,,,,,
1568279554241301,加速度计,1.1642,6.2806,1.7238,,,,,,,
1568279541724166,陀螺仪,,,,,,,,0.0859,0.0674,0.1410
1568279564265311,加速度计,0.7919,7.0318,3.9816,,,,,,,
1568279561771509,陀螺仪,,,,,,,,0.0232,0.0695,0.0694
1568279574290207,加速度计,-0.0796,5.9185,8.6497,,,,,,,
1568279584315572,加速度计,-0.9361,9.2937,7.0419,,,,,,,
1568279581822030,陀螺仪,,,,,,,,-0.0041,0.0651,0.0643
1568279594341353,加速度计,0.5243,7.8075,5.9957,,,,,,,
1568279604367186,加速度计,-0.7434,5.7018,8.5150,,,,,,,
1568279601873489,陀螺仪,,,,,,,,-0.0269,0.0212,0.0237
1568279614391561,加速度计,-0.1131,5.5623,7.2377,,,,,,,
1568279624418280,加速度计,0.9278,6.7409,4.5077,,,,,,,
1568279621934009,陀螺仪,,,,,,,,0.0467,-0.0150,-0.0182
1568279634439895,加速度计,0.2364,8.4653,6.5649,,,,,,,
1568279646408643,GPS,,,,31.9427,118.7829,3.3800,69.1000,,,
1568279641930780,陀螺仪,,,,,,,,0.0004,-0.0678,-0.1174
1568279644432499,加速度计,-0.1484,6.2321,10.0838,,,,,,,
1568279654426457,加速度计,-1.0864,6.7241,6.3536,,,,,,,
1568279664422864,加速度计,-0.7105,7.1886,3.0143,,,,,,,
1568279661922291,陀螺仪,,,,,,,,0.0329,-0.0956,-0.1459
1568279674422447,加速度计,-0.0473,4.1922,10.5028,,,,,,,
1568279684427291,加速度计,-0.9068,5.7066,11.5269,,,,,,,
1568279681934947,陀螺仪,,,,,,,,0.0128,-0.1656,-0.1405
1568279694458957,加速度计,1.6197,9.0441,7.5800,,,,,,,
1568279704493228,加速度计,0.5932,7.9182,5.7569,,,,,,,
1568279702002134,陀螺仪,,,,,,,,0.0907,-0.1577,-0.2196
1568279714529270,加速度计,-1.5060,5.6533,5.8245,,,,,,,
1568279724566249,加速度计,-0.1203,5.2565,7.8590,,,,,,,
1568279734603697,加速度计,1.4682,8.4527,4.3185,,,,,,,
1568279722075624,陀螺仪,,,,,,,,0.0497,-0.2000,-0.1590
1568279744634634,加速度计,1.5688,8.5072,6.0801,,,,,,,
1568279742140780,陀螺仪,,,,,,,,0.0234,-0.1678,-0.1486
1568279754654791,加速度计,0.7787,6.2979,6.9887,,,,,,,
1568279764673541,加速度计,-0.1832,5.8562,8.7921,,,,,,,
1568279762178280,陀螺仪,,,,,,,,-0.0041,-0.1265,-0.0912
1568279774692291,加速度计,0.6381,6.6583,4.4418,,,,,,,
1568279784711041,加速度计,0.8338,8.4587,2.4588,,,,,,,
1568279782215780,陀螺仪,,,,,,,,-0.0382,-0.1264,-0.0077
1568279794729791,加速度计,-0.4154,6.1513,9.3913,,,,,,,
1568279804748541,加速度计,-0.0760,7.6351,8.5808,,,,,,,
1568279802253280,陀螺仪,,,,,,,,-0.0441,-0.1092,0.0366
1568279814767291,加速度计,1.2851,9.5529,8.0248,,,,,,,
1568279824786041,加速度计,0.5052,7.5088,7.9661,,,,,,,
1568279822290780,陀螺仪,,,,,,,,-0.0302,-0.0949,0.0457
1568279834804791,加速度计,-0.3412,6.4242,7.4101,,,,,,,
1568279844823541,加速度计,-0.0287,6.2578,3.9504,,,,,,,
1568279854842291,加速度计,0.5136,7.1629,7.1820,,,,,,,
1568279842328280,陀螺仪,,,,,,,,0.0065,-0.0611,0.0483
1568279864861041,加速度计,-0.0622,7.2652,12.9431,,,,,,,
1568279862365780,陀螺仪,,,,,,,,-0.0141,-0.0798,0.1200
1568279874879791,加速度计,0.6955,8.0631,10.4609,,,,,,,
1568279884898541,加速度计,2.4385,7.5130,3.3016,,,,,,,
1568279882403280,陀螺仪,,,,,,,,0.1225,-0.0172,0.1015
1568279894917291,加速度计,-0.5393,6.7828,0.5076,,,,,,,
1568279904936041,加速度计,-1.2474,6.2812,7.8278,,,,,,,
1568279902440780,陀螺仪,,,,,,,,-0.0324,-0.0602,0.0923
1568279914954791,加速度计,1.2923,6.1848,8.8358,,,,,,,
1568279924973541,加速度计,0.9978,8.9166,4.9303,,,,,,,
1568279922478332,陀螺仪,,,,,,,,0.0377,-0.0156,0.1188
1568279934993801,加速度计,-0.2771,6.5266,7.7369,,,,,,,
1568279945011822,加速度计,-0.4860,4.7160,8.5240,,,,,,,
1568279942515832,陀螺仪,,,,,,,,-0.0254,-0.0427,0.1278
1568279955027655,加速度计,1.0678,8.4785,6.7738,,,,,,,
1568279965043489,加速度计,2.0871,8.4216,4.8710,,,,,,,
1568279962547499,陀螺仪,,,,,,,,0.0499,-0.0210,0.1684
1568279975059322,加速度计,0.7278,6.6020,8.8825,,,,,,,
1568279985075520,加速度计,-0.2394,7.9823,8.8741,,,,,,,
1568279982579686,陀螺仪,,,,,,,,0.0258,0.0133,0.1145
1568279995092134,加速度计,1.0558,6.3722,2.4104,,,,,,,
1568280005109166,加速度计,0.4046,8.2235,1.9441,,,,,,,
1568280002613541,陀螺仪,,,,,,,,-0.0262,0.0008,0.1340
1568280015126614,加速度计,-0.8110,5.8658,14.7441,,,,,,,
1568280025144478,加速度计,0.3412,8.0014,17.5387,,,,,,,
1568280022649061,陀螺仪,,,,,,,,0.0233,0.0123,0.1791
1568280035162759,加速度计,1.2755,8.9178,8.5431,,,,,,,
1568280045181457,加速度计,0.5602,6.9234,-1.3216,,,,,,,
1568280042686249,陀螺仪,,,,,,,,0.1855,0.0519,0.1641
1568280055200572,加速度计,-0.8392,5.8245,6.0986,,,,,,,
1568280065220103,加速度计,1.8902,6.7457,4.7968,,,,,,,
1568280062725103,陀螺仪,,,,,,,,0.0993,0.0455,0.2001
1568280075240051,加速度计,0.5028,7.2293,1.4108,,,,,,,
1568280085260416,加速度计,1.2773,7.8440,-5.9256,,,,,,,
1568280082765624,陀螺仪,,,,,,,,-0.0306,0.0265,0.1683
1568280095281197,加速度计,-1.3366,4.6663,7.2101,,,,,,,
1568280105302030,加速度计,-0.0784,6.6212,22.1099,,,,,,,
1568280115322864,加速度计,0.0204,12.6994,12.7204,,,,,,,
1568280102807291,陀螺仪,,,,,,,,-0.0644,0.0742,0.2107
1568280125343697,加速度计,0.8021,4.9003,5.2637,,,,,,,
1568280122848957,陀螺仪,,,,,,,,0.1079,0.1136,0.2474
1568280135364530,加速度计,1.6173,4.9428,-6.2866,,,,,,,
1568280145385364,加速度计,-0.3585,5.7299,9.5966,,,,,,,
1568280142890520,陀螺仪,,,,,,,,-0.1194,0.0835,0.2027
1568280155405468,加速度计,-0.6800,7.9392,15.3073,,,,,,,
1568280165424374,加速度计,-0.1233,7.5405,10.5171,,,,,,,
1568280162929114,陀螺仪,,,,,,,,0.0149,0.1170,0.2497
1568280175443124,加速度计,1.9950,6.6601,3.8780,,,,,,,
1568280185472499,加速度计,1.9076,2.0901,5.7581,,,,,,,
1568280182980780,陀螺仪,,,,,,,,0.0083,0.1419,0.2202
1568280195482603,加速度计,0.1897,6.9959,5.3995,,,,,,,
1568280205485468,加速度计,0.2358,8.7221,6.7295,,,,,,,
1568280202986405,陀螺仪,,,,,,,,-0.0173,0.1285,0.1511
1568280215489478,加速度计,-0.0814,5.3451,9.5373,,,,,,,
1568280225495103,加速度计,0.4453,6.0783,5.9143,,,,,,,
1568280222996874,陀螺仪,,,,,,,,-0.0068,0.1228,0.1839
1568280235502759,加速度计,1.3126,7.2329,5.4965,,,,,,,
1568280245512864,加速度计,0.7667,8.0852,6.5553,,,,,,,
1568280243015832,陀螺仪,,,,,,,,-0.0435,0.1221,0.1429
1568280255525468,加速度计,-0.3466,5.5797,9.0932,,,,,,,
1568280265540936,加速度计,0.3693,7.2413,4.7956,,,,,,,
1568280263045311,陀螺仪,,,,,,,,0.0068,0.1550,0.1519
1568280275559322,加速度计,0.4483,7.5058,6.0914,,,,,,,
1568280285580259,加速度计,0.4824,6.4841,4.3970,,,,,,,
1568280283085936,陀螺仪,,,,,,,,-0.0862,0.1169,0.1356
1568280295603697,加速度计,-0.8182,5.8006,8.7346,,,,,,,
1568280305629270,加速度计,-0.0198,10.0126,6.2483,,,,,,,
1568280303135989,陀螺仪,,,,,,,,-0.0320,0.1253,0.1284
1568280315656561,加速度计,0.4902,9.6498,8.2959,,,,,,,
1568280325685155,加速度计,0.6865,8.9226,6.7864,,,,,,,
1568280323192499,陀螺仪,,,,,,,,-0.0700,0.1377,0.1095
1568280335714634,加速度计,-0.1832,6.4075,4.4885,,,,,,,
1568280345744582,加速度计,0.3478,5.3744,7.9853,,,,,,,
1568280343252134,陀螺仪,,,,,,,,-0.1225,0.1095,0.0788
1568280355774582,加速度计,0.5393,7.1784,7.5657,,,,,,,
1568280365798749,加速度计,-0.2245,7.7794,8.8603,,,,,,,
1568280363304061,陀螺仪,,,,,,,,-0.0812,0.1021,0.0941
1568280375818072,加速度计,0.3358,3.4111,9.7217,,,,,,,
1568280385836822,加速度计,-0.2586,5.6515,5.9885,,,,,,,
1568280383341561,陀螺仪,,,,,,,,0.0399,0.0960,0.0742
1568280395855572,加速度计,0.2837,8.1487,2.6510,,,,,,,
1568280405874322,加速度计,1.3300,10.4495,3.2417,,,,,,,
1568280403379061,陀螺仪,,,,,,,,0.0570,0.1166,0.0744
1568280415893072,加速度计,0.2933,9.1530,5.7401,,,,,,,
1568280425911822,加速度计,-0.0497,4.5089,11.5784,,,,,,,
1568280423416822,陀螺仪,,,,,,,,-0.0960,0.0767,0.0648
1568280435935572,加速度计,0.3879,7.1790,8.4461,,,,,,,
1568280445949322,加速度计,1.4521,8.8029,5.9101,,,,,,,
1568280455963072,加速度计,1.6813,7.8087,5.7557,,,,,,,
1568280443452811,陀螺仪,,,,,,,,0.0236,0.1470,0.1505
1568280465976822,加速度计,1.2959,4.1952,7.4609,,,,,,,
1568280463480416,陀螺仪,,,,,,,,0.0186,0.2293,0.1606
1568280475990989,加速度计,-1.0876,8.2414,3.9828,,,,,,,
1568280486005572,加速度计,1.4461,7.0880,5.5360,,,,,,,
1568280483509478,陀螺仪,,,,,,,,-0.0357,0.2141,0.1886
1568280496020989,加速度计,0.0048,5.6336,9.4852,,,,,,,
1568280506037239,加速度计,-1.6430,5.7652,5.8670,,,,,,,
1568280503541561,陀螺仪,,,,,,,,0.0084,0.2145,0.2139
1568280516054322,加速度计,3.1244,8.3456,3.5099,,,,,,,
1568280526072239,加速度计,1.2282,7.8171,5.1876,,,,,,,
1568280523576978,陀螺仪,,,,,,,,-0.0099,0.2154,0.1152
1568280536090989,加速度计,-1.2264,7.4825,8.0367,,,,,,,
1568280546110572,加速度计,-0.5106,7.3574,8.0463,,,,,,,
1568280543615728,陀螺仪,,,,,,,,-0.0454,0.1818,0.0555
1568280556130989,加速度计,0.2263,8.5886,8.7155,,,,,,,
1568280566152239,加速度计,0.0652,7.2975,9.5170,,,,,,,
1568280563657707,陀螺仪,,,,,,,,-0.0080,0.1601,0.0473
1568280576173905,加速度计,0.6991,6.3099,6.0825,,,,,,,
1568280586195989,加速度计,0.7434,7.0898,1.9196,,,,,,,
1568280583701666,陀螺仪,,,,,,,,0.0269,0.1403,-0.0569
1568280596218489,加速度计,1.3707,7.9727,5.2182,,,,,,,
1568280606240989,加速度计,-0.0150,6.6583,7.4029,,,,,,,
1568280603746666,陀螺仪,,,,,,,,-0.0365,0.1081,-0.1273
1568280616263489,加速度计,-0.2574,7.7351,6.4326,,,,,,,
1568280626290676,加速度计,1.0080,7.0138,8.2343,,,,,,,
1568280623799791,陀螺仪,,,,,,,,-0.0483,0.0767,-0.1605
1568280643691715,GPS,,,,31.9427,118.7829,3.4700,67.3000,,,
1568280636307864,加速度计,1.1803,5.3636,8.9777,,,,,,,
1568280643821457,陀螺仪,,,,,,,,-0.0157,0.0426,-0.1985
1568280646318697,加速度计,-0.1700,6.9833,7.6872,,,,,,,
1568280656329843,加速度计,1.0247,7.2868,6.2094,,,,,,,
1568280663844791,陀螺仪,,,,,,,,-0.0053,-0.0020,-0.2827
1568280666341718,加速度计,0.8284,6.4835,7.0785,,,,,,,
1568280676354426,加速度计,-0.0946,7.1216,4.7124,,,,,,,
1568280686394374,加速度计,0.1466,6.5290,5.1332,,,,,,,
1568280683900364,陀螺仪,,,,,,,,-0.0489,-0.0734,-0.3445
1568280696418124,加速度计,0.5573,5.9957,10.3052,,,,,,,
1568280706436874,加速度计,0.7260,7.0970,9.7546,,,,,,,
1568280703941614,陀螺仪,,,,,,,,-0.0549,-0.1410,-0.4023
1568280716455624,加速度计,0.5578,6.3494,8.6090,,,,,,,
1568280726474374,加速度计,0.2544,7.9069,4.4011,,,,,,,
1568280723979114,陀螺仪,,,,,,,,0.0269,-0.1534,-0.4708
1568280736493124,加速度计,0.1856,4.9482,4.6723,,,,,,,
1568280746511874,加速度计,0.7643,6.3518,6.8247,,,,,,,
1568280744016614,陀螺仪,,,,,,,,-0.0755,-0.2161,-0.4454
1568280756530624,加速度计,-0.1059,7.2502,10.1418,,,,,,,
1568280766549374,加速度计,2.1165,6.4362,8.2821,,,,,,,
1568280764054114,陀螺仪,,,,,,,,-0.0148,-0.1967,-0.3967
1568280776568124,加速度计,0.2969,6.8289,6.5793,,,,,,,
1568280786586874,加速度计,0.7165,6.2800,6.4697,,,,,,,
1568280784091614,陀螺仪,,,,,,,,-0.0071,-0.1836,-0.3220
1568280796605624,加速度计,1.2396,6.7858,5.9646,,,,,,,
1568280806624374,加速度计,0.5525,7.4358,6.3105,,,,,,,
1568280804129114,陀螺仪,,,,,,,,-0.0092,-0.1443,-0.2587
1568280816643124,加速度计,-0.6225,6.0723,9.6504,,,,,,,
1568280826661874,加速度计,0.5842,8.6664,4.3521,,,,,,,
1568280824166614,陀螺仪,,,,,,,,0.0486,-0.0983,-0.1338
1568280836680624,加速度计,0.8368,6.9863,4.2665,,,,,,,
1568280846699374,加速度计,-0.4471,7.0940,5.7054,,,,,,,
1568280844204114,陀螺仪,,,,,,,,-0.0205,-0.0787,-0.0951
1568280856718124,加速度计,-1.1259,7.7075,8.6981,,,,,,,
1568280866736874,加速度计,0.0275,7.0078,10.1227,,,,,,,
1568280864241614,陀螺仪,,,,,,,,-0.0280,-0.0671,-0.0055
1568280876755624,加速度计,0.3202,8.6101,6.1250,,,,,,,
1568280886774374,加速度计,-1.6251,6.3871,4.8453,,,,,,,
1568280884279114,陀螺仪,,,,,,,,0.0071,-0.0389,0.0268
1568280896793124,加速度计,0.5974,5.5192,6.7935,,,,,,,
1568280906811874,加速度计,-1.4066,8.1684,4.5083,,,,,,,
1568280904316614,陀螺仪,,,,,,,,0.0108,-0.0483,0.0639
1568280916830624,加速度计,-1.1803,7.6956,9.0680,,,,,,,
1568280926849374,加速度计,1.7113,7.6321,6.0130,,,,,,,
1568280924355259,陀螺仪,,,,,,,,0.0152,-0.0601,0.0758
1568280936885259,加速度计,-0.0706,6.3261,10.0999,,,,,,,
1568280946886926,加速度计,-1.3946,8.9795,7.2119,,,,,,,
1568280944387499,陀螺仪,,,,,,,,0.0194,-0.0760,0.0337
1568280956889009,加速度计,0.2322,6.3799,11.0858,,,,,,,
1568280966892343,加速度计,1.8513,9.4320,3.7679,,,,,,,
1568280964393645,陀螺仪,,,,,,,,0.1007,-0.0497,0.0503
1568280976897343,加速度计,-0.7506,6.1292,5.2942,,,,,,,
1568280986904426,加速度计,0.4148,7.5597,5.0865,,,,,,,
1568280984406874,陀螺仪,,,,,,,,0.0350,-0.0453,0.0727
1568280996914009,加速度计,1.3431,6.9456,8.8532,,,,,,,
1568281006926509,加速度计,0.9152,8.5210,3.8565,,,,,,,
1568281004430416,陀螺仪,,,,,,,,0.0368,-0.0091,0.1326
1568281016941926,加速度计,-0.1221,5.9143,6.8779,,,,,,,
1568281026960259,加速度计,0.7608,7.1180,4.5604,,,,,,,
1568281024465624,陀螺仪,,,,,,,,0.0166,0.0170,0.1515
1568281036981509,加速度计,1.2462,6.8145,6.0501,,,,,,,
1568281047005259,加速度计,-0.6105,7.5441,9.0543,,,,,,,
1568281044511874,陀螺仪,,,,,,,,-0.0084,0.0390,0.1880
1568281057031509,加速度计,0.6871,7.9146,8.8562,,,,,,,
1568281067059843,加速度计,1.2169,7.4621,7.8679,,,,,,,
1568281064567395,陀螺仪,,,,,,,,0.0449,0.0732,0.1959
1568281077089843,加速度计,1.0241,7.6788,3.9732,,,,,,,
1568281087120676,加速度计,0.4298,7.7033,5.4151,,,,,,,
1568281084628541,陀螺仪,,,,,,,,0.0008,0.0787,0.1633
1568281097151926,加速度计,1.3384,5.2732,7.4843,,,,,,,
1568281107183176,加速度计,1.6065,8.1499,9.1818,,,,,,,
1568281104688853,陀螺仪,,,,,,,,0.0165,0.0939,0.1764
1568281117205676,加速度计,1.4629,6.7493,6.9276,,,,,,,
1568281127224426,加速度计,2.5247,6.2513,6.9186,,,,,,,
1568281124729166,陀螺仪,,,,,,,,0.0466,0.1161,0.1137
1568281137243176,加速度计,0.2346,6.7516,6.7379,,,,,,,
1568281147261926,加速度计,0.9685,8.0212,7.4376,,,,,,,
1568281144766666,陀螺仪,,,,,,,,0.0613,0.1162,0.0860
1568281157280676,加速度计,1.4641,8.3917,5.3259,,,,,,,
1568281167299426,加速度计,0.7943,6.2130,8.3947,,,,,,,
1568281164804166,陀螺仪,,,,,,,,-0.0039,0.0888,-0.0004
1568281177318176,加速度计,-0.1927,5.8149,9.3721,,,,,,,
1568281184844739,陀螺仪,,,,,,,,0.0720,0.0905,0.0027
1568281187341249,加速度计,0.4010,6.3919,5.0697,,,,,,,
1568281197354999,加速度计,1.3443,5.7054,5.0063,,,,,,,
1568281207368749,加速度计,1.3030,7.1934,6.3907,,,,,,,
1568281204872239,陀螺仪,,,,,,,,-0.0025,0.0458,-0.0326
1568281217382551,加速度计,0.2789,6.3177,10.1341,,,,,,,
1568281227396770,加速度计,0.1820,8.1570,7.5196,,,,,,,
1568281224900468,陀螺仪,,,,,,,,0.0521,0.0787,-0.0565
1568281237411457,加速度计,0.0892,8.1983,4.3467,,,,,,,
1568281244931093,陀螺仪,,,,,,,,-0.0630,0.0313,-0.0667
1568281247426978,加速度计,0.9146,5.1457,8.9747,,,,,,,
1568281257443332,加速度计,-0.4489,6.1088,6.6966,,,,,,,
1568281264965051,陀螺仪,,,,,,,,-0.0154,0.0659,-0.0533
1568281267460520,加速度计,0.2412,7.2556,3.8277,,,,,,,
1568281277478541,加速度计,0.6393,5.9981,3.4728,,,,,,,
1568281285002343,陀螺仪,,,,,,,,-0.0893,0.0511,-0.0391
1568281287497395,加速度计,-0.2753,4.9811,6.9731,,,,,,,
1568281297517082,加速度计,0.0227,4.9398,4.6986,,,,,,,
1568281305042968,陀螺仪,,,,,,,,-0.1139,0.0345,-0.0383
1568281307537603,加速度计,0.5543,7.5986,3.0155,,,,,,,
1568281317558905,加速度计,-0.8972,6.3249,10.0796,,,,,,,
1568281325086197,陀螺仪,,,,,,,,-0.1139,0.0421,0.0060
1568281327580624,加速度计,0.4950,6.4434,12.6767,,,,,,,
1568281337602759,加速度计,0.5501,8.0655,9.4697,,,,,,,
1568281345130936,陀螺仪,,,,,,,,-0.0115,0.1048,0.0206
1568281347625259,加速度计,-0.4681,9.2063,5.3726,,,,,,,
1568281357647759,加速度计,-0.2634,5.5438,6.8917,,,,,,,
1568281367670259,加速度计,0.0048,6.5386,7.3807,,,,,,,
1568281365175936,陀螺仪,,,,,,,,-0.0393,0.0916,0.0513
1568281377692395,加速度计,-0.1766,7.7937,7.7812,,,,,,,
1568281387711874,加速度计,0.1143,7.0677,5.1098,,,,,,,
1568281385216614,陀螺仪,,,,,,,,-0.0310,0.0505,0.0298
1568281397730624,加速度计,0.4549,7.0060,7.4442,,,,,,,
1568281407749374,加速度计,0.2304,7.9589,6.1118,,,,,,,
1568281405254114,陀螺仪,,,,,,,,0.0025,0.0483,-0.0354
1568281417768124,加速度计,-0.5818,9.2117,8.1768,,,,,,,
1568281427787655,加速度计,-0.5303,7.3592,8.7783,,,,,,,
1568281425293957,陀螺仪,,,,,,,,-0.0342,0.0041,-0.0441
1568281437826457,加速度计,0.1873,8.0942,8.6221,,,,,,,
1568281445320572,陀螺仪,,,,,,,,0.0011,-0.0182,-0.0385
1568281447821561,加速度计,0.2179,7.3885,9.5768,,,,,,,
1568281457817603,加速度计,1.6053,8.7406,4.3030,,,,,,,
1568281467815416,加速度计,-0.0964,7.3418,5.9304,,,,,,,
1568281465315468,陀螺仪,,,,,,,,0.0446,0.0093,-0.0864
1568281477815780,加速度计,-0.1706,8.1523,5.5695,,,,,,,
1568281485320884,陀螺仪,,,,,,,,0.0105,-0.0157,-0.0736
1568281487819166,加速度计,-0.5489,6.1142,6.9336,,,,,,,
1568281497826301,加速度计,1.4299,7.1084,3.0388,,,,,,,
1568281505340936,陀螺仪,,,,,,,,-0.0276,-0.0165,-0.0738
1568281507837239,加速度计,0.7536,8.3965,4.4454,,,,,,,
1568281517852343,加速度计,-0.8643,6.7672,11.2067,,,,,,,
1568281525377239,陀螺仪,,,,,,,,0.0193,-0.0077,-0.0244
1568281527871561,加速度计,0.0078,7.4382,12.7228,,,,,,,
1568281537894530,加速度计,0.5884,9.3422,3.3255,,,,,,,
1568281545428645,陀螺仪,,,,,,,,0.0549,0.0194,-0.0073
1568281547921197,加速度计,1.1654,7.0928,3.3477,,,,,,,
1568281557951093,加速度计,0.9906,6.9013,4.9039,,,,,,,
1568281565492030,陀螺仪,,,,,,,,0.0213,0.0130,-0.0115
1568281567983436,加速度计,-0.4298,4.9919,11.2581,,,,,,,
1568281578017759,加速度计,0.5842,7.2233,8.5665,,,,,,,
1568281588053228,加速度计,-0.6219,7.0443,5.6204,,,,,,,
1568281585562239,陀螺仪,,,,,,,,0.1506,0.0559,0.0390
1568281598089061,加速度计,1.7538,5.9777,6.7445,,,,,,,
1568281605628124,陀螺仪,,,,,,,,0.1746,0.0529,0.0447
1568281608122968,加速度计,0.1963,6.6451,5.9215,,,,,,,
1568281618143489,加速度计,0.0832,8.6532,4.5119,,,,,,,
1568281625669634,陀螺仪,,,,,,,,0.1217,0.0617,-0.0149
1568281628166041,加速度计,1.0229,8.8568,1.7927,,,,,,,
1568281647895986,GPS,,,,31.9427,118.7830,3.3800,67.6000,,,
1568281638180207,加速度计,-1.0588,6.9623,6.5212,,,,,,,
1568281645697968,陀螺仪,,,,,,,,0.0136,0.0377,-0.0019
1568281648194374,加速度计,-0.6758,6.7660,7.3646,,,,,,,
1568281658208593,加速度计,-0.0078,6.9779,11.1324,,,,,,,
1568281665727030,陀螺仪,,,,,,,,0.0807,0.0554,0.0156
1568281668223228,加速度计,0.0611,7.1491,12.7707,,,,,,,
1568281678238853,加速度计,0.1401,6.5344,9.6558,,,,,,,
1568281688272343,加速度计,-0.4818,7.0809,4.0342,,,,,,,
1568281685777707,陀螺仪,,,,,,,,0.1855,0.0659,0.0149
1568281698293280,加速度计,1.4257,5.5641,2.1314,,,,,,,
1568281705816770,陀螺仪,,,,,,,,0.0716,0.0260,-0.0478
1568281708312030,加速度计,0.0335,7.4699,1.6466,,,,,,,
1568281718330780,加速度计,-0.9732,7.7207,7.0898,,,,,,,
1568281728349530,加速度计,-0.0419,9.9599,7.8057,,,,,,,
1568281725854270,陀螺仪,,,,,,,,0.0023,0.0032,-0.0803
1568281738368280,加速度计,-0.0156,8.0481,7.3508,,,,,,,
1568281745891770,陀螺仪,,,,,,,,-0.0258,-0.0180,-0.0758
1568281748387030,加速度计,-2.1506,7.3694,10.1101,,,,,,,
1568281758405780,加速度计,-0.3184,6.8402,9.6139,,,,,,,
1568281765929270,陀螺仪,,,,,,,,-0.0112,-0.0594,-0.0678
1568281768424530,加速度计,-0.8128,7.6998,6.6655,,,,,,,
1568281778443280,加速度计,-0.1137,5.3798,4.8285,,,,,,,
1568281785966770,陀螺仪,,,,,,,,-0.0023,-0.0799,-0.0940
1568281788462030,加速度计,0.0898,5.7670,6.6068,,,,,,,
1568281798480780,加速度计,-0.4507,6.2686,5.5773,,,,,,,
1568281806004270,陀螺仪,,,,,,,,-0.0284,-0.0937,-0.0920
1568281808499530,加速度计,0.8667,7.8745,6.8426,,,,,,,
1568281818518280,加速度计,-0.4764,7.7608,6.9318,,,,,,,
1568281826041770,陀螺仪,,,,,,,,-0.0511,-0.0882,-0.0927
1568281828537030,加速度计,0.5608,5.8197,7.2562,,,,,,,
1568281838555780,加速度计,0.3903,5.8867,4.5532,,,,,,,
1568281846079270,陀螺仪,,,,,,,,-0.0892,-0.0896,-0.0859
1568281848574530,加速度计,-0.3238,7.7267,3.1161,,,,,,,
1568281858593280,加速度计,-0.1281,5.1230,11.0049,,,,,,,
1568281866116770,陀螺仪,,,,,,,,-0.0650,-0.0909,-0.0477
1568281868612030,加速度计,0.1927,6.4272,10.6243,,,,,,,
1568281878630780,加速度计,0.9307,7.9254,4.3293,,,,,,,
1568281888649530,加速度计,1.5868,5.9173,5.1541,,,,,,,
1568281886154270,陀螺仪,,,,,,,,-0.0591,-0.0981,-0.0831
1568281898668280,加速度计,0.2442,6.1154,8.9717,,,,,,,
1568281908687030,加速度计,0.0868,6.8941,9.8761,,,,,,,
1568281906191770,陀螺仪,,,,,,,,-0.0192,-0.0891,-0.0695
1568281918705780,加速度计,1.6855,8.2756,5.7616,,,,,,,
1568281928724843,加速度计,1.6640,7.5555,3.2232,,,,,,,
1568281926230207,陀螺仪,,,,,,,,0.0023,-0.1019,-0.1067
1568281938747291,加速度计,0.5315,6.0059,5.7096,,,,,,,
1568281946264009,陀螺仪,,,,,,,,-0.0511,-0.1200,-0.1269
1568281948760624,加速度计,0.7177,8.5036,8.8172,,,,,,,
1568281958774061,加速度计,1.0026,8.3809,10.8655,,,,,,,
1568281968787916,加速度计,1.4060,8.8699,5.9658,,,,,,,
1568281966291509,陀螺仪,,,,,,,,-0.0020,-0.1044,-0.1619
1568281978802186,加速度计,1.1283,5.6306,3.8648,,,,,,,
1568281988816978,加速度计,0.4573,5.1757,6.0825,,,,,,,
1568281986320884,陀螺仪,,,,,,,,-0.0542,-0.1083,-0.1549
1568281998832603,加速度计,0.3765,7.9224,5.5815,,,,,,,
1568282006353384,陀螺仪,,,,,,,,-0.0360,-0.0852,-0.0899
1568282008849061,加速度计,1.1732,7.7692,9.0088,,,,,,,
1568282018866353,加速度计,0.9876,7.4962,7.8572,,,,,,,
1568282028884478,加速度计,0.6135,7.8542,6.7642,,,,,,,
1568282026389218,陀螺仪,,,,,,,,0.0204,-0.0547,-0.0727
1568282038903436,加速度计,0.4244,7.8039,4.7692,,,,,,,
1568282048923228,加速度计,-0.0060,8.4336,4.1144,,,,,,,
1568282046428384,陀螺仪,,,,,,,,-0.0293,-0.0483,-0.0587
1568282058943853,加速度计,0.1616,6.6463,7.3688,,,,,,,
1568282068965207,加速度计,0.3376,5.6174,9.4553,,,,,,,
1568282066470676,陀螺仪,,,,,,,,-0.0929,-0.0690,-0.0352
1568282078986978,加速度计,0.6015,7.0832,8.7472,,,,,,,
1568282086514843,陀螺仪,,,,,,,,0.0093,-0.0386,-0.0104
1568282089009166,加速度计,0.6853,7.0018,7.9410,,,,,,,
1568282099031666,加速度计,0.6440,7.2245,4.1539,,,,,,,
1568282109054166,加速度计,0.1287,6.5158,6.1262,,,,,,,
1568282106559843,陀螺仪,,,,,,,,-0.0162,-0.0449,-0.0289
1568282119076666,加速度计,0.2388,6.4099,6.6930,,,,,,,
1568282129098436,加速度计,-0.3011,6.4422,8.6245,,,,,,,
1568282126603384,陀螺仪,,,,,,,,-0.0097,-0.0320,-0.0021
1568282139117811,加速度计,0.3484,7.1868,6.7995,,,,,,,
1568282146641301,陀螺仪,,,,,,,,0.0217,-0.0194,0.0156
1568282149136561,加速度计,0.5680,6.0274,7.0042,,,,,,,
1568282159155311,加速度计,-0.1861,8.0870,4.5167,,,,,,,
1568282169174061,加速度计,-0.6369,7.3622,6.6756,,,,,,,
1568282166678801,陀螺仪,,,,,,,,0.0073,-0.0205,0.0280
1568282179194478,加速度计,-0.1299,7.7153,5.7958,,,,,,,
1568282189231301,加速度计,0.4196,7.5830,5.8556,,,,,,,
1568282186729478,陀螺仪,,,,,,,,-0.0301,-0.0221,0.0609
1568282199224009,加速度计,0.1820,6.9234,7.1748,,,,,,,
1568282209217759,加速度计,-0.0084,5.6473,9.8013,,,,,,,
1568282206716561,陀螺仪,,,,,,,,-0.0541,-0.0083,0.0601
1568282219213489,加速度计,-0.2544,6.2279,8.0762,,,,,,,
1568282229212239,加速度计,0.2879,7.0228,5.5725,,,,,,,
1568282226712603,陀螺仪,,,,,,,,0.0121,-0.0009,0.1057
1568282239214530,加速度计,0.6315,7.5166,6.0394,,,,,,,
1568282249220989,加速度计,1.0493,6.6146,7.5304,,,,,,,
1568282246723436,陀螺仪,,,,,,,,-0.0128,0.0138,0.1017
1568282259231718,加速度计,0.3436,7.2909,6.1321,,,,,,,
1568282269247030,加速度计,0.1508,5.5731,9.9108,,,,,,,
1568282266751770,陀螺仪,,,,,,,,-0.0306,0.0346,0.1064
1568282279266926,加速度计,0.5692,6.6331,8.9136,,,,,,,
1568282289291301,加速度计,0.4633,6.9180,6.6421,,,,,,,
1568282286798228,陀螺仪,,,,,,,,0.0391,0.0811,0.1418
1568282299319634,加速度计,1.2995,7.3191,3.0059,,,,,,,
1568282309351197,加速度计,0.9062,6.3871,5.2164,,,,,,,
1568282306859686,陀螺仪,,,,,,,,-0.0316,0.0819,0.1214
1568282319385468,加速度计,0.3304,6.4655,8.2959,,,,,,,
1568282329421614,加速度计,1.1773,5.9496,11.6909,,,,,,,
1568282326930936,陀螺仪,,,,,,,,-0.0413,0.0941,0.1337
1568282339458801,加速度计,0.2855,7.3233,8.0697,,,,,,,
1568282347005728,陀螺仪,,,,,,,,0.0402,0.1318,0.1345
1568282349496301,加速度计,1.2641,6.4751,4.4125,,,,,,,
1568282359529426,加速度计,1.2210,7.3227,2.0722,,,,,,,
1568282367053853,陀螺仪,,,,,,,,-0.0694,0.0846,0.0407
1568282369549114,加速度计,0.1808,6.6134,8.2786,,,,,,,
1568282379567864,加速度计,0.0437,7.5124,11.0558,,,,,,,
1568282387091353,陀螺仪,,,,,,,,-0.0025,0.0712,0.0048
1568282389586614,加速度计,0.9978,7.4352,8.2007,,,,,,,
1568282399605364,加速度计,0.7111,6.6277,4.4843,,,,,,,
1568282409624114,加速度计,1.2438,6.3620,3.1454,,,,,,,
1568282407128853,陀螺仪,,,,,,,,-0.0176,0.0486,-0.0787
1568282419642864,加速度计,0.0784,6.1776,7.9057,,,,,,,
1568282429662759,加速度计,0.2274,8.3312,11.0516,,,,,,,
1568282427168645,陀螺仪,,,,,,,,-0.0152,-0.0261,-0.1562
1568282439691718,加速度计,0.3843,7.7835,10.1017,,,,,,,
1568282449695155,加速度计,1.2540,8.5563,3.8529,,,,,,,
1568282447196145,陀螺仪,,,,,,,,0.1021,-0.0427,-0.2325
1568282459699114,加速度计,0.7344,7.6333,1.7370,,,,,,,
1568282469704114,加速度计,-0.2155,6.9803,4.6675,,,,,,,
1568282467205728,陀螺仪,,,,,,,,-0.0304,-0.1388,-0.3438
1568282479710884,加速度计,-0.1311,7.7847,8.4036,,,,,,,
1568282489719843,加速度计,0.1975,8.2073,8.9597,,,,,,,
1568282487222603,陀螺仪,,,,,,,,-0.0068,-0.1792,-0.3422
1568282499731301,加速度计,0.2155,7.4077,8.9645,,,,,,,
1568282509745259,加速度计,0.2221,8.4539,4.9757,,,,,,,
1568282507249270,陀螺仪,,,,,,,,0.0772,-0.1334,-0.2754
1568282519761718,加速度计,0.6560,7.0497,2.4978,,,,,,,
1568282527285936,陀螺仪,,,,,,,,-0.0285,-0.1318,-0.2083
1568282529780676,加速度计,0.1724,7.6076,2.4750,,,,,,,
1568282539802134,加速度计,-0.2526,6.5248,6.7582,,,,,,,
1568282547332395,陀螺仪,,,,,,,,-0.0522,-0.0943,-0.0823
1568282549825989,加速度计,-0.2185,6.9851,9.6492,,,,,,,
1568282559851822,加速度计,0.2765,8.2468,7.7004,,,,,,,
1568282569879218,加速度计,0.5225,8.1894,7.1503,,,,,,,
1568282567386353,陀螺仪,,,,,,,,0.0088,-0.0052,0.0418
1568282579907759,加速度计,-0.1443,7.4382,7.1018,,,,,,,
1568282589937030,加速度计,0.0790,5.6892,6.5481,,,,,,,
1568282587444478,陀螺仪,,,,,,,,-0.0043,0.0601,0.1369
1568282599966614,加速度计,-0.5567,6.5320,5.2619,,,,,,,
1568282609994843,加速度计,-1.0127,7.8823,5.7676,,,,,,,
1568282607500936,陀螺仪,,,,,,,,-0.0128,0.1047,0.2507
1568282620020364,加速度计,-0.2813,6.6738,8.9495,,,,,,,
1568282627554947,陀螺仪,,,,,,,,0.0011,0.1503,0.3112
1568282630057186,加速度计,-1.1402,8.3013,7.7369,,,,,,,
1568282647679840,GPS,,,,31.9427,118.7830,3.4600,69.6000,,,
1568282640048228,加速度计,-0.5022,7.3532,8.2570,,,,,,,
1568282647538905,陀螺仪,,,,,,,,0.0222,0.1927,0.3557
1568282650040416,加速度计,-0.7117,7.0904,6.6852,,,,,,,
1568282674270985,GPS,,,,31.9427,118.7830,3.4600,69.6000,,,
1568282660034895,加速度计,-0.4782,6.4087,5.9771,,,,,,,
1568282670032499,加速度计,-0.5399,7.1479,5.5587,,,,,,,
1568282667532655,陀螺仪,,,,,,,,0.0454,0.2341,0.3550
1568282680033749,加速度计,-1.3641,7.9194,4.3461,,,,,,,
1568282687559061,陀螺仪,,,,,,,,-0.0370,0.2057,0.3490
1568282690051614,加速度计,-0.6039,5.4139,6.0005,,,,,,,
1568282700082291,加速度计,-0.4950,8.0188,7.0892,,,,,,,
1568282710115728,加速度计,-1.0277,8.6425,8.2857,,,,,,,
1568282707624530,陀螺仪,,,,,,,,-0.0321,0.1993,0.3221
1568282720151353,加速度计,0.3645,8.1086,7.0886,,,,,,,
1568282730188332,加速度计,-0.3268,7.4136,8.4438,,,,,,,
1568282727697759,陀螺仪,,,,,,,,-0.0300,0.1742,0.2264
1568282740225832,加速度计,-0.9325,6.8055,9.2189,,,,,,,
1568282750258176,加速度计,0.9224,6.5882,8.2450,,,,,,,
1568282747764166,陀螺仪,,,,,,,,0.0415,0.1232,0.1144
1568282760280051,加速度计,0.8595,7.3610,4.1456,,,,,,,
1568282767803541,陀螺仪,,,,,,,,0.0293,0.0431,-0.0399
1568282770298801,加速度计,1.1271,7.9458,2.3972,,,,,,,
1568282780317551,加速度计,0.8033,7.1407,8.1786,,,,,,,
1568282787841041,陀螺仪,,,,,,,,-0.0182,-0.0378,-0.2003
1568282790336301,加速度计,-0.0311,7.8823,9.6426,,,,,,,
1568282800354895,加速度计,0.6656,6.9528,8.3839,,,,,,,
1568282810373228,加速度计,1.1061,6.4524,5.8622,,,,,,,
1568282807877864,陀螺仪,,,,,,,,0.0399,-0.0996,-0.2823
1568282820391561,加速度计,0.8051,5.1745,5.7150,,,,,,,
1568282830409895,加速度计,1.0936,6.5344,4.5023,,,,,,,
1568282827914530,陀螺仪,,,,,,,,0.0575,-0.1457,-0.3795
1568282840428228,加速度计,0.6381,7.9643,7.5112,,,,,,,
1568282847951197,陀螺仪,,,,,,,,0.0192,-0.1983,-0.4217
1568282850446561,加速度计,0.8571,7.8542,7.1239,,,,,,,
1568282860464895,加速度计,1.1803,6.9372,6.9354,,,,,,,
1568282867987864,陀螺仪,,,,,,,,0.0003,-0.2165,-0.4386
1568282870483228,加速度计,-0.5860,6.1920,6.8809,,,,,,,
1568282880501561,加速度计,0.4298,5.7850,10.3334,,,,,,,
1568282888024530,陀螺仪,,,,,,,,0.0716,-0.2244,-0.3843
1568282890519895,加速度计,0.7063,7.0904,8.7837,,,,,,,
1568282900538228,加速度计,0.2873,7.3694,6.0513,,,,,,,
1568282910556561,加速度计,0.8517,6.5996,4.5412,,,,,,,
1568282908061197,陀螺仪,,,,,,,,0.0557,-0.2437,-0.3474
1568282920574895,加速度计,0.8092,5.9239,5.3762,,,,,,,
1568282930593384,加速度计,0.3561,7.2191,7.3400,,,,,,,
1568282928098124,陀螺仪,,,,,,,,-0.0036,-0.2194,-0.2951
1568282940616353,加速度计,0.7416,7.4669,9.6097,,,,,,,
1568282948140624,陀螺仪,,,,,,,,0.0342,-0.1674,-0.2125
1568282950635884,加速度计,0.8104,6.7702,9.4631,,,,,,,
1568282960654634,加速度计,-0.0186,6.6242,6.3105,,,,,,,
1568282970673384,加速度计,0.8859,6.1860,6.6535,,,,,,,
1568282968178124,陀螺仪,,,,,,,,0.0840,-0.1474,-0.1395
1568282980692134,加速度计,0.6817,8.0164,6.1405,,,,,,,
1568282988215624,陀螺仪,,,,,,,,0.0905,-0.1012,-0.0879
1568282990710884,加速度计,-0.0461,7.9021,6.6601,,,,,,,
1568283000729634,加速度计,0.3124,8.3121,5.0715,,,,,,,
1568283008253124,陀螺仪,,,,,,,,0.0161,-0.0928,-0.0293
1568283010748384,加速度计,-0.2538,9.0166,3.6296,,,,,,,
1568283020767134,加速度计,0.4280,6.9815,8.3079,,,,,,,
1568283030785884,加速度计,0.2388,7.5447,7.8691,,,,,,,
1568283028290624,陀螺仪,,,,,,,,-0.0168,-0.0643,0.0057
1568283040804634,加速度计,0.5824,7.1042,8.5988,,,,,,,
1568283048328124,陀螺仪,,,,,,,,0.0390,-0.0405,0.0277
1568283050823384,加速度计,0.5429,6.8516,6.8229,,,,,,,
1568283060842134,加速度计,0.6177,7.6848,6.2177,,,,,,,
1568283070860884,加速度计,0.9415,8.0661,4.3646,,,,,,,
1568283068365624,陀螺仪,,,,,,,,0.0581,-0.0280,-0.0032
1568283080879634,加速度计,-0.3184,7.8093,5.5384,,,,,,,
1568283090898384,加速度计,-0.3089,7.3502,7.0042,,,,,,,
1568283088403124,陀螺仪,,,,,,,,-0.0072,-0.0595,-0.0027
1568283100917134,加速度计,1.2282,7.1168,5.0919,,,,,,,
1568283108440364,陀螺仪,,,,,,,,-0.0244,-0.0792,-0.0514
1568283110935728,加速度计,0.8003,7.5369,4.9207,,,,,,,
1568283120954061,加速度计,0.1383,6.7720,9.7558,,,,,,,
1568283130972395,加速度计,1.2157,7.1694,11.6292,,,,,,,
1568283128477030,陀螺仪,,,,,,,,-0.0137,-0.0851,-0.0690
1568283140990728,加速度计,0.7979,7.8243,9.3009,,,,,,,
1568283148513697,陀螺仪,,,,,,,,0.0858,-0.0555,-0.0878
1568283151009061,加速度计,0.1490,7.0814,2.9904,,,,,,,
1568283161027395,加速度计,0.7470,7.0150,2.3397,,,,,,,
1568283171045728,加速度计,-0.1490,6.7816,4.9985,,,,,,,
1568283168550364,陀螺仪,,,,,,,,-0.0389,-0.0989,-0.0601
1568283181065780,加速度计,0.8230,7.6393,9.9748,,,,,,,
1568283191094166,加速度计,1.2653,7.5459,10.8535,,,,,,,
1568283188595468,陀螺仪,,,,,,,,-0.0071,-0.0593,-0.0160
1568283201099322,加速度计,0.8511,6.9270,6.8217,,,,,,,
1568283208606666,陀螺仪,,,,,,,,0.0486,-0.0153,-0.0161
1568283211105051,加速度计,0.7003,6.4871,3.4931,,,,,,,
1568283221111770,加速度计,-0.5309,7.0569,5.0374,,,,,,,
1568283231119895,加速度计,-0.5782,7.4998,9.3709,,,,,,,
1568283228622239,陀螺仪,,,,,,,,-0.0185,-0.0353,0.0248
1568283241129843,加速度计,0.4986,7.4933,7.4184,,,,,,,
1568283248645259,陀螺仪,,,,,,,,0.0184,-0.0036,0.0636
1568283251141874,加速度计,0.5094,7.9098,4.3281,,,,,,,
1568283261156145,加速度计,0.4034,6.2866,6.3859,,,,,,,
1568283268677551,陀螺仪,,,,,,,,-0.0324,0.0028,0.0708
1568283271172916,加速度计,-0.3980,6.0484,9.0243,,,,,,,
1568283281192186,加速度计,-0.3071,7.1832,7.2347,,,,,,,
1568283288719582,陀螺仪,,,,,,,,0.0103,0.0256,0.1221
1568283291213801,加速度计,0.4782,6.6164,6.2644,,,,,,,
1568283301237499,加速度计,0.2412,6.4045,8.3103,,,,,,,
1568283308769843,陀螺仪,,,,,,,,0.0242,0.0474,0.1393
1568283311263124,加速度计,1.0840,7.0390,8.4563,,,,,,,
1568283321290259,加速度计,1.0636,7.5352,6.2273,,,,,,,
1568283328825728,陀螺仪,,,,,,,,0.0216,0.0788,0.1336
1568283331318489,加速度计,0.9649,7.1192,5.3510,,,,,,,
1568283341347395,加速度计,1.1785,6.2842,7.4454,,,,,,,
1568283348883905,陀螺仪,,,,,,,,0.0105,0.1181,0.1268
1568283351376561,加速度计,0.3208,5.6713,7.6303,,,,,,,
1568283361402603,加速度计,1.3348,7.4430,3.2998,,,,,,,
1568283371422655,加速度计,0.8398,5.1451,5.5126,,,,,,,
1568283368927395,陀螺仪,,,,,,,,-0.0527,0.1009,0.0989
1568283381441405,加速度计,0.2149,5.2349,10.4250,,,,,,,
1568283391460155,加速度计,0.3807,6.4871,9.6492,,,,,,,
1568283388964895,陀螺仪,,,,,,,,0.0059,0.1009,0.0471
1568283401478905,加速度计,0.0724,8.2390,5.5162,,,,,,,
1568283411497655,加速度计,1.0373,7.2006,5.9903,,,,,,,
1568283409002395,陀螺仪,,,,,,,,0.0101,0.0700,-0.0057
1568283421516405,加速度计,-0.0192,6.6475,7.1718,,,,,,,
1568283431535936,加速度计,-0.1724,6.9749,7.6890,,,,,,,
1568283429041197,陀螺仪,,,,,,,,-0.0366,0.0158,-0.1029
1568283441556197,加速度计,0.1867,7.3442,8.1900,,,,,,,
1568283449074478,陀螺仪,,,,,,,,0.0142,-0.0172,-0.1381
1568283451570780,加速度计,0.6345,7.7081,7.2933,,,,,,,
1568283461585364,加速度计,0.5878,7.0342,4.7597,,,,,,,
1568283471600155,加速度计,0.4244,7.7835,4.8177,,,,,,,
1568283469103957,陀螺仪,,,,,,,,-0.0031,-0.0402,-0.2205
1568283481615364,加速度计,-0.0994,7.6686,6.8582,,,,,,,
1568283491630989,加速度计,-0.0622,7.3981,8.0732,,,,,,,
1568283489134999,陀螺仪,,,,,,,,-0.0380,-0.0959,-0.2109
1568283501647239,加速度计,0.3280,7.5202,6.9168,,,,,,,
1568283511664322,加速度计,0.4561,8.6640,3.2495,,,,,,,
1568283509168749,陀螺仪,,,,,,,,-0.0003,-0.0975,-0.2140
1568283521682239,加速度计,0.6728,6.4141,6.1316,,,,,,,
1568283531700989,加速度计,-0.2149,7.2083,9.2099,,,,,,,
1568283529205832,陀螺仪,,,,,,,,-0.0559,-0.1269,-0.2442
1568283541720572,加速度计,-1.1977,7.4603,8.9597,,,,,,,
1568283549245936,陀螺仪,,,,,,,,0.0273,-0.1264,-0.1823
1568283551740780,加速度计,0.6794,7.8075,4.8339,,,,,,,
1568283561761405,加速度计,0.2508,7.7039,3.3836,,,,,,,
1568283571782447,加速度计,-0.1018,6.4781,7.7063,,,,,,,
1568283569287811,陀螺仪,,,,,,,,-0.0409,-0.1670,-0.2019
1568283581803905,加速度计,0.2340,7.6429,7.9631,,,,,,,
1568283591825572,加速度计,-0.8589,7.6130,8.2474,,,,,,,
1568283589331041,陀螺仪,,,,,,,,-0.0036,-0.1630,-0.1639
1568283601847239,加速度计,-0.0281,7.8254,4.9590,,,,,,,
1568283611868905,加速度计,-0.0826,6.4374,3.7900,,,,,,,
1568283609374374,陀螺仪,,,,,,,,-0.0308,-0.1517,-0.1256
1568283621892447,加速度计,0.4830,7.3598,4.9728,,,,,,,
1568283631926874,加速度计,-0.6656,6.9468,10.6817,,,,,,,
1568283629425989,陀螺仪,,,,,,,,-0.0968,-0.1558,-0.0803
1568283650146714,GPS,,,,31.9427,118.7830,3.5300,72.6000,,,
1568283641923332,加速度计,-0.5076,6.5864,10.9086,,,,,,,
1568283651920832,加速度计,0.7632,6.7223,6.1435,,,,,,,
1568283649420572,陀螺仪,,,,,,,,0.0244,-0.0795,0.0244
1568283661920103,加速度计,-0.1030,7.2077,3.1131,,,,,,,
1568283671921666,加速度计,-0.0634,7.0826,3.7786,,,,,,,
1568283669422655,陀螺仪,,,,,,,,-0.0201,-0.0567,0.0621
1568283681925728,加速度计,-0.1484,6.9977,7.9236,,,,,,,
1568283691941561,加速度计,-0.6548,8.2540,8.0822,,,,,,,
1568283689446614,陀螺仪,,,,,,,,-0.0418,-0.0391,0.1153
1568283701963384,加速度计,-1.1803,7.3304,7.1718,,,,,,,
1568283711987864,加速度计,0.0371,7.2395,5.2906,,,,,,,
1568283709494270,陀螺仪,,,,,,,,-0.0313,-0.0158,0.1760
1568283722014843,加速度计,-1.1205,6.3075,7.4244,,,,,,,
1568283729551249,陀螺仪,,,,,,,,-0.0415,-0.0256,0.1716
1568283732043801,加速度计,-0.5644,7.3855,7.8015,,,,,,,
1568283742074166,加速度计,-0.8374,7.5537,7.2544,,,,,,,
1568283749613489,陀螺仪,,,,,,,,0.0017,-0.0332,0.1700
1568283752105520,加速度计,-1.6287,7.3209,7.1389,,,,,,,
1568283762137447,加速度计,-0.6668,7.3143,5.9753,,,,,,,
1568283769675416,陀螺仪,,,,,,,,0.0152,-0.0526,0.1718
1568283772167968,加速度计,-0.7847,6.9306,6.2944,,,,,,,
1568283782190780,加速度计,-0.9218,7.5411,4.5274,,,,,,,
1568283789714270,陀螺仪,,,,,,,,-0.0304,-0.0731,0.1482
1568283792209530,加速度计,-0.3909,7.1880,7.6722,,,,,,,
1568283802228280,加速度计,-1.3324,5.4636,9.7474,,,,,,,
1568283812247030,加速度计,-0.5309,8.4348,6.0603,,,,,,,
1568283809751770,陀螺仪,,,,,,,,0.0119,-0.0758,0.1791
1568283822265780,加速度计,0.1191,6.9647,6.3530,,,,,,,
1568283832284530,加速度计,-0.3813,6.0741,5.8748,,,,,,,
1568283829789270,陀螺仪,,,,,,,,-0.0128,-0.0786,0.1582
1568283842303280,加速度计,-1.4281,6.1214,5.7754,,,,,,,
1568283849826770,陀螺仪,,,,,,,,-0.0457,-0.1108,0.2071
1568283852322030,加速度计,0.0084,7.0820,8.4821,,,,,,,
1568283862340780,加速度计,0.2753,6.7487,9.3769,,,,,,,
1568283869864270,陀螺仪,,,,,,,,0.0130,-0.0831,0.1860
1568283872359530,加速度计,0.1293,7.5854,4.7375,,,,,,,
1568283882378280,加速度计,-0.4351,5.4187,6.2770,,,,,,,
1568283889901770,陀螺仪,,,,,,,,-0.0281,-0.0985,0.1905
1568283892397030,加速度计,-1.1582,5.5282,8.7311,,,,,,,
1568283902415780,加速度计,0.4393,6.6194,9.1351,,,,,,,
1568283912434530,加速度计,1.0439,8.5222,4.8548,,,,,,,
1568283909939270,陀螺仪,,,,,,,,0.0180,-0.0893,0.2115
1568283922453280,加速度计,0.2598,5.8796,8.3115,,,,,,,
1568283932474634,加速度计,0.5830,6.9815,6.6277,,,,,,,
1568283929983697,陀螺仪,,,,,,,,0.0214,-0.0679,0.2016
1568283942501353,加速度计,1.6047,7.0455,6.7193,,,,,,,
1568283952498853,加速度计,0.7242,7.7925,7.6812,,,,,,,
1568283949998384,陀螺仪,,,,,,,,0.0059,-0.0537,0.2145
1568283962497603,加速度计,0.8613,6.9240,8.1032,,,,,,,
1568283969998697,陀螺仪,,,,,,,,0.0470,-0.0197,0.2340
1568283972498228,加速度计,1.2713,6.8175,8.6251,,,,,,,
1568283982501353,加速度计,0.8727,7.9715,5.6761,,,,,,,
1568283992507603,加速度计,0.9373,7.0509,3.7409,,,,,,,
1568283990009634,陀螺仪,,,,,,,,0.0449,0.0133,0.2676
1568284002517186,加速度计,1.6251,6.9917,4.1354,,,,,,,
1568284010034114,陀螺仪,,,,,,,,-0.0120,0.0786,0.2923
1568284012530311,加速度计,1.3809,8.1157,5.7940,,,,,,,
1568284022547186,加速度计,-0.0311,6.9522,8.7849,,,,,,,
1568284032567603,加速度计,-0.0754,8.7119,8.0212,,,,,,,
1568284030073176,陀螺仪,,,,,,,,-0.0182,0.1304,0.3578
1568284042591353,加速度计,0.3100,6.6810,9.8444,,,,,,,
1568284052618228,加速度计,0.0257,7.4023,6.1363,,,,,,,
1568284050125364,陀螺仪,,,,,,,,0.0403,0.1630,0.4216
1568284062647811,加速度计,0.4477,7.0623,5.9747,,,,,,,
1568284070187655,陀螺仪,,,,,,,,0.0437,0.2060,0.4366
1568284072679478,加速度计,1.0529,6.9204,4.2270,,,,,,,
1568284082712603,加速度计,0.3406,7.6291,2.7090,,,,,,,
1568284092746561,加速度计,-0.4938,6.4248,5.3103,,,,,,,
1568284090255155,陀螺仪,,,,,,,,-0.0547,0.2314,0.4008
1568284102780728,加速度计,-0.0730,6.8797,9.9335,,,,,,,
1568284112808020,加速度计,0.4304,7.6746,9.9174,,,,,,,
1568284110313176,陀螺仪,,,,,,,,-0.0125,0.2370,0.4064
1568284122827603,加速度计,1.6328,8.2552,6.2902,,,,,,,
1568284132846353,加速度计,0.7129,7.4543,7.1952,,,,,,,
1568284130351093,陀螺仪,,,,,,,,0.0157,0.2451,0.3084
1568284142865103,加速度计,0.3442,6.3794,8.6197,,,,,,,
1568284150388593,陀螺仪,,,,,,,,0.0501,0.2447,0.2607
1568284152883853,加速度计,0.7697,5.7599,9.6474,,,,,,,
1568284162902603,加速度计,1.3743,7.6495,2.1338,,,,,,,
1568284172921353,加速度计,1.2767,7.3358,4.4484,,,,,,,
1568284170426093,陀螺仪,,,,,,,,0.0228,0.2337,0.2009
1568284182941353,加速度计,1.2492,6.5434,8.2133,,,,,,,
1568284190464322,陀螺仪,,,,,,,,0.0031,0.2473,0.1738
1568284192961041,加速度计,1.1492,9.2392,8.5718,,,,,,,
1568284202973957,加速度计,1.1977,8.1169,7.1910,,,,,,,
1568284210490520,陀螺仪,,,,,,,,0.0073,0.2598,0.1710
1568284212987134,加速度计,1.5083,6.4344,8.5778,,,,,,,
1568284223000728,加速度计,1.4347,6.6397,9.6714,,,,,,,
1568284230518697,陀螺仪,,,,,,,,0.0931,0.3253,0.1664
1568284233014999,加速度计,1.7837,7.8943,2.6522,,,,,,,
1568284243030103,加速度计,2.1907,7.9027,1.8908,,,,,,,
1568284250550155,陀螺仪,,,,,,,,-0.0467,0.2997,0.1101
1568284253046041,加速度计,0.1556,5.3564,8.4988,,,,,,,
1568284263062811,加速度计,0.6590,6.5643,9.9306,,,,,,,
1568284270584947,陀螺仪,,,,,,,,0.0288,0.3129,0.1169
1568284273080416,加速度计,-0.1401,7.4292,7.2263,,,,,,,
1568284283098853,加速度计,1.1085,6.5056,6.8181,,,,,,,
1568284293118124,加速度计,0.2257,6.0651,7.1305,,,,,,,
1568284290623072,陀螺仪,,,,,,,,0.0450,0.2832,0.0639
1568284303138228,加速度计,0.6177,6.9103,9.4649,,,,,,,
1568284310664530,陀螺仪,,,,,,,,0.1001,0.2598,-0.0322
1568284313159166,加速度计,1.3719,8.3647,7.2461,,,,,,,
1568284323180936,加速度计,0.9798,7.0294,3.4333,,,,,,,
1568284333203280,加速度计,1.6107,5.6796,2.6809,,,,,,,
1568284330708957,陀螺仪,,,,,,,,0.0068,0.1964,-0.1553
1568284343226041,加速度计,0.6991,5.0637,7.2921,,,,,,,
1568284353248957,加速度计,0.7853,6.0059,8.5688,,,,,,,
1568284350754739,陀螺仪,,,,,,,,-0.0306,0.1418,-0.2426
1568284363271874,加速度计,1.1995,5.9807,8.8292,,,,,,,
1568284373294530,加速度计,1.5054,6.9192,9.0878,,,,,,,
1568284370800207,陀螺仪,,,,,,,,0.0458,0.1225,-0.2884
1568284383314686,加速度计,1.4365,7.3370,7.5136,,,,,,,
1568284393333436,加速度计,1.4581,6.4578,7.3526,,,,,,,
1568284390838176,陀螺仪,,,,,,,,0.1077,0.1202,-0.3755
1568284403352186,加速度计,2.1380,7.9314,0.6931,,,,,,,
1568284410875676,陀螺仪,,,,,,,,-0.0430,0.0152,-0.4731
1568284413370936,加速度计,0.5752,6.0256,5.7922,,,,,,,
1568284423389686,加速度计,0.3298,7.2173,12.0512,,,,,,,
1568284433412603,加速度计,0.3813,7.4693,13.3028,,,,,,,
1568284430929947,陀螺仪,,,,,,,,0.0080,-0.0186,-0.4967
1568284443437082,加速度计,1.6424,7.0437,5.3690,,,,,,,
1568284450927447,陀螺仪,,,,,,,,0.0636,-0.0265,-0.5246
1568284453429270,加速度计,1.7717,5.9556,0.6674,,,,,,,
1568284463423072,加速度计,1.2043,6.1351,3.9917,,,,,,,
1568284473419478,加速度计,0.4459,8.4898,9.4068,,,,,,,
1568284470918905,陀螺仪,,,,,,,,-0.0489,-0.0921,-0.6047
1568284483419061,加速度计,0.1856,9.1488,12.6402,,,,,,,
1568284493422499,加速度计,0.4555,7.0455,9.3883,,,,,,,
1568284490923801,陀螺仪,,,,,,,,0.0574,-0.0692,-0.5441
1568284503430364,加速度计,1.4599,6.5631,2.6258,,,,,,,
1568284513442811,加速度计,1.6430,7.7207,0.9361,,,,,,,
1568284510946405,陀螺仪,,,,,,,,0.0241,-0.0676,-0.5101
1568284523459843,加速度计,-0.0844,7.0246,5.8095,,,,,,,
1568284530987343,陀螺仪,,,,,,,,-0.0539,-0.1076,-0.4876
1568284533481457,加速度计,-0.3304,7.4490,10.6979,,,,,,,
1568284543507395,加速度计,0.2161,6.5841,9.6923,,,,,,,
1568284551045103,陀螺仪,,,,,,,,0.0579,-0.0718,-0.3964
1568284553537239,加速度计,0.6458,7.6255,4.4939,,,,,,,
1568284563570311,加速度计,0.3549,8.0092,2.9413,,,,,,,
1568284571114895,陀螺仪,,,,,,,,-0.0360,-0.0912,-0.3894
1568284573605780,加速度计,0.0198,7.7015,4.0624,,,,,,,
1568284583642811,加速度计,-0.1275,8.0218,8.4342,,,,,,,
1568284591190468,陀螺仪,,,,,,,,-0.0501,-0.0940,-0.3388
1568284593680832,加速度计,-0.6806,6.2231,12.3541,,,,,,,
1568284603719166,加速度计,-0.8661,7.5423,7.4466,,,,,,,
1568284611250364,陀螺仪,,,,,,,,0.0614,-0.0531,-0.2575
1568284613745520,加速度计,-0.0323,6.6451,3.7529,,,,,,,
1568284623766770,加速度计,0.5776,6.8702,4.8058,,,,,,,
1568284633792082,加速度计,-0.6901,6.2794,11.3365,,,,,,,
1568284631292239,陀螺仪,,,,,,,,0.0037,-0.0830,-0.2553
1568284648587339,GPS,,,,31.9427,118.7831,3.5200,67.8000,,,
1568284643792707,加速度计,-0.6027,7.7309,8.6616,,,,,,,
1568284653794166,加速度计,-0.5950,7.9990,3.1687,,,,,,,
1568284651294739,陀螺仪,,,,,,,,0.0867,-0.0481,-0.1740
1568284663797082,加速度计,-0.0898,7.1569,5.3522,,,,,,,
1568284673802082,加速度计,-0.5608,6.0478,6.5775,,,,,,,
1568284671303697,陀螺仪,,,,,,,,0.0221,-0.0498,-0.1308
1568284683811874,加速度计,-0.7045,7.5411,3.4800,,,,,,,
1568284693871614,加速度计,-0.0419,8.0661,6.8845,,,,,,,
1568284691387707,陀螺仪,,,,,,,,-0.0289,-0.0585,-0.1092
1568284703911561,加速度计,-0.7272,6.8935,8.1846,,,,,,,
1568284713932811,加速度计,-1.6502,6.0729,8.1672,,,,,,,
1568284711437551,陀螺仪,,,,,,,,-0.0137,-0.0381,-0.0992
1568284723951561,加速度计,-0.8164,8.3378,5.0817,,,,,,,
1568284733970311,加速度计,0.2771,5.5336,10.0263,,,,,,,
1568284731475051,陀螺仪,,,,,,,,-0.0332,-0.1033,-0.1332
1568284743989061,加速度计,-0.2310,8.1726,8.2474,,,,,,,
1568284754007811,加速度计,-0.4136,8.4402,5.7102,,,,,,,
1568284751512551,陀螺仪,,,,,,,,0.0631,-0.1144,-0.1995
1568284764026561,加速度计,-0.0976,8.7783,3.1783,,,,,,,
1568284774045311,加速度计,0.8392,6.2327,5.4348,,,,,,,
1568284771550051,陀螺仪,,,,,,,,-0.0497,-0.1692,-0.2345
1568284784064061,加速度计,0.2394,5.9777,9.1375,,,,,,,
1568284794082811,加速度计,-0.1460,7.6219,9.8264,,,,,,,
1568284791587551,陀螺仪,,,,,,,,-0.0084,-0.1674,-0.2043
1568284804101561,加速度计,0.9026,7.2688,8.4455,,,,,,,
1568284814120311,加速度计,1.1887,6.6714,6.0549,,,,,,,
1568284811625051,陀螺仪,,,,,,,,0.0659,-0.1210,-0.2049
1568284824138801,加速度计,-1.2623,7.8985,4.1563,,,,,,,
1568284834157134,加速度计,-0.8452,6.9522,5.0350,,,,,,,
1568284831661770,陀螺仪,,,,,,,,0.0001,-0.1538,-0.1545
1568284844175468,加速度计,0.0245,6.8450,7.3700,,,,,,,
1568284851698436,陀螺仪,,,,,,,,-0.0053,-0.1645,-0.1290
1568284854193801,加速度计,-0.7775,6.8031,6.5451,,,,,,,
1568284864212134,加速度计,-1.5161,7.3460,6.5242,,,,,,,
1568284871735103,陀螺仪,,,,,,,,-0.0128,-0.1965,-0.1358
1568284874230468,加速度计,-0.8110,6.7379,7.6453,,,,,,,
1568284884248801,加速度计,-0.6608,6.0490,8.9010,,,,,,,
1568284891771770,陀螺仪,,,,,,,,0.0152,-0.2398,-0.1666
1568284894267134,加速度计,-1.3024,6.1615,7.1515,,,,,,,
1568284904285468,加速度计,-1.9369,6.9617,5.9849,,,,,,,
1568284914303801,加速度计,-0.0497,6.9683,9.2470,,,,,,,
1568284911808436,陀螺仪,,,,,,,,-0.0001,-0.2915,-0.1686
1568284924322134,加速度计,0.1239,5.7389,8.1690,,,,,,,
1568284934342291,加速度计,-0.3472,5.9023,6.3548,,,,,,,
1568284931851874,陀螺仪,,,,,,,,0.0309,-0.3041,-0.1674
1568284944364009,加速度计,0.9146,6.4051,6.2351,,,,,,,
1568284951884374,陀螺仪,,,,,,,,-0.0080,-0.3108,-0.1590
1568284954380259,加速度计,0.5950,6.1543,7.1862,,,,,,,
1568284964396509,加速度计,0.4184,6.2950,6.7822,,,,,,,
1568284971916874,陀螺仪,,,,,,,,0.0176,-0.2610,-0.1051
1568284974412759,加速度计,0.4483,7.5968,7.4927,,,,,,,
1568284984429009,加速度计,0.3466,7.1910,10.0353,,,,,,,
1568284991949791,陀螺仪,,,,,,,,0.0759,-0.1692,0.0397
1568284994445572,加速度计,0.3873,7.6866,7.1545,,,,,,,
1568285004462551,加速度计,0.1975,7.5914,4.5388,,,,,,,
1568285011984374,陀螺仪,,,,,,,,0.0312,-0.1088,0.1703
1568285014479947,加速度计,-0.4369,8.0786,4.0743,,,,,,,
1568285024497759,加速度计,0.5255,7.2610,4.0414,,,,,,,
1568285034515989,加速度计,-0.3705,7.4549,8.6904,,,,,,,
1568285032020624,陀螺仪,,,,,,,,-0.0646,-0.0810,0.2510
1568285044534634,加速度计,-0.3334,7.7847,8.4880,,,,,,,
1568285052058541,陀螺仪,,,,,,,,0.0274,-0.0244,0.2668
1568285054553697,加速度计,-0.0563,6.9180,8.1128,,,,,,,
1568285064573176,加速度计,-0.4669,7.5369,3.3160,,,,,,,
1568285072098124,陀螺仪,,,,,,,,-0.0093,-0.0603,0.2265
1568285074593072,加速度计,-0.5680,7.4292,5.0901,,,,,,,
1568285084613384,加速度计,-0.0718,7.8117,6.7822,,,,,,,
1568285092138957,陀螺仪,,,,,,,,-0.0390,-0.0778,0.1923
1568285094633801,加速度计,-0.2101,7.6477,7.8925,,,,,,,
1568285104654218,加速度计,0.2071,7.5369,4.4945,,,,,,,
1568285112179791,陀螺仪,,,,,,,,-0.0607,-0.0739,0.1585
1568285114674634,加速度计,0.3484,5.6551,7.3508,,,,,,,
1568285124695051,加速度计,0.2095,6.6068,7.8332,,,,,,,
1568285132220624,陀螺仪,,,,,,,,-0.0322,-0.0712,0.1699
1568285134715468,加速度计,0.4471,7.2353,8.2630,,,,,,,
1568285144735884,加速度计,1.8950,7.0743,8.2498,,,,,,,
1568285152261457,陀螺仪,,,,,,,,0.0085,-0.0368,0.1419
1568285154756301,加速度计,1.3072,7.3825,4.6675,,,,,,,
1568285164775468,加速度计,-0.1407,7.3155,5.6737,,,,,,,
1568285172298957,陀螺仪,,,,,,,,-0.0417,-0.0357,0.1344
1568285174794218,加速度计,1.0906,6.8450,9.2458,,,,,,,
1568285184813280,加速度计,1.0056,7.8919,6.4266,,,,,,,
1568285192336457,陀螺仪,,,,,,,,-0.0318,-0.0324,0.1316
1568285194832864,加速度计,0.6979,7.4753,6.1884,,,,,,,
1568285204847030,加速度计,1.1672,5.6090,6.1363,,,,,,,
1568285212364791,陀螺仪,,,,,,,,-0.0415,-0.0312,0.0985
1568285214861197,加速度计,-0.1484,7.3897,6.6020,,,,,,,
1568285224875676,加速度计,-0.0497,7.3304,8.6269,,,,,,,
1568285234890572,加速度计,0.5746,6.8941,8.8568,,,,,,,
1568285232394374,陀螺仪,,,,,,,,-0.0025,-0.0434,0.0985
1568285244906197,加速度计,0.0347,7.4795,6.0262,,,,,,,
1568285252426874,陀螺仪,,,,,,,,0.0348,-0.0401,0.0621
1568285254922655,加速度计,0.4088,8.0726,3.9265,,,,,,,
1568285264939947,加速度计,0.4477,6.9653,3.5973,,,,,,,
1568285272462707,陀螺仪,,,,,,,,-0.0844,-0.0760,0.0555
1568285274958072,加速度计,-0.7177,7.7698,9.3631,,,,,,,
1568285284977030,加速度计,-0.7667,6.8672,12.4804,,,,,,,
1568285292501874,陀螺仪,,,,,,,,0.0471,-0.0336,0.1246
1568285294996822,加速度计,0.8871,6.9085,9.6055,,,,,,,
1568285305017134,加速度计,0.7356,6.8277,5.4600,,,,,,,
1568285315037864,加速度计,0.7021,6.6876,1.6987,,,,,,,
1568285312543124,陀螺仪,,,,,,,,0.0756,-0.0306,0.1071
1568285325059009,加速度计,0.8296,6.9552,3.4824,,,,,,,
1568285332586041,陀螺仪,,,,,,,,-0.0402,-0.0446,0.0931
1568285335080572,加速度计,-0.0227,6.8666,6.0466,,,,,,,
1568285345102239,加速度计,-0.2939,6.0346,8.1618,,,,,,,
1568285352629374,陀螺仪,,,,,,,,-0.0318,-0.0152,0.1613
1568285355123905,加速度计,0.7332,5.8191,9.4721,,,,,,,
1568285365145572,加速度计,0.0401,7.8153,8.5868,,,,,,,
1568285372672707,陀螺仪,,,,,,,,0.0329,0.0289,0.1887
1568285375167239,加速度计,0.3903,6.5296,7.8763,,,,,,,
1568285385187343,加速度计,0.8996,6.2866,4.5981,,,,,,,
1568285392711041,陀螺仪,,,,,,,,0.0214,0.0358,0.1895
1568285395206301,加速度计,-0.0473,6.5248,5.0996,,,,,,,
1568285405225051,加速度计,-0.0329,6.2231,7.2921,,,,,,,
1568285415243801,加速度计,0.4256,6.8887,8.0056,,,,,,,
1568285412748541,陀螺仪,,,,,,,,-0.0001,0.0445,0.2162
1568285425262239,加速度计,0.2604,7.8464,6.8773,,,,,,,
1568285435286666,加速度计,0.7985,6.7600,6.5320,,,,,,,
1568285432802916,陀螺仪,,,,,,,,-0.0024,0.0647,0.2192
1568285445304114,加速度计,-0.2837,6.8576,6.0891,,,,,,,
1568285452806666,陀螺仪,,,,,,,,-0.0206,0.0867,0.2131
1568285455306093,加速度计,0.0221,6.9103,8.5886,,,,,,,
1568285465309114,加速度计,-0.0802,6.5451,9.2967,,,,,,,
1568285472814999,陀螺仪,,,,,,,,0.0276,0.1020,0.2638
1568285475313697,加速度计,-0.9337,6.0723,8.7323,,,,,,,
1568285485320259,加速度计,0.9140,7.4334,4.8094,,,,,,,
1568285495329218,加速度计,0.5650,7.6920,6.8462,,,,,,,
1568285492831666,陀螺仪,,,,,,,,0.0314,0.1080,0.2676
1568285505340989,加速度计,0.0766,8.5581,7.1030,,,,,,,
1568285512859582,陀螺仪,,,,,,,,0.0304,0.1161,0.2409
1568285515355676,加速度计,-0.3358,7.5046,7.9158,,,,,,,
1568285525373280,加速度计,-0.0305,7.4747,2.6857,,,,,,,
1568285532899166,陀螺仪,,,,,,,,-0.0294,0.1015,0.2494
1568285535393801,加速度计,0.6434,5.9765,4.3491,,,,,,,
1568285545416926,加速度计,-0.8260,7.1676,11.0480,,,,,,,
1568285552949166,陀螺仪,,,,,,,,0.0237,0.1376,0.2676
1568285555442551,加速度计,-0.0509,9.2069,10.0263,,,,,,,
1568285565470364,加速度计,0.8924,9.1674,5.4175,,,,,,,
1568285573007499,陀螺仪,,,,,,,,0.0087,0.1535,0.2575
1568285575499947,加速度计,0.0952,7.4915,5.6108,,,,,,,
1568285585530572,加速度计,-0.7386,6.7882,5.5115,,,,,,,
1568285593069582,陀螺仪,,,,,,,,-0.0306,0.1458,0.2554
1568285595561718,加速度计,0.3603,6.8702,6.7768,,,,,,,
1568285605592968,加速度计,0.4764,8.0912,4.8896,,,,,,,
1568285613122916,陀螺仪,,,,,,,,-0.0320,0.1298,0.2349
1568285615617343,加速度计,0.5584,5.7676,8.7161,,,,,,,
1568285625643905,加速度计,-0.0084,7.1102,7.9709,,,,,,,
1568285643383797,GPS,,,,31.9427,118.7831,3.5900,75.4000,,,
1568285633160155,陀螺仪,,,,,,,,0.0650,0.1818,0.2087
1568285635659582,加速度计,0.1143,7.8961,6.7181,,,,,,,
1568285645661978,加速度计,0.0072,7.8225,5.0500,,,,,,,
1568285653166405,陀螺仪,,,,,,,,0.0052,0.1525,0.2112
1568285655665416,加速度计,0.7745,7.1455,3.1538,,,,,,,
1568285665670416,加速度计,0.1281,7.1132,6.2979,,,,,,,
1568285673179322,陀螺仪,,,,,,,,-0.0490,0.1185,0.1514
1568285675677395,加速度计,-0.4627,7.3568,8.8651,,,,,,,
1568285685689322,加速度计,-0.1101,6.8666,11.2414,,,,,,,
1568285695727082,加速度计,-0.0257,6.9426,8.0457,,,,,,,
1568285693236666,陀螺仪,,,,,,,,0.0607,0.1305,0.1471
1568285705765364,加速度计,0.2945,7.9715,6.2273,,,,,,,
1568285715802968,加速度计,0.7667,5.9933,5.3768,,,,,,,
1568285713310051,陀螺仪,,,,,,,,0.0794,0.1037,0.0767
1568285725824061,加速度计,1.5125,6.7546,3.4782,,,,,,,
1568285735842811,加速度计,1.3288,7.7488,5.6659,,,,,,,
1568285733347551,陀螺仪,,,,,,,,0.0360,0.0642,-0.0286
1568285745861561,加速度计,0.1460,7.6836,10.2484,,,,,,,
1568285755880311,加速度计,0.1724,7.8458,9.2332,,,,,,,
1568285753385051,陀螺仪,,,,,,,,0.0483,0.0652,-0.0348
1568285765899061,加速度计,0.8679,7.9039,5.2235,,,,,,,
1568285775917811,加速度计,1.3647,6.7600,3.4339,,,,,,,
1568285773422551,陀螺仪,,,,,,,,0.0399,0.0678,-0.0450
1568285785936561,加速度计,0.9134,5.9813,8.1157,,,,,,,
1568285795954947,加速度计,0.2358,6.6272,9.7348,,,,,,,
1568285793459582,陀螺仪,,,,,,,,0.0272,0.0543,-0.0475
1568285805973280,加速度计,0.4429,7.8171,7.5597,,,,,,,
1568285815991614,加速度计,0.5507,7.8626,3.2872,,,,,,,
1568285813496249,陀螺仪,,,,,,,,0.0947,0.0735,-0.0482
1568285826009947,加速度计,-0.0760,8.4378,4.2575,,,,,,,
1568285836028280,加速度计,-1.0133,7.6998,10.2729,,,,,,,
1568285833532916,陀螺仪,,,,,,,,0.0141,0.0324,-0.0609
1568285846046614,加速度计,-0.5513,7.5836,9.6205,,,,,,,
1568285856064947,加速度计,0.2083,7.0479,5.3702,,,,,,,
1568285853569582,陀螺仪,,,,,,,,0.0581,0.0180,-0.0772
1568285866083280,加速度计,-0.1670,6.1782,6.1950,,,,,,,
1568285876101614,加速度计,-0.7398,5.7203,7.4717,,,,,,,
1568285873606249,陀螺仪,,,,,,,,0.0216,-0.0173,-0.0960
1568285886119947,加速度计,-0.5722,7.0665,8.3971,,,,,,,
1568285896138280,加速度计,0.2693,8.0337,5.2349,,,,,,,
1568285893642916,陀螺仪,,,,,,,,0.0822,-0.0301,-0.0831
1568285906156614,加速度计,0.1484,7.1096,5.4618,,,,,,,
1568285916174947,加速度计,-0.1826,6.6571,6.6589,,,,,,,
1568285913679582,陀螺仪,,,,,,,,0.0107,-0.0618,-0.1158
1568285926193280,加速度计,-0.4663,6.1950,9.6750,,,,,,,
1568285936213124,加速度计,-0.2574,5.5893,7.3562,,,,,,,
1568285933720572,陀螺仪,,,,,,,,0.0605,-0.0756,-0.1128
1568285946235832,加速度计,0.1790,7.2251,0.9726,,,,,,,
1568285956254791,加速度计,0.8015,7.0012,3.2382,,,,,,,
1568285953759530,陀螺仪,,,,,,,,-0.0398,-0.1236,-0.1336
1568285966273541,加速度计,0.6680,4.9350,13.5416,,,,,,,
1568285976292291,加速度计,0.5321,8.3270,12.6420,,,,,,,
1568285973796978,陀螺仪,,,,,,,,-0.0196,-0.1265,-0.1268
1568285986310676,加速度计,1.0552,7.8733,9.3272,,,,,,,
1568285996329009,加速度计,1.0965,6.4446,5.2625,,,,,,,
1568285993833645,陀螺仪,,,,,,,,0.0867,-0.0920,-0.1450
1568286006347343,加速度计,-0.1215,5.1380,4.7687,,,,,,,
1568286016365676,加速度计,1.2210,7.3334,3.3495,,,,,,,
1568286013870311,陀螺仪,,,,,,,,0.0551,-0.1085,-0.0862
1568286026384009,加速度计,1.6855,9.0680,4.5508,,,,,,,
1568286036402343,加速度计,1.1205,7.4118,8.2492,,,,,,,
1568286033906978,陀螺仪,,,,,,,,-0.0545,-0.1052,-0.0819
1568286046420676,加速度计,-0.2239,6.3267,9.1429,,,,,,,
1568286056439009,加速度计,0.8009,8.0882,5.6324,,,,,,,
1568286053943645,陀螺仪,,,,,,,,0.0241,-0.0506,-0.0111
1568286066457343,加速度计,1.4335,8.0194,4.2665,,,,,,,
1568286076475676,加速度计,0.1425,7.4723,4.5238,,,,,,,
1568286073980311,陀螺仪,,,,,,,,-0.0453,-0.0562,-0.0033
1568286086494009,加速度计,0.2783,6.4584,6.9234,,,,,,,
1568286096512343,加速度计,0.9284,8.6119,8.5156,,,,,,,
1568286094016978,陀螺仪,,,,,,,,-0.0621,-0.0328,0.0361
1568286106530676,加速度计,-0.1335,7.3586,9.2727,,,,,,,
1568286116549009,加速度计,1.0983,7.3263,8.3899,,,,,,,
1568286114053645,陀螺仪,,,,,,,,-0.0244,-0.0027,0.0820
1568286126567343,加速度计,0.6859,6.5829,5.9227,,,,,,,
1568286136585676,加速度计,1.0253,7.2048,2.5845,,,,,,,
1568286134090311,陀螺仪,,,,,,,,-0.0008,0.0221,0.0815
1568286146604009,加速度计,0.5309,7.1982,5.4259,,,,,,,
1568286156622343,加速度计,1.0600,8.2762,7.8835,,,,,,,
1568286154126978,陀螺仪,,,,,,,,-0.0936,0.0244,0.1079
1568286166640676,加速度计,1.4916,6.4003,10.7871,,,,,,,
1568286176659009,加速度计,0.8565,7.3298,7.1425,,,,,,,
1568286174164270,陀螺仪,,,,,,,,-0.0226,0.0983,0.1354
1568286186690155,加速度计,-0.3382,6.0208,6.8821,,,,,,,
1568286196705468,加速度计,0.1885,7.2784,4.4616,,,,,,,
1568286194207134,陀螺仪,,,,,,,,-0.0272,0.1077,0.1712
1568286206712082,加速度计,0.5812,6.2291,6.9785,,,,,,,
1568286216719478,加速度计,0.1778,5.2218,9.2931,,,,,,,
1568286214221561,陀螺仪,,,,,,,,-0.0226,0.1084,0.1838
1568286226728072,加速度计,0.8290,6.9163,6.8941,,,,,,,
1568286236738280,加速度计,0.4938,7.8027,5.9322,,,,,,,
1568286234241145,陀螺仪,,,,,,,,0.0435,0.1264,0.1854
1568286246750155,加速度计,0.8320,8.3947,7.3376,,,,,,,
1568286256764061,加速度计,0.4459,8.1720,8.2881,,,,,,,
1568286254267916,陀螺仪,,,,,,,,0.0202,0.1210,0.1208
1568286266780051,加速度计,0.3029,7.4035,5.2361,,,,,,,
1568286276798124,加速度计,0.7769,5.9406,5.1577,,,,,,,
1568286274303020,陀螺仪,,,,,,,,-0.0205,0.1040,0.0968
1568286286818280,加速度计,-0.0700,5.7652,6.3273,,,,,,,
1568286296840520,加速度计,1.2492,5.7197,8.2157,,,,,,,
1568286294346405,陀螺仪,,,,,,,,-0.0346,0.0951,0.0844
1568286306864478,加速度计,0.3400,6.6152,9.6085,,,,,,,
1568286316889739,加速度计,0.7775,6.9653,7.1658,,,,,,,
1568286314396301,陀螺仪,,,,,,,,0.0354,0.1017,0.0744
1568286326916249,加速度计,0.6393,7.4891,6.3805,,,,,,,
1568286336943645,加速度计,0.6919,6.4410,5.3205,,,,,,,
1568286334450624,陀螺仪,,,,,,,,0.0354,0.1004,0.0354
1568286346971509,加速度计,0.5794,6.4967,5.9280,,,,,,,
1568286356999426,加速度计,-0.1425,7.0419,9.7839,,,,,,,
1568286354505676,陀螺仪,,,,,,,,-0.0061,0.0698,0.0253
1568286367021874,加速度计,0.4812,6.2830,9.6726,,,,,,,
1568286377040989,加速度计,1.3964,7.6752,5.5911,,,,,,,
1568286374545728,陀螺仪,,,,,,,,0.0746,0.0879,0.0442
1568286387059739,加速度计,0.6812,8.1128,4.4700,,,,,,,
1568286397078489,加速度计,1.0971,5.9550,8.7137,,,,,,,
1568286394583176,陀螺仪,,,,,,,,0.0242,0.0855,0.0004
1568286407096874,加速度计,-0.1107,8.0571,7.5609,,,,,,,
1568286417115207,加速度计,0.4202,6.8109,7.0569,,,,,,,
1568286414619843,陀螺仪,,,,,,,,0.0345,0.0807,0.0084
1568286427133541,加速度计,0.9691,6.2339,7.4029,,,,,,,
1568286437157811,加速度计,0.2472,6.1441,7.3436,,,,,,,
1568286434661405,陀螺仪,,,,,,,,0.0475,0.0855,0.0097
1568286447171978,加速度计,0.6195,7.3598,5.1649,,,,,,,
1568286457186145,加速度计,1.2294,7.6650,4.9752,,,,,,,
1568286454689739,陀螺仪,,,,,,,,0.0228,0.0913,-0.0141
1568286467200311,加速度计,0.5327,6.3710,8.8178,,,,,,,
1568286477214895,加速度计,0.4184,6.0621,10.8876,,,,,,,
1568286474718697,陀螺仪,,,,,,,,0.0009,0.0854,-0.0003
1568286487229895,加速度计,1.1037,7.6387,9.7749,,,,,,,
1568286497245311,加速度计,0.5537,7.1928,6.8456,,,,,,,
1568286494749426,陀螺仪,,,,,,,,0.0840,0.1204,0.0119
1568286507261561,加速度计,0.6381,5.8275,7.0054,,,,,,,
1568286517278645,加速度计,1.1217,8.0619,4.2629,,,,,,,
1568286514783176,陀螺仪,,,,,,,,0.0820,0.1105,-0.0274
1568286527296561,加速度计,0.6153,7.4083,7.6537,,,,,,,
1568286537315311,加速度计,0.6692,7.4136,7.1072,,,,,,,
1568286534820259,陀螺仪,,,,,,,,0.0545,0.0824,-0.0758
1568286547334895,加速度计,0.5201,7.4837,5.0302,,,,,,,
1568286557355311,加速度计,-0.0293,6.9073,5.5234,,,,,,,
1568286554860676,陀螺仪,,,,,,,,0.0466,0.0905,-0.0884
1568286567376561,加速度计,-0.4561,7.6178,6.7259,,,,,,,
1568286577398228,加速度计,-0.7039,7.7554,6.7756,,,,,,,
1568286574903801,陀螺仪,,,,,,,,0.0336,0.0923,-0.0411
1568286587420311,加速度计,-0.0305,7.2891,1.8130,,,,,,,
1568286597442811,加速度计,-0.1137,8.0224,0.4142,,,,,,,
1568286594948489,陀螺仪,,,,,,,,-0.0381,0.0700,-0.0296
1568286607465311,加速度计,0.1269,5.3876,4.1246,,,,,,,
1568286617487811,加速度计,-0.7195,6.7289,8.4150,,,,,,,
1568286614994739,陀螺仪,,,,,,,,-0.1206,0.0659,-0.0087
1568286627526145,加速度计,-0.2867,8.0343,9.3512,,,,,,,
1568286637530832,加速度计,-0.5782,8.7323,8.9328,,,,,,,
1568286646483015,GPS,,,,31.9427,118.7832,3.5900,70.5000,,,
1568286635028801,陀螺仪,,,,,,,,-0.0365,0.0856,0.0308
1568286647522811,加速度计,-0.2269,8.7454,7.6986,,,,,,,
1568286657516718,加速度计,0.2658,7.9523,10.1646,,,,,,,
1568286655015676,陀螺仪,,,,,,,,0.0057,0.1180,0.0473
1568286667513436,加速度计,-0.9714,7.9440,6.2136,,,,,,,
1568286677513801,加速度计,0.2442,6.4769,6.1615,,,,,,,
1568286675014270,陀螺仪,,,,,,,,0.0028,0.1007,0.0634
1568286687519530,加速度计,0.4411,6.7283,6.0914,,,,,,,
1568286697546197,加速度计,-0.3843,7.4256,7.0036,,,,,,,
1568286695053749,陀螺仪,,,,,,,,-0.0001,0.0846,0.0364
1568286707576197,加速度计,0.4639,6.5116,8.1235,,,,,,,
1568286717608697,加速度计,-0.5411,7.2251,7.1263,,,,,,,
1568286715117395,陀螺仪,,,,,,,,0.0361,0.0795,0.0142
1568286727643280,加速度计,1.0816,7.3843,4.7058,,,,,,,
1568286737679114,加速度计,1.0151,7.0162,5.7766,,,,,,,
1568286735188228,陀螺仪,,,,,,,,0.0133,0.0695,-0.0249
1568286747715364,加速度计,-0.1149,8.0523,5.9771,,,,,,,
1568286757751614,加速度计,0.1419,6.7050,6.3752,,,,,,,
1568286755256457,陀螺仪,,,,,,,,-0.0306,0.0485,-0.0514
1568286767770780,加速度计,1.2282,7.6189,5.5061,,,,,,,
1568286777789530,加速度计,0.5327,7.2688,9.3332,,,,,,,
1568286775294270,陀螺仪,,,,,,,,-0.0771,0.0204,-0.1057
1568286787808280,加速度计,-0.4621,6.8516,10.3262,,,,,,,
1568286797827030,加速度计,1.2737,7.6309,6.1651,,,,,,,
1568286795331770,陀螺仪,,,,,,,,0.0146,0.0229,-0.1394
1568286807845780,加速度计,1.6017,6.8103,3.1035,,,,,,,
1568286817864530,加速度计,-0.4974,5.6737,7.1233,,,,,,,
1568286815369270,陀螺仪,,,,,,,,-0.0830,-0.0519,-0.2406
1568286827883280,加速度计,0.1927,6.8516,8.6951,,,,,,,
1568286837902030,加速度计,0.5644,7.2006,7.9817,,,,,,,
1568286835406770,陀螺仪,,,,,,,,-0.0004,-0.0774,-0.2786
1568286847920780,加速度计,0.6351,8.3887,4.3221,,,,,,,
1568286857939114,加速度计,0.0180,4.8231,8.2265,,,,,,,
1568286855443749,陀螺仪,,,,,,,,-0.0380,-0.1200,-0.3443
1568286867957447,加速度计,-0.4280,6.5781,5.9544,,,,,,,
1568286877975780,加速度计,-0.3669,4.9632,9.1470,,,,,,,
1568286875480416,陀螺仪,,,,,,,,0.0206,-0.1664,-0.3156
1568286887994114,加速度计,0.4699,6.6110,4.8243,,,,,,,
1568286898012447,加速度计,1.0175,6.3835,3.5051,,,,,,,
1568286895517082,陀螺仪,,,,,,,,0.0827,-0.1619,-0.3063
1568286908030780,加速度计,0.5806,8.0367,5.2170,,,,,,,
1568286918049114,加速度计,-1.9974,7.8392,11.6119,,,,,,,
1568286915553749,陀螺仪,,,,,,,,0.0123,-0.2040,-0.3168
1568286928067447,加速度计,-0.1012,9.5086,7.7746,,,,,,,
1568286938110989,加速度计,0.8757,6.8516,4.9548,,,,,,,
1568286935610207,陀螺仪,,,,,,,,0.0222,-0.2059,-0.2561
1568286948107655,加速度计,0.2274,5.8353,4.4592,,,,,,,
1568286958105155,加速度计,0.0527,4.3844,9.8641,,,,,,,
1568286955604999,陀螺仪,,,,,,,,-0.0692,-0.2080,-0.2302
1568286968104322,加速度计,-0.0413,7.5573,9.7654,,,,,,,
1568286978105572,加速度计,0.4747,7.5507,8.1032,,,,,,,
1568286975606666,陀螺仪,,,,,,,,0.0121,-0.1525,-0.1115
1568286988109739,加速度计,0.6943,6.6978,4.7339,,,,,,,
1568286998117239,加速度计,0.5225,6.0106,5.7078,,,,,,,
1568286995620103,陀螺仪,,,,,,,,-0.0184,-0.1101,-0.0361
1568287008128489,加速度计,-0.2598,7.3125,10.6392,,,,,,,
1568287018143489,加速度计,0.1377,8.6508,9.5702,,,,,,,
1568287015648228,陀螺仪,,,,,,,,0.0176,-0.0417,0.0886
1568287028162239,加速度计,0.7925,7.4675,4.5418,,,,,,,
1568287038184739,加速度计,-0.1407,6.8175,0.7129,,,,,,,
1568287035691249,陀螺仪,,,,,,,,0.0053,0.0105,0.1238
1568287048210572,加速度计,-0.5758,6.4440,8.1924,,,,,,,
1568287058239322,加速度计,-0.6458,7.8123,9.8384,,,,,,,
1568287055747186,陀螺仪,,,,,,,,-0.0213,0.0478,0.2092
1568287068270572,加速度计,0.4711,10.1191,0.9367,,,,,,,
1568287078303489,加速度计,0.1173,6.1896,5.2523,,,,,,,
1568287075812082,陀螺仪,,,,,,,,-0.1033,0.0466,0.2077
1568287088337655,加速度计,-0.2670,5.0973,11.5466,,,,,,,
1568287098372239,加速度计,-0.1778,8.0691,9.7923,,,,,,,
1568287095880936,陀螺仪,,,,,,,,-0.0197,0.0626,0.2069
1568287108406822,加速度计,1.1325,9.3302,2.0871,,,,,,,
1568287118425989,加速度计,1.0104,6.1800,1.5969,,,,,,,
1568287115930728,陀螺仪,,,,,,,,-0.0465,0.0337,0.1121
1568287128444739,加速度计,0.2933,3.9612,6.1387,,,,,,,
1568287138463489,加速度计,0.4088,8.3947,7.5489,,,,,,,
1568287135968228,陀螺仪,,,,,,,,-0.0965,-0.0048,0.0281
1568287148482239,加速度计,0.6859,8.3659,12.1835,,,,,,,
1568287158500572,加速度计,1.9597,7.6351,8.5126,,,,,,,
1568287156005207,陀螺仪,,,,,,,,-0.0278,-0.0180,-0.0224
1568287168518905,加速度计,1.0271,5.6671,6.2650,,,,,,,
1568287178537239,加速度计,1.3024,7.2526,7.0527,,,,,,,
1568287176042707,陀螺仪,,,,,,,,0.0281,-0.0344,-0.1137
1568287188562655,加速度计,1.4281,6.9216,9.2159,,,,,,,
1568287198574739,加速度计,1.4706,8.4276,6.5613,,,,,,,
1568287196077811,陀螺仪,,,,,,,,0.0465,-0.0439,-0.1272
1568287208586874,加速度计,1.8172,6.7175,5.0697,,,,,,,
1568287218599426,加速度计,1.9962,7.0509,6.1345,,,,,,,
1568287216102707,陀螺仪,,,,,,,,0.0162,-0.0439,-0.1688
1568287228612447,加速度计,0.3065,6.6110,6.5236,,,,,,,
1568287236129999,陀螺仪,,,,,,,,0.0184,-0.0431,-0.1333
1568287238626301,加速度计,0.1933,8.4473,6.2100,,,,,,,
1568287248641041,加速度计,1.5909,8.5569,5.7557,,,,,,,
1568287256161353,陀螺仪,,,,,,,,-0.0212,-0.0441,-0.1510
1568287258657030,加速度计,0.9559,6.1717,6.5422,,,,,,,
1568287268674270,加速度计,-0.4645,7.4364,8.5790,,,,,,,
1568287276197707,陀螺仪,,,,,,,,0.0019,-0.0650,-0.1096
1568287278692759,加速度计,-0.2693,7.2323,10.5046,,,,,,,
1568287288712447,加速度计,1.3060,8.3288,5.2367,,,,,,,
1568287296238332,陀螺仪,,,,,,,,0.0378,-0.0281,-0.1318
1568287298732968,加速度计,0.7428,7.3879,0.2346,,,,,,,
1568287308754322,加速度计,-0.8811,5.7551,4.8411,,,,,,,
1568287316282291,陀螺仪,,,,,,,,-0.0767,-0.0590,-0.0876
1568287318776509,加速度计,-0.8015,5.4708,9.8695,,,,,,,
1568287328799478,加速度计,0.1281,7.7770,8.0876,,,,,,,
1568287338822864,加速度计,1.2216,7.9278,5.8089,,,,,,,
1568287336328853,陀螺仪,,,,,,,,-0.0148,-0.0092,0.0132
1568287348846614,加速度计,0.4902,4.3952,8.1792,,,,,,,
1568287358870364,加速度计,-0.5704,6.2650,8.3635,,,,,,,
1568287356376353,陀螺仪,,,,,,,,0.0230,0.0410,0.0288
1568287368893541,加速度计,-0.4770,8.7197,7.3340,,,,,,,
1568287378912603,加速度计,1.0385,7.0330,9.7749,,,,,,,
1568287376417239,陀螺仪,,,,,,,,0.0317,0.0510,0.1099
1568287388930936,加速度计,0.6734,5.5827,6.8755,,,,,,,
1568287396453905,陀螺仪,,,,,,,,0.0633,0.0915,0.1168
1568287398949270,加速度计,0.1478,5.2672,5.2427,,,,,,,
1568287408967603,加速度计,-0.0162,6.4506,5.9352,,,,,,,
1568287418985936,加速度计,-0.1413,7.4861,7.8099,,,,,,,
1568287416490572,陀螺仪,,,,,,,,0.0602,0.1069,0.1565
1568287429004322,加速度计,0.9463,7.5932,8.1265,,,,,,,
1568287439024791,加速度计,0.4046,6.8911,6.4368,,,,,,,
1568287436529530,陀螺仪,,,,,,,,0.0469,0.1173,0.1137
1568287449043541,加速度计,-0.0150,6.5451,8.2325,,,,,,,
1568287456567030,陀螺仪,,,,,,,,0.0234,0.0915,0.0775
1568287459062291,加速度计,-0.0886,7.3287,8.7604,,,,,,,
1568287469081041,加速度计,0.8721,7.7153,6.9707,,,,,,,
1568287479099739,加速度计,0.4615,6.4272,6.3321,,,,,,,
1568287476604374,陀螺仪,,,,,,,,0.0302,0.0748,-0.0280
1568287489118072,加速度计,-0.4699,6.7217,5.7485,,,,,,,
1568287496641041,陀螺仪,,,,,,,,-0.0124,-0.0031,-0.0956
1568287499136405,加速度计,0.2041,5.5821,7.4657,,,,,,,
1568287509154739,加速度计,0.4806,7.7219,6.7732,,,,,,,
1568287519173072,加速度计,0.6524,8.2247,6.4679,,,,,,,
1568287516677707,陀螺仪,,,,,,,,0.0141,-0.0474,-0.1565
1568287529191405,加速度计,1.0475,7.0270,7.1443,,,,,,,
1568287539209739,加速度计,-0.3077,7.2365,9.7797,,,,,,,
1568287536714374,陀螺仪,,,,,,,,0.0176,-0.0760,-0.2119
1568287549228072,加速度计,0.5908,8.9411,9.2159,,,,,,,
1568287559246405,加速度计,0.5830,7.7865,6.0286,,,,,,,
1568287556751041,陀螺仪,,,,,,,,0.0722,-0.0639,-0.1838
1568287569264739,加速度计,0.7350,7.6794,2.8683,,,,,,,
1568287576787707,陀螺仪,,,,,,,,-0.0158,-0.0901,-0.2013
1568287579283072,加速度计,-0.0676,6.1758,5.0524,,,,,,,
1568287589301405,加速度计,-0.7715,5.6437,8.6317,,,,,,,
1568287596824374,陀螺仪,,,,,,,,0.0352,-0.0823,-0.1304
1568287599319739,加速度计,0.5668,8.0906,7.5256,,,,,,,
1568287609338072,加速度计,0.8721,7.3706,6.1681,,,,,,,
1568287619356770,加速度计,-0.0718,6.4183,2.5815,,,,,,,
1568287616862134,陀螺仪,,,,,,,,0.0594,-0.0293,-0.1073
1568287642131452,GPS,,,,31.9428,118.7832,3.5400,72.9000,,,
1568287629384322,加速度计,-0.2705,6.8630,2.2134,,,,,,,
1568287636902082,陀螺仪,,,,,,,,-0.0553,-0.0407,-0.0386
1568287639398489,加速度计,0.0281,7.2802,1.5724,,,,,,,
1568287649412655,加速度计,-0.5393,8.0308,5.3265,,,,,,,
1568287656930572,陀螺仪,,,,,,,,-0.1502,-0.0328,0.0033
1568287659426874,加速度计,-0.1263,6.6248,9.3990,,,,,,,
1568287669441509,加速度计,0.0443,7.3580,11.0780,,,,,,,
1568287679457239,加速度计,-0.5064,7.2814,9.8976,,,,,,,
1568287676962499,陀螺仪,,,,,,,,-0.0394,0.0164,0.0373
1568287689495468,加速度计,-0.5758,7.6842,5.6683,,,,,,,
1568287697014791,陀螺仪,,,,,,,,-0.0245,0.0234,0.0727
1568287699510884,加速度计,-0.1802,6.9121,7.5052,,,,,,,
1568287709526301,加速度计,-0.0934,7.0473,7.2101,,,,,,,
1568287717045624,陀螺仪,,,,,,,,-0.0008,0.0169,0.0700
1568287719541718,加速度计,-0.4334,7.3400,7.5926,,,,,,,
1568287729557186,加速度计,-0.3346,7.9918,5.9598,,,,,,,
1568287737077186,陀螺仪,,,,,,,,-0.0064,0.0194,0.0688
1568287739573072,加速度计,0.5357,7.7321,6.8486,,,,,,,
1568287749589374,加速度计,-0.2855,7.8434,8.3731,,,,,,,
1568287759606093,加速度计,-0.8266,6.9348,7.5136,,,,,,,
1568287757110416,陀螺仪,,,,,,,,-0.0012,0.0164,0.0728
1568287769623228,加速度计,0.4818,7.6501,4.5041,,,,,,,
1568287777145468,陀螺仪,,,,,,,,-0.0244,0.0009,0.0598
1568287779640832,加速度计,0.3537,6.3087,5.6982,,,,,,,
1568287789659270,加速度计,0.1945,6.9635,8.8897,,,,,,,
1568287799678489,加速度计,-0.1562,7.6291,9.8390,,,,,,,
1568287797183436,陀螺仪,,,,,,,,0.0204,0.0103,0.0357
1568287809698124,加速度计,0.3226,8.2684,6.0148,,,,,,,
1568287819718176,加速度计,0.0946,8.2229,2.5115,,,,,,,
1568287817223332,陀螺仪,,,,,,,,0.0333,0.0080,0.0035
1568287829738645,加速度计,-0.2861,7.2718,3.9037,,,,,,,
1568287837264895,陀螺仪,,,,,,,,-0.1028,-0.0550,-0.0437
1568287839759530,加速度计,-0.0024,6.1752,9.1800,,,,,,,
1568287849780780,加速度计,0.2640,7.5046,9.6738,,,,,,,
1568287857307395,陀螺仪,,,,,,,,-0.0246,-0.0527,-0.0907
1568287859802030,加速度计,-0.3717,6.1238,8.6592,,,,,,,
1568287869823280,加速度计,-0.2849,7.1443,2.1721,,,,,,,
1568287879844530,加速度计,0.0856,5.3241,4.2754,,,,,,,
1568287877349895,陀螺仪,,,,,,,,-0.0541,-0.1140,-0.1330
1568287889865624,加速度计,0.2257,6.6475,8.0978,,,,,,,
1568287899885468,加速度计,-0.0976,5.5623,10.5285,,,,,,,
1568287897390207,陀螺仪,,,,,,,,-0.0531,-0.1514,-0.1751
1568287909904218,加速度计,0.7955,7.3963,8.4078,,,,,,,
1568287919922968,加速度计,-0.1999,5.7347,8.1768,,,,,,,
1568287917427707,陀螺仪,,,,,,,,0.0494,-0.1670,-0.1786
1568287929942186,加速度计,0.5537,5.4372,4.6747,,,,,,,
1568287937474739,陀螺仪,,,,,,,,0.0904,-0.1883,-0.1862
1568287939973957,加速度计,-0.3023,7.2772,4.2222,,,,,,,
1568287949976926,加速度计,0.0820,8.0463,7.0354,,,,,,,
1568287957481457,陀螺仪,,,,,,,,0.0581,-0.1908,-0.1711
1568287959980364,加速度计,0.0066,7.4316,8.5946,,,,,,,
1568287969984739,加速度计,-0.5279,7.8991,7.2808,,,,,,,
1568287979990832,加速度计,0.0838,7.1652,8.5712,,,,,,,
1568287977492864,陀螺仪,,,,,,,,0.0265,-0.1931,-0.1142
1568287989999061,加速度计,-0.1718,6.2052,9.5918,,,,,,,
1568287997513072,陀螺仪,,,,,,,,0.0778,-0.1483,-0.0350
1568288000009791,加速度计,0.5195,6.8235,7.4226,,,,,,,
1568288010023072,加速度计,-0.1939,6.6798,6.7115,,,,,,,
1568288020039270,加速度计,0.3178,6.5697,4.1725,,,,,,,
1568288017544009,陀螺仪,,,,,,,,0.0530,-0.1041,0.0614
1568288030058332,加速度计,0.0898,7.5196,7.1377,,,,,,,
1568288037585884,陀螺仪,,,,,,,,0.0220,-0.0329,0.1613
1568288040079895,加速度计,0.0311,7.5136,7.2688,,,,,,,
1568288050103905,加速度计,0.1329,7.1587,5.4175,,,,,,,
1568288057636874,陀螺仪,,,,,,,,-0.0152,0.0265,0.2513
1568288060129947,加速度计,-0.1167,7.3400,2.4235,,,,,,,
1568288070157603,加速度计,0.8493,7.6734,5.2331,,,,,,,
1568288077693905,陀螺仪,,,,,,,,-0.0935,0.0852,0.3112
1568288080186457,加速度计,0.0784,7.6028,5.1098,,,,,,,
1568288090216093,加速度计,0.3077,8.5431,7.3334,,,,,,,
1568288100246093,加速度计,-0.1275,6.3009,13.9001,,,,,,,
1568288097753645,陀螺仪,,,,,,,,-0.1442,0.1072,0.3366
1568288110275155,加速度计,0.0509,6.9528,13.1112,,,,,,,
1568288120297186,加速度计,0.8649,8.5060,2.2009,,,,,,,
1568288117801926,陀螺仪,,,,,,,,0.0866,0.1578,0.3182
1568288130315936,加速度计,0.4693,6.8672,-2.3361,,,,,,,
1568288137839270,陀螺仪,,,,,,,,-0.1120,0.1065,0.2324
1568288140334634,加速度计,0.2861,5.9364,0.0497,,,,,,,
1568288150352968,加速度计,-0.2065,4.4909,9.6085,,,,,,,
1568288157875936,陀螺仪,,,,,,,,-0.1254,0.0924,0.1997
1568288160371301,加速度计,0.6339,8.7484,12.8449,,,,,,,
1568288170389634,加速度计,0.7757,7.4298,13.7637,,,,,,,
1568288180408124,加速度计,1.2061,7.4741,5.8023,,,,,,,
1568288177913072,陀螺仪,,,,,,,,0.0573,0.1209,0.1352
1568288190429061,加速度计,0.4112,7.0234,0.5872,,,,,,,
1568288197950989,陀螺仪,,,,,,,,-0.0561,0.0574,0.0505
1568288200446561,加速度计,0.9236,7.0198,3.3537,,,,,,,
1568288210464061,加速度计,0.0257,5.3570,11.6376,,,,,,,
1568288220481561,加速度计,1.2103,6.6559,10.3112,,,,,,,
1568288217985989,陀螺仪,,,,,,,,-0.0012,0.0491,0.0236
1568288230499061,加速度计,1.7687,8.3893,2.1727,,,,,,,
1568288240516561,加速度计,0.7715,6.4853,3.4884,,,,,,,
1568288238020989,陀螺仪,,,,,,,,-0.0486,0.0361,-0.0599
1568288250534061,加速度计,0.2107,6.1106,9.0291,,,,,,,
1568288260551561,加速度计,-0.0934,8.8089,11.8669,,,,,,,
1568288258055989,陀螺仪,,,,,,,,-0.0399,-0.0035,-0.0850
1568288270569061,加速度计,1.0253,8.8005,7.6082,,,,,,,
1568288278091197,陀螺仪,,,,,,,,-0.0172,-0.0174,-0.1503
1568288280586666,加速度计,1.3431,7.0390,3.4722,,,,,,,
1568288290604686,加速度计,0.3669,6.0196,5.3097,,,,,,,
1568288300623124,加速度计,0.1179,6.1190,11.3689,,,,,,,
1568288298127864,陀螺仪,,,,,,,,-0.0951,-0.0795,-0.1723
1568288310641978,加速度计,0.8033,8.3240,9.1057,,,,,,,
1568288320661145,加速度计,2.1261,8.0601,3.5979,,,,,,,
1568288318165989,陀螺仪,,,,,,,,0.0061,-0.0640,-0.2056
1568288330680311,加速度计,0.6674,5.6150,3.3968,,,,,,,
1568288340699478,加速度计,-0.6812,5.4283,8.2426,,,,,,,
1568288338204322,陀螺仪,,,,,,,,-0.0627,-0.1115,-0.2425
1568288350718645,加速度计,0.8434,6.8342,10.8793,,,,,,,
1568288358242655,陀螺仪,,,,,,,,0.0481,-0.1186,-0.2057
1568288360737811,加速度计,1.5682,8.3983,7.9218,,,,,,,
1568288370756978,加速度计,1.5030,7.2724,3.9810,,,,,,,
1568288380776145,加速度计,0.2927,7.0234,1.6993,,,,,,,
1568288378280989,陀螺仪,,,,,,,,0.0064,-0.1286,-0.2651
1568288390795311,加速度计,-0.3921,7.6315,8.7329,,,,,,,
1568288400814478,加速度计,-0.1778,6.3506,12.4582,,,,,,,
1568288398319322,陀螺仪,,,,,,,,-0.0518,-0.1513,-0.2153
1568288410833645,加速度计,1.0104,7.0030,7.3508,,,,,,,
1568288418357655,陀螺仪,,,,,,,,0.0525,-0.1115,-0.1756
1568288420852811,加速度计,1.0900,4.5939,2.5223,,,,,,,
1568288430873332,加速度计,0.1077,4.9746,2.2057,,,,,,,
1568288438408853,陀螺仪,,,,,,,,-0.0069,-0.1326,-0.1376
1568288440908280,加速度计,-0.1125,6.1986,10.7542,,,,,,,
1568288450910468,加速度计,0.4040,9.9719,11.3072,,,,,,,
1568288458414270,陀螺仪,,,,,,,,0.0599,-0.0891,-0.0882
1568288460913280,加速度计,1.7119,8.6197,5.8383,,,,,,,
1568288470917447,加速度计,1.5048,6.1824,1.8052,,,,,,,
1568288480923384,加速度计,-0.5848,4.5873,5.4630,,,,,,,
1568288478425311,陀螺仪,,,,,,,,-0.0575,-0.0589,-0.0747
1568288490931509,加速度计,-0.4866,5.0943,11.0654,,,,,,,
1568288500942239,加速度计,0.3124,8.1511,11.8495,,,,,,,
1568288498445520,陀螺仪,,,,,,,,0.0067,-0.0096,0.0724
1568288510955884,加速度计,1.2031,6.7409,7.5052,,,,,,,
1568288520972447,加速度计,1.2378,6.8378,4.6058,,,,,,,
1568288518477186,陀螺仪,,,,,,,,0.0794,0.0539,0.1164
1568288530991926,加速度计,0.0006,7.3017,5.0518,,,,,,,
1568288541014218,加速度计,0.4130,8.3055,9.0908,,,,,,,
1568288538520311,陀螺仪,,,,,,,,0.0260,0.0643,0.1366
1568288551038905,加速度计,-0.2209,8.0984,7.3251,,,,,,,
1568288561065572,加速度计,0.4124,7.4172,6.8175,,,,,,,
1568288558572603,陀螺仪,,,,,,,,0.0289,0.0812,0.1730
1568288571093801,加速度计,-0.1012,6.2076,4.9476,,,,,,,
1568288581123176,加速度计,-0.5160,7.7458,3.2735,,,,,,,
1568288578630728,陀螺仪,,,,,,,,-0.0065,0.1012,0.1715
1568288591153280,加速度计,-0.1700,7.6441,5.4564,,,,,,,
1568288601183697,加速度计,-0.7213,6.7385,12.2428,,,,,,,
1568288598691353,陀螺仪,,,,,,,,-0.0739,0.0722,0.1696
1568288611211822,加速度计,-0.4866,7.0246,10.8775,,,,,,,
1568288621233801,加速度计,-0.2215,6.9043,6.0316,,,,,,,
1568288618739895,陀螺仪,,,,,,,,0.0621,0.1107,0.1634
1568288644715046,GPS,,,,31.9428,118.7832,3.4600,75.0000,,,
1568288631259426,加速度计,0.5154,8.6287,2.2284,,,,,,,
1568288641267447,加速度计,-0.3657,6.9971,5.3331,,,,,,,
1568288638769582,陀螺仪,,,,,,,,-0.0380,0.0706,0.1222
1568288651275884,加速度计,-0.8793,6.8474,8.9088,,,,,,,
1568288661284843,加速度计,-0.5477,7.6794,8.0164,,,,,,,
1568288658787291,陀螺仪,,,,,,,,-0.0107,0.0465,0.1009
1568288671294739,加速度计,0.5716,7.8464,6.2818,,,,,,,
1568288681306509,加速度计,0.0156,7.6028,4.7591,,,,,,,
1568288678810207,陀螺仪,,,,,,,,-0.0201,0.0301,0.0688
1568288691341353,加速度计,0.5088,6.0741,5.9568,,,,,,,
1568288701382186,加速度计,-0.2771,6.4278,5.9227,,,,,,,
1568288698886822,陀螺仪,,,,,,,,-0.0543,0.0047,0.0250
1568288711400520,加速度计,0.0485,5.7215,10.0880,,,,,,,
1568288718923489,陀螺仪,,,,,,,,0.0414,0.0101,0.0296
1568288721418853,加速度计,0.0922,7.3885,8.6682,,,,,,,
1568288731437186,加速度计,0.1041,8.6898,2.5295,,,,,,,
1568288738960155,陀螺仪,,,,,,,,-0.0340,-0.0225,0.0037
1568288741455520,加速度计,0.5872,6.8456,4.2329,,,,,,,
1568288751473853,加速度计,-0.2245,5.2583,12.9688,,,,,,,
1568288761492186,加速度计,-0.6069,6.4111,12.3044,,,,,,,
1568288758996822,陀螺仪,,,,,,,,0.0695,-0.0113,0.0182
1568288771510520,加速度计,0.1185,9.6121,0.3412,,,,,,,
1568288781528853,加速度计,0.4280,7.3879,-2.4618,,,,,,,
1568288779033489,陀螺仪,,,,,,,,0.0494,0.0012,0.0316
1568288791547186,加速度计,0.4549,5.4684,5.0721,,,,,,,
1568288799070155,陀螺仪,,,,,,,,-0.1073,-0.0643,0.0157
1568288801565520,加速度计,-0.4675,6.5559,17.1185,,,,,,,
1568288811583853,加速度计,0.0329,9.0878,10.9672,,,,,,,
1568288821602186,加速度计,0.5596,9.4338,-1.6825,,,,,,,
1568288819106822,陀螺仪,,,,,,,,0.0730,0.0149,0.0406
1568288831620520,加速度计,0.7165,5.5994,3.1951,,,,,,,
1568288841638853,加速度计,-0.3711,4.4137,14.3347,,,,,,,
1568288839143489,陀螺仪,,,,,,,,-0.0992,-0.0340,0.0391
1568288851657186,加速度计,-0.6596,8.7418,10.5794,,,,,,,
1568288861675520,加速度计,0.5393,9.2572,3.3058,,,,,,,
1568288859180155,陀螺仪,,,,,,,,0.0732,0.0172,0.0660
1568288871693853,加速度计,0.7171,5.5474,4.4412,,,,,,,
1568288881712186,加速度计,-0.0563,5.4737,7.9404,,,,,,,
1568288879216822,陀螺仪,,,,,,,,-0.0206,-0.0154,0.0626
1568288891730520,加速度计,-0.0150,8.9130,8.7999,,,,,,,
1568288901748853,加速度计,0.2514,9.1237,6.6852,,,,,,,
1568288899253489,陀螺仪,,,,,,,,0.0197,0.0065,0.0407
1568288911767186,加速度计,0.0509,5.2762,3.8876,,,,,,,
1568288919290155,陀螺仪,,,,,,,,-0.0566,-0.0185,0.0606
1568288921785520,加速度计,-0.8619,6.5547,3.1735,,,,,,,
1568288931804270,加速度计,0.0359,6.6720,11.6448,,,,,,,
1568288941828593,加速度计,0.3675,8.5353,9.0447,,,,,,,
1568288939334374,陀螺仪,,,,,,,,0.0013,0.0076,0.0696
1568288951849947,加速度计,0.1604,7.5974,4.7788,,,,,,,
1568288959373176,陀螺仪,,,,,,,,-0.0273,0.0000,0.0518
1568288961868541,加速度计,-0.3717,5.9628,4.8189,,,,,,,
1568288971886874,加速度计,-0.9098,5.3528,7.4059,,,,,,,
1568288981905207,加速度计,-0.2263,7.5028,6.6499,,,,,,,
1568288979409843,陀螺仪,,,,,,,,-0.0119,-0.0173,0.0750
1568288991923541,加速度计,0.0880,7.9033,7.7770,,,,,,,
1568288999446509,陀螺仪,,,,,,,,-0.0164,-0.0252,0.0692
1568289001941874,加速度计,-0.1305,6.5278,9.5361,,,,,,,
1568289011960207,加速度计,-0.3424,6.1244,7.0222,,,,,,,
1568289021978541,加速度计,-0.2394,7.0030,6.4105,,,,,,,
1568289019483176,陀螺仪,,,,,,,,0.0293,-0.0245,0.0927
1568289031996874,加速度计,0.4812,7.3670,6.2638,,,,,,,
1568289039519843,陀螺仪,,,,,,,,-0.0012,-0.0161,0.1005
1568289042015207,加速度计,0.4220,7.0767,7.1682,,,,,,,
1568289052033541,加速度计,0.4046,6.7127,5.5994,,,,,,,
1568289059556509,陀螺仪,,,,,,,,-0.0184,0.0051,0.1204
1568289062051874,加速度计,0.4190,5.0254,9.0064,,,,,,,
1568289072070207,加速度计,0.7242,6.3722,7.9200,,,,,,,
1568289079593176,陀螺仪,,,,,,,,0.0582,0.0660,0.1676
1568289082088541,加速度计,1.3743,8.7035,5.4678,,,,,,,
1568289092106874,加速度计,0.4998,8.3797,3.7134,,,,,,,
1568289102125207,加速度计,0.0132,4.6184,10.6213,,,,,,,
1568289099629843,陀螺仪,,,,,,,,-0.0353,0.0549,0.1531
1568289112143541,加速度计,0.1634,7.4262,8.1588,,,,,,,
1568289122161874,加速度计,0.5447,8.8538,6.1304,,,,,,,
1568289119666509,陀螺仪,,,,,,,,0.0254,0.0868,0.1920
1568289132180207,加速度计,0.8829,7.9571,5.5743,,,,,,,
1568289142198541,加速度计,-0.0192,5.9484,7.1575,,,,,,,
1568289139703176,陀螺仪,,,,,,,,-0.0198,0.0834,0.1559
1568289152216874,加速度计,0.5519,6.9210,7.3975,,,,,,,
1568289162235207,加速度计,1.0822,8.3019,6.0286,,,,,,,
1568289159739843,陀螺仪,,,,,,,,0.0176,0.0973,0.1470
1568289172253541,加速度计,0.6243,7.9793,6.6858,,,,,,,
1568289182274061,加速度计,0.9044,6.8420,6.1375,,,,,,,
1568289179780155,陀螺仪,,,,,,,,-0.0229,0.0806,0.0802
1568289192307864,加速度计,0.3915,6.3566,5.1906,,,,,,,
1568289202311770,加速度计,0.8104,6.7672,6.5080,,,,,,,
1568289199812864,陀螺仪,,,,,,,,-0.0268,0.0555,0.0454
1568289212316249,加速度计,1.0086,7.9332,8.0224,,,,,,,
1568289219823593,陀螺仪,,,,,,,,0.0080,0.0530,-0.0055
1568289222321874,加速度计,1.2983,6.7558,8.5126,,,,,,,
1568289232329322,加速度计,1.0540,7.5244,3.1915,,,,,,,
1568289242338853,加速度计,1.1121,6.7337,5.4127,,,,,,,
1568289239841614,陀螺仪,,,,,,,,-0.0146,0.0284,-0.0699
1568289252350624,加速度计,0.3837,6.7840,8.5341,,,,,,,
1568289262364895,加速度计,-0.0437,7.1012,11.5131,,,,,,,
1568289259868905,陀螺仪,,,,,,,,0.0069,0.0152,-0.0916
1568289272381666,加速度计,1.7017,8.4737,7.7207,,,,,,,
1568289282400936,加速度计,1.3096,6.8857,5.5737,,,,,,,
1568289279906197,陀螺仪,,,,,,,,0.0727,0.0012,-0.1360
1568289292422707,加速度计,0.9499,6.7020,3.1621,,,,,,,
1568289302446822,加速度计,0.7105,6.5374,6.6822,,,,,,,
1568289299953228,陀螺仪,,,,,,,,-0.0055,-0.0300,-0.1687
1568289312472864,加速度计,0.9966,6.5092,7.6710,,,,,,,
1568289322500416,加速度计,1.4192,7.1946,7.8811,,,,,,,
1568289320007551,陀螺仪,,,,,,,,-0.0085,-0.0325,-0.1449
1568289332529061,加速度计,0.9493,6.7672,7.5262,,,,,,,
1568289342558384,加速度计,0.8661,6.6361,6.0041,,,,,,,
1568289340065832,陀螺仪,,,,,,,,0.0036,-0.0188,-0.1586
1568289352587968,加速度计,0.3041,6.7762,6.1010,,,,,,,
1568289362614739,加速度计,0.1448,7.4190,7.7135,,,,,,,
1568289360120311,陀螺仪,,,,,,,,-0.0162,-0.0413,-0.1418
1568289372635572,加速度计,0.4046,6.1333,8.6305,,,,,,,
1568289382654166,加速度计,0.5980,7.5998,3.5775,,,,,,,
1568289380158801,陀螺仪,,,,,,,,0.0264,-0.0234,-0.1274
1568289392672499,加速度计,0.4794,6.9264,4.2641,,,,,,,
1568289400195468,陀螺仪,,,,,,,,-0.0692,-0.0407,-0.1238
1568289402690832,加速度计,0.1071,7.4352,7.0210,,,,,,,
1568289412709166,加速度计,-0.0533,5.8000,9.6642,,,,,,,
1568289420232134,陀螺仪,,,,,,,,-0.0252,-0.0213,-0.0491
1568289422727499,加速度计,1.2695,7.8787,7.9368,,,,,,,
1568289432747082,加速度计,0.5429,7.2281,6.5170,,,,,,,
1568289442769061,加速度计,0.5836,6.2189,9.1363,,,,,,,
1568289440272343,陀螺仪,,,,,,,,-0.0342,-0.0125,-0.0417
1568289452781978,加速度计,0.1173,6.6032,8.7095,,,,,,,
1568289462795103,加速度计,0.5148,7.3406,6.7732,,,,,,,
1568289460298489,陀螺仪,,,,,,,,0.0237,-0.0003,-0.0306
1568289472808645,加速度计,0.0904,6.3255,7.3454,,,,,,,
1568289482822811,加速度计,-0.0862,6.0914,6.6373,,,,,,,
1568289480326509,陀螺仪,,,,,,,,0.0305,-0.0073,-0.0273
1568289492837811,加速度计,0.5100,6.6828,7.4956,,,,,,,
1568289502853645,加速度计,0.2646,7.6459,8.1517,,,,,,,
1568289500357759,陀螺仪,,,,,,,,0.0362,-0.0162,-0.0185
1568289512870311,加速度计,0.7967,6.5835,7.4735,,,,,,,
1568289522887811,加速度计,-0.2083,6.0819,5.4235,,,,,,,
1568289520392343,陀螺仪,,,,,,,,0.0597,-0.0041,-0.0258
1568289532906145,加速度计,0.0359,6.9276,3.9756,,,,,,,
1568289542925311,加速度计,0.6548,7.5561,5.1278,,,,,,,
1568289540430259,陀螺仪,,,,,,,,-0.0064,-0.0253,0.0083
1568289552945311,加速度计,0.2903,7.7650,4.6998,,,,,,,
1568289562966145,加速度计,1.0068,6.9516,7.3011,,,,,,,
1568289560471509,陀螺仪,,,,,,,,-0.0884,-0.0173,-0.0125
1568289572987811,加速度计,-0.7661,5.8604,11.3228,,,,,,,
1568289583011614,加速度计,-0.6171,7.0437,11.2755,,,,,,,
1568289580521822,陀螺仪,,,,,,,,-0.0005,0.0196,0.0778
1568289593078072,加速度计,0.9936,8.4719,6.8989,,,,,,,
1568289600588020,陀螺仪,,,,,,,,0.0622,0.0740,0.1079
1568289603100989,加速度计,1.1480,8.4216,3.5817,,,,,,,
1568289613050155,加速度计,0.8517,6.9641,4.6346,,,,,,,
1568289623002447,加速度计,-0.0227,6.1878,10.0191,,,,,,,
1568289620491041,陀螺仪,,,,,,,,-0.0049,0.0656,0.0782
1568289642014056,GPS,,,,31.9428,118.7833,3.0200,73.4000,,,
1568289632990728,加速度计,-0.2508,8.2079,7.4789,,,,,,,
1568289640503801,陀螺仪,,,,,,,,0.0281,0.0882,0.1443
1568289643000416,加速度计,0.5644,8.2462,3.0047,,,,,,,
1568289653015936,加速度计,0.6949,6.3584,4.1234,,,,,,,
1568289663037134,加速度计,0.1293,6.4709,9.7169,,,,,,,
1568289660543332,陀螺仪,,,,,,,,-0.0361,0.0900,0.1290
1568289673063593,加速度计,-0.5686,6.8283,11.2917,,,,,,,
1568289683094895,加速度计,-0.2975,8.9370,4.7214,,,,,,,
1568289680603489,陀螺仪,,,,,,,,0.0807,0.1160,0.1607
1568289693130468,加速度计,1.3162,6.5841,4.1354,,,,,,,
1568289700679478,陀螺仪,,,,,,,,0.0261,0.1072,0.1249
1568289703169322,加速度计,0.2670,6.2525,4.3036,,,,,,,
1568289713210364,加速度计,-0.4501,7.1910,7.2945,,,,,,,
1568289723252759,加速度计,-0.2083,7.4166,9.8474,,,,,,,
1568289720763541,陀螺仪,,,,,,,,-0.0024,0.0746,0.0868
1568289733294895,加速度计,0.2963,7.7357,9.3093,,,,,,,
1568289740832186,陀螺仪,,,,,,,,0.0625,0.0716,0.0538
1568289743327447,加速度计,0.3424,7.3406,4.8375,,,,,,,
1568289753346197,加速度计,0.9523,6.8390,4.6250,,,,,,,
1568289763364947,加速度计,-0.0156,6.9815,8.1487,,,,,,,
1568289760869686,陀螺仪,,,,,,,,-0.0145,0.0289,-0.0016
1568289773383697,加速度计,0.0742,7.7363,9.0836,,,,,,,
1568289780907186,陀螺仪,,,,,,,,0.0445,0.0356,-0.0198
1568289783402447,加速度计,-0.6015,6.9917,7.9158,,,,,,,
1568289793421197,加速度计,-0.0742,7.7309,4.3898,,,,,,,
1568289803439791,加速度计,0.1448,6.5224,5.7892,,,,,,,
1568289800944426,陀螺仪,,,,,,,,0.0104,-0.0083,-0.0140
1568289813458124,加速度计,0.2316,7.2042,6.5134,,,,,,,
1568289823476457,加速度计,-0.5034,6.6792,9.1046,,,,,,,
1568289820981093,陀螺仪,,,,,,,,0.0248,-0.0063,-0.0330
1568289833494791,加速度计,-0.2376,6.8612,6.5948,,,,,,,
1568289843514218,加速度计,-0.3214,7.1934,4.4155,,,,,,,
1568289841019582,陀螺仪,,,,,,,,0.0676,0.0103,0.0222
1568289853535884,加速度计,0.7033,7.2712,3.9031,,,,,,,
1568289861053124,陀螺仪,,,,,,,,0.0008,0.0224,0.0403
1568289863549634,加速度计,-0.4776,8.2911,5.4348,,,,,,,
1568289873563384,加速度计,-1.0056,8.4719,7.3352,,,,,,,
1568289883577343,加速度计,-0.3256,7.2472,8.6203,,,,,,,
1568289881080936,陀螺仪,,,,,,,,-0.0341,0.0280,0.0932
1568289893591718,加速度计,-0.1018,6.2596,7.3592,,,,,,,
1568289903606718,加速度计,-0.6045,7.3526,5.4684,,,,,,,
1568289901110624,陀螺仪,,,,,,,,-0.0065,0.0467,0.1313
1568289913622551,加速度计,0.3645,6.8013,7.2077,,,,,,,
1568289923639218,加速度计,0.1604,6.9121,8.6024,,,,,,,
1568289921143541,陀螺仪,,,,,,,,-0.0069,0.0570,0.1123
1568289933656718,加速度计,-0.4447,7.2305,4.6902,,,,,,,
1568289941179791,陀螺仪,,,,,,,,-0.0168,0.0475,0.1047
1568289943675051,加速度计,-0.3741,7.5477,4.6442,,,,,,,
1568289953694218,加速度计,0.2855,7.0880,8.2301,,,,,,,
1568289961219374,陀螺仪,,,,,,,,-0.0274,0.0364,0.1045
1568289963714218,加速度计,0.0760,7.8117,10.7045,,,,,,,
1568289973735051,加速度计,-0.4232,6.8055,7.4376,,,,,,,
1568289981261978,陀螺仪,,,,,,,,0.0437,0.0642,0.1084
1568289983756509,加速度计,0.7614,7.0928,3.9349,,,,,,,
1568289993778384,加速度计,0.6752,6.7582,5.5390,,,,,,,
1568290001306353,陀螺仪,,,,,,,,-0.0281,0.0486,0.0897
1568290003800676,加速度计,-0.3472,6.9827,8.7418,,,,,,,
1568290013823176,加速度计,-0.4585,7.3915,9.4966,,,,,,,
1568290023845676,加速度计,0.7649,6.4757,6.1417,,,,,,,
1568290021351353,陀螺仪,,,,,,,,0.0216,0.0595,0.1027
1568290033868176,加速度计,0.1873,6.2920,3.8822,,,,,,,
1568290043888801,加速度计,-0.4447,6.8049,5.2259,,,,,,,
1568290041393541,陀螺仪,,,,,,,,-0.0377,0.0433,0.1012
1568290053907343,加速度计,0.1514,6.9552,9.1991,,,,,,,
1568290061430311,陀螺仪,,,,,,,,-0.0261,0.0598,0.1032
1568290063925676,加速度计,-0.0904,6.9689,10.4465,,,,,,,
1568290073944009,加速度计,-0.0832,7.6285,6.2255,,,,,,,
1568290083962343,加速度计,0.0371,5.4684,7.4214,,,,,,,
1568290081466978,陀螺仪,,,,,,,,-0.0023,0.0787,0.1240
1568290093981093,加速度计,0.6949,7.1335,5.3498,,,,,,,
1568290104001405,加速度计,0.3729,6.2572,6.8313,,,,,,,
1568290101505832,陀螺仪,,,,,,,,-0.0325,0.0783,0.1200
1568290114018905,加速度计,0.5668,7.1892,7.4238,,,,,,,
1568290124036405,加速度计,-0.0323,6.6272,8.5718,,,,,,,
1568290121540832,陀螺仪,,,,,,,,-0.0329,0.0859,0.1158
1568290134053905,加速度计,0.8787,6.3051,8.3300,,,,,,,
1568290144071405,加速度计,1.6023,7.1479,5.1894,,,,,,,
1568290141575832,陀螺仪,,,,,,,,0.0518,0.1245,0.1067
1568290154088905,加速度计,0.9068,8.0451,2.5851,,,,,,,
1568290164106405,加速度计,0.4711,6.1585,5.1499,,,,,,,
1568290161610832,陀螺仪,,,,,,,,-0.0393,0.1174,0.0578
1568290174123905,加速度计,0.3017,7.0024,6.6511,,,,,,,
1568290184141405,加速度计,0.8888,7.8051,6.3746,,,,,,,
1568290181645832,陀螺仪,,,,,,,,-0.0730,0.0997,0.0527
1568290194159114,加速度计,0.9206,6.3506,8.4647,,,,,,,
1568290201681874,陀螺仪,,,,,,,,-0.0426,0.1032,0.0100
1568290204177239,加速度计,0.4244,7.1018,11.1043,,,,,,,
1568290214195780,加速度计,0.5836,7.0425,10.5584,,,,,,,
1568290221719582,陀螺仪,,,,,,,,0.0768,0.0981,-0.0246
1568290224214739,加速度计,0.6871,7.7309,5.2876,,,,,,,
1568290234233905,加速度计,0.8338,7.4531,3.8774,,,,,,,
1568290244253072,加速度计,1.7148,7.8679,5.8478,,,,,,,
1568290241757916,陀螺仪,,,,,,,,0.0206,0.0482,-0.0834
1568290254272239,加速度计,0.8613,7.2915,6.3075,,,,,,,
1568290261796249,陀螺仪,,,,,,,,0.0009,0.0296,-0.1481
1568290264291405,加速度计,0.9421,7.6339,5.6102,,,,,,,
1568290274310572,加速度计,1.6670,7.2670,5.7389,,,,,,,
1568290284329739,加速度计,0.4477,6.3668,9.3535,,,,,,,
1568290281834582,陀螺仪,,,,,,,,-0.0177,0.0244,-0.2076
1568290294348905,加速度计,1.1480,7.3771,8.3151,,,,,,,
1568290304368072,加速度计,1.7962,7.7273,6.1956,,,,,,,
1568290301872916,陀螺仪,,,,,,,,0.0358,0.0069,-0.2317
1568290314387239,加速度计,1.1935,7.2586,5.5827,,,,,,,
1568290324406405,加速度计,0.8535,6.4398,6.4661,,,,,,,
1568290321911249,陀螺仪,,,,,,,,0.0033,-0.0210,-0.2716
1568290334425572,加速度计,1.7047,6.6020,6.7624,,,,,,,
1568290344447447,加速度计,0.8332,8.3438,5.5773,,,,,,,
1568290341956770,陀螺仪,,,,,,,,0.0001,-0.0419,-0.2993
1568290354476301,加速度计,0.7368,6.1603,7.9667,,,,,,,
1568290364479843,加速度计,1.7741,7.7776,7.4053,,,,,,,
1568290361980832,陀螺仪,,,,,,,,0.0040,-0.0562,-0.3417
1568290374484009,加速度计,0.6572,6.5457,7.6608,,,,,,,
1568290384489426,加速度计,0.4645,6.8438,7.8871,,,,,,,
1568290381991041,陀螺仪,,,,,,,,-0.0047,-0.1027,-0.3639
1568290394496718,加速度计,0.4705,6.7253,6.2866,,,,,,,
1568290404506093,加速度计,1.9004,7.2508,6.2956,,,,,,,
1568290402008749,陀螺仪,,,,,,,,0.0308,-0.1121,-0.3617
1568290414517759,加速度计,0.7045,8.0248,6.6547,,,,,,,
1568290424531926,加速度计,0.3980,6.6002,7.3316,,,,,,,
1568290422035832,陀螺仪,,,,,,,,0.0076,-0.1206,-0.3672
1568290434548593,加速度计,0.8452,6.7792,7.7919,,,,,,,
1568290442072916,陀螺仪,,,,,,,,0.0182,-0.1333,-0.3385
1568290444567759,加速度计,-0.1879,6.3069,7.8572,,,,,,,
1568290454589426,加速度计,0.4016,5.7952,6.9599,,,,,,,
1568290464613384,加速度计,-0.0640,7.2897,3.4159,,,,,,,
1568290462119686,陀螺仪,,,,,,,,0.0800,-0.1377,-0.2987
1568290474639218,加速度计,0.5082,7.0713,5.0583,,,,,,,
1568290484666718,加速度计,-0.0880,7.9817,7.5238,,,,,,,
1568290482173853,陀螺仪,,,,,,,,0.0252,-0.1554,-0.2844
1568290494695468,加速度计,-0.2508,8.6562,9.3188,,,,,,,
1568290504724843,加速度计,0.0042,8.0128,10.3202,,,,,,,
1568290502232291,陀螺仪,,,,,,,,0.0049,-0.1389,-0.2236
1568290514754426,加速度计,-0.3352,6.7768,6.8211,,,,,,,
1568290524782551,加速度计,-0.1245,5.3702,5.2637,,,,,,,
1568290522289270,陀螺仪,,,,,,,,0.0352,-0.0995,-0.1362
1568290534805259,加速度计,-0.5459,6.5314,6.1441,,,,,,,
1568290544824009,加速度计,-0.1724,6.1776,7.9374,,,,,,,
1568290542328749,陀螺仪,,,,,,,,0.0224,-0.0878,-0.0454
1568290554842551,加速度计,0.3831,7.5334,6.2614,,,,,,,
1568290562365520,陀螺仪,,,,,,,,0.0334,-0.0391,0.0298
1568290564860884,加速度计,0.3974,7.3514,8.1193,,,,,,,
1568290574879218,加速度计,-0.0856,7.3281,10.6338,,,,,,,
1568290584897551,加速度计,-0.5782,7.5860,9.6145,,,,,,,
1568290582402186,陀螺仪,,,,,,,,0.0862,0.0459,0.1173
1568290594917343,加速度计,0.5225,8.0619,3.3363,,,,,,,
1568290604937707,加速度计,0.3382,6.1549,3.9109,,,,,,,
1568290602441301,陀螺仪,,,,,,,,0.0393,0.0795,0.2031
1568290614951874,加速度计,-0.4238,5.8227,6.6912,,,,,,,
1568290624968384,加速度计,0.0706,6.6637,11.5526,,,,,,,
1568290622479270,陀螺仪,,,,,,,,0.0198,0.1194,0.2619
1568290643740253,GPS,,,,31.9428,118.7833,3.5200,74.5000,,,
1568290634994270,加速度计,0.6901,7.6938,8.9070,,,,,,,
1568290645007603,加速度计,0.7901,6.8522,6.6828,,,,,,,
1568290642510989,陀螺仪,,,,,,,,0.1103,0.1891,0.2858
1568290655021197,加速度计,0.2909,7.6543,2.4936,,,,,,,
1568290662538801,陀螺仪,,,,,,,,0.0391,0.1720,0.2206
1568290665035207,加速度计,-0.6416,7.0916,6.3788,,,,,,,
1568290675049634,加速度计,-1.3485,7.7596,7.0461,,,,,,,
1568290682568645,陀螺仪,,,,,,,,0.0192,0.1208,0.1981
1568290685064739,加速度计,-0.0742,7.6405,4.7962,,,,,,,
1568290695080676,加速度计,0.3310,6.7702,2.9503,,,,,,,
1568290702601770,陀螺仪,,,,,,,,-0.0470,0.0811,0.0772
1568290705097447,加速度计,0.2795,6.7906,3.1442,,,,,,,
1568290715115051,加速度计,0.5213,5.8736,6.2034,,,,,,,
1568290725133489,加速度计,-0.4345,6.6708,6.9294,,,,,,,
1568290722638228,陀螺仪,,,,,,,,-0.0783,0.0590,-0.0252
1568290735152759,加速度计,0.0413,7.0970,6.8510,,,,,,,
1568290745172864,加速度计,-0.3346,5.7401,11.1959,,,,,,,
1568290742678020,陀螺仪,,,,,,,,-0.0611,0.0234,-0.0429
1568290755193801,加速度计,0.3651,7.4933,10.5794,,,,,,,
1568290762720780,陀螺仪,,,,,,,,0.0590,0.0149,-0.0610
1568290765215311,加速度计,0.4609,8.2025,8.1900,,,,,,,
1568290775237239,加速度计,1.1115,8.4797,4.5226,,,,,,,
1568290785259582,加速度计,1.0307,7.6261,4.5783,,,,,,,
1568290782765259,陀螺仪,,,,,,,,0.0210,-0.0254,-0.1643
1568290795282082,加速度计,0.2185,6.5457,6.4326,,,,,,,
1568290802810259,陀螺仪,,,,,,,,-0.0092,-0.0872,-0.2176
1568290805304582,加速度计,0.0617,7.8207,9.0818,,,,,,,
1568290815327082,加速度计,1.0552,6.8504,9.6732,,,,,,,
1568290825347499,加速度计,0.7033,7.3694,5.0817,,,,,,,
1568290822852343,陀螺仪,,,,,,,,0.0533,-0.0671,-0.2233
1568290835366405,加速度计,0.7973,7.4723,5.2822,,,,,,,
1568290845385676,加速度计,0.2442,7.0689,5.4600,,,,,,,
1568290842891093,陀螺仪,,,,,,,,-0.0084,-0.0960,-0.2404
1568290855404791,加速度计,0.0970,7.5555,4.7627,,,,,,,
1568290862925155,陀螺仪,,,,,,,,-0.0760,-0.1063,-0.2234
1568290865421041,加速度计,0.6428,8.3306,4.6585,,,,,,,
1568290875437291,加速度计,-0.1496,6.0591,8.7807,,,,,,,
1568290885453541,加速度计,-0.4022,5.5683,9.2356,,,,,,,
1568290882957655,陀螺仪,,,,,,,,-0.0836,-0.0862,-0.1776
1568290895469791,加速度计,-0.6650,7.9936,7.0276,,,,,,,
1568290902990520,陀螺仪,,,,,,,,-0.0622,-0.0799,-0.1241
1568290905486301,加速度计,-0.1652,7.2634,6.2237,,,,,,,
1568290915503228,加速度计,0.2460,6.4069,7.2921,,,,,,,
1568290925520572,加速度计,-0.4028,7.8338,8.7185,,,,,,,
1568290923024999,陀螺仪,,,,,,,,-0.0666,-0.0811,-0.1059
1568290935538332,加速度计,-0.1107,7.7405,8.6389,,,,,,,
1568290945556509,加速度计,0.3436,6.5266,6.2716,,,,,,,
1568290943061145,陀螺仪,,,,,,,,-0.0329,-0.0743,-0.1051
1568290955575103,加速度计,0.3430,6.9953,4.5562,,,,,,,
1568290965594114,加速度计,0.5782,5.2894,9.8396,,,,,,,
1568290963098957,陀螺仪,,,,,,,,-0.0663,-0.1233,-0.1570
1568290975613541,加速度计,0.4501,6.0950,10.1131,,,,,,,
1568290985633384,加速度计,0.9218,6.6445,3.6212,,,,,,,
1568290983138436,陀螺仪,,,,,,,,0.0876,-0.0955,-0.1828
1568290995653645,加速度计,1.0612,7.0844,-0.7380,,,,,,,
1568291005674061,加速度计,0.3442,4.4436,4.7788,,,,,,,
1568291003179218,陀螺仪,,,,,,,,-0.0397,-0.1569,-0.2272
1568291015694478,加速度计,0.5830,6.2979,11.3120,,,,,,,
1568291023223332,陀螺仪,,,,,,,,0.0530,-0.1454,-0.2164
1568291025717239,加速度计,0.0527,9.7229,11.8681,,,,,,,
1568291035750624,加速度计,0.3891,10.5584,7.3203,,,,,,,
1568291045752864,加速度计,0.6231,6.4590,3.3112,,,,,,,
1568291043253541,陀螺仪,,,,,,,,0.0603,-0.1526,-0.2280
1568291055755832,加速度计,0.1101,6.0226,2.5426,,,,,,,
1568291065760207,加速度计,-0.4609,5.8131,8.9890,,,,,,,
1568291063261614,陀螺仪,,,,,,,,-0.0652,-0.1888,-0.2005
1568291075766405,加速度计,0.0976,6.8821,11.0816,,,,,,,
1568291085774843,加速度计,0.5980,7.7231,7.5130,,,,,,,
1568291083277395,陀螺仪,,,,,,,,0.0366,-0.1361,-0.1238
1568291095788905,加速度计,-0.0479,6.8211,5.3415,,,,,,,
1568291105853905,加速度计,-0.6883,6.1321,8.3671,,,,,,,
1568291103370311,陀螺仪,,,,,,,,-0.0105,-0.1313,-0.0977
1568291115889895,加速度计,-0.9990,7.4615,8.5736,,,,,,,
1568291125908228,加速度计,0.3286,7.1587,7.8697,,,,,,,
1568291123412864,陀螺仪,,,,,,,,0.0055,-0.1146,-0.0205
1568291135926561,加速度计,0.1371,6.2878,10.3076,,,,,,,
1568291145944895,加速度计,-1.8603,5.9771,5.7587,,,,,,,
1568291143449530,陀螺仪,,,,,,,,0.0605,-0.0699,0.0113
1568291155963228,加速度计,-1.1366,7.6243,2.8048,,,,,,,
1568291165981561,加速度计,-0.1945,7.5208,3.8678,,,,,,,
1568291163486197,陀螺仪,,,,,,,,0.0068,-0.0651,0.1040
1568291175999895,加速度计,-0.2891,6.7720,7.7087,,,,,,,
1568291186018228,加速度计,-0.0802,8.8250,9.1590,,,,,,,
1568291183522864,陀螺仪,,,,,,,,-0.0501,-0.0483,0.1177
1568291196036561,加速度计,-0.4561,7.4801,10.0808,,,,,,,
1568291206054895,加速度计,-0.0353,7.1228,4.9069,,,,,,,
1568291203559530,陀螺仪,,,,,,,,0.0326,-0.0457,0.0996
1568291216073228,加速度计,-0.1927,7.0449,1.5275,,,,,,,
1568291226091561,加速度计,0.0449,6.6822,6.7038,,,,,,,
1568291223596197,陀螺仪,,,,,,,,-0.0618,-0.1033,0.0581
1568291236109895,加速度计,0.5932,6.7271,11.2390,,,,,,,
1568291243632864,陀螺仪,,,,,,,,0.0277,-0.0893,0.0173
1568291246128228,加速度计,2.1159,7.8548,6.4362,,,,,,,
1568291256146561,加速度计,0.9487,7.7985,1.4018,,,,,,,
1568291266164895,加速度计,0.2263,5.1200,4.8040,,,,,,,
1568291263669530,陀螺仪,,,,,,,,-0.0570,-0.1233,-0.0707
1568291276183228,加速度计,0.8721,4.5209,6.8283,,,,,,,
1568291286201561,加速度计,1.1085,7.5615,9.2123,,,,,,,
1568291283706197,陀螺仪,,,,,,,,-0.0249,-0.1374,-0.0723
1568291296219895,加速度计,2.1805,8.0331,10.6446,,,,,,,
1568291303742864,陀螺仪,,,,,,,,0.0595,-0.1438,-0.1634
1568291306238228,加速度计,2.3080,8.5192,7.0252,,,,,,,
1568291316257082,加速度计,0.7638,7.7243,4.5687,,,,,,,
1568291323786457,陀螺仪,,,,,,,,0.0156,-0.1767,-0.2298
1568291326280884,加速度计,1.3042,7.0844,3.5344,,,,,,,
1568291336301301,加速度计,0.8110,6.4482,6.5290,,,,,,,
1568291346323176,加速度计,0.8505,7.3717,10.6913,,,,,,,
1568291343835884,陀螺仪,,,,,,,,-0.0276,-0.2004,-0.2258
1568291356341457,加速度计,1.1971,7.7770,8.8178,,,,,,,
1568291363851301,陀螺仪,,,,,,,,0.0413,-0.1945,-0.2266
1568291366349270,加速度计,1.6670,7.9912,6.7223,,,,,,,
1568291376357811,加速度计,-0.3083,7.2610,5.6078,,,,,,,
1568291386367186,加速度计,-0.3124,7.8027,4.2258,,,,,,,
1568291383869634,陀螺仪,,,,,,,,0.0120,-0.1831,-0.1663
1568291396377707,加速度计,-0.0251,7.6417,6.1100,,,,,,,
1568291406389791,加速度计,0.0407,7.6429,7.2413,,,,,,,
1568291403892968,陀螺仪,,,,,,,,-0.0244,-0.1760,-0.0723
1568291416403541,加速度计,0.0413,7.6734,8.7520,,,,,,,
1568291423923384,陀螺仪,,,,,,,,-0.0060,-0.1414,-0.0194
1568291426419270,加速度计,-0.2406,7.0617,7.9254,,,,,,,
1568291436437082,加速度计,0.3472,8.2199,4.8949,,,,,,,
1568291443961718,陀螺仪,,,,,,,,0.0065,-0.1257,0.0310
1568291446456666,加速度计,-0.9810,5.4223,6.9587,,,,,,,
1568291456477916,加速度计,-0.4369,7.7285,5.6270,,,,,,,
1568291464006718,陀螺仪,,,,,,,,0.0053,-0.1044,0.0953
1568291466500832,加速度计,-0.1879,7.4160,7.0874,,,,,,,
1568291476525103,加速度计,0.1472,8.3079,4.9033,,,,,,,
1568291484056718,陀螺仪,,,,,,,,-0.0502,-0.0855,0.1314
1568291486550311,加速度计,-0.2107,5.7982,5.6162,,,,,,,
1568291496576353,加速度计,-1.0421,6.4183,8.7454,,,,,,,
1568291504109634,陀螺仪,,,,,,,,-0.0176,-0.0585,0.2137
1568291506602916,加速度计,0.0772,6.3979,11.7885,,,,,,,
1568291516629582,加速度计,-0.3807,8.2313,9.6355,,,,,,,
1568291526654999,加速度计,0.1568,6.4685,6.4763,,,,,,,
1568291524161301,陀螺仪,,,,,,,,0.0778,-0.0178,0.2561
1568291536675311,加速度计,0.0934,5.5689,4.1994,,,,,,,
1568291544198801,陀螺仪,,,,,,,,0.0539,-0.0157,0.2858
1568291546694061,加速度计,-0.3974,4.6615,5.0937,,,,,,,
1568291556712811,加速度计,-0.0263,6.8193,7.1700,,,,,,,
1568291564236301,陀螺仪,,,,,,,,0.0601,0.0130,0.3234
1568291566731561,加速度计,1.1528,7.5142,8.3677,,,,,,,
1568291576750311,加速度计,1.1468,8.0786,7.0719,,,,,,,
1568291586769061,加速度计,0.3238,6.6972,5.7652,,,,,,,
1568291584273801,陀螺仪,,,,,,,,0.0389,0.0469,0.2730
1568291596789686,加速度计,-0.7542,6.7511,8.1654,,,,,,,
1568291604311093,陀螺仪,,,,,,,,0.0193,0.0558,0.3057
1568291606808228,加速度计,-0.6446,5.4534,8.7580,,,,,,,
1568291616819478,加速度计,0.3005,7.6261,7.0922,,,,,,,
1568291626833853,加速度计,1.5736,6.5314,7.3616,,,,,,,
1568291624346249,陀螺仪,,,,,,,,0.0543,0.0688,0.3145
1568291643571503,GPS,,,,31.9428,118.7833,3.5400,79.0000,,,
1568291636863905,加速度计,0.0533,7.9164,3.9277,,,,,,,
1568291646883020,加速度计,-0.2191,7.0934,8.3671,,,,,,,
1568291644391093,陀螺仪,,,,,,,,-0.0037,0.0517,0.2353
1568291656920989,加速度计,-0.7063,7.7919,9.9952,,,,,,,
1568291666934061,加速度计,0.0760,7.4448,7.2461,,,,,,,
1568291664428384,陀螺仪,,,,,,,,0.0619,0.0676,0.2744
1568291676912186,加速度计,0.7225,7.0982,1.8076,,,,,,,
1568291686892759,加速度计,0.6967,7.9332,2.4110,,,,,,,
1568291684388228,陀螺仪,,,,,,,,-0.0232,0.0503,0.2265
1568291696877030,加速度计,-1.3707,6.0944,8.3462,,,,,,,
1568291704364114,陀螺仪,,,,,,,,-0.0650,0.0261,0.2333
1568291706866249,加速度计,-0.3214,8.0655,7.2604,,,,,,,
1568291716861405,加速度计,-0.5303,8.1104,10.6877,,,,,,,
1568291724364530,陀螺仪,,,,,,,,0.0234,0.0732,0.2912
1568291726863332,加速度计,0.2340,6.1854,10.2951,,,,,,,
1568291736872343,加速度计,0.0437,6.8025,1.1001,,,,,,,
1568291744393176,陀螺仪,,,,,,,,-0.0228,0.0839,0.3172
1568291746888436,加速度计,0.4561,8.5982,-2.1913,,,,,,,
1568291756911614,加速度计,-0.5040,4.5466,10.5052,,,,,,,
1568291764449426,陀螺仪,,,,,,,,-0.0663,0.1085,0.3547
1568291766941353,加速度计,-0.4112,6.4338,9.4104,,,,,,,
1568291776977082,加速度计,-0.3340,8.9836,9.4020,,,,,,,
1568291787017864,加速度计,-0.5920,8.9316,8.5126,,,,,,,
1568291784528541,陀螺仪,,,,,,,,0.0161,0.1566,0.4288
1568291797062447,加速度计,-0.3543,5.9777,8.3923,,,,,,,
1568291807109582,加速度计,1.6041,9.0321,0.5812,,,,,,,
1568291804621614,陀螺仪,,,,,,,,0.0481,0.2373,0.4766
1568291817158020,加速度计,0.2819,6.6595,5.2840,,,,,,,
1568291827206770,加速度计,-0.4645,4.5975,13.0227,,,,,,,
1568291824719009,陀螺仪,,,,,,,,-0.0683,0.2289,0.4613
1568291837236770,加速度计,0.1592,7.9751,8.8765,,,,,,,
1568291844759895,陀螺仪,,,,,,,,0.0778,0.2993,0.4851
1568291847255259,加速度计,0.9523,8.6514,2.4582,,,,,,,
1568291857273593,加速度计,0.7632,6.2165,2.7755,,,,,,,
1568291864796561,陀螺仪,,,,,,,,-0.0411,0.2932,0.4093
1568291867291926,加速度计,0.8685,6.9522,6.2746,,,,,,,
1568291877310259,加速度计,0.3142,8.2857,12.3248,,,,,,,
1568291884833228,陀螺仪,,,,,,,,0.0341,0.3127,0.4072
1568291887328593,加速度计,-1.2402,8.1852,14.6058,,,,,,,
1568291897346926,加速度计,0.6195,6.8750,5.5863,,,,,,,
1568291904871978,陀螺仪,,,,,,,,0.1240,0.3308,0.3949
1568291907367030,加速度计,1.6688,7.2461,-0.4836,,,,,,,
1568291917386405,加速度计,1.8681,6.8031,2.0931,,,,,,,
1568291924909686,陀螺仪,,,,,,,,-0.0269,0.2523,0.1971
1568291927405051,加速度计,0.5046,6.8863,6.2483,,,,,,,
1568291937423384,加速度计,-0.5596,9.8408,6.6589,,,,,,,
1568291944946353,陀螺仪,,,,,,,,-0.0660,0.1696,0.0758
1568291947441718,加速度计,-0.8727,7.7105,12.5606,,,,,,,
1568291957460051,加速度计,-0.9415,5.8430,11.4628,,,,,,,
1568291967478384,加速度计,0.7476,7.2730,3.4782,,,,,,,
1568291964983020,陀螺仪,,,,,,,,0.1145,0.1423,0.0051
1568291977496718,加速度计,1.7591,7.3574,1.8854,,,,,,,
1568291985019686,陀螺仪,,,,,,,,0.0052,0.0422,-0.1744
1568291987515051,加速度计,0.7332,5.7395,3.9995,,,,,,,
1568291997533384,加速度计,1.4240,8.4426,1.0738,,,,,,,
1568292005056353,陀螺仪,,,,,,,,-0.1384,-0.0401,-0.2815
1568292007551718,加速度计,0.6877,8.0697,10.9098,,,,,,,
1568292017570051,加速度计,-1.4557,4.6926,20.4459,,,,,,,
1568292025093020,陀螺仪,,,,,,,,0.1802,0.0004,-0.2477
1568292027588384,加速度计,1.1055,6.7259,9.5804,,,,,,,
1568292037606718,加速度计,1.5622,8.1726,-2.8377,,,,,,,
1568292045129686,陀螺仪,,,,,,,,0.0647,-0.0792,-0.2941
1568292047625051,加速度计,1.3366,6.6840,-3.4937,,,,,,,
1568292057643384,加速度计,0.7344,5.5115,5.5617,,,,,,,
1568292065166353,陀螺仪,,,,,,,,-0.1185,-0.1158,-0.3051
1568292067661718,加速度计,0.0215,8.1756,11.5239,,,,,,,
1568292077680051,加速度计,-0.3059,7.5860,15.6299,,,,,,,
1568292085203020,陀螺仪,,,,,,,,0.0281,-0.0868,-0.2250
1568292087698384,加速度计,-0.8170,6.9635,12.8862,,,,,,,
1568292097716718,加速度计,0.4902,4.8489,3.2519,,,,,,,
1568292107735051,加速度计,0.7027,6.5649,0.0682,,,,,,,
1568292105239686,陀螺仪,,,,,,,,0.0498,-0.0856,-0.1908
1568292117753384,加速度计,-0.6530,6.2315,6.3285,,,,,,,
1568292125276353,陀螺仪,,,,,,,,-0.0684,-0.1092,-0.1297
1568292127771718,加速度计,-0.9954,6.0908,11.1606,,,,,,,
1568292137790051,加速度计,0.8553,6.8163,10.7524,,,,,,,
1568292147809530,加速度计,0.3202,6.3392,9.9916,,,,,,,
1568292145315311,陀螺仪,,,,,,,,0.0509,-0.0563,-0.0192
1568292157846249,加速度计,0.8356,8.5198,4.7908,,,,,,,
1568292165353749,陀螺仪,,,,,,,,0.0305,0.0027,-0.0041
1568292167852134,加速度计,0.7476,8.8077,3.0137,,,,,,,
1568292177858489,加速度计,0.2029,9.3990,1.7454,,,,,,,
1568292185367864,陀螺仪,,,,,,,,-0.1796,-0.0140,0.0590
1568292187865728,加速度计,-0.8745,3.5452,11.1522,,,,,,,
1568292197874270,加速度计,0.6925,3.6452,10.2197,,,,,,,
1568292205387603,陀螺仪,,,,,,,,-0.0079,0.0558,0.1513
1568292207884530,加速度计,1.3497,7.1503,8.4593,,,,,,,
1568292217896874,加速度计,0.2975,7.3855,6.3261,,,,,,,
1568292227911301,加速度计,0.6440,7.6722,3.0933,,,,,,,
1568292225415416,陀螺仪,,,,,,,,0.0419,0.0860,0.1534
1568292237927811,加速度计,0.5471,8.4443,5.3163,,,,,,,
1568292247946405,加速度计,0.0527,8.0691,6.3327,,,,,,,
1568292245451561,陀螺仪,,,,,,,,-0.0498,0.0505,0.1101
1568292257967082,加速度计,0.4381,6.8139,9.5170,,,,,,,
1568292265495884,陀螺仪,,,,,,,,0.0003,0.0401,0.0807
1568292267989791,加速度计,-0.0120,5.7910,8.4138,,,,,,,
1568292278014114,加速度计,0.9595,6.6218,6.2225,,,,,,,
1568292285546405,陀螺仪,,,,,,,,0.0674,0.0093,0.0320
1568292288039686,加速度计,0.9499,8.7466,5.1775,,,,,,,
1568292298066457,加速度计,0.8332,9.4158,4.8560,,,,,,,
1568292308094009,加速度计,1.7729,8.6724,5.3193,,,,,,,
1568292305601041,陀螺仪,,,,,,,,-0.0033,-0.0152,-0.0668
1568292318121926,加速度计,0.3292,5.5234,7.6285,,,,,,,
1568292328149218,加速度计,-0.0904,5.2289,8.7155,,,,,,,
1568292325654999,陀螺仪,,,,,,,,-0.0040,-0.0312,-0.0581
1568292338171614,加速度计,1.6706,6.8145,4.6262,,,,,,,
1568292348190364,加速度计,2.4594,7.9380,3.0478,,,,,,,
1568292345695103,陀螺仪,,,,,,,,0.0451,-0.0133,-0.0534
1568292358209114,加速度计,1.0977,7.6255,8.1271,,,,,,,
1568292365732603,陀螺仪,,,,,,,,0.0032,-0.0103,-0.0458
1568292368227864,加速度计,0.7063,6.8193,9.2943,,,,,,,
1568292378246614,加速度计,1.8687,9.0130,2.2763,,,,,,,
1568292388265364,加速度计,1.4102,7.0665,1.7992,,,,,,,
1568292385770103,陀螺仪,,,,,,,,-0.0418,0.0264,-0.0308
1568292398284478,加速度计,0.2161,5.5025,11.4766,,,,,,,
1568292405810207,陀螺仪,,,,,,,,-0.0505,0.0180,0.0184
1568292408306926,加速度计,-0.3921,7.4675,17.6237,,,,,,,
1568292418319843,加速度计,1.2899,8.5850,9.1967,,,,,,,
1568292428332864,加速度计,1.8364,7.6638,-2.6677,,,,,,,
1568292425836249,陀螺仪,,,,,,,,0.1421,0.0828,0.0277
1568292438346301,加速度计,0.7602,6.3069,-1.4611,,,,,,,
1568292448360259,加速度计,-1.2163,5.3229,12.9903,,,,,,,
1568292445863957,陀螺仪,,,,,,,,-0.1505,-0.0115,-0.0189
1568292458375051,加速度计,-0.4316,7.2987,14.8919,,,,,,,
1568292468390676,加速度计,2.3032,8.9064,5.0248,,,,,,,
1568292465894791,陀螺仪,,,,,,,,0.0799,0.0711,0.0766
1568292478407134,加速度计,1.2797,5.9298,4.2132,,,,,,,
1568292488424426,加速度计,0.0557,5.8329,8.6969,,,,,,,
1568292485928957,陀螺仪,,,,,,,,-0.0065,0.0393,0.0105
1568292498442551,加速度计,-0.1000,9.0405,10.9906,,,,,,,
1568292505966457,陀螺仪,,,,,,,,0.0975,0.0762,0.0393
1568292508461509,加速度计,1.4551,8.6293,2.3224,,,,,,,
1568292518481301,加速度计,1.3803,5.3020,-0.5333,,,,,,,
1568292528501926,加速度计,-0.0611,5.3397,7.3592,,,,,,,
1568292526007291,陀螺仪,,,,,,,,-0.0909,0.0365,0.0008
1568292538523384,加速度计,-0.4543,6.3536,15.7634,,,,,,,
1568292548545572,加速度计,0.8290,8.7622,7.6195,,,,,,,
1568292546051249,陀螺仪,,,,,,,,0.0872,0.1137,0.1105
1568292558568176,加速度计,2.0782,8.4186,-1.9764,,,,,,,
1568292566096874,陀螺仪,,,,,,,,-0.1112,0.0770,0.0573
1568292568591093,加速度计,1.1444,4.4670,8.4150,,,,,,,
1568292578614009,加速度计,-0.0281,4.7549,15.0272,,,,,,,
1568292586142291,陀螺仪,,,,,,,,0.0759,0.1527,0.1250
1568292588636718,加速度计,0.2155,9.1961,9.7785,,,,,,,
1568292598657968,加速度计,0.8440,8.2564,3.9163,,,,,,,
1568292606181457,陀螺仪,,,,,,,,0.0305,0.1915,0.1730
1568292608676718,加速度计,1.7567,4.8548,6.7421,,,,,,,
1568292618696718,加速度计,0.3262,6.0430,6.7487,,,,,,,
1568292628723020,加速度计,-0.1454,7.6525,5.5767,,,,,,,
1568292626225572,陀螺仪,,,,,,,,0.0478,0.2362,0.1915
1568292638733020,加速度计,0.3400,6.5428,4.4299,,,,,,,
1568292649620773,GPS,,,,31.9428,118.7834,3.5600,73.0000,,,
1568292648743020,加速度计,0.4256,5.5773,8.8550,,,,,,,
1568292646245989,陀螺仪,,,,,,,,-0.0250,0.2634,0.2583
1568292658762395,加速度计,-0.4387,6.3913,10.5542,,,,,,,
1568292668788541,加速度计,-0.8200,6.2070,2.9766,,,,,,,
1568292666293489,陀螺仪,,,,,,,,0.1064,0.3467,0.3329
1568292678807916,加速度计,2.0303,9.0848,1.3246,,,,,,,
1568292686331197,陀螺仪,,,,,,,,-0.0770,0.3133,0.2764
1568292688826561,加速度计,1.0014,7.8991,8.9759,,,,,,,
1568292698844895,加速度计,-0.4339,7.3197,11.1755,,,,,,,
1568292706367864,陀螺仪,,,,,,,,-0.0213,0.3168,0.1446
1568292708863228,加速度计,-0.2484,8.0355,6.5559,,,,,,,
1568292718881561,加速度计,-0.4788,3.9199,8.1726,,,,,,,
1568292728899895,加速度计,-0.5501,4.8363,8.3037,,,,,,,
1568292726404530,陀螺仪,,,,,,,,0.0253,0.2561,0.1402
1568292738918228,加速度计,1.6119,10.2220,2.9532,,,,,,,
1568292746441197,陀螺仪,,,,,,,,-0.0031,0.1746,-0.0787
1568292748936561,加速度计,2.5247,9.0531,2.1811,,,,,,,
1568292758954895,加速度计,-0.4322,4.0815,6.7732,,,,,,,
1568292766477864,陀螺仪,,,,,,,,-0.0537,0.0991,-0.2100
1568292768973228,加速度计,-0.1532,7.0246,-0.3262,,,,,,,
1568292778991561,加速度计,2.1243,8.4485,-1.5101,,,,,,,
1568292786514530,陀螺仪,,,,,,,,-0.2288,0.0145,-0.3029
1568292789009895,加速度计,0.7201,4.3401,26.9551,,,,,,,
1568292799028228,加速度计,-3.1466,6.0938,20.8691,,,,,,,
1568292806551197,陀螺仪,,,,,,,,0.2657,0.0790,-0.2003
1568292809046561,加速度计,1.0104,11.5664,2.1171,,,,,,,
1568292819064895,加速度计,3.8445,5.2152,-10.0694,,,,,,,
1568292826587864,陀螺仪,,,,,,,,-0.0886,0.0009,-0.2820
1568292829083228,加速度计,1.1133,3.7338,22.4516,,,,,,,
1568292839101561,加速度计,-0.2239,13.8038,10.3639,,,,,,,
1568292849119895,加速度计,1.5838,10.1921,-0.7727,,,,,,,
1568292846624530,陀螺仪,,,,,,,,0.1641,-0.0001,-0.3518
1568292859138228,加速度计,1.6352,2.4277,-5.5486,,,,,,,
1568292866661197,陀螺仪,,,,,,,,-0.0943,-0.0964,-0.4386
1568292869156561,加速度计,-0.3861,5.6689,1.1528,,,,,,,
1568292879174895,加速度计,-0.0994,11.7843,10.3022,,,,,,,
1568292886697864,陀螺仪,,,,,,,,-0.1132,-0.1515,-0.4525
1568292889193228,加速度计,-0.5447,6.6792,21.1103,,,,,,,
1568292899213020,加速度计,0.6794,6.6152,8.1738,,,,,,,
1568292906749166,陀螺仪,,,,,,,,0.1142,-0.0726,-0.3932
1568292909247655,加速度计,0.4429,8.8310,-5.6533,,,,,,,
1568292919253593,加速度计,1.8370,5.7670,-0.5890,,,,,,,
1568292926761874,陀螺仪,,,,,,,,-0.2157,-0.1551,-0.3518
1568292929260051,加速度计,-0.5836,3.3423,16.8929,,,,,,,
1568292939267447,加速度计,-0.0221,9.0519,14.8458,,,,,,,
1568292949276197,加速度计,0.7602,8.3875,7.3298,,,,,,,
1568292946778749,陀螺仪,,,,,,,,0.1348,-0.0356,-0.2739
1568292959286614,加速度计,1.6155,7.4843,-2.2260,,,,,,,
1568292969298801,加速度计,2.3086,6.1842,-0.0898,,,,,,,
1568292966802291,陀螺仪,,,,,,,,-0.0422,-0.0515,-0.2465
1568292979313072,加速度计,0.2251,6.8666,10.7919,,,,,,,
1568292986833957,陀螺仪,,,,,,,,-0.0478,-0.0561,-0.2663
1568292989329426,加速度计,-1.0576,6.1830,16.9911,,,,,,,
1568292999347864,加速度计,0.1059,7.9984,9.8563,,,,,,,
1568293006873957,陀螺仪,,,,,,,,0.0972,-0.0370,-0.2083
1568293009368384,加速度计,0.3597,8.7526,0.8667,,,,,,,
1568293019390884,加速度计,0.1951,7.0228,2.7779,,,,,,,
1568293026921457,陀螺仪,,,,,,,,-0.0249,-0.0605,-0.2068
1568293029415051,加速度计,0.1443,5.1068,7.2927,,,,,,,
1568293039440780,加速度计,-0.8655,5.5456,7.3658,,,,,,,
1568293046974582,陀螺仪,,,,,,,,0.0446,-0.0644,-0.1622
1568293049467655,加速度计,-0.3861,4.5149,8.3917,,,,,,,
1568293059495259,加速度计,-0.7973,5.2648,9.9701,,,,,,,
1568293067030207,陀螺仪,,,,,,,,0.1658,-0.0278,-0.1162
1568293069523176,加速度计,-1.5048,15.2223,1.0259,,,,,,,
1568293079550572,加速度计,-0.8517,12.3822,2.4930,,,,,,,
1568293087079374,陀螺仪,,,,,,,,-0.1502,-0.0908,-0.0842
1568293089574634,加速度计,-1.6628,5.3642,5.4737,,,,,,,
1568293099593384,加速度计,-1.7873,4.2497,11.4999,,,,,,,
1568293107116874,陀螺仪,,,,,,,,-0.1198,-0.0874,-0.0326
1568293109612134,加速度计,-1.0714,5.3971,12.6731,,,,,,,
1568293119630780,加速度计,0.0485,7.9853,9.5774,,,,,,,
1568293127153749,陀螺仪,,,,,,,,0.0061,-0.0899,-0.0324
1568293129649114,加速度计,-1.4497,7.4334,6.1058,,,,,,,
1568293139667447,加速度计,-1.5790,0.4328,8.4156,,,,,,,
1568293149686509,加速度计,-0.2059,8.0529,5.1661,,,,,,,
1568293147191874,陀螺仪,,,,,,,,0.0985,-0.0659,0.0607
1568293159708436,加速度计,-0.9673,9.9491,8.5970,,,,,,,
1568293167225676,陀螺仪,,,,,,,,0.0165,-0.0506,0.1015
1568293169722186,加速度计,-1.1013,8.0834,6.4410,,,,,,,
1568293179735936,加速度计,-1.9698,5.2804,6.9306,,,,,,,
1568293187253436,陀螺仪,,,,,,,,0.0142,-0.0445,0.1541
1568293189749843,加速度计,-0.8248,6.3656,5.0308,,,,,,,
1568293199764166,加速度计,-0.7195,5.0422,6.0585,,,,,,,
1568293207282968,陀螺仪,,,,,,,,-0.0021,-0.0498,0.1782
1568293209779061,加速度计,0.6051,7.7704,8.4922,,,,,,,
1568293219794791,加速度计,0.2005,7.5160,8.1169,,,,,,,
1568293227315676,陀螺仪,,,,,,,,0.0023,-0.0060,0.1655
1568293229811353,加速度计,-0.3436,7.3131,6.3871,,,,,,,
1568293239828749,加速度计,0.4591,5.3181,7.4190,,,,,,,
1568293249846978,加速度计,0.4088,6.4763,4.0582,,,,,,,
1568293247351718,陀螺仪,,,,,,,,0.0091,-0.0144,0.2037
1568293259866041,加速度计,1.1540,7.2341,14.4885,,,,,,,
1568293269885936,加速度计,1.1570,9.7211,14.0294,,,,,,,
1568293267391093,陀螺仪,,,,,,,,0.1312,0.0185,0.1722
1568293279906666,加速度计,1.4688,9.0429,3.1083,,,,,,,
1568293287433541,陀螺仪,,,,,,,,0.1230,0.0300,0.0953
1568293289928072,加速度计,0.6201,7.6327,-3.2759,,,,,,,
1568293299949895,加速度计,-0.5638,5.6012,3.5949,,,,,,,
1568293307477811,陀螺仪,,,,,,,,-0.0164,-0.0158,0.1202
1568293309972134,加速度计,1.0947,6.0017,12.0584,,,,,,,
1568293319994634,加速度计,2.9802,8.3007,7.7057,,,,,,,
1568293330017134,加速度计,2.0836,7.9637,0.6207,,,,,,,
1568293327522811,陀螺仪,,,,,,,,0.0925,0.0358,0.0248
1568293340039634,加速度计,1.3593,5.9693,4.8141,,,,,,,
1568293347565468,陀螺仪,,,,,,,,-0.0137,0.0316,0.0031
1568293350060728,加速度计,0.7578,8.6838,9.9533,,,,,,,
1568293360079478,加速度计,1.0947,7.9386,12.3008,,,,,,,
1568293370098228,加速度计,0.9499,7.3137,5.3457,,,,,,,
1568293367602968,陀螺仪,,,,,,,,0.0949,0.0402,-0.0378
1568293380116978,加速度计,0.5938,6.7876,0.4770,,,,,,,
1568293387640468,陀螺仪,,,,,,,,0.0281,-0.0009,-0.0972
1568293390135728,加速度计,0.5590,6.3482,5.6258,,,,,,,
1568293400154634,加速度计,0.6560,9.0483,6.5793,,,,,,,
1568293407679009,陀螺仪,,,,,,,,-0.0269,-0.0660,-0.1554
1568293410175103,加速度计,0.6686,6.9216,10.8152,,,,,,,
1568293420190520,加速度计,1.8777,6.7439,10.3394,,,,,,,
1568293427709843,陀螺仪,,,,,,,,0.0924,-0.0505,-0.2254
1568293430205936,加速度计,0.5231,6.7086,7.4208,,,,,,,
1568293440221353,加速度计,1.3461,8.1169,3.8630,,,,,,,
1568293450245832,加速度计,0.5118,6.7391,3.4339,,,,,,,
1568293447764114,陀螺仪,,,,,,,,0.0099,-0.0917,-0.2427
1568293460344999,加速度计,0.7961,5.9993,8.3240,,,,,,,
1568293470418436,加速度计,1.1636,6.0214,9.0513,,,,,,,
1568293467878697,陀螺仪,,,,,,,,-0.0000,-0.0921,-0.2499
1568293480261041,加速度计,0.6548,7.8632,2.3140,,,,,,,
1568293490112291,加速度计,0.6303,6.4631,5.9861,,,,,,,
1568293487577655,陀螺仪,,,,,,,,-0.0415,-0.1052,-0.2643
1568293499978332,加速度计,-0.6752,7.4322,11.7896,,,,,,,
1568293509864791,加速度计,0.3627,6.8552,12.6462,,,,,,,
1568293507340989,陀螺仪,,,,,,,,0.0344,-0.1071,-0.2178
1568293519776249,加速度计,1.1875,8.7017,1.7220,,,,,,,
1568293529715832,加速度计,0.0263,7.7033,-0.0622,,,,,,,
1568293527206405,陀螺仪,,,,,,,,0.0206,-0.1186,-0.2330
1568293539685624,加速度计,-0.0826,6.3003,6.1603,,,,,,,
1568293549686249,加速度计,-0.1454,9.0369,9.1183,,,,,,,
1568293547192239,陀螺仪,,,,,,,,-0.1230,-0.1390,-0.1735
1568293559714478,加速度计,1.0834,7.8290,10.1347,,,,,,,
1568293569829478,加速度计,-0.2813,4.6657,13.1579,,,,,,,
1568293567360780,陀螺仪,,,,,,,,-0.0852,-0.0955,-0.1348
1568293579969478,加速度计,-0.4513,6.1447,7.9296,,,,,,,
1568293590125103,加速度计,0.6746,7.5800,2.4690,,,,,,,
1568293587664947,陀螺仪,,,,,,,,0.0684,-0.0320,-0.0470
1568293600290520,加速度计,0.1939,6.9360,0.6458,,,,,,,
1568293608001614,陀螺仪,,,,,,,,-0.0949,-0.0860,-0.0100
1568293610459270,加速度计,-1.1510,4.3347,8.0774,,,,,,,
1568293620553124,加速度计,0.2538,6.4069,10.8517,,,,,,,
1568293642283898,GPS,,,,31.9428,118.7834,3.5200,74.4000,,,
1568293630624270,加速度计,0.9703,9.5463,8.3647,,,,,,,
1568293628115676,陀螺仪,,,,,,,,0.0011,-0.0286,0.0289
1568293640590207,加速度计,0.4956,6.5499,5.2337,,,,,,,
1568293650558645,加速度计,-0.3286,4.7926,5.3474,,,,,,,
1568293648051509,陀螺仪,,,,,,,,-0.0405,0.0134,0.0475
1568293660531353,加速度计,-0.3938,6.3255,6.4380,,,,,,,
1568293668006301,陀螺仪,,,,,,,,-0.0602,0.0169,0.0999
1568293670510207,加速度计,-0.6321,6.9977,8.2085,,,,,,,
1568293680496457,加速度计,0.1963,7.1263,8.6407,,,,,,,
1568293690491145,加速度计,0.9421,6.4111,5.4462,,,,,,,
1568293687991509,陀螺仪,,,,,,,,-0.0450,0.0269,0.1037
1568293700494686,加速度计,-0.8847,5.6934,9.0866,,,,,,,
1568293710507395,加速度计,-0.0132,7.0186,11.2665,,,,,,,
1568293708012343,陀螺仪,,,,,,,,-0.0462,0.0153,0.1015
1568293720529166,加速度计,0.4507,7.1485,7.2951,,,,,,,
1568293730559478,加速度计,0.6620,8.1175,1.7388,,,,,,,
1568293728068593,陀螺仪,,,,,,,,0.0008,0.0127,0.0498
1568293740597499,加速度计,-0.4082,4.6980,8.1852,,,,,,,
1568293748154634,陀螺仪,,,,,,,,-0.0033,-0.0129,0.0205
1568293750642291,加速度计,-0.2035,6.9857,8.8424,,,,,,,
1568293760692499,加速度计,0.2711,6.8708,9.6115,,,,,,,
1568293768260676,陀螺仪,,,,,,,,0.0667,-0.0274,-0.0099
1568293770746561,加速度计,0.6536,7.9122,4.4167,,,,,,,
1568293780803124,加速度计,-0.1838,6.8953,4.6011,,,,,,,
1568293790859061,加速度计,-0.0479,7.9074,5.4797,,,,,,,
1568293788371926,陀螺仪,,,,,,,,-0.0241,-0.0710,-0.0595
1568293800902186,加速度计,-0.7290,7.4903,6.9324,,,,,,,
1568293810922291,加速度计,-0.3903,6.7193,7.1389,,,,,,,
1568293808429947,陀螺仪,,,,,,,,-0.0380,-0.1108,-0.0643
1568293820940832,加速度计,0.1287,5.9675,8.0972,,,,,,,
1568293828459114,陀螺仪,,,,,,,,0.0238,-0.1105,-0.0760
1568293830955416,加速度计,0.4723,7.1054,7.8087,,,,,,,
1568293840969999,加速度计,0.3268,8.6951,4.0241,,,,,,,
1568293848488697,陀螺仪,,,,,,,,-0.0016,-0.1213,-0.1023
1568293850984895,加速度计,-0.2065,8.2756,2.7982,,,,,,,
1568293861000207,加速度计,0.3807,7.6417,8.0260,,,,,,,
1568293868519947,陀螺仪,,,,,,,,-0.0506,-0.1190,-0.0554
1568293871015936,加速度计,-0.6440,7.2203,12.6665,,,,,,,
1568293881032395,加速度计,-0.3849,7.2880,4.9159,,,,,,,
1568293888554114,陀螺仪,,,,,,,,0.0123,-0.0838,0.0182
1568293891049686,加速度计,0.6829,4.9937,1.9507,,,,,,,
1568293901067811,加速度计,0.5752,6.2722,3.5608,,,,,,,
1568293908591614,陀螺仪,,,,,,,,-0.0855,-0.1013,0.0258
1568293911086770,加速度计,-0.4998,7.3939,13.9372,,,,,,,
1568293921106561,加速度计,-1.2761,8.4617,12.0494,,,,,,,
1568293928632030,陀螺仪,,,,,,,,0.1067,-0.0125,0.1294
1568293931126874,加速度计,1.0487,7.7189,3.2406,,,,,,,
1568293941147603,加速度计,0.6650,5.7186,-1.5048,,,,,,,
1568293948674114,陀螺仪,,,,,,,,-0.0758,-0.0445,0.1092
1568293951168749,加速度计,-0.2071,6.4631,3.5680,,,,,,,
1568293961190311,加速度计,-0.5160,7.4945,14.9955,,,,,,,
1568293968717447,陀螺仪,,,,,,,,0.0242,0.0048,0.1815
1568293971211978,加速度计,-1.3402,8.6299,13.5392,,,,,,,
1568293981233645,加速度计,-0.1401,7.8961,4.4556,,,,,,,
1568293988760780,陀螺仪,,,,,,,,0.0578,0.0365,0.2244
1568293991255311,加速度计,0.8344,5.8083,-0.5764,,,,,,,
1568294001276041,加速度计,0.6093,8.0272,1.4940,,,,,,,
1568294008799947,陀螺仪,,,,,,,,-0.1300,-0.0007,0.1680
1568294011295207,加速度计,-0.1203,6.0507,12.0955,,,,,,,
1568294021313645,加速度计,-1.0127,7.2311,10.5890,,,,,,,
1568294028836614,陀螺仪,,,,,,,,-0.0003,0.0840,0.2739
1568294031331978,加速度计,0.2161,6.9414,6.1250,,,,,,,
1568294041350311,加速度计,0.4944,6.5308,3.3734,,,,,,,
1568294051368645,加速度计,0.6261,6.9498,4.3616,,,,,,,
1568294048873280,陀螺仪,,,,,,,,-0.0692,0.1040,0.2626
1568294061395884,加速度计,-0.1095,6.7002,10.9822,,,,,,,
1568294071489739,加速度计,-0.4232,7.0455,10.3304,,,,,,,
1568294069017082,陀螺仪,,,,,,,,-0.0545,0.1059,0.2722
1568294081452343,加速度计,-0.0054,7.9086,7.0234,,,,,,,
1568294091369218,加速度计,0.2191,6.3339,6.7271,,,,,,,
1568294088848749,陀螺仪,,,,,,,,-0.0045,0.1301,0.2856
1568294101293072,加速度计,-0.0144,7.2042,4.8483,,,,,,,
1568294108711666,陀螺仪,,,,,,,,-0.0212,0.1165,0.2076
1568294111227343,加速度计,-0.0275,7.9523,8.4198,,,,,,,
1568294121175051,加速度计,-0.5596,7.5477,10.7859,,,,,,,
1568294131138489,加速度计,-0.0898,6.2890,8.6790,,,,,,,
1568294128630416,陀螺仪,,,,,,,,0.0330,0.1048,0.1924
1568294141119114,加速度计,0.8571,6.9683,2.7432,,,,,,,
1568294151117864,加速度计,0.9529,7.4118,2.4379,,,,,,,
1568294148618749,陀螺仪,,,,,,,,-0.0134,0.0786,0.1169
1568294161134947,加速度计,0.2687,6.3943,8.5611,,,,,,,
1568294168679166,陀螺仪,,,,,,,,-0.0256,0.0746,0.0642
1568294171169426,加速度计,-0.0850,6.2584,10.8469,,,,,,,
1568294181220051,加速度计,0.0509,6.4721,6.0268,,,,,,,
1568294188802082,陀螺仪,,,,,,,,0.0308,0.0714,0.0687
1568294191284947,加速度计,0.9272,7.7345,3.9265,,,,,,,
1568294201361718,加速度计,1.5730,7.6423,4.1324,,,,,,,
1568294208969582,陀螺仪,,,,,,,,-0.0907,0.0483,-0.0162
1568294211447551,加速度计,0.4334,6.3303,9.8551,,,,,,,
1568294221539218,加速度计,-0.6740,5.8736,11.1815,,,,,,,
1568294231633697,加速度计,0.5010,6.0196,6.4212,,,,,,,
1568294229157499,陀螺仪,,,,,,,,0.0474,0.0756,0.0091
1568294241711822,加速度计,0.9529,7.2802,5.0284,,,,,,,
1568294249248749,陀螺仪,,,,,,,,-0.0087,0.0142,-0.0293
1568294251744009,加速度计,0.6422,8.2672,9.4260,,,,,,,
1568294261762447,加速度计,0.9284,7.4968,15.4683,,,,,,,
1568294269285416,陀螺仪,,,,,,,,0.1268,0.0293,-0.1091
1568294271780780,加速度计,0.7063,7.4400,6.2842,,,,,,,
1568294281799114,加速度计,0.8296,6.0561,-0.7009,,,,,,,
1568294289322082,陀螺仪,,,,,,,,0.0487,-0.0148,-0.1353
1568294291817447,加速度计,1.1331,6.7636,-1.7059,,,,,,,
1568294301835780,加速度计,0.5854,6.2441,7.2335,,,,,,,
1568294311860728,加速度计,0.2729,7.0240,16.4500,,,,,,,
1568294309376874,陀螺仪,,,,,,,,-0.0269,-0.0506,-0.1595
1568294321878697,加速度计,0.1700,7.2365,15.0416,,,,,,,
1568294329382291,陀螺仪,,,,,,,,0.2345,0.0136,-0.1422
1568294331881509,加速度计,1.0546,7.7991,2.6372,,,,,,,
1568294341885364,加速度计,1.6843,7.0886,-1.8423,,,,,,,
1568294349392291,陀螺仪,,,,,,,,0.0446,-0.0447,-0.1991
1568294351890780,加速度计,-0.5034,6.1615,6.3536,,,,,,,
1568294361898176,加速度计,-0.6614,5.4552,6.9935,,,,,,,
1568294371907968,加速度计,0.4597,10.1897,2.1123,,,,,,,
1568294369410624,陀螺仪,,,,,,,,0.1040,-0.0340,-0.1358
1568294381920259,加速度计,0.8386,8.7227,0.3406,,,,,,,
1568294391935364,加速度计,-0.1646,4.8997,12.7288,,,,,,,
1568294389439374,陀螺仪,,,,,,,,-0.1660,-0.1205,-0.1683
1568294401953384,加速度计,0.1628,8.3773,13.5901,,,,,,,
1568294409479374,陀螺仪,,,,,,,,0.0189,-0.0399,-0.1466
1568294411974009,加速度计,0.2304,11.1294,6.6337,,,,,,,
1568294421997134,加速度计,-0.1502,4.9081,5.3445,,,,,,,
1568294429528957,陀螺仪,,,,,,,,-0.0273,-0.0597,-0.1028
1568294432022447,加速度计,0.8493,3.5356,5.8520,,,,,,,
1568294442049530,加速度计,1.5880,6.8648,9.8348,,,,,,,
1568294449585207,陀螺仪,,,,,,,,0.0786,-0.0511,-0.1123
1568294452077968,加速度计,2.1721,10.7386,6.4141,,,,,,,
1568294462107343,加速度计,1.9285,8.1439,4.2563,,,,,,,
1568294472137239,加速度计,1.6688,6.8941,1.0971,,,,,,,
1568294469644791,陀螺仪,,,,,,,,0.0141,-0.0306,-0.2113
1568294482167239,加速度计,0.8200,7.3257,2.7617,,,,,,,
1568294489697291,陀螺仪,,,,,,,,-0.1233,-0.1096,-0.2091
1568294492191614,加速度计,-0.2454,7.2790,12.8970,,,,,,,
1568294502211301,加速度计,1.6041,6.8696,13.2268,,,,,,,
1568294509734791,陀螺仪,,,,,,,,0.0989,-0.0380,-0.1852
1568294512230051,加速度计,2.2829,9.1393,5.0589,,,,,,,
1568294522248801,加速度计,1.9273,7.8895,-0.7931,,,,,,,
1568294529772291,陀螺仪,,,,,,,,-0.0687,-0.0947,-0.2783
1568294532267551,加速度计,0.4034,7.8530,1.0792,,,,,,,
1568294542285989,加速度计,1.0947,7.4705,10.6207,,,,,,,
1568294549808957,陀螺仪,,,,,,,,-0.1236,-0.1274,-0.2485
1568294552304322,加速度计,0.9002,9.1321,10.3202,,,,,,,
1568294562326197,加速度计,0.8290,6.0100,9.8144,,,,,,,
1568294572342811,加速度计,1.5311,5.1200,4.7250,,,,,,,
1568294569846093,陀螺仪,,,,,,,,-0.0043,-0.0714,-0.2461
1568294582355728,加速度计,0.0024,5.4690,4.4323,,,,,,,
1568294592369009,加速度计,0.3238,8.7957,6.0729,,,,,,,
1568294589872447,陀螺仪,,,,,,,,-0.0087,-0.1178,-0.2333
1568294602382707,加速度计,0.9625,9.8072,8.0906,,,,,,,
1568294612397186,加速度计,0.6261,7.5124,7.2095,,,,,,,
1568294609900989,陀螺仪,,,,,,,,-0.0650,-0.1234,-0.2470
1568294622412499,加速度计,0.4854,5.2912,8.1050,,,,,,,
1568294637289627,GPS,,,,31.9428,118.7834,3.4500,74.9000,,,
1568294632433280,加速度计,-1.9207,4.9147,7.7201,,,,,,,
1568294629939582,陀螺仪,,,,,,,,-0.0278,-0.0992,-0.1888
1568294642458436,加速度计,-0.6165,4.9303,7.8829,,,,,,,
1568294652483853,加速度计,-0.2801,6.5900,6.5260,,,,,,,
1568294649990259,陀螺仪,,,,,,,,0.0748,-0.1105,-0.1029
1568294662508176,加速度计,0.0712,8.1193,5.3510,,,,,,,
1568294670034009,陀螺仪,,,,,,,,0.0549,-0.1222,-0.1176
1568294672529270,加速度计,0.4884,8.7532,6.7092,,,,,,,
1568294682548020,加速度计,-0.4262,8.6377,5.8000,,,,,,,
1568294690071249,陀螺仪,,,,,,,,-0.0202,-0.1005,-0.0828
1568294692566614,加速度计,-0.8446,7.2718,6.6002,,,,,,,
1568294702584947,加速度计,-1.2210,6.2201,7.8560,,,,,,,
1568294712603280,加速度计,-0.7763,6.2046,8.6916,,,,,,,
1568294710107916,陀螺仪,,,,,,,,-0.0209,-0.0551,0.0640
1568294722621614,加速度计,-0.0784,6.8372,6.8935,,,,,,,
1568294732639947,加速度计,0.3603,6.6625,4.2335,,,,,,,
1568294730144582,陀螺仪,,,,,,,,-0.0072,-0.0138,0.1364
1568294742658280,加速度计,0.4579,5.5779,5.5510,,,,,,,
1568294750181249,陀螺仪,,,,,,,,-0.0523,0.0154,0.1326
1568294752676614,加速度计,-1.1366,4.6358,7.2455,,,,,,,
1568294762694947,加速度计,-1.3054,6.3799,6.7612,,,,,,,
1568294772713280,加速度计,-0.1484,8.3288,4.7998,,,,,,,
1568294770217916,陀螺仪,,,,,,,,0.0055,0.0349,0.2443
1568294782731614,加速度计,0.8882,8.2253,3.8996,,,,,,,
1568294792749947,加速度计,0.7027,7.2778,6.9468,,,,,,,
1568294790254582,陀螺仪,,,,,,,,-0.1198,0.0162,0.1878
1568294802768280,加速度计,-0.8936,6.2560,11.2887,,,,,,,
1568294812788853,加速度计,-1.2228,5.5707,14.1084,,,,,,,
1568294810294114,陀螺仪,,,,,,,,-0.0368,0.0674,0.2514
1568294822809686,加速度计,-1.0175,6.9258,10.2729,,,,,,,
1568294832828436,加速度计,1.1444,8.8376,5.4043,,,,,,,
1568294830333176,陀螺仪,,,,,,,,0.1170,0.1338,0.3613
1568294842847186,加速度计,1.0193,7.3891,4.6106,,,,,,,
1568294852865936,加速度计,0.4747,6.8331,7.9266,,,,,,,
1568294850370572,陀螺仪,,,,,,,,0.0270,0.0870,0.2181
1568294862884270,加速度计,-0.3591,7.6321,8.4503,,,,,,,
1568294872902603,加速度计,0.7219,6.6122,5.1248,,,,,,,
1568294870407239,陀螺仪,,,,,,,,0.0746,0.0538,0.1595
1568294882920936,加速度计,0.1197,7.8763,3.3399,,,,,,,
1568294892939270,加速度计,0.5058,7.2670,4.9722,,,,,,,
1568294890443905,陀螺仪,,,,,,,,-0.0150,-0.0003,0.0401
1568294902957603,加速度计,0.2975,5.9478,8.0822,,,,,,,
1568294912975936,加速度计,-0.9990,7.7991,5.4881,,,,,,,
1568294910480572,陀螺仪,,,,,,,,0.0059,-0.0172,0.0138
1568294922994270,加速度计,0.4902,6.9815,2.5259,,,,,,,
1568294933012603,加速度计,1.0110,5.9526,1.2959,,,,,,,
1568294930517239,陀螺仪,,,,,,,,-0.0668,-0.0389,-0.0100
1568294943030936,加速度计,0.5375,7.6483,7.5196,,,,,,,
1568294953049270,加速度计,-0.1365,7.1263,21.5867,,,,,,,
1568294950553905,陀螺仪,,,,,,,,-0.1546,-0.0601,-0.0198
1568294963067603,加速度计,-1.9010,7.0030,17.7638,,,,,,,
1568294973085936,加速度计,0.1856,9.0016,-0.4076,,,,,,,
1568294970590572,陀螺仪,,,,,,,,0.2270,0.1089,0.2238
1568294983104270,加速度计,2.4259,6.8193,-5.8436,,,,,,,
1568294993122603,加速度计,2.4666,6.6319,-0.5740,,,,,,,
1568294990627239,陀螺仪,,,,,,,,-0.1579,-0.0348,0.0262
1568295003140936,加速度计,0.6572,6.6032,15.8831,,,,,,,
1568295013159270,加速度计,-2.9515,6.2890,17.7620,,,,,,,
1568295010663905,陀螺仪,,,,,,,,-0.0007,-0.0222,-0.0831
1568295023177603,加速度计,-0.2699,6.1770,5.5312,,,,,,,
1568295033195936,加速度计,1.6508,7.8919,-0.6147,,,,,,,
1568295030700572,陀螺仪,,,,,,,,0.1301,-0.0377,0.0232
1568295043214270,加速度计,1.3007,8.1696,9.5810,,,,,,,
1568295053232603,加速度计,-1.0457,5.4139,18.6251,,,,,,,
1568295050738489,陀螺仪,,,,,,,,0.0334,-0.0445,-0.0718
1568295063265624,加速度计,-1.2935,6.2782,9.4326,,,,,,,
1568295073278853,加速度计,0.1125,8.0643,-1.1241,,,,,,,
1568295070779686,陀螺仪,,,,,,,,0.3099,0.0252,0.1453
1568295083282134,加速度计,3.7757,8.4330,-4.9051,,,,,,,
1568295093286197,加速度计,1.8292,10.1682,0.4196,,,,,,,
1568295090787499,陀螺仪,,,,,,,,-0.0644,-0.0495,-0.0859
1568295103291822,加速度计,0.6650,7.8422,12.1290,,,,,,,
1568295113299478,加速度计,-1.9010,6.9665,12.8168,,,,,,,
1568295110801822,陀螺仪,,,,,,,,-0.0376,-0.0712,-0.1403
1568295123309582,加速度计,-0.8679,7.8811,6.5003,,,,,,,
1568295133322186,加速度计,0.9732,8.1409,6.9300,,,,,,,
1568295130825832,陀螺仪,,,,,,,,-0.0079,-0.0389,0.0383
1568295143337655,加速度计,0.7566,5.8035,8.7753,,,,,,,
1568295153356041,加速度计,-2.2823,5.4594,6.0118,,,,,,,
1568295150861093,陀螺仪,,,,,,,,-0.0161,0.0356,0.0899
1568295163376978,加速度计,-0.8332,6.3375,5.0200,,,,,,,
1568295173400416,加速度计,-0.3825,5.9921,10.2412,,,,,,,
1568295170906666,陀螺仪,,,,,,,,-0.0422,0.0378,0.1815
1568295183425989,加速度计,-1.3731,6.4865,10.6129,,,,,,,
1568295193453280,加速度计,-1.7801,7.9883,3.5805,,,,,,,
1568295190960364,陀螺仪,,,,,,,,0.0659,0.0876,0.2264
1568295203481874,加速度计,-0.8703,5.5019,8.2797,,,,,,,
1568295213511353,加速度计,-1.4850,4.2886,12.7294,,,,,,,
1568295211018853,陀螺仪,,,,,,,,0.0629,0.0953,0.2916
1568295223541301,加速度计,-0.7428,7.7440,5.6030,,,,,,,
1568295233571301,加速度计,1.8717,11.4473,-3.6955,,,,,,,
1568295231077864,陀螺仪,,,,,,,,0.1506,0.1414,0.3567
1568295243594374,加速度计,1.7849,6.6882,-1.1384,,,,,,,
1568295253613541,加速度计,0.1556,3.1394,12.7701,,,,,,,
1568295251118280,陀螺仪,,,,,,,,-0.2092,0.0597,0.1711
1568295263632291,加速度计,-1.2558,5.2176,18.6113,,,,,,,
1568295273651041,加速度计,-1.9255,6.6679,11.4760,,,,,,,
1568295271155780,陀螺仪,,,,,,,,0.1413,0.1961,0.3601
1568295283669791,加速度计,-0.3112,7.8231,3.5787,,,,,,,
1568295293688541,加速度计,2.6959,7.3502,0.4429,,,,,,,
1568295291193280,陀螺仪,,,,,,,,0.1059,0.2384,0.4541
1568295303707291,加速度计,0.9966,7.1958,3.2687,,,,,,,
1568295313734166,加速度计,0.4764,8.5216,1.6741,,,,,,,
1568295311236822,陀螺仪,,,,,,,,-0.0226,0.1706,0.2177
1568295323744582,加速度计,0.8164,8.3552,2.2176,,,,,,,
1568295333754999,加速度计,1.9525,8.7281,9.0369,,,,,,,
1568295331257759,陀螺仪,,,,,,,,-0.1775,0.0368,0.0124
1568295343765832,加速度计,-0.5303,7.0976,14.5585,,,,,,,
1568295353777499,加速度计,-1.2414,7.0102,14.5340,,,,,,,
1568295351280676,陀螺仪,,,,,,,,-0.0389,0.0570,-0.0198
1568295363789999,加速度计,-1.1636,6.8211,11.5251,,,,,,,
1568295373803749,加速度计,-0.0599,6.2872,4.1300,,,,,,,
1568295371307551,陀螺仪,,,,,,,,0.1417,0.1261,0.1692
1568295383818749,加速度计,3.1466,9.2895,-1.3467,,,,,,,
1568295393835416,加速度计,1.8968,8.3606,-1.3222,,,,,,,
1568295391340051,陀螺仪,,,,,,,,-0.0333,0.0350,-0.0501
1568295403853749,加速度计,0.3400,4.5256,1.9465,,,,,,,
1568295413873332,加速度计,2.0243,7.5471,10.6398,,,,,,,
1568295411378593,陀螺仪,,,,,,,,-0.1758,-0.1293,-0.2642
1568295423894166,加速度计,1.0056,7.3688,18.6113,,,,,,,
1568295433916249,加速度计,0.1550,7.6579,9.3051,,,,,,,
1568295431422030,陀螺仪,,,,,,,,0.0878,-0.0385,-0.2188
1568295443939166,加速度计,0.9774,6.4787,2.9808,,,,,,,
1568295453962916,加速度计,1.7172,5.9215,0.1927,,,,,,,
1568295451469009,陀螺仪,,,,,,,,0.0358,-0.0498,-0.1904
1568295463987082,加速度计,3.1161,7.1311,2.1614,,,,,,,
1568295474011666,加速度计,2.7108,8.1145,5.3618,,,,,,,
1568295471517864,陀螺仪,,,,,,,,-0.1489,-0.1270,-0.3724
1568295484036249,加速度计,0.6901,6.3782,17.0036,,,,,,,
1568295494060832,加速度计,-0.6303,6.0352,21.3168,,,,,,,
1568295491565989,陀螺仪,,,,,,,,0.0358,-0.0035,-0.2241
1568295504081249,加速度计,0.2939,8.8807,-0.1018,,,,,,,
1568295514099999,加速度计,2.0889,7.2305,-7.3233,,,,,,,
1568295511604634,陀螺仪,,,,,,,,0.1684,0.0389,-0.0704
1568295524118332,加速度计,2.9437,3.1226,-11.1402,,,,,,,
1568295534136666,加速度计,1.8459,3.2178,19.4415,,,,,,,
1568295531641301,陀螺仪,,,,,,,,-0.3859,-0.0791,-0.2589
1568295544154999,加速度计,1.2001,10.0353,23.7619,,,,,,,
1568295554173332,加速度计,-1.0768,10.6177,18.1463,,,,,,,
1568295551688228,陀螺仪,,,,,,,,0.0722,0.0378,-0.1170
1568295564241666,加速度计,-1.1863,6.9947,2.6378,,,,,,,
1568295571696666,陀螺仪,,,,,,,,0.1503,0.1517,0.0525
1568295574205259,加速度计,-0.1832,7.5723,-5.7323,,,,,,,
1568295584171197,加速度计,0.5543,7.6495,-5.7335,,,,,,,
1568295591635416,陀螺仪,,,,,,,,-0.2896,-0.0663,-0.1136
1568295594141509,加速度计,0.1664,4.9129,19.2835,,,,,,,
1568295604117864,加速度计,-1.2959,3.6021,17.1257,,,,,,,
1568295611599686,陀螺仪,,,,,,,,0.2333,0.1242,0.0752
1568295614101822,加速度计,-0.2167,4.3976,7.5172,,,,,,,
1568295624096041,加速度计,1.7729,9.5672,-2.1338,,,,,,,
1568295636103116,GPS,,,,31.9428,118.7835,3.5300,73.9000,,,
1568295634139426,加速度计,1.8094,12.1099,-4.7800,,,,,,,
1568295631651041,陀螺仪,,,,,,,,0.0145,0.0413,-0.0423
1568295644190051,加速度计,2.2069,11.6406,9.1752,,,,,,,
1568295654245259,加速度计,-2.1063,7.4992,16.4164,,,,,,,
1568295651759374,陀螺仪,,,,,,,,-0.1799,-0.0361,-0.2964
1568295664303384,加速度计,-3.2417,3.4327,14.1593,,,,,,,
1568295674362759,加速度计,-1.8806,2.9329,9.1488,,,,,,,
1568295671877707,陀螺仪,,,,,,,,0.0782,0.0130,0.0089
1568295684411093,加速度计,-0.3508,5.0727,1.4359,,,,,,,
1568295694436301,加速度计,1.9722,6.9396,-1.4940,,,,,,,
1568295691941041,陀螺仪,,,,,,,,0.0449,0.0350,0.0557
1568295704455051,加速度计,0.7907,8.5180,4.8303,,,,,,,
1568295711978541,陀螺仪,,,,,,,,-0.1234,-0.0324,-0.1123
1568295714473801,加速度计,0.9726,7.3729,11.8908,,,,,,,
1568295724492551,加速度计,-0.3531,5.8526,15.6210,,,,,,,
1568295734511301,加速度计,-0.6829,7.3005,9.0273,,,,,,,
1568295732016041,陀螺仪,,,,,,,,0.1081,0.0743,0.0095
1568295744530051,加速度计,0.7967,5.4516,4.7974,,,,,,,
1568295754548489,加速度计,1.6203,5.7042,1.9638,,,,,,,
1568295752053124,陀螺仪,,,,,,,,0.1180,0.1240,0.1095
1568295764566822,加速度计,3.1939,10.8278,-1.9291,,,,,,,
1568295772089791,陀螺仪,,,,,,,,-0.1437,0.0055,-0.1245
1568295774585155,加速度计,2.8341,9.5463,8.0990,,,,,,,
1568295784603489,加速度计,0.9439,4.3521,11.7388,,,,,,,
1568295794621822,加速度计,-0.4854,3.0209,12.6522,,,,,,,
1568295792126457,陀螺仪,,,,,,,,-0.0264,0.0341,-0.1458
1568295804640155,加速度计,-0.6494,1.5718,13.9953,,,,,,,
1568295814683228,加速度计,1.5024,7.2484,5.7197,,,,,,,
1568295812182343,陀螺仪,,,,,,,,0.3068,0.1870,0.1274
1568295824679478,加速度计,3.5482,14.5083,-5.6898,,,,,,,
1568295834676561,加速度计,4.9309,11.2743,-9.5433,,,,,,,
1568295844675311,加速度计,1.2498,3.7439,19.6139,,,,,,,
1568295832176301,陀螺仪,,,,,,,,-0.0305,0.0490,-0.2265
1568295854676145,加速度计,-2.7958,6.0519,19.1680,,,,,,,
1568295852177134,陀螺仪,,,,,,,,-0.1695,-0.0714,-0.4119
1568295864679895,加速度计,-0.8733,7.6848,7.9051,,,,,,,
1568295874686978,加速度计,-0.1580,6.8672,1.7041,,,,,,,
1568295872189739,陀螺仪,,,,,,,,0.1434,-0.0498,-0.2256
1568295884697811,加速度计,-0.6782,5.0045,0.0407,,,,,,,
1568295894712395,加速度计,0.3352,8.8819,4.6274,,,,,,,
1568295892217030,陀螺仪,,,,,,,,-0.0666,-0.1007,-0.2913
1568295904730728,加速度计,3.0209,9.5325,10.5141,,,,,,,
1568295914752811,加速度计,-2.8347,4.7429,11.0953,,,,,,,
1568295912259218,陀螺仪,,,,,,,,-0.0069,-0.1262,-0.4156
1568295924778228,加速度计,0.0180,6.9378,5.2990,,,,,,,
1568295934806561,加速度计,0.4824,8.4174,4.5029,,,,,,,
1568295932314322,陀螺仪,,,,,,,,0.0399,-0.1142,-0.2688
1568295944837395,加速度计,1.6921,8.7185,6.4350,,,,,,,
1568295954870311,加速度计,-0.4651,7.6345,7.4053,,,,,,,
1568295952378905,陀螺仪,,,,,,,,-0.0471,-0.0948,-0.2662
1568295964904478,加速度计,-0.9421,5.9658,5.0673,,,,,,,
1568295974939478,加速度计,0.1592,7.2490,5.9011,,,,,,,
1568295972448280,陀螺仪,,,,,,,,-0.0489,-0.1306,-0.2161
1568295984974478,加速度计,0.3717,7.2179,10.6877,,,,,,,
1568295994997395,加速度计,-0.9984,7.5178,9.7761,,,,,,,
1568295992502134,陀螺仪,,,,,,,,0.0324,-0.1056,-0.2381
1568296005016145,加速度计,-0.8182,7.8901,4.0761,,,,,,,
1568296015034895,加速度计,-0.1443,8.5964,1.0379,,,,,,,
1568296012539530,陀螺仪,,,,,,,,0.0208,-0.1435,-0.2147
1568296025053228,加速度计,0.6045,7.2143,5.0889,,,,,,,
1568296035071561,加速度计,0.6788,6.6487,11.3545,,,,,,,
1568296032576197,陀螺仪,,,,,,,,-0.1164,-0.2226,-0.3092
1568296045089895,加速度计,-1.1630,6.7714,9.7857,,,,,,,
1568296055108228,加速度计,-0.2197,5.7521,7.6303,,,,,,,
1568296052614009,陀螺仪,,,,,,,,0.0422,-0.1932,-0.2033
1568296065142082,加速度计,0.4735,7.1263,3.5602,,,,,,,
1568296075147082,加速度计,0.3382,7.0707,4.8165,,,,,,,
1568296072660936,陀螺仪,,,,,,,,0.0449,-0.1867,-0.1855
1568296085179374,加速度计,-0.3202,8.4743,5.4869,,,,,,,
1568296095170624,加速度计,-1.7747,7.9290,8.6299,,,,,,,
1568296092668593,陀螺仪,,,,,,,,-0.0433,-0.1764,-0.0917
1568296105163332,加速度计,-0.4345,6.3081,10.5608,,,,,,,
1568296115158541,加速度计,-0.9720,5.5450,7.5830,,,,,,,
1568296112657759,陀螺仪,,,,,,,,0.0483,-0.0770,0.0891
1568296125157082,加速度计,-0.4699,7.3239,3.2735,,,,,,,
1568296132660780,陀螺仪,,,,,,,,0.0130,-0.0253,0.1602
1568296135159582,加速度计,-0.1652,7.6225,-0.2274,,,,,,,
1568296145166457,加速度计,-0.1604,7.2874,5.8454,,,,,,,
1568296155178124,加速度计,-1.2911,6.9983,20.8164,,,,,,,
1568296152681718,陀螺仪,,,,,,,,-0.1301,-0.0154,0.2135
1568296165194791,加速度计,-2.1685,7.3939,16.0615,,,,,,,
1568296175216249,加速度计,0.2131,9.2859,-1.2198,,,,,,,
1568296172722239,陀螺仪,,,,,,,,0.2115,0.0979,0.3373
1568296185242082,加速度计,0.6578,5.4702,-4.7028,,,,,,,
1568296192779843,陀螺仪,,,,,,,,-0.0802,0.0405,0.2631
1568296195271874,加速度计,0.3915,4.4718,4.7764,,,,,,,
1568296205304999,加速度计,-0.5501,7.6058,13.6499,,,,,,,
1568296215340624,加速度计,-1.0989,10.2789,10.2077,,,,,,,
1568296212849843,陀螺仪,,,,,,,,-0.0250,0.0728,0.2684
1568296225377916,加速度计,-0.8236,5.9747,8.3492,,,,,,,
1568296235416249,加速度计,-0.1311,4.8662,4.9799,,,,,,,
1568296232925989,陀螺仪,,,,,,,,0.0278,0.0521,0.2164
1568296245454791,加速度计,0.2161,5.6796,6.5906,,,,,,,
1568296252988072,陀螺仪,,,,,,,,0.0369,0.0020,0.1253
1568296255483332,加速度计,-0.4004,7.9853,7.0252,,,,,,,
1568296265502082,加速度计,0.4974,7.3358,5.4103,,,,,,,
1568296275520832,加速度计,0.9242,6.2602,4.0498,,,,,,,
1568296273025572,陀螺仪,,,,,,,,-0.0378,-0.0214,0.0850
1568296285539582,加速度计,0.2861,5.5857,7.7327,,,,,,,
1568296295558332,加速度计,0.0030,6.5021,8.8454,,,,,,,
1568296293063072,陀螺仪,,,,,,,,-0.0493,-0.0296,0.0256
1568296305577082,加速度计,0.3956,7.2287,8.1750,,,,,,,
1568296313106874,陀螺仪,,,,,,,,0.0072,-0.0385,0.0068
1568296315604739,加速度计,0.9373,7.0605,8.8430,,,,,,,
1568296325613124,加速度计,1.1133,6.6236,6.2782,,,,,,,
1568296335621926,加速度计,1.1187,7.1233,4.3940,,,,,,,
1568296333124270,陀螺仪,,,,,,,,0.0217,-0.0386,-0.0298
1568296345631197,加速度计,0.3424,6.9204,5.9574,,,,,,,
1568296353144218,陀螺仪,,,,,,,,-0.0285,-0.0494,-0.0280
1568296355641353,加速度计,0.5369,6.9923,7.6423,,,,,,,
1568296365652811,加速度计,1.2043,6.4596,7.6842,,,,,,,
1568296375665936,加速度计,-0.0353,8.5000,3.7870,,,,,,,
1568296373169634,陀螺仪,,,,,,,,-0.0051,-0.0577,-0.0726
1568296385680728,加速度计,0.2215,5.9927,7.8099,,,,,,,
1568296395697186,加速度计,0.6680,7.7871,7.2341,,,,,,,
1568296393201718,陀螺仪,,,,,,,,-0.0442,-0.0921,-0.1060
1568296405715311,加速度计,-0.2634,7.0342,9.8719,,,,,,,
1568296415735103,加速度计,0.4800,6.6307,8.8214,,,,,,,
1568296413240468,陀螺仪,,,,,,,,0.0229,-0.1100,-0.1377
1568296425756561,加速度计,0.5160,6.8821,5.0805,,,,,,,
1568296433285728,陀螺仪,,,,,,,,0.0534,-0.1139,-0.1627
1568296435779634,加速度计,0.6339,8.7730,1.5598,,,,,,,
1568296445803905,加速度计,0.7159,8.6078,3.5177,,,,,,,
1568296453335520,陀螺仪,,,,,,,,-0.1290,-0.1479,-0.1641
1568296455829009,加速度计,0.0150,7.0701,8.3139,,,,,,,
1568296465854895,加速度计,0.0245,6.2477,9.6702,,,,,,,
1568296473387759,陀螺仪,,,,,,,,-0.0333,-0.1238,-0.1246
1568296475881145,加速度计,0.3112,6.5338,7.2706,,,,,,,
1568296485907343,加速度计,1.2767,7.4292,6.4655,,,,,,,
1568296493437030,陀螺仪,,,,,,,,-0.0214,-0.1449,-0.1349
1568296495932291,加速度计,0.7703,7.6549,9.6792,,,,,,,
1568296505951041,加速度计,0.5231,7.5998,10.6123,,,,,,,
1568296515969791,加速度计,1.0900,8.0655,7.3005,,,,,,,
1568296513474530,陀螺仪,,,,,,,,0.0758,-0.1127,-0.1415
1568296525988541,加速度计,1.0678,7.7782,2.3774,,,,,,,
1568296536007291,加速度计,1.0241,6.2142,3.3878,,,,,,,
1568296533512030,陀螺仪,,,,,,,,-0.0081,-0.1294,-0.1409
1568296546025989,加速度计,0.6692,6.5050,6.8504,,,,,,,
1568296556044426,加速度计,1.3605,6.3740,11.0929,,,,,,,
1568296553549270,陀螺仪,,,,,,,,-0.0435,-0.1393,-0.1258
1568296566064739,加速度计,1.1450,7.3981,9.0136,,,,,,,
1568296576081822,加速度计,1.0361,7.2550,4.1946,,,,,,,
1568296573586145,陀螺仪,,,,,,,,0.0844,-0.1166,-0.1377
1568296586098905,加速度计,0.8380,7.6704,2.0435,,,,,,,
1568296596115989,加速度计,0.1239,6.9546,5.4731,,,,,,,
1568296593620311,陀螺仪,,,,,,,,-0.0185,-0.1478,-0.1579
1568296606133072,加速度计,-0.0156,7.8231,8.2612,,,,,,,
1568296616150155,加速度计,1.2294,7.3209,10.3352,,,,,,,
1568296613654478,陀螺仪,,,,,,,,-0.0184,-0.1411,-0.1024
1568296626167603,加速度计,0.9206,7.6632,7.5555,,,,,,,
1568296642493428,GPS,,,,31.9428,118.7835,3.5600,78.3000,,,
1568296633699061,陀螺仪,,,,,,,,0.0293,-0.1201,-0.1148
1568296636192655,加速度计,0.1939,7.3388,4.3161,,,,,,,
1568296646212759,加速度计,-0.5830,6.6092,6.4811,,,,,,,
1568296656231093,加速度计,-0.7117,7.2365,7.0635,,,,,,,
1568296653735728,陀螺仪,,,,,,,,0.0129,-0.1349,-0.0668
1568296666249426,加速度计,0.1808,7.3418,7.3777,,,,,,,
1568296676267759,加速度计,0.2131,7.6495,8.8352,,,,,,,
1568296673772395,陀螺仪,,,,,,,,0.0332,-0.1309,-0.0208
1568296686286093,加速度计,-0.4106,7.7369,8.2187,,,,,,,
1568296696304426,加速度计,-0.1915,7.6285,4.3263,,,,,,,
1568296693809061,陀螺仪,,,,,,,,0.0754,-0.0939,0.0047
1568296706322759,加速度计,-0.0006,6.7654,1.6843,,,,,,,
1568296713845728,陀螺仪,,,,,,,,-0.0776,-0.1177,0.0611
1568296716341093,加速度计,-0.6548,6.3375,5.0823,,,,,,,
1568296726359426,加速度计,-0.7817,5.1014,11.5808,,,,,,,
1568296733882395,陀螺仪,,,,,,,,-0.0105,-0.0676,0.1680
1568296736377759,加速度计,0.1969,7.0150,8.6862,,,,,,,
1568296746396093,加速度计,-0.0048,7.0132,6.6619,,,,,,,
1568296753919061,陀螺仪,,,,,,,,0.0403,-0.0399,0.1830
1568296756414426,加速度计,0.0898,6.1094,7.9086,,,,,,,
1568296766432759,加速度计,-0.5136,7.2724,6.8235,,,,,,,
1568296776451093,加速度计,0.3992,8.8496,6.2776,,,,,,,
1568296773955728,陀螺仪,,,,,,,,0.0410,-0.0182,0.2144
1568296786469426,加速度计,0.1556,7.5818,5.9436,,,,,,,
1568296796487759,加速度计,-0.1161,6.0424,6.4135,,,,,,,
1568296793992395,陀螺仪,,,,,,,,-0.0421,0.0174,0.2349
1568296806506093,加速度计,-0.0227,5.1996,7.1539,,,,,,,
1568296816545520,加速度计,-0.3310,5.8634,9.1201,,,,,,,
1568296814045989,陀螺仪,,,,,,,,-0.0593,0.0256,0.3056
1568296826547239,加速度计,0.3202,6.2261,12.2493,,,,,,,
1568296834050364,陀螺仪,,,,,,,,0.0900,0.0899,0.3300
1568296836549478,加速度计,1.3605,7.3514,7.1090,,,,,,,
1568296846553020,加速度计,0.1879,7.3041,2.1997,,,,,,,
1568296854060103,陀螺仪,,,,,,,,0.0057,0.0589,0.2802
1568296856558280,加速度计,-0.3418,7.0108,5.9155,,,,,,,
1568296866565676,加速度计,-0.6494,5.7293,10.3208,,,,,,,
1568296876575624,加速度计,0.1233,8.5467,6.2626,,,,,,,
1568296874078801,陀螺仪,,,,,,,,0.0459,0.0744,0.3294
1568296886588489,加速度计,1.0331,7.2688,2.5594,,,,,,,
1568296894108905,陀螺仪,,,,,,,,-0.0398,0.0658,0.2782
1568296896604270,加速度计,0.1167,6.8366,4.7746,,,,,,,
1568296906622968,加速度计,-0.6901,5.8496,11.8513,,,,,,,
1568296914150520,陀螺仪,,,,,,,,0.0321,0.1169,0.3021
1568296916644530,加速度计,-0.7464,8.6814,8.5413,,,,,,,
1568296926668593,加速度计,-0.4118,7.7500,3.6188,,,,,,,
1568296936695103,加速度计,0.3585,5.9616,3.7433,,,,,,,
1568296934202239,陀螺仪,,,,,,,,-0.0217,0.1067,0.3180
1568296946723645,加速度计,-0.0658,6.3488,8.6634,,,,,,,
1568296956753749,加速度计,-1.1366,8.5054,11.8806,,,,,,,
1568296954261509,陀螺仪,,,,,,,,-0.0162,0.1140,0.3337
1568296966784634,加速度计,1.1007,8.6963,8.0990,,,,,,,
1568296974323749,陀螺仪,,,,,,,,0.0365,0.1490,0.3236
1568296976815884,加速度计,1.0056,6.7277,3.1328,,,,,,,
1568296986845989,加速度计,0.2945,5.5384,4.0055,,,,,,,
1568296994372239,陀螺仪,,,,,,,,-0.0268,0.1320,0.2716
1568296996867603,加速度计,0.4004,7.2299,6.9354,,,,,,,
1568297006885936,加速度计,-0.3801,7.7093,11.0283,,,,,,,
1568297014408905,陀螺仪,,,,,,,,0.0626,0.1437,0.2686
1568297016904270,加速度计,0.1257,7.9960,8.2295,,,,,,,
1568297026922603,加速度计,-0.0245,7.8296,5.1242,,,,,,,
1568297034445572,陀螺仪,,,,,,,,0.0707,0.1213,0.2202
1568297036940936,加速度计,1.3539,6.9809,5.2882,,,,,,,
1568297046959270,加速度计,1.1414,8.3145,3.9798,,,,,,,
1568297056978124,加速度计,-0.3130,7.5687,8.4144,,,,,,,
1568297054483801,陀螺仪,,,,,,,,-0.0040,0.0812,0.1281
1568297067008645,加速度计,0.4052,6.7834,8.9914,,,,,,,
1568297074517707,陀螺仪,,,,,,,,0.0530,0.0937,0.1385
1568297077015780,加速度计,-0.2310,6.6529,6.8055,,,,,,,
1568297087023384,加速度计,1.3348,8.0792,3.0610,,,,,,,
1568297094534322,陀螺仪,,,,,,,,0.0044,0.0622,0.0724
1568297097031874,加速度计,0.6997,7.3071,7.8003,,,,,,,
1568297107041614,加速度计,0.7320,7.5459,7.9290,,,,,,,
1568297117052655,加速度计,0.2783,8.0475,5.2960,,,,,,,
1568297114555832,陀螺仪,,,,,,,,0.0314,0.0786,0.0487
1568297127065364,加速度计,-0.3747,7.5256,4.3527,,,,,,,
1568297134583905,陀螺仪,,,,,,,,-0.0405,0.0514,0.0643
1568297137079791,加速度计,1.1636,6.5930,6.3997,,,,,,,
1568297147096301,加速度计,0.5315,7.2891,8.5682,,,,,,,
1568297154620051,陀螺仪,,,,,,,,-0.0228,0.0567,0.0253
1568297157114895,加速度计,0.6500,7.3406,8.3546,,,,,,,
1568297167135520,加速度计,-0.4178,5.3313,7.9685,,,,,,,
1568297174663801,陀螺仪,,,,,,,,0.0509,0.0625,0.0276
1568297177157811,加速度计,0.2041,6.7409,5.2188,,,,,,,
1568297187181718,加速度计,0.3633,8.0200,4.4233,,,,,,,
1568297194713332,陀螺仪,,,,,,,,-0.0017,0.0320,-0.0052
1568297197206822,加速度计,0.1107,7.4256,7.2688,,,,,,,
1568297207232759,加速度计,-0.1712,7.4927,7.0683,,,,,,,
1568297214766301,陀螺仪,,,,,,,,-0.0482,0.0286,-0.0039
1568297217259478,加速度计,0.2406,6.1872,6.1112,,,,,,,
1568297227286561,加速度计,0.3262,6.5086,9.2344,,,,,,,
1568297237313072,加速度计,0.5160,6.6535,9.1704,,,,,,,
1568297234818749,陀螺仪,,,,,,,,-0.0305,0.0566,0.0370
1568297247335103,加速度计,0.2843,6.6864,8.1241,,,,,,,
1568297254858593,陀螺仪,,,,,,,,0.0233,0.0772,0.0360
1568297257353853,加速度计,0.2454,5.8155,6.9342,,,,,,,
1568297267372603,加速度计,-0.0060,5.9867,6.8839,,,,,,,
1568297274896093,陀螺仪,,,,,,,,0.0473,0.0706,0.0786
1568297277391353,加速度计,0.6698,7.3921,7.0611,,,,,,,
1568297287410051,加速度计,0.0874,7.7237,8.3199,,,,,,,
1568297294933020,陀螺仪,,,,,,,,0.0426,0.0760,0.0609
1568297297428384,加速度计,-0.0198,6.9803,7.8805,,,,,,,
1568297307446874,加速度计,-0.0018,6.8151,5.0033,,,,,,,
1568297314971614,陀螺仪,,,,,,,,-0.0047,0.0455,0.0678
1568297317467395,加速度计,0.2687,7.0330,6.7654,,,,,,,
1568297327484061,加速度计,0.3681,6.0184,8.2714,,,,,,,
1568297337500728,加速度计,0.5501,6.9073,7.9781,,,,,,,
1568297335004947,陀螺仪,,,,,,,,0.0190,0.0619,0.0526
1568297347517395,加速度计,-0.2370,6.7295,6.9869,,,,,,,
1568297355038280,陀螺仪,,,,,,,,0.0519,0.0622,0.0662
1568297357534061,加速度计,-0.0844,7.3310,5.4905,,,,,,,
1568297367550832,加速度计,0.6123,7.4490,3.5901,,,,,,,
1568297377568020,加速度计,1.3420,7.0192,5.3457,,,,,,,
1568297375072447,陀螺仪,,,,,,,,-0.0174,0.0579,0.0543
1568297387585624,加速度计,-0.1760,6.2656,8.5060,,,,,,,
1568297397603645,加速度计,0.1047,6.3129,8.9244,,,,,,,
1568297395108280,陀螺仪,,,,,,,,-0.0150,0.0722,0.0688
1568297407622082,加速度计,-0.2879,7.5423,5.0871,,,,,,,
1568297415145780,陀螺仪,,,,,,,,0.0089,0.0794,0.0972
1568297417640936,加速度计,0.8475,7.2975,6.6894,,,,,,,
1568297427660207,加速度计,1.0714,6.6553,6.8905,,,,,,,
1568297437679791,加速度计,0.1682,6.4470,8.5012,,,,,,,
1568297435184739,陀螺仪,,,,,,,,0.0003,0.0893,0.0736
1568297447699374,加速度计,0.3017,7.8715,5.2343,,,,,,,
1568297455223905,陀螺仪,,,,,,,,-0.0037,0.0943,0.1028
1568297457718957,加速度计,0.7015,6.3261,7.1670,,,,,,,
1568297467738541,加速度计,0.8422,7.3316,9.7983,,,,,,,
1568297477758124,加速度计,0.5842,8.3342,8.9046,,,,,,,
1568297475263072,陀螺仪,,,,,,,,0.0595,0.1150,0.0866
1568297487777707,加速度计,0.3950,7.0473,5.5061,,,,,,,
1568297495302239,陀螺仪,,,,,,,,0.0887,0.1048,0.0687
1568297497797291,加速度计,1.0469,7.0425,4.7794,,,,,,,
1568297507816874,加速度计,0.8176,7.1784,7.6854,,,,,,,
1568297517836457,加速度计,1.3838,7.6381,9.3212,,,,,,,
1568297515341405,陀螺仪,,,,,,,,0.0559,0.0887,0.0101
1568297527856041,加速度计,1.5742,9.2416,3.9073,,,,,,,
1568297537875624,加速度计,0.6321,6.3141,4.2982,,,,,,,
1568297535380572,陀螺仪,,,,,,,,0.0394,0.0643,-0.0704
1568297547895207,加速度计,1.3455,6.4254,4.4065,,,,,,,
1568297557916145,加速度计,1.9106,7.5806,10.0790,,,,,,,
1568297555422447,陀螺仪,,,,,,,,-0.0206,0.0174,-0.1322
1568297567949374,加速度计,1.4934,8.4976,8.4138,,,,,,,
1568297577947499,加速度计,1.5179,7.1593,4.1791,,,,,,,
1568297575447239,陀螺仪,,,,,,,,0.0253,0.0148,-0.2144
1568297587946561,加速度计,1.5071,6.7451,4.6753,,,,,,,
1568297597947082,加速度计,1.3850,6.4147,6.9492,,,,,,,
1568297595447655,陀螺仪,,,,,,,,-0.0514,-0.0330,-0.2649
1568297607949791,加速度计,0.9750,7.8751,9.6504,,,,,,,
1568297617955207,加速度计,2.1356,7.7213,7.7530,,,,,,,
1568297615457239,陀螺仪,,,,,,,,-0.0100,-0.0482,-0.2783
1568297627967395,加速度计,1.5820,7.0012,5.3127,,,,,,,
1568297641506292,GPS,,,,31.9428,118.7836,3.5300,73.8000,,,
1568297635562030,陀螺仪,,,,,,,,-0.0148,-0.0442,-0.3225
1568297638042186,加速度计,1.2719,6.3889,2.6264,,,,,,,
1568297648083332,加速度计,0.8314,6.7666,3.5380,,,,,,,
1568297655606301,陀螺仪,,,,,,,,-0.1158,-0.0806,-0.2985
1568297658101666,加速度计,0.2095,5.0799,10.4740,,,,,,,
1568297668119999,加速度计,0.6602,6.7744,9.5032,,,,,,,
1568297675642968,陀螺仪,,,,,,,,0.0127,-0.0461,-0.2523
1568297678138332,加速度计,1.4898,7.9829,7.2299,,,,,,,
1568297688156666,加速度计,0.8960,7.3735,6.0849,,,,,,,
1568297695679634,陀螺仪,,,,,,,,0.0035,-0.0411,-0.2569
1568297698174999,加速度计,0.4944,6.4805,6.8199,,,,,,,
1568297708193332,加速度计,-0.1538,6.8211,5.8137,,,,,,,
1568297718211666,加速度计,0.6051,8.3199,3.1669,,,,,,,
1568297715716301,陀螺仪,,,,,,,,-0.0391,-0.0419,-0.1870
1568297728229999,加速度计,0.2119,5.7802,9.0112,,,,,,,
1568297735752968,陀螺仪,,,,,,,,-0.0574,-0.0232,-0.1201
1568297738248332,加速度计,-0.6279,6.1064,9.6660,,,,,,,
1568297748266666,加速度计,0.6632,7.5723,8.5497,,,,,,,
1568297755789634,陀螺仪,,,,,,,,0.0137,0.0189,-0.0664
1568297758284999,加速度计,1.2294,7.8069,7.9098,,,,,,,
1568297768303332,加速度计,0.1233,6.8977,6.8857,,,,,,,
1568297778321666,加速度计,0.0245,5.8149,5.3690,,,,,,,
1568297775826301,陀螺仪,,,,,,,,0.0004,0.0495,-0.0451
1568297788339999,加速度计,0.4806,6.5912,3.6655,,,,,,,
1568297798358332,加速度计,0.2035,6.7708,6.6122,,,,,,,
1568297795862968,陀螺仪,,,,,,,,-0.1079,0.0298,0.0194
1568297808376666,加速度计,0.1676,5.6784,12.0297,,,,,,,
1568297815905989,陀螺仪,,,,,,,,-0.0365,0.0822,0.0383
1568297818401249,加速度计,-0.0575,6.7989,10.7841,,,,,,,
1568297828419999,加速度计,0.2825,6.0807,5.8377,,,,,,,
1568297838438749,加速度计,0.1760,6.4685,3.4890,,,,,,,
1568297835943489,陀螺仪,,,,,,,,0.0091,0.1019,0.0598
1568297848457499,加速度计,0.3178,6.4578,5.8065,,,,,,,
1568297855980989,陀螺仪,,,,,,,,-0.0607,0.0742,0.0409
1568297858476249,加速度计,0.1532,6.2968,8.7125,,,,,,,
1568297868494999,加速度计,-0.0431,7.5190,10.5548,,,,,,,
1568297878513749,加速度计,0.0670,6.8606,9.7857,,,,,,,
1568297876018489,陀螺仪,,,,,,,,0.0422,0.1068,0.0832
1568297888532499,加速度计,1.3007,7.5094,2.8329,,,,,,,
1568297896055989,陀螺仪,,,,,,,,0.0103,0.0952,0.0372
1568297898551249,加速度计,0.6027,7.6740,3.7445,,,,,,,
1568297908569999,加速度计,0.7979,6.6391,8.0625,,,,,,,
1568297916093280,陀螺仪,,,,,,,,-0.0178,0.0754,-0.0072
1568297918588645,加速度计,-0.7859,6.0926,11.7717,,,,,,,
1568297928606978,加速度计,-0.4645,7.1377,9.3164,,,,,,,
1568297936129947,陀螺仪,,,,,,,,0.1065,0.0959,0.0157
1568297938625311,加速度计,0.6488,6.5966,4.2665,,,,,,,
1568297948643645,加速度计,0.6704,6.7720,2.2332,,,,,,,
1568297956166614,陀螺仪,,,,,,,,0.0386,0.0515,-0.0668
1568297958661978,加速度计,0.0389,7.4795,4.9746,,,,,,,
1568297968680311,加速度计,-0.2251,7.7177,8.7730,,,,,,,
1568297978698645,加速度计,-0.0754,8.0002,7.1144,,,,,,,
1568297976203280,陀螺仪,,,,,,,,0.0376,0.0119,-0.0782
1568297988716978,加速度计,0.6243,7.9476,4.0288,,,,,,,
1568297998735311,加速度计,0.1706,6.2776,6.0549,,,,,,,
1568297996239947,陀螺仪,,,,,,,,-0.0133,-0.0168,-0.1176
1568298008753645,加速度计,-0.0060,6.9372,11.1887,,,,,,,
1568298018771978,加速度计,-0.2682,8.6209,12.4756,,,,,,,
1568298016276614,陀螺仪,,,,,,,,0.0567,-0.0233,-0.1381
1568298028790311,加速度计,0.2903,8.5790,8.7514,,,,,,,
1568298038808645,加速度计,0.0940,8.7634,1.3473,,,,,,,
1568298036313280,陀螺仪,,,,,,,,0.1447,-0.0197,-0.1579
1568298048826978,加速度计,0.3112,7.5256,-0.3160,,,,,,,
1568298058845728,加速度计,1.4712,7.5669,3.0849,,,,,,,
1568298056350780,陀螺仪,,,,,,,,-0.0328,-0.1045,-0.2221
1568298068868280,加速度计,-0.2005,6.8085,13.9289,,,,,,,
1568298076392811,陀螺仪,,,,,,,,0.0646,-0.1051,-0.2164
1568298078888072,加速度计,-0.5632,6.6146,13.1681,,,,,,,
1568298088906822,加速度计,0.6123,8.3049,3.3543,,,,,,,
1568298098925416,加速度计,1.3797,9.6911,-2.8377,,,,,,,
1568298096430051,陀螺仪,,,,,,,,0.0956,-0.0879,-0.1831
1568298108943749,加速度计,0.9816,6.0178,6.4757,,,,,,,
1568298118962082,加速度计,-0.7201,6.1675,7.6483,,,,,,,
1568298116466718,陀螺仪,,,,,,,,-0.0213,-0.0887,-0.1883
1568298128980416,加速度计,0.0251,7.4190,5.0799,,,,,,,
1568298138998749,加速度计,0.6219,7.0342,7.9745,,,,,,,
1568298136503384,陀螺仪,,,,,,,,-0.0320,-0.0855,-0.0901
1568298149017082,加速度计,0.5501,6.4302,8.9304,,,,,,,
1568298156540051,陀螺仪,,,,,,,,0.0085,-0.0216,-0.0571
1568298159035416,加速度计,0.6446,8.4138,3.1448,,,,,,,
1568298169053749,加速度计,0.2993,7.4735,3.7487,,,,,,,
1568298179072082,加速度计,0.3358,3.8858,12.6043,,,,,,,
1568298176576718,陀螺仪,,,,,,,,-0.1233,-0.0462,-0.0372
1568298189090416,加速度计,-0.5160,6.1645,12.5127,,,,,,,
1568298199108749,加速度计,-0.7326,9.7031,1.9213,,,,,,,
1568298196613384,陀螺仪,,,,,,,,0.0710,0.0261,-0.0096
1568298209127082,加速度计,0.1814,8.7436,-1.1073,,,,,,,
1568298219145416,加速度计,-1.1097,3.9911,10.4028,,,,,,,
1568298216650051,陀螺仪,,,,,,,,-0.1746,-0.0557,-0.0208
1568298229163749,加速度计,-0.4208,6.1004,14.9410,,,,,,,
1568298236686718,陀螺仪,,,,,,,,0.0330,-0.0154,-0.0168
1568298239182082,加速度计,-0.8721,8.5778,9.4421,,,,,,,
1568298249200416,加速度计,-0.5243,8.7502,2.8276,,,,,,,
1568298256723384,陀螺仪,,,,,,,,-0.0415,-0.0547,-0.0115
1568298259218749,加速度计,-0.2071,3.9337,7.3017,,,,,,,
1568298269237082,加速度计,-0.5321,5.5150,9.5044,,,,,,,
1568298279255416,加速度计,-0.7117,8.0397,11.6125,,,,,,,
1568298276760051,陀螺仪,,,,,,,,0.0514,-0.0605,-0.0039
1568298289273749,加速度计,0.2269,9.2500,5.6108,,,,,,,
1568298296796718,陀螺仪,,,,,,,,0.0807,-0.0541,-0.0177
1568298299292082,加速度计,-0.2454,7.5848,0.6069,,,,,,,
1568298309312759,加速度计,-0.6099,7.7806,-0.5764,,,,,,,
1568298316847343,陀螺仪,,,,,,,,-0.1823,-0.1411,-0.0241
1568298319346457,加速度计,-0.4166,6.7534,9.7181,,,,,,,
1568298329349947,加速度计,-1.0008,5.1499,19.8671,,,,,,,
1568298339354009,加速度计,-1.1744,6.9396,10.2987,,,,,,,
1568298336855207,陀螺仪,,,,,,,,0.0839,-0.0949,0.0017
1568298349359218,加速度计,-0.2065,7.7931,-2.9042,,,,,,,
1568298359366249,加速度计,1.1785,6.4841,-3.6524,,,,,,,
1568298356868384,陀螺仪,,,,,,,,-0.0483,-0.1559,-0.0236
1568298369375520,加速度计,-0.5680,5.2337,8.7215,,,,,,,
1568298379387291,加速度计,-1.4982,6.5182,13.6499,,,,,,,
1568298376890676,陀螺仪,,,,,,,,-0.1241,-0.1692,-0.0194
1568298389401561,加速度计,-0.1317,7.9673,10.6841,,,,,,,
1568298396922968,陀螺仪,,,,,,,,-0.0087,-0.1381,0.0622
1568298399418332,加速度计,0.3017,6.7427,8.1145,,,,,,,
1568298409437603,加速度计,0.0401,5.0242,8.7664,,,,,,,
1568298416965259,陀螺仪,,,,,,,,0.0850,-0.0967,0.0827
1568298419459374,加速度计,-0.5058,6.5254,2.6055,,,,,,,
1568298429483489,加速度计,0.1885,8.9172,0.8003,,,,,,,
1568298437016353,陀螺仪,,,,,,,,-0.0643,-0.1405,0.1318
1568298439509530,加速度计,0.4034,5.9711,11.2695,,,,,,,
1568298449537082,加速度计,0.3819,5.3247,16.9503,,,,,,,
1568298459565728,加速度计,0.4723,8.1894,7.8350,,,,,,,
1568298457073072,陀螺仪,,,,,,,,0.1949,-0.0276,0.1563
1568298469595051,加速度计,0.6614,10.0161,-0.6225,,,,,,,
1568298477132082,陀螺仪,,,,,,,,0.0594,-0.0486,0.1796
1568298479624634,加速度计,0.3238,4.6896,6.7624,,,,,,,
1568298489652030,加速度计,0.0263,5.1272,8.0284,,,,,,,
1568298497178645,陀螺仪,,,,,,,,0.1198,-0.0011,0.2298
1568298499673905,加速度计,0.9786,9.1219,0.7512,,,,,,,
1568298509699114,加速度计,2.4547,7.9990,-0.2933,,,,,,,
1568298519753489,加速度计,0.1478,6.1423,9.8527,,,,,,,
1568298517269009,陀螺仪,,,,,,,,-0.0924,-0.0028,0.1812
1568298529774634,加速度计,-1.1001,6.6978,15.3199,,,,,,,
1568298539723072,加速度计,1.6418,9.5193,5.1787,,,,,,,
1568298537210624,陀螺仪,,,,,,,,0.0916,0.0818,0.2565
1568298549675103,加速度计,1.1031,8.9124,0.3220,,,,,,,
1568298559633332,加速度计,0.6099,6.6409,8.0451,,,,,,,
1568298557124114,陀螺仪,,,,,,,,-0.0945,0.0531,0.2165
1568298569599843,加速度计,0.3502,5.8490,17.4202,,,,,,,
1568298577072291,陀螺仪,,,,,,,,0.0818,0.0980,0.2139
1568298579576405,加速度计,1.0624,11.9034,9.2895,,,,,,,
1568298589564270,加速度计,0.6129,6.7804,5.1068,,,,,,,
1568298597066405,陀螺仪,,,,,,,,0.1073,0.0830,0.1912
1568298599564374,加速度计,1.7238,4.9698,1.2839,,,,,,,
1568298609576978,加速度计,1.1217,8.5904,0.6955,,,,,,,
1568298619601770,加速度计,1.4988,8.8274,5.0494,,,,,,,
1568298617109843,陀螺仪,,,,,,,,-0.0333,0.0495,0.0879
1568298629653801,加速度计,0.7524,6.9833,11.8016,,,,,,,
1568298637282073,GPS,,,,31.9428,118.7836,3.4300,77.6000,,,
1568298639763801,加速度计,0.4483,4.8848,15.9777,,,,,,,
1568298637292082,陀螺仪,,,,,,,,-0.0313,0.0383,0.0931
1568298649876718,加速度计,0.2849,6.8785,8.4785,,,,,,,
1568298659973384,加速度计,1.0139,8.7131,-1.0080,,,,,,,
1568298657478124,陀螺仪,,,,,,,,0.1827,0.1080,0.0808
1568298669992134,加速度计,0.3771,6.0232,-0.2041,,,,,,,
1568298680010884,加速度计,0.5692,5.2541,4.8752,,,,,,,
1568298677515624,陀螺仪,,,,,,,,-0.0294,0.0145,0.0190
1568298690029634,加速度计,1.5479,8.3761,7.9619,,,,,,,
1568298700048384,加速度计,1.4916,9.2949,12.3804,,,,,,,
1568298697553020,陀螺仪,,,,,,,,-0.0522,0.0316,-0.0085
1568298710066718,加速度计,0.4513,6.4242,12.7617,,,,,,,
1568298720085051,加速度计,-0.2915,7.0443,3.8176,,,,,,,
1568298717589686,陀螺仪,,,,,,,,0.0913,0.1127,0.0124
1568298730103384,加速度计,0.3573,7.6118,0.1018,,,,,,,
1568298740121718,加速度计,0.6165,6.6690,8.2750,,,,,,,
1568298737626353,陀螺仪,,,,,,,,-0.0672,0.0153,0.0047
1568298750140051,加速度计,0.1664,6.0938,11.4359,,,,,,,
1568298760158384,加速度计,0.6428,7.6662,6.5829,,,,,,,
1568298757663020,陀螺仪,,,,,,,,-0.0071,0.0383,-0.0060
1568298770176718,加速度计,0.8481,6.7361,3.4123,,,,,,,
1568298780198593,加速度计,0.0563,4.2072,7.2784,,,,,,,
1568298777703124,陀螺仪,,,,,,,,-0.0533,0.0373,-0.0221
1568298790216509,加速度计,-0.0910,5.3708,10.3908,,,,,,,
1568298800234426,加速度计,-0.0922,6.9959,9.4032,,,,,,,
1568298797738957,陀螺仪,,,,,,,,0.0481,0.0385,0.0099
1568298810252343,加速度计,1.1151,7.9015,4.9961,,,,,,,
1568298820270259,加速度计,1.1420,6.3291,4.9542,,,,,,,
1568298817774791,陀螺仪,,,,,,,,0.0447,0.0280,-0.0136
1568298830288176,加速度计,0.0658,6.1591,6.7582,,,,,,,
1568298837810624,陀螺仪,,,,,,,,0.0297,0.0313,-0.0120
1568298840306093,加速度计,0.5189,7.1575,8.4162,,,,,,,
1568298850324009,加速度计,0.6237,9.3775,6.5260,,,,,,,
1568298857846457,陀螺仪,,,,,,,,-0.0028,0.0394,-0.0047
1568298860341926,加速度计,0.9158,7.2467,7.5352,,,,,,,
1568298870359843,加速度计,1.0672,6.9994,5.5330,,,,,,,
1568298880377759,加速度计,0.7063,5.5444,7.4346,,,,,,,
1568298877882291,陀螺仪,,,,,,,,-0.0686,0.0399,-0.0370
1568298890395676,加速度计,-0.0443,5.7748,8.1552,,,,,,,
1568298900413593,加速度计,-0.0156,5.1290,8.8747,,,,,,,
1568298897918124,陀螺仪,,,,,,,,-0.0338,0.0386,-0.0136
1568298910431666,加速度计,0.8027,6.4087,7.2167,,,,,,,
1568298917954634,陀螺仪,,,,,,,,0.0383,0.0268,-0.0252
1568298920449999,加速度计,-0.4597,7.0413,7.4095,,,,,,,
1568298930468489,加速度计,0.6728,9.0004,2.7444,,,,,,,
1568298940487239,加速度计,0.8368,7.7081,4.1833,,,,,,,
1568298937991978,陀螺仪,,,,,,,,-0.0478,-0.0225,-0.0965
1568298950505989,加速度计,0.0108,6.9025,8.2001,,,,,,,
1568298958029478,陀螺仪,,,,,,,,-0.0686,-0.0517,-0.0999
1568298960524739,加速度计,-1.5257,5.3325,12.4139,,,,,,,
1568298970543489,加速度计,-0.4160,6.0873,9.4415,,,,,,,
1568298980562239,加速度计,0.5740,8.4509,2.1404,,,,,,,
1568298978066978,陀螺仪,,,,,,,,0.0929,-0.0101,0.0037
1568298990580989,加速度计,1.3593,7.3532,0.3112,,,,,,,
1568299000599739,加速度计,0.2041,6.3051,2.7707,,,,,,,
1568298998104478,陀螺仪,,,,,,,,-0.0758,-0.0401,-0.0611
1568299010618489,加速度计,-0.0664,7.8865,9.5654,,,,,,,
1568299020639582,加速度计,0.3537,7.3897,14.0055,,,,,,,
1568299018145884,陀螺仪,,,,,,,,-0.0941,-0.0430,-0.0402
1568299030675416,加速度计,-0.4854,7.9691,12.4504,,,,,,,
1568299040679322,加速度计,-0.0437,7.8123,3.4022,,,,,,,
1568299038180416,陀螺仪,,,,,,,,0.0562,0.0443,0.0824
1568299050683801,加速度计,1.4910,5.4767,3.8325,,,,,,,
1568299058191145,陀螺仪,,,,,,,,-0.0198,0.0278,0.0680
1568299060689426,加速度计,0.9547,7.3448,5.9526,,,,,,,
1568299070696874,加速度计,0.1790,7.0731,8.8059,,,,,,,
1568299080706405,加速度计,0.0072,8.4833,6.1764,,,,,,,
1568299078209166,陀螺仪,,,,,,,,0.0221,0.0281,0.0434
1568299090718176,加速度计,0.1951,7.1054,5.8155,,,,,,,
1568299100732447,加速度计,0.2705,6.6780,6.4631,,,,,,,
1568299098236457,陀螺仪,,,,,,,,0.0201,0.0194,0.0704
1568299110749218,加速度计,0.1347,7.7417,6.6583,,,,,,,
1568299118273749,陀螺仪,,,,,,,,-0.0043,0.0108,0.0461
1568299120768489,加速度计,0.1407,9.2560,5.2714,,,,,,,
1568299130790259,加速度计,0.0162,6.0322,6.8917,,,,,,,
1568299138320780,陀螺仪,,,,,,,,-0.0138,0.0109,0.0658
1568299140814374,加速度计,-0.8434,7.3747,6.9881,,,,,,,
1568299150840416,加速度计,0.1221,6.8618,6.5505,,,,,,,
1568299160867968,加速度计,0.6003,7.3652,4.0672,,,,,,,
1568299158375103,陀螺仪,,,,,,,,-0.0286,0.0345,0.0814
1568299170896614,加速度计,-0.5758,6.4931,6.1022,,,,,,,
1568299178433384,陀螺仪,,,,,,,,-0.0775,0.0262,0.1142
1568299180925936,加速度计,0.0461,5.7072,8.4527,,,,,,,
1568299190955520,加速度计,0.5195,7.7824,9.0794,,,,,,,
1568299200982134,加速度计,-0.0072,7.9655,7.5609,,,,,,,
1568299198487603,陀螺仪,,,,,,,,-0.0152,0.0638,0.1477
1568299211002707,加速度计,0.6991,6.8013,7.6094,,,,,,,
1568299218526197,陀螺仪,,,,,,,,0.0059,0.0943,0.1589
1568299221021457,加速度计,0.2975,6.4171,5.9490,,,,,,,
1568299231040207,加速度计,0.8583,6.4290,6.6062,,,,,,,
1568299238563697,陀螺仪,,,,,,,,-0.0087,0.0891,0.1137
1568299241058957,加速度计,0.3340,8.0451,3.4321,,,,,,,
1568299251077707,加速度计,-0.1502,6.3794,6.0968,,,,,,,
1568299261096457,加速度计,-0.9852,8.7634,3.1460,,,,,,,
1568299258601197,陀螺仪,,,,,,,,-0.0750,0.0497,0.0702
1568299271116614,加速度计,-0.0132,5.7569,9.8144,,,,,,,
1568299281142603,加速度计,0.1161,6.5888,9.6726,,,,,,,
1568299278643801,陀螺仪,,,,,,,,-0.0718,0.0186,0.0419
1568299291147343,加速度计,-0.3849,5.9155,8.9639,,,,,,,
1568299298654166,陀螺仪,,,,,,,,0.0328,0.0253,0.0188
1568299301152655,加速度计,0.3460,7.2694,4.2347,,,,,,,
1568299311158957,加速度计,0.2538,7.8955,3.8846,,,,,,,
1568299318668905,陀螺仪,,,,,,,,-0.0514,-0.0132,-0.0232
1568299321166666,加速度计,0.5004,7.6082,8.0278,,,,,,,
1568299331176197,加速度计,0.0934,7.8027,10.4429,,,,,,,
1568299338691353,陀螺仪,,,,,,,,-0.0160,-0.0224,-0.0286
1568299341187968,加速度计,0.3490,7.2844,8.5102,,,,,,,
1568299351202239,加速度计,1.3545,6.7475,4.9165,,,,,,,
1568299361219009,加速度计,0.8679,5.8448,6.9438,,,,,,,
1568299358723645,陀螺仪,,,,,,,,-0.0254,-0.0310,-0.0350
1568299371238280,加速度计,0.8936,7.0545,9.2560,,,,,,,
1568299381259895,加速度计,-0.2783,6.7469,8.1367,,,,,,,
1568299378765676,陀螺仪,,,,,,,,0.0123,-0.0369,-0.0623
1568299391283593,加速度计,1.0660,6.9073,4.1025,,,,,,,
1568299398815936,陀螺仪,,,,,,,,-0.0280,-0.0660,-0.0887
1568299401309218,加速度计,0.0168,6.0950,4.1893,,,,,,,
1568299411336353,加速度计,-1.0211,6.0298,6.8187,,,,,,,
1568299421364582,加速度计,-0.2304,7.1377,10.4429,,,,,,,
1568299418871822,陀螺仪,,,,,,,,-0.0690,-0.0980,-0.0730
1568299431393489,加速度计,-0.1107,6.9695,10.2232,,,,,,,
1568299441422655,加速度计,-0.8356,6.8720,6.2806,,,,,,,
1568299438929999,陀螺仪,,,,,,,,0.0209,-0.0683,-0.0160
1568299451449478,加速度计,-0.4483,5.8442,2.8335,,,,,,,
1568299461470832,加速度计,0.2831,5.7994,4.1779,,,,,,,
1568299458975572,陀螺仪,,,,,,,,-0.0449,-0.0691,0.0354
1568299471489582,加速度计,-0.4693,6.6690,8.3312,,,,,,,
1568299479013072,陀螺仪,,,,,,,,-0.0298,-0.0455,0.1210
1568299481508332,加速度计,-0.2125,7.2239,9.9473,,,,,,,
1568299491527082,加速度计,0.7452,7.4154,6.7367,,,,,,,
1568299501545832,加速度计,0.3992,7.8554,4.1647,,,,,,,
1568299499050572,陀螺仪,,,,,,,,-0.0004,0.0154,0.1529
1568299511564582,加速度计,0.0108,6.3386,6.0897,,,,,,,
1568299521583645,加速度计,0.0802,7.5028,7.4879,,,,,,,
1568299519088593,陀螺仪,,,,,,,,-0.0703,0.0245,0.2127
1568299531603176,加速度计,0.3944,7.0186,10.0102,,,,,,,
1568299539123020,陀螺仪,,,,,,,,0.0193,0.0867,0.2770
1568299541619009,加速度计,0.7260,6.5248,9.0142,,,,,,,
1568299551634843,加速度计,0.5974,7.4220,4.1964,,,,,,,
1568299559154686,陀螺仪,,,,,,,,0.0368,0.1136,0.2891
1568299561650676,加速度计,0.1059,7.3556,3.8696,,,,,,,
1568299571666718,加速度计,0.0670,7.2071,7.9817,,,,,,,
1568299581683176,加速度计,0.7811,7.9685,7.3029,,,,,,,
1568299579187395,陀螺仪,,,,,,,,0.0485,0.1277,0.2933
1568299591700051,加速度计,0.5471,8.3659,4.0965,,,,,,,
1568299601717343,加速度计,-0.3023,7.4974,5.7473,,,,,,,
1568299599221770,陀螺仪,,,,,,,,-0.0172,0.1189,0.2714
1568299611735051,加速度计,0.2280,6.5793,13.5320,,,,,,,
1568299619257811,陀螺仪,,,,,,,,0.0863,0.1585,0.2867
1568299621753176,加速度计,0.5201,8.3199,10.9630,,,,,,,
1568299640463635,GPS,,,,31.9428,118.7836,3.0500,74.9000,,,
1568299631775780,加速度计,-0.0431,8.8226,2.0315,,,,,,,
1568299639311353,陀螺仪,,,,,,,,0.0623,0.1696,0.2493
1568299641806093,加速度计,2.0429,7.1838,-2.3242,,,,,,,
1568299651826666,加速度计,1.7974,5.9310,3.8158,,,,,,,
1568299661845364,加速度计,-0.1107,7.1814,13.7379,,,,,,,
1568299659349999,陀螺仪,,,,,,,,-0.1233,0.1278,0.1846
1568299671863697,加速度计,-0.0084,8.0236,14.9093,,,,,,,
1568299679386666,陀螺仪,,,,,,,,0.0874,0.2084,0.2501
1568299681882030,加速度计,1.4868,8.3019,5.8071,,,,,,,
1568299691900364,加速度计,1.7729,5.9801,0.1472,,,,,,,
1568299701918697,加速度计,1.1289,5.9843,2.1255,,,,,,,
1568299699423332,陀螺仪,,,,,,,,-0.0374,0.1959,0.2001
1568299711937030,加速度计,0.1987,6.7487,13.7236,,,,,,,
1568299719459999,陀螺仪,,,,,,,,0.0276,0.1875,0.1715
1568299721955364,加速度计,1.0870,8.0080,13.4806,,,,,,,
1568299731973697,加速度计,1.1558,7.7237,5.7838,,,,,,,
1568299741992030,加速度计,0.9242,6.7086,1.5137,,,,,,,
1568299739496666,陀螺仪,,,,,,,,0.0758,0.2288,0.1336
1568299752010364,加速度计,0.3490,5.0428,5.0176,,,,,,,
1568299762028697,加速度计,0.0443,7.6327,6.0825,,,,,,,
1568299759533332,陀螺仪,,,,,,,,-0.0041,0.1888,0.0968
1568299772049009,加速度计,0.4663,7.1760,9.3859,,,,,,,
1568299779579999,陀螺仪,,,,,,,,-0.0020,0.1691,0.0639
1568299782080572,加速度计,1.0313,7.4561,5.7299,,,,,,,
1568299792078489,加速度计,0.3705,5.6312,6.5942,,,,,,,
1568299802077447,加速度计,0.1628,7.5250,4.7166,,,,,,,
1568299799577395,陀螺仪,,,,,,,,0.0076,0.1811,0.0358
1568299812078072,加速度计,-0.5794,6.3231,8.2582,,,,,,,
1568299822081197,加速度计,0.5956,7.4089,7.3975,,,,,,,
1568299819582395,陀螺仪,,,,,,,,-0.0055,0.1534,0.0284
1568299832087447,加速度计,0.6931,6.3883,6.1453,,,,,,,
1568299842097030,加速度计,0.1885,6.3859,7.4717,,,,,,,
1568299839599895,陀螺仪,,,,,,,,-0.0318,0.1278,-0.0037
1568299852110155,加速度计,-0.6291,6.2860,9.7061,,,,,,,
1568299862127030,加速度计,0.3891,7.1868,9.8462,,,,,,,
1568299859631770,陀螺仪,,,,,,,,0.0286,0.1245,0.0144
1568299872147447,加速度计,1.1869,7.3711,7.9063,,,,,,,
1568299882171197,加速度计,0.5207,7.0324,4.2036,,,,,,,
1568299879677603,陀螺仪,,,,,,,,0.0800,0.1353,-0.0209
1568299892198072,加速度计,0.7368,6.4548,2.0004,,,,,,,
1568299902227655,加速度计,0.1784,7.5956,6.1794,,,,,,,
1568299899735416,陀螺仪,,,,,,,,-0.0617,0.0722,-0.0851
1568299912259322,加速度计,0.1909,6.4691,12.2140,,,,,,,
1568299922292447,加速度计,0.4555,7.0234,12.2661,,,,,,,
1568299919800936,陀螺仪,,,,,,,,-0.0032,0.0651,-0.0879
1568299932326405,加速度计,1.2049,5.8029,6.8366,,,,,,,
1568299942360572,加速度计,1.8938,6.5948,2.6510,,,,,,,
1568299939869166,陀螺仪,,,,,,,,0.0818,0.0876,-0.0889
1568299952387655,加速度计,1.7783,7.3508,4.6352,,,,,,,
1568299959911770,陀螺仪,,,,,,,,-0.0023,0.0521,-0.1886
1568299962407030,加速度计,1.3497,7.8805,8.4575,,,,,,,
1568299972425780,加速度计,0.3831,9.1081,6.2734,,,,,,,
1568299979949270,陀螺仪,,,,,,,,-0.0213,0.0242,-0.2320
1568299982444530,加速度计,0.5740,6.0340,6.0214,,,,,,,
1568299992463072,加速度计,1.1426,5.8161,6.7391,,,,,,,
1568300002481405,加速度计,1.0367,6.7534,7.4621,,,,,,,
1568299999986041,陀螺仪,,,,,,,,0.0089,0.0225,-0.2393
1568300012499739,加速度计,1.2438,8.4036,6.4063,,,,,,,
1568300022520155,加速度计,1.4724,7.0743,7.7039,,,,,,,
1568300020028176,陀螺仪,,,,,,,,-0.0276,-0.0048,-0.2872
1568300032545259,加速度计,0.9685,5.7754,9.8396,,,,,,,
1568300042549218,加速度计,0.9164,7.6124,7.7399,,,,,,,
1568300040050311,陀螺仪,,,,,,,,0.0513,-0.0148,-0.2916
1568300052553801,加速度计,1.6382,7.6387,4.5358,,,,,,,
1568300060061353,陀螺仪,,,,,,,,0.0434,-0.0317,-0.3361
1568300062559634,加速度计,2.2996,7.1287,5.4893,,,,,,,
1568300072567343,加速度计,0.1580,7.1581,5.5306,,,,,,,
1568300082577134,加速度计,0.2089,7.0503,8.4713,,,,,,,
1568300080079895,陀螺仪,,,,,,,,0.0130,-0.0921,-0.3916
1568300092589218,加速度计,0.5357,7.6692,8.9244,,,,,,,
1568300102603801,加速度计,0.3334,7.2299,7.2472,,,,,,,
1568300100107811,陀螺仪,,,,,,,,0.0844,-0.0952,-0.3882
1568300112620884,加速度计,-0.0275,7.3352,2.6594,,,,,,,
1568300120145728,陀螺仪,,,,,,,,0.0241,-0.1399,-0.3980
1568300122640468,加速度计,0.3723,7.1844,3.6362,,,,,,,
1568300132662551,加速度计,-0.4304,6.8097,9.1919,,,,,,,
1568300140193332,陀螺仪,,,,,,,,0.0602,-0.1399,-0.3434
1568300142686926,加速度计,-0.2909,7.0707,10.2244,,,,,,,
1568300152713176,加速度计,0.3460,9.3907,4.0540,,,,,,,
1568300162740884,加速度计,0.4322,7.6896,1.5329,,,,,,,
1568300160248020,陀螺仪,,,,,,,,0.0229,-0.1296,-0.2852
1568300172769634,加速度计,0.0305,6.4655,7.4382,,,,,,,
1568300182799009,加速度计,-0.0275,6.3716,13.9690,,,,,,,
1568300180306457,陀螺仪,,,,,,,,-0.0083,-0.1164,-0.2048
1568300192828593,加速度计,-0.0850,8.0074,7.5028,,,,,,,
1568300200359999,陀螺仪,,,,,,,,0.0979,-0.0322,-0.0864
1568300202854426,加速度计,0.0640,8.5114,1.3282,,,,,,,
1568300212874843,加速度计,0.3621,6.7882,3.2082,,,,,,,
1568300220398332,陀螺仪,,,,,,,,-0.0633,-0.0531,-0.0607
1568300222893593,加速度计,-0.4178,6.8450,8.9244,,,,,,,
1568300232912343,加速度计,-1.4114,8.0822,12.6887,,,,,,,
1568300242931093,加速度计,-0.6841,8.8023,8.2055,,,,,,,
1568300240435832,陀螺仪,,,,,,,,0.0707,0.0138,0.0411
1568300252949843,加速度计,0.1784,6.0747,3.7930,,,,,,,
1568300262968593,加速度计,-0.3657,6.0274,3.2836,,,,,,,
1568300260473332,陀螺仪,,,,,,,,0.0290,0.0282,0.0889
1568300272988176,加速度计,-0.1610,8.1229,7.1742,,,,,,,
1568300283007291,加速度计,-0.2885,7.3119,8.4354,,,,,,,
1568300280511093,陀螺仪,,,,,,,,0.0200,0.0489,0.1073
1568300293022291,加速度计,-1.0552,8.2079,5.0751,,,,,,,
1568300300541093,陀螺仪,,,,,,,,-0.0055,0.0491,0.1602
1568300303037291,加速度计,-1.1121,6.9977,6.4488,,,,,,,
1568300313052551,加速度计,-0.5028,6.9863,9.8569,,,,,,,
1568300323068228,加速度计,-0.6913,7.1329,9.4816,,,,,,,
1568300320572239,陀螺仪,,,,,,,,0.0382,0.0743,0.1860
1568300333084322,加速度计,-0.1526,9.1830,2.2266,,,,,,,
1568300340605051,陀螺仪,,,,,,,,-0.0166,0.0752,0.1723
1568300343100832,加速度计,0.0186,5.5857,2.6456,,,,,,,
1568300353117759,加速度计,-0.6835,4.6471,7.1473,,,,,,,
1568300360639895,陀螺仪,,,,,,,,-0.0405,0.0594,0.1760
1568300363135364,加速度计,-0.2119,7.1018,12.7563,,,,,,,
1568300373153801,加速度计,-0.1053,9.5666,9.1818,,,,,,,
1568300383173072,加速度计,-0.4609,7.1898,5.3720,,,,,,,
1568300380678020,陀螺仪,,,,,,,,0.0503,0.0878,0.1511
1568300393192916,加速度计,-0.1879,6.1411,4.6029,,,,,,,
1568300400718332,陀螺仪,,,,,,,,0.0065,0.0242,0.0984
1568300403213176,加速度计,-0.3909,5.5947,7.5238,,,,,,,
1568300413233853,加速度计,0.3609,7.7165,7.2113,,,,,,,
1568300423254947,加速度计,0.0257,7.8829,7.5100,,,,,,,
1568300420760311,陀螺仪,,,,,,,,0.0316,0.0048,0.0330
1568300433276197,加速度计,-0.2891,6.3273,9.4535,,,,,,,
1568300443297447,加速度计,-0.3513,5.9095,8.3151,,,,,,,
1568300440802811,陀螺仪,,,,,,,,0.0726,-0.0162,0.0024
1568300453318697,加速度计,0.8446,7.2461,6.2489,,,,,,,
1568300463339947,加速度计,0.2939,8.0128,5.2158,,,,,,,
1568300460845311,陀螺仪,,,,,,,,0.0847,-0.0411,-0.0395
1568300473360936,加速度计,0.0162,6.6679,6.9797,,,,,,,
1568300480885207,陀螺仪,,,,,,,,0.0542,-0.0674,-0.0740
1568300483380468,加速度计,0.5165,6.6146,6.1172,,,,,,,
1568300493399218,加速度计,0.1676,7.0701,5.1757,,,,,,,
1568300500922707,陀螺仪,,,,,,,,0.0020,-0.0961,-0.1013
1568300503417968,加速度计,0.4172,5.9837,7.5830,,,,,,,
1568300513436718,加速度计,0.6033,7.2598,7.4933,,,,,,,
1568300523459114,加速度计,0.3837,7.3777,5.8323,,,,,,,
1568300520975364,陀螺仪,,,,,,,,0.0160,-0.1004,-0.1333
1568300533483593,加速度计,0.2047,7.4472,4.7453,,,,,,,
1568300543477864,加速度计,0.2083,6.3943,7.3538,,,,,,,
1568300540976561,陀螺仪,,,,,,,,-0.0320,-0.1161,-0.1232
1568300553473489,加速度计,1.1001,5.8838,10.1885,,,,,,,
1568300563471301,加速度计,0.7949,8.0152,7.9338,,,,,,,
1568300560971041,陀螺仪,,,,,,,,0.0413,-0.0991,-0.1121
1568300573472134,加速度计,0.5818,7.4005,6.8738,,,,,,,
1568300583476561,加速度计,0.9164,6.9252,4.2581,,,,,,,
1568300580978072,陀螺仪,,,,,,,,0.0333,-0.0943,-0.1047
1568300593484999,加速度计,0.4196,7.9691,4.2120,,,,,,,
1568300603497603,加速度计,0.0192,8.2115,5.5109,,,,,,,
1568300601001197,陀螺仪,,,,,,,,-0.0282,-0.0827,-0.0535
1568300613514374,加速度计,0.1538,6.6397,9.0668,,,,,,,
1568300621040989,陀螺仪,,,,,,,,-0.0069,-0.0354,0.0016
1568300623535311,加速度计,0.4854,6.7062,8.1098,,,,,,,
1568300640939572,GPS,,,,31.9428,118.7836,2.4200,71.8000,,,
1568300633573280,加速度计,-0.0245,6.1902,7.2048,,,,,,,
1568300643625989,加速度计,-0.7290,7.1126,4.6088,,,,,,,
1568300641139374,陀螺仪,,,,,,,,0.0208,-0.0166,0.0699
1568300653677759,加速度计,0.1293,8.0726,6.6834,,,,,,,
1568300663717759,加速度计,-0.0389,8.7550,8.4210,,,,,,,
1568300661222499,陀螺仪,,,,,,,,0.0044,0.0093,0.0956
1568300673736509,加速度计,-0.9589,7.3251,10.6398,,,,,,,
1568300683755155,加速度计,0.8888,7.8979,5.0589,,,,,,,
1568300681259791,陀螺仪,,,,,,,,0.0629,0.0278,0.1270
1568300693773489,加速度计,0.6285,7.4202,1.6963,,,,,,,
1568300703791822,加速度计,0.2424,6.4518,2.6887,,,,,,,
1568300701296457,陀螺仪,,,,,,,,-0.0415,0.0170,0.0921
1568300713810155,加速度计,0.2340,6.7780,8.3755,,,,,,,
1568300723828489,加速度计,0.5303,7.8141,10.3280,,,,,,,
1568300721333124,陀螺仪,,,,,,,,-0.0525,0.0208,0.1037
1568300733846822,加速度计,1.2073,8.6299,8.0050,,,,,,,
1568300743865155,加速度计,0.4459,6.6248,5.5982,,,,,,,
1568300741369791,陀螺仪,,,,,,,,-0.0198,0.0449,0.0703
1568300753883489,加速度计,1.2558,6.0340,4.5795,,,,,,,
1568300763901822,加速度计,0.8212,6.8372,7.6794,,,,,,,
1568300761406457,陀螺仪,,,,,,,,-0.0842,0.0228,0.0455
1568300773922864,加速度计,1.2821,6.6732,9.4691,,,,,,,
1568300781448645,陀螺仪,,,,,,,,-0.0166,0.0421,0.0084
1568300783947239,加速度计,2.0494,6.9420,7.5765,,,,,,,
1568300793952916,加速度计,1.9902,7.2927,4.4023,,,,,,,
1568300801460989,陀螺仪,,,,,,,,-0.0378,0.0457,-0.0663
1568300803959270,加速度计,0.7057,6.9091,4.1737,,,,,,,
1568300813966718,加速度计,0.5411,7.7746,6.7816,,,,,,,
1568300823975676,加速度计,1.3749,7.0976,9.4703,,,,,,,
1568300821478124,陀螺仪,,,,,,,,-0.0671,0.0111,-0.0891
1568300833986561,加速度计,1.6634,7.1940,8.5838,,,,,,,
1568300841503020,陀螺仪,,,,,,,,0.0072,0.0064,-0.1447
1568300843999530,加速度计,0.8314,8.4701,5.1811,,,,,,,
1568300854014582,加速度计,1.0415,6.7798,4.5969,,,,,,,
1568300861536614,陀螺仪,,,,,,,,-0.0479,-0.0236,-0.1993
1568300864031978,加速度计,1.4443,6.3159,7.5172,,,,,,,
1568300874051614,加速度计,0.2981,6.8127,7.5316,,,,,,,
1568300881579009,陀螺仪,,,,,,,,-0.0209,-0.0278,-0.2109
1568300884073332,加速度计,0.4639,6.7600,6.5870,,,,,,,
1568300894096874,加速度计,0.8781,6.8325,4.8243,,,,,,,
1568300901628593,陀螺仪,,,,,,,,-0.0383,-0.0430,-0.2109
1568300904122082,加速度计,0.2185,5.9304,6.0555,,,,,,,
1568300914148697,加速度计,0.1287,6.5571,6.3572,,,,,,,
1568300921683332,陀螺仪,,,,,,,,-0.0441,-0.0719,-0.2015
1568300924176301,加速度计,0.3268,7.0886,8.5395,,,,,,,
1568300934204478,加速度计,0.4238,6.7092,9.5738,,,,,,,
1568300944232811,加速度计,0.1395,7.2844,9.4403,,,,,,,
1568300941739947,陀螺仪,,,,,,,,0.0188,-0.0603,-0.1800
1568300954258541,加速度计,0.5968,8.0685,4.6717,,,,,,,
1568300961784061,陀螺仪,,,,,,,,-0.0146,-0.0538,-0.1775
1568300964279322,加速度计,0.3669,6.8744,3.3932,,,,,,,
1568300974298072,加速度计,-0.6776,6.3698,5.6324,,,,,,,
1568300984316822,加速度计,-0.9834,4.8105,10.8475,,,,,,,
1568300981821561,陀螺仪,,,,,,,,-0.0834,-0.0895,-0.1380
1568300994335572,加速度计,0.2161,6.5080,8.0559,,,,,,,
1568301004354322,加速度计,0.0910,7.4490,5.7449,,,,,,,
1568301001859061,陀螺仪,,,,,,,,0.0222,-0.0506,-0.0699
1568301014373072,加速度计,0.0676,7.7369,3.5877,,,,,,,
1568301024393124,加速度计,-0.2945,6.0903,6.5248,,,,,,,
1568301021901770,陀螺仪,,,,,,,,-0.0494,-0.0441,-0.0662
1568301034411718,加速度计,-0.4585,7.2562,7.4430,,,,,,,
1568301041928436,陀螺仪,,,,,,,,-0.0513,-0.0348,0.0104
1568301044425051,加速度计,-0.0084,7.4549,8.2869,,,,,,,
1568301054438697,加速度计,0.4262,7.4178,6.8354,,,,,,,
1568301061956353,陀螺仪,,,,,,,,-0.0288,0.0262,0.0631
1568301064452759,加速度计,-0.3136,6.5799,5.0356,,,,,,,
1568301074467239,加速度计,-0.2466,6.0693,7.3281,,,,,,,
1568301081986353,陀螺仪,,,,,,,,-0.0377,0.0449,0.1209
1568301084482447,加速度计,0.2089,6.7732,9.4864,,,,,,,
1568301094498489,加速度计,0.3412,7.4136,8.5539,,,,,,,
1568301102019686,陀螺仪,,,,,,,,0.0250,0.0848,0.1373
1568301104515364,加速度计,0.3430,7.9027,6.4823,,,,,,,
1568301114533072,加速度计,0.0958,6.9665,6.0980,,,,,,,
1568301122056353,陀螺仪,,,,,,,,-0.0032,0.0782,0.1265
1568301124551614,加速度计,-0.0060,6.9623,4.0396,,,,,,,
1568301134570989,加速度计,0.6794,7.9314,3.6368,,,,,,,
1568301144591197,加速度计,-0.0730,6.9809,9.7097,,,,,,,
1568301142096353,陀螺仪,,,,,,,,-0.0870,0.0368,0.0635
1568301154613645,加速度计,-0.0245,6.6463,11.4970,,,,,,,
1568301164651666,加速度计,0.0096,8.7676,6.7726,,,,,,,
1568301174672707,加速度计,0.8422,7.5340,1.4850,,,,,,,
1568301162158697,陀螺仪,,,,,,,,0.0482,0.0601,0.0483
1568301184691457,加速度计,0.5567,6.2261,3.4782,,,,,,,
1568301182196197,陀螺仪,,,,,,,,-0.0407,0.0266,-0.0036
1568301194710207,加速度计,-0.2322,6.1908,8.6939,,,,,,,
1568301204728957,加速度计,-0.3950,8.6520,10.1897,,,,,,,
1568301202233697,陀螺仪,,,,,,,,-0.0226,-0.0121,-0.0288
1568301214747707,加速度计,0.0275,7.5465,9.3673,,,,,,,
1568301224766093,加速度计,0.7326,8.2187,4.4460,,,,,,,
1568301222270728,陀螺仪,,,,,,,,0.0594,-0.0073,-0.0459
1568301234784426,加速度计,0.5944,8.0643,1.8890,,,,,,,
1568301244802759,加速度计,-0.2370,7.5950,7.2030,,,,,,,
1568301242307395,陀螺仪,,,,,,,,-0.0710,-0.0595,-0.0949
1568301254821093,加速度计,-0.4256,6.7343,11.2240,,,,,,,
1568301264881978,加速度计,0.1119,7.1988,6.2447,,,,,,,
1568301262405207,陀螺仪,,,,,,,,0.0373,-0.0281,-0.0557
1568301274981822,加速度计,0.6973,7.8506,1.7897,,,,,,,
1568301282383176,陀螺仪,,,,,,,,-0.0374,-0.0380,-0.0554
1568301284914791,加速度计,0.0090,6.3835,5.4845,,,,,,,
1568301294792186,加速度计,0.2239,6.0322,11.0127,,,,,,,
1568301304679061,加速度计,-0.3795,8.0936,9.9874,,,,,,,
1568301302151509,陀螺仪,,,,,,,,0.0345,-0.0164,-0.0366
1568301314580520,加速度计,-0.4585,8.7759,3.5273,,,,,,,
1568301324500624,加速度计,-0.0431,6.1357,3.0915,,,,,,,
1568301321981926,陀螺仪,,,,,,,,0.0045,-0.0210,0.0029
1568301334442499,加速度计,0.1820,6.3153,4.4377,,,,,,,
1568301344408436,加速度计,-0.2125,7.0192,8.5904,,,,,,,
1568301341901509,陀螺仪,,,,,,,,-0.0672,-0.0417,-0.0158
1568301354399582,加速度计,-0.6393,7.6160,9.8342,,,,,,,
1568301364416145,加速度计,-0.2873,6.9821,7.8739,,,,,,,
1568301361921926,陀螺仪,,,,,,,,-0.0009,-0.0217,-0.0000
1568301374457186,加速度计,0.1395,7.0737,7.0390,,,,,,,
1568301384520832,加速度计,-0.2921,6.8642,6.3931,,,,,,,
1568301382038176,陀螺仪,,,,,,,,0.0116,-0.0301,0.0103
1568301394604374,加速度计,0.5608,7.2443,4.9518,,,,,,,
1568301402230259,陀螺仪,,,,,,,,-0.0248,-0.0405,-0.0305
1568301404704270,加速度计,0.5142,7.1796,5.9185,,,,,,,
1568301414816770,加速度计,-0.3926,6.3638,8.4527,,,,,,,
1568301422468176,陀螺仪,,,,,,,,0.0146,-0.0403,-0.0442
1568301424937499,加速度计,0.4202,6.2830,7.2610,,,,,,,
1568301435062186,加速度计,0.8015,8.0284,4.9344,,,,,,,
1568301445160416,加速度计,0.2795,8.4994,6.4584,,,,,,,
1568301442682759,陀螺仪,,,,,,,,-0.0434,-0.0663,-0.0687
1568301455196770,加速度计,0.1299,5.9831,9.3374,,,,,,,
1568301465215520,加速度计,0.3298,6.8450,6.7062,,,,,,,
1568301462720259,陀螺仪,,,,,,,,-0.0011,-0.0614,-0.0742
1568301475234270,加速度计,0.5076,7.2365,7.8841,,,,,,,
1568301482757759,陀螺仪,,,,,,,,0.0221,-0.0682,-0.0787
1568301485253020,加速度计,-0.0030,6.6248,8.1349,,,,,,,
1568301495271770,加速度计,0.0341,7.9027,3.8199,,,,,,,
1568301502795259,陀螺仪,,,,,,,,-0.0136,-0.0852,-0.0927
1568301505290520,加速度计,0.0144,7.3861,2.8329,,,,,,,
1568301515313332,加速度计,-0.3633,6.2010,7.1497,,,,,,,
1568301525403436,加速度计,-0.7727,5.9137,9.2644,,,,,,,
1568301522908176,陀螺仪,,,,,,,,-0.0672,-0.1017,-0.0696
1568301535357499,加速度计,-0.3579,7.4717,6.5457,,,,,,,
1568301545292916,加速度计,0.1077,6.6619,5.8550,,,,,,,
1568301542777707,陀螺仪,,,,,,,,-0.0549,-0.0947,-0.0213
1568301555234218,加速度计,-0.3735,5.6647,9.8150,,,,,,,
1568301565184322,加速度计,-0.6309,5.4109,11.5239,,,,,,,
1568301562673645,陀螺仪,,,,,,,,-0.0192,-0.0766,0.0142
1568301575145780,加速度计,-0.4262,8.4683,6.5918,,,,,,,
1568301585120364,加速度计,0.3454,6.7481,5.2846,,,,,,,
1568301582616301,陀螺仪,,,,,,,,0.0264,-0.0664,0.0655
1568301595109374,加速度计,0.1496,6.2608,5.1769,,,,,,,
1568301605113332,加速度计,-0.6668,6.4500,7.4274,,,,,,,
1568301602616718,陀螺仪,,,,,,,,-0.0121,-0.0449,0.0819
1568301615132291,加速度计,-0.1347,7.5585,7.5974,,,,,,,
1568301625172759,加速度计,0.3106,6.9402,7.7261,,,,,,,
1568301640256864,GPS,,,,31.9428,118.7837,3.4500,74.6000,,,
1568301622702707,陀螺仪,,,,,,,,0.0052,-0.0261,0.1443
1568301635295780,加速度计,0.1401,7.8997,6.2249,,,,,,,
1568301645423957,加速度计,0.0204,6.9204,7.5130,,,,,,,
1568301642956197,陀螺仪,,,,,,,,0.0182,0.0099,0.1574
1568301655552707,加速度计,-0.2436,7.9446,6.0675,,,,,,,
1568301665589582,加速度计,-0.2670,7.4238,4.2605,,,,,,,
1568301663094947,陀螺仪,,,,,,,,-0.0023,0.0200,0.1855
1568301675608957,加速度计,0.3346,6.7427,5.7317,,,,,,,
1568301685627707,加速度计,0.0215,6.1926,9.1806,,,,,,,
1568301683132447,陀螺仪,,,,,,,,-0.0648,0.0052,0.1730
1568301695646457,加速度计,-0.3328,6.6679,11.3820,,,,,,,
1568301705665207,加速度计,-0.2364,8.1834,6.0903,,,,,,,
1568301703169947,陀螺仪,,,,,,,,0.0656,0.0350,0.1648
1568301715683957,加速度计,0.2670,7.7297,3.9008,,,,,,,
1568301725702707,加速度计,0.4345,6.3740,4.8872,,,,,,,
1568301723207447,陀螺仪,,,,,,,,0.0162,0.0049,0.1374
1568301735721457,加速度计,0.1323,6.7121,6.5260,,,,,,,
1568301745740207,加速度计,0.8882,7.8350,5.6533,,,,,,,
1568301743245051,陀螺仪,,,,,,,,-0.0087,0.0056,0.1089
1568301755759686,加速度计,0.9134,7.3137,7.6860,,,,,,,
1568301763282395,陀螺仪,,,,,,,,-0.0306,0.0088,0.0882
1568301765778697,加速度计,0.0658,6.8947,7.6866,,,,,,,
1568301775793280,加速度计,0.7961,7.8195,6.3644,,,,,,,
1568301785807864,加速度计,1.2971,6.9701,8.4491,,,,,,,
1568301783311561,陀螺仪,,,,,,,,-0.0238,0.0075,0.0563
1568301795822759,加速度计,0.3029,6.5625,10.2747,,,,,,,
1568301805838072,加速度计,0.4363,6.2758,8.5515,,,,,,,
1568301803341978,陀螺仪,,,,,,,,0.0397,0.0069,0.0369
1568301815853801,加速度计,1.6472,7.9984,5.6048,,,,,,,
1568301825870259,加速度计,0.8464,6.5320,6.8211,,,,,,,
1568301823374478,陀螺仪,,,,,,,,0.0633,-0.0120,0.0077
1568301835887551,加速度计,1.2204,7.2652,5.8448,,,,,,,
1568301845905676,加速度计,1.4599,7.8919,5.0715,,,,,,,
1568301843410311,陀螺仪,,,,,,,,0.0531,-0.0067,-0.0458
1568301855924634,加速度计,1.3868,8.5473,2.9341,,,,,,,
1568301865944426,加速度计,0.3944,5.6838,6.5122,,,,,,,
1568301863449478,陀螺仪,,,,,,,,-0.0712,-0.0262,-0.0822
1568301875976093,加速度计,0.9301,6.3195,8.7622,,,,,,,
1568301886001978,加速度计,0.5459,7.4388,9.6810,,,,,,,
1568301883506822,陀螺仪,,,,,,,,-0.0402,-0.0218,-0.0553
1568301896020832,加速度计,1.3659,7.7171,6.9773,,,,,,,
1568301906039582,加速度计,1.3838,6.8504,6.2596,,,,,,,
1568301903544322,陀螺仪,,,,,,,,0.0162,-0.0007,-0.0694
1568301916058332,加速度计,0.6847,6.9348,6.9887,,,,,,,
1568301926077082,加速度计,0.8882,7.5543,8.0146,,,,,,,
1568301923581822,陀螺仪,,,,,,,,0.0153,-0.0067,-0.0734
1568301936095832,加速度计,0.5525,7.7512,5.1852,,,,,,,
1568301946114582,加速度计,0.9924,6.9073,3.4943,,,,,,,
1568301943619322,陀螺仪,,,,,,,,0.0067,0.0063,-0.0623
1568301956133332,加速度计,0.4860,5.5126,4.9416,,,,,,,
1568301966152082,加速度计,0.0198,6.3111,7.1449,,,,,,,
1568301963656822,陀螺仪,,,,,,,,-0.0422,0.0099,-0.0398
1568301976170832,加速度计,-0.1233,7.8458,9.2464,,,,,,,
1568301986189582,加速度计,1.4946,8.1954,7.2125,,,,,,,
1568301983694322,陀螺仪,,,,,,,,-0.0043,0.0256,0.0065
1568301996208332,加速度计,1.0139,6.4811,8.4569,,,,,,,
1568302006227082,加速度计,0.1718,6.8115,6.4117,,,,,,,
1568302003731822,陀螺仪,,,,,,,,0.0136,0.0587,-0.0020
1568302016245832,加速度计,0.3921,6.3333,7.0144,,,,,,,
1568302026264582,加速度计,0.1395,6.8522,7.3538,,,,,,,
1568302023769322,陀螺仪,,,,,,,,0.0103,0.0634,0.0298
1568302036283332,加速度计,0.2286,6.5984,8.5102,,,,,,,
1568302046302082,加速度计,0.3938,6.9827,3.9193,,,,,,,
1568302043806770,陀螺仪,,,,,,,,0.0551,0.0870,0.0361
1568302056320468,加速度计,0.2741,6.4925,3.8014,,,,,,,
1568302066338801,加速度计,-0.0563,6.9097,9.2638,,,,,,,
1568302063843436,陀螺仪,,,,,,,,-0.0293,0.0535,0.0148
1568302076357134,加速度计,-0.1873,6.3357,10.8529,,,,,,,
1568302086375468,加速度计,0.8464,9.6397,3.8732,,,,,,,
1568302083880103,陀螺仪,,,,,,,,0.0329,0.0792,0.0324
1568302096393801,加速度计,0.6201,6.3782,5.7892,,,,,,,
1568302106412134,加速度计,-0.0443,5.2750,8.9166,,,,,,,
1568302103916770,陀螺仪,,,,,,,,-0.0679,0.0694,-0.0012
1568302116430468,加速度计,-0.5261,6.6092,8.9100,,,,,,,
1568302126454374,加速度计,0.5345,7.9835,5.5809,,,,,,,
1568302123958489,陀螺仪,,,,,,,,-0.0079,0.0691,0.0268
1568302136470624,加速度计,0.9583,6.2243,6.7295,,,,,,,
1568302146486874,加速度计,0.2837,5.2732,7.4579,,,,,,,
1568302143990989,陀螺仪,,,,,,,,-0.0277,0.0631,-0.0261
1568302156503124,加速度计,-0.2274,6.4081,9.0650,,,,,,,
1568302166519374,加速度计,0.4130,8.8903,7.1593,,,,,,,
1568302164023489,陀螺仪,,,,,,,,0.0481,0.0586,-0.0234
1568302176535624,加速度计,1.2312,7.8470,6.0944,,,,,,,
1568302186552291,加速度计,0.7147,6.6194,4.5101,,,,,,,
1568302184056614,陀螺仪,,,,,,,,0.0305,0.0575,-0.0667
1568302196569374,加速度计,0.8272,7.5633,4.4736,,,,,,,
1568302206586874,加速度计,-0.0628,6.9510,9.4164,,,,,,,
1568302204091405,陀螺仪,,,,,,,,-0.0411,0.0117,-0.1047
1568302216604791,加速度计,-0.1802,7.0072,8.5072,,,,,,,
1568302226623124,加速度计,0.2759,8.1421,4.7704,,,,,,,
1568302224127864,陀螺仪,,,,,,,,0.0039,0.0033,-0.1037
1568302236641874,加速度计,0.8888,5.7419,6.8319,,,,,,,
1568302246661041,加速度计,0.1568,6.4584,7.5280,,,,,,,
1568302244165989,陀螺仪,,,,,,,,0.0168,-0.0044,-0.1525
1568302256680624,加速度计,-0.6207,7.7315,4.5412,,,,,,,
1568302266700624,加速度计,0.7877,8.2127,4.0193,,,,,,,
1568302264205780,陀螺仪,,,,,,,,-0.0152,-0.0425,-0.1593
1568302276721041,加速度计,0.4764,6.6289,10.3902,,,,,,,
1568302286741457,加速度计,-0.0886,7.5363,10.1059,,,,,,,
1568302284246614,陀螺仪,,,,,,,,-0.0035,-0.0566,-0.1666
1568302296761874,加速度计,0.2975,8.0152,6.8750,,,,,,,
1568302306782291,加速度计,0.4369,7.4484,2.3613,,,,,,,
1568302304287447,陀螺仪,,,,,,,,0.0222,-0.0533,-0.1658
1568302316802707,加速度计,0.8685,6.3871,3.5632,,,,,,,
1568302326823124,加速度计,-0.8272,7.0222,9.2721,,,,,,,
1568302324328280,陀螺仪,,,,,,,,-0.0828,-0.0968,-0.2008
1568302336843541,加速度计,-0.4705,7.1928,13.5482,,,,,,,
1568302346863957,加速度计,-0.3873,8.6754,6.7163,,,,,,,
1568302344368697,陀螺仪,,,,,,,,0.0651,-0.0562,-0.1498
1568302356882707,加速度计,0.0886,6.2926,1.8788,,,,,,,
1568302366901457,加速度计,0.8811,8.0337,0.9667,,,,,,,
1568302364407968,陀螺仪,,,,,,,,-0.0389,-0.0818,-0.1282
1568302376948332,加速度计,-0.5327,5.0787,11.0468,,,,,,,
1568302386938749,加速度计,-0.4196,7.4591,11.1833,,,,,,,
1568302384436614,陀螺仪,,,,,,,,-0.0377,-0.0799,-0.1005
1568302396929999,加速度计,0.0742,8.0655,8.8059,,,,,,,
1568302406923332,加速度计,0.8368,7.3233,6.5116,,,,,,,
1568302404422447,陀螺仪,,,,,,,,0.0433,-0.0418,-0.0198
1568302416919582,加速度计,0.2915,5.2643,1.8759,,,,,,,
1568302426919582,加速度计,0.1646,7.4717,3.9331,,,,,,,
1568302424420676,陀螺仪,,,,,,,,-0.0245,-0.0547,-0.0551
1568302436923749,加速度计,-0.6812,6.7020,13.2549,,,,,,,
1568302446932499,加速度计,-0.7649,6.8253,12.0548,,,,,,,
1568302444435989,陀螺仪,,,,,,,,0.0332,-0.0538,-0.0357
1568302456946249,加速度计,-0.2245,9.5487,2.2009,,,,,,,
1568302466964999,加速度计,-0.2131,7.0868,2.2278,,,,,,,
1568302464470884,陀螺仪,,,,,,,,0.0080,-0.0750,-0.0334
1568302476988332,加速度计,0.0359,3.9660,8.4078,,,,,,,
1568302487016249,加速度计,0.3160,7.7853,7.7105,,,,,,,
1568302484524218,陀螺仪,,,,,,,,0.0196,-0.0783,-0.0541
1568302497047916,加速度计,0.8930,8.9280,4.7303,,,,,,,
1568302507082916,加速度计,0.2813,5.5252,7.9110,,,,,,,
1568302504592343,陀螺仪,,,,,,,,-0.0138,-0.0786,-0.0503
1568302517120416,加速度计,0.4824,7.6309,7.3514,,,,,,,
1568302527159582,加速度计,0.1814,7.8871,6.4242,,,,,,,
1568302524669634,陀螺仪,,,,,,,,0.0304,-0.0535,-0.0385
1568302537199582,加速度计,0.1197,7.8284,5.9251,,,,,,,
1568302547238332,加速度计,-0.0293,6.4500,4.4987,,,,,,,
1568302544743072,陀螺仪,,,,,,,,0.0103,-0.0703,-0.0405
1568302557257082,加速度计,-0.4369,6.7929,5.0045,,,,,,,
1568302567275832,加速度计,-1.1714,7.6680,7.3664,,,,,,,
1568302564780572,陀螺仪,,,,,,,,-0.0369,-0.0940,-0.0449
1568302577294582,加速度计,-1.5060,7.8644,9.1441,,,,,,,
1568302587313332,加速度计,-0.2209,5.7257,9.3057,,,,,,,
1568302584818072,陀螺仪,,,,,,,,-0.0168,-0.1108,-0.0044
1568302597332082,加速度计,0.0239,6.1190,5.7006,,,,,,,
1568302607350832,加速度计,-0.5213,6.1926,5.3858,,,,,,,
1568302604855572,陀螺仪,,,,,,,,0.0064,-0.1125,0.0089
1568302617369582,加速度计,0.1891,7.5573,7.9709,,,,,,,
1568302627404843,加速度计,-0.5944,7.0222,8.2438,,,,,,,
1568302637285196,GPS,,,,31.9428,118.7837,3.4800,75.3000,,,
1568302624905416,陀螺仪,,,,,,,,0.0005,-0.0832,0.0352
1568302637406926,加速度计,-0.2646,6.6044,6.3452,,,,,,,
1568302647409426,加速度计,0.1125,5.7359,8.2378,,,,,,,
1568302644910416,陀螺仪,,,,,,,,-0.0127,-0.0739,0.1061
1568302657413176,加速度计,0.3496,6.2327,7.7794,,,,,,,
1568302667418593,加速度计,-0.1550,7.0192,7.2874,,,,,,,
1568302675667124,GPS,,,,31.9428,118.7837,3.4800,75.3000,,,
1568302664920520,陀螺仪,,,,,,,,0.0292,-0.0185,0.1449
1568302677426093,加速度计,0.5315,8.0391,4.8004,,,,,,,
1568302687436093,加速度计,0.2957,6.0376,8.7640,,,,,,,
1568302684939374,陀螺仪,,,,,,,,-0.0489,-0.0104,0.1770
1568302697449009,加速度计,-0.7727,5.9484,10.4788,,,,,,,
1568302707464843,加速度计,0.9948,7.4681,6.5021,,,,,,,
1568302704969582,陀螺仪,,,,,,,,0.0527,0.0442,0.2220
1568302717483593,加速度计,0.2490,8.0050,2.6252,,,,,,,
1568302727505259,加速度计,0.8733,8.0948,5.0296,,,,,,,
1568302725011353,陀螺仪,,,,,,,,-0.0314,0.0463,0.2209
1568302737529426,加速度计,-0.3035,6.0705,9.4679,,,,,,,
1568302747555676,加速度计,0.0988,7.6249,7.0084,,,,,,,
1568302745062707,陀螺仪,,,,,,,,-0.0221,0.0658,0.2043
1568302757583593,加速度计,0.1401,7.0617,4.9051,,,,,,,
1568302767612759,加速度计,0.5207,6.4296,8.0738,,,,,,,
1568302765120311,陀螺仪,,,,,,,,-0.0601,0.0422,0.1957
1568302777642759,加速度计,0.2532,7.2012,9.8809,,,,,,,
1568302787673176,加速度计,0.3998,7.8051,9.6247,,,,,,,
1568302785180832,陀螺仪,,,,,,,,0.0218,0.0463,0.1517
1568302797703593,加速度计,1.0756,8.3510,5.9837,,,,,,,
1568302807725676,加速度计,0.3346,7.0803,3.1735,,,,,,,
1568302805230416,陀螺仪,,,,,,,,0.0502,0.0441,0.1056
1568302817744426,加速度计,0.7643,6.4703,3.6051,,,,,,,
1568302827763176,加速度计,0.3238,5.9370,6.7846,,,,,,,
1568302825267916,陀螺仪,,,,,,,,-0.0457,0.0132,0.0377
1568302837781926,加速度计,0.1598,6.2201,8.7095,,,,,,,
1568302847800676,加速度计,0.6255,7.3125,7.4226,,,,,,,
1568302845305416,陀螺仪,,,,,,,,0.0116,-0.0005,0.0399
1568302857819426,加速度计,1.0289,7.8147,4.0235,,,,,,,
1568302867838176,加速度计,1.0181,6.7481,6.2225,,,,,,,
1568302865343541,陀螺仪,,,,,,,,-0.0308,-0.0092,-0.0286
1568302877861718,加速度计,0.1724,7.0671,7.7686,,,,,,,
1568302887874634,加速度计,-0.6387,6.1100,9.5397,,,,,,,
1568302885377916,陀螺仪,,,,,,,,-0.0383,-0.0145,-0.0189
1568302897887603,加速度计,1.7765,7.7512,6.8013,,,,,,,
1568302905404478,陀螺仪,,,,,,,,-0.0164,-0.0226,-0.0257
1568302907900989,加速度计,0.7183,6.1776,6.8881,,,,,,,
1568302917914843,加速度计,0.5704,6.8061,7.2568,,,,,,,
1568302927929530,加速度计,1.0582,7.5950,7.9954,,,,,,,
1568302925433436,陀螺仪,,,,,,,,0.0169,-0.0244,-0.0533
1568302937945051,加速度计,1.3659,7.8374,6.4745,,,,,,,
1568302947961405,加速度计,0.9613,7.0886,6.2776,,,,,,,
1568302945465728,陀螺仪,,,,,,,,0.0119,-0.0385,-0.0858
1568302957978593,加速度计,0.5501,7.2173,5.5432,,,,,,,
1568302965501353,陀螺仪,,,,,,,,0.0035,-0.0485,-0.1041
1568302967996614,加速度计,0.0856,6.8241,7.7237,,,,,,,
1568302978015468,加速度计,0.7763,8.1038,4.4700,,,,,,,
1568302988035155,加速度计,0.9307,7.2850,4.2970,,,,,,,
1568302985540311,陀螺仪,,,,,,,,-0.0377,-0.0670,-0.1019
1568302998055676,加速度计,0.1652,6.3907,7.0330,,,,,,,
1568303005582603,陀螺仪,,,,,,,,-0.0557,-0.0621,-0.0846
1568303008077030,加速度计,0.5040,6.2938,8.9717,,,,,,,
1568303018099166,加速度计,0.2993,7.8470,6.7906,,,,,,,
1568303028121718,加速度计,1.1977,6.7702,6.9959,,,,,,,
1568303025627499,陀螺仪,,,,,,,,-0.0189,-0.0478,-0.0429
1568303038144634,加速度计,0.2741,7.0096,6.2339,,,,,,,
1568303045673332,陀螺仪,,,,,,,,-0.0083,-0.0368,-0.0426
1568303048167551,加速度计,0.1760,6.0382,5.8688,,,,,,,
1568303058190468,加速度计,0.7608,8.3234,7.0749,,,,,,,
1568303068212864,加速度计,-0.2466,8.0493,8.4078,,,,,,,
1568303065717603,陀螺仪,,,,,,,,-0.0210,-0.0423,-0.0173
1568303078231614,加速度计,0.4088,7.0096,6.1615,,,,,,,
1568303085755103,陀螺仪,,,,,,,,-0.0582,-0.0326,-0.0142
1568303088250364,加速度计,0.7063,7.1108,5.6946,,,,,,,
1568303098269114,加速度计,-0.2640,4.7567,10.0993,,,,,,,
1568303105792603,陀螺仪,,,,,,,,-0.0188,-0.0154,0.0455
1568303108287864,加速度计,-0.0299,5.7628,10.1706,,,,,,,
1568303118306666,加速度计,0.6345,7.4759,5.6844,,,,,,,
1568303125832551,陀螺仪,,,,,,,,0.0330,0.0031,0.0441
1568303128328853,加速度计,1.4503,7.0719,3.6350,,,,,,,
1568303138343436,加速度计,0.2334,5.1960,8.8867,,,,,,,
1568303148358020,加速度计,-0.4567,6.8390,10.3825,,,,,,,
1568303145861718,陀螺仪,,,,,,,,0.0153,-0.0007,0.0477
1568303158372655,加速度计,0.6871,8.3671,7.1724,,,,,,,
1568303168387707,加速度计,1.6077,7.8087,3.5775,,,,,,,
1568303165891614,陀螺仪,,,,,,,,0.0417,0.0241,0.0621
1568303178403176,加速度计,0.2077,5.1727,6.8127,,,,,,,
1568303185923332,陀螺仪,,,,,,,,-0.0108,0.0133,0.0274
1568303188419114,加速度计,0.0611,6.1034,6.3381,,,,,,,
1568303198435884,加速度计,0.9146,7.2443,6.6379,,,,,,,
1568303205958124,陀螺仪,,,,,,,,-0.0320,-0.0104,0.0134
1568303208453489,加速度计,0.4944,6.8983,8.1768,,,,,,,
1568303218471926,加速度计,0.7775,6.6230,7.9769,,,,,,,
1568303225996249,陀螺仪,,,,,,,,-0.0053,-0.0067,-0.0317
1568303228491197,加速度计,0.5740,6.6720,6.9330,,,,,,,
1568303238511249,加速度计,0.1903,7.0539,6.9210,,,,,,,
1568303248534999,加速度计,0.6806,6.9360,7.6998,,,,,,,
1568303246052447,陀螺仪,,,,,,,,-0.0040,-0.0349,-0.0402
1568303258568332,加速度计,0.6446,6.8037,6.1417,,,,,,,
1568303266092447,陀螺仪,,,,,,,,0.0041,-0.0409,-0.0684
1568303268587707,加速度计,0.3974,6.6924,4.7351,,,,,,,
1568303278606457,加速度计,0.4806,6.7475,4.6759,,,,,,,
1568303286129947,陀螺仪,,,,,,,,-0.0382,-0.0409,-0.0495
1568303288625207,加速度计,-0.0168,6.7983,7.9990,,,,,,,
1568303298643957,加速度计,-0.6219,7.6579,10.6877,,,,,,,
1568303306167447,陀螺仪,,,,,,,,0.0109,-0.0324,0.0353
1568303308662707,加速度计,0.1951,8.6939,8.3617,,,,,,,
1568303318681457,加速度计,0.2514,6.6834,8.2869,,,,,,,
1568303328700207,加速度计,0.6177,6.9791,4.5460,,,,,,,
1568303326204947,陀螺仪,,,,,,,,0.0559,0.0040,0.0594
1568303338718957,加速度计,-0.4860,7.3328,5.0248,,,,,,,
1568303348737707,加速度计,-1.0570,7.3454,6.8648,,,,,,,
1568303346242447,陀螺仪,,,,,,,,0.0068,-0.0080,0.0960
1568303358756457,加速度计,-0.8685,8.0254,5.5773,,,,,,,
1568303368775207,加速度计,-0.8685,7.8039,4.2653,,,,,,,
1568303366279947,陀螺仪,,,,,,,,0.0024,0.0092,0.1473
1568303378811405,加速度计,-0.8380,7.3095,5.5109,,,,,,,
1568303388810207,加速度计,-0.2454,7.3532,7.9170,,,,,,,
1568303386310051,陀螺仪,,,,,,,,-0.0654,0.0045,0.1847
1568303398809478,加速度计,-0.4190,7.6620,8.6137,,,,,,,
1568303408811145,加速度计,-0.8631,6.6146,8.9573,,,,,,,
1568303406316041,陀螺仪,,,,,,,,-0.0297,0.0505,0.2453
1568303418830989,加速度计,-0.1808,6.1818,7.3430,,,,,,,
1568303428852916,加速度计,0.3944,7.5393,4.1707,,,,,,,
1568303426362395,陀螺仪,,,,,,,,0.0053,0.0999,0.3001
1568303438890780,加速度计,-0.3621,7.9565,7.4561,,,,,,,
1568303448923593,加速度计,0.2131,6.3398,9.1752,,,,,,,
1568303446429999,陀螺仪,,,,,,,,-0.0230,0.0951,0.2843
1568303458944009,加速度计,0.2496,6.5128,7.4328,,,,,,,
1568303468962759,加速度计,-0.0688,7.6537,5.5522,,,,,,,
1568303466467499,陀螺仪,,,,,,,,0.0182,0.1064,0.2812
1568303478981509,加速度计,-0.2298,6.8869,7.6806,,,,,,,
1568303489000259,加速度计,0.2819,6.7115,8.3169,,,,,,,
1568303486504999,陀螺仪,,,,,,,,0.0333,0.1150,0.2795
1568303499019009,加速度计,-0.3083,7.5136,5.5617,,,,,,,
1568303509053697,加速度计,0.8206,7.8147,4.3251,,,,,,,
1568303506564478,陀螺仪,,,,,,,,0.0435,0.1085,0.2515
1568303519059739,加速度计,0.5866,6.3596,7.4388,,,,,,,
1568303529054218,加速度计,-0.6416,6.8630,8.7891,,,,,,,
1568303526553124,陀螺仪,,,,,,,,0.0250,0.0899,0.1843
1568303539050259,加速度计,-0.1885,7.6507,5.5659,,,,,,,
1568303549048697,加速度计,0.6668,7.2221,2.5444,,,,,,,
1568303546548853,陀螺仪,,,,,,,,0.0457,0.0724,0.1635
1568303559050364,加速度计,0.6925,5.5348,5.9915,,,,,,,
1568303569065728,加速度计,-0.0622,6.7959,8.6999,,,,,,,
1568303566580416,陀螺仪,,,,,,,,-0.0057,0.0558,0.1354
1568303579124739,加速度计,-0.2837,8.3683,8.3809,,,,,,,
1568303589182811,加速度计,0.2819,8.7801,5.8371,,,,,,,
1568303586692447,陀螺仪,,,,,,,,0.0358,0.0927,0.1445
1568303599206457,加速度计,-0.3310,6.8935,5.2235,,,,,,,
1568303609225207,加速度计,-0.0802,5.7431,9.1638,,,,,,,
1568303606729947,陀螺仪,,,,,,,,-0.0441,0.0850,0.1679
1568303619243957,加速度计,0.9385,6.2519,11.3120,,,,,,,
1568303629283645,加速度计,0.6111,6.2153,8.0906,,,,,,,
1568303639568634,GPS,,,,31.9429,118.7838,3.5100,73.8000,,,
1568303626783176,陀螺仪,,,,,,,,0.0481,0.1372,0.2004
1568303639281561,加速度计,0.3256,6.9037,4.3670,,,,,,,
1568303649280311,加速度计,0.2280,5.9699,5.4486,,,,,,,
1568303646780364,陀螺仪,,,,,,,,0.0358,0.1707,0.2334
1568303659280311,加速度计,0.7721,6.4554,7.4154,,,,,,,
1568303669282395,加速度计,-0.2089,7.2915,9.7917,,,,,,,
1568303666783593,陀螺仪,,,,,,,,0.0427,0.1943,0.2601
1568303679286978,加速度计,-0.3555,8.4946,7.9517,,,,,,,
1568303689296353,加速度计,0.0676,7.1527,7.5609,,,,,,,
1568303686805832,陀螺仪,,,,,,,,0.0583,0.2180,0.2641
1568303699334843,加速度计,-0.0138,7.3490,5.6701,,,,,,,
1568303709377499,加速度计,-0.2478,6.0705,5.6701,,,,,,,
1568303706891301,陀螺仪,,,,,,,,0.0190,0.2063,0.2479
1568303719428124,加速度计,0.0856,7.1748,7.2113,,,,,,,
1568303729450676,加速度计,0.1018,6.0549,9.4451,,,,,,,
1568303726955416,陀螺仪,,,,,,,,0.0170,0.2043,0.2264
1568303739469426,加速度计,0.8553,7.3765,7.0402,,,,,,,
1568303749488176,加速度计,0.7841,7.5765,3.8343,,,,,,,
1568303746992916,陀螺仪,,,,,,,,0.0471,0.1923,0.1671
1568303759506926,加速度计,1.0098,7.3442,4.7794,,,,,,,
1568303769525676,加速度计,1.1049,6.0903,9.0644,,,,,,,
1568303767030416,陀螺仪,,,,,,,,-0.0334,0.1724,0.0901
1568303779544426,加速度计,0.3903,7.2155,8.9358,,,,,,,
1568303789563176,加速度计,1.8519,6.7666,7.6507,,,,,,,
1568303787068541,陀螺仪,,,,,,,,0.0278,0.1648,0.0462
1568303799593593,加速度计,1.8399,6.9246,5.2786,,,,,,,
1568303809602759,加速度计,1.7184,6.6032,6.9103,,,,,,,
1568303807103176,陀螺仪,,,,,,,,-0.0009,0.1413,-0.0398
1568303819604374,加速度计,0.9062,7.0294,7.6902,,,,,,,
1568303829611822,加速度计,1.0104,6.7696,6.9103,,,,,,,
1568303827116874,陀螺仪,,,,,,,,0.0164,0.1280,-0.0820
1568303839631822,加速度计,1.5323,6.2560,6.2237,,,,,,,
1568303849652655,加速度计,1.3665,6.6876,8.5497,,,,,,,
1568303847158124,陀螺仪,,,,,,,,0.0297,0.0936,-0.1426
1568303859674322,加速度计,0.9230,7.1066,9.5654,,,,,,,
1568303869696405,加速度计,1.0391,7.7895,4.8285,,,,,,,
1568303867202082,陀螺仪,,,,,,,,0.1020,0.0847,-0.2135
1568303879718905,加速度计,0.9619,7.1473,2.6534,,,,,,,
1568303889741405,加速度计,0.9224,7.1629,4.4921,,,,,,,
1568303887247082,陀螺仪,,,,,,,,-0.0222,0.0250,-0.2514
1568303899763905,加速度计,0.8966,6.9851,9.3925,,,,,,,
1568303909794791,加速度计,0.5022,7.1736,9.6582,,,,,,,
1568303907297864,陀螺仪,,,,,,,,-0.0248,0.0137,-0.2906
1568303919806874,加速度计,0.9152,7.0641,7.1790,,,,,,,
1568303929818957,加速度计,0.9876,5.9436,6.2608,,,,,,,
1568303927322134,陀螺仪,,,,,,,,0.0001,-0.0149,-0.3245
1568303939831457,加速度计,0.7350,6.7732,6.7451,,,,,,,
1568303949844374,加速度计,0.6997,7.6399,7.4190,,,,,,,
1568303947347864,陀螺仪,,,,,,,,-0.0057,-0.0467,-0.3394
1568303959858124,加速度计,0.5237,7.1407,8.4635,,,,,,,
1568303969872707,加速度计,-0.3196,7.8135,5.4079,,,,,,,
1568303967376718,陀螺仪,,,,,,,,0.0340,-0.0390,-0.3182
1568303979888541,加速度计,0.6674,7.5417,5.4546,,,,,,,
1568303989905624,加速度计,0.7703,6.6816,8.2558,,,,,,,
1568303987410259,陀螺仪,,,,,,,,-0.0065,-0.0615,-0.2782
1568303999923957,加速度计,0.7165,7.7399,5.8969,,,,,,,
1568304009943541,加速度计,-0.4603,6.1800,8.6293,,,,,,,
1568304007448801,陀螺仪,,,,,,,,0.0178,-0.0419,-0.2583
1568304019964374,加速度计,0.9337,7.6650,6.3398,,,,,,,
1568304029986041,加速度计,0.0628,6.1190,5.1332,,,,,,,
1568304027491718,陀螺仪,,,,,,,,0.0208,-0.0395,-0.2111
1568304040008541,加速度计,0.7919,6.6756,3.0640,,,,,,,
1568304050031457,加速度计,-0.4423,7.3550,6.7385,,,,,,,
1568304047537343,陀螺仪,,,,,,,,-0.0364,-0.0381,-0.1676
1568304060054791,加速度计,0.0012,6.7582,10.9295,,,,,,,
1568304070078541,加速度计,0.2185,7.5543,9.4906,,,,,,,
1568304067584843,陀螺仪,,,,,,,,0.0161,-0.0004,-0.0933
1568304080106822,加速度计,0.0724,7.5806,3.4943,,,,,,,
1568304090125989,加速度计,-0.3298,5.9436,2.9341,,,,,,,
1568304087630728,陀螺仪,,,,,,,,-0.0076,-0.0024,-0.0959
1568304100144739,加速度计,0.0533,6.1914,7.7273,,,,,,,
1568304110163489,加速度计,-0.2825,6.9516,10.7984,,,,,,,
1568304107668228,陀螺仪,,,,,,,,-0.0286,-0.0156,-0.0824
1568304120182239,加速度计,-0.0551,7.5016,7.8524,,,,,,,
1568304130200989,加速度计,0.4465,7.1192,4.8985,,,,,,,
1568304127705728,陀螺仪,,,,,,,,0.0398,-0.0001,-0.0579
1568304140219739,加速度计,0.4555,6.6218,4.0869,,,,,,,
1568304150238489,加速度计,0.4525,7.3586,8.2989,,,,,,,
1568304147743228,陀螺仪,,,,,,,,-0.0257,-0.0073,-0.0860
1568304160257239,加速度计,0.7356,7.6585,8.6395,,,,,,,
1568304170275989,加速度计,-0.2795,6.1675,9.1740,,,,,,,
1568304167780728,陀螺仪,,,,,,,,0.0029,-0.0043,-0.0723
1568304180294739,加速度计,0.5908,6.9863,5.9693,,,,,,,
1568304190313489,加速度计,0.5722,7.1557,6.3608,,,,,,,
1568304187818228,陀螺仪,,,,,,,,0.0345,-0.0065,-0.0784
1568304200332239,加速度计,0.1233,7.6710,6.5350,,,,,,,
1568304210350989,加速度计,0.3789,7.4675,7.1323,,,,,,,
1568304207855728,陀螺仪,,,,,,,,0.0194,-0.0162,-0.0936
1568304220369739,加速度计,0.0563,6.8552,5.7180,,,,,,,
1568304230390155,加速度计,0.6183,6.9204,5.4432,,,,,,,
1568304227896457,陀螺仪,,,,,,,,-0.0067,-0.0262,-0.1071
1568304240407968,加速度计,0.2849,6.4063,7.2059,,,,,,,
1568304250423384,加速度计,0.3011,7.6884,7.9733,,,,,,,
1568304247927291,陀螺仪,,,,,,,,-0.0289,-0.0238,-0.1044
1568304260438801,加速度计,0.3394,7.2329,9.4176,,,,,,,
1568304270454218,加速度计,0.5890,7.3987,6.0519,,,,,,,
1568304267958176,陀螺仪,,,,,,,,0.0004,-0.0069,-0.0891
1568304280469999,加速度计,0.1879,6.0286,5.8329,,,,,,,
1568304290486197,加速度计,-0.0808,6.6140,6.1537,,,,,,,
1568304287990364,陀螺仪,,,,,,,,-0.0272,-0.0052,-0.0650
1568304300502811,加速度计,0.4585,6.8618,8.3163,,,,,,,
1568304310519843,加速度计,0.5674,7.1461,8.2211,,,,,,,
1568304308024270,陀螺仪,,,,,,,,-0.0202,0.0093,-0.0354
1568304320537655,加速度计,0.1371,6.0543,6.6343,,,,,,,
1568304330559686,加速度计,0.3777,6.8414,6.0867,,,,,,,
1568304328068280,陀螺仪,,,,,,,,0.0120,0.0326,-0.0317
1568304340593853,加速度计,0.3208,6.2944,7.6136,,,,,,,
1568304350613853,加速度计,0.4280,8.0349,5.8586,,,,,,,
1568304348120051,陀螺仪,,,,,,,,-0.0029,0.0426,-0.0232
1568304360649582,加速度计,-0.2137,7.2179,8.4725,,,,,,,
1568304370651249,加速度计,0.3041,6.6301,9.3236,,,,,,,
1568304368155572,陀螺仪,,,,,,,,0.0036,0.0281,-0.0390
1568304380670259,加速度计,0.0263,7.0114,5.9544,,,,,,,
1568304390689009,加速度计,0.1736,7.0976,2.2230,,,,,,,
1568304388193749,陀螺仪,,,,,,,,0.0466,0.0132,-0.0916
1568304400707759,加速度计,0.0611,7.4346,3.4524,,,,,,,
1568304410726509,加速度计,0.0694,5.8897,12.1895,,,,,,,
1568304408231249,陀螺仪,,,,,,,,-0.0859,-0.0538,-0.1301
1568304420745259,加速度计,1.2863,7.4675,10.9026,,,,,,,
1568304428268749,陀螺仪,,,,,,,,0.0494,-0.0414,-0.1816
1568304430764009,加速度计,0.5309,7.5980,6.3183,,,,,,,
1568304440782759,加速度计,0.3723,6.3470,4.3568,,,,,,,
1568304450801509,加速度计,0.1454,5.8981,5.5360,,,,,,,
1568304448306249,陀螺仪,,,,,,,,0.0136,-0.0622,-0.2033
1568304460820259,加速度计,0.5112,8.4390,6.7660,,,,,,,
1568304468343749,陀螺仪,,,,,,,,-0.0237,-0.0928,-0.2075
1568304470839009,加速度计,0.6494,7.3646,8.8023,,,,,,,
1568304480857759,加速度计,0.8170,6.8073,8.1229,,,,,,,
1568304490876509,加速度计,0.2376,6.7050,6.5817,,,,,,,
1568304488381249,陀螺仪,,,,,,,,0.0076,-0.1156,-0.2658
1568304500898645,加速度计,0.3825,6.7319,6.2752,,,,,,,
1568304508421457,陀螺仪,,,,,,,,0.0117,-0.1475,-0.2874
1568304510921614,加速度计,0.0790,7.3508,7.2502,,,,,,,
1568304520921041,加速度计,0.1951,6.1238,7.3939,,,,,,,
1568304528421666,陀螺仪,,,,,,,,0.0387,-0.1667,-0.2983
1568304530921405,加速度计,0.2945,7.0809,4.3473,,,,,,,
1568304540923541,加速度计,0.9894,6.9611,4.4077,,,,,,,
1568304548429426,陀螺仪,,,,,,,,-0.0393,-0.2027,-0.3065
1568304550928020,加速度计,0.7081,7.1239,6.5631,,,,,,,
1568304560935259,加速度计,-0.2909,6.8606,8.7891,,,,,,,
1568304568448645,陀螺仪,,,,,,,,-0.0266,-0.2085,-0.3182
1568304570945676,加速度计,0.4447,7.5034,8.4102,,,,,,,
1568304580959426,加速度计,0.5896,6.7924,6.8911,,,,,,,
1568304588481145,陀螺仪,,,,,,,,-0.0001,-0.2269,-0.2752
1568304590976509,加速度计,-0.2119,6.3937,6.8145,,,,,,,
1568304600996926,加速度计,0.4597,6.7570,5.8520,,,,,,,
1568304611020416,加速度计,0.0581,7.6118,6.1274,,,,,,,
1568304608526614,陀螺仪,,,,,,,,0.0028,-0.2033,-0.2308
1568304621048645,加速度计,-0.0347,6.4464,6.2507,,,,,,,
1568304642433477,GPS,,,,31.9429,118.7838,3.4900,73.5000,,,
1568304631124686,加速度计,0.0204,7.2461,8.3342,,,,,,,
1568304628634322,陀螺仪,,,,,,,,-0.0237,-0.1846,-0.1593
1568304641158124,加速度计,-0.4603,7.1323,9.5672,,,,,,,
1568304651176874,加速度计,-0.0299,7.3149,6.0891,,,,,,,
1568304648681614,陀螺仪,,,,,,,,0.0326,-0.1541,-0.0808
1568304661195624,加速度计,-0.3214,7.9140,3.2172,,,,,,,
1568304671214374,加速度计,-0.1281,5.7575,7.7237,,,,,,,
1568304668719114,陀螺仪,,,,,,,,-0.0356,-0.1326,0.0011
1568304681233124,加速度计,0.1772,7.1682,8.7149,,,,,,,
1568304691251874,加速度计,-0.3909,7.7716,8.3079,,,,,,,
1568304688756614,陀螺仪,,,,,,,,0.0128,-0.0501,0.1039
1568304701270624,加速度计,-0.5567,7.9745,4.9931,,,,,,,
1568304711289374,加速度计,0.0006,6.3889,6.0998,,,,,,,
1568304708794114,陀螺仪,,,,,,,,0.0044,0.0065,0.2204
1568304721308124,加速度计,0.2227,7.5603,5.8053,,,,,,,
1568304731326874,加速度计,-0.7362,6.6062,7.6219,,,,,,,
1568304728831614,陀螺仪,,,,,,,,-0.0360,0.0652,0.3092
1568304741345624,加速度计,-0.4423,7.8368,7.2826,,,,,,,
1568304751364374,加速度计,-0.3753,6.0537,8.0475,,,,,,,
1568304748869114,陀螺仪,,,,,,,,-0.0108,0.1242,0.3814
1568304761383124,加速度计,0.2729,7.2401,6.3847,,,,,,,
1568304771401874,加速度计,-1.1408,7.4436,6.7181,,,,,,,
1568304768906614,陀螺仪,,,,,,,,0.0039,0.1630,0.3992
1568304781420624,加速度计,-0.6153,7.2155,5.9723,,,,,,,
1568304791439374,加速度计,-0.1448,7.1018,6.5368,,,,,,,
1568304788944114,陀螺仪,,,,,,,,-0.0294,0.1549,0.3772
1568304801458124,加速度计,-0.9140,6.4548,6.6792,,,,,,,
1568304811476874,加速度计,-0.0994,6.3147,7.6327,,,,,,,
1568304808981614,陀螺仪,,,,,,,,-0.0449,0.1113,0.2931
1568304821495624,加速度计,0.0634,6.5643,7.0294,,,,,,,
1568304831514374,加速度计,-0.1628,6.7840,5.5689,,,,,,,
1568304829019114,陀螺仪,,,,,,,,-0.0024,0.0948,0.2080
1568304841533124,加速度计,-0.2777,6.5236,6.1938,,,,,,,
1568304851551874,加速度计,1.1067,6.9929,10.4297,,,,,,,
1568304849056614,陀螺仪,,,,,,,,-0.0324,0.0410,0.1300
1568304861570624,加速度计,0.8194,7.3741,9.1327,,,,,,,
1568304871591978,加速度计,0.2035,7.6058,6.5092,,,,,,,
1568304869103020,陀螺仪,,,,,,,,0.0498,0.0418,0.0498
1568304881611093,加速度计,0.3891,6.4476,5.4342,,,,,,,
1568304889124686,陀螺仪,,,,,,,,0.0053,0.0085,0.0011
1568304891621926,加速度计,0.7560,6.7660,3.8612,,,,,,,
1568304901633072,加速度计,0.3466,6.6577,6.0627,,,,,,,
1568304909148020,陀螺仪,,,,,,,,-0.0659,-0.0547,-0.0730
1568304911644947,加速度计,0.5118,7.3969,7.5100,,,,,,,
1568304921657655,加速度计,0.6554,6.8247,9.0297,,,,,,,
1568304929175103,陀螺仪,,,,,,,,-0.0166,-0.0736,-0.1523
1568304931671509,加速度计,0.5160,6.8546,7.3568,,,,,,,
1568304941686614,加速度计,0.4226,6.5691,7.4256,,,,,,,
1568304951702968,加速度计,0.1107,6.9857,6.5625,,,,,,,
1568304949207186,陀螺仪,,,,,,,,-0.0181,-0.1129,-0.1831
1568304961720572,加速度计,0.8278,7.1371,8.6580,,,,,,,
1568304971739426,加速度计,0.7308,8.1517,6.6750,,,,,,,
1568304969244270,陀螺仪,,,,,,,,0.0116,-0.1069,-0.1917
1568304981759530,加速度计,0.2011,6.3345,5.4390,,,,,,,
1568304989286353,陀螺仪,,,,,,,,-0.0128,-0.0956,-0.1602
1568304991780884,加速度计,1.1426,6.5182,5.6563,,,,,,,
1568305001803489,加速度计,0.3358,6.5386,6.8845,,,,,,,
1568305009333020,陀螺仪,,,,,,,,-0.0391,-0.0814,-0.1084
1568305011827030,加速度计,0.2161,7.4328,6.8708,,,,,,,
1568305021851093,加速度计,0.1454,6.8660,8.9507,,,,,,,
1568305029381770,陀螺仪,,,,,,,,0.0024,-0.0418,-0.0348
1568305031875572,加速度计,0.2364,6.8271,9.1895,,,,,,,
1568305041900155,加速度计,0.5429,6.8295,5.3409,,,,,,,
1568305049430936,陀螺仪,,,,,,,,0.0352,0.0146,0.0313
1568305051924739,加速度计,-0.4076,6.7846,3.3507,,,,,,,
1568305061946509,加速度计,-0.4058,6.7331,3.4207,,,,,,,
1568305069470520,陀螺仪,,,,,,,,-0.0884,0.0061,0.1081
1568305071965780,加速度计,-0.2975,5.6288,10.1209,,,,,,,
1568305081984530,加速度计,1.0505,7.3418,10.3322,,,,,,,
1568305089508020,陀螺仪,,,,,,,,0.0201,0.0526,0.0875
1568305092003280,加速度计,-0.2466,7.2143,7.2730,,,,,,,
1568305102022030,加速度计,-1.3683,6.5140,4.0013,,,,,,,
1568305109545520,陀螺仪,,,,,,,,-0.0100,0.0309,0.1409
1568305112040780,加速度计,-0.5573,5.9693,7.2281,,,,,,,
1568305122060780,加速度计,0.5387,7.5836,8.1032,,,,,,,
1568305129583384,陀螺仪,,,,,,,,0.0200,0.0714,0.1313
1568305132079895,加速度计,0.1844,7.5627,5.6186,,,,,,,
1568305142093645,加速度计,-0.4788,7.5836,6.2183,,,,,,,
1568305152107395,加速度计,-0.1161,6.5954,7.4657,,,,,,,
1568305149610884,陀螺仪,,,,,,,,-0.0258,0.0663,0.1365
1568305162121457,加速度计,0.7667,7.0204,8.8825,,,,,,,
1568305169639634,陀螺仪,,,,,,,,0.0052,0.0780,0.1433
1568305172135936,加速度计,0.6369,7.5824,8.3348,,,,,,,
1568305182151145,加速度计,0.3771,6.9791,6.4937,,,,,,,
1568305189671301,陀螺仪,,,,,,,,0.0353,0.1029,0.0893
1568305192167186,加速度计,0.6219,6.3877,7.0922,,,,,,,
1568305202184061,加速度计,-0.4944,7.8602,5.1834,,,,,,,
1568305209706301,陀螺仪,,,,,,,,0.0123,0.0810,0.0790
1568305212201770,加速度计,0.0311,7.3059,5.5952,,,,,,,
1568305222220311,加速度计,0.6039,7.0360,5.4354,,,,,,,
1568305229744634,陀螺仪,,,,,,,,-0.0441,0.0507,0.0475
1568305232239686,加速度计,0.5273,6.6990,9.3362,,,,,,,
1568305242259895,加速度计,0.9786,6.9306,10.3226,,,,,,,
1568305252280936,加速度计,0.9290,7.9446,7.8422,,,,,,,
1568305249786301,陀螺仪,,,,,,,,0.0457,0.0889,-0.0040
1568305262302499,加速度计,1.0540,6.9947,4.9165,,,,,,,
1568305272324478,加速度计,1.0678,5.6874,4.8614,,,,,,,
1568305269830051,陀螺仪,,,,,,,,-0.0011,0.0595,-0.0332
1568305282346874,加速度计,1.4509,5.9933,7.3837,,,,,,,
1568305289875051,陀螺仪,,,,,,,,-0.0013,0.0503,-0.0764
1568305292369374,加速度计,1.2085,6.6283,7.4190,,,,,,,
1568305302391874,加速度计,1.5957,6.7858,5.7952,,,,,,,
1568305309920051,陀螺仪,,,,,,,,-0.0238,0.0293,-0.1533
1568305312414374,加速度计,1.4605,6.2626,7.6064,,,,,,,
1568305322434999,加速度计,0.9535,7.0916,10.5177,,,,,,,
1568305329958801,陀螺仪,,,,,,,,0.0254,0.0198,-0.1870
1568305332454061,加速度计,0.6937,6.7696,10.4555,,,,,,,
1568305342472811,加速度计,2.0135,7.2359,5.0853,,,,,,,
1568305349996301,陀螺仪,,,,,,,,0.0569,-0.0077,-0.2419
1568305352491561,加速度计,0.7368,5.7826,5.1104,,,,,,,
1568305362510311,加速度计,0.8350,6.3213,5.5994,,,,,,,
1568305372537707,加速度计,0.2616,7.5615,7.8931,,,,,,,
1568305370057916,陀螺仪,,,,,,,,0.0186,-0.0547,-0.3077
1568305382554114,加速度计,0.3436,6.9683,8.6921,,,,,,,
1568305390048749,陀螺仪,,,,,,,,0.0459,-0.0784,-0.3289
1568305392549739,加速度计,0.6734,7.0294,6.9863,,,,,,,
1568305402546822,加速度计,-0.5812,7.2628,2.7785,,,,,,,
1568305412546197,加速度计,-0.3118,8.2211,3.6500,,,,,,,
1568305410046249,陀螺仪,,,,,,,,-0.0059,-0.1224,-0.3634
1568305422548384,加速度计,-1.4503,8.8855,7.9811,,,,,,,
1568305432554114,加速度计,-1.8244,7.2652,9.5720,,,,,,,
1568305430055832,陀螺仪,,,,,,,,-0.0170,-0.1939,-0.3292
1568305442563593,加速度计,0.6117,10.1646,5.4306,,,,,,,
1568305450080832,陀螺仪,,,,,,,,0.0294,-0.1819,-0.3458
1568305452577134,加速度计,1.0672,7.1916,5.8538,,,,,,,
1568305462594843,加速度计,-0.1826,6.8139,5.8239,,,,,,,
1568305470122082,陀螺仪,,,,,,,,-0.0244,-0.1672,-0.2876
1568305472616405,加速度计,-0.1227,7.9865,8.1738,,,,,,,
1568305482641718,加速度计,0.4172,6.4105,10.5201,,,,,,,
1568305490177916,陀螺仪,,,,,,,,0.0627,-0.1081,-0.1734
1568305492670468,加速度计,0.4477,7.0928,4.4658,,,,,,,
1568305502701926,加速度计,0.6931,6.6696,3.0233,,,,,,,
1568305510244166,陀螺仪,,,,,,,,-0.0180,-0.1023,-0.1358
1568305512735572,加速度计,0.0994,5.6778,9.5864,,,,,,,
1568305522770676,加速度计,0.4944,8.4641,9.9665,,,,,,,
1568305530315416,陀螺仪,,,,,,,,0.0502,-0.0471,-0.0569
1568305532806405,加速度计,-0.6291,7.6082,5.7742,,,,,,,
1568305542842239,加速度计,0.3795,6.9875,3.3627,,,,,,,
1568305550372499,陀螺仪,,,,,,,,-0.0289,-0.0503,-0.0374
1568305552867134,加速度计,0.1520,5.1954,7.6812,,,,,,,
1568305562886509,加速度计,-1.0283,6.5350,10.0987,,,,,,,
1568305570409999,陀螺仪,,,,,,,,0.0530,-0.0233,0.0270
1568305572905259,加速度计,0.0383,8.1570,5.1020,,,,,,,
1568305582924009,加速度计,0.2173,6.3404,5.1697,,,,,,,
1568305590447499,陀螺仪,,,,,,,,0.0393,-0.0037,0.0134
1568305592942759,加速度计,0.7236,6.6822,5.8377,,,,,,,
1568305602961509,加速度计,-0.8721,8.0014,7.4214,,,,,,,
1568305610484999,陀螺仪,,,,,,,,0.0105,-0.0115,0.0083
1568305612980259,加速度计,-0.9367,8.4144,7.4939,,,,,,,
1568305623003801,加速度计,-0.4334,7.5375,8.1618,,,,,,,
1568305641935664,GPS,,,,31.9429,118.7838,3.4600,74.5000,,,
1568305633027759,加速度计,-0.5351,6.3991,6.9486,,,,,,,
1568305630527707,陀螺仪,,,,,,,,0.0133,-0.0176,0.0182
1568305643027551,加速度计,-0.3741,6.2112,6.9384,,,,,,,
1568305653028176,加速度计,-0.2939,7.6207,6.1154,,,,,,,
1568305650528541,陀螺仪,,,,,,,,0.0149,-0.0551,-0.0177
1568305663030468,加速度计,-0.3825,5.7497,9.3093,,,,,,,
1568305670536561,陀螺仪,,,,,,,,0.0380,-0.0792,-0.0421
1568305673035051,加速度计,-0.2957,7.7835,6.8384,,,,,,,
1568305683042343,加速度计,-0.5165,6.2225,7.5292,,,,,,,
1568305693052759,加速度计,0.2502,7.4819,6.2465,,,,,,,
1568305690555832,陀螺仪,,,,,,,,0.0680,-0.0905,-0.0627
1568305703066509,加速度计,-0.4944,6.5948,7.0449,,,,,,,
1568305710588332,陀螺仪,,,,,,,,0.0333,-0.1109,-0.0615
1568305713083593,加速度计,-0.6524,8.0242,7.6854,,,,,,,
1568305723104009,加速度计,-0.3699,6.6451,10.3495,,,,,,,
1568305733127551,加速度计,-0.4980,7.2832,6.8773,,,,,,,
1568305730633853,陀螺仪,,,,,,,,0.0625,-0.0903,-0.0178
1568305743153801,加速度计,-0.2652,6.9989,4.9967,,,,,,,
1568305753182343,加速度计,-0.5058,6.4667,2.8647,,,,,,,
1568305750689791,陀螺仪,,,,,,,,0.0320,-0.0835,0.0084
1568305763212759,加速度计,-0.4393,6.4841,4.6424,,,,,,,
1568305770752499,陀螺仪,,,,,,,,-0.0550,-0.0964,0.0557
1568305773244426,加速度计,-0.1652,5.7910,8.4491,,,,,,,
1568305783276718,加速度计,-0.4453,6.7564,11.4826,,,,,,,
1568305790817395,陀螺仪,,,,,,,,0.0494,-0.0309,0.1254
1568305793309218,加速度计,-0.0706,7.4615,10.2891,,,,,,,
1568305803336093,加速度计,0.6967,8.5641,4.3539,,,,,,,
1568305810860832,陀螺仪,,,,,,,,0.0217,-0.0305,0.1067
1568305813356093,加速度计,-0.0192,6.2991,3.0700,,,,,,,
1568305823374843,加速度计,-0.0485,5.2912,7.4861,,,,,,,
1568305830898332,陀螺仪,,,,,,,,-0.0146,-0.0445,0.1220
1568305833393593,加速度计,-0.0539,7.8925,8.9394,,,,,,,
1568305843412343,加速度计,0.2502,8.0313,9.1530,,,,,,,
1568305853431093,加速度计,-0.0461,7.1820,6.6535,,,,,,,
1568305850935832,陀螺仪,,,,,,,,0.0571,0.0015,0.1084
1568305863449843,加速度计,0.0904,6.3560,3.6823,,,,,,,
1568305873470884,加速度计,0.5291,6.2291,8.2205,,,,,,,
1568305870976822,陀螺仪,,,,,,,,0.0269,-0.0254,0.0763
1568305883488332,加速度计,0.5602,8.2732,9.0040,,,,,,,
1568305893503749,加速度计,1.4922,7.8715,7.0731,,,,,,,
1568305891007655,陀螺仪,,,,,,,,0.0810,0.0023,0.0782
1568305903519166,加速度计,1.6496,8.1403,0.1095,,,,,,,
1568305913534582,加速度计,0.8314,6.3500,4.2192,,,,,,,
1568305911038541,陀螺仪,,,,,,,,-0.0364,-0.0069,0.0225
1568305923550364,加速度计,2.0249,7.2862,10.3364,,,,,,,
1568305933566561,加速度计,0.0778,7.3502,9.2991,,,,,,,
1568305931070728,陀螺仪,,,,,,,,-0.0145,0.0333,0.0182
1568305943583176,加速度计,1.0433,8.0649,2.8270,,,,,,,
1568305953600207,加速度计,0.9415,6.3003,6.3291,,,,,,,
1568305951104634,陀螺仪,,,,,,,,-0.0581,0.0128,-0.0003
1568305963618020,加速度计,0.0168,6.2794,9.5026,,,,,,,
1568305973636666,加速度计,0.5429,6.6954,9.6361,,,,,,,
1568305971141457,陀螺仪,,,,,,,,-0.0059,0.0064,-0.0233
1568305983655780,加速度计,1.3880,8.8502,4.5059,,,,,,,
1568305993675676,加速度计,0.6399,5.2080,5.6467,,,,,,,
1568305991183020,陀螺仪,,,,,,,,-0.0214,0.0004,-0.0878
1568306003709634,加速度计,0.5495,6.9683,6.8750,,,,,,,
1568306011237082,陀螺仪,,,,,,,,-0.0411,-0.0108,-0.1032
1568306013732343,加速度计,-0.2496,7.3682,7.1575,,,,,,,
1568306023751093,加速度计,0.9972,7.2383,5.0811,,,,,,,
1568306033769843,加速度计,0.9643,6.7684,8.8358,,,,,,,
1568306031274582,陀螺仪,,,,,,,,-0.0744,-0.0376,-0.0983
1568306043788593,加速度计,1.6538,4.8333,9.9539,,,,,,,
1568306053807343,加速度计,0.1838,7.5046,5.7832,,,,,,,
1568306051312082,陀螺仪,,,,,,,,0.0329,-0.0040,-0.1441
1568306063826093,加速度计,-0.4764,8.3905,2.0554,,,,,,,
1568306073846926,加速度计,0.8009,6.5912,2.1793,,,,,,,
1568306071352707,陀螺仪,,,,,,,,-0.0711,-0.0651,-0.1546
1568306083869061,加速度计,0.5237,5.9274,8.2390,,,,,,,
1568306091384218,陀螺仪,,,,,,,,-0.0943,-0.0798,-0.1836
1568306093881145,加速度计,-0.0587,7.4675,10.4794,,,,,,,
1568306103894686,加速度计,-0.1867,6.7929,8.3480,,,,,,,
1568306113926666,加速度计,1.2917,7.7835,2.2146,,,,,,,
1568306111429322,陀螺仪,,,,,,,,-0.0394,-0.0551,-0.1469
1568306123937082,加速度计,0.0766,5.5689,8.3157,,,,,,,
1568306133947603,加速度计,0.2269,6.1202,11.0032,,,,,,,
1568306131450364,陀螺仪,,,,,,,,-0.0764,-0.0804,-0.1554
1568306143958645,加速度计,0.9242,8.5485,5.6677,,,,,,,
1568306153970520,加速度计,0.6009,7.2173,5.6521,,,,,,,
1568306151473697,陀螺仪,,,,,,,,-0.0443,-0.0703,-0.1610
1568306163983332,加速度计,1.1510,5.3379,10.8302,,,,,,,
1568306173997395,加速度计,0.1838,6.0920,11.9800,,,,,,,
1568306171501197,陀螺仪,,,,,,,,-0.0095,-0.0664,-0.1574
1568306184012811,加速度计,1.1253,8.7801,4.3940,,,,,,,
1568306194029895,加速度计,1.0612,6.0160,2.0800,,,,,,,
1568306191534530,陀螺仪,,,,,,,,0.0037,-0.0742,-0.1864
1568306204048645,加速度计,0.6913,4.4586,4.9787,,,,,,,
1568306211574322,陀螺仪,,,,,,,,-0.0997,-0.1398,-0.2257
1568306214068957,加速度计,-0.7027,7.3484,10.7996,,,,,,,
1568306224090520,加速度计,0.1676,7.8009,15.7179,,,,,,,
1568306231619114,陀螺仪,,,,,,,,0.0864,-0.0839,-0.1816
1568306234113228,加速度计,1.7765,7.3532,8.2378,,,,,,,
1568306244136770,加速度计,1.4922,7.9350,3.0203,,,,,,,
1568306254161041,加速度计,0.5555,5.7215,4.2318,,,,,,,
1568306251667239,陀螺仪,,,,,,,,0.0217,-0.0984,-0.2531
1568306264185728,加速度计,-0.4980,6.1998,3.8918,,,,,,,
1568306274220259,加速度计,0.4944,7.5088,3.6194,,,,,,,
1568306271741874,陀螺仪,,,,,,,,-0.0453,-0.1364,-0.2356
1568306284243697,加速度计,0.8613,6.0801,10.3017,,,,,,,
1568306291747291,陀螺仪,,,,,,,,-0.0237,-0.1224,-0.2097
1568306294246509,加速度计,-0.7452,5.3193,12.5031,,,,,,,
1568306304250364,加速度计,0.9529,8.8819,4.4784,,,,,,,
1568306311757291,陀螺仪,,,,,,,,0.0035,-0.1252,-0.1810
1568306314255780,加速度计,1.2258,7.7303,8.2839,,,,,,,
1568306324263176,加速度计,-0.4735,5.5174,13.0095,,,,,,,
1568306331775624,陀螺仪,,,,,,,,0.1453,-0.0800,-0.1766
1568306334272968,加速度计,0.0443,8.0302,4.2389,,,,,,,
1568306344285259,加速度计,0.3166,8.9597,-2.0698,,,,,,,
1568306351804374,陀螺仪,,,,,,,,-0.0511,-0.1969,-0.2143
1568306354300364,加速度计,-0.3442,4.3078,4.8997,,,,,,,
1568306364350155,加速度计,-0.6135,4.0737,11.9572,,,,,,,
1568306374402759,加速度计,-0.5339,9.8665,6.9031,,,,,,,
1568306371910103,陀螺仪,,,,,,,,0.0611,-0.1799,-0.2116
1568306384428020,加速度计,-0.7919,8.2959,5.0188,,,,,,,
1568306391951509,陀螺仪,,,,,,,,0.0224,-0.1880,-0.1461
1568306394446770,加速度计,0.1371,4.1647,8.2875,,,,,,,
1568306404465520,加速度计,-0.7596,7.6291,5.9801,,,,,,,
1568306411989009,陀螺仪,,,,,,,,0.0254,-0.1816,-0.1164
1568306414484270,加速度计,-1.0014,9.6031,4.6872,,,,,,,
1568306424503020,加速度计,-0.7997,7.8003,13.3393,,,,,,,
1568306434521770,加速度计,-1.5227,6.4727,11.4048,,,,,,,
1568306432026509,陀螺仪,,,,,,,,0.0644,-0.1819,-0.0268
1568306444540520,加速度计,-0.0186,7.3747,2.5085,,,,,,,
1568306452064009,陀螺仪,,,,,,,,0.0493,-0.1864,-0.0356
1568306454559270,加速度计,0.4411,10.6847,-5.8389,,,,,,,
1568306464578020,加速度计,-0.2634,5.1380,7.4011,,,,,,,
1568306474596770,加速度计,-1.1887,4.4173,14.2509,,,,,,,
1568306472101509,陀螺仪,,,,,,,,-0.1107,-0.2266,-0.0477
1568306484615520,加速度计,-2.0656,8.3043,11.4664,,,,,,,
1568306494634270,加速度计,-0.5513,9.2817,8.5180,,,,,,,
1568306492139009,陀螺仪,,,,,,,,0.1029,-0.1437,0.1345
1568306504653020,加速度计,0.0263,7.7183,5.2086,,,,,,,
1568306512176509,陀螺仪,,,,,,,,0.0522,-0.1141,0.1647
1568306514671770,加速度计,0.7614,7.0599,5.2379,,,,,,,
1568306524690520,加速度计,-0.4022,8.5072,3.7122,,,,,,,
1568306532214009,陀螺仪,,,,,,,,-0.0638,-0.1507,0.1555
1568306534709270,加速度计,-1.2797,5.7658,8.3456,,,,,,,
1568306544728020,加速度计,-0.4627,5.2038,10.4980,,,,,,,
1568306554746770,加速度计,-0.8350,6.1513,6.5362,,,,,,,
1568306552251509,陀螺仪,,,,,,,,0.0610,-0.0750,0.2585
1568306564765520,加速度计,0.7344,7.8386,3.2765,,,,,,,
1568306574784270,加速度计,0.3478,6.2357,9.0692,,,,,,,
1568306572289009,陀螺仪,,,,,,,,0.0117,-0.0756,0.2678
1568306584803020,加速度计,-0.6698,7.5992,10.1353,,,,,,,
1568306592326509,陀螺仪,,,,,,,,0.1067,-0.0200,0.2852
1568306594821770,加速度计,-0.1167,8.6125,1.9190,,,,,,,
1568306604841301,加速度计,0.8787,8.4976,0.6063,,,,,,,
1568306614863176,加速度计,-0.4232,5.9502,9.4882,,,,,,,
1568306612366770,陀螺仪,,,,,,,,-0.1244,-0.0748,0.2527
1568306624877811,加速度计,-0.9679,3.8565,14.0833,,,,,,,
1568306634897134,加速度计,0.8553,7.2903,3.5757,,,,,,,
1568306632402291,陀螺仪,,,,,,,,0.0743,0.0238,0.3482
1568306644916718,加速度计,1.0564,8.2325,-1.9279,,,,,,,
1568306657131393,GPS,,,,31.9429,118.7839,3.7400,82.5000,,,
1568306654935468,加速度计,1.0708,3.9875,7.1281,,,,,,,
1568306652440207,陀螺仪,,,,,,,,-0.0967,0.0150,0.3063
1568306664954218,加速度计,-1.0331,5.8341,14.2820,,,,,,,
1568306674972968,加速度计,-1.5640,9.4553,9.2494,,,,,,,
1568306672477707,陀螺仪,,,,,,,,0.0746,0.0674,0.3684
1568306684991718,加速度计,1.0104,9.4116,2.9521,,,,,,,
1568306695010468,加速度计,-0.6943,6.7265,6.2944,,,,,,,
1568306692515207,陀螺仪,,,,,,,,0.0089,0.0551,0.3525
1568306705029218,加速度计,-0.9996,6.7175,9.6271,,,,,,,
1568306712552707,陀螺仪,,,,,,,,0.0173,0.0571,0.3245
1568306715047968,加速度计,-0.4615,10.0269,6.0962,,,,,,,
1568306725066718,加速度计,-1.4234,6.5571,5.6234,,,,,,,
1568306732590207,陀螺仪,,,,,,,,-0.0462,0.0360,0.3447
1568306735085468,加速度计,-1.1827,3.8385,4.7657,,,,,,,
1568306745104218,加速度计,0.0754,4.5460,9.2961,,,,,,,
1568306752627707,陀螺仪,,,,,,,,0.0285,0.0570,0.3591
1568306755122968,加速度计,-0.4100,9.4314,13.2238,,,,,,,
1568306765141718,加速度计,-2.2685,8.7263,12.0201,,,,,,,
1568306775160468,加速度计,0.8829,7.0982,3.2693,,,,,,,
1568306772665207,陀螺仪,,,,,,,,0.1546,0.1087,0.4029
1568306785179218,加速度计,0.3615,7.5214,-4.3395,,,,,,,
1568306792702707,陀螺仪,,,,,,,,-0.1218,0.0545,0.3372
1568306795197968,加速度计,-0.6201,5.3050,3.3459,,,,,,,
1568306805216718,加速度计,-0.2334,4.5717,12.0686,,,,,,,
1568306812740207,陀螺仪,,,,,,,,-0.0674,0.0913,0.4244
1568306815235468,加速度计,-1.2713,6.0783,16.9916,,,,,,,
1568306825254218,加速度计,-0.8787,8.7496,9.0339,,,,,,,
1568306832777707,陀螺仪,,,,,,,,0.0635,0.1666,0.5119
1568306835272968,加速度计,1.0265,6.8779,3.1645,,,,,,,
1568306845291718,加速度计,1.6101,6.5380,1.3611,,,,,,,
1568306855310884,加速度计,-0.2352,7.2748,8.6628,,,,,,,
1568306852815832,陀螺仪,,,,,,,,-0.0635,0.1376,0.3964
1568306865331718,加速度计,-0.1604,7.5884,12.6432,,,,,,,
1568306875348801,加速度计,-0.6596,7.3700,10.1891,,,,,,,
1568306872853124,陀螺仪,,,,,,,,0.0317,0.1659,0.4120
1568306885365884,加速度计,0.7739,6.3267,4.5137,,,,,,,
1568306892887291,陀螺仪,,,,,,,,0.0511,0.1842,0.3854
1568306895382968,加速度计,1.6233,5.8239,2.3080,,,,,,,
1568306905400051,加速度计,1.5963,7.4585,3.0604,,,,,,,
1568306915417134,加速度计,0.6764,7.5854,7.1042,,,,,,,
1568306912921457,陀螺仪,,,,,,,,-0.0451,0.1719,0.2696
1568306925434374,加速度计,-0.3903,4.8070,9.6067,,,,,,,
1568306932956561,陀螺仪,,,,,,,,0.0248,0.2000,0.2960
1568306935452030,加速度计,1.6610,8.5862,7.7626,,,,,,,
1568306945470103,加速度计,0.8446,7.5812,7.2862,,,,,,,
1568306955488593,加速度计,1.4575,6.9941,5.5079,,,,,,,
1568306952993332,陀螺仪,,,,,,,,0.0258,0.1746,0.2230
1568306965507499,加速度计,1.3288,6.3015,2.7372,,,,,,,
1568306975526822,加速度计,1.8411,7.2903,2.3433,,,,,,,
1568306973031770,陀螺仪,,,,,,,,-0.0254,0.1557,0.1196
1568306985546405,加速度计,0.8272,7.1407,7.4148,,,,,,,
1568306995565989,加速度计,0.5902,5.9017,15.9969,,,,,,,
1568306993070936,陀螺仪,,,,,,,,-0.0951,0.1032,0.0534
1568307005585572,加速度计,1.9471,7.2562,10.9188,,,,,,,
1568307013110103,陀螺仪,,,,,,,,0.1168,0.1418,-0.0047
1568307015605155,加速度计,1.1253,6.7086,2.5798,,,,,,,
1568307025624739,加速度计,1.9824,7.1539,-0.4292,,,,,,,
1568307035644322,加速度计,1.2133,7.6237,5.8383,,,,,,,
1568307033149270,陀螺仪,,,,,,,,-0.0840,0.0583,-0.1032
1568307045663905,加速度计,1.3575,7.5573,16.2141,,,,,,,
1568307055683489,加速度计,0.8535,8.3612,10.5315,,,,,,,
1568307053188436,陀螺仪,,,,,,,,-0.0083,0.0545,-0.1246
1568307065703072,加速度计,1.9902,5.2397,4.8411,,,,,,,
1568307073227603,陀螺仪,,,,,,,,0.0344,0.0610,-0.1623
1568307075722655,加速度计,2.4696,4.8764,3.0921,,,,,,,
1568307085742239,加速度计,0.2646,6.3650,5.9472,,,,,,,
1568307093266770,陀螺仪,,,,,,,,0.0124,0.0061,-0.1863
1568307095761822,加速度计,0.4094,9.3817,9.5816,,,,,,,
1568307105783593,加速度计,0.7835,9.0369,7.4681,,,,,,,
1568307115814218,加速度计,1.0032,7.0042,5.2487,,,,,,,
1568307113313645,陀螺仪,,,,,,,,-0.0059,-0.0049,-0.2111
1568307125812030,加速度计,0.1969,6.4362,4.5867,,,,,,,
1568307135810832,加速度计,-0.7368,5.2870,9.7001,,,,,,,
1568307133310780,陀螺仪,,,,,,,,-0.0607,-0.0314,-0.2249
1568307145811197,加速度计,-0.7093,7.1072,9.1213,,,,,,,
1568307155813957,加速度计,1.8878,8.9070,5.7281,,,,,,,
1568307153315155,陀螺仪,,,,,,,,0.0382,-0.0240,-0.1451
1568307165819791,加速度计,1.4359,7.8260,3.7008,,,,,,,
1568307173331822,陀螺仪,,,,,,,,-0.0581,-0.0322,-0.1844
1568307175828957,加速度计,-0.0622,4.4658,7.7189,,,,,,,
1568307185841614,加速度计,0.2711,5.1553,7.3394,,,,,,,
1568307193362759,陀螺仪,,,,,,,,0.0125,-0.0124,-0.0855
1568307195858020,加速度计,0.0934,7.3101,6.9282,,,,,,,
1568307205878020,加速度计,1.3773,6.7798,7.6345,,,,,,,
1568307215901353,加速度计,0.4854,8.3935,7.7536,,,,,,,
1568307213407759,陀螺仪,,,,,,,,0.0142,0.0037,-0.0702
1568307225927864,加速度计,0.3148,7.8410,6.3285,,,,,,,
1568307233464895,陀螺仪,,,,,,,,-0.0095,0.0356,-0.0278
1568307235957134,加速度计,1.0953,6.4961,5.0326,,,,,,,
1568307245988593,加速度计,-0.0521,5.3474,6.7277,,,,,,,
1568307253530051,陀螺仪,,,,,,,,-0.0174,0.0666,0.0439
1568307256021561,加速度计,0.5818,4.6184,9.0872,,,,,,,
1568307266055468,加速度计,0.7398,5.9598,8.5018,,,,,,,
1568307273598228,陀螺仪,,,,,,,,0.0752,0.0980,0.0796
1568307276089634,加速度计,1.0289,8.3258,6.6325,,,,,,,
1568307286118957,加速度计,0.6219,7.6471,6.8432,,,,,,,
1568307296139426,加速度计,0.7985,6.5278,9.3685,,,,,,,
1568307293644270,陀螺仪,,,,,,,,0.0426,0.0948,0.0513
1568307306158436,加速度计,0.9062,7.2161,7.6926,,,,,,,
1568307316177186,加速度计,0.0491,7.0168,5.8275,,,,,,,
1568307313681926,陀螺仪,,,,,,,,0.0848,0.1123,0.0695
1568307326195936,加速度计,1.3348,6.9635,5.5204,,,,,,,
1568307336214686,加速度计,1.2216,7.4765,9.8875,,,,,,,
1568307333719426,陀螺仪,,,,,,,,0.0336,0.0921,0.0124
1568307346233436,加速度计,0.3310,7.1617,10.0060,,,,,,,
1568307356253280,加速度计,1.0379,7.0814,4.7896,,,,,,,
1568307353758749,陀螺仪,,,,,,,,0.0980,0.1053,-0.0233
1568307366274114,加速度计,1.2617,7.3023,2.4080,,,,,,,
1568307376287447,加速度计,0.9888,6.6553,7.2287,,,,,,,
1568307373790832,陀螺仪,,,,,,,,-0.0120,0.0587,-0.0967
1568307386300989,加速度计,-0.5363,7.2628,12.8156,,,,,,,
1568307396314947,加速度计,0.2993,8.4270,5.7670,,,,,,,
1568307393818541,陀螺仪,,,,,,,,0.0690,0.0667,-0.0696
1568307406329322,加速度计,1.6963,6.3069,2.3750,,,,,,,
1568307416344322,加速度计,0.9170,6.2956,1.5664,,,,,,,
1568307413848228,陀螺仪,,,,,,,,-0.0099,0.0405,-0.1405
1568307426360155,加速度计,-0.0198,6.2728,5.8466,,,,,,,
1568307436376822,加速度计,-0.0497,8.0619,6.6104,,,,,,,
1568307433881145,陀螺仪,,,,,,,,-0.0956,0.0035,-0.1578
1568307446394322,加速度计,0.1544,6.4548,7.1407,,,,,,,
1568307453917395,陀螺仪,,,,,,,,-0.1112,0.0164,-0.1173
1568307456412655,加速度计,0.5160,5.0153,5.8963,,,,,,,
1568307466431822,加速度计,0.1448,6.1100,8.4587,,,,,,,
1568307476451822,加速度计,-0.0090,6.9049,9.4589,,,,,,,
1568307473956978,陀螺仪,,,,,,,,-0.0618,0.0395,-0.0784
1568307486472655,加速度计,-0.0772,7.7620,8.1409,,,,,,,
1568307496494322,加速度计,0.2592,7.4921,7.4789,,,,,,,
1568307493999895,陀螺仪,,,,,,,,-0.0198,0.0338,-0.0625
1568307506516614,加速度计,0.6381,6.2854,8.5503,,,,,,,
1568307516539322,加速度计,-0.9319,6.9456,8.1588,,,,,,,
1568307514045103,陀螺仪,,,,,,,,0.0213,0.0257,-0.0626
1568307526562239,加速度计,-0.4172,7.8344,5.3792,,,,,,,
1568307534090936,陀螺仪,,,,,,,,0.0306,0.0113,-0.0422
1568307536585155,加速度计,0.2424,6.5835,6.0328,,,,,,,
1568307546607864,加速度计,-0.2640,7.2155,6.0968,,,,,,,
1568307556628697,加速度计,-1.0924,7.0384,6.6170,,,,,,,
1568307554133541,陀螺仪,,,,,,,,0.0127,0.0069,-0.0234
1568307566647655,加速度计,0.2538,7.6303,5.9669,,,,,,,
1568307576666405,加速度计,0.1245,7.7680,5.7940,,,,,,,
1568307574171145,陀螺仪,,,,,,,,-0.0302,0.0097,0.0260
1568307586685155,加速度计,-0.1772,7.3239,5.8251,,,,,,,
1568307594208645,陀螺仪,,,,,,,,-0.0583,0.0318,0.0542
1568307596703905,加速度计,0.1155,6.3381,8.6377,,,,,,,
1568307606722864,加速度计,-0.6171,7.9895,9.5535,,,,,,,
1568307616743384,加速度计,-0.4866,6.8750,9.4349,,,,,,,
1568307614247291,陀螺仪,,,,,,,,-0.0242,0.0446,0.1055
1568307626759843,加速度计,0.4058,8.5240,6.9414,,,,,,,
1568307636779478,加速度计,0.0964,7.0066,4.9285,,,,,,,
1568307647471497,GPS,,,,31.9429,118.7839,3.6900,77.0000,,,
1568307634284009,陀螺仪,,,,,,,,-0.0021,0.0422,0.0702
1568307646797395,加速度计,0.2885,7.0378,5.0769,,,,,,,
1568307654319843,陀螺仪,,,,,,,,-0.0308,0.0071,0.0043
1568307656815311,加速度计,0.9720,6.6828,6.3548,,,,,,,
1568307666833228,加速度计,0.4387,9.0908,6.7756,,,,,,,
1568307674355676,陀螺仪,,,,,,,,-0.0517,-0.0041,-0.0162
1568307676851145,加速度计,-0.3154,6.1112,9.4308,,,,,,,
1568307686869061,加速度计,0.9080,6.1729,8.9818,,,,,,,
1568307694391509,陀螺仪,,,,,,,,0.0252,0.0089,0.0181
1568307696886978,加速度计,-0.3400,6.5493,6.5727,,,,,,,
1568307706904895,加速度计,1.4688,5.9215,5.1493,,,,,,,
1568307716922811,加速度计,1.5131,5.8047,6.3686,,,,,,,
1568307714427343,陀螺仪,,,,,,,,0.0391,0.0089,-0.0258
1568307726940728,加速度计,-0.1006,6.5565,5.5252,,,,,,,
1568307736958645,加速度计,0.3909,6.4416,5.7066,,,,,,,
1568307734463176,陀螺仪,,,,,,,,0.0495,0.0162,-0.0278
1568307746976561,加速度计,0.5836,6.2537,7.1646,,,,,,,
1568307754499426,陀螺仪,,,,,,,,0.0385,0.0168,-0.0036
1568307756994791,加速度计,0.9708,8.8939,5.2529,,,,,,,
1568307767016249,加速度计,0.5489,7.1455,8.2474,,,,,,,
1568307777046457,加速度计,-0.1161,7.7291,7.5657,,,,,,,
1568307774548697,陀螺仪,,,,,,,,0.0281,0.0285,-0.0084
1568307787055207,加速度计,0.2550,7.7237,8.3683,,,,,,,
1568307794566561,陀螺仪,,,,,,,,0.0435,0.0300,0.0059
1568307797064218,加速度计,0.5656,6.5793,5.6270,,,,,,,
1568307807073905,加速度计,0.6129,6.9935,5.0404,,,,,,,
1568307817084686,加速度计,0.5513,6.3416,8.7813,,,,,,,
1568307814587551,陀螺仪,,,,,,,,-0.0051,0.0004,-0.0198
1568307827096978,加速度计,0.1694,5.7066,8.7963,,,,,,,
1568307834614634,陀螺仪,,,,,,,,0.0385,0.0127,-0.0184
1568307837110936,加速度计,0.0359,8.5988,5.4366,,,,,,,
1568307847126561,加速度计,0.5513,6.9115,9.7971,,,,,,,
1568307857157864,加速度计,-0.7524,6.6685,10.5776,,,,,,,
1568307854666666,陀螺仪,,,,,,,,0.0430,0.0057,-0.0289
1568307867193124,加速度计,-0.8781,8.0122,8.2809,,,,,,,
1568307874733801,陀螺仪,,,,,,,,0.1084,0.0035,-0.0165
1568307877225936,加速度计,0.7159,7.8811,3.3609,,,,,,,
1568307887249634,加速度计,0.2089,7.2868,4.7860,,,,,,,
1568307894773280,陀螺仪,,,,,,,,-0.0092,-0.0312,-0.0502
1568307897268541,加速度计,-0.2538,6.7074,7.6543,,,,,,,
1568307907287291,加速度计,-0.6464,8.0738,6.2207,,,,,,,
1568307914810780,陀螺仪,,,,,,,,-0.0119,-0.0019,0.0084
1568307917306041,加速度计,0.4004,6.3428,4.3580,,,,,,,
1568307927324791,加速度计,0.7620,6.5595,4.2748,,,,,,,
1568307937343541,加速度计,-0.7266,6.0448,9.9042,,,,,,,
1568307934848280,陀螺仪,,,,,,,,-0.0952,0.0031,0.0377
1568307947362291,加速度计,-0.1760,7.0378,8.5665,,,,,,,
1568307957381041,加速度计,0.1167,7.5711,4.8064,,,,,,,
1568307954885780,陀螺仪,,,,,,,,-0.0352,0.0399,0.0951
1568307967399791,加速度计,0.0569,5.3486,5.5881,,,,,,,
1568307977418541,加速度计,-0.4735,5.0063,10.5267,,,,,,,
1568307974923280,陀螺仪,,,,,,,,-0.0908,0.0040,0.0698
1568307987437291,加速度计,-1.1516,7.6321,8.1702,,,,,,,
1568307997456041,加速度计,-0.2496,7.1419,7.6800,,,,,,,
1568307994960780,陀螺仪,,,,,,,,-0.0228,-0.0161,0.0847
1568308007474791,加速度计,-0.1407,5.3097,11.6035,,,,,,,
1568308017496145,加速度计,-0.1227,5.5970,10.5614,,,,,,,
1568308015008124,陀螺仪,,,,,,,,0.0648,-0.0067,0.0615
1568308027518124,加速度计,0.1065,8.3079,8.1576,,,,,,,
1568308035024791,陀螺仪,,,,,,,,0.1426,-0.0133,0.0690
1568308037523384,加速度计,-0.3579,7.9493,9.1482,,,,,,,
1568308047529322,加速度计,0.3735,7.1868,9.7474,,,,,,,
1568308055038280,陀螺仪,,,,,,,,0.2047,0.0095,0.0870
1568308057536353,加速度计,0.4561,7.1455,6.3919,,,,,,,
1568308067544895,加速度计,1.5083,8.7400,1.4635,,,,,,,
1568308075058228,陀螺仪,,,,,,,,0.0783,-0.0125,0.0599
1568308077555364,加速度计,1.1414,6.4781,4.5879,,,,,,,
1568308087567916,加速度计,0.0892,5.9765,8.2253,,,,,,,
1568308095086822,陀螺仪,,,,,,,,0.1140,0.0368,0.0900
1568308097582811,加速度计,-0.3178,7.4735,5.4103,,,,,,,
1568308107600207,加速度计,1.5496,7.7141,0.1718,,,,,,,
1568308115125364,陀螺仪,,,,,,,,-0.0145,0.0218,0.0663
1568308117620103,加速度计,0.8284,7.6483,-1.3437,,,,,,,
1568308127642239,加速度计,0.2855,5.4037,8.3552,,,,,,,
1568308137666457,加速度计,-0.0772,7.5340,11.1600,,,,,,,
1568308135172759,陀螺仪,,,,,,,,-0.0795,0.0097,0.0467
1568308147692499,加速度计,-0.4334,8.4785,7.2083,,,,,,,
1568308157719947,加速度计,1.3390,7.3310,5.7186,,,,,,,
1568308155226978,陀螺仪,,,,,,,,-0.0494,0.0301,0.0879
1568308167751249,加速度计,1.7436,5.9167,6.3458,,,,,,,
1568308175300364,陀螺仪,,,,,,,,-0.0571,0.0309,0.0041
1568308177795728,加速度计,0.3077,6.5841,8.1175,,,,,,,
1568308187814061,加速度计,1.1660,7.5352,9.9270,,,,,,,
1568308197832395,加速度计,0.7027,5.7557,9.6265,,,,,,,
1568308195337030,陀螺仪,,,,,,,,0.0328,0.0189,0.0063
1568308207850728,加速度计,2.0243,6.8013,5.2523,,,,,,,
1568308217869061,加速度计,1.1360,8.0984,3.0622,,,,,,,
1568308215373697,陀螺仪,,,,,,,,0.0636,0.0025,-0.0615
1568308227887395,加速度计,0.2209,6.8606,7.6722,,,,,,,
1568308235410364,陀螺仪,,,,,,,,0.0322,-0.0128,-0.0724
1568308237905728,加速度计,0.6063,6.8139,11.0714,,,,,,,
1568308247926770,加速度计,0.5285,7.0276,8.0643,,,,,,,
1568308255450832,陀螺仪,,,,,,,,0.1076,0.0256,-0.0447
1568308257947759,加速度计,2.0093,7.6596,5.2475,,,,,,,
1568308267959843,加速度计,0.8643,7.1389,5.3427,,,,,,,
1568308275475416,陀螺仪,,,,,,,,0.0377,0.0320,-0.0511
1568308277972239,加速度计,0.6692,7.8907,3.2495,,,,,,,
1568308287987864,加速度计,0.5333,8.0451,7.5483,,,,,,,
1568308295525676,陀螺仪,,,,,,,,-0.0048,0.0459,-0.0023
1568308298020207,加速度计,-0.5441,6.4242,12.6593,,,,,,,
1568308308040051,加速度计,0.7895,9.1153,5.3217,,,,,,,
1568308315563541,陀螺仪,,,,,,,,-0.0049,0.0647,0.0095
1568308318058801,加速度计,0.5231,8.6610,3.5584,,,,,,,
1568308328077551,加速度计,0.9589,7.3586,3.0023,,,,,,,
1568308335601041,陀螺仪,,,,,,,,-0.1779,0.0232,-0.0254
1568308338096301,加速度计,-0.9810,6.1196,10.1179,,,,,,,
1568308348115051,加速度计,-0.2861,7.6345,12.9221,,,,,,,
1568308358133801,加速度计,0.4160,6.0495,11.2994,,,,,,,
1568308355638541,陀螺仪,,,,,,,,-0.0527,0.0613,0.0490
1568308368152551,加速度计,1.3665,7.8105,2.5259,,,,,,,
1568308378171301,加速度计,0.4232,5.6773,0.3837,,,,,,,
1568308375676041,陀螺仪,,,,,,,,-0.0602,0.0434,-0.0361
1568308388190051,加速度计,-0.7925,5.5474,5.0931,,,,,,,
1568308395713541,陀螺仪,,,,,,,,-0.1124,-0.0310,-0.0586
1568308398208801,加速度计,-1.4401,3.8948,14.9476,,,,,,,
1568308408227551,加速度计,0.1718,7.0216,10.2460,,,,,,,
1568308418251405,加速度计,1.2474,7.9146,4.7555,,,,,,,
1568308415758697,陀螺仪,,,,,,,,0.0870,0.0180,0.0204
1568308428266770,加速度计,2.0877,6.7193,1.3366,,,,,,,
1568308438277603,加速度计,-0.6542,5.7760,2.1099,,,,,,,
1568308435780624,陀螺仪,,,,,,,,-0.0166,0.0059,-0.0808
1568308448290259,加速度计,-0.0024,7.3095,10.9930,,,,,,,
1568308455827343,陀螺仪,,,,,,,,-0.0044,-0.0057,0.0052
1568308458320103,加速度计,-0.3891,8.1373,14.2407,,,,,,,
1568308468341353,加速度计,1.8465,8.2612,8.6898,,,,,,,
1568308475864843,陀螺仪,,,,,,,,0.0870,0.0525,0.0032
1568308478360103,加速度计,2.2559,5.9544,1.5263,,,,,,,
1568308488378853,加速度计,0.9523,4.8285,2.3529,,,,,,,
1568308495902343,陀螺仪,,,,,,,,-0.0455,0.0194,-0.0316
1568308498397603,加速度计,0.1095,6.0861,10.7679,,,,,,,
1568308508416353,加速度计,-0.2652,7.0677,11.7753,,,,,,,
1568308515939843,陀螺仪,,,,,,,,0.0680,0.0617,0.0382
1568308518435103,加速度计,1.2151,9.1201,2.1225,,,,,,,
1568308528453853,加速度计,1.4766,5.6234,6.9168,,,,,,,
1568308538480468,加速度计,-0.0096,6.7540,9.0196,,,,,,,
1568308536000207,陀螺仪,,,,,,,,0.0053,0.0686,-0.0161
1568308548497343,加速度计,-1.0918,8.7700,8.7652,,,,,,,
1568308555993541,陀螺仪,,,,,,,,0.0594,0.0646,0.0328
1568308558494218,加速度计,1.3485,7.8464,4.9285,,,,,,,
1568308568492551,加速度计,1.3862,6.4302,5.6150,,,,,,,
1568308575993124,陀螺仪,,,,,,,,0.0164,0.0714,-0.0289
1568308578492864,加速度计,-0.1347,4.7710,8.7167,,,,,,,
1568308588495884,加速度计,0.4699,10.0275,4.8644,,,,,,,
1568308598502134,加速度计,0.9176,8.1906,7.9757,,,,,,,
1568308596003957,陀螺仪,,,,,,,,0.0148,0.0393,-0.0222
1568308608512030,加速度计,0.8056,6.1405,6.9605,,,,,,,
1568308618525676,加速度计,1.3719,6.4147,5.6755,,,,,,,
1568308616029374,陀螺仪,,,,,,,,0.0358,0.0699,-0.0912
1568308628557655,加速度计,-0.3938,7.6483,6.8331,,,,,,,
1568308645341496,GPS,,,,31.9429,118.7839,3.1100,75.6000,,,
1568308636166145,陀螺仪,,,,,,,,-0.0165,0.0244,-0.0925
1568308638644426,加速度计,0.0862,7.0581,9.6863,,,,,,,
1568308648680155,加速度计,0.6698,6.3464,8.1834,,,,,,,
1568308658698905,加速度计,1.0660,6.4506,6.0831,,,,,,,
1568308656203645,陀螺仪,,,,,,,,0.0196,0.0132,-0.1120
1568308668717655,加速度计,1.6023,5.6222,5.0518,,,,,,,
1568308678736405,加速度计,1.4072,6.0382,6.2243,,,,,,,
1568308676241145,陀螺仪,,,,,,,,0.0137,0.0079,-0.1699
1568308688755155,加速度计,0.3334,8.0816,8.1642,,,,,,,
1568308696278645,陀螺仪,,,,,,,,0.0265,-0.0166,-0.2174
1568308698773905,加速度计,0.3891,6.8061,8.3761,,,,,,,
1568308708802082,加速度计,0.6997,5.3917,8.3336,,,,,,,
1568308716316614,陀螺仪,,,,,,,,0.0655,-0.0487,-0.2189
1568308718818749,加速度计,0.8487,7.7033,5.3253,,,,,,,
1568308728819947,加速度计,0.1077,6.7235,8.9639,,,,,,,
1568308736354061,陀螺仪,,,,,,,,0.0704,-0.0617,-0.2680
1568308738849739,加速度计,-0.0162,8.8172,7.5118,,,,,,,
1568308748866822,加速度计,-0.1897,7.2215,6.2782,,,,,,,
1568308756388228,陀螺仪,,,,,,,,0.0294,-0.1044,-0.2700
1568308758883905,加速度计,-0.3759,5.7820,4.8333,,,,,,,
1568308768900989,加速度计,0.0622,6.4578,6.5314,,,,,,,
1568308776422395,陀螺仪,,,,,,,,0.0229,-0.1113,-0.2437
1568308778918072,加速度计,0.2095,6.9743,7.8069,,,,,,,
1568308788935155,加速度计,-0.9714,9.1057,6.9809,,,,,,,
1568308798952551,加速度计,0.4800,7.6950,8.3905,,,,,,,
1568308796456978,陀螺仪,,,,,,,,0.0261,-0.1064,-0.1862
1568308808970364,加速度计,-0.2951,6.2866,11.6777,,,,,,,
1568308816493228,陀螺仪,,,,,,,,0.1164,-0.0606,-0.1145
1568308818988593,加速度计,-0.2077,8.5485,6.9725,,,,,,,
1568308829007239,加速度计,0.8859,9.1357,4.6579,,,,,,,
1568308836531145,陀螺仪,,,,,,,,0.0597,-0.0723,-0.1013
1568308839026301,加速度计,0.7189,7.2610,3.7116,,,,,,,
1568308849045780,加速度计,0.7027,6.6637,6.4212,,,,,,,
1568308859065364,加速度计,-0.4776,6.8624,8.7227,,,,,,,
1568308856570311,陀螺仪,,,,,,,,0.0321,-0.0644,-0.0824
1568308869084947,加速度计,-0.4866,8.0888,7.4555,,,,,,,
1568308876609478,陀螺仪,,,,,,,,0.0893,-0.0072,-0.0144
1568308879104530,加速度计,0.9954,7.1365,2.7970,,,,,,,
1568308889124114,加速度计,0.8912,7.3119,-0.6111,,,,,,,
1568308896648645,陀螺仪,,,,,,,,-0.0957,-0.0521,-0.0521
1568308899143697,加速度计,-0.2676,5.0344,6.5392,,,,,,,
1568308909163280,加速度计,-0.2616,5.5941,10.8326,,,,,,,
1568308919182864,加速度计,0.5728,7.6561,6.6774,,,,,,,
1568308916687811,陀螺仪,,,,,,,,0.0140,0.0237,0.0370
1568308929202447,加速度计,0.8003,8.2367,1.5311,,,,,,,
1568308939230832,加速度计,-0.5345,5.7150,14.6633,,,,,,,
1568308936752968,陀螺仪,,,,,,,,-0.1329,-0.0117,0.0236
1568308949250103,加速度计,-1.1145,6.1842,14.5735,,,,,,,
1568308959246978,加速度计,0.6698,9.2757,5.8335,,,,,,,
1568308956746301,陀螺仪,,,,,,,,0.1370,0.0603,0.0856
1568308969245311,加速度计,1.6077,8.5168,-1.1301,,,,,,,
1568308979252759,加速度计,1.5580,3.7852,3.8912,,,,,,,
1568308976768541,陀螺仪,,,,,,,,-0.0397,-0.0044,-0.0403
1568308989310676,加速度计,-0.3154,6.4625,7.5184,,,,,,,
1568308996843541,陀螺仪,,,,,,,,-0.0426,-0.0587,-0.1051
1568308999338801,加速度计,-1.1881,8.4593,8.9376,,,,,,,
1568309009357551,加速度计,-0.5986,7.2712,10.4262,,,,,,,
1568309019376301,加速度计,0.7236,6.6170,6.6673,,,,,,,
1568309016881041,陀螺仪,,,,,,,,0.0228,-0.0312,-0.0534
1568309029395051,加速度计,-0.1089,8.0206,2.4355,,,,,,,
1568309036918541,陀螺仪,,,,,,,,-0.0791,-0.0754,-0.1025
1568309039413801,加速度计,-1.9106,6.0226,6.7804,,,,,,,
1568309049432551,加速度计,-0.4363,5.0518,9.3565,,,,,,,
1568309056956041,陀螺仪,,,,,,,,-0.0369,-0.0927,-0.0403
1568309059451301,加速度计,0.4244,7.2149,7.3963,,,,,,,
1568309069470051,加速度计,-0.8122,6.9306,6.7846,,,,,,,
1568309076993541,陀螺仪,,,,,,,,-0.0401,-0.0692,-0.0593
1568309079488801,加速度计,-1.0876,6.8708,5.5085,,,,,,,
1568309089507551,加速度计,-1.0780,7.7440,4.7136,,,,,,,
1568309097031041,陀螺仪,,,,,,,,-0.1272,-0.1028,-0.0192
1568309099526301,加速度计,0.5154,6.7546,9.6971,,,,,,,
1568309109545051,加速度计,-0.8865,6.5134,13.7828,,,,,,,
1568309117068541,陀螺仪,,,,,,,,-0.0205,-0.0585,0.0445
1568309119563801,加速度计,-0.1520,7.8195,8.2738,,,,,,,
1568309129582551,加速度计,-0.6399,5.6156,5.3439,,,,,,,
1568309139601301,加速度计,2.3146,6.0334,4.4694,,,,,,,
1568309137106041,陀螺仪,,,,,,,,-0.0557,-0.1028,0.0312
1568309149620051,加速度计,-0.2203,5.1505,10.0952,,,,,,,
1568309159638801,加速度计,-0.5537,7.4364,6.9983,,,,,,,
1568309157143541,陀螺仪,,,,,,,,-0.0230,-0.1041,-0.0198
1568309169657551,加速度计,0.1371,6.3315,5.8401,,,,,,,
1568309177181041,陀螺仪,,,,,,,,-0.0306,-0.1085,0.0049
1568309179676301,加速度计,-0.8458,5.0488,5.7281,,,,,,,
1568309189695051,加速度计,-1.1642,5.5833,7.0599,,,,,,,
1568309199713801,加速度计,0.8398,7.3897,8.5096,,,,,,,
1568309197218541,陀螺仪,,,,,,,,-0.0065,-0.1229,0.0507
1568309209732551,加速度计,-0.4196,6.5553,8.0834,,,,,,,
1568309217256041,陀螺仪,,,,,,,,0.0876,-0.0840,0.0529
1568309219751301,加速度计,-0.4088,6.7211,6.5655,,,,,,,
1568309229775416,加速度计,0.0694,9.1734,0.0940,,,,,,,
1568309239791301,加速度计,-0.5171,9.3039,-1.4114,,,,,,,
1568309237294061,陀螺仪,,,,,,,,-0.0678,-0.1213,0.0577
1568309249802134,加速度计,1.3054,5.8442,9.4972,,,,,,,
1568309259813332,加速度计,-0.8727,5.1595,14.0959,,,,,,,
1568309257316301,陀螺仪,,,,,,,,-0.1483,-0.1139,0.0791
1568309269825311,加速度计,0.7141,6.5086,10.2202,,,,,,,
1568309279838124,加速度计,1.8932,9.9407,1.2977,,,,,,,
1568309277341561,陀螺仪,,,,,,,,-0.0056,-0.0462,0.1684
1568309289852134,加速度计,0.9978,6.5386,6.9462,,,,,,,
1568309299867395,加速度计,0.9463,5.7898,9.4643,,,,,,,
1568309297371457,陀螺仪,,,,,,,,-0.0523,-0.0362,0.1214
1568309309883905,加速度计,-0.3897,8.4898,10.1113,,,,,,,
1568309319901666,加速度计,1.0259,9.7456,6.2022,,,,,,,
1568309317406353,陀螺仪,,,,,,,,0.0487,-0.0226,0.1402
1568309329920676,加速度计,0.8469,5.3965,7.2371,,,,,,,
1568309339940936,加速度计,0.0557,7.5776,4.5544,,,,,,,
1568309337446249,陀螺仪,,,,,,,,0.0455,-0.0229,0.1390
1568309349962447,加速度计,0.8045,7.3215,6.3333,,,,,,,
1568309359985207,加速度计,0.5525,8.0481,4.5346,,,,,,,
1568309357491093,陀螺仪,,,,,,,,0.0174,-0.0068,0.1393
1568309370008853,加速度计,1.1331,5.5426,6.3015,,,,,,,
1568309380033332,加速度计,0.5884,6.7846,8.0349,,,,,,,
1568309377539582,陀螺仪,,,,,,,,-0.0257,0.0031,0.1470
1568309390058280,加速度计,-0.3232,6.7750,7.8302,,,,,,,
1568309400083280,加速度计,0.6087,8.6353,2.3601,,,,,,,
1568309397589582,陀螺仪,,,,,,,,-0.0069,0.0490,0.1792
1568309410108280,加速度计,0.5626,7.7746,2.5367,,,,,,,
1568309420128905,加速度计,0.3627,5.9011,11.6346,,,,,,,
1568309417633853,陀螺仪,,,,,,,,-0.1754,0.0189,0.1545
1568309430148176,加速度计,-1.8735,5.8413,14.5142,,,,,,,
1568309440166978,加速度计,-0.3717,9.3763,7.0725,,,,,,,
1568309437671718,陀螺仪,,,,,,,,-0.0063,0.0909,0.2306
1568309450185728,加速度计,0.7620,6.0094,5.1116,,,,,,,
1568309460204478,加速度计,0.9164,6.1615,4.7405,,,,,,,
1568309457709218,陀螺仪,,,,,,,,-0.0293,0.0764,0.2388
1568309470223228,加速度计,-0.1993,6.8091,6.9994,,,,,,,
1568309480243801,加速度计,0.2963,6.7433,6.7205,,,,,,,
1568309477749895,陀螺仪,,,,,,,,0.0043,0.0856,0.2051
1568309490261405,加速度计,0.7416,8.8322,2.0016,,,,,,,
1568309500276822,加速度计,0.8775,4.1527,8.3001,,,,,,,
1568309497780728,陀螺仪,,,,,,,,-0.0959,0.0726,0.2063
1568309510292239,加速度计,0.2107,7.1377,7.4065,,,,,,,
1568309520308020,加速度计,-0.1520,6.7540,5.3959,,,,,,,
1568309517812082,陀螺仪,,,,,,,,-0.0704,0.1208,0.1844
1568309530324218,加速度计,-0.9619,4.4227,4.7513,,,,,,,
1568309540340832,加速度计,0.0856,5.0308,6.0980,,,,,,,
1568309537845103,陀螺仪,,,,,,,,-0.1023,0.0992,0.2770
1568309550357864,加速度计,1.4970,4.5191,10.6063,,,,,,,
1568309560375311,加速度计,0.8434,9.9850,7.7303,,,,,,,
1568309557879791,陀螺仪,,,,,,,,-0.0222,0.1366,0.2585
1568309570393176,加速度计,0.8242,7.7225,9.1710,,,,,,,
1568309580411457,加速度计,0.6327,4.9704,9.8204,,,,,,,
1568309577916145,陀螺仪,,,,,,,,-0.0362,0.1541,0.2194
1568309590430155,加速度计,0.7614,7.8338,5.5731,,,,,,,
1568309600449270,加速度计,1.2623,7.0198,5.1685,,,,,,,
1568309597954166,陀螺仪,,,,,,,,-0.0427,0.1413,0.1904
1568309610468801,加速度计,-0.5740,7.2455,10.2903,,,,,,,
1568309620488749,加速度计,-0.4555,7.3568,8.4958,,,,,,,
1568309617994166,陀螺仪,,,,,,,,-0.0217,0.1406,0.1671
1568309630515468,加速度计,1.8435,6.1154,6.2255,,,,,,,
1568309645261340,GPS,,,,31.9429,118.7840,2.0900,78.5000,,,
1568309640543280,加速度计,1.5185,8.3809,2.5546,,,,,,,
1568309638048020,陀螺仪,,,,,,,,-0.0065,0.1266,0.0852
1568309650562030,加速度计,0.3023,4.8872,7.8243,,,,,,,
1568309660580780,加速度计,-0.6159,5.0518,7.0234,,,,,,,
1568309658085520,陀螺仪,,,,,,,,-0.0470,0.1161,0.0369
1568309670599530,加速度计,0.9804,8.8250,6.3434,,,,,,,
1568309680618280,加速度计,1.1576,6.3662,9.2739,,,,,,,
1568309678123020,陀螺仪,,,,,,,,-0.0816,0.0799,0.0607
1568309690637030,加速度计,0.4609,6.4709,7.8638,,,,,,,
1568309698160520,陀螺仪,,,,,,,,-0.0166,0.1190,0.0439
1568309700655780,加速度计,0.8972,6.5894,6.8001,,,,,,,
1568309710674530,加速度计,0.9517,7.5914,7.1198,,,,,,,
1568309718198020,陀螺仪,,,,,,,,0.0188,0.1182,0.0370
1568309720693280,加速度计,-0.2077,7.0024,10.0359,,,,,,,
1568309730717291,加速度计,0.2496,8.2642,8.2211,,,,,,,
1568309740732707,加速度计,1.9201,8.7460,5.5803,,,,,,,
1568309738235259,陀螺仪,,,,,,,,0.0559,0.0920,0.0008
1568309750742707,加速度计,0.0928,6.4476,9.3152,,,,,,,
1568309760753072,加速度计,0.1490,9.0537,8.6862,,,,,,,
1568309758255832,陀螺仪,,,,,,,,0.0443,0.0557,-0.0710
1568309770764218,加速度计,0.6626,7.0611,11.7495,,,,,,,
1568309780776561,加速度计,1.0451,7.6507,4.6699,,,,,,,
1568309778279895,陀螺仪,,,,,,,,0.1454,0.0510,-0.0957
1568309790790155,加速度计,1.8818,6.5799,4.2150,,,,,,,
1568309800804999,加速度计,0.6291,5.0296,5.9855,,,,,,,
1568309798309009,陀螺仪,,,,,,,,0.1115,0.0213,-0.1852
1568309810821457,加速度计,-0.2418,6.8827,6.2902,,,,,,,
1568309820839582,加速度计,-0.2412,6.2411,7.2239,,,,,,,
1568309818344426,陀螺仪,,,,,,,,0.1214,-0.0290,-0.1896
1568309830859374,加速度计,1.6927,7.7440,3.5249,,,,,,,
1568309840880468,加速度计,0.0287,6.4201,5.5516,,,,,,,
1568309838385989,陀螺仪,,,,,,,,0.0884,-0.0431,-0.1884
1568309850902811,加速度计,0.6632,7.6381,9.0638,,,,,,,
1568309860926405,加速度计,0.4334,8.0649,9.0692,,,,,,,
1568309858432499,陀螺仪,,,,,,,,0.1261,-0.0224,-0.1892
1568309870950884,加速度计,-0.5429,7.3538,7.4561,,,,,,,
1568309880975832,加速度计,1.3306,8.1074,3.1490,,,,,,,
1568309878482186,陀螺仪,,,,,,,,0.1441,-0.0237,-0.1329
1568309891001197,加速度计,1.1570,7.8518,3.4285,,,,,,,
1568309901026614,加速度计,0.4393,6.0597,7.4029,,,,,,,
1568309898532864,陀螺仪,,,,,,,,0.0264,-0.0522,-0.1864
1568309911050936,加速度计,-0.2825,8.1349,6.1573,,,,,,,
1568309921070364,加速度计,-0.2951,7.0689,7.8596,,,,,,,
1568309918575103,陀螺仪,,,,,,,,0.0306,-0.0421,-0.1276
1568309931089114,加速度计,0.1616,6.4823,9.2608,,,,,,,
1568309941107864,加速度计,-0.4495,7.5004,5.6862,,,,,,,
1568309938612603,陀螺仪,,,,,,,,0.1059,0.0048,-0.0651
1568309951126614,加速度计,0.0790,7.3795,3.3070,,,,,,,
1568309961145364,加速度计,-0.0269,6.2112,5.8161,,,,,,,
1568309958650103,陀螺仪,,,,,,,,0.0434,-0.0262,-0.0594
1568309971164114,加速度计,-0.3998,6.6337,10.3519,,,,,,,
1568309981193853,加速度计,-0.6177,8.7568,8.3372,,,,,,,
1568309978702030,陀螺仪,,,,,,,,0.1181,0.0125,0.0017
1568309991204166,加速度计,0.5423,9.7881,1.4688,,,,,,,
1568310001207447,加速度计,-0.1544,5.9185,4.0193,,,,,,,
1568309998708436,陀螺仪,,,,,,,,0.0017,0.0015,-0.0128
1568310011211509,加速度计,-0.1628,6.6696,7.5208,,,,,,,
1568310021217134,加速度计,0.3783,6.9043,10.1275,,,,,,,
1568310018718905,陀螺仪,,,,,,,,-0.0433,-0.0008,0.0028
1568310031224791,加速度计,-1.7789,7.9308,9.2644,,,,,,,
1568310041234895,加速度计,1.4676,7.6776,6.0938,,,,,,,
1568310038737864,陀螺仪,,,,,,,,-0.0085,0.0260,0.0597
1568310051247499,加速度计,1.2133,7.2760,2.1392,,,,,,,
1568310061262968,加速度计,0.0455,7.2083,3.6500,,,,,,,
1568310058767343,陀螺仪,,,,,,,,-0.1539,-0.0012,-0.0144
1568310071281353,加速度计,-0.0311,5.2637,13.6811,,,,,,,
1568310081302291,加速度计,-0.3208,5.6521,15.0069,,,,,,,
1568310078807968,陀螺仪,,,,,,,,-0.0847,0.0061,0.0526
1568310091325728,加速度计,0.5914,8.6568,5.6689,,,,,,,
1568310101351301,加速度计,0.6488,6.8265,1.4946,,,,,,,
1568310098858020,陀螺仪,,,,,,,,-0.0276,0.0309,0.0294
1568310111378593,加速度计,0.3035,4.6849,5.4289,,,,,,,
1568310121407186,加速度计,-1.1887,6.1004,9.5798,,,,,,,
1568310118914530,陀螺仪,,,,,,,,-0.0866,-0.0415,-0.0514
1568310131436666,加速度计,-1.0098,7.6800,9.1069,,,,,,,
1568310141466614,加速度计,-0.1233,7.8326,3.3417,,,,,,,
1568310138974166,陀螺仪,,,,,,,,-0.0261,-0.0430,-0.0170
1568310151496614,加速度计,-0.3400,6.0561,5.1565,,,,,,,
1568310161521145,加速度计,-0.1407,5.2349,10.2286,,,,,,,
1568310159026561,陀螺仪,,,,,,,,-0.1080,-0.0670,-0.0169
1568310171540884,加速度计,-1.2558,6.6415,10.1167,,,,,,,
1568310181559686,加速度计,-0.8625,6.3446,6.4805,,,,,,,
1568310179064426,陀螺仪,,,,,,,,-0.0358,-0.0490,0.0579
1568310191578436,加速度计,0.3693,5.7203,2.0476,,,,,,,
1568310201597186,加速度计,1.1007,4.4694,5.2235,,,,,,,
1568310199101926,陀螺仪,,,,,,,,-0.0756,-0.0510,0.0618
1568310211615936,加速度计,-0.3089,6.5577,7.6022,,,,,,,
1568310221634686,加速度计,-1.2641,6.5577,11.4275,,,,,,,
1568310219139686,陀螺仪,,,,,,,,-0.0688,-0.0458,0.0744
1568310231658957,加速度计,0.8559,8.4438,8.1068,,,,,,,
1568310241672707,加速度计,0.5094,5.4989,6.6260,,,,,,,
1568310239176197,陀螺仪,,,,,,,,-0.0200,-0.0202,0.1079
1568310251686457,加速度计,0.6812,6.4548,3.0215,,,,,,,
1568310261700207,加速度计,0.3250,5.6144,8.6933,,,,,,,
1568310259203801,陀螺仪,,,,,,,,-0.0782,-0.0442,0.0975
1568310271714374,加速度计,1.0900,8.4318,7.2694,,,,,,,
1568310281728957,加速度计,0.4830,7.1228,8.4880,,,,,,,
1568310279232864,陀螺仪,,,,,,,,-0.0039,0.0250,0.1308
1568310291744374,加速度计,0.8326,7.9667,3.0119,,,,,,,
1568310301760624,加速度计,0.9780,6.6254,7.1263,,,,,,,
1568310299264947,陀螺仪,,,,,,,,-0.0403,0.0321,0.1324
1568310311777707,加速度计,0.7931,8.6101,7.6501,,,,,,,
1568310321795624,加速度计,0.9391,8.4240,8.5341,,,,,,,
1568310319300364,陀螺仪,,,,,,,,-0.0312,0.0301,0.1474
1568310331814374,加速度计,0.4393,8.2887,7.4585,,,,,,,
1568310341833957,加速度计,0.9942,7.1820,8.2373,,,,,,,
1568310339339114,陀螺仪,,,,,,,,0.0101,0.0481,0.1033
1568310351854374,加速度计,0.8284,6.1447,6.9456,,,,,,,
1568310361875624,加速度计,0.6560,7.7554,4.3215,,,,,,,
1568310359381093,陀螺仪,,,,,,,,0.0237,0.0115,0.0523
1568310371897291,加速度计,1.3288,8.4294,3.9325,,,,,,,
1568310381919374,加速度计,0.3100,6.7882,10.5818,,,,,,,
1568310379425051,陀螺仪,,,,,,,,-0.0441,-0.0387,-0.0096
1568310391941874,加速度计,1.1426,7.4095,7.1946,,,,,,,
1568310401964374,加速度计,0.7386,7.0396,7.0838,,,,,,,
1568310399470051,陀螺仪,,,,,,,,0.0220,-0.0180,-0.0633
1568310411986874,加速度计,0.9499,6.7876,4.9997,,,,,,,
1568310422009374,加速度计,0.4310,4.9129,7.9715,,,,,,,
1568310419523072,陀螺仪,,,,,,,,-0.0241,-0.0591,-0.0843
1568310432035103,加速度计,0.7596,7.4915,4.3126,,,,,,,
1568310439542291,陀螺仪,,,,,,,,-0.0505,-0.0766,-0.0863
1568310442040780,加速度计,1.3402,5.8502,3.5871,,,,,,,
1568310452047134,加速度计,-0.2071,6.1866,7.3622,,,,,,,
1568310459556614,陀螺仪,,,,,,,,-0.0969,-0.0732,-0.0523
1568310462054582,加速度计,-0.0239,7.3759,9.4607,,,,,,,
1568310472063541,加速度计,1.1217,7.4502,15.2954,,,,,,,
1568310482100832,加速度计,-0.3376,7.3520,10.3633,,,,,,,
1568310479611405,陀螺仪,,,,,,,,0.0499,-0.0252,0.0081
1568310492142916,加速度计,0.6626,5.8041,3.5392,,,,,,,
1568310502161666,加速度计,1.2151,6.0172,-0.2059,,,,,,,
1568310512180416,加速度计,-0.5177,7.9900,6.7199,,,,,,,
1568310499666405,陀螺仪,,,,,,,,0.0931,-0.0124,0.0109
1568310522199166,加速度计,-0.5770,8.3809,11.4742,,,,,,,
1568310519703905,陀螺仪,,,,,,,,-0.0107,-0.0253,0.0629
1568310532217916,加速度计,-0.4280,7.5112,8.3905,,,,,,,
1568310542236666,加速度计,0.0599,7.5352,1.4976,,,,,,,
1568310539741405,陀螺仪,,,,,,,,0.0533,0.0399,0.1467
1568310552255416,加速度计,0.1652,5.3965,5.1894,,,,,,,
1568310562274166,加速度计,-0.7847,7.7141,8.8029,,,,,,,
1568310559778905,陀螺仪,,,,,,,,-0.0289,0.0439,0.2032
1568310572292916,加速度计,-1.3521,7.6034,13.1926,,,,,,,
1568310582311666,加速度计,0.7266,7.8195,8.3294,,,,,,,
1568310579816405,陀螺仪,,,,,,,,0.0993,0.1164,0.3169
1568310592330416,加速度计,0.5495,6.6331,3.9307,,,,,,,
1568310602349166,加速度计,-0.0880,7.0168,6.6876,,,,,,,
1568310599853905,陀螺仪,,,,,,,,0.0704,0.1186,0.3037
1568310612367916,加速度计,-0.4764,7.6728,11.9866,,,,,,,
1568310622386666,加速度计,1.4916,8.5234,6.5912,,,,,,,
1568310619892239,陀螺仪,,,,,,,,0.1502,0.1676,0.3633
1568310632412082,加速度计,1.6179,7.9338,2.5480,,,,,,,
1568310648328683,GPS,,,,31.9429,118.7840,2.9900,75.9000,,,
1568310642422082,加速度计,0.5195,6.6134,2.0027,,,,,,,
1568310639924634,陀螺仪,,,,,,,,0.0365,0.1707,0.3007
1568310652432239,加速度计,-0.1975,5.4085,12.6156,,,,,,,
1568310662442968,加速度计,-1.0493,7.5328,13.3638,,,,,,,
1568310659945832,陀螺仪,,,,,,,,0.0622,0.1634,0.3200
1568310672454686,加速度计,1.7508,7.7997,7.9242,,,,,,,
1568310679971145,陀螺仪,,,,,,,,0.1434,0.2005,0.2920
1568310682467655,加速度计,2.2368,7.4400,3.3603,,,,,,,
1568310692481874,加速度计,0.1873,6.4913,6.5966,,,,,,,
1568310702497499,加速度计,1.0056,6.2758,10.5087,,,,,,,
1568310700001718,陀螺仪,,,,,,,,0.1093,0.1667,0.1905
1568310712514791,加速度计,-0.6464,7.7249,9.4206,,,,,,,
1568310720038801,陀螺仪,,,,,,,,0.1937,0.1675,0.1913
1568310722533749,加速度计,1.7095,5.8137,5.6737,,,,,,,
1568310732554218,加速度计,2.1392,4.8818,2.9407,,,,,,,
1568310740081614,陀螺仪,,,,,,,,0.1280,0.1244,0.0668
1568310742575936,加速度计,0.8769,6.0053,0.6327,,,,,,,
1568310752598905,加速度计,0.9547,7.7494,8.6808,,,,,,,
1568310760129166,陀螺仪,,,,,,,,0.0961,0.1210,0.0242
1568310762622968,加速度计,0.4669,9.3607,10.7158,,,,,,,
1568310772647707,加速度计,0.7171,7.3298,8.0451,,,,,,,
1568310780179270,陀螺仪,,,,,,,,0.0985,0.1634,0.0185
1568310782672864,加速度计,2.4654,5.8490,2.9538,,,,,,,
1568310792698280,加速度计,-0.0257,3.6182,5.6814,,,,,,,
1568310802723072,加速度计,0.1275,6.6038,9.5110,,,,,,,
1568310800229061,陀螺仪,,,,,,,,0.0431,0.1493,0.0232
1568310812744947,加速度计,0.7033,8.8951,9.6923,,,,,,,
1568310822763697,加速度计,0.2221,7.2760,8.2223,,,,,,,
1568310820268436,陀螺仪,,,,,,,,0.0951,0.1346,0.0270
1568310832782447,加速度计,1.5808,5.7180,5.9586,,,,,,,
1568310842801197,加速度计,0.7961,7.0587,7.8757,,,,,,,
1568310840305936,陀螺仪,,,,,,,,0.1109,0.1364,-0.0318
1568310852819947,加速度计,-0.2029,8.6844,10.0706,,,,,,,
1568310860343436,陀螺仪,,,,,,,,0.1787,0.1218,-0.0370
1568310862838697,加速度计,0.7183,10.0934,5.1894,,,,,,,
1568310872860572,加速度计,2.0093,7.2197,0.5483,,,,,,,
1568310882890728,加速度计,1.0199,8.2217,1.8812,,,,,,,
1568310880388593,陀螺仪,,,,,,,,0.0160,0.0687,-0.1756
1568310892882395,加速度计,-0.6165,6.3291,9.2506,,,,,,,
1568310900374114,陀螺仪,,,,,,,,-0.0080,0.0447,-0.1579
1568310902875520,加速度计,-1.2474,7.2921,11.8758,,,,,,,
1568310912871145,加速度计,0.0706,7.8476,4.7465,,,,,,,
1568310920370364,陀螺仪,,,,,,,,-0.0072,0.0609,-0.0880
1568310922870103,加速度计,1.6370,6.2686,-0.5590,,,,,,,
1568310932873020,加速度计,0.1544,5.0595,2.7845,,,,,,,
1568310940382759,陀螺仪,,,,,,,,-0.1225,0.0571,-0.1001
1568310942880311,加速度计,-0.8015,7.6148,9.9772,,,,,,,
1568310952892186,加速度计,-0.5872,9.1423,13.4183,,,,,,,
1568310962908645,加速度计,-0.9080,7.1563,8.6066,,,,,,,
1568310960413384,陀螺仪,,,,,,,,-0.0324,0.0879,0.0043
1568310972929686,加速度计,1.1857,7.0515,4.4095,,,,,,,
1568310982955103,加速度计,0.6859,6.0759,5.3528,,,,,,,
1568310980462030,陀螺仪,,,,,,,,-0.0904,0.0911,-0.0170
1568310992984478,加速度计,0.5860,6.7558,10.0485,,,,,,,
1568311003017186,加速度计,-1.3821,7.7357,11.7412,,,,,,,
1568311000525780,陀螺仪,,,,,,,,-0.0659,0.0996,-0.0282
1568311013052603,加速度计,0.3047,7.0551,6.4081,,,,,,,
1568311023090103,加速度计,1.8016,5.1852,5.1421,,,,,,,
1568311020599739,陀螺仪,,,,,,,,-0.0107,0.1060,-0.0024
1568311033128853,加速度计,1.4617,6.1920,2.0027,,,,,,,
1568311043167811,加速度计,0.5710,7.2371,6.7074,,,,,,,
1568311040677551,陀螺仪,,,,,,,,-0.1041,0.0771,-0.1176
1568311053196561,加速度计,-0.6009,6.4350,8.3659,,,,,,,
1568311063215311,加速度计,0.6249,8.1337,3.3130,,,,,,,
1568311060720051,陀螺仪,,,,,,,,-0.0856,0.0859,-0.0652
1568311073234061,加速度计,0.8733,3.9708,6.8277,,,,,,,
1568311080757551,陀螺仪,,,,,,,,-0.1023,0.1284,-0.0453
1568311083252811,加速度计,1.0564,5.6838,5.9155,,,,,,,
1568311093271561,加速度计,-0.5561,6.2872,8.4084,,,,,,,
1568311103290311,加速度计,0.4717,7.8290,6.2578,,,,,,,
1568311100795051,陀螺仪,,,,,,,,-0.0895,0.1278,0.0080
1568311113309061,加速度计,1.1797,7.7716,9.9323,,,,,,,
1568311123330103,加速度计,0.2251,6.9983,10.0610,,,,,,,
1568311120838593,陀螺仪,,,,,,,,-0.0668,0.1497,-0.0164
1568311133355624,加速度计,0.2083,8.0008,7.0665,,,,,,,
1568311140858072,陀螺仪,,,,,,,,-0.0208,0.1543,-0.0507
1568311143357499,加速度计,0.6901,8.5455,5.5701,,,,,,,
1568311153360207,加速度计,1.1839,7.4849,5.8269,,,,,,,
1568311163364374,加速度计,0.2209,7.3352,10.6075,,,,,,,
1568311160865676,陀螺仪,,,,,,,,-0.0834,0.0893,-0.1457
1568311173370416,加速度计,-0.2849,5.9801,11.7112,,,,,,,
1568311183378749,加速度计,0.2430,8.2432,7.5765,,,,,,,
1568311180881197,陀螺仪,,,,,,,,0.0668,0.0486,-0.2177
1568311193389791,加速度计,2.0716,6.3596,4.9865,,,,,,,
1568311200907655,陀螺仪,,,,,,,,0.0457,-0.0153,-0.3610
1568311203403749,加速度计,0.6375,7.3550,5.4977,,,,,,,
1568311213420624,加速度计,-0.1251,5.5557,6.0184,,,,,,,
1568311223440416,加速度计,-0.1652,7.3430,3.1017,,,,,,,
1568311220945780,陀螺仪,,,,,,,,0.0205,-0.0748,-0.4087
1568311233462916,加速度计,0.3172,4.8782,6.9599,,,,,,,
1568311243487916,加速度计,0.6560,7.3843,4.0995,,,,,,,
1568311240994530,陀螺仪,,,,,,,,0.0083,-0.1057,-0.3891
1568311253515207,加速度计,0.2538,7.0665,6.2465,,,,,,,
1568311263544374,加速度计,-0.0754,7.4334,6.0424,,,,,,,
1568311261051926,陀螺仪,,,,,,,,-0.0226,-0.1093,-0.4177
1568311273574791,加速度计,-1.8082,6.4117,8.4617,,,,,,,
1568311281113697,陀螺仪,,,,,,,,-0.0104,-0.1447,-0.3483
1568311283605832,加速度计,1.7382,5.8365,7.0575,,,,,,,
1568311293637082,加速度计,1.3162,8.5479,2.0776,,,,,,,
1568311301170572,陀螺仪,,,,,,,,-0.1192,-0.1812,-0.4388
1568311303664582,加速度计,0.4818,5.5180,4.9805,,,,,,,
1568311313685832,加速度计,0.0108,5.2654,8.7424,,,,,,,
1568311323712707,加速度计,-0.6165,5.4253,12.9293,,,,,,,
1568311321225364,陀螺仪,,,,,,,,-0.0799,-0.2032,-0.3957
1568311333770311,加速度计,1.2384,7.6614,4.8387,,,,,,,
1568311341269582,陀螺仪,,,,,,,,-0.0225,-0.2092,-0.4061
1568311343787551,加速度计,1.0008,5.4929,6.0136,,,,,,,
1568311353717134,加速度计,1.2743,6.2507,8.0074,,,,,,,
1568311363651718,加速度计,-0.0509,6.6517,10.4848,,,,,,,
1568311361136249,陀螺仪,,,,,,,,-0.0120,-0.2286,-0.4072
1568311373594426,加速度计,0.4124,8.0960,7.7566,,,,,,,
1568311383547968,加速度计,1.8136,7.5172,5.2780,,,,,,,
1568311381037916,陀螺仪,,,,,,,,0.0835,-0.1815,-0.3634
1568311393514634,加速度计,0.3436,6.1070,6.1375,,,,,,,
1568311400993436,陀螺仪,,,,,,,,0.0481,-0.1601,-0.3147
1568311403496093,加速度计,0.2699,8.4408,3.9546,,,,,,,
1568311413493176,加速度计,-0.3765,8.0074,5.5839,,,,,,,
1568311423506093,加速度计,0.4723,8.2582,6.2339,,,,,,,
1568311421011353,陀螺仪,,,,,,,,-0.0301,-0.1421,-0.1929
1568311433534426,加速度计,-0.2652,7.2921,8.2786,,,,,,,
1568311441089582,陀螺仪,,,,,,,,-0.0320,-0.0826,-0.1044
1568311443577134,加速度计,0.5154,8.0595,5.5025,,,,,,,
1568311453632759,加速度计,-0.1885,8.7143,5.7383,,,,,,,
1568311461217395,陀螺仪,,,,,,,,-0.0948,-0.0506,-0.0485
1568311463699426,加速度计,-0.1903,7.0665,7.6626,,,,,,,
1568311473774843,加速度计,-0.4519,7.6746,8.2498,,,,,,,
1568311483856301,加速度计,0.0922,7.2095,7.2586,,,,,,,
1568311481377291,陀螺仪,,,,,,,,-0.0893,-0.0169,-0.0068
1568311493941093,加速度计,-0.2472,7.9248,5.0572,,,,,,,
1568311504018384,加速度计,-0.0407,5.2978,7.5387,,,,,,,
1568311501535624,陀螺仪,,,,,,,,-0.1438,-0.0204,0.0189
1568311514062134,加速度计,0.2029,7.4118,8.2917,,,,,,,
1568311524080884,加速度计,0.4058,5.4037,11.9542,,,,,,,
1568311521585624,陀螺仪,,,,,,,,-0.0755,0.0016,0.0503
1568311534099634,加速度计,0.8302,7.8883,4.6286,,,,,,,
1568311544118384,加速度计,0.7949,5.7221,7.7063,,,,,,,
1568311541623124,陀螺仪,,,,,,,,-0.0350,0.0224,0.0013
1568311554137134,加速度计,-0.0844,5.6174,5.9825,,,,,,,
1568311564155884,加速度计,0.8003,6.6433,5.3103,,,,,,,
1568311561660624,陀螺仪,,,,,,,,-0.0306,-0.0071,-0.0158
1568311574174634,加速度计,0.0407,7.1281,7.1281,,,,,,,
1568311584195884,加速度计,-0.1975,6.0262,10.6728,,,,,,,
1568311581705936,陀螺仪,,,,,,,,-0.0289,-0.0083,-0.0499
1568311594284166,加速度计,0.4471,6.4536,8.1481,,,,,,,
1568311601842082,陀螺仪,,,,,,,,0.0313,-0.0441,-0.0766
1568311604379739,加速度计,1.0618,7.2927,7.7189,,,,,,,
1568311614229739,加速度计,0.7685,6.2441,5.8963,,,,,,,
1568311624086353,加速度计,0.5848,7.1066,5.4749,,,,,,,
1568311621554270,陀螺仪,,,,,,,,0.0663,-0.0443,-0.1667
1568311633983072,加速度计,0.0784,6.2680,3.5009,,,,,,,
1568311649960766,GPS,,,,31.9429,118.7840,3.4600,76.4000,,,
1568311643901770,加速度计,0.5537,7.3999,4.1916,,,,,,,
1568311641383176,陀螺仪,,,,,,,,-0.0012,-0.1028,-0.2035
1568311653840468,加速度计,0.3867,6.9288,11.5808,,,,,,,
1568311661294270,陀螺仪,,,,,,,,0.0301,-0.1313,-0.2350
1568311663801718,加速度计,0.5321,8.6185,11.8872,,,,,,,
1568311673786822,加速度计,1.2294,8.0697,6.0651,,,,,,,
1568311681300728,陀螺仪,,,,,,,,0.0800,-0.1409,-0.3483
1568311683796093,加速度计,1.3539,7.4603,0.6524,,,,,,,
1568311693829009,加速度计,-0.3406,5.4109,4.2497,,,,,,,
1568311701399739,陀螺仪,,,,,,,,-0.0278,-0.2290,-0.3806
1568311703883957,加速度计,0.2705,6.1106,11.4592,,,,,,,
1568311713958593,加速度计,0.6794,7.9781,9.5014,,,,,,,
1568311721574218,陀螺仪,,,,,,,,0.0581,-0.2249,-0.3381
1568311724049895,加速度计,0.1838,6.8372,8.6407,,,,,,,
1568311734154270,加速度计,1.4611,7.5741,5.8281,,,,,,,
1568311741797186,陀螺仪,,,,,,,,0.0843,-0.2080,-0.3707
1568311744267968,加速度计,0.6207,7.3083,6.6475,,,,,,,
1568311754386718,加速度计,0.3771,7.6836,4.6807,,,,,,,
1568311762026197,陀螺仪,,,,,,,,0.0136,-0.2406,-0.3202
1568311764499166,加速度计,0.3795,7.2185,5.7724,,,,,,,
1568311774551353,加速度计,0.5537,6.2429,8.7550,,,,,,,
1568311782074843,陀螺仪,,,,,,,,0.0285,-0.1940,-0.2521
1568311784570103,加速度计,-0.0820,5.5683,7.9350,,,,,,,
1568311794588853,加速度计,0.6500,7.1886,5.8305,,,,,,,
1568311802112343,陀螺仪,,,,,,,,0.0342,-0.1684,-0.1740
1568311804607603,加速度计,-0.1520,6.5655,5.1421,,,,,,,
1568311814626353,加速度计,0.3077,7.3993,4.3658,,,,,,,
1568311822149843,陀螺仪,,,,,,,,-0.0284,-0.1522,-0.1431
1568311824645103,加速度计,-0.0209,6.3985,7.9847,,,,,,,
1568311834663853,加速度计,-0.9086,6.0849,11.4622,,,,,,,
1568311842187343,陀螺仪,,,,,,,,0.0526,-0.0947,-0.0009
1568311844682603,加速度计,0.2011,6.9611,8.4617,,,,,,,
1568311854708020,加速度计,0.8811,7.7051,4.5125,,,,,,,
1568311862222655,陀螺仪,,,,,,,,0.0506,-0.0768,-0.0104
1568311864719686,加速度计,-0.0305,6.2680,6.4781,,,,,,,
1568311874731405,加速度计,-0.5130,7.7339,6.4147,,,,,,,
1568311882246718,陀螺仪,,,,,,,,0.0273,-0.1104,-0.0200
1568311884743541,加速度计,-0.6518,7.4950,8.8388,,,,,,,
1568311894756145,加速度计,-0.0964,8.5389,9.7019,,,,,,,
1568311902273332,陀螺仪,,,,,,,,0.0687,-0.1044,-0.0107
1568311904769634,加速度计,-0.4776,6.8007,8.4228,,,,,,,
1568311914784374,加速度计,-0.2574,7.6722,3.1328,,,,,,,
1568311922304686,陀螺仪,,,,,,,,0.0338,-0.1427,-0.0603
1568311924800364,加速度计,-0.3017,5.8293,4.5675,,,,,,,
1568311934817603,加速度计,-0.5602,7.3741,6.7702,,,,,,,
1568311942341041,陀螺仪,,,,,,,,0.0447,-0.1667,-0.0655
1568311944836093,加速度计,-1.2109,7.9200,8.6610,,,,,,,
1568311954855832,加速度计,0.1993,9.4278,4.6100,,,,,,,
1568311962382239,陀螺仪,,,,,,,,-0.0149,-0.1927,-0.0489
1568311964876770,加速度计,-1.1815,5.3618,5.2134,,,,,,,
1568311974898541,加速度计,0.4908,7.8524,6.6667,,,,,,,
1568311982427030,陀螺仪,,,,,,,,-0.0246,-0.1916,-0.0238
1568311984921145,加速度计,-0.7883,5.9747,10.3854,,,,,,,
1568311994944530,加速度计,-0.9457,8.1547,7.9889,,,,,,,
1568312002474426,陀螺仪,,,,,,,,0.0533,-0.1493,0.0285
1568312004968332,加速度计,-0.2370,7.2083,6.0867,,,,,,,
1568312014992499,加速度计,0.1095,7.5699,3.0628,,,,,,,
1568312022522759,陀螺仪,,,,,,,,-0.0306,-0.1738,0.0302
1568312025016666,加速度计,-0.2604,6.5691,6.2537,,,,,,,
1568312035040155,加速度计,-1.1103,8.1355,7.7566,,,,,,,
1568312042563645,陀螺仪,,,,,,,,-0.0292,-0.1587,0.1024
1568312045058905,加速度计,-0.2406,5.8861,8.9705,,,,,,,
1568312055077655,加速度计,0.1401,7.0288,5.3941,,,,,,,
1568312065096405,加速度计,0.0820,5.8281,8.3528,,,,,,,
1568312062601145,陀螺仪,,,,,,,,-0.0173,-0.1089,0.1619
1568312075115155,加速度计,-0.3956,7.2443,4.7687,,,,,,,
1568312085133905,加速度计,-0.8589,6.9366,6.8744,,,,,,,
1568312082638645,陀螺仪,,,,,,,,-0.0137,-0.0609,0.2202
1568312095152811,加速度计,-0.3579,6.2076,11.2342,,,,,,,
1568312105174895,加速度计,-0.2221,7.9218,10.8631,,,,,,,
1568312102678801,陀螺仪,,,,,,,,0.0525,0.0012,0.3394
1568312115190311,加速度计,0.2179,7.0264,5.4061,,,,,,,
1568312125205728,加速度计,-0.0868,8.3677,0.6788,,,,,,,
1568312122709634,陀螺仪,,,,,,,,0.0539,0.0734,0.4059
1568312135221145,加速度计,-0.8015,5.6743,5.3301,,,,,,,
1568312142740624,陀螺仪,,,,,,,,-0.0423,0.0778,0.4121
1568312145236614,加速度计,-0.5183,6.6888,9.2841,,,,,,,
1568312155252499,加速度计,-0.6584,7.5944,8.6383,,,,,,,
1568312165268801,加速度计,0.1634,8.1762,6.3883,,,,,,,
1568312162773020,陀螺仪,,,,,,,,0.0146,0.1257,0.4618
1568312175285520,加速度计,-1.0020,7.3873,6.6924,,,,,,,
1568312182807239,陀螺仪,,,,,,,,-0.0079,0.1415,0.4197
1568312185302707,加速度计,0.7242,6.9402,6.6421,,,,,,,
1568312195320728,加速度计,0.5866,7.9529,6.2890,,,,,,,
1568312202844374,陀螺仪,,,,,,,,-0.0297,0.1192,0.3481
1568312205339530,加速度计,-0.6847,6.3620,8.9932,,,,,,,
1568312215358749,加速度计,1.3856,6.2770,7.5591,,,,,,,
1568312222883436,陀螺仪,,,,,,,,0.0083,0.1292,0.2924
1568312225378384,加速度计,-0.6135,7.1880,5.6778,,,,,,,
1568312235398436,加速度计,0.5710,7.3777,4.4766,,,,,,,
1568312242924166,陀螺仪,,,,,,,,-0.0317,0.0695,0.1967
1568312245418905,加速度计,-0.3795,6.6158,8.4851,,,,,,,
1568312255439791,加速度计,-0.4651,6.3596,9.5690,,,,,,,
1568312262966405,陀螺仪,,,,,,,,0.0338,0.0349,0.1578
1568312265461041,加速度计,1.3994,7.8691,6.8696,,,,,,,
1568312275482291,加速度计,-0.5273,7.9470,6.0436,,,,,,,
1568312285503541,加速度计,0.6303,6.6912,5.8023,,,,,,,
1568312283008905,陀螺仪,,,,,,,,0.0288,0.0103,0.0770
1568312295524791,加速度计,0.1233,5.7724,5.2631,,,,,,,
1568312303051405,陀螺仪,,,,,,,,-0.0032,-0.0274,0.0174
1568312305546041,加速度计,-0.6315,6.5374,3.9869,,,,,,,
1568312315566978,加速度计,0.0132,6.8815,11.6520,,,,,,,
1568312323090468,陀螺仪,,,,,,,,0.0105,-0.0660,0.0121
1568312325585728,加速度计,-0.7290,5.7922,16.9096,,,,,,,
1568312335604478,加速度计,-0.4028,7.8374,7.5423,,,,,,,
1568312345623957,加速度计,0.0617,7.6237,-2.7964,,,,,,,
1568312343130155,陀螺仪,,,,,,,,0.1605,-0.0573,-0.0345
1568312355659843,加速度计,0.1856,4.6633,1.7765,,,,,,,
1568312365658645,加速度计,1.2079,5.3792,10.7655,,,,,,,
1568312363158489,陀螺仪,,,,,,,,-0.0439,-0.1507,-0.0627
1568312375657968,加速度计,-0.2047,6.8947,15.2026,,,,,,,
1568312385658645,加速度计,1.3144,10.9044,2.3577,,,,,,,
1568312383159322,陀螺仪,,,,,,,,0.1060,-0.0840,-0.0265
1568312395661457,加速度计,0.4932,5.9125,4.1863,,,,,,,
1568312405666822,加速度计,0.7500,4.9291,6.2159,,,,,,,
1568312403168853,陀螺仪,,,,,,,,-0.0246,-0.0995,-0.0621
1568312415675155,加速度计,-0.0419,7.5232,8.7891,,,,,,,
1568312423190676,陀螺仪,,,,,,,,0.0099,-0.0708,0.0016
1568312425686874,加速度计,1.6310,8.7131,7.9607,,,,,,,
1568312435702343,加速度计,0.4130,7.4514,5.7892,,,,,,,
1568312443227082,陀螺仪,,,,,,,,-0.0020,-0.0298,0.0304
1568312445721509,加速度计,0.9319,5.9891,4.5789,,,,,,,
1568312455744009,加速度计,1.3342,6.4153,5.9065,,,,,,,
1568312463276926,陀螺仪,,,,,,,,-0.0216,-0.0221,0.0591
1568312465769791,加速度计,0.3095,8.5647,8.6832,,,,,,,
1568312475798384,加速度计,0.2280,7.9134,10.1933,,,,,,,
1568312483337082,陀螺仪,,,,,,,,0.0326,0.0099,0.0953
1568312485829009,加速度计,0.7739,8.1271,6.8767,,,,,,,
1568312495861249,加速度计,1.0427,6.7624,5.7191,,,,,,,
1568312503403124,陀螺仪,,,,,,,,0.0218,0.0113,0.0893
1568312505894634,加速度计,0.0838,5.7754,5.7581,,,,,,,
1568312515928384,加速度计,0.8110,7.9224,4.6932,,,,,,,
1568312523465624,陀螺仪,,,,,,,,0.0036,0.0326,0.0987
1568312525960468,加速度计,0.6063,7.3843,7.7369,,,,,,,
1568312535980676,加速度计,-0.1143,6.6613,7.9960,,,,,,,
1568312545999426,加速度计,0.2705,6.9713,6.2106,,,,,,,
1568312543504166,陀螺仪,,,,,,,,0.0148,0.0635,0.1336
1568312556018176,加速度计,0.8374,6.9192,6.7684,,,,,,,
1568312563541666,陀螺仪,,,,,,,,-0.0144,0.0704,0.1598
1568312566036926,加速度计,0.0551,7.9212,6.1333,,,,,,,
1568312576055676,加速度计,-0.1131,5.8670,7.8225,,,,,,,
1568312583579166,陀螺仪,,,,,,,,-0.0093,0.0919,0.1646
1568312586074426,加速度计,0.2514,7.0264,6.7002,,,,,,,
1568312596093489,加速度计,0.8398,6.1046,8.9567,,,,,,,
1568312606116197,加速度计,0.2753,7.6136,8.1439,,,,,,,
1568312603619686,陀螺仪,,,,,,,,0.0113,0.1111,0.1619
1568312616129947,加速度计,-0.3274,8.4928,8.2935,,,,,,,
1568312626153853,加速度计,0.7799,8.3079,3.2016,,,,,,,
1568312623674634,陀螺仪,,,,,,,,0.0123,0.1103,0.1395
1568312636173645,加速度计,0.0287,5.5653,5.3169,,,,,,,
1568312647173213,GPS,,,,31.9429,118.7841,3.3600,78.7000,,,
1568312643672551,陀螺仪,,,,,,,,-0.0718,0.0823,0.1084
1568312646172707,加速度计,0.3071,6.4506,6.4608,,,,,,,
1568312656172811,加速度计,0.0413,6.6319,9.2416,,,,,,,
1568312663675468,陀螺仪,,,,,,,,-0.0165,0.0712,0.0973
1568312666174791,加速度计,0.5519,8.3109,6.2584,,,,,,,
1568312676179166,加速度计,1.7448,6.6702,7.5908,,,,,,,
1568312686186353,加速度计,0.5944,6.1375,11.2893,,,,,,,
1568312683688384,陀螺仪,,,,,,,,-0.0157,0.0373,0.0071
1568312696196770,加速度计,0.2682,7.9865,7.3867,,,,,,,
1568312703714634,陀螺仪,,,,,,,,0.0732,0.0330,-0.0491
1568312706210832,加速度计,1.5473,8.0445,4.3574,,,,,,,
1568312716228645,加速度计,0.4429,6.4009,3.2184,,,,,,,
1568312723755468,陀螺仪,,,,,,,,-0.0358,-0.0320,-0.1053
1568312726249895,加速度计,0.1107,5.1284,6.0340,,,,,,,
1568312736274478,加速度计,0.8996,6.9977,10.4303,,,,,,,
1568312746302082,加速度计,0.4980,8.4803,10.3495,,,,,,,
1568312743809218,陀螺仪,,,,,,,,0.0354,-0.0423,-0.1093
1568312756331978,加速度计,0.7404,7.1916,8.0481,,,,,,,
1568312766363645,加速度计,2.4044,7.0749,3.4494,,,,,,,
1568312763871718,陀螺仪,,,,,,,,0.1012,-0.0258,-0.1320
1568312776396666,加速度计,0.4459,6.6990,2.2505,,,,,,,
1568312783938801,陀螺仪,,,,,,,,-0.0336,-0.0728,-0.1687
1568312786430311,加速度计,0.9409,6.1657,6.3303,,,,,,,
1568312796464061,加速度计,0.5752,6.2926,7.8189,,,,,,,
1568312803993384,陀螺仪,,,,,,,,-0.0272,-0.0658,-0.1125
1568312806488124,加速度计,0.0353,6.4404,9.2931,,,,,,,
1568312816507395,加速度计,1.4257,6.5398,8.9070,,,,,,,
1568312824030884,陀螺仪,,,,,,,,0.0467,-0.0226,-0.0943
1568312826526145,加速度计,0.7416,7.2646,5.8724,,,,,,,
1568312836544895,加速度计,0.7889,7.4873,3.8481,,,,,,,
1568312844068384,陀螺仪,,,,,,,,-0.0313,-0.0336,-0.1088
1568312846563645,加速度计,-0.1137,6.8600,3.7194,,,,,,,
1568312856583697,加速度计,-0.8655,6.1836,8.3917,,,,,,,
1568312866600364,加速度计,0.2227,5.5911,10.8589,,,,,,,
1568312864104582,陀螺仪,,,,,,,,-0.0534,-0.0490,-0.0417
1568312876617030,加速度计,0.7793,7.4436,7.5890,,,,,,,
1568312886633697,加速度计,0.7889,7.0725,6.2566,,,,,,,
1568312884137916,陀螺仪,,,,,,,,0.0257,-0.0097,-0.0105
1568312896650364,加速度计,1.5592,6.8690,3.6488,,,,,,,
1568312904171509,陀螺仪,,,,,,,,-0.0445,-0.0182,-0.0686
1568312906667186,加速度计,0.2125,6.6750,8.0673,,,,,,,
1568312916684426,加速度计,-0.6147,7.2065,8.6443,,,,,,,
1568312924206614,陀螺仪,,,,,,,,-0.0039,-0.0096,0.0021
1568312926702082,加速度计,0.5279,6.3249,8.5814,,,,,,,
1568312936720155,加速度计,1.1839,6.9641,5.3235,,,,,,,
1568312946738645,加速度计,0.7560,5.7419,7.4939,,,,,,,
1568312944243384,陀螺仪,,,,,,,,-0.0041,-0.0108,-0.0105
1568312956757551,加速度计,0.9607,7.9338,6.8432,,,,,,,
1568312966776874,加速度计,-0.0102,7.5196,9.9138,,,,,,,
1568312964281822,陀螺仪,,,,,,,,0.0049,-0.0112,-0.0161
1568312976796614,加速度计,1.1378,8.2648,7.5651,,,,,,,
1568312986816614,加速度计,0.6261,8.2618,0.5381,,,,,,,
1568312984321666,陀螺仪,,,,,,,,0.0344,0.0045,-0.0113
1568312996836614,加速度计,1.0205,6.6792,3.4931,,,,,,,
1568313004361666,陀螺仪,,,,,,,,-0.1146,-0.0431,-0.0728
1568313006856614,加速度计,-0.5195,5.7030,7.8775,,,,,,,
1568313016876614,加速度计,-2.2242,6.6798,11.8256,,,,,,,
1568313026898332,加速度计,0.6632,8.7490,7.2227,,,,,,,
1568313024404530,陀螺仪,,,,,,,,-0.0039,-0.0180,0.0425
1568313036927707,加速度计,0.5154,7.7303,7.6423,,,,,,,
1568313046936197,加速度计,-0.4184,7.6998,7.4011,,,,,,,
1568313044438436,陀螺仪,,,,,,,,-0.0129,0.0209,0.0562
1568313056945103,加速度计,-0.0940,7.8811,8.7514,,,,,,,
1568313066954582,加速度计,-0.0407,7.3328,5.3067,,,,,,,
1568313064457134,陀螺仪,,,,,,,,-0.0091,0.0125,0.0891
1568313076965051,加速度计,-0.5435,6.5098,8.8053,,,,,,,
1568313086976926,加速度计,0.3992,6.0412,8.9669,,,,,,,
1568313084480207,陀螺仪,,,,,,,,0.0330,0.0208,0.1253
1568313096991874,加速度计,-0.0377,8.7706,4.6920,,,,,,,
1568313107036145,加速度计,0.6656,7.3771,1.9190,,,,,,,
1568313104546405,陀螺仪,,,,,,,,0.0535,0.0370,0.0917
1568313117071457,加速度计,0.4369,7.2036,2.4325,,,,,,,
1568313127090207,加速度计,-0.6530,4.5801,9.8210,,,,,,,
1568313124594947,陀螺仪,,,,,,,,-0.0756,-0.0036,0.0617
1568313137108957,加速度计,-0.3286,6.9773,8.1648,,,,,,,
1568313147127707,加速度计,-0.5309,7.2042,4.3814,,,,,,,
1568313144632447,陀螺仪,,,,,,,,0.0261,0.0395,0.1305
1568313157146457,加速度计,1.0792,6.5080,0.3663,,,,,,,
1568313167165207,加速度计,0.9559,5.3774,7.3418,,,,,,,
1568313164669947,陀螺仪,,,,,,,,-0.1254,0.0093,0.0794
1568313177183957,加速度计,-0.9487,6.2914,14.3496,,,,,,,
1568313187202707,加速度计,-0.9409,7.8721,10.4034,,,,,,,
1568313184707447,陀螺仪,,,,,,,,-0.0019,0.0296,0.1264
1568313197221457,加速度计,0.0994,8.6700,2.1859,,,,,,,
1568313207240207,加速度计,2.1518,5.4229,2.4253,,,,,,,
1568313204744947,陀螺仪,,,,,,,,-0.0313,0.0265,0.1230
1568313217258957,加速度计,0.7691,5.4462,5.2421,,,,,,,
1568313227284947,加速度计,-0.3436,6.5900,12.9760,,,,,,,
1568313224793593,陀螺仪,,,,,,,,-0.0795,-0.0192,0.0104
1568313237298541,加速度计,0.0994,9.2255,11.4485,,,,,,,
1568313247305572,加速度计,-0.6590,7.3568,8.7801,,,,,,,
1568313244807499,陀螺仪,,,,,,,,0.0549,0.0061,0.0655
1568313257313384,加速度计,0.7272,8.9914,3.8337,,,,,,,
1568313267322395,加速度计,1.0768,6.6972,4.6023,,,,,,,
1568313264824947,陀螺仪,,,,,,,,-0.0270,-0.0280,0.0206
1568313277333020,加速度计,0.6446,5.9951,11.1582,,,,,,,
1568313287345311,加速度计,-1.1277,7.6519,4.8542,,,,,,,
1568313284848749,陀螺仪,,,,,,,,0.0200,-0.0128,0.0304
1568313297359634,加速度计,-0.6087,5.9777,3.9816,,,,,,,
1568313307376041,加速度计,1.1510,7.3526,4.3473,,,,,,,
1568313304880520,陀螺仪,,,,,,,,-0.0386,-0.0145,0.0768
1568313317394530,加速度计,-0.8655,6.1286,11.6442,,,,,,,
1568313327415103,加速度计,-0.4531,9.2356,6.9420,,,,,,,
1568313324920572,陀螺仪,,,,,,,,0.0262,0.0080,0.1461
1568313337437395,加速度计,1.0564,8.3246,0.6458,,,,,,,
1568313347461353,加速度计,1.0696,6.8983,3.1813,,,,,,,
1568313344969114,陀螺仪,,,,,,,,-0.1140,0.0072,0.0977
1568313357505936,加速度计,-2.4630,4.9811,11.9291,,,,,,,
1568313367541353,加速度计,-1.0834,6.7558,12.3427,,,,,,,
1568313365046093,陀螺仪,,,,,,,,-0.0625,0.0300,0.1802
1568313377560103,加速度计,-0.1179,8.8783,6.9659,,,,,,,
1568313387578853,加速度计,0.5058,6.4805,5.0302,,,,,,,
1568313385083593,陀螺仪,,,,,,,,-0.0587,0.0426,0.2166
1568313397597603,加速度计,0.3118,3.4806,8.1457,,,,,,,
1568313405121093,陀螺仪,,,,,,,,-0.0337,0.0366,0.1634
1568313407616353,加速度计,-0.4142,5.5575,7.7949,,,,,,,
1568313417635103,加速度计,0.5195,6.9989,6.3602,,,,,,,
1568313427653853,加速度计,0.0407,5.8903,8.2660,,,,,,,
1568313425158593,陀螺仪,,,,,,,,-0.0210,0.0356,0.2193
1568313437672603,加速度计,0.5255,6.5841,7.1664,,,,,,,
1568313447691353,加速度计,0.6381,5.4259,5.5647,,,,,,,
1568313445196093,陀螺仪,,,,,,,,0.0206,0.0714,0.2152
1568313457710103,加速度计,-0.5118,6.9911,8.3564,,,,,,,
1568313467728853,加速度计,-0.0593,7.4274,7.9104,,,,,,,
1568313465233593,陀螺仪,,,,,,,,0.0406,0.0983,0.2562
1568313477747603,加速度计,1.3216,7.1790,6.5661,,,,,,,
1568313485271093,陀螺仪,,,,,,,,0.0407,0.1274,0.2591
1568313487766353,加速度计,0.1891,7.7422,2.2631,,,,,,,
1568313497785103,加速度计,0.0503,5.6755,8.0918,,,,,,,
1568313507803853,加速度计,0.1568,6.0549,12.1123,,,,,,,
1568313505308593,陀螺仪,,,,,,,,-0.0011,0.1352,0.3004
1568313517822603,加速度计,-0.0443,8.8573,7.2125,,,,,,,
1568313525346093,陀螺仪,,,,,,,,0.0971,0.1819,0.3172
1568313527841353,加速度计,0.2831,8.7179,3.6823,,,,,,,
1568313537860103,加速度计,0.6590,7.7345,2.9078,,,,,,,
1568313547878853,加速度计,0.3406,5.7431,8.3863,,,,,,,
1568313545383593,陀螺仪,,,,,,,,-0.0308,0.1415,0.2529
1568313557897603,加速度计,0.1939,9.0842,7.4220,,,,,,,
1568313567916353,加速度计,0.5602,7.9936,7.7351,,,,,,,
1568313565421093,陀螺仪,,,,,,,,-0.0208,0.1470,0.2530
1568313577935103,加速度计,0.7230,6.0531,9.8683,,,,,,,
1568313585458593,陀螺仪,,,,,,,,0.0362,0.1633,0.2162
1568313587953853,加速度计,0.3561,7.9236,9.1812,,,,,,,
1568313597973541,加速度计,0.7338,7.6549,6.4608,,,,,,,
1568313607995780,加速度计,1.1570,8.3971,4.8878,,,,,,,
1568313605499270,陀螺仪,,,,,,,,0.0832,0.1358,0.1613
1568313618009530,加速度计,0.6470,7.2562,2.4852,,,,,,,
1568313628036509,加速度计,1.9549,5.4929,5.1445,,,,,,,
1568313643740765,GPS,,,,31.9429,118.7841,3.2900,75.4000,,,
1568313625539686,陀螺仪,,,,,,,,-0.0148,0.0995,0.0802
1568313638049009,加速度计,1.5802,6.3093,6.0855,,,,,,,
1568313648061509,加速度计,0.2364,6.4051,9.9808,,,,,,,
1568313645568436,陀螺仪,,,,,,,,-0.0447,0.0965,0.0426
1568313658094061,加速度计,0.5225,7.2670,11.9201,,,,,,,
1568313665630572,陀螺仪,,,,,,,,0.0254,0.1109,0.0630
1568313668135936,加速度计,0.5908,7.7728,9.8527,,,,,,,
1568313678114582,加速度计,2.1823,8.0451,7.4879,,,,,,,
1568313688094895,加速度计,0.4100,6.4871,5.3606,,,,,,,
1568313685590572,陀螺仪,,,,,,,,0.0746,0.1100,-0.0442
1568313698078436,加速度计,0.6590,4.9704,0.3771,,,,,,,
1568313705564530,陀螺仪,,,,,,,,-0.0378,0.0558,-0.1083
1568313708066457,加速度计,2.1757,5.4211,-2.1362,,,,,,,
1568313718060103,加速度计,1.1193,6.5218,8.1128,,,,,,,
1568313728060103,加速度计,-0.3160,5.5587,19.3505,,,,,,,
1568313725561405,陀螺仪,,,,,,,,-0.1224,0.0411,-0.0772
1568313738066874,加速度计,1.7490,9.2069,11.8507,,,,,,,
1568313745585572,陀螺仪,,,,,,,,0.0860,0.0989,-0.0561
1568313748080728,加速度计,2.5067,7.6315,6.9994,,,,,,,
1568313758101561,加速度计,1.5317,5.5186,8.6688,,,,,,,
1568313765637030,陀螺仪,,,,,,,,0.1401,0.0876,-0.1008
1568313768128957,加速度计,0.2963,7.0814,9.4673,,,,,,,
1568313778162395,加速度计,0.9415,9.8007,6.4356,,,,,,,
1568313785711614,陀螺仪,,,,,,,,0.1659,0.0635,-0.0980
1568313788201041,加速度计,1.1821,6.9067,2.9562,,,,,,,
1568313798243957,加速度计,1.6047,7.1898,1.2815,,,,,,,
1568313805801822,陀螺仪,,,,,,,,0.0292,0.0481,-0.1795
1568313808289895,加速度计,1.3192,6.7630,3.9073,,,,,,,
1568313818337603,加速度计,-0.7027,7.7069,8.1104,,,,,,,
1568313825897239,陀螺仪,,,,,,,,0.0162,0.0313,-0.1080
1568313828385520,加速度计,-0.4357,6.2638,10.5632,,,,,,,
1568313838425207,加速度计,1.5030,7.0234,4.9662,,,,,,,
1568313848443957,加速度计,1.8956,8.5647,2.6121,,,,,,,
1568313845948697,陀螺仪,,,,,,,,0.0597,0.0811,-0.0815
1568313858462707,加速度计,0.2035,6.9091,7.4190,,,,,,,
1568313865986197,陀螺仪,,,,,,,,-0.0021,0.0684,-0.0923
1568313868481457,加速度计,0.1724,7.2610,8.6981,,,,,,,
1568313878500207,加速度计,0.7895,8.3175,7.2323,,,,,,,
1568313886023697,陀螺仪,,,,,,,,-0.0109,0.0730,-0.0670
1568313888518957,加速度计,0.3196,6.5278,6.2106,,,,,,,
1568313898537707,加速度计,1.1516,6.4548,5.3983,,,,,,,
1568313908557082,加速度计,0.3226,5.1960,7.2425,,,,,,,
1568313906062447,陀螺仪,,,,,,,,-0.0141,0.0872,-0.0807
1568313918580468,加速度计,0.8314,6.2225,3.3297,,,,,,,
1568313926095624,陀螺仪,,,,,,,,-0.0330,0.0783,-0.0688
1568313928592551,加速度计,0.3220,5.1661,6.7445,,,,,,,
1568313938604739,加速度计,0.9236,5.4265,12.2236,,,,,,,
1568313946120624,陀螺仪,,,,,,,,0.0573,0.1007,-0.0481
1568313948617343,加速度计,0.3166,8.4862,13.9438,,,,,,,
1568313958630468,加速度计,0.8152,9.4236,7.8859,,,,,,,
1568313968644426,加速度计,1.1193,7.8997,1.8848,,,,,,,
1568313966148124,陀螺仪,,,,,,,,0.1056,0.1248,-0.0889
1568313978659322,加速度计,0.3286,4.7393,3.9331,,,,,,,
1568313986179791,陀螺仪,,,,,,,,-0.0176,0.0719,-0.1174
1568313988675468,加速度计,-0.3083,4.2054,10.0155,,,,,,,
1568313998692864,加速度计,-1.3132,5.2355,10.7775,,,,,,,
1568314008711509,加速度计,1.1181,8.0170,5.1170,,,,,,,
1568314006216457,陀螺仪,,,,,,,,0.1350,0.0859,-0.0334
1568314018731405,加速度计,1.6346,8.9298,7.1742,,,,,,,
1568314028752447,加速度计,0.2215,8.3288,9.5708,,,,,,,
1568314026257916,陀螺仪,,,,,,,,0.0826,0.0775,-0.1334
1568314038774322,加速度计,0.3280,8.7975,8.4587,,,,,,,
1568314048796926,加速度计,0.0581,9.4260,-1.0409,,,,,,,
1568314046302707,陀螺仪,,,,,,,,0.0636,0.0675,-0.1217
1568314058819947,加速度计,1.6269,6.2118,1.9674,,,,,,,
1568314066349374,陀螺仪,,,,,,,,-0.1407,0.0145,-0.1890
1568314068843384,加速度计,0.4908,5.1044,8.1074,,,,,,,
1568314078867134,加速度计,-1.4036,7.4388,8.9585,,,,,,,
1568314088890884,加速度计,-0.2616,6.1082,8.8166,,,,,,,
1568314086396874,陀螺仪,,,,,,,,-0.0435,0.0268,-0.1310
1568314098913593,加速度计,1.0343,7.3735,2.9090,,,,,,,
1568314106437707,陀螺仪,,,,,,,,-0.0662,0.0527,-0.1125
1568314108932968,加速度计,1.3198,6.1310,6.3596,,,,,,,
1568314118951718,加速度计,0.1478,8.1618,8.1307,,,,,,,
1568314128970468,加速度计,-0.7410,6.6732,10.3615,,,,,,,
1568314126475207,陀螺仪,,,,,,,,-0.0531,0.0526,-0.0779
1568314138989218,加速度计,0.6602,6.3656,6.2740,,,,,,,
1568314146512707,陀螺仪,,,,,,,,-0.0260,0.0535,-0.0688
1568314149007968,加速度计,0.9930,7.2933,2.0010,,,,,,,
1568314159026926,加速度计,0.7560,5.9370,6.5457,,,,,,,
1568314166552499,陀螺仪,,,,,,,,-0.0800,0.0145,-0.1454
1568314169048905,加速度计,0.5195,6.5374,10.2681,,,,,,,
1568314179063072,加速度计,-0.4064,7.7596,14.6286,,,,,,,
1568314186580832,陀螺仪,,,,,,,,0.0891,0.0461,-0.1356
1568314189077239,加速度计,-0.7045,7.8901,9.7246,,,,,,,
1568314199091509,加速度计,1.0720,6.2620,2.8850,,,,,,,
1568314206609999,陀螺仪,,,,,,,,0.0642,-0.0164,-0.1832
1568314209106197,加速度计,1.3240,7.0054,4.6831,,,,,,,
1568314219121405,加速度计,1.0265,5.8622,12.5558,,,,,,,
1568314226641666,陀螺仪,,,,,,,,0.1868,-0.0206,-0.2603
1568314229137447,加速度计,-0.7931,8.2959,9.1069,,,,,,,
1568314239154322,加速度计,-0.1167,11.0995,-2.0985,,,,,,,
1568314246676666,陀螺仪,,,,,,,,-0.0032,-0.1149,-0.3160
1568314249172030,加速度计,2.6085,7.2592,2.3727,,,,,,,
1568314259190572,加速度计,0.5142,4.8764,9.1596,,,,,,,
1568314269209947,加速度计,-0.9906,8.1235,5.3522,,,,,,,
1568314266714999,陀螺仪,,,,,,,,-0.0036,-0.1135,-0.3662
1568314279230155,加速度计,0.5064,8.0966,5.2900,,,,,,,
1568314289251093,加速度计,1.1366,5.1266,7.4370,,,,,,,
1568314286756457,陀螺仪,,,,,,,,-0.0529,-0.1158,-0.2899
1568314299272447,加速度计,-1.0343,6.6403,9.0327,,,,,,,
1568314306799791,陀螺仪,,,,,,,,-0.0410,-0.1085,-0.2406
1568314309294218,加速度计,0.3388,11.0325,5.5563,,,,,,,
1568314319316301,加速度计,0.1945,6.3189,10.5919,,,,,,,
1568314329338384,加速度计,-0.7554,7.4130,4.0073,,,,,,,
1568314326843957,陀螺仪,,,,,,,,-0.0569,-0.1087,-0.2241
1568314339360468,加速度计,0.7620,5.5174,8.4204,,,,,,,
1568314346887707,陀螺仪,,,,,,,,-0.0035,-0.1047,-0.2350
1568314349382343,加速度计,1.7154,5.6761,12.4624,,,,,,,
1568314359402968,加速度计,-0.7428,7.9613,6.2908,,,,,,,
1568314366926457,陀螺仪,,,,,,,,0.0973,-0.1141,-0.2404
1568314369421718,加速度计,0.2394,6.9438,3.0718,,,,,,,
1568314379440468,加速度计,0.8260,5.5767,2.4702,,,,,,,
1568314389459218,加速度计,-0.1365,5.4803,6.1058,,,,,,,
1568314386963957,陀螺仪,,,,,,,,0.0130,-0.1720,-0.2863
1568314399477968,加速度计,-0.8942,8.3420,6.5176,,,,,,,
1568314409497968,加速度计,-0.7943,8.2378,4.8854,,,,,,,
1568314407003957,陀螺仪,,,,,,,,0.0036,-0.1668,-0.2241
1568314419529634,加速度计,0.4262,4.8710,6.9180,,,,,,,
1568314427029895,陀螺仪,,,,,,,,-0.0358,-0.1505,-0.1634
1568314429529739,加速度计,-1.3270,6.7481,5.8921,,,,,,,
1568314439530468,加速度计,-1.3360,4.1539,7.7267,,,,,,,
1568314449532655,加速度计,-0.2053,7.8883,8.8759,,,,,,,
1568314447033645,陀螺仪,,,,,,,,-0.0080,-0.1386,-0.0599
1568314459537030,加速度计,-1.0876,7.4202,10.9164,,,,,,,
1568314467046353,陀螺仪,,,,,,,,0.0320,-0.1228,-0.0168
1568314469544009,加速度计,0.7608,8.6359,7.8661,,,,,,,
1568314479553905,加速度计,-0.9194,7.6650,7.9051,,,,,,,
1568314489566822,加速度计,-0.4902,6.1621,6.7570,,,,,,,
1568314487070728,陀螺仪,,,,,,,,0.0137,-0.1111,-0.0376
1568314499583072,加速度计,-0.7027,6.5900,2.2015,,,,,,,
1568314509602551,加速度计,-0.1041,7.6429,3.2304,,,,,,,
1568314507108020,陀螺仪,,,,,,,,-0.1177,-0.1469,0.0217
1568314519624947,加速度计,1.0846,5.7994,11.6406,,,,,,,
1568314529650155,加速度计,-1.0588,5.2319,12.6432,,,,,,,
1568314527156978,陀螺仪,,,,,,,,-0.1020,-0.0913,0.0601
1568314539677759,加速度计,0.5495,7.6806,6.9462,,,,,,,
1568314549707343,加速度计,0.8164,8.0224,5.3756,,,,,,,
1568314547215103,陀螺仪,,,,,,,,-0.0296,-0.0485,0.1116
1568314559738489,加速度计,-1.0014,5.3947,6.8989,,,,,,,
1568314569770676,加速度计,0.2741,6.1435,7.5657,,,,,,,
1568314567278853,陀螺仪,,,,,,,,-0.0020,-0.0389,0.1241
1568314579803176,加速度计,-0.4465,9.7797,5.1739,,,,,,,
1568314589832968,加速度计,-0.1359,7.7889,7.4783,,,,,,,
1568314587338436,陀螺仪,,,,,,,,-0.0244,-0.0671,0.1453
1568314599853905,加速度计,0.0156,6.3033,6.1489,,,,,,,
1568314609872655,加速度计,-0.2101,8.1594,7.1066,,,,,,,
1568314607377395,陀螺仪,,,,,,,,-0.0305,-0.0682,0.1164
1568314619893072,加速度计,-0.0844,5.9532,8.6018,,,,,,,
1568314641411546,GPS,,,,31.9429,118.7841,3.2200,76.8000,,,
1568314627429218,陀螺仪,,,,,,,,-0.0169,-0.0535,0.1262
1568314629931561,加速度计,0.0419,7.8721,5.7539,,,,,,,
1568314639922186,加速度计,-0.2472,8.6149,5.3756,,,,,,,
1568314649913957,加速度计,0.6841,5.6084,9.6091,,,,,,,
1568314647412343,陀螺仪,,,,,,,,-0.0583,-0.0577,0.1003
1568314659908228,加速度计,-0.2233,5.2547,9.6762,,,,,,,
1568314669920832,加速度计,-0.0646,7.0318,8.4874,,,,,,,
1568314667427134,陀螺仪,,,,,,,,0.0192,-0.0470,0.1242
1568314679946614,加速度计,0.8607,6.9210,6.0986,,,,,,,
1568314689974322,加速度计,0.7889,6.5631,8.0337,,,,,,,
1568314687481561,陀螺仪,,,,,,,,0.0642,-0.0458,0.1208
1568314700003541,加速度计,1.3090,6.5775,6.2722,,,,,,,
1568314710033697,加速度计,1.0822,6.9001,3.6386,,,,,,,
1568314707541353,陀螺仪,,,,,,,,0.1092,-0.0025,0.1016
1568314720064114,加速度计,-0.9158,7.7728,0.9655,,,,,,,
1568314727600103,陀螺仪,,,,,,,,-0.0189,-0.0372,0.1241
1568314730093280,加速度计,1.0936,6.6373,8.7203,,,,,,,
1568314740117239,加速度计,1.5287,6.5050,11.5981,,,,,,,
1568314747640728,陀螺仪,,,,,,,,0.0621,0.0055,0.1158
1568314750135989,加速度计,-0.0982,10.0963,4.6196,,,,,,,
1568314760154739,加速度计,0.4848,7.6118,5.1894,,,,,,,
1568314767678228,陀螺仪,,,,,,,,-0.0226,-0.0023,0.0690
1568314770173489,加速度计,1.4048,5.5109,7.3532,,,,,,,
1568314780192239,加速度计,-0.4130,7.0048,8.0230,,,,,,,
1568314787715728,陀螺仪,,,,,,,,-0.0168,-0.0273,0.0694
1568314790210989,加速度计,-0.9960,7.5369,7.5621,,,,,,,
1568314800229739,加速度计,1.3228,5.5504,6.5392,,,,,,,
1568314810248489,加速度计,1.6987,6.7846,2.9012,,,,,,,
1568314807753228,陀螺仪,,,,,,,,0.0569,-0.0222,0.0598
1568314820267239,加速度计,0.1407,7.4184,3.3100,,,,,,,
1568314830285989,加速度计,-0.4884,7.9470,8.3025,,,,,,,
1568314827790728,陀螺仪,,,,,,,,-0.0405,-0.0593,0.0154
1568314840304739,加速度计,0.6237,7.0820,12.4109,,,,,,,
1568314847828228,陀螺仪,,,,,,,,0.0411,-0.0188,0.0422
1568314850323489,加速度计,1.5329,7.2293,7.7973,,,,,,,
1568314860342239,加速度计,-0.6734,8.3037,4.3149,,,,,,,
1568314867865728,陀螺仪,,,,,,,,0.0077,-0.0510,0.0489
1568314870360989,加速度计,-0.1071,5.4079,7.3472,,,,,,,
1568314880379739,加速度计,2.0033,8.4132,6.8486,,,,,,,
1568314890398489,加速度计,-0.1945,6.7882,8.1325,,,,,,,
1568314887903228,陀螺仪,,,,,,,,0.0435,-0.0184,0.0509
1568314900417239,加速度计,0.5207,7.6034,5.3355,,,,,,,
1568314910436301,加速度计,0.0036,6.8474,6.7074,,,,,,,
1568314907941249,陀螺仪,,,,,,,,-0.0099,-0.0249,0.0503
1568314920457082,加速度计,0.9900,6.6810,7.5046,,,,,,,
1568314930473332,加速度计,0.0622,6.9683,4.6627,,,,,,,
1568314927977447,陀螺仪,,,,,,,,-0.0029,-0.0130,0.0711
1568314940489582,加速度计,0.0569,7.6680,7.0120,,,,,,,
1568314950505832,加速度计,0.0054,6.1477,11.4772,,,,,,,
1568314948009947,陀螺仪,,,,,,,,-0.0240,0.0021,0.0864
1568314960522082,加速度计,1.1325,8.4270,3.6949,,,,,,,
1568314970538489,加速度计,1.3288,7.3239,5.6874,,,,,,,
1568314968042707,陀螺仪,,,,,,,,-0.0260,0.0069,0.0979
1568314980555311,加速度计,0.7290,5.2654,7.9733,,,,,,,
1568314988076978,陀螺仪,,,,,,,,-0.0511,0.0286,0.0788
1568314990572551,加速度计,0.7620,5.9490,10.0108,,,,,,,
1568315000590207,加速度计,-0.0898,7.8464,7.0527,,,,,,,
1568315008112916,陀螺仪,,,,,,,,-0.0245,0.0425,0.1045
1568315010608280,加速度计,1.3366,5.3385,4.7513,,,,,,,
1568315020626770,加速度计,0.6123,6.4991,9.4338,,,,,,,
1568315030645676,加速度计,-0.8176,6.6942,9.3302,,,,,,,
1568315028150520,陀螺仪,,,,,,,,-0.0091,0.0426,0.0992
1568315040664999,加速度计,1.0618,7.9643,7.5782,,,,,,,
1568315050684739,加速度计,1.1642,7.1521,3.0879,,,,,,,
1568315048189791,陀螺仪,,,,,,,,0.0297,0.0688,0.0912
1568315060704895,加速度计,0.5028,4.2413,8.8729,,,,,,,
1568315070725468,加速度计,0.5662,6.9456,8.2875,,,,,,,
1568315068230728,陀螺仪,,,,,,,,0.0272,0.0775,0.0884
1568315080746301,加速度计,1.0391,7.9487,6.5152,,,,,,,
1568315088272395,陀螺仪,,,,,,,,0.0164,0.0775,0.0896
1568315090767134,加速度计,0.6578,6.2710,5.4444,,,,,,,
1568315100787968,加速度计,0.5866,4.7285,7.6848,,,,,,,
1568315108314061,陀螺仪,,,,,,,,0.0449,0.0855,0.0927
1568315110808801,加速度计,1.1821,6.3764,6.2082,,,,,,,
1568315120829634,加速度计,0.8565,9.0902,6.1298,,,,,,,
1568315128354686,陀螺仪,,,,,,,,0.0265,0.0909,0.0320
1568315130849843,加速度计,1.0241,7.3275,6.8468,,,,,,,
1568315140868853,加速度计,-0.0593,6.9857,5.2696,,,,,,,
1568315150887603,加速度计,0.5213,7.2089,3.7978,,,,,,,
1568315148392343,陀螺仪,,,,,,,,-0.0060,0.0696,0.0208
1568315160908384,加速度计,0.6530,8.3216,6.2435,,,,,,,
1568315168438124,陀螺仪,,,,,,,,-0.0719,0.0225,-0.0209
1568315170938697,加速度计,-0.0700,7.5788,8.2139,,,,,,,
1568315180936509,加速度计,-0.1814,6.4201,10.6015,,,,,,,
1568315188435259,陀螺仪,,,,,,,,-0.0009,0.0269,-0.0409
1568315190935311,加速度计,-0.6009,7.9158,7.3706,,,,,,,
1568315200935676,加速度计,0.3771,8.0080,6.0980,,,,,,,
1568315208439634,陀螺仪,,,,,,,,0.0129,0.0063,-0.0703
1568315210938436,加速度计,-1.2749,5.8927,8.7311,,,,,,,
1568315220944270,加速度计,-0.7877,9.8354,5.2421,,,,,,,
1568315228456301,陀螺仪,,,,,,,,0.0218,-0.0407,-0.0563
1568315230953436,加速度计,0.2221,6.7738,9.9048,,,,,,,
1568315240966093,加速度计,0.1610,9.4882,3.8702,,,,,,,
1568315248487239,陀螺仪,,,,,,,,-0.0312,-0.0642,-0.0724
1568315250982499,加速度计,-0.6734,4.7058,7.8805,,,,,,,
1568315261002499,加速度计,0.3873,7.3807,6.1764,,,,,,,
1568315268532239,陀螺仪,,,,,,,,0.0097,-0.0356,-0.0270
1568315271025832,加速度计,-0.2203,6.0759,5.4612,,,,,,,
1568315281052343,加速度计,0.4896,7.3089,2.8096,,,,,,,
1568315291081614,加速度计,0.7045,5.8012,6.1112,,,,,,,
1568315288589374,陀螺仪,,,,,,,,-0.0686,-0.0430,0.0019
1568315301113072,加速度计,0.2490,6.1280,9.2805,,,,,,,
1568315311146041,加速度计,0.2963,7.0186,7.5016,,,,,,,
1568315308654530,陀螺仪,,,,,,,,-0.0336,0.0087,0.0475
1568315321179947,加速度计,0.4004,7.9895,5.6581,,,,,,,
1568315331214114,加速度计,0.3148,6.7181,11.1396,,,,,,,
1568315328722707,陀螺仪,,,,,,,,-0.0635,0.0395,0.1153
1568315341243436,加速度计,0.1933,5.1661,13.0951,,,,,,,
1568315348768489,陀螺仪,,,,,,,,0.0678,0.0949,0.1999
1568315351263749,加速度计,-0.1772,9.5271,5.3421,,,,,,,
1568315361282499,加速度计,1.5915,7.2227,8.2809,,,,,,,
1568315368805989,陀螺仪,,,,,,,,0.0457,0.0767,0.1542
1568315371301249,加速度计,0.4447,6.5535,7.5118,,,,,,,
1568315381319999,加速度计,0.2562,5.6838,8.6969,,,,,,,
1568315388843489,陀螺仪,,,,,,,,0.1081,0.0921,0.0985
1568315391338749,加速度计,1.1738,8.9423,2.4427,,,,,,,
1568315401357499,加速度计,-1.2204,5.9376,5.6204,,,,,,,
1568315411377343,加速度计,0.9290,7.6896,4.8530,,,,,,,
1568315408882811,陀螺仪,,,,,,,,0.0301,0.0715,0.0882
1568315421398436,加速度计,-1.3731,6.9953,8.1517,,,,,,,
1568315428914634,陀螺仪,,,,,,,,0.0394,0.0868,0.1346
1568315431411353,加速度计,0.3262,7.3604,5.4522,,,,,,,
1568315441424478,加速度计,-0.0946,5.9801,2.7725,,,,,,,
1568315448941509,陀螺仪,,,,,,,,-0.0160,0.1221,0.1490
1568315451438020,加速度计,0.7835,6.0262,1.4365,,,,,,,
1568315461452186,加速度计,-0.0593,6.5398,4.0408,,,,,,,
1568315471467186,加速度计,-0.4567,6.2704,7.5878,,,,,,,
1568315468971093,陀螺仪,,,,,,,,-0.1015,0.1285,0.1683
1568315481483020,加速度计,-0.4758,8.0343,9.3595,,,,,,,
1568315491499686,加速度计,-1.2863,6.6230,8.9118,,,,,,,
1568315489004009,陀螺仪,,,,,,,,-0.0547,0.1659,0.2149
1568315501517186,加速度计,-0.2628,7.9655,7.7183,,,,,,,
1568315511535520,加速度计,0.0275,7.5657,9.4086,,,,,,,
1568315509040259,陀螺仪,,,,,,,,-0.0611,0.1595,0.2441
1568315521554686,加速度计,-0.2185,6.7115,12.4516,,,,,,,
1568315531574686,加速度计,-0.2376,7.9679,8.5018,,,,,,,
1568315529079843,陀螺仪,,,,,,,,0.0071,0.1435,0.1679
1568315541595520,加速度计,-0.0120,5.5677,8.3504,,,,,,,
1568315551617186,加速度计,0.9738,6.1950,5.7072,,,,,,,
1568315549122759,陀螺仪,,,,,,,,0.0755,0.1028,0.0863
1568315561639478,加速度计,0.5381,6.5577,4.9297,,,,,,,
1568315569167968,陀螺仪,,,,,,,,0.0387,0.0523,-0.0242
1568315571662186,加速度计,0.7147,7.0761,6.6355,,,,,,,
1568315581685103,加速度计,0.6279,5.5043,9.4367,,,,,,,
1568315589213801,陀螺仪,,,,,,,,0.0738,0.0409,-0.0640
1568315591708020,加速度计,0.6321,6.3853,7.5657,,,,,,,
1568315601730936,加速度计,1.7526,8.5377,2.3230,,,,,,,
1568315609257134,陀螺仪,,,,,,,,-0.0051,-0.0063,-0.1293
1568315611752186,加速度计,0.5997,6.9803,7.2862,,,,,,,
1568315621773645,加速度计,0.2023,7.7913,9.7671,,,,,,,
1568315645543837,GPS,,,,31.9429,118.7842,3.0800,76.5000,,,
1568315631806770,加速度计,1.9806,8.1971,7.9511,,,,,,,
1568315629305989,陀螺仪,,,,,,,,0.0535,0.0276,-0.1286
1568315641803645,加速度计,1.8364,9.0028,1.3838,,,,,,,
1568315651801561,加速度计,0.6865,6.1836,4.6298,,,,,,,
1568315649301405,陀螺仪,,,,,,,,-0.0889,-0.0045,-0.1956
1568315661801249,加速度计,1.4120,5.6964,6.6212,,,,,,,
1568315671818697,加速度计,-0.1742,7.2478,11.0582,,,,,,,
1568315669324895,陀螺仪,,,,,,,,-0.1381,-0.0312,-0.2229
1568315681843905,加速度计,0.7189,7.0479,10.6177,,,,,,,
1568315689376874,陀螺仪,,,,,,,,-0.0373,-0.0276,-0.2009
1568315691870155,加速度计,0.7153,6.4847,6.1848,,,,,,,
1568315701897239,加速度计,2.2805,6.9821,4.0205,,,,,,,
1568315711924947,加速度计,1.2492,6.4847,10.8984,,,,,,,
1568315709431978,陀螺仪,,,,,,,,-0.0451,-0.0795,-0.2894
1568315721952864,加速度计,0.3035,6.5733,11.2575,,,,,,,
1568315731977030,加速度计,0.6895,6.9145,7.2143,,,,,,,
1568315729482186,陀螺仪,,,,,,,,0.0760,-0.0767,-0.2910
1568315741996614,加速度计,1.2091,5.8891,2.2865,,,,,,,
1568315752015364,加速度计,0.9295,4.4999,3.7002,,,,,,,
1568315749520103,陀螺仪,,,,,,,,0.0563,-0.1063,-0.3409
1568315762034114,加速度计,0.0293,6.9965,5.6288,,,,,,,
1568315769557603,陀螺仪,,,,,,,,0.0546,-0.1236,-0.3084
1568315772052864,加速度计,-0.2292,6.8492,8.3175,,,,,,,
1568315782071614,加速度计,1.4467,8.9214,7.0318,,,,,,,
1568315792090364,加速度计,0.5321,6.9989,7.1844,,,,,,,
1568315789595103,陀螺仪,,,,,,,,0.0675,-0.1077,-0.2916
1568315802109114,加速度计,0.7338,7.6423,5.2750,,,,,,,
1568315809632603,陀螺仪,,,,,,,,0.0061,-0.1075,-0.2743
1568315812127864,加速度计,0.0838,7.0599,4.9344,,,,,,,
1568315822146614,加速度计,0.3430,8.1463,5.4893,,,,,,,
1568315829670103,陀螺仪,,,,,,,,-0.0808,-0.1217,-0.1788
1568315832165364,加速度计,0.1580,7.1072,8.8041,,,,,,,
1568315842184114,加速度计,0.9984,7.2143,9.0890,,,,,,,
1568315852202864,加速度计,0.6949,6.3907,4.2754,,,,,,,
1568315849707603,陀螺仪,,,,,,,,-0.0011,-0.0559,-0.1519
1568315862221614,加速度计,0.4501,7.3149,2.8976,,,,,,,
1568315869745103,陀螺仪,,,,,,,,-0.0719,-0.0772,-0.1229
1568315872240364,加速度计,-0.8056,7.5693,8.4414,,,,,,,
1568315882259114,加速度计,-0.7763,7.5836,12.9323,,,,,,,
1568315892277864,加速度计,0.1538,8.9154,9.6594,,,,,,,
1568315889782603,陀螺仪,,,,,,,,0.0336,-0.0469,-0.0459
1568315902296614,加速度计,0.2011,7.1934,3.6781,,,,,,,
1568315912318280,加速度计,0.7015,7.4136,3.0077,,,,,,,
1568315909827864,陀螺仪,,,,,,,,0.0156,-0.0535,-0.0589
1568315922346145,加速度计,-1.1833,6.7762,6.0226,,,,,,,
1568315932343228,加速度计,-0.1999,8.0535,5.9131,,,,,,,
1568315929842655,陀螺仪,,,,,,,,-0.0369,-0.0670,-0.0048
1568315942341561,加速度计,0.6835,5.7311,10.5285,,,,,,,
1568315949842134,陀螺仪,,,,,,,,0.0041,-0.0338,0.0610
1568315952341770,加速度计,-0.0736,6.3440,8.8609,,,,,,,
1568315962344478,加速度计,0.2215,7.8177,4.4005,,,,,,,
1568315969852239,陀螺仪,,,,,,,,-0.0115,-0.0142,0.0467
1568315972350311,加速度计,1.3174,7.5669,1.8142,,,,,,,
1568315982359686,加速度计,-1.1223,5.2756,8.3989,,,,,,,
1568315989876614,陀螺仪,,,,,,,,-0.0434,-0.0137,0.0735
1568315992372811,加速度计,-0.4214,6.1459,9.2045,,,,,,,
1568316002389686,加速度计,0.3741,8.7454,6.3722,,,,,,,
1568316012410311,加速度计,0.9613,6.9827,7.6728,,,,,,,
1568316009915989,陀螺仪,,,,,,,,-0.0237,0.0157,0.1186
1568316022434478,加速度计,1.2576,6.1758,7.4579,,,,,,,
1568316032461770,加速度计,-0.2646,5.5085,8.3270,,,,,,,
1568316029969009,陀螺仪,,,,,,,,-0.0284,0.0414,0.0897
1568316042491770,加速度计,0.4477,6.4260,7.3700,,,,,,,
1568316052523853,加速度计,0.0940,7.1102,9.0172,,,,,,,
1568316050032134,陀螺仪,,,,,,,,0.0043,0.0499,0.1294
1568316062557395,加速度计,0.1251,6.2201,9.9557,,,,,,,
1568316070100468,陀螺仪,,,,,,,,0.0505,0.0503,0.1238
1568316072591770,加速度计,0.5417,7.3562,5.7742,,,,,,,
1568316082626353,加速度计,0.8003,6.8750,5.8520,,,,,,,
1568316090158697,陀螺仪,,,,,,,,0.0265,0.0479,0.0675
1568316092653645,加速度计,0.3855,6.2495,5.2152,,,,,,,
1568316102673020,加速度计,-0.3172,6.2985,7.3029,,,,,,,
1568316110196509,陀螺仪,,,,,,,,0.0130,0.0269,0.0519
1568316112691770,加速度计,0.7177,6.9833,6.4643,,,,,,,
1568316122710520,加速度计,0.4447,6.6786,5.3648,,,,,,,
1568316132729270,加速度计,0.5315,7.0814,3.5632,,,,,,,
1568316130234009,陀螺仪,,,,,,,,-0.0356,0.0041,0.0033
1568316142748020,加速度计,0.3885,4.8866,10.5842,,,,,,,
1568316152766770,加速度计,1.0277,7.2359,10.3196,,,,,,,
1568316150271509,陀螺仪,,,,,,,,0.0268,0.0088,-0.0063
1568316162787395,加速度计,0.6021,9.4248,7.3987,,,,,,,
1568316170312186,陀螺仪,,,,,,,,0.0411,0.0035,-0.0494
1568316172810364,加速度计,1.7202,8.6054,6.3907,,,,,,,
1568316182817655,加速度计,0.9038,6.8750,7.1449,,,,,,,
1568316190327707,陀螺仪,,,,,,,,0.0282,-0.0153,-0.1246
1568316192825572,加速度计,0.5213,7.1772,5.2206,,,,,,,
1568316202834530,加速度计,0.2436,7.1970,3.8535,,,,,,,
1568316212844739,加速度计,0.6393,5.9340,9.3787,,,,,,,
1568316210347499,陀螺仪,,,,,,,,-0.0593,-0.0947,-0.1718
1568316222856405,加速度计,0.3364,7.0964,12.2888,,,,,,,
1568316230373332,陀螺仪,,,,,,,,0.0810,-0.0636,-0.1635
1568316232869739,加速度计,-0.0724,7.8314,8.1708,,,,,,,
1568316242884947,加速度计,1.7178,9.1668,4.9847,,,,,,,
1568316250406874,陀螺仪,,,,,,,,0.0517,-0.0870,-0.2060
1568316252902239,加速度计,1.1684,5.8754,4.4736,,,,,,,
1568316262921614,加速度计,-0.0898,6.1573,4.0821,,,,,,,
1568316270448436,陀螺仪,,,,,,,,-0.0071,-0.1313,-0.2289
1568316272942864,加速度计,-0.0622,8.3935,3.3794,,,,,,,
1568316282965780,加速度计,-0.5866,6.8702,6.9252,,,,,,,
1568316292990155,加速度计,0.0060,6.1124,8.7340,,,,,,,
1568316290496457,陀螺仪,,,,,,,,-0.0454,-0.1495,-0.1912
1568316303015572,加速度计,-0.1107,7.1599,7.4316,,,,,,,
1568316313041822,加速度计,-0.4830,7.5513,7.7021,,,,,,,
1568316310548541,陀螺仪,,,,,,,,-0.0039,-0.1208,-0.1181
1568316323068697,加速度计,-0.1443,7.3364,7.6459,,,,,,,
1568316333095780,加速度计,0.0156,6.9396,7.2269,,,,,,,
1568316330602603,陀螺仪,,,,,,,,-0.0012,-0.1009,-0.0473
1568316343121405,加速度计,-0.1443,7.2383,6.3949,,,,,,,
1568316353142864,加速度计,0.5124,7.4735,6.7768,,,,,,,
1568316350647603,陀螺仪,,,,,,,,-0.0121,-0.0924,-0.0186
1568316363161614,加速度计,-0.3454,6.9438,7.2484,,,,,,,
1568316370685103,陀螺仪,,,,,,,,0.0055,-0.0668,0.0206
1568316373180364,加速度计,-0.2873,6.4560,6.9151,,,,,,,
1568316383199114,加速度计,-0.0994,6.9216,6.2674,,,,,,,
1568316393217864,加速度计,-0.1915,7.0156,9.3116,,,,,,,
1568316390722603,陀螺仪,,,,,,,,0.0312,-0.0430,0.0744
1568316403236614,加速度计,-0.0970,6.7133,6.8845,,,,,,,
1568316413255989,加速度计,-0.0455,6.2052,3.6637,,,,,,,
1568316410761561,陀螺仪,,,,,,,,0.0671,-0.0157,0.1246
1568316423275728,加速度计,0.8787,7.2197,4.2288,,,,,,,
1568316433291561,加速度计,-0.9044,6.9186,8.5605,,,,,,,
1568316430795572,陀螺仪,,,,,,,,0.0015,-0.0075,0.1289
1568316443307395,加速度计,-0.7554,7.9176,8.6969,,,,,,,
1568316450827239,陀螺仪,,,,,,,,0.0487,0.0466,0.2056
1568316453323228,加速度计,-0.0066,8.4647,5.6276,,,,,,,
1568316463339322,加速度计,-0.3310,7.9140,3.4937,,,,,,,
1568316473355832,加速度计,-0.4345,5.3480,7.3113,,,,,,,
1568316470860051,陀螺仪,,,,,,,,-0.0764,0.0459,0.2366
1568316483372759,加速度计,-0.5142,6.2381,10.8781,,,,,,,
1568316490894530,陀螺仪,,,,,,,,0.0204,0.1047,0.3084
1568316493390103,加速度计,-0.6835,8.3677,6.5661,,,,,,,
1568316503407864,加速度计,0.5878,7.0683,4.6645,,,,,,,
1568316510930676,陀螺仪,,,,,,,,-0.0503,0.1160,0.2759
1568316513426041,加速度计,0.3585,8.1870,2.3822,,,,,,,
1568316523444634,加速度计,-0.8128,6.4021,10.6937,,,,,,,
1568316530968489,陀螺仪,,,,,,,,-0.0515,0.1124,0.2782
1568316533463645,加速度计,-0.6345,7.4657,9.0028,,,,,,,
1568316543483072,加速度计,-1.0876,8.0140,8.7029,,,,,,,
1568316553502916,加速度计,0.3885,6.1022,9.4158,,,,,,,
1568316551007968,陀螺仪,,,,,,,,0.0067,0.1252,0.2952
1568316563523176,加速度计,-0.1706,5.7473,8.4767,,,,,,,
1568316573543853,加速度计,0.1407,6.9426,7.3346,,,,,,,
1568316571049114,陀螺仪,,,,,,,,0.0929,0.1079,0.2284
1568316583564686,加速度计,0.0784,7.6938,3.0610,,,,,,,
1568316593585520,加速度计,-0.2969,6.2052,2.5558,,,,,,,
1568316591090780,陀螺仪,,,,,,,,0.0348,0.0507,0.1233
1568316603606353,加速度计,0.6901,6.4620,2.2871,,,,,,,
1568316611132447,陀螺仪,,,,,,,,-0.1077,-0.0297,0.0471
1568316613627186,加速度计,-0.6740,6.1525,10.4686,,,,,,,
1568316623648801,加速度计,-0.7225,6.2513,16.9114,,,,,,,
1568316641928108,GPS,,,,31.9429,118.7842,3.5100,78.4000,,,
1568316631174166,陀螺仪,,,,,,,,0.0895,0.0221,0.0815
1568316633670051,加速度计,0.8164,7.7841,8.3240,,,,,,,
1568316643686301,加速度计,1.1277,7.9889,-1.2318,,,,,,,
1568316653702551,加速度计,1.2157,4.6052,4.1922,,,,,,,
1568316651206666,陀螺仪,,,,,,,,-0.0655,-0.0170,0.0174
1568316663722447,加速度计,0.4423,4.7968,12.5983,,,,,,,
1568316671250989,陀螺仪,,,,,,,,0.0080,-0.0119,0.0226
1568316673750103,加速度计,-0.1586,8.8801,12.2278,,,,,,,
1568316683753697,加速度计,1.0421,9.1255,5.6898,,,,,,,
1568316693757968,加速度计,1.2767,5.4917,2.4391,,,,,,,
1568316691259166,陀螺仪,,,,,,,,0.0220,0.0031,0.0095
1568316703763593,加速度计,1.2246,5.3002,6.2213,,,,,,,
1568316711273280,陀螺仪,,,,,,,,0.0048,0.0073,0.0027
1568316713771145,加速度计,0.1550,7.7057,11.1570,,,,,,,
1568316723781041,加速度计,0.5495,9.6714,7.1754,,,,,,,
1568316733793436,加速度计,1.1528,6.8977,6.2273,,,,,,,
1568316731296822,陀螺仪,,,,,,,,0.0415,0.0286,0.0402
1568316743808332,加速度计,1.6209,6.1022,7.9697,,,,,,,
1568316751330364,陀螺仪,,,,,,,,0.0631,0.0607,0.0495
1568316753825728,加速度计,-1.0415,7.1976,7.2221,,,,,,,
1568316763845624,加速度计,1.0995,9.1411,5.2062,,,,,,,
1568316773868020,加速度计,0.8835,6.7487,7.1251,,,,,,,
1568316771373905,陀螺仪,,,,,,,,0.0152,0.0435,0.0459
1568316783892655,加速度计,-0.2113,5.8628,6.5038,,,,,,,
1568316791425936,陀螺仪,,,,,,,,0.0230,0.0531,0.0268
1568316793919114,加速度计,0.4968,7.6321,6.2985,,,,,,,
1568316803946978,加速度计,-0.0736,7.1838,7.6944,,,,,,,
1568316811483176,陀螺仪,,,,,,,,0.0322,0.0458,0.0365
1568316813975832,加速度计,1.0014,5.6976,7.5262,,,,,,,
1568316824005259,加速度计,0.8314,7.8434,4.6986,,,,,,,
1568316834034843,加速度计,1.0930,7.6896,4.8147,,,,,,,
1568316831542291,陀螺仪,,,,,,,,0.0270,0.0364,-0.0218
1568316844061301,加速度计,1.0774,8.0601,6.6044,,,,,,,
1568316851586978,陀螺仪,,,,,,,,-0.0358,0.0080,-0.0442
1568316854082239,加速度计,0.1772,5.7844,10.8475,,,,,,,
1568316864100989,加速度计,1.8358,8.1193,10.4375,,,,,,,
1568316874119739,加速度计,0.6434,5.1703,10.1215,,,,,,,
1568316871624478,陀螺仪,,,,,,,,0.0547,0.0336,-0.0579
1568316884138489,加速度计,1.3443,6.3901,4.0312,,,,,,,
1568316891661978,陀螺仪,,,,,,,,0.1060,0.0181,-0.0995
1568316894157239,加速度计,0.3388,7.1060,3.2423,,,,,,,
1568316904175989,加速度计,0.4818,7.2215,5.6252,,,,,,,
1568316914197082,加速度计,1.2085,8.2648,6.3333,,,,,,,
1568316911708280,陀螺仪,,,,,,,,0.0477,-0.0192,-0.1225
1568316924218801,加速度计,0.7931,7.0180,6.6840,,,,,,,
1568316931726509,陀螺仪,,,,,,,,0.0156,-0.0103,-0.1240
1568316934224895,加速度计,0.7021,6.1950,6.5326,,,,,,,
1568316944231666,加速度计,-0.5297,6.6918,6.8947,,,,,,,
1568316951741666,陀螺仪,,,,,,,,0.0248,-0.0039,-0.0702
1568316954239530,加速度计,0.7667,8.3803,5.0159,,,,,,,
1568316964248905,加速度计,0.5387,7.4717,7.9631,,,,,,,
1568316971763280,陀螺仪,,,,,,,,0.0033,-0.0105,-0.0743
1568316974260207,加速度计,0.0988,6.9330,9.2039,,,,,,,
1568316984273593,加速度计,-0.3286,6.6266,6.7618,,,,,,,
1568316991793176,陀螺仪,,,,,,,,0.0407,-0.0011,-0.0563
1568316994289061,加速度计,0.4369,7.9302,3.0382,,,,,,,
1568317004306614,加速度计,-0.3855,7.4340,6.6170,,,,,,,
1568317014326249,加速度计,-0.1466,6.4212,11.0780,,,,,,,
1568317011831405,陀螺仪,,,,,,,,-0.0083,-0.0197,-0.0410
1568317024347968,加速度计,0.4687,7.3089,8.0960,,,,,,,
1568317031877603,陀螺仪,,,,,,,,0.0441,-0.0016,-0.0301
1568317034371509,加速度计,0.7566,8.7759,3.4255,,,,,,,
1568317044396718,加速度计,0.5447,5.8053,5.5234,,,,,,,
1568317051930155,陀螺仪,,,,,,,,-0.0241,-0.0071,-0.0360
1568317054423332,加速度计,0.7039,6.8253,7.2383,,,,,,,
1568317064450936,加速度计,-0.1718,7.8338,8.0738,,,,,,,
1568317071986249,陀螺仪,,,,,,,,-0.0257,-0.0039,-0.0037
1568317074479114,加速度计,1.1426,7.4460,8.5108,,,,,,,
1568317084507447,加速度计,0.6692,5.4713,8.2031,,,,,,,
1568317092037447,陀螺仪,,,,,,,,0.0173,0.0237,-0.0112
1568317094531874,加速度计,1.3731,6.8809,5.0613,,,,,,,
1568317104552134,加速度计,0.5231,6.7086,5.9233,,,,,,,
1568317112075780,陀螺仪,,,,,,,,-0.0236,0.0089,-0.0349
1568317114571041,加速度计,0.1586,6.6421,9.0513,,,,,,,
1568317124589791,加速度计,0.2490,6.4949,10.1879,,,,,,,
1568317132113280,陀螺仪,,,,,,,,0.0403,0.0177,-0.0145
1568317134608541,加速度计,0.4872,7.0162,9.7091,,,,,,,
1568317144627291,加速度计,1.5790,7.3789,4.3718,,,,,,,
1568317154646041,加速度计,1.3012,7.1084,2.5833,,,,,,,
1568317152150780,陀螺仪,,,,,,,,0.0277,0.0277,-0.0563
1568317164665572,加速度计,0.2370,6.5038,5.0170,,,,,,,
1568317174684322,加速度计,0.4741,5.2708,10.8745,,,,,,,
1568317172188436,陀螺仪,,,,,,,,-0.0569,-0.0009,-0.0706
1568317184700572,加速度计,0.7901,6.9581,9.5259,,,,,,,
1568317192220936,陀螺仪,,,,,,,,0.0230,0.0402,-0.0322
1568317194716822,加速度计,2.0764,6.7163,5.5815,,,,,,,
1568317204733072,加速度计,0.9888,6.4733,5.7263,,,,,,,
1568317214749322,加速度计,-0.0311,6.5649,6.7247,,,,,,,
1568317212253436,陀螺仪,,,,,,,,0.0007,0.0531,-0.0867
1568317224765884,加速度计,0.4729,6.9731,9.4894,,,,,,,
1568317232287186,陀螺仪,,,,,,,,0.0270,0.0302,-0.0601
1568317234782864,加速度计,0.7021,6.8744,11.4449,,,,,,,
1568317244800259,加速度计,0.4788,8.1151,8.0164,,,,,,,
1568317252322603,陀螺仪,,,,,,,,0.0973,0.0517,-0.0814
1568317254818072,加速度计,0.2490,6.9438,2.9485,,,,,,,
1568317264836301,加速度计,1.5987,8.3354,1.4359,,,,,,,
1568317272359686,陀螺仪,,,,,,,,-0.0216,-0.0057,-0.1410
1568317274854947,加速度计,-0.3262,7.3795,6.6152,,,,,,,
1568317284874009,加速度计,-1.6867,6.5894,8.3845,,,,,,,
1568317294893489,加速度计,-0.7242,9.2961,6.6816,,,,,,,
1568317292398436,陀螺仪,,,,,,,,0.0153,-0.0334,-0.1021
1568317304913384,加速度计,0.5118,7.9158,6.4165,,,,,,,
1568317312438853,陀螺仪,,,,,,,,-0.0059,-0.0293,-0.0714
1568317314933697,加速度计,1.2294,5.9681,8.6000,,,,,,,
1568317324954426,加速度计,-0.3615,7.8404,6.2082,,,,,,,
1568317334975259,加速度计,0.4627,6.9007,5.1511,,,,,,,
1568317332480520,陀螺仪,,,,,,,,0.0173,0.0100,-0.0736
1568317344996093,加速度计,0.0664,6.4919,6.4769,,,,,,,
1568317352522186,陀螺仪,,,,,,,,0.0134,0.0027,-0.0282
1568317355016926,加速度计,-1.4180,6.5721,7.3879,,,,,,,
1568317365037759,加速度计,-0.0467,7.4023,5.6060,,,,,,,
1568317375058593,加速度计,-0.0377,6.6589,5.2966,,,,,,,
1568317372563853,陀螺仪,,,,,,,,-0.0095,-0.0232,-0.0410
1568317385077864,加速度计,0.2089,5.9646,5.4899,,,,,,,
1568317395096614,加速度计,-0.8074,7.6213,8.2121,,,,,,,
1568317392601353,陀螺仪,,,,,,,,-0.0567,-0.0534,-0.0679
1568317405115364,加速度计,-1.1456,7.3789,9.6798,,,,,,,
1568317415141249,加速度计,0.6536,7.2365,8.0361,,,,,,,
1568317412659999,陀螺仪,,,,,,,,0.0149,-0.0332,-0.0192
1568317425158384,加速度计,1.3677,8.0152,2.6881,,,,,,,
1568317432656666,陀螺仪,,,,,,,,-0.0318,-0.0249,-0.0716
1568317435156926,加速度计,1.0014,5.3451,5.8903,,,,,,,
1568317445156614,加速度计,-0.3214,7.0946,7.0174,,,,,,,
1568317452658749,陀螺仪,,,,,,,,-0.0224,-0.0294,-0.0527
1568317455158176,加速度计,0.7428,5.6138,10.3723,,,,,,,
1568317465162134,加速度计,0.5890,8.1774,5.2134,,,,,,,
1568317472671249,陀螺仪,,,,,,,,-0.0308,-0.0415,-0.0523
1568317475169218,加速度计,-0.2472,6.5128,7.6010,,,,,,,
1568317485179634,加速度计,-0.0012,7.0635,6.6619,,,,,,,
1568317495193697,加速度计,-0.1490,7.3245,9.4361,,,,,,,
1568317492697499,陀螺仪,,,,,,,,0.0021,-0.0485,-0.0433
1568317505211509,加速度计,1.2228,8.1367,6.9833,,,,,,,
1568317512738332,陀螺仪,,,,,,,,0.0390,-0.0446,-0.0760
1568317515232759,加速度计,-0.1030,7.7363,5.7970,,,,,,,
1568317525257343,加速度计,0.3765,8.5509,4.4257,,,,,,,
1568317535284947,加速度计,0.3807,5.7030,7.9613,,,,,,,
1568317532792082,陀螺仪,,,,,,,,-0.0562,-0.0790,-0.0893
1568317545315155,加速度计,0.2693,7.5316,9.2081,,,,,,,
1568317552855416,陀螺仪,,,,,,,,-0.0032,-0.0771,-0.0463
1568317555347239,加速度计,0.1239,6.4542,10.3585,,,,,,,
1568317565380676,加速度计,0.2436,7.1293,5.3169,,,,,,,
1568317572923332,陀螺仪,,,,,,,,0.0402,-0.0403,-0.0702
1568317575414739,加速度计,0.3011,8.1750,3.4207,,,,,,,
1568317585448905,加速度计,0.2795,7.2461,4.2282,,,,,,,
1568317595472134,加速度计,-1.9201,5.8867,12.9879,,,,,,,
1568317592977082,陀螺仪,,,,,,,,-0.0501,-0.0723,-0.0499
1568317605491405,加速度计,-0.4806,8.6072,6.6882,,,,,,,
1568317615510259,加速度计,0.5590,7.3562,9.0896,,,,,,,
1568317613014999,陀螺仪,,,,,,,,0.0266,-0.0466,0.0276
1568317625531509,加速度计,0.9864,6.3931,6.9647,,,,,,,
1568317635554009,加速度计,-0.5279,5.0051,8.9783,,,,,,,
1568317633054374,陀螺仪,,,,,,,,0.0324,-0.0374,0.0177
1568317649320659,GPS,,,,31.9430,118.7842,3.7400,75.9000,,,
1568317645555520,加速度计,-0.1766,8.3390,7.6225,,,,,,,
1568317655557968,加速度计,-0.5429,6.4218,8.8837,,,,,,,
1568317653058749,陀螺仪,,,,,,,,0.0832,-0.0280,0.0297
1568317665566197,加速度计,-0.1568,6.1453,7.6734,,,,,,,
1568317673118384,陀螺仪,,,,,,,,0.1590,-0.0430,0.0495
1568317675607811,加速度计,-0.6895,6.6056,6.6649,,,,,,,
1568317685639270,加速度计,0.6680,7.5070,4.4065,,,,,,,
1568317695660311,加速度计,0.5273,7.0366,5.1014,,,,,,,
1568317693165051,陀螺仪,,,,,,,,0.0999,-0.0768,0.0162
1568317705679061,加速度计,-0.2885,7.2730,4.0917,,,,,,,
1568317713202551,陀螺仪,,,,,,,,0.0328,-0.0679,0.0023
1568317715697811,加速度计,-0.1909,5.7377,5.0955,,,,,,,
1568317725716561,加速度计,-0.0036,6.8917,6.4021,,,,,,,
1568317733240051,陀螺仪,,,,,,,,0.0097,-0.0696,0.0482
1568317735735311,加速度计,-0.2628,4.7830,11.7495,,,,,,,
1568317745754061,加速度计,-0.4818,7.3747,9.9970,,,,,,,
1568317753277551,陀螺仪,,,,,,,,0.0993,-0.0569,0.0876
1568317755772811,加速度计,0.5249,8.6736,3.0113,,,,,,,
1568317765791561,加速度计,1.8729,5.8383,4.7184,,,,,,,
1568317773315051,陀螺仪,,,,,,,,0.0326,-0.0609,0.0075
1568317775810311,加速度计,0.8350,8.1475,6.3931,,,,,,,
1568317785829061,加速度计,-1.6035,8.3246,7.2227,,,,,,,
1568317793352551,陀螺仪,,,,,,,,0.0124,-0.0558,0.0361
1568317795847811,加速度计,1.4251,7.9787,4.8507,,,,,,,
1568317805866561,加速度计,1.4587,7.2161,3.8589,,,,,,,
1568317813390051,陀螺仪,,,,,,,,-0.0663,-0.0441,0.0165
1568317815885311,加速度计,0.2298,6.4129,5.4540,,,,,,,
1568317825904061,加速度计,-0.9343,6.4667,8.8897,,,,,,,
1568317835922811,加速度计,0.1407,8.1666,8.1678,,,,,,,
1568317833427551,陀螺仪,,,,,,,,-0.0298,-0.0289,0.0718
1568317845941561,加速度计,1.3809,7.7201,8.3534,,,,,,,
1568317853465051,陀螺仪,,,,,,,,-0.0113,-0.0253,0.0599
1568317855960311,加速度计,0.5130,7.1365,7.6046,,,,,,,
1568317865979061,加速度计,-0.2544,5.9807,7.0036,,,,,,,
1568317875997811,加速度计,0.8062,8.8562,4.4724,,,,,,,
1568317873502551,陀螺仪,,,,,,,,0.0182,-0.0190,0.0659
1568317886016561,加速度计,1.6281,6.0735,5.7736,,,,,,,
1568317896035311,加速度计,-0.2310,7.6429,3.0628,,,,,,,
1568317893540051,陀螺仪,,,,,,,,-0.0606,-0.0334,0.0471
1568317906054061,加速度计,1.5125,5.7772,5.6425,,,,,,,
1568317916074843,加速度计,0.2131,6.8714,10.6297,,,,,,,
1568317913581666,陀螺仪,,,,,,,,-0.1446,-0.0337,0.0222
1568317926092864,加速度计,-0.6883,7.3855,15.8119,,,,,,,
1568317936107864,加速度计,0.7919,8.2127,10.3645,,,,,,,
1568317933611666,陀螺仪,,,,,,,,0.0240,0.0176,0.0887
1568317946122864,加速度计,1.8842,7.3203,-0.8122,,,,,,,
1568317956138228,加速度计,0.9200,6.6194,-3.3597,,,,,,,
1568317953642186,陀螺仪,,,,,,,,-0.0840,-0.0177,0.0044
1568317966154009,加速度计,-0.5279,4.3383,6.5751,,,,,,,
1568317976170207,加速度计,0.1335,5.9574,12.0524,,,,,,,
1568317973674374,陀螺仪,,,,,,,,-0.2107,-0.0450,0.0467
1568317986186822,加速度计,1.0014,8.8484,7.6674,,,,,,,
1568317996203853,加速度计,0.5513,5.4702,5.2403,,,,,,,
1568317993708280,陀螺仪,,,,,,,,-0.1292,0.0186,0.0923
1568318006221666,加速度计,-0.1891,5.4702,4.5657,,,,,,,
1568318016240311,加速度计,-0.5183,6.1860,8.8915,,,,,,,
1568318013745155,陀螺仪,,,,,,,,-0.1294,0.0252,0.0956
1568318026259791,加速度计,-0.5016,9.1022,7.2425,,,,,,,
1568318036279739,加速度计,-0.3316,6.3841,6.1687,,,,,,,
1568318033784843,陀螺仪,,,,,,,,-0.0939,0.0246,0.1482
1568318046300103,加速度计,0.8619,7.3233,1.7825,,,,,,,
1568318056320884,加速度计,-0.0724,5.1326,7.5944,,,,,,,
1568318053826197,陀螺仪,,,,,,,,-0.1619,0.0277,0.1312
1568318066342082,加速度计,-0.7709,7.3873,8.5509,,,,,,,
1568318076363697,加速度计,0.1526,6.8821,8.3204,,,,,,,
1568318073869166,陀螺仪,,,,,,,,-0.1111,0.0639,0.2112
1568318086385364,加速度计,1.6484,7.1623,6.6140,,,,,,,
1568318096407030,加速度计,-0.2376,4.8267,11.9985,,,,,,,
1568318093912499,陀螺仪,,,,,,,,-0.1007,0.0779,0.1871
1568318106428697,加速度计,0.5986,6.9043,7.9769,,,,,,,
1568318116448905,加速度计,0.5076,8.4898,6.5894,,,,,,,
1568318113953801,陀螺仪,,,,,,,,0.0091,0.0955,0.1908
1568318126467811,加速度计,0.5812,5.9717,7.2939,,,,,,,
1568318136486561,加速度计,1.5000,7.8596,5.7090,,,,,,,
1568318133991301,陀螺仪,,,,,,,,-0.0370,0.0678,0.1502
1568318146505311,加速度计,-0.3675,6.6008,8.7400,,,,,,,
1568318156524061,加速度计,0.4920,8.0349,8.9124,,,,,,,
1568318154029530,陀螺仪,,,,,,,,-0.0383,0.0615,0.1084
1568318166557603,加速度计,-0.5058,5.9364,8.9118,,,,,,,
1568318176564634,加速度计,1.8130,7.7387,5.6653,,,,,,,
1568318174063645,陀螺仪,,,,,,,,-0.0003,0.0441,0.1037
1568318186560780,加速度计,0.9260,5.5947,8.4653,,,,,,,
1568318196558489,加速度计,-0.0868,7.3861,10.1179,,,,,,,
1568318194058332,陀螺仪,,,,,,,,0.0465,0.0427,0.0437
1568318206558593,加速度计,0.7673,7.1431,6.9348,,,,,,,
1568318216561561,加速度计,1.8178,9.4320,0.7823,,,,,,,
1568318214062864,陀螺仪,,,,,,,,0.0756,0.0338,0.0130
1568318226567811,加速度计,1.8549,8.0804,3.2340,,,,,,,
1568318236577759,加速度计,-1.1791,5.3971,11.1282,,,,,,,
1568318234080936,陀螺仪,,,,,,,,-0.1186,-0.0196,-0.0810
1568318246591822,加速度计,-0.8924,5.3002,9.5164,,,,,,,
1568318256610051,加速度计,2.2793,6.8235,3.6673,,,,,,,
1568318254115259,陀螺仪,,,,,,,,0.0079,0.0184,0.0567
1568318266632082,加速度计,1.4431,5.3905,3.6332,,,,,,,
1568318276657864,加速度计,1.0271,5.9173,6.5535,,,,,,,
1568318274164895,陀螺仪,,,,,,,,-0.0346,0.0238,-0.0162
1568318286687030,加速度计,-0.0730,5.9723,9.9060,,,,,,,
1568318296718801,加速度计,0.7081,8.0906,6.7888,,,,,,,
1568318294227134,陀螺仪,,,,,,,,0.0570,0.0290,-0.0008
1568318306752707,加速度计,1.3270,7.1880,6.4296,,,,,,,
1568318316787968,加速度计,1.6993,6.8025,3.2226,,,,,,,
1568318314296926,陀螺仪,,,,,,,,0.0419,0.0449,-0.0342
1568318326823749,加速度计,0.7500,6.4661,6.5218,,,,,,,
1568318336859582,加速度计,-0.8356,5.9149,9.2638,,,,,,,
1568318334366561,陀螺仪,,,,,,,,-0.0180,0.0254,-0.0409
1568318346881197,加速度计,-0.4244,6.3045,8.0038,,,,,,,
1568318356900051,加速度计,1.6197,8.4635,5.3636,,,,,,,
1568318354404791,陀螺仪,,,,,,,,0.0539,0.0248,0.0277
1568318366918801,加速度计,0.2041,7.5298,7.1814,,,,,,,
1568318376937551,加速度计,0.6327,7.0198,8.2181,,,,,,,
1568318374442291,陀螺仪,,,,,,,,0.0569,0.0248,-0.0441
1568318386956301,加速度计,-1.2342,8.2073,9.2368,,,,,,,
1568318396975051,加速度计,0.5165,8.0577,7.8961,,,,,,,
1568318394479791,陀螺仪,,,,,,,,0.0571,-0.0061,-0.0077
1568318406993801,加速度计,-0.6518,6.6690,8.3803,,,,,,,
1568318417021197,加速度计,-0.1305,8.8981,5.4229,,,,,,,
1568318414528905,陀螺仪,,,,,,,,0.0727,-0.0238,0.0127
1568318427032916,加速度计,0.2676,7.8961,9.9180,,,,,,,
1568318437038697,加速度计,-0.1999,8.4294,6.9139,,,,,,,
1568318434540311,陀螺仪,,,,,,,,0.1216,-0.0017,0.0112
1568318447045259,加速度计,0.7302,9.1321,3.9121,,,,,,,
1568318457053020,加速度计,0.5010,7.2239,4.7950,,,,,,,
1568318454555259,陀螺仪,,,,,,,,0.0518,-0.0236,-0.0252
1568318467062395,加速度计,0.2095,7.3700,5.6383,,,,,,,
1568318477073801,加速度计,-0.0347,8.2702,5.9705,,,,,,,
1568318474577030,陀螺仪,,,,,,,,-0.0202,-0.0265,-0.0013
1568318487087291,加速度计,-0.5836,7.2562,7.1611,,,,,,,
1568318497103228,加速度计,1.0882,6.0029,7.1784,,,,,,,
1568318494607655,陀螺仪,,,,,,,,-0.0381,0.0158,0.0739
1568318507121666,加速度计,0.9254,5.8772,6.2034,,,,,,,
1568318517142239,加速度计,-0.0970,6.0430,8.1954,,,,,,,
1568318514647759,陀螺仪,,,,,,,,-0.0354,0.0489,0.1123
1568318527164895,加速度计,0.0257,7.0479,8.9513,,,,,,,
1568318537189270,加速度计,0.0820,6.3799,6.9641,,,,,,,
1568318534695676,陀螺仪,,,,,,,,0.0678,0.1040,0.1607
1568318547215311,加速度计,1.5556,8.0397,1.8747,,,,,,,
1568318557242655,加速度计,0.5411,4.6501,9.2141,,,,,,,
1568318554749686,陀螺仪,,,,,,,,0.0036,0.0758,0.1293
1568318567270884,加速度计,1.6759,7.3203,8.2690,,,,,,,
1568318577299582,加速度计,-0.8122,6.7319,6.1178,,,,,,,
1568318574806822,陀螺仪,,,,,,,,0.0862,0.1173,0.1212
1568318587328332,加速度计,0.5788,7.2628,4.5645,,,,,,,
1568318597350155,加速度计,0.4561,6.4643,7.7482,,,,,,,
1568318594855207,陀螺仪,,,,,,,,0.0445,0.1045,0.1248
1568318607369530,加速度计,0.7667,5.4923,8.8346,,,,,,,
1568318617388332,加速度计,0.0563,9.3595,2.8210,,,,,,,
1568318614893332,陀螺仪,,,,,,,,0.1028,0.1361,0.0949
1568318627410520,加速度计,-0.4932,6.2112,6.7780,,,,,,,
1568318637426614,加速度计,0.2310,6.5068,8.3067,,,,,,,
1568318634929895,陀螺仪,,,,,,,,0.0329,0.1043,0.0937
1568318647439530,加速度计,-1.1845,7.4382,9.6606,,,,,,,
1568318658412222,GPS,,,,31.9430,118.7843,3.3100,75.8000,,,
1568318657452811,加速度计,-1.0983,7.9948,9.7193,,,,,,,
1568318654956457,陀螺仪,,,,,,,,0.0651,0.0663,0.0892
1568318667470728,加速度计,-0.1526,7.3771,10.4651,,,,,,,
1568318677499478,加速度计,-2.2045,8.1307,6.2698,,,,,,,
1568318675004530,陀螺仪,,,,,,,,0.1232,0.1109,0.1117
1568318687519478,加速度计,-0.8302,7.9883,3.1047,,,,,,,
1568318697538228,加速度计,-0.2155,7.9290,3.3704,,,,,,,
1568318695042968,陀螺仪,,,,,,,,0.0057,0.0597,0.1051
1568318707556978,加速度计,0.7171,6.0220,7.4047,,,,,,,
1568318717575728,加速度计,1.5724,7.2407,7.9553,,,,,,,
1568318715080468,陀螺仪,,,,,,,,-0.0265,0.0795,0.0684
1568318727594478,加速度计,-0.2119,7.3448,4.0522,,,,,,,
1568318737613228,加速度计,1.8603,6.4410,3.4034,,,,,,,
1568318735117968,陀螺仪,,,,,,,,-0.0874,0.0771,0.0663
1568318747631978,加速度计,1.8393,5.5677,6.8660,,,,,,,
1568318757650728,加速度计,-0.3687,5.1110,9.8072,,,,,,,
1568318755155468,陀螺仪,,,,,,,,-0.1336,0.0734,0.0196
1568318767669478,加速度计,1.3186,6.7714,9.4535,,,,,,,
1568318777688228,加速度计,1.6706,6.9570,7.1036,,,,,,,
1568318775192968,陀螺仪,,,,,,,,-0.0521,0.1137,0.0683
1568318787706978,加速度计,1.5742,5.7736,8.5126,,,,,,,
1568318797725728,加速度计,-0.3543,6.8181,6.1298,,,,,,,
1568318795230468,陀螺仪,,,,,,,,-0.0498,0.1241,0.0105
1568318807744478,加速度计,-0.2927,6.8348,7.8697,,,,,,,
1568318817763228,加速度计,0.9014,8.5102,5.3678,,,,,,,
1568318815267968,陀螺仪,,,,,,,,-0.0380,0.0936,0.0112
1568318827781978,加速度计,0.3591,5.7215,6.1280,,,,,,,
1568318837800728,加速度计,-1.4664,6.6439,5.8281,,,,,,,
1568318835305468,陀螺仪,,,,,,,,-0.0846,0.0383,-0.0957
1568318847819478,加速度计,0.6249,5.5569,11.2073,,,,,,,
1568318857838228,加速度计,-0.3418,6.9486,12.1380,,,,,,,
1568318855342968,陀螺仪,,,,,,,,-0.0240,0.0028,-0.0415
1568318867856978,加速度计,1.0175,7.4190,9.6403,,,,,,,
1568318877875728,加速度计,1.5850,7.6872,3.6302,,,,,,,
1568318875380468,陀螺仪,,,,,,,,0.0929,0.0807,0.0109
1568318887894478,加速度计,2.4954,5.9029,3.9684,,,,,,,
1568318897913228,加速度计,1.1007,6.6679,6.4679,,,,,,,
1568318895417968,陀螺仪,,,,,,,,0.0089,0.0905,-0.0759
1568318907931978,加速度计,0.4046,7.1515,6.3626,,,,,,,
1568318917976822,加速度计,-1.1426,7.4520,7.7764,,,,,,,
1568318915475207,陀螺仪,,,,,,,,-0.0182,0.0582,-0.0635
1568318927970155,加速度计,0.1251,7.2850,8.0523,,,,,,,
1568318937964322,加速度计,1.0002,7.6046,4.8165,,,,,,,
1568318935463332,陀螺仪,,,,,,,,0.0061,0.0585,-0.0328
1568318947960155,加速度计,0.0844,7.2059,5.9280,,,,,,,
1568318957958489,加速度计,0.6530,7.5597,6.3458,,,,,,,
1568318955458957,陀螺仪,,,,,,,,-0.0487,0.0202,-0.1025
1568318967960155,加速度计,0.1550,8.1385,6.9390,,,,,,,
1568318977965572,加速度计,2.1284,7.2748,7.7458,,,,,,,
1568318975468020,陀螺仪,,,,,,,,-0.0676,-0.0101,-0.1506
1568318987975155,加速度计,0.8673,5.6228,8.3468,,,,,,,
1568318997989322,加速度计,1.8244,6.7439,5.2738,,,,,,,
1568318995494061,陀螺仪,,,,,,,,-0.0294,0.0280,-0.1546
1568319008008072,加速度计,0.1119,5.9574,7.9565,,,,,,,
1568319018030989,加速度计,0.8152,6.0106,8.0589,,,,,,,
1568319015537811,陀螺仪,,,,,,,,-0.0097,0.0020,-0.1317
1568319028058072,加速度计,2.6570,6.5380,5.7395,,,,,,,
1568319038088489,加速度计,1.1947,5.7515,4.7621,,,,,,,
1568319035596874,陀螺仪,,,,,,,,0.0398,0.0083,-0.1896
1568319048121822,加速度计,1.8603,7.4262,4.9847,,,,,,,
1568319058157239,加速度计,1.2067,6.9564,7.6219,,,,,,,
1568319055666457,陀螺仪,,,,,,,,-0.0138,-0.0425,-0.2856
1568319068193905,加速度计,0.0868,6.8313,8.9848,,,,,,,
1568319078231405,加速度计,0.2029,7.5938,6.7169,,,,,,,
1568319075740832,陀螺仪,,,,,,,,0.0605,-0.0353,-0.2732
1568319088268905,加速度计,1.2959,7.5334,6.6182,,,,,,,
1568319098289322,加速度计,0.8158,7.2544,4.5747,,,,,,,
1568319095794061,陀螺仪,,,,,,,,0.0321,-0.0491,-0.2598
1568319108308072,加速度计,0.6686,6.9420,7.4609,,,,,,,
1568319118326822,加速度计,1.0151,6.5829,7.7973,,,,,,,
1568319115831561,陀螺仪,,,,,,,,0.0285,-0.0551,-0.2854
1568319128345572,加速度计,-0.3256,6.4500,5.8544,,,,,,,
1568319138364322,加速度计,1.0924,8.3306,2.6175,,,,,,,
1568319135869061,陀螺仪,,,,,,,,0.0080,-0.0734,-0.2835
1568319148383072,加速度计,0.4483,7.9452,7.2586,,,,,,,
1568319158401822,加速度计,1.2599,7.8811,9.0393,,,,,,,
1568319155907499,陀螺仪,,,,,,,,-0.0601,-0.1061,-0.3417
1568319168434791,加速度计,-0.7632,7.2544,8.2594,,,,,,,
1568319178439791,加速度计,0.5830,7.0156,8.9597,,,,,,,
1568319188445207,加速度计,1.3030,7.1874,8.1217,,,,,,,
1568319175941197,陀螺仪,,,,,,,,-0.0164,-0.1015,-0.2884
1568319198451457,加速度计,0.0341,7.0946,8.3929,,,,,,,
1568319195953384,陀螺仪,,,,,,,,0.0013,-0.0939,-0.2731
1568319208458957,加速度计,-0.4100,7.7004,6.7672,,,,,,,
1568319218468124,加速度计,-0.0628,7.7369,6.4853,,,,,,,
1568319215970989,陀螺仪,,,,,,,,0.0104,-0.1290,-0.2856
1568319228479374,加速度计,1.0409,7.3568,8.2869,,,,,,,
1568319238492707,加速度计,-0.1796,7.2317,4.5107,,,,,,,
1568319235996718,陀螺仪,,,,,,,,0.0354,-0.1463,-0.3201
1568319248508541,加速度计,1.3180,7.8057,1.9626,,,,,,,
1568319258526874,加速度计,0.0018,6.1920,4.8321,,,,,,,
1568319256032134,陀螺仪,,,,,,,,-0.0947,-0.2483,-0.4035
1568319268547707,加速度计,-0.5207,5.9376,12.7443,,,,,,,
1568319278570624,加速度计,-0.6578,5.9280,11.5592,,,,,,,
1568319276076926,陀螺仪,,,,,,,,0.0198,-0.2061,-0.2985
1568319288595624,加速度计,0.8140,8.0595,5.1272,,,,,,,
1568319298622291,加速度计,0.5914,7.0204,2.2092,,,,,,,
1568319296129322,陀螺仪,,,,,,,,0.0325,-0.1397,-0.1808
1568319308650207,加速度计,0.1802,6.3381,3.6613,,,,,,,
1568319318678957,加速度计,-1.6825,4.4257,13.6266,,,,,,,
1568319316186301,陀螺仪,,,,,,,,-0.0791,-0.1561,-0.1334
1568319328708124,加速度计,-0.0383,5.1619,12.8509,,,,,,,
1568319338737291,加速度计,0.1838,7.6698,4.7687,,,,,,,
1568319336242759,陀螺仪,,,,,,,,0.1475,-0.0097,0.0771
1568319348758957,加速度计,0.2334,8.6030,0.6273,,,,,,,
1568319358777707,加速度计,-1.4533,6.6236,6.4165,,,,,,,
1568319356282447,陀螺仪,,,,,,,,-0.0542,-0.0475,0.0244
1568319368796457,加速度计,-1.6299,6.2746,9.2578,,,,,,,
1568319378815207,加速度计,-1.0044,6.3488,11.1821,,,,,,,
1568319376319947,陀螺仪,,,,,,,,0.0142,-0.0615,0.1008
1568319388833957,加速度计,-0.2741,7.4735,4.2928,,,,,,,
1568319398852707,加速度计,0.4896,7.4089,4.9584,,,,,,,
1568319396357447,陀螺仪,,,,,,,,0.0112,-0.0266,0.1150
1568319408871457,加速度计,-1.5293,6.4392,8.0637,,,,,,,
1568319418893905,加速度计,-1.1223,7.0623,9.1327,,,,,,,
1568319416397603,陀螺仪,,,,,,,,0.0190,-0.0389,0.1529
1568319428908489,加速度计,-0.2747,7.2796,9.1860,,,,,,,
1568319436426770,陀螺仪,,,,,,,,0.0438,-0.1025,0.2158
1568319438923072,加速度计,1.8106,8.3498,2.8683,,,,,,,
1568319448937707,加速度计,0.9571,7.9757,5.9825,,,,,,,
1568319458952759,加速度计,-0.0006,7.3706,5.7257,,,,,,,
1568319456456666,陀螺仪,,,,,,,,0.0077,-0.0643,0.1178
1568319468968228,加速度计,-0.7075,6.9761,10.2256,,,,,,,
1568319476488384,陀螺仪,,,,,,,,0.0780,0.0103,0.1493
1568319478984166,加速度计,-0.1921,7.5609,12.5594,,,,,,,
1568319489000936,加速度计,0.1137,7.9895,5.0949,,,,,,,
1568319499018541,加速度计,1.8603,8.6401,2.9431,,,,,,,
1568319496523176,陀螺仪,,,,,,,,0.1181,0.0937,0.1470
1568319509036978,加速度计,-0.2622,5.8897,5.5228,,,,,,,
1568319519056249,加速度计,-0.5914,6.3704,7.7039,,,,,,,
1568319516561301,陀螺仪,,,,,,,,-0.0168,-0.0387,0.0812
1568319529076301,加速度计,0.6081,5.9340,10.1490,,,,,,,
1568319539096770,加速度计,1.1690,6.5607,7.1174,,,,,,,
1568319536602030,陀螺仪,,,,,,,,0.0739,-0.0127,0.1145
1568319549117655,加速度计,-0.4711,6.7642,2.6366,,,,,,,
