timestamp_ns,累计采样数
350348628652815,320
350348669031201,640
350348706087659,960
350348747872399,1280
350348785455628,1600
350348823864169,1920
350348863504430,2240
350348904081878,2560
350348943405211,2880
350348983370471,3200
350349024527190,3520
350349063317294,3840
350349103265888,4160
350349144981617,4480
350349183525680,4800
350349223811513,5120
350349263288544,5440
350349303445680,5760
350349344872971,6080
350349384846305,6400
350349425236878,6720
350349463883128,7040
350349505861878,7360
350349546540002,7680
350349586528440,8000
350349623594430,8320
350349665702086,8640
350349705360419,8960
350349743767867,9280
350349785584638,9600
350349825515523,9920
350349865263388,10240
350349905376252,10560
350349944319013,10880
350349985970054,11200
350350024996825,11520
350350065812867,11840
350350105249534,12160
350350145017450,12480
350350183674169,12800
350350225537815,13120
350350265978388,13440
350350304276096,13760
350350346184221,14080
350350385329950,14400
350350425737398,14720
350350466537919,15040
350350506127085,15360
350350544200158,15680
350350585335367,16000
350350623718960,16320
350350664865679,16640
350350704966773,16960
350350743533231,17280
350350786119377,17600
350350826756252,17920
350350863155158,18240
350350904023075,18560
350350943439325,18880
350350984184169,19200
350351025234689,19520
350351063549533,19840
350351105507919,20160
350351145028075,20480
350351185135366,20800
350351225180939,21120
350351264892710,21440
350351305566408,21760
350351345937918,22080
350351384906564,22400
350351425178127,22720
350351465226096,23040
350351504733179,23360
350351545205470,23680
350351584886148,24000
350351626729950,24320
350351664591929,24640
350351705556929,24960
350351745715470,25280
350351786141929,25600
350351824593075,25920
350351865316929,26240
350351905608960,26560
350351948478908,26880
350351983625158,27200
350352025648856,27520
350352064340470,27840
350352103887866,28160
350352144460939,28480
350352184903804,28800
350352225929429,29120
350352265105783,29440
350352308039376,29760
350352344615991,30080
350352385400106,30400
350352426067658,30720
350352469357033,31040
350352506975626,31360
350352545896824,31680
350352586542814,32000
350352626052814,32320
350352666868855,32640
350352707657710,32960
350352745828074,33280
350352785497241,33600
350352826174012,33920
350352864906043,34240
350352906344897,34560
350352946021564,34880
350352987905001,35200
350353025231147,35520
350353065626407,35840
350353105820834,36160
350353149508439,36480
350353185211824,36800
350353224178543,37120
350353266085157,37440
350353306220105,37760
350353345022918,38080
350353385171251,38400
350353424295574,38720
350353466820834,39040
350353507018074,39360
350353546367241,39680
350353586419168,40000
350353624173230,40320
350353665034584,40640
350353705179272,40960
350353745072813,41280
350353787836303,41600
350353824634168,41920
350353866106251,42240
350353905399532,42560
350353944488022,42880
350353984385522,43200
350354024688386,43520
350354064540157,43840
350354104307501,44160
350354146673438,44480
350354185723907,44800
350354225908230,45120
350354266230417,45440
350354306977657,45760
350354346309636,46080
350354387017917,46400
350354426599271,46720
350354466004324,47040
350354506356042,47360
350354545731928,47680
350354584836198,48000
350354624138907,48320
350354665000990,48640
350354704480157,48960
350354744678855,49280
350354786452969,49600
350354825957657,49920
350354864111771,50240
350354906039896,50560
350354944866928,50880
350354986922552,51200
350355025902188,51520
350355065723177,51840
350355106581094,52160
350355146471198,52480
350355186620313,52800
350355226814011,53120
350355267478125,53440
350355306049271,53760
350355345505209,54080
350355389412084,54400
350355426018802,54720
350355464500000,55040
350355506572188,55360
350355545377188,55680
350355586195417,56000
350355625122031,56320
350355669079688,56640
350355706954792,56960
350355745636302,57280
350355786526354,57600
350355826500156,57920
350355867703594,58240
350355906863750,58560
350355950971406,58880
350355986549323,59200
350356024614531,59520
350356063739583,59840
350356105200156,60160
350356145609271,60480
350356186862812,60800
350356225496667,61120
350356265200417,61440
350356305171042,61760
350356344976250,62080
350356393216771,62400
350356425336302,62720
350356463900104,63040
350356505011510,63360
350356545086719,63680
350356584423281,64000
350356623918594,64320
350356664640521,64640
350356705085885,64960
350356743942291,65280
350356784900312,65600
350356825089896,65920
350356865088437,66240
350356905697864,66560
350356944733021,66880
350356985576250,67200
350357025298385,67520
350357064508802,67840
350357104008437,68160
350357145081927,68480
350357185380520,68800
350357224972552,69120
350357264166406,69440
350357303835000,69760
350357343350833,70080
350357384574687,70400
350357425342447,70720
350357466411562,71040
350357504595833,71360
350357545788541,71680
350357584168020,72000
350357623989531,72320
350357663289166,72640
350357704149531,72960
350357744254635,73280
350357783549895,73600
350357823632551,73920
350357863482031,74240
350357904322343,74560
350357943316874,74880
350357983949374,75200
350358024096770,75520
350358063381718,75840
350358103589530,76160
350358143704947,76480
350358185210676,76800
350358223530208,77120
350358265921457,77440
350358306057187,77760
350358343833957,78080
350358383551405,78400
350358423792447,78720
350358463226718,79040
350358503367707,79360
350358545011197,79680
350358584779478,80000
350358623295780,80320
350358664615364,80640
350358705960780,80960
350358746904895,81280
350358784250624,81600
350358824994166,81920
350358864408280,82240
350358907032655,82560
350358944728905,82880
350358984372811,83200
350359026106509,83520
350359063781457,83840
350359103381093,84160
350359145205363,84480
350359184939582,84800
350359225056665,85120
350359264900155,85440
350359305670884,85760
350359345293801,86080
350359385774686,86400
350359424171978,86720
350359466129165,87040
350359503679270,87360
350359544127551,87680
350359583649478,88000
350359624356509,88320
350359664956353,88640
350359704227655,88960
350359743737655,89280
350359784570936,89600
350359824789426,89920
350359863359790,90240
350359904747290,90560
350359945125363,90880
350359991356821,91200
350360024560988,91520
350360063930623,91840
350360104493905,92160
350360145413019,92480
350360183165311,92800
350360223471248,93120
350360264423748,93440
350360304728436,93760
350360344800728,94080
350360385501196,94400
350360424790728,94720
350360464247811,95040
350360508971196,95360
350360545394321,95680
350360584046196,96000
350360624083748,96320
350360665308540,96640
350360705323800,96960
350360744423332,97280
350360784197446,97600
350360823355519,97920
350360863409477,98240
350360903833800,98560
350360943607759,98880
350360984433279,99200
350361025372290,99520
350361065083696,99840
350361103559113,100160
350361144275154,100480
350361184527550,100800
350361224541300,101120
350361265096456,101440
350361303481300,101760
350361343222654,102080
350361383728071,102400
350361423747863,102720
350361463297654,103040
350361505253956,103360
350361544589894,103680
350361584357758,104000
350361623729269,104320
350361665024633,104640
350361703516144,104960
350361743658175,105280
350361785501977,105600
350361825181717,105920
350361865870987,106240
350361903928592,106560
350361946505050,106880
350361983844633,107200
350362024937185,107520
350362064625362,107840
350362104269633,108160
350362144774894,108480
350362184564737,108800
350362223991716,109120
350362264733383,109440
350362304721977,109760
350362344634998,110080
350362386732393,110400
350362424217498,110720
350362464249633,111040
350362505511091,111360
350362545397654,111680
350362584737914,112000
350362624759841,112320
350362664059060,112640
350362705107602,112960
350362744746768,113280
350362784408487,113600
350362825364945,113920
350362863666716,114240
350362903346299,114560
350362943794216,114880
350362985653591,115200
350363024266664,115520
350363064178227,115840
350363103871404,116160
350363143669008,116480
350363184300258,116800
350363224500101,117120
350363263607549,117440
350363303494112,117760
350363344794737,118080
350363384336456,118400
350363424777237,118720
350363464357133,119040
350363503901351,119360
350363544197445,119680
350363584117133,120000
350363624170518,120320
350363664954528,120640
350363704660726,120960
350363743841351,121280
350363784719476,121600
350363824239476,121920
350363863814216,122240
350363903902237,122560
350363944468955,122880
350363983245570,123200
350364024229424,123520
350364064537653,123840
350364104844320,124160
350364144415778,124480
350364183985830,124800
350364223514164,125120
350364264118955,125440
350364303798278,125760
350364344225882,126080
350364384572132,126400
350364424218070,126720
350364464786872,127040
350364504350934,127360
350364545198382,127680
350364584687705,128000
350364624602809,128320
350364664924684,128640
350364709994007,128960
350364745119684,129280
350364784797705,129600
350364825419840,129920
350364865149215,130240
350364905076559,130560
350364945003017,130880
350364985953955,131200
350365025697236,131520
350365064698017,131840
350365106234215,132160
350365144712288,132480
350365183814944,132800
350365226164163,133120
350365264403590,133440
350365303887392,133760
350365344709580,134080
350365384111976,134400
350365424580361,134720
350365465126715,135040
350365504189580,135360
350365544774996,135680
350365586175413,136000
350365623972861,136320
350365664146090,136640
350365704729788,136960
350365745314736,137280
350365783838798,137600
350365828395725,137920
350365863900934,138240
350365904447496,138560
350365945318173,138880
350365983621246,139200
350366026232652,139520
350366065083955,139840
350366104240152,140160
350366143812757,140480
350366183450986,140800
350366223585517,141120
350366264158277,141440
350366304540569,141760
350366343627496,142080
350366383836298,142400
350366424259215,142720
350366464175725,143040
350366504991194,143360
350366544796819,143680
350366584360673,144000
350366624584527,144320
350366665131402,144640
350366704151975,144960
350366745758746,145280
350366785384215,145600
350366825047548,145920
350366864643225,146240
350366905094163,146560
350366944431402,146880
350366984107808,147200
350367025731715,147520
350367064768642,147840
350367104472131,148160
350367144650777,148480
350367184025621,148800
350367224336089,149120
350367264358537,149440
350367304832339,149760
350367344351923,150080
350367384519683,150400
350367423780673,150720
350367464672287,151040
350367504436610,151360
350367544463433,151680
350367584402391,152000
350367624974839,152320
350367664675985,152640
350367704887183,152960
350367745297860,153280
350367784679579,153600
350367824195829,153920
350367864391089,154240
350367903721662,154560
350367944421141,154880
350367985293902,155200
350368023879318,155520
350368063852548,155840
350368104805985,156160
350368144592495,156480
350368183780881,156800
350368224321506,157120
350368264003068,157440
350368304822183,157760
350368344787287,158080
350368383988589,158400
350368424613068,158720
350368463428433,159040
350368505182964,159360
350368544110881,159680
350368583639683,160000
350368624133276,160320
350368665991193,160640
350368705476037,160960
350368745173693,161280
350368785324370,161600
350368824720256,161920
350368864482183,162240
350368904860412,162560
350368944229631,162880
350368984296610,163200
350369024962235,163520
350369064587547,163840
350369104574422,164160
350369144688537,164480
350369184010568,164800
350369224737495,165120
350369265224578,165440
350369303498172,165760
350369345581870,166080
350369384808589,166400
350369424537651,166720
350369463497182,167040
350369504381401,167360
350369544404943,167680
350369584835984,168000
350369624832703,168320
350369664955307,168640
350369704761297,168960
350369744312807,169280
350369784289266,169600
350369824733536,169920
350369865365620,170240
350369904070880,170560
350369944900828,170880
350369983710620,171200
350370024873068,171520
350370065520359,171840
350370104351036,172160
350370144823536,172480
350370184639630,172800
350370224701401,173120
350370263842286,173440
350370304700880,173760
350370344679578,174080
350370383356245,174400
350370423793328,174720
350370464574578,175040
350370504082026,175360
350370545043692,175680
350370584732911,176000
350370623990984,176320
350370665416349,176640
350370705163067,176960
350370744798380,177280
350370783636036,177600
350370823787182,177920
350370864019786,178240
350370910071453,178560
350370943460359,178880
350370984832807,179200
350371024797755,179520
350371065986192,179840
350371105104109,180160
350371144080411,180480
350371184028484,180800
350371224000411,181120
350371264115150,181440
350371304507755,181760
350371343605567,182080
350371383819942,182400
350371423683796,182720
350371463867650,183040
350371507687442,183360
350371543621869,183680
350371584654317,184000
350371623595984,184320
350371665470359,184640
350371704922807,184960
350371743340619,185280
350371784128952,185600
350371823741140,185920
350371864426713,186240
350371903459109,186560
350371943581869,186880
350371983682494,187200
350372023874109,187520
350372064589577,187840
350372103475411,188160
350372143608483,188480
350372184034317,188800
350372226521713,189120
350372263751035,189440
350372304362598,189760
350372343880619,190080
350372384652077,190400
350372423785619,190720
350372464047285,191040
350372504063171,191360
350372544220723,191680
350372584100202,192000
350372624025671,192320
350372666567702,192640
350372703503900,192960
350372743774629,193280
350372783762337,193600
350372825479212,193920
350372865535931,194240
350372903387962,194560
350372943740514,194880
350372983639264,195200
350373024107337,195520
350373064019994,195840
350373103647077,196160
350373143838223,196480
350373184177181,196800
350373224317493,197120
350373264179681,197440
350373304132754,197760
350373344485358,198080
350373383374681,198400
350373424020150,198720
350373465346504,199040
350373503442337,199360
350373544099056,199680
350373583997702,200000
350373625730566,200320
350373664677806,200640
350373704971972,200960
350373744120306,201280
350373783589629,201600
350373825960670,201920
350373864018327,202240
350373903339889,202560
350373945313327,202880
350373983968118,203200
350374024806868,203520
350374066347962,203840
350374104463951,204160
350374143737806,204480
350374183877024,204800
350374224113535,205120
350374263894993,205440
350374304320462,205760
350374344335149,206080
350374383374681,206400
350374424359212,206720
350374463452649,207040
350374505330514,207360
350374544343274,207680
350374583515201,208000
350374624523847,208320
350374664630566,208640
350374704235774,208960
350374745321555,209280
350374784615514,209600
350374825386607,209920
350374863368118,210240
350374903869941,210560
350374943767805,210880
350374984059680,211200
350375025631503,211520
350375063294368,211840
350375103311034,212160
350375143980826,212480
350375184710461,212800
350375224134003,213120
350375265370774,213440
350375304488482,213760
350375344591138,214080
350375383725618,214400
350375423358378,214720
350375464419836,215040
350375503997232,215360
350375543684003,215680
350375583842649,216000
350375624151399,216320
350375663839368,216640
350375703640982,216960
350375744254784,217280
350375783639680,217600
350375823655461,217920
350375863452701,218240
350375903349680,218560
350375943443847,218880
350375983289159,219200
350376023237336,219520
350376063258482,219840
350376103340774,220160
350376143562440,220480
350376183745617,220800
350376223539263,221120
350376264604628,221440
350376303997180,221760
350376343930721,222080
350376384328169,222400
350376423603846,222720
350376463864315,223040
350376504188638,223360
350376544662753,223680
350376584676451,224000
350376623662336,224320
350376664806190,224640
350376704614003,224960
350376743532232,225280
350376785350669,225600
350376824282388,225920
350376864370148,226240
350376904296659,226560
350376944217857,226880
350376984450877,227200
350377024911815,227520
350377064949367,227840
350377104479888,228160
350377144338638,228480
350377183923950,228800
350377224379627,229120
350377264526138,229440
350377304606867,229760
350377344384211,230080
350377384469315,230400
350377424617075,230720
350377464634523,231040
350377503480461,231360
350377544002231,231680
350377584720200,232000
350377623866711,232320
350377665095825,232640
350377704925929,232960
350377746254731,233280
350377784778013,233600
350377824579992,233920
350377864225148,234240
350377904579888,234560
350377944590044,234880
350377985198429,235200
350378023771085,235520
350378064677387,235840
350378104333325,236160
350378144039523,236480
350378184674992,236800
350378224937179,237120
350378264669314,237440
350378304700356,237760
350378344521919,238080
350378384383429,238400
350378424015252,238720
350378463908116,239040
350378503233221,239360
350378546113794,239680
350378584508741,240000
350378623386085,240320
350378663654418,240640
350378703507856,240960
350378743582648,241280
350378783853533,241600
350378823616710,241920
350378863324783,242240
350378903804470,242560
350378943730095,242880
350378983713689,243200
350379023766554,243520
350379063525772,243840
350379103542804,244160
350379143433116,244480
350379183411085,244800
350379223397804,245120
350379264496658,245440
350379304435616,245760
350379345283897,246080
350379384248168,246400
350379423861814,246720
350379463410095,247040
350379504397335,247360
350379544849001,247680
350379584536189,248000
350379624884054,248320
350379665469262,248640
350379705446814,248960
350379744573741,249280
350379784714053,249600
350379824798897,249920
350379864019366,250240
350379904593897,250560
350379945347595,250880
350379984007491,251200
350380023440251,251520
350380064488116,251840
350380104442022,252160
350380144077647,252480
350380184150355,252800
350380223378741,253120
350380264336032,253440
350380304119210,253760
350380344008272,254080
350380385268741,254400
350380423824626,254720
350380463466553,255040
350380504739678,255360
350380544655251,255680
350380584321553,256000
350380623865928,256320
350380664451814,256640
350380705846136,256960
350380743951553,257280
350380784409418,257600
350380823627595,257920
350380864011345,258240
350380904942386,258560
350380944728428,258880
350380984564938,259200
350381023787959,259520
350381063832595,259840
350381104593272,260160
350381148749053,260480
350381183895772,260800
350381223427438,261120
350381263632907,261440
350381304650511,261760
350381344267490,262080
350381384081449,262400
350381424064782,262720
350381464574105,263040
350381505737594,263360
350381548405667,263680
350381584015615,264000
350381623514001,264320
350381664522803,264640
350381705136969,264960
350381743701449,265280
350381783853844,265600
350381823597803,265920
350381864519782,266240
350381904427646,266560
350381944079105,266880
350381983674678,267200
350382024224834,267520
350382064192646,267840
350382104007230,268160
350382143751605,268480
350382183576032,268800
350382224830719,269120
350382264095042,269440
350382303921605,269760
350382343525823,270080
350382384185094,270400
350382423912855,270720
350382464468792,271040
350382503780875,271360
350382544159625,271680
350382583977907,272000
350382623745302,272320
350382664580979,272640
350382705203844,272960
350382744168011,273280
350382784001813,273600
350382823742802,273920
350382864151188,274240
350382904128584,274560
350382943882177,274880
350382983493896,275200
350383023687021,275520
350383064189521,275840
350383104959000,276160
350383145366083,276480
350383186106760,276800
350383223652021,277120
350383264124469,277440
350383305887281,277760
350383344417438,278080
350383383717177,278400
350383424706240,278720
350383464328896,279040
350383505847750,279360
350383543707854,279680
350383584169417,280000
350383624464781,280320
350383664123531,280640
350383704274677,280960
350383743985354,281280
350383783710042,281600
350383824513948,281920
350383864789937,282240
350383904189989,282560
350383943781916,282880
350383983697385,283200
350384024926291,283520
350384064323323,283840
350384103337281,284160
350384144659468,284480
350384184659104,284800
350384223503635,285120
350384266353270,285440
350384305792593,285760
350384343531968,286080
350384383591031,286400
350384424252750,286720
350384464859833,287040
350384504954000,287360
350384544472437,287680
350384585177229,288000
350384624738427,288320
350384664787906,288640
350384705227489,288960
350384744553427,289280
350384784670614,289600
350384823331656,289920
350384864026447,290240
350384903875354,290560
350384943932645,290880
350384984677072,291200
350385024040718,291520
350385065220249,291840
350385105239937,292160
350385145976135,292480
350385184633478,292800
350385225283531,293120
350385264823687,293440
350385304952645,293760
350385344548322,294080
350385384842280,294400
350385424304260,294720
350385464328895,295040
350385504213843,295360
350385544650822,295680
350385584618218,296000
350385625966030,296320
350385664531916,296640
350385705241499,296960
350385744569051,297280
350385784391603,297600
350385824155926,297920
350385864088062,298240
350385904767280,298560
350385944488218,298880
350385983467853,299200
350386023563634,299520
350386063514259,299840
350386104475509,300160
350386144567072,300480
350386184655666,300800
350386223692697,301120
350386263411968,301440
350386303788009,301760
350386343603530,302080
350386384108270,302400
350386424942853,302720
350386464433426,303040
350386504632593,303360
350386544519363,303680
350386584812488,304000
350386624765718,304320
350386665305249,304640
350386708288061,304960
350386744093738,305280
350386784225040,305600
350386824870092,305920
350386863951863,306240
350386903890301,306560
350386945284051,306880
350386983682228,307200
350387024815613,307520
350387066642801,307840
350387103576863,308160
350387144722124,308480
350387184163946,308800
350387224537957,309120
350387265021446,309440
350387304829676,309760
350387345034884,310080
350387384736186,310400
350387424530092,310720
350387464615978,311040
350387504902957,311360
350387544862071,311680
350387583647488,312000
350387625260717,312320
350387664863217,312640
350387704919415,312960
350387745365925,313280
350387785666342,313600
350387824291811,313920
350387865078582,314240
350387904288113,314560
350387945003165,314880
350387984918790,315200
350388024792592,315520
350388064194050,315840
350388104654675,316160
350388145053269,316480
350388184904779,316800
350388224781654,317120
350388263698373,317440
350388304438894,317760
350388344469571,318080
350388384497852,318400
350388424976967,318720
350388464391133,319040
350388503646498,319360
350388544838581,319680
350388584646811,320000
350388624890561,320320
350388665325456,320640
350388705221915,320960
350388743573738,321280
350388784322852,321600
350388823950925,321920
350388867957123,322240
350388904910821,322560
350388950377540,322880
350388983847852,323200
350389025528894,323520
350389064288112,323840
350389105952071,324160
350389144415821,324480
350389184488633,324800
350389224874310,325120
350389264850248,325440
350389305954414,325760
350389343964727,326080
350389383409831,326400
350389423796185,326720
350389463683946,327040
350389504062071,327360
350389543657956,327680
350389585210768,328000
350389624922487,328320
350389665485143,328640
350389705522696,328960
350389744713737,329280
350389785243320,329600
350389825211393,329920
350389864534883,330240
350389903861029,330560
350389943714987,330880
350389983856029,331200
350390024054206,331520
350390065038633,331840
350390104521393,332160
350390144203372,332480
350390184940195,332800
350390225076081,333120
350390265483997,333440
350390304757435,333760
350390344862591,334080
350390384928997,334400
350390424666029,334720
350390464749935,335040
350390504988945,335360
350390546219570,335680
350390585310456,336000
350390624843528,336320
350390664447331,336640
350390704196497,336960
350390744848841,337280
350390785880924,337600
350390824774570,337920
350390864975455,338240
350390905382799,338560
350390945296028,338880
350390986271028,339200
350391024132018,339520
350391065142643,339840
350391104548685,340160
350391144566757,340480
350391186102799,340800
350391224538424,341120
350391267829049,341440
350391307075351,341760
350391344698893,342080
350391384952851,342400
350391424226028,342720
350391465382382,343040
350391504252747,343360
350391544544726,343680
350391583597955,344000
350391625790768,344320
350391664741757,344640
350391704882018,344960
350391744440924,345280
350391784598684,345600
350391824556341,345920
350391863560455,346240
350391903520924,346560
350391946764153,346880
350391985031913,347200
350392025013580,347520
350392067951757,347840
350392104979674,348160
350392144998997,348480
350392184951601,348800
350392225199622,349120
350392264088997,349440
350392304868424,349760
350392344959309,350080
350392386447538,350400
350392424067069,350720
350392464617694,351040
350392504904101,351360
350392544826757,351680
350392583859205,352000
350392624136132,352320
350392664432174,352640
350392704898788,352960
350392746530976,353280
350392784266705,353600
350392824131548,353920
350392864214882,354240
350392905014361,354560
350392944135871,354880
350392984352798,355200
350393024430871,355520
350393064153007,355840
350393104307590,356160
350393146268788,356480
350393183815923,356800
350393225237902,357120
350393265605923,357440
350393303896965,357760
350393343523319,358080
350393383496600,358400
350393425870923,358720
350393464472382,359040
350393504626027,359360
350393543940767,359680
350393583710246,360000
350393623598319,360320
350393665313371,360640
350393704491861,360960
350393743632225,361280
350393784975767,361600
350393823960506,361920
350393863581861,362240
350393904940298,362560
350393945242121,362880
350393984855558,363200
350394025032642,363520
350394064383006,363840
350394104945402,364160
350394143636965,364480
350394183944308,364800
350394225269360,365120
350394264912694,365440
350394305508475,365760
350394344684777,366080
350394384538319,366400
350394424305506,366720
350394464658787,367040
350394504938423,367360
350394544726860,367680
350394585150089,368000
350394624052225,368320
350394665423787,368640
350394706001808,368960
350394745794516,369280
350394785403371,369600
350394824305141,369920
350394865980350,370240
350394905692225,370560
350394943655975,370880
350394986269464,371200
350395023393162,371520
350395065447850,371840
350395104748683,372160
350395143962798,372480
350395187443891,372800
350395225205506,373120
350395265159100,373440
350395304307433,373760
350395344141183,374080
350395385719360,374400
350395424663162,374720
350395464674152,375040
350395504822225,375360
350395545117797,375680
350395584728943,376000
350395623486704,376320
350395663875297,376640
350395704857381,376960
350395744646079,377280
350395784417641,377600
350395825228995,377920
350395868038006,378240
350395904986964,378560
350395944960610,378880
350395987858318,379200
350396026376391,379520
350396064461703,379840
350396104126599,380160
350396145171703,380480
350396184017433,380800
350396224453787,381120
350396263962328,381440
350396305392016,381760
350396344589203,382080
350396385094308,382400
350396424639776,382720
350396464245714,383040
350396504286339,383360
350396544031964,383680
350396584383005,384000
350396625543370,384320
350396666238891,384640
350396704365714,384960
350396743984932,385280
350396784288162,385600
350396825612745,385920
350396864155974,386240
350396904178734,386560
350396944567172,386880
350396984589099,387200
350397024753161,387520
350397065742901,387840
350397105864516,388160
350397145662432,388480
350397186055349,388800
350397224684047,389120
350397264733682,389440
350397305229880,389760
350397344898578,390080
350397384795401,390400
350397424721911,390720
350397464839620,391040
350397504886338,391360
350397546009880,391680
350397585942276,392000
350397624827692,392320
350397665113838,392640
350397704231026,392960
350397744708734,393280
350397785049880,393600
350397824820609,393920
350397865625401,394240
350397905042797,394560
350397944880036,394880
350397985418734,395200
350398028027171,395520
350398067032953,395840
350398105184619,396160
350398145336234,396480
350398185233213,396800
350398224918838,397120
350398264802640,397440
350398304800453,397760
350398345338057,398080
350398385440296,398400
350398424676911,398720
350398466784307,399040
350398505608421,399360
350398545564723,399680
350398585074932,400000
350398624635192,400320
350398665148057,400640
350398704942119,400960
350398744441807,401280
350398785204775,401600
350398824965713,401920
350398864213786,402240
350398904956859,402560
350398945186702,402880
350398985328838,403200
350399025448213,403520
350399064779827,403840
350399104466598,404160
350399145719202,404480
350399184673525,404800
350399225164359,405120
350399264939567,405440
350399305332744,405760
350399346091806,406080
350399385652744,406400
350399425240973,406720
350399464841233,407040
350399503697327,407360
350399545008838,407680
350399585100713,408000
350399624008890,408320
350399664469254,408640
350399704902588,408960
350399744660140,409280
350399785056910,409600
350399824372431,409920
350399864718212,410240
350399904855504,410560
350399945046910,410880
350399983971546,411200
350400025316910,411520
350400069883056,411840
350400104907223,412160
350400145080712,412480
350400185543108,412800
350400224122223,413120
350400265003733,413440
350400304331650,413760
350400344804827,414080
350400384188316,414400
350400424926650,414720
350400463735973,415040
350400503673941,415360
350400544611806,415680
350400585289566,416000
350400623550556,416320
350400664028993,416640
350400704578733,416960
350400744888473,417280
350400784853941,417600
350400823571181,417920
350400865645139,418240
350400904715556,418560
350400946086181,418880
350400985789722,419200
350401024950035,419520
350401065682170,419840
350401105350504,420160
350401145874514,420480
350401185072899,420800
350401224737899,421120
350401264895347,421440
350401304608681,421760
350401344964097,422080
350401385656076,422400
350401424563160,422720
350401469327691,423040
350401506344670,423360
350401545099097,423680
350401585427587,424000
350401625049410,424320
350401666723056,424640
350401705325347,424960
350401744913785,425280
350401786403160,425600
350401823851597,425920
350401865299253,426240
350401904937951,426560
350401945895191,426880
350401984705295,427200
350402025431857,427520
350402065850243,427840
350402103814566,428160
350402145027274,428480
350402185970034,428800
350402225993316,429120
350402266251024,429440
350402304491545,429760
350402344079722,430080
350402384876180,430400
350402424702639,430720
350402465354045,431040
350402504480451,431360
350402544801493,431680
350402585175034,432000
350402624604201,432320
350402664641753,432640
350402705241701,432960
350402746756128,433280
350402784771545,433600
350402824375243,433920
350402864807222,434240
350402904207899,434560
350402944673107,434880
350402985454149,435200
350403024230972,435520
350403064511805,435840
350403104758680,436160
350403144549253,436480
350403184970190,436800
350403224922274,437120
350403264831544,437440
350403305887326,437760
350403346985867,438080
350403384188159,438400
350403424820919,438720
350403464621492,439040
350403503777690,439360
350403544329774,439680
350403583910867,440000
350403624627951,440320
350403665033263,440640
350403706269044,440960
350403744547951,441280
350403784332378,441600
350403824046388,441920
350403864651805,442240
350403907084617,442560
350403943839513,442880
350403984834148,443200
350404024418315,443520
350404063606596,443840
350404104721388,444160
350404145662846,444480
350404184600607,444800
350404224596909,445120
350404265155190,445440
350404304662690,445760
350404343825815,446080
350404385233575,446400
350404424382221,446720
350404464676232,447040
350404505074669,447360
350404544129565,447680
350404583724044,448000
350404624781544,448320
350404664723315,448640
350404704568367,448960
350404744908627,449280
350404784838575,449600
350404823775711,449920
350404864113002,450240
350404904190502,450560
350404944886336,450880
350404985271388,451200
350405024008054,451520
350405064777950,451840
350405103577273,452160
350405144151856,452480
350405184337273,452800
350405224581596,453120
350405263601387,453440
350405308331856,453760
350405343586960,454080
350405384276335,454400
350405424124200,454720
350405464249304,455040
350405503725867,455360
350405545474304,455680
350405585672273,456000
350405624482898,456320
350405664386700,456640
350405705167741,456960
350405745236648,457280
350405788324981,457600
350405824822221,457920
350405865231856,458240
350405903998366,458560
350405945708471,458880
350405985571856,459200
350406025709981,459520
350406065158106,459840
350406103917585,460160
350406145712637,460480
350406185033887,460800
350406224606752,461120
350406264431908,461440
350406303891387,461760
350406345804564,462080
350406385153418,462400
350406424206491,462720
350406464376700,463040
350406507679095,463360
350406544149720,463680
350406586218366,464000
350406623735397,464320
350406664264981,464640
350406703927272,464960
350406744174512,465280
350406784874720,465600
350406824469616,465920
350406863602012,466240
350406903633210,466560
350406943595189,466880
350406984024668,467200
350407024169564,467520
350407063591803,467840
350407104388366,468160
350407143807012,468480
350407183995710,468800
350407228629355,469120
350407263430762,469440
350407303827324,469760
350407345877793,470080
350407384074928,470400
350407423280657,470720
350407463516960,471040
350407503953470,471360
350407545803887,471680
350407584239720,472000
350407624318991,472320
350407663801907,472640
350407703584147,472960
350407744003522,473280
350407784738678,473600
350407823564720,473920
350407863576439,474240
350407904179251,474560
350407944057741,474880
350407984262584,475200
350408023459459,475520
350408063438314,475840
350408104006438,476160
350408143449407,476480
350408183655345,476800
350408223378782,477120
350408263703366,477440
350408304311543,477760
350408344158001,478080
350408383339407,478400
350408423544668,478720
350408463417063,479040
350408503380293,479360
350408543973365,479680
350408584385813,480000
350408624340605,480320
350408664200970,480640
350408704053730,480960
350408744609459,481280
350408785661386,481600
350408823360449,481920
350408863440084,482240
350408903408678,482560
350408944671334,482880
350408984546751,483200
350409023147636,483520
350409063289771,483840
350409103156699,484160
350409144399876,484480
350409184347167,484800
350409223552532,485120
350409263588990,485440
350409303500084,485760
350409344599146,486080
350409383934875,486400
350409423129823,486720
350409463378573,487040
350409504696803,487360
350409543960032,487680
350409583502219,488000
350409624002740,488320
350409663786073,488640
350409704653365,488960
350409745449875,489280
350409784934355,489600
350409823325969,489920
350409863642115,490240
350409903487219,490560
350409943467636,490880
350409985060657,491200
350410023569407,491520
350410064473938,491840
350410103686698,492160
350410144801021,492480
350410183885188,492800
350410223821229,493120
350410263712896,493440
350410304422427,493760
350410343491646,494080
350410383256750,494400
350410423401177,494720
350410463429667,495040
350410503684667,495360
350410543469719,495680
350410583463573,496000
350410623384667,496320
350410663692635,496640
350410703622740,496960
350410743851958,497280
350410784076906,497600
350410823379667,497920
350410863249458,498240
350410903351229,498560
350410943519354,498880
350410983691177,499200
350411023975708,499520
350411063602687,499840
350411103523625,500160
350411143441385,500480
350411183415031,500800
350411223370448,501120
350411263453885,501440
350411303366229,501760
350411343280187,502080
350411383602791,502400
350411423410916,502720
350411463364562,503040
350411503175500,503360
350411543471646,503680
350411583564666,504000
350411624358781,504320
350411664105239,504640
350411703705083,504960
350411744063677,505280
350411783577635,505600
350411823319510,505920
350411863222479,506240
350411903266437,506560
350411943393156,506880
350411983226697,507200
350412023891489,507520
350412063355499,507840
350412103423364,508160
350412143275031,508480
350412183268989,508800
350412223396801,509120
350412263307791,509440
350412303622426,509760
350412343362583,510080
350412383622739,510400
350412423501958,510720
350412463730499,511040
350412503260187,511360
350412543535760,511680
350412583357739,512000
350412623727895,512320
350412663614718,512640
350412703611541,512960
350412743673624,513280
350412784301437,513600
350412823326853,513920
350412863642530,514240
350412903603624,514560
350412943806801,514880
350412983772270,515200
350413023634093,515520
350413063362426,515840
350413103568572,516160
350413143287999,516480
350413183360082,516800
350413224104093,517120
350413263264926,517440
350413303669978,517760
350413343281697,518080
350413383372947,518400
350413424647947,518720
350413463377634,519040
350413503343936,519360
350413543933572,519680
350413583421072,520000
350413623523207,520320
350413663704093,520640
350413703868207,520960
350413743853416,521280
350413784687790,521600
350413823324040,521920
350413863295343,522240
350413903471853,522560
350413943385030,522880
350413983292426,523200
350414023311957,523520
350414063354770,523840
350414103278624,524160
350414143344926,524480
350414183362322,524800
350414223564978,525120
350414263554717,525440
350414304102738,525760
350414343804353,526080
350414383903363,526400
350414423448832,526720
350414463281749,527040
350414503321801,527360
350414543452478,527680
350414583740603,528000
350414623679353,528320
350414663849144,528640
350414703933571,528960
350414743553363,529280
350414783605290,529600
350414823275707,529920
350414863234405,530240
350414903276696,530560
350414943374144,530880
350414983356436,531200
350415023391436,531520
350415063619873,531840
350415103336488,532160
350415143291123,532480
350415183352061,532800
350415223387165,533120
350415263548259,533440
350415303552061,533760
350415343462217,534080
350415383675550,534400
350415423346332,534720
350415463379404,535040
350415503779352,535360
350415543762061,535680
350415583794092,536000
350415626339509,536320
350415663706227,536640
350415703907113,536960
350415744988050,537280
350415784831436,537600
350415824202633,537920
350415864536644,538240
350415903921956,538560
350415943645290,538880
350415984162165,539200
350416025659040,539520
350416063794196,539840
350416103807113,540160
350416143558154,540480
350416185401540,540800
350416224411540,541120
350416263534925,541440
350416303463623,541760
350416343616071,542080
350416383690237,542400
350416425193050,542720
350416465623154,543040
350416504785081,543360
350416543440029,543680
350416583660237,544000
350416623443831,544320
350416671639664,544640
350416705503258,544960
350416749582633,545280
350416808966487,545600
350416823882008,545920
350416867957529,546240
350416905240341,546560
350416944605185,546880
350416983413414,547200
350417025261956,547520
350417065592373,547840
350417103560498,548160
350417145916539,548480
350417185752112,548800
350417223335862,549120
350417263427789,549440
350417304815341,549760
350417344371747,550080
350417383513779,550400
350417423401904,550720
350417464678362,551040
350417503245445,551360
350417545753570,551680
350417583559924,552000
350417623829872,552320
350417663896747,552640
350417703890445,552960
350417744349351,553280
350417783638101,553600
350417824897320,553920
350417863511331,554240
350417903524976,554560
350417943252424,554880
350417983420966,555200
350418023480914,555520
350418063800706,555840
350418103732633,556160
350418143302424,556480
350418183249403,556800
350418223315028,557120
350418263895237,557440
350418303388258,557760
350418343583935,558080
350418383890757,558400
350418423695549,558720
350418463287007,559040
350418503864351,559360
350418543359039,559680
350418584166018,560000
350418623411070,560320
350418663895966,560640
350418708406903,560960
350418744181487,561280
350418783467268,561600
350418823645653,561920
350418863616018,562240
350418904093726,562560
350418948034455,562880
350418984005445,563200
350419023621382,563520
350419063435028,563840
350419104834716,564160
350419144133309,564480
350419183794976,564800
350419223569663,565120
350419263746382,565440
350419303321851,565760
350419343361018,566080
350419383581226,566400
350419425509038,566720
350419463952476,567040
350419504169507,567360
350419543460080,567680
350419583352476,568000
350419623860445,568320
350419663670392,568640
350419703990340,568960
350419743974455,569280
350419784614976,569600
350419823932944,569920
350419868438830,570240
350419904467944,570560
350419943618621,570880
350419983640236,571200
350420023535288,571520
350420063489663,571840
350420104149090,572160
350420144810392,572480
350420183531278,572800
350420223850028,573120
350420264252319,573440
350420304482215,573760
350420343566017,574080
350420383506330,574400
350420423957163,574720
350420463250653,575040
350420503302736,575360
350420543503100,575680
350420583480132,576000
350420626685340,576320
350420664146434,576640
350420704145705,576960
350420745402319,577280
350420785371017,577600
350420823413465,577920
350420864337007,578240
350420903617215,578560
350420944459194,578880
350420983669090,579200
350421023865913,579520
350421064190809,579840
350421104603777,580160
350421144848517,580480
350421185397631,580800
350421224285288,581120
350421264741017,581440
350421305940861,581760
350421343426381,582080
350421384775340,582400
350421423489402,582720
350421463467163,583040
350421504287892,583360
350421543774610,583680
350421583438413,584000
350421625178204,584320
350421665447215,584640
350421703867683,584960
350421744720183,585280
350421784877267,585600
350421824719350,585920
350421864301746,586240
350421903909819,586560
350421944411225,586880
350421983391225,587200
350422024085548,587520
350422064402006,587840
350422104499975,588160
350422143991850,588480
350422184905860,588800
350422224483985,589120
350422264658152,589440
350422305368048,589760
350422344818673,590080
350422385181173,590400
350422424688412,590720
350422464543881,591040
350422504425860,591360
350422544100964,591680
350422583917266,592000
350422624331745,592320
350422668504402,592640
350422704920964,592960
350422743449610,593280
350422783578047,593600
350422823535027,593920
350422863357579,594240
350422904470860,594560
350422944622474,594880
350422984410287,595200
350423023359193,595520
350423064475964,595840
350423104374870,596160
350423144289141,596480
350423184536224,596800
350423224316693,597120
350423264077162,597440
350423303727214,597760
350423343366172,598080
350423383572318,598400
350423423244037,598720
350423463194349,599040
350423503229766,599360
350423544401745,599680
350423583880287,600000
350423624903099,600320
350423665144505,600640
350423704543724,600960
350423745049505,601280
350423785141693,601600
350423825418360,601920
350423864616589,602240
350423903961432,602560
350423944878724,602880
350423984650964,603200
350424024642682,603520
350424067687734,603840
350424104196016,604160
350424143929609,604480
350424183671380,604800
350424223299766,605120
350424264155807,605440
350424304055182,605760
350424345195391,606080
350424384332995,606400
350424424580703,606720
350424465087109,607040
350424504224088,607360
350424545103672,607680
350424584698411,608000
350424624592838,608320
350424664588516,608640
350424704585963,608960
350424744564036,609280
350424785143672,609600
350424824416588,609920
350424864258828,610240
350424905058620,610560
350424944213984,610880
350424984274661,611200
350425024384974,611520
350425064571692,611840
350425104346380,612160
350425143651536,612480
350425184486224,612800
350425224379297,613120
350425263335130,613440
350425304399453,613760
350425343923671,614080
350425385433151,614400
350425424557265,614720
350425464372109,615040
350425507569349,615360
350425544283099,615680
350425584443098,616000
350425624666692,616320
350425664130755,616640
350425705790182,616960
350425744088203,617280
350425784878098,617600
350425823982525,617920
350425863494765,618240
350425903982786,618560
350425943402265,618880
350425983616640,619200
350426024621900,619520
350426064312421,619840
350426103955650,620160
350426144336536,620480
350426184158619,620800
350426224300754,621120
350426264373515,621440
350426304708932,621760
350426344499557,622080
350426384636379,622400
350426424278671,622720
350426464092681,623040
350426504388775,623360
350426544049504,623680
350426583330286,624000
350426624414713,624320
350426664219244,624640
350426705609140,624960
350426744895129,625280
350426784614713,625600
350426824877838,625920
350426864338723,626240
350426904473358,626560
350426944572004,626880
350426984925233,627200
350427023367108,627520
350427064568723,627840
350427105040025,628160
350427144553567,628480
350427185054244,628800
350427224541796,629120
350427265191379,629440
350427304832056,629760
350427343959817,630080
350427384956223,630400
350427424732160,630720
350427463883202,631040
350427503682369,631360
350427544228931,631680
350427583792629,632000
350427623380546,632320
350427664083202,632640
350427704697525,632960
350427744232316,633280
350427784303723,633600
350427823588202,633920
350427863601848,634240
350427903966848,634560
350427943623254,634880
350427984208150,635200
350428023813827,635520
350428063854920,635840
350428105092212,636160
350428144503827,636480
350428184408410,636800
350428224656743,637120
350428264978670,637440
350428304191691,637760
350428344511795,638080
350428384688670,638400
350428423365389,638720
350428464279660,639040
350428504600129,639360
350428544762733,639680
350428583654816,640000
350428624314816,640320
350428664108774,640640
350428704571899,640960
350428744673722,641280
350428784517316,641600
350428824362785,641920
350428864585441,642240
350428904134503,642560
350428944647628,642880
350428984378201,643200
350429023566483,643520
350429064225128,643840
350429104879399,644160
350429144599555,644480
350429184148045,644800
350429224885076,645120
350429263621066,645440
350429304708774,645760
350429343733149,646080
350429384551482,646400
350429426127420,646720
350429464234347,647040
350429504685180,647360
350429544929243,647680
350429584995753,648000
350429624676326,648320
350429664914399,648640
350429704996534,648960
350429745599139,649280
350429784989555,649600
350429824294816,649920
350429863970545,650240
350429904764972,650560
350429945460597,650880
350429984216326,651200
350430024964607,651520
350430064585232,651840
350430107811170,652160
350430144776482,652480
350430186349763,652800
350430224822888,653120
350430263716951,653440
350430305776795,653760
350430344070805,654080
350430384675180,654400
350430424865805,654720
350430464530128,655040
350430504983774,655360
350430544904086,655680
350430585844138,656000
350430624529294,656320
350430666679867,656640
350430704827680,656960
350430744810336,657280
350430786058513,657600
350430825074659,657920
350430864326586,658240
350430904373357,658560
350430946571794,658880
350430984240857,659200
350431025057367,659520
350431064520232,659840
350431104971586,660160
350431144513982,660480
350431183982992,660800
350431224472367,661120
350431264252784,661440
350431305159450,661760
350431344631325,662080
350431384424711,662400
350431424636742,662720
350431464140752,663040
350431504394294,663360
350431545021273,663680
350431584430648,664000
350431624266690,664320
350431663461013,664640
350431704610596,664960
350431744583461,665280
350431783466273,665600
350431824565388,665920
350431864585752,666240
350431905661534,666560
350431944835284,666880
350431984910909,667200
350432024750492,667520
350432066610596,667840
350432105433044,668160
350432144564450,668480
350432183460961,668800
350432224891533,669120
350432264146950,669440
350432306637002,669760
350432343672940,670080
350432384152783,670400
350432425708773,670720
350432464039033,671040
350432505154346,671360
350432544326325,671680
350432584442471,672000
350432624501065,672320
350432664808408,672640
350432705276325,672960
350432744691273,673280
350432784335856,673600
350432824333773,673920
350432865442783,674240
350432904121637,674560
350432943817471,674880
350432984254710,675200
350433024705335,675520
350433064332262,675840
350433104341273,676160
350433143893304,676480
350433184357679,676800
350433224152679,677120
350433264832002,677440
350433304600335,677760
350433343529710,678080
350433385040179,678400
350433425001637,678720
350433465853408,679040
350433504031689,679360
350433543740127,679680
350433583626689,680000
350433624643981,680320
350433666518720,680640
350433703991585,680960
350433744561689,681280
350433785858252,681600
350433823696064,681920
350433865009241,682240
350433904478981,682560
350433944175960,682880
350433984042783,683200
350434024404502,683520
350434064536064,683840
350434104195804,684160
350434144079137,684480
350434183904345,684800
350434224355387,685120
350434264439762,685440
350434304359085,685760
350434344259814,686080
350434384338928,686400
350434425815491,686720
350434464786428,687040
350434504136220,687360
350434544541845,687680
350434584483199,688000
350434624377366,688320
350434664332158,688640
350434704444866,688960
350434744563616,689280
350434785390439,689600
350434825127574,689920
350434865136480,690240
350434904851220,690560
350434945111272,690880
350434984828980,691200
350435025228512,691520
350435064710855,691840
350435107334189,692160
350435145045334,692480
350435185252366,692800
350435225230126,693120
350435265232209,693440
350435305151116,693760
350435344090022,694080
350435384787313,694400
350435424880386,694720
350435464799553,695040
350435505357522,695360
350435544795282,695680
350435584641272,696000
350435624667886,696320
350435665353824,696640
350435704739970,696960
350435744669865,697280
350435784672261,697600
350435824755282,697920
350435865107522,698240
350435905129397,698560
350435944596949,698880
350435984447313,699200
350436025218511,699520
350436065895907,699840
350436106020334,700160
350436145504657,700480
350436184318772,700800
350436224112574,701120
350436264293094,701440
350436305671011,701760
350436344895438,702080
350436384783407,702400
350436425564240,702720
350436464626896,703040
350436505072105,703360
350436543872782,703680
350436584304032,704000
350436624949084,704320
350436664176063,704640
350436705700438,704960
350436744273250,705280
350436783922365,705600
350436825747313,705920
350436865380490,706240
350436905334396,706560
350436944888250,706880
350436984916948,707200
350437024896480,707520
350437065439552,707840
350437105338355,708160
350437144777261,708480
350437185639032,708800
350437226095021,709120
350437265677677,709440
350437305891427,709760
350437345794344,710080
350437384347781,710400
350437424836479,710720
350437465009656,711040
350437503741531,711360
350437545431792,711680
350437584909083,712000
350437624753198,712320
350437663564500,712640
350437703896844,712960
350437744557521,713280
350437784661479,713600
350437824961427,713920
350437865871010,714240
350437905684240,714560
350437945139552,714880
350437984560021,715200
350438024845594,715520
350438065831740,715840
350438104864135,716160
350438145002937,716480
350438184865177,716800
350438225612781,717120
350438265113562,717440
350438305102469,717760
350438344944083,718080
350438385838510,718400
350438424927937,718720
350438464682364,719040
350438504027000,719360
350438544742573,719680
350438585186531,720000
350438625640021,720320
350438665242104,720640
350438703973823,720960
350438744990177,721280
350438785097729,721600
350438823905125,721920
350438864987000,722240
350438904860854,722560
350438945591895,722880
350438984305958,723200
350439024845593,723520
350439064581010,723840
350439105426635,724160
350439144943770,724480
350439184480802,724800
350439225466427,725120
350439265278718,725440
350439304755437,725760
350439344436635,726080
350439384109031,726400
350439424180333,726720
350439464180697,727040
350439504252885,727360
350439543968197,727680
350439584046010,728000
350439623528458,728320
350439664203249,728640
350439704364968,728960
350439743689447,729280
350439785655645,729600
350439823882103,729920
350439865343458,730240
350439905124864,730560
350439944980072,730880
350439985008093,731200
350440025430228,731520
350440064962520,731840
350440104774655,732160
350440145048458,732480
350440184603353,732800
350440224610437,733120
350440264551478,733440
350440305407103,733760
350440344729343,734080
350440384553301,734400
350440425276062,734720
350440464723770,735040
350440505326009,735360
350440544486947,735680
350440585380801,736000
350440624059447,736320
350440664559968,736640
350440704386374,736960
350440744921478,737280
350440785741061,737600
350440824759707,737920
350440864669916,738240
350440905314082,738560
350440944853509,738880
350440985111270,739200
350441024376530,739520
350441065395072,739840
350441104998822,740160
350441145552780,740480
350441185743978,740800
350441224440749,741120
350441265058457,741440
350441304761322,741760
350441344821009,742080
350441386169967,742400
350441424113926,742720
350441465303092,743040
350441504516842,743360
350441545441217,743680
350441584912884,744000
350441623438457,744320
350441664373717,744640
350441704834394,744960
350441745069863,745280
350441785473144,745600
350441824500071,745920
350441866279238,746240
350441905602363,746560
350441945097676,746880
350441984873873,747200
350442024462467,747520
350442065209551,747840
350442105260853,748160
350442145309082,748480
350442185167884,748800
350442225075853,749120
350442266129707,749440
350442305023092,749760
350442345329342,750080
350442385324290,750400
350442424540592,750720
350442464549655,751040
350442505262832,751360
350442545495280,751680
350442584813196,752000
350442625381582,752320
350442665593457,752640
350442704690957,752960
350442745377050,753280
350442785040957,753600
350442826263717,753920
350442865449550,754240
350442904665748,754560
350442946189134,754880
350442984533613,755200
350443025330644,755520
350443064071946,755840
350443105218508,756160
350443145248196,756480
350443186600696,756800
350443226442311,757120
350443265440071,757440
350443307632050,757760
350443345130071,758080
350443385149550,758400
350443425870956,758720
350443464886425,759040
350443503867206,759360
350443544808612,759680
350443584786269,760000
350443624823144,760320
350443665521685,760640
350443705604289,760960
350443745258300,761280
350443784997467,761600
350443823979914,761920
350443866428248,762240
350443905899966,762560
350443943832935,762880
350443985211685,763200
350444025232883,763520
350444064278873,763840
350444107641008,764160
350444145838039,764480
350444185594393,764800
350444226824185,765120
350444264700748,765440
350444305710591,765760
350444346390748,766080
350444385160539,766400
350444426587779,766720
350444465496581,767040
350444503771633,767360
350444546026789,767680
350444584568456,768000
350444624251216,768320
350444664035227,768640
350444704742675,768960
350444744481789,769280
350444783884862,769600
350444825678404,769920
350444864925747,770240
350444905298924,770560
350444945246997,770880
350444985180695,771200
350445025566476,771520
350445067346789,771840
350445105728039,772160
350445145748924,772480
350445185267154,772800
350445224816528,773120
350445264756112,773440
350445305301112,773760
350445346450487,774080
350445387051581,774400
350445425839289,774720
350445464001737,775040
350445504319133,775360
350445545975435,775680
350445585264601,776000
350445624700174,776320
350445664477466,776640
350445705957570,776960
350445745185539,777280
350445784522205,777600
350445824980591,777920
350445865562101,778240
350445904789757,778560
350445944705226,778880
350445985588612,779200
350446025402726,779520
350446066426424,779840
350446106625278,780160
350446145398299,780480
350446185696216,780800
350446225645903,781120
350446265579184,781440
350446304822570,781760
350446345675434,782080
350446385292518,782400
350446424512778,782720
350446464611424,783040
350446503708976,783360
350446545237205,783680
350446583529184,784000
350446624642674,784320
350446664966059,784640
350446704403768,784960
350446743417570,785280
350446784268976,785600
350446824233351,785920
350446864523403,786240
350446904643611,786560
350446944531163,786880
350446984338872,787200
350447024739080,787520
350447064808872,787840
350447104110538,788160
350447144711424,788480
350447184889601,788800
350447225072153,789120
350447264728767,789440
350447304608715,789760
350447344456476,790080
350447383965121,790400
350447424532309,790720
350447464343403,791040
350447504270746,791360
350447545320851,791680
350447584666476,792000
350447624511580,792320
350447664267309,792640
350447705368819,792960
350447744511007,793280
350447785189548,793600
350447825055694,793920
350447864643923,794240
350447908878819,794560
350447944945330,794880
350447984737934,795200
350448024939809,795520
350448064430850,795840
350448104601059,796160
350448144852725,796480
350448184250277,796800
350448224348038,797120
350448264819288,797440
350448304670069,797760
350448343586684,798080
350448384474913,798400
350448424677465,798720
350448463806684,799040
350448505328715,799360
350448544683975,799680
350448584483246,800000
350448623794652,800320
350448664628715,800640
350448704633506,800960
350448744457517,801280
350448784364079,801600
350448824447621,801920
350448865195485,802240
350448904529183,802560
350448944365173,802880
350448984574600,803200
350449024475850,803520
350449064304548,803840
350449105808090,804160
350449144329496,804480
350449184453923,804800
350449224267985,805120
350449264226839,805440
350449304995537,805760
350449344462933,806080
350449384484756,806400
350449424213558,806720
350449463490850,807040
350449504239756,807360
350449544730694,807680
350449584454912,808000
350449624607933,808320
350449665157985,808640
350449704998714,808960
350449744443506,809280
350449784702516,809600
350449825171110,809920
350449864244287,810240
350449904308298,810560
350449944428245,810880
350449984467152,811200
350450024930641,811520
350450063627725,811840
350450103950277,812160
350450143881631,812480
350450183621839,812800
350450224898402,813120
350450264986839,813440
350450304440329,813760
350450345355120,814080
350450384127620,814400
350450424233766,814720
350450464193401,815040
350450504219599,815360
350450544502464,815680
350450585443089,816000
350450624150120,816320
350450664802360,816640
350450704753610,816960
350450744077985,817280
350450785317568,817600
350450824248870,817920
350450864425381,818240
350450904329391,818560
350450944470901,818880
350450984363610,819200
350451025002828,819520
350451065215797,819840
350451104343505,820160
350451144248870,820480
350451184597880,820800
350451224881735,821120
350451264457360,821440
350451304784182,821760
350451344925797,822080
350451383572516,822400
350451425142203,822720
350451464559807,823040
350451504199234,823360
350451544698661,823680
350451584665068,824000
350451624311630,824320
350451664838453,824640
350451705486682,824960
350451745419443,825280
350451785047151,825600
350451824315328,825920
350451864344182,826240
350451904471995,826560
350451945292984,826880
350451984486578,827200
350452024421109,827520
350452064363297,827840
350452104292828,828160
350452144253765,828480
350452184476786,828800
350452224384390,829120
350452264720224,829440
350452304619130,829760
350452344662984,830080
350452384633297,830400
350452424379026,830720
350452464219234,831040
350452504176786,831360
350452545199703,831680
350452585214390,832000
350452624781474,832320
350452666280484,832640
350452705415067,832960
350452748542671,833280
350452784470640,833600
350452824176630,833920
350452863652776,834240
350452904253817,834560
350452944578088,834880
350452986452828,835200
350453024296682,835520
350453064790328,835840
350453104377046,836160
350453144429234,836480
350453184454130,836800
350453224358557,837120
350453264219755,837440
350453304795171,837760
350453344517775,838080
350453384617932,838400
350453430538348,838720
350453465034598,839040
350453504320484,839360
350453544351213,839680
350453584964025,840000
350453623747671,840320
350453664492723,840640
350453704865588,840960
350453744985431,841280
350453786028921,841600
350453824659546,841920
350453864420900,842240
350453904599963,842560
350453944294963,842880
350453984399286,843200
350454024176838,843520
350454064903244,843840
350454104098244,844160
350454143506994,844480
350454184546213,844800
350454224982983,845120
350454263375952,845440
350454305346942,845760
350454344251733,846080
350454384512983,846400
350454424369806,846720
350454464402931,847040
350454503665848,847360
350454544723087,847680
350454584406577,848000
350454624130692,848320
350454665908608,848640
350454705253400,848960
350454746108869,849280
350454784099546,849600
350454824048400,849920
350454863665535,850240
350454904574754,850560
350454945584389,850880
350454984531629,851200
350455024713504,851520
350455064717983,851840
350455105209702,852160
350455144624754,852480
350455184482358,852800
350455224291889,853120
350455264575275,853440
350455304268087,853760
350455345258556,854080
350455384553556,854400
350455424607254,854720
350455464574702,855040
350455504154858,855360
350455544412514,855680
350455584690431,856000
350455624500535,856320
350455664322462,856640
350455704662931,856960
350455744416368,857280
350455783648452,857600
350455825847149,857920
350455864443452,858240
350455904490222,858560
350455944580535,858880
350455984803139,859200
350456025320691,859520
350456064805483,859840
350456104691889,860160
350456144662826,860480
350456184707201,860800
350456224498295,861120
350456264892826,861440
350456305324858,861760
350456344737462,862080
350456385263764,862400
350456424240743,862720
350456464831837,863040
350456504560274,863360
350456544692358,863680
350456585301785,864000
350456624896212,864320
350456665297982,864640
350456704617045,864960
350456745794493,865280
350456785235170,865600
350456824573347,865920
350456865444337,866240
350456905196837,866560
350456944476368,866880
350456985183399,867200
350457024959336,867520
350457064956732,867840
350457104733607,868160
350457144617670,868480
350457184619701,868800
350457223595118,869120
350457265133607,869440
350457305210482,869760
350457345013920,870080
350457384659961,870400
350457424935066,870720
350457464993451,871040
350457504830065,871360
350457544688034,871680
350457584923815,872000
350457624559493,872320
350457664462826,872640
350457704744440,872960
350457744958607,873280
350457785310222,873600
350457824753347,873920
350457864436159,874240
350457904793919,874560
350457944748294,874880
350457985524544,875200
350458025056367,875520
350458065889024,875840
350458104720534,876160
350458144460430,876480
350458185525638,876800
350458225215430,877120
350458264740274,877440
350458305389180,877760
350458344473138,878080
350458384800742,878400
350458424796940,878720
350458465666784,879040
350458504245221,879360
350458544562357,879680
350458584588711,880000
350458626221367,880320
350458666483086,880640
350458704186107,880960
350458746280065,881280
350458783955013,881600
350458825057044,881920
350458864489544,882240
350458903596575,882560
350458944396471,882880
350458984775377,883200
350459024328607,883520
350459064216315,883840
350459104871784,884160
350459144314336,884480
350459184838138,884800
350459224673502,885120
350459264591159,885440
350459304760586,885760
350459344256784,886080
350459384379961,886400
350459424858138,886720
350459464500638,887040
350459509242565,887360
350459543278606,887680
350459584189023,888000
350459624912773,888320
350459664962825,888640
350459705074023,888960
350459744726054,889280
350459785860117,889600
350459824316210,889920
350459864658606,890240
350459904734804,890560
350459944710585,890880
350459985352460,891200
350460024935690,891520
350460064781835,891840
350460104714648,892160
350460144517877,892480
350460184858398,892800
350460224682877,893120
350460264568294,893440
350460304768294,893760
350460345282096,894080
350460384636575,894400
350460424661366,894720
350460464285898,895040
350460504349700,895360
350460544654804,895680
350460584555846,896000
350460624085846,896320
350460665163085,896640
350460704950950,896960
350460745743866,897280
350460784995533,897600
350460825350168,897920
350460864396002,898240
350460904595637,898560
350460944802356,898880
350460984802512,899200
350461025244491,899520
350461064522720,899840
350461106698085,900160
350461143816158,900480
350461192678554,900800
350461223266835,901120
350461263886002,901440
350461303534283,901760
350461343467616,902080
350461383441158,902400
350461424406001,902720
350461463350376,903040
350461504744283,903360
350461545539647,903680
350461585756262,904000
350461623690220,904320
350461666378033,904640
350461704528189,904960
350461743684126,905280
350461784583449,905600
350461824335064,905920
350461864805585,906240
350461904811470,906560
350461943601210,906880
350461984440480,907200
350462024837876,907520
350462064440532,907840
350462104864751,908160
350462144760845,908480
350462184832199,908800
350462224521626,909120
350462264880220,909440
350462303314439,909760
350462344587147,910080
350462384706834,910400
350462424555949,910720
350462464590480,911040
350462504157772,911360
350462544234022,911680
350462584954178,912000
350462624721834,912320
350462664530584,912640
350462704759074,912960
350462743941938,913280
350462784944647,913600
350462824194543,913920
350462864548657,914240
350462903348084,914560
350462944237824,914880
350462984589230,915200
350463024817720,915520
350463064687043,915840
350463104521365,916160
350463143839490,916480
350463184237928,916800
350463224164334,917120
350463265093397,917440
350463304623501,917760
350463345109907,918080
350463384319959,918400
350463425023709,918720
350463463925584,919040
350463503350376,919360
350463543439334,919680
350463584666261,920000
350463624432146,920320
350463664359386,920640
350463705375219,920960
350463745544803,921280
350463784748240,921600
350463823586365,921920
350463864237771,922240
350463904344751,922560
350463944572459,922880
350463983592928,923200
350464025122146,923520
350464064795896,923840
350464104462042,924160
350464145573292,924480
350464185466782,924800
350464224310115,925120
350464265076209,925440
350464306139438,925760
350464344556313,926080
350464384003969,926400
350464424776365,926720
350464464205584,927040
350464504605532,927360
350464545542927,927680
350464584932042,928000
350464623535844,928320
350464663572823,928640
350464704108344,928960
350464745703031,929280
350464783535323,929600
350464823453969,929920
350464863606729,930240
350464903791417,930560
350464944510167,930880
350464983568083,931200
350465024778969,931520
350465064013708,931840
350465103445010,932160
350465144471104,932480
350465183504750,932800
350465224642510,933120
350465265683917,933440
350465304681208,933760
350465345384802,934080
350465384128292,934400
350465424666208,934720
350465464416990,935040
350465505109542,935360
350465544564489,935680
350465584311260,936000
350465624979177,936320
350465664382354,936640
350465705087823,936960
350465744856260,937280
350465784963500,937600
350465825451989,937920
350465864830219,938240
350465904529073,938560
350465944860427,938880
350465984688968,939200
350466025194437,939520
350466064973135,939840
350466104441885,940160
350466143956625,940480
350466183707562,940800
350466223636260,941120
350466264377093,941440
350466304519177,941760
350466345094645,942080
350466383872302,942400
350466425789177,942720
350466464446625,943040
350466505024020,943360
350466544492354,943680
350466584532614,944000
350466623622614,944320
350466664317354,944640
350466704288447,944960
350466743700687,945280
350466783894072,945600
350466824097822,945920
350466864397770,946240
350466903634385,946560
350466943913551,946880
350466984211051,947200
350467024554697,947520
350467064418395,947840
350467109572770,948160
350467145705843,948480
350467183683343,948800
350467224856208,949120
350467265059853,949440
350467305654801,949760
350467343890426,950080
350467384045635,950400
350467424422249,950720
350467466391260,951040
350467504035635,951360
350467544306155,951680
350467584252822,952000
350467624882093,952320
350467663718812,952640
350467703911364,952960
350467744408291,953280
350467785041780,953600
350467823796155,953920
350467865276624,954240
350467905638603,954560
350467943888811,954880
350467984038186,955200
350468024099176,955520
350468064080634,955840
350468105830218,956160
350468143776416,956480
350468184073134,956800
350468224077926,957120
350468264079228,957440
350468304747353,957760
350468344707822,958080
350468384028863,958400
350468423701259,958720
350468464359749,959040
350468504535843,959360
350468546078655,959680
350468584802770,960000
350468623609488,960320
350468664032092,960640
350468705649592,960960
350468743837405,961280
350468784183551,961600
350468825161207,961920
350468867569801,962240
350468904836519,962560
350468943679332,962880
350468984764488,963200
350469024999749,963520
350469065191936,963840
350469104290061,964160
350469144163238,964480
350469184199488,964800
350469224517509,965120
350469264935842,965440
350469305227821,965760
350469343905009,966080
350469385202248,966400
350469423976311,966720
350469465912457,967040
350469504077144,967360
350469543716780,967680
350469583912873,968000
350469624443030,968320
350469664269853,968640
350469703683655,968960
350469743406050,969280
350469783901884,969600
350469823919332,969920
350469865189280,970240
350469905004592,970560
350469944200113,970880
350469984414904,971200
350470025050842,971520
350470065389904,971840
350470104064123,972160
350470144844436,972480
350470184474644,972800
350470224596467,973120
350470265371831,973440
350470307504019,973760
350470345085686,974080
350470385354800,974400
350470426725061,974720
350470464941519,975040
350470505106154,975360
350470545806258,975680
350470586066623,976000
350470624513290,976320
350470664431363,976640
350470705052248,976960
350470744997508,977280
350470784670112,977600
350470824407873,977920
350470863632925,978240
350470905494592,978560
350470944588394,978880
350470984489279,979200
350471025527717,979520
350471065169592,979840
350471106892612,980160
350471143853550,980480
350471183897717,980800
350471224684383,981120
350471266229487,981440
350471303778654,981760
350471344215164,982080
350471384387144,982400
350471423583289,982720
350471463640581,983040
350471503888602,983360
350471544649748,983680
350471584797873,984000
350471625502873,984320
350471665090008,984640
350471704667768,984960
350471745453758,985280
350471784936102,985600
350471825219383,985920
350471864306779,986240
350471904910477,986560
350471944492612,986880
350471984914383,987200
350472025075633,987520
350472063683862,987840
350472104179643,988160
350472144323237,988480
350472185228133,988800
350472225221779,989120
350472263779331,989440
350472303795320,989760
350472344347091,990080
350472384585529,990400
350472423706049,990720
350472464604435,991040
350472504714747,991360
350472543617195,991680
350472585102612,992000
350472624444903,992320
350472663733185,992640
350472704708862,992960
350472744549591,993280
350472784602820,993600
350472824524070,993920
350472864511414,994240
350472904720424,994560
350472944270997,994880
350472983791205,995200
350473025833705,995520
350473065284799,995840
350473104495112,996160
350473145059799,996480
350473184647872,996800
350473225173341,997120
350473265361622,997440
350473305515372,997760
350473345913237,998080
350473386181726,998400
350473424871518,998720
350473465497299,999040
350473505308341,999360
350473544919851,999680
350473584850476,1000000
350473624998445,1000320
350473664890997,1000640
350473705138653,1000960
350473743956049,1001280
350473785348809,1001600
350473829845007,1001920
350473866719799,1002240
350473905775320,1002560
350473945346205,1002880
350473984820788,1003200
350474025172976,1003520
350474065284017,1003840
350474106030320,1004160
350474145379226,1004480
350474184494122,1004800
350474225501570,1005120
350474265373288,1005440
350474305285840,1005760
350474344791101,1006080
350474385508653,1006400
350474425406361,1006720
350474464715059,1007040
350474505355424,1007360
350474545149121,1007680
350474585502871,1008000
350474625553028,1008320
350474664882351,1008640
350474704647142,1008960
350474744797455,1009280
350474784262767,1009600
350474825096778,1009920
350474865040476,1010240
350474905242403,1010560
350474945082715,1010880
350474985055215,1011200
350475025588236,1011520
350475065418809,1011840
350475104601361,1012160
350475145382507,1012480
350475186185527,1012800
350475225258132,1013120
350475265443757,1013440
350475305215892,1013760
350475345534955,1014080
350475385224382,1014400
350475425494121,1014720
350475465107507,1015040
350475506296361,1015360
350475544034277,1015680
350475585171881,1016000
350475624023861,1016320
350475664362194,1016640
350475704071152,1016960
350475744510163,1017280
350475784765215,1017600
350475824537142,1017920
350475864674538,1018240
350475904171204,1018560
350475943879121,1018880
350475984392454,1019200
350476024477350,1019520
350476063846413,1019840
350476105821100,1020160
350476144082923,1020480
350476185930944,1020800
350476224216829,1021120
350476265304485,1021440
350476305649954,1021760
350476344777246,1022080
350476384240423,1022400
350476424908860,1022720
350476464576621,1023040
350476504990996,1023360
350476545829381,1023680
350476584763287,1024000
350476625087194,1024320
350476665799485,1024640
350476705221673,1024960
350476745323496,1025280
350476785505371,1025600
350476824638808,1025920
350476864435787,1026240
350476904644485,1026560
350476943840891,1026880
350476984291204,1027200
350477025811308,1027520
350477065497402,1027840
350477104675787,1028160
350477145639537,1028480
350477184523756,1028800
350477223871048,1029120
350477264948131,1029440
350477305848391,1029760
350477344257297,1030080
350477383965787,1030400
350477423546985,1030720
350477464693235,1031040
350477507666620,1031360
350477545566412,1031680
350477584940943,1032000
350477623692558,1032320
350477663679172,1032640
350477705775839,1032960
350477744153756,1033280
350477784831464,1033600
350477823363756,1033920
350477864620891,1034240
350477904611308,1034560
350477944700943,1034880
350477985379120,1035200
350478024382453,1035520
350478065221985,1035840
350478106814641,1036160
350478144457037,1036480
350478185190058,1036800
350478226035735,1037120
350478265132610,1037440
350478305369641,1037760
350478345178599,1038080
350478385079641,1038400
350478425360057,1038720
350478466540995,1039040
350478506687922,1039360
350478545370318,1039680
350478585291412,1040000
350478624960110,1040320
350478666036307,1040640
350478706076932,1040960
350478745726307,1041280
350478785399745,1041600
350478825215787,1041920
350478866217141,1042240
350478905855682,1042560
350478948244484,1042880
350478985457297,1043200
350479025412818,1043520
350479064744068,1043840
350479106793130,1044160
350479145659172,1044480
350479184885057,1044800
350479224670161,1045120
350479265602818,1045440
350479306561203,1045760
350479345251984,1046080
350479384701411,1046400
350479424905474,1046720
350479464787870,1047040
350479506331620,1047360
350479545278755,1047680
350479585648078,1048000
350479623345838,1048320
350479663825057,1048640
350479704325942,1048960
350479745321307,1049280
350479784135786,1049600
350479825980265,1049920
350479866754640,1050240
350479906241724,1050560
350479945083182,1050880
350479984825317,1051200
350480026145890,1051520
350480065551776,1051840
350480105296932,1052160
350480145822244,1052480
350480184587088,1052800
350480225238026,1053120
350480265177192,1053440
350480305383963,1053760
350480345404484,1054080
350480385821359,1054400
350480425352296,1054720
350480464685421,1055040
350480505002192,1055360
350480545787088,1055680
350480584482505,1056000
350480624459588,1056320
350480664833286,1056640
350480705022452,1056960
350480743531880,1057280
350480784975005,1057600
350480826450057,1057920
350480865705317,1058240
350480906089484,1058560
350480945404848,1058880
350480985534484,1059200
350481025724848,1059520
350481065222088,1059840
350481104681775,1060160
350481145193181,1060480
350481185436254,1060800
350481226341202,1061120
350481265103233,1061440
350481305251515,1061760
350481345217036,1062080
350481386346515,1062400
350481423788963,1062720
350481465024119,1063040
350481505141463,1063360
350481545184692,1063680
350481584639431,1064000
350481625080317,1064320
350481664730681,1064640
350481705681619,1064960
350481745003442,1065280
350481785068077,1065600
350481824954483,1065920
350481865248494,1066240
350481904591098,1066560
350481945568650,1066880
350481985050577,1067200
350482025201723,1067520
350482064790421,1067840
350482104978129,1068160
350482145507191,1068480
350482185452921,1068800
350482225081358,1069120
350482265074327,1069440
350482306310994,1069760
350482345591879,1070080
350482385554900,1070400
350482424740004,1070720
350482464554118,1071040
350482504921358,1071360
350482544692296,1071680
350482585983806,1072000
350482623568545,1072320
350482664696618,1072640
350482705405785,1072960
350482745580577,1073280
350482785337504,1073600
350482824965056,1073920
350482865275993,1074240
350482905033545,1074560
350482945233493,1074880
350482985656045,1075200
350483025214118,1075520
350483065889327,1075840
350483105809118,1076160
350483145300993,1076480
350483184946514,1076800
350483224922191,1077120
350483265617347,1077440
350483304551670,1077760
350483345341618,1078080
350483385341462,1078400
350483424693233,1078720
350483464665628,1079040
350483504995003,1079360
350483545893962,1079680
350483584849014,1080000
350483624867920,1080320
350483665314535,1080640
350483705977139,1080960
350483743993285,1081280
350483785469430,1081600
350483826225003,1081920
350483865210003,1082240
350483904663701,1082560
350483945081410,1082880
350483985208597,1083200
350484026507243,1083520
350484064701982,1083840
350484105077295,1084160
350484145660524,1084480
350484185831305,1084800
350484226754482,1085120
350484264677295,1085440
350484305952764,1085760
350484345165107,1086080
350484385455732,1086400
350484425698336,1086720
350484465043076,1087040
350484504528389,1087360
350484545433545,1087680
350484584883388,1088000
350484624173232,1088320
350484665391982,1088640
350484704607295,1088960
350484745395055,1089280
350484786161878,1089600
350484825775420,1089920
350484865751722,1090240
350484905814899,1090560
350484945621305,1090880
350484984951617,1091200
350485025532295,1091520
350485065657086,1091840
350485105355628,1092160
350485145853597,1092480
350485185616617,1092800
350485225915211,1093120
350485264474899,1093440
350485305043649,1093760
350485345706305,1094080
350485383761253,1094400
350485425045940,1094720
350485465025576,1095040
350485504842138,1095360
350485545494274,1095680
350485585379326,1096000
350485624842815,1096320
350485665464482,1096640
350485705498128,1096960
350485745441409,1097280
350485785724846,1097600
350485825445784,1097920
350485865146721,1098240
350485906183544,1098560
350485945726044,1098880
350485985080680,1099200
350486024909898,1099520
350486065411669,1099840
350486105559377,1100160
350486146095315,1100480
350486185288388,1100800
350486225373596,1101120
350486265994794,1101440
350486305841721,1101760
350486345749898,1102080
350486385596148,1102400
350486423864377,1102720
350486463607919,1103040
350486507079534,1103360
350486545060992,1103680
350486585673231,1104000
350486626039325,1104320
350486665433804,1104640
350486705937711,1104960
350486746091461,1105280
350486784808961,1105600
350486825877919,1105920
350486865702554,1106240
350486905587086,1106560
350486946200263,1106880
350486985198023,1107200
350487025208596,1107520
350487065734950,1107840
350487106206981,1108160
350487145686721,1108480
350487185384377,1108800
350487226264637,1109120
350487265483179,1109440
350487306023023,1109760
350487345757346,1110080
350487385004377,1110400
350487424508387,1110720
350487464737033,1111040
350487505153387,1111360
350487544889064,1111680
350487584675783,1112000
350487625463231,1112320
350487664985158,1112640
350487705353544,1112960
350487745216356,1113280
350487784834533,1113600
350487825644950,1113920
350487865991096,1114240
350487904562606,1114560
350487945225783,1114880
350487985421096,1115200
350488025519637,1115520
350488065382658,1115840
350488105533231,1116160
350488145706460,1116480
350488186636825,1116800
350488225846877,1117120
350488265980887,1117440
350488304733127,1117760
350488346275314,1118080
350488386099950,1118400
350488424895366,1118720
350488465412449,1119040
350488505485939,1119360
350488544425158,1119680
350488585687970,1120000
350488624804533,1120320
350488664328022,1120640
350488705730939,1120960
350488745553074,1121280
350488785176876,1121600
350488825930574,1121920
350488865121668,1122240
350488904768751,1122560
350488944958803,1122880
350488984699689,1123200
350489024679324,1123520
350489063623595,1123840
350489105771512,1124160
350489143140678,1124480
350489184476668,1124800
350489223675418,1125120
350489267451928,1125440
350489304140730,1125760
350489343908803,1126080
350489383899949,1126400
350489424794220,1126720
350489465117866,1127040
350489506348178,1127360
350489544103439,1127680
350489584893647,1128000
350489624209480,1128320
350489665065053,1128640
350489705183491,1128960
350489743739012,1129280
350489784344689,1129600
350489825206043,1129920
350489865290991,1130240
350489907565053,1130560
350489943659220,1130880
350489983521459,1131200
350490023926876,1131520
350490064266407,1131840
350490104480366,1132160
350490144655678,1132480
350490185773178,1132800
350490224666043,1133120
350490264398074,1133440
350490304659480,1133760
350490346685678,1134080
350490386082449,1134400
350490425221876,1134720
350490469512240,1135040
350490506984115,1135360
350490547709480,1135680
350490586598490,1136000
350490624795990,1136320
350490663881772,1136640
350490705981511,1136960
350490744351980,1137280
350490783411615,1137600
350490824595261,1137920
350490864916146,1138240
350490908711146,1138560
350490943522813,1138880
350490992654428,1139200
350491023643751,1139520
350491064880313,1139840
350491104250001,1140160
350491143538230,1140480
350491183722709,1140800
350491225141407,1141120
350491263426355,1141440
350491303805000,1141760
350491349612657,1142080
350491383225365,1142400
350491427827605,1142720
350491463980053,1143040
350491504461771,1143360
350491544829948,1143680
350491586662761,1144000
350491625270834,1144320
350491664364740,1144640
350491704248855,1144960
350491744205052,1145280
350491783821823,1145600
350491825343021,1145920
350491863493438,1146240
350491905626615,1146560
350491943523438,1146880
350491983543334,1147200
350492025038125,1147520
350492064036094,1147840
350492103484323,1148160
350492143727500,1148480
350492184304531,1148800
350492223977083,1149120
350492264093906,1149440
350492303875417,1149760
350492344451719,1150080
350492384618490,1150400
350492423757031,1150720
350492463958125,1151040
350492504370573,1151360
350492543689271,1151680
350492584015625,1152000
350492625854427,1152320
350492664067240,1152640
350492703812292,1152960
350492743922396,1153280
350492785861771,1153600
350492825216823,1153920
350492864522969,1154240
350492903872083,1154560
350492943903177,1154880
350492984861198,1155200
350493026142656,1155520
350493064447500,1155840
350493104002916,1156160
350493145047135,1156480
350493185324791,1156800
350493224001406,1157120
350493264450937,1157440
350493303750104,1157760
350493344034739,1158080
350493384751354,1158400
350493424265781,1158720
350493464362135,1159040
350493503660937,1159360
350493544407708,1159680
350493585476458,1160000
350493624466875,1160320
350493663486510,1160640
350493703829323,1160960
350493744493802,1161280
350493785090781,1161600
350493824219062,1161920
350493864440312,1162240
350493904032864,1162560
350493944641562,1162880
350493985799270,1163200
350494024943177,1163520
350494065051718,1163840
350494103726718,1164160
350494143795312,1164480
350494184928281,1164800
350494223483958,1165120
350494263426614,1165440
350494303725364,1165760
350494344228749,1166080
350494384761093,1166400
350494424720989,1166720
350494463948906,1167040
350494503933437,1167360
350494545571926,1167680
350494584695780,1168000
350494624488228,1168320
350494664558593,1168640
350494704386718,1168960
350494744761874,1169280
350494784020989,1169600
350494824524166,1169920
350494863499791,1170240
350494903881197,1170560
350494943904635,1170880
350494983622187,1171200
350495023925937,1171520
350495064118593,1171840
350495104192551,1172160
350495143876353,1172480
350495184073749,1172800
350495223791978,1173120
350495263672551,1173440
350495304929686,1173760
350495344417811,1174080
350495384246822,1174400
350495425024530,1174720
350495466014843,1175040
350495504988176,1175360
350495545815728,1175680
350495585821405,1176000
350495624441197,1176320
350495665920728,1176640
350495707995988,1176960
350495746242863,1177280
350495786255103,1177600
350495826779426,1177920
350495866711405,1178240
350495907808228,1178560
350495944474842,1178880
350495984590103,1179200
350496025294947,1179520
350496068421197,1179840
350496105277447,1180160
350496144358384,1180480
350496186438801,1180800
350496224259165,1181120
350496265487551,1181440
350496306642186,1181760
350496345674269,1182080
350496383453071,1182400
350496424272342,1182720
350496464050467,1183040
350496504128540,1183360
350496543535988,1183680
350496583613644,1184000
350496623504686,1184320
350496663543488,1184640
350496703457446,1184960
350496744222082,1185280
350496784614321,1185600
350496824268071,1185920
350496863418019,1186240
350496903965780,1186560
350496943947394,1186880
350496983503175,1187200
350497023472082,1187520
350497063726925,1187840
350497103346040,1188160
350497143727915,1188480
350497184742550,1188800
350497225025415,1189120
350497264702290,1189440
350497305178227,1189760
350497345344529,1190080
350497384209113,1190400
350497425080467,1190720
350497466559061,1191040
350497504694998,1191360
350497548096561,1191680
350497585251300,1192000
350497624271665,1192320
350497664252446,1192640
350497706080675,1192960
350497745372967,1193280
350497783805415,1193600
350497826175727,1193920
350497866201873,1194240
350497905113279,1194560
350497950868956,1194880
350497986575727,1195200
350498026637290,1195520
350498066359477,1195840
350498105477185,1196160
350498144512029,1196480
350498185089269,1196800
350498225992654,1197120
350498264956977,1197440
350498305133852,1197760
350498344245883,1198080
350498385287446,1198400
350498424924529,1198720
350498466335102,1199040
350498505331717,1199360
350498545747446,1199680
350498585285154,1200000
350498625227133,1200320
350498669083227,1200640
350498707474529,1200960
350498745870779,1201280
350498786663696,1201600
350498824579893,1201920
350498864990154,1202240
350498905095414,1202560
350498945128018,1202880
350498983663643,1203200
350499024449320,1203520
350499064653695,1203840
350499105271143,1204160
350499145268227,1204480
350499184657654,1204800
350499224518852,1205120
350499269575206,1205440
350499303998018,1205760
350499344193695,1206080
350499384071404,1206400
350499424236560,1206720
350499465148331,1207040
350499504700466,1207360
350499543533018,1207680
350499585704893,1208000
350499624522237,1208320
350499666419737,1208640
350499703721195,1208960
350499743790414,1209280
350499783650049,1209600
350499823944424,1209920
350499864449685,1210240
350499904038383,1210560
350499943546872,1210880
350499983408383,1211200
350500025158070,1211520
350500064367497,1211840
350500103768539,1212160
350500144769268,1212480
350500184436820,1212800
350500224077237,1213120
350500264442289,1213440
350500303806455,1213760
350500344667445,1214080
350500384511351,1214400
350500426927393,1214720
350500464620049,1215040
350500503597237,1215360
350500544370362,1215680
350500583704945,1216000
350500624858487,1216320
350500665037809,1216640
350500704466351,1216960
350500750150830,1217280
350500784173955,1217600
350500824527705,1217920
350500865361195,1218240
350500903790882,1218560
350500944252080,1218880
350500983614788,1219200
350501024562393,1219520
350501063802393,1219840
350501104930986,1220160
350501143674215,1220480
350501185733590,1220800
350501223621143,1221120
350501264335570,1221440
350501303861403,1221760
350501344439007,1222080
350501383883799,1222400
350501423739111,1222720
350501464144632,1223040
350501503867705,1223360
350501544847340,1223680
350501584420726,1224000
350501624005726,1224320
350501664221351,1224640
350501705022080,1224960
350501746999215,1225280
350501783881194,1225600
350501823736507,1225920
350501863740361,1226240
350501904359319,1226560
350501943966767,1226880
350501983711038,1227200
350502025871194,1227520
350502064262028,1227840
350502104020934,1228160
350502147447653,1228480
350502183902080,1228800
350502225103590,1229120
350502264030361,1229440
350502304280257,1229760
350502343641715,1230080
350502384188694,1230400
350502425215882,1230720
350502465310413,1231040
350502503730986,1231360
350502544194267,1231680
350502584898121,1232000
350502624629215,1232320
350502665241142,1232640
350502704104892,1232960
350502743912965,1233280
350502784250934,1233600
350502824989319,1233920
350502864327600,1234240
350502903695152,1234560
350502943547965,1234880
350502985021559,1235200
350503025198121,1235520
350503063747548,1235840
350503104060673,1236160
350503143621975,1236480
350503184242079,1236800
350503224930829,1237120
350503265114788,1237440
350503304957652,1237760
350503344481142,1238080
350503383809475,1238400
350503425502913,1238720
350503465439527,1239040
350503508010621,1239360
350503545572340,1239680
350503584279735,1240000
350503624667912,1240320
350503665301402,1240640
350503706896819,1240960
350503745908381,1241280
350503784951350,1241600
350503825310673,1241920
350503864708746,1242240
350503905072704,1242560
350503945932235,1242880
350503985654110,1243200
350504025303069,1243520
350504065075516,1243840
350504105834214,1244160
350504145177287,1244480
350504185892287,1244800
350504225965100,1245120
350504264356141,1245440
350504305556298,1245760
350504345998225,1246080
350504383672287,1246400
350504425279318,1246720
350504465099579,1247040
350504503822860,1247360
350504545348954,1247680
350504584319839,1248000
350504625582287,1248320
350504668889006,1248640
350504705702027,1248960
350504745889579,1249280
350504785165100,1249600
350504825177235,1249920
350504866446245,1250240
350504905578797,1250560
350504945974787,1250880
350504985564579,1251200
350505024807599,1251520
350505066447287,1251840
350505104201401,1252160
350505144076297,1252480
350505185279787,1252800
350505226315516,1253120
350505264821297,1253440
350505304504578,1253760
350505345279735,1254080
350505385246558,1254400
350505426347599,1254720
350505465768589,1255040
350505504896141,1255360
350505544895985,1255680
350505585327443,1256000
350505625890412,1256320
350505665444630,1256640
350505705356922,1256960
350505746004162,1257280
350505787067755,1257600
350505824902807,1257920
350505868495828,1258240
350505905594266,1258560
350505947435620,1258880
350505991522182,1259200
350506023514891,1259520
350506063813484,1259840
350506105494109,1260160
350506144590255,1260480
350506185874318,1260800
350506225497234,1261120
350506265800776,1261440
350506304354734,1261760
350506346075932,1262080
350506385563172,1262400
350506424708849,1262720
350506464776922,1263040
350506505704213,1263360
350506544593901,1263680
350506585090255,1264000
350506624590672,1264320
350506665117182,1264640
350506705553224,1264960
350506744883120,1265280
350506785112182,1265600
350506824459734,1265920
350506864636870,1266240
350506905817130,1266560
350506944865307,1266880
350506985215463,1267200
350507024011140,1267520
350507065703432,1267840
350507105196922,1268160
350507145354682,1268480
350507184571297,1268800
350507227823953,1269120
350507263652182,1269440
350507303595359,1269760
350507343723901,1270080
350507383755515,1270400
350507423623015,1270720
350507463594578,1271040
350507503863432,1271360
350507543594005,1271680
350507584316713,1272000
350507623023380,1272320
350507665078692,1272640
350507703583067,1272960
350507743872963,1273280
350507783615671,1273600
350507823645567,1273920
350507864776192,1274240
350507904050723,1274560
350507946027963,1274880
350507983954421,1275200
350508023786400,1275520
350508063545463,1275840
350508104485671,1276160
350508143704265,1276480
350508183427129,1276800
350508224493640,1277120
350508263905359,1277440
350508305382286,1277760
350508344704265,1278080
350508383388015,1278400
350508424533744,1278720
350508464288223,1279040
350508505284890,1279360
350508544607702,1279680
350508583418692,1280000
350508624167702,1280320
350508666915619,1280640
350508704466244,1280960
350508744096400,1281280
350508783444004,1281600
350508823770463,1281920
350508864550619,1282240
350508905131035,1282560
350508944519785,1282880
350508983813692,1283200
350509025230254,1283520
350509064823744,1283840
350509104185619,1284160
350509144425827,1284480
350509186351400,1284800
350509224097650,1285120
350509265245775,1285440
350509305418014,1285760
350509345373067,1286080
350509386068587,1286400
350509425652806,1286720
350509465236660,1287040
350509505387233,1287360
350509545170254,1287680
350509585249421,1288000
350509625317546,1288320
350509665657806,1288640
350509705550931,1288960
350509745673900,1289280
350509785104837,1289600
350509824669264,1289920
350509864180410,1290240
350509905913691,1290560
350509946217337,1290880
350509984081348,1291200
350510024303066,1291520
350510063552181,1291840
350510105742441,1292160
350510144068066,1292480
350510184669316,1292800
350510224347650,1293120
350510264525254,1293440
350510305810827,1293760
350510344100306,1294080
350510384503795,1294400
350510424017389,1294720
350510466188222,1295040
350510504233847,1295360
350510544386868,1295680
350510584162389,1296000
350510623655774,1296320
350510665746660,1296640
350510703686139,1296960
350510744199733,1297280
350510784102858,1297600
350510823684160,1297920
350510864817545,1298240
350510906368951,1298560
350510944730514,1298880
350510984135149,1299200
350511023628951,1299520
350511064456816,1299840
350511104793639,1300160
350511144946608,1300480
350511185216451,1300800
350511225407910,1301120
350511265157337,1301440
350511305016087,1301760
350511344371503,1302080
350511384850462,1302400
350511424889680,1302720
350511465246816,1303040
350511504481920,1303360
350511544430514,1303680
350511584565045,1304000
350511625086243,1304320
350511665740357,1304640
350511704261868,1304960
350511744483586,1305280
350511784199368,1305600
350511825522389,1305920
350511864670722,1306240
350511904856191,1306560
350511948690409,1306880
350511986013691,1307200
350512026645930,1307520
350512065578899,1307840
350512104874888,1308160
350512144700305,1308480
350512184628274,1308800
350512223676659,1309120
350512265521243,1309440
350512305345930,1309760
350512345124472,1310080
350512384958274,1310400
350512425164732,1310720
350512465214003,1311040
350512504212805,1311360
350512544703482,1311680
350512585537597,1312000
350512623534159,1312320
350512664917649,1312640
350512705458378,1312960
350512744798951,1313280
350512785036919,1313600
350512824334107,1313920
350512865098846,1314240
350512906678378,1314560
350512945701503,1314880
350512986050930,1315200
350513025864107,1315520
350513065142648,1315840
350513104528169,1316160
350513144322232,1316480
350513185410982,1316800
350513225902909,1317120
350513265582128,1317440
350513304707648,1317760
350513344684107,1318080
350513386085669,1318400
350513425298169,1318720
350513465375461,1319040
350513508510252,1319360
350513545554211,1319680
350513584727752,1320000
350513625093429,1320320
350513665859002,1320640
350513705164784,1320960
350513744965096,1321280
350513786965877,1321600
350513823895773,1321920
350513865297961,1322240
350513904810200,1322560
350513944171086,1322880
350513984576086,1323200
350514025211086,1323520
350514063914523,1323840
350514105106658,1324160
350514145265825,1324480
350514184569575,1324800
350514225248273,1325120
350514264879106,1325440
350514304152127,1325760
350514343461658,1326080
350514386782960,1326400
350514426184940,1326720
350514465101502,1327040
350514506810252,1327360
350514547905512,1327680
350514585804731,1328000
350514624546919,1328320
350514665630929,1328640
350514705616762,1328960
350514745466346,1329280
350514785623689,1329600
350514824613898,1329920
350514865436814,1330240
350514904791606,1330560
350514948337491,1330880
350514985450512,1331200
350515024947283,1331520
350515065843481,1331840
350515105877179,1332160
350515146116971,1332480
350515185677700,1332800
350515226836450,1333120
350515267046606,1333440
350515306110460,1333760
350515344507127,1334080
350515385475460,1334400
350515426378481,1334720
350515465546450,1335040
350515505451137,1335360
350515546242439,1335680
350515584012387,1336000
350515624817439,1336320
350515663794366,1336640
350515704175512,1336960
350515746331241,1337280
350515784936502,1337600
350515824400460,1337920
350515864218064,1338240
350515904749627,1338560
350515944038064,1338880
350515983732231,1339200
350516024289991,1339520
350516064152179,1339840
350516104573324,1340160
350516144951501,1340480
350516184746085,1340800
350516226590303,1341120
350516264206345,1341440
350516303509939,1341760
350516343651710,1342080
350516385133272,1342400
350516423971345,1342720
350516464889730,1343040
350516504256449,1343360
350516544257126,1343680
350516584088845,1344000
350516624481397,1344320
350516665612022,1344640
350516704926553,1344960
350516748766918,1345280
350516786284678,1345600
350516825326293,1345920
350516864892855,1346240
350516904875251,1346560
350516945357803,1346880
350516984806657,1347200
350517025422282,1347520
350517066243949,1347840
350517107045147,1348160
350517146540355,1348480
350517186104105,1348800
350517229500980,1349120
350517265821814,1349440
350517304144886,1349760
350517344845199,1350080
350517384834418,1350400
350517424512074,1350720
350517466209366,1351040
350517505138324,1351360
350517548730876,1351680
350517585950043,1352000
350517626855199,1352320
350517664916136,1352640
350517705803115,1352960
350517746930980,1353280
350517785280042,1353600
350517826058845,1353920
350517863583063,1354240
350517903985459,1354560
350517946764313,1354880
350517983991657,1355200
350518023440511,1355520
350518065028219,1355840
350518104872647,1356160
350518143960355,1356480
350518184343376,1356800
350518225345199,1357120
350518264853376,1357440
350518305312699,1357760
350518345434886,1358080
350518385133636,1358400
350518425203219,1358720
350518465909990,1359040
350518504288376,1359360
350518545622594,1359680
350518586727594,1360000
350518623678063,1360320
350518665696136,1360640
350518705155980,1360960
350518745027490,1361280
350518785654521,1361600
350518824942646,1361920
350518865180927,1362240
350518905774261,1362560
350518945083532,1362880
350518985521344,1363200
350519026033375,1363520
350519064995979,1363840
350519106377073,1364160
350519144591917,1364480
350519185850563,1364800
350519224187438,1365120
350519264070563,1365440
350519303528375,1365760
350519343991865,1366080
350519386323115,1366400
350519424721761,1366720
350519465432906,1367040
350519508706969,1367360
350519544939261,1367680
350519584925250,1368000
350519625088688,1368320
350519665108063,1368640
350519705163635,1368960
350519745494208,1369280
350519786077750,1369600
350519826539208,1369920
350519866465615,1370240
350519905229156,1370560
350519944996708,1370880
350519983931865,1371200
350520025533583,1371520
350520065420042,1371840
350520104907073,1372160
350520144887021,1372480
350520186261604,1372800
350520225515406,1373120
350520265504260,1373440
350520305847854,1373760
350520345174937,1374080
350520385649573,1374400
350520425235927,1374720
350520466638010,1375040
350520506739521,1375360
350520546499312,1375680
350520586044416,1376000
350520625622541,1376320
350520665192958,1376640
350520705531291,1376960
350520746514833,1377280
350520785138427,1377600
350520829556656,1377920
350520865821343,1378240
350520906089729,1378560
350520949142541,1378880
350520985084104,1379200
350521024564989,1379520
350521064965406,1379840
350521104505250,1380160
350521144481656,1380480
350521184309260,1380800
350521224077750,1381120
350521264378374,1381440
350521304480093,1381760
350521343807437,1382080
350521386171291,1382400
350521424336031,1382720
350521465384260,1383040
350521503808583,1383360
350521544222645,1383680
350521583841447,1384000
350521625265926,1384320
350521664626656,1384640
350521704710718,1384960
350521744860406,1385280
350521784108478,1385600
350521824125197,1385920
350521865139572,1386240
350521904207385,1386560
350521944157437,1386880
350521983944937,1387200
350522024422905,1387520
350522065295353,1387840
350522114100926,1388160
350522143579520,1388480
350522184049207,1388800
350522223450874,1389120
350522264618478,1389440
350522303662176,1389760
350522343674051,1390080
350522383958374,1390400
350522425075978,1390720
350522467984884,1391040
350522503979572,1391360
350522544861916,1391680
350522583726186,1392000
350522623443374,1392320
350522663748895,1392640
350522704894155,1392960
350522744747593,1393280
350522783974624,1393600
350522824169936,1393920
350522865134155,1394240
350522903390249,1394560
350522945120978,1394880
350522983537228,1395200
350523025274832,1395520
350523063837801,1395840
350523103724051,1396160
350523144982124,1396480
350523183939572,1396800
350523224072124,1397120
350523267523790,1397440
350523303305926,1397760
350523343941082,1398080
350523384222905,1398400
350523425012697,1398720
350523463523061,1399040
350523503711290,1399360
350523549706759,1399680
350523583867697,1400000
350523624695613,1400320
350523663544884,1400640
350523703629884,1400960
350523744812592,1401280
350523783994155,1401600
350523825498269,1401920
350523870650144,1402240
350523904554571,1402560
350523943909988,1402880
350523984672176,1403200
350524025449311,1403520
350524064024467,1403840
350524104380405,1404160
350524144573425,1404480
350524185065873,1404800
350524226130353,1405120
350524264082748,1405440
350524303787436,1405760
350524343427384,1406080
350524384226759,1406400
350524424652019,1406720
350524466875613,1407040
350524503797957,1407360
350524544323686,1407680
350524584896498,1408000
350524624515457,1408320
350524663995769,1408640
350524704026498,1408960
350524743751498,1409280
350524783722071,1409600
350524824753061,1409920
350524863361706,1410240
350524903930821,1410560
350524943922019,1410880
350524984027175,1411200
350525026323529,1411520
350525063819727,1411840
350525103941186,1412160
350525144724675,1412480
350525184950769,1412800
350525224361081,1413120
350525263976394,1413440
350525303860613,1413760
350525343934310,1414080
350525384388373,1414400
350525424284258,1414720
350525463931498,1415040
350525504486185,1415360
350525543959779,1415680
350525584191237,1416000
350525624322279,1416320
350525663711810,1416640
350525704252539,1416960
350525744109779,1417280
350525784144623,1417600
350525823696081,1417920
350525863506029,1418240
350525903690769,1418560
350525944051029,1418880
350525984665664,1419200
350526024771341,1419520
350526064229102,1419840
350526105460352,1420160
350526145157852,1420480
350526185632018,1420800
350526227799362,1421120
350526266340091,1421440
350526305396393,1421760
350526346264206,1422080
350526388035560,1422400
350526426107956,1422720
350526464891654,1423040
350526504619518,1423360
350526544740247,1423680
350526585806029,1424000
350526625612175,1424320
350526664821029,1424640
350526705148424,1424960
350526745506185,1425280
350526785181914,1425600
350526826568164,1425920
350526865084466,1426240
350526904838424,1426560
350526945054154,1426880
350526985854310,1427200
350527025305195,1427520
350527065245612,1427840
350527105260820,1428160
350527146093737,1428480
350527186149622,1428800
350527225589414,1429120
350527265963476,1429440
350527304585299,1429760
350527345617383,1430080
350527385132903,1430400
350527423562122,1430720
350527465014570,1431040
350527504946601,1431360
350527545859414,1431680
350527585023007,1432000
350527624253528,1432320
350527665100403,1432640
350527705251705,1432960
350527745524674,1433280
350527785320351,1433600
350527824895612,1433920
350527864504205,1434240
350527905192487,1434560
350527944657695,1434880
350527985133737,1435200
350528024708216,1435520
350528064443216,1435840
350528104370559,1436160
350528144940716,1436480
350528187745820,1436800
350528223541236,1437120
350528263802747,1437440
350528304526913,1437760
350528344269726,1438080
350528384736080,1438400
350528423770663,1438720
350528463902226,1439040
350528504055351,1439360
350528544766757,1439680
350528584508580,1440000
350528623658632,1440320
350528664127538,1440640
350528704457122,1440960
350528744194726,1441280
350528784121288,1441600
350528823743267,1441920
350528863833476,1442240
350528904227122,1442560
350528945841705,1442880
350528983734205,1443200
350529024231184,1443520
350529064121549,1443840
350529105495507,1444160
350529144935038,1444480
350529184505767,1444800
350529224969049,1445120
350529266072955,1445440
350529303535663,1445760
350529344963476,1446080
350529383622955,1446400
350529423738163,1446720
350529464279569,1447040
350529504729309,1447360
350529544313319,1447680
350529584235871,1448000
350529624162121,1448320
350529664011288,1448640
350529704229830,1448960
350529743898111,1449280
350529784184882,1449600
350529824377486,1449920
350529864770298,1450240
350529906379257,1450560
350529943617850,1450880
350529983940038,1451200
350530023886079,1451520
350530064000923,1451840
350530104463475,1452160
350530145110507,1452480
350530183852486,1452800
350530224240715,1453120
350530263698631,1453440
350530305165611,1453760
350530343945194,1454080
350530383799673,1454400
350530423529517,1454720
350530464119986,1455040
350530505138267,1455360
350530544555506,1455680
350530583397642,1456000
350530623779569,1456320
350530663829256,1456640
350530704968058,1456960
350530744435298,1457280
350530784276392,1457600
350530823461756,1457920
350530863978631,1458240
350530904791548,1458560
350530944521027,1458880
350530985765871,1459200
350531023646340,1459520
350531064400089,1459840
350531104288058,1460160
350531144039100,1460480
350531183797954,1460800
350531224294985,1461120
350531264130923,1461440
350531305221704,1461760
350531344201183,1462080
350531385125298,1462400
350531423699516,1462720
350531464001860,1463040
350531505124256,1463360
350531545190350,1463680
350531584419933,1464000
350531624026964,1464320
350531667651183,1464640
350531705199985,1464960
350531743882381,1465280
350531783871704,1465600
350531823732225,1465920
350531864350454,1466240
350531904957277,1466560
350531944549933,1466880
350531985392277,1467200
350532023731287,1467520
350532064397693,1467840
350532104253214,1468160
350532144100766,1468480
350532184463683,1468800
350532224332902,1469120
350532265211964,1469440
350532305237068,1469760
350532345506652,1470080
350532386322068,1470400
350532425932224,1470720
350532465062068,1471040
350532504858370,1471360
350532545576704,1471680
350532585716026,1472000
350532625679464,1472320
350532666269308,1472640
350532705428787,1472960
350532746398318,1473280
350532786252797,1473600
350532826521860,1473920
350532864407641,1474240
350532905992901,1474560
350532947033787,1474880
350532986160141,1475200
350533024989672,1475520
350533065097380,1475840
350533105917276,1476160
350533144832016,1476480
350533184498578,1476800
350533224730610,1477120
350533264244620,1477440
350533304135609,1477760
350533347014672,1478080
350533385163266,1478400
350533424746651,1478720
350533464911391,1479040
350533503571182,1479360
350533544607693,1479680
350533585120089,1480000
350533624231599,1480320
350533666283370,1480640
350533704725401,1480960
350533746309307,1481280
350533784846807,1481600
350533824446495,1481920
350533867054099,1482240
350533905903578,1482560
350533946748318,1482880
350533985400557,1483200
350534025505140,1483520
350534065319359,1483840
350534105758005,1484160
350534145359255,1484480
350534184664463,1484800
350534224580505,1485120
350534265578474,1485440
350534306280349,1485760
350534346482432,1486080
350534385454359,1486400
350534424784828,1486720
350534463902953,1487040
350534504519151,1487360
350534544959203,1487680
350534586890557,1488000
350534625782380,1488320
350534666519307,1488640
350534707399255,1488960
350534746933630,1489280
350534785500401,1489600
350534826319463,1489920
350534866203005,1490240
350534906413734,1490560
350534945014255,1490880
350534985522744,1491200
350535026968265,1491520
350535065829723,1491840
350535106372692,1492160
350535145138734,1492480
350535186059515,1492800
350535228922380,1493120
350535265958890,1493440
350535304744202,1493760
350535345793682,1494080
350535386013786,1494400
350535428698473,1494720
350535466063994,1495040
350535505157171,1495360
350535547555869,1495680
350535585591754,1496000
350535624153421,1496320
350535664169723,1496640
350535706448109,1496960
350535746844879,1497280
350535784601911,1497600
350535823880140,1497920
350535865019150,1498240
350535903546338,1498560
350535943887692,1498880
350535985056858,1499200
350536025719775,1499520
350536064059619,1499840
350536103717900,1500160
350536143937640,1500480
350536184447535,1500800
350536224809358,1501120
350536264236338,1501440
350536303973890,1501760
350536343571077,1502080
350536384907171,1502400
350536423505973,1502720
350536464522431,1503040
350536503729358,1503360
350536544454046,1503680
350536584510764,1504000
350536624044983,1504320
350536663479358,1504640
350536704067952,1504960
350536744253785,1505280
350536783716910,1505600
350536825472223,1505920
350536864907952,1506240
350536903851962,1506560
350536944605921,1506880
350536985084306,1507200
350537024889618,1507520
350537064933629,1507840
350537105292848,1508160
350537144920868,1508480
350537184195243,1508800
350537224993785,1509120
350537265871650,1509440
350537306187900,1509760
350537343840348,1510080
350537385302275,1510400
350537425844045,1510720
350537467078420,1511040
350537505297743,1511360
350537545169410,1511680
350537585556025,1512000
350537625453577,1512320
350537666269358,1512640
350537710075295,1512960
350537749260556,1513280
350537790237170,1513600
350537825863524,1513920
350537866913160,1514240
350537906030191,1514560
350537948492847,1514880
350537985529306,1515200
350538027663941,1515520
350538066990660,1515840
350538105499358,1516160
350538145776545,1516480
350538185605868,1516800
350538225363889,1517120
350538265887066,1517440
350538306673837,1517760
350538344899462,1518080
350538386337326,1518400
350538425398055,1518720
350538465882847,1519040
350538505931597,1519360
350538546137118,1519680
350538586239722,1520000
350538625719357,1520320
350538665391962,1520640
350538708740243,1520960
350538744908264,1521280
350538784205555,1521600
350538823636024,1521920
350538864252899,1522240
350538906039409,1522560
350538943706493,1522880
350538984949670,1523200
350539025419514,1523520
350539064489930,1523840
350539105699722,1524160
350539144473420,1524480
350539183945972,1524800
350539225901961,1525120
350539264662638,1525440
350539305163055,1525760
350539344832743,1526080
350539384824357,1526400
350539424940086,1526720
350539464373993,1527040
350539504993315,1527360
350539545214774,1527680
350539584644565,1528000
350539625333367,1528320
350539664955295,1528640
350539704540399,1528960
350539745791545,1529280
350539784673680,1529600
350539825303680,1529920
350539864344253,1530240
350539905049774,1530560
350539944660711,1530880
350539983612378,1531200
350540025193680,1531520
350540065107586,1531840
350540103970451,1532160
350540145138940,1532480
350540184738732,1532800
350540227010034,1533120
350540264689201,1533440
350540304876961,1533760
350540343700190,1534080
350540388208576,1534400
350540424931805,1534720
350540465027638,1535040
350540504160555,1535360
350540545205971,1535680
350540584884148,1536000
350540625235711,1536320
350540665437534,1536640
350540704803888,1536960
350540745296180,1537280
350540784469617,1537600
350540824713836,1537920
350540864783940,1538240
350540904538784,1538560
350540945673315,1538880
350540984605711,1539200
350541024564721,1539520
350541065866909,1539840
350541104781961,1540160
350541144584877,1540480
350541185408106,1540800
350541224723315,1541120
350541264984096,1541440
350541304988367,1541760
350541344222533,1542080
350541384268627,1542400
350541425627273,1542720
350541464638054,1543040
350541505189617,1543360
350541545280658,1543680
350541584735658,1544000
350541624636544,1544320
350541664511179,1544640
350541705101492,1544960
350541745349252,1545280
350541785085398,1545600
350541826610762,1545920
350541864983940,1546240
350541904277690,1546560
350541946070710,1546880
350541985743262,1547200
350542024808054,1547520
350542064259512,1547840
350542104694408,1548160
350542144827689,1548480
350542185377273,1548800
350542225060658,1549120
350542265012116,1549440
350542304964616,1549760
350542344431700,1550080
350542385014044,1550400
350542424795971,1550720
350542464230137,1551040
350542504660971,1551360
350542544589043,1551680
350542584742221,1552000
350542624539252,1552320
350542664599460,1552640
350542706341439,1552960
350542744867273,1553280
350542786961335,1553600
350542824865606,1553920
350542866047272,1554240
350542905082793,1554560
350542945889304,1554880
350542987940502,1555200
350543025605866,1555520
350543073603106,1555840
350543104775918,1556160
350543146398418,1556480
350543187519147,1556800
350543226760241,1557120
350543264209616,1557440
350543304414147,1557760
350543344791543,1558080
350543384129929,1558400
350543426459043,1558720
350543464790189,1559040
350543505443366,1559360
350543547946699,1559680
350543586828991,1560000
350543626631491,1560320
350543667576074,1560640
350543705886647,1560960
350543752016126,1561280
350543785571126,1561600
350543826853626,1561920
350543866732533,1562240
350543910567793,1562560
350543945525293,1562880
350543987624043,1563200
350544029485918,1563520
350544067719147,1563840
350544105743157,1564160
350544146621491,1564480
350544185453834,1564800
350544224257845,1565120
350544264300293,1565440
350544304012949,1565760
350544344387324,1566080
350544384268522,1566400
350544425072220,1566720
350544464716022,1567040
350544504129303,1567360
350544544455866,1567680
350544583570970,1568000
350544625627949,1568320
350544664826334,1568640
350544703692480,1568960
350544743541907,1569280
350544783546438,1569600
350544825049563,1569920
350544864492376,1570240
350544904893522,1570560
350544943837688,1570880
350544983895345,1571200
350545024844095,1571520
350545066786647,1571840
350545103958053,1572160
350545144464772,1572480
350545183831647,1572800
350545225070605,1573120
350545263738157,1573440
350545303673365,1573760
350545343905969,1574080
350545383705397,1574400
350545425234667,1574720
350545463813886,1575040
350545503700396,1575360
350545543633053,1575680
350545584425761,1576000
350545623759251,1576320
350545664071230,1576640
350545704390448,1576960
350545744412532,1577280
350545784882740,1577600
350545824321021,1577920
350545863956282,1578240
350545904961438,1578560
350545943728209,1578880
350545984375292,1579200
350546024222323,1579520
350546065973678,1579840
350546104313990,1580160
350546143520552,1580480
350546184040240,1580800
350546224554615,1581120
350546264199823,1581440
350546304271177,1581760
350546343841855,1582080
350546384210240,1582400
350546424628834,1582720
350546463906646,1583040
350546504135084,1583360
350546544439771,1583680
350546584653834,1584000
350546625019771,1584320
350546663651073,1584640
350546703724094,1584960
350546744823938,1585280
350546784958156,1585600
350546823786802,1585920
350546865522063,1586240
350546905763521,1586560
350546946066646,1586880
350546987877948,1587200
350547030136177,1587520
350547065106802,1587840
350547104616438,1588160
350547146165083,1588480
350547184861646,1588800
350547226420448,1589120
350547263769510,1589440
350547303891073,1589760
350547350269146,1590080
350547385090187,1590400
350547424031073,1590720
350547464431021,1591040
350547503808260,1591360
350547544601958,1591680
350547583927687,1592000
350547624503677,1592320
350547664504510,1592640
350547703712479,1592960
350547744987427,1593280
350547784360604,1593600
350547825184823,1593920
350547863955396,1594240
350547903514718,1594560
350547947253052,1594880
350547984591802,1595200
350548023929146,1595520
350548063670916,1595840
350548103757687,1596160
350548144860448,1596480
350548183735343,1596800
350548223968104,1597120
350548264122427,1597440
350548304307843,1597760
350548344612375,1598080
350548384015968,1598400
350548424260916,1598720
350548463604666,1599040
350548505352583,1599360
350548545461906,1599680
350548584278416,1600000
350548624249145,1600320
350548663812270,1600640
350548703973781,1600960
350548744308937,1601280
350548785718104,1601600
350548824290708,1601920
350548864379562,1602240
350548904284562,1602560
350548946781333,1602880
350548984391072,1603200
350549024303103,1603520
350549065016333,1603840
350549103945447,1604160
350549144179718,1604480
350549184546385,1604800
350549225374718,1605120
350549263563155,1605440
350549306048364,1605760
350549345707739,1606080
350549384709978,1606400
350549424012426,1606720
350549464169718,1607040
350549504742791,1607360
350549546024926,1607680
350549584172426,1608000
350549623825812,1608320
350549664163364,1608640
350549704319718,1608960
350549743625812,1609280
350549784404093,1609600
350549823756072,1609920
350549863919978,1610240
350549905291332,1610560
350549943757739,1610880
350549983843780,1611200
350550023926384,1611520
350550064199353,1611840
350550105308155,1612160
350550143898832,1612480
350550184114457,1612800
350550224058416,1613120
350550264706697,1613440
350550304819665,1613760
350550346073832,1614080
350550384223728,1614400
350550423747165,1614720
350550463908207,1615040
350550505737634,1615360
350550544534926,1615680
350550584905238,1616000
350550625017426,1616320
350550664614874,1616640
350550704541540,1616960
350550744566488,1617280
350550783637999,1617600
350550824147009,1617920
350550864209092,1618240
350550905313519,1618560
350550943956228,1618880
350550984064769,1619200
350551023965603,1619520
350551064634926,1619840
350551105437374,1620160
350551143828624,1620480
350551184235655,1620800
350551224147269,1621120
350551264822269,1621440
350551304693311,1621760
350551344677894,1622080
350551384092946,1622400
350551423835134,1622720
350551464287582,1623040
350551505240238,1623360
350551544286957,1623680
350551585210134,1624000
350551624444509,1624320
350551663409457,1624640
350551704402217,1624960
350551745244509,1625280
350551783616488,1625600
350551823983363,1625920
350551863442529,1626240
350551906914248,1626560
350551943843050,1626880
350551984125134,1627200
350552024193363,1627520
350552064485863,1627840
350552104402477,1628160
350552144316227,1628480
350552183860706,1628800
350552223944196,1629120
350552263801488,1629440
350552303438206,1629760
350552345277633,1630080
350552383979925,1630400
350552424317581,1630720
350552464242165,1631040
350552506265758,1631360
350552544217581,1631680
350552584360394,1632000
350552625984613,1632320
350552664850967,1632640
350552703871696,1632960
350552743910498,1633280
350552783668362,1633600
350552824769977,1633920
350552864775862,1634240
350552904420915,1634560
350552944778831,1634880
350552985546852,1635200
350553025410446,1635520
350553066738571,1635840
350553106139039,1636160
350553146665341,1636480
350553185246071,1636800
350553225039716,1637120
350553265685550,1637440
350553304684612,1637760
350553344842946,1638080
350553385927581,1638400
350553424461904,1638720
350553466018154,1639040
350553505582581,1639360
350553544257633,1639680
350553585391227,1640000
350553624778623,1640320
350553664765081,1640640
350553705661070,1640960
350553745366123,1641280
350553784670602,1641600
350553825231383,1641920
350553865113727,1642240
350553904792320,1642560
350553945284352,1642880
350553983811122,1643200
350554025034299,1643520
350554065425133,1643840
350554106123674,1644160
350554144860237,1644480
350554183883779,1644800
350554224201747,1645120
350554264773726,1645440
350554304362268,1645760
350554344446487,1646080
350554383978154,1646400
350554424396904,1646720
350554465494872,1647040
350554503956070,1647360
350554543800289,1647680
350554584494976,1648000
350554624694351,1648320
350554664442008,1648640
350554705184039,1648960
350554744077789,1649280
350554784047789,1649600
350554826357424,1649920
350554864742737,1650240
350554903971174,1650560
350554944851174,1650880
350554984116851,1651200
350555024835810,1651520
350555064841487,1651840
350555104323101,1652160
350555144593362,1652480
350555184168466,1652800
350555225240028,1653120
350555268226018,1653440
350555303977164,1653760
350555344369247,1654080
350555384324768,1654400
350555425345549,1654720
350555463735080,1655040
350555504377476,1655360
350555543596851,1655680
350555585139351,1656000
350555625469507,1656320
350555663856174,1656640
350555704277580,1656960
350555744368570,1657280
350555786339090,1657600
350555823962111,1657920
350555864043726,1658240
350555903667476,1658560
350555943481122,1658880
350555984595653,1659200
350556024315549,1659520
350556065063101,1659840
350556103743934,1660160
350556143775132,1660480
350556183941642,1660800
350556224808257,1661120
350556263462372,1661440
350556307801486,1661760
350556343910913,1662080
350556384551434,1662400
350556424832632,1662720
350556464155601,1663040
350556503970028,1663360
350556543943413,1663680
350556584576955,1664000
350556624851694,1664320
350556663737319,1664640
350556706118882,1664960
350556744356694,1665280
350556784616590,1665600
350556824817111,1665920
350556863889455,1666240
350556904007580,1666560
350556944071121,1666880
350556985367684,1667200
350557027191486,1667520
350557063981277,1667840
350557103523361,1668160
350557144723257,1668480
350557184937267,1668800
350557224177788,1669120
350557263859715,1669440
350557303845548,1669760
350557344067632,1670080
350557384242163,1670400
350557424009871,1670720
350557463938152,1671040
350557503752163,1671360
350557545513361,1671680
350557586750652,1672000
350557623984715,1672320
350557663650548,1672640
350557703941642,1672960
350557744826381,1673280
350557784226590,1673600
350557823568413,1673920
350557863533569,1674240
350557903239246,1674560
350557944229090,1674880
350557983354246,1675200
350558023519663,1675520
350558063359923,1675840
350558104367163,1676160
350558144149454,1676480
350558183968517,1676800
350558224198256,1677120
350558264272683,1677440
350558303974350,1677760
350558344161590,1678080
350558383514037,1678400
350558423965496,1678720
350558465066850,1679040
350558504539037,1679360
350558545108256,1679680
350558584662527,1680000
350558623748308,1680320
350558663855444,1680640
350558704380860,1680960
350558744385339,1681280
350558784843100,1681600
350558823760443,1681920
350558863426798,1682240
350558904054350,1682560
350558945018881,1682880
350558985122579,1683200
350559025256277,1683520
350559065381016,1683840
350559104808412,1684160
350559144152943,1684480
350559184028048,1684800
350559224487006,1685120
350559264829089,1685440
350559305640391,1685760
350559345447735,1686080
350559386015808,1686400
350559424013412,1686720
350559465541797,1687040
350559505575704,1687360
350559543808464,1687680
350559585278308,1688000
350559626551016,1688320
350559664281797,1688640
350559705508829,1688960
350559744972266,1689280
350559785750860,1689600
350559824429610,1689920
350559864517891,1690240
350559904703203,1690560
350559946175287,1690880
350559983987683,1691200
350560025808724,1691520
350560065249401,1691840
350560107468881,1692160
350560151884818,1692480
350560184854662,1692800
350560224972318,1693120
350560265530808,1693440
350560305188099,1693760
350560344244662,1694080
350560385665964,1694400
350560425440599,1694720
350560466436589,1695040
350560505447995,1695360
350560545095235,1695680
350560585626068,1696000
350560625461484,1696320
350560665001432,1696640
350560705559714,1696960
350560745196120,1697280
350560785446797,1697600
350560825137839,1697920
350560864715964,1698240
350560905856693,1698560
350560945884557,1698880
350560985881693,1699200
350561025640599,1699520
350561064944193,1699840
350561106086693,1700160
350561144144141,1700480
350561185851328,1700800
350561225160130,1701120
350561265285755,1701440
350561304561380,1701760
350561344731172,1702080
350561385323047,1702400
350561425292630,1702720
350561464874713,1703040
350561505271432,1703360
350561544666015,1703680
350561585503984,1704000
350561625335338,1704320
350561665065599,1704640
350561703920911,1704960
350561745039088,1705280
350561784157734,1705600
350561824877369,1705920
350561864580078,1706240
350561905460182,1706560
350561945568776,1706880
350561984487005,1707200
350562024856015,1707520
350562063766171,1707840
350562103906484,1708160
350562145080755,1708480
350562185443463,1708800
350562224907005,1709120
350562264782317,1709440
350562304645807,1709760
350562345571640,1710080
350562384386692,1710400
350562424109244,1710720
350562464415807,1711040
350562505687734,1711360
350562544484244,1711680
350562583948098,1712000
350562623519036,1712320
350562663504296,1712640
350562704213984,1712960
350562745120234,1713280
350562785186223,1713600
350562825350286,1713920
350562865699609,1714240
350562904987369,1714560
350562944370077,1714880
350562983939088,1715200
350563024371900,1715520
350563064302265,1715840
350563105152681,1716160
350563144676640,1716480
350563185569765,1716800
350563225182004,1717120
350563265399921,1717440
350563305877161,1717760
350563345209088,1718080
350563384562838,1718400
350563424014713,1718720
350563466293775,1719040
350563505328983,1719360
350563545227473,1719680
350563583831744,1720000
350563625355129,1720320
350563666028619,1720640
350563705980858,1720960
350563745160285,1721280
350563785177421,1721600
350563825355754,1721920
350563865397785,1722240
350563905137525,1722560
350563944404400,1722880
350563984499504,1723200
350564025807212,1723520
350564063785962,1723840
350564104583879,1724160
350564145472837,1724480
350564185110910,1724800
350564225015129,1725120
350564264428410,1725440
350564304962629,1725760
350564345300962,1726080
350564383697889,1726400
350564425528514,1726720
350564466471900,1727040
350564504072629,1727360
350564545485598,1727680
350564584599139,1728000
350564625315233,1728320
350564665670233,1728640
350564704747056,1728960
350564745506483,1729280
350564784603879,1729600
350564824931170,1729920
350564865569920,1730240
350564904866743,1730560
350564945161535,1730880
350564985721535,1731200
350565025029660,1731520
350565064873358,1731840
350565104697368,1732160
350565145695024,1732480
350565185143514,1732800
350565223921274,1733120
350565265472941,1733440
350565305113462,1733760
350565344718566,1734080
350565383912681,1734400
350565426992316,1734720
350565464113983,1735040
350565504045753,1735360
350565544087524,1735680
350565584126326,1736000
350565624558983,1736320
350565665351743,1736640
350565705286274,1736960
350565745231274,1737280
350565785094868,1737600
350565825169191,1737920
350565864794399,1738240
350565906789295,1738560
350565945350232,1738880
350565986145701,1739200
350566025978566,1739520
350566064934816,1739840
350566106219451,1740160
350566144878670,1740480
350566184882316,1740800
350566224889451,1741120
350566264956639,1741440
350566305335232,1741760
350566345177784,1742080
350566384443357,1742400
350566423500024,1742720
350566463665336,1743040
350566504542316,1743360
350566544655180,1743680
350566584647159,1744000
350566624618930,1744320
350566665150805,1744640
350566705374607,1744960
350566744811326,1745280
350566785589295,1745600
350566825276430,1745920
350566865301378,1746240
350566905520753,1746560
350566944808930,1746880
350566985269920,1747200
350567025114190,1747520
350567065049190,1747840
350567104909034,1748160
350567145509034,1748480
350567186177680,1748800
350567225448357,1749120
350567264907888,1749440
350567304956847,1749760
350567346049086,1750080
350567384446378,1750400
350567425840336,1750720
350567465230544,1751040
350567509779451,1751360
350567548643617,1751680
350567584109815,1752000
350567623750336,1752320
350567663899815,1752640
350567703564398,1752960
350567743901065,1753280
350567784541846,1753600
350567824378617,1753920
350567864729294,1754240
350567904367107,1754560
350567945104659,1754880
350567986138825,1755200
350568025132211,1755520
350568064365544,1755840
350568105682784,1756160
350568145455127,1756480
350568187664398,1756800
350568224904346,1757120
350568264692054,1757440
350568306514346,1757760
350568345952315,1758080
350568385681898,1758400
350568424937159,1758720
350568465698461,1759040
350568504454242,1759360
350568544839659,1759680
350568584761742,1760000
350568626106325,1760320
350568664793513,1760640
350568704650231,1760960
350568745689763,1761280
350568786468148,1761600
350568825029450,1761920
350568870341169,1762240
350568906392419,1762560
350568945425700,1762880
350568984653981,1763200
350569025205752,1763520
350569064879346,1763840
350569105082158,1764160
350569146515335,1764480
350569188778200,1764800
350569226499710,1765120
350569264834398,1765440
350569306442575,1765760
350569345513200,1766080
350569388385856,1766400
350569423974606,1766720
350569465457835,1767040
350569506594189,1767360
350569545963564,1767680
350569584869606,1768000
350569625341585,1768320
350569667735544,1768640
350569704701741,1768960
350569745173304,1769280
350569784199554,1769600
350569824630543,1769920
350569868396898,1770240
350569905266481,1770560
350569946604866,1770880
350569984382366,1771200
350570024309814,1771520
350570067553460,1771840
350570107786273,1772160
350570145812575,1772480
350570185821012,1772800
350570225581429,1773120
350570264238147,1773440
350570305077939,1773760
350570344778460,1774080
350570386044137,1774400
350570423454137,1774720
350570464972366,1775040
350570507350491,1775360
350570545422470,1775680
350570584718877,1776000
350570628368251,1776320
350570665274710,1776640
350570705598824,1776960
350570746329241,1777280
350570786702783,1777600
350570824771949,1777920
350570866277053,1778240
350570908078512,1778560
350570945001324,1778880
350570987742106,1779200
350571026949814,1779520
350571069129033,1779840
350571106237105,1780160
350571145787887,1780480
350571186944397,1780800
350571225544397,1781120
350571268254501,1781440
350571306030751,1781760
350571345170178,1782080
350571391601585,1782400
350571428002835,1782720
350571464547157,1783040
350571505689762,1783360
350571547044709,1783680
350571587078876,1784000
350571632069970,1784320
350571665853564,1784640
350571704955595,1784960
350571745713251,1785280
350571788305595,1785600
350571824639032,1785920
350571865236897,1786240
350571909484032,1786560
350571945139449,1786880
350571984536480,1787200
350572024953668,1787520
350572065707157,1787840
350572104943928,1788160
350572145237678,1788480
350572184912886,1788800
350572226171740,1789120
350572265367053,1789440
350572308145230,1789760
350572346199865,1790080
350572392175855,1790400
350572425994865,1790720
350572465789345,1791040
350572506904449,1791360
350572546784292,1791680
350572586902469,1792000
350572626962522,1792320
350572665203303,1792640
350572708046688,1792960
350572746316792,1793280
350572784522365,1793600
350572824712990,1793920
350572864706271,1794240
350572910345230,1794560
350572946185751,1794880
350572984689292,1795200
350573024961688,1795520
350573065724657,1795840
350573105598667,1796160
350573144518198,1796480
350573185541688,1796800
350573225718823,1797120
350573264726792,1797440
350573305229709,1797760
350573345241063,1798080
350573384659292,1798400
350573424602782,1798720
350573465102677,1799040
350573504861167,1799360
350573545175594,1799680
350573585744657,1800000
350573624991427,1800320
350573664761792,1800640
350573705123979,1800960
350573750685282,1801280
350573791960021,1801600
350573825458615,1801920
350573865083511,1802240
350573908916427,1802560
350573944950438,1802880
350573987906375,1803200
350574025974448,1803520
350574065973823,1803840
350574105617313,1804160
350574148173094,1804480
350574185206063,1804800
350574224039656,1805120
350574265045125,1805440
350574305474448,1805760
350574345770646,1806080
350574386875542,1806400
350574425544656,1806720
350574466356531,1807040
350574505767000,1807360
350574547010177,1807680
350574585396323,1808000
350574628451792,1808320
350574664788771,1808640
350574706632365,1808960
350574746333094,1809280
350574784564969,1809600
350574825778198,1809920
350574865465281,1810240
350574906691948,1810560
350574949869083,1810880
350574988322781,1811200
350575026625646,1811520
350575068577729,1811840
350575106065437,1812160
350575144867312,1812480
350575186595958,1812800
350575225139812,1813120
350575264574864,1813440
350575304426896,1813760
350575344822416,1814080
350575385602312,1814400
350575423789395,1814720
350575465537573,1815040
350575504117677,1815360
350575545935489,1815680
350575586014083,1816000
350575626236791,1816320
350575666805802,1816640
350575705237260,1816960
350575746035697,1817280
350575790415854,1817600
350575826123562,1817920
350575865658145,1818240
350575904989083,1818560
350575947754031,1818880
350575985135333,1819200
350576029358197,1819520
350576066406322,1819840
350576105132051,1820160
350576146335854,1820480
350576190321947,1820800
350576226680385,1821120
350576264855229,1821440
350576305720489,1821760
350576344905541,1822080
350576386301635,1822400
350576424827937,1822720
350576464593874,1823040
350576505579551,1823360
350576546409499,1823680
350576585298093,1824000
350576625562833,1824320
350576665381426,1824640
350576705289135,1824960
350576747053405,1825280
350576785417728,1825600
350576825897312,1825920
350576867717103,1826240
350576905416010,1826560
350576944953301,1826880
350576985930228,1827200
350577029258041,1827520
350577066243614,1827840
350577106091218,1828160
350577148887780,1828480
350577185320280,1828800
350577228820332,1829120
350577266317155,1829440
350577306361895,1829760
350577345175541,1830080
350577392145280,1830400
350577425629603,1830720
350577466285124,1831040
350577505133822,1831360
350577545551009,1831680
350577585782468,1832000
350577629065280,1832320
350577666681009,1832640
350577709028770,1832960
350577752091478,1833280
350577786814290,1833600
350577825640280,1833920
350577866641530,1834240
350577908214655,1834560
350577945425905,1834880
350577985622676,1835200
350578024932728,1835520
350578064626426,1835840
350578105332311,1836160
350578146422415,1836480
350578185132519,1836800
350578226403926,1837120
350578264987676,1837440
350578305873978,1837760
350578346801321,1838080
350578385815905,1838400
350578425300644,1838720
350578467792259,1839040
350578504785853,1839360
350578545343665,1839680
350578585537415,1840000
350578624943457,1840320
350578674558561,1840640
350578706034915,1840960
350578745804238,1841280
350578788099655,1841600
350578824804915,1841920
350578865157675,1842240
350578906913405,1842560
350578946650748,1842880
350578986074134,1843200
350579025256165,1843520
350579070414134,1843840
350579109010019,1844160
350579145364654,1844480
350579185360332,1844800
350579225396738,1845120
350579265438561,1845440
350579310884446,1845760
350579344597102,1846080
350579385125644,1846400
350579424092415,1846720
350579468178248,1847040
350579505616009,1847360
350579545607206,1847680
350579585798352,1848000
350579625231061,1848320
350579665412467,1848640
350579706080488,1848960
350579750182258,1849280
350579784202363,1849600
350579825372363,1849920
350579864850331,1850240
350579905812467,1850560
350579946377415,1850880
350579986657675,1851200
350580031930904,1851520
350580066105435,1851840
350580105350331,1852160
350580145897831,1852480
350580187869810,1852800
350580224826946,1853120
350580266140644,1853440
350580312023144,1853760
350580345693769,1854080
350580385564498,1854400
350580424031321,1854720
350580465396685,1855040
350580506096164,1855360
350580545183925,1855680
350580585456216,1856000
350580624371269,1856320
350580666712466,1856640
350580711600383,1856960
350580746373925,1857280
350580786109602,1857600
350580827047258,1857920
350580864205383,1858240
350580907805904,1858560
350580950320591,1858880
350580985570487,1859200
350581025724498,1859520
350581066119602,1859840
350581106198977,1860160
350581145506320,1860480
350581186398716,1860800
350581228062727,1861120
350581266111685,1861440
350581304000227,1861760
350581344738143,1862080
350581383583247,1862400
350581424573768,1862720
350581465774081,1863040
350581504203247,1863360
350581544112101,1863680
350581584187258,1864000
350581625407570,1864320
350581664156529,1864640
350581703788247,1864960
350581743822518,1865280
350581784515226,1865600
350581824694289,1865920
350581864110903,1866240
350581903596216,1866560
350581944454081,1866880
350581984119810,1867200
350582024327987,1867520
350582064180643,1867840
350582103619133,1868160
350582144553091,1868480
350582184019914,1868800
350582224490903,1869120
350582264231216,1869440
350582304137310,1869760
350582345654237,1870080
350582390249549,1870400
350582424509809,1870720
350582465455226,1871040
350582508160539,1871360
350582546394601,1871680
350582585280643,1872000
350582625198403,1872320
350582664766789,1872640
350582705248403,1872960
350582745717205,1873280
350582790016893,1873600
350582832164653,1873920
350582871933507,1874240
350582905506320,1874560
350582945707257,1874880
350582984902726,1875200
350583025505695,1875520
350583065166268,1875840
350583106423976,1876160
350583146638038,1876480
350583185398403,1876800
350583227551840,1877120
350583265931945,1877440
350583304201945,1877760
350583344288559,1878080
350583391077153,1878400
350583425455017,1878720
350583467644340,1879040
350583505929601,1879360
350583545267986,1879680
350583585808715,1880000
350583624998507,1880320
350583665766684,1880640
350583704776059,1880960
350583744340434,1881280
350583784641632,1881600
350583827083767,1881920
350583864539601,1882240
350583904752621,1882560
350583944651736,1882880
350583983861267,1883200
350584025891788,1883520
350584064363246,1883840
350584105577465,1884160
350584144761632,1884480
350584185323090,1884800
350584224556840,1885120
350584265261007,1885440
350584305917153,1885760
350584344715798,1886080
350584386489965,1886400
350584423424444,1886720
350584464798142,1887040
350584504509027,1887360
350584545134496,1887680
350584584560746,1888000
350584624687413,1888320
350584665586996,1888640
350584704766684,1888960
350584745081111,1889280
350584784578715,1889600
350584824851059,1889920
350584865682413,1890240
350584904655069,1890560
350584945224079,1890880
350584985074704,1891200
350585024493767,1891520
350585064773506,1891840
350585104760746,1892160
350585144227777,1892480
350585185229861,1892800
350585224844340,1893120
350585264557517,1893440
350585304966423,1893760
350585344388350,1894080
350585385108558,1894400
350585424522413,1894720
350585464736840,1895040
350585506052673,1895360
350585545026996,1895680
350585584954704,1896000
350585624683454,1896320
350585665130694,1896640
350585704600173,1896960
350585744761631,1897280
350585786162412,1897600
350585825017360,1897920
350585864552360,1898240
350585904473923,1898560
350585944905173,1898880
350585984588037,1899200
350586025738819,1899520
350586065297204,1899840
350586106041735,1900160
350586144494548,1900480
350586184644652,1900800
350586225498246,1901120
350586265470329,1901440
350586305119756,1901760
350586346284495,1902080
350586384948037,1902400
350586424347829,1902720
350586465304235,1903040
350586504657881,1903360
350586544479548,1903680
350586584726318,1904000
350586625407204,1904320
350586664333402,1904640
350586704903245,1904960
350586745279443,1905280
350586783911683,1905600
350586823718818,1905920
350586865017620,1906240
350586904185589,1906560
350586945484860,1906880
350586984750641,1907200
350587024769547,1907520
350587065211683,1907840
350587105449651,1908160
350587144530433,1908480
350587185046474,1908800
350587225390328,1909120
350587265576943,1909440
350587304934391,1909760
350587345122047,1910080
350587384411266,1910400
350587424282255,1910720
350587464768922,1911040
350587504701943,1911360
350587545673505,1911680
350587585913870,1912000
350587624288558,1912320
350587664499443,1912640
350587706164547,1912960
350587744572516,1913280
350587784953974,1913600
350587823739026,1913920
350587863754130,1914240
350587903824078,1914560
350587945250328,1914880
350587984919599,1915200
350588027879130,1915520
350588065045797,1915840
350588105929911,1916160
350588145713036,1916480
350588184770849,1916800
350588225602203,1917120
350588265284703,1917440
350588306031943,1917760
350588345611213,1918080
350588385792984,1918400
350588426544859,1918720
350588466812984,1919040
350588505349495,1919360
350588547859182,1919680
350588585175484,1920000
350588624936734,1920320
350588665459026,1920640
350588707437307,1920960
350588744110172,1921280
350588785703453,1921600
350588824692307,1921920
350588866030953,1922240
350588906037880,1922560
350588948476890,1922880
350588986247567,1923200
350589024361422,1923520
350589068368713,1923840
350589106097255,1924160
350589145488140,1924480
350589185590692,1924800
350589225949546,1925120
350589266075536,1925440
350589306583869,1925760
350589345566838,1926080
350589385039494,1926400
350589424620328,1926720
350589465949703,1927040
350589506395223,1927360
350589545871109,1927680
350589586077567,1928000
350589625926734,1928320
350589664917359,1928640
350589708132098,1928960
350589745823453,1929280
350589785857671,1929600
350589826961161,1929920
350589865066682,1930240
350589905854546,1930560
350589945790380,1930880
350589985139234,1931200
350590024682515,1931520
350590064646786,1931840
350590104794390,1932160
350590145562619,1932480
350590184587307,1932800
350590225355744,1933120
350590265083192,1933440
350590304850275,1933760
350590344921786,1934080
350590384615223,1934400
350590425849338,1934720
350590463949234,1935040
350590504766890,1935360
350590545531629,1935680
350590584859546,1936000
350590624184806,1936320
350590665784129,1936640
350590705088035,1936960
350590745243452,1937280
350590786165692,1937600
350590825698608,1937920
350590864745223,1938240
350590906361733,1938560
350590947826108,1938880
350590984931004,1939200
350591027815848,1939520
350591067966994,1939840
350591106067723,1940160
350591146870848,1940480
350591190741889,1940800
350591226505744,1941120
350591267716056,1941440
350591305500483,1941760
350591345429702,1942080
350591386257410,1942400
350591424800848,1942720
350591465439650,1943040
350591507417566,1943360
350591544422671,1943680
350591584172879,1944000
350591623923087,1944320
350591665229493,1944640
350591704841004,1944960
350591748382462,1945280
350591786931264,1945600
350591826370118,1945920
350591868065900,1946240
350591908301212,1946560
350591946645848,1946880
350591986008556,1947200
350592025591212,1947520
350592067020431,1947840
350592106361889,1948160
350592146019181,1948480
350592185377410,1948800
350592226650275,1949120
350592265901264,1949440
350592305648399,1949760
350592346447462,1950080
350592386690170,1950400
350592425072722,1950720
350592468099076,1951040
350592506787826,1951360
350592544557826,1951680
350592585071733,1952000
350592626146472,1952320
350592667541003,1952640
350592706889649,1952960
350592748042462,1953280
350592785108035,1953600
350592825054701,1953920
350592865948035,1954240
350592907047670,1954560
350592944915951,1954880
350592986032149,1955200
350593025757097,1955520
350593065451733,1955840
350593105453503,1956160
350593145500326,1956480
350593185818868,1956800
350593225386941,1957120
350593264747930,1957440
350593304780587,1957760
350593345448295,1958080
350593385394701,1958400
350593425986316,1958720
350593465329545,1959040
350593505549493,1959360
350593545231732,1959680
350593585559441,1960000
350593626108243,1960320
350593665711055,1960640
350593705609441,1960960
350593748285847,1961280
350593785118816,1961600
350593825040118,1961920
350593865675847,1962240
350593905543972,1962560
350593945605326,1962880
350593990113972,1963200
350594025823190,1963520
350594066825586,1963840
350594106346628,1964160
350594146267722,1964480
350594185303607,1964800
350594227627305,1965120
350594265382097,1965440
350594305899388,1965760
350594346988763,1966080
350594385954128,1966400
350594425086159,1966720
350594465340742,1967040
350594506283138,1967360
350594544291315,1967680
350594586021888,1968000
350594625261003,1968320
350594663611732,1968640
350594706440742,1968960
350594744906055,1969280
350594783741003,1969600
350594826195430,1969920
350594864501107,1970240
350594904492826,1970560
350594945735638,1970880
350594984906211,1971200
350595024278190,1971520
350595064066888,1971840
350595104980221,1972160
350595145094180,1972480
350595184272773,1972800
350595223881940,1973120
350595263393242,1973440
350595306964075,1973760
350595345239232,1974080
350595384305117,1974400
350595423521523,1974720
350595463754440,1975040
350595504602461,1975360
350595544753034,1975680
350595584010482,1976000
350595624051679,1976320
350595663868346,1976640
350595704977825,1976960
350595744112825,1977280
350595784192981,1977600
350595824979023,1977920
350595863924752,1978240
350595904945690,1978560
350595944420794,1978880
350595983937252,1979200
350596023848398,1979520
350596063616992,1979840
350596103829179,1980160
350596145205013,1980480
350596185775638,1980800
350596224842148,1981120
350596265371992,1981440
350596305235950,1981760
350596347813033,1982080
350596384613398,1982400
350596424871158,1982720
350596464516210,1983040
350596505609492,1983360
350596546599179,1983680
350596585908554,1984000
350596625086106,1984320
350596665653242,1984640
350596705205846,1984960
350596744744700,1985280
350596784816731,1985600
350596825350898,1985920
350596865218346,1986240
350596905776783,1986560
350596944485794,1986880
350596984655898,1987200
350597024770741,1987520
350597065461575,1987840
350597105169231,1988160
350597145186210,1988480
350597185427981,1988800
350597224802460,1989120
350597265594908,1989440
350597305517616,1989760
350597344131054,1990080
350597383942200,1990400
350597425952200,1990720
350597465522512,1991040
350597505306522,1991360
350597544198658,1991680
350597585171575,1992000
350597624527252,1992320
350597664412981,1992640
350597705564074,1992960
350597744740324,1993280
350597784608606,1993600
350597823831574,1993920
350597864678345,1994240
350597905725064,1994560
350597944846626,1994880
350597984235376,1995200
350598025209491,1995520
350598064850637,1995840
350598105454231,1996160
350598144981470,1996480
350598183756574,1996800
350598224032043,1997120
350598263894074,1997440
350598305208189,1997760
350598344372668,1998080
350598383575220,1998400
350598425170064,1998720
350598463882147,1999040
350598504935793,1999360
350598544736991,1999680
350598585152147,2000000
350598624511366,2000320
350598666146418,2000640
350598707023397,2000960
350598745052928,2001280
350598785223709,2001600
350598823533137,2001920
350598865373345,2002240
350598904080272,2002560
350598945413032,2002880
350598985764855,2003200
350599025800897,2003520
350599066732303,2003840
350599105142564,2004160
350599145036053,2004480
350599185466574,2004800
350599226438813,2005120
350599266442824,2005440
350599305287199,2005760
350599345476418,2006080
350599384744595,2006400
350599425972668,2006720
350599464707251,2007040
350599506479178,2007360
350599546327147,2007680
350599584777876,2008000
350599624970897,2008320
350599666071834,2008640
350599708042667,2008960
350599744945792,2009280
350599786526886,2009600
350599826783605,2009920
350599866620063,2010240
350599906103344,2010560
350599944340740,2010880
350599985879386,2011200
350600026053865,2011520
350600065444542,2011840
350600105412146,2012160
350600144080532,2012480
350600185905063,2012800
350600224892251,2013120
350600264671157,2013440
350600305783396,2013760
350600344748136,2014080
350600385897042,2014400
350600425283813,2014720
350600464391105,2015040
350600504979542,2015360
350600543941000,2015680
350600586359750,2016000
350600624999750,2016320
350600665625428,2016640
350600705245948,2016960
350600744484855,2017280
350600785374594,2017600
350600825946730,2017920
350600865207355,2018240
350600904858917,2018560
350600945737250,2018880
350600984528032,2019200
350601025912146,2019520
350601065978604,2019840
350601106312094,2020160
350601145232563,2020480
350601185607094,2020800
350601224991104,2021120
350601267981938,2021440
350601304900688,2021760
350601347935688,2022080
350601385825167,2022400
350601426389229,2022720
350601464472927,2023040
350601503448188,2023360
350601543524021,2023680
350601583637979,2024000
350601623619125,2024320
350601663625375,2024640
350601705804698,2024960
350601743617667,2025280
350601783477146,2025600
350601823417510,2025920
350601863775115,2026240
350601904413500,2026560
350601943418292,2026880
350601983862250,2027200
350602023440687,2027520
350602062922354,2027840
350602103359177,2028160
350602142907354,2028480
350602184322771,2028800
350602223421989,2029120
350602263243708,2029440
350602303539385,2029760
350602343600739,2030080
350602383353187,2030400
350602423574958,2030720
350602463599073,2031040
350602503584125,2031360
350602543606729,2031680
350602583652198,2032000
350602623606677,2032320
350602663495531,2032640
350602704077979,2032960
350602743394073,2033280
350602783608083,2033600
350602823569854,2033920
350602863549541,2034240
350602903922927,2034560
350602944516052,2034880
350602984139281,2035200
350603024617250,2035520
350603063455947,2035840
350603104882770,2036160
350603144501104,2036480
350603184022614,2036800
350603223822510,2037120
350603264207874,2037440
350603303887302,2037760
350603344356104,2038080
350603383443604,2038400
350603423611208,2038720
350603463234072,2039040
350603503694854,2039360
350603544221885,2039680
350603583863083,2040000
350603624245426,2040320
350603665296051,2040640
350603703662197,2040960
350603743501728,2041280
350603784003239,2041600
350603823880895,2041920
350603863470843,2042240
350603903927926,2042560
350603943804749,2042880
350603983628083,2043200
350604023314593,2043520
350604063826364,2043840
350604104307405,2044160
350604143242093,2044480
350604183549697,2044800
350604223555530,2045120
350604263715739,2045440
350604304817041,2045760
350604343736937,2046080
350604383696103,2046400
350604423475843,2046720
350604463162926,2047040
350604503207822,2047360
350604543466364,2047680
350604583387926,2048000
350604623796207,2048320
350604663461259,2048640
350604703616259,2048960
350604743962093,2049280
350604783654124,2049600
350604827864853,2049920
350604863987249,2050240
350604904090582,2050560
350604943561259,2050880
350604984198343,2051200
350605024146624,2051520
350605064460843,2051840
350605103718134,2052160
350605144048655,2052480
350605184500634,2052800
350605224146155,2053120
350605264242353,2053440
350605304081884,2053760
350605347967457,2054080
350605383558447,2054400
350605423411363,2054720
350605464123134,2055040
350605503726259,2055360
350605545610842,2055680
350605583869436,2056000
350605625999436,2056320
350605664610321,2056640
350605703680686,2056960
350605743435946,2057280
350605783493446,2057600
350605823595478,2057920
350605863453290,2058240
350605903372509,2058560
350605943510061,2058880
350605984347144,2059200
350606025400946,2059520
350606064487405,2059840
350606105519071,2060160
350606143421103,2060480
350606184119384,2060800
350606224106571,2061120
350606264642769,2061440
350606305372352,2061760
350606345664332,2062080
350606385487300,2062400
350606424006102,2062720
350606464283707,2063040
350606505186102,2063360
350606543369071,2063680
350606583660582,2064000
350606623541311,2064320
350606665294696,2064640
350606704249227,2064960
350606744197300,2065280
350606784611988,2065600
350606824238342,2065920
350606864487404,2066240
350606905138602,2066560
350606943860842,2066880
350606984116571,2067200
350607023584956,2067520
350607064277613,2067840
350607104298967,2068160
350607143955008,2068480
350607185782665,2068800
350607226092613,2069120
350607264151102,2069440
350607304182925,2069760
350607345102248,2070080
350607384845633,2070400
350607426858446,2070720
350607465244019,2071040
350607505006831,2071360
350607545047039,2071680
350607585553237,2072000
350607625225894,2072320
350607665693029,2072640
350607704952039,2072960
350607744703810,2073280
350607786592769,2073600
350607825432248,2073920
350607864982664,2074240
350607904690894,2074560
350607946133133,2074880
350607985481883,2075200
350608025135477,2075520
350608065479435,2075840
350608104809956,2076160
350608144076050,2076480
350608185654904,2076800
350608227704227,2077120
350608264785425,2077440
350608306096935,2077760
350608346250112,2078080
350608387052352,2078400
350608424967300,2078720
350608464683341,2079040
350608504506831,2079360
350608547452195,2079680
350608584555685,2080000
350608624626935,2080320
350608665917924,2080640
350608703752143,2080960
350608745509331,2081280
350608784905893,2081600
350608824887924,2081920
350608865836570,2082240
350608905043862,2082560
350608943806570,2082880
350608984798654,2083200
350609025041258,2083520
350609068789956,2083840
350609105198706,2084160
350609144915789,2084480
350609186712976,2084800
350609226950164,2085120
350609265028445,2085440
350609305662716,2085760
350609344246310,2086080
350609385834122,2086400
350609429210476,2086720
350609465599174,2087040
350609505100789,2087360
350609546089487,2087680
350609584673862,2088000
350609624559695,2088320
350609663441778,2088640
350609704595476,2088960
350609745001934,2089280
350609784969382,2089600
350609825390424,2089920
350609864777455,2090240
350609905899487,2090560
350609945059486,2090880
350609985995841,2091200
350610025459539,2091520
350610064521101,2091840
350610105142455,2092160
350610144848757,2092480
350610186255736,2092800
350610224939330,2093120
350610265916934,2093440
350610305375580,2093760
350610345626778,2094080
350610384984695,2094400
350610424565007,2094720
350610465056153,2095040
350610506401361,2095360
350610545813445,2095680
350610585327351,2096000
350610624400059,2096320
350610663827715,2096640
350610704776726,2096960
350610746454330,2097280
350610784868392,2097600
350610825645267,2097920
350610866183653,2098240
350610905622611,2098560
350610946030997,2098880
350610985314278,2099200
350611025213444,2099520
350611065141101,2099840
350611106771049,2100160
350611145425476,2100480
350611185405111,2100800
350611227736413,2101120
350611265564382,2101440
350611305655319,2101760
350611344572351,2102080
350611391476726,2102400
350611427056778,2102720
350611465363913,2103040
350611504550059,2103360
350611544736361,2103680
350611585667455,2104000
350611624684642,2104320
350611665464017,2104640
350611713001152,2104960
350611743583809,2105280
350611785732715,2105600
350611823416309,2105920
350611863509121,2106240
350611906672246,2106560
350611961623600,2106880
350611989227194,2107200
350612024268340,2107520
350612063583132,2107840
350612104031777,2108160
350612145298600,2108480
350612189777350,2108800
350612232041152,2109120
350612271472194,2109440
350612309022454,2109760
350612346381881,2110080
350612386422558,2110400
350612425227975,2110720
350612470824850,2111040
350612514228652,2111360
350612545530788,2111680
350612585813340,2112000
350612629715579,2112320
350612665123340,2112640
350612704753756,2112960
350612753500735,2113280
350612783672037,2113600
350612824077506,2113920
350612863590944,2114240
350612903490840,2114560
350612944392298,2114880
350612984052194,2115200
350613026349485,2115520
350613067529902,2115840
350613104050631,2116160
350613144212871,2116480
350613184034902,2116800
350613223559433,2117120
350613264091256,2117440
350613304965162,2117760
350613343972506,2118080
350613384160214,2118400
350613425333652,2118720
350613464199329,2119040
350613504803496,2119360
350613545794381,2119680
350613584694902,2120000
350613624136516,2120320
350613664404173,2120640
350613704521777,2120960
350613744392298,2121280
350613784418287,2121600
350613825489693,2121920
350613865072870,2122240
350613904333756,2122560
350613943661047,2122880
350613984843235,2123200
350614025442350,2123520
350614065911725,2123840
350614104139537,2124160
350614145131985,2124480
350614184360735,2124800
350614224333339,2125120
350614264642349,2125440
350614304400839,2125760
350614344869901,2126080
350614384898860,2126400
350614424875891,2126720
350614476605891,2127040
350614504705943,2127360
350614544984120,2127680
350614584791568,2128000
350614623645162,2128320
350614664465891,2128640
350614706357297,2128960
350614743552245,2129280
350614784464016,2129600
350614824804433,2129920
350614864172766,2130240
350614905459276,2130560
350614945071151,2130880
350614984914120,2131200
350615025593182,2131520
350615063903547,2131840
350615104544745,2132160
350615144450214,2132480
350615186710162,2132800
350615224088339,2133120
350615265219589,2133440
350615304578599,2133760
350615346635682,2134080
350615385069693,2134400
350615427654328,2134720
350615466375786,2135040
350615504394484,2135360
350615546750161,2135680
350615585052349,2136000
350615624825891,2136320
350615665085057,2136640
350615706812870,2136960
350615745795474,2137280
350615784686932,2137600
350615824358286,2137920
350615864568234,2138240
350615905225109,2138560
350615946036672,2138880
350615983534224,2139200
350616025102036,2139520
350616065568026,2139840
350616103827088,2140160
350616144729380,2140480
350616186242192,2140800
350616226039120,2141120
350616264284067,2141440
350616305113182,2141760
350616345460369,2142080
350616384384797,2142400
350616426768494,2142720
350616464615161,2143040
350616504449901,2143360
350616545389536,2143680
350616584752036,2144000
350616624483390,2144320
350616665894953,2144640
350616704722713,2144960
350616745394953,2145280
350616784762817,2145600
350616824565005,2145920
350616866171776,2146240
350616904771411,2146560
350616944877296,2146880
350616988378286,2147200
350617023928234,2147520
350617066236359,2147840
350617104398546,2148160
350617145116567,2148480
350617188167973,2148800
350617226010838,2149120
350617263448494,2149440
350617305175890,2149760
350617345465057,2150080
350617385471515,2150400
350617425637036,2150720
350617464302557,2151040
350617505713598,2151360
350617544629744,2151680
350617584932348,2152000
350617623709275,2152320
350617665187504,2152640
350617705076411,2152960
350617744111827,2153280
350617785140004,2153600
350617824847504,2153920
350617868267713,2154240
350617905145369,2154560
350617944758963,2154880
350617985677556,2155200
350618026993963,2155520
350618065278963,2155840
350618105538181,2156160
350618144748754,2156480
350618185059900,2156800
350618225703754,2157120
350618266354848,2157440
350618305525317,2157760
350618344688285,2158080
350618386312817,2158400
350618424837296,2158720
350618465579119,2159040
350618506113962,2159360
350618545003025,2159680
350618585057087,2160000
350618625070681,2160320
350618664451514,2160640
350618704626566,2160960
350618745645212,2161280
350618784465681,2161600
350618824630629,2161920
350618864745108,2162240
350618906716358,2162560
350618946506827,2162880
350618984719223,2163200
350619023973181,2163520
350619065683025,2163840
350619105911098,2164160
350619144414223,2164480
350619186545837,2164800
350619225426670,2165120
350619264748650,2165440
350619306746670,2165760
350619345340993,2166080
350619384925264,2166400
350619425532816,2166720
350619464030733,2167040
350619504307556,2167360
350619545826514,2167680
350619586898754,2168000
350619626426045,2168320
350619666422556,2168640
350619706240368,2168960
350619745291670,2169280
350619786289847,2169600
350619825288649,2169920
350619864641618,2170240
350619905381410,2170560
350619944815264,2170880
350619985328858,2171200
350620024281201,2171520
350620066091722,2171840
350620104207139,2172160
350620143936566,2172480
350620184058806,2172800
350620227658962,2173120
350620265187191,2173440
350620306012191,2173760
350620344897503,2174080
350620385335680,2174400
350620424998493,2174720
350620466810368,2175040
350620504235785,2175360
350620544897139,2175680
350620588077243,2176000
350620628327816,2176320
350620664687295,2176640
350620704847295,2176960
350620745491670,2177280
350620785896462,2177600
350620826347816,2177920
350620869735472,2178240
350620904825889,2178560
350620948610836,2178880
350620985174691,2179200
350621024766097,2179520
350621066873857,2179840
350621105465368,2180160
350621144783857,2180480
350621185983336,2180800
350621224277191,2181120
350621266021826,2181440
350621308454378,2181760
350621345153805,2182080
350621384878128,2182400
350621430574222,2182720
350621464198024,2183040
350621505234274,2183360
350621544347972,2183680
350621584152972,2184000
350621628914222,2184320
350621663885367,2184640
350621704869117,2184960
350621748073076,2185280
350621787438336,2185600
350621824171774,2185920
350621866565524,2186240
350621905169326,2186560
350621944562242,2186880
350621986048284,2187200
350622025144013,2187520
350622065824117,2187840
350622106683076,2188160
350622144323336,2188480
350622186973336,2188800
350622224580523,2189120
350622265366930,2189440
350622310756982,2189760
350622346992086,2190080
350622388076878,2190400
350622428154169,2190720
350622465955732,2191040
350622509976200,2191360
350622545516305,2191680
350622587065159,2192000
350622628220159,2192320
350622664811982,2192640
350622706602086,2192960
350622744021825,2193280
350622786650367,2193600
350622831269169,2193920
350622865865159,2194240
350622908293596,2194560
350622947025315,2194880
350622986958752,2195200
350623026743127,2195520
350623064910836,2195840
350623106439638,2196160
350623145033752,2196480
350623185280159,2196800
350623223369065,2197120
350623264505106,2197440
350623304488336,2197760
350623343875523,2198080
350623383838440,2198400
350623423988283,2198720
350623464143544,2199040
350623504373388,2199360
350623545234169,2199680
350623584152294,2200000
350623624706460,2200320
350623663481773,2200640
350623703690887,2200960
350623743456460,2201280
350623785782137,2201600
350623827724481,2201920
350623866027085,2202240
350623906982710,2202560
350623945801200,2202880
350623985078544,2203200
350624026003075,2203520
350624064346617,2203840
350624104269585,2204160
350624144531721,2204480
350624185425314,2204800
350624226559377,2205120
350624265107502,2205440
350624305213075,2205760
350624349422658,2206080
350624386963648,2206400
350624430350471,2206720
350624464966668,2207040
350624504301929,2207360
350624544687241,2207680
350624585978439,2208000
350624626979637,2208320
350624666756200,2208640
350624707386564,2208960
350624747763908,2209280
350624790241304,2209600
350624825872554,2209920
350624869133491,2210240
350624904337554,2210560
350624949980783,2210880
350624984510262,2211200
350625026899012,2211520
350625066205991,2211840
350625104959949,2212160
350625144909897,2212480
350625188505522,2212800
350625226439064,2213120
350625264846043,2213440
350625304933439,2213760
350625346355314,2214080
350625388387345,2214400
350625424476929,2214720
350625465273074,2215040
350625505400574,2215360
350625545186928,2215680
350625586499481,2216000
350625629506043,2216320
350625665306460,2216640
350625706874689,2216960
350625743812658,2217280
350625785305835,2217600
350625823912449,2217920
350625864726251,2218240
350625905437345,2218560
350625948786147,2218880
350625986220991,2219200
350626024732970,2219520
350626067560314,2219840
350626104898282,2220160
350626145852918,2220480
350626185755991,2220800
350626225183855,2221120
350626266018959,2221440
350626305141147,2221760
350626344037032,2222080
350626384014428,2222400
350626423387918,2222720
350626463196407,2223040
350626503546668,2223360
350626543845938,2223680
350626584254116,2224000
350626624542084,2224320
350626663603126,2224640
350626703744220,2224960
350626743628386,2225280
350626783899220,2225600
350626823723022,2225920
350626863747240,2226240
350626903486928,2226560
350626943625313,2226880
350626984194584,2227200
350627023851980,2227520
350627064335209,2227840
350627104098386,2228160
350627145128542,2228480
350627185553386,2228800
350627225599740,2229120
350627265145313,2229440
350627304984792,2229760
350627348911251,2230080
350627385547813,2230400
350627427066459,2230720
350627465110417,2231040
350627505429584,2231360
350627545128803,2231680
350627585174896,2232000
350627625164063,2232320
350627665452032,2232640
350627706553594,2232960
350627744787761,2233280
350627783853334,2233600
350627824188594,2233920
350627863959011,2234240
350627903513386,2234560
350627944546875,2234880
350627984711615,2235200
350628024299740,2235520
350628063616302,2235840
350628104380834,2236160
350628144630834,2236480
350628184610313,2236800
350628223331615,2237120
350628264279063,2237440
350628308186302,2237760
350628344874792,2238080
350628383611563,2238400
350628424894063,2238720
350628464642552,2239040
350628504940990,2239360
350628544997761,2239680
350628585288646,2240000
350628627596667,2240320
350628664467500,2240640
350628704481198,2240960
350628745554375,2241280
350628785047917,2241600
350628826178490,2241920
350628864604948,2242240
350628910690573,2242560
350628946944063,2242880
350628986205000,2243200
350629024763958,2243520
350629066192135,2243840
350629104269948,2244160
350629145497708,2244480
350629185658437,2244800
350629227651042,2245120
350629264306302,2245440
350629304160990,2245760
350629346175990,2246080
350629385351927,2246400
350629427003489,2246720
350629464175000,2247040
350629506055729,2247360
350629544990989,2247680
350629585275729,2248000
350629624342500,2248320
350629665249114,2248640
350629705975625,2248960
350629745976041,2249280
350629786254687,2249600
350629825996875,2249920
350629869477708,2250240
350629904949791,2250560
350629944947343,2250880
350629985952135,2251200
350630026211666,2251520
350630076228906,2251840
350630103418073,2252160
350630143448489,2252480
350630184294010,2252800
350630224091875,2253120
350630264374635,2253440
350630304246302,2253760
350630344055104,2254080
350630384803489,2254400
350630425434843,2254720
350630465214427,2255040
350630504220416,2255360
350630544368124,2255680
350630586225572,2256000
350630625614635,2256320
350630665721822,2256640
350630705430833,2256960
350630745787239,2257280
350630784699531,2257600
350630826373958,2257920
350630864434479,2258240
350630906022812,2258560
350630944651926,2258880
350630984392603,2259200
350631030331822,2259520
350631065136978,2259840
350631106262395,2260160
350631144562760,2260480
350631187046093,2260800
350631226344478,2261120
350631263855416,2261440
350631305794895,2261760
350631344210416,2262080
350631384509530,2262400
350631426003176,2262720
350631466195260,2263040
350631506940728,2263360
350631545008228,2263680
350631585905676,2264000
350631625669062,2264320
350631664679478,2264640
350631706675103,2264960
350631747018957,2265280
350631785400103,2265600
350631828736614,2265920
350631864991614,2266240
350631904498489,2266560
350631945130936,2266880
350631986493957,2267200
350632029652499,2267520
350632064812186,2267840
350632104258488,2268160
350632145257968,2268480
350632184563593,2268800
350632225446770,2269120
350632263841613,2269440
350632304508645,2269760
350632344937811,2270080
350632384814843,2270400
350632424550676,2270720
350632464288124,2271040
350632504986717,2271360
350632545927395,2271680
350632584309426,2272000
350632626628124,2272320
350632664947186,2272640
350632707555519,2272960
350632744199530,2273280
350632785123801,2273600
350632829498072,2273920
350632867282759,2274240
350632906275103,2274560
350632944642499,2274880
350632985219217,2275200
350633024549582,2275520
350633066173696,2275840
350633104115832,2276160
350633144336561,2276480
350633185195728,2276800
350633225260207,2277120
350633263858696,2277440
350633311326873,2277760
350633344865363,2278080
350633383804582,2278400
350633423770936,2278720
350633464716925,2279040
350633507851457,2279360
350633543887967,2279680
350633585847967,2280000
350633630538644,2280320
350633663769582,2280640
350633704603175,2280960
350633750283019,2281280
350633785677602,2281600
350633824471509,2281920
350633864468279,2282240
350633903425779,2282560
350633943811561,2282880
350633986399634,2283200
350634024854738,2283520
350634064749998,2283840
350634104983123,2284160
350634147672394,2284480
350634185404633,2284800
350634225151040,2285120
350634266073956,2285440
350634304934217,2285760
350634350730311,2286080
350634385314842,2286400
350634425157915,2286720
350634466359113,2287040
350634506415206,2287360
350634544621925,2287680
350634585163644,2288000
350634624319633,2288320
350634664673487,2288640
350634704484842,2288960
350634745412342,2289280
350634785615987,2289600
350634824917185,2289920
350634866408956,2290240
350634905239425,2290560
350634946424685,2290880
350634986273071,2291200
350635025025571,2291520
350635066293644,2291840
350635105653800,2292160
350635145361508,2292480
350635185216196,2292800
350635225113123,2293120
350635264846196,2293440
350635304853331,2293760
350635344535987,2294080
350635385699373,2294400
350635425860987,2294720
350635466196143,2295040
350635510028175,2295360
350635546496925,2295680
350635587978748,2296000
350635624664998,2296320
350635663318331,2296640
350635703567081,2296960
350635745538279,2297280
350635784298695,2297600
350635823607862,2297920
350635864411612,2298240
350635906196195,2298560
350635945113956,2298880
350635984734529,2299200
350636025012289,2299520
350636065650674,2299840
350636107577237,2300160
350636146038018,2300480
350636184129633,2300800
350636225056768,2301120
350636264376404,2301440
350636304521299,2301760
350636347067445,2302080
350636384686924,2302400
350636423849008,2302720
350636464334528,2303040
350636505111924,2303360
350636544616872,2303680
350636586404841,2304000
350636624257393,2304320
350636664487133,2304640
350636705418278,2304960
350636744086299,2305280
350636785743383,2305600
350636824918070,2305920
350636864742601,2306240
350636905278539,2306560
350636943314007,2306880
350636983621976,2307200
350637024139893,2307520
350637064712445,2307840
350637104651924,2308160
350637145600726,2308480
350637184492080,2308800
350637230269580,2309120
350637265138278,2309440
350637305455153,2309760
350637344822132,2310080
350637384872393,2310400
350637425355153,2310720
350637466810726,2311040
350637505870934,2311360
350637545157028,2311680
350637585398070,2312000
350637625333330,2312320
350637666178330,2312640
350637705047132,2312960
350637748224163,2313280
350637784805934,2313600
350637824761455,2313920
350637866098330,2314240
350637906805986,2314560
350637944352809,2314880
350637984875934,2315200
350638025620205,2315520
350638063431872,2315840
350638103441507,2316160
350638145738903,2316480
350638184943017,2316800
350638225229580,2317120
350638265655101,2317440
350638305274424,2317760
350638344221246,2318080
350638385627861,2318400
350638424895049,2318720
350638465220830,2319040
350638504975882,2319360
350638544604892,2319680
350638584958746,2320000
350638624295309,2320320
350638665194371,2320640
350638708911455,2320960
350638744413694,2321280
350638784446246,2321600
350638824169319,2321920
350638865959736,2322240
350638906918642,2322560
350638945650309,2322880
350638985001923,2323200
350639024775205,2323520
350639064263382,2323840
350639104970934,2324160
350639145058746,2324480
350639184558642,2324800
350639224265934,2325120
350639263983017,2325440
350639304219215,2325760
350639344662392,2326080
350639384718850,2326400
350639426289684,2326720
350639464418694,2327040
350639504174267,2327360
350639544266923,2327680
350639585643121,2328000
350639627563694,2328320
350639665713433,2328640
350639704142600,2328960
350639745266871,2329280
350639785888694,2329600
350639826028381,2329920
350639864748850,2330240
350639905042548,2330560
350639945556090,2330880
350639985185933,2331200
350640025309058,2331520
350640064649944,2331840
350640104246194,2332160
350640146053642,2332480
350640186349319,2332800
350640225954892,2333120
350640265226975,2333440
350640307969423,2333760
350640344423485,2334080
350640384837860,2334400
350640427691402,2334720
350640463579527,2335040
350640503445308,2335360
350640545155985,2335680
350640585030569,2336000
350640626095516,2336320
350640664672548,2336640
350640710732339,2336960
350640745799266,2337280
350640784726923,2337600
350640826256089,2337920
350640864797443,2338240
350640905299735,2338560
350640947565100,2338880
350640984466818,2339200
350641030776402,2339520
350641064399423,2339840
350641106839266,2340160
350641145026870,2340480
350641185102756,2340800
350641228462287,2341120
350641265258693,2341440
350641305616089,2341760
350641348204266,2342080
350641384440152,2342400
350641426814735,2342720
350641465150829,2343040
350641506189318,2343360
350641545517704,2343680
350641584630829,2344000
350641625309526,2344320
350641667485568,2344640
350641706373589,2344960
350641745628381,2345280
350641785421089,2345600
350641825026453,2345920
350641869118485,2346240
350641906334318,2346560
350641945373537,2346880
350641984622599,2347200
350642025856349,2347520
350642063906766,2347840
350642104265151,2348160
350642145728016,2348480
350642184494578,2348800
350642225630203,2349120
350642264926557,2349440
350642305109891,2349760
350642344118537,2350080
350642384964839,2350400
350642426196141,2350720
350642466610880,2351040
350642505840255,2351360
350642545436401,2351680
350642584858016,2352000
350642625169109,2352320
350642664618589,2352640
350642705887391,2352960
350642744967755,2353280
350642784546922,2353600
350642824357286,2353920
350642867472495,2354240
350642905494266,2354560
350642945675255,2354880
350642987566557,2355200
350643024474161,2355520
350643063979786,2355840
350643104434422,2356160
350643143927286,2356480
350643184577234,2356800
350643224554734,2357120
350643266272547,2357440
350643310224474,2357760
350643345277130,2358080
350643384325047,2358400
350643425786192,2358720
350643467687078,2359040
350643507943640,2359360
350643544527807,2359680
350643585656922,2360000
350643624571609,2360320
350643664481974,2360640
350643704958849,2360960
350643748431140,2361280
350643784723849,2361600
350643828531088,2361920
350643865292963,2362240
350643905947703,2362560
350643947650671,2362880
350643987063119,2363200
350644027827130,2363520
350644064457286,2363840
350644108028744,2364160
350644145114994,2364480
350644185134890,2364800
350644226711296,2365120
350644265192338,2365440
350644309253015,2365760
350644344977598,2366080
350644386006609,2366400
350644426895671,2366720
350644467364473,2367040
350644504274734,2367360
350644550089213,2367680
350644585219786,2368000
350644629010411,2368320
350644664571661,2368640
350644704866921,2368960
350644746485307,2369280
350644786276713,2369600
350644825091140,2369920
350644867016557,2370240
350644904259265,2370560
350644945834056,2370880
350644984957546,2371200
350645026436504,2371520
350645065226140,2371840
350645106761192,2372160
350645146088015,2372480
350645185405775,2372800
350645225001140,2373120
350645264791296,2373440
350645308964838,2373760
350645346782494,2374080
350645384488744,2374400
350645424703640,2374720
350645464934890,2375040
350645507553015,2375360
350645546107233,2375680
350645585699577,2376000
350645628531400,2376320
350645668109160,2376640
350645705171140,2376960
350645745268119,2377280
350645784833431,2377600
350645826586192,2377920
350645865228535,2378240
350645906372910,2378560
350645944168692,2378880
350645985194004,2379200
350646031070723,2379520
350646063794681,2379840
350646109993639,2380160
350646146828535,2380480
350646186613014,2380800
350646225456191,2381120
350646265245098,2381440
350646304845046,2381760
350646349192962,2382080
350646384854368,2382400
350646428815410,2382720
350646465112077,2383040
350646507525670,2383360
350646545299629,2383680
350646586017858,2384000
350646626923170,2384320
350646665785775,2384640
350646704281816,2384960
350646745766191,2385280
350646784467181,2385600
350646824783535,2385920
350646865043899,2386240
350646904398379,2386560
350646946314368,2386880
350646984778014,2387200
350647024056035,2387520
350647064684420,2387840
350647109297441,2388160
350647144779993,2388480
350647187012233,2388800
350647224107649,2389120
350647264559264,2389440
350647305830045,2389760
350647352204212,2390080
350647385864368,2390400
350647425056764,2390720
350647467932024,2391040
350647504226451,2391360
350647544542910,2391680
350647586177910,2392000
350647626309264,2392320
350647665361035,2392640
350647704159628,2392960
350647745015930,2393280
350647785919785,2393600
350647825101712,2393920
350647865257389,2394240
350647906372753,2394560
350647945595305,2394880
350647985335253,2395200
350648025283899,2395520
350648066547909,2395840
350648104535566,2396160
350648146117024,2396480
350648185415566,2396800
350648228804159,2397120
350648264239055,2397440
350648305397389,2397760
350648345054368,2398080
350648386017961,2398400
350648426673274,2398720
350648466497180,2399040
350648504068586,2399360
350648545666555,2399680
350648584958066,2400000
350648627976920,2400320
350648664662024,2400640
350648704259107,2400960
350648745024315,2401280
350648784727545,2401600
350648828486503,2401920
350648864498378,2402240
350648905232857,2402560
350648945123378,2402880
350648985377440,2403200
350649024996659,2403520
350649064198326,2403840
350649110634576,2404160
350649147979576,2404480
350649184838169,2404800
350649225572701,2405120
350649264483274,2405440
350649309852440,2405760
350649346071294,2406080
350649384257492,2406400
350649424910253,2406720
350649464805201,2407040
350649506781086,2407360
350649545411971,2407680
350649584419628,2408000
350649630478638,2408320
350649667904992,2408640
350649704241190,2408960
350649744916555,2409280
350649784215930,2409600
350649826034315,2409920
350649866630409,2410240
350649905223221,2410560
350649946970044,2410880
350649984660877,2411200
350650026772127,2411520
350650065924159,2411840
350650105083638,2412160
350650145972075,2412480
350650184674107,2412800
350650228628273,2413120
350650266480565,2413440
350650309613117,2413760
350650348774002,2414080
350650384192231,2414400
350650424083742,2414720
350650465416086,2415040
350650505251294,2415360
350650548087127,2415680
350650584695929,2416000
350650626326190,2416320
350650665656867,2416640
350650706219940,2416960
350650746774679,2417280
350650786337075,2417600
350650826508898,2417920
350650866835981,2418240
350650907031606,2418560
350650944700200,2418880
350650983881138,2419200
350651025087023,2419520
350651064309367,2419840
350651105571867,2420160
350651145144054,2420480
350651184913065,2420800
350651223885773,2421120
350651264781606,2421440
350651305970825,2421760
350651351364106,2422080
350651385349158,2422400
350651425252231,2422720
350651465478741,2423040
350651511809314,2423360
350651548099054,2423680
350651585581085,2424000
350651624975669,2424320
350651665044210,2424640
350651704607335,2424960
350651744566398,2425280
350651786162023,2425600
350651825848064,2425920
350651866230929,2426240
350651908760043,2426560
350651945476710,2426880
350651985366085,2427200
350652025641762,2427520
350652064562387,2427840
350652105032387,2428160
350652144838168,2428480
350652186342127,2428800
350652224183012,2429120
350652265983533,2429440
350652305430929,2429760
350652344817595,2430080
350652385310877,2430400
350652425029574,2430720
350652464722439,2431040
350652505599627,2431360
350652544450772,2431680
350652586249574,2432000
350652624668845,2432320
350652664809887,2432640
350652704578324,2432960
350652744581553,2433280
350652785638793,2433600
350652829029158,2433920
350652864190668,2434240
350652905197647,2434560
350652944408689,2434880
350652986836397,2435200
350653025159210,2435520
350653064225199,2435840
350653104863897,2436160
350653145122855,2436480
350653184257751,2436800
350653224268949,2437120
350653263862282,2437440
350653304695095,2437760
350653344499418,2438080
350653384475147,2438400
350653424804887,2438720
350653464351762,2439040
350653503956762,2439360
350653544206293,2439680
350653583434209,2440000
350653624181761,2440320
350653664156553,2440640
350653704146605,2440960
350653744458168,2441280
350653784011866,2441600
350653823827386,2441920
350653863815772,2442240
350653903757595,2442560
350653944182751,2442880
350653983539157,2443200
350654023849782,2443520
350654064009886,2443840
350654103749522,2444160
350654144011501,2444480
350654183767022,2444800
350654223734938,2445120
350654263543584,2445440
350654304509626,2445760
350654343683167,2446080
350654383460563,2446400
350654423770407,2446720
350654463760980,2447040
350654503359834,2447360
350654543817126,2447680
350654585562334,2448000
350654623902126,2448320
350654663861449,2448640
350654704389001,2448960
350654744196084,2449280
350654783305407,2449600
350654823564782,2449920
350654864262282,2450240
350654903993688,2450560
350654944691240,2450880
350654983420771,2451200
350655024373167,2451520
350655063658584,2451840
350655105706136,2452160
350655148041917,2452480
350655184545407,2452800
350655224607490,2453120
350655264038948,2453440
350655305568896,2453760
350655344128636,2454080
350655384938532,2454400
350655424821240,2454720
350655466661448,2455040
350655505707073,2455360
350655544844469,2455680
350655584317542,2456000
350655624264521,2456320
350655665265146,2456640
350655705003792,2456960
350655746733532,2457280
350655784658844,2457600
350655824628844,2457920
350655864299156,2458240
350655907639261,2458560
350655944686917,2458880
350655984511969,2459200
350656023788948,2459520
350656066356500,2459840
350656104996031,2460160
350656144009469,2460480
350656184375302,2460800
350656226856813,2461120
350656263662750,2461440
350656303673635,2461760
350656344549052,2462080
350656384237073,2462400
350656428401656,2462720
350656464634104,2463040
350656505445094,2463360
350656544452021,2463680
350656585639521,2464000
350656627707854,2464320
350656665200406,2464640
350656704745458,2464960
350656744880302,2465280
350656785014937,2465600
350656824144312,2465920
350656864518948,2466240
350656908372802,2466560
350656944957385,2466880
350656984594469,2467200
350657026505562,2467520
350657065112073,2467840
350657106502385,2468160
350657145556864,2468480
350657184899208,2468800
350657223826239,2469120
350657265759937,2469440
350657304480458,2469760
350657346366291,2470080
350657385035458,2470400
350657428293218,2470720
350657465049260,2471040
350657506136343,2471360
350657546626291,2471680
350657585943010,2472000
350657625527854,2472320
350657664553114,2472640
350657704757072,2472960
350657746486239,2473280
350657785294729,2473600
350657828771864,2473920
350657865978114,2474240
350657906937697,2474560
350657945504052,2474880
350657984733010,2475200
350658025263270,2475520
350658064564937,2475840
350658104479729,2476160
350658144490406,2476480
350658184531239,2476800
350658224456343,2477120
350658264224624,2477440
350658305284885,2477760
350658344205666,2478080
350658385046968,2478400
350658424566499,2478720
350658465937958,2479040
350658504421812,2479360
350658544066968,2479680
350658584419312,2480000
350658624223791,2480320
350658664370145,2480640
350658704217593,2480960
350658744381447,2481280
350658784252228,2481600
350658824617645,2481920
350658864145509,2482240
350658904550666,2482560
350658945670197,2482880
350658984369259,2483200
350659024991499,2483520
350659065122176,2483840
350659104690093,2484160
350659144711759,2484480
350659185035926,2484800
350659224253582,2485120
350659264262541,2485440
350659304927853,2485760
350659345006238,2486080
350659384807124,2486400
350659424300145,2486720
350659465367072,2487040
350659505229832,2487360
350659544516968,2487680
350659585264155,2488000
350659625647488,2488320
350659665341030,2488640
350659703199572,2488960
350659744561134,2489280
350659785898009,2489600
350659826401967,2489920
350659866241811,2490240
350659905228217,2490560
350659945362228,2490880
350659985754103,2491200
350660028369311,2491520
350660064254259,2491840
350660104391447,2492160
350660144965405,2492480
350660186146394,2492800
350660224988321,2493120
350660264877853,2493440
350660305232957,2493760
350660344937540,2494080
350660384938478,2494400
350660425154780,2494720
350660465954884,2495040
350660504263113,2495360
350660544595040,2495680
350660584797488,2496000
350660627217488,2496320
350660663579415,2496640
350660705775040,2496960
350660746477853,2497280
350660783598061,2497600
350660824992800,2497920
350660866249988,2498240
350660907968061,2498560
350660944552019,2498880
350660985055509,2499200
350661025595405,2499520
350661065240040,2499840
350661104707748,2500160
350661145176238,2500480
350661184225092,2500800
350661224405821,2501120
350661265209727,2501440
350661304309206,2501760
350661346275040,2502080
350661385000456,2502400
350661424841915,2502720
350661464571654,2503040
350661505959154,2503360
350661544933842,2503680
350661586384571,2504000
350661624741654,2504320
350661664883165,2504640
350661705443373,2504960
350661744763477,2505280
350661785550977,2505600
350661824849675,2505920
350661864692279,2506240
350661905534935,2506560
350661949846290,2506880
350661984953529,2507200
350662026258633,2507520
350662063741810,2507840
350662103789258,2508160
350662143513217,2508480
350662183821862,2508800
350662224585196,2509120
350662263889362,2509440
350662305861133,2509760
350662345239467,2510080
350662384925977,2510400
350662423470977,2510720
350662464157644,2511040
350662503730769,2511360
350662543273008,2511680
350662584594050,2512000
350662624226289,2512320
350662663980664,2512640
350662710798008,2512960
350662743493321,2513280
350662783780456,2513600
350662824959779,2513920
350662864429206,2514240
350662904349570,2514560
350662945045977,2514880
350662985213581,2515200
350663024608320,2515520
350663064802331,2515840
350663104354102,2516160
350663144428425,2516480
350663185246966,2516800
350663225067487,2517120
350663265803685,2517440
350663305061810,2517760
350663344412904,2518080
350663385093060,2518400
350663424574779,2518720
350663466436706,2519040
350663508478372,2519360
350663546316549,2519680
350663586854258,2520000
350663623985456,2520320
350663664116133,2520640
350663703973945,2520960
350663745367018,2521280
350663784723945,2521600
350663827953581,2521920
350663865398528,2522240
350663904331758,2522560
350663944627330,2522880
350663985593216,2523200
350664024644362,2523520
350664064757851,2523840
350664104519310,2524160
350664144402591,2524480
350664186700143,2524800
350664224478164,2525120
350664265444414,2525440
350664304591185,2525760
350664347618059,2526080
350664384541393,2526400
350664424346237,2526720
350664464738112,2527040
350664504433372,2527360
350664544154257,2527680
350664584630872,2528000
350664627463424,2528320
350664665338789,2528640
350664707825507,2528960
350664750819153,2529280
350664784696809,2529600
350664826329049,2529920
350664866020195,2530240
350664904860924,2530560
350664948254726,2530880
350664985454882,2531200
350665026249986,2531520
350665068271653,2531840
350665104655195,2532160
350665146146445,2532480
350665184767122,2532800
350665227011184,2533120
350665266383788,2533440
350665306235820,2533760
350665350855715,2534080
350665384546549,2534400
350665426134153,2534720
350665465840299,2535040
350665504534361,2535360
350665544628684,2535680
350665584538163,2536000
350665624626497,2536320
350665664543996,2536640
350665705523319,2536960
350665744301549,2537280
350665786964882,2537600
350665824403528,2537920
350665864210194,2538240
350665904796132,2538560
350665944139205,2538880
350665984606809,2539200
350666026082017,2539520
350666065741392,2539840
350666104478840,2540160
350666144723371,2540480
350666184798371,2540800
350666223319048,2541120
350666263741965,2541440
350666303928163,2541760
350666344591496,2542080
350666383971809,2542400
350666424615194,2542720
350666464154205,2543040
350666505403475,2543360
350666545125871,2543680
350666584738892,2544000
350666624489100,2544320
350666664748215,2544640
350666704063267,2544960
350666744928631,2545280
350666785719361,2545600
350666824051704,2545920
350666865216913,2546240
350666904401756,2546560
350666945289621,2546880
350666985192486,2547200
350667024458319,2547520
350667065345715,2547840
350667105883840,2548160
350667144378736,2548480
350667185067746,2548800
350667225850506,2549120
350667264251652,2549440
350667305762590,2549760
350667347498110,2550080
350667386293996,2550400
350667426865037,2550720
350667467887433,2551040
350667504734933,2551360
350667542863371,2551680
350667583280090,2552000
350667623512537,2552320
350667664043996,2552640
350667705960454,2552960
350667744746183,2553280
350667785279360,2553600
350667826842485,2553920
350667863171548,2554240
350667905895037,2554560
350667946059777,2554880
350668001327902,2555200
350668033482641,2555520
350668070046964,2555840
350668122703214,2556160
350668149979829,2556480
350668184800193,2556800
350668225501183,2557120
350668272145037,2557440
350668317135870,2557760
350668345177693,2558080
350668387274464,2558400
350668423017068,2558720
350668463551860,2559040
350668503164829,2559360
350668544695558,2559680
350668586264829,2560000
350668640405454,2560320
350668665290141,2560640
350668726873995,2560960
350668742918266,2561280
350668783058058,2561600
350668824094047,2561920
350668863622849,2562240
350668903814933,2562560
350668943545401,2562880
350668985365766,2563200
350669023955714,2563520
350669063731131,2563840
350669105315245,2564160
350669144368631,2564480
350669185171391,2564800
350669223474933,2565120
350669263735610,2565440
350669303529985,2565760
350669344673422,2566080
350669383984047,2566400
350669425804828,2566720
350669465522276,2567040
350669504503630,2567360
350669544791495,2567680
350669584631860,2568000
350669624538266,2568320
350669663570662,2568640
350669706207068,2568960
350669743859203,2569280
350669793695245,2569600
350669823446755,2569920
350669864356130,2570240
350669904265141,2570560
350669943863162,2570880
350669983874464,2571200
350670023517797,2571520
350670064236182,2571840
350670103369880,2572160
350670143619568,2572480
350670184604776,2572800
350670229165036,2573120
350670264272849,2573440
350670304011234,2573760
350670345563005,2574080
350670383803005,2574400
350670423522432,2574720
350670465799672,2575040
350670503308318,2575360
350670543511963,2575680
350670584161599,2576000
350670624490349,2576320
350670664794672,2576640
350670703883370,2576960
350670744021078,2577280
350670784953786,2577600
350670824490349,2577920
350670864941755,2578240
350670904533474,2578560
350670944051494,2578880
350670984271859,2579200
350671025030244,2579520
350671069583265,2579840
350671104585713,2580160
350671143514515,2580480
350671184600921,2580800
350671224946026,2581120
350671264559932,2581440
350671305165557,2581760
350671343858838,2582080
350671384535192,2582400
350671425436598,2582720
350671464799671,2583040
350671506341026,2583360
350671543552275,2583680
350671585095453,2584000
350671624969775,2584320
350671665452223,2584640
350671705938369,2584960
350671743553786,2585280
350671784470713,2585600
350671823814567,2585920
350671864559567,2586240
350672273016390,2586560
350672273195140,2586880
350672335935244,2587200
350672336138525,2587520
350672352243890,2587840
350672352644098,2588160
350672366532744,2588480
350672368143525,2588800
350672621497900,2589120
350672624317692,2589440
350672624394150,2589760
350672629601858,2590080
350672669048317,2590400
350672671086650,2590720
350672671305504,2591040
350672686490244,2591360
350672727256025,2591680
350672775564515,2592000
350672805046494,2592320
350672844602379,2592640
350672887959358,2592960
350672930286650,2593280
350672965128733,2593600
350673026419619,2593920
350673052984827,2594240
350673088147535,2594560
350673125357483,2594880
350673164772952,2595200
350673209439983,2595520
350673243719671,2595840
350673292585712,2596160
350673325984671,2596480
350673364315087,2596800
350673407918264,2597120
350673444311337,2597440
350673486925087,2597760
350673524314775,2598080
350673564114150,2598400
350673606723785,2598720
350673645739462,2599040
350673683503004,2599360
350673725165191,2599680
350673765166650,2600000
350673803535868,2600320
350673846153264,2600640
350673891188264,2600960
350673924106858,2601280
350673964302066,2601600
350674004496441,2601920
350674044249618,2602240
350674083782691,2602560
350674127911650,2602880
350674173695816,2603200
350674204344774,2603520
350674247057327,2603840
350674289760712,2604160
350674334850087,2604480
350674367829826,2604800
350674404332274,2605120
350674443933212,2605440
350674485552170,2605760
350674523976441,2606080
350674564272899,2606400
350674604397691,2606720
350674651390139,2607040
350674684911858,2607360
350674723162431,2607680
350674763772066,2608000
350674803599514,2608320
350674847751597,2608640
350674883767743,2608960
350674926533472,2609280
350674971306858,2609600
350675006685347,2609920
350675046955087,2610240
350675088254514,2610560
350675124788628,2610880
350675166525243,2611200
350675207470555,2611520
350675258389982,2611840
350675286704149,2612160
350675330518680,2612480
350675364259774,2612800
350675404412951,2613120
350675443934201,2613440
350675483927326,2613760
350675530010503,2614080
350675568747951,2614400
350675605334930,2614720
350675651037378,2615040
350675685299982,2615360
350675740361128,2615680
350675772891597,2616000
350675807217430,2616320
350675845224722,2616640
350675888839930,2616960
350675937793784,2617280
350675967765347,2617600
350676004281388,2617920
350676043914201,2618240
350676083748888,2618560
350676123598888,2618880
350676165383628,2619200
350676204926545,2619520
350676243544722,2619840
350676284969930,2620160
350676323942586,2620480
350676363964982,2620800
350676405987638,2621120
350676443664669,2621440
350676484377117,2621760
350676524937482,2622080
350676563529096,2622400
350676605755138,2622720
350676648518940,2623040
350676694377169,2623360
350676724075971,2623680
350676765754513,2624000
350676805984617,2624320
350676855692326,2624640
350676884951805,2624960
350676923277065,2625280
350676963948992,2625600
350677008018107,2625920
350677047523784,2626240
350677083648992,2626560
350677129383263,2626880
350677164783159,2627200
350677203477742,2627520
350677247541127,2627840
350677286418002,2628160
350677327638055,2628480
350677368304357,2628800
350677405622898,2629120
350677443357534,2629440
350677501881440,2629760
350677530638211,2630080
350677563441023,2630400
350677603388888,2630720
350677649696596,2631040
350677683206544,2631360
350677725869148,2631680
350677765600502,2632000
350677807387481,2632320
350677843448419,2632640
350677883441127,2632960
350677925082690,2633280
350677965613263,2633600
350678004129565,2633920
350678051169669,2634240
350678086813575,2634560
350678129049096,2634880
350678170101335,2635200
350678204324044,2635520
350678248781440,2635840
350678284330658,2636160
350678324598940,2636480
350678363806440,2636800
350678403893575,2637120
350678443486960,2637440
350678484623731,2637760
350678525206804,2638080
350678564595554,2638400
350678605830346,2638720
350678644189981,2639040
350678683987481,2639360
350678724514981,2639680
350678767578210,2640000
350678803655398,2640320
350678844718262,2640640
350678885514981,2640960
350678928183471,2641280
350678963673939,2641600
350679004526596,2641920
350679044006648,2642240
350679083811231,2642560
350679124023991,2642880
350679163577168,2643200
350679204339460,2643520
350679252523939,2643840
350679291377116,2644160
350679329849981,2644480
350679367587793,2644800
350679404650814,2645120
350679444493002,2645440
350679484397793,2645760
350679526424252,2646080
350679563450397,2646400
350679603469460,2646720
350679645326283,2647040
350679685250762,2647360
350679723482064,2647680
350679764248210,2648000
350679803747012,2648320
350679843665918,2648640
350679883954981,2648960
350679924392064,2649280
350679972148835,2649600
350680010039408,2649920
350680065176335,2650240
350680085636283,2650560
350680131919303,2650880
350680163863887,2651200
350680204566074,2651520
350680273023158,2651840
350680296378626,2652160
350680348936230,2652480
350680428730449,2652800
350680440430814,2653120
350680455228522,2653440
350680490586178,2653760
350680529916855,2654080
350680578365293,2654400
350680613546855,2654720
350680664865710,2655040
350680700294199,2655360
350680724635241,2655680
350680778600605,2656000
350680806311595,2656320
350680844349459,2656640
350680885933157,2656960
350680923434303,2657280
350680964076022,2657600
350681004405501,2657920
350681044312272,2658240
350681084698001,2658560
350681123895136,2658880
350681164229407,2659200
350681204011074,2659520
350681243761751,2659840
350681285214876,2660160
350681323771959,2660480
350681364471334,2660800
350681403642272,2661120
350681444078105,2661440
350681484418053,2661760
350681524209095,2662080
350681564148209,2662400
350681603354772,2662720
350681644690188,2663040
350681684449720,2663360
350681725047897,2663680
350681763940501,2664000
350681803567480,2664320
350681845172688,2664640
350681883713313,2664960
350681923675605,2665280
350681964172167,2665600
350682003850449,2665920
350682044674928,2666240
350682083773469,2666560
350682123521646,2666880
350682163918834,2667200
350682204058990,2667520
350682244658678,2667840
350682283814928,2668160
350682324111490,2668480
350682364314980,2668800
350682404659980,2669120
350682446013209,2669440
350682483395396,2669760
350682523667740,2670080
350682564044615,2670400
350682604024303,2670720
350682643797375,2671040
350682683987063,2671360
350682723616594,2671680
350682763912167,2672000
350682804911907,2672320
350682844004146,2672640
350682884127271,2672960
350682923715604,2673280
350682964203052,2673600
350683005210448,2673920
350683044538677,2674240
350683083318261,2674560
350683123853313,2674880
350683163813000,2675200
350683204389771,2675520
350683243784615,2675840
350683283795969,2676160
350683323486125,2676480
350683363491125,2676800
350683405300708,2677120
350683443430031,2677440
350683483779458,2677760
350683524367271,2678080
350683566528260,2678400
350683605156125,2678720
350683644012115,2679040
350683684098260,2679360
350683724358573,2679680
350683765524719,2680000
350683809439615,2680320
350683844587583,2680640
350683883955969,2680960
350683923565656,2681280
350683965289615,2681600
350684006711073,2681920
350684043327739,2682240
350684083914250,2682560
350684125232635,2682880
350684164992062,2683200
350684204728156,2683520
350684243680552,2683840
350684283954458,2684160
350684325007896,2684480
350684363934771,2684800
350684405133833,2685120
350684445686437,2685440
350684483806333,2685760
350684523618468,2686080
350684564259146,2686400
350684604451489,2686720
350684643435448,2687040
350684683773312,2687360
350684723598104,2687680
350684768036437,2688000
350684803628937,2688320
350684843673312,2688640
350684883562687,2688960
350684926785239,2689280
350684963284614,2689600
350685003889197,2689920
350685045356489,2690240
350685083867114,2690560
350685123560135,2690880
350685165281906,2691200
350685203493781,2691520
350685243588989,2691840
350685284166541,2692160
350685326556281,2692480
350685365089458,2692800
350685404398885,2693120
350685443713312,2693440
350685483804874,2693760
350685524620760,2694080
350685566564718,2694400
350685604115551,2694720
350685644312270,2695040
350685684406749,2695360
350685724056541,2695680
350685766712478,2696000
350685804381385,2696320
350685843662791,2696640
350685883452947,2696960
350685923981541,2697280
350685963345291,2697600
350686003327114,2697920
350686043421280,2698240
350686083451749,2698560
350686123372947,2698880
350686163594353,2699200
350686203399197,2699520
350686243492009,2699840
350686284136853,2700160
350686324494614,2700480
350686363564874,2700800
350686403329249,2701120
350686443384614,2701440
350686483416749,2701760
350686523753416,2702080
350686563741228,2702400
350686603417009,2702720
350686643478936,2703040
350686690687686,2703360
350686723429926,2703680
350686764385968,2704000
350686803904093,2704320
350686843929405,2704640
350686885679561,2704960
350686924173572,2705280
350686964559874,2705600
350687005407218,2705920
350687043780082,2706240
350687084157478,2706560
350687125036697,2706880
350687163648988,2707200
350687203886176,2707520
350687244406749,2707840
350687284467165,2708160
350687323577009,2708480
350687365821749,2708800
350687405352947,2709120
350687444989092,2709440
350687484279196,2709760
350687525011853,2710080
350687564632217,2710400
350687604875394,2710720
350687644620238,2711040
350687684661749,2711360
350687726254769,2711680
350687764866905,2712000
350687804500134,2712320
350687844156436,2712640
350687884612113,2712960
350687924627582,2713280
350687965301488,2713600
350688005401800,2713920
350688045836019,2714240
350688085541228,2714560
350688124376071,2714880
350688164220186,2715200
350688204966071,2715520
350688245334352,2715840
350688285356644,2716160
350688326278050,2716480
350688365244092,2716800
350688406703415,2717120
350688444433727,2717440
350688484815498,2717760
350688524425498,2718080
350688565214196,2718400
350688605717634,2718720
350688645069665,2719040
350688684786071,2719360
350688725154925,2719680
350688765470863,2720000
350688805029248,2720320
350688843916331,2720640
350688884783363,2720960
350688923826956,2721280
350688964330967,2721600
350689005227008,2721920
350689045651331,2722240
350689085204144,2722560
350689124284196,2722880
350689165886175,2723200
350689204369508,2723520
350689245403206,2723840
350689284571175,2724160
350689325310706,2724480
350689365718102,2724800
350689404722321,2725120
350689444637685,2725440
350689485479196,2725760
350689525409560,2726080
350689565198831,2726400
350689606141539,2726720
350689645146331,2727040
350689693223883,2727360
350689723186644,2727680
350689765063883,2728000
350689806019508,2728320
350689844065446,2728640
350689885968571,2728960
350689924468102,2729280
350689965869560,2729600
350690004977529,2729920
350690049334039,2730240
350690084757008,2730560
350690123729925,2730880
350690168188675,2731200
350690206082477,2731520
350690243827373,2731840
350690287432320,2732160
350690325350810,2732480
350690366761175,2732800
350690405770185,2733120
350690446211227,2733440
350690485489664,2733760
350690525720706,2734080
350690566547737,2734400
350690605658102,2734720
350690645131174,2735040
350690685555966,2735360
350690726025966,2735680
350690766349560,2736000
350690806792268,2736320
350690846167841,2736640
350690885537164,2736960
350690926263987,2737280
350690967387633,2737600
350691006742112,2737920
350691045346591,2738240
350691084825341,2738560
350691124555706,2738880
350691166236383,2739200
350691205543258,2739520
350691244652997,2739840
350691284087320,2740160
350691327789820,2740480
350691365806955,2740800
350691404184299,2741120
350691445932476,2741440
350691485902528,2741760
350691524452945,2742080
350691564292372,2742400
350691606302372,2742720
350691644896174,2743040
350691684840132,2743360
350691725767841,2743680
350691766005445,2744000
350691804795289,2744320
350691844310966,2744640
350691887634611,2744960
350691924360601,2745280
350691966086851,2745600
350692006227164,2745920
350692045887632,2746240
350692085012632,2746560
350692124307580,2746880
350692166442893,2747200
350692205599351,2747520
350692244598257,2747840
350692284624090,2748160
350692325903934,2748480
350692364796851,2748800
350692404759507,2749120
350692445247997,2749440
350692484399351,2749760
350692525542163,2750080
350692567365288,2750400
350692605564611,2750720
350692645343934,2751040
350692684799559,2751360
350692734554142,2751680
350692764839715,2752000
350692804136278,2752320
350692844937632,2752640
350692885538257,2752960
350692924939247,2753280
350692966211278,2753600
350693004642528,2753920
350693044407111,2754240
350693084399715,2754560
350693124889715,2754880
350693163911434,2755200
350693205827528,2755520
350693245375496,2755840
350693285129194,2756160
350693325676173,2756480
350693366626121,2756800
350693405104298,2757120
350693445313465,2757440
350693485690653,2757760
350693525311486,2758080
350693566673569,2758400
350693605301017,2758720
350693645756225,2759040
350693685901225,2759360
350693725265340,2759680
350693765177892,2760000
350693805697736,2760320
350693845086642,2760640
350693887910548,2760960
350693925005652,2761280
350693965193986,2761600
350694005602579,2761920
350694046263204,2762240
350694084636381,2762560
350694124392996,2762880
350694165157006,2763200
350694207458361,2763520
350694245035027,2763840
350694286155652,2764160
350694325212423,2764480
350694364461277,2764800
350694405635600,2765120
350694444714402,2765440
350694485013569,2765760
350694524761225,2766080
350694565070444,2766400
350694605180860,2766720
350694646594819,2767040
350694684254454,2767360
350694728368621,2767680
350694767520235,2768000
350694806567735,2768320
350694845278881,2768640
350694886402475,2768960
350694925003048,2769280
350694966374037,2769600
350695005785704,2769920
350695045426954,2770240
350695085094558,2770560
350695125318464,2770880
350695165609975,2771200
350695205986329,2771520
350695245329766,2771840
350695286588777,2772160
350695325911381,2772480
350695365892162,2772800
350695404508985,2773120
350695445344298,2773440
350695487524871,2773760
350695524646850,2774080
350695564479610,2774400
350695605292995,2774720
350695644682631,2775040
350695685416433,2775360
350695724464870,2775680
350695764139506,2776000
350695804797006,2776320
350695844738100,2776640
350695884036641,2776960
350695924009558,2777280
350695964476954,2777600
350696004741797,2777920
350696045430391,2778240
350696084956485,2778560
350696124206433,2778880
350696164594349,2779200
350696203865756,2779520
350696245586433,2779840
350696283701329,2780160
350696324631537,2780480
350696363968047,2780800
350696405232162,2781120
350696445781901,2781440
350696484992370,2781760
350696524216120,2782080
350696563826485,2782400
350696605840443,2782720
350696646616276,2783040
350696683843099,2783360
350696723709974,2783680
350696764332474,2784000
350696804866537,2784320
350696843999974,2784640
350696883408985,2784960
350696923895547,2785280
350696963332787,2785600
350697004886016,2785920
350697044954245,2786240
350697084721224,2786560
350697124694453,2786880
350697163606901,2787200
350697204240703,2787520
350697243399662,2787840
350697283756172,2788160
350697323394661,2788480
350697365206745,2788800
350697404870078,2789120
350697443693151,2789440
350697485982005,2789760
350697524103099,2790080
350697563693828,2790400
350697603872786,2790720
350697644012838,2791040
350697684002057,2791360
350697724193724,2791680
350697764753984,2792000
350697805152057,2792320
350697844018568,2792640
350697884401693,2792960
350697924238776,2793280
350697964664765,2793600
350698004391484,2793920
350698044558880,2794240
350698084433255,2794560
350698124295911,2794880
350698165198567,2795200
350698204575651,2795520
350698244752213,2795840
350698284569817,2796160
350698324147682,2796480
350698365009817,2796800
350698403849661,2797120
350698444126796,2797440
350698483950546,2797760
350698523875026,2798080
350698564932786,2798400
350698604340911,2798720
350698644342838,2799040
350698684432578,2799360
350698724789921,2799680
350698768595494,2800000
350698804789609,2800320
350698846479557,2800640
350698885237265,2800960
350698925989713,2801280
350698972662057,2801600
350699016578671,2801920
350699061018723,2802240
350699087494817,2802560
350699182809244,2802880
350699183551171,2803200
350699210195130,2803520
350699245289348,2803840
350699286527057,2804160
350699328392265,2804480
350699363351796,2804800
350699405400182,2805120
350699444011327,2805440
350699484357213,2805760
350699524997629,2806080
350699565950494,2806400
350699619755546,2806720
350699644583984,2807040
350699695795754,2807360
350699727428254,2807680
350699764938983,2808000
350699803975286,2808320
350699844249661,2808640
350699884611536,2808960
350699924670077,2809280
350699964516275,2809600
350700004907942,2809920
350700044649713,2810240
350700083541171,2810560
350700124395858,2810880
350700164576900,2811200
350700204901587,2811520
350700245398046,2811840
350700285474556,2812160
350700325777473,2812480
350700365401796,2812800
350700403762525,2813120
350700443636223,2813440
350700483878671,2813760
350700523711692,2814080
350700563479244,2814400
350700603756952,2814720
350700643692160,2815040
350700683888514,2815360
350700724818254,2815680
350700764968775,2816000
350700803185546,2816320
350700843562629,2816640
350700884455025,2816960
350700923491118,2817280
350700965278046,2817600
350701005248879,2817920
350701045110025,2818240
350701084840910,2818560
350701124333045,2818880
350701165055181,2819200
350701205058775,2819520
350701249422941,2819840
350701285107785,2820160
350701324133462,2820480
350701363721118,2820800
350701406355858,2821120
350701448858202,2821440
350701483475806,2821760
350701523849972,2822080
350701565544399,2822400
350701604916535,2822720
350701645115754,2823040
350701684095181,2823360
350701725483410,2823680
350701764282420,2824000
350701804460285,2824320
350701845448410,2824640
350701885920858,2824960
350701926203097,2825280
350701963696639,2825600
350702004389295,2825920
350702044426066,2826240
350702086711274,2826560
350702124353410,2826880
350702164999191,2827200
350702205097160,2827520
350702245031170,2827840
350702286282160,2828160
350702324887003,2828480
350702364814451,2828800
350702405999035,2829120
350702443891014,2829440
350702485597889,2829760
350702525959868,2830080
350702563503878,2830400
350702605619347,2830720
350702643291014,2831040
350702683596587,2831360
350702725347993,2831680
350702764773201,2832000
350702806591066,2832320
350702845018253,2832640
350702885268722,2832960
350702926072889,2833280
350702964910441,2833600
350703005289920,2833920
350703043811482,2834240
350703085233618,2834560
350703125684868,2834880
350703165137836,2835200
350703207548253,2835520
350703245369295,2835840
350703286207524,2836160
350703324706638,2836480
350703363780909,2836800
350703404264763,2837120
350703445808149,2837440
350703484715909,2837760
350703525393617,2838080
350703566183409,2838400
350703605509503,2838720
350703646144294,2839040
350703683943097,2839360
350703724426326,2839680
350703764503357,2840000
350703804741951,2840320
350703845393774,2840640
350703883913774,2840960
350703924196065,2841280
350703963373878,2841600
350704004364815,2841920
350704044221534,2842240
350704085738357,2842560
350704124985701,2842880
350704164472680,2843200
350704204033669,2843520
350704250565128,2843840
350704285053044,2844160
350704325985492,2844480
350704363845075,2844800
350704403351794,2845120
350704444808513,2845440
350704484257575,2845760
350704524607680,2846080
350704563489711,2846400
350704603861221,2846720
350704644318357,2847040
350704684654034,2847360
350704723835388,2847680
350704765718357,2848000
350704804663773,2848320
350704850701794,2848640
350704885110804,2848960
350704925088721,2849280
350704965421325,2849600
350705005509346,2849920
350705045739190,2850240
350705086086377,2850560
350705127762784,2850880
350705165412940,2851200
350705205581586,2851520
350705249447419,2851840
350705284954086,2852160
350705329770440,2852480
350705367689554,2852800
350705407832210,2853120
350705446733669,2853440
350705487488877,2853760
350705526114190,2854080
350705567037210,2854400
350705607880127,2854720
350705644793512,2855040
350705684952158,2855360
350705725526169,2855680
350705764878096,2856000
350705805109190,2856320
350705848450856,2856640
350705884727887,2856960
350705925120596,2857280
350705964808304,2857600
350706004943929,2857920
350706048622991,2858240
350706084735439,2858560
350706125404866,2858880
350706165623929,2859200
350706204980335,2859520
350706248902679,2859840
350706287517523,2860160
350706324084710,2860480
350706365561585,2860800
350706403841273,2861120
350706444533512,2861440
350706484012366,2861760
350706523830543,2862080
350706569268616,2862400
350706612517366,2862720
350706643041845,2863040
350706683932002,2863360
350706724224033,2863680
350706763765439,2864000
350706804315387,2864320
350706844170960,2864640
350706884577731,2864960
350706923818772,2865280
350706963734554,2865600
350707003913877,2865920
350707043592783,2866240
350707085131220,2866560
350707124710543,2866880
350707165345439,2867200
350707206411637,2867520
350707245073408,2867840
350707285553668,2868160
350707326463616,2868480
350707364657314,2868800
350707404999449,2869120
350707448206168,2869440
350707484833043,2869760
350707526131324,2870080
350707565350283,2870400
350707604800543,2870720
350707645487470,2871040
350707686810439,2871360
350707724913199,2871680
350707765718668,2872000
350707809932262,2872320
350707843435543,2872640
350707885115751,2872960
350707925314814,2873280
350707964187991,2873600
350708005341376,2873920
350708045481480,2874240
350708086463251,2874560
350708124109449,2874880
350708164412470,2875200
350708205629241,2875520
350708245222366,2875840
350708284364657,2876160
350708323884866,2876480
350708365414084,2876800
350708403863511,2877120
350708443798772,2877440
350708484551688,2877760
350708523416688,2878080
350708570211741,2878400
350708603363511,2878720
350708645693928,2879040
350708683727365,2879360
350708723278043,2879680
350708763616636,2880000
350708804619970,2880320
350708843913147,2880640
350708884390699,2880960
350708923946011,2881280
350708964377730,2881600
350709005555022,2881920
350709046318772,2882240
350709083375855,2882560
350709126187626,2882880
350709167668511,2883200
350709206769917,2883520
350709246434709,2883840
350709287900855,2884160
350709324295230,2884480
350709365496063,2884800
350709407631688,2885120
350709445157261,2885440
350709486632105,2885760
350709524664240,2886080
350709565139501,2886400
350709605203823,2886720
350709646002521,2887040
350709684058198,2887360
350709724768198,2887680
350709768045230,2888000
350709805749292,2888320
350709845417625,2888640
350709884692938,2888960
350709924258980,2889280
350709968467209,2889600
350710009354709,2889920
350710045532000,2890240
350710084453355,2890560
350710125249605,2890880
350710168355073,2891200
350710205211271,2891520
350710246717261,2891840
350710290061271,2892160
350710326029917,2892480
350710367261011,2892800
350710404782000,2893120
350710445212000,2893440
350710491313667,2893760
350710525255073,2894080
350710568032938,2894400
350710605490177,2894720
350710643830594,2895040
350710690844656,2895360
350710725385438,2895680
350710764535854,2896000
350710805046948,2896320
350710853198094,2896640
350710885639344,2896960
350710924756375,2897280
350710966065646,2897600
350711003791427,2897920
350711044569708,2898240
350711084825594,2898560
350711124572156,2898880
350711165207104,2899200
350711205078823,2899520
350711245319969,2899840
350711287939396,2900160
350711325458562,2900480
350711365040802,2900800
350711404645958,2901120
350711444989083,2901440
350711484341792,2901760
350711525840021,2902080
350711565014448,2902400
350711605241062,2902720
350711644442521,2903040
350711684264031,2903360
350711724643458,2903680
350711764241687,2904000
350711804500646,2904320
350711845480906,2904640
350711885314864,2904960
350711925489396,2905280
350711965348927,2905600
350712008159604,2905920
350712047586479,2906240
350712084194552,2906560
350712124243406,2906880
350712164245125,2907200
350712204819812,2907520
350712244592416,2907840
350712284122208,2908160
350712323466739,2908480
350712365970541,2908800
350712404120333,2909120
350712445373979,2909440
350712484397052,2909760
350712525562885,2910080
350712565262260,2910400
350712604227624,2910720
350712645143614,2911040
350712684743406,2911360
350712724958770,2911680
350712764737468,2912000
350712804535854,2912320
350712844849603,2912640
350712885955489,2912960
350712925122468,2913280
350712964320697,2913600
350713004470072,2913920
350713047745489,2914240
350713085737572,2914560
350713124279916,2914880
350713163943093,2915200
350713204407833,2915520
350713244092728,2915840
350713284243093,2916160
350713324742468,2916480
350713364620020,2916800
350713404338666,2917120
350713447559135,2917440
350713484480957,2917760
350713524623718,2918080
350713564821582,2918400
350713604493978,2918720
350713644253353,2919040
350713685636270,2919360
350713724315541,2919680
350713764919499,2920000
350713805236114,2920320
350713844383770,2920640
350713884171009,2920960
350713924321634,2921280
350713965474030,2921600
350714004237572,2921920
350714044121426,2922240
350714084570645,2922560
350714124759551,2922880
350714164520072,2923200
350714206089134,2923520
350714244314238,2923840
350714287820020,2924160
350714327722520,2924480
350714364793874,2924800
350714404856634,2925120
350714444333405,2925440
350714485043040,2925760
350714525127259,2926080
350714564215280,2926400
350714605413353,2926720
350714646773509,2927040
350714685198197,2927360
350714724270019,2927680
350714765390905,2928000
350714804229238,2928320
350714848398144,2928640
350714886532988,2928960
350714924984603,2929280
350714966129655,2929600
350715005423457,2929920
350715044721946,2930240
350715085486113,2930560
350715125408196,2930880
350715166178248,2931200
350715209950280,2931520
350715244107311,2931840
350715286188300,2932160
350715324901269,2932480
350715364435592,2932800
350715404536738,2933120
350715444601269,2933440
350715484378248,2933760
350715524389759,2934080
350715564922102,2934400
350715605246113,2934720
350715644537155,2935040
350715684536894,2935360
350715724829446,2935680
350715764762259,2936000
350715804529134,2936320
350715845421738,2936640
350715885501269,2936960
350715925531373,2937280
350715964422467,2937600
350716005267571,2937920
350716045856686,2938240
350716084969498,2938560
350716124523613,2938880
350716164474290,2939200
350716205458040,2939520
350716244354394,2939840
350716285390436,2940160
350716325824654,2940480
350716364275383,2940800
350716403944550,2941120
350716444421008,2941440
350716485715800,2941760
350716524316790,2942080
350716564549133,2942400
350716604938352,2942720
350716645774237,2943040
350716684909967,2943360
350716725293404,2943680
350716764704602,2944000
350716804984654,2944320
350716844499029,2944640
350716883617623,2944960
350716924571008,2945280
350716964647571,2945600
350717005115748,2945920
350717047513300,2946240
350717084689706,2946560
350717125335956,2946880
350717164506894,2947200
350717204668248,2947520
350717244326164,2947840
350717285318300,2948160
350717324435591,2948480
350717364521060,2948800
350717404504289,2949120
350717444497258,2949440
350717485816737,2949760
350717525109602,2950080
350717565148091,2950400
350717604352362,2950720
350717644425175,2951040
350717684765070,2951360
350717724226893,2951680
350717764746268,2952000
350717804446216,2952320
350717843562987,2952640
350717884086477,2952960
350717923434602,2953280
350717963813612,2953600
350718005254654,2953920
350718044451581,2954240
350718084944862,2954560
350718125626424,2954880
350718165697206,2955200
350718204447518,2955520
350718244716997,2955840
350718285563247,2956160
350718325063403,2956480
350718364446320,2956800
350718404255226,2957120
350718448973351,2957440
350718484170695,2957760
350718524443768,2958080
350718567585122,2958400
350718605297101,2958720
350718646351737,2959040
350718684350643,2959360
350718724851580,2959680
350718767511632,2960000
350718810977935,2960320
350718844661424,2960640
350718888119393,2960960
350718927834132,2961280
350718966127518,2961600
350719007323091,2961920
350719044804497,2962240
350719088088507,2962560
350719126577257,2962880
350719164097934,2963200
350719210836580,2963520
350719246701841,2963840
350719287075695,2964160
350719325959966,2964480
350719365173351,2964800
350719403726736,2965120
350719444947622,2965440
350719487690018,2965760
350719525021476,2966080
350719565224080,2966400
350719605497570,2966720
350719649659965,2967040
350719689845122,2967360
350719725011476,2967680
350719766043143,2968000
350719805281840,2968320
350719844884757,2968640
350719884174340,2968960
350719924705017,2969280
350719965202726,2969600
350720012539549,2969920
350720049250174,2970240
350720092892674,2970560
350720124481944,2970880
350720164494653,2971200
350720208018715,2971520
350720246451788,2971840
350720284953715,2972160
350720326365590,2972480
350720364882830,2972800
350720405494861,2973120
350720445335434,2973440
350720486872309,2973760
350720524933819,2974080
350720565470382,2974400
350720604178663,2974720
350720645099496,2975040
350720684562361,2975360
350720724834444,2975680
350720765424548,2976000
350720804196892,2976320
350720844609600,2976640
350720884481736,2976960
350720925768715,2977280
350720964696527,2977600
350721004754080,2977920
350721045849184,2978240
350721084226423,2978560
350721125069392,2978880
350721164808507,2979200
350721204181736,2979520
350721244512621,2979840
350721284830173,2980160
350721325842673,2980480
350721364399704,2980800
350721404091059,2981120
350721444071944,2981440
350721484736111,2981760
350721524601840,2982080
350721565352517,2982400
350721604067517,2982720
350721644590798,2983040
350721684218663,2983360
350721724761215,2983680
350721764732152,2984000
350721803922725,2984320
350721844774444,2984640
350721884938819,2984960
350721924549756,2985280
350721964670590,2985600
350722004431840,2985920
350722045430329,2986240
350722084934027,2986560
350722126441423,2986880
350722164680850,2987200
350722205109704,2987520
350722244957256,2987840
350722285012933,2988160
350722325355433,2988480
350722365067464,2988800
350722404805850,2989120
350722444206787,2989440
350722485246527,2989760
350722525525381,2990080
350722564790173,2990400
350722604858819,2990720
350722644099860,2991040
350722685581735,2991360
350722725513246,2991680
350722764852985,2992000
350722804659652,2992320
350722844783662,2992640
350722884395120,2992960
350722923381006,2993280
350722964570641,2993600
350723004899495,2993920
350723044317933,2994240
350723084026475,2994560
350723125083297,2994880
350723163806370,2995200
350723204468870,2995520
350723245288558,2995840
350723283879235,2996160
350723324216058,2996480
350723364653870,2996800
350723405325902,2997120
350723445537568,2997440
350723484050589,2997760
350723524334339,2998080
350723564721891,2998400
350723604598506,2998720
350723644890693,2999040
350723684436214,2999360
350723724181995,2999680
350723764647672,3000000
350723806747516,3000320
350723844547256,3000640
350723883904443,3000960
350723924778506,3001280
350723964336578,3001600
350724005024391,3001920
350724044277047,3002240
350724084860589,3002560
350724124791110,3002880
350724164419599,3003200
350724204871839,3003520
350724244947099,3003840
350724284507360,3004160
350724325151318,3004480
350724364687047,3004800
350724404687412,3005120
350724445297464,3005440
350724484907203,3005760
350724524889547,3006080
350724564242359,3006400
350724605074547,3006720
350724645449078,3007040
350724683976682,3007360
350724724416526,3007680
350724764574234,3008000
350724805465120,3008320
350724844562411,3008640
350724884629547,3008960
350724924634495,3009280
350724964548141,3009600
350725005095276,3009920
350725045398088,3010240
350725084637620,3010560
350725124567255,3010880
350725164591786,3011200
350725205869338,3011520
350725245011422,3011840
350725284322151,3012160
350725325380120,3012480
350725364797099,3012800
350725405054963,3013120
350725443887099,3013440
350725484917359,3013760
350725525123453,3014080
350725564630849,3014400
350725606600744,3014720
350725644571786,3015040
350725684488765,3015360
350725724831734,3015680
350725766116474,3016000
350725806324026,3016320
350725844561005,3016640
350725884963557,3016960
350725924531005,3017280
350725964898244,3017600
350726005939859,3017920
350726044524026,3018240
350726084292411,3018560
350726124995953,3018880
350726165738557,3019200
350726204219130,3019520
350726244575171,3019840
350726284760536,3020160
350726324855953,3020480
350726365681161,3020800
350726405791734,3021120
350726444629286,3021440
350726483879546,3021760
350726524767411,3022080
350726564818661,3022400
350726606929129,3022720
350726644522827,3023040
350726684356161,3023360
350726724451629,3023680
350726766069390,3024000
350726805152463,3024320
350726844771421,3024640
350726884897098,3024960
350726924355692,3025280
350726964694806,3025600
350727004639025,3025920
350727044672879,3026240
350727084410536,3026560
350727124529338,3026880
350727164731421,3027200
350727204803504,3027520
350727243926108,3027840
350727284460952,3028160
350727325899442,3028480
350727364292983,3028800
350727404352254,3029120
350727444461629,3029440
350727484435171,3029760
350727524677254,3030080
350727565489754,3030400
350727604713712,3030720
350727643842931,3031040
350727684275379,3031360
350727724407983,3031680
350727763840275,3032000
350727805215171,3032320
350727844817150,3032640
350727884609285,3032960
350727924086525,3033280
350727965037046,3033600
350728004580848,3033920
350728044282827,3034240
350728084219962,3034560
350728125044910,3034880
350728165643243,3035200
350728203938608,3035520
350728244840900,3035840
350728284403921,3036160
350728324557983,3036480
350728364326681,3036800
350728404479129,3037120
350728444724441,3037440
350728483940223,3037760
350728526208087,3038080
350728564627045,3038400
350728604227254,3038720
350728644321785,3039040
350728684442618,3039360
350728725170691,3039680
350728764050014,3040000
350728804599181,3040320
350728844805952,3040640
350728884870327,3040960
350728924465587,3041280
350728963346316,3041600
350729003198295,3041920
350729044031629,3042240
350729084386941,3042560
350729123995170,3042880
350729164828764,3043200
350729203522201,3043520
350729244842358,3043840
350729290958347,3044160
350729329501785,3044480
350729368210743,3044800
350729406682826,3045120
350729444565170,3045440
350729484674545,3045760
350729525020014,3046080
350729564097774,3046400
350729607812774,3046720
350729649798607,3047040
350729684943764,3047360
350729727965222,3047680
350729764855170,3048000
350729804773243,3048320
350729845579180,3048640
350729884734962,3048960
350729924816837,3049280
350729964809805,3049600
350730004472930,3049920
350730047942462,3050240
350730084780118,3050560
350730124842826,3050880
350730167995899,3051200
350730204783191,3051520
350730248210691,3051840
350730288353972,3052160
350730326798347,3052480
350730363949180,3052800
350730404291263,3053120
350730445097357,3053440
350730484848503,3053760
350730523698555,3054080
350730564501263,3054400
350730604758711,3054720
350730644821107,3055040
350730684586680,3055360
350730724529909,3055680
350730763890534,3056000
350730803896472,3056320
350730844674649,3056640
350730885103086,3056960
350730924052826,3057280
350730964268190,3057600
350731004277201,3057920
350731045278399,3058240
350731085585951,3058560
350731124280742,3058880
350731164494076,3059200
350731204429701,3059520
350731244591419,3059840
350731285878034,3060160
350731324069596,3060480
350731364857826,3060800
350731404877148,3061120
350731445242826,3061440
350731483821992,3061760
350731524885898,3062080
350731564016888,3062400
350731605379388,3062720
350731644855534,3063040
350731685108242,3063360
350731723993711,3063680
350731763839961,3064000
350731804080065,3064320
350731845504752,3064640
350731883727669,3064960
350731924001575,3065280
350731964124127,3065600
350732003937825,3065920
350732045252357,3066240
350732085401419,3066560
350732128290846,3066880
350732164520429,3067200
350732204486419,3067520
350732245224284,3067840
350732284351992,3068160
350732324085742,3068480
350732363727617,3068800
350732405274909,3069120
350732445233502,3069440
350732484229231,3069760
350732524540325,3070080
350732563920533,3070400
350732604123919,3070720
350732644879804,3071040
350732683750742,3071360
350732723765794,3071680
350732765134960,3072000
350732804186367,3072320
350732844375585,3072640
350732883776679,3072960
350732923992929,3073280
350732964734127,3073600
350733004668606,3073920
350733044325221,3074240
350733084245325,3074560
350733124289596,3074880
350733164042877,3075200
350733203819700,3075520
350733244602096,3075840
350733287539283,3076160
350733324089960,3076480
350733363909023,3076800
350733404138710,3077120
350733445442721,3077440
350733484665950,3077760
350733524864700,3078080
350733563670481,3078400
350733604421939,3078720
350733644601418,3079040
350733684371783,3079360
350733724198502,3079680
350733764011366,3080000
350733805052564,3080320
350733844684387,3080640
350733885196939,3080960
350733924747616,3081280
350733964141783,3081600
350734005460637,3081920
350734045754752,3082240
350734085124335,3082560
350734124436106,3082880
350734164610637,3083200
350734204429075,3083520
350734244161731,3083840
350734285479335,3084160
350734327853918,3084480
350734365450324,3084800
350734405603606,3085120
350734444687356,3085440
350734484643501,3085760
350734527610272,3086080
350734564560637,3086400
350734604868658,3086720
350734643994543,3087040
350734685011366,3087360
350734727777876,3087680
350734764677147,3088000
350734804581522,3088320
350734845186626,3088640
350734884876887,3088960
350734924743241,3089280
350734965080272,3089600
350735004581210,3089920
350735044906314,3090240
350735085714647,3090560
350735124895689,3090880
350735165298085,3091200
350735206998866,3091520
350735250649699,3091840
350735284492460,3092160
350735324987043,3092480
350735366234126,3092800
350735405477043,3093120
350735444922824,3093440
350735484842459,3093760
350735525320689,3094080
350735565468605,3094400
350735605056366,3094720
350735648253032,3095040
350735687059647,3095360
350735724722199,3095680
350735764438501,3096000
350735805678761,3096320
350735844524022,3096640
350735886084803,3096960
350735926042407,3097280
350735966741001,3097600
350736005060897,3097920
350736044867147,3098240
350736087254803,3098560
350736125247407,3098880
350736165178136,3099200
350736206793761,3099520
350736244439490,3099840
350736284979334,3100160
350736326545688,3100480
350736367423970,3100800
350736404098501,3101120
350736447486157,3101440
350736484767199,3101760
350736526282928,3102080
350736564722772,3102400
350736605948032,3102720
350736645623136,3103040
350736687248761,3103360
350736725235792,3103680
350736766128657,3104000
350736805896105,3104320
350736844774959,3104640
350736884873448,3104960
350736925368553,3105280
350736967369542,3105600
350737010623240,3105920
350737044560271,3106240
350737084130896,3106560
350737125210271,3106880
350737164641053,3107200
350737204593448,3107520
350737243906521,3107840
350737287672875,3108160
350737324685792,3108480
350737363764646,3108800
350737404455532,3109120
350737444891625,3109440
350737484906782,3109760
350737524426313,3110080
350737565222459,3110400
350737604964125,3110720
350737647482407,3111040
350737684457667,3111360
350737725478031,3111680
350737766789802,3112000
350737805652771,3112320
350737846138344,3112640
350737884977406,3112960
350737926604750,3113280
350737965176365,3113600
350738006451365,3113920
350738045125688,3114240
350738086442354,3114560
350738124549125,3114880
350738165039854,3115200
350738204799229,3115520
350738245826625,3115840
350738285451104,3116160
350738324185583,3116480
350738364301000,3116800
350738404017042,3117120
350738444348760,3117440
350738484573344,3117760
350738524298500,3118080
350738564216729,3118400
350738604549229,3118720
350738644502614,3119040
350738686002614,3119360
350738724268083,3119680
350738763790948,3120000
350738810571573,3120320
350738845425635,3120640
350738888379125,3120960
350738923484698,3121280
350738964068552,3121600
350739003894125,3121920
350739044273187,3122240
350739084363135,3122560
350739129716104,3122880
350739164253760,3123200
350739204216468,3123520
350739244788343,3123840
350739284946885,3124160
350739323647614,3124480
350739363694906,3124800
350739405119645,3125120
350739447965479,3125440
350739483890687,3125760
350739523771364,3126080
350739563932145,3126400
350739605142875,3126720
350739644490843,3127040
350739683759645,3127360
350739723635895,3127680
350739763887562,3128000
350739803961468,3128320
350739844480374,3128640
350739883490062,3128960
350739923554958,3129280
350739964035426,3129600
350740004386520,3129920
350740044351885,3130240
350740083968395,3130560
350740123540687,3130880
350740164117926,3131200
350740204065947,3131520
350740244730114,3131840
350740283485739,3132160
350740323468968,3132480
350740363775739,3132800
350740404750791,3133120
350740446508655,3133440
350740484118030,3133760
350740523712510,3134080
350740563528082,3134400
350740604997770,3134720
350740643946572,3135040
350740683862353,3135360
350740723519853,3135680
350740763581207,3136000
350740804290270,3136320
350740850971676,3136640
350740883540791,3136960
350740923962145,3137280
350740963808551,3137600
350741004642926,3137920
350741044546989,3138240
350741083623916,3138560
350741124167614,3138880
350741164379436,3139200
350741204699124,3139520
350741244023082,3139840
350741284578968,3140160
350741324865374,3140480
350741364309957,3140800
350741405360999,3141120
350741444688447,3141440
350741484868707,3141760
350741524440738,3142080
350741563705738,3142400
350741604048238,3142720
350741643837978,3143040
350741684441624,3143360
350741727510738,3143680
350741763536363,3144000
350741803945113,3144320
350741843548759,3144640
350741883627769,3144960
350741923633915,3145280
350741963238863,3145600
350742004444905,3145920
350742044361936,3146240
350742084160217,3146560
350742124726467,3146880
350742167156051,3147200
350742205905374,3147520
350742245347196,3147840
350742283613759,3148160
350742324354801,3148480
350742364729696,3148800
350742404444957,3149120
350742444715894,3149440
350742483756519,3149760
350742525590478,3150080
350742565056415,3150400
350742603440582,3150720
350742643761936,3151040
350742683858186,3151360
350742724588082,3151680
350742764635009,3152000
350742803570738,3152320
350742845239280,3152640
350742884495894,3152960
350742924731102,3153280
350742963904696,3153600
350743004678707,3153920
350743045977717,3154240
350743083759332,3154560
350743125003290,3154880
350743166158654,3155200
350743204270529,3155520
350743244117769,3155840
350743283944279,3156160
350743324907092,3156480
350743365444956,3156800
350743403152561,3157120
350743443870269,3157440
350743487491415,3157760
350743525480269,3158080
350743564106779,3158400
350743603433967,3158720
350743643639540,3159040
350743683834331,3159360
350743730282977,3159680
350743764257404,3160000
350743804285894,3160320
350743843944696,3160640
350743883480946,3160960
350743925148967,3161280
350743963525269,3161600
350744003711415,3161920
350744043691675,3162240
350744083979539,3162560
350744124303862,3162880
350744164727144,3163200
350744205123550,3163520
350744244526623,3163840
350744284875633,3164160
350744324988029,3164480
350744364757560,3164800
350744407877456,3165120
350744444787352,3165440
350744485241883,3165760
350744526315008,3166080
350744563833602,3166400
350744604686779,3166720
350744644719123,3167040
350744684687300,3167360
350744724818081,3167680
350744765066779,3168000
350744805660268,3168320
350744843688237,3168640
350744884960789,3168960
350744925293393,3169280
350744964996050,3169600
350745004605789,3169920
350745044071102,3170240
350745084226570,3170560
350745124912768,3170880
350745164576466,3171200
350745204641674,3171520
350745245035320,3171840
350745284974904,3172160
350745325657143,3172480
350745364605216,3172800
350745404672560,3173120
350745444925424,3173440
350745485727768,3173760
350745524754539,3174080
350745563562560,3174400
350745605090476,3174720
350745644575893,3175040
350745684937560,3175360
350745724204435,3175680
350745764775945,3176000
350745804582039,3176320
350745844609851,3176640
350745884889851,3176960
350745925660685,3177280
350745964079070,3177600
350746004620580,3177920
350746044413028,3178240
350746084488237,3178560
350746123689851,3178880
350746167539955,3179200
350746204464851,3179520
350746244753445,3179840
350746284193445,3180160
350746323335112,3180480
350746363953289,3180800
350746405598237,3181120
350746443472091,3181440
350746484648184,3181760
350746523727820,3182080
350746563994747,3182400
350746604209434,3182720
350746648441101,3183040
350746689419851,3183360
350746736505684,3183680
350746766978705,3184000
350746804288497,3184320
350746845538341,3184640
350746886190476,3184960
350746923533080,3185280
350746963533393,3185600
350747004201570,3185920
350747044355580,3186240
350747083293653,3186560
350747123555528,3186880
350747163797299,3187200
350747203552663,3187520
350747244187351,3187840
350747283446049,3188160
350747323231517,3188480
350747372669278,3188800
350747404736726,3189120
350747445055840,3189440
350747486543080,3189760
350747524043913,3190080
350747565649486,3190400
350747604605163,3190720
350747645154226,3191040
350747684074590,3191360
350747723828809,3191680
350747764091830,3192000
350747804014694,3192320
350747844571101,3192640
350747883469798,3192960
350747923935163,3193280
350747966624173,3193600
350748006986882,3193920
350748050305059,3194240
350748086659850,3194560
350748124392350,3194880
350748168679538,3195200
350748205515111,3195520
350748246925736,3195840
350748285092142,3196160
350748324950996,3196480
350748365087142,3196800
350748404913757,3197120
350748446735059,3197440
350748484847663,3197760
350748524872038,3198080
350748564814069,3198400
350748605517038,3198720
350748644840736,3199040
350748685079746,3199360
350748724533288,3199680
350748764326048,3200000
350748804189225,3200320
350748844718444,3200640
350748884699069,3200960
350748925024225,3201280
350748964598392,3201600
350749003937975,3201920
350749044571413,3202240
350749084642246,3202560
350749124021048,3202880
350749164262142,3203200
350749204695423,3203520
350749244727194,3203840
350749284398392,3204160
350749323923912,3204480
350749364783496,3204800
350749403542558,3205120
350749444650944,3205440
350749484858131,3205760
350749524399381,3206080
350749564794173,3206400
350749604634277,3206720
350749644599694,3207040
350749686647558,3207360
350749728100787,3207680
350749763981048,3208000
350749805266569,3208320
350749845117141,3208640
350749885440319,3208960
350749925123183,3209280
350749964783756,3209600
350750004741516,3209920
350750045843339,3210240
350750089247506,3210560
350750128020579,3210880
350750164340162,3211200
350750204127141,3211520
350750243839225,3211840
350750283305318,3212160
350750324181620,3212480
350750365915735,3212800
350750405613704,3213120
350750444486777,3213440
350750484941204,3213760
350750525582975,3214080
350750565111881,3214400
350750605813756,3214720
350750645745006,3215040
350750684730839,3215360
350750724591099,3215680
350750765781933,3216000
350750805707610,3216320
350750849863235,3216640
350750884305526,3216960
350750926686360,3217280
350750967252610,3217600
350751005483131,3217920
350751046106047,3218240
350751087774745,3218560
350751125680006,3218880
350751166583495,3219200
350751205520110,3219520
350751245793131,3219840
350751286432089,3220160
350751326122505,3220480
350751368649537,3220800
350751407657922,3221120
350751445201255,3221440
350751485595578,3221760
350751524916672,3222080
350751566866464,3222400
350751605719797,3222720
350751644363547,3223040
350751684678339,3223360
350751724500370,3223680
350751764785005,3224000
350751804003495,3224320
350751843687505,3224640
350751883706047,3224960
350751926089901,3225280
350751964110786,3225600
350752004176255,3225920
350752045984016,3226240
350752084907661,3226560
350752124571932,3226880
350752163824432,3227200
350752205972036,3227520
350752246498651,3227840
350752286971828,3228160
350752325111880,3228480
350752365123338,3228800
350752406610005,3229120
350752444274484,3229440
350752486233078,3229760
350752525571047,3230080
350752566584120,3230400
350752605518495,3230720
350752645758338,3231040
350752685820005,3231360
350752727982453,3231680
350752765859953,3232000
350752807012349,3232320
350752845191359,3232640
350752885495005,3232960
350752925035838,3233280
350752965913338,3233600
350753004764224,3233920
350753047547505,3234240
350753085427921,3234560
350753124281411,3234880
350753165538911,3235200
350753205302974,3235520
350753244679848,3235840
350753283861307,3236160
350753330913182,3236480
350753364672296,3236800
350753405434848,3237120
350753445051828,3237440
350753487004848,3237760
350753524774796,3238080
350753565553859,3238400
350753606276880,3238720
350753646733078,3239040
350753686712713,3239360
350753723965525,3239680
350753764117973,3240000
350753804467400,3240320
350753844414692,3240640
350753883675265,3240960
350753924615317,3241280
350753965757817,3241600
350754006918807,3241920
350754044834327,3242240
350754085479848,3242560
350754125015786,3242880
350754166272713,3243200
350754204723598,3243520
350754244461098,3243840
350754285354536,3244160
350754325337556,3244480
350754366408390,3244800
350754406370265,3245120
350754446138963,3245440
350754485495525,3245760
350754525416827,3246080
350754564417817,3246400
350754606677400,3246720
350754645260265,3247040
350754684565577,3247360
350754725604796,3247680
350754764964067,3248000
350754805607973,3248320
350754845038337,3248640
350754885232817,3248960
350754927659744,3249280
350754965668025,3249600
350755005326306,3249920
350755046156202,3250240
350755085299692,3250560
350755124886827,3250880
350755164627660,3251200
350755205153389,3251520
350755245423025,3251840
350755285640421,3252160
350755326752608,3252480
350755366470785,3252800
350755405227660,3253120
350755445409691,3253440
350755484310785,3253760
350755524026150,3254080
350755567671358,3254400
350755605275577,3254720
350755646704483,3255040
350755686798754,3255360
350755726635681,3255680
350755765841150,3256000
350755804685577,3256320
350755849971254,3256640
350755884653233,3256960
350755924481045,3257280
350755968385056,3257600
350756006006931,3257920
350756050014170,3258240
350756086654483,3258560
350756124737295,3258880
350756167738337,3259200
350756204884327,3259520
350756246041254,3259840
350756284265472,3260160
350756329115056,3260480
350756369259066,3260800
350756405399691,3261120
350756445627764,3261440
350756488713754,3261760
350756524936983,3262080
350756563940576,3262400
350756606450837,3262720
350756644666670,3263040
350756685690733,3263360
350756725040576,3263680
350756765410524,3264000
350756809709118,3264320
350756845416358,3264640
350756885008285,3264960
350756925439483,3265280
350756967419639,3265600
350757008578128,3265920
350757045970785,3266240
350757088703649,3266560
350757125521722,3266880
350757164190524,3267200
350757204919326,3267520
350757246926670,3267840
350757286189639,3268160
350757329737399,3268480
350757366011878,3268800
350757405779639,3269120
350757446760941,3269440
350757486974066,3269760
350757525466722,3270080
350757565529795,3270400
350757606775316,3270720
350757645084430,3271040
350757684371045,3271360
350757724695107,3271680
350757765494430,3272000
350757807897868,3272320
350757846983701,3272640
350757885839222,3272960
350757925906201,3273280
350757965761878,3273600
350758006634222,3273920
350758051877920,3274240
350758085424534,3274560
350758126271253,3274880
350758166974899,3275200
350758204326253,3275520
350758244299586,3275840
350758285536826,3276160
350758326019169,3276480
350758365516982,3276800
350758405620784,3277120
350758450027034,3277440
350758485313701,3277760
350758527408024,3278080
350758565486565,3278400
350758606164534,3278720
350758647630367,3279040
350758685171617,3279360
350758726186721,3279680
350758765419273,3280000
350758806432451,3280320
350758847834065,3280640
350758885069378,3280960
350758924929846,3281280
350758964010680,3281600
350759005145732,3281920
350759045696305,3282240
350759089831878,3282560
350759125787502,3282880
350759165644846,3283200
350759206086982,3283520
350759245495107,3283840
350759287916461,3284160
350759327698857,3284480
350759364056409,3284800
350759405977190,3285120
350759450422919,3285440
350759487050627,3285760
350759526427659,3286080
350759566812606,3286400
350759605441877,3286720
350759646569273,3287040
350759686515575,3287360
350759725117502,3287680
350759764764846,3288000
350759805491773,3288320
350759846357346,3288640
350759886161565,3288960
350759924612867,3289280
350759966422554,3289600
350760009911825,3289920
350760046564638,3290240
350760086191565,3290560
350760124580679,3290880
350760165611148,3291200
350760205243335,3291520
350760247832762,3291840
350760285376981,3292160
350760325176356,3292480
350760366899637,3292800
350760407737294,3293120
350760448154429,3293440
350760490765992,3293760
350760524992971,3294080
350760566381200,3294400
350760605169273,3294720
350760646035731,3295040
350760689270314,3295360
350760725889585,3295680
350760765245314,3296000
350760805338283,3296320
350760845234377,3296640
350760885962502,3296960
350760928807554,3297280
350760967718023,3297600
350761009807398,3297920
350761044459689,3298240
350761089722293,3298560
350761124371095,3298880
350761170462554,3299200
350761205983960,3299520
350761248146877,3299840
350761286045523,3300160
350761324550470,3300480
350761366719272,3300800
350761405063127,3301120
350761449466043,3301440
350761485185470,3301760
350761525163387,3302080
350761566033856,3302400
350761605144064,3302720
350761645579637,3303040
350761686134845,3303360
350761725488231,3303680
350761764475054,3304000
350761804842658,3304320
350761845164689,3304640
350761883950731,3304960
350761926028022,3305280
350761965526043,3305600
350762006849324,3305920
350762047844481,3306240
350762089847293,3306560
350762124958595,3306880
350762166757293,3307200
350762204756720,3307520
350762244494272,3307840
350762287680939,3308160
350762326840053,3308480
350762365273387,3308800
350762409923074,3309120
350762444861876,3309440
350762483928960,3309760
350762526380314,3310080
350762566067293,3310400
350762605359689,3310720
350762644880105,3311040
350762684942032,3311360
350762727389376,3311680
350762764247657,3312000
350762808163074,3312320
350762844842605,3312640
350762885226720,3312960
350762927412866,3313280
350762966313074,3313600
350763006050886,3313920
350763049950678,3314240
350763086157657,3314560
350763126438074,3314880
350763168089532,3315200
350763205681199,3315520
350763245858647,3315840
350763288377501,3316160
350763325445261,3316480
350763365187605,3316800
350763405114845,3317120
350763448871511,3317440
350763488561668,3317760
350763524886511,3318080
350763569312397,3318400
350763604288699,3318720
350763647463126,3319040
350763687529272,3319360
350763730008594,3319680
350763765533803,3320000
350763808420990,3320320
350763850565886,3320640
350763889674792,3320960
350763924569584,3321280
350763965321511,3321600
350764007633542,3321920
350764050515365,3322240
350764088534896,3322560
350764124019011,3322880
350764167048490,3323200
350764204465157,3323520
350764246343334,3323840
350764287616042,3324160
350764325762240,3324480
350764367431094,3324800
350764409477188,3325120
350764445106667,3325440
350764484131355,3325760
350764524790157,3326080
350764566350938,3326400
350764606822552,3326720
350764647538021,3327040
350764689366563,3327360
350764725411198,3327680
350764765129167,3328000
350764807520834,3328320
350764849886927,3328640
350764886997813,3328960
350764927446354,3329280
350764965700104,3329600
350765005189740,3329920
350765043369375,3330240
350765084057084,3330560
350765124458750,3330880
350765164242084,3331200
350765203530000,3331520
350765244628490,3331840
350765284042604,3332160
350765324060729,3332480
350765366836250,3332800
350765404305469,3333120
350765444995521,3333440
350765486159635,3333760
350765524530938,3334080
350765564549844,3334400
350765605953125,3334720
350765647589010,3335040
350765685318229,3335360
350765726111042,3335680
350765766002708,3336000
350765806252604,3336320
350765848705521,3336640
350765886079792,3336960
350765929394844,3337280
350765965086510,3337600
350766004199792,3337920
350766044423073,3338240
350766085354114,3338560
350766125465416,3338880
350766164896354,3339200
350766204264896,3339520
350766247580677,3339840
350766284627760,3340160
350766328056094,3340480
350766365984583,3340800
350766410900573,3341120
350766444639166,3341440
350766486947604,3341760
350766525277864,3342080
350766564809166,3342400
350766607493698,3342720
350766645640625,3343040
350766686345052,3343360
350766725227239,3343680
350766765108333,3344000
350766805208125,3344320
350766846572500,3344640
350766885279010,3344960
350766926378333,3345280
350766967883750,3345600
350767008596822,3345920
350767045325416,3346240
350767085782291,3346560
350767124888593,3346880
350767166877552,3347200
350767204806822,3347520
350767249811354,3347840
350767285829374,3348160
350767326581093,3348480
350767367003749,3348800
350767404582864,3349120
350767445638437,3349440
350767484681510,3349760
350767526452812,3350080
350767566124114,3350400
350767604636978,3350720
350767646582343,3351040
350767686556249,3351360
350767727951197,3351680
350767766216301,3352000
350767805661770,3352320
350767845937603,3352640
350767886490260,3352960
350767924463853,3353280
350767965494947,3353600
350768005416562,3353920
350768049301510,3354240
350768086367655,3354560
350768126965624,3354880
350768167282499,3355200
350768205642551,3355520
350768245466770,3355840
350768287545989,3356160
350768330999166,3356480
350768365255311,3356800
350768407367916,3357120
350768446089843,3357440
350768490951249,3357760
350768525107395,3358080
350768566947655,3358400
350768604721353,3358720
350768648759582,3359040
350768687892030,3359360
350768725997759,3359680
350768765461613,3360000
350768810094738,3360320
350768849720468,3360640
350768885412030,3360960
350768924711874,3361280
350768965278853,3361600
350769012191717,3361920
350769044448488,3362240
350769085011613,3362560
350769125342499,3362880
350769168647915,3363200
350769208968072,3363520
350769245465624,3363840
350769289933749,3364160
350769326091092,3364480
350769369626874,3364800
350769406198696,3365120
350769444506249,3365440
350769486039530,3365760
350769527066249,3366080
350769569686509,3366400
350769604293019,3366720
350769645791040,3367040
350769685560259,3367360
350769725463540,3367680
350769767048332,3368000
350769807006144,3368320
350769846238540,3368640
350769884865728,3368960
350769924453123,3369280
350769966520259,3369600
350770004601561,3369920
350770045552134,3370240
350770086070207,3370560
350770125860727,3370880
350770165536561,3371200
350770205377238,3371520
350770249802967,3371840
350770287608696,3372160
350770327562498,3372480
350770366194425,3372800
350770409151665,3373120
350770446303019,3373440
350770484416613,3373760
350770525541352,3374080
350770564717238,3374400
350770606966404,3374720
350770643936821,3375040
350770684711509,3375360
350770724545519,3375680
350770764497602,3376000
350770807671665,3376320
350770844253852,3376640
350770884411821,3376960
350770924756248,3377280
350770967005571,3377600
350771004878435,3377920
350771045195883,3378240
350771085609633,3378560
350771125466144,3378880
350771165898175,3379200
350771203619946,3379520
350771243721612,3379840
350771285041300,3380160
350771324632498,3380480
350771365160310,3380800
350771405386612,3381120
350771444490258,3381440
350771485138592,3381760
350771526079112,3382080
350771565735623,3382400
350771604181977,3382720
350771643683956,3383040
350771685548956,3383360
350771724662654,3383680
350771764251925,3384000
350771804541456,3384320
350771844231873,3384640
350771885496977,3384960
350771923976091,3385280
350771968109789,3385600
350772005218643,3385920
350772047657081,3386240
350772086235883,3386560
350772124650570,3386880
350772167431404,3387200
350772204840883,3387520
350772245969789,3387840
350772286086508,3388160
350772327686091,3388480
350772367073435,3388800
350772404348175,3389120
350772448671195,3389440
350772490786091,3389760
350772527075779,3390080
350772566995206,3390400
350772604759997,3390720
350772646092914,3391040
350772685812862,3391360
350772726413070,3391680
350772764425310,3392000
350772810189268,3392320
350772847869893,3392640
350772889009060,3392960
350772924672185,3393280
350772966181351,3393600
350773006754633,3393920
350773045740518,3394240
350773084486351,3394560
350773124597914,3394880
350773169626612,3395200
350773206575101,3395520
350773249277966,3395840
350773284552289,3396160
350773326136507,3396480
350773369572653,3396800
350773404277341,3397120
350773444522289,3397440
350773486643278,3397760
350773526240257,3398080
350773567194737,3398400
350773604876143,3398720
350773644934164,3399040
350773689161455,3399360
350773724580778,3399680
350773765517966,3400000
350773806028539,3400320
350773845099476,3400640
350773887876403,3400960
350773925301143,3401280
350773965601299,3401600
350774007660570,3401920
350774046152757,3402240
350774085742080,3402560
350774124570518,3402880
350774166987236,3403200
350774204438330,3403520
350774249589111,3403840
350774285062497,3404160
350774325124424,3404480
350774365603643,3404800
350774406973590,3405120
350774447004997,3405440
350774492250517,3405760
350774527064163,3406080
350774565269632,3406400
350774606935778,3406720
350774644275934,3407040
350774691963278,3407360
350774724081038,3407680
350774764878069,3408000
350774811017965,3408320
350774845180361,3408640
350774889783642,3408960
350774925061767,3409280
350774967870934,3409600
350775005502757,3409920
350775046161871,3410240
350775086592601,3410560
350775124133486,3410880
350775167463486,3411200
350775206614163,3411520
350775248979423,3411840
350775285595361,3412160
350775325591403,3412480
350775365767757,3412800
350775408799007,3413120
350775445310413,3413440
350775484768694,3413760
350775525638017,3414080
350775569691402,3414400
350775604674475,3414720
350775646075882,3415040
350775685602392,3415360
350775726346507,3415680
350775767680777,3416000
350775807665204,3416320
350775847664319,3416640
350775885274996,3416960
350775925816246,3417280
350775967667756,3417600
350776004856559,3417920
350776045045569,3418240
350776087350934,3418560
350776125121975,3418880
350776166879058,3419200
350776206877027,3419520
350776246633694,3419840
350776285795308,3420160
350776326172236,3420480
350776366093173,3420800
350776405348642,3421120
350776445442600,3421440
350776486013954,3421760
350776525169631,3422080
350776566435881,3422400
350776605663485,3422720
350776645014058,3423040
350776684525308,3423360
350776725316246,3423680
350776766475152,3424000
350776810585673,3424320
350776844958798,3424640
350776884729162,3424960
350776924234996,3425280
350776969672131,3425600
350777005223277,3425920
350777048036975,3426240
350777089770569,3426560
350777124305464,3426880
350777166722860,3427200
350777205368121,3427520
350777249782704,3427840
350777284569579,3428160
350777325513902,3428480
350777365598850,3428800
350777406204110,3429120
350777444205204,3429440
350777485181454,3429760
350777525543589,3430080
350777566134266,3430400
350777606145152,3430720
350777646670881,3431040
350777686787600,3431360
350777726266037,3431680
350777765451141,3432000
350777807849787,3432320
350777847031922,3432640
350777889726037,3432960
350777926837599,3433280
350777966859527,3433600
350778012100256,3433920
350778044477912,3434240
350778089094110,3434560
350778125100152,3434880
350778166338068,3435200
350778204684266,3435520
350778247893276,3435840
350778288018693,3436160
350778324533172,3436480
350778366049214,3436800
350778406879839,3437120
350778446136714,3437440
350778484590568,3437760
350778526610672,3438080
350778567055933,3438400
350778604688485,3438720
350778649700516,3439040
350778684300203,3439360
350778725239891,3439680
350778765176922,3440000
350778805313797,3440320
350778844752287,3440640
350778885589682,3440960
350778924054318,3441280
350778964311557,3441600
350779004613953,3441920
350779044983120,3442240
350779085131714,3442560
350779124446922,3442880
350779165280151,3443200
350779204970568,3443520
350779245878849,3443840
350779284753016,3444160
350779327866245,3444480
350779367065620,3444800
350779405439161,3445120
350779444238953,3445440
350779486693484,3445760
350779524238693,3446080
350779565071870,3446400
350779605652130,3446720
350779644798797,3447040
350779685344890,3447360
350779725508901,3447680
350779764662338,3448000
350779804650672,3448320
350779844241818,3448640
350779887851922,3448960
350779925081245,3449280
350779965342442,3449600
350780004701088,3449920
350780045164265,3450240
350780085056817,3450560
350780145578067,3450880
350780163063953,3451200
350780203770880,3451520
350780248194317,3451840
350780284532286,3452160
350780323502442,3452480
350780365859786,3452800
350780405890671,3453120
350780444943484,3453440
350780485799942,3453760
350780525096349,3454080
350780565487026,3454400
350780604073223,3454720
350780646546765,3455040
350780685163223,3455360
350780724709161,3455680
350780766239109,3456000
350780805091348,3456320
350780845338432,3456640
350780884851244,3456960
350780925285411,3457280
350780967035775,3457600
350781005704890,3457920
350781044887234,3458240
350781086172234,3458560
350781126212077,3458880
350781165311348,3459200
350781203969942,3459520
350781244321452,3459840
350781287987859,3460160
350781329493327,3460480
350781365538536,3460800
350781405529004,3461120
350781446472338,3461440
350781489983536,3461760
350781526075150,3462080
350781566513223,3462400
350781604820306,3462720
350781645591140,3463040
350781684430671,3463360
350781723916452,3463680
350781764061817,3464000
350781804231348,3464320
350781844303692,3464640
350781884440723,3464960
350781924843900,3465280
350781965222858,3465600
350782004511817,3465920
350782043791035,3466240
350782084262285,3466560
350782124340254,3466880
350782164558015,3467200
350782204452442,3467520
350782244559421,3467840
350782285739264,3468160
350782325092389,3468480
350782363959889,3468800
350782406064004,3469120
350782444821087,3469440
350782485240306,3469760
350782525877441,3470080
350782565726556,3470400
350782605366296,3470720
350782645345566,3471040
350782688680462,3471360
350782724836191,3471680
350782766313275,3472000
350782806320879,3472320
350782845489525,3472640
350782889987181,3472960
350782927906504,3473280
350782967744212,3473600
350783005948952,3473920
350783044403691,3474240
350783089800983,3474560
350783125061452,3474880
350783165234056,3475200
350783205991400,3475520
350783244459681,3475840
350783285805931,3476160
350783325582858,3476480
350783366410827,3476800
350783405923483,3477120
350783447000254,3477440
350783486292754,3477760
350783525196243,3478080
350783566372233,3478400
350783606065410,3478720
350783646511868,3479040
350783685337233,3479360
350783729818274,3479680
350783766055045,3480000
350783805356243,3480320
350783845181920,3480640
350783886897389,3480960
350783925342701,3481280
350783964890983,3481600
350784006494160,3481920
350784046867649,3482240
350784086179108,3482560
350784125952233,3482880
350784164242753,3483200
350784205393430,3483520
350784245070097,3483840
350784287866607,3484160
350784327432441,3484480
350784368071660,3484800
350784407993118,3485120
350784446164472,3485440
350784491649159,3485760
350784526608274,3486080
350784565276295,3486400
350784605866920,3486720
350784649771087,3487040
350784685614576,3487360
350784726020982,3487680
350784768348899,3488000
350784808049993,3488320
350784845968482,3488640
350784885025566,3488960
350784926913638,3489280
350784964117128,3489600
350785009686086,3489920
350785046081086,3490240
350785085832441,3490560
350785128310045,3490880
350785166036451,3491200
350785206520201,3491520
350785244913222,3491840
350785289085201,3492160
350785328404159,3492480
350785367040409,3492800
350785406561190,3493120
350785447060774,3493440
350785486285461,3493760
350785526284263,3494080
350785568203013,3494400
350785605095044,3494720
350785644740097,3495040
350785687410201,3495360
350785726464263,3495680
350785764837805,3496000
350785805084419,3496320
350785845873951,3496640
350785885672805,3496960
350785925495982,3497280
350785966546659,3497600
350786005013482,3497920
350786050012701,3498240
350786087019680,3498560
350786125300565,3498880
350786165434992,3499200
350786207950096,3499520
350786244772961,3499840
350786285248273,3500160
350786324584367,3500480
350786364743378,3500800
350786406034003,3501120
350786445360461,3501440
350786485912544,3501760
350786524724940,3502080
350786565601763,3502400
350786606847805,3502720
350786645949055,3503040
350786684980148,3503360
350786728332075,3503680
350786768090409,3504000
350786805907857,3504320
350786847239315,3504640
350786882850669,3504960
350786923633429,3505280
350786963671190,3505600
350787004407284,3505920
350787046070773,3506240
350787087276450,3506560
350787124596242,3506880
350787166471242,3507200
350787205563221,3507520
350787243695565,3507840
350787286871606,3508160
350787324802023,3508480
350787364738846,3508800
350787404172596,3509120
350787444217179,3509440
350787483746242,3509760
350787525641033,3510080
350787570519679,3510400
350787603558221,3510720
350787643913846,3511040
350787683574783,3511360
350787723930877,3511680
350787763793012,3512000
350787805030096,3512320
350787844421971,3512640
350787884085304,3512960
350787923974210,3513280
350787964648169,3513600
350788006295877,3513920
350788044807179,3514240
350788084546294,3514560
350788125371710,3514880
350788164959783,3515200
350788206966033,3515520
350788245032596,3515840
350788286552804,3516160
350788328053429,3516480
350788364748064,3516800
350788404903950,3517120
350788445857387,3517440
350788486428533,3517760
350788526466710,3518080
350788566457075,3518400
350788607221345,3518720
350788649673168,3519040
350788685323845,3519360
350788726114158,3519680
350788765218585,3520000
350788807532179,3520320
350788846154210,3520640
350788884364939,3520960
350788924867387,3521280
350788965362804,3521600
350789006068272,3521920
350789051362804,3522240
350789084445460,3522560
350789124137022,3522880
350789167051814,3523200
350789205045929,3523520
350789244657804,3523840
350789284506553,3524160
350789325655095,3524480
350789366832699,3524800
350789404921658,3525120
350789444917335,3525440
350789488391970,3525760
350789524796866,3526080
350789564324262,3526400
350789606155251,3526720
350789644835251,3527040
350789685804783,3527360
350789725198845,3527680
350789764964782,3528000
350789805960407,3528320
350789845937126,3528640
350789884147751,3528960
350789925642595,3529280
350789964366970,3529600
350790005364887,3529920
350790045092751,3530240
350790083650095,3530560
350790124676397,3530880
350790165252907,3531200
350790205162334,3531520
350790245105251,3531840
350790285973324,3532160
350790325016084,3532480
350790365658897,3532800
350790410224886,3533120
350790446765355,3533440
350790488994418,3533760
350790524970876,3534080
350790564735043,3534400
350790604997543,3534720
350790648956345,3535040
350790684882022,3535360
350790724350720,3535680
350790764358584,3536000
350790810327178,3536320
350790845233845,3536640
350790889452751,3536960
350790925268532,3537280
350790964478845,3537600
350791009623480,3537920
350791049503011,3538240
350791086500459,3538560
350791125671969,3538880
350791165231240,3539200
350791207954209,3539520
350791244659001,3539840
350791284975094,3540160
350791325364417,3540480
350791364450459,3540800
350791404200303,3541120
350791444292074,3541440
350791484520251,3541760
350791525788115,3542080
350791566334626,3542400
350791604861240,3542720
350791644367803,3543040
350791685346396,3543360
350791726047803,3543680
350791764984209,3544000
350791804603063,3544320
350791845128271,3544640
350791885269313,3544960
350791925297490,3545280
350791964436292,3545600
350792004656969,3545920
350792045424886,3546240
350792085491136,3546560
350792124917802,3546880
350792164637646,3547200
350792208441761,3547520
350792245261396,3547840
350792288494469,3548160
350792324980094,3548480
350792364278271,3548800
350792405807646,3549120
350792445591031,3549440
350792485130979,3549760
350792525352334,3550080
350792564457750,3550400
350792605154156,3550720
350792644574208,3551040
350792685599781,3551360
350792727505094,3551680
350792766796500,3552000
350792805586240,3552320
350792845250094,3552640
350792886309260,3552960
350792926967438,3553280
350792965358740,3553600
350793009599729,3553920
350793045272021,3554240
350793084304104,3554560
350793126272333,3554880
350793165516031,3555200
350793208725771,3555520
350793245011917,3555840
350793285387958,3556160
350793324977594,3556480
350793368446552,3556800
350793407022958,3557120
350793447769573,3557440
350793485218323,3557760
350793524880094,3558080
350793565383635,3558400
350793605190771,3558720
350793644588271,3559040
350793685789052,3559360
350793729604000,3559680
350793765266968,3560000
350793805288739,3560320
350793846575979,3560640
350793884924781,3560960
350793925661135,3561280
350793964316395,3561600
350794005608218,3561920
350794045036031,3562240
350794085773062,3562560
350794124833270,3562880
350794165196500,3563200
350794205363791,3563520
350794246244937,3563840
350794288233895,3564160
350794324644833,3564480
350794367397385,3564800
350794405213010,3565120
350794446119520,3565440
350794486245249,3565760
350794524727229,3566080
350794566743114,3566400
350794605643947,3566720
350794649553374,3567040
350794685594885,3567360
350794726641499,3567680
350794765873426,3568000
350794808358843,3568320
350794846060353,3568640
350794885295145,3568960
350794924967958,3569280
350794966052437,3569600
350795007932853,3569920
350795045493062,3570240
350795085572749,3570560
350795124738530,3570880
350795165797749,3571200
350795204008530,3571520
350795250704572,3571840
350795284229520,3572160
350795324863791,3572480
350795366252385,3572800
350795406167541,3573120
350795445255926,3573440
350795485684103,3573760
350795524744572,3574080
350795567795666,3574400
350795605351447,3574720
350795644104989,3575040
350795688090145,3575360
350795726787228,3575680
350795765562905,3576000
350795805957228,3576320
350795846026707,3576640
350795889809207,3576960
350795925459155,3577280
350795965527332,3577600
350796009908791,3577920
350796046390509,3578240
350796086266395,3578560
350796125466603,3578880
350796165555197,3579200
350796210032957,3579520
350796245285405,3579840
350796288453113,3580160
350796323948113,3580480
350796366478947,3580800
350796405593374,3581120
350796445017436,3581440
350796484671447,3581760
350796524928165,3582080
350796565488894,3582400
350796605326082,3582720
350796644822592,3583040
350796685631915,3583360
350796728856030,3583680
350796764351342,3584000
350796805276707,3584320
350796846575717,3584640
350796883922124,3584960
350796925163113,3585280
350796965695353,3585600
350797005115509,3585920
350797044661603,3586240
350797085880301,3586560
350797125869780,3586880
350797166863894,3587200
350797206396498,3587520
350797247079207,3587840
350797287585457,3588160
350797326277228,3588480
350797369389050,3588800
350797408252332,3589120
350797445493530,3589440
350797485091915,3589760
350797525634832,3590080
350797567800300,3590400
350797605931915,3590720
350797644415092,3591040
350797685415613,3591360
350797724564207,3591680
350797765205352,3592000
350797806524050,3592320
350797846041238,3592640
350797889618686,3592960
350797926077331,3593280
350797966082488,3593600
350798010450769,3593920
350798045566081,3594240
350798086591967,3594560
350798126239363,3594880
350798165982540,3595200
350798206083425,3595520
350798246142800,3595840
350798285130613,3596160
350798328454883,3596480
350798366728633,3596800
350798404394206,3597120
350798447476029,3597440
350798488898373,3597760
350798525364206,3598080
350798567241081,3598400
350798603581185,3598720
350798645151394,3599040
350798685433112,3599360
350798723874519,3599680
350798764967904,3600000
350798805539987,3600320
350798845531446,3600640
350798888203060,3600960
350798926984414,3601280
350798966368060,3601600
350799009409571,3601920
350799048756550,3602240
350799086518321,3602560
350799125149206,3602880
350799164586081,3603200
350799205583112,3603520
350799245907071,3603840
350799285232227,3604160
350799324806237,3604480
350799368642748,3604800
350799406426758,3605120
350799446532591,3605440
350799488619466,3605760
350799524516706,3606080
350799568969987,3606400
350799604696497,3606720
350799644665091,3607040
350799685577643,3607360
350799725129675,3607680
350799765635404,3608000
350799804948789,3608320
350799845690768,3608640
350799886260352,3608960
350799925609362,3609280
350799965457435,3609600
350800006682279,3609920
350800044857799,3610240
350800085781289,3610560
350800124280612,3610880
350800165544154,3611200
350800205547226,3611520
350800244267695,3611840
350800288133841,3612160
350800324568581,3612480
350800367403216,3612800
350800407840872,3613120
350800445072695,3613440
350800485210664,3613760
350800525545455,3614080
350800565565976,3614400
350800605986497,3614720
350800645393320,3615040
350800688988685,3615360
350800726317070,3615680
350800764187747,3616000
350800805568424,3616320
350800846080872,3616640
350800887969674,3616960
350800924449205,3617280
350800964891862,3617600
350801008921601,3617920
350801049124362,3618240
350801083794153,3618560
350801124620768,3618880
350801164377018,3619200
350801204913997,3619520
350801248732539,3619840
350801284714674,3620160
350801327062330,3620480
350801365800768,3620800
350801406019726,3621120
350801445071966,3621440
350801489173945,3621760
350801525570299,3622080
350801566719101,3622400
350801606591757,3622720
350801645183893,3623040
350801684324570,3623360
350801725723111,3623680
350801764434205,3624000
350801808723580,3624320
350801846081080,3624640
350801884419413,3624960
350801925654465,3625280
350801967430299,3625600
350802004674622,3625920
350802044862851,3626240
350802084971288,3626560
350802130946080,3626880
350802165443632,3627200
350802206362174,3627520
350802246104882,3627840
350802290093007,3628160
350802326593944,3628480
350802366749413,3628800
350802406081913,3629120
350802444857642,3629440
350802489919205,3629760
350802525713528,3630080
350802565179673,3630400
350802604237121,3630720
350802643473944,3631040
350802688638111,3631360
350802726143892,3631680
350802765384882,3632000
350802804703580,3632320
350802846346236,3632640
350802890501965,3632960
350802926161861,3633280
350802966283788,3633600
350803005955350,3633920
350803045373163,3634240
350803087483632,3634560
350803125276340,3634880
350803165001600,3635200
350803204539309,3635520
350803245128267,3635840
350803286325871,3636160
350803328138996,3636480
350803364728527,3636800
350803407756444,3637120
350803448753059,3637440
350803484031340,3637760
350803525619048,3638080
350803565257017,3638400
350803605528111,3638720
350803645487017,3639040
350803684435715,3639360
350803726045246,3639680
350803764428631,3640000
350803804157381,3640320
350803845949777,3640640
350803885436183,3640960
350803924779152,3641280
350803965217902,3641600
350804005448944,3641920
350804045279985,3642240
350804086018735,3642560
350804124604725,3642880
350804168617537,3643200
350804204808579,3643520
350804247416964,3643840
350804285290194,3644160
350804328332329,3644480
350804369560089,3644800
350804405942954,3645120
350804445344569,3645440
350804490192537,3645760
350804525014829,3646080
350804565744204,3646400
350804606290350,3646720
350804645480193,3647040
350804690113787,3647360
350804730009516,3647680
350804765096183,3648000
350804804846495,3648320
350804847021339,3648640
350804887569568,3648960
350804926286652,3649280
350804963848058,3649600
350805005012172,3649920
350805047372068,3650240
350805087588891,3650560
350805125771808,3650880
350805165659829,3651200
350805204701600,3651520
350805246391287,3651840
350805290806599,3652160
350805324511287,3652480
350805365151287,3652800
350805407677641,3653120
350805444372693,3653440
350805484939620,3653760
350805526236704,3654080
350805566364464,3654400
350805608783839,3654720
350805645142954,3655040
350805685623891,3655360
350805727678891,3655680
350805766201808,3656000
350805810754724,3656320
350805845230974,3656640
350805885323995,3656960
350805926150037,3657280
350805966396495,3657600
350806005367016,3657920
350806047544360,3658240
350806084387745,3658560
350806126045297,3658880
350806167953995,3659200
350806204376755,3659520
350806249906599,3659840
350806285080037,3660160
350806326432849,3660480
350806364796912,3660800
350806407868005,3661120
350806446001912,3661440
350806486424099,3661760
350806525418578,3662080
350806565985661,3662400
350806606997380,3662720
350806644792797,3663040
350806685964307,3663360
350806731917953,3663680
350806764627432,3664000
350806804633526,3664320
350806845689776,3664640
350806885204463,3664960
350806926320349,3665280
350806964896807,3665600
350807004694099,3665920
350807047066338,3666240
350807085280245,3666560
350807124583786,3666880
350807168023057,3667200
350807204990192,3667520
350807247961078,3667840
350807285034307,3668160
350807326100192,3668480
350807367574620,3668800
350807405323317,3669120
350807447497536,3669440
350807488277744,3669760
350807525570557,3670080
350807567909515,3670400
350807606303317,3670720
350807644970453,3671040
350807688593578,3671360
350807724770036,3671680
350807766128005,3672000
350807804509255,3672320
350807849670036,3672640
350807885776286,3672960
350807924476807,3673280
350807965769671,3673600
350808005129671,3673920
350808047685765,3674240
350808090717536,3674560
350808124444671,3674880
350808168312119,3675200
350808205807015,3675520
350808246313213,3675840
350808288411598,3676160
350808325671755,3676480
350808367403734,3676800
350808409339202,3677120
350808445884515,3677440
350808488751598,3677760
350808525670609,3678080
350808568744984,3678400
350808606046494,3678720
350808646084307,3679040
350808684046182,3679360
350808726610713,3679680
350808766468890,3680000
350808808847171,3680320
350808846183577,3680640
350808888048786,3680960
350808924395556,3681280
350808965356806,3681600
350809004903473,3681920
350809045248108,3682240
350809084921911,3682560
350809125387171,3682880
350809163742744,3683200
350809203774202,3683520
350809244389983,3683840
350809284377067,3684160
350809326324515,3684480
350809363656338,3684800
350809406586650,3685120
350809445661650,3685440
350809484710765,3685760
350809526367119,3686080
350809564371702,3686400
350809604455296,3686720
350809646572067,3687040
350809684022379,3687360
350809724638108,3687680
350809764236962,3688000
350809804397171,3688320
350809848431181,3688640
350809885100660,3688960
350809925563473,3689280
350809965721858,3689600
350810004379202,3689920
350810048573368,3690240
350810088528889,3690560
350810125114723,3690880
350810166092379,3691200
350810204745191,3691520
350810245332275,3691840
350810285003993,3692160
350810324532483,3692480
350810365377379,3692800
350810409278473,3693120
350810445758837,3693440
350810485300243,3693760
350810525077222,3694080
350810564329306,3694400
350810609114775,3694720
350810646356650,3695040
350810687702691,3695360
350810726898681,3695680
350810765699618,3696000
350810805144722,3696320
350810848356233,3696640
350810888924306,3696960
350810925557431,3697280
350810964399774,3697600
350811004972691,3697920
350811046156545,3698240
350811087726649,3698560
350811126790660,3698880
350811170091910,3699200
350811205349410,3699520
350811246219983,3699840
350811289941545,3700160
350811325925972,3700480
350811365820295,3700800
350811406339097,3701120
350811445484253,3701440
350811485791389,3701760
350811525469253,3702080
350811565158889,3702400
350811607628316,3702720
350811645691076,3703040
350811687827430,3703360
350811725150035,3703680
350811764606649,3704000
350811804442274,3704320
350811846204618,3704640
350811888290399,3704960
350811924822274,3705280
350811964288055,3705600
350812005238003,3705920
350812048895243,3706240
350812084528732,3706560
350812124370243,3706880
350812163739045,3707200
350812206138628,3707520
350812246349461,3707840
350812288258836,3708160
350812325388472,3708480
350812364441597,3708800
350812408858055,3709120
350812446838472,3709440
350812485188420,3709760
350812525777430,3710080
350812567037951,3710400
350812604722482,3710720
350812643918368,3711040
350812684669201,3711360
350812724644878,3711680
350812765499149,3712000
350812804887117,3712320
350812844448524,3712640
350812888159149,3712960
350812926300763,3713280
350812965643628,3713600
350813006614722,3713920
350813045628367,3714240
350813088447378,3714560
350813125762221,3714880
350813168347534,3715200
350813206453992,3715520
350813247646284,3715840
350813286913315,3716160
350813325418732,3716480
350813364381596,3716800
350813405879201,3717120
350813445648576,3717440
350813485366180,3717760
350813525787221,3718080
350813566274825,3718400
350813606904878,3718720
350813645345086,3719040
350813688688940,3719360
350813725044878,3719680
350813764129252,3720000
350813807673211,3720320
350813848712013,3720640
350813887913159,3720960
350813925393211,3721280
350813964846388,3721600
350814006546544,3721920
350814045791232,3722240
350814089150034,3722560
350814124931700,3722880
350814165142846,3723200
350814204965346,3723520
350814250830711,3723840
350814285329617,3724160
350814326958471,3724480
350814365930450,3724800
350814409750815,3725120
350814445887898,3725440
350814484350450,3725760
350814525171127,3726080
350814569836544,3726400
350814609253263,3726720
350814648883679,3727040
350814684391752,3727360
350814725889460,3727680
350814766185346,3728000
350814805013679,3728320
350814846096440,3728640
350814888122221,3728960
350814925068992,3729280
350814965086023,3729600
350815009404304,3729920
350815043840762,3730240
350815087712689,3730560
350815124833627,3730880
350815164511908,3731200
350815205048002,3731520
350815245286596,3731840
350815284400502,3732160
350815326359616,3732480
350815364078158,3732800
350815404703210,3733120
350815445098835,3733440
350815485751023,3733760
350815526211804,3734080
350815564360762,3734400
350815604836752,3734720
350815649982689,3735040
350815684087168,3735360
350815726517273,3735680
350815764498679,3736000
350815806341231,3736320
350815849513887,3736640
350815890044564,3736960
350815925008627,3737280
350815964829200,3737600
350816009840345,3737920
350816050913262,3738240
350816089816283,3738560
350816127558835,3738880
350816169043002,3739200
350816207804512,3739520
350816245079356,3739840
350816286289304,3740160
350816324961387,3740480
350816365671647,3740800
350816409672116,3741120
350816445956856,3741440
350816487876960,3741760
350816525550970,3742080
350816566478731,3742400
350816610208262,3742720
350816646340137,3743040
350816691978262,3743360
350816728138053,3743680
350816764684876,3744000
350816806711491,3744320
350816846204043,3744640
350816884963626,3744960
350816925852741,3745280
350816966401230,3745600
350817005025397,3745920
350817047604407,3746240
350817086871335,3746560
350817124555085,3746880
350817166332168,3747200
350817204449355,3747520
350817245066178,3747840
350817285955397,3748160
350817324341126,3748480
350817366674928,3748800
350817407393887,3749120
350817444998262,3749440
350817488241230,3749760
350817525566334,3750080
350817565437272,3750400
350817608421647,3750720
350817645331855,3751040
350817689767220,3751360
350817726257324,3751680
350817765179043,3752000
350817804274355,3752320
350817844215241,3752640
350817888642324,3752960
350817924835605,3753280
350817964586230,3753600
350818004660501,3753920
350818051341595,3754240
350818086999563,3754560
350818125046699,3754880
350818166611074,3755200
350818205983938,3755520
350818249893417,3755840
350818286125761,3756160
350818326094407,3756480
350818366695449,3756800
350818410109667,3757120
350818445026647,3757440
350818485117532,3757760
350818524670709,3758080
350818568329146,3758400
350818606769719,3758720
350818647866855,3759040
350818689339199,3759360
350818729416751,3759680
350818766145084,3760000
350818809252792,3760320
350818845120709,3760640
350818885275917,3760960
350818925461907,3761280
350818965782532,3761600
350819004938678,3761920
350819046399667,3762240
350819086278990,3762560
350819124614094,3762880
350819164954875,3763200
350819208486907,3763520
350819248190709,3763840
350819285066073,3764160
350819327954094,3764480
350819364619355,3764800
350819405054980,3765120
350819445399250,3765440
350819488565604,3765760
350819525708417,3766080
350819565809094,3766400
350819604665396,3766720
350819646315604,3767040
350819689062844,3767360
350819728879094,3767680
350819766367271,3768000
350819804363938,3768320
350819848727531,3768640
350819884871906,3768960
350819928142896,3769280
350819965854719,3769600
350820005131229,3769920
350820045496646,3770240
350820085137896,3770560
350820124448469,3770880
350820169238313,3771200
350820205142167,3771520
350820247546646,3771840
350820285833573,3772160
350820329617583,3772480
350820368700135,3772800
350820405460031,3773120
350820447787479,3773440
350820489160187,3773760
350820524860969,3774080
350820570107114,3774400
350820610029094,3774720
350820649334771,3775040
350820688066854,3775360
350820725422010,3775680
350820765329562,3776000
350820804308260,3776320
350820844920812,3776640
350820888438833,3776960
350820924864354,3777280
350820964254666,3777600
350821005420031,3777920
350821044740500,3778240
350821086586593,3778560
350821124738156,3778880
350821164452062,3779200
350821210188104,3779520
350821244361177,3779840
350821284737583,3780160
350821325892635,3780480
350821364072948,3780800
350821409550083,3781120
350821444939770,3781440
350821485135187,3781760
350821524942322,3782080
350821564421072,3782400
350821608984354,3782720
350821644766697,3783040
350821684309874,3783360
350821728556489,3783680
350821765179979,3784000
350821805095187,3784320
350821847957270,3784640
350821886965343,3784960
350821925041854,3785280
350821965083729,3785600
350822007954301,3785920
350822045657999,3786240
350822085707478,3786560
350822123914718,3786880
350822165177218,3787200
350822206310760,3787520
350822244147478,3787840
350822284600655,3788160
350822328081645,3788480
350822365714249,3788800
350822410137895,3789120
350822445620187,3789440
350822484795864,3789760
350822525324353,3790080
350822568704666,3790400
350822608041489,3790720
350822646457478,3791040
350822685821593,3791360
350822728767582,3791680
350822764838572,3792000
350822808680707,3792320
350822845774405,3792640
350822886491228,3792960
350822929611541,3793280
350822965652999,3793600
350823005244926,3793920
350823044663572,3794240
350823086355655,3794560
350823124259822,3794880
350823166282322,3795200
350823207945603,3795520
350823245477686,3795840
350823284937634,3796160
350823328265916,3796480
350823365837426,3796800
350823406762061,3797120
350823449368207,3797440
350823485215343,3797760
350823525329457,3798080
350823568226853,3798400
350823609502947,3798720
350823648418520,3799040
350823688522686,3799360
350823728518311,3799680
350823765809926,3800000
350823805421176,3800320
350823849867269,3800640
350823886117842,3800960
350823929060551,3801280
350823966466436,3801600
350824004973988,3801920
350824045544874,3802240
350824085277478,3802560
350824124428988,3802880
350824170461853,3803200
350824207843571,3803520
350824245548728,3803840
350824284343988,3804160
350824325769769,3804480
350824366301644,3804800
350824408103884,3805120
350824445946384,3805440
350824486474196,3805760
350824526203155,3806080
350824565192165,3806400
350824609250915,3806720
350824650915811,3807040
350824686101175,3807360
350824727478102,3807680
350824766122269,3808000
350824804548207,3808320
350824851037061,3808640
350824887367165,3808960
350824925404977,3809280
350824967871904,3809600
350825009623207,3809920
350825044753467,3810240
350825085471904,3810560
350825125821696,3810880
350825165090029,3811200
350825210046488,3811520
350825249528675,3811840
350825289741644,3812160
350825329926279,3812480
350825367216800,3812800
350825404292165,3813120
350825445572373,3813440
350825485562269,3813760
350825524800342,3814080
350825566777217,3814400
350825604784560,3814720
350825644321435,3815040
350825684203779,3815360
350825725650654,3815680
350825765596644,3816000
350825805253102,3816320
350825845721800,3816640
350825885373415,3816960
350825924325915,3817280
350825964827165,3817600
350826007059717,3817920
350826044391800,3818240
350826085776227,3818560
350826124633831,3818880
350826165013623,3819200
350826205512112,3819520
350826247753935,3819840
350826287476123,3820160
350826324197789,3820480
350826363994560,3820800
350826405356539,3821120
350826445590289,3821440
350826486612841,3821760
350826527055914,3822080
350826565140966,3822400
350826611588883,3822720
350826644960081,3823040
350826684449300,3823360
350826733145550,3823680
350826763924716,3824000
350826804695914,3824320
350826845533362,3824640
350826883560497,3824960
350826925656747,3825280
350826967927268,3825600
350827005662529,3825920
350827044728102,3826240
350827085609039,3826560
350827125227789,3826880
350827165403310,3827200
350827208071331,3827520
350827246063883,3827840
350827284617060,3828160
350827324163726,3828480
350827366590393,3828800
350827410926070,3829120
350827446077841,3829440
350827490311643,3829760
350827526023570,3830080
350827567763206,3830400
350827606161174,3830720
350827650138362,3831040
350827686441695,3831360
350827730015758,3831680
350827767376851,3832000
350827805585185,3832320
350827848259872,3832640
350827885484820,3832960
350827929552789,3833280
350827969668570,3833600
350828010036226,3833920
350828044743622,3834240
350828092228414,3834560
350828126853778,3834880
350828168716018,3835200
350828205437528,3835520
350828243710914,3835840
350828286113414,3836160
350828328063726,3836480
350828364047476,3836800
350828407942424,3837120
350828444922580,3837440
350828488019716,3837760
350828525278049,3838080
350828566024820,3838400
350828606398882,3838720
350828648684663,3839040
350828689176955,3839360
350828724627580,3839680
350828764620184,3840000
350828804548309,3840320
350828845444403,3840640
350828886441799,3840960
350828926899715,3841280
350828965767945,3841600
350829009124507,3841920
350829045013570,3842240
350829085023361,3842560
350829124687632,3842880
350829165231642,3843200
350829207062997,3843520
350829245033257,3843840
350829284713205,3844160
350829324317007,3844480
350829365886278,3844800
350829409016122,3845120
350829447038465,3845440
350829488263830,3845760
350829525043934,3846080
350829566297163,3846400
350829604299976,3846720
350829645578882,3847040
350829689343048,3847360
350829728570236,3847680
350829765799976,3848000
350829804767267,3848320
350829846582840,3848640
350829885087215,3848960
350829928855236,3849280
350829965077163,3849600
350830006162059,3849920
350830044337736,3850240
350830088682528,3850560
350830126326486,3850880
350830164545861,3851200
350830204738569,3851520
350830245329923,3851840
350830285970080,3852160
350830322909819,3852480
350830363534559,3852800
350830404525965,3853120
350830443376329,3853440
350830483317579,3853760
350830524341538,3854080
350830563484246,3854400
350830604767423,3854720
350830648776538,3855040
350830688772059,3855360
350830727880392,3855680
350830765234767,3856000
350830805650236,3856320
350830845478725,3856640
350830890833621,3856960
350830926950288,3857280
350830964398152,3857600
350831004399819,3857920
350831043528829,3858240
350831085281329,3858560
350831124977058,3858880
350831163565131,3859200
350831204814350,3859520
350831243568100,3859840
350831284883152,3860160
350831323368256,3860480
350831364659767,3860800
350831404544767,3861120
350831444861433,3861440
350831486402162,3861760
350831524915808,3862080
350831565013777,3862400
350831605049454,3862720
350831645671381,3863040
350831687867006,3863360
350831724713412,3863680
350831765466016,3864000
350831804743881,3864320
350831845231694,3864640
350831884855652,3864960
350831924907839,3865280
350831965062423,3865600
350832005857475,3865920
350832046380652,3866240
350832087552631,3866560
350832124445704,3866880
350832166599975,3867200
350832204217110,3867520
350832245539975,3867840
350832285369089,3868160
350832325036850,3868480
350832365356120,3868800
350832408147735,3869120
350832445646693,3869440
350832483918620,3869760
350832525466381,3870080
350832567022943,3870400
350832605418256,3870720
350832643690443,3871040
350832688182943,3871360
350832725409037,3871680
350832764726693,3872000
350832804276120,3872320
350832845026381,3872640
350832884863568,3872960
350832925378620,3873280
350832966352891,3873600
350833008504453,3873920
350833047823516,3874240
350833084570651,3874560
350833125586068,3874880
350833170108203,3875200
350833206852162,3875520
350833244455078,3875840
350833285013828,3876160
350833324639974,3876480
350833365091849,3876800
350833405685287,3877120
350833445206797,3877440
350833490080703,3877760
350833527302162,3878080
350833567668412,3878400
350833604762578,3878720
350833644992266,3879040
350833685543099,3879360
350833732010391,3879680
350833766983932,3880000
350833810576380,3880320
350833847226641,3880640
350833886428099,3880960
350833924986276,3881280
350833967732214,3881600
350834009981276,3881920
350834049372266,3882240
350834091061016,3882560
350834124681328,3882880
350834168583255,3883200
350834204445234,3883520
350834244626120,3883840
350834289944609,3884160
350834329748828,3884480
350834370955234,3884800
350834408428984,3885120
350834445644088,3885440
350834489151380,3885760
350834524262213,3886080
350834566898255,3886400
350834609010807,3886720
350834646912734,3887040
350834691405547,3887360
350834730973776,3887680
350834767901224,3888000
350834804248672,3888320
350834851068567,3888640
350834884413255,3888960
350834925955807,3889280
350834964785026,3889600
350835005313776,3889920
350835044366588,3890240
350835083995807,3890560
350835124361588,3890880
350835165459348,3891200
350835205542213,3891520
350835244959661,3891840
350835285024505,3892160
350835327885703,3892480
350835364675859,3892800
350835403781432,3893120
350835445706119,3893440
350835485664088,3893760
350835526503463,3894080
350835565245390,3894400
350835608343827,3894720
350835644497317,3895040
350835686512994,3895360
350835725872630,3895680
350835767487577,3896000
350835807476640,3896320
350835845306067,3896640
350835890271432,3896960
350835930002004,3897280
350835966524817,3897600
350836005370390,3897920
350836050563671,3898240
350836090337681,3898560
350836126858254,3898880
350836163994713,3899200
350836205685338,3899520
350836245715650,3899840
350836286342056,3900160
350836330518879,3900480
350836365159817,3900800
350836406163515,3901120
350836445736067,3901440
350836487494088,3901760
350836526335754,3902080
350836567510650,3902400
350836608986952,3902720
350836647733046,3903040
350836686731483,3903360
350836729790181,3903680
350836765969660,3904000
350836806633202,3904320
350836847403723,3904640
350836890046015,3904960
350836926768931,3905280
350836967910442,3905600
350837011871639,3905920
350837046024139,3906240
350837089496327,3906560
350837125349348,3906880
350837168322160,3907200
350837204675389,3907520
350837247674973,3907840
350837286684139,3908160
350837325158566,3908480
350837366626535,3908800
350837405073358,3909120
350837450929660,3909440
350837484397837,3909760
350837527313514,3910080
350837566660493,3910400
350837610543306,3910720
350837651655962,3911040
350837688154504,3911360
350837724129816,3911680
350837763570077,3912000
350837804115441,3912320
350837846248566,3912640
350837886363254,3912960
350837926113462,3913280
350837970673410,3913600
350838006986535,3913920
350838047192785,3914240
350838084499504,3914560
350838124507577,3914880
350838168359608,3915200
350838205795181,3915520
350838245003254,3915840
350838286087681,3916160
350838330881743,3916480
350838365705701,3916800
350838406510649,3917120
350838449725389,3917440
350838492247108,3917760
350838527519764,3918080
350838566166222,3918400
350838605307316,3918720
350838648788410,3919040
350838690993826,3919360
350838731950962,3919680
350838767650024,3920000
350838805093930,3920320
350838851818462,3920640
350838885614816,3920960
350838926309920,3921280
350838965739712,3921600
350839009449087,3921920
350839049974920,3922240
350839087380753,3922560
350839126923045,3922880
350839167619868,3923200
350839204428462,3923520
350839244958045,3923840
350839284337107,3924160
350839327074764,3924480
350839364719711,3924800
350839404509972,3925120
350839446581691,3925440
350839484755701,3925760
350839525470857,3926080
350839564902941,3926400
350839604447003,3926720
350839644626847,3927040
350839684458045,3927360
350839725441899,3927680
350839765178461,3928000
350839804274034,3928320
350839844595545,3928640
350839885020024,3928960
350839925487836,3929280
350839965567003,3929600
350840005145492,3929920
350840047779711,3930240
350840084922680,3930560
350840124836170,3930880
350840164812576,3931200
350840208330232,3931520
350840243368617,3931840
350840282996847,3932160
350840324023722,3932480
350840363744867,3932800
350840405358930,3933120
350840444139503,3933440
350840484949138,3933760
350840524495909,3934080
350840564223044,3934400
350840604087211,3934720
350840649955128,3935040
350840685531898,3935360
350840732143357,3935680
350840765726951,3936000
350840805157628,3936320
350840843988565,3936640
350840884611638,3936960
350840923546950,3937280
350840964536898,3937600
350841003946065,3937920
350841046721898,3938240
350841085843357,3938560
350841124707836,3938880
350841165669919,3939200
350841203672523,3939520
350841245621950,3939840
350841284006377,3940160
350841323764086,3940480
350841369971221,3940800
350841404431221,3941120
350841444309763,3941440
350841484434034,3941760
350841524361117,3942080
350841565497211,3942400
350841604118565,3942720
350841645369190,3943040
350841685940700,3943360
350841724705388,3943680
350841763768304,3944000
350841804137731,3944320
350841843623669,3944640
350841885269711,3944960
350841923804085,3945280
350841964762575,3945600
350842004671742,3945920
350842045014919,3946240
350842086387471,3946560
350842125020544,3946880
350842163495231,3947200
350842204505752,3947520
350842244307575,3947840
350842284773617,3948160
350842325255752,3948480
350842366546742,3948800
350842405131169,3949120
350842443713877,3949440
350842485482002,3949760
350842525573617,3950080
350842563544762,3950400
350842606129241,3950720
350842648493200,3951040
350842684382314,3951360
350842725287523,3951680
350842764507731,3952000
350842810027002,3952320
350842848970231,3952640
350842885477939,3952960
350842924614762,3953280
350842964774085,3953600
350843004206116,3953920
350843050999866,3954240
350843084515543,3954560
350843124653825,3954880
350843169364970,3955200
350843204478408,3955520
350843245132679,3955840
350843285636116,3956160
350843325497627,3956480
350843370528252,3956800
350843406090387,3957120
350843449995283,3957440
350843485821637,3957760
350843525196845,3958080
350843566065022,3958400
350843604857887,3958720
350843647692418,3959040
350843685652731,3959360
350843727456272,3959680
350843766004085,3960000
350843806040074,3960320
350843845454970,3960640
350843886309710,3960960
350843929417314,3961280
350843965011481,3961600
350844008358564,3961920
350844052203043,3962240
350844085388460,3962560
350844125141793,3962880
350844164363876,3963200
350844205181064,3963520
350844246493980,3963840
350844284516012,3964160
350844324221064,3964480
350844365786220,3964800
350844404965230,3965120
350844452510751,3965440
350844492405803,3965760
350844525683668,3966080
350844568002209,3966400
350844605325126,3966720
350844649932626,3967040
350844689825647,3967360
350844725841637,3967680
350844765468407,3968000
350844805153095,3968320
350844844612886,3968640
350844886977626,3968960
350844928067939,3969280
350844965983928,3969600
350845005480699,3969920
350845049300699,3970240
350845084573668,3970560
350845125694397,3970880
350845168245438,3971200
350845205215699,3971520
350845246559501,3971840
350845287833199,3972160
350845325311272,3972480
350845366285907,3972800
350845409016115,3973120
350845450043042,3973440
350845486278303,3973760
350845525774657,3974080
350845565731115,3974400
350845609925699,3974720
350845648122782,3975040
350845690602157,3975360
350845729494709,3975680
350845765009553,3976000
350845810594605,3976320
350845846958042,3976640
350845885543771,3976960
350845925850542,3977280
350845969196376,3977600
350846006974865,3977920
350846045740438,3978240
350846085159396,3978560
350846131776219,3978880
350846170901271,3979200
350846204981011,3979520
350846244764657,3979840
350846287971480,3980160
350846327046115,3980480
350846368752886,3980800
350846403700959,3981120
350846446819136,3981440
350846486379709,3981760
350846525663875,3982080
350846567087157,3982400
350846610497417,3982720
350846647301584,3983040
350846685889344,3983360
350846729750698,3983680
350846764664709,3984000
350846811700750,3984320
350846849224344,3984640
350846886234917,3984960
350846925454865,3985280
350846964603302,3985600
350847006252573,3985920
350847046992052,3986240
350847084805750,3986560
350847125328406,3986880
350847165623198,3987200
350847204975906,3987520
350847247765542,3987840
350847287311063,3988160
350847326138511,3988480
350847364851531,3988800
350847409592781,3989120
350847444178667,3989440
350847485330802,3989760
350847526091896,3990080
350847566067469,3990400
350847609954292,3990720
350847647741948,3991040
350847686913094,3991360
350847732239604,3991680
350847766110698,3992000
350847805905229,3992320
350847846158042,3992640
350847885149031,3992960
350847924860021,3993280
350847965087156,3993600
350848006045698,3993920
350848046976844,3994240
350848085339239,3994560
350848130437416,3994880
350848170203041,3995200
350848207816166,3995520
350848247953927,3995840
350848286351271,3996160
350848326984968,3996480
350848367778458,3996800
350848405041375,3997120
350848446507573,3997440
350848485400281,3997760
350848524902208,3998080
350848567708666,3998400
350848605303979,3998720
350848644945698,3999040
350848686475698,3999360
350848725146010,3999680
350848765360645,4000000
350848805223406,4000320
350848846515802,4000640
350848890433770,4000960
350848930165385,4001280
350848966418302,4001600
350849005426583,4001920
350849051038354,4002240
350849087637312,4002560
350849127970958,4002880
350849170728406,4003200
350849204735749,4003520
350849245940906,4003840
350849288849499,4004160
350849324868614,4004480
350849366316791,4004800
350849408959187,4005120
350849448584916,4005440
350849488294447,4005760
350849524626322,4006080
350849566971374,4006400
350849611519655,4006720
350849650065176,4007040
350849684745072,4007360
350849724723822,4007680
350849767080801,4008000
350849810012416,4008320
350849845916218,4008640
350849887818822,4008960
350849925952155,4009280
350849970045801,4009600
350850007427520,4009920
350850047342937,4010240
350850089474968,4010560
350850124704499,4010880
350850169699968,4011200
350850211015280,4011520
350850246314759,4011840
350850288142572,4012160
350850326212832,4012480
350850366942676,4012800
350850406102572,4013120
350850444527832,4013440
350850490973770,4013760
350850527065280,4014080
350850565337416,4014400
350850610844291,4014720
350850644843561,4015040
350850686497728,4015360
350850730635488,4015680
350850765325697,4016000
350850812120749,4016320
350850849083457,4016640
350850886218405,4016960
350850927412467,4017280
350850969712311,4017600
350851010648197,4017920
350851050320645,4018240
350851085626947,4018560
350851126134915,4018880
350851165517780,4019200
350851208238457,4019520
350851246360644,4019840
350851289224759,4020160
350851326225019,4020480
350851366172624,4020800
350851409834967,4021120
350851449840696,4021440
350851489642676,4021760
350851524136634,4022080
350851565770957,4022400
350851607447051,4022720
350851646448040,4023040
350851684339134,4023360
350851729611842,4023680
350851765045228,4024000
350851809256478,4024320
350851847964290,4024640
350851890885853,4024960
350851927918040,4025280
350851969949498,4025600
350852006507467,4025920
350852049890019,4026240
350852085352832,4026560
350852125250957,4026880
350852168148092,4027200
350852209545488,4027520
350852248297102,4027840
350852285591477,4028160
350852326496738,4028480
350852365200852,4028800
350852406944446,4029120
350852445737675,4029440
350852484053665,4029760
350852525470123,4030080
350852566297311,4030400
350852606380331,4030720
350852644876894,4031040
350852685518613,4031360
350852725032519,4031680
350852763724602,4032000
350852806826686,4032320
350852849269498,4032640
350852884339446,4032960
350852925731060,4033280
350852964999498,4033600
350853006311060,4033920
350853046630123,4034240
350853085108717,4034560
350853124380592,4034880
350853163749810,4035200
350853203755383,4035520
350853243699862,4035840
350853289121321,4036160
350853325445487,4036480
350853368627362,4036800
350853406517571,4037120
350853446372675,4037440
350853484969706,4037760
350853524394133,4038080
350853566368560,4038400
350853608131529,4038720
350853646478873,4039040
350853684731529,4039360
350853724216321,4039680
350853763955227,4040000
350853804334914,4040320
350853844295800,4040640
350853885696425,4040960
350853924885748,4041280
350853964620539,4041600
350854011068560,4041920
350854044289810,4042240
350854087827831,4042560
350854124958143,4042880
350854163807518,4043200
350854205289758,4043520
350854247881685,4043840
350854285012935,4044160
350854327571372,4044480
350854367030383,4044800
350854405320122,4045120
350854445716841,4045440
350854484722466,4045760
350854527268404,4046080
350854569013456,4046400
350854605468924,4046720
350854647442831,4047040
350854689990226,4047360
350854725122518,4047680
350854765043039,4048000
350854809757883,4048320
350854844491737,4048640
350854889944289,4048960
350854930463976,4049280
350854969110747,4049600
350855007002831,4049920
350855046296945,4050240
350855090488508,4050560
350855124712570,4050880
350855165841112,4051200
350855204725643,4051520
350855245272310,4051840
350855290158820,4052160
350855329807362,4052480
350855369430174,4052800
350855406365903,4053120
350855447339549,4053440
350855486975018,4053760
350855527350487,4054080
350855565461268,4054400
350855608652830,4054720
350855646354809,4055040
350855684589393,4055360
350855725729393,4055680
350855764572361,4056000
350855810166893,4056320
350855845157153,4056640
350855892421528,4056960
350855928950851,4057280
350855967707413,4057600
350856009707309,4057920
350856049784080,4058240
350856090964966,4058560
350856124389653,4058880
350856170135330,4059200
350856212165122,4059520
350856246485382,4059840
350856285246424,4060160
350856329626215,4060480
350856370532934,4060800
350856412139757,4061120
350856445263507,4061440
350856485008663,4061760
350856526749705,4062080
350856570052830,4062400
350856611736319,4062720
350856644003767,4063040
350856689413247,4063360
350856727502049,4063680
350856766706736,4064000
350856805419549,4064320
350856846478715,4064640
350856886882049,4064960
350856931677986,4065280
350856969455017,4065600
350857011087413,4065920
350857047383767,4066240
350857085573194,4066560
350857124762465,4066880
350857169652621,4067200
350857206318559,4067520
350857251561788,4067840
350857291845330,4068160
350857325494236,4068480
350857365866788,4068800
350857405315694,4069120
350857446834288,4069440
350857486423402,4069760
350857524702257,4070080
350857565304340,4070400
350857605209913,4070720
350857647957986,4071040
350857686405746,4071360
350857726953767,4071680
350857767918975,4072000
350857807759548,4072320
350857845312986,4072640
350857887820277,4072960
350857926096111,4073280
350857965632152,4073600
350858012259965,4073920
350858046205017,4074240
350858090926163,4074560
350858124212308,4074880
350858168074861,4075200
350858210406631,4075520
350858247723142,4075840
350858290894444,4076160
350858325225954,4076480
350858365989079,4076800
350858405635746,4077120
350858449997621,4077440
350858490860069,4077760
350858525729965,4078080
350858568766162,4078400
350858611026267,4078720
350858646105902,4079040
350858692186631,4079360
350858724832881,4079680
350858767422569,4080000
350858805172308,4080320
350858845579131,4080640
350858884815589,4080960
350858930329444,4081280
350858965280433,4081600
350859008953662,4081920
350859045876423,4082240
350859089214391,4082560
350859124698766,4082880
350859166446787,4083200
350859204718246,4083520
350859244361058,4083840
350859286640902,4084160
350859330820589,4084480
350859366997881,4084800
350859405834287,4085120
350859448828558,4085440
350859489278193,4085760
350859525366006,4086080
350859565240173,4086400
350859609655850,4086720
350859646794079,4087040
350859685130433,4087360
350859727832829,4087680
350859764340745,4088000
350859809688245,4088320
350859850492204,4088640
350859886100797,4088960
350859924911787,4089280
350859965508037,4089600
350860004706370,4089920
350860049353037,4090240
350860086439964,4090560
350860124347568,4090880
350860167903558,4091200
350860207917099,4091520
350860245858818,4091840
350860285283141,4092160
350860325979599,4092480
350860367615485,4092800
350860407001683,4093120
350860449785797,4093440
350860486972985,4093760
350860527414912,4094080
350860568215537,4094400
350860604683245,4094720
350860647948766,4095040
350860685522516,4095360
350860729893766,4095680
350860764458089,4096000
350860809241422,4096320
350860846275953,4096640
350860885776630,4096960
350860931010797,4097280
350860964871526,4097600
350861004635484,4097920
350861049758609,4098240
350861085371526,4098560
350861125641266,4098880
350861169669443,4099200
350861204726214,4099520
350861246204859,4099840
350861285125797,4100160
350861329706786,4100480
350861370293922,4100800
350861404681057,4101120
350861449156526,4101440
350861486301943,4101760
350861526158609,4102080
350861567784286,4102400
350861605545172,4102720
350861649660380,4103040
350861684544130,4103360
350861725920745,4103680
350861764514599,4104000
350861805185276,4104320
350861846742620,4104640
350861887283036,4104960
350861925015432,4105280
350861965708140,4105600
350862008678974,4105920
350862048588609,4106240
350862086243297,4106560
350862124599599,4106880
350862169770692,4107200
350862207819651,4107520
350862246319494,4107840
350862286124390,4108160
350862325624078,4108480
350862369508453,4108800
350862406185171,4109120
350862444589494,4109440
350862490522411,4109760
350862524499807,4110080
350862566328505,4110400
350862604225692,4110720
350862646118296,4111040
350862686489234,4111360
350862724597723,4111680
350862766051421,4112000
350862806182359,4112320
350862844043244,4112640
350862884195171,4112960
350862929838817,4113280
350862965873661,4113600
350863005606005,4113920
350863045370952,4114240
350863085451838,4114560
350863125203557,4114880
350863166877411,4115200
350863204642411,4115520
350863246994754,4115840
350863286100692,4116160
350863325290692,4116480
350863364918192,4116800
350863410652515,4117120
350863445104598,4117440
350863486182411,4117760
350863525352827,4118080
350863565752463,4118400
350863609667306,4118720
350863649168400,4119040
350863684395119,4119360
350863727026525,4119680
350863766538296,4120000
350863809747723,4120320
350863847343921,4120640
350863886122202,4120960
350863930092619,4121280
350863965614494,4121600
350864008952046,4121920
350864046696056,4122240
350864088766577,4122560
350864125583452,4122880
350864166926317,4123200
350864205340692,4123520
350864249833296,4123840
350864287774181,4124160
350864330202983,4124480
350864366389754,4124800
350864406054233,4125120
350864446499389,4125440
350864489517410,4125760
350864526955431,4126080
350864566728556,4126400
350864604290639,4126720
350864649283243,4127040
350864685379754,4127360
350864726215952,4127680
350864764899129,4128000
350864809276108,4128320
350864849826421,4128640
350864885683348,4128960
350864924301733,4129280
350864967029493,4129600
350865009475223,4129920
350865050803295,4130240
350865085636629,4130560
350865125610275,4130880
350865169996629,4131200
350865205514597,4131520
350865248395327,4131840
350865285704337,4132160
350865331024129,4132480
350865369419493,4132800
350865404133452,4133120
350865446214806,4133440
350865489793243,4133760
350865525842254,4134080
350865564855639,4134400
350865606231420,4134720
350865646129701,4135040
350865685391733,4135360
350865726624597,4135680
350865767009285,4136000
350865804584233,4136320
350865846333764,4136640
350865888803608,4136960
350865926318399,4137280
350865965014649,4137600
350866005046160,4137920
350866046192045,4138240
350866090948660,4138560
350866125146941,4138880
350866168367878,4139200
350866205993607,4139520
350866249601732,4139840
350866289290587,4140160
350866327413920,4140480
350866370310847,4140800
350866406473087,4141120
350866446216524,4141440
350866486028972,4141760
350866525623868,4142080
350866565766003,4142400
350866609718920,4142720
350866648980743,4143040
350866689659389,4143360
350866726306784,4143680
350866764678034,4144000
350866809126107,4144320
350866849541576,4144640
350866883978295,4144960
350866927728191,4145280
350866967685482,4145600
350867004727722,4145920
350867048094336,4146240
350867091513920,4146560
350867125100534,4146880
350867168971524,4147200
350867205610795,4147520
350867250997097,4147840
350867289700378,4148160
350867328368972,4148480
350867367762305,4148800
350867409375274,4149120
350867445473451,4149440
350867487075847,4149760
350867524457461,4150080
350867567737722,4150400
350867609013763,4150720
350867644595534,4151040
350867685452513,4151360
350867726356680,4151680
350867764969076,4152000
350867809511315,4152320
350867846468971,4152640
350867889815221,4152960
350867929965430,4153280
350867967264023,4153600
350868004999128,4153920
350868046943346,4154240
350868090856680,4154560
350868126318294,4154880
350868165293086,4155200
350868210079180,4155520
350868249005638,4155840
350868285051628,4156160
350868324762096,4156480
350868366139492,4156800
350868406249284,4157120
350868448271523,4157440
350868487396263,4157760
350868524829336,4158080
350868565417721,4158400
350868609821732,4158720
350868645971419,4159040
350868687591940,4159360
350868725742773,4159680
350868766289804,4160000
350868804508450,4160320
350868847935221,4160640
350868891086523,4160960
350868925400481,4161280
350868968379075,4161600
350869012267461,4161920
350869046384856,4162240
350869084703554,4162560
350869125251836,4162880
350869170702513,4163200
350869210950013,4163520
350869247411315,4163840
350869284918085,4164160
350869327988085,4164480
350869367834179,4164800
350869406108085,4165120
350869446040012,4165440
350869485600846,4165760
350869526526887,4166080
350869565694231,4166400
350869606220221,4166720
350869649637408,4167040
350869686153867,4167360
350869726722669,4167680
350869766442929,4168000
350869806354335,4168320
350869850319908,4168640
350869885135898,4168960
350869925225429,4169280
350869966605794,4169600
350870004679856,4169920
350870047019075,4170240
350870090475585,4170560
350870125377043,4170880
350870168683606,4171200
350870204594387,4171520
350870249917096,4171840
350870287540012,4172160
350870325915585,4172480
350870366791002,4172800
350870405083189,4173120
350870449534752,4173440
350870485476106,4173760
350870524798345,4174080
350870565398762,4174400
350870610688033,4174720
350870646001002,4175040
350870690762408,4175360
350870726508710,4175680
350870765194804,4176000
350870807802720,4176320
350870845826262,4176640
350870891694127,4176960
350870925674752,4177280
350870967024283,4177600
350871009263970,4177920
350871045389335,4178240
350871091042460,4178560
350871124940637,4178880
350871166439908,4179200
350871206821522,4179520
350871249823241,4179840
350871289933137,4180160
350871326045064,4180480
350871365844231,4180800
350871407368762,4181120
350871446021314,4181440
350871486488605,4181760
350871526627147,4182080
350871566804491,4182400
350871609694908,4182720
350871645878553,4183040
350871684721105,4183360
350871726376626,4183680
350871765108241,4184000
350871810710480,4184320
350871846208762,4184640
350871889140428,4184960
350871924961678,4185280
350871967549751,4185600
350872004445116,4185920
350872044766157,4186240
350872086352564,4186560
350872124575793,4186880
350872164561261,4187200
350872207727876,4187520
350872249226209,4187840
350872287446418,4188160
350872326840480,4188480
350872366005845,4188800
350872406328293,4189120
350872450978657,4189440
350872486858084,4189760
350872525998345,4190080
350872566603501,4190400
350872606292407,4190720
350872645871105,4191040
350872684580324,4191360
350872724915636,4191680
350872764649126,4192000
350872812226365,4192320
350872849804126,4192640
350872887609282,4192960
350872927061261,4193280
350872965180480,4193600
350873006703969,4193920
350873046168605,4194240
350873087552980,4194560
350873124591313,4194880
350873167850740,4195200
350873210788396,4195520
350873245480376,4195840
350873284594594,4196160
350873326676678,4196480
350873365875324,4196800
350873404527771,4197120
350873446593136,4197440
350873484979959,4197760
350873525467303,4198080
350873567615271,4198400
350873608970844,4198720
350873650913657,4199040
350873684993761,4199360
350873731003917,4199680
350873765332615,4200000
350873808269646,4200320
350873848884125,4200640
350873888368084,4200960
350873926173396,4201280
350873965960063,4201600
350874010745323,4201920
350874049547250,4202240
350874089982875,4202560
350874125281834,4202880
350874164514073,4203200
350874206200115,4203520
350874249467979,4203840
350874285663552,4204160
350874327945479,4204480
350874367497563,4204800
350874412047771,4205120
350874450076677,4205440
350874485035375,4205760
350874524781365,4206080
350874568918865,4206400
350874606819438,4206720
350874648130583,4207040
350874686281573,4207360
350874724768135,4207680
350874767263031,4208000
350874806163708,4208320
350874845345479,4208640
350874886106104,4208960
350874925707927,4209280
350874967034802,4209600
350875006932562,4209920
350875049724229,4210240
350875085262875,4210560
350875125945844,4210880
350875164613292,4211200
350875211260010,4211520
350875252087979,4211840
350875291033083,4212160
350875325566417,4212480
350875365547979,4212800
350875407874177,4213120
350875449739489,4213440
350875485257719,4213760
350875525186625,4214080
350875567479646,4214400
350875610915114,4214720
350875644767562,4215040
350875683519854,4215360
350875724248812,4215680
350875763687562,4216000
350875804730427,4216320
350875844114541,4216640
350875891415062,4216960
350875930399385,4217280
350875965096208,4217600
350876009117041,4217920
350876045215270,4218240
350876086140166,4218560
350876130979854,4218880
350876164833552,4219200
350876205736104,4219520
350876245856052,4219840
350876285243604,4220160
350876324071677,4220480
350876364368760,4220800
350876404959958,4221120
350876444596416,4221440
350876483863031,4221760
350876525799072,4222080
350876566455843,4222400
350876604620947,4222720
350876644129020,4223040
350876683985478,4223360
350876724279228,4223680
350876765340270,4224000
350876803901051,4224320
350876846532458,4224640
350876885111833,4224960
350876925364853,4225280
350876965013083,4225600
350877004689228,4225920
350877046577301,4226240
350877085850999,4226560
350877123947093,4226880
350877164548343,4227200
350877206358603,4227520
350877251289749,4227840
350877286155999,4228160
350877328324697,4228480
350877366412718,4228800
350877404814957,4229120
350877448928291,4229440
350877485796728,4229760
350877526193134,4230080
350877566219280,4230400
350877606590686,4230720
350877644992978,4231040
350877689012770,4231360
350877724692457,4231680
350877766371936,4232000
350877809556988,4232320
350877847389801,4232640
350877885708499,4232960
350877926187874,4233280
350877965471832,4233600
350878006810061,4233920
350878044324176,4234240
350878085056780,4234560
350878124211884,4234880
350878164677874,4235200
350878210025530,4235520
350878247539436,4235840
350878287752249,4236160
350878327627145,4236480
350878365221572,4236800
350878405295322,4237120
350878446283603,4237440
350878485364801,4237760
350878524820113,4238080
350878569503655,4238400
350878606912144,4238720
350878647073551,4239040
350878690784853,4239360
350878728417561,4239680
350878766148655,4240000
350878805459801,4240320
350878849842509,4240640
350878884828915,4240960
350878926305113,4241280
350878964807509,4241600
350879009264436,4241920
350879050545738,4242240
350879086235530,4242560
350879124548759,4242880
350879164555530,4243200
350879210276936,4243520
350879251333498,4243840
350879284587457,4244160
350879326472405,4244480
350879365395530,4244800
350879412104957,4245120
350879451948550,4245440
350879485502821,4245760
350879525411884,4246080
350879569819852,4246400
350879611562561,4246720
350879647878550,4247040
350879689730061,4247360
350879725717456,4247680
350879766213498,4248000
350879804970269,4248320
350879845534071,4248640
350879887238342,4248960
350879926700425,4249280
350879966337717,4249600
350880005159227,4249920
350880045423915,4250240
350880090601050,4250560
350880126161363,4250880
350880165446571,4251200
350880206814331,4251520
350880245561206,4251840
350880285597560,4252160
350880330752769,4252480
350880367051362,4252800
350880411919800,4253120
350880445696362,4253440
350880487058706,4253760
350880526426467,4254080
350880569545737,4254400
350880611199956,4254720
350880644478602,4255040
350880689564019,4255360
350880727021206,4255680
350880766411675,4256000
350880806346050,4256320
350880849712039,4256640
350880889825737,4256960
350880930023289,4257280
350880966282664,4257600
350881005560998,4257920
350881045320477,4258240
350881085330581,4258560
350881130916987,4258880
350881164562977,4259200
350881207825893,4259520
350881247524591,4259840
350881285551831,4260160
350881330523237,4260480
350881365382873,4260800
350881411701987,4261120
350881452243654,4261440
350881483925945,4261760
350881528074591,4262080
350881566795685,4262400
350881612264435,4262720
350881644487456,4263040
350881687548133,4263360
350881730429643,4263680
350881765905893,4264000
350881810971987,4264320
350881849542352,4264640
350881885974279,4264960
350881926170529,4265280
350881966375372,4265600
350882006481831,4265920
350882046346518,4266240
350882086357195,4266560
350882124299018,4266880
350882169763810,4267200
350882205728133,4267520
350882243999383,4267840
350882285544591,4268160
350882328848445,4268480
350882364523914,4268800
350882404727143,4269120
350882448134070,4269440
350882485648445,4269760
350882526220320,4270080
350882568363341,4270400
350882605991049,4270720
350882645253810,4271040
350882690071622,4271360
350882726040632,4271680
350882764955268,4272000
350882805547507,4272320
350882846489643,4272640
350882889928184,4272960
350882929690789,4273280
350882967535372,4273600
350883005403601,4273920
350883045834278,4274240
350883091965789,4274560
350883124257924,4274880
350883168162820,4275200
350883204815736,4275520
350883248053236,4275840
350883286223445,4276160
350883325593549,4276480
350883366982247,4276800
350883409775216,4277120
350883451560736,4277440
350883488132351,4277760
350883524832090,4278080
350883567323913,4278400
350883607666518,4278720
350883645716153,4279040
350883686157195,4279360
350883727361882,4279680
350883766422611,4280000
350883805197663,4280320
350883847898392,4280640
350883890762924,4280960
350883925354330,4281280
350883965569955,4281600
350884005043288,4281920
350884050894799,4282240
350884089631934,4282560
350884125262194,4282880
350884166236569,4283200
350884207626778,4283520
350884244724382,4283840
350884284998601,4284160
350884325267455,4284480
350884365994746,4284800
350884407926361,4285120
350884446652767,4285440
350884486420371,4285760
350884526799746,4286080
350884569773913,4286400
350884605319278,4286720
350884644712038,4287040
350884684535788,4287360
350884729684382,4287680
350884766344798,4288000
350884808778288,4288320
350884844513288,4288640
350884886829121,4288960
350884929833548,4289280
350884969160007,4289600
350885005356517,4289920
350885049865423,4290240
350885088529850,4290560
350885129013079,4290880
350885165377663,4291200
350885206937038,4291520
350885246784798,4291840
350885286900736,4292160
350885326125111,4292480
350885366196621,4292800
350885405522819,4293120
350885447720006,4293440
350885489081413,4293760
350885526176308,4294080
350885566187402,4294400
350885606710788,4294720
350885647937767,4295040
350885687367142,4295360
350885725907038,4295680
350885764730996,4296000
350885806744485,4296320
350885846212090,4296640
350885888369642,4296960
350885929098965,4297280
350885970091517,4297600
350886009348965,4297920
350886049938860,4298240
350886090836985,4298560
350886124830423,4298880
350886169751048,4299200
350886205101360,4299520
350886245142767,4299840
350886284984173,4300160
350886326363964,4300480
350886365395006,4300800
350886409073235,4301120
350886444501777,4301440
350886484315735,4301760
350886525035579,4302080
350886564983131,4302400
350886611023600,4302720
350886646228756,4303040
350886688273860,4303360
350886732272610,4303680
350886766195787,4304000
350886810100683,4304320
350886846253652,4304640
350886890598287,4304960
350886929798235,4305280
350886966747922,4305600
350887004113131,4305920
350887048819277,4306240
350887086014329,4306560
350887125990318,4306880
350887166964641,4307200
350887204457870,4307520
350887246052037,4307840
350887284626152,4308160
350887324763756,4308480
350887364117818,4308800
350887406759120,4309120
350887445830474,4309440
350887486407454,4309760
350887524806776,4310080
350887566196464,4310400
350887607836099,4310720
350887649776256,4311040
350887688596256,4311360
350887730326464,4311680
350887766562610,4312000
350887804630891,4312320
350887846016672,4312640
350887890776672,4312960
350887923860110,4313280
350887964237662,4313600
350888005983130,4313920
350888050893964,4314240
350888086597037,4314560
350888125502922,4314880
350888170099589,4315200
350888207861672,4315520
350888247311880,4315840
350888286524328,4316160
350888324402505,4316480
350888364900057,4316800
350888409076516,4317120
350888444633078,4317440
350888485221516,4317760
350888523650266,4318080
350888569161047,4318400
350888604067766,4318720
350888645876932,4319040
350888692706568,4319360
350888723480630,4319680
350888763781307,4320000
350888803845786,4320320
350888844028599,4320640
350888884203443,4320960
350888924628338,4321280
350888964329484,4321600
350889004697609,4321920
350889044712974,4322240
350889090516411,4322560
350889124863234,4322880
350889168138234,4323200
350889204841047,4323520
350889244816099,4323840
350889283511724,4324160
350889324902192,4324480
350889364708234,4324800
350889406718338,4325120
350889446504744,4325440
350889486917609,4325760
350889526928130,4326080
350889564844588,4326400
350889606082661,4326720
350889646793338,4327040
350889688010057,4327360
350889724740109,4327680
350889764964796,4328000
350889810882973,4328320
350889843994067,4328640
350889884979119,4328960
350889930268963,4329280
350889966959432,4329600
350890009759015,4329920
350890048128546,4330240
350890089323755,4330560
350890124087088,4330880
350890169988494,4331200
350890204903859,4331520
350890248983286,4331840
350890288469119,4332160
350890326252296,4332480
350890369359223,4332800
350890406114796,4333120
350890445318650,4333440
350890485885942,4333760
350890526861202,4334080
350890566597296,4334400
350890608687661,4334720
350890645916567,4335040
350890685335890,4335360
350890725320161,4335680
350890765135004,4336000
350890804291359,4336320
350890848682140,4336640
350890887824952,4336960
350890926869379,4337280
350890965185161,4337600
350891004872817,4337920
350891045255577,4338240
350891092013858,4338560
350891124353338,4338880
350891169216463,4339200
350891204977244,4339520
350891246537556,4339840
350891288241879,4340160
350891326206723,4340480
350891364876775,4340800
350891409872921,4341120
350891445374587,4341440
350891485796827,4341760
350891525195681,4342080
350891565709692,4342400
350891609372192,4342720
350891647318962,4343040
350891689840108,4343360
350891724657973,4343680
350891765812921,4344000
350891805730473,4344320
350891845482869,4344640
350891888571931,4344960
350891925615473,4345280
350891964893129,4345600
350892011714327,4345920
350892052326254,4346240
350892090455108,4346560
350892126335889,4346880
350892167635941,4347200
350892204364327,4347520
350892249704952,4347840
350892286215785,4348160
350892325043962,4348480
350892366369431,4348800
350892410988597,4349120
350892450691306,4349440
350892484180472,4349760
350892526052347,4350080
350892566441670,4350400
350892609750056,4350720
350892647864743,4351040
350892688495368,4351360
350892725350837,4351680
350892765820733,4352000
350892808849118,4352320
350892845115108,4352640
350892884767035,4352960
350892930911254,4353280
350892966401566,4353600
350893004966618,4353920
350893050135264,4354240
350893085610733,4354560
350893125877660,4354880
350893170483233,4355200
350893204680628,4355520
350893244942816,4355840
350893286261149,4356160
350893329275420,4356480
350893365131410,4356800
350893408377868,4357120
350893447000785,4357440
350893486490524,4357760
350893524756410,4358080
350893566755160,4358400
350893611682764,4358720
350893650044795,4359040
350893689721566,4359360
350893725188753,4359680
350893764745993,4360000
350893810723180,4360320
350893850068701,4360640
350893885591201,4360960
350893930094534,4361280
350893964176149,4361600
350894007285732,4361920
350894046855680,4362240
350894085411461,4362560
350894126320993,4362880
350894167883128,4363200
350894204514951,4363520
350894248582868,4363840
350894284042295,4364160
350894326276253,4364480
350894365206670,4364800
350894410606201,4365120
350894449850888,4365440
350894484150211,4365760
350894524831045,4366080
350894565368597,4366400
350894607047242,4366720
350894647452347,4367040
350894684151826,4367360
350894727618232,4367680
350894764821097,4368000
350894804166930,4368320
350894844353857,4368640
350894885319794,4368960
350894925506097,4369280
350894965361097,4369600
350895004347086,4369920
350895046713388,4370240
350895084847659,4370560
350895125695367,4370880
350895165487607,4371200
350895204433492,4371520
350895245442971,4371840
350895285300732,4372160
350895326773909,4372480
350895364481461,4372800
350895407979013,4373120
350895446391878,4373440
350895485196825,4373760
350895525890888,4374080
350895565920055,4374400
350895604369950,4374720
350895645331617,4375040
350895687868023,4375360
350895728053440,4375680
350895765238127,4376000
350895805014586,4376320
350895848010367,4376640
350895884872971,4376960
350895925625888,4377280
350895965393440,4377600
350896005106461,4377920
350896045971669,4378240
350896086182450,4378560
350896125683544,4378880
350896164506304,4379200
350896204434429,4379520
350896244585002,4379840
350896296240054,4380160
350896323434638,4380480
350896363282450,4380800
350896403525315,4381120
350896444139273,4381440
350896483906981,4381760
350896523960627,4382080
350896566958856,4382400
350896605305783,4382720
350896644317450,4383040
350896685887606,4383360
350896725702606,4383680
350896765327294,4384000
350896805846512,4384320
350896845847398,4384640
350896884325210,4384960
350896925517450,4385280
350896965730627,4385600
350897009911200,4385920
350897049665106,4386240
350897087375002,4386560
350897126176408,4386880
350897164700887,4387200
350897204370939,4387520
350897248497814,4387840
350897285050679,4388160
350897324959116,4388480
350897366227346,4388800
350897409094377,4389120
350897445331773,4389440
350897486027918,4389760
350897524680523,4390080
350897567662866,4390400
350897604239585,4390720
350897648430731,4391040
350897684428595,4391360
350897727525002,4391680
350897765470731,4392000
350897806648752,4392320
350897845410314,4392640
350897889167033,4392960
350897925255575,4393280
350897967748283,4393600
350898006355522,4393920
350898045751825,4394240
350898086621929,4394560
350898126336981,4394880
350898170991252,4395200
350898205303804,4395520
350898246237554,4395840
350898286335158,4396160
350898326982137,4396480
350898366865783,4396800
350898406266043,4397120
350898448716199,4397440
350898487340522,4397760
350898525044741,4398080
350898565749116,4398400
350898606768960,4398720
350898648246928,4399040
350898689378126,4399360
350898724656668,4399680
350898766406408,4400000
350898806827449,4400320
350898849907553,4400640
350898889593230,4400960
350898928634220,4401280
350898967411199,4401600
350899006088543,4401920
350899047546876,4402240
350899086724428,4402560
350899127896043,4402880
350899165964324,4403200
350899205993855,4403520
350899245895574,4403840
350899286399272,4404160
350899324782084,4404480
350899364701512,4404800
350899404920939,4405120
350899444695001,4405440
350899486428543,4405760
350899525432397,4406080
350899564888855,4406400
350899607079116,4406720
350899648844793,4407040
350899686727918,4407360
350899727424324,4407680
350899764780105,4408000
350899805557761,4408320
350899848344845,4408640
350899886190886,4408960
350899925204376,4409280
350899970757293,4409600
350900004343855,4409920
350900050364532,4410240
350900085096042,4410560
350900131225990,4410880
350900170886667,4411200
350900204801459,4411520
350900249855313,4411840
350900284651407,4412160
350900331022136,4412480
350900365976303,4412800
350900406600261,4413120
350900446218334,4413440
350900485172188,4413760
350900526066094,4414080
350900569392344,4414400
350900605386667,4414720
350900650198959,4415040
350900690552709,4415360
350900729479115,4415680
350900766843073,4416000
350900804531459,4416320
350900849494584,4416640
350900889637501,4416960
350900924963803,4417280
350900966297500,4417600
350901008044532,4417920
350901046061511,4418240
350901083770053,4418560
350901123467917,4418880
350901163941355,4419200
350901204935365,4419520
350901245798802,4419840
350901284136250,4420160
350901324641198,4420480
350901366958594,4420800
350901407788907,4421120
350901447826459,4421440
350901484769532,4421760
350901524148542,4422080
350901565854427,4422400
350901606035625,4422720
350901645719584,4423040
350901684427709,4423360
350901725320677,4423680
350901764473334,4424000
350901803510156,4424320
350901844721198,4424640
350901886281563,4424960
350901924313125,4425280
350901966867083,4425600
350902007203906,4425920
350902045646250,4426240
350902083499063,4426560
350902125307396,4426880
350902163749427,4427200
350902204943385,4427520
350902244695365,4427840
350902284776667,4428160
350902324649687,4428480
350902364465833,4428800
350902404495260,4429120
350902445615781,4429440
350902486061094,4429760
350902524655000,4430080
350902566260937,4430400
350902604716406,4430720
350902644786042,4431040
350902685196458,4431360
350902724141406,4431680
350902765941041,4432000
350902804862760,4432320
350902845532083,4432640
350902885599375,4432960
350902926660729,4433280
350902964608750,4433600
350903010318906,4433920
350903046088698,4434240
350903085224948,4434560
350903124689583,4434880
350903165521302,4435200
350903205885833,4435520
350903249226770,4435840
350903288339687,4436160
350903328785000,4436480
350903364951770,4436800
350903405797031,4437120
350903446324635,4437440
350903484854166,4437760
350903527626666,4438080
350903568380208,4438400
350903608525416,4438720
350903650631927,4439040
350903688776510,4439360
350903725734427,4439680
350903766081666,4440000
350903806424531,4440320
350903852002447,4440640
350903885795364,4440960
350903926012812,4441280
350903965763645,4441600
350904011053281,4441920
350904045985833,4442240
350904084458489,4442560
350904126052656,4442880
350904168738697,4443200
350904205381822,4443520
350904245468645,4443840
350904285415937,4444160
350904328408697,4444480
350904365605937,4444800
350904405211041,4445120
350904445614739,4445440
350904486177707,4445760
350904524954582,4446080
350904569656978,4446400
350904609863385,4446720
350904650569062,4447040
350904689218072,4447360
350904730072395,4447680
350904764757499,4448000
350904805198749,4448320
350904845171301,4448640
350904889871978,4448960
350904923668853,4449280
350904964211249,4449600
350905005127603,4449920
350905045909478,4450240
350905086153020,4450560
350905124287863,4450880
350905166812343,4451200
350905204608593,4451520
350905248761197,4451840
350905287557134,4452160
350905328664790,4452480
350905366926145,4452800
350905405989478,4453120
350905449877186,4453440
350905484854843,4453760
350905525731509,4454080
350905565789113,4454400
350905608837915,4454720
350905645271457,4455040
350905688610624,4455360
350905724893019,4455680
350905765083749,4456000
350905805100259,4456320
350905848673697,4456640
350905885287655,4456960
350905925576509,4457280
350905968999321,4457600
350906005521457,4457920
350906045731665,4458240
350906085017863,4458560
350906125123905,4458880
350906168109113,4459200
350906206193957,4459520
350906248315207,4459840
350906285145571,4460160
350906326162290,4460480
350906364269113,4460800
350906405127394,4461120
350906448749894,4461440
350906488947238,4461760
350906525815259,4462080
350906568273384,4462400
350906605705571,4462720
350906646085467,4463040
350906685062863,4463360
350906727915467,4463680
350906765048019,4464000
350906806147082,4464320
350906845297863,4464640
350906889009529,4464960
350906929982446,4465280
350906968128436,4465600
350907007014634,4465920
350907044908331,4466240
350907085708227,4466560
350907124592759,4466880
350907166166456,4467200
350907205677967,4467520
350907245029425,4467840
350907285823956,4468160
350907326216508,4468480
350907364578279,4468800
350907408058696,4469120
350907444926300,4469440
350907490081300,4469760
350907524343748,4470080
350907564734633,4470400
350907611007498,4470720
350907650859842,4471040
350907689363852,4471360
350907731293331,4471680
350907764728279,4472000
350907805560987,4472320
350907843624165,4472640
350907888993487,4472960
350907928387602,4473280
350907967683644,4473600
350908003599998,4473920
350908048179321,4474240
350908085352185,4474560
350908125666716,4474880
350908168647289,4475200
350908209236612,4475520
350908245232133,4475840
350908285559425,4476160
350908328223123,4476480
350908365870154,4476800
350908405425050,4477120
350908447735414,4477440
350908485637862,4477760
350908525012602,4478080
350908565836039,4478400
350908604573070,4478720
350908645560362,4479040
350908685808904,4479360
350908726003487,4479680
350908762954477,4480000
350908805638956,4480320
350908845810831,4480640
350908884851195,4480960
350908923969060,4481280
350908964069164,4481600
350909004063279,4481920
350909043717497,4482240
350909084723331,4482560
350909124304529,4482880
350909164119164,4483200
350909203940206,4483520
350909244288747,4483840
350909284469841,4484160
350909324739476,4484480
350909364107081,4484800
350909403941195,4485120
350909444527289,4485440
350909483797497,4485760
350909524592914,4486080
350909564399945,4486400
350909603891456,4486720
350909643637705,4487040
350909684998278,4487360
350909724462601,4487680
350909765500987,4488000
350909805728278,4488320
350909846299841,4488640
350909884776247,4488960
350909924893122,4489280
350909967488903,4489600
350910006938382,4489920
350910049956455,4490240
350910088836247,4490560
350910124773226,4490880
350910166499737,4491200
350910204729789,4491520
350910246214059,4491840
350910291661507,4492160
350910325334893,4492480
350910367822341,4492800
350910409536351,4493120
350910452035934,4493440
350910486299059,4493760
350910527655778,4494080
350910568393903,4494400
350910611049997,4494720
350910647754580,4495040
350910685389372,4495360
350910728684580,4495680
350910766730986,4496000
350910805340465,4496320
350910844949268,4496640
350910891697340,4496960
350910931837653,4497280
350910967039945,4497600
350911006090309,4497920
350911045930205,4498240
350911090105726,4498560
350911126584580,4498880
350911165100101,4499200
350911206056403,4499520
350911245328538,4499840
350911286752392,4500160
350911330713694,4500480
350911367386090,4500800
350911404409163,4501120
350911449956299,4501440
350911489966403,4501760
350911527004267,4502080
350911564936246,4502400
350911605656455,4502720
350911649457548,4503040
350911689929528,4503360
350911726268851,4503680
350911765473851,4504000
350911806968642,4504320
350911847822444,4504640
350911890088538,4504960
350911929880048,4505280
350911965230830,4505600
350912006289007,4505920
350912050440413,4506240
350912092148173,4506560
350912124386975,4506880
350912163349840,4507200
350912209712392,4507520
350912244336142,4507840
350912289562861,4508160
350912327518017,4508480
350912370172548,4508800
350912407927444,4509120
350912449036402,4509440
350912487014527,4509760
350912528285777,4510080
350912566855465,4510400
350912611708486,4510720
350912649197704,4511040
350912686096454,4511360
350912727917027,4511680
350912765044631,4512000
350912807429527,4512320
350912852365725,4512640
350912886345413,4512960
350912925341142,4513280
350912963976819,4513600
350913005553590,4513920
350913044400933,4514240
350913083904631,4514560
350913125585673,4514880
350913165011767,4515200
350913205245256,4515520
350913244776402,4515840
350913285738329,4516160
350913330389371,4516480
350913370137652,4516800
350913405347808,4517120
350913449576246,4517440
350913488262756,4517760
350913528395673,4518080
350913567364527,4518400
350913605530777,4518720
350913652221714,4519040
350913690274266,4519360
350913728099110,4519680
350913764798850,4520000
350913805125568,4520320
350913849182964,4520640
350913889734787,4520960
350913928457496,4521280
350913966140048,4521600
350914008346662,4521920
350914044844214,4522240
350914090496402,4522560
350914124619006,4522880
350914166088850,4523200
350914205566245,4523520
350914244747131,4523840
350914284957860,4524160
350914324607704,4524480
350914367020100,4524800
350914408973850,4525120
350914445008277,4525440
350914485232235,4525760
350914525576558,4526080
350914566062547,4526400
350914610560464,4526720
350914646240620,4527040
350914686831245,4527360
350914729208641,4527680
350914766894110,4528000
350914807575985,4528320
350914845013120,4528640
350914884412703,4528960
350914929562391,4529280
350914969672703,4529600
350915010747547,4529920
350915047993381,4530240
350915089847756,4530560
350915124603380,4530880
350915166020516,4531200
350915208612287,4531520
350915244588797,4531840
350915287049526,4532160
350915325422599,4532480
350915365074682,4532800
350915408410932,4533120
350915446673745,4533440
350915490618953,4533760
350915525793485,4534080
350915569635672,4534400
350915608501505,4534720
350915644615151,4535040
350915689889526,4535360
350915726496349,4535680
350915766476818,4536000
350915806031609,4536320
350915845797964,4536640
350915885308328,4536960
350915929843589,4537280
350915967463432,4537600
350916010624943,4537920
350916049832547,4538240
350916088969213,4538560
350916124602391,4538880
350916165187182,4539200
350916210003640,4539520
350916250231401,4539840
350916288054109,4540160
350916326089943,4540480
350916364502234,4540800
350916405343953,4541120
350916447402963,4541440
350916488834838,4541760
350916525361661,4542080
350916568435463,4542400
350916605328797,4542720
350916650101088,4543040
350916685712130,4543360
350916726436505,4543680
350916765130932,4544000
350916806972234,4544320
350916850014421,4544640
350916886987442,4544960
350916925046713,4545280
350916967305671,4545600
350917009635984,4545920
350917049619265,4546240
350917084600098,4546560
350917125810463,4546880
350917169601296,4547200
350917211001036,4547520
350917248937703,4547840
350917289674057,4548160
350917331033848,4548480
350917365161661,4548800
350917409785307,4549120
350917444848640,4549440
350917485964578,4549760
350917524784994,4550080
350917569650202,4550400
350917607876817,4550720
350917647823484,4551040
350917691321869,4551360
350917726825984,4551680
350917765789525,4552000
350917805411452,4552320
350917846254161,4552640
350917889973275,4552960
350917929556452,4553280
350917965332390,4553600
350918004760306,4553920
350918050445515,4554240
350918084009681,4554560
350918129463067,4554880
350918166726348,4555200
350918209334369,4555520
350918247435515,4555840
350918289796088,4556160
350918326800567,4556480
350918365439890,4556800
350918408484421,4557120
350918449918796,4557440
350918485311088,4557760
350918524696400,4558080
350918569517598,4558400
350918609928952,4558720
350918650148015,4559040
350918685230046,4559360
350918725206244,4559680
350918767622858,4560000
350918806511244,4560320
350918845498275,4560640
350918884983483,4560960
350918926190567,4561280
350918965867962,4561600
350919005413431,4561920
350919049051348,4562240
350919088074108,4562560
350919127568119,4562880
350919169066035,4563200
350919206086139,4563520
350919246104733,4563840
350919287859681,4564160
350919330845775,4564480
350919364780723,4564800
350919410465514,4565120
350919444729264,4565440
350919485234525,4565760
350919525937754,4566080
350919566379785,4566400
350919610538795,4566720
350919647549160,4567040
350919688704577,4567360
350919726805202,4567680
350919766960879,4568000
350919808340410,4568320
350919849231608,4568640
350919890792493,4568960
350919930700202,4569280
350919969862337,4569600
350920011909368,4569920
350920045319681,4570240
350920087915514,4570560
350920126331660,4570880
350920168282389,4571200
350920206495201,4571520
350920250987545,4571840
350920288293274,4572160
350920326276660,4572480
350920364907128,4572800
350920408166347,4573120
350920444907024,4573440
350920489807910,4573760
350920525105566,4574080
350920565041712,4574400
350920611964003,4574720
350920650935097,4575040
350920686514264,4575360
350920728006920,4575680
350920766310566,4576000
350920810500826,4576320
350920845835826,4576640
350920884477337,4576960
350920929779420,4577280
350920968631451,4577600
350921011525305,4577920
350921045182024,4578240
350921084593951,4578560
350921125562337,4578880
350921169772284,4579200
350921208782909,4579520
350921245289420,4579840
350921284339524,4580160
350921326265670,4580480
350921366149941,4580800
350921405831086,4581120
350921446558847,4581440
350921487963899,4581760
350921525356763,4582080
350921568850201,4582400
350921604589368,4582720
350921645563847,4583040
350921688296034,4583360
350921725366711,4583680
350921765274732,4584000
350921805247493,4584320
350921845783118,4584640
350921884964159,4584960
350921928811503,4585280
350921967934576,4585600
350922005553170,4585920
350922045104992,4586240
350922085273690,4586560
350922124711294,4586880
350922166588430,4587200
350922205183117,4587520
350922247852492,4587840
350922289141867,4588160
350922327054680,4588480
350922366435149,4588800
350922408233274,4589120
350922444522440,4589440
350922487578846,4589760
350922526483794,4590080
350922568238169,4590400
350922609280826,4590720
350922645091659,4591040
350922689297076,4591360
350922727617701,4591680
350922765702128,4592000
350922808231555,4592320
350922848459419,4592640
350922887564680,4592960
350922925673273,4593280
350922967330200,4593600
350923008373898,4593920
350923049344055,4594240
350923085220044,4594560
350923123807127,4594880
350923164491242,4595200
350923204489315,4595520
350923249457127,4595840
350923285788742,4596160
350923328133117,4596480
350923368640357,4596800
350923408695409,4597120
350923446333534,4597440
350923484676034,4597760
350923525367284,4598080
350923568705148,4598400
350923606753846,4598720
350923646058950,4599040
350923684906398,4599360
350923726193325,4599680
350923765958169,4600000
350923808822388,4600320
350923845065200,4600640
350923886389940,4600960
350923928352908,4601280
350923966338065,4601600
350924008804679,4601920
350924045124627,4602240
350924087422387,4602560
350924124012544,4602880
350924166079106,4603200
350924205241762,4603520
350924249629419,4603840
350924285057960,4604160
350924326958064,4604480
350924366169158,4604800
350924408627075,4605120
350924445632544,4605440
350924488676294,4605760
350924526262908,4606080
350924565451658,4606400
350924606931189,4606720
350924644998169,4607040
350924689060408,4607360
350924725478689,4607680
350924764797231,4608000
350924808011398,4608320
350924848562596,4608640
350924888633012,4608960
350924924027596,4609280
350924967649731,4609600
350925004746085,4609920
350925046488741,4610240
350925085851137,4610560
350925129066658,4610880
350925168507439,4611200
350925208673116,4611520
350925245294470,4611840
350925284434054,4612160
350925325628168,4612480
350925367689783,4612800
350925408284470,4613120
350925448075772,4613440
350925485339158,4613760
350925524763272,4614080
350925566906658,4614400
350925609094835,4614720
350925645395460,4615040
350925685514835,4615360
350925724505304,4615680
350925765524626,4616000
350925809364783,4616320
350925849346137,4616640
350925885454366,4616960
350925927083689,4617280
350925964644418,4617600
350926004706762,4617920
350926044271918,4618240
350926086903480,4618560
350926124329418,4618880
350926165192283,4619200
350926205542387,4619520
350926243902855,4619840
350926284512855,4620160
350926324709157,4620480
350926367794835,4620800
350926405384105,4621120
350926444653532,4621440
350926485858637,4621760
350926524993584,4622080
350926564594053,4622400
350926604976345,4622720
350926644931293,4623040
350926685642178,4623360
350926727981241,4623680
350926765248011,4624000
350926804456293,4624320
350926847086866,4624640
350926886135668,4624960
350926925754991,4625280
350926966790980,4625600
350927004812230,4625920
350927045480199,4626240
350927088381345,4626560
350927124731136,4626880
350927165943324,4627200
350927208949365,4627520
350927248551084,4627840
350927284638532,4628160
350927326313636,4628480
350927365588115,4628800
350927403571709,4629120
350927449686865,4629440
350927492368428,4629760
350927525440876,4630080
350927570781917,4630400
350927622517542,4630720
350927648669730,4631040
350927715236032,4631360
350927785522021,4631680
350927785675771,4632000
350927808854417,4632320
350927850330303,4632640
350927883369157,4632960
350927967676761,4633280
350927982019365,4633600
350928020483948,4633920
350928068264209,4634240
350928087589261,4634560
350928128223480,4634880
350928163900042,4635200
350928203159417,4635520
350928244261761,4635840
350928298522021,4636160
350928325455928,4636480
350928378039573,4636800
350928409035719,4637120
350928449771552,4637440
350928488750459,4637760
350928523941709,4638080
350928569394261,4638400
350928605506292,4638720
350928651918219,4639040
350928686225875,4639360
350928731782854,4639680
350928767533011,4640000
350928803878532,4640320
350928843550563,4640640
350928883439209,4640960
350928923872177,4641280
350928964466969,4641600
350929003821656,4641920
350929044275094,4642240
350929084110146,4642560
350929123850615,4642880
350929163112333,4643200
350929206531396,4643520
350929246128427,4643840
350929283682802,4644160
350929323403635,4644480
350929363819781,4644800
350929403360667,4645120
350929443299781,4645440
350929484691083,4645760
350929524021448,4646080
350929563377750,4646400
350929603234833,4646720
350929643282333,4647040
350929685272333,4647360
350929723873010,4647680
350929764103531,4648000
350929803440250,4648320
350929843213583,4648640
350929883728375,4648960
350929923352750,4649280
350929963539989,4649600
350930003571969,4649920
350930045906760,4650240
350930085352646,4650560
350930123390666,4650880
350930163392854,4651200
350930204725458,4651520
350930243254468,4651840
350930283250562,4652160
350930323055041,4652480
350930363919989,4652800
350930403571812,4653120
350930443938531,4653440
350930483410510,4653760
350930523322802,4654080
350930563943427,4654400
350930603479312,4654720
350930643776708,4655040
350930684440614,4655360
350930723870302,4655680
350930763345562,4656000
350930803057489,4656320
350930843517124,4656640
350930885016083,4656960
350930925809156,4657280
350930965147541,4657600
350931004696291,4657920
350931044692385,4658240
350931085039781,4658560
350931123894156,4658880
350931164617801,4659200
350931205196760,4659520
350931244496499,4659840
350931285522853,4660160
350931324594676,4660480
350931365186603,4660800
350931405318322,4661120
350931445610249,4661440
350931485162593,4661760
350931524406708,4662080
350931564403530,4662400
350931605336030,4662720
350931644244103,4663040
350931685242593,4663360
350931725611187,4663680
350931765443843,4664000
350931804966916,4664320
350931845369572,4664640
350931884521603,4664960
350931925630822,4665280
350931963321968,4665600
350932005269728,4665920
350932045777957,4666240
350932083784364,4666560
350932124352593,4666880
350932164480666,4667200
350932204946030,4667520
350932244473947,4667840
350932284772436,4668160
350932325108426,4668480
350932364939051,4668800
350932406107957,4669120
350932445083686,4669440
350932485839676,4669760
350932524786811,4670080
350932567740093,4670400
350932605750353,4670720
350932646375822,4671040
350932685290561,4671360
350932726196447,4671680
350932764868374,4672000
350932805259624,4672320
350932844576290,4672640
350932884685040,4672960
350932924334988,4673280
350932964387645,4673600
350933003917124,4673920
350933043627384,4674240
350933085359415,4674560
350933125121655,4674880
350933164300926,4675200
350933204016134,4675520
350933243890509,4675840
350933284831082,4676160
350933326606759,4676480
350933365153009,4676800
350933403692436,4677120
350933443573426,4677440
350933484432592,4677760
350933524972748,4678080
350933564229051,4678400
350933604510144,4678720
350933644038478,4679040
350933683977019,4679360
350933723610353,4679680
350933764393530,4680000
350933803825144,4680320
350933844568946,4680640
350933884148165,4680960
350933925369675,4681280
350933967922957,4681600
350934004066707,4681920
350934043720925,4682240
350934084888113,4682560
350934124229571,4682880
350934164001186,4683200
350934203584727,4683520
350934243969154,4683840
350934283548061,4684160
350934324714154,4684480
350934365129779,4684800
350934403361811,4685120
350934446880717,4685440
350934484867384,4685760
350934525756186,4686080
350934569424727,4686400
350934604870821,4686720
350934648541342,4687040
350934684806706,4687360
350934726591863,4687680
350934765300560,4688000
350934805077123,4688320
350934844743321,4688640
350934883867540,4688960
350934923422383,4689280
350934963087019,4689600
350935004685352,4689920
350935044843060,4690240
350935083576237,4690560
350935124526758,4690880
350935164103998,4691200
350935203845977,4691520
350935245231967,4691840
350935284102592,4692160
350935323601133,4692480
350935365203425,4692800
350935403706342,4693120
350935444645508,4693440
350935485041185,4693760
350935524461081,4694080
350935565034466,4694400
350935605182487,4694720
350935646573060,4695040
350935685784258,4695360
350935724803477,4695680
350935766174779,4696000
350935808138477,4696320
350935846606081,4696640
350935884972591,4696960
350935924077852,4697280
350935966382383,4697600
350936007717800,4697920
350936044855143,4698240
350936088461862,4698560
350936124246602,4698880
350936164733477,4699200
350936204538841,4699520
350936244169518,4699840
350936286650820,4700160
350936332260195,4700480
350936363890560,4700800
350936403904414,4701120
350936443749987,4701440
350936487811029,4701760
350936523731497,4702080
350936564088841,4702400
350936604058945,4702720
350936644149570,4703040
350936684006601,4703360
350936724028893,4703680
350936763369935,4704000
350936804152695,4704320
350936844553997,4704640
350936885137435,4704960
350936924771445,4705280
350936965327955,4705600
350937005742955,4705920
350937050397591,4706240
350937088799830,4706560
350937124921601,4706880
350937164074987,4707200
350937205739414,4707520
350937244944882,4707840
350937286079466,4708160
350937326499101,4708480
350937363857435,4708800
350937405039570,4709120
350937444828841,4709440
350937488261653,4709760
350937524966757,4710080
350937566125195,4710400
350937605194049,4710720
350937647952539,4711040
350937684728268,4711360
350937724767278,4711680
350937765749257,4712000
350937804775976,4712320
350937844677851,4712640
350937886691341,4712960
350937925266913,4713280
350937963698111,4713600
350938004612695,4713920
350938045291236,4714240
350938087296705,4714560
350938123884726,4714880
350938163064101,4715200
350938206173997,4715520
350938244626913,4715840
350938284039049,4716160
350938324321757,4716480
350938363595351,4716800
350938404074674,4717120
350938443442538,4717440
350938484223059,4717760
350938525080507,4718080
350938564325976,4718400
350938606338476,4718720
350938645489726,4719040
350938686005038,4719360
350938723860194,4719680
350938764203319,4720000
350938806224413,4720320
350938843631132,4720640
350938883711132,4720960
350938923824309,4721280
350938963775090,4721600
350939004251757,4721920
350939043977382,4722240
350939084034882,4722560
350939124392434,4722880
350939164798840,4723200
350939205369309,4723520
350939244119569,4723840
350939284178528,4724160
350939324151080,4724480
350939365358892,4724800
350939405121236,4725120
350939444889413,4725440
350939485379361,4725760
350939524946184,4726080
350939564758580,4726400
350939604211392,4726720
350939644406444,4727040
350939683777902,4727360
350939723305767,4727680
350939763473215,4728000
350939803403579,4728320
350939843573319,4728640
350939884071652,4728960
350939924245038,4729280
350939965656236,4729600
350940004346079,4729920
350940043539725,4730240
350940084099725,4730560
350940123839725,4730880
350940164897329,4731200
350940203882381,4731520
350940244819413,4731840
350940284855610,4732160
350940324648006,4732480
350940364446183,4732800
350940403695194,4733120
350940444825923,4733440
350940483905610,4733760
350940524326287,4734080
350940564988996,4734400
350940604867746,4734720
350940645032850,4735040
350940685126548,4735360
350940724487277,4735680
350940764522642,4736000
350940805553839,4736320
350940844583892,4736640
350940884783891,4736960
350940925275819,4737280
350940964913683,4737600
350941004514569,4737920
350941043273319,4738240
350941086045141,4738560
350941125136079,4738880
350941164313891,4739200
350941204576183,4739520
350941244776600,4739840
350941285015350,4740160
350941326256652,4740480
350941364114256,4740800
350941404102433,4741120
350941445504881,4741440
350941485449933,4741760
350941525367485,4742080
350941565683943,4742400
350941604767693,4742720
350941644824725,4743040
350941688245141,4743360
350941724568422,4743680
350941764768266,4744000
350941804152016,4744320
350941843968110,4744640
350941884238006,4744960
350941924836235,4745280
350941964119047,4745600
350942003734568,4745920
350942043293214,4746240
350942085741183,4746560
350942123428526,4746880
350942163165297,4747200
350942204064203,4747520
350942244694985,4747840
350942285074516,4748160
350942323845089,4748480
350942365119516,4748800
350942404285714,4749120
350942444662745,4749440
350942485484047,4749760
350942525008735,4750080
350942565391964,4750400
350942604080297,4750720
350942644898005,4751040
350942684602016,4751360
350942725393057,4751680
350942765859568,4752000
350942804715089,4752320
350942844627693,4752640
350942884881599,4752960
350942924886807,4753280
350942965014464,4753600
350943004829724,4753920
350943044778057,4754240
350943084866495,4754560
350943125054568,4754880
350943164460714,4755200
350943204852484,4755520
350943243845818,4755840
350943284800766,4756160
350943324860401,4756480
350943363928734,4756800
350943404550297,4757120
350943443501963,4757440
350943484859828,4757760
350943525966234,4758080
350943564934568,4758400
350943604527797,4758720
350943645005922,4759040
350943683482797,4759360
350943725055140,4759680
350943764316390,4760000
350943804552224,4760320
350943844898057,4760640
350943884841547,4760960
350943924945401,4761280
350943964655922,4761600
350944004975922,4761920
350944044868474,4762240
350944085415974,4762560
350944125559463,4762880
350944164278838,4763200
350944204549359,4763520
350944244845661,4763840
350944284800244,4764160
350944324813890,4764480
350944365155817,4764800
350944405412536,4765120
350944445240505,4765440
350944485031026,4765760
350944525020348,4766080
350944564869619,4766400
350944606021807,4766720
350944644827588,4767040
350944685035609,4767360
350944724826755,4767680
350944765616078,4768000
350944805250453,4768320
350944844607692,4768640
350944884069098,4768960
350944924661598,4769280
350944964803265,4769600
350945005099150,4769920
350945045341911,4770240
350945085899463,4770560
350945124803004,4770880
350945164387432,4771200
350945204467379,4771520
350945244472640,4771840
350945285086129,4772160
350945324827536,4772480
350945365536963,4772800
350945404471181,4773120
350945444696806,4773440
350945484637327,4773760
350945525552536,4774080
350945564358056,4774400
350945604291494,4774720
350945645112431,4775040
350945684782535,4775360
350945724490921,4775680
350945765433317,4776000
350945805280504,4776320
350945846245921,4776640
350945884887327,4776960
350945925326442,4777280
350945964898629,4777600
350946005153681,4777920
350946044965035,4778240
350946085084567,4778560
350946124894358,4778880
350946164793837,4779200
350946205044254,4779520
350946244503629,4779840
350946284595869,4780160
350946324598889,4780480
350946364508212,4780800
350946404766754,4781120
350946444871233,4781440
350946485289671,4781760
350946524799514,4782080
350946564829202,4782400
350946604507118,4782720
350946644495816,4783040
350946684583316,4783360
350946724674618,4783680
350946763723993,4784000
350946804889410,4784320
350946844348577,4784640
350946885088837,4784960
350946924626806,4785280
350946964511233,4785600
350947004486962,4785920
350947043795139,4786240
350947085310139,4786560
350947124807691,4786880
350947164553889,4787200
350947204395504,4787520
350947244860608,4787840
350947284727222,4788160
350947324831077,4788480
350947364251910,4788800
350947404585868,4789120
350947444564358,4789440
350947484607691,4789760
350947524539774,4790080
350947565346910,4790400
350947605511076,4790720
350947644798576,4791040
350947684595295,4791360
350947726514097,4791680
350947766355816,4792000
350947804854826,4792320
350947844630816,4792640
350947884462847,4792960
350947924202535,4793280
350947965014566,4793600
350948004478680,4793920
350948044230243,4794240
350948085232951,4794560
350948124578316,4794880
350948165025399,4795200
350948204894982,4795520
350948245508680,4795840
350948285216024,4796160
350948326000816,4796480
350948364187222,4796800
350948404524201,4797120
350948444328628,4797440
350948484191701,4797760
350948524410711,4798080
350948564754357,4798400
350948605352691,4798720
350948644640555,4799040
350948685179774,4799360
350948724540659,4799680
350948764551180,4800000
350948803772899,4800320
350948844924878,4800640
350948884893159,4800960
350948924834461,4801280
350948964797690,4801600
350949004609565,4801920
350949044551805,4802240
350949084712118,4802560
350949126067847,4802880
350949165166545,4803200
350949205511649,4803520
350949244712690,4803840
350949284587170,4804160
350949325238420,4804480
350949365009565,4804800
350949403758159,4805120
350949444678419,4805440
350949484836336,4805760
350949525240451,4806080
350949564707378,4806400
350949604744305,4806720
350949645048784,4807040
350949684981440,4807360
350949726104826,4807680
350949764881336,4808000
350949804797274,4808320
350949844890763,4808640
350949884943940,4808960
350949925396128,4809280
350949964873888,4809600
350950004907690,4809920
350950044781857,4810240
350950084881492,4810560
350950125012794,4810880
350950164664565,4811200
350950206127898,4811520
350950245493523,4811840
350950284674200,4812160
350950324511700,4812480
350950364624357,4812800
350950405198627,4813120
350950444925242,4813440
350950484620711,4813760
350950525258211,4814080
350950565669982,4814400
350950605518159,4814720
350950645081127,4815040
350950689284096,4815360
350950724471492,4815680
350950765862534,4816000
350950804754252,4816320
350950845203784,4816640
350950885796961,4816960
350950925999304,4817280
350950965559721,4817600
350951005037429,4817920
350951044083523,4818240
350951084731127,4818560
350951124578523,4818880
350951164978210,4819200
350951204498367,4819520
350951244270398,4819840
350951283935919,4820160
350951324463471,4820480
350951364995346,4820800
350951404389877,4821120
350951444672637,4821440
350951485331648,4821760
350951524724096,4822080
350951564590450,4822400
350951604406231,4822720
350951644498262,4823040
350951685187273,4823360
350951724390189,4823680
350951764416804,4824000
350951804764669,4824320
350951844608523,4824640
350951885826127,4824960
350951924873783,4825280
350951964877741,4825600
350952005942741,4825920
350952043957793,4826240
350952083974721,4826560
350952124654981,4826880
350952164985502,4827200
350952205384304,4827520
350952247065241,4827840
350952285094252,4828160
350952324691387,4828480
350952364434564,4828800
350952403962950,4829120
350952444776856,4829440
350952484610189,4829760
350952525173158,4830080
350952564612793,4830400
350952604956700,4830720
350952645670397,4831040
350952684791699,4831360
350952726647585,4831680
350952764529616,4832000
350952805143470,4832320
350952844743210,4832640
350952884727429,4832960
350952924779147,4833280
350952964551126,4833600
350953004824199,4833920
350953044206804,4834240
350953084817116,4834560
350953126124876,4834880
350953164552012,4835200
350953205112064,4835520
350953244507533,4835840
350953284162845,4836160
350953324317949,4836480
350953364853158,4836800
350953404788262,4837120
350953444424564,4837440
350953485119095,4837760
350953524375762,4838080
350953564116126,4838400
350953604447116,4838720
350953643708314,4839040
350953684082637,4839360
350953723968105,4839680
350953764914251,4840000
350953803959251,4840320
350953844028314,4840640
350953883732168,4840960
350953923619720,4841280
350953963978105,4841600
350954004065449,4841920
350954043971595,4842240
350954084125293,4842560
350954124875918,4842880
350954165549876,4843200
350954204571386,4843520
350954245292220,4843840
350954284514147,4844160
350954324939563,4844480
350954364877063,4844800
350954404524199,4845120
350954444929251,4845440
350954485014615,4845760
350954524593522,4846080
350954564836178,4846400
350954605764876,4846720
350954645075813,4847040
350954684841490,4847360
350954724687740,4847680
350954764496282,4848000
350954804401855,4848320
350954846086438,4848640
350954884379251,4848960
350954924902324,4849280
350954964436594,4849600
350955004707792,4849920
350955045102688,4850240
350955084903313,4850560
350955123975501,4850880
350955163719251,4851200
350955204310709,4851520
350955243645865,4851840
350955283630553,4852160
350955324011855,4852480
350955364269771,4852800
350955404339771,4853120
350955443430240,4853440
350955483463261,4853760
350955523778053,4854080
350955564918834,4854400
350955603899303,4854720
350955643722375,4855040
350955684077271,4855360
350955723823365,4855680
350955764300865,4856000
350955803875240,4856320
350955844173782,4856640
350955884572375,4856960
350955924103052,4857280
350955963639094,4857600
350956003574042,4857920
350956044222479,4858240
350956084804302,4858560
350956125072792,4858880
350956165472948,4859200
350956205013834,4859520
350956244773000,4859840
350956284915604,4860160
350956324934927,4860480
350956365204511,4860800
350956404486073,4861120
350956445042063,4861440
350956485475865,4861760
350956525074511,4862080
350956565103417,4862400
350956605015500,4862720
350956644388104,4863040
350956684595500,4863360
350956724683417,4863680
350956764790969,4864000
350956804808729,4864320
350956844651073,4864640
350956884728208,4864960
350956924752531,4865280
350956964626594,4865600
350957004977062,4865920
350957044757635,4866240
350957084991646,4866560
350957124287844,4866880
350957164758625,4867200
350957204650292,4867520
350957244743208,4867840
350957285525812,4868160
350957326546594,4868480
350957365678833,4868800
350957405032791,4869120
350957444646906,4869440
350957485002271,4869760
350957524748885,4870080
350957564855083,4870400
350957605082062,4870720
350957645630864,4871040
350957684444823,4871360
350957725008104,4871680
350957765043520,4872000
350957804773364,4872320
350957844797114,4872640
350957884788052,4872960
350957925536072,4873280
350957965837895,4873600
350958004465395,4873920
350958044825916,4874240
350958084956593,4874560
350958124300968,4874880
350958164933104,4875200
350958205815916,4875520
350958245139562,4875840
350958284584041,4876160
350958325525760,4876480
350958365032062,4876800
350958403546906,4877120
350958444764041,4877440
350958484362166,4877760
350958525459718,4878080
350958565356541,4878400
350958604752635,4878720
350958645352791,4879040
350958684369406,4879360
350958724683051,4879680
350958763754041,4880000
350958804222166,4880320
350958845111905,4880640
350958885475864,4880960
350958924267739,4881280
350958965050135,4881600
350959004898312,4881920
350959044275343,4882240
350959085430864,4882560
350959124593832,4882880
350959165219666,4883200
350959205215239,4883520
350959245233155,4883840
350959284699718,4884160
350959324385551,4884480
350959363780916,4884800
350959404425187,4885120
350959444821905,4885440
350959485111176,4885760
350959524199926,4886080
350959564622634,4886400
350959604795030,4886720
350959644665447,4887040
350959684841228,4887360
350959724523051,4887680
350959764280759,4888000
350959804858728,4888320
350959844880707,4888640
350959884574301,4888960
350959925488936,4889280
350959963631228,4889600
350960004505759,4889920
350960044764353,4890240
350960085143988,4890560
350960124895134,4890880
350960164988728,4891200
350960205487947,4891520
350960244971540,4891840
350960285803051,4892160
350960324972322,4892480
350960364551801,4892800
350960405678676,4893120
350960446113988,4893440
350960484764405,4893760
350960524607374,4894080
350960564592686,4894400
350960604657738,4894720
350960645534196,4895040
350960684564249,4895360
350960724963051,4895680
350960764922478,4896000
350960804945603,4896320
350960844700655,4896640
350960884746957,4896960
350960925781384,4897280
350960964674769,4897600
350961005799040,4897920
350961045348675,4898240
350961085448103,4898560
350961124103155,4898880
350961164830811,4899200
350961205564977,4899520
350961244960498,4899840
350961284415811,4900160
350961324782738,4900480
350961364835707,4900800
350961404935915,4901120
350961445049613,4901440
350961484961436,4901760
350961524835707,4902080
350961564557894,4902400
350961604657061,4902720
350961645208519,4903040
350961684827894,4903360
350961724756123,4903680
350961764545498,4904000
350961805647425,4904320
350961845692165,4904640
350961884734508,4904960
350961924840602,4905280
350961964843258,4905600
350962004936436,4905920
350962045377633,4906240
350962084524248,4906560
350962124719508,4906880
350962164919092,4907200
350962205108988,4907520
350962244843883,4907840
350962284844300,4908160
350962324807529,4908480
350962364765081,4908800
350962405663050,4909120
350962444830862,4909440
350962484718571,4909760
350962524515602,4910080
350962564524873,4910400
350962604703987,4910720
350962643453935,4911040
350962684926696,4911360
350962724767946,4911680
350962764793414,4912000
350962804794091,4912320
350962844727894,4912640
350962884618987,4912960
350962924884300,4913280
350962964741956,4913600
350963004800862,4913920
350963044759143,4914240
350963084692373,4914560
350963124898154,4914880
350963164393206,4915200
350963203959404,4915520
350963243903362,4915840
350963284679039,4916160
350963324331175,4916480
350963365184873,4916800
350963404395966,4917120
350963444173102,4917440
350963484662216,4917760
350963524917997,4918080
350963564630862,4918400
350963604003310,4918720
350963645014612,4919040
350963684620185,4919360
350963725444247,4919680
350963766943102,4920000
350963804355341,4920320
350963844640758,4920640
350963884467737,4920960
350963924707008,4921280
350963965513622,4921600
350964004815914,4921920
350964044605653,4922240
350964085001851,4922560
350964125243935,4922880
350964164293049,4923200
350964204592476,4923520
350964244452581,4923840
350964284022997,4924160
350964324835653,4924480
350964363348622,4924800
350964403744351,4925120
350964443347737,4925440
350964484986330,4925760
350964523615132,4926080
350964564563049,4926400
350964603662268,4926720
350964645037112,4927040
350964683694768,4927360
350964723564872,4927680
350964763625653,4928000
350964803712945,4928320
350964843220757,4928640
350964884362632,4928960
350964923969820,4929280
350964964097945,4929600
350965004167997,4929920
350965046249716,4930240
350965085154924,4930560
350965124414559,4930880
350965165215861,4931200
350965204370601,4931520
350965244998309,4931840
350965284751226,4932160
350965324286122,4932480
350965367362007,4932800
350965403723257,4933120
350965449887997,4933440
350965489598622,4933760
350965525731747,4934080
350965564098309,4934400
350965603627580,4934720
350965643605132,4935040
350965684057163,4935360
350965723967945,4935680
350965763835445,4936000
350965803438778,4936320
350965843450965,4936640
350965884262892,4936960
350965923595705,4937280
350965963890028,4937600
350966003585340,4937920
350966044719142,4938240
350966085990288,4938560
350966170308726,4938880
350966194093986,4939200
350966206036174,4939520
350966331382371,4939840
350966331595132,4940160
350966342400548,4940480
350966414511851,4940800
350966414724559,4941120
350966517543309,4941440
350966517715809,4941760
350966527059507,4942080
350966565092996,4942400
350966605540392,4942720
350966651715132,4943040
350966718019090,4943360
350966736106434,4943680
350966794428777,4944000
350966823779611,4944320
350966852025080,4944640
350966891755757,4944960
350966924326121,4945280
350966967381329,4945600
350967006710600,4945920
350967045214350,4946240
350967086458048,4946560
350967123726746,4946880
350967163701954,4947200
350967203861381,4947520
350967246247475,4947840
350967286236850,4948160
350967324028204,4948480
350967363479402,4948800
350967404197475,4949120
350967443233881,4949440
350967484102475,4949760
350967524312058,4950080
350967563701850,4950400
350967604266173,4950720
350967644350392,4951040
350967683658777,4951360
350967724180288,4951680
350967764261537,4952000
350967804414298,4952320
350967847140965,4952640
350967883737944,4952960
350967927992840,4953280
350967964113881,4953600
350968003703673,4953920
350968047455079,4954240
350968085196589,4954560
350968123462579,4954880
350968163452214,4955200
350968204233725,4955520
350968243676016,4955840
350968285686121,4956160
350968323657683,4956480
350968363428100,4956800
350968403614871,4957120
350968449419089,4957440
350968484910912,4957760
350968532495287,4958080
350968563636746,4958400
350968603881746,4958720
350968644539089,4959040
350968683802579,4959360
350968723593412,4959680
350968768361225,4960000
350968804506277,4960320
350968844333725,4960640
350968883470912,4960960
350968929517683,4961280
350968965388360,4961600
350969004073725,4961920
350969049804454,4962240
350969086431797,4962560
350969123853412,4962880
350969168672214,4963200
350969211394818,4963520
350969248474193,4963840
350969287877162,4964160
350969323891120,4964480
350969363989558,4964800
350969403987735,4965120
350969443923204,4965440
350969483571381,4965760
350969524208203,4966080
350969566814245,4966400
350969605642891,4966720
350969644237995,4967040
350969683868099,4967360
350969724342943,4967680
350969764732943,4968000
350969804195860,4968320
350969844126172,4968640
350969883567005,4968960
350969924158672,4969280
350969965190235,4969600
350970004331068,4969920
350970043396432,4970240
350970084211328,4970560
350970123625912,4970880
350970165093568,4971200
350970206891224,4971520
350970248941537,4971840
350970285261380,4972160
350970324357734,4972480
350970365491901,4972800
350970403773880,4973120
350970444870026,4973440
350970484330026,4973760
350970524362422,4974080
350970565079297,4974400
350970604341536,4974720
350970644091797,4975040
350970684482005,4975360
350970724806328,4975680
350970765688203,4976000
350970804524297,4976320
350970844207161,4976640
350970884698047,4976960
350970924763411,4977280
350970965833411,4977600
350971004630807,4977920
350971043978776,4978240
350971085864922,4978560
350971125937526,4978880
350971166786901,4979200
350971204463620,4979520
350971244305755,4979840
350971284537630,4980160
350971329457734,4980480
350971366804505,4980800
350971403809922,4981120
350971443998463,4981440
350971484136328,4981760
350971529063515,4982080
350971566530963,4982400
350971604083724,4982720
350971644369192,4983040
350971685070651,4983360
350971724514140,4983680
350971763750234,4984000
350971804733098,4984320
350971843902526,4984640
350971885141223,4984960
350971924507109,4985280
350971964779192,4985600
350972003647057,4985920
350972046501328,4986240
350972084339192,4986560
350972126206484,4986880
350972163681900,4987200
350972204047577,4987520
350972244290598,4987840
350972284343359,4988160
350972323957057,4988480
350972364054452,4988800
350972405001588,4989120
350972443793567,4989440
350972485454088,4989760
350972525623671,4990080
350972564194609,4990400
350972603730390,4990720
350972644398202,4991040
350972684441796,4991360
350972724299869,4991680
350972763847109,4992000
350972804216327,4992320
350972844909765,4992640
350972884165702,4992960
350972924790025,4993280
350972964300911,4993600
350973003475910,4993920
350973044736119,4994240
350973086287265,4994560
350973124263775,4994880
350973164014817,4995200
350973204005181,4995520
350973244142056,4995840
350973284458671,4996160
350973323529452,4996480
350973364044087,4996800
350973404229817,4997120
350973443913671,4997440
350973484100494,4997760
350973524037629,4998080
350973564079608,4998400
350973603807212,4998720
350973645303879,4999040
350973684406431,4999360
350973727605806,4999680
350973764092994,5000000
350973803828566,5000320
350973845817160,5000640
350973884480754,5000960
350973923997368,5001280
350973967386379,5001600
350974003975233,5001920
350974046881275,5002240
350974085562577,5002560
350974124387525,5002880
350974165380754,5003200
350974206561223,5003520
350974245233358,5003840
350974284474035,5004160
350974323830233,5004480
350974364553827,5004800
350974404796170,5005120
350974446331118,5005440
350974484414920,5005760
350974524464868,5006080
350974572712004,5006400
350974603808358,5006720
350974644740441,5007040
350974684072212,5007360
350974724333879,5007680
350974763751326,5008000
350974803984504,5008320
350974844103358,5008640
350974884973254,5008960
350974924746379,5009280
350974964229920,5009600
350975004924347,5009920
350975045184451,5010240
350975085012160,5010560
350975125968670,5010880
350975164221066,5011200
350975205113722,5011520
350975245038514,5011840
350975285156795,5012160
350975324993253,5012480
350975364259972,5012800
350975404744607,5013120
350975446295805,5013440
350975485050076,5013760
350975525296326,5014080
350975564628201,5014400
350975604298618,5014720
350975647736014,5015040
350975683655232,5015360
350975724830649,5015680
350975763695128,5016000
350975804859243,5016320
350975846143774,5016640
350975884656170,5016960
350975924791586,5017280
350975964096378,5017600
350976004897524,5017920
350976045995649,5018240
350976086601586,5018560
350976124906534,5018880
350976164393722,5019200
350976205226534,5019520
350976246150232,5019840
350976284884295,5020160
350976324867836,5020480
350976363970545,5020800
350976405550961,5021120
350976445994763,5021440
350976485039034,5021760
350976525403253,5022080
350976564063201,5022400
350976604924451,5022720
350976645521378,5023040
350976684620649,5023360
350976725249815,5023680
350976764587836,5024000
350976805213878,5024320
350976844162992,5024640
350976884724086,5024960
350976924913721,5025280
350976964149555,5025600
350977004587107,5025920
350977046672367,5026240
350977083692784,5026560
350977123778409,5026880
350977163596534,5027200
350977204532576,5027520
350977244297784,5027840
350977284525492,5028160
350977324894555,5028480
350977365478096,5028800
350977404353721,5029120
350977445141534,5029440
350977484758773,5029760
350977524701534,5030080
350977564763409,5030400
350977604672055,5030720
350977644341013,5031040
350977684515336,5031360
350977724504034,5031680
350977765214346,5032000
350977805393669,5032320
350977844174034,5032640
350977884339242,5032960
350977924239554,5033280
350977964598721,5033600
350978004507107,5033920
350978044930440,5034240
350978084733304,5034560
350978124944606,5034880
350978165102471,5035200
350978204673773,5035520
350978244940127,5035840
350978284835127,5036160
350978324608565,5036480
350978366299606,5036800
350978404199242,5037120
350978444517783,5037440
350978484532731,5037760
350978524628356,5038080
350978564725908,5038400
350978604550856,5038720
350978644087367,5039040
350978684860960,5039360
350978725478669,5039680
350978765225492,5040000
350978804691169,5040320
350978844280700,5040640
350978885220960,5040960
350978924722210,5041280
350978964424450,5041600
350979004685179,5041920
350979044507835,5042240
350979084970804,5042560
350979125598356,5042880
350979165112262,5043200
350979204381741,5043520
350979246535335,5043840
350979284614294,5044160
350979324592575,5044480
350979364383356,5044800
350979404805596,5045120
350979443957471,5045440
350979485389450,5045760
350979525081846,5046080
350979565691116,5046400
350979605480804,5046720
350979644483668,5047040
350979683375752,5047360
350979723548877,5047680
350979763593095,5048000
350979803412106,5048320
350979843905022,5048640
350979883567418,5048960
350979924031845,5049280
350979965111272,5049600
350980004533564,5049920
350980044475074,5050240
350980084817522,5050560
350980125311272,5050880
350980164229502,5051200
350980204342366,5051520
350980244673668,5051840
350980284393356,5052160
350980324336637,5052480
350980364109397,5052800
350980403776793,5053120
350980444667262,5053440
350980485162939,5053760
350980524213408,5054080
350980563964033,5054400
350980604828460,5054720
350980644409970,5055040
350980684896272,5055360
350980724144605,5055680
350980763942366,5056000
350980804520960,5056320
350980846331168,5056640
350980884745335,5056960
350980924074137,5057280
350980964830699,5057600
350981003715855,5057920
350981043958824,5058240
350981084812001,5058560
350981125630126,5058880
350981164384762,5059200
350981204313043,5059520
350981245133720,5059840
350981284189709,5060160
350981328316324,5060480
350981364326220,5060800
350981404495751,5061120
350981446041428,5061440
350981484084970,5061760
350981523941532,5062080
350981563805022,5062400
350981604503668,5062720
350981643270126,5063040
350981681916220,5063360
350981724752209,5063680
350981764405178,5064000
350981804749501,5064320
350981844206949,5064640
350981884409397,5064960
350981924119449,5065280
350981965573355,5065600
350982005000126,5065920
350982044318615,5066240
350982084907365,5066560
350982127068042,5066880
350982164297209,5067200
350982203887522,5067520
350982245204969,5067840
350982284301792,5068160
350982324342730,5068480
350982364548667,5068800
350982404286896,5069120
350982445644969,5069440
350982486897626,5069760
350982524391167,5070080
350982564938407,5070400
350982605679344,5070720
350982645485021,5071040
350982687282782,5071360
350982725749032,5071680
350982765942886,5072000
350982804774865,5072320
350982848524657,5072640
350982884592209,5072960
350982925041011,5073280
350982964800490,5073600
350983005334761,5073920
350983046099552,5074240
350983086029865,5074560
350983126072052,5074880
350983165014761,5075200
350983204866948,5075520
350983246162677,5075840
350983284836323,5076160
350983325364604,5076480
350983364380542,5076800
350983405487938,5077120
350983447808563,5077440
350983485514761,5077760
350983524289084,5078080
350983563063927,5078400
350983602307729,5078720
350983646642104,5079040
350983684613146,5079360
350983725324240,5079680
350983763992573,5080000
350983804859448,5080320
350983847526583,5080640
350983884805125,5080960
350983925079344,5081280
350983964038354,5081600
350984004800073,5081920
350984047663458,5082240
350984084817469,5082560
350984125683875,5082880
350984163972000,5083200
350984205941531,5083520
350984245381375,5083840
350984284862521,5084160
350984325132937,5084480
350984363944552,5084800
350984404237312,5085120
350984444114552,5085440
350984484723510,5085760
350984524413198,5086080
350984564300802,5086400
350984605113458,5086720
350984643528666,5087040
350984684745646,5087360
350984725409864,5087680
350984764100021,5088000
350984805002312,5088320
350984844283771,5088640
350984884419916,5088960
350984925530281,5089280
350984964821791,5089600
350985004340854,5089920
350985044996062,5090240
350985084461218,5090560
350985125209135,5090880
350985164329968,5091200
350985205990073,5091520
350985244978510,5091840
350985286128510,5092160
350985324916843,5092480
350985364550489,5092800
350985404452364,5093120
350985445024968,5093440
350985484674499,5093760
350985525120645,5094080
350985564514239,5094400
350985604481895,5094720
350985645529968,5095040
350985684226687,5095360
350985725025072,5095680
350985765835593,5096000
350985805078145,5096320
350985844586843,5096640
350985884284291,5096960
350985924910593,5097280
350985965300124,5097600
350986004139864,5097920
350986044333041,5098240
350986085272103,5098560
350986125160020,5098880
350986164536478,5099200
350986204101530,5099520
350986244397937,5099840
350986284799447,5100160
350986324245905,5100480
350986364714603,5100800
350986405061426,5101120
350986445069655,5101440
350986484937676,5101760
350986525483562,5102080
350986564580489,5102400
350986604760645,5102720
350986645499603,5103040
350986684556687,5103360
350986725322364,5103680
350986765259707,5104000
350986804590072,5104320
350986845139499,5104640
350986884717155,5104960
350986924895541,5105280
350986965037624,5105600
350987004698978,5105920
350987046865749,5106240
350987084572884,5106560
350987125305436,5106880
350987165391322,5107200
350987204554082,5107520
350987244944551,5107840
350987284714082,5108160
350987326478874,5108480
350987365599603,5108800
350987404459343,5109120
350987444705749,5109440
350987484791530,5109760
350987526060228,5110080
350987565675124,5110400
350987604460228,5110720
350987646290436,5111040
350987684775540,5111360
350987724974603,5111680
350987764902728,5112000
350987803901374,5112320
350987844328613,5112640
350987884668040,5112960
350987926159967,5113280
350987965859394,5113600
350988005056790,5113920
350988044675071,5114240
350988084775801,5114560
350988125938873,5114880
350988164429655,5115200
350988203866582,5115520
350988244178509,5115840
350988284744082,5116160
350988325628978,5116480
350988364695696,5116800
350988403897311,5117120
350988443689342,5117440
350988483533509,5117760
350988523947727,5118080
350988563919863,5118400
350988604078977,5118720
350988645931998,5119040
350988684352102,5119360
350988724896425,5119680
350988763724082,5120000
350988803966634,5120320
350988844597988,5120640
350988884122832,5120960
350988923499759,5121280
350988963548404,5121600
350989003852988,5121920
350989044888509,5122240
350989083928977,5122560
350989123772154,5122880
350989163566373,5123200
350989203593821,5123520
350989244609758,5123840
350989285451113,5124160
350989323515123,5124480
350989364231061,5124800
350989403940852,5125120
350989448191165,5125440
350989483873665,5125760
350989523791790,5126080
350989563568300,5126400
350989603653665,5126720
350989643541529,5127040
350989683762779,5127360
350989723533612,5127680
350989763382519,5128000
350989803447310,5128320
350989844477154,5128640
350989884028144,5128960
350989924548248,5129280
350989964177519,5129600
350990004063300,5129920
350990044698352,5130240
350990084855279,5130560
350990124640227,5130880
350990165061737,5131200
350990203740852,5131520
350990244304133,5131840
350990283646946,5132160
350990323328039,5132480
350990363245643,5132800
350990403372258,5133120
350990444117935,5133440
350990483439029,5133760
350990523541789,5134080
350990564404862,5134400
350990607538300,5134720
350990646815070,5135040
350990682087570,5135360
350990721856268,5135680
350990764090435,5136000
350990803891268,5136320
350990846761372,5136640
350990885298195,5136960
350990924053820,5137280
350990963966581,5137600
350991003414549,5137920
350991044150852,5138240
350991083859966,5138560
350991124274289,5138880
350991164309862,5139200
350991204497154,5139520
350991244232154,5139840
350991287477310,5140160
350991324676997,5140480
350991363527987,5140800
350991403404185,5141120
350991444326893,5141440
350991484173768,5141760
350991524232935,5142080
350991563800278,5142400
350991604069237,5142720
350991645086320,5143040
350991684382622,5143360
350991725730018,5143680
350991764338195,5144000
350991803984341,5144320
350991845444966,5144640
350991883869028,5144960
350991925778351,5145280
350991964191528,5145600
350992004988455,5145920
350992045039914,5146240
350992087489080,5146560
350992125880643,5146880
350992163349393,5147200
350992206723455,5147520
350992246387726,5147840
350992284195799,5148160
350992323550591,5148480
350992365186528,5148800
350992404120851,5149120
350992444837309,5149440
350992484133507,5149760
350992523832986,5150080
350992563919236,5150400
350992604820122,5150720
350992645779653,5151040
350992691083143,5151360
350992730189757,5151680
350992763788715,5152000
350992803777622,5152320
350992844951476,5152640
350992887559861,5152960
350992923946997,5153280
350992964493820,5153600
350993005753924,5153920
350993044222049,5154240
350993083995382,5154560
350993123934028,5154880
350993164086892,5155200
350993208049028,5155520
350993245068819,5155840
350993284040174,5156160
350993324126528,5156480
350993363767049,5156800
350993403806840,5157120
350993443595955,5157440
350993483753142,5157760
350993522868611,5158080
350993563404236,5158400
350993603529496,5158720
350993643529705,5159040
350993683709080,5159360
350993723823455,5159680
350993764201580,5160000
350993804420955,5160320
350993844486996,5160640
350993883903298,5160960
350993924960903,5161280
350993964551319,5161600
350994004754861,5161920
350994044100902,5162240
350994091791632,5162560
350994124223975,5162880
350994165051840,5163200
350994203977621,5163520
350994244518507,5163840
350994283539652,5164160
350994327078350,5164480
350994366202361,5164800
350994404073975,5165120
350994443374496,5165440
350994483562256,5165760
350994524642725,5166080
350994568184079,5166400
350994604268350,5166720
350994643732881,5167040
350994684161736,5167360
350994723616788,5167680
350994764701111,5168000
350994803352048,5168320
350994844746527,5168640
350994884077933,5168960
350994924988090,5169280
350994966707829,5169600
350995004031996,5169920
350995043668090,5170240
350995083905590,5170560
350995124643194,5170880
350995166306319,5171200
350995205788402,5171520
350995244228454,5171840
350995285324964,5172160
350995325461579,5172480
350995366083037,5172800
350995404918610,5173120
350995444502204,5173440
350995484746058,5173760
350995526291839,5174080
350995565651944,5174400
350995604818714,5174720
350995643381735,5175040
350995684450902,5175360
350995725944287,5175680
350995763668923,5176000
350995803777777,5176320
350995843735277,5176640
350995884282881,5176960
350995924764808,5177280
350995964070068,5177600
350996005101995,5177920
350996045475225,5178240
350996085646162,5178560
350996125438089,5178880
350996164309131,5179200
350996205590537,5179520
350996246789079,5179840
350996285836579,5180160
350996325404339,5180480
350996365371579,5180800
350996405017777,5181120
350996445568297,5181440
350996485667985,5181760
350996523712099,5182080
350996564080902,5182400
350996604244964,5182720
350996643838818,5183040
350996684257099,5183360
350996723552360,5183680
350996763911370,5184000
350996803218037,5184320
350996844268558,5184640
350996884002256,5184960
350996924348818,5185280
350996966850381,5185600
350997003523349,5185920
350997043409235,5186240
350997085384703,5186560
350997124005380,5186880
350997164725328,5187200
350997203525953,5187520
350997244628505,5187840
350997284026526,5188160
350997327445432,5188480
350997364855589,5188800
350997403035120,5189120
350997443035380,5189440
350997483185172,5189760
350997523337151,5190080
350997564187828,5190400
350997603606214,5190720
350997643552776,5191040
350997684880328,5191360
350997723694443,5191680
350997767434703,5192000
350997803260120,5192320
350997843780016,5192640
350997883214026,5192960
350997923171630,5193280
350997963867203,5193600
350998003238036,5193920
350998044776370,5194240
350998086192203,5194560
350998123458609,5194880
350998163801786,5195200
350998204391943,5195520
350998246303401,5195840
350998283295797,5196160
350998324136474,5196480
350998363789234,5196800
350998403460745,5197120
350998444664547,5197440
350998488021578,5197760
350998523646526,5198080
350998565191734,5198400
350998604600484,5198720
350998645170797,5199040
350998685125588,5199360
350998724339651,5199680
350998764929338,5200000
350998804564651,5200320
350998844726578,5200640
350998884355640,5200960
350998924213661,5201280
350998965190432,5201600
350999005416734,5201920
350999044058609,5202240
350999084198557,5202560
350999123796317,5202880
350999163929442,5203200
350999204762463,5203520
350999246413453,5203840
350999283953921,5204160
350999324918348,5204480
350999365267567,5204800
350999404766630,5205120
350999445368244,5205440
350999484253140,5205760
350999524769025,5206080
350999564142255,5206400
350999605599286,5206720
350999645468817,5207040
350999684571004,5207360
350999724243765,5207680
350999764111890,5208000
350999805232723,5208320
350999844156265,5208640
350999883531734,5208960
350999924350692,5209280
350999964778765,5209600
351000004193609,5209920
351000044821369,5210240
351000084604911,5210560
351000124269286,5210880
351000164430171,5211200
351000204627567,5211520
351000243630796,5211840
351000283949546,5212160
351000323473296,5212480
351000363243973,5212800
351000404471265,5213120
351000443082358,5213440
351000483788817,5213760
351000523645119,5214080
351000563388035,5214400
351000603753712,5214720
351000645598140,5215040
351000683765744,5215360
351000723673296,5215680
351000763261629,5216000
351000804679494,5216320
351000843308869,5216640
351000883914181,5216960
351000926045327,5217280
351000973258764,5217600
351001004731837,5217920
351001043085431,5218240
351001083315327,5218560
351001123061473,5218880
351001163213400,5219200
351001203378191,5219520
351001243809858,5219840
351001283183348,5220160
351001323210118,5220480
351001363574181,5220800
351001403224702,5221120
351001443464389,5221440
351001483206889,5221760
351001523231681,5222080
351001563692566,5222400
351001604056264,5222720
351001643522358,5223040
351001683276889,5223360
351001723508035,5223680
351001765464806,5224000
351001803445587,5224320
351001845284806,5224640
351001883381056,5224960
351001923067202,5225280
351001963834910,5225600
351002003681733,5225920
351002043640222,5226240
351002083603243,5226560
351002123296160,5226880
351002165381212,5227200
351002203385899,5227520
351002243412254,5227840
351002283529233,5228160
351002323253920,5228480
351002364486941,5228800
351002403317410,5229120
351002443293243,5229440
351002483158503,5229760
351002523634024,5230080
351002563906628,5230400
351002603427722,5230720
351002644130378,5231040
351002683295118,5231360
351002724164441,5231680
351002763950899,5232000
351002803363451,5232320
351002844826732,5232640
351002886689232,5232960
351002923004389,5233280
351002962983295,5233600
351003003189597,5233920
351003043583295,5234240
351003084124180,5234560
351003123825066,5234880
351003163796055,5235200
351003207584180,5235520
351003243791576,5235840
351003284009909,5236160
351003326445951,5236480
351003365137149,5236800
351003403372982,5237120
351003443574805,5237440
351003484054128,5237760
351003524561941,5238080
351003564723347,5238400
351003603502045,5238720
351003643317565,5239040
351003683815690,5239360
351003724712930,5239680
351003763290065,5240000
351003803375274,5240320
351003843646055,5240640
351003884494805,5240960
351003925353242,5241280
351003963912774,5241600
351004004624545,5241920
351004043410222,5242240
351004084259649,5242560
351004125778138,5242880
351004163984544,5243200
351004203333242,5243520
351004244213399,5243840
351004285144388,5244160
351004324653555,5244480
351004363777409,5244800
351004404153346,5245120
351004443808711,5245440
351004484114023,5245760
351004524187513,5246080
351004565082721,5246400
351004603834232,5246720
351004643531732,5247040
351004683847773,5247360
351004725226992,5247680
351004763771940,5248000
351004803725169,5248320
351004843847982,5248640
351004883657617,5248960
351004924661575,5249280
351004964610065,5249600
351005003913659,5249920
351005044283294,5250240
351005083719492,5250560
351005124336784,5250880
351005164715690,5251200
351005203637304,5251520
351005243675221,5251840
351005284778242,5252160
351005323837409,5252480
351005363401992,5252800
351005403543815,5253120
351005443540534,5253440
351005483856992,5253760
351005523425690,5254080
351005563827044,5254400
351005603548711,5254720
351005647036002,5255040
351005686761523,5255360
351005724257096,5255680
351005763862044,5256000
351005803948867,5256320
351005843556992,5256640
351005884402981,5256960
351005923892460,5257280
351005963682408,5257600
351006003677669,5257920
351006043883710,5258240
351006085321471,5258560
351006123223190,5258880
351006163221887,5259200
351006203496575,5259520
351006243627148,5259840
351006283521992,5260160
351006323063346,5260480
351006363463502,5260800
351006404318085,5261120
351006443945273,5261440
351006485206262,5261760
351006524413502,5262080
351006563440898,5262400
351006604664596,5262720
351006645496002,5263040
351006683768918,5263360
351006723601054,5263680
351006771324231,5264000
351006803582043,5264320
351006843561991,5264640
351006884700377,5264960
351006926966106,5265280
351006963791262,5265600
351007003376939,5265920
351007043810533,5266240
351007083052252,5266560
351007127538502,5266880
351007163669387,5267200
351007203782668,5267520
351007244873866,5267840
351007284700064,5268160
351007324164022,5268480
351007363585949,5268800
351007403634439,5269120
351007444432408,5269440
351007485027199,5269760
351007524256626,5270080
351007563706574,5270400
351007603895949,5270720
351007645783918,5271040
351007685505012,5271360
351007724170064,5271680
351007763333918,5272000
351007804546314,5272320
351007844536835,5272640
351007885765637,5272960
351007924040481,5273280
351007963281991,5273600
351008003574960,5273920
351008043578970,5274240
351008083451001,5274560
351008123205949,5274880
351008164110532,5275200
351008203518553,5275520
351008245716522,5275840
351008284475637,5276160
351008329221574,5276480
351008363326053,5276800
351008406394803,5277120
351008444442720,5277440
351008483371939,5277760
351008523754751,5278080
351008563714855,5278400
351008604099855,5278720
351008643376209,5279040
351008683966261,5279360
351008723654491,5279680
351008763634074,5280000
351008804842720,5280320
351008843155897,5280640
351008883577407,5280960
351008923761157,5281280
351008963516782,5281600
351009003670011,5281920
351009044712772,5282240
351009087001157,5282560
351009125394751,5282880
351009163624855,5283200
351009204101938,5283520
351009245283501,5283840
351009288499751,5284160
351009326447563,5284480
351009363998188,5284800
351009404448084,5285120
351009444979855,5285440
351009486794334,5285760
351009523845688,5286080
351009563761886,5286400
351009603550011,5286720
351009644373397,5287040
351009683966209,5287360
351009724329178,5287680
351009763796782,5288000
351009806161626,5288320
351009843280688,5288640
351009883937146,5288960
351009924394594,5289280
351009963437355,5289600
351010005564126,5289920
351010045455428,5290240
351010084871313,5290560
351010125253344,5290880
351010164907407,5291200
351010204130740,5291520
351010244640375,5291840
351010284458032,5292160
351010324665480,5292480
351010365937667,5292800
351010406200011,5293120
351010444152094,5293440
351010485051677,5293760
351010524621677,5294080
351010565002094,5294400
351010605348136,5294720
351010644021052,5295040
351010684930375,5295360
351010723883709,5295680
351010765050896,5296000
351010804777146,5296320
351010845714490,5296640
351010884620219,5296960
351010924587979,5297280
351010965798604,5297600
351011005081469,5297920
351011045139281,5298240
351011084982823,5298560
351011125117563,5298880
351011166567146,5299200
351011204381938,5299520
351011244612302,5299840
351011286912927,5300160
351011324816000,5300480
351011367309906,5300800
351011404046313,5301120
351011443853552,5301440
351011484191312,5301760
351011524630427,5302080
351011564407667,5302400
351011609072302,5302720
351011644302458,5303040
351011684401469,5303360
351011724816469,5303680
351011766281260,5304000
351011804305844,5304320
351011844759177,5304640
351011884586104,5304960
351011925656000,5305280
351011964694229,5305600
351012004433448,5305920
351012045382094,5306240
351012084462771,5306560
351012125137562,5306880
351012164113135,5307200
351012204036729,5307520
351012243753656,5307840
351012284696989,5308160
351012324854385,5308480
351012364713239,5308800
351012404659593,5309120
351012444410791,5309440
351012483971520,5309760
351012525794281,5310080
351012565587822,5310400
351012604754750,5310720
351012644533968,5311040
351012684329541,5311360
351012727507354,5311680
351012764352822,5312000
351012804238187,5312320
351012844279958,5312640
351012885777458,5312960
351012926264281,5313280
351012964024645,5313600
351013004631833,5313920
351013044359281,5314240
351013083856156,5314560
351013125376729,5314880
351013165348135,5315200
351013204567718,5315520
351013244616937,5315840
351013285382562,5316160
351013325709697,5316480
351013370868135,5316800
351013403850583,5317120
351013443598447,5317440
351013484773135,5317760
351013524334697,5318080
351013565016780,5318400
351013605095374,5318720
351013644168447,5319040
351013684450687,5319360
351013725165791,5319680
351013763883082,5320000
351013804233655,5320320
351013844954541,5320640
351013884672614,5320960
351013924371624,5321280
351013964489489,5321600
351014004488812,5321920
351014044877405,5322240
351014086517249,5322560
351014124931989,5322880
351014165594593,5323200
351014205163447,5323520
351014244867926,5323840
351014284691103,5324160
351014324925218,5324480
351014364415947,5324800
351014404813707,5325120
351014445201416,5325440
351014485177093,5325760
351014524853082,5326080
351014564961988,5326400
351014604271103,5326720
351014644688655,5327040
351014684540165,5327360
351014724164228,5327680
351014764229645,5328000
351014804823342,5328320
351014845614228,5328640
351014885471363,5328960
351014925196103,5329280
351014963524853,5329600
351015004615686,5329920
351015045947301,5330240
351015085714801,5330560
351015125467457,5330880
351015164851207,5331200
351015204907092,5331520
351015245158290,5331840
351015285968603,5332160
351015324336415,5332480
351015364507196,5332800
351015404055113,5333120
351015444488134,5333440
351015484518551,5333760
351015524831207,5334080
351015564509592,5334400
351015605438446,5334720
351015645834384,5335040
351015685871415,5335360
351015724632040,5335680
351015765123811,5336000
351015804928550,5336320
351015844939540,5336640
351015886252977,5336960
351015925174852,5337280
351015964859800,5337600
351016005596102,5337920
351016045315321,5338240
351016084795998,5338560
351016124522352,5338880
351016164453446,5339200
351016205754800,5339520
351016245525425,5339840
351016285152665,5340160
351016323963446,5340480
351016365129436,5340800
351016404621884,5341120
351016446017196,5341440
351016485057196,5341760
351016524358186,5342080
351016564633654,5342400
351016605716831,5342720
351016647216936,5343040
351016685645060,5343360
351016724906623,5343680
351016764265894,5344000
351016804702196,5344320
351016844661102,5344640
351016885039175,5344960
351016926281571,5345280
351016964124279,5345600
351017005216415,5345920
351017045242196,5346240
351017084569748,5346560
351017124953758,5346880
351017164361050,5347200
351017208381571,5347520
351017244910112,5347840
351017284179175,5348160
351017323873914,5348480
351017364887716,5348800
351017405075581,5349120
351017446245737,5349440
351017484636623,5349760
351017524741206,5350080
351017563716623,5350400
351017608052873,5350720
351017645352560,5351040
351017684240633,5351360
351017724915737,5351680
351017764447248,5352000
351017807514018,5352320
351017844927404,5352640
351017884655581,5352960
351017924496675,5353280
351017966023393,5353600
351018004569852,5353920
351018045297716,5354240
351018084421727,5354560
351018124648289,5354880
351018165122404,5355200
351018204580164,5355520
351018245692716,5355840
351018284781518,5356160
351018325859018,5356480
351018365073445,5356800
351018405874279,5357120
351018444674279,5357440
351018484473810,5357760
351018527255372,5358080
351018565037351,5358400
351018604548341,5358720
351018644918029,5359040
351018684288862,5359360
351018725259331,5359680
351018765665164,5360000
351018805251518,5360320
351018844750164,5360640
351018884393914,5360960
351018924659643,5361280
351018964675060,5361600
351019005684955,5361920
351019044717664,5362240
351019084512872,5362560
351019126740580,5362880
351019164903445,5363200
351019205311935,5363520
351019244060112,5363840
351019285648705,5364160
351019324591830,5364480
351019364908341,5364800
351019404602559,5365120
351019443931778,5365440
351019484898757,5365760
351019524374486,5366080
351019565430007,5366400
351019604449643,5366720
351019644423497,5367040
351019684457299,5367360
351019725568393,5367680
351019767065997,5368000
351019805200216,5368320
351019844375059,5368640
351019884323080,5368960
351019924574591,5369280
351019968020007,5369600
351020005250059,5369920
351020044184226,5370240
351020086279122,5370560
351020125664122,5370880
351020166226986,5371200
351020203908184,5371520
351020244919903,5371840
351020284544226,5372160
351020325537976,5372480
351020365543653,5372800
351020406407507,5373120
351020444470372,5373440
351020484630372,5373760
351020524768549,5374080
351020566424226,5374400
351020604223653,5374720
351020644223496,5375040
351020685189851,5375360
351020724776621,5375680
351020765227403,5376000
351020804965319,5376320
351020844294278,5376640
351020885094642,5376960
351020927201934,5377280
351020965916726,5377600
351021004409121,5377920
351021044993809,5378240
351021084303705,5378560
351021124604225,5378880
351021166109486,5379200
351021204801153,5379520
351021246220371,5379840
351021285196830,5380160
351021326598548,5380480
351021365369642,5380800
351021406677090,5381120
351021444486465,5381440
351021484380840,5381760
351021526060632,5382080
351021565012663,5382400
351021604465423,5382720
351021644597611,5383040
351021686920059,5383360
351021725033444,5383680
351021764738184,5384000
351021805274069,5384320
351021844741048,5384640
351021884137923,5384960
351021924124694,5385280
351021964453808,5385600
351022003990319,5385920
351022043500527,5386240
351022084346256,5386560
351022124242506,5386880
351022163647350,5387200
351022203944642,5387520
351022243540319,5387840
351022283841829,5388160
351022326107715,5388480
351022363447923,5388800
351022405141829,5389120
351022443817194,5389440
351022484702767,5389760
351022523932819,5390080
351022563798079,5390400
351022603948704,5390720
351022643692714,5391040
351022684465683,5391360
351022724832558,5391680
351022764534121,5392000
351022804330058,5392320
351022844844537,5392640
351022884540631,5392960
351022924275058,5393280
351022968178183,5393600
351023003620319,5393920
351023044005631,5394240
351023084998287,5394560
351023123511256,5394880
351023166201152,5395200
351023203476048,5395520
351023243821620,5395840
351023284258652,5396160
351023324188183,5396480
351023363946048,5396800
351023404937714,5397120
351023443843443,5397440
351023483453547,5397760
351023523748391,5398080
351023563992975,5398400
351023604279277,5398720
351023644312506,5399040
351023684472245,5399360
351023723990891,5399680
351023763637402,5400000
351023803905370,5400320
351023843946881,5400640
351023885171204,5400960
351023925341568,5401280
351023964633183,5401600
351024004376829,5401920
351024044200214,5402240
351024087351829,5402560
351024123809120,5402880
351024164716985,5403200
351024203147297,5403520
351024244242297,5403840
351024285490162,5404160
351024324667141,5404480
351024363492818,5404800
351024403651099,5405120
351024446072662,5405440
351024484329953,5405760
351024523579849,5406080
351024564268912,5406400
351024604313078,5406720
351024645691516,5407040
351024683921932,5407360
351024723988443,5407680
351024764015787,5408000
351024804294172,5408320
351024843623495,5408640
351024883819016,5408960
351024924292037,5409280
351024963430318,5409600
351025004531516,5409920
351025043796307,5410240
351025084068703,5410560
351025125633859,5410880
351025163979276,5411200
351025204194901,5411520
351025246309588,5411840
351025284183599,5412160
351025325017974,5412480
351025364284068,5412800
351025405266984,5413120
351025444325578,5413440
351025484021672,5413760
351025524177505,5414080
351025563547088,5414400
351025603808078,5414720
351025644732036,5415040
351025684959432,5415360
351025723578547,5415680
351025763532245,5416000
351025803668755,5416320
351025843827453,5416640
351025883772244,5416960
351025923379380,5417280
351025963758963,5417600
351026003869901,5417920
351026045368442,5418240
351026084229640,5418560
351026123672401,5418880
351026164107817,5419200
351026204617713,5419520
351026245650474,5419840
351026283938599,5420160
351026323749015,5420480
351026363329276,5420800
351026404305265,5421120
351026445342713,5421440
351026483618651,5421760
351026526462140,5422080
351026570692348,5422400
351026603630005,5422720
351026645159536,5423040
351026685883598,5423360
351026723806880,5423680
351026764007192,5424000
351026803905890,5424320
351026846063234,5424640
351026884715369,5424960
351026924437921,5425280
351026964117661,5425600
351027004540109,5425920
351027044335421,5426240
351027084763338,5426560
351027123632765,5426880
351027164193754,5427200
351027204535577,5427520
351027245148911,5427840
351027286997088,5428160
351027324476306,5428480
351027363972556,5428800
351027404669275,5429120
351027445628181,5429440
351027484114327,5429760
351027524837973,5430080
351027563440161,5430400
351027604956983,5430720
351027645731879,5431040
351027684369535,5431360
351027724375942,5431680
351027764530317,5432000
351027807292973,5432320
351027843468285,5432640
351027884943910,5432960
351027924074900,5433280
351027964028285,5433600
351028004984275,5433920
351028043680733,5434240
351028083054639,5434560
351028123236046,5434880
351028163126567,5435200
351028206231150,5435520
351028245229223,5435840
351028283382608,5436160
351028323806775,5436480
351028364211254,5436800
351028404958129,5437120
351028444548129,5437440
351028483764066,5437760
351028523925993,5438080
351028564831410,5438400
351028603900212,5438720
351028646175056,5439040
351028684293546,5439360
351028724247816,5439680
351028765037400,5440000
351028804813181,5440320
351028848789170,5440640
351028883208493,5440960
351028922976566,5441280
351028964371722,5441600
351029003750785,5441920
351029043823493,5442240
351029083697400,5442560
351029124055472,5442880
351029164699222,5443200
351029204639014,5443520
351029244032452,5443840
351029284449483,5444160
351029325426045,5444480
351029364066722,5444800
351029403599535,5445120
351029443387816,5445440
351029483803806,5445760
351029525275993,5446080
351029564590420,5446400
351029604897764,5446720
351029643426826,5447040
351029683713337,5447360
351029723777191,5447680
351029764524170,5448000
351029804113180,5448320
351029843258597,5448640
351029883985576,5448960
351029926217191,5449280
351029966963441,5449600
351030003959326,5449920
351030044554587,5450240
351030083846097,5450560
351030123415576,5450880
351030163628545,5451200
351030204142451,5451520
351030244130212,5451840
351030284345472,5452160
351030325931566,5452480
351030363298753,5452800
351030404588180,5453120
351030445680993,5453440
351030484430420,5453760
351030526211670,5454080
351030563855628,5454400
351030604524847,5454720
351030645220055,5455040
351030683684899,5455360
351030724757347,5455680
351030765400420,5456000
351030803157086,5456320
351030844319534,5456640
351030884648753,5456960
351030925789482,5457280
351030964683909,5457600
351031004181826,5457920
351031044621409,5458240
351031084166357,5458560
351031123905888,5458880
351031164138545,5459200
351031204392190,5459520
351031245143024,5459840
351031284060628,5460160
351031324721149,5460480
351031365119117,5460800
351031403920524,5461120
351031444008492,5461440
351031485071149,5461760
351031525380732,5462080
351031564686878,5462400
351031605195055,5462720
351031645859951,5463040
351031683592034,5463360
351031725477399,5463680
351031764670211,5464000
351031805226565,5464320
351031844071201,5464640
351031885218596,5464960
351031925714013,5465280
351031965021201,5465600
351032003946409,5465920
351032045361148,5466240
351032085652607,5466560
351032125378753,5466880
351032164773128,5467200
351032204715627,5467520
351032245904013,5467840
351032284812555,5468160
351032324816982,5468480
351032364646461,5468800
351032404467763,5469120
351032445119534,5469440
351032485581825,5469760
351032524975315,5470080
351032565849898,5470400
351032603905471,5470720
351032643851096,5471040
351032684977711,5471360
351032725026825,5471680
351032763742815,5472000
351032804959221,5472320
351032846109377,5472640
351032884316825,5472960
351032925289690,5473280
351032965178388,5473600
351033004739742,5473920
351033044801669,5474240
351033085148648,5474560
351033125646825,5474880
351033164149690,5475200
351033205194429,5475520
351033245780888,5475840
351033286437658,5476160
351033326085210,5476480
351033364329690,5476800
351033404706200,5477120
351033445870992,5477440
351033484344221,5477760
351033526191669,5478080
351033564774637,5478400
351033604399898,5478720
351033645559742,5479040
351033688102346,5479360
351033724750002,5479680
351033766223648,5480000
351033804152189,5480320
351033845530575,5480640
351033884776825,5480960
351033923465679,5481280
351033964268700,5481600
351034004378127,5481920
351034046393491,5482240
351034084715002,5482560
351034124554012,5482880
351034164392502,5483200
351034205136720,5483520
351034246409481,5483840
351034285417085,5484160
351034324560991,5484480
351034364760627,5484800
351034404764741,5485120
351034444459585,5485440
351034484501616,5485760
351034524549012,5486080
351034564356720,5486400
351034604862137,5486720
351034646946981,5487040
351034684083127,5487360
351034724263387,5487680
351034764230314,5488000
351034804580783,5488320
351034846431460,5488640
351034885772449,5488960
351034924811824,5489280
351034964345418,5489600
351035005633543,5489920
351035045133856,5490240
351035085508439,5490560
351035124919376,5490880
351035163625001,5491200
351035204845470,5491520
351035247867085,5491840
351035284851460,5492160
351035324846772,5492480
351035364525418,5492800
351035403831043,5493120
351035445881408,5493440
351035487523855,5493760
351035524861043,5494080
351035565075262,5494400
351035605463126,5494720
351035643946407,5495040
351035685500053,5495360
351035723695209,5495680
351035764341616,5496000
351035805868491,5496320
351035845277657,5496640
351035883552032,5496960
351035923485886,5497280
351035963625314,5497600
351036003738491,5497920
351036043709532,5498240
351036083925782,5498560
351036123855053,5498880
351036163751407,5499200
351036204338699,5499520
351036244370574,5499840
351036283864741,5500160
351036323800313,5500480
351036363886928,5500800
351036405213543,5501120
351036444418490,5501440
351036483808386,5501760
351036523939011,5502080
351036564346667,5502400
351036603987709,5502720
351036644389376,5503040
351036683857761,5503360
351036724287657,5503680
351036764279324,5504000
351036803793803,5504320
351036844152240,5504640
351036883874480,5504960
351036924427917,5505280
351036963936667,5505600
351037003443855,5505920
351037044161980,5506240
351037083642553,5506560
351037123625417,5506880
351037164426719,5507200
351037205375782,5507520
351037244069688,5507840
351037283900834,5508160
351037323917761,5508480
351037363595365,5508800
351037403424688,5509120
351037444458803,5509440
351037484471042,5509760
351037524401094,5510080
351037565201250,5510400
351037608071563,5510720
351037645669532,5511040
351037683239844,5511360
351037723548021,5511680
351037763877292,5512000
351037804885000,5512320
351037843877396,5512640
351037883525834,5512960
351037923511563,5513280
351037964039219,5513600
351038004261667,5513920
351038044342657,5514240
351038083835052,5514560
351038124365990,5514880
351038165227240,5515200
351038205495625,5515520
351038244343125,5515840
351038283424948,5516160
351038325973698,5516480
351038366020365,5516800
351038405395781,5517120
351038444962761,5517440
351038483964323,5517760
351038523610833,5518080
351038566389479,5518400
351038606761771,5518720
351038644453125,5519040
351038685355938,5519360
351038725178177,5519680
351038767184896,5520000
351038815081094,5520320
351038847970469,5520640
351038883681927,5520960
351038924830521,5521280
351038965087708,5521600
351039004785000,5521920
351039043932656,5522240
351039083496354,5522560
351039123653489,5522880
351039164369271,5523200
351039204153854,5523520
351039245121250,5523840
351039283906510,5524160
351039324077396,5524480
351039363838854,5524800
351039404957656,5525120
351039444059114,5525440
351039483326146,5525760
351039524101302,5526080
351039564315989,5526400
351039604440989,5526720
351039643510052,5527040
351039683851562,5527360
351039725093333,5527680
351039763653750,5528000
351039804579687,5528320
351039843259114,5528640
351039884406406,5528960
351039925957552,5529280
351039965906302,5529600
351040003983906,5529920
351040043523645,5530240
351040084047916,5530560
351040126520677,5530880
351040163789218,5531200
351040203705468,5531520
351040243410937,5531840
351040283823176,5532160
351040324731822,5532480
351040363355885,5532800
351040403195364,5533120
351040443628749,5533440
351040483857239,5533760
351040526320468,5534080
351040564813906,5534400
351040603750051,5534720
351040643896353,5535040
351040684898958,5535360
351040724770937,5535680
351040763512812,5536000
351040804020364,5536320
351040843405937,5536640
351040884454999,5536960
351040923686510,5537280
351040965694687,5537600
351041004797343,5537920
351041045025416,5538240
351041085768593,5538560
351041125959582,5538880
351041165055416,5539200
351041204525676,5539520
351041245198489,5539840
351041284944791,5540160
351041325112759,5540480
351041366786822,5540800
351041405213384,5541120
351041445036666,5541440
351041486088853,5541760
351041525707916,5542080
351041564944634,5542400
351041605163176,5542720
351041645248541,5543040
351041687942707,5543360
351041725216978,5543680
351041765473541,5544000
351041809721145,5544320
351041845163749,5544640
351041889142134,5544960
351041926490468,5545280
351041966414738,5545600
351042004927343,5545920
351042045350103,5546240
351042085396770,5546560
351042125433072,5546880
351042165402499,5547200
351042205070155,5547520
351042245446874,5547840
351042286665415,5548160
351042327059894,5548480
351042365559426,5548800
351042404959530,5549120
351042445649374,5549440
351042485529009,5549760
351042524251874,5550080
351042565088592,5550400
351042604101196,5550720
351042643874634,5551040
351042686587186,5551360
351042726110207,5551680
351042764661353,5552000
351042805720623,5552320
351042847052082,5552640
351042885595207,5552960
351042924442967,5553280
351042965294009,5553600
351043004996300,5553920
351043045294009,5554240
351043085582446,5554560
351043127084477,5554880
351043165150623,5555200
351043205128123,5555520
351043245498123,5555840
351043286217967,5556160
351043325842290,5556480
351043365339009,5556800
351043404752759,5557120
351043445469425,5557440
351043485901977,5557760
351043525035050,5558080
351043565655936,5558400
351043605425467,5558720
351043644943592,5559040
351043686479634,5559360
351043732520519,5559680
351043764103175,5560000
351043806133175,5560320
351043843978592,5560640
351043885228904,5560960
351043923296352,5561280
351043963712811,5561600
351044004646769,5561920
351044046222081,5562240
351044083917238,5562560
351044123467863,5562880
351044170089269,5563200
351044204185363,5563520
351044244029060,5563840
351044285246977,5564160
351044324038383,5564480
351044364254008,5564800
351044405575362,5565120
351044454689998,5565440
351044484509581,5565760
351044522632706,5566080
351044565085987,5566400
351044604165362,5566720
351044644989164,5567040
351044686690935,5567360
351044725121352,5567680
351044765240102,5568000
351044807010519,5568320
351044844370779,5568640
351044883937498,5568960
351044923984841,5569280
351044963498800,5569600
351045004514164,5569920
351045044231716,5570240
351045089581352,5570560
351045124284945,5570880
351045163795623,5571200
351045209481820,5571520
351045244688435,5571840
351045284903643,5572160
351045323813331,5572480
351045363857758,5572800
351045404692497,5573120
351045449503331,5573440
351045484063591,5573760
351045524094372,5574080
351045570267862,5574400
351045606520674,5574720
351045646402758,5575040
351045688878279,5575360
351045724869424,5575680
351045765999476,5576000
351045806283643,5576320
351045848345206,5576640
351045894161976,5576960
351045926787914,5577280
351045965805883,5577600
351046004869216,5577920
351046045913122,5578240
351046087789685,5578560
351046130097497,5578880
351046165335570,5579200
351046207865518,5579520
351046249586976,5579840
351046285266247,5580160
351046329280935,5580480
351046370153955,5580800
351046404216612,5581120
351046446570518,5581440
351046489341872,5581760
351046526033018,5582080
351046568906299,5582400
351046612393643,5582720
351046645026403,5583040
351046683593434,5583360
351046724819737,5583680
351046765038799,5584000
351046804906872,5584320
351046844300778,5584640
351046885574164,5584960
351046925575622,5585280
351046965591507,5585600
351047006156195,5585920
351047045526091,5586240
351047084456768,5586560
351047124460361,5586880
351047166274424,5587200
351047204395309,5587520
351047244742445,5587840
351047284675205,5588160
351047324176611,5588480
351047365218018,5588800
351047407568851,5589120
351047443782705,5589440
351047485281195,5589760
351047524177497,5590080
351047567798382,5590400
351047604037028,5590720
351047644685465,5591040
351047683646247,5591360
351047723397549,5591680
351047765991611,5592000
351047804477653,5592320
351047844768694,5592640
351047884294580,5592960
351047923470309,5593280
351047964704111,5593600
351048003845882,5593920
351048048158590,5594240
351048084399476,5594560
351048124192757,5594880
351048164482809,5595200
351048206349684,5595520
351048243472601,5595840
351048284486507,5596160
351048325697132,5596480
351048364202340,5596800
351048405565778,5597120
351048446040986,5597440
351048486138642,5597760
351048524504111,5598080
351048564240153,5598400
351048607457444,5598720
351048644092392,5599040
351048683558850,5599360
351048724134527,5599680
351048764827652,5600000
351048804535673,5600320
351048843835465,5600640
351048885375621,5600960
351048924682444,5601280
351048964379475,5601600
351049004663017,5601920
351049049005881,5602240
351049083489475,5602560
351049130105100,5602880
351049164629944,5603200
351049204948329,5603520
351049245736194,5603840
351049284322600,5604160
351049325483433,5604480
351049365633642,5604800
351049404790517,5605120
351049443770048,5605440
351049485924631,5605760
351049524944788,5606080
351049568443069,5606400
351049604152548,5606720
351049645022079,5607040
351049684579319,5607360
351049724725308,5607680
351049766595725,5608000
351049810917860,5608320
351049844894579,5608640
351049884363850,5608960
351049924441767,5609280
351049964360829,5609600
351050004556142,5609920
351050045114371,5610240
351050085105308,5610560
351050124835777,5610880
351050177719371,5611200
351050205256037,5611520
351050245497079,5611840
351050284456871,5612160
351050367208485,5612480
351050367633485,5612800
351050404330360,5613120
351050445492756,5613440
351050492902443,5613760
351050524514787,5614080
351050564158225,5614400
351050605148589,5614720
351050643964423,5615040
351050684492912,5615360
351050725305673,5615680
351050766776037,5616000
351050804724422,5616320
351050844916141,5616640
351050888645672,5616960
351050927569058,5617280
351050964826350,5617600
351051004264422,5617920
351051044903589,5618240
351051084818797,5618560
351051133132443,5618880
351051165846193,5619200
351051204251974,5619520
351051244799110,5619840
351051284404787,5620160
351051324016922,5620480
351051367680724,5620800
351051403960620,5621120
351051444718172,5621440
351051484201610,5621760
351051524677391,5622080
351051567211297,5622400
351051604656558,5622720
351051644278433,5623040
351051684962808,5623360
351051724615776,5623680
351051769639891,5624000
351051803993797,5624320
351051844630151,5624640
351051884732130,5624960
351051928319943,5625280
351051964324474,5625600
351052005642599,5625920
351052043723641,5626240
351052084831193,5626560
351052124787391,5626880
351052164537547,5627200
351052203698693,5627520
351052244824318,5627840
351052283976141,5628160
351052326766974,5628480
351052364580672,5628800
351052405996974,5629120
351052444115932,5629440
351052488521453,5629760
351052525335672,5630080
351052564309995,5630400
351052604525724,5630720
351052645503953,5631040
351052688492651,5631360
351052724899109,5631680
351052764713120,5632000
351052806246453,5632320
351052844460255,5632640
351052886033849,5632960
351052925743693,5633280
351052964830776,5633600
351053005421505,5633920
351053043296974,5634240
351053084318328,5634560
351053124095307,5634880
351053172630724,5635200
351053205593588,5635520
351053244053432,5635840
351053284035255,5636160
351053325385567,5636480
351053369515776,5636800
351053405036140,5637120
351053444550411,5637440
351053493998640,5637760
351053524169265,5638080
351053564544161,5638400
351053604022755,5638720
351053643876921,5639040
351053685091817,5639360
351053724277755,5639680
351053766531401,5640000
351053804036348,5640320
351053845379213,5640640
351053885946869,5640960
351053924263692,5641280
351053964224369,5641600
351054004404161,5641920
351054045880984,5642240
351054088196505,5642560
351054124303588,5642880
351054165511869,5643200
351054205621661,5643520
351054248312182,5643840
351054284102338,5644160
351054325056452,5644480
351054366787702,5644800
351054404320359,5645120
351054444236817,5645440
351054484877390,5645760
351054524077181,5646080
351054565362234,5646400
351054605112181,5646720
351054645805359,5647040
351054684689317,5647360
351054725070463,5647680
351054764773692,5648000
351054804534056,5648320
351054844751036,5648640
351054884907338,5648960
351054930284890,5649280
351054971864890,5649600
351055003697963,5649920
351055044498119,5650240
351055083817025,5650560
351055124815567,5650880
351055164577494,5651200
351055203594890,5651520
351055259758692,5651840
351055284037962,5652160
351055324886140,5652480
351055366094264,5652800
351055404070567,5653120
351055444371348,5653440
351055484777910,5653760
351055523514108,5654080
351055565071608,5654400
351055604147233,5654720
351055645571087,5655040
351055684435619,5655360
351055724209316,5655680
351055764594525,5656000
351055804560566,5656320
351055845791921,5656640
351055886859473,5656960
351055922253379,5657280
351055961970775,5657600
351056003909941,5657920
351056043681556,5658240
351056084736139,5658560
351056125725150,5658880
351056165598483,5659200
351056204395358,5659520
351056246861764,5659840
351056302113691,5660160
351056323699264,5660480
351056365316608,5660800
351056407822129,5661120
351056445485879,5661440
351056488611035,5661760
351056524012024,5662080
351056564968327,5662400
351056603969472,5662720
351056646859524,5663040
351056686325931,5663360
351056731034004,5663680
351056766925879,5664000
351056805211816,5664320
351056844785566,5664640
351056883821087,5664960
351056924439264,5665280
351056963929993,5665600
351057006744472,5665920
351057045101243,5666240
351057083574212,5666560
351057129956295,5666880
351057164690410,5667200
351057204944160,5667520
351057245878118,5667840
351057285024889,5668160
351057324885722,5668480
351057373647805,5668800
351057404889160,5669120
351057443959055,5669440
351057485117649,5669760
351057524745826,5670080
351057564666347,5670400
351057605466503,5670720
351057647569837,5671040
351057686618587,5671360
351057724149524,5671680
351057765258326,5672000
351057808160514,5672320
351057846954368,5672640
351057891513430,5672960
351057927457649,5673280
351057965889993,5673600
351058005571295,5673920
351058045768951,5674240
351058083777701,5674560
351058124480513,5674880
351058163823222,5675200
351058205640670,5675520
351058244385982,5675840
351058290685201,5676160
351058324978743,5676480
351058371453430,5676800
351058404970513,5677120
351058444918690,5677440
351058489165461,5677760
351058524834836,5678080
351058564228690,5678400
351058605766086,5678720
351058649086503,5679040
351058684090774,5679360
351058724903690,5679680
351058766182649,5680000
351058805479888,5680320
351058848578534,5680640
351058883599315,5680960
351058925233169,5681280
351058964072336,5681600
351059004476971,5681920
351059049469680,5682240
351059083693430,5682560
351059126025409,5682880
351059164100669,5683200
351059206136607,5683520
351059247400305,5683840
351059284913013,5684160
351059324982388,5684480
351059365612232,5684800
351059405000461,5685120
351059446988638,5685440
351059484580513,5685760
351059524534680,5686080
351059563503325,5686400
351059603329732,5686720
351059643597857,5687040
351059685575982,5687360
351059724033950,5687680
351059765051502,5688000
351059804653221,5688320
351059849977075,5688640
351059884760044,5688960
351059932129784,5689280
351059964267596,5689600
351060004236086,5689920
351060044695721,5690240
351060085125513,5690560
351060124078898,5690880
351060166061763,5691200
351060204379783,5691520
351060244250981,5691840
351060286798690,5692160
351060324520148,5692480
351060365629627,5692800
351060406164731,5693120
351060445027335,5693440
351060485864835,5693760
351060526345252,5694080
351060568270408,5694400
351060608695773,5694720
351060645214575,5695040
351060688885044,5695360
351060724393742,5695680
351060766193950,5696000
351060806526815,5696320
351060848960096,5696640
351060892305304,5696960
351060923740460,5697280
351060968829314,5697600
351061010990929,5697920
351061044958169,5698240
351061086202439,5698560
351061124344471,5698880
351061163976762,5699200
351061205318481,5699520
351061244312908,5699840
351061288140825,5700160
351061325326293,5700480
351061368715043,5700800
351061405950981,5701120
351061448476814,5701440
351061491825616,5701760
351061524385043,5702080
351061564552127,5702400
351061607873012,5702720
351061646976918,5703040
351061685722022,5703360
351061726630564,5703680
351061773629054,5704000
351061804490252,5704320
351061850372491,5704640
351061885823845,5704960
351061930022699,5705280
351061965550408,5705600
351062004042335,5705920
351062045179991,5706240
351062086172647,5706560
351062124983689,5706880
351062167921710,5707200
351062205493168,5707520
351062248701137,5707840
351062285269262,5708160
351062327375356,5708480
351062367748428,5708800
351062408235876,5709120
351062447359835,5709440
351062483988168,5709760
351062528205928,5710080
351062564051449,5710400
351062607666970,5710720
351062647714158,5711040
351062685512439,5711360
351062723965251,5711680
351062765983064,5712000
351062804754105,5712320
351062844468480,5712640
351062889862699,5712960
351062924247491,5713280
351062968311397,5713600
351063008744105,5713920
351063043955876,5714240
351063085172803,5714560
351063126257022,5714880
351063165841762,5715200
351063204583532,5715520
351063253417022,5715840
351063287555147,5716160
351063324036397,5716480
351063366652178,5716800
351063404842178,5717120
351063445259574,5717440
351063486304053,5717760
351063524407386,5718080
351063564092855,5718400
351063603908220,5718720
351063644228793,5719040
351063683950928,5719360
351063727563688,5719680
351063764300407,5720000
351063812981553,5720320
351063846103324,5720640
351063885020042,5720960
351063935553845,5721280
351063965534782,5721600
351064004071657,5721920
351064045567178,5722240
351064092079157,5722560
351064124994417,5722880
351064166321657,5723200
351064205878688,5723520
351064245219105,5723840
351064286087907,5724160
351064323604521,5724480
351064364751136,5724800
351064406581136,5725120
351064444608584,5725440
351064483614261,5725760
351064531070771,5726080
351064563666657,5726400
351064603983323,5726720
351064646142021,5727040
351064684295823,5727360
351064727669157,5727680
351064763824730,5728000
351064803961761,5728320
351064844067230,5728640
351064884175303,5728960
351064926432750,5729280
351064963167125,5729600
351065001968792,5729920
351065043629261,5730240
351065085139886,5730560
351065124332386,5730880
351065164213271,5731200
351065203911657,5731520
351065243583063,5731840
351065284223115,5732160
351065330855667,5732480
351065364525667,5732800
351065404326136,5733120
351065444761917,5733440
351065484914104,5733760
351065523500823,5734080
351065565764573,5734400
351065604929886,5734720
351065645314156,5735040
351065685225771,5735360
351065724514417,5735680
351065764758583,5736000
351065805670042,5736320
351065844195667,5736640
351065884954156,5736960
351065925492177,5737280
351065965867073,5737600
351066005207333,5737920
351066045071760,5738240
351066084741604,5738560
351066125688115,5738880
351066165317333,5739200
351066204561135,5739520
351066244607958,5739840
351066283823635,5740160
351066326638687,5740480
351066364259104,5740800
351066404027750,5741120
351066443826708,5741440
351066484729208,5741760
351066527865406,5742080
351066563608219,5742400
351066604860979,5742720
351066645962281,5743040
351066685793114,5743360
351066726822021,5743680
351066765663062,5744000
351066805622906,5744320
351066845403843,5744640
351066885972021,5744960
351066925926239,5745280
351066966383739,5745600
351067004932698,5745920
351067045622437,5746240
351067085335823,5746560
351067125515302,5746880
351067165668479,5747200
351067205653687,5747520
351067244676968,5747840
351067285786968,5748160
351067325771135,5748480
351067365467645,5748800
351067405797645,5749120
351067445579364,5749440
351067486215406,5749760
351067524879729,5750080
351067564832802,5750400
351067605394312,5750720
351067645394885,5751040
351067685482281,5751360
351067727391135,5751680
351067765655197,5752000
351067805199260,5752320
351067845084676,5752640
351067886653843,5752960
351067925267541,5753280
351067966644781,5753600
351068005014833,5753920
351068045459885,5754240
351068085228739,5754560
351068125697437,5754880
351068164727020,5755200
351068205236603,5755520
351068246257072,5755840
351068287169572,5756160
351068326243478,5756480
351068365273478,5756800
351068406008530,5757120
351068445160510,5757440
351068486018374,5757760
351068524666082,5758080
351068565067853,5758400
351068605906134,5758720
351068645990509,5759040
351068687406759,5759360
351068725233530,5759680
351068765694520,5760000
351068804748582,5760320
351068846377853,5760640
351068885334989,5760960
351068924936811,5761280
351068965381343,5761600
351069005429728,5761920
351069045435353,5762240
351069085726238,5762560
351069125165249,5762880
351069163684311,5763200
351069205227228,5763520
351069245570145,5763840
351069284927176,5764160
351069325060665,5764480
351069365245405,5764800
351069405210770,5765120
351069445796967,5765440
351069485450145,5765760
351069525124155,5766080
351069565302957,5766400
351069605588947,5766720
351069645404624,5767040
351069686202957,5767360
351069724977072,5767680
351069765233894,5768000
351069805950040,5768320
351069846148634,5768640
351069887399051,5768960
351069925471915,5769280
351069965538321,5769600
351070005142280,5769920
351070046281394,5770240
351070084934780,5770560
351070125401030,5770880
351070165695040,5771200
351070205463946,5771520
351070245164363,5771840
351070285322905,5772160
351070326977905,5772480
351070363332905,5772800
351070404458998,5773120
351070446416602,5773440
351070483651342,5773760
351070523473269,5774080
351070563593113,5774400
351070604534936,5774720
351070644636550,5775040
351070684275404,5775360
351070723675144,5775680
351070763837019,5776000
351070805051394,5776320
351070843896654,5776640
351070883714988,5776960
351070923751759,5777280
351070963844675,5777600
351071003979571,5777920
351071043955873,5778240
351071084277071,5778560
351071123817748,5778880
351071165327227,5779200
351071204473738,5779520
351071243904102,5779840
351071283405977,5780160
351071323770092,5780480
351071364003790,5780800
351071404913685,5781120
351071446369519,5781440
351071485121915,5781760
351071525213165,5782080
351071565942071,5782400
351071606360769,5782720
351071644119987,5783040
351071685515040,5783360
351071726177904,5783680
351071765390769,5784000
351071806125508,5784320
351071845794831,5784640
351071885572800,5784960
351071925283529,5785280
351071965479102,5785600
351072005916185,5785920
351072045120039,5786240
351072085857539,5786560
351072124332956,5786880
351072164692227,5787200
351072205238737,5787520
351072245756550,5787840
351072286127852,5788160
351072325002800,5788480
351072365637696,5788800
351072406768893,5789120
351072445778529,5789440
351072485339466,5789760
351072524960873,5790080
351072565974883,5790400
351072608327227,5790720
351072645029362,5791040
351072684843737,5791360
351072725521758,5791680
351072765376810,5792000
351072806212331,5792320
351072844396029,5792640
351072885055560,5792960
351072925366914,5793280
351072965535195,5793600
351073005706341,5793920
351073045351549,5794240
351073085130872,5794560
351073125494987,5794880
351073166336966,5795200
351073204952695,5795520
351073244133529,5795840
351073284644049,5796160
351073325278841,5796480
351073365603841,5796800
351073405953789,5797120
351073445376445,5797440
351073485135976,5797760
351073526203580,5798080
351073566396810,5798400
351073606067278,5798720
351073644794101,5799040
351073685772955,5799360
351073725875351,5799680
351073765561289,5800000
351073806244778,5800320
351073845188632,5800640
351073886246080,5800960
351073924943372,5801280
351073964548580,5801600
351074006157174,5801920
351074045141080,5802240
351074085397591,5802560
351074125023268,5802880
351074166484518,5803200
351074205122799,5803520
351074247504205,5803840
351074285750299,5804160
351074324688476,5804480
351074366513736,5804800
351074404516184,5805120
351074444542747,5805440
351074485362538,5805760
351074524662747,5806080
351074565510143,5806400
351074608415820,5806720
351074643684778,5807040
351074685158268,5807360
351074723553476,5807680
351074763868059,5808000
351074803956809,5808320
351074843410351,5808640
351074883841028,5808960
351074924292799,5809280
351074965523945,5809600
351075004723528,5809920
351075044976757,5810240
351075084678267,5810560
351075125233788,5810880
351075165202278,5811200
351075206843736,5811520
351075244034986,5811840
351075285048371,5812160
351075323979413,5812480
351075364021861,5812800
351075404339361,5813120
351075443746236,5813440
351075484069882,5813760
351075525059413,5814080
351075564814517,5814400
351075604639413,5814720
351075643414205,5815040
351075683370246,5815360
351075725919986,5815680
351075764012017,5816000
351075803362173,5816320
351075843300194,5816640
351075885130298,5816960
351075923458215,5817280
351075964113423,5817600
351076004111236,5817920
351076044140559,5818240
351076085641965,5818560
351076124012590,5818880
351076163447069,5819200
351076205576809,5819520
351076244569048,5819840
351076286617225,5820160
351076326232798,5820480
351076366254361,5820800
351076405963892,5821120
351076445421236,5821440
351076485823788,5821760
351076526652069,5822080
351076564129777,5822400
351076605160611,5822720
351076644713058,5823040
351076686522746,5823360
351076725494725,5823680
351076766684465,5824000
351076805235663,5824320
351076845175715,5824640
351076885459308,5824960
351076926035923,5825280
351076964174100,5825600
351077005364673,5825920
351077045519412,5826240
351077085979621,5826560
351077126025819,5826880
351077164624152,5827200
351077208193683,5827520
351077243823839,5827840
351077284551860,5828160
351077324617642,5828480
351077363792277,5828800
351077403568579,5829120
351077443884204,5829440
351077484391027,5829760
351077525911079,5830080
351077564266704,5830400
351077604962329,5830720
351077645497381,5831040
351077686217641,5831360
351077727391131,5831680
351077764185037,5832000
351077804965141,5832320
351077845626131,5832640
351077886267485,5832960
351077926134308,5833280
351077963456027,5833600
351078004257745,5833920
351078043730662,5834240
351078085127954,5834560
351078124361652,5834880
351078164329881,5835200
351078203891964,5835520
351078243686495,5835840
351078285096183,5836160
351078323732902,5836480
351078364573631,5836800
351078404049777,5837120
351078444476704,5837440
351078485509933,5837760
351078524212068,5838080
351078563623943,5838400
351078604364985,5838720
351078644818214,5839040
351078685710037,5839360
351078723640506,5839680
351078763262068,5840000
351078803736078,5840320
351078844745297,5840640
351078884648839,5840960
351078925978943,5841280
351078964386495,5841600
351079003881235,5841920
351079044904672,5842240
351079084371235,5842560
351079124918422,5842880
351079164094255,5843200
351079204567224,5843520
351079244205974,5843840
351079283815089,5844160
351079324575453,5844480
351079363552016,5844800
351079403480870,5845120
351079444457276,5845440
351079483868995,5845760
351079524282693,5846080
351079563401807,5846400
351079604531547,5846720
351079643779411,5847040
351079686513318,5847360
351079724057641,5847680
351079767031078,5848000
351079805926026,5848320
351079843359203,5848640
351079884231859,5848960
351079924267849,5849280
351079963708318,5849600
351080004247693,5849920
351080044765609,5850240
351080086264724,5850560
351080124376911,5850880
351080164143838,5851200
351080206923161,5851520
351080245708526,5851840
351080283427745,5852160
351080323378474,5852480
351080363966286,5852800
351080405377172,5853120
351080445836963,5853440
351080483913317,5853760
351080523358422,5854080
351080563739776,5854400
351080604303213,5854720
351080644203161,5855040
351080685791078,5855360
351080723664203,5855680
351080763469932,5856000
351080804219828,5856320
351080845202328,5856640
351080884401182,5856960
351080924068161,5857280
351080966110505,5857600
351081005519359,5857920
351081045669723,5858240
351081083977328,5858560
351081124453369,5858880
351081164106182,5859200
351081205105973,5859520
351081243244567,5859840
351081283459359,5860160
351081323458369,5860480
351081363918161,5860800
351081403805661,5861120
351081444650140,5861440
351081485743994,5861760
351081523924775,5862080
351081563818057,5862400
351081605431702,5862720
351081644963786,5863040
351081684653369,5863360
351081723570504,5863680
351081764000869,5864000
351081805059098,5864320
351081845313786,5864640
351081883893681,5864960
351081924765348,5865280
351081964540348,5865600
351082005382327,5865920
351082045470608,5866240
351082084852692,5866560
351082124551806,5866880
351082164706390,5867200
351082205033838,5867520
351082243209410,5867840
351082285016858,5868160
351082323325817,5868480
351082363690973,5868800
351082403986650,5869120
351082443911546,5869440
351082484265087,5869760
351082524065504,5870080
351082563639931,5870400
351082605249358,5870720
351082644067744,5871040
351082684060764,5871360
351082724232379,5871680
351082765138785,5872000
351082806640660,5872320
351082845591494,5872640
351082884073108,5872960
351082924714462,5873280
351082964090504,5873600
351083005748369,5873920
351083043712796,5874240
351083085082223,5874560
351083123974723,5874880
351083165079618,5875200
351083204291285,5875520
351083245014983,5875840
351083285055712,5876160
351083323586858,5876480
351083366076598,5876800
351083405272900,5877120
351083444739045,5877440
351083483722639,5877760
351083524651910,5878080
351083563877170,5878400
351083603922900,5878720
351083645234410,5879040
351083683884514,5879360
351083724995139,5879680
351083766842327,5880000
351083805238264,5880320
351083845940712,5880640
351083887853629,5880960
351083924203056,5881280
351083964775035,5881600
351084005663316,5881920
351084044357483,5882240
351084084948316,5882560
351084125618472,5882880
351084164846441,5883200
351084205089358,5883520
351084245327951,5883840
351084283492951,5884160
351084323772014,5884480
351084368076337,5884800
351084404226337,5885120
351084443535243,5885440
351084483966858,5885760
351084523343212,5886080
351084564391962,5886400
351084604160399,5886720
351084643220920,5887040
351084684587274,5887360
351084725238941,5887680
351084765029566,5888000
351084803768420,5888320
351084843870503,5888640
351084884071701,5888960
351084924047222,5889280
351084964154305,5889600
351085004851805,5889920
351085043329826,5890240
351085085018316,5890560
351085123300503,5890880
351085166093420,5891200
351085204538316,5891520
351085245125816,5891840
351085284746180,5892160
351085325330607,5892480
351085366087066,5892800
351085404802586,5893120
351085444881909,5893440
351085484713159,5893760
351085525549930,5894080
351085564079722,5894400
351085605480659,5894720
351085644988003,5895040
351085685867170,5895360
351085725705190,5895680
351085766825659,5896000
351085804360555,5896320
351085843227274,5896640
351085885140555,5896960
351085924173628,5897280
351085964428992,5897600
351086003297586,5897920
351086043552430,5898240
351086083597117,5898560
351086124562117,5898880
351086168946076,5899200
351086203819149,5899520
351086251313055,5899840
351086283381076,5900160
351086325243159,5900480
351086363767951,5900800
351086403477898,5901120
351086444340138,5901440
351086484098367,5901760
351086531737898,5902080
351086566201076,5902400
351086602070398,5902720
351086649616700,5903040
351086684709513,5903360
351086725692586,5903680
351086765112794,5904000
351086804392586,5904320
351086845331284,5904640
351086883511284,5904960
351086923981127,5905280
351086964069825,5905600
351087004501752,5905920
351087044095190,5906240
351087084190763,5906560
351087124747377,5906880
351087163829773,5907200
351087205036284,5907520
351087244066336,5907840
351087284010294,5908160
351087325077169,5908480
351087364969513,5908800
351087403828575,5909120
351087444225659,5909440
351087484718054,5909760
351087524725919,5910080
351087564021231,5910400
351087603495606,5910720
351087643864721,5911040
351087684031544,5911360
351087726419460,5911680
351087765319721,5912000
351087804375085,5912320
351087844558523,5912640
351087891432013,5912960
351087924342117,5913280
351087963995033,5913600
351088003522742,5913920
351088043805658,5914240
351088084732898,5914560
351088124618575,5914880
351088164143262,5915200
351088206252429,5915520
351088245087742,5915840
351088284210398,5916160
351088324223054,5916480
351088364189721,5916800
351088404437533,5917120
351088444843575,5917440
351088483702794,5917760
351088524079460,5918080
351088563974929,5918400
351088604505189,5918720
351088644878314,5919040
351088683864460,5919360
351088723924408,5919680
351088764776439,5920000
351088808144825,5920320
351088844338262,5920640
351088884190762,5920960
351088923905450,5921280
351088964506439,5921600
351089003994512,5921920
351089044137220,5922240
351089085588002,5922560
351089124004981,5922880
351089165687325,5923200
351089203788262,5923520
351089245333939,5923840
351089286692533,5924160
351089324430345,5924480
351089364934720,5924800
351089403801179,5925120
351089444463001,5925440
351089484853314,5925760
351089523965345,5926080
351089564102064,5926400
351089605298835,5926720
351089647917741,5927040
351089683559043,5927360
351089724413626,5927680
351089763203678,5928000
351089803825814,5928320
351089845447949,5928640
351089884478158,5928960
351089924628158,5929280
351089964241908,5929600
351090003615137,5929920
351090045121022,5930240
351090083530501,5930560
351090124248210,5930880
351090164612949,5931200
351090204232637,5931520
351090248561751,5931840
351090284333105,5932160
351090326617689,5932480
351090363588782,5932800
351090405615553,5933120
351090444248991,5933440
351090483498574,5933760
351090525085501,5934080
351090563708522,5934400
351090603571543,5934720
351090644693730,5935040
351090684070136,5935360
351090725689459,5935680
351090763613834,5936000
351090804873991,5936320
351090845617272,5936640
351090883880188,5936960
351090929088261,5937280
351090963707793,5937600
351091005303938,5937920
351091044902480,5938240
351091084124043,5938560
351091123928574,5938880
351091163592220,5939200
351091203712115,5939520
351091246838157,5939840
351091285777063,5940160
351091325328782,5940480
351091367611699,5940800
351091403714251,5941120
351091447553469,5941440
351091484102740,5941760
351091525686647,5942080
351091563605397,5942400
351091606125188,5942720
351091644351126,5943040
351091684217532,5943360
351091731075292,5943680
351091763506699,5944000
351091805723209,5944320
351091844921073,5944640
351091883648209,5944960
351091925147636,5945280
351091963768105,5945600
351092003692532,5945920
351092045828730,5946240
351092083889771,5946560
351092124645917,5946880
351092163799563,5947200
351092203701334,5947520
351092245770605,5947840
351092291423886,5948160
351092324734459,5948480
351092364573209,5948800
351092403739563,5949120
351092445686907,5949440
351092487840604,5949760
351092523531542,5950080
351092563891490,5950400
351092603590396,5950720
351092649438052,5951040
351092683860969,5951360
351092724443365,5951680
351092763372375,5952000
351092805072323,5952320
351092847472740,5952640
351092893101177,5952960
351092925592323,5953280
351092964182219,5953600
351093004349615,5953920
351093046681125,5954240
351093084028521,5954560
351093124994719,5954880
351093164672792,5955200
351093207826177,5955520
351093244281490,5955840
351093287444979,5956160
351093324011125,5956480
351093368249927,5956800
351093408590865,5957120
351093445882531,5957440
351093487392062,5957760
351093524340031,5958080
351093564485448,5958400
351093603929458,5958720
351093646757687,5959040
351093691703937,5959360
351093728210187,5959680
351093765746802,5960000
351093805437375,5960320
351093844100239,5960640
351093884631073,5960960
351093923867114,5961280
351093964192635,5961600
351094006004771,5961920
351094043956281,5962240
351094083982218,5962560
351094123682218,5962880
351094163722583,5963200
351094204230291,5963520
351094243385448,5963840
351094283647843,5964160
351094324036437,5964480
351094363984666,5964800
351094404249145,5965120
351094443722427,5965440
351094483479614,5965760
351094525796958,5966080
351094564088104,5966400
351094607541906,5966720
351094644039354,5967040
351094683665708,5967360
351094723567687,5967680
351094765994249,5968000
351094804354927,5968320
351094844507895,5968640
351094883443729,5968960
351094923858416,5969280
351094964611229,5969600
351095004393260,5969920
351095043773937,5970240
351095083929926,5970560
351095125055656,5970880
351095163742166,5971200
351095204154614,5971520
351095244050187,5971840
351095283818103,5972160
351095323885864,5972480
351095364878364,5972800
351095405347270,5973120
351095443514614,5973440
351095484213989,5973760
351095523943155,5974080
351095564559457,5974400
351095605215655,5974720
351095643595499,5975040
351095683958103,5975360
351095724238207,5975680
351095762206228,5976000
351095803735239,5976320
351095843815499,5976640
351095883917739,5976960
351095924655603,5977280
351095963275968,5977600
351096003894926,5977920
351096043424249,5978240
351096083465447,5978560
351096124320447,5978880
351096164591541,5979200
351096204061124,5979520
351096243591332,5979840
351096284309561,5980160
351096323387374,5980480
351096363873051,5980800
351096404433624,5981120
351096443182582,5981440
351096484293259,5981760
351096525812374,5982080
351096563712113,5982400
351096605121540,5982720
351096645085395,5983040
351096683556488,5983360
351096724991645,5983680
351096765282113,5984000
351096803516853,5984320
351096845805395,5984640
351096884029561,5984960
351096923835967,5985280
351096964026072,5985600
351097004563103,5985920
351097043136749,5986240
351097084838051,5986560
351097123225342,5986880
351097164963571,5987200
351097207595394,5987520
351097243721592,5987840
351097283479301,5988160
351097323720446,5988480
351097367365707,5988800
351097403218936,5989120
351097444343155,5989440
351097483308363,5989760
351097525282998,5990080
351097566372009,5990400
351097603711592,5990720
351097643209769,5991040
351097683649717,5991360
351097725450394,5991680
351097768015082,5992000
351097807617738,5992320
351097844293988,5992640
351097883269352,5992960
351097923740550,5993280
351097967743363,5993600
351098003938936,5993920
351098044850707,5994240
351098084306644,5994560
351098123584925,5994880
351098163939040,5995200
351098204477529,5995520
351098244799248,5995840
351098283582373,5996160
351098323711904,5996480
351098363983623,5996800
351098403902113,5997120
351098444040342,5997440
351098484108831,5997760
351098524238154,5998080
351098564894040,5998400
351098608342894,5998720
351098643903935,5999040
351098683857269,5999360
351098724543779,5999680
351098763916123,6000000
351098804768102,6000320
351098843870967,6000640
351098885218362,6000960
351098925010342,6001280
351098963554300,6001600
351099003796696,6001920
351099043780446,6002240
351099084600498,6002560
351099124977373,6002880
351099163469769,6003200
351099203332008,6003520
351099244390289,6003840
351099283670862,6004160
351099327986227,6004480
351099364647373,6004800
351099404501800,6005120
351099444093206,6005440
351099484984821,6005760
351099523959925,6006080
351099565062060,6006400
351099603679560,6006720
351099644787737,6007040
351099684491123,6007360
351099725616435,6007680
351099769058102,6008000
351099803716175,6008320
351099844692893,6008640
351099884095081,6008960
351099923918154,6009280
351099964183206,6009600
351100005059247,6009920
351100046933570,6010240
351100085284091,6010560
351100126547008,6010880
351100164444872,6011200
351100203676643,6011520
351100245453466,6011840
351100284772112,6012160
351100325990810,6012480
351100363829404,6012800
351100403771695,6013120
351100444086695,6013440
351100484386383,6013760
351100524497008,6014080
351100563655393,6014400
351100603380497,6014720
351100644805289,6015040
351100684459820,6015360
351100730951278,6015680
351100763892841,6016000
351100806592112,6016320
351100843619455,6016640
351100884846591,6016960
351100924341747,6017280
351100964348570,6017600
351101003990705,6017920
351101045080862,6018240
351101084763153,6018560
351101126591851,6018880
351101163242528,6019200
351101203543049,6019520
351101244261122,6019840
351101284256591,6020160
351101323556955,6020480
351101363730028,6020800
351101406123101,6021120
351101443327632,6021440
351101483721174,6021760
351101523998934,6022080
351101563707216,6022400
351101607010393,6022720
351101644105080,6023040
351101684457111,6023360
351101723922476,6023680
351101764173257,6024000
351101803935913,6024320
351101844658674,6024640
351101895543049,6024960
351101954142476,6025280
351102062687528,6025600
351102062907372,6025920
351102106186642,6026240
351102106412892,6026560
351102136463049,6026880
351102162557892,6027200
351102204239195,6027520
351102243816434,6027840
351102284769559,6028160
351102323840132,6028480
351102369335184,6028800
351102403472997,6029120
351102443928622,6029440
351102486798153,6029760
351102528083934,6030080
351102585157632,6030400
351102608134403,6030720
351102649859090,6031040
351102685505549,6031360
351102727480080,6031680
351102765926694,6032000
351102802251538,6032320
351102844793778,6032640
351102884419819,6032960
351102924203257,6033280
351102964056694,6033600
351103003988830,6033920
351103047572788,6034240
351103090896069,6034560
351103160700653,6034880
351103167590913,6035200
351103203602059,6035520
351103243838934,6035840
351103285140913,6036160
351103324198205,6036480
351103363688257,6036800
351103404624559,6037120
351103443472267,6037440
351103483607007,6037760
351103526122319,6038080
351103563839663,6038400
351103604571642,6038720
351103648076902,6039040
351103685798048,6039360
351103723983361,6039680
351103763720965,6040000
351103803596694,6040320
351103845137736,6040640
351103883895288,6040960
351103923937319,6041280
351103963295444,6041600
351104004350600,6041920
351104046508777,6042240
351104085730392,6042560
351104123576017,6042880
351104166022423,6043200
351104203963308,6043520
351104243967735,6043840
351104284376173,6044160
351104323833673,6044480
351104363278881,6044800
351104403375183,6045120
351104443709298,6045440
351104483755548,6045760
351104524768829,6046080
351104565248985,6046400
351104605635027,6046720
351104644308933,6047040
351104685397162,6047360
351104726340391,6047680
351104763958985,6048000
351104804218777,6048320
351104846346954,6048640
351104883865808,6048960
351104924615912,6049280
351104963759037,6049600
351105004666902,6049920
351105045142162,6050240
351105084682110,6050560
351105123755027,6050880
351105164754245,6051200
351105204558620,6051520
351105245048412,6051840
351105285157891,6052160
351105324524766,6052480
351105364422214,6052800
351105404278100,6053120
351105446145547,6