timestamp_ns,传感器类型,ax(m/s²),ay(m/s²),az(m/s²),纬度,经度,速度(m/s),航向角(°),gx(rad/s),gy(rad/s),gz(rad/s)
1568320401984634,加速度计,2.3110,7.8243,2.9820,,,,,,,
1568320415765155,陀螺仪,,,,,,,,-0.0360,0.1121,-0.1051
1568320412000884,加速度计,0.7949,8.0798,6.2405,,,,,,,
1568320422017707,加速度计,0.0150,6.9516,9.8659,,,,,,,
1568320432038124,加速度计,0.3178,6.7941,8.5539,,,,,,,
1568320442057499,加速度计,2.0117,8.7239,4.8752,,,,,,,
1568320435805207,陀螺仪,,,,,,,,0.0515,0.1205,-0.0617
1568320452076249,加速度计,0.5602,6.4793,6.3668,,,,,,,
1568320455842707,陀螺仪,,,,,,,,0.0043,0.1296,-0.1025
1568320462094999,加速度计,1.1211,8.1409,5.6617,,,,,,,
1568320472113749,加速度计,1.1031,6.4823,6.4955,,,,,,,
1568320475880207,陀螺仪,,,,,,,,-0.0330,0.1093,-0.1322
1568320482132499,加速度计,1.8435,7.3149,5.4480,,,,,,,
1568320492163853,加速度计,-0.7913,5.5330,9.0327,,,,,,,
1568320495919374,陀螺仪,,,,,,,,-0.0214,0.1238,-0.1660
1568320502170103,加速度计,-0.9331,6.0831,8.7460,,,,,,,
1568320512176770,加速度计,0.1622,6.6361,7.0761,,,,,,,
1568320515933384,陀螺仪,,,,,,,,0.0482,0.1214,-0.0807
1568320522184270,加速度计,2.5965,8.3462,5.5964,,,,,,,
1568320532193020,加速度计,-0.3172,6.3404,7.0773,,,,,,,
1568320535952186,陀螺仪,,,,,,,,0.0023,0.1186,-0.1615
1568320542203436,加速度计,-0.1742,6.3955,8.5557,,,,,,,
1568320552215520,加速度计,0.6913,6.0454,6.9091,,,,,,,
1568320555977968,陀螺仪,,,,,,,,0.0658,0.1003,-0.1431
1568320562229686,加速度计,1.1235,5.8861,6.5541,,,,,,,
1568320572245936,加速度计,0.9301,7.2478,4.5975,,,,,,,
1568320582264270,加速度计,-0.3585,5.8203,7.0378,,,,,,,
1568320576012030,陀螺仪,,,,,,,,0.0554,0.0627,-0.2750
1568320592284686,加速度计,0.4764,7.2269,8.9513,,,,,,,
1568320596054426,陀螺仪,,,,,,,,0.1040,0.0089,-0.3149
1568320602307186,加速度计,0.3089,8.3719,4.4867,,,,,,,
1568320612331353,加速度计,1.5305,7.9942,5.5970,,,,,,,
1568320622356770,加速度计,-0.1329,7.3855,5.5929,,,,,,,
1568320616103645,陀螺仪,,,,,,,,0.0209,-0.0617,-0.4242
1568320632406926,加速度计,1.1073,6.0974,8.0140,,,,,,,
1568320636180311,陀螺仪,,,,,,,,-0.0116,-0.1101,-0.4284
1568320642432655,加速度计,0.8374,7.4950,6.0543,,,,,,,
1568320652451770,加速度计,0.5507,6.6942,9.6804,,,,,,,
1568320656218228,陀螺仪,,,,,,,,-0.0154,-0.1043,-0.4297
1568320662470520,加速度计,-0.3106,6.1740,9.1075,,,,,,,
1568320672489270,加速度计,-0.8272,7.3616,7.1156,,,,,,,
1568320676255728,陀螺仪,,,,,,,,0.0228,-0.1019,-0.3519
1568320682508020,加速度计,0.5938,8.4569,4.8004,,,,,,,
1568320692526770,加速度计,1.1714,6.6499,8.7831,,,,,,,
1568320696293228,陀螺仪,,,,,,,,-0.0316,-0.1076,-0.3794
1568320702545520,加速度计,-0.6363,6.6427,6.9240,,,,,,,
1568320712564270,加速度计,-0.0168,6.7092,7.0108,,,,,,,
1568320716330728,陀螺仪,,,,,,,,-0.0209,-0.1450,-0.3353
1568320722583020,加速度计,-0.4920,7.5531,7.4262,,,,,,,
1568320732602395,加速度计,0.8308,7.4885,6.5805,,,,,,,
1568320736370155,陀螺仪,,,,,,,,0.0033,-0.1336,-0.3284
1568320742621978,加速度计,-0.2897,9.6145,5.1858,,,,,,,
1568320752636978,加速度计,-1.0068,5.8640,10.5477,,,,,,,
1568320756400155,陀螺仪,,,,,,,,0.0158,-0.1625,-0.2774
1568320762651978,加速度计,-1.2324,6.2303,7.3843,,,,,,,
1568320772667239,加速度计,-0.2687,7.5627,2.5971,,,,,,,
1568320782682916,加速度计,-0.5549,7.4561,2.7078,,,,,,,
1568320776430989,陀螺仪,,,,,,,,0.0313,-0.1714,-0.2145
1568320792699009,加速度计,-1.2995,6.0292,10.0796,,,,,,,
1568320796463489,陀螺仪,,,,,,,,-0.0274,-0.1731,-0.1985
1568320802715520,加速度计,-0.6746,6.9240,9.0585,,,,,,,
1568320812732447,加速度计,-0.5561,7.7949,5.4588,,,,,,,
1568320822750051,加速度计,0.7195,4.7710,6.7947,,,,,,,
1568320816497864,陀螺仪,,,,,,,,-0.0141,-0.1827,-0.1425
1568320832768489,加速度计,0.3262,6.8576,8.2151,,,,,,,
1568320842787759,加速度计,0.1885,6.8450,7.7865,,,,,,,
1568320836535364,陀螺仪,,,,,,,,-0.0261,-0.1289,-0.1804
1568320852807603,加速度计,0.0485,5.7826,4.6124,,,,,,,
1568320856575364,陀螺仪,,,,,,,,0.0451,-0.0738,-0.1148
1568320862827864,加速度计,-1.3084,8.1355,3.9726,,,,,,,
1568320872848541,加速度计,1.5862,6.8277,7.7698,,,,,,,
1568320876617030,陀螺仪,,,,,,,,-0.0955,-0.1763,-0.0764
1568320882869634,加速度计,1.7711,5.3989,12.2499,,,,,,,
1568320892891145,加速度计,-0.2011,7.2945,8.4599,,,,,,,
1568320902912811,加速度计,1.7603,6.9540,8.4090,,,,,,,
1568320896660155,陀螺仪,,,,,,,,0.0310,-0.1269,-0.0796
1568320912934478,加速度计,1.8322,7.4178,5.7006,,,,,,,
1568320916703489,陀螺仪,,,,,,,,0.0453,-0.0939,-0.1274
1568320922956145,加速度计,0.6943,7.5405,4.5687,,,,,,,
1568320932976770,加速度计,0.0904,7.6872,8.0128,,,,,,,
1568320942995989,加速度计,0.2963,7.5399,9.5397,,,,,,,
1568320936743697,陀螺仪,,,,,,,,0.0189,-0.1270,-0.1567
1568320953014739,加速度计,0.4998,8.0744,6.5565,,,,,,,
1568320956781197,陀螺仪,,,,,,,,0.1037,-0.1120,-0.1352
1568320963033489,加速度计,-0.3508,8.9860,0.5040,,,,,,,
1568320973052239,加速度计,-0.1736,7.2161,2.6510,,,,,,,
1568320976822030,陀螺仪,,,,,,,,-0.0385,-0.1867,-0.1919
1568320983075155,加速度计,0.0054,7.3747,4.4592,,,,,,,
1568320993099218,加速度计,-0.8284,6.6242,6.6463,,,,,,,
1568320996843853,陀螺仪,,,,,,,,-0.0812,-0.2266,-0.1719
1568321003093072,加速度计,-1.2013,7.4442,9.2650,,,,,,,
1568321013088280,加速度计,0.4908,6.1411,10.2376,,,,,,,
1568321023085676,加速度计,0.2568,8.1696,7.8123,,,,,,,
1568321016835936,陀螺仪,,,,,,,,0.0234,-0.2081,-0.1229
1568321033086093,加速度计,0.4645,8.6161,5.3367,,,,,,,
1568321036839478,陀螺仪,,,,,,,,0.0053,-0.2135,-0.1407
1568321043090103,加速度计,0.9266,6.9653,9.8180,,,,,,,
1568321053098124,加速度计,0.3747,7.1018,9.1345,,,,,,,
1568321056858853,陀螺仪,,,,,,,,0.0457,-0.1839,-0.1071
1568321063110572,加速度计,0.0946,5.1697,6.2171,,,,,,,
1568321073127603,加速度计,2.1344,6.7947,4.6477,,,,,,,
1568321083148957,加速度计,2.1033,6.0831,7.8159,,,,,,,
1568321076896145,陀螺仪,,,,,,,,0.0426,-0.2103,-0.1083
1568321093174478,加速度计,-0.0736,8.1128,5.8251,,,,,,,
1568321096949895,陀螺仪,,,,,,,,0.0614,-0.1929,-0.1795
1568321103203645,加速度计,0.3747,6.7038,3.6093,,,,,,,
1568321113235884,加速度计,0.4776,6.6212,0.9295,,,,,,,
1568321123270520,加速度计,-0.1006,5.3528,4.3449,,,,,,,
1568321117016145,陀螺仪,,,,,,,,-0.0891,-0.2537,-0.1728
1568321133306718,加速度计,-1.1708,6.6744,7.0803,,,,,,,
1568321143343905,加速度计,-0.5644,5.8053,10.7302,,,,,,,
1568321137089270,陀螺仪,,,,,,,,-0.1068,-0.2293,-0.0826
1568321153381405,加速度计,0.0144,8.8256,5.0272,,,,,,,
1568321163408228,加速度计,0.8517,7.0120,2.7779,,,,,,,
1568321157155728,陀螺仪,,,,,,,,-0.0377,-0.1736,0.0224
1568321173427603,加速度计,0.1305,7.3598,2.5115,,,,,,,
1568321177194061,陀螺仪,,,,,,,,-0.1751,-0.1771,0.0348
1568321183446353,加速度计,-1.5365,6.2632,6.9947,,,,,,,
1568321193465103,加速度计,-0.7775,8.1092,9.5164,,,,,,,
1568321197231561,陀螺仪,,,,,,,,-0.1630,-0.1443,0.1920
1568321203483853,加速度计,-0.1245,6.8678,11.6604,,,,,,,
1568321213502603,加速度计,-0.3011,7.3340,4.4909,,,,,,,
1568321223521353,加速度计,0.3693,7.2323,0.7817,,,,,,,
1568321217269061,陀螺仪,,,,,,,,-0.1004,-0.0545,0.2699
1568321233542707,加速度计,-0.9697,5.4582,8.3845,,,,,,,
1568321237310364,陀螺仪,,,,,,,,-0.2457,-0.0417,0.3092
1568321243561509,加速度计,-0.9236,5.3798,14.5789,,,,,,,
1568321253571093,加速度计,-0.4711,7.0479,11.7914,,,,,,,
1568321257329791,陀螺仪,,,,,,,,-0.0590,0.0716,0.4804
1568321263580989,加速度计,-0.4136,5.8742,7.2353,,,,,,,
1568321273591614,加速度计,-0.1861,5.4570,10.3884,,,,,,,
1568321277351926,陀螺仪,,,,,,,,-0.0285,0.1069,0.5426
1568321283603384,加速度计,0.9631,6.5817,10.8409,,,,,,,
1568321293616405,加速度计,1.0642,8.7999,5.7646,,,,,,,
1568321297379166,陀螺仪,,,,,,,,0.0501,0.1719,0.5229
1568321303630989,加速度计,0.5758,8.0349,6.2333,,,,,,,
1568321313647239,加速度计,-0.5740,6.3189,7.1569,,,,,,,
1568321323665155,加速度计,0.0473,6.9564,9.5475,,,,,,,
1568321317412916,陀螺仪,,,,,,,,-0.0166,0.1752,0.4815
1568321333684739,加速度计,0.8643,9.7995,7.5645,,,,,,,
1568321337453332,陀螺仪,,,,,,,,-0.0196,0.1635,0.4491
1568321343705989,加速度计,0.6363,5.9981,11.9662,,,,,,,
1568321353728593,加速度计,-0.7003,5.8885,6.6116,,,,,,,
1568321357499478,陀螺仪,,,,,,,,0.0718,0.2087,0.3947
1568321363752447,加速度计,0.4166,7.1479,2.8467,,,,,,,
1568321373777239,加速度计,0.9571,8.2738,1.2492,,,,,,,
1568321377549426,陀螺仪,,,,,,,,-0.0956,0.1149,0.2929
1568321383802551,加速度计,0.2502,5.0667,12.5432,,,,,,,
1568321393828280,加速度计,0.1377,5.8670,11.3814,,,,,,,
1568321397600936,陀螺仪,,,,,,,,0.0597,0.1129,0.2075
1568321403854114,加速度计,0.0916,7.5082,9.4697,,,,,,,
1568321413877134,加速度计,1.2384,6.5290,6.9540,,,,,,,
1568321423896718,加速度计,1.6119,6.7115,5.4115,,,,,,,
1568321417644426,陀螺仪,,,,,,,,0.1622,0.1136,0.1581
1568321433915468,加速度计,0.3292,7.6082,6.5697,,,,,,,
1568321437681926,陀螺仪,,,,,,,,0.1545,0.0538,0.0465
1568321443934218,加速度计,1.3485,6.8833,7.7464,,,,,,,
1568321453952968,加速度计,0.9032,6.1016,5.2804,,,,,,,
1568321463971718,加速度计,1.1863,5.7587,6.3859,,,,,,,
1568321457719426,陀螺仪,,,,,,,,0.2096,0.0273,-0.0051
1568321473990468,加速度计,0.6482,7.9906,9.9796,,,,,,,
1568321477757707,陀螺仪,,,,,,,,0.2483,0.0075,-0.0810
1568321484010155,加速度计,0.6973,7.3867,8.5611,,,,,,,
1568321494029374,加速度计,0.0251,8.3396,5.9053,,,,,,,
1568321497792551,陀螺仪,,,,,,,,0.2912,-0.0197,-0.0771
1568321504044374,加速度计,0.1730,6.8648,4.4329,,,,,,,
1568321514059374,加速度计,1.2677,5.4169,5.6228,,,,,,,
1568321517822811,陀螺仪,,,,,,,,0.2764,0.0001,-0.0818
1568321524074686,加速度计,-0.1359,8.6173,8.0403,,,,,,,
1568321534090416,加速度计,-1.4700,9.9539,7.4172,,,,,,,
1568321537854582,陀螺仪,,,,,,,,0.2961,0.0134,0.0096
1568321544106561,加速度计,-0.7691,7.9787,4.6603,,,,,,,
1568321554123124,加速度计,1.8555,8.4354,0.4998,,,,,,,
1568321564140103,加速度计,0.1945,8.3360,3.4441,,,,,,,
1568321557888020,陀螺仪,,,,,,,,0.1719,0.0088,0.0622
1568321574157811,加速度计,-2.0889,8.0715,9.9288,,,,,,,
1568321584176353,加速度计,-1.6777,7.4867,9.3565,,,,,,,
1568321577924061,陀螺仪,,,,,,,,0.0921,0.0365,0.1044
1568321594195728,加速度计,-0.1784,8.9645,4.4131,,,,,,,
1568321597963176,陀螺仪,,,,,,,,0.1348,0.0848,0.1951
1568321604215624,加速度计,0.3651,8.6233,4.6076,,,,,,,
1568321614235936,加速度计,0.1963,7.7566,3.6087,,,,,,,
1568321624256666,加速度计,-1.1097,7.1575,1.9070,,,,,,,
1568321618004114,陀螺仪,,,,,,,,-0.0242,0.0782,0.1454
1568321634277811,加速度计,-0.4902,6.6846,6.2698,,,,,,,
1568321638046718,陀螺仪,,,,,,,,-0.1479,0.0605,0.1932
1568321644299374,加速度计,-0.6919,6.0472,21.4616,,,,,,,
1568321654321041,加速度计,-1.0319,6.3847,19.0525,,,,,,,
1568321664342707,加速度计,2.0393,9.8360,-1.6933,,,,,,,
1568321658090051,陀螺仪,,,,,,,,0.2470,0.1870,0.2892
1568321674364374,加速度计,2.5714,7.2419,-7.2868,,,,,,,
1568321684384791,加速度计,1.2396,4.6789,-7.3795,,,,,,,
1568321678132343,陀螺仪,,,,,,,,-0.0112,0.1201,0.1369
1568321694403853,加速度计,-0.4788,5.1272,15.8957,,,,,,,
1568321704422603,加速度计,-0.2412,8.7167,17.6536,,,,,,,
1568321698170311,陀螺仪,,,,,,,,-0.1944,0.0593,0.0708
1568321714441353,加速度计,0.1526,8.8526,12.2463,,,,,,,
1568321718207811,陀螺仪,,,,,,,,0.0221,0.1064,0.0892
1568321724460103,加速度计,0.3944,6.9935,3.4818,,,,,,,
1568321734486509,加速度计,1.4090,4.1946,5.0266,,,,,,,
1568321738253489,陀螺仪,,,,,,,,-0.0262,0.0629,-0.0096
1568321744503072,加速度计,0.5531,6.4697,5.4115,,,,,,,
1568321754500780,加速度计,0.3184,8.2941,4.5167,,,,,,,
1568321764499947,加速度计,0.1718,6.6792,8.8885,,,,,,,
1568321758250051,陀螺仪,,,,,,,,-0.1087,0.0156,-0.0539
1568321774501093,加速度计,0.6919,5.0859,11.3126,,,,,,,
1568321784504947,加速度计,2.0656,7.0623,7.8638,,,,,,,
1568321778254426,陀螺仪,,,,,,,,-0.0648,0.0169,-0.0451
1568321794512030,加速度计,0.5070,7.6531,7.8937,,,,,,,
1568321804522447,加速度计,0.2125,6.4260,6.4817,,,,,,,
1568321798271093,陀螺仪,,,,,,,,-0.0268,0.0226,-0.0798
1568321814536509,加速度计,0.5968,5.9502,3.8996,,,,,,,
1568321824554322,加速度计,-0.0227,8.0631,3.4614,,,,,,,
1568321818302030,陀螺仪,,,,,,,,-0.0864,0.0047,-0.0726
1568321834575884,加速度计,-0.4471,5.1026,11.8363,,,,,,,
1568321844600884,加速度计,-1.1384,5.8832,14.6106,,,,,,,
1568321838347707,陀螺仪,,,,,,,,-0.1048,-0.0064,-0.0394
1568321854628905,加速度计,0.5219,8.7520,4.3251,,,,,,,
1568321864659530,加速度计,0.0371,7.0198,2.4822,,,,,,,
1568321858405676,陀螺仪,,,,,,,,0.0184,0.0057,-0.0056
1568321874692030,加速度计,-0.1694,5.1200,3.8367,,,,,,,
1568321878471666,陀螺仪,,,,,,,,-0.0856,0.0112,-0.0032
1568321884725884,加速度计,-0.5800,5.3516,8.9292,,,,,,,
1568321894760364,加速度计,-0.3813,8.2283,3.5488,,,,,,,
1568321904794322,加速度计,0.3687,5.2224,7.7363,,,,,,,
1568321898540155,陀螺仪,,,,,,,,-0.0672,0.0434,0.0819
1568321914816822,加速度计,0.5154,6.1824,7.0288,,,,,,,
1568321924835572,加速度计,0.6812,7.9404,5.1990,,,,,,,
1568321918583280,陀螺仪,,,,,,,,-0.0262,0.0747,0.1108
1568321934854322,加速度计,0.7195,9.8839,9.3583,,,,,,,
1568321938620780,陀螺仪,,,,,,,,-0.1107,0.0668,0.0852
1568321944873072,加速度计,-0.5740,7.7596,12.2840,,,,,,,
1568321954891822,加速度计,0.3484,4.2294,12.6851,,,,,,,
1568321964910572,加速度计,0.1909,5.4348,3.0436,,,,,,,
1568321958658280,陀螺仪,,,,,,,,0.0497,0.1049,0.0887
1568321974929322,加速度计,0.4776,5.7616,1.4706,,,,,,,
1568321978697864,陀螺仪,,,,,,,,0.0185,0.0862,0.1083
1568321984952343,加速度计,0.8529,7.2048,8.1846,,,,,,,
1568321994967864,加速度计,0.6452,7.9571,12.3601,,,,,,,
1568322004979530,加速度计,0.4723,9.0914,3.8720,,,,,,,
1568321998728124,陀螺仪,,,,,,,,0.0964,0.1358,0.1165
1568322014991561,加速度计,0.7117,8.6036,-0.6051,,,,,,,
1568322018752811,陀螺仪,,,,,,,,-0.0381,0.1426,0.1208
1568322025004374,加速度计,-0.6949,6.0495,5.7353,,,,,,,
1568322035018020,加速度计,-0.2131,6.3027,14.0833,,,,,,,
1568322038780728,陀螺仪,,,,,,,,-0.0021,0.1907,0.1932
1568322045032499,加速度计,-0.4992,7.9380,10.8595,,,,,,,
1568322055048176,加速度计,1.4353,8.3875,1.6508,,,,,,,
1568322058813020,陀螺仪,,,,,,,,0.0682,0.1891,0.1497
1568322065065103,加速度计,0.1538,7.0072,-2.3409,,,,,,,
1568322075083280,加速度计,-0.5836,5.9807,3.9145,,,,,,,
1568322078850311,陀螺仪,,,,,,,,-0.1173,0.1087,0.0888
1568322085102707,加速度计,-0.1149,7.6626,11.0103,,,,,,,
1568322095123384,加速度计,1.0385,8.2875,10.9307,,,,,,,
1568322098892291,陀螺仪,,,,,,,,-0.0391,0.0979,0.0124
1568322105144947,加速度计,1.1181,6.8444,7.4208,,,,,,,
1568322115167343,加速度计,0.6003,5.3965,3.7505,,,,,,,
1568322118937707,陀螺仪,,,,,,,,-0.0060,0.0766,-0.0780
1568322125190572,加速度计,0.2771,8.3677,3.5452,,,,,,,
1568322135214270,加速度计,1.2558,6.8468,7.5932,,,,,,,
1568322138985103,陀螺仪,,,,,,,,-0.1000,0.0037,-0.1206
1568322145238020,加速度计,2.4744,5.8574,10.2645,,,,,,,
1568322155261770,加速度计,1.9710,7.9368,7.7662,,,,,,,
1568322159032603,陀螺仪,,,,,,,,-0.0152,0.0356,-0.2047
1568322165285520,加速度计,2.0734,6.2052,10.7260,,,,,,,
1568322175305259,加速度计,2.6576,6.6714,8.3216,,,,,,,
1568322179071770,陀螺仪,,,,,,,,0.0903,0.0419,-0.2481
1568322185324061,加速度计,2.3188,7.7524,2.6701,,,,,,,
1568322195342811,加速度计,2.5917,5.4875,0.1047,,,,,,,
1568322199109270,陀螺仪,,,,,,,,-0.0173,0.0005,-0.3342
1568322205361561,加速度计,1.3036,6.4907,5.6018,,,,,,,
1568322215380311,加速度计,2.2200,7.0102,14.6585,,,,,,,
1568322219146770,陀螺仪,,,,,,,,-0.0206,-0.0229,-0.3521
1568322225399061,加速度计,1.8561,9.9922,13.1543,,,,,,,
1568322235418957,加速度计,1.9591,8.7388,5.2116,,,,,,,
1568322245436926,加速度计,1.2372,5.4935,0.4052,,,,,,,
1568322239184895,陀螺仪,,,,,,,,0.0617,0.0099,-0.4431
1568322255453593,加速度计,-0.4447,5.3714,8.1325,,,,,,,
1568322259218228,陀螺仪,,,,,,,,-0.0716,-0.1039,-0.4647
1568322265470259,加速度计,0.7829,6.7217,11.4958,,,,,,,
1568322275486926,加速度计,0.8763,8.3845,8.9196,,,,,,,
1568322279251561,陀螺仪,,,,,,,,0.0324,-0.1229,-0.4972
1568322285503593,加速度计,2.5762,6.7391,6.2064,,,,,,,
1568322295520624,加速度计,1.9579,4.7830,6.4841,,,,,,,
1568322299285936,陀螺仪,,,,,,,,0.0115,-0.1461,-0.5916
1568322305538072,加速度计,0.4028,6.0436,5.8377,,,,,,,
1568322315555936,加速度计,0.7751,8.6526,4.8393,,,,,,,
1568322325574218,加速度计,0.4872,7.2538,9.5134,,,,,,,
1568322335592916,加速度计,0.7566,6.5116,7.0042,,,,,,,
1568322319321978,陀螺仪,,,,,,,,-0.0174,-0.1724,-0.5735
1568322339359686,陀螺仪,,,,,,,,0.0108,-0.1575,-0.5282
1568322345612030,加速度计,0.9266,6.5446,4.8692,,,,,,,
1568322355631561,加速度计,0.1484,6.5523,4.9961,,,,,,,
1568322365651509,加速度计,-0.6578,4.0606,10.5578,,,,,,,
1568322359399061,陀螺仪,,,,,,,,-0.0225,-0.1742,-0.4880
1568322375671509,加速度计,-1.2761,8.5461,5.0877,,,,,,,
1568322379439061,陀螺仪,,,,,,,,0.0676,-0.1714,-0.3775
1568322385691509,加速度计,0.8823,7.3879,6.2501,,,,,,,
1568322395711509,加速度计,0.6434,8.2857,4.5119,,,,,,,
1568322399479061,陀螺仪,,,,,,,,0.0053,-0.1735,-0.3582
1568322405731509,加速度计,-0.9463,5.8999,5.4791,,,,,,,
1568322415751509,加速度计,-0.7907,7.5669,2.7342,,,,,,,
1568322425771509,加速度计,-1.2336,7.4286,9.7354,,,,,,,
1568322419519061,陀螺仪,,,,,,,,-0.0401,-0.1523,-0.2405
1568322435791509,加速度计,0.0413,6.2189,11.5526,,,,,,,
1568322445811509,加速度计,-0.4274,7.2048,6.9719,,,,,,,
1568322439559061,陀螺仪,,,,,,,,0.0381,-0.0720,-0.0908
1568322455830780,加速度计,-0.9577,9.0088,4.4071,,,,,,,
1568322465849582,加速度计,-0.9050,5.0877,10.6757,,,,,,,
1568322459597291,陀螺仪,,,,,,,,-0.0125,-0.0514,0.0012
1568322475868332,加速度计,-0.8906,6.9605,10.3501,,,,,,,
1568322479641249,陀螺仪,,,,,,,,0.1154,0.0246,0.1192
1568322485898541,加速度计,-0.0377,7.1533,6.5571,,,,,,,
1568322495908176,加速度计,-0.6518,7.8979,0.1077,,,,,,,
1568322505910624,加速度计,-1.1785,7.7476,-0.1030,,,,,,,
1568322499660364,陀螺仪,,,,,,,,0.0611,0.0368,0.1526
1568322515914218,加速度计,-1.3838,7.7901,7.2371,,,,,,,
1568322525919426,加速度计,-1.2605,6.4631,13.9875,,,,,,,
1568322519668801,陀螺仪,,,,,,,,-0.1210,0.0061,0.1900
1568322535926666,加速度计,-1.3324,8.3606,8.6892,,,,,,,
1568322539685155,陀螺仪,,,,,,,,0.0184,0.0300,0.2101
1568322545936353,加速度计,-0.7207,7.4789,5.5150,,,,,,,
1568322555948905,加速度计,-0.5974,7.3346,5.3965,,,,,,,
1568322565964374,加速度计,-0.1963,6.3398,7.4430,,,,,,,
1568322559712447,陀螺仪,,,,,,,,-0.0264,-0.0005,0.1696
1568322575982759,加速度计,-0.6081,8.0242,3.0634,,,,,,,
1568322579751405,陀螺仪,,,,,,,,-0.0660,-0.0209,0.0981
1568322586004061,加速度计,-0.0305,6.6020,4.5801,,,,,,,
1568322596027916,加速度计,0.0509,6.1321,7.2891,,,,,,,
1568322599800676,陀螺仪,,,,,,,,-0.0957,-0.0473,0.0414
1568322606053905,加速度计,-0.6255,7.6908,6.0813,,,,,,,
1568322616081614,加速度计,0.7817,6.2165,4.6855,,,,,,,
1568322619857030,陀螺仪,,,,,,,,-0.1064,-0.0867,-0.0232
1568322626110624,加速度计,0.1018,7.3640,6.9330,,,,,,,
1568322636140520,加速度计,-0.2765,5.5061,12.5983,,,,,,,
1568322639917134,陀螺仪,,,,,,,,-0.0663,-0.1298,-0.0430
1568322646170884,加速度计,0.4980,7.8135,14.2234,,,,,,,
1568322656201301,加速度计,0.4824,8.2319,9.3978,,,,,,,
1568322659972030,陀螺仪,,,,,,,,0.1000,-0.1197,-0.0720
1568322666224791,加速度计,1.0002,6.9785,3.5686,,,,,,,
1568322676244374,加速度计,1.4557,5.7275,1.9609,,,,,,,
1568322680010884,陀螺仪,,,,,,,,0.0186,-0.1652,-0.1559
1568322686263176,加速度计,-0.1245,6.6702,4.1653,,,,,,,
1568322696281926,加速度计,-1.2139,7.1575,10.1789,,,,,,,
1568322706300676,加速度计,0.3160,8.2037,8.5748,,,,,,,
1568322700048384,陀螺仪,,,,,,,,0.0156,-0.1927,-0.1390
1568322716319426,加速度计,0.7386,8.7149,4.7196,,,,,,,
1568322726338176,加速度计,0.4717,7.8656,2.2015,,,,,,,
1568322720085884,陀螺仪,,,,,,,,0.0525,-0.1535,-0.0995
1568322736362291,加速度计,0.9140,6.6864,4.4430,,,,,,,
1568322740124009,陀螺仪,,,,,,,,-0.0667,-0.1473,-0.0746
1568322746375624,加速度计,0.0437,7.4095,7.4172,,,,,,,
1568322756388957,加速度计,0.0784,8.9453,8.9160,,,,,,,
1568322760151041,陀螺仪,,,,,,,,-0.0631,-0.0870,0.0103
1568322766402707,加速度计,0.0545,7.1808,9.7163,,,,,,,
1568322776416874,加速度计,-0.8823,6.9097,8.2708,,,,,,,
1568322780179686,陀螺仪,,,,,,,,0.0166,-0.0618,0.0795
1568322786431457,加速度计,0.6243,5.6228,9.7223,,,,,,,
1568322796446874,加速度计,0.2993,8.0194,5.0452,,,,,,,
1568322800211145,陀螺仪,,,,,,,,0.0992,-0.0518,0.0762
1568322806463124,加速度计,-0.4639,8.3522,3.7475,,,,,,,
1568322816480207,加速度计,-0.2915,6.1812,5.3648,,,,,,,
1568322820245936,陀螺仪,,,,,,,,-0.0027,-0.0796,0.0651
1568322826498124,加速度计,-0.9768,7.7770,4.5939,,,,,,,
1568322836516874,加速度计,-1.7340,7.5543,7.1898,,,,,,,
1568322846536457,加速度计,-0.2269,5.8149,10.5788,,,,,,,
1568322840284061,陀螺仪,,,,,,,,-0.0706,-0.0883,0.1072
1568322856556874,加速度计,-0.7248,6.1585,7.7542,,,,,,,
1568322866578124,加速度计,-0.3915,5.1170,3.3668,,,,,,,
1568322860325520,陀螺仪,,,,,,,,0.0210,-0.0477,0.1220
1568322876599791,加速度计,-0.5154,5.3570,5.7108,,,,,,,
1568322880369166,陀螺仪,,,,,,,,0.0008,-0.0525,0.1543
1568322886621874,加速度计,-1.2145,5.7186,11.5778,,,,,,,
1568322896644374,加速度计,-1.2013,7.2323,9.0046,,,,,,,
1568322900414114,陀螺仪,,,,,,,,0.1089,-0.0324,0.2193
1568322906666874,加速度计,0.0904,7.3436,5.1350,,,,,,,
1568322916689374,加速度计,0.7362,8.1780,4.8213,,,,,,,
1568322920459114,陀螺仪,,,,,,,,-0.0272,-0.0738,0.1771
1568322926711874,加速度计,-0.8021,7.9194,11.0977,,,,,,,
1568322936732707,加速度计,-0.9475,7.2987,10.6644,,,,,,,
1568322940499166,陀螺仪,,,,,,,,0.0409,-0.0242,0.1866
1568322946751457,加速度计,-0.5136,7.3107,3.6709,,,,,,,
1568322956770207,加速度计,0.3065,4.6843,2.6127,,,,,,,
1568322960536666,陀螺仪,,,,,,,,-0.0786,-0.0623,0.2097
1568322966788957,加速度计,0.8835,3.8834,8.3983,,,,,,,
1568322976807707,加速度计,0.7859,8.5192,9.4780,,,,,,,
1568322980590884,陀螺仪,,,,,,,,0.0112,-0.0161,0.1960
1568322986852759,加速度计,-0.2562,9.6732,8.6790,,,,,,,
1568322996845259,加速度计,0.5118,6.3961,6.4572,,,,,,,
1568323000589478,陀螺仪,,,,,,,,0.0316,-0.0169,0.1948
1568323006838593,加速度计,-0.2658,6.4069,3.0514,,,,,,,
1568323016833593,加速度计,-0.1466,6.9587,3.7607,,,,,,,
1568323020581822,陀螺仪,,,,,,,,-0.0212,-0.0268,0.2037
1568323026831509,加速度计,0.9194,8.5174,8.7077,,,,,,,
1568323036832759,加速度计,1.1618,7.2520,11.3246,,,,,,,
1568323046838176,加速度计,0.2664,8.4384,6.1639,,,,,,,
1568323040587551,陀螺仪,,,,,,,,0.0296,0.0020,0.1731
1568323056848176,加速度计,0.0287,6.8277,5.6024,,,,,,,
1568323066862759,加速度计,0.8954,7.7309,5.6156,,,,,,,
1568323060610989,陀螺仪,,,,,,,,0.0144,-0.0049,0.1870
1568323076881926,加速度计,1.5179,7.4962,6.0388,,,,,,,
1568323086905259,加速度计,0.9535,6.7145,6.9049,,,,,,,
1568323080652395,陀螺仪,,,,,,,,-0.0370,0.0059,0.1762
1568323096932759,加速度计,0.3980,5.5551,8.9980,,,,,,,
1568323100709791,陀螺仪,,,,,,,,-0.0019,0.0386,0.1692
1568323106963593,加速度计,0.3172,5.8347,6.9348,,,,,,,
1568323116997343,加速度计,0.9032,7.1198,3.6835,,,,,,,
1568323120778749,陀螺仪,,,,,,,,0.0028,0.0226,0.1619
1568323127033176,加速度计,0.4160,7.2969,4.8644,,,,,,,
1568323137070259,加速度计,0.6632,6.1896,7.3676,,,,,,,
1568323147107759,加速度计,0.2873,5.9442,10.6332,,,,,,,
1568323140853124,陀螺仪,,,,,,,,-0.0165,0.0168,0.1142
1568323157145259,加速度计,0.8679,8.2474,7.6674,,,,,,,
1568323160912447,陀螺仪,,,,,,,,0.0405,0.0076,0.1079
1568323167164843,加速度计,1.2216,7.6375,7.3430,,,,,,,
1568323177183593,加速度计,1.1468,7.0258,6.3979,,,,,,,
1568323180950051,陀螺仪,,,,,,,,0.0198,0.0111,0.0551
1568323187202343,加速度计,0.6404,6.5589,7.6962,,,,,,,
1568323197221093,加速度计,0.4387,8.2432,6.1926,,,,,,,
1568323200987551,陀螺仪,,,,,,,,0.0252,0.0305,0.0771
1568323207239843,加速度计,1.4078,8.0804,4.2012,,,,,,,
1568323217258593,加速度计,0.8009,9.0896,6.9941,,,,,,,
1568323221025051,陀螺仪,,,,,,,,-0.0495,0.0511,0.0858
1568323227277343,加速度计,-0.2604,5.3606,9.7282,,,,,,,
1568323237311041,加速度计,0.8811,6.8839,6.1980,,,,,,,
1568323241064374,陀螺仪,,,,,,,,0.0312,0.0996,0.1883
1568323247314791,加速度计,0.8709,6.0328,9.2835,,,,,,,
1568323257318957,加速度计,1.3635,9.6247,2.9778,,,,,,,
1568323261073384,陀螺仪,,,,,,,,0.0561,0.1545,0.1968
1568323267323957,加速度计,0.3412,7.0246,6.7439,,,,,,,
1568323277330624,加速度计,-0.4435,7.8512,6.3009,,,,,,,
1568323287339374,加速度计,-0.3154,5.6515,9.9605,,,,,,,
1568323281088332,陀螺仪,,,,,,,,-0.0068,0.1507,0.2133
1568323297350207,加速度计,0.7404,7.2927,5.8341,,,,,,,
1568323307363541,加速度计,0.7027,7.5154,3.7960,,,,,,,
1568323301111926,陀螺仪,,,,,,,,0.0415,0.1630,0.2136
1568323317379374,加速度计,0.3059,6.1232,6.0454,,,,,,,
1568323321145468,陀螺仪,,,,,,,,-0.0410,0.1297,0.1399
1568323327397707,加速度计,1.3791,6.9372,6.3608,,,,,,,
1568323337418541,加速度计,0.1113,6.8438,10.0096,,,,,,,
1568323347441874,加速度计,1.6269,7.2472,8.1145,,,,,,,
1568323357467291,加速度计,1.3431,4.8213,7.3801,,,,,,,
1568323341189009,陀螺仪,,,,,,,,-0.0510,0.1136,0.0847
1568323367494374,加速度计,1.2564,5.9610,6.2327,,,,,,,
1568323361241041,陀螺仪,,,,,,,,-0.0063,0.1065,0.0234
1568323377522707,加速度计,1.7561,6.2620,11.2905,,,,,,,
1568323381298280,陀螺仪,,,,,,,,0.0117,0.0883,-0.0434
1568323387551874,加速度计,1.6065,7.1275,9.1135,,,,,,,
1568323397581457,加速度计,1.2067,5.9406,6.8067,,,,,,,
1568323401357395,陀螺仪,,,,,,,,0.0913,0.1063,-0.1292
1568323407611041,加速度计,0.8835,6.4039,2.4738,,,,,,,
1568323417634374,加速度计,0.7602,5.0745,6.4871,,,,,,,
1568323427653124,加速度计,0.0389,8.0475,9.5457,,,,,,,
1568323421400832,陀螺仪,,,,,,,,0.0052,0.0485,-0.1473
1568323437671874,加速度计,1.1516,7.6046,7.3119,,,,,,,
1568323441438332,陀螺仪,,,,,,,,0.0237,0.0427,-0.1770
1568323447690624,加速度计,1.4317,7.0904,6.8319,,,,,,,
1568323457709374,加速度计,0.3496,6.8935,7.7566,,,,,,,
1568323461475832,陀螺仪,,,,,,,,0.0069,0.0236,-0.1933
1568323467728124,加速度计,0.5297,5.7090,9.6097,,,,,,,
1568323477746874,加速度计,0.6865,7.9224,5.1846,,,,,,,
1568323481516822,陀螺仪,,,,,,,,0.0304,-0.0043,-0.1866
1568323487768697,加速度计,0.8122,6.5128,7.6734,,,,,,,
1568323497784114,加速度计,0.7979,7.5226,4.6986,,,,,,,
1568323501547655,陀螺仪,,,,,,,,0.0534,-0.0103,-0.2340
1568323507799530,加速度计,0.1718,8.5401,3.1939,,,,,,,
1568323517814999,加速度计,0.2801,8.3133,4.7585,,,,,,,
1568323521578905,陀螺仪,,,,,,,,-0.0462,-0.0692,-0.2775
1568323527830884,加速度计,-0.9637,5.8951,8.7867,,,,,,,
1568323537847186,加速度计,-0.1383,7.4364,7.6399,,,,,,,
1568323541611822,陀螺仪,,,,,,,,0.0096,-0.0771,-0.1971
1568323547863905,加速度计,0.0545,8.8190,7.0437,,,,,,,
1568323557881978,加速度计,-0.6710,7.1563,6.3392,,,,,,,
1568323561669166,陀螺仪,,,,,,,,-0.0368,-0.0842,-0.1707
1568323567920728,加速度计,0.5100,6.6379,4.6639,,,,,,,
1568323577933645,加速度计,-0.6542,6.7918,7.8374,,,,,,,
1568323593830761,GPS,,,,31.9430,118.7844,3.3800,81.1000,,,
1568323581695051,陀螺仪,,,,,,,,-0.0300,-0.0795,-0.1156
1568323587946666,加速度计,-1.1199,6.8007,9.9515,,,,,,,
1568323597960103,加速度计,-0.1083,7.7830,8.4527,,,,,,,
1568323601722291,陀螺仪,,,,,,,,0.0800,-0.0334,-0.0258
1568323607974061,加速度计,0.2723,7.2868,5.7024,,,,,,,
1568323617989582,加速度计,-0.3484,7.0880,4.7429,,,,,,,
1568323621763072,陀螺仪,,,,,,,,0.0413,-0.0466,0.0003
1568323628016666,加速度计,-0.6853,6.8773,7.5573,,,,,,,
1568323638044530,加速度计,-0.7997,7.5705,5.7730,,,,,,,
1568323648066405,加速度计,-0.2963,7.0946,4.7519,,,,,,,
1568323641814114,陀螺仪,,,,,,,,0.0495,-0.0248,0.0579
1568323658085155,加速度计,-0.6111,7.5453,0.8200,,,,,,,
1568323661851614,陀螺仪,,,,,,,,-0.0686,-0.0435,0.0772
1568323668103905,加速度计,-0.0281,4.6914,7.7889,,,,,,,
1568323678122655,加速度计,-1.0534,5.8365,11.9028,,,,,,,
1568323688141405,加速度计,-0.4537,7.8326,9.7468,,,,,,,
1568323681889114,陀螺仪,,,,,,,,0.0119,-0.0184,0.1115
1568323698160155,加速度计,-0.1790,8.9962,5.1284,,,,,,,
1568323701926614,陀螺仪,,,,,,,,0.0188,-0.0005,0.1358
1568323708178905,加速度计,0.1203,8.2660,4.3425,,,,,,,
1568323718197655,加速度计,-0.0850,5.5905,7.9900,,,,,,,
1568323721964114,陀螺仪,,,,,,,,-0.0314,0.0136,0.1623
1568323728216405,加速度计,0.6345,7.1754,7.7225,,,,,,,
1568323738235155,加速度计,-0.0329,8.4414,4.3832,,,,,,,
1568323742001614,陀螺仪,,,,,,,,-0.0427,0.0684,0.1956
1568323748253905,加速度计,0.7153,6.6948,5.5743,,,,,,,
1568323758272655,加速度计,0.0419,6.2082,5.9598,,,,,,,
1568323762039114,陀螺仪,,,,,,,,-0.0775,0.0945,0.2419
1568323768291405,加速度计,0.6452,7.9661,7.0791,,,,,,,
1568323778310155,加速度计,0.2035,7.1676,12.3200,,,,,,,
1568323782076614,陀螺仪,,,,,,,,-0.0176,0.1374,0.2858
1568323788328905,加速度计,1.1085,7.8129,8.8951,,,,,,,
1568323798347655,加速度计,0.7021,6.4913,7.1198,,,,,,,
1568323808366405,加速度计,0.7159,7.5453,4.1108,,,,,,,
1568323802114114,陀螺仪,,,,,,,,0.0630,0.1963,0.2864
1568323818389739,加速度计,0.7021,7.7859,1.5431,,,,,,,
1568323822151822,陀螺仪,,,,,,,,-0.0477,0.1686,0.2353
1568323828403489,加速度计,-0.4585,7.0402,6.3698,,,,,,,
1568323838417239,加速度计,-0.5543,5.6162,15.5390,,,,,,,
1568323848431093,加速度计,-0.9427,8.2319,12.2661,,,,,,,
1568323842179374,陀螺仪,,,,,,,,0.0293,0.1543,0.2168
1568323858445364,加速度计,0.3059,9.0668,0.2544,,,,,,,
1568323862208280,陀螺仪,,,,,,,,0.0839,0.1645,0.1671
1568323868460155,加速度计,0.6662,7.2167,-1.7095,,,,,,,
1568323878475780,加速度计,-0.8529,4.5125,8.8520,,,,,,,
1568323882240155,陀螺仪,,,,,,,,-0.1089,0.0787,0.1008
1568323888492239,加速度计,-0.7661,5.7341,16.0878,,,,,,,
1568323898509530,加速度计,-0.3340,9.3128,10.9283,,,,,,,
1568323902275364,陀螺仪,,,,,,,,0.0871,0.1270,0.1161
1568323908527655,加速度计,0.1879,7.5447,0.8356,,,,,,,
1568323918546614,加速度计,-0.1682,3.1161,0.8200,,,,,,,
1568323922313905,陀螺仪,,,,,,,,-0.0554,0.0875,0.0839
1568323928566405,加速度计,-0.9343,4.3323,6.5188,,,,,,,
1568323938587030,加速度计,-0.0186,6.7259,10.5740,,,,,,,
1568323942355728,陀螺仪,,,,,,,,-0.0426,0.0557,0.1100
1568323948608384,加速度计,0.7584,7.5932,11.2731,,,,,,,
1568323958630155,加速度计,0.3466,6.6433,7.6094,,,,,,,
1568323962399582,陀螺仪,,,,,,,,0.0244,0.0766,0.0501
1568323968652343,加速度计,0.1640,6.4446,5.3211,,,,,,,
1568323978674843,加速度计,0.2119,6.9294,8.1636,,,,,,,
1568323982444582,陀螺仪,,,,,,,,0.0186,0.0643,0.0249
1568323988697343,加速度计,-0.6183,7.2891,8.3827,,,,,,,
1568323998719843,加速度计,0.9110,7.7650,6.3680,,,,,,,
1568324002489322,陀螺仪,,,,,,,,0.0272,0.0461,0.0060
1568324008741822,加速度计,1.4006,6.1489,7.3927,,,,,,,
1568324018761822,加速度计,1.1564,6.1866,7.4735,,,,,,,
1568324022528280,陀螺仪,,,,,,,,0.0744,0.0515,-0.0286
1568324028780572,加速度计,0.8392,7.7315,7.8763,,,,,,,
1568324038799322,加速度计,1.2941,8.1936,5.3367,,,,,,,
1568324042565780,陀螺仪,,,,,,,,0.1008,0.0403,-0.0744
1568324048818072,加速度计,0.9744,6.7995,4.6932,,,,,,,
1568324058837655,加速度计,1.5012,7.3173,2.7001,,,,,,,
1568324062608489,陀螺仪,,,,,,,,0.0313,0.0193,-0.1197
1568324068859947,加速度计,1.1791,8.7317,4.0630,,,,,,,
1568324078872030,加速度计,1.4790,7.8811,12.7791,,,,,,,
1568324082632759,陀螺仪,,,,,,,,-0.0289,-0.0047,-0.1706
1568324088884270,加速度计,1.4676,6.5230,19.4535,,,,,,,
1568324098896926,加速度计,1.4467,8.4084,8.7682,,,,,,,
1568324108910155,加速度计,0.5261,8.0337,-2.0602,,,,,,,
1568324102658489,陀螺仪,,,,,,,,0.2502,0.0294,-0.2525
1568324118924218,加速度计,1.5969,8.4946,-6.9689,,,,,,,
1568324122687343,陀螺仪,,,,,,,,-0.0577,-0.1047,-0.2995
1568324128939270,加速度计,0.9565,5.2014,6.8091,,,,,,,
1568324138955572,加速度计,1.8615,7.1269,9.7073,,,,,,,
1568324142720884,陀螺仪,,,,,,,,-0.0691,-0.0759,-0.3124
1568324148973124,加速度计,2.0800,7.2592,8.9118,,,,,,,
1568324158991926,加速度计,1.7579,6.7349,4.4065,,,,,,,
1568324162759426,陀螺仪,,,,,,,,-0.0394,-0.0236,-0.3208
1568324169011978,加速度计,1.3048,5.6635,3.2507,,,,,,,
1568324179033124,加速度计,-0.4064,6.8229,9.7001,,,,,,,
1568324182802343,陀螺仪,,,,,,,,-0.1101,-0.0870,-0.2874
1568324189055103,加速度计,0.1311,6.7463,13.3076,,,,,,,
1568324199077759,加速度计,1.0439,8.2067,10.7236,,,,,,,
1568324202847968,陀螺仪,,,,,,,,0.0567,-0.0497,-0.2614
1568324209100832,加速度计,1.4928,6.5781,6.2590,,,,,,,
1568324219124322,加速度计,0.2682,5.8652,3.8427,,,,,,,
1568324222895155,陀螺仪,,,,,,,,0.0603,-0.0582,-0.2719
1568324229148072,加速度计,0.3202,6.6319,5.8012,,,,,,,
1568324239171822,加速度计,0.2580,8.7095,7.5483,,,,,,,
1568324242941509,陀螺仪,,,,,,,,0.0458,-0.0690,-0.2137
1568324249193853,加速度计,1.9728,7.8667,6.7564,,,,,,,
1568324259212864,加速度计,1.2198,6.9282,3.6152,,,,,,,
1568324262979322,陀螺仪,,,,,,,,0.0253,-0.0316,-0.2304
1568324269231614,加速度计,0.0018,6.2333,4.2437,,,,,,,
1568324279250364,加速度计,-0.5728,7.2885,10.3274,,,,,,,
1568324283016822,陀螺仪,,,,,,,,0.0172,-0.0194,-0.1180
1568324289269114,加速度计,0.2574,8.9034,7.2850,,,,,,,
1568324299287864,加速度计,1.2558,8.7131,3.4040,,,,,,,
1568324303054426,陀螺仪,,,,,,,,-0.0494,0.0040,-0.0905
1568324309306770,加速度计,-0.4980,5.4600,4.8417,,,,,,,
1568324319327603,加速度计,0.0682,5.0248,6.3716,,,,,,,
1568324323091145,陀螺仪,,,,,,,,-0.0993,0.0071,-0.0334
1568324329343020,加速度计,0.5602,6.0597,11.6861,,,,,,,
1568324339358436,加速度计,-0.1365,8.3432,14.2874,,,,,,,
1568324349374009,加速度计,0.6255,7.4071,9.8994,,,,,,,
1568324359389999,加速度计,1.7328,10.5052,-2.2033,,,,,,,
1568324343122082,陀螺仪,,,,,,,,0.0643,0.0642,0.0107
1568324369406405,加速度计,0.3861,8.0565,-3.1137,,,,,,,
1568324363154374,陀螺仪,,,,,,,,0.0310,0.0754,-0.0867
1568324379423228,加速度计,-1.0714,5.0404,6.7971,,,,,,,
1568324383188332,陀螺仪,,,,,,,,-0.2866,-0.0674,-0.1225
1568324389440468,加速度计,-0.2251,3.2854,18.1337,,,,,,,
1568324399458124,加速度计,1.1360,4.8524,14.3772,,,,,,,
1568324403223957,陀螺仪,,,,,,,,0.0799,0.0650,-0.0727
1568324409476197,加速度计,0.7171,7.9446,2.7605,,,,,,,
1568324419494686,加速度计,1.1977,6.8307,-0.9768,,,,,,,
1568324423261249,陀螺仪,,,,,,,,-0.0818,-0.0068,-0.1526
1568324429513593,加速度计,0.2927,2.8874,6.7385,,,,,,,
1568324439532916,加速度计,-0.3968,5.9717,14.2359,,,,,,,
1568324449552655,加速度计,0.1628,8.9639,10.2580,,,,,,,
1568324443300207,陀螺仪,,,,,,,,0.0274,-0.0277,-0.1522
1568324459572811,加速度计,0.8823,8.8029,5.7491,,,,,,,
1568324463340832,陀螺仪,,,,,,,,0.0533,-0.0001,-0.1157
1568324469593384,加速度计,2.2745,6.1118,3.5644,,,,,,,
1568324479614374,加速度计,0.5860,6.5164,4.4945,,,,,,,
1568324489635624,加速度计,-0.9547,6.7343,5.8430,,,,,,,
1568324483383020,陀螺仪,,,,,,,,-0.0406,-0.0071,-0.1972
1568324499656874,加速度计,-0.8841,6.0807,10.3112,,,,,,,
1568324503425520,陀螺仪,,,,,,,,-0.0398,-0.0477,-0.1285
1568324509678124,加速度计,-0.3310,6.0944,8.3851,,,,,,,
1568324519699374,加速度计,0.6991,7.4711,3.3920,,,,,,,
1568324523467603,陀螺仪,,,,,,,,-0.0411,-0.0727,-0.1662
1568324529719999,加速度计,-0.1634,7.0988,7.9404,,,,,,,
1568324539739270,加速度计,0.2215,6.0430,14.1024,,,,,,,
1568324543505728,陀螺仪,,,,,,,,0.0434,-0.0951,-0.1900
1568324549758020,加速度计,-0.3370,7.2143,8.4025,,,,,,,
1568324559778489,加速度计,0.3394,10.4064,2.5043,,,,,,,
1568324569805520,加速度计,0.6955,7.1401,5.4971,,,,,,,
1568324563555207,陀螺仪,,,,,,,,0.0562,-0.0937,-0.1957
1568324579808593,加速度计,-0.3280,5.3642,8.9998,,,,,,,
1568324583561770,陀螺仪,,,,,,,,0.0459,-0.1273,-0.2120
1568324589812239,加速度计,-0.5704,8.1882,5.1272,,,,,,,
1568324599817030,加速度计,-1.2450,7.3670,3.8690,,,,,,,
1568324603572707,陀螺仪,,,,,,,,0.0350,-0.1471,-0.2015
1568324609823645,加速度计,0.9966,7.3376,3.7290,,,,,,,
1568324619833124,加速度计,-0.3089,8.1906,3.7828,,,,,,,
1568324623612968,陀螺仪,,,,,,,,-0.0767,-0.1678,-0.2028
1568324629870624,加速度计,-1.0044,8.9693,7.0503,,,,,,,
1568324647300709,GPS,,,,31.9430,118.7845,3.3600,81.4000,,,
1568324639926926,加速度计,0.0269,5.6964,10.3459,,,,,,,
1568324643693384,陀螺仪,,,,,,,,-0.0771,-0.1418,-0.1007
1568324649945676,加速度计,-0.0096,4.7094,9.2500,,,,,,,
1568324659964426,加速度计,-0.1748,7.1581,3.6984,,,,,,,
1568324663730884,陀螺仪,,,,,,,,0.0007,-0.0839,-0.0338
1568324669983176,加速度计,-0.1041,6.5715,7.3065,,,,,,,
1568324680001926,加速度计,0.6273,6.9109,7.3334,,,,,,,
1568324683768384,陀螺仪,,,,,,,,0.0009,-0.0764,0.0105
1568324690020676,加速度计,-1.4575,7.6495,9.2763,,,,,,,
1568324700039426,加速度计,0.8266,7.5010,6.7935,,,,,,,
1568324703805884,陀螺仪,,,,,,,,0.0451,-0.0266,0.0788
1568324710058176,加速度计,0.1508,7.3801,4.2671,,,,,,,
1568324720076926,加速度计,-0.2215,7.3831,5.7000,,,,,,,
1568324723843384,陀螺仪,,,,,,,,0.0043,-0.0076,0.0985
1568324730095676,加速度计,-0.0431,7.6028,9.5457,,,,,,,
1568324740114426,加速度计,-1.0618,7.3963,5.1206,,,,,,,
1568324743880884,陀螺仪,,,,,,,,0.0077,0.0181,0.1421
1568324750133176,加速度计,0.0706,7.9721,1.9980,,,,,,,
1568324760151926,加速度计,-0.5148,5.0314,5.6060,,,,,,,
1568324763918384,陀螺仪,,,,,,,,-0.0940,0.0113,0.1581
1568324770170676,加速度计,-0.2861,5.5539,10.8565,,,,,,,
1568324780189426,加速度计,-1.1827,7.3640,10.8386,,,,,,,
1568324783955884,陀螺仪,,,,,,,,0.0272,0.0609,0.2137
1568324790208176,加速度计,-0.3915,9.6552,6.6876,,,,,,,
1568324800226926,加速度计,0.4944,6.1052,9.2225,,,,,,,
1568324803993384,陀螺仪,,,,,,,,0.0300,0.0720,0.2157
1568324810246301,加速度计,0.4699,8.0798,4.3670,,,,,,,
1568324820268332,加速度计,-0.0269,8.7855,4.0288,,,,,,,
1568324830280832,加速度计,0.0407,8.5186,7.0294,,,,,,,
1568324824029322,陀螺仪,,,,,,,,-0.0465,0.0490,0.1298
1568324840293541,加速度计,-0.3059,5.8592,7.9691,,,,,,,
1568324850306666,加速度计,0.1544,8.3175,3.6990,,,,,,,
1568324844055051,陀螺仪,,,,,,,,-0.0545,0.0557,0.1210
1568324860320416,加速度计,0.5620,6.0328,10.3292,,,,,,,
1568324864083176,陀螺仪,,,,,,,,-0.0936,0.0145,0.0866
1568324870334999,加速度计,0.5704,6.6331,12.5289,,,,,,,
1568324880350416,加速度计,-0.4363,5.7700,11.8908,,,,,,,
1568324884114791,陀螺仪,,,,,,,,0.1067,0.0695,0.0582
1568324890366874,加速度计,0.5590,8.3007,2.4002,,,,,,,
1568324900384582,加速度计,0.1065,6.5685,1.4581,,,,,,,
1568324910403541,加速度计,0.5237,4.9710,2.2865,,,,,,,
1568324904151145,陀螺仪,,,,,,,,0.0176,0.0210,0.0068
1568324920423541,加速度计,-0.3358,6.8025,3.8164,,,,,,,
1568324924191770,陀螺仪,,,,,,,,-0.0964,-0.0325,-0.0537
1568324930444374,加速度计,-0.9708,5.6778,10.8739,,,,,,,
1568324940466041,加速度计,-0.7350,6.1501,11.7932,,,,,,,
1568324944235572,陀螺仪,,,,,,,,0.0140,0.0069,-0.0061
1568324950488332,加速度计,-0.4711,7.2502,5.1278,,,,,,,
1568324960511041,加速度计,0.1664,6.8726,3.3070,,,,,,,
1568324970534166,加速度计,0.6051,5.0176,9.6109,,,,,,,
1568324964281301,陀螺仪,,,,,,,,-0.0931,-0.0293,-0.0162
1568324980557499,加速度计,-0.7320,5.3636,12.5510,,,,,,,
1568324984327968,陀螺仪,,,,,,,,0.0181,-0.0032,0.0043
1568324990580832,加速度计,0.2221,8.2648,9.1255,,,,,,,
1568325000602707,加速度计,0.9092,8.0313,4.6304,,,,,,,
1568325010622291,加速度计,1.1319,5.5414,7.2520,,,,,,,
1568325004369999,陀螺仪,,,,,,,,0.0123,-0.0093,0.0061
1568325020641041,加速度计,0.6285,5.8939,7.0755,,,,,,,
1568325030659791,加速度计,0.8601,7.0360,5.4672,,,,,,,
1568325024407499,陀螺仪,,,,,,,,0.0479,-0.0162,-0.0723
1568325040678541,加速度计,-0.4663,8.2121,3.6631,,,,,,,
1568325050697291,加速度计,1.2145,6.5936,5.6060,,,,,,,
1568325044444999,陀螺仪,,,,,,,,0.0192,-0.0543,-0.1081
1568325060716457,加速度计,0.6949,7.8697,8.1702,,,,,,,
1568325070736405,加速度计,-0.0006,9.0160,4.6525,,,,,,,
1568325064484374,陀螺仪,,,,,,,,0.0358,-0.0746,-0.1834
1568325080753072,加速度计,1.3575,8.4449,4.7848,,,,,,,
1568325084517707,陀螺仪,,,,,,,,-0.0651,-0.1165,-0.2089
1568325090769739,加速度计,1.1043,6.9641,8.2337,,,,,,,
1568325100786405,加速度计,-0.5207,6.7959,11.2527,,,,,,,
1568325104551041,陀螺仪,,,,,,,,0.0057,-0.0782,-0.1919
1568325110803072,加速度计,0.1838,7.0060,7.2191,,,,,,,
1568325120819947,加速度计,2.0614,8.5910,-1.7220,,,,,,,
1568325124585103,陀螺仪,,,,,,,,-0.0679,-0.1111,-0.1953
1568325130837239,加速度计,1.1163,5.4289,1.8800,,,,,,,
1568325140854947,加速度计,0.9637,4.8231,14.9350,,,,,,,
1568325144620832,陀螺仪,,,,,,,,-0.0864,-0.1352,-0.2296
1568325150873072,加速度计,-0.4292,8.1301,17.9679,,,,,,,
1568325160891614,加速度计,0.3555,11.1941,10.3280,,,,,,,
1568325164658228,陀螺仪,,,,,,,,0.0807,-0.0987,-0.1703
1568325170910572,加速度计,1.1863,7.6704,3.4111,,,,,,,
1568325180929947,加速度计,0.9816,3.6787,1.3186,,,,,,,
1568325190949739,加速度计,-0.0982,6.3782,5.3516,,,,,,,
1568325184697291,陀螺仪,,,,,,,,-0.0020,-0.1284,-0.2635
1568325200969739,加速度计,-1.4359,5.2044,13.4506,,,,,,,
1568325210989739,加速度计,1.8435,8.1367,8.7879,,,,,,,
1568325204737291,陀螺仪,,,,,,,,0.0622,-0.1862,-0.2162
1568325221009739,加速度计,1.6029,6.0849,5.7275,,,,,,,
1568325231029739,加速度计,0.6572,7.5447,-0.4848,,,,,,,
1568325224777291,陀螺仪,,,,,,,,0.1162,-0.1867,-0.3097
1568325241049739,加速度计,0.1161,7.1814,3.3238,,,,,,,
1568325244817291,陀螺仪,,,,,,,,-0.0531,-0.2730,-0.3784
1568325251069739,加速度计,-1.5443,6.7044,7.5208,,,,,,,
1568325261089739,加速度计,0.0940,6.9941,12.1530,,,,,,,
1568325271109739,加速度计,1.5161,7.5154,13.1394,,,,,,,
1568325264857291,陀螺仪,,,,,,,,-0.0124,-0.3101,-0.2802
1568325281129530,加速度计,0.6440,8.8981,5.7790,,,,,,,
1568325284896405,陀螺仪,,,,,,,,0.0846,-0.2477,-0.2839
1568325291148697,加速度计,0.8122,8.4785,2.9108,,,,,,,
1568325301167447,加速度计,0.2676,6.4955,6.4320,,,,,,,
1568325304935936,陀螺仪,,,,,,,,0.0112,-0.2767,-0.2655
1568325311188905,加速度计,0.0664,6.2722,8.0415,,,,,,,
1568325321214999,加速度计,0.3496,7.7590,5.6551,,,,,,,
1568325331214374,加速度计,0.5656,8.6604,2.8533,,,,,,,
1568325324964478,陀螺仪,,,,,,,,0.0735,-0.2475,-0.1567
1568325341214582,加速度计,0.6596,7.0258,5.6629,,,,,,,
1568325344966145,陀螺仪,,,,,,,,0.0067,-0.2282,-0.1238
1568325351216457,加速度计,0.0844,6.9031,8.1786,,,,,,,
1568325361220624,加速度计,-0.1275,7.6531,10.1921,,,,,,,
1568325371227499,加速度计,-0.1712,8.1433,9.9306,,,,,,,
1568325381237499,加速度计,0.4118,7.8685,7.7339,,,,,,,
1568325364976509,陀螺仪,,,,,,,,0.0670,-0.1755,0.0103
1568325384999009,陀螺仪,,,,,,,,0.1077,-0.1137,0.0985
1568325391250832,加速度计,0.8847,6.2674,4.5651,,,,,,,
1568325401267499,加速度计,0.4980,5.0069,0.9080,,,,,,,
1568325405034843,陀螺仪,,,,,,,,0.0514,-0.1012,0.0977
1568325411287499,加速度计,-1.1588,6.0202,3.8020,,,,,,,
1568325421310624,加速度计,-0.2448,8.2205,9.6756,,,,,,,
1568325425083280,陀螺仪,,,,,,,,-0.0258,-0.1031,0.2032
1568325431336666,加速度计,0.0551,9.2733,12.3116,,,,,,,
1568325441365207,加速度计,0.6207,7.8326,10.5818,,,,,,,
1568325451395624,加速度计,-0.0634,4.8746,6.1842,,,,,,,
1568325445141770,陀螺仪,,,,,,,,0.0150,-0.0177,0.2442
1568325461427499,加速度计,0.0802,4.9746,3.3579,,,,,,,
1568325471460207,加速度计,-0.7015,5.8814,4.9728,,,,,,,
1568325465206145,陀螺仪,,,,,,,,0.0041,0.0409,0.2820
1568325481493124,加速度计,-0.1018,6.5811,10.7823,,,,,,,
1568325485268697,陀螺仪,,,,,,,,-0.0261,0.0056,0.3039
1568325491521666,加速度计,0.2610,6.8408,13.4740,,,,,,,
1568325501543124,加速度计,0.1359,6.1028,8.3330,,,,,,,
1568325511561874,加速度计,1.0882,6.5739,3.2789,,,,,,,
1568325505309582,陀螺仪,,,,,,,,0.1254,0.0659,0.2935
1568325521580624,加速度计,1.0343,6.4596,1.7478,,,,,,,
1568325525347082,陀螺仪,,,,,,,,0.0438,0.0381,0.2095
1568325531599374,加速度计,-0.5381,5.6216,5.8221,,,,,,,
1568325541618124,加速度计,0.2023,8.3426,5.7599,,,,,,,
1568325545384582,陀螺仪,,,,,,,,-0.0072,0.0124,0.2043
1568325551636874,加速度计,-0.5830,7.6285,5.8838,,,,,,,
1568325561656874,加速度计,0.5782,7.4041,5.5168,,,,,,,
1568325565424895,陀螺仪,,,,,,,,-0.0726,0.0136,0.2097
1568325571676561,加速度计,-0.6422,6.3943,7.3298,,,,,,,
1568325581690311,加速度计,-0.4962,7.0952,7.1371,,,,,,,
1568325585452603,陀螺仪,,,,,,,,-0.0668,0.0077,0.2123
1568325591704322,加速度计,-0.4016,6.7313,7.8685,,,,,,,
1568325601718749,加速度计,-0.5339,7.4819,3.4405,,,,,,,
1568325605481770,陀螺仪,,,,,,,,-0.0684,-0.0138,0.1888
1568325611733593,加速度计,0.5483,6.2537,7.2371,,,,,,,
1568325621752239,加速度计,-0.0018,7.1664,10.0886,,,,,,,
1568325636699667,GPS,,,,31.9430,118.7845,3.3500,79.4000,,,
1568325625538593,陀螺仪,,,,,,,,-0.0249,-0.0241,0.1547
1568325631790207,加速度计,-0.2735,8.4114,12.5211,,,,,,,
1568325641803541,加速度计,-0.9649,9.0178,9.1494,,,,,,,
1568325651817082,加速度计,1.1630,7.8709,5.4444,,,,,,,
1568325645565416,陀螺仪,,,,,,,,0.0763,-0.0120,0.1731
1568325661833280,加速度计,0.2634,7.3077,3.2298,,,,,,,
1568325665612186,陀螺仪,,,,,,,,-0.0169,-0.0490,0.1284
1568325671867707,加速度计,-0.6285,5.9364,6.8037,,,,,,,
1568325681902759,加速度计,-0.6937,6.7834,6.3811,,,,,,,
1568325691888228,加速度计,-0.5034,7.2868,5.9304,,,,,,,
1568325685639999,陀螺仪,,,,,,,,-0.0059,-0.0374,0.1474
1568325701875416,加速度计,-0.4890,8.6341,6.1537,,,,,,,
1568325705616457,陀螺仪,,,,,,,,-0.0150,-0.0196,0.1949
1568325711865416,加速度计,-0.2927,8.3306,8.1349,,,,,,,
1568325721859218,加速度计,0.6973,7.2856,7.2107,,,,,,,
1568325725607603,陀螺仪,,,,,,,,-0.0228,0.0194,0.2611
1568325731857759,加速度计,0.1873,7.0372,5.8442,,,,,,,
1568325741861614,加速度计,0.3400,6.6236,5.5605,,,,,,,
1568325745623801,陀螺仪,,,,,,,,-0.0241,0.0851,0.3370
1568325751879114,加速度计,0.7536,5.6545,6.7983,,,,,,,
1568325761926197,加速度计,-0.2083,8.8765,5.1589,,,,,,,
1568325765719999,陀螺仪,,,,,,,,-0.0470,0.1181,0.3723
1568325771976197,加速度计,-0.0245,7.3400,6.5739,,,,,,,
1568325782027864,加速度计,0.4639,7.1150,7.8931,,,,,,,
1568325785823124,陀螺仪,,,,,,,,-0.0742,0.1324,0.3684
1568325792079530,加速度计,-0.3813,5.3014,8.2271,,,,,,,
1568325802107030,加速度计,0.2041,6.5368,7.9661,,,,,,,
1568325805873489,陀螺仪,,,,,,,,-0.0150,0.1563,0.3661
1568325812125780,加速度计,-0.2035,5.7048,7.0994,,,,,,,
1568325822162759,加速度计,0.0700,7.5070,7.0641,,,,,,,
1568325832163593,加速度计,0.2711,6.4655,9.0249,,,,,,,
1568325825913541,陀螺仪,,,,,,,,0.0273,0.1557,0.3578
1568325842164843,加速度计,0.9230,6.9737,6.5469,,,,,,,
1568325852167343,加速度计,1.0223,7.5346,3.4728,,,,,,,
1568325845917082,陀螺仪,,,,,,,,0.0888,0.1851,0.3163
1568325862171509,加速度计,0.6165,7.1245,9.0585,,,,,,,
1568325865945416,陀螺仪,,,,,,,,0.0389,0.1652,0.2706
1568325872202759,加速度计,-0.6895,6.7253,12.6139,,,,,,,
1568325882256926,加速度计,0.7254,8.2594,10.0227,,,,,,,
1568325886023749,陀螺仪,,,,,,,,0.2051,0.1912,0.2660
1568325892276093,加速度计,1.1654,8.5066,-0.0018,,,,,,,
1568325902295207,加速度计,0.2520,8.3917,-2.5079,,,,,,,
1568325906061666,陀螺仪,,,,,,,,-0.0128,0.1370,0.1547
1568325912313957,加速度计,-0.2771,7.0324,6.0849,,,,,,,
1568325922332707,加速度计,-0.8338,6.4578,10.6368,,,,,,,
1568325926099166,陀螺仪,,,,,,,,-0.0723,0.0979,0.1128
1568325932351457,加速度计,-0.0622,7.6195,9.9216,,,,,,,
1568325942370207,加速度计,-0.1155,5.4217,9.3464,,,,,,,
1568325946136666,陀螺仪,,,,,,,,-0.0129,0.0762,0.0541
1568325952388957,加速度计,-0.0742,6.1369,7.1485,,,,,,,
1568325962407707,加速度计,-0.4130,5.9556,7.1383,,,,,,,
1568325966174166,陀螺仪,,,,,,,,0.0138,0.0376,0.0297
1568325972426457,加速度计,0.3250,7.1006,5.8131,,,,,,,
1568325982445780,加速度计,0.3974,6.6559,6.9133,,,,,,,
1568325986229270,陀螺仪,,,,,,,,-0.0325,0.0240,0.0149
1568325992479374,加速度计,0.0581,6.3734,9.9186,,,,,,,
1568326002481197,加速度计,0.3765,7.2383,10.2406,,,,,,,
1568326006249947,陀螺仪,,,,,,,,0.0451,0.0362,0.0402
1568326012502186,加速度计,0.1353,6.7678,6.9540,,,,,,,
1568326022520520,加速度计,0.6141,5.9065,2.0309,,,,,,,
1568326026286614,陀螺仪,,,,,,,,0.0467,0.0654,0.0611
1568326032538853,加速度计,0.9295,6.1794,0.5794,,,,,,,
1568326042557186,加速度计,1.1013,5.5492,8.3965,,,,,,,
1568326046323280,陀螺仪,,,,,,,,-0.0847,0.0589,0.1016
1568326052575520,加速度计,-0.7039,6.5338,17.7315,,,,,,,
1568326062593853,加速度计,2.0470,8.8382,9.3984,,,,,,,
1568326066359947,陀螺仪,,,,,,,,0.1487,0.1419,0.1539
1568326072612186,加速度计,0.8146,9.2021,0.2717,,,,,,,
1568326082631041,加速度计,-0.1269,5.7066,1.9986,,,,,,,
1568326086412551,陀螺仪,,,,,,,,-0.0189,0.1190,0.1304
1568326092663280,加速度计,-0.5656,5.4271,7.7237,,,,,,,
1568326102669582,加速度计,1.2456,7.9936,8.6802,,,,,,,
1568326106425468,陀螺仪,,,,,,,,0.0208,0.1226,0.1766
1568326112676353,加速度计,0.4088,8.8071,10.5135,,,,,,,
1568326122684009,加速度计,2.2081,5.9514,2.1554,,,,,,,
1568326126441718,陀螺仪,,,,,,,,0.0895,0.1529,0.1088
1568326132692968,加速度计,3.6799,5.5725,-3.7481,,,,,,,
1568326142703593,加速度计,1.3617,8.9447,-10.4525,,,,,,,
1568326146464218,陀螺仪,,,,,,,,-0.3286,0.1115,0.0153
1568326152715936,加速度计,-0.4663,4.5717,26.4685,,,,,,,
1568326162730364,加速度计,0.0844,6.9420,21.7052,,,,,,,
1568326166494634,陀螺仪,,,,,,,,0.0184,0.1710,0.0575
1568326172746874,加速度计,1.9052,10.8583,7.4843,,,,,,,
1568326182765468,加速度计,0.2472,6.5021,2.7264,,,,,,,
1568326186533384,陀螺仪,,,,,,,,0.0683,0.1369,-0.0206
1568326192786145,加速度计,1.0187,4.0097,4.1647,,,,,,,
1568326202808853,加速度计,0.6482,8.7789,5.2379,,,,,,,
1568326206580051,陀螺仪,,,,,,,,0.0164,0.1049,-0.0517
1568326212833176,加速度计,1.7196,9.2326,2.7270,,,,,,,
1568326222858749,加速度计,1.8759,5.4408,8.1870,,,,,,,
1568326226632134,陀螺仪,,,,,,,,-0.0756,0.0796,-0.1378
1568326232885520,加速度计,0.5848,6.1537,11.0672,,,,,,,
1568326242913072,加速度计,1.0427,8.4300,9.5654,,,,,,,
1568326246687551,陀螺仪,,,,,,,,0.0268,0.0754,-0.1750
1568326252941457,加速度计,0.8356,7.3508,7.8380,,,,,,,
1568326262974322,加速度计,1.0959,6.1399,3.9744,,,,,,,
1568326266737499,陀螺仪,,,,,,,,-0.0009,0.0285,-0.2182
1568326272989322,加速度计,1.4024,6.0106,2.4612,,,,,,,
1568326283004322,加速度计,1.0894,6.6708,6.4727,,,,,,,
1568326293019426,加速度计,1.3934,7.0390,12.8634,,,,,,,
1568326286767551,陀螺仪,,,,,,,,-0.1068,-0.0249,-0.2551
1568326303034947,加速度计,1.3048,6.3446,10.7601,,,,,,,
1568326306798905,陀螺仪,,,,,,,,0.0523,0.0306,-0.2699
1568326313050884,加速度计,1.1127,8.2217,2.4355,,,,,,,
1568326323067239,加速度计,0.0521,7.0006,2.5019,,,,,,,
1568326326831978,陀螺仪,,,,,,,,-0.0570,-0.0365,-0.3040
1568326333084114,加速度计,0.2167,6.7361,8.5886,,,,,,,
1568326343101822,加速度计,0.3950,7.2850,12.1021,,,,,,,
1568326346868020,陀螺仪,,,,,,,,0.0091,-0.0453,-0.2457
1568326353120364,加速度计,1.2737,8.1678,6.5302,,,,,,,
1568326363139634,加速度计,1.2330,7.7716,6.0519,,,,,,,
1568326366906874,陀螺仪,,,,,,,,-0.0116,-0.0473,-0.2534
1568326373159322,加速度计,0.4316,5.8879,8.2373,,,,,,,
1568326383179426,加速度计,0.0946,8.5653,5.2840,,,,,,,
1568326393199947,加速度计,-0.0233,8.0715,4.9757,,,,,,,
1568326386947395,陀螺仪,,,,,,,,-0.0204,-0.0360,-0.2067
1568326403222134,加速度计,0.1873,2.5642,12.4187,,,,,,,
1568326407014634,陀螺仪,,,,,,,,-0.0047,-0.0186,-0.1419
1568326413265259,加速度计,0.1508,2.0674,9.1536,,,,,,,
1568326423270728,加速度计,-0.1233,3.7188,4.5119,,,,,,,
1568326427025884,陀螺仪,,,,,,,,0.2289,0.0249,-0.0672
1568326433276666,加速度计,0.9589,13.6709,-3.6039,,,,,,,
1568326443283489,加速度计,1.6658,8.6622,10.9768,,,,,,,
1568326447040468,陀螺仪,,,,,,,,-0.0236,0.0040,-0.0700
1568326465198781,GPS,,,,31.9430,118.7845,3.3500,79.4000,,,
1568326453291614,加速度计,1.2216,7.9086,13.2477,,,,,,,
1568326463301457,加速度计,-0.8128,6.3758,10.5189,,,,,,,
1568326467061718,陀螺仪,,,,,,,,0.0750,0.0822,-0.0225
1568326473313384,加速度计,0.3663,6.2902,6.4913,,,,,,,
1568326483327395,加速度计,-0.0048,5.4055,5.6318,,,,,,,
1568326487091301,陀螺仪,,,,,,,,0.0977,0.0854,0.0402
1568326493344322,加速度计,-0.2203,5.8317,4.6908,,,,,,,
1568326503396822,加速度计,1.0912,6.3123,5.0063,,,,,,,
1568326507188905,陀螺仪,,,,,,,,0.0630,0.0736,0.0123
1568326513441197,加速度计,0.6045,8.1145,4.2204,,,,,,,
1568326523459947,加速度计,0.5201,7.5184,10.3094,,,,,,,
1568326527226405,陀螺仪,,,,,,,,-0.0188,0.0642,-0.0177
1568326533478697,加速度计,-0.0617,7.3813,11.5724,,,,,,,
1568326543497447,加速度计,0.6410,6.1070,8.0643,,,,,,,
1568326547263905,陀螺仪,,,,,,,,0.1075,0.0987,-0.0005
1568326553516197,加速度计,1.2701,6.5056,3.6398,,,,,,,
1568326563534947,加速度计,0.7895,7.3388,3.3255,,,,,,,
1568326567301405,陀螺仪,,,,,,,,0.0647,0.0788,-0.0647
1568326573553697,加速度计,0.2550,7.4795,5.7138,,,,,,,
1568326583573697,加速度计,-0.5028,8.1397,7.5004,,,,,,,
1568326587357343,陀螺仪,,,,,,,,0.0244,0.0060,-0.1057
1568326593607082,加速度计,-0.4872,7.7997,6.1411,,,,,,,
1568326603605520,加速度计,0.0473,6.8690,5.9801,,,,,,,
1568326607354634,陀螺仪,,,,,,,,-0.0005,-0.0469,-0.1633
1568326613604582,加速度计,0.1526,7.8632,9.3111,,,,,,,
1568326623608020,加速度计,0.2604,8.6610,9.1315,,,,,,,
1568326627394999,陀螺仪,,,,,,,,0.0652,-0.0502,-0.2135
1568326633650416,加速度计,-0.6410,7.2538,6.2082,,,,,,,
1568326646425448,GPS,,,,31.9430,118.7846,3.5400,78.2000,,,
1568326643683228,加速度计,0.0754,7.4609,1.5915,,,,,,,
1568326647452291,陀螺仪,,,,,,,,0.0041,-0.0957,-0.2277
1568326653704582,加速度计,0.0557,6.0759,4.1839,,,,,,,
1568326663723332,加速度计,-0.5183,6.2513,10.8122,,,,,,,
1568326667489791,陀螺仪,,,,,,,,-0.0461,-0.1457,-0.2039
1568326673742082,加速度计,-0.3555,7.7177,11.7256,,,,,,,
1568326683772291,加速度计,1.1229,6.9043,8.6892,,,,,,,
1568326687522811,陀螺仪,,,,,,,,0.0682,-0.1061,-0.1695
1568326693772864,加速度计,0.6129,6.5882,5.3570,,,,,,,
1568326703774166,加速度计,-1.1618,6.0663,2.6013,,,,,,,
1568326707526457,陀螺仪,,,,,,,,0.0164,-0.1113,-0.1345
1568326713776874,加速度计,0.3633,7.7267,7.9685,,,,,,,
1568326723781561,加速度计,0.0838,8.1086,12.1141,,,,,,,
1568326727537811,陀螺仪,,,,,,,,0.0346,-0.0876,-0.0587
1568326733788905,加速度计,0.2328,7.5196,6.1788,,,,,,,
1568326743799166,加速度计,0.4585,7.8685,0.5189,,,,,,,
1568326747560624,陀螺仪,,,,,,,,-0.0433,-0.0690,-0.0188
1568326753812499,加速度计,0.4914,6.1369,6.5619,,,,,,,
1568326763829166,加速度计,-0.0281,5.6826,12.2685,,,,,,,
1568326767596353,陀螺仪,,,,,,,,-0.0130,-0.0001,0.0583
1568326773849009,加速度计,-0.2065,7.6345,6.0669,,,,,,,
1568326783871770,加速度计,0.8134,8.4204,5.1080,,,,,,,
1568326787643957,陀螺仪,,,,,,,,-0.0108,0.0274,0.1128
1568326793897291,加速度计,0.6165,4.7339,8.1570,,,,,,,
1568326803925155,加速度计,-0.6309,8.3785,5.6294,,,,,,,
1568326807701145,陀螺仪,,,,,,,,0.0080,0.0455,0.1176
1568326813954947,加速度计,0.5058,9.3164,7.3735,,,,,,,
1568326823986093,加速度计,0.2155,6.0639,7.9254,,,,,,,
1568326827763957,陀螺仪,,,,,,,,0.0072,0.0615,0.0866
1568326834017916,加速度计,0.6542,6.5254,2.3505,,,,,,,
1568326844049999,加速度计,0.9487,6.7283,4.4646,,,,,,,
1568326847825624,陀螺仪,,,,,,,,-0.0590,0.0209,0.0378
1568326854078332,加速度计,-0.8260,7.4675,9.9653,,,,,,,
1568326864099166,加速度计,-0.3472,7.6046,12.3128,,,,,,,
1568326867867291,陀螺仪,,,,,,,,0.0597,0.0356,0.0217
1568326874120416,加速度计,1.6514,7.8278,6.1477,,,,,,,
1568326884138905,加速度计,-0.1706,8.5024,-0.0473,,,,,,,
1568326887898072,陀螺仪,,,,,,,,0.0011,0.0065,-0.0438
1568326894149322,加速度计,0.1191,6.3530,1.1402,,,,,,,
1568326904160051,加速度计,-0.2915,6.8995,13.2543,,,,,,,
1568326914171509,加速度计,-0.5991,7.3915,8.3911,,,,,,,
1568326907920103,陀螺仪,,,,,,,,-0.0636,-0.0176,-0.0445
1568326924183801,加速度计,-0.7266,7.0054,6.5182,,,,,,,
1568326934197239,加速度计,0.5584,6.5212,10.5291,,,,,,,
1568326927945572,陀螺仪,,,,,,,,0.0091,-0.0130,-0.0192
1568326944211926,加速度计,0.3657,5.3546,8.9842,,,,,,,
1568326954228176,加速度计,-1.7053,9.4948,5.8221,,,,,,,
1568326947976145,陀螺仪,,,,,,,,0.0558,-0.0266,-0.0389
1568326964246093,加速度计,-1.1678,7.4998,6.6439,,,,,,,
1568326974265676,加速度计,0.6925,3.5680,7.3729,,,,,,,
1568326968013228,陀螺仪,,,,,,,,0.0258,-0.0561,-0.0233
1568326984286614,加速度计,-0.4124,8.2043,1.3701,,,,,,,
1568326994308801,加速度计,0.1897,6.8031,7.1168,,,,,,,
1568326988056041,陀螺仪,,,,,,,,-0.0099,-0.0859,-0.0527
1568327004331926,加速度计,0.7458,5.0182,12.4594,,,,,,,
1568327008102916,陀螺仪,,,,,,,,-0.0057,-0.1093,-0.0855
1568327014355884,加速度计,0.0958,6.3722,7.9009,,,,,,,
1568327024380364,加速度计,0.1359,6.1321,3.1280,,,,,,,
1568327034405259,加速度计,0.3376,6.3662,5.4857,,,,,,,
1568327028152186,陀螺仪,,,,,,,,0.0069,-0.1301,-0.1261
1568327044430259,加速度计,-0.3424,6.3548,12.4696,,,,,,,
1568327054454947,加速度计,0.0491,7.9924,10.5530,,,,,,,
1568327048201926,陀螺仪,,,,,,,,0.0075,-0.1562,-0.1213
1568327064475155,加速度计,0.2915,8.2037,5.8604,,,,,,,
1568327068241614,陀螺仪,,,,,,,,0.0682,-0.1539,-0.1209
1568327074493905,加速度计,0.1891,6.2836,3.4626,,,,,,,
1568327084512655,加速度计,-0.0012,7.1862,2.7952,,,,,,,
1568327088279114,陀螺仪,,,,,,,,-0.0238,-0.1518,-0.0601
1568327094531405,加速度计,0.1448,7.0054,5.7305,,,,,,,
1568327104550155,加速度计,1.1241,5.5821,9.4002,,,,,,,
1568327108316614,陀螺仪,,,,,,,,-0.0176,-0.1071,0.0329
1568327114568905,加速度计,0.4932,7.1431,3.3770,,,,,,,
1568327124588593,加速度计,0.3328,6.3363,6.9731,,,,,,,
1568327134607447,加速度计,-0.6973,8.7999,8.1421,,,,,,,
1568327128355676,陀螺仪,,,,,,,,-0.0365,-0.0700,0.0760
1568327144622030,加速度计,0.7189,7.7135,11.7256,,,,,,,
1568327154636614,加速度计,0.7805,8.3414,5.3612,,,,,,,
1568327148384843,陀螺仪,,,,,,,,0.0127,-0.0482,0.1378
1568327164651509,加速度计,-0.6410,3.9259,5.5611,,,,,,,
1568327168414947,陀螺仪,,,,,,,,0.0377,-0.0036,0.1419
1568327174666822,加速度计,0.0850,8.6461,2.6809,,,,,,,
1568327184682551,加速度计,0.8607,6.3476,6.9480,,,,,,,
1568327194699009,加速度计,0.2490,9.3308,8.4120,,,,,,,
1568327188446978,陀螺仪,,,,,,,,-0.0258,-0.0071,0.1961
1568327204716301,加速度计,1.3228,6.5368,7.4268,,,,,,,
1568327214734426,加速度计,0.4818,8.4719,4.6040,,,,,,,
1568327208482186,陀螺仪,,,,,,,,-0.0194,0.0190,0.1776
1568327224753384,加速度计,-0.4627,7.7039,5.2307,,,,,,,
1568327234773176,加速度计,-0.5794,5.3570,9.7767,,,,,,,
1568327228520728,陀螺仪,,,,,,,,-0.0923,0.0081,0.1611
1568327244793489,加速度计,1.4694,7.9320,7.4879,,,,,,,
1568327254814218,加速度计,0.8601,7.1545,8.5162,,,,,,,
1568327248561666,陀螺仪,,,,,,,,-0.0636,0.0092,0.1923
1568327264835364,加速度计,1.3012,6.3279,8.8645,,,,,,,
1568327274856926,加速度计,0.3083,7.6555,4.7435,,,,,,,
1568327268604270,陀螺仪,,,,,,,,0.0011,0.0471,0.1443
1568327284878593,加速度计,1.3150,6.6289,5.6204,,,,,,,
1568327288647603,陀螺仪,,,,,,,,-0.0265,0.0281,0.1324
1568327294900259,加速度计,0.0569,7.4579,4.3108,,,,,,,
1568327304921926,加速度计,-0.1652,6.2752,9.7432,,,,,,,
1568327308690936,陀螺仪,,,,,,,,-0.0369,0.0075,0.1160
1568327314943593,加速度计,1.2659,8.3767,5.1960,,,,,,,
1568327324963384,加速度计,0.9319,7.7871,10.6859,,,,,,,
1568327328730207,陀螺仪,,,,,,,,-0.0610,-0.0216,0.0790
1568327334982551,加速度计,0.0563,8.2863,18.7406,,,,,,,
1568327345001405,加速度计,0.7045,7.9829,12.4917,,,,,,,
1568327348767864,陀螺仪,,,,,,,,0.2325,0.0712,0.0609
1568327355020155,加速度计,0.2999,6.2878,-0.1736,,,,,,,
1568327365038905,加速度计,0.7961,7.0743,-8.8915,,,,,,,
1568327368809009,陀螺仪,,,,,,,,-0.0198,0.0049,0.0077
1568327375065416,加速度计,0.3244,5.0165,-8.9657,,,,,,,
1568327385081978,加速度计,0.0515,3.6302,25.1433,,,,,,,
1568327395078853,加速度计,0.5638,7.6058,16.6062,,,,,,,
1568327405077186,加速度计,0.9116,10.7368,1.5580,,,,,,,
1568327388829270,陀螺仪,,,,,,,,-0.0671,-0.0345,0.0945
1568327408827447,陀螺仪,,,,,,,,0.0414,0.0502,0.1177
1568327415077499,加速度计,2.0512,5.0524,2.7815,,,,,,,
1568327425080520,加速度计,-0.3304,5.0985,5.6228,,,,,,,
1568327428835936,陀螺仪,,,,,,,,-0.0297,0.0565,0.0684
1568327435086770,加速度计,-0.9517,8.3839,10.0090,,,,,,,
1568327445096666,加速度计,0.1754,7.1275,12.1566,,,,,,,
1568327448858541,陀螺仪,,,,,,,,0.0337,0.0638,0.1916
1568327455110311,加速度计,1.8890,6.3273,7.9571,,,,,,,
1568327465127707,加速度计,2.2422,6.3147,3.7002,,,,,,,
1568327468896145,陀螺仪,,,,,,,,0.0867,0.1228,0.1161
1568327475148853,加速度计,1.2312,6.6846,2.0734,,,,,,,
1568327485173436,加速度计,0.5848,6.0035,4.4263,,,,,,,
1568327495201041,加速度计,0.3196,6.3578,8.4779,,,,,,,
1568327488947551,陀螺仪,,,,,,,,-0.0342,0.0943,0.0854
1568327505231249,加速度计,0.5986,6.1411,10.5961,,,,,,,
1568327509009582,陀螺仪,,,,,,,,0.0250,0.1177,0.1308
1568327515263645,加速度计,1.7304,6.6373,9.5056,,,,,,,
1568327525297499,加速度计,1.1941,7.6980,4.0241,,,,,,,
1568327535332291,加速度计,1.5760,6.3237,4.2138,,,,,,,
1568327529077968,陀螺仪,,,,,,,,0.0587,0.1529,0.0929
1568327545367291,加速度计,0.6698,6.6702,6.4691,,,,,,,
1568327549141457,陀螺仪,,,,,,,,-0.0229,0.1297,0.0578
1568327555394478,加速度计,-0.3256,6.9067,9.1063,,,,,,,
1568327565414686,加速度计,0.2035,7.2012,9.7043,,,,,,,
1568327569181145,陀螺仪,,,,,,,,0.0233,0.1369,0.0846
1568327575433436,加速度计,0.3567,6.1561,7.9242,,,,,,,
1568327585452186,加速度计,0.6788,8.2235,5.3283,,,,,,,
1568327589218645,陀螺仪,,,,,,,,0.0414,0.1230,0.0553
1568327595470936,加速度计,-0.0886,8.0403,5.5192,,,,,,,
1568327605489686,加速度计,-0.5650,7.6884,4.3970,,,,,,,
1568327615508436,加速度计,0.5788,11.0038,-2.2194,,,,,,,
1568327609256145,陀螺仪,,,,,,,,-0.0166,0.0973,-0.0099
1568327625531509,加速度计,-0.4190,6.7397,11.4610,,,,,,,
1568327629295780,陀螺仪,,,,,,,,-0.2103,0.0230,-0.0591
1568327644568156,GPS,,,,31.9430,118.7846,3.6300,77.6000,,,
1568327635547186,加速度计,-1.3922,7.1760,14.0312,,,,,,,
1568327645558853,加速度计,-1.6789,4.4047,12.6348,,,,,,,
1568327655570884,加速度计,1.2414,7.9493,2.7857,,,,,,,
1568327649319426,陀螺仪,,,,,,,,0.0455,0.0949,0.0696
1568327665583697,加速度计,1.1510,7.2580,3.0281,,,,,,,
1568327675597343,加速度计,-0.8727,6.6008,7.6160,,,,,,,
1568327669345676,陀螺仪,,,,,,,,-0.0252,0.0718,0.0214
1568327685611822,加速度计,-0.5243,7.5818,7.3729,,,,,,,
1568327695627499,加速度计,-0.1915,7.7560,4.6825,,,,,,,
1568327689375572,陀螺仪,,,,,,,,-0.0141,0.0523,0.0364
1568327705644426,加速度计,0.5974,6.3608,6.6421,,,,,,,
1568327709410364,陀螺仪,,,,,,,,-0.0401,0.0654,0.0510
1568327715662603,加速度计,-0.0371,6.5589,7.0994,,,,,,,
1568327725682030,加速度计,0.4507,7.2862,6.3207,,,,,,,
1568327729450155,陀螺仪,,,,,,,,-0.0541,0.0710,0.0517
1568327735702707,加速度计,0.5357,7.4346,7.5806,,,,,,,
1568327745724270,加速度计,0.2239,5.5384,7.6088,,,,,,,
1568327755746666,加速度计,0.4735,5.9107,8.7879,,,,,,,
1568327749493905,陀螺仪,,,,,,,,-0.0457,0.0878,0.0695
1568327765769895,加速度计,0.5483,6.8690,6.6846,,,,,,,
1568327769540676,陀螺仪,,,,,,,,0.0270,0.1193,0.0880
1568327775793593,加速度计,1.3647,6.6074,5.5037,,,,,,,
1568327785817707,加速度计,0.7171,7.2796,5.7473,,,,,,,
1568327789588905,陀螺仪,,,,,,,,-0.0164,0.1277,0.0651
1568327795841874,加速度计,0.0090,7.3119,6.1292,,,,,,,
1568327805865311,加速度计,-0.2328,6.7900,10.8463,,,,,,,
1568327809632343,陀螺仪,,,,,,,,-0.0032,0.1322,0.1020
1568327815884634,加速度计,0.2173,8.0074,7.6800,,,,,,,
1568327825903384,加速度计,0.6895,6.2435,3.4441,,,,,,,
1568327829669843,陀螺仪,,,,,,,,0.0268,0.1518,0.0888
1568327835922134,加速度计,0.8446,7.7853,4.4257,,,,,,,
1568327845940884,加速度计,0.1377,7.1389,10.6811,,,,,,,
1568327855959634,加速度计,-0.3759,9.4673,8.6933,,,,,,,
1568327849707343,陀螺仪,,,,,,,,0.0144,0.1410,0.0321
1568327865978384,加速度计,0.2095,8.0924,2.8311,,,,,,,
1568327869746405,陀螺仪,,,,,,,,0.0056,0.1234,-0.0101
1568327876000155,加速度计,0.2460,6.9192,2.0159,,,,,,,
1568327886017030,加速度计,-0.3663,5.5504,8.2373,,,,,,,
1568327889778749,陀螺仪,,,,,,,,-0.0731,0.0712,-0.0525
1568327896030364,加速度计,0.0742,6.8546,8.0643,,,,,,,
1568327906044061,加速度计,0.5968,8.9932,6.8025,,,,,,,
1568327909806457,陀螺仪,,,,,,,,-0.0218,0.0622,-0.0943
1568327916058176,加速度计,0.3136,7.1790,8.0529,,,,,,,
1568327926072707,加速度计,0.4178,6.8139,6.2830,,,,,,,
1568327929836145,陀螺仪,,,,,,,,-0.0107,0.0389,-0.1422
1568327936088020,加速度计,0.2508,8.1768,6.1812,,,,,,,
1568327946104166,加速度计,-0.2981,5.9921,8.2013,,,,,,,
1568327949869061,陀螺仪,,,,,,,,-0.0244,0.0049,-0.1667
1568327956121145,加速度计,0.4525,6.5368,4.8866,,,,,,,
1568327966138957,加速度计,0.5555,7.0671,6.6780,,,,,,,
1568327969905311,陀螺仪,,,,,,,,-0.0599,-0.0479,-0.2120
1568327976157603,加速度计,-0.2011,5.7030,10.7075,,,,,,,
1568327986177082,加速度计,-0.3579,6.1729,12.7479,,,,,,,
1568327989944895,陀螺仪,,,,,,,,0.0521,-0.0683,-0.2294
1568327996197395,加速度计,0.4142,6.6307,7.0695,,,,,,,
1568328006218541,加速度计,0.6512,6.3740,2.4966,,,,,,,
1568328009987499,陀螺仪,,,,,,,,0.0467,-0.0997,-0.2660
1568328016240155,加速度计,0.5800,4.9530,5.9352,,,,,,,
1568328026262186,加速度计,0.5980,6.9300,6.4159,,,,,,,
1568328030031874,陀螺仪,,,,,,,,0.0218,-0.1129,-0.2662
1568328036284634,加速度计,0.4770,7.0629,8.8759,,,,,,,
1568328046307134,加速度计,1.0397,8.1678,7.5346,,,,,,,
1568328056329634,加速度计,-0.1778,5.4719,7.6333,,,,,,,
1568328050076874,陀螺仪,,,,,,,,0.0309,-0.1229,-0.2664
1568328066352134,加速度计,1.3737,6.3722,5.6365,,,,,,,
1568328070120624,陀螺仪,,,,,,,,0.0385,-0.1306,-0.2430
1568328076373176,加速度计,-0.1173,8.1882,4.1216,,,,,,,
1568328086392186,加速度计,0.1861,7.7087,7.5830,,,,,,,
1568328090158645,陀螺仪,,,,,,,,-0.0366,-0.1443,-0.2129
1568328096410936,加速度计,0.4238,6.7846,11.3060,,,,,,,
1568328106429686,加速度计,0.5165,6.1256,8.2115,,,,,,,
1568328116448436,加速度计,0.2508,7.8135,1.8818,,,,,,,
1568328110196145,陀螺仪,,,,,,,,0.0732,-0.1099,-0.1796
1568328126482186,加速度计,-0.5231,7.3993,1.6466,,,,,,,
1568328136488905,加速度计,0.7242,7.3101,6.6816,,,,,,,
1568328130239530,陀螺仪,,,,,,,,-0.0389,-0.1280,-0.1458
1568328146485051,加速度计,0.1065,7.3801,10.7326,,,,,,,
1568328156482759,加速度计,0.4124,7.1593,8.5054,,,,,,,
1568328150233072,陀螺仪,,,,,,,,-0.0127,-0.1039,-0.1003
1568328166496561,加速度计,0.5980,7.8386,4.3323,,,,,,,
1568328170270103,陀螺仪,,,,,,,,0.0079,-0.0850,-0.0541
1568328176523541,加速度计,0.3011,6.9079,5.2439,,,,,,,
1568328186551666,加速度计,0.5836,6.5236,6.6894,,,,,,,
1568328190326926,陀螺仪,,,,,,,,-0.0304,-0.0716,-0.0217
1568328196580520,加速度计,0.7398,8.6419,4.4784,,,,,,,
1568328206609686,加速度计,0.7739,6.9989,10.7141,,,,,,,
1568328216636353,加速度计,-0.8469,6.5625,9.3308,,,,,,,
1568328210384009,陀螺仪,,,,,,,,-0.0431,-0.0538,-0.0149
1568328226655416,加速度计,0.4788,6.7768,5.8939,,,,,,,
1568328230421874,陀螺仪,,,,,,,,0.0474,-0.0294,0.0252
1568328236674166,加速度计,0.5872,7.6028,2.6097,,,,,,,
1568328246693957,加速度计,-0.1652,5.9526,4.0384,,,,,,,
1568328256713645,加速度计,0.3897,6.9971,7.0779,,,,,,,
1568328250462030,陀螺仪,,,,,,,,-0.0752,-0.0630,0.0301
1568328266729061,加速度计,0.4980,8.1726,6.9426,,,,,,,
1568328270503228,陀螺仪,,,,,,,,-0.1121,-0.0495,0.0314
1568328276754270,加速度计,0.5549,6.3722,7.4184,,,,,,,
1568328286763020,加速度计,-0.2209,6.8013,7.4394,,,,,,,
1568328296771978,加速度计,-0.2640,6.7103,10.3956,,,,,,,
1568328290520884,陀螺仪,,,,,,,,-0.1048,-0.0281,0.0700
1568328306781561,加速度计,1.4413,7.8805,7.5172,,,,,,,
1568328310540832,陀螺仪,,,,,,,,-0.0273,0.0001,0.0891
1568328316792186,加速度计,0.2239,7.7452,4.5238,,,,,,,
1568328326804270,加速度计,0.4417,6.6212,5.1840,,,,,,,
1568328330566249,陀螺仪,,,,,,,,-0.1015,-0.0162,0.0581
1568328336818020,加速度计,0.1718,5.5468,8.2169,,,,,,,
1568328346834270,加速度计,-0.2155,7.9422,7.2311,,,,,,,
1568328356871405,加速度计,0.6315,7.5352,7.1575,,,,,,,
1568328350616301,陀螺仪,,,,,,,,-0.0519,0.0063,0.0945
1568328366914218,加速度计,0.7254,7.0461,4.2599,,,,,,,
1568328376940989,加速度计,-0.1532,7.0413,1.4168,,,,,,,
1568328370689895,陀螺仪,,,,,,,,-0.0700,0.0308,0.0822
1568328386950155,加速度计,-0.3280,6.8761,0.8865,,,,,,,
1568328390708436,陀螺仪,,,,,,,,-0.2437,-0.0041,0.0992
1568328396959582,加速度计,-0.4142,4.4047,10.9325,,,,,,,
1568328406969686,加速度计,-0.3334,6.0322,18.5694,,,,,,,
1568328410729478,陀螺仪,,,,,,,,-0.0485,0.0557,0.2021
1568328416980884,加速度计,0.5758,8.8771,11.6562,,,,,,,
1568328426993332,加速度计,1.6544,8.5102,2.8329,,,,,,,
1568328430755520,陀螺仪,,,,,,,,-0.0087,0.0786,0.1742
1568328437007291,加速度计,0.3777,5.4624,6.5176,,,,,,,
1568328447022916,加速度计,-1.0223,5.6312,7.8105,,,,,,,
1568328457039686,加速度计,0.7398,7.7716,3.8367,,,,,,,
1568328450787603,陀螺仪,,,,,,,,0.0188,0.0806,0.1541
1568328467065416,加速度计,0.9978,6.3764,-6.4272,,,,,,,
1568328470842030,陀螺仪,,,,,,,,-0.1795,-0.0051,0.1145
1568328477095832,加速度计,0.2131,5.1062,12.1212,,,,,,,
1568328487126874,加速度计,1.3198,4.7764,26.6349,,,,,,,
1568328490903645,陀螺仪,,,,,,,,0.0583,0.1064,0.1264
1568328497157291,加速度计,0.9960,11.7902,12.0285,,,,,,,
1568328507190416,加速度计,1.1570,9.5738,-0.4681,,,,,,,
1568328510963697,陀螺仪,,,,,,,,0.0740,0.1401,0.1077
1568328517212082,加速度计,1.0493,2.4565,-0.3555,,,,,,,
1568328527200364,加速度计,-0.8751,2.6665,10.8643,,,,,,,
1568328530941614,陀螺仪,,,,,,,,0.0393,0.0708,0.0923
1568328537190416,加速度计,-0.8649,9.5930,7.9499,,,,,,,
1568328547183332,加速度计,2.2434,9.6558,6.3829,,,,,,,
1568328550930364,陀螺仪,,,,,,,,0.0470,0.0269,0.0272
1568328557180103,加速度计,1.7400,3.8517,10.4363,,,,,,,
1568328567181301,加速度计,0.3968,6.5619,4.6465,,,,,,,
1568328570936405,陀螺仪,,,,,,,,0.1044,0.0522,-0.0712
1568328577187343,加速度计,-0.8847,9.8695,7.8691,,,,,,,
1568328587198645,加速度计,-0.5890,8.6359,14.6579,,,,,,,
1568328597215364,加速度计,0.5160,6.6894,9.3577,,,,,,,
1568328590963072,陀螺仪,,,,,,,,0.1298,-0.0040,-0.0252
1568328607237499,加速度计,0.8493,7.2215,1.0511,,,,,,,
1568328611010989,陀螺仪,,,,,,,,0.1776,-0.0296,-0.1017
1568328617264530,加速度计,0.0024,7.1269,1.2450,,,,,,,
1568328627302864,加速度计,-0.6434,6.7361,7.3430,,,,,,,
1568328631100311,陀螺仪,,,,,,,,0.1061,-0.0854,-0.1308
1568328637361718,加速度计,0.3597,7.2909,8.1630,,,,,,,
1568328645053884,GPS,,,,31.9430,118.7847,3.4700,77.0000,,,
1568328647437707,加速度计,0.5429,7.7345,3.6799,,,,,,,
1568328657463645,加速度计,0.2011,4.8967,3.9744,,,,,,,
1568328651211353,陀螺仪,,,,,,,,0.1105,-0.0727,-0.1384
1568328667484478,加速度计,-0.1616,5.9735,6.5236,,,,,,,
1568328671251770,陀螺仪,,,,,,,,0.0868,-0.0503,-0.0463
1568328677503020,加速度计,0.2831,8.7801,6.7032,,,,,,,
1568328687513436,加速度计,-0.2298,9.9994,8.1918,,,,,,,
1568328691272864,陀螺仪,,,,,,,,0.0573,-0.0438,0.0029
1568328697524166,加速度计,0.5357,4.3964,11.9860,,,,,,,
1568328707535624,加速度计,0.5722,7.4687,6.3476,,,,,,,
1568328711296405,陀螺仪,,,,,,,,0.1334,0.0005,0.0465
1568328717547916,加速度计,0.5968,10.3998,4.8518,,,,,,,
1568328727561353,加速度计,0.7949,3.9510,5.4516,,,,,,,
1568328731324218,陀螺仪,,,,,,,,0.0878,0.0229,0.0623
1568328737576041,加速度计,-0.3885,4.2234,5.8065,,,,,,,
1568328747592291,加速度计,0.5561,5.4295,-3.8164,,,,,,,
1568328751357968,陀螺仪,,,,,,,,0.0529,0.0308,0.1011
1568328757610207,加速度计,-0.2795,11.8268,9.1345,,,,,,,
1568328767629791,加速度计,0.1718,8.7460,19.5971,,,,,,,
1568328771398124,陀螺仪,,,,,,,,0.0288,0.0418,0.1445
1568328777650728,加速度计,-0.3687,10.2927,13.0735,,,,,,,
1568328787672916,加速度计,-0.8440,5.5671,5.3474,,,,,,,
1568328791443176,陀螺仪,,,,,,,,0.1055,0.0908,0.1867
1568328797696041,加速度计,0.2729,5.8508,-0.4070,,,,,,,
1568328807719999,加速度计,-0.4130,5.1613,3.4895,,,,,,,
1568328811491457,陀螺仪,,,,,,,,-0.0357,0.0815,0.1871
1568328817744478,加速度计,-0.5974,8.9729,4.4867,,,,,,,
1568328827769374,加速度计,-0.7159,7.1802,10.1819,,,,,,,
1568328831541301,陀螺仪,,,,,,,,-0.0550,0.1111,0.1908
1568328837794374,加速度计,-1.0313,7.2173,10.6015,,,,,,,
1568328847819061,加速度计,0.9170,9.1189,7.5016,,,,,,,
1568328851586978,陀螺仪,,,,,,,,-0.0178,0.1269,0.2415
1568328857839270,加速度计,-0.5632,9.7923,9.6265,,,,,,,
1568328867858020,加速度计,-0.0419,8.2875,9.6774,,,,,,,
1568328871624478,陀螺仪,,,,,,,,-0.0169,0.1507,0.2376
1568328877876770,加速度计,0.9170,5.8059,6.3375,,,,,,,
1568328887899270,加速度计,0.1987,6.3620,2.8204,,,,,,,
1568328891673749,陀螺仪,,,,,,,,-0.0350,0.1671,0.2253
1568328897923176,加速度计,1.2079,5.2391,3.5344,,,,,,,
1568328907921353,加速度计,0.6722,6.4350,2.9371,,,,,,,
1568328911695989,陀螺仪,,,,,,,,-0.0695,0.1827,0.1570
1568328917949634,加速度计,-0.1993,6.4470,2.4559,,,,,,,
1568328927971093,加速度计,0.1167,5.3145,9.3057,,,,,,,
1568328937989843,加速度计,-0.2514,5.9364,14.5220,,,,,,,
1568328931737551,陀螺仪,,,,,,,,-0.1181,0.1332,0.1160
1568328948008593,加速度计,0.4034,7.9470,10.3669,,,,,,,
1568328951775051,陀螺仪,,,,,,,,0.1097,0.1505,0.0507
1568328958027343,加速度计,1.2683,8.4300,-0.0658,,,,,,,
1568328968048593,加速度计,0.8948,6.9851,-0.5070,,,,,,,
1568328971820103,陀螺仪,,,,,,,,-0.1265,0.0478,-0.0569
1568328978070520,加速度计,-0.6524,5.3229,11.3617,,,,,,,
1568328988074530,加速度计,-1.4210,7.4190,15.0464,,,,,,,
1568328991828645,陀螺仪,,,,,,,,0.0514,0.0613,-0.0519
1568328998079218,加速度计,2.0530,7.6435,8.7969,,,,,,,
1568329008085259,加速度计,1.5125,6.5104,1.2965,,,,,,,
1568329011842186,陀螺仪,,,,,,,,0.0623,0.0204,-0.1475
1568329018093228,加速度计,0.2682,2.0429,9.0585,,,,,,,
1568329028103280,加速度计,0.7799,8.7239,6.2028,,,,,,,
1568329038115676,加速度计,1.9267,9.8755,5.4336,,,,,,,
1568329031864061,陀螺仪,,,,,,,,0.0838,-0.0338,-0.2047
1568329048130572,加速度计,1.3737,8.0966,4.0163,,,,,,,
1568329051895728,陀螺仪,,,,,,,,-0.0494,-0.0502,-0.3176
1568329058147968,加速度计,-0.9032,5.3654,8.2630,,,,,,,
1568329068167864,加速度计,0.4669,5.4067,10.9942,,,,,,,
1568329078207551,加速度计,1.3372,7.4891,8.9597,,,,,,,
1568329071950520,陀螺仪,,,,,,,,-0.0096,-0.0696,-0.2666
1568329088259009,加速度计,0.5321,6.6708,6.6254,,,,,,,
1568329098290572,加速度计,1.2486,6.3339,6.1465,,,,,,,
1568329092038280,陀螺仪,,,,,,,,0.0373,-0.0798,-0.2899
1568329108309322,加速度计,0.8811,6.4398,6.8013,,,,,,,
1568329112075780,陀螺仪,,,,,,,,0.0534,-0.1266,-0.3350
1568329118328072,加速度计,1.0259,9.0405,5.3038,,,,,,,
1568329128346822,加速度计,1.2767,9.7600,6.0436,,,,,,,
1568329132113280,陀螺仪,,,,,,,,-0.0405,-0.1808,-0.4089
1568329138365572,加速度计,0.3340,8.3576,7.4651,,,,,,,
1568329148384322,加速度计,1.1013,6.4625,5.8622,,,,,,,
1568329152150780,陀螺仪,,,,,,,,-0.0819,-0.2061,-0.4201
1568329158403072,加速度计,-0.0096,7.3616,6.2614,,,,,,,
1568329168421822,加速度计,1.6502,4.2659,8.2666,,,,,,,
1568329172188280,陀螺仪,,,,,,,,-0.0819,-0.2151,-0.3764
1568329178440572,加速度计,0.7242,5.4300,8.5599,,,,,,,
1568329188459322,加速度计,1.1971,6.1812,8.3085,,,,,,,
1568329192225780,陀螺仪,,,,,,,,0.0477,-0.1871,-0.3534
1568329198478072,加速度计,0.5399,6.1268,7.9021,,,,,,,
1568329208496822,加速度计,1.6179,7.6363,3.9097,,,,,,,
1568329218517447,加速度计,0.5231,8.0990,3.4387,,,,,,,
1568329212264218,陀螺仪,,,,,,,,0.0663,-0.1945,-0.3482
1568329228536405,加速度计,0.4585,7.1449,8.6036,,,,,,,
1568329232297759,陀螺仪,,,,,,,,-0.0096,-0.2103,-0.3136
1568329238549322,加速度计,-0.1963,6.8402,11.6502,,,,,,,
1568329248562551,加速度计,1.3910,7.6573,7.3652,,,,,,,
1568329252324530,陀螺仪,,,,,,,,0.0573,-0.1715,-0.2277
1568329258576197,加速度计,1.0900,7.5693,2.3427,,,,,,,
1568329268590572,加速度计,-0.3926,5.9149,6.1830,,,,,,,
1568329272353905,陀螺仪,,,,,,,,-0.0113,-0.1494,-0.1851
1568329278605780,加速度计,-0.1395,7.2455,7.9188,,,,,,,
1568329288621822,加速度计,-0.3089,7.6764,8.0469,,,,,,,
1568329292386614,陀螺仪,,,,,,,,0.0013,-0.1377,-0.0694
1568329298638697,加速度计,0.0545,7.7614,4.3473,,,,,,,
1568329308656405,加速度计,-0.6973,6.4679,7.2287,,,,,,,
1568329312422655,陀螺仪,,,,,,,,-0.0196,-0.1136,-0.0455
1568329318674947,加速度计,-1.0116,5.9376,9.6133,,,,,,,
1568329328694322,加速度计,-1.1492,7.9847,7.4484,,,,,,,
1568329332462030,陀螺仪,,,,,,,,0.0582,-0.0979,0.0762
1568329338714530,加速度计,-0.9236,8.6628,4.8602,,,,,,,
1568329348735572,加速度计,0.1053,7.7147,0.9726,,,,,,,
1568329352504739,陀螺仪,,,,,,,,-0.0518,-0.0903,0.0872
1568329358757447,加速度计,-0.3071,6.6822,0.7422,,,,,,,
1568329368779843,加速度计,-1.9866,6.4907,7.3436,,,,,,,
1568329372549843,陀螺仪,,,,,,,,-0.2020,-0.0878,0.1987
1568329378802655,加速度计,-1.3563,6.4195,14.0300,,,,,,,
1568329388825572,加速度计,0.3148,7.8973,14.7998,,,,,,,
1568329392595676,陀螺仪,,,,,,,,0.0206,0.0415,0.3581
1568329398848489,加速度计,1.2887,8.2289,5.1960,,,,,,,
1568329408871405,加速度计,0.4920,6.2626,4.7381,,,,,,,
1568329412639426,陀螺仪,,,,,,,,-0.0132,0.0627,0.3107
1568329418891822,加速度计,-0.9451,5.0542,6.3608,,,,,,,
1568329428910780,加速度计,-0.4800,6.9282,7.4693,,,,,,,
1568329432677239,陀螺仪,,,,,,,,0.0063,0.0498,0.3617
1568329438929530,加速度计,0.3603,7.1293,7.0803,,,,,,,
1568329448948280,加速度计,0.7105,6.3141,5.0488,,,,,,,
1568329452714739,陀螺仪,,,,,,,,0.0040,0.0667,0.3196
1568329458967030,加速度计,1.0008,6.4955,5.8425,,,,,,,
1568329468986093,加速度计,0.1221,7.7171,7.7045,,,,,,,
1568329479005624,加速度计,0.3669,6.4727,9.9264,,,,,,,
1568329472753749,陀螺仪,,,,,,,,-0.0437,0.0746,0.2798
1568329489021041,加速度计,0.0018,5.9149,8.8789,,,,,,,
1568329499036457,加速度计,1.3821,6.3416,5.1978,,,,,,,
1568329492784582,陀螺仪,,,,,,,,0.0217,0.1188,0.3089
1568329509051874,加速度计,0.7853,6.7690,2.7707,,,,,,,
1568329512815676,陀螺仪,,,,,,,,-0.0387,0.1164,0.2447
1568329519067603,加速度计,0.6123,7.0940,5.4121,,,,,,,
1568329529083749,加速度计,0.4615,5.3265,10.0963,,,,,,,
1568329532848280,陀螺仪,,,,,,,,-0.0746,0.0971,0.2221
1568329539100311,加速度计,-0.0515,6.8648,9.8749,,,,,,,
1568329549117291,加速度计,1.6759,7.2670,5.0087,,,,,,,
1568329552882811,陀螺仪,,,,,,,,-0.0176,0.1216,0.2069
1568329559134999,加速度计,1.3647,6.4021,5.3163,,,,,,,
1568329569153541,加速度计,0.8368,6.3488,13.9486,,,,,,,
1568329572920259,陀螺仪,,,,,,,,-0.0292,0.1056,0.1354
1568329579172603,加速度计,-0.5656,7.4765,18.5126,,,,,,,
1568329589192082,加速度计,1.3360,8.3516,7.1587,,,,,,,
1568329592959530,陀螺仪,,,,,,,,0.2477,0.1615,0.1402
1568329599211978,加速度计,2.1608,7.5070,-5.1320,,,,,,,
1568329609232291,加速度计,1.4563,6.7445,-4.7519,,,,,,,
1568329619253020,加速度计,-0.8464,4.6166,12.5923,,,,,,,
1568329613000468,陀螺仪,,,,,,,,-0.1168,0.0241,-0.0241
1568329639486592,GPS,,,,31.9430,118.7847,2.8800,76.7000,,,
1568329629286197,加速度计,-1.0337,7.5387,15.8245,,,,,,,
1568329633052916,陀螺仪,,,,,,,,0.0767,0.0206,-0.0121
1568329639305207,加速度计,-0.1790,7.7417,7.2461,,,,,,,
1568329649323957,加速度计,0.7596,6.7475,4.9452,,,,,,,
1568329653090416,陀螺仪,,,,,,,,0.1320,0.0439,-0.0027
1568329659342707,加速度计,1.0211,7.2401,2.4481,,,,,,,
1568329669361457,加速度计,0.3448,10.2951,4.4724,,,,,,,
1568329673127916,陀螺仪,,,,,,,,-0.0012,-0.0130,-0.0915
1568329679380207,加速度计,-0.9876,8.7694,7.9871,,,,,,,
1568329689398957,加速度计,-0.5076,5.8514,9.9228,,,,,,,
1568329693165416,陀螺仪,,,,,,,,0.0080,0.0047,-0.0164
1568329699417707,加速度计,0.1586,7.1467,5.9963,,,,,,,
1568329709436457,加速度计,0.5608,7.6519,3.9403,,,,,,,
1568329713206666,陀螺仪,,,,,,,,-0.0181,-0.0016,-0.0044
1568329719463541,加速度计,0.0784,5.9963,7.6142,,,,,,,
1568329729479426,加速度计,-0.5064,6.7403,6.6367,,,,,,,
1568329733228176,陀螺仪,,,,,,,,0.0250,0.0182,0.0033
1568329739477968,加速度计,0.5608,7.4430,4.2318,,,,,,,
1568329749477655,加速度计,-0.1652,7.3556,5.2858,,,,,,,
1568329753229009,陀螺仪,,,,,,,,-0.0469,0.0019,0.0306
1568329759479218,加速度计,0.1137,5.3205,7.7794,,,,,,,
1568329769483176,加速度计,0.0054,7.8081,5.9340,,,,,,,
1568329773239322,陀螺仪,,,,,,,,-0.0261,0.0285,0.0607
1568329779490259,加速度计,0.6871,7.0425,4.7651,,,,,,,
1568329789500676,加速度计,0.7518,5.0721,4.5089,,,,,,,
1568329793262916,陀螺仪,,,,,,,,-0.0920,0.0422,0.0551
1568329799514739,加速度计,0.2167,6.0142,6.0184,,,,,,,
1568329809532551,加速度计,-0.1443,6.7115,8.2738,,,,,,,
1568329813301093,陀螺仪,,,,,,,,-0.0660,0.0656,0.0871
1568329819553801,加速度计,0.6919,8.1008,9.6414,,,,,,,
1568329829578384,加速度计,0.9182,7.4879,6.0190,,,,,,,
1568329833352499,陀螺仪,,,,,,,,-0.0329,0.0824,0.0672
1568329839605989,加速度计,0.7470,7.1862,4.2533,,,,,,,
1568329849636197,加速度计,0.8098,8.7071,5.7539,,,,,,,
1568329853414270,陀螺仪,,,,,,,,-0.1856,0.0390,0.0095
1568329859668280,加速度计,0.7973,8.4892,11.3222,,,,,,,
1568329869701718,加速度计,-0.5938,7.7446,16.3105,,,,,,,
1568329873481561,陀螺仪,,,,,,,,-0.0550,0.0698,0.0103
1568329879735780,加速度计,-0.5848,4.7806,12.5720,,,,,,,
1568329889769947,加速度计,1.9142,6.1980,4.1444,,,,,,,
1568329893541041,陀螺仪,,,,,,,,0.0965,0.0198,-0.0591
1568329899793489,加速度计,1.5592,7.2628,4.5424,,,,,,,
1568329909812551,加速度计,0.7620,8.6945,7.4537,,,,,,,
1568329913579009,陀螺仪,,,,,,,,0.0165,-0.0570,-0.2115
1568329919831301,加速度计,0.3807,8.3204,9.3877,,,,,,,
1568329929850051,加速度计,0.9188,7.8392,7.4184,,,,,,,
1568329933616509,陀螺仪,,,,,,,,0.0330,-0.0851,-0.2410
1568329939868801,加速度计,-0.5704,7.1018,6.8983,,,,,,,
1568329949887551,加速度计,1.3665,6.9581,3.2980,,,,,,,
1568329953654009,陀螺仪,,,,,,,,0.0047,-0.1113,-0.2653
1568329959906301,加速度计,0.9104,6.7163,2.6139,,,,,,,
1568329969929947,加速度计,0.4010,6.6535,5.4570,,,,,,,
1568329979945103,加速度计,-0.2388,5.2822,10.1173,,,,,,,
1568329973693853,陀螺仪,,,,,,,,-0.0786,-0.1591,-0.2947
1568329989955520,加速度计,-0.3226,6.8767,8.1301,,,,,,,
1568329999966301,加速度计,1.3270,8.3917,4.2306,,,,,,,
1568329993714999,陀螺仪,,,,,,,,0.0262,-0.1506,-0.2270
1568330009977864,加速度计,0.1401,5.1733,4.5514,,,,,,,
1568330013738749,陀螺仪,,,,,,,,-0.0162,-0.1819,-0.2744
1568330019990259,加速度计,0.1850,5.4857,2.0171,,,,,,,
1568330030003853,加速度计,-1.6580,6.2435,8.1983,,,,,,,
1568330033766874,陀螺仪,,,,,,,,-0.0614,-0.2047,-0.2072
1568330040018697,加速度计,-0.6363,6.2507,8.9070,,,,,,,
1568330050035155,加速度计,0.6087,6.5960,11.1312,,,,,,,
1568330053801041,陀螺仪,,,,,,,,0.0559,-0.1764,-0.1145
1568330060053280,加速度计,-1.3234,5.5216,8.2959,,,,,,,
1568330070073072,加速度计,-0.1251,3.9367,5.8095,,,,,,,
1568330073841561,陀螺仪,,,,,,,,0.1393,-0.1537,-0.0401
1568330080094166,加速度计,0.0802,6.2884,2.6522,,,,,,,
1568330090116509,加速度计,0.1520,7.9458,0.5285,,,,,,,
1568330100139739,加速度计,-0.0988,6.1280,5.5569,,,,,,,
1568330093886874,陀螺仪,,,,,,,,-0.0015,-0.1292,0.0533
1568330110163801,加速度计,-0.3310,5.6820,11.5897,,,,,,,
1568330113935311,陀螺仪,,,,,,,,-0.0208,-0.0647,0.1854
1568330120188332,加速度计,-0.6746,8.5641,11.3928,,,,,,,
1568330130213280,加速度计,0.2777,8.9184,11.5754,,,,,,,
1568330140238280,加速度计,0.6339,9.7899,7.4418,,,,,,,
1568330133985207,陀螺仪,,,,,,,,0.0975,0.0306,0.2953
1568330150262916,加速度计,-0.1820,7.7788,5.2116,,,,,,,
1568330154030103,陀螺仪,,,,,,,,0.0397,0.0597,0.2907
1568330160282395,加速度计,-0.7697,7.0868,2.0668,,,,,,,
1568330170301145,加速度计,-0.4118,7.8799,3.3375,,,,,,,
1568330174067603,陀螺仪,,,,,,,,-0.0848,0.0545,0.3370
1568330180319895,加速度计,0.0527,8.9172,5.5444,,,,,,,
1568330190338645,加速度计,-0.4531,7.1497,11.7208,,,,,,,
1568330200357395,加速度计,0.6057,9.2273,12.8287,,,,,,,
1568330194105103,陀螺仪,,,,,,,,-0.1073,0.0573,0.3503
1568330210376145,加速度计,0.3645,8.3528,9.7055,,,,,,,
1568330214143228,陀螺仪,,,,,,,,0.0145,0.0967,0.3101
1568330220396145,加速度计,-0.1077,8.2307,4.2377,,,,,,,
1568330230414322,加速度计,0.7715,5.2786,4.6795,,,,,,,
1568330240430989,加速度计,0.0198,7.6465,3.3800,,,,,,,
1568330234178957,陀螺仪,,,,,,,,-0.0437,0.0662,0.2880
1568330250447655,加速度计,1.4617,6.0813,7.7704,,,,,,,
1568330260464322,加速度计,0.2424,7.8805,7.9446,,,,,,,
1568330254212291,陀螺仪,,,,,,,,-0.0878,0.0678,0.2672
1568330270480989,加速度计,0.9685,5.2391,8.7933,,,,,,,
1568330280498020,加速度计,0.6536,6.2866,9.8438,,,,,,,
1568330274245936,陀螺仪,,,,,,,,-0.0630,0.0905,0.2483
1568330290515468,加速度计,0.5968,5.5599,8.3109,,,,,,,
1568330300533332,加速度计,1.4910,5.9634,6.6493,,,,,,,
1568330294281145,陀螺仪,,,,,,,,0.0410,0.0971,0.2309
1568330310551614,加速度计,0.6668,7.0892,5.4247,,,,,,,
1568330320570311,加速度计,0.9882,7.5106,5.2660,,,,,,,
1568330314318020,陀螺仪,,,,,,,,0.0702,0.0867,0.1613
1568330330589426,加速度计,1.1474,6.4165,8.5934,,,,,,,
1568330340608957,加速度计,0.6794,7.9517,6.8791,,,,,,,
1568330334356561,陀螺仪,,,,,,,,0.0272,0.0647,0.1092
1568330350628905,加速度计,0.9553,5.3923,8.0613,,,,,,,
1568330354396457,陀螺仪,,,,,,,,0.0638,0.0830,0.1043
1568330360648905,加速度计,0.5040,6.1932,6.7870,,,,,,,
1568330370668905,加速度计,0.3226,5.1553,8.2917,,,,,,,
1568330380688905,加速度计,0.7997,7.2999,6.0304,,,,,,,
1568330374436457,陀螺仪,,,,,,,,0.1509,0.0803,0.1226
1568330390708905,加速度计,1.8046,8.5455,5.4229,,,,,,,
1568330400728905,加速度计,0.4537,9.6103,6.2560,,,,,,,
1568330394476457,陀螺仪,,,,,,,,0.1481,0.0819,0.0831
1568330410748905,加速度计,0.5686,7.8775,7.9224,,,,,,,
1568330420768905,加速度计,0.1143,7.9661,6.8881,,,,,,,
1568330414516457,陀螺仪,,,,,,,,0.0786,0.0859,0.0703
1568330430788905,加速度计,-0.7919,5.5964,7.5262,,,,,,,
1568330440808541,加速度计,0.9577,6.8755,5.9658,,,,,,,
1568330434556145,陀螺仪,,,,,,,,0.0728,0.0847,0.1240
1568330450827395,加速度计,0.7302,6.4021,7.1533,,,,,,,
1568330460846145,加速度计,0.6764,8.1594,7.0072,,,,,,,
1568330454593853,陀螺仪,,,,,,,,0.0969,0.0960,0.1113
1568330470877551,加速度计,0.4136,8.0744,5.8101,,,,,,,
1568330480885989,加速度计,0.7452,7.5423,5.8185,,,,,,,
1568330474636093,陀螺仪,,,,,,,,0.0617,0.0964,0.0955
1568330490885936,加速度计,1.1211,6.8301,4.5514,,,,,,,
1568330500887030,加速度计,0.2023,6.8468,6.8325,,,,,,,
1568330494636926,陀螺仪,,,,,,,,-0.0137,0.1055,0.0975
1568330510890103,加速度计,0.6961,5.9861,11.1636,,,,,,,
1568330514644947,陀螺仪,,,,,,,,0.0048,0.1300,0.1469
1568330520895624,加速度计,0.4381,6.5326,11.9279,,,,,,,
1568330530904009,加速度计,1.4724,7.3155,7.1210,,,,,,,
1568330540915676,加速度计,1.0451,6.5021,4.7519,,,,,,,
1568330534664218,陀螺仪,,,,,,,,0.1095,0.1840,0.1595
1568330550930676,加速度计,1.2444,5.6006,4.9243,,,,,,,
1568330560949009,加速度计,1.0505,6.9198,4.8728,,,,,,,
1568330554696718,陀螺仪,,,,,,,,0.0515,0.1820,0.1296
1568330570970676,加速度计,1.2623,6.9923,5.3965,,,,,,,
1568330580995311,加速度计,0.3615,6.8408,9.0004,,,,,,,
1568330574742239,陀螺仪,,,,,,,,-0.0262,0.1816,0.0921
1568330591022499,加速度计,0.4052,5.8335,13.1490,,,,,,,
1568330601051822,加速度计,-0.4459,7.7500,9.0196,,,,,,,
1568330594798176,陀螺仪,,,,,,,,0.0526,0.2119,0.1084
1568330611082864,加速度计,0.2957,7.8931,4.7597,,,,,,,
1568330621115207,加速度计,1.0648,6.9216,5.4330,,,,,,,
1568330614861197,陀螺仪,,,,,,,,0.0854,0.1780,0.0791
1568330635482165,GPS,,,,31.9430,118.7847,2.0900,86.2000,,,
1568330631156978,加速度计,0.2741,6.9581,7.2371,,,,,,,
1568330641184270,加速度计,0.3555,8.2989,5.0320,,,,,,,
1568330634931978,陀螺仪,,,,,,,,0.0783,0.1609,-0.0065
1568330651203020,加速度计,0.3759,7.4484,0.4920,,,,,,,
1568330654969478,陀螺仪,,,,,,,,-0.0233,0.1415,-0.0451
1568330661221770,加速度计,0.2280,5.4037,2.1470,,,,,,,
1568330671240520,加速度计,0.2592,6.1908,4.4424,,,,,,,
1568330681259270,加速度计,-0.3316,7.3179,7.8596,,,,,,,
1568330675006978,陀螺仪,,,,,,,,-0.1253,0.1202,-0.0361
1568330691278020,加速度计,0.4328,7.7261,5.5893,,,,,,,
1568330701296770,加速度计,1.2917,6.4620,11.8872,,,,,,,
1568330695044478,陀螺仪,,,,,,,,-0.1372,0.1135,-0.0165
1568330711315520,加速度计,0.8051,7.3861,14.7567,,,,,,,
1568330715086718,陀螺仪,,,,,,,,0.0069,0.1527,-0.0449
1568330721342811,加速度计,-0.4866,7.9404,8.7143,,,,,,,
1568330731353645,加速度计,1.9028,8.9094,-0.2005,,,,,,,
1568330741364478,加速度计,0.6776,5.1840,1.4395,,,,,,,
1568330735113176,陀螺仪,,,,,,,,-0.0310,0.1289,-0.0485
1568330751375728,加速度计,0.2658,5.1625,12.2404,,,,,,,
1568330761387811,加速度计,-0.3699,8.0667,8.3516,,,,,,,
1568330755136353,陀螺仪,,,,,,,,-0.0364,0.1170,-0.1238
1568330771400728,加速度计,0.1556,8.6137,1.2629,,,,,,,
1568330775163176,陀螺仪,,,,,,,,-0.0523,0.0776,-0.1028
1568330781414895,加速度计,1.1977,6.5422,6.1699,,,,,,,
1568330791430311,加速度计,-0.1347,5.6778,12.7449,,,,,,,
1568330795194947,陀螺仪,,,,,,,,-0.0165,0.0939,-0.1485
1568330801446978,加速度计,0.8649,8.5395,10.3693,,,,,,,
1568330811464895,加速度计,0.7464,11.1887,3.4872,,,,,,,
1568330815231718,陀螺仪,,,,,,,,-0.0334,0.0968,-0.1321
1568330821484061,加速度计,0.0413,5.5103,6.3895,,,,,,,
1568330831504478,加速度计,0.7943,4.0654,10.6111,,,,,,,
1568330835273489,陀螺仪,,,,,,,,-0.0027,0.0987,-0.1228
1568330841526145,加速度计,0.7242,7.8231,5.9825,,,,,,,
1568330851549061,加速度计,0.5112,7.7608,2.4337,,,,,,,
1568330855319895,陀螺仪,,,,,,,,-0.0361,0.1051,-0.1317
1568330861572811,加速度计,0.7829,6.1339,4.7447,,,,,,,
1568330871596978,加速度计,0.9888,6.4242,9.2793,,,,,,,
1568330875368541,陀螺仪,,,,,,,,-0.0791,0.0800,-0.1812
1568330881621561,加速度计,-0.5160,8.0038,10.3477,,,,,,,
1568330891646145,加速度计,-0.2604,7.7153,7.3436,,,,,,,
1568330895417707,陀螺仪,,,,,,,,-0.0340,0.0734,-0.1764
1568330901670728,加速度计,0.9756,7.8111,4.5059,,,,,,,
1568330911691978,加速度计,0.2939,5.4594,6.5356,,,,,,,
1568330915458436,陀螺仪,,,,,,,,-0.0905,0.0150,-0.2421
1568330921710728,加速度计,0.1850,5.2798,8.0667,,,,,,,
1568330931729478,加速度计,0.2406,5.0009,7.4340,,,,,,,
1568330935495936,陀螺仪,,,,,,,,0.0127,-0.0089,-0.2912
1568330941748228,加速度计,0.9301,6.1693,8.3222,,,,,,,
1568330951766978,加速度计,-0.0257,6.1836,7.1251,,,,,,,
1568330955533436,陀螺仪,,,,,,,,0.1019,-0.0297,-0.3285
1568330961785728,加速度计,1.0313,6.2519,4.7297,,,,,,,
1568330971808801,加速度计,1.3138,8.0822,4.7669,,,,,,,
1568330975571614,陀螺仪,,,,,,,,0.1045,-0.0559,-0.3904
1568330981823384,加速度计,0.3394,10.3316,3.6865,,,,,,,
1568330991837968,加速度计,1.0546,8.0050,6.9994,,,,,,,
1568330995600780,陀螺仪,,,,,,,,-0.0224,-0.0842,-0.4075
1568331001852551,加速度计,0.6692,6.6331,9.5002,,,,,,,
1568331011867551,加速度计,-0.3226,6.2399,6.3213,,,,,,,
1568331021882968,加速度计,1.2246,5.6479,4.9015,,,,,,,
1568331015631093,陀螺仪,,,,,,,,0.0185,-0.0549,-0.3346
1568331031898801,加速度计,0.7781,6.1256,6.2932,,,,,,,
1568331035663436,陀螺仪,,,,,,,,-0.0007,-0.0699,-0.3052
1568331041915468,加速度计,-0.0030,6.7355,9.2883,,,,,,,
1568331051932968,加速度计,0.0263,6.9450,9.0064,,,,,,,
1568331055699061,陀螺仪,,,,,,,,0.0744,-0.0566,-0.2783
1568331061951301,加速度计,0.0485,8.3995,5.6701,,,,,,,
1568331071970468,加速度计,-1.5245,7.6028,6.2243,,,,,,,
1568331075738020,陀螺仪,,,,,,,,0.0081,-0.0907,-0.2594
1568331081990468,加速度计,-0.7955,8.0110,6.8402,,,,,,,
1568331092010884,加速度计,-1.1708,7.6968,8.2588,,,,,,,
1568331095779166,陀螺仪,,,,,,,,-0.0180,-0.1139,-0.2489
1568331102031718,加速度计,-0.5650,7.8757,9.8180,,,,,,,
1568331112052968,加速度计,-0.1891,6.2309,8.4084,,,,,,,
1568331122074634,加速度计,-0.5770,6.3728,3.4351,,,,,,,
1568331115821978,陀螺仪,,,,,,,,0.0395,-0.1093,-0.2430
1568331132096301,加速度计,-0.2646,6.7217,0.6596,,,,,,,
1568331135865311,陀螺仪,,,,,,,,-0.0746,-0.1782,-0.2380
1568331142117968,加速度计,0.4483,6.3782,7.2670,,,,,,,
1568331152139634,加速度计,-0.5171,6.7762,12.9065,,,,,,,
1568331155908645,陀螺仪,,,,,,,,-0.0053,-0.1621,-0.2113
1568331162161301,加速度计,0.6518,9.3595,12.3750,,,,,,,
1568331172180468,加速度计,1.6825,8.5641,6.0986,,,,,,,
1568331175946926,陀螺仪,,,,,,,,0.0782,-0.1445,-0.2429
1568331182199218,加速度计,0.5357,6.0938,0.5758,,,,,,,
1568331192217968,加速度计,0.3926,5.1864,4.9536,,,,,,,
1568331202236718,加速度计,0.4585,6.2279,6.2549,,,,,,,
1568331195984426,陀螺仪,,,,,,,,-0.0298,-0.2153,-0.2830
1568331212255468,加速度计,1.4563,8.1032,7.3400,,,,,,,
1568331216035311,陀螺仪,,,,,,,,-0.0181,-0.2224,-0.2883
1568331222294947,加速度计,2.0081,7.7135,7.6638,,,,,,,
1568331232293280,加速度计,1.9758,6.2519,7.8901,,,,,,,
1568331236042239,陀螺仪,,,,,,,,-0.0047,-0.2073,-0.3645
1568331242292030,加速度计,0.2897,7.3328,5.5557,,,,,,,
1568331252292030,加速度计,0.2005,6.5577,8.2654,,,,,,,
1568331262294114,加速度计,1.8094,6.3267,7.2987,,,,,,,
1568331256043905,陀螺仪,,,,,,,,-0.0019,-0.2334,-0.3096
1568331272298697,加速度计,1.5562,7.2407,6.4009,,,,,,,
1568331276055676,陀螺仪,,,,,,,,0.0001,-0.2244,-0.3373
1568331282306614,加速度计,0.4788,6.5074,8.6832,,,,,,,
1568331292317864,加速度计,-0.3873,6.9528,7.8237,,,,,,,
1568331302332864,加速度计,-0.0994,8.2073,4.6232,,,,,,,
1568331296081041,陀螺仪,,,,,,,,0.0550,-0.2057,-0.2662
1568331312351614,加速度计,0.6943,7.8344,3.8912,,,,,,,
1568331322373697,加速度计,0.2083,7.3406,8.8771,,,,,,,
1568331316120989,陀螺仪,,,,,,,,-0.0224,-0.2064,-0.2000
1568331332399114,加速度计,-0.5740,7.5585,8.8544,,,,,,,
1568331336173957,陀螺仪,,,,,,,,0.0095,-0.1529,-0.1081
1568331342427447,加速度计,-0.9080,8.5712,2.8389,,,,,,,
1568331352458280,加速度计,0.1245,6.1998,6.3225,,,,,,,
1568331356236770,陀螺仪,,,,,,,,-0.0360,-0.1254,-0.0272
1568331362490780,加速度计,-1.0205,7.5932,4.9752,,,,,,,
1568331372524530,加速度计,-0.7332,7.5932,6.7409,,,,,,,
1568331376304478,陀螺仪,,,,,,,,-0.0803,-0.1181,0.0655
1568331382558697,加速度计,-0.8104,7.6034,8.8250,,,,,,,
1568331392592864,加速度计,-0.0198,5.8203,12.2020,,,,,,,
1568331396360416,陀螺仪,,,,,,,,0.0123,-0.0614,0.1425
1568331402612864,加速度计,-0.5189,6.5200,8.8244,,,,,,,
1568331412631614,加速度计,0.4172,7.1641,2.9030,,,,,,,
1568331422650364,加速度计,-0.5483,7.7830,3.1029,,,,,,,
1568331416398072,陀螺仪,,,,,,,,0.0740,-0.0256,0.1727
1568331432669114,加速度计,-0.2466,7.2053,7.0599,,,,,,,
1568331436435572,陀螺仪,,,,,,,,-0.0589,-0.0429,0.1832
1568331442687864,加速度计,0.4902,6.3752,8.9609,,,,,,,
1568331452706614,加速度计,0.2149,7.1006,8.0667,,,,,,,
1568331456473072,陀螺仪,,,,,,,,0.0019,0.0254,0.2316
1568331462725364,加速度计,0.0814,6.5559,8.0625,,,,,,,
1568331472750103,加速度计,0.4567,5.0015,8.7526,,,,,,,
1568331476511093,陀螺仪,,,,,,,,0.0521,0.0585,0.2583
1568331482762603,加速度计,0.3304,6.7822,7.0850,,,,,,,
1568331492775155,加速度计,0.7667,7.6094,5.2978,,,,,,,
1568331496536509,陀螺仪,,,,,,,,0.0128,0.0533,0.2463
1568331502788124,加速度计,1.0116,5.5019,6.2758,,,,,,,
1568331512801561,加速度计,-0.0287,6.6433,8.0589,,,,,,,
1568331516564009,陀螺仪,,,,,,,,0.0137,0.0700,0.2071
1568331522815832,加速度计,0.3089,6.8636,7.9727,,,,,,,
1568331532830936,加速度计,0.1808,6.6547,7.9847,,,,,,,
1568331536594843,陀螺仪,,,,,,,,0.0449,0.0602,0.1818
1568331542846926,加速度计,0.2873,6.8492,9.7773,,,,,,,
1568331552864166,加速度计,0.4986,7.4615,5.7162,,,,,,,
1568331556630259,陀螺仪,,,,,,,,0.0744,0.0554,0.1008
1568331562882655,加速度计,0.5124,6.4703,2.0848,,,,,,,
1568331572902343,加速度计,0.6949,6.8217,2.7450,,,,,,,
1568331576670259,陀螺仪,,,,,,,,-0.0550,-0.0085,0.0165
1568331582922864,加速度计,0.0377,5.4696,8.9711,,,,,,,
1568331592944218,加速度计,0.1640,6.5853,6.9821,,,,,,,
1568331596713593,陀螺仪,,,,,,,,-0.0172,-0.0197,-0.0286
1568331602966353,加速度计,0.7135,8.0966,5.9867,,,,,,,
1568331612988905,加速度计,0.1550,7.3598,13.1639,,,,,,,
1568331616759009,陀螺仪,,,,,,,,-0.0145,-0.0648,-0.0683
1568331623013905,加速度计,0.1957,5.8317,16.3231,,,,,,,
1568331635661852,GPS,,,,31.9430,118.7848,4.1100,81.8000,,,
1568331633051353,加速度计,1.5760,9.6947,4.8536,,,,,,,
1568331636807395,陀螺仪,,,,,,,,0.1872,-0.0525,-0.1312
1568331643058228,加速度计,0.8733,7.0755,-1.5694,,,,,,,
1568331653065728,加速度计,0.7919,5.7419,-0.9068,,,,,,,
1568331656823176,陀螺仪,,,,,,,,-0.0511,-0.1694,-0.2388
1568331663074270,加速度计,-0.4615,6.9827,6.8833,,,,,,,
1568331673084270,加速度计,-0.1113,8.6072,12.6821,,,,,,,
1568331676844426,陀螺仪,,,,,,,,-0.0244,-0.1759,-0.2300
1568331683095936,加速度计,-0.2167,7.5334,11.4377,,,,,,,
1568331693109478,加速度计,0.4328,6.5811,3.9816,,,,,,,
1568331696873072,陀螺仪,,,,,,,,0.0280,-0.1418,-0.1740
1568331703125103,加速度计,0.5177,6.5374,2.0554,,,,,,,
1568331713142811,加速度计,-0.5848,6.8851,7.2233,,,,,,,
1568331716919843,陀螺仪,,,,,,,,-0.0760,-0.1795,-0.1679
1568331723176457,加速度计,-1.2474,7.2610,10.4423,,,,,,,
1568331733226457,加速度计,-0.4699,7.8428,6.8067,,,,,,,
1568331736999843,陀螺仪,,,,,,,,-0.0250,-0.1445,-0.0501
1568331743252134,加速度计,0.2101,7.0671,7.7596,,,,,,,
1568331753270884,加速度计,-0.2358,7.5639,7.2820,,,,,,,
1568331757037343,陀螺仪,,,,,,,,-0.0088,-0.0944,0.0093
1568331763289634,加速度计,-1.1366,6.6661,11.5353,,,,,,,
1568331777074843,陀螺仪,,,,,,,,0.0447,-0.0590,0.0941
1568331773308384,加速度计,-0.5028,9.1614,4.0839,,,,,,,
1568331783327134,加速度计,0.4130,6.0591,2.2308,,,,,,,
1568331793345884,加速度计,0.0976,6.6230,5.2876,,,,,,,
1568331797112343,陀螺仪,,,,,,,,-0.0828,-0.0633,0.1161
1568331803364634,加速度计,-1.8447,7.0407,9.9940,,,,,,,
1568331813383384,加速度计,-0.5357,8.2833,9.1195,,,,,,,
1568331817149843,陀螺仪,,,,,,,,-0.0095,-0.0020,0.2503
1568331823402134,加速度计,0.3944,6.9270,3.9863,,,,,,,
1568331833420884,加速度计,0.0335,4.7202,4.1545,,,,,,,
1568331837187343,陀螺仪,,,,,,,,-0.0538,0.0217,0.2768
1568331843439634,加速度计,1.1983,5.3002,8.5132,,,,,,,
1568331853458384,加速度计,0.0640,7.1473,10.5453,,,,,,,
1568331857224843,陀螺仪,,,,,,,,0.0113,0.0748,0.2501
1568331863477134,加速度计,-1.8896,6.9863,8.3456,,,,,,,
1568331873495884,加速度计,0.0970,7.4089,2.9167,,,,,,,
1568331877262343,陀螺仪,,,,,,,,0.0732,0.0988,0.2956
1568331883514634,加速度计,-0.5375,9.7103,2.3236,,,,,,,
1568331893533384,加速度计,0.5477,8.2881,8.1301,,,,,,,
1568331897299843,陀螺仪,,,,,,,,-0.0808,0.0369,0.2180
1568331903552134,加速度计,-0.2592,7.4190,8.2408,,,,,,,
1568331913570884,加速度计,-1.1091,5.3654,8.5102,,,,,,,
1568331917337343,陀螺仪,,,,,,,,-0.0272,0.0449,0.2413
1568331923589634,加速度计,0.8116,5.2445,2.0782,,,,,,,
1568331933608384,加速度计,1.5353,6.6385,9.2560,,,,,,,
1568331937374843,陀螺仪,,,,,,,,-0.0132,0.0402,0.1858
1568331943627134,加速度计,-0.7404,8.4635,14.1671,,,,,,,
1568331953645884,加速度计,-0.3879,9.3960,8.6790,,,,,,,
1568331957412343,陀螺仪,,,,,,,,0.1370,0.0595,0.1466
1568331963665468,加速度计,-0.1826,7.3933,0.9044,,,,,,,
1568331973707551,加速度计,-0.7015,5.4869,-2.1302,,,,,,,
1568331977451041,陀螺仪,,,,,,,,-0.0581,-0.0253,0.1017
1568331983700155,加速度计,-0.7320,5.0691,8.7179,,,,,,,
1568331993693697,加速度计,0.2550,8.1541,15.0942,,,,,,,
1568331997439374,陀螺仪,,,,,,,,0.0274,-0.0061,0.1089
1568332003689061,加速度计,-0.6937,8.2708,11.5209,,,,,,,
1568332013687395,加速度计,-0.6458,7.8428,1.0846,,,,,,,
1568332017438541,陀螺仪,,,,,,,,0.0451,-0.0115,0.0933
1568332023689166,加速度计,-0.1257,5.0224,4.0480,,,,,,,
1568332033695155,加速度计,-0.4483,6.5661,9.7354,,,,,,,
1568332037453957,陀螺仪,,,,,,,,-0.0236,-0.0578,0.0892
1568332043705728,加速度计,-0.4345,7.9057,11.2635,,,,,,,
1568332053720884,加速度计,0.9774,7.3514,5.7844,,,,,,,
1568332057487707,陀螺仪,,,,,,,,0.0349,-0.0180,0.1072
1568332063740572,加速度计,0.6602,4.6100,4.9829,,,,,,,
1568332073764426,加速度计,0.7877,6.2225,4.0660,,,,,,,
1568332077538541,陀螺仪,,,,,,,,-0.0218,-0.0286,0.0792
1568332083792343,加速度计,-0.2813,7.3664,7.9069,,,,,,,
1568332093823541,加速度计,0.8344,6.7684,9.4224,,,,,,,
1568332097603124,陀螺仪,,,,,,,,-0.0004,-0.0150,0.1115
1568332103857551,加速度计,0.6117,6.8797,8.9088,,,,,,,
1568332113893541,加速度计,0.6189,6.1555,7.1593,,,,,,,
1568332117676041,陀螺仪,,,,,,,,0.0509,-0.0031,0.1033
1568332123930676,加速度计,0.3950,7.5711,7.1102,,,,,,,
1568332133968176,加速度计,1.0534,7.6184,8.8573,,,,,,,
1568332137751041,陀螺仪,,,,,,,,0.0848,0.0064,0.0939
1568332144003489,加速度计,1.5413,8.7777,5.1697,,,,,,,
1568332154023332,加速度计,1.0056,7.5812,5.7323,,,,,,,
1568332157789791,陀螺仪,,,,,,,,0.0577,0.0069,0.0345
1568332164042082,加速度计,0.7278,7.1377,5.5994,,,,,,,
1568332174060832,加速度计,1.7220,7.4376,6.2267,,,,,,,
1568332177827291,陀螺仪,,,,,,,,0.0262,-0.0029,0.0210
1568332184079582,加速度计,0.6219,5.1224,9.0830,,,,,,,
1568332194098332,加速度计,0.9062,9.0124,3.4177,,,,,,,
1568332197864791,陀螺仪,,,,,,,,0.0494,-0.0008,-0.0063
1568332204117082,加速度计,0.6602,6.9306,5.9921,,,,,,,
1568332214136301,加速度计,1.1875,8.6317,6.5344,,,,,,,
1568332217915624,陀螺仪,,,,,,,,-0.0433,-0.0431,-0.0668
1568332224166301,加速度计,-0.0335,6.0837,10.9708,,,,,,,
1568332234172186,加速度计,0.4286,6.3871,9.1273,,,,,,,
1568332237927707,陀螺仪,,,,,,,,0.0824,-0.0048,-0.0553
1568332244178541,加速度计,0.9164,6.2052,4.8070,,,,,,,
1568332254185780,加速度计,1.6490,7.5340,2.8545,,,,,,,
1568332257943124,陀螺仪,,,,,,,,0.0051,-0.0306,-0.0888
1568332264194322,加速度计,0.3741,8.0014,5.6982,,,,,,,
1568332277965207,陀螺仪,,,,,,,,-0.0180,-0.0470,-0.0734
1568332274204582,加速度计,-0.0311,7.1635,10.9325,,,,,,,
1568332284216926,加速度计,0.9565,7.6848,10.1622,,,,,,,
1568332294231353,加速度计,0.7171,7.1228,6.3434,,,,,,,
1568332297995624,陀螺仪,,,,,,,,0.0273,-0.0249,-0.0523
1568332304247864,加速度计,-0.1131,6.9438,6.0112,,,,,,,
1568332318034374,陀螺仪,,,,,,,,0.0079,-0.0419,-0.0527
1568332314266457,加速度计,0.0539,6.2686,5.4480,,,,,,,
1568332324287134,加速度计,0.0922,7.0168,4.0899,,,,,,,
1568332334309843,加速度计,-0.2005,6.5511,5.0176,,,,,,,
1568332338081041,陀螺仪,,,,,,,,-0.0555,-0.0804,-0.0328
1568332344334218,加速度计,-0.6788,5.3858,9.6887,,,,,,,
1568332354360207,加速度计,-0.3466,7.9224,9.2799,,,,,,,
1568332358133957,陀螺仪,,,,,,,,0.0377,-0.0407,0.0313
1568332364387395,加速度计,0.2604,8.6706,5.4474,,,,,,,
1568332374415364,加速度计,0.0431,7.5519,7.0018,,,,,,,
1568332378190207,陀螺仪,,,,,,,,-0.0016,-0.0447,0.0386
1568332384443697,加速度计,-0.4836,6.3794,9.0124,,,,,,,
1568332394471301,加速度计,0.4591,7.1030,3.0658,,,,,,,
1568332398241041,陀螺仪,,,,,,,,0.0184,-0.0063,0.1140
1568332404493384,加速度计,0.8667,6.8408,-0.5064,,,,,,,
1568332414512499,加速度计,0.2490,6.2854,1.1911,,,,,,,
1568332418278957,陀螺仪,,,,,,,,-0.1908,-0.0220,0.1503
1568332424531249,加速度计,-0.1448,5.4941,16.1238,,,,,,,
1568332434549999,加速度计,0.5692,7.9535,20.4507,,,,,,,
1568332438316457,陀螺仪,,,,,,,,0.0936,0.1157,0.3282
1568332444568749,加速度计,2.1883,10.2813,4.8854,,,,,,,
1568332454587499,加速度计,1.8334,5.7862,-3.7930,,,,,,,
1568332458353957,陀螺仪,,,,,,,,-0.0474,0.1458,0.2447
1568332464606457,加速度计,1.3934,3.4351,1.3647,,,,,,,
1568332474627759,加速度计,-2.1117,5.4067,11.8974,,,,,,,
1568332478391301,陀螺仪,,,,,,,,-0.0758,0.1465,0.2863
1568332484643176,加速度计,-0.9475,8.1936,12.5755,,,,,,,
1568332494658593,加速度计,1.0517,8.5311,8.1301,,,,,,,
1568332498422134,陀螺仪,,,,,,,,0.0107,0.1778,0.3143
1568332504674009,加速度计,1.7125,5.0901,7.6626,,,,,,,
1568332514689530,加速度计,0.5393,5.2313,6.3925,,,,,,,
1568332518453489,陀螺仪,,,,,,,,0.0385,0.1951,0.2154
1568332524705468,加速度计,-0.6213,7.2694,6.3476,,,,,,,
1568332534721822,加速度计,0.0808,8.5533,6.5823,,,,,,,
1568332538486509,陀螺仪,,,,,,,,-0.0173,0.1188,0.1802
1568332544738593,加速度计,1.4293,5.4295,9.0525,,,,,,,
1568332554755884,加速度计,2.0075,7.6902,6.9994,,,,,,,
1568332558521718,陀螺仪,,,,,,,,0.0099,0.1148,0.0419
1568332564774009,加速度计,0.4998,7.0162,5.4935,,,,,,,
1568332574792864,加速度计,0.2658,6.1878,7.0623,,,,,,,
1568332578559739,陀螺仪,,,,,,,,-0.0417,0.0702,-0.0083
1568332584812134,加速度计,0.3065,4.9704,11.4622,,,,,,,
1568332594831822,加速度计,2.0303,7.7363,5.9741,,,,,,,
1568332598599426,陀螺仪,,,,,,,,0.0509,0.0629,-0.0479
1568332604851926,加速度计,0.7230,6.8283,6.4260,,,,,,,
1568332614872447,加速度计,0.9146,6.9234,4.4383,,,,,,,
1568332618641718,陀螺仪,,,,,,,,0.0064,0.0200,-0.1449
1568332624895259,加速度计,1.8322,5.8341,4.1779,,,,,,,
1568332635728570,GPS,,,,31.9430,118.7848,2.7800,83.6000,,,
1568332634924582,加速度计,1.0259,7.1694,6.7463,,,,,,,
1568332644944999,加速度计,-0.7488,8.5671,11.0989,,,,,,,
1568332638692707,陀螺仪,,,,,,,,-0.0419,-0.0091,-0.2008
1568332654963749,加速度计,1.3084,7.5549,10.7296,,,,,,,
1568332664982499,加速度计,1.8364,7.0617,6.6643,,,,,,,
1568332658730207,陀螺仪,,,,,,,,0.0153,0.0049,-0.1357
1568332675001249,加速度计,0.0437,5.6964,4.8536,,,,,,,
1568332678767707,陀螺仪,,,,,,,,0.0328,0.0142,-0.1450
1568332685019999,加速度计,0.4106,4.5723,3.8307,,,,,,,
1568332695038749,加速度计,0.8571,9.5140,2.4175,,,,,,,
1568332698805207,陀螺仪,,,,,,,,-0.0395,-0.0197,-0.1241
1568332705057499,加速度计,-0.0628,7.8787,9.4044,,,,,,,
1568332715076249,加速度计,0.2490,6.6224,10.6015,,,,,,,
1568332718867291,陀螺仪,,,,,,,,0.0124,0.0376,-0.0736
1568332725116145,加速度计,0.1586,5.8155,7.7536,,,,,,,
1568332735107603,加速度计,0.7745,8.1930,2.0842,,,,,,,
1568332738850989,陀螺仪,,,,,,,,0.0127,0.0636,0.0044
1568332745100207,加速度计,-0.1999,7.1239,7.3897,,,,,,,
1568332755095103,加速度计,0.0736,7.9039,6.8881,,,,,,,
1568332758843072,陀螺仪,,,,,,,,-0.0228,0.0619,0.0064
1568332765093124,加速度计,-1.0810,6.3817,9.0818,,,,,,,
1568332775094999,加速度计,0.1826,8.6125,5.4306,,,,,,,
1568332778849999,陀螺仪,,,,,,,,-0.0064,0.0579,0.0651
1568332785101145,加速度计,-0.5596,6.3907,6.9605,,,,,,,
1568332795111874,加速度计,-0.0473,7.5399,5.5905,,,,,,,
1568332798874895,陀螺仪,,,,,,,,-0.0180,0.0555,0.0310
1568332805127186,加速度计,0.6626,6.5092,7.5681,,,,,,,
1568332815147082,加速度计,-0.0341,7.3304,7.6782,,,,,,,
1568332818918072,陀螺仪,,,,,,,,-0.0037,0.0754,0.0453
1568332825171457,加速度计,-0.3603,6.7169,5.6844,,,,,,,
1568332835199895,加速度计,0.8960,8.0864,3.6877,,,,,,,
1568332838977655,陀螺仪,,,,,,,,-0.0463,0.0688,0.0405
1568332845231874,加速度计,1.0062,5.8778,4.4341,,,,,,,
1568332855266666,加速度计,0.4357,7.2544,5.5863,,,,,,,
1568332859049009,陀螺仪,,,,,,,,-0.1212,0.0666,-0.0004
1568332865303749,加速度计,-0.7500,6.7588,11.5317,,,,,,,
1568332875342291,加速度计,-0.1712,7.0318,14.7004,,,,,,,
1568332879126614,陀螺仪,,,,,,,,0.0228,0.0808,0.0473
1568332885381457,加速度计,-1.0241,6.6589,10.3663,,,,,,,
1568332895415520,加速度计,1.2133,7.8141,0.5716,,,,,,,
1568332899181978,陀螺仪,,,,,,,,0.0947,0.0660,0.0029
1568332905434270,加速度计,2.4906,6.1399,1.4976,,,,,,,
1568332915453020,加速度计,0.3214,7.8727,3.4081,,,,,,,
1568332919219478,陀螺仪,,,,,,,,-0.0621,-0.0116,-0.1482
1568332925471770,加速度计,-1.2306,7.1916,9.9742,,,,,,,
1568332935490520,加速度计,-0.1173,8.1858,10.2125,,,,,,,
1568332939256978,陀螺仪,,,,,,,,-0.0083,-0.0161,-0.0747
1568332945509270,加速度计,0.1329,6.1453,6.4230,,,,,,,
1568332955528020,加速度计,1.1031,7.1210,1.6460,,,,,,,
1568332959294999,陀螺仪,,,,,,,,-0.0333,0.0008,-0.1121
1568332965547811,加速度计,0.4220,5.6120,5.0254,,,,,,,
1568332975575884,加速度计,-0.7931,6.2106,8.9609,,,,,,,
1568332979330728,陀螺仪,,,,,,,,-0.0888,-0.0425,-0.0828
1568332985581405,加速度计,-1.8896,6.4649,13.0131,,,,,,,
1568332995587447,加速度计,-0.2598,9.2620,8.9483,,,,,,,
1568332999343489,陀螺仪,,,,,,,,0.0278,-0.0047,0.0221
1568333005594426,加速度计,0.3849,7.0048,9.5810,,,,,,,
1568333015602759,加速度计,-1.9411,7.0791,6.0041,,,,,,,
1568333019361457,陀螺仪,,,,,,,,0.0987,0.0132,0.0117
1568333025612864,加速度计,0.1425,7.1766,8.6143,,,,,,,
1568333035625051,加速度计,1.3414,7.5950,5.4384,,,,,,,
1568333039387447,陀螺仪,,,,,,,,0.0522,-0.0100,0.0274
1568333045639426,加速度计,-0.2328,6.2010,3.6829,,,,,,,
1568333055656301,加速度计,0.2412,6.2770,4.7573,,,,,,,
1568333059423020,陀螺仪,,,,,,,,-0.0309,0.0088,0.0425
1568333065675572,加速度计,-0.4627,5.8454,10.5830,,,,,,,
1568333075696926,加速度计,-0.5351,5.9879,12.3014,,,,,,,
1568333079467239,陀螺仪,,,,,,,,0.0819,0.0680,0.1726
1568333085720259,加速度计,-0.0622,8.0990,6.5158,,,,,,,
1568333095745259,加速度计,0.4669,6.2100,4.3437,,,,,,,
1568333099518436,陀螺仪,,,,,,,,0.0495,0.0810,0.1722
1568333105771822,加速度计,0.7087,5.4043,4.6358,,,,,,,
1568333115799530,加速度计,-1.0930,6.1280,7.0814,,,,,,,
1568333119574426,陀螺仪,,,,,,,,0.0503,0.0939,0.1937
1568333125827968,加速度计,-0.4094,7.2885,6.2465,,,,,,,
1568333135856718,加速度计,0.9673,7.0803,5.9687,,,,,,,
1568333139631041,陀螺仪,,,,,,,,0.0233,0.1236,0.2112
1568333145883697,加速度计,0.7673,8.0290,6.1836,,,,,,,
1568333155904634,加速度计,-0.0958,8.1828,8.4695,,,,,,,
1568333159671093,陀螺仪,,,,,,,,-0.0146,0.1427,0.1820
1568333165923384,加速度计,0.1155,6.3883,9.3218,,,,,,,
1568333175942134,加速度计,1.5945,7.1940,7.5591,,,,,,,
1568333179708593,陀螺仪,,,,,,,,0.0387,0.1487,0.1787
1568333185960884,加速度计,0.6572,6.3500,9.3565,,,,,,,
1568333195979634,加速度计,2.7294,8.1433,7.5735,,,,,,,
1568333199746093,陀螺仪,,,,,,,,0.1012,0.1519,0.0726
1568333205998384,加速度计,0.7937,7.3400,5.8580,,,,,,,
1568333216017655,加速度计,1.7831,8.8107,2.0189,,,,,,,
1568333226038957,加速度计,2.3230,4.5472,5.9023,,,,,,,
1568333219787186,陀螺仪,,,,,,,,0.0519,0.0949,-0.0595
1568333236053541,加速度计,1.8932,8.1720,4.2341,,,,,,,
1568333239816353,陀螺仪,,,,,,,,0.0261,0.0589,-0.1784
1568333246068124,加速度计,1.7819,6.7499,8.2175,,,,,,,
1568333256082864,加速度计,2.4361,8.8597,5.9310,,,,,,,
1568333259846145,陀螺仪,,,,,,,,-0.0024,0.0181,-0.2907
1568333266098020,加速度计,0.7422,6.9737,7.1042,,,,,,,
1568333276113593,加速度计,1.8417,8.2283,8.8573,,,,,,,
1568333279877707,陀螺仪,,,,,,,,-0.0421,-0.0403,-0.3722
1568333286129739,加速度计,1.5808,7.4352,8.0122,,,,,,,
1568333296146718,加速度计,1.4305,7.4346,6.5308,,,,,,,
1568333299912291,陀螺仪,,,,,,,,-0.0055,-0.0561,-0.4490
1568333306164530,加速度计,1.9297,6.4943,7.1922,,,,,,,
1568333316183176,加速度计,0.7853,7.4041,6.6852,,,,,,,
1568333319950207,陀螺仪,,,,,,,,0.0065,-0.0868,-0.4892
1568333326202655,加速度计,-0.2873,6.6553,6.9186,,,,,,,
1568333336222811,加速度计,1.6777,7.1299,5.1775,,,,,,,
1568333339990832,陀螺仪,,,,,,,,-0.0329,-0.1563,-0.4872
1568333346243384,加速度计,0.3909,6.3351,7.0054,,,,,,,
1568333356264374,加速度计,-0.0718,6.2010,8.1708,,,,,,,
1568333360033124,陀螺仪,,,,,,,,-0.0116,-0.1451,-0.4394
1568333366285780,加速度计,0.2783,7.4400,7.0803,,,,,,,
1568333376307447,加速度计,-0.2550,7.1311,6.6972,,,,,,,
1568333380076457,陀螺仪,,,,,,,,-0.0389,-0.1622,-0.3658
1568333386329114,加速度计,0.0437,4.2306,8.6802,,,,,,,
1568333396350780,加速度计,-1.3958,6.3955,6.5332,,,,,,,
1568333400119791,陀螺仪,,,,,,,,0.0457,-0.1294,-0.2583
1568333406372447,加速度计,0.2490,7.6938,2.6953,,,,,,,
1568333416393489,加速度计,0.2897,8.0924,4.8902,,,,,,,
1568333420160728,陀螺仪,,,,,,,,-0.0378,-0.1317,-0.2153
1568333426413020,加速度计,-1.0469,5.2241,9.3440,,,,,,,
1568333436431770,加速度计,-1.3761,8.1882,6.1782,,,,,,,
1568333440198228,陀螺仪,,,,,,,,-0.0170,-0.1146,-0.1007
1568333446450520,加速度计,-0.7596,6.7947,9.0297,,,,,,,
1568333456469270,加速度计,0.9882,8.0553,6.6732,,,,,,,
1568333460237186,陀螺仪,,,,,,,,-0.0173,-0.0742,-0.0429
1568333466490207,加速度计,-0.5064,6.4787,5.4857,,,,,,,
1568333476519634,加速度计,-1.1187,6.8331,5.5198,,,,,,,
1568333480268436,陀螺仪,,,,,,,,-0.0796,-0.0848,-0.0205
1568333486518280,加速度计,-0.5991,4.5322,9.2039,,,,,,,
1568333496517916,加速度计,-0.2149,6.2848,8.2786,,,,,,,
1568333506519114,加速度计,-0.3196,7.4765,8.1289,,,,,,,
1568333500268853,陀螺仪,,,,,,,,-0.0206,-0.0666,0.0569
1568333516522551,加速度计,0.4537,6.7570,10.7823,,,,,,,
1568333520277707,陀螺仪,,,,,,,,0.0585,-0.0352,0.0686
1568333526528645,加速度计,1.0834,6.8193,7.6507,,,,,,,
1568333536537811,加速度计,-0.3202,8.1822,1.8800,,,,,,,
1568333540298645,陀螺仪,,,,,,,,0.0515,-0.0325,0.0441
1568333546550468,加速度计,0.5674,6.4410,2.8952,,,,,,,
1568333556566874,加速度计,0.7027,7.4095,4.7016,,,,,,,
1568333560334166,陀螺仪,,,,,,,,-0.0988,-0.0823,0.0341
1568333566586874,加速度计,-0.6728,6.6822,12.9071,,,,,,,
1568333576610207,加速度计,-0.8571,8.1564,13.1609,,,,,,,
1568333580383228,陀螺仪,,,,,,,,0.0373,-0.0059,0.1562
1568333586636718,加速度计,0.6907,6.7582,12.3050,,,,,,,
1568333596665832,加速度计,2.1584,9.3631,4.4532,,,,,,,
1568333606696874,加速度计,0.4926,4.9847,4.7088,,,,,,,
1568333600442916,陀螺仪,,,,,,,,0.0976,0.0519,0.1333
1568333616729426,加速度计,-0.2263,7.2634,-0.1574,,,,,,,
1568333620516978,陀螺仪,,,,,,,,0.0036,0.0076,0.0714
1568333626777343,加速度计,-0.2514,7.0342,1.3527,,,,,,,
1568333636808176,加速度计,-0.8709,6.6349,6.3913,,,,,,,
1568333651276591,GPS,,,,31.9430,118.7848,3.7000,80.3000,,,
1568333640574634,陀螺仪,,,,,,,,-0.1240,-0.0316,0.1060
1568333646826926,加速度计,0.5614,5.4217,14.6346,,,,,,,
1568333656845676,加速度计,-0.5160,8.4342,9.5223,,,,,,,
1568333666864426,加速度计,0.9708,7.4160,4.7058,,,,,,,
1568333660612134,陀螺仪,,,,,,,,0.0309,0.0463,0.1555
1568333676883176,加速度计,1.4718,4.9805,3.0209,,,,,,,
1568333680649634,陀螺仪,,,,,,,,-0.0305,0.0337,0.0872
1568333686901926,加速度计,-0.2448,5.7012,6.3955,,,,,,,
1568333696920676,加速度计,-0.5656,7.8392,9.9814,,,,,,,
1568333706939426,加速度计,-0.4794,7.8009,7.7399,,,,,,,
1568333700687134,陀螺仪,,,,,,,,-0.0057,0.0013,0.0775
1568333716958176,加速度计,0.1377,7.3245,5.2265,,,,,,,
1568333726981770,加速度计,1.6412,6.1573,5.8646,,,,,,,
1568333720730468,陀螺仪,,,,,,,,-0.0208,-0.0334,0.0498
1568333736992603,加速度计,-0.3106,6.9432,6.2357,,,,,,,
1568333740752291,陀螺仪,,,,,,,,-0.0266,-0.0310,-0.0425
1568333747003645,加速度计,-0.7386,6.3183,7.2772,,,,,,,
1568333757015311,加速度计,-0.0066,6.7481,6.8947,,,,,,,
1568333767027811,加速度计,0.5507,7.5160,14.6046,,,,,,,
1568333760776249,陀螺仪,,,,,,,,-0.0305,-0.0774,-0.0103
1568333777041353,加速度计,-0.0395,7.6058,17.4711,,,,,,,
1568333780804270,陀螺仪,,,,,,,,0.1863,-0.0069,-0.0153
1568333787056145,加速度计,0.4268,10.4698,3.5614,,,,,,,
1568333797072186,加速度计,1.2270,8.1056,0.1053,,,,,,,
1568333800837291,陀螺仪,,,,,,,,0.0535,-0.0856,-0.1059
1568333807089478,加速度计,1.0876,5.7658,3.9014,,,,,,,
1568333817108020,加速度计,-1.1708,5.5061,10.4878,,,,,,,
1568333820875311,陀螺仪,,,,,,,,0.0863,-0.0786,-0.0862
1568333827127811,加速度计,-1.3228,8.6377,3.8786,,,,,,,
1568333837148853,加速度计,3.7403,8.5365,6.0944,,,,,,,
1568333847171145,加速度计,1.4629,6.2560,5.9981,,,,,,,
1568333840918332,陀螺仪,,,,,,,,0.0361,-0.0811,0.0001
1568333857194478,加速度计,0.0886,9.7528,1.8693,,,,,,,
1568333860965468,陀螺仪,,,,,,,,-0.0394,-0.0302,-0.0360
1568333867218436,加速度计,-0.0030,8.7933,4.4239,,,,,,,
1568333877242811,加速度计,-0.7859,4.9111,8.7466,,,,,,,
1568333881014374,陀螺仪,,,,,,,,-0.1242,-0.0290,0.0490
1568333887267395,加速度计,-0.6776,4.8848,13.9325,,,,,,,
1568333897291978,加速度计,-1.1827,6.6828,8.4521,,,,,,,
1568333901062447,陀螺仪,,,,,,,,0.0903,0.0188,0.1216
1568333907315103,加速度计,0.4286,6.4446,5.6461,,,,,,,
1568333917335311,加速度计,1.1720,7.3622,4.5753,,,,,,,
1568333927354061,加速度计,-0.4884,7.9625,1.5526,,,,,,,
1568333921101770,陀螺仪,,,,,,,,0.0770,-0.0164,0.0309
1568333937372811,加速度计,-1.1923,6.5056,9.1883,,,,,,,
1568333947391561,加速度计,-0.4214,6.0017,10.8882,,,,,,,
1568333941139270,陀螺仪,,,,,,,,-0.0007,-0.0654,0.0209
1568333957410311,加速度计,-0.1598,7.6465,10.1305,,,,,,,
1568333961177239,陀螺仪,,,,,,,,0.1237,-0.0166,0.1123
1568333967429686,加速度计,0.6889,7.5453,3.1903,,,,,,,
1568333977450259,加速度计,0.7781,7.4286,4.5933,,,,,,,
1568333987465259,加速度计,0.6800,5.4779,10.2185,,,,,,,
1568333981213436,陀螺仪,,,,,,,,0.0443,-0.0249,0.0764
1568333997480259,加速度计,-0.8212,6.5996,7.0318,,,,,,,
1568334001243593,陀螺仪,,,,,,,,0.1080,0.0173,0.1257
1568334007495468,加速度计,-0.0186,7.9853,3.7936,,,,,,,
1568334017511093,加速度计,0.6177,5.5366,5.0506,,,,,,,
1568334021275155,陀螺仪,,,,,,,,0.0449,0.0262,0.1409
1568334027527134,加速度计,0.1885,6.7738,5.4360,,,,,,,
1568334037543593,加速度计,-0.3370,11.2114,3.2400,,,,,,,
1568334047560676,加速度计,0.0569,8.7789,7.5106,,,,,,,
1568334041308541,陀螺仪,,,,,,,,-0.0498,0.0180,0.1198
1568334057578593,加速度计,-2.0297,5.5402,12.8347,,,,,,,
1568334061344999,陀螺仪,,,,,,,,-0.1140,0.0149,0.1362
1568334067597343,加速度计,-1.6993,6.3416,11.8764,,,,,,,
1568334077616718,加速度计,0.7865,7.6148,5.2660,,,,,,,
1568334081384061,陀螺仪,,,,,,,,-0.0330,0.0221,0.2149
1568334087636509,加速度计,0.8936,5.9035,3.9887,,,,,,,
1568334097656718,加速度计,0.0371,5.3738,6.7409,,,,,,,
1568334107677343,加速度计,0.4262,5.2445,10.5548,,,,,,,
1568334101424791,陀螺仪,,,,,,,,-0.0619,0.0482,0.1562
1568334117698384,加速度计,-0.3795,8.1977,5.9592,,,,,,,
1568334127719634,加速度计,0.2903,6.6301,3.3902,,,,,,,
1568334121467030,陀螺仪,,,,,,,,-0.0073,0.0662,0.2157
1568334137740884,加速度计,0.2167,5.1649,9.6289,,,,,,,
1568334141509530,陀螺仪,,,,,,,,-0.0383,0.0847,0.2168
1568334147762134,加速度计,-0.2041,6.6511,12.0482,,,,,,,
1568334157783384,加速度计,-0.0192,9.3960,6.2279,,,,,,,
1568334167803674,加速度计,0.0126,7.4029,1.4934,,,,,,,
1568334161550809,陀螺仪,,,,,,,,0.0373,0.1144,0.2308
1568334177823413,加速度计,1.0403,4.0049,4.7675,,,,,,,
1568334181589872,陀螺仪,,,,,,,,-0.1053,0.0983,0.1867
1568334187842163,加速度计,-0.0688,5.9173,7.2850,,,,,,,
1568334197860913,加速度计,-0.8643,7.5268,12.7743,,,,,,,
1568334201627372,陀螺仪,,,,,,,,-0.0630,0.0995,0.1887
1568334207879663,加速度计,0.1856,7.9793,12.1446,,,,,,,
1568334217901538,加速度计,0.5806,6.5811,7.6896,,,,,,,
1568334221682424,陀螺仪,,,,,,,,0.0804,0.1131,0.1625
1568334227931278,加速度计,1.5287,6.7738,1.2186,,,,,,,
1568334237922945,加速度计,0.5920,7.7315,0.8888,,,,,,,
1568334247916070,加速度计,0.7709,6.4500,6.2866,,,,,,,
1568334241666851,陀螺仪,,,,,,,,-0.0675,0.0911,0.0858
1568334257911695,加速度计,-0.1885,6.6110,14.7573,,,,,,,
1568334267910653,加速度计,1.3964,7.7608,7.5675,,,,,,,
1568334261660601,陀螺仪,,,,,,,,-0.0518,0.0715,0.0823
1568334277913570,加速度计,1.0265,6.9623,5.7036,,,,,,,
1568334287920861,加速度计,0.5225,7.1192,2.8234,,,,,,,
1568334281669715,陀螺仪,,,,,,,,0.0418,0.0896,0.0057
1568334297932736,加速度计,1.5377,5.9855,8.1756,,,,,,,
1568334307949195,加速度计,0.2065,7.7494,4.7926,,,,,,,
1568334301696903,陀螺仪,,,,,,,,0.0061,0.0778,0.0153
1568334317970236,加速度计,1.3024,8.0098,9.2859,,,,,,,
1568334327995653,加速度计,1.2617,6.5236,10.4399,,,,,,,
1568334321742268,陀螺仪,,,,,,,,0.0017,0.0551,-0.0233
1568334338025028,加速度计,1.4281,7.2353,3.0544,,,,,,,
1568334341803518,陀螺仪,,,,,,,,0.0615,0.0764,-0.0586
1568334348057736,加速度计,0.8368,7.6477,2.8880,,,,,,,
1568334358093153,加速度计,0.6255,6.9109,4.1683,,,,,,,
1568334361875913,陀螺仪,,,,,,,,-0.0807,0.0370,-0.0816
1568334368130653,加速度计,1.2234,6.3267,11.1091,,,,,,,
1568334378169403,加速度计,0.6530,7.9655,8.2229,,,,,,,
1568334381953726,陀螺仪,,,,,,,,-0.0084,0.0387,-0.1202
1568334388208570,加速度计,0.2981,5.7718,5.2750,,,,,,,
1568334398237736,加速度计,1.3354,6.4392,5.2008,,,,,,,
1568334402004403,陀螺仪,,,,,,,,0.0036,0.0037,-0.1615
1568334408256695,加速度计,0.2711,7.4448,5.1960,,,,,,,
1568334418275445,加速度计,1.5748,8.1229,7.0204,,,,,,,
1568334422041903,陀螺仪,,,,,,,,-0.0446,-0.0085,-0.2147
1568334428294195,加速度计,0.3178,7.4226,6.1764,,,,,,,
1568334438312945,加速度计,1.0876,5.2445,9.3003,,,,,,,
1568334442079403,陀螺仪,,,,,,,,-0.0515,-0.0421,-0.2007
1568334448331695,加速度计,1.1893,5.9466,8.3390,,,,,,,
1568334458350445,加速度计,-0.1024,8.0738,6.9151,,,,,,,
1568334462118153,陀螺仪,,,,,,,,0.0325,-0.0248,-0.2242
1568334468370861,加速度计,2.1668,8.7466,3.5063,,,,,,,
1568334478390965,加速度计,1.2450,6.3692,6.5104,,,,,,,
1568334488402632,加速度计,-0.0796,7.9224,9.3338,,,,,,,
1568334482151226,陀螺仪,,,,,,,,-0.0662,-0.0574,-0.2586
1568334498414559,加速度计,0.5800,7.4364,9.1919,,,,,,,
1568334502175601,陀螺仪,,,,,,,,-0.0138,-0.0374,-0.2225
1568334508427163,加速度计,2.0973,7.4956,7.1652,,,,,,,
1568334518440601,加速度计,1.1630,5.2487,7.5657,,,,,,,
1568334522203101,陀螺仪,,,,,,,,-0.0039,-0.0234,-0.2320
1568334528454872,加速度计,0.4441,6.2327,4.7142,,,,,,,
1568334538470236,加速度计,1.1426,6.9899,5.0296,,,,,,,
1568334542234768,陀螺仪,,,,,,,,-0.0551,-0.0403,-0.2045
1568334548486851,加速度计,0.4657,6.5571,8.4282,,,,,,,
1568334558504715,加速度计,0.0114,5.7515,9.8575,,,,,,,
1568334568523830,加速度计,0.4573,6.9222,7.1844,,,,,,,
1568334562271434,陀螺仪,,,,,,,,-0.0087,-0.0136,-0.1782
1568334578544195,加速度计,0.3926,6.3327,4.0989,,,,,,,
1568334582312893,陀螺仪,,,,,,,,-0.0543,-0.0310,-0.1337
1568334588565549,加速度计,-0.1125,7.3903,4.2910,,,,,,,
1568334598587736,加速度计,-0.7326,5.4606,10.3854,,,,,,,
1568334602357893,陀螺仪,,,,,,,,-0.1020,-0.0246,-0.0997
1568334608610757,加速度计,1.2282,6.5918,10.6799,,,,,,,
1568334618634351,加速度计,-0.7045,6.4500,8.4001,,,,,,,
1568334622421434,陀螺仪,,,,,,,,-0.0013,0.0181,-0.0618
1568334628682736,加速度计,-0.0527,5.7060,7.3287,,,,,,,
1568334642993361,GPS,,,,31.9431,118.7849,3.6500,75.0000,,,
1568334638689820,加速度计,0.3879,6.4075,6.9336,,,,,,,
1568334642446434,陀螺仪,,,,,,,,0.0357,0.0228,-0.0383
1568334648697320,加速度计,0.7967,8.1080,8.2750,,,,,,,
1568334658705653,加速度计,0.1778,6.9264,9.4463,,,,,,,
1568334668715236,加速度计,-0.3992,6.0214,6.4835,,,,,,,
1568334662464090,陀螺仪,,,,,,,,0.0680,0.0314,-0.0372
1568334678726070,加速度计,0.4908,7.7021,-0.0204,,,,,,,
1568334682487059,陀螺仪,,,,,,,,0.0218,0.0210,-0.0337
1568334688738570,加速度计,0.1748,6.1316,3.8140,,,,,,,
1568334698752736,加速度计,-0.7045,7.5489,7.8781,,,,,,,
1568334702517007,陀螺仪,,,,,,,,-0.0609,-0.0005,-0.0298
1568334708768986,加速度计,-0.4166,7.1754,12.6145,,,,,,,
1568334718787320,加速度计,-0.2933,7.5788,13.4075,,,,,,,
1568334722583309,陀螺仪,,,,,,,,0.0832,0.0216,0.0104
1568334728840184,加速度计,0.1365,7.3741,5.6617,,,,,,,
1568334738876070,加速度计,-0.1030,6.8289,2.5995,,,,,,,
1568334748896851,加速度计,0.4758,6.9366,5.2744,,,,,,,
1568334742644559,陀螺仪,,,,,,,,0.0790,0.0057,-0.0350
1568334758915601,加速度计,0.1987,8.7909,7.7189,,,,,,,
1568334762682059,陀螺仪,,,,,,,,0.0346,-0.0406,-0.0570
1568334768934351,加速度计,-1.1522,7.4861,11.6484,,,,,,,
1568334778953101,加速度计,0.8817,8.5838,2.8898,,,,,,,
1568334782719559,陀螺仪,,,,,,,,0.0948,-0.0053,-0.0445
1568334788971851,加速度计,1.7442,6.8444,2.2218,,,,,,,
1568334798990601,加速度计,-0.3903,7.0868,6.1705,,,,,,,
1568334802757059,陀螺仪,,,,,,,,-0.0261,-0.0483,-0.0746
1568334809009351,加速度计,-0.6997,6.7732,12.0883,,,,,,,
1568334819028101,加速度计,0.6231,7.3358,8.6832,,,,,,,
1568334822794559,陀螺仪,,,,,,,,0.1112,-0.0113,-0.0240
1568334829046851,加速度计,1.2444,6.9719,3.1017,,,,,,,
1568334839065601,加速度计,0.0317,7.1820,0.5309,,,,,,,
1568334849084351,加速度计,-0.0910,5.1433,7.6734,,,,,,,
1568334842832059,陀螺仪,,,,,,,,-0.0117,-0.0361,-0.0880
1568334859103101,加速度计,-0.4651,8.2390,10.4393,,,,,,,
1568334862869559,陀螺仪,,,,,,,,0.0276,-0.0349,-0.0333
1568334869121851,加速度计,-0.6117,6.2333,9.6516,,,,,,,
1568334879140601,加速度计,0.4190,8.3911,2.6498,,,,,,,
1568334882907059,陀螺仪,,,,,,,,0.0582,-0.0084,-0.0217
1568334889159351,加速度计,0.8835,7.2616,4.7214,,,,,,,
1568334899178101,加速度计,-0.2047,6.6643,7.2957,,,,,,,
1568334902944559,陀螺仪,,,,,,,,-0.0041,-0.0285,-0.0543
1568334909196851,加速度计,-0.9673,8.2337,8.4988,,,,,,,
1568334919215601,加速度计,-0.2239,7.3556,9.3877,,,,,,,
1568334922982059,陀螺仪,,,,,,,,0.0265,-0.0249,0.0080
1568334929234351,加速度计,0.1431,7.7357,3.9235,,,,,,,
1568334939253101,加速度计,0.7727,6.9869,4.2473,,,,,,,
1568334943019559,陀螺仪,,,,,,,,-0.0188,-0.0165,-0.0256
1568334949271851,加速度计,0.6021,6.5326,9.0052,,,,,,,
1568334959290601,加速度计,-1.0732,6.4147,7.9272,,,,,,,
1568334969313778,加速度计,0.6027,8.3510,3.4123,,,,,,,
1568334963060601,陀螺仪,,,,,,,,0.0820,0.0130,-0.0083
1568334979339403,加速度计,1.4210,8.2474,4.6052,,,,,,,
1568334989333674,加速度计,0.6506,7.0192,9.4577,,,,,,,
1568334983084403,陀螺仪,,,,,,,,-0.0486,-0.0391,-0.0322
1568334999329299,加速度计,-0.8859,8.8394,10.4345,,,,,,,
1568335003077320,陀螺仪,,,,,,,,-0.0024,-0.0099,-0.0487
1568335009327111,加速度计,0.1873,7.1012,10.4519,,,,,,,
1568335019327945,加速度计,0.9720,6.5152,4.7309,,,,,,,
1568335023081695,陀螺仪,,,,,,,,0.0145,0.0237,-0.0169
1568335029332372,加速度计,0.5183,6.6571,6.0190,,,,,,,
1568335039340809,加速度计,1.0451,6.7684,10.4854,,,,,,,
1568335043101695,陀螺仪,,,,,,,,-0.0013,0.0205,-0.0509
1568335049353413,加速度计,-0.4860,6.7301,8.6113,,,,,,,
1568335059370445,加速度计,1.5036,6.4781,5.0482,,,,,,,
1568335063138986,陀螺仪,,,,,,,,0.0385,0.0282,-0.0537
1568335069391799,加速度计,1.8094,6.4883,2.5259,,,,,,,
1568335079417059,加速度计,0.0168,6.1417,5.3295,,,,,,,
1568335089445809,加速度计,-0.5082,7.2688,8.9190,,,,,,,
1568335083192111,陀螺仪,,,,,,,,-0.0667,-0.0105,-0.1507
1568335099477632,加速度计,-0.3765,5.5342,15.2786,,,,,,,
1568335103257528,陀螺仪,,,,,,,,0.0419,-0.0182,-0.0794
1568335109511851,加速度计,-0.9756,6.9522,8.2271,,,,,,,
1568335119547632,加速度计,0.8841,7.0605,3.9373,,,,,,,
1568335123329820,陀螺仪,,,,,,,,0.0354,-0.0324,-0.0919
1568335129584403,加速度计,0.5351,5.9969,6.8061,,,,,,,
1568335139621486,加速度计,0.0383,4.4179,10.8308,,,,,,,
1568335149649195,加速度计,-1.5544,7.7033,6.5924,,,,,,,
1568335143396486,陀螺仪,,,,,,,,0.0860,-0.0326,-0.1471
1568335159669195,加速度计,-0.1024,8.7628,2.0357,,,,,,,
1568335163435653,陀螺仪,,,,,,,,0.0226,-0.0752,-0.1240
1568335169687945,加速度计,0.4974,5.8616,3.8343,,,,,,,
1568335179706695,加速度计,-0.3687,5.8993,2.0201,,,,,,,
1568335189725445,加速度计,-0.1401,6.9360,7.6782,,,,,,,
1568335183473153,陀螺仪,,,,,,,,-0.0748,-0.1104,-0.1708
1568335199744195,加速度计,-0.8248,5.6102,17.0713,,,,,,,
1568335203510653,陀螺仪,,,,,,,,0.0124,-0.0897,-0.0834
1568335209762945,加速度计,-0.5177,7.9254,10.8900,,,,,,,
1568335219784299,加速度计,0.2759,8.3348,0.3059,,,,,,,
1568335229806174,加速度计,1.0798,6.9139,1.4676,,,,,,,
1568335223555653,陀螺仪,,,,,,,,0.0505,-0.0539,-0.0312
1568335239811018,加速度计,-0.4543,4.6687,10.8499,,,,,,,
1568335249816538,加速度计,0.5986,8.0188,10.9349,,,,,,,
1568335243565861,陀螺仪,,,,,,,,0.0182,-0.0835,-0.0438
1568335259823153,加速度计,0.0688,10.1478,2.9736,,,,,,,
1568335269831278,加速度计,0.6662,7.9769,2.7240,,,,,,,
1568335263580236,陀螺仪,,,,,,,,0.0820,-0.0542,-0.0031
1568335279841330,加速度计,0.6716,6.3859,4.3389,,,,,,,
1568335289853726,加速度计,0.1131,7.9775,10.0425,,,,,,,
1568335283602111,陀螺仪,,,,,,,,-0.0650,-0.0863,-0.0439
1568335299868622,加速度计,-1.3952,8.7430,14.5328,,,,,,,
1568335303633778,陀螺仪,,,,,,,,0.0551,-0.0201,0.0573
1568335309886018,加速度计,-0.0395,7.8781,3.4686,,,,,,,
1568335319905913,加速度计,0.8158,7.5615,2.3966,,,,,,,
1568335329928049,加速度计,1.7603,5.3864,5.0141,,,,,,,
1568335323675236,陀螺仪,,,,,,,,-0.0254,-0.0140,0.0742
1568335339952268,加速度计,0.9457,6.7918,10.7560,,,,,,,
1568335343725028,陀螺仪,,,,,,,,-0.0185,0.0017,0.0515
1568335349978309,加速度计,-1.3533,6.9689,8.7831,,,,,,,
1568335360005757,加速度计,1.1109,8.0780,2.6348,,,,,,,
1568335363780653,陀螺仪,,,,,,,,0.0028,0.0165,0.0976
1568335370034195,加速度计,1.4150,7.1293,0.8170,,,,,,,
1568335380063205,加速度计,-1.0056,5.1631,9.5792,,,,,,,
1568335390092372,加速度计,-0.0275,6.5374,15.5102,,,,,,,
1568335383838778,陀螺仪,,,,,,,,-0.1004,-0.0262,-0.0005
1568335400118934,加速度计,1.4048,8.1163,4.0205,,,,,,,
1568335403887736,陀螺仪,,,,,,,,0.0242,0.0262,0.0165
1568335410140028,加速度计,-0.4022,8.9914,1.1887,,,,,,,
1568335420158778,加速度计,-0.3627,2.2374,7.5555,,,,,,,
1568335423925236,陀螺仪,,,,,,,,-0.1326,-0.0466,-0.0060
1568335430177528,加速度计,1.2073,5.5097,12.2493,,,,,,,
1568335440196278,加速度计,2.0506,8.2378,12.6492,,,,,,,
1568335443962736,陀螺仪,,,,,,,,0.0336,0.0028,-0.0336
1568335450215028,加速度计,-0.5435,5.0368,9.9653,,,,,,,
1568335460233778,加速度计,0.0611,7.3999,1.2917,,,,,,,
1568335470253570,加速度计,1.5634,8.0553,1.4365,,,,,,,
1568335464001070,陀螺仪,,,,,,,,0.1241,0.0213,-0.0487
1568335480272632,加速度计,1.5269,7.5639,2.5247,,,,,,,
1568335490288465,加速度计,-0.1568,5.1362,15.7640,,,,,,,
1568335484036538,陀螺仪,,,,,,,,-0.1238,-0.1052,-0.1535
1568335500304299,加速度计,0.3813,6.6194,12.1224,,,,,,,
1568335504068205,陀螺仪,,,,,,,,0.0712,-0.0157,-0.0928
1568335510320132,加速度计,0.0874,8.8759,3.6350,,,,,,,
1568335520336278,加速度计,0.5704,7.3035,-0.0371,,,,,,,
1568335524100809,陀螺仪,,,,,,,,-0.0651,-0.0586,-0.1057
1568335530352840,加速度计,1.4575,4.8201,6.1202,,,,,,,
1568335540369820,加速度计,0.5794,5.8161,12.8898,,,,,,,
1568335544135080,陀螺仪,,,,,,,,-0.0214,-0.0550,-0.1234
1568335550387215,加速度计,-0.0838,7.0928,11.9890,,,,,,,
1568335560405028,加速度计,-0.7296,9.5397,7.1982,,,,,,,
1568335564171018,陀螺仪,,,,,,,,0.0803,-0.0081,-0.0610
1568335570423257,加速度计,0.6315,6.6140,0.4387,,,,,,,
1568335580441903,加速度计,1.8334,8.9597,0.0796,,,,,,,
1568335584208622,陀螺仪,,,,,,,,-0.0804,-0.0538,-0.1192
1568335590460965,加速度计,0.6919,5.5982,12.7072,,,,,,,
1568335600480445,加速度计,-0.5531,7.1730,14.7650,,,,,,,
1568335604247893,陀螺仪,,,,,,,,0.0546,0.0189,-0.0611
1568335610500340,加速度计,-0.6231,8.8711,7.9452,,,,,,,
1568335620520653,加速度计,1.6005,7.2838,-0.3705,,,,,,,
1568335636088882,GPS,,,,31.9431,118.7849,3.6700,76.4000,,,
1568335624302736,陀螺仪,,,,,,,,-0.0130,0.0049,-0.0469
1568335630554976,加速度计,0.7338,5.4534,0.0371,,,,,,,
1568335640573309,加速度计,-0.6069,2.8677,7.9128,,,,,,,
1568335644339403,陀螺仪,,,,,,,,-0.0602,-0.0108,-0.1197
1568335650591643,加速度计,-0.7207,8.3815,7.6225,,,,,,,
1568335660609976,加速度计,0.5776,8.7197,5.3079,,,,,,,
1568335670628309,加速度计,-0.4519,7.1874,6.3021,,,,,,,
1568335664376070,陀螺仪,,,,,,,,-0.1088,-0.0301,-0.0522
1568335680646643,加速度计,-0.2484,4.1551,12.1751,,,,,,,
1568335684412736,陀螺仪,,,,,,,,-0.0394,-0.0039,-0.0644
1568335690664976,加速度计,1.8411,8.2241,8.4761,,,,,,,
1568335700683309,加速度计,-0.4058,8.1289,3.4776,,,,,,,
1568335704449403,陀螺仪,,,,,,,,-0.0449,0.0059,-0.0969
1568335710701643,加速度计,-0.8942,6.0765,6.3925,,,,,,,
1568335720729351,加速度计,-0.5249,4.4616,12.4762,,,,,,,
1568335724498465,陀螺仪,,,,,,,,0.0016,-0.0222,-0.0626
1568335730748205,加速度计,0.1909,9.1261,6.4769,,,,,,,
1568335740746851,加速度计,0.0640,8.2414,4.8920,,,,,,,
1568335744496590,陀螺仪,,,,,,,,-0.0361,-0.0455,-0.0919
1568335750746538,加速度计,1.6646,4.5053,11.4527,,,,,,,
1568335760748101,加速度计,-0.0617,5.4450,3.7631,,,,,,,
1568335770752059,加速度计,-0.9858,9.5499,-3.4357,,,,,,,
1568335764501538,陀螺仪,,,,,,,,0.0582,0.0230,-0.1395
1568335780759143,加速度计,0.4339,5.2954,14.4017,,,,,,,
1568335784518205,陀螺仪,,,,,,,,-0.1324,-0.0744,-0.1091
1568335790769559,加速度计,-1.4347,6.4895,17.9727,,,,,,,
1568335800783622,加速度计,-0.5980,7.2101,7.5968,,,,,,,
1568335804549143,陀螺仪,,,,,,,,0.1517,-0.0072,-0.0455
1568335810801434,加速度计,1.3354,9.1243,-4.1001,,,,,,,
1568335820822684,加速度计,-0.0784,4.7465,1.5221,,,,,,,
1568335824609351,陀螺仪,,,,,,,,-0.1158,-0.0991,-0.0991
1568335830866278,加速度计,1.0888,6.5248,11.5622,,,,,,,
1568335840922111,加速度计,0.0874,10.4782,12.7635,,,,,,,
1568335850965913,加速度计,0.0599,7.6854,6.0047,,,,,,,
1568335844712997,陀螺仪,,,,,,,,-0.0053,-0.0381,-0.1056
1568335860987945,加速度计,1.0349,6.9647,-1.1217,,,,,,,
1568335864754663,陀螺仪,,,,,,,,-0.0621,-0.0751,-0.1559
1568335871006955,加速度计,-0.4896,4.1372,3.5021,,,,,,,
1568335881025705,加速度计,-0.2843,7.1892,8.8969,,,,,,,
1568335884792163,陀螺仪,,,,,,,,-0.1292,-0.1192,-0.1686
1568335891044455,加速度计,-0.8709,8.6251,11.8705,,,,,,,
1568335901063205,加速度计,1.1265,7.1940,13.9103,,,,,,,
1568335904829663,陀螺仪,,,,,,,,0.0013,-0.0975,-0.1300
1568335911081955,加速度计,0.7015,3.6111,10.3609,,,,,,,
1568335921100705,加速度计,0.6381,8.0128,-0.0676,,,,,,,
1568335931119455,加速度计,0.1478,5.9280,2.1620,,,,,,,
1568335924867163,陀螺仪,,,,,,,,0.0835,-0.1073,-0.1752
1568335941138205,加速度计,0.6877,5.5126,6.8055,,,,,,,
1568335951156955,加速度计,-0.2789,6.7660,10.3471,,,,,,,
1568335944904663,陀螺仪,,,,,,,,-0.0117,-0.1423,-0.1937
1568335961175705,加速度计,0.7626,10.4136,6.9408,,,,,,,
1568335964945497,陀螺仪,,,,,,,,0.0252,-0.1581,-0.1896
1568335971201955,加速度计,0.0072,6.1166,8.5341,,,,,,,
1568335981218726,加速度计,1.1498,7.9212,7.1048,,,,,,,
1568335984969403,陀螺仪,,,,,,,,0.0554,-0.1489,-0.2035
1568335991219455,加速度计,0.3615,6.3620,10.7248,,,,,,,
1568336001221226,加速度计,0.7548,10.0245,9.0770,,,,,,,
1568336004974143,陀螺仪,,,,,,,,0.1149,-0.1232,-0.1577
1568336011224559,加速度计,0.3567,6.0825,5.8796,,,,,,,
1568336021230184,加速度计,0.9918,6.2979,2.4678,,,,,,,
1568336024987528,陀螺仪,,,,,,,,0.0517,-0.1356,-0.1333
1568336031238622,加速度计,0.3885,7.3310,2.7324,,,,,,,
1568336041254924,加速度计,0.6895,4.3407,9.8587,,,,,,,
1568336045060757,陀螺仪,,,,,,,,0.0478,-0.0876,-0.0838
1568336051318830,加速度计,0.2107,10.5518,2.6665,,,,,,,
1568336061361018,加速度计,-1.2516,7.3598,4.6154,,,,,,,
1568336065131434,陀螺仪,,,,,,,,-0.0530,-0.0707,-0.0366
1568336071383726,加速度计,0.7991,8.7921,7.1084,,,,,,,
1568336081402476,加速度计,-1.3150,5.6928,9.7235,,,,,,,
1568336085168934,陀螺仪,,,,,,,,-0.0350,-0.0214,0.0575
1568336091421226,加速度计,-0.4812,8.1229,4.0300,,,,,,,
1568336101439976,加速度计,-0.5674,4.8937,5.1984,,,,,,,
1568336105206434,陀螺仪,,,,,,,,-0.0875,-0.0089,0.1178
1568336111458726,加速度计,-0.1670,6.8977,10.7871,,,,,,,
1568336121477476,加速度计,-0.8248,7.8392,11.5071,,,,,,,
1568336125243934,陀螺仪,,,,,,,,0.0290,0.0326,0.1565
1568336131496226,加速度计,-0.5704,6.6469,6.1214,,,,,,,
1568336141514976,加速度计,0.4322,5.8017,0.8290,,,,,,,
1568336145281434,陀螺仪,,,,,,,,0.0052,0.0250,0.1696
1568336151533726,加速度计,-0.1299,4.9093,5.2882,,,,,,,
1568336161552476,加速度计,0.4908,6.9677,11.3683,,,,,,,
1568336165318934,陀螺仪,,,,,,,,0.0005,0.0517,0.1688
1568336171571226,加速度计,-0.2999,9.3691,7.4298,,,,,,,
1568336181589976,加速度计,-0.0928,10.0042,4.2162,,,,,,,
1568336185356434,陀螺仪,,,,,,,,-0.0344,0.0743,0.1573
1568336191608726,加速度计,-0.1359,3.9528,3.7487,,,,,,,
1568336201627476,加速度计,0.2993,4.6956,5.3217,,,,,,,
1568336205393934,陀螺仪,,,,,,,,-0.1162,0.0537,0.1241
1568336211646226,加速度计,-0.1688,5.7736,7.4801,,,,,,,
1568336221669976,加速度计,-1.2390,5.8293,10.6793,,,,,,,
1568336225434872,陀螺仪,,,,,,,,-0.0818,0.0329,0.1268
1568336231686278,加速度计,0.5357,8.0726,15.7293,,,,,,,
1568336241697945,加速度计,0.7566,9.3272,7.5806,,,,,,,
1568336251709976,加速度计,-1.2360,6.9372,6.0106,,,,,,,
1568336245458518,陀螺仪,,,,,,,,0.0904,0.0541,0.0574
1568336261722788,加速度计,0.3382,8.2989,5.2152,,,,,,,
1568336265484768,陀螺仪,,,,,,,,-0.0075,-0.0109,0.0417
1568336271736434,加速度计,1.3240,7.9128,7.4968,,,,,,,
1568336281750913,加速度计,0.0688,8.2109,9.4469,,,,,,,
1568336285514663,陀螺仪,,,,,,,,-0.0182,-0.0150,-0.0474
1568336291766590,加速度计,0.1371,7.9517,9.5433,,,,,,,
1568336301783518,加速度计,1.0953,4.1719,10.0784,,,,,,,
1568336305549455,陀螺仪,,,,,,,,0.0956,-0.0077,-0.0766
1568336311801695,加速度计,0.7099,7.8380,3.9121,,,,,,,
1568336321821122,加速度计,0.7320,6.7564,3.4357,,,,,,,
1568336331841799,加速度计,1.3970,7.0611,4.8243,,,,,,,
1568336325589247,陀螺仪,,,,,,,,0.0606,-0.0236,-0.1049
1568336341863361,加速度计,1.1450,5.1445,6.7654,,,,,,,
1568336351885757,加速度计,-0.5213,8.7598,-1.1121,,,,,,,
1568336345632997,陀螺仪,,,,,,,,0.0260,-0.0180,-0.1304
1568336361908986,加速度计,0.8033,5.0679,4.7465,,,,,,,
1568336365679768,陀螺仪,,,,,,,,-0.0908,-0.0342,-0.1041
1568336371932684,加速度计,1.1845,5.7658,7.8608,,,,,,,
1568336381956799,加速度计,-0.2173,6.5428,8.3414,,,,,,,
1568336391980965,加速度计,-0.0497,8.5964,3.3764,,,,,,,
1568336385727997,陀螺仪,,,,,,,,-0.0282,-0.0104,-0.1341
1568336402005132,加速度计,0.0599,6.1058,8.9423,,,,,,,
1568336412024924,加速度计,1.5353,6.2973,16.4446,,,,,,,
1568336405772580,陀螺仪,,,,,,,,-0.1033,-0.0631,-0.1246
1568336422043726,加速度计,-0.4890,7.1461,13.7445,,,,,,,
1568336432062476,加速度计,0.0676,8.9795,2.4038,,,,,,,
1568336425810184,陀螺仪,,,,,,,,0.1680,-0.0214,-0.1663
1568336442081226,加速度计,0.2604,6.1310,0.4471,,,,,,,
1568336452099976,加速度计,1.0720,4.3640,6.5092,,,,,,,
1568336445847684,陀螺仪,,,,,,,,0.0435,-0.0723,-0.1565
1568336462118726,加速度计,0.8733,6.3524,8.0373,,,,,,,
1568336465886434,陀螺仪,,,,,,,,0.0506,-0.0703,-0.2127
1568336472139976,加速度计,0.0329,7.2754,7.3999,,,,,,,
1568336482157476,加速度计,0.9613,6.9617,12.1446,,,,,,,
1568336485920288,陀螺仪,,,,,,,,0.0826,-0.1204,-0.2341
1568336492172059,加速度计,0.0844,7.5411,8.7795,,,,,,,
1568336502186643,加速度计,-1.3821,9.3978,3.7236,,,,,,,
1568336505949768,陀螺仪,,,,,,,,0.1353,-0.1025,-0.2242
1568336512201590,加速度计,0.5734,8.1187,2.8210,,,,,,,
1568336522216955,加速度计,0.7889,7.4861,3.4572,,,,,,,
1568336525980809,陀螺仪,,,,,,,,-0.0310,-0.1252,-0.2153
1568336532232736,加速度计,0.3298,6.9815,7.8548,,,,,,,
1568336542249299,加速度计,0.2676,9.7887,5.6012,,,,,,,
1568336546014559,陀螺仪,,,,,,,,-0.0639,-0.0752,-0.1609
1568336552266695,加速度计,0.3053,6.8271,5.9556,,,,,,,
1568336562284924,加速度计,0.8601,7.8739,6.2638,,,,,,,
1568336572303986,加速度计,-0.3232,6.7726,8.8172,,,,,,,
1568336566051643,陀螺仪,,,,,,,,-0.1322,-0.0549,-0.1036
1568336582323882,加速度计,-0.1616,8.1002,9.8090,,,,,,,
1568336592344247,加速度计,-0.3771,6.3105,11.6161,,,,,,,
1568336586091747,陀螺仪,,,,,,,,-0.1149,-0.0442,-0.0780
1568336602365028,加速度计,0.5082,6.2321,9.2817,,,,,,,
1568336612386226,加速度计,-0.2867,5.5958,7.0707,,,,,,,
1568336606133622,陀螺仪,,,,,,,,0.0076,-0.0298,-0.0711
1568336622407840,加速度计,0.3196,6.7630,8.4551,,,,,,,
1568336638745756,GPS,,,,31.9431,118.7849,3.4900,81.3000,,,
1568336626183465,陀螺仪,,,,,,,,0.0547,-0.0434,-0.0863
1568336632436799,加速度计,0.4447,4.6142,6.6762,,,,,,,
1568336642458674,加速度计,-0.0383,6.5350,1.7035,,,,,,,
1568336646225132,陀螺仪,,,,,,,,0.0742,-0.0509,-0.1225
1568336652477424,加速度计,-0.7129,5.4797,3.1915,,,,,,,
1568336662496174,加速度计,-0.2933,6.5984,7.1766,,,,,,,
1568336666262632,陀螺仪,,,,,,,,0.0097,-0.0997,-0.1225
1568336672514924,加速度计,0.3196,6.7534,11.6077,,,,,,,
1568336682533674,加速度计,1.1450,10.6315,8.5335,,,,,,,
1568336686300132,陀螺仪,,,,,,,,0.0660,-0.1011,-0.1826
1568336692552424,加速度计,-1.2246,8.7742,8.1361,,,,,,,
1568336702571174,加速度计,0.4166,5.9556,9.4158,,,,,,,
1568336706337632,陀螺仪,,,,,,,,0.0326,-0.1425,-0.1912
1568336712589924,加速度计,0.7823,5.5905,6.4207,,,,,,,
1568336722626174,加速度计,0.5088,5.8855,3.3447,,,,,,,
1568336732631538,加速度计,0.7949,5.3259,4.2928,,,,,,,
1568336726382528,陀螺仪,,,,,,,,0.0639,-0.1222,-0.2220
1568336742624768,加速度计,0.7991,6.7032,5.2619,,,,,,,
1568336746370236,陀螺仪,,,,,,,,0.0296,-0.1176,-0.1931
1568336752619559,加速度计,0.0245,7.8961,3.3525,,,,,,,
1568336762617111,加速度计,0.5183,8.7742,8.1139,,,,,,,
1568336766367840,陀螺仪,,,,,,,,-0.0401,-0.1072,-0.1328
1568336772617945,加速度计,0.1269,8.2289,13.1220,,,,,,,
1568336782622840,加速度计,1.0385,8.4743,10.4465,,,,,,,
1568336792632268,加速度计,-1.2115,7.0144,5.3385,,,,,,,
1568336786381070,陀螺仪,,,,,,,,0.0854,-0.0525,-0.0871
1568336802646278,加速度计,-0.5255,6.1178,2.8305,,,,,,,
1568336806412528,陀螺仪,,,,,,,,0.0775,-0.0457,-0.0099
1568336812664872,加速度计,0.9116,6.9468,-0.3537,,,,,,,
1568336822687684,加速度计,0.5896,6.9079,4.3838,,,,,,,
1568336832714663,加速度计,0.1472,6.1758,12.3242,,,,,,,
1568336826461278,陀螺仪,,,,,,,,-0.0760,-0.0405,-0.0015
1568336842745080,加速度计,-0.0150,8.3869,10.9140,,,,,,,
1568336852778465,加速度计,-0.4268,8.3504,4.0941,,,,,,,
1568336846524299,陀螺仪,,,,,,,,0.0847,0.0417,0.0338
1568336862814038,加速度计,-0.8080,7.5519,0.1053,,,,,,,
1568336866596382,陀螺仪,,,,,,,,-0.0293,0.0173,0.0525
1568336872850965,加速度计,-0.3849,6.0926,4.6166,,,,,,,
1568336882888778,加速度计,0.8547,6.5188,11.2324,,,,,,,
1568336886672007,陀螺仪,,,,,,,,-0.1067,0.0055,0.0463
1568336892926695,加速度计,-0.3567,7.7931,13.3004,,,,,,,
1568336902948934,加速度计,-0.8541,7.5513,9.7348,,,,,,,
1568336912967840,加速度计,-0.1191,5.2457,5.1044,,,,,,,
1568336906715549,陀螺仪,,,,,,,,0.0309,0.0277,0.0240
1568336922986590,加速度计,0.3723,4.9087,3.7248,,,,,,,
1568336926753049,陀螺仪,,,,,,,,0.0040,-0.0182,-0.0525
1568336933005340,加速度计,-1.2629,6.0310,2.2266,,,,,,,
1568336943024090,加速度计,-0.4010,6.7109,6.2315,,,,,,,
1568336946790549,陀螺仪,,,,,,,,-0.0983,-0.0784,-0.0676
1568336953042840,加速度计,1.0511,7.8745,11.6388,,,,,,,
1568336963061590,加速度计,1.1582,8.0002,12.9413,,,,,,,
1568336966834038,陀螺仪,,,,,,,,-0.0154,-0.0759,-0.1538
1568336973090965,加速度计,-0.0138,9.0225,6.4506,,,,,,,
1568336983101643,加速度计,0.5285,6.0005,7.4400,,,,,,,
1568336993105757,加速度计,1.0517,5.8592,11.8992,,,,,,,
1568336986855288,陀螺仪,,,,,,,,-0.0708,-0.1269,-0.1792
1568337003110653,加速度计,-0.0096,6.6343,11.9842,,,,,,,
1568337006866330,陀螺仪,,,,,,,,0.0904,-0.0987,-0.2016
1568337013117111,加速度计,0.8027,7.0042,6.0490,,,,,,,
1568337023125601,加速度计,1.1390,6.6403,4.2964,,,,,,,
1568337026884872,陀螺仪,,,,,,,,0.1132,-0.1140,-0.2055
1568337033136174,加速度计,0.8206,7.0563,4.1294,,,,,,,
1568337043149195,加速度计,0.6081,8.3456,6.3937,,,,,,,
1568337046912788,陀螺仪,,,,,,,,0.0473,-0.1015,-0.1915
1568337053164715,加速度计,0.4483,9.7636,6.0513,,,,,,,
1568337063182736,加速度计,0.9966,7.2748,7.7812,,,,,,,
1568337066950705,陀螺仪,,,,,,,,0.0172,-0.0626,-0.1663
1568337073203257,加速度计,0.4220,6.9695,2.7545,,,,,,,
1568337083226278,加速度计,0.2370,3.9804,0.3579,,,,,,,
1568337086998309,陀螺仪,,,,,,,,-0.0820,-0.0663,-0.1312
1568337093251434,加速度计,-0.1736,4.3155,6.5302,,,,,,,
1568337103278309,加速度计,1.0558,5.6204,16.8683,,,,,,,
1568337113306486,加速度计,0.5968,10.1963,9.1830,,,,,,,
1568337107052997,陀螺仪,,,,,,,,0.0278,-0.0405,-0.1089
1568337123335549,加速度计,-0.1041,9.3625,4.4586,,,,,,,
1568337133365080,加速度计,0.0611,5.5384,3.9738,,,,,,,
1568337127111434,陀螺仪,,,,,,,,0.0893,-0.0281,-0.1318
1568337143394663,加速度计,0.0108,4.5292,5.1086,,,,,,,
1568337153419872,加速度计,-0.6117,7.8524,1.4814,,,,,,,
1568337147166851,陀螺仪,,,,,,,,0.0289,-0.0477,-0.1445
1568337163439351,加速度计,-0.2131,7.6028,4.9590,,,,,,,
1568337167205809,陀螺仪,,,,,,,,-0.0791,-0.0847,-0.1521
1568337173458101,加速度计,0.6937,7.1060,9.9569,,,,,,,
1568337183476851,加速度计,0.3861,7.2137,19.6127,,,,,,,
1568337193495601,加速度计,0.3549,7.8248,15.6617,,,,,,,
1568337187243309,陀螺仪,,,,,,,,0.0368,-0.0916,-0.1835
1568337203514351,加速度计,-0.5770,7.3933,2.4493,,,,,,,
1568337213533101,加速度计,0.4711,4.7896,3.6206,,,,,,,
1568337207280809,陀螺仪,,,,,,,,0.2308,-0.0654,-0.2056
1568337223557736,加速度计,-0.1736,7.3113,4.8417,,,,,,,
1568337227319820,陀螺仪,,,,,,,,0.1445,-0.0939,-0.1899
1568337233571486,加速度计,-1.0971,8.2217,11.2671,,,,,,,
1568337243585236,加速度计,0.2280,10.5016,5.5653,,,,,,,
1568337247347320,陀螺仪,,,,,,,,0.1742,-0.0818,-0.1735
1568337253598986,加速度计,0.3250,8.2265,5.4935,,,,,,,
1568337263613153,加速度计,-0.5950,6.8600,0.8051,,,,,,,
1568337273627736,加速度计,0.7260,8.3809,-1.7208,,,,,,,
1568337267375965,陀螺仪,,,,,,,,0.0860,-0.0543,-0.1233
1568337283643153,加速度计,-0.0353,6.2399,6.8791,,,,,,,
1568337287407424,陀螺仪,,,,,,,,-0.1851,-0.0766,-0.0706
1568337293659403,加速度计,0.0742,5.6557,13.4464,,,,,,,
1568337303676486,加速度计,0.7129,6.7810,10.5159,,,,,,,
1568337313694403,加速度计,0.2125,8.6389,3.2262,,,,,,,
1568337307442215,陀螺仪,,,,,,,,-0.0089,0.0116,-0.0425
1568337323713153,加速度计,-0.4854,5.1577,3.9325,,,,,,,
1568337327480340,陀螺仪,,,,,,,,-0.0905,-0.0111,-0.0613
1568337333732736,加速度计,-0.0174,5.1122,8.7376,,,,,,,
1568337343753153,加速度计,-0.4585,6.9498,11.5837,,,,,,,
1568337347521799,陀螺仪,,,,,,,,-0.0265,-0.0447,-0.1041
1568337353774403,加速度计,0.3053,5.4181,11.3587,,,,,,,
1568337363796486,加速度计,0.5596,6.1669,6.0041,,,,,,,
1568337367566226,陀螺仪,,,,,,,,0.1433,-0.0553,-0.1923
1568337373818986,加速度计,-0.9433,5.8945,2.8228,,,,,,,
1568337383841903,加速度计,-0.1969,8.5018,-0.8847,,,,,,,
1568337387612007,陀螺仪,,,,,,,,-0.0024,-0.1021,-0.1891
1568337393864820,加速度计,0.6686,6.3422,6.3464,,,,,,,
1568337403887736,加速度计,1.2408,6.5847,8.5311,,,,,,,
1568337413910653,加速度计,0.8906,5.3893,10.5722,,,,,,,
1568337407657840,陀螺仪,,,,,,,,-0.0967,-0.1312,-0.2410
1568337423929820,加速度计,0.8715,5.6216,8.2355,,,,,,,
1568337433948570,加速度计,0.8823,6.7451,5.7078,,,,,,,
1568337427696278,陀螺仪,,,,,,,,0.0103,-0.1205,-0.2967
1568337443967320,加速度计,0.4818,4.6346,10.9876,,,,,,,
1568337447733778,陀螺仪,,,,,,,,0.0727,-0.1196,-0.2987
1568337453986070,加速度计,0.6303,11.6209,9.6217,,,,,,,
1568337464004820,加速度计,-0.9529,9.3404,9.9252,,,,,,,
1568337467786590,陀螺仪,,,,,,,,0.0393,-0.1374,-0.2767
1568337474047320,加速度计,0.6626,10.7919,1.1378,,,,,,,
1568337484043153,加速度计,0.7087,4.2419,3.3908,,,,,,,
1568337487790288,陀螺仪,,,,,,,,-0.0863,-0.1308,-0.2892
1568337494039820,加速度计,1.4682,7.7369,3.6613,,,,,,,
1568337504038153,加速度计,-1.3222,5.8221,11.0325,,,,,,,
1568337507788934,陀螺仪,,,,,,,,-0.0888,-0.1210,-0.2610
1568337514038986,加速度计,1.1606,9.7007,5.7658,,,,,,,
1568337524042736,加速度计,-0.5303,7.0922,5.9526,,,,,,,
1568337534066695,加速度计,0.4752,6.0436,5.2038,,,,,,,
1568337527812893,陀螺仪,,,,,,,,-0.1265,-0.1146,-0.2373
1568337544098570,加速度计,0.5148,5.9358,7.3538,,,,,,,
1568337554132111,加速度计,-0.6428,5.9047,8.0631,,,,,,,
1568337547877893,陀螺仪,,,,,,,,-0.1309,-0.1149,-0.2294
1568337564166486,加速度计,-0.4567,6.3273,6.5936,,,,,,,
1568337567946799,陀螺仪,,,,,,,,-0.0692,-0.0968,-0.2216
1568337574201070,加速度计,0.4705,7.2496,5.4253,,,,,,,
1568337584229820,加速度计,-0.3304,6.6068,3.8954,,,,,,,
1568337594250653,加速度计,-0.2520,5.1948,9.5193,,,,,,,
1568337587998361,陀螺仪,,,,,,,,-0.1210,-0.1245,-0.2128
1568337604269403,加速度计,0.3220,7.7375,9.6002,,,,,,,
1568337608035861,陀螺仪,,,,,,,,-0.0298,-0.1189,-0.2031
1568337614288153,加速度计,0.8284,6.4685,10.4226,,,,,,,
1568337624307945,加速度计,0.7099,8.6957,5.9394,,,,,,,
1568337640253204,GPS,,,,31.9431,118.7850,3.3700,85.6000,,,
1568337628076122,陀螺仪,,,,,,,,-0.0064,-0.1256,-0.2149
1568337634327840,加速度计,0.2436,6.3159,6.9671,,,,,,,
1568337644342007,加速度计,1.3617,5.5336,7.9924,,,,,,,
1568337654356174,加速度计,0.1191,6.6798,3.8253,,,,,,,
1568337648104455,陀螺仪,,,,,,,,-0.0302,-0.1091,-0.2261
1568337664370601,加速度计,-0.5393,4.7303,7.5340,,,,,,,
1568337668133622,陀螺仪,,,,,,,,-0.0431,-0.1133,-0.2559
1568337674385445,加速度计,0.5303,4.9949,11.9147,,,,,,,
1568337684400965,加速度计,-1.0864,8.1068,10.4812,,,,,,,
1568337694417320,加速度计,-0.5908,7.4071,11.6993,,,,,,,
1568337688165288,陀螺仪,,,,,,,,0.0955,-0.1242,-0.2684
1568337704434507,加速度计,-0.1957,7.8434,6.5116,,,,,,,
1568337714452528,加速度计,-1.1522,7.3981,0.6446,,,,,,,
1568337708200288,陀螺仪,,,,,,,,0.2108,-0.1237,-0.2916
1568337724471382,加速度计,-0.6171,8.7777,0.1676,,,,,,,
1568337734491070,加速度计,-0.7655,8.1738,5.0398,,,,,,,
1568337728238622,陀螺仪,,,,,,,,-0.0056,-0.1820,-0.2442
1568337744511590,加速度计,0.6758,7.0838,7.7967,,,,,,,
1568337748280080,陀螺仪,,,,,,,,-0.0695,-0.1372,-0.2164
1568337754532684,加速度计,0.1305,8.6981,3.8349,,,,,,,
1568337764554195,加速度计,0.6399,5.0727,7.9212,,,,,,,
1568337768323413,陀螺仪,,,,,,,,-0.0581,-0.1100,-0.1925
1568337774576122,加速度计,0.2191,6.4075,6.3608,,,,,,,
1568337784603934,加速度计,-0.5387,7.0803,4.2647,,,,,,,
1568337794628101,加速度计,0.6782,6.6439,5.6108,,,,,,,
1568337788375809,陀螺仪,,,,,,,,-0.0835,-0.1229,-0.1599
1568337804646851,加速度计,0.2394,5.7078,7.9434,,,,,,,
1568337814665601,加速度计,1.3922,6.4087,10.2723,,,,,,,
1568337808413309,陀螺仪,,,,,,,,-0.0838,-0.1252,-0.1928
1568337824684351,加速度计,-0.1634,6.1968,11.1917,,,,,,,
1568337834703101,加速度计,-0.7566,7.4927,8.5575,,,,,,,
1568337828450809,陀螺仪,,,,,,,,0.0486,-0.1437,-0.2963
1568337844721851,加速度计,-0.8015,5.5264,7.7967,,,,,,,
1568337848488309,陀螺仪,,,,,,,,0.0988,-0.2461,-0.3661
1568337854740601,加速度计,-1.6322,6.0944,2.6833,,,,,,,
1568337864759351,加速度计,0.5567,5.2176,8.4258,,,,,,,
1568337868525809,陀螺仪,,,,,,,,0.0513,-0.3485,-0.4574
1568337874778101,加速度计,0.3130,6.7708,8.2432,,,,,,,
1568337884796851,加速度计,1.9004,7.2856,7.0413,,,,,,,
1568337888563309,陀螺仪,,,,,,,,0.0461,-0.3778,-0.5530
1568337894815601,加速度计,0.2999,6.8600,7.6489,,,,,,,
1568337904834351,加速度计,1.7933,8.1942,8.9944,,,,,,,
1568337914853101,加速度计,0.9685,8.5395,8.2971,,,,,,,
1568337908600809,陀螺仪,,,,,,,,0.0437,-0.3678,-0.5392
1568337924871851,加速度计,2.0662,8.5383,8.3121,,,,,,,
1568337934890601,加速度计,-0.0389,6.6661,7.7387,,,,,,,
1568337928638309,陀螺仪,,,,,,,,0.0257,-0.3499,-0.5060
1568337944909351,加速度计,1.3707,5.7311,5.4259,,,,,,,
1568337954928101,加速度计,-0.9056,8.5910,-1.4946,,,,,,,
1568337948675809,陀螺仪,,,,,,,,0.0722,-0.3204,-0.4507
1568337964946851,加速度计,0.3873,8.6473,5.7347,,,,,,,
1568337968713309,陀螺仪,,,,,,,,-0.1186,-0.3575,-0.3650
1568337974965601,加速度计,-0.4872,8.6544,13.0167,,,,,,,
1568337984984351,加速度计,-0.6536,7.4573,11.0002,,,,,,,
1568337988750809,陀螺仪,,,,,,,,-0.0029,-0.2770,-0.3178
1568337995003101,加速度计,0.3992,7.7051,5.1409,,,,,,,
1568338005021851,加速度计,-1.9064,5.1613,3.5877,,,,,,,
1568338015040601,加速度计,-0.8278,4.8040,5.1817,,,,,,,
1568338008788309,陀螺仪,,,,,,,,-0.0390,-0.3012,-0.2276
1568338025061851,加速度计,-0.0251,6.2375,6.4614,,,,,,,
1568338035089872,加速度计,0.3334,5.9999,6.6200,,,,,,,
1568338028839820,陀螺仪,,,,,,,,-0.0325,-0.2573,-0.1573
1568338045090913,加速度计,-0.6351,5.9496,9.1034,,,,,,,
1568338048842215,陀螺仪,,,,,,,,0.0348,-0.2242,-0.1358
1568338055092372,加速度计,-1.6167,7.0276,6.1567,,,,,,,
1568338065100132,加速度计,0.5070,7.3945,8.3887,,,,,,,
1568338068862268,陀螺仪,,,,,,,,0.0530,-0.2313,-0.0613
1568338075114090,加速度计,-0.2005,5.3552,9.9593,,,,,,,
1568338085129715,加速度计,-0.5854,7.3891,7.1162,,,,,,,
1568338088894768,陀螺仪,,,,,,,,0.1084,-0.2008,-0.0437
1568338095147007,加速度计,-1.0888,6.8558,8.5443,,,,,,,
1568338105165965,加速度计,-0.6404,7.7057,6.4416,,,,,,,
1568338108933934,陀螺仪,,,,,,,,0.0895,-0.1832,0.0477
1568338115186590,加速度计,-0.0485,6.3644,9.4804,,,,,,,
1568338125208726,加速度计,0.7847,7.0539,7.0545,,,,,,,
1568338128979143,陀螺仪,,,,,,,,0.0691,-0.1446,0.0658
1568338135232111,加速度计,-1.5646,4.6705,7.9404,,,,,,,
1568338145256590,加速度计,-0.4274,7.4645,2.8904,,,,,,,
1568338149028726,陀螺仪,,,,,,,,0.0647,-0.1238,0.1117
1568338155281903,加速度计,-1.2270,4.2737,4.7393,,,,,,,
1568338165307893,加速度计,-0.2801,7.9499,6.2764,,,,,,,
1568338169080913,陀螺仪,,,,,,,,-0.0168,-0.1039,0.1177
1568338175334143,加速度计,-2.6725,7.1790,7.1958,,,,,,,
1568338185360080,加速度计,-0.6404,8.0840,5.7718,,,,,,,
1568338189130705,陀螺仪,,,,,,,,-0.0402,-0.1121,0.1597
1568338195382997,加速度计,-2.2152,9.4631,4.2850,,,,,,,
1568338205401747,加速度计,-0.2556,5.6713,11.3563,,,,,,,
1568338209168205,陀螺仪,,,,,,,,-0.0882,-0.1225,0.1742
1568338215420497,加速度计,0.7757,8.8262,10.1400,,,,,,,
1568338225439247,加速度计,-1.5652,6.7534,5.6976,,,,,,,
1568338229205705,陀螺仪,,,,,,,,0.0144,-0.0670,0.1509
1568338235457997,加速度计,1.1797,6.9707,2.6647,,,,,,,
1568338245476747,加速度计,0.3627,5.2295,4.9907,,,,,,,
1568338249243205,陀螺仪,,,,,,,,-0.0752,-0.0995,0.1643
1568338255495497,加速度计,-0.4190,6.6014,8.1223,,,,,,,
1568338265514247,加速度计,0.5800,8.5252,7.9793,,,,,,,
1568338269281747,陀螺仪,,,,,,,,-0.0429,-0.0586,0.1529
1568338275534559,加速度计,0.6273,7.6716,10.3693,,,,,,,
1568338285555653,加速度计,-0.1065,5.9310,12.5324,,,,,,,
1568338295567736,加速度计,0.6375,7.4328,12.0488,,,,,,,
1568338289316278,陀螺仪,,,,,,,,0.0377,-0.0261,0.1443
1568338305580080,加速度计,0.1736,4.4454,6.1944,,,,,,,
1568338315592840,加速度计,-0.1030,6.7666,-0.2975,,,,,,,
1568338309341278,陀螺仪,,,,,,,,0.1664,0.0075,0.1798
1568338325606278,加速度计,0.5237,4.5867,6.8953,,,,,,,
1568338329368778,陀螺仪,,,,,,,,0.0346,0.0020,0.1750
1568338335620549,加速度计,0.2747,6.9234,8.6084,,,,,,,
1568338345635913,加速度计,-1.8525,8.8131,4.3904,,,,,,,
1568338349400445,陀螺仪,,,,,,,,0.0380,0.0345,0.1489
1568338355652528,加速度计,0.4926,7.1688,7.2802,,,,,,,
1568338365670393,加速度计,-0.4585,5.2062,7.0120,,,,,,,
1568338369437111,陀螺仪,,,,,,,,-0.0164,0.0317,0.1268
1568338375689507,加速度计,-0.4070,6.5278,7.3215,,,,,,,
1568338385709872,加速度计,0.1341,7.5675,7.2107,,,,,,,
1568338395731226,加速度计,0.3765,6.3536,7.7973,,,,,,,
1568338389478570,陀螺仪,,,,,,,,-0.0186,0.0264,0.1270
1568338405753413,加速度计,-0.9720,6.4931,7.8243,,,,,,,
1568338409523570,陀螺仪,,,,,,,,-0.0178,0.0366,0.0866
1568338415776434,加速度计,0.4932,7.7057,4.5855,,,,,,,
1568338425800028,加速度计,0.3190,7.7057,8.8651,,,,,,,
1568338435824038,加速度计,0.1167,6.4697,7.5878,,,,,,,
1568338429571070,陀螺仪,,,,,,,,0.0071,0.0559,0.0904
1568338445848205,加速度计,0.0922,6.5038,5.5827,,,,,,,
1568338455872111,加速度计,0.7841,6.9869,4.9608,,,,,,,
1568338449619195,陀螺仪,,,,,,,,0.0562,0.0736,0.0454
1568338465892736,加速度计,-0.2364,7.0084,9.2650,,,,,,,
1568338469659195,陀螺仪,,,,,,,,0.0571,0.0546,0.0546
1568338475911486,加速度计,0.2400,8.7933,11.3180,,,,,,,
1568338485930236,加速度计,1.5945,8.3785,21.9943,,,,,,,
1568338489696695,陀螺仪,,,,,,,,0.2238,0.0834,-0.0093
1568338495948986,加速度计,0.3813,11.9106,-0.2197,,,,,,,
1568338505967736,加速度计,-2.0213,6.5565,9.6708,,,,,,,
1568338509734195,陀螺仪,,,,,,,,0.3202,0.0913,-0.0099
1568338515986486,加速度计,2.0393,2.6228,-11.9632,,,,,,,
1568338526005757,加速度计,0.8296,3.1472,13.3327,,,,,,,
1568338536025653,加速度计,1.3455,12.7389,4.8776,,,,,,,
1568338529773570,陀螺仪,,,,,,,,-0.0125,0.0158,-0.0798
1568338546042736,加速度计,1.2396,8.5730,16.0914,,,,,,,
1568338549807736,陀螺仪,,,,,,,,0.1498,0.0631,-0.2214
1568338556059820,加速度计,0.4453,8.1810,7.3819,,,,,,,
1568338566076903,加速度计,-0.9218,7.0413,-1.1696,,,,,,,
1568338569841903,陀螺仪,,,,,,,,0.0932,-0.0017,-0.2609
1568338576093986,加速度计,0.1861,8.7334,0.1419,,,,,,,
1568338586111070,加速度计,-0.0102,4.4903,10.7685,,,,,,,
1568338596128413,加速度计,2.6282,4.7148,13.5302,,,,,,,
1568338589876278,陀螺仪,,,,,,,,-0.0654,-0.0077,-0.2519
1568338606146174,加速度计,1.2360,8.3204,7.6267,,,,,,,
1568338609912111,陀螺仪,,,,,,,,0.0664,-0.0238,-0.3967
1568338616164351,加速度计,0.3148,5.3313,5.8843,,,,,,,
1568338626188257,加速度计,-0.8170,4.6513,1.4521,,,,,,,
1568338640042110,GPS,,,,31.9431,118.7850,3.4100,95.7000,,,
1568338629960549,陀螺仪,,,,,,,,0.0288,-0.0403,-0.3533
1568338636213674,加速度计,1.2444,5.9209,7.0342,,,,,,,
1568338646232424,加速度计,0.8912,7.2658,10.4471,,,,,,,
1568338649998882,陀螺仪,,,,,,,,0.0043,-0.0531,-0.4209
1568338656251174,加速度计,1.3467,7.8751,9.7947,,,,,,,
1568338666269924,加速度计,-0.0239,5.7581,8.1439,,,,,,,
1568338670036382,陀螺仪,,,,,,,,0.0663,-0.0567,-0.4659
1568338676288674,加速度计,0.4764,6.2010,5.8849,,,,,,,
1568338686307424,加速度计,-0.5088,6.0166,6.8354,,,,,,,
1568338690073882,陀螺仪,,,,,,,,0.0947,-0.0539,-0.4349
1568338696326174,加速度计,1.3599,7.6195,6.1998,,,,,,,
1568338706344924,加速度计,0.2771,7.7141,9.1267,,,,,,,
1568338710111382,陀螺仪,,,,,,,,0.0953,-0.0503,-0.4578
1568338716363674,加速度计,0.9924,6.9091,11.9854,,,,,,,
1568338726382424,加速度计,-0.9858,7.7285,5.2056,,,,,,,
1568338730148882,陀螺仪,,,,,,,,0.1850,-0.0285,-0.4281
1568338736401174,加速度计,-0.0090,7.5286,1.2318,,,,,,,
1568338746419924,加速度计,1.0463,5.8251,2.6414,,,,,,,
1568338756438674,加速度计,-0.0748,7.8081,5.6437,,,,,,,
1568338750186382,陀螺仪,,,,,,,,0.0101,-0.0519,-0.3722
1568338766457424,加速度计,0.1586,11.8986,6.4655,,,,,,,
1568338770223882,陀螺仪,,,,,,,,-0.1325,-0.0113,-0.3826
1568338776476174,加速度计,1.5012,9.1901,12.0973,,,,,,,
1568338786499611,加速度计,1.1474,5.9292,15.7718,,,,,,,
1568338790259507,陀螺仪,,,,,,,,-0.0973,-0.0264,-0.4703
1568338796510861,加速度计,0.1927,1.8358,11.8519,,,,,,,
1568338806522372,加速度计,0.8236,3.3704,5.7736,,,,,,,
1568338810283049,陀螺仪,,,,,,,,0.1538,-0.0234,-0.5309
1568338816534559,加速度计,-1.9788,8.9124,-2.3619,,,,,,,
1568338826547580,加速度计,-1.9830,8.1211,3.6751,,,,,,,
1568338830309924,陀螺仪,,,,,,,,-0.0550,-0.0984,-0.4240
1568338836561695,加速度计,0.2514,7.7853,9.8474,,,,,,,
1568338846577059,加速度计,2.2685,6.9935,11.0014,,,,,,,
1568338850341590,陀螺仪,,,,,,,,-0.0158,-0.0836,-0.5466
1568338856593674,加速度计,1.5844,6.3728,7.0234,,,,,,,
1568338866611538,加速度计,-0.6464,5.0003,4.4891,,,,,,,
1568338876630653,加速度计,-1.1079,5.3181,4.1779,,,,,,,
1568338870378257,陀螺仪,,,,,,,,0.0077,-0.1044,-0.6314
1568338886651018,加速度计,0.9212,5.6419,7.9661,,,,,,,
1568338890419924,陀螺仪,,,,,,,,-0.0280,-0.1543,-0.6003
1568338896672632,加速度计,0.4992,7.1718,9.3631,,,,,,,
1568338906695236,加速度计,0.0533,5.1697,9.1381,,,,,,,
1568338910465757,陀螺仪,,,,,,,,0.0663,-0.1603,-0.6506
1568338916718674,加速度计,2.5007,7.1988,2.3960,,,,,,,
1568338926742684,加速度计,0.5435,5.2206,5.6892,,,,,,,
1568338936767111,加速度计,1.5951,7.1509,8.4779,,,,,,,
1568338930514090,陀螺仪,,,,,,,,-0.0226,-0.2061,-0.6920
1568338946791695,加速度计,-0.4082,7.3257,9.6959,,,,,,,
1568338950563049,陀螺仪,,,,,,,,0.0558,-0.2019,-0.7788
1568338956816018,加速度计,0.5201,7.9176,8.3444,,,,,,,
1568338966836799,加速度计,2.2613,6.6559,7.8117,,,,,,,
1568338970603257,陀螺仪,,,,,,,,0.0683,-0.2747,-0.8514
1568338976855549,加速度计,-0.3370,7.8021,7.2329,,,,,,,
1568338986874299,加速度计,0.2550,7.3203,7.4669,,,,,,,
1568338990640757,陀螺仪,,,,,,,,0.0610,-0.2917,-0.9077
1568338996893049,加速度计,0.1640,7.6794,6.5182,,,,,,,
1568339006911799,加速度计,2.0045,6.9599,8.1696,,,,,,,
1568339010678257,陀螺仪,,,,,,,,0.0238,-0.3394,-0.9277
1568339016930549,加速度计,0.1215,5.6767,9.6534,,,,,,,
1568339026951643,加速度计,0.6488,6.6098,5.5342,,,,,,,
1568339036974351,加速度计,-0.3561,7.3215,3.1244,,,,,,,
1568339030723882,陀螺仪,,,,,,,,0.1161,-0.3446,-0.9698
1568339046978778,加速度计,1.3354,8.0834,5.6192,,,,,,,
1568339056983882,加速度计,-0.7308,7.8679,13.1819,,,,,,,
1568339050733257,陀螺仪,,,,,,,,0.0210,-0.4119,-0.9830
1568339066990080,加速度计,0.6027,8.0738,6.9510,,,,,,,
1568339070747007,陀螺仪,,,,,,,,0.1128,-0.4025,-0.9962
1568339076998049,加速度计,-0.0449,8.5850,5.2056,,,,,,,
1568339087008101,加速度计,1.1768,5.3989,9.6738,,,,,,,
1568339090768882,陀螺仪,,,,,,,,0.0462,-0.4529,-0.9822
1568339097020497,加速度计,0.7278,6.9438,8.6365,,,,,,,
1568339107035393,加速度计,-0.3256,7.2185,8.1654,,,,,,,
1568339110800549,陀螺仪,,,,,,,,0.0747,-0.4435,-0.9851
1568339117052788,加速度计,0.7566,4.9997,7.5513,,,,,,,
1568339127072684,加速度计,0.1119,5.3223,7.1569,,,,,,,
1568339130842215,陀螺仪,,,,,,,,0.0944,-0.4649,-0.9582
1568339137095080,加速度计,-1.0008,6.4542,5.3696,,,,,,,
1568339147119715,加速度计,-0.5561,6.0567,8.5479,,,,,,,
1568339150892840,陀螺仪,,,,,,,,0.0786,-0.4939,-0.8989
1568339157146174,加速度计,-0.2753,7.0934,9.3529,,,,,,,
1568339167174038,加速度计,-0.0634,5.1541,9.3518,,,,,,,
1568339170949299,陀螺仪,,,,,,,,0.1611,-0.4767,-0.8686
1568339177202893,加速度计,-1.5814,7.4861,6.5553,,,,,,,
1568339187232320,加速度计,-1.4204,6.0980,7.7111,,,,,,,
1568339191008257,陀螺仪,,,,,,,,0.1511,-0.5163,-0.8032
1568339197261903,加速度计,-1.8759,6.6553,7.5525,,,,,,,
1568339207288101,加速度计,-0.7709,6.9899,8.5371,,,,,,,
1568339211056590,陀螺仪,,,,,,,,0.2111,-0.5129,-0.7404
1568339217308882,加速度计,-0.6512,6.5260,7.6944,,,,,,,
1568339227327632,加速度计,-0.9625,6.8576,6.6188,,,,,,,
1568339231094090,陀螺仪,,,,,,,,0.2477,-0.5180,-0.7008
1568339237346382,加速度计,-0.8936,8.5455,6.6499,,,,,,,
1568339247365132,加速度计,-1.9297,8.1666,9.7881,,,,,,,
1568339251131590,陀螺仪,,,,,,,,0.2365,-0.5160,-0.6224
1568339257383882,加速度计,-0.4148,8.3294,8.8939,,,,,,,
1568339267402632,加速度计,0.3065,8.5964,7.1904,,,,,,,
1568339277422424,加速度计,-0.4687,6.6146,10.8032,,,,,,,
1568339271169924,陀螺仪,,,,,,,,0.2119,-0.5133,-0.5711
1568339287441955,加速度计,-0.9146,7.5579,9.8450,,,,,,,
1568339291205132,陀螺仪,,,,,,,,0.3438,-0.4534,-0.5606
1568339297456955,加速度计,-1.3425,6.3339,5.4330,,,,,,,
1568339307471955,加速度计,-0.7733,7.1509,-0.2747,,,,,,,
1568339311235393,陀螺仪,,,,,,,,0.2519,-0.4971,-0.4589
1568339317487268,加速度计,-1.9381,5.5941,3.0915,,,,,,,
1568339327502997,加速度计,-0.1047,7.6872,8.7622,,,,,,,
1568339331267163,陀螺仪,,,,,,,,0.1743,-0.4611,-0.3826
1568339337519143,加速度计,0.2897,6.2076,14.2748,,,,,,,
1568339347535705,加速度计,-0.4453,7.1652,10.8397,,,,,,,
1568339351300861,陀螺仪,,,,,,,,0.3217,-0.4139,-0.4326
1568339357552997,加速度计,-2.3116,5.8425,3.7589,,,,,,,
1568339367571122,加速度计,-2.9796,8.2594,2.7090,,,,,,,
1568339371337736,陀螺仪,,,,,,,,0.1903,-0.5027,-0.3610
1568339377590080,加速度计,-0.3256,4.6831,12.1661,,,,,,,
1568339387609872,加速度计,0.9487,7.7201,10.5842,,,,,,,
1568339391377684,陀螺仪,,,,,,,,0.2393,-0.4550,-0.3851
1568339397630184,加速度计,-0.8152,6.2070,5.5174,,,,,,,
1568339407650913,加速度计,-0.1305,4.8680,3.9983,,,,,,,
1568339411419455,陀螺仪,,,,,,,,0.1854,-0.4722,-0.3919
1568339417672059,加速度计,-1.4916,4.6585,6.1208,,,,,,,
1568339427693622,加速度计,0.1574,5.8401,9.5451,,,,,,,
1568339431462632,陀螺仪,,,,,,,,0.2051,-0.4633,-0.3643
1568339437715288,加速度计,-0.6093,7.8536,9.2189,,,,,,,
1568339447736955,加速度计,-0.0269,7.4855,5.8760,,,,,,,
1568339451505965,陀螺仪,,,,,,,,0.2226,-0.4734,-0.4080
1568339457758622,加速度计,-2.0375,5.8676,6.0472,,,,,,,
1568339467780288,加速度计,-0.9661,6.2177,6.4859,,,,,,,
1568339471547736,陀螺仪,,,,,,,,0.1957,-0.5011,-0.3992
1568339477800080,加速度计,-0.3095,8.2193,7.1682,,,,,,,
1568339487818934,加速度计,-0.7482,7.0390,9.5439,,,,,,,
1568339497837684,加速度计,-1.2085,7.5962,9.5642,,,,,,,
1568339491585393,陀螺仪,,,,,,,,0.2067,-0.4975,-0.4455
1568339507856434,加速度计,0.2526,6.3991,8.3977,,,,,,,
1568339511622893,陀螺仪,,,,,,,,0.2602,-0.5245,-0.4485
1568339517875184,加速度计,-1.8537,8.2043,2.8635,,,,,,,
1568339527901747,加速度计,-0.9948,8.0637,5.8921,,,,,,,
1568339531669559,陀螺仪,,,,,,,,0.1690,-0.5482,-0.4072
1568339537918986,加速度计,0.3448,8.0044,12.4564,,,,,,,
1568339547915445,加速度计,1.0487,7.1048,4.2557,,,,,,,
1568339551687007,陀螺仪,,,,,,,,0.2043,-0.4883,-0.4171
1568339557941278,加速度计,-1.9136,8.6886,5.8556,,,,,,,
1568339567969924,加速度计,0.1993,6.5350,8.4683,,,,,,,
1568339577988674,加速度计,-1.5508,6.6283,7.6896,,,,,,,
1568339571736382,陀螺仪,,,,,,,,0.1304,-0.5089,-0.3979
1568339588007424,加速度计,-0.8260,7.9332,6.1483,,,,,,,
1568339591773882,陀螺仪,,,,,,,,0.1403,-0.5109,-0.3887
1568339598026174,加速度计,-0.0221,5.5947,8.1564,,,,,,,
1568339608044924,加速度计,-0.6985,5.9047,6.6439,,,,,,,
1568339611811799,陀螺仪,,,,,,,,0.1526,-0.5453,-0.4039
1568339618064299,加速度计,0.2203,8.3438,4.1665,,,,,,,
1568339635535599,GPS,,,,31.9431,118.7851,3.8700,111.8000,,,
1568339628086903,加速度计,0.8200,8.8340,5.6312,,,,,,,
1568339631849351,陀螺仪,,,,,,,,0.0851,-0.5401,-0.4459
1568339638101070,加速度计,1.3976,6.3788,11.7501,,,,,,,
1568339648115236,加速度计,-1.3719,8.7939,9.2153,,,,,,,
1568339651877736,陀螺仪,,,,,,,,0.1607,-0.4947,-0.4120
1568339658129507,加速度计,-0.0204,7.8733,5.7389,,,,,,,
1568339668144195,加速度计,-1.0247,4.4736,7.1712,,,,,,,
1568339671907476,陀螺仪,,,,,,,,0.1415,-0.5418,-0.3614
1568339678159403,加速度计,-0.8835,6.1848,7.0372,,,,,,,
1568339688175445,加速度计,-0.1670,6.9564,6.4643,,,,,,,
1568339691940184,陀螺仪,,,,,,,,0.1125,-0.5622,-0.3563
1568339698192320,加速度计,-0.1688,5.8694,7.3664,,,,,,,
1568339708210028,加速度计,-0.4256,4.7172,7.3915,,,,,,,
1568339711976226,陀螺仪,,,,,,,,0.1384,-0.5298,-0.3824
1568339718228570,加速度计,-1.0983,5.5132,8.4845,,,,,,,
1568339728247945,加速度计,-1.9231,7.4873,8.6125,,,,,,,
1568339732015601,陀螺仪,,,,,,,,0.1999,-0.5241,-0.2827
1568339738268153,加速度计,-0.5219,7.0246,11.8950,,,,,,,
1568339748289090,加速度计,0.5076,7.2951,9.0339,,,,,,,
1568339752057788,陀螺仪,,,,,,,,0.2708,-0.4840,-0.2326
1568339758310445,加速度计,-1.0630,7.0413,3.4506,,,,,,,
1568339768332215,加速度计,-0.7278,6.4434,2.8132,,,,,,,
1568339772101590,陀螺仪,,,,,,,,0.1959,-0.4911,-0.1900
1568339778354299,加速度计,0.2388,6.1333,8.0002,,,,,,,
1568339788376382,加速度计,-0.8781,8.0912,11.1169,,,,,,,
1568339792146226,陀螺仪,,,,,,,,0.2274,-0.4405,-0.1079
1568339798399403,加速度计,-0.8703,5.9334,11.6903,,,,,,,
1568339808431434,加速度计,-1.3976,9.4960,3.2567,,,,,,,
1568339812188830,陀螺仪,,,,,,,,0.2690,-0.3776,-0.0300
1568339818439872,加速度计,-0.3334,4.6914,5.2828,,,,,,,
1568339828448726,加速度计,-1.3880,9.4583,0.8332,,,,,,,
1568339832206903,陀螺仪,,,,,,,,0.1607,-0.3695,0.0104
1568339838458101,加速度计,-2.5780,7.8452,7.0647,,,,,,,
1568339848469143,加速度计,-0.8900,8.5138,6.9372,,,,,,,
1568339852245340,陀螺仪,,,,,,,,0.0519,-0.3707,0.0995
1568339858500861,加速度计,-0.1377,4.7303,14.3784,,,,,,,
1568339868536226,加速度计,-1.0056,6.5446,9.7444,,,,,,,
1568339872303465,陀螺仪,,,,,,,,0.2157,-0.2618,0.1068
1568339878555757,加速度计,-2.5031,6.2171,3.1047,,,,,,,
1568339888574507,加速度计,0.0886,8.1804,-0.4220,,,,,,,
1568339892340965,陀螺仪,,,,,,,,0.0625,-0.3265,0.1402
1568339898593257,加速度计,1.0457,6.4428,9.0345,,,,,,,
1568339908612007,加速度计,0.0156,5.6066,11.7950,,,,,,,
1568339912378465,陀螺仪,,,,,,,,0.1662,-0.2330,0.1071
1568339918630757,加速度计,-0.1999,7.3119,7.9206,,,,,,,
1568339928649507,加速度计,-0.6847,9.6774,-0.9409,,,,,,,
1568339932415965,陀螺仪,,,,,,,,0.0947,-0.2439,0.1868
1568339938668257,加速度计,0.8446,5.4588,5.7952,,,,,,,
1568339948687007,加速度计,1.2486,7.4011,10.8523,,,,,,,
1568339952453465,陀螺仪,,,,,,,,0.1156,-0.2368,0.0674
1568339958705757,加速度计,0.6746,9.7091,8.2780,,,,,,,
1568339968724507,加速度计,-0.4549,5.9065,7.0030,,,,,,,
1568339972490965,陀螺仪,,,,,,,,0.1043,-0.2080,0.0117
1568339978743257,加速度计,-0.9798,4.1605,4.2198,,,,,,,
1568339988762007,加速度计,-1.2887,6.2566,3.9995,,,,,,,
1568339998780757,加速度计,-0.3089,7.0515,9.3631,,,,,,,
1568339992528465,陀螺仪,,,,,,,,0.0667,-0.2088,0.0727
1568340008799507,加速度计,-0.2454,8.5527,10.4459,,,,,,,
1568340012565965,陀螺仪,,,,,,,,0.1017,-0.2048,0.0579
1568340018818257,加速度计,0.0455,6.0645,7.9422,,,,,,,
1568340028837007,加速度计,0.3998,7.2868,2.7467,,,,,,,
1568340032603465,陀螺仪,,,,,,,,0.0932,-0.2069,-0.0052
1568340038855757,加速度计,-0.9266,7.5022,7.3532,,,,,,,
1568340048875288,加速度计,-1.2163,7.5393,9.8881,,,,,,,
1568340052645549,陀螺仪,,,,,,,,0.0879,-0.2313,-0.0013
1568340058897476,加速度计,-0.3561,8.0756,6.8564,,,,,,,
1568340068913309,加速度计,0.0557,7.1383,6.7169,,,,,,,
1568340072677215,陀螺仪,,,,,,,,0.0812,-0.2081,-0.0362
1568340078929143,加速度计,-0.8074,6.3375,4.8518,,,,,,,
1568340088944976,加速度计,-1.1378,8.6748,0.6530,,,,,,,
1568340092708986,陀螺仪,,,,,,,,-0.0075,-0.2212,-0.0021
1568340098960965,加速度计,-0.1460,9.7815,6.1824,,,,,,,
1568340108977372,加速度计,-0.2616,5.7940,17.2562,,,,,,,
1568340118994195,加速度计,-1.0145,6.3776,12.1536,,,,,,,
1568340112742111,陀螺仪,,,,,,,,0.0204,-0.1915,-0.0035
1568340129011434,加速度计,-0.5171,8.8753,-0.3879,,,,,,,
1568340139029090,加速度计,-0.0162,6.1304,-0.2999,,,,,,,
1568340132776903,陀螺仪,,,,,,,,0.0718,-0.1674,0.0124
1568340149047163,加速度计,-0.9391,5.1984,6.5882,,,,,,,
1568340152813361,陀螺仪,,,,,,,,-0.0278,-0.1929,-0.0144
1568340159065653,加速度计,-1.7023,7.1712,10.8900,,,,,,,
1568340169084559,加速度计,-0.5788,8.5677,7.1305,,,,,,,
1568340172851486,陀螺仪,,,,,,,,0.0499,-0.1871,0.0017
1568340179103882,加速度计,-0.3789,7.9092,7.7847,,,,,,,
1568340189123622,加速度计,0.0257,7.6549,5.5791,,,,,,,
1568340192891278,陀螺仪,,,,,,,,0.0324,-0.1489,0.0127
1568340199143778,加速度计,-0.8434,6.6780,3.3525,,,,,,,
1568340209164351,加速度计,-0.8092,6.6930,7.0132,,,,,,,
1568340212932736,陀螺仪,,,,,,,,-0.0308,-0.1639,0.0312
1568340219185340,加速度计,-0.9942,5.8562,10.3100,,,,,,,
1568340229206590,加速度计,-2.3331,6.5158,5.2433,,,,,,,
1568340232975236,陀螺仪,,,,,,,,0.0799,-0.1413,0.0410
1568340239227840,加速度计,-0.3250,8.7514,0.1030,,,,,,,
1568340249249090,加速度计,0.3783,7.9912,0.8894,,,,,,,
1568340253017736,陀螺仪,,,,,,,,-0.1149,-0.1876,-0.0096
1568340259270340,加速度计,-0.8823,5.0727,3.6853,,,,,,,
1568340269291434,加速度计,-0.9858,6.5074,4.1084,,,,,,,
1568340273059195,陀螺仪,,,,,,,,-0.1866,-0.2286,-0.0583
1568340279311486,加速度计,-0.6410,6.0100,10.4914,,,,,,,
1568340289330236,加速度计,-0.7661,6.2878,10.9792,,,,,,,
1568340293096799,陀螺仪,,,,,,,,-0.0650,-0.2482,-0.1298
1568340299349143,加速度计,0.4908,9.4739,8.6784,,,,,,,
1568340309368778,加速度计,0.0497,8.0140,9.9928,,,,,,,
1568340319386278,加速度计,-0.2777,5.4097,9.1464,,,,,,,
1568340313134143,陀螺仪,,,,,,,,-0.0506,-0.3197,-0.2776
1568340329403778,加速度计,-0.7530,7.6028,3.9486,,,,,,,
1568340339421278,加速度计,0.3783,7.2257,-2.5385,,,,,,,
1568340333169143,陀螺仪,,,,,,,,0.0206,-0.3610,-0.3410
1568340349438778,加速度计,0.3047,5.6174,-0.5525,,,,,,,
1568340353204143,陀螺仪,,,,,,,,-0.2617,-0.4653,-0.3511
1568340359456278,加速度计,1.3886,5.4797,18.6550,,,,,,,
1568340369473778,加速度计,-0.7153,7.1335,26.5188,,,,,,,
1568340379491278,加速度计,-0.4495,10.0030,6.6397,,,,,,,
1568340373239143,陀螺仪,,,,,,,,0.1048,-0.3510,-0.4156
1568340389508986,加速度计,1.7358,8.0343,-5.8664,,,,,,,
1568340399527111,加速度计,-2.7665,3.7338,3.7469,,,,,,,
1568340393274872,陀螺仪,,,,,,,,-0.0285,-0.4344,-0.3414
1568340409545653,加速度计,-1.4856,5.3127,18.2289,,,,,,,
1568340413312268,陀螺仪,,,,,,,,0.0811,-0.3505,-0.1463
1568340419564611,加速度计,3.3148,11.8220,8.9807,,,,,,,
1568340429583986,加速度计,1.7370,8.0667,1.5598,,,,,,,
1568340448099453,GPS,,,,31.9431,118.7851,3.8700,111.8000,,,
1568340439603570,加速度计,-1.1438,2.4020,7.2856,,,,,,,
1568340433351174,陀螺仪,,,,,,,,-0.0112,-0.2827,-0.1519
1568340449623153,加速度计,-1.9345,5.0147,3.5805,,,,,,,
1568340453390340,陀螺仪,,,,,,,,0.0433,-0.1872,0.0410
1568340459642736,加速度计,-0.6626,9.9144,5.7048,,,,,,,
1568340469662320,加速度计,0.1371,9.2021,8.3426,,,,,,,
1568340473429507,陀螺仪,,,,,,,,-0.0893,-0.1683,0.1607
1568340479681903,加速度计,0.4130,4.5574,10.3232,,,,,,,
1568340489701486,加速度计,-0.6973,6.2740,6.4350,,,,,,,
1568340499721070,加速度计,-1.3970,8.0888,2.3709,,,,,,,
1568340493468674,陀螺仪,,,,,,,,0.0154,-0.0750,0.1405
1568340509740653,加速度计,-1.3378,5.6844,6.1232,,,,,,,
1568340519760236,加速度计,-0.8182,6.0412,6.9570,,,,,,,
1568340513507840,陀螺仪,,,,,,,,-0.0696,-0.0976,0.2033
1568340529779820,加速度计,-0.4345,6.6738,7.9374,,,,,,,
1568340539799403,加速度计,-0.3316,6.8342,9.9150,,,,,,,
1568340533547007,陀螺仪,,,,,,,,-0.0397,-0.1055,0.1663
1568340549820861,加速度计,-0.3041,6.3973,8.3612,,,,,,,
1568340553598413,陀螺仪,,,,,,,,0.0711,-0.1264,0.0644
1568340559848986,加速度计,-0.5698,4.5987,8.7807,,,,,,,
1568340569854143,加速度计,-0.6704,6.2531,5.7868,,,,,,,
1568340573609143,陀螺仪,,,,,,,,0.1855,-0.1629,0.0161
1568340579859872,加速度计,0.2418,8.3121,3.3208,,,,,,,
1568340589866590,加速度计,0.3915,8.8334,4.8273,,,,,,,
1568340593623622,陀螺仪,,,,,,,,0.1093,-0.2056,-0.0513
1568340599874715,加速度计,-0.4094,8.6999,6.7738,,,,,,,
1568340609884663,加速度计,0.4405,8.3558,6.5362,,,,,,,
1568340613644872,陀螺仪,,,,,,,,0.0756,-0.2180,-0.1186
1568340619896382,加速度计,1.4114,8.4515,4.8566,,,,,,,
1568340636587474,GPS,,,,31.9430,118.7851,3.5600,126.0000,,,
1568340629917215,加速度计,1.3330,5.4097,7.5950,,,,,,,
1568340639950028,加速度计,1.3186,4.0546,10.6255,,,,,,,
1568340633695861,陀螺仪,,,,,,,,0.0242,-0.2573,-0.2035
1568340649983882,加速度计,2.2009,7.2568,8.3175,,,,,,,
1568340660017945,加速度计,1.4796,10.2490,4.1480,,,,,,,
1568340653763778,陀螺仪,,,,,,,,0.1788,-0.2511,-0.2852
1568340670048049,加速度计,1.0732,10.4854,1.8687,,,,,,,
1568340680067111,加速度计,0.5112,7.6728,7.7728,,,,,,,
1568340673814820,陀螺仪,,,,,,,,0.0149,-0.2895,-0.3396
1568340690085861,加速度计,0.5124,6.0196,11.5011,,,,,,,
1568340693852320,陀螺仪,,,,,,,,0.0438,-0.2666,-0.3491
1568340700104611,加速度计,1.5359,7.7602,7.5375,,,,,,,
1568340710123361,加速度计,1.1720,9.3817,1.5772,,,,,,,
1568340720142111,加速度计,0.3154,7.9607,4.6645,,,,,,,
1568340713889820,陀螺仪,,,,,,,,-0.0129,-0.2959,-0.3742
1568340730160861,加速度计,-0.0658,6.7080,11.6628,,,,,,,
1568340740179611,加速度计,1.9525,8.6143,9.6426,,,,,,,
1568340733927320,陀螺仪,,,,,,,,-0.0421,-0.2900,-0.3296
1568340750198361,加速度计,0.7572,7.0623,7.7069,,,,,,,
1568340753964820,陀螺仪,,,,,,,,0.0377,-0.2249,-0.3188
1568340760217111,加速度计,0.9290,5.9550,3.3495,,,,,,,
1568340770235861,加速度计,0.3466,6.4027,5.7874,,,,,,,
1568340774002320,陀螺仪,,,,,,,,-0.0089,-0.2349,-0.2467
1568340780254611,加速度计,0.4776,7.1509,7.6884,,,,,,,
1568340790273361,加速度计,1.4222,7.2167,8.6461,,,,,,,
1568340794040236,陀螺仪,,,,,,,,0.0467,-0.1876,-0.2105
1568340800292945,加速度计,1.1438,6.8456,6.0795,,,,,,,
1568340810314976,加速度计,1.1648,5.8754,6.2142,,,,,,,
1568340820328726,加速度计,-0.2640,7.6483,5.9047,,,,,,,
1568340814077059,陀螺仪,,,,,,,,0.0836,-0.1458,-0.2162
1568340830342684,加速度计,0.4717,7.6387,5.1386,,,,,,,
1568340840357059,加速度计,0.7554,7.1629,7.2604,,,,,,,
1568340834105288,陀螺仪,,,,,,,,0.0352,-0.1546,-0.1676
1568340850371851,加速度计,0.9697,6.4967,10.5483,,,,,,,
1568340854135340,陀螺仪,,,,,,,,0.0722,-0.1169,-0.1635
1568340860387268,加速度计,-0.1323,7.1736,8.0619,,,,,,,
1568340870403518,加速度计,0.8416,7.3065,4.5645,,,,,,,
1568340880420601,加速度计,0.2723,6.6020,3.5608,,,,,,,
1568340874168465,陀螺仪,,,,,,,,0.0790,-0.0953,-0.1258
1568340890438518,加速度计,-0.7159,5.6491,5.4318,,,,,,,
1568340900457268,加速度计,-0.8727,6.0388,6.0699,,,,,,,
1568340894204924,陀螺仪,,,,,,,,-0.0174,-0.1041,-0.0971
1568340910476851,加速度计,-0.5303,6.2489,10.4112,,,,,,,
1568340920497268,加速度计,-0.5866,6.5068,13.4321,,,,,,,
1568340914244715,陀螺仪,,,,,,,,-0.0109,-0.1156,-0.0621
1568340930518309,加速度计,-0.4304,7.3005,10.6452,,,,,,,
1568340934287111,陀螺仪,,,,,,,,0.1589,-0.0625,-0.0823
1568340940539768,加速度计,-0.9170,8.3181,1.9752,,,,,,,
1568340950561643,加速度计,-1.1247,6.8414,1.0942,,,,,,,
1568340954331174,陀螺仪,,,,,,,,-0.0145,-0.1178,-0.0541
1568340960583934,加速度计,-1.3946,5.7186,8.0972,,,,,,,
1568340970606434,加速度计,-1.7382,6.4673,4.0785,,,,,,,
1568340980628934,加速度计,0.5555,8.0158,1.0008,,,,,,,
1568340974376174,陀螺仪,,,,,,,,0.0073,-0.0965,-0.0093
1568340990651226,加速度计,1.0044,7.6549,11.8274,,,,,,,
1568341000671643,加速度计,-0.3202,3.8744,21.3347,,,,,,,
1568340994419351,陀螺仪,,,,,,,,-0.1136,-0.1365,-0.0390
1568341010690393,加速度计,0.3148,8.6730,10.3585,,,,,,,
1568341020709143,加速度计,0.9864,10.7961,-3.4279,,,,,,,
1568341014456851,陀螺仪,,,,,,,,0.2107,-0.0470,-0.0719
1568341030727893,加速度计,-1.0104,5.5617,-5.0865,,,,,,,
1568341040746643,加速度计,-2.8036,4.4353,15.0392,,,,,,,
1568341034494351,陀螺仪,,,,,,,,-0.1486,-0.1145,-0.0280
1568341050765809,加速度计,1.0493,7.2520,20.9181,,,,,,,
1568341054533622,陀螺仪,,,,,,,,0.1288,-0.0766,0.0142
1568341060785705,加速度计,1.8022,9.9090,7.0054,,,,,,,
1568341070802788,加速度计,0.9870,8.9645,-2.8258,,,,,,,
1568341080819872,加速度计,-1.4030,4.9404,2.0686,,,,,,,
1568341074567788,陀螺仪,,,,,,,,0.0129,-0.0515,-0.0905
1568341090836955,加速度计,-3.1783,4.4658,13.5410,,,,,,,
1568341100854038,加速度计,0.1012,9.6941,7.5112,,,,,,,
1568341094601955,陀螺仪,,,,,,,,0.0676,-0.0485,0.0380
1568341110871122,加速度计,1.4078,10.1400,-3.2825,,,,,,,
1568341114636278,陀螺仪,,,,,,,,-0.0505,-0.0478,0.0137
1568341120888413,加速度计,-0.2951,4.5975,3.3734,,,,,,,
1568341130906122,加速度计,-0.2538,3.4830,13.2369,,,,,,,
1568341134672007,陀螺仪,,,,,,,,-0.0368,-0.0389,0.0165
1568341140924247,加速度计,-1.2875,9.5984,13.9833,,,,,,,
1568341150942788,加速度计,1.4150,10.0748,7.3328,,,,,,,
1568341154709403,陀螺仪,,,,,,,,0.0775,-0.0156,-0.0411
1568341160961747,加速度计,0.8571,5.9245,2.0069,,,,,,,
1568341170981122,加速度计,-0.5094,5.2391,3.4345,,,,,,,
1568341174748465,陀螺仪,,,,,,,,-0.0336,-0.0712,-0.0674
1568341181000913,加速度计,-0.8464,7.3795,7.6148,,,,,,,
1568341191020913,加速度计,0.6506,7.0312,11.4497,,,,,,,
1568341201040913,加速度计,0.2682,7.9541,8.4755,,,,,,,
1568341194788465,陀螺仪,,,,,,,,0.0573,-0.0723,-0.1358
1568341211060913,加速度计,-0.9020,7.7686,1.4413,,,,,,,
1568341221080913,加速度计,0.2951,8.4060,3.2525,,,,,,,
1568341214828465,陀螺仪,,,,,,,,0.0415,-0.1357,-0.1858
1568341231100913,加速度计,-0.0856,7.3179,10.9607,,,,,,,
1568341241120913,加速度计,-0.7841,8.3468,9.6133,,,,,,,
1568341234868465,陀螺仪,,,,,,,,-0.0129,-0.1890,-0.2703
1568341251140913,加速度计,-0.5614,7.9631,5.2427,,,,,,,
1568341261160913,加速度计,-2.0045,3.9840,6.7648,,,,,,,
1568341254908465,陀螺仪,,,,,,,,0.0345,-0.2372,-0.3671
1568341271180913,加速度计,-0.8021,6.4476,6.1112,,,,,,,
1568341281200497,加速度计,-0.5704,7.5872,4.0576,,,,,,,
1568341274948153,陀螺仪,,,,,,,,0.1232,-0.3262,-0.4061
1568341291219455,加速度计,-1.3036,11.3449,4.2258,,,,,,,
1568341294987788,陀螺仪,,,,,,,,0.0421,-0.3870,-0.4408
1568341301240705,加速度计,-1.0038,8.2163,8.4671,,,,,,,
1568341311266174,加速度计,-0.0545,6.1411,11.2270,,,,,,,
1568341321267215,加速度计,0.9032,7.4274,5.6300,,,,,,,
1568341315017111,陀螺仪,,,,,,,,0.0427,-0.4213,-0.4029
1568341331269090,加速度计,0.4088,7.3478,4.8279,,,,,,,
1568341335021955,陀螺仪,,,,,,,,0.0368,-0.3803,-0.3850
1568341341272424,加速度计,0.0652,9.4601,4.0983,,,,,,,
1568341351288413,加速度计,-1.2743,5.7970,7.5369,,,,,,,
1568341355066903,陀螺仪,,,,,,,,-0.0431,-0.3665,-0.2563
1568341361320965,加速度计,-0.1861,6.1860,10.1981,,,,,,,
1568341371353882,加速度计,0.6782,8.3995,7.9853,,,,,,,
1568341375132736,陀螺仪,,,,,,,,0.0298,-0.3365,-0.2069
1568341381385601,加速度计,-0.3747,6.2560,7.1575,,,,,,,
1568341391408361,加速度计,-1.2270,5.3349,5.4199,,,,,,,
1568341395174820,陀螺仪,,,,,,,,0.0458,-0.3328,-0.1261
1568341401427111,加速度计,-0.9714,5.7670,5.5587,,,,,,,
1568341411445861,加速度计,-2.2643,6.7929,5.2271,,,,,,,
1568341415212320,陀螺仪,,,,,,,,0.0567,-0.2811,-0.0133
1568341421464611,加速度计,-1.2198,8.3444,4.9740,,,,,,,
1568341431483361,加速度计,-0.7620,7.8183,10.5243,,,,,,,
1568341435249820,陀螺仪,,,,,,,,-0.0021,-0.2719,0.0660
1568341441502111,加速度计,-2.7922,7.3801,8.5216,,,,,,,
1568341451520861,加速度计,-2.5600,6.5128,6.8486,,,,,,,
1568341455287320,陀螺仪,,,,,,,,0.0613,-0.2535,0.1562
1568341461539611,加速度计,-1.4413,6.8360,5.8790,,,,,,,
1568341471558361,加速度计,-1.2570,5.7401,7.9924,,,,,,,
1568341475324820,陀螺仪,,,,,,,,0.0534,-0.2429,0.2320
1568341481577111,加速度计,-0.7129,6.8271,8.3139,,,,,,,
1568341491595861,加速度计,-0.3759,7.7662,5.2978,,,,,,,
1568341495362320,陀螺仪,,,,,,,,0.0776,-0.1892,0.2762
1568341501614611,加速度计,-0.8362,6.8468,4.2922,,,,,,,
1568341511633361,加速度计,-1.2270,6.5015,7.3801,,,,,,,
1568341515399820,陀螺仪,,,,,,,,0.0052,-0.1535,0.3582
1568341521652111,加速度计,-0.6524,6.6912,6.7678,,,,,,,
1568341531670861,加速度计,-0.3364,6.2094,7.3843,,,,,,,
1568341535437320,陀螺仪,,,,,,,,-0.0009,-0.1099,0.4149
1568341541689611,加速度计,0.4178,7.6154,7.4873,,,,,,,
1568341551709403,加速度计,-0.2484,6.1531,10.3663,,,,,,,
1568341555479872,陀螺仪,,,,,,,,0.0482,-0.0450,0.4185
1568341561731486,加速度计,0.6153,7.3903,6.9288,,,,,,,
1568341571744820,加速度计,-0.4663,7.3580,4.9608,,,,,,,
1568341581758413,加速度计,0.3597,6.9701,7.1629,,,,,,,
1568341575506747,陀螺仪,,,,,,,,0.0242,-0.0125,0.4613
1568341591772424,加速度计,0.4615,6.7157,6.3919,,,,,,,
1568341595535080,陀螺仪,,,,,,,,0.0225,0.0487,0.4831
1568341601786851,加速度计,0.1808,8.2750,5.2014,,,,,,,
1568341611801955,加速度计,0.0036,7.3454,5.8592,,,,,,,
1568341615565913,陀螺仪,,,,,,,,-0.0633,0.0454,0.4666
1568341621817893,加速度计,0.9619,5.5743,10.6063,,,,,,,
1568341636720650,GPS,,,,31.9430,118.7851,4.7100,133.4000,,,
1568341631847997,加速度计,-0.1437,7.6106,7.4238,,,,,,,
1568341635628518,陀螺仪,,,,,,,,0.0395,0.0798,0.3908
1568341641880809,加速度计,-0.2693,7.3957,3.1657,,,,,,,
1568341651899559,加速度计,-0.0305,6.5954,4.5849,,,,,,,
1568341655666018,陀螺仪,,,,,,,,-0.0543,0.0489,0.3549
1568341661918309,加速度计,0.4848,7.0743,9.5762,,,,,,,
1568341671937059,加速度计,0.4902,7.8356,11.0804,,,,,,,
1568341681955809,加速度计,1.4820,7.8751,4.9285,,,,,,,
1568341675703518,陀螺仪,,,,,,,,0.0296,0.0684,0.2868
1568341691974559,加速度计,1.7532,6.6277,4.5107,,,,,,,
1568341695741018,陀螺仪,,,,,,,,-0.0213,0.0481,0.1807
1568341701993309,加速度计,0.1616,5.5156,8.1744,,,,,,,
1568341712012059,加速度计,2.0183,7.1676,8.5802,,,,,,,
1568341715778518,陀螺仪,,,,,,,,0.0562,0.0494,0.1417
1568341722030809,加速度计,1.8812,9.3224,4.3999,,,,,,,
1568341732049559,加速度计,2.0644,7.3089,3.9031,,,,,,,
1568341735816018,陀螺仪,,,,,,,,-0.0312,0.0281,0.0242
1568341742068309,加速度计,2.4020,5.6264,8.3486,,,,,,,
1568341752087059,加速度计,0.5507,9.1584,7.7111,,,,,,,
1568341755853518,陀螺仪,,,,,,,,0.0212,0.0522,-0.0382
1568341762105809,加速度计,2.6635,8.7694,5.0135,,,,,,,
1568341772124559,加速度计,2.3284,6.4542,5.1721,,,,,,,
1568341782143309,加速度计,0.6931,5.8430,7.1365,,,,,,,
1568341775891018,陀螺仪,,,,,,,,-0.0652,-0.0077,-0.1486
1568341792162059,加速度计,1.2564,6.5781,9.6708,,,,,,,
1568341795928934,陀螺仪,,,,,,,,0.0068,-0.0270,-0.2029
1568341802181643,加速度计,1.8944,7.5788,5.9759,,,,,,,
1568341812202476,加速度计,2.5815,7.2927,4.4622,,,,,,,
1568341815967840,陀螺仪,,,,,,,,-0.0044,-0.0455,-0.3008
1568341822219976,加速度计,2.1626,6.0340,10.2604,,,,,,,
1568341832237476,加速度计,1.2318,7.9529,5.5162,,,,,,,
1568341842254976,加速度计,1.0421,9.2255,6.8348,,,,,,,
1568341836002840,陀螺仪,,,,,,,,0.0356,-0.0656,-0.3706
1568341852272476,加速度计,1.7119,7.1820,11.9381,,,,,,,
1568341856037840,陀螺仪,,,,,,,,0.0236,-0.1000,-0.4132
1568341862289976,加速度计,1.8723,5.8748,9.0543,,,,,,,
1568341872307476,加速度计,-0.0838,7.9200,0.9511,,,,,,,
1568341876072840,陀螺仪,,,,,,,,0.0767,-0.0996,-0.4582
1568341882324976,加速度计,0.8428,7.5304,1.5353,,,,,,,
1568341892342736,加速度计,1.0864,4.8219,6.8235,,,,,,,
1568341902360913,加速度计,0.6530,6.9204,8.5599,,,,,,,
1568341896108674,陀螺仪,,,,,,,,-0.0449,-0.1527,-0.3967
1568341912379507,加速度计,0.7542,8.1894,9.9557,,,,,,,
1568341916146174,陀螺仪,,,,,,,,0.0201,-0.1333,-0.4071
1568341922398518,加速度计,1.6957,7.2706,8.3785,,,,,,,
1568341932417945,加速度计,0.3789,6.4212,6.4272,,,,,,,
1568341936185132,陀螺仪,,,,,,,,0.0836,-0.1104,-0.4184
1568341942437528,加速度计,-0.9744,6.8546,1.3868,,,,,,,
1568341952457111,加速度计,1.0780,8.8011,1.8771,,,,,,,
1568341956224299,陀螺仪,,,,,,,,-0.0924,-0.1964,-0.3671
1568341962476695,加速度计,-0.1006,5.7994,11.6143,,,,,,,
1568341972496278,加速度计,-0.2310,6.5182,11.6933,,,,,,,
1568341976263465,陀螺仪,,,,,,,,0.0241,-0.1534,-0.3286
1568341982515861,加速度计,-0.1832,7.8524,5.6198,,,,,,,
1568341992535445,加速度计,-0.5842,6.5068,2.7216,,,,,,,
1568341996302632,陀螺仪,,,,,,,,-0.0170,-0.1831,-0.3121
1568342002555028,加速度计,-0.5997,5.3672,6.6750,,,,,,,
1568342012574611,加速度计,-0.2340,7.5429,6.2237,,,,,,,
1568342022594195,加速度计,-0.7183,7.7315,5.8221,,,,,,,
1568342016341799,陀螺仪,,,,,,,,-0.0350,-0.2029,-0.2716
1568342032613778,加速度计,0.3537,6.2926,10.0467,,,,,,,
1568342036380965,陀螺仪,,,,,,,,-0.0478,-0.1800,-0.2265
1568342042633361,加速度计,-0.2472,6.0466,9.5990,,,,,,,
1568342052657111,加速度计,-0.8218,6.5074,7.7219,,,,,,,
1568342056433986,陀螺仪,,,,,,,,0.0405,-0.1413,-0.1625
1568342062683257,加速度计,0.1437,7.5926,6.3608,,,,,,,
1568342072678361,加速度计,0.2316,5.6689,7.0509,,,,,,,
1568342076425236,陀螺仪,,,,,,,,0.0197,-0.1431,-0.1225
1568342082674820,加速度计,0.4645,7.3520,5.7419,,,,,,,
1568342092673465,加速度计,0.5722,7.0234,7.3334,,,,,,,
1568342096424820,陀螺仪,,,,,,,,-0.0057,-0.1478,-0.1077
1568342102675132,加速度计,0.5064,6.9773,7.9733,,,,,,,
1568342112680393,加速度计,0.3531,6.7044,7.6076,,,,,,,
1568342122689663,加速度计,-0.5626,8.0571,6.6481,,,,,,,
1568342116438361,陀螺仪,,,,,,,,0.0164,-0.1214,-0.1048
1568342132703101,加速度计,0.0132,6.3285,9.2147,,,,,,,
1568342136468361,陀螺仪,,,,,,,,-0.0024,-0.1285,-0.0686
1568342142720705,加速度计,-0.2735,8.5772,6.8402,,,,,,,
1568342152742476,加速度计,0.4328,6.6427,6.7648,,,,,,,
1568342156548413,陀螺仪,,,,,,,,-0.0485,-0.1481,-0.0707
1568342162808570,加速度计,-0.1341,6.8001,7.0838,,,,,,,
1568342172882372,加速度计,-1.5538,5.5420,11.7956,,,,,,,
1568342176648830,陀螺仪,,,,,,,,0.0664,-0.1172,-0.0595
1568342182901122,加速度计,0.1682,8.6359,3.0634,,,,,,,
1568342192919872,加速度计,0.6422,8.1971,2.4026,,,,,,,
1568342196686330,陀螺仪,,,,,,,,-0.0312,-0.1949,-0.0963
1568342202938622,加速度计,0.2173,8.5126,3.6871,,,,,,,
1568342212957372,加速度计,-0.2370,5.2499,11.0361,,,,,,,
1568342216723830,陀螺仪,,,,,,,,-0.0573,-0.1758,-0.1028
1568342222976122,加速度计,-0.3083,8.0822,9.6307,,,,,,,
1568342232994872,加速度计,-0.4818,6.7331,5.9478,,,,,,,
1568342236761330,陀螺仪,,,,,,,,0.0313,-0.1646,-0.0567
1568342243013622,加速度计,-0.2993,6.1663,5.0170,,,,,,,
1568342253032372,加速度计,0.1712,8.1235,4.7543,,,,,,,
1568342256798830,陀螺仪,,,,,,,,0.0053,-0.2032,-0.0656
1568342263051122,加速度计,-0.7841,8.6844,5.7102,,,,,,,
1568342273069872,加速度计,-0.9230,7.1856,9.4206,,,,,,,
1568342276836330,陀螺仪,,,,,,,,-0.0288,-0.2151,-0.0450
1568342283088622,加速度计,-0.2394,7.3496,7.6722,,,,,,,
1568342293107372,加速度计,-1.0906,5.9825,7.3568,,,,,,,
1568342303129090,加速度计,-0.7057,6.7223,7.5196,,,,,,,
1568342296873830,陀螺仪,,,,,,,,0.0454,-0.1826,0.0240
1568342313149715,加速度计,-0.2089,7.1162,6.8253,,,,,,,
1568342316906590,陀螺仪,,,,,,,,0.1004,-0.1506,0.1109
1568342323157528,加速度计,-0.2903,7.5627,6.5314,,,,,,,
1568342333166070,加速度计,-0.8362,7.5381,4.1120,,,,,,,
1568342336924559,陀螺仪,,,,,,,,0.0587,-0.0992,0.1940
1568342343175757,加速度计,-1.0098,6.9701,0.3490,,,,,,,
1568342353186695,加速度计,-0.4507,7.6644,5.3786,,,,,,,
1568342356947632,陀螺仪,,,,,,,,-0.0799,-0.0708,0.3039
1568342363199195,加速度计,-1.2845,7.9960,16.4984,,,,,,,
1568342373213361,加速度计,-1.7831,7.5974,15.0140,,,,,,,
1568342376977476,陀螺仪,,,,,,,,0.1597,0.0289,0.4011
1568342383229507,加速度计,-0.0042,8.1684,6.0855,,,,,,,
1568342393247736,加速度计,-1.1037,5.7928,0.4292,,,,,,,
1568342397015236,陀螺仪,,,,,,,,0.1045,-0.0168,0.3951
1568342403267736,加速度计,-0.8679,6.4781,0.9092,,,,,,,
1568342413289403,加速度计,-1.1726,8.0014,5.1852,,,,,,,
1568342417059820,陀螺仪,,,,,,,,-0.0170,-0.0565,0.3226
1568342423312736,加速度计,-0.8110,9.1129,8.4282,,,,,,,
1568342433337424,加速度计,-0.6704,6.8618,8.4443,,,,,,,
1568342437109872,陀螺仪,,,,,,,,-0.0145,-0.1084,0.2107
1568342443363049,加速度计,-0.3753,6.7277,6.0789,,,,,,,
1568342453389507,加速度计,1.3144,7.0557,5.6425,,,,,,,
1568342457163153,陀螺仪,,,,,,,,-0.0365,-0.1646,0.1135
1568342463416486,加速度计,0.0401,7.9649,5.0260,,,,,,,
1568342473443570,加速度计,0.7673,6.2776,8.9741,,,,,,,
1568342477214455,陀螺仪,,,,,,,,-0.0329,-0.1888,0.0313
1568342483467215,加速度计,0.7901,6.7552,8.1151,,,,,,,
1568342493486903,加速度计,0.4519,7.1527,8.7730,,,,,,,
1568342497253361,陀螺仪,,,,,,,,0.0340,-0.2197,-0.0003
1568342503505653,加速度计,1.3815,6.9151,6.9438,,,,,,,
1568342513524403,加速度计,0.5902,7.7225,4.1234,,,,,,,
1568342517290861,陀螺仪,,,,,,,,0.0465,-0.2313,-0.0174
1568342523543153,加速度计,0.2975,7.1910,7.0862,,,,,,,
1568342533561903,加速度计,0.4280,6.6954,9.1165,,,,,,,
1568342537328361,陀螺仪,,,,,,,,0.0366,-0.2173,0.0256
1568342543580653,加速度计,0.5704,7.2951,5.0332,,,,,,,
1568342553600965,加速度计,-0.1640,6.1842,5.1930,,,,,,,
1568342557368830,陀螺仪,,,,,,,,0.0007,-0.1959,0.0758
1568342563620445,加速度计,-1.1157,4.7327,8.8849,,,,,,,
1568342573633778,加速度计,-0.4926,7.6004,7.2024,,,,,,,
1568342577395757,陀螺仪,,,,,,,,0.0193,-0.1686,0.1790
1568342583647424,加速度计,-0.3807,6.4655,7.9146,,,,,,,
1568342593661486,加速度计,-0.0700,6.3470,8.3061,,,,,,,
1568342597424195,陀螺仪,,,,,,,,-0.0132,-0.1352,0.2554
1568342603675965,加速度计,-0.9337,5.6844,7.4280,,,,,,,
1568342613691174,加速度计,-0.4381,5.7156,8.2570,,,,,,,
1568342623707528,加速度计,-0.5411,5.5336,9.1357,,,,,,,
1568342617455497,陀螺仪,,,,,,,,0.0031,-0.0670,0.3818
1568342636403619,GPS,,,,31.9430,118.7852,4.6600,137.7000,,,
1568342633739351,加速度计,-1.0947,6.5038,8.0182,,,,,,,
1568342637514976,陀螺仪,,,,,,,,0.1013,0.0361,0.5202
1568342643767997,加速度计,0.1371,8.5371,2.6438,,,,,,,
1568342653789195,加速度计,-0.0700,9.3009,2.1518,,,,,,,
1568342657555809,陀螺仪,,,,,,,,-0.0643,0.1061,0.6314
1568342663808101,加速度计,-1.0846,7.6315,5.8849,,,,,,,
1568342673826851,加速度计,-0.3573,6.2914,12.4642,,,,,,,
1568342677593309,陀螺仪,,,,,,,,-0.0786,0.1756,0.7404
1568342683845601,加速度计,0.2167,7.5495,10.1496,,,,,,,
1568342693864351,加速度计,0.4226,6.2758,7.1239,,,,,,,
1568342697630809,陀螺仪,,,,,,,,0.0073,0.2288,0.7594
1568342703883101,加速度计,0.2574,7.1467,4.2060,,,,,,,
1568342713901851,加速度计,-0.3567,5.9855,6.0711,,,,,,,
1568342717668309,陀螺仪,,,,,,,,-0.0023,0.2653,0.7354
1568342723920601,加速度计,0.5608,8.9579,6.8402,,,,,,,
1568342733939351,加速度计,0.8535,7.5322,8.5216,,,,,,,
1568342737705809,陀螺仪,,,,,,,,0.0330,0.2617,0.6465
1568342743958101,加速度计,0.9738,7.4484,3.1639,,,,,,,
1568342753976851,加速度计,-0.4124,6.5661,3.1615,,,,,,,
1568342757743309,陀螺仪,,,,,,,,-0.0294,0.2161,0.5228
1568342763995601,加速度计,-0.4118,7.3011,5.5779,,,,,,,
1568342774014351,加速度计,0.8398,7.5549,10.1017,,,,,,,
1568342777780809,陀螺仪,,,,,,,,-0.0248,0.1344,0.4257
1568342784033101,加速度计,1.9040,10.0724,7.1904,,,,,,,
1568342794051851,加速度计,1.0744,6.3410,7.1335,,,,,,,
1568342804071122,加速度计,1.0822,6.8684,7.8709,,,,,,,
1568342797818726,陀螺仪,,,,,,,,-0.0302,0.0920,0.2210
1568342814091590,加速度计,1.0104,5.9664,6.9408,,,,,,,
1568342817858101,陀螺仪,,,,,,,,-0.0200,0.0419,0.1437
1568342824110393,加速度计,0.9876,7.3143,9.3170,,,,,,,
1568342834129143,加速度计,1.3761,5.7257,8.9124,,,,,,,
1568342837895601,陀螺仪,,,,,,,,0.0735,0.0655,0.1080
1568342844147893,加速度计,2.3936,7.5507,1.8334,,,,,,,
1568342854166643,加速度计,0.6099,6.8755,2.1991,,,,,,,
1568342864185393,加速度计,1.5077,5.7724,4.7016,,,,,,,
1568342857933101,陀螺仪,,,,,,,,-0.0422,0.0941,0.1523
1568342874204143,加速度计,1.5550,7.1742,8.3959,,,,,,,
1568342877970601,陀螺仪,,,,,,,,-0.0629,0.1522,0.2081
1568342884222893,加速度计,0.8793,6.7582,8.6066,,,,,,,
1568342894241643,加速度计,2.6653,6.0094,5.2984,,,,,,,
1568342898008101,陀螺仪,,,,,,,,-0.0342,0.1987,0.2149
1568342904260393,加速度计,0.8793,7.2754,2.5708,,,,,,,
1568342914279143,加速度计,0.6381,5.2044,3.6218,,,,,,,
1568342918045601,陀螺仪,,,,,,,,-0.1864,0.1892,0.2538
1568342924297893,加速度计,1.3569,6.9635,8.9010,,,,,,,
1568342934316643,加速度计,0.6177,6.3075,16.2566,,,,,,,
1568342938083101,陀螺仪,,,,,,,,-0.0527,0.2276,0.2298
1568342944335393,加速度计,2.6755,8.2109,9.8342,,,,,,,
1568342954354143,加速度计,0.5435,7.8859,3.2352,,,,,,,
1568342958120601,陀螺仪,,,,,,,,0.0071,0.2151,0.1450
1568342964372893,加速度计,0.7135,6.2064,4.8632,,,,,,,
1568342974391643,加速度计,0.6440,5.7670,10.5279,,,,,,,
1568342978158101,陀螺仪,,,,,,,,-0.0025,0.2166,0.1744
1568342984410393,加速度计,1.1833,8.4336,7.8201,,,,,,,
1568342994429143,加速度计,1.6753,8.0822,5.6856,,,,,,,
1568343004447893,加速度计,0.0467,6.2273,13.7140,,,,,,,
1568342998195601,陀螺仪,,,,,,,,-0.0056,0.2185,0.1301
1568343014466643,加速度计,0.9517,5.8933,10.9607,,,,,,,
1568343024485393,加速度计,1.2306,8.3647,5.5964,,,,,,,
1568343018233101,陀螺仪,,,,,,,,0.1269,0.2261,0.1273
1568343034504143,加速度计,1.9124,6.8037,0.5094,,,,,,,
1568343044522893,加速度计,-0.1353,5.7090,8.4545,,,,,,,
1568343038270601,陀螺仪,,,,,,,,0.0134,0.2055,0.0823
1568343054549038,加速度计,-0.8116,6.8947,11.2480,,,,,,,
1568343064568361,加速度计,1.2863,8.4527,9.9395,,,,,,,
1568343058318309,陀螺仪,,,,,,,,0.0884,0.2254,0.0992
1568343074569507,加速度计,1.1289,7.8380,3.3154,,,,,,,
1568343084571695,加速度计,0.3843,5.9262,6.8001,,,,,,,
1568343078321434,陀螺仪,,,,,,,,0.0766,0.2221,0.0790
1568343094575445,加速度计,0.5525,7.2143,8.3270,,,,,,,
1568343104581486,加速度计,1.1726,7.8482,8.0846,,,,,,,
1568343098330705,陀螺仪,,,,,,,,0.0618,0.2216,0.1051
1568343114590340,加速度计,1.4066,7.6782,0.9978,,,,,,,
1568343124602111,加速度计,0.6686,5.0757,-0.3753,,,,,,,
1568343118350601,陀螺仪,,,,,,,,0.0463,0.2557,0.0636
1568343134617111,加速度计,0.1760,4.8513,8.1295,,,,,,,
1568343144635132,加速度计,0.0108,6.1381,19.7695,,,,,,,
1568343138382840,陀螺仪,,,,,,,,-0.0775,0.1843,0.0815
1568343154656070,加速度计,0.5632,8.6101,10.4543,,,,,,,
1568343164679924,加速度计,1.1630,7.1772,-2.6677,,,,,,,
1568343158426903,陀螺仪,,,,,,,,0.2153,0.2698,0.0672
1568343174706382,加速度计,0.9014,4.8566,-1.5748,,,,,,,
1568343184735028,加速度计,0.6680,4.5232,12.0728,,,,,,,
1568343178481434,陀螺仪,,,,,,,,0.0036,0.2021,0.0643
1568343194765445,加速度计,-0.3855,8.4240,18.1612,,,,,,,
1568343198542997,陀螺仪,,,,,,,,0.2405,0.2208,0.0482
1568343204796903,加速度计,0.8619,9.7654,4.0887,,,,,,,
1568343214828882,加速度计,1.6706,8.2887,-3.0616,,,,,,,
1568343224860965,加速度计,3.1238,4.7285,2.7031,,,,,,,
1568343218607007,陀螺仪,,,,,,,,0.1226,0.2043,0.0092
1568343234884611,加速度计,0.1257,7.3424,13.4823,,,,,,,
1568343238651851,陀螺仪,,,,,,,,0.0751,0.1538,-0.1240
1568343244904195,加速度计,-1.4156,10.1795,6.8977,,,,,,,
1568343254923049,加速度计,-0.3442,8.8903,-0.4992,,,,,,,
1568343264941799,加速度计,1.8675,2.1632,3.1406,,,,,,,
1568343258689507,陀螺仪,,,,,,,,0.0214,0.1257,-0.1338
1568343274960549,加速度计,0.0940,7.8548,1.8621,,,,,,,
1568343284979299,加速度计,-0.1065,8.2408,10.1484,,,,,,,
1568343278727007,陀螺仪,,,,,,,,-0.0956,0.0767,-0.2020
1568343294998049,加速度计,1.1265,10.4010,11.2264,,,,,,,
1568343298766070,陀螺仪,,,,,,,,-0.0832,0.0441,-0.2358
1568343305020080,加速度计,-0.1987,6.6176,7.2975,,,,,,,
1568343315037111,加速度计,0.4022,7.0539,5.5037,,,,,,,
1568343325051278,加速度计,0.2107,6.1310,5.3038,,,,,,,
1568343318799559,陀螺仪,,,,,,,,-0.1180,0.0083,-0.2692
1568343335065445,加速度计,-0.8871,7.1485,7.2401,,,,,,,
1568343345079976,加速度计,-1.1145,7.3526,8.9453,,,,,,,
1568343338828205,陀螺仪,,,,,,,,-0.1229,-0.0370,-0.2884
1568343355094924,加速度计,-0.4124,7.8925,9.1387,,,,,,,
1568343365110653,加速度计,0.9996,8.1139,9.8916,,,,,,,
1568343358858726,陀螺仪,,,,,,,,-0.0413,-0.0798,-0.2735
1568343375127215,加速度计,1.2222,8.8693,4.7986,,,,,,,
1568343385144611,加速度计,0.2855,8.5341,3.3794,,,,,,,
1568343378892476,陀螺仪,,,,,,,,-0.0475,-0.0659,-0.2587
1568343395162840,加速度计,-0.7159,5.7634,5.0111,,,,,,,
1568343405181903,加速度计,-0.6141,3.2154,6.3363,,,,,,,
1568343398929559,陀螺仪,,,,,,,,-0.1467,-0.0636,-0.1722
1568343415201799,加速度计,0.2173,5.4109,3.4560,,,,,,,
1568343425222528,加速度计,0.7590,7.6441,7.8667,,,,,,,
1568343418969976,陀螺仪,,,,,,,,-0.1302,-0.0192,-0.0261
1568343435243726,加速度计,-0.6560,9.3817,14.5160,,,,,,,
1568343439012684,陀螺仪,,,,,,,,-0.0535,0.0743,0.1108
1568343445265340,加速度计,-0.0640,7.5088,13.5907,,,,,,,
1568343455287372,加速度计,0.0042,7.0892,7.3556,,,,,,,
1568343459056747,陀螺仪,,,,,,,,0.0746,0.1499,0.2623
1568343465309455,加速度计,0.3867,6.8181,4.5538,,,,,,,
1568343475331538,加速度计,0.1700,5.5055,3.2585,,,,,,,
1568343479100913,陀螺仪,,,,,,,,0.0148,0.1826,0.2651
1568343485353622,加速度计,-1.2683,8.0864,4.2377,,,,,,,
1568343495375705,加速度计,-0.9206,6.4350,7.3837,,,,,,,
1568343499142893,陀螺仪,,,,,,,,-0.0521,0.1810,0.2823
1568343505395236,加速度计,-0.7374,5.0350,8.3258,,,,,,,
1568343515414403,加速度计,-0.0479,8.3228,6.4434,,,,,,,
1568343519180913,陀螺仪,,,,,,,,0.0130,0.2028,0.2943
1568343525433205,加速度计,-0.0808,5.4857,9.7863,,,,,,,
1568343535451955,加速度计,-0.6997,7.3694,5.8820,,,,,,,
1568343539218413,陀螺仪,,,,,,,,0.0823,0.2393,0.2945
1568343545470705,加速度计,0.7051,8.0559,5.1870,,,,,,,
1568343555506643,加速度计,0.9517,5.4360,6.5649,,,,,,,
1568343559262945,陀螺仪,,,,,,,,0.0522,0.2338,0.2856
1568343565511955,加速度计,-1.0666,5.6389,7.1048,,,,,,,
1568343575505184,加速度计,0.1454,8.0792,9.1554,,,,,,,
1568343579250653,陀螺仪,,,,,,,,0.1201,0.2157,0.2382
1568343585499976,加速度计,1.6328,8.8699,8.0505,,,,,,,
1568343595497528,加速度计,0.7386,7.5340,4.3132,,,,,,,
1568343599248257,陀螺仪,,,,,,,,0.1326,0.2028,0.1338
1568343605498361,加速度计,-0.1580,6.6996,5.0889,,,,,,,
1568343615503257,加速度计,0.1024,6.6182,7.9559,,,,,,,
1568343619258674,陀螺仪,,,,,,,,0.0983,0.1519,0.0695
1568343625511018,加速度计,1.3473,6.6373,6.4314,,,,,,,
1568343636082316,GPS,,,,31.9430,118.7852,3.5500,147.7000,,,
1568343635534351,加速度计,1.1965,8.2702,3.8876,,,,,,,
1568343639306278,陀螺仪,,,,,,,,0.0517,0.1008,-0.0345
1568343645560757,加速度计,-0.1437,7.9063,10.2993,,,,,,,
1568343655610445,加速度计,1.8830,6.0322,12.8353,,,,,,,
1568343659405184,陀螺仪,,,,,,,,0.0822,0.0631,-0.1318
1568343665661538,加速度计,1.8842,8.1762,4.6699,,,,,,,
1568343675712788,加速度计,1.2797,5.7048,6.8480,,,,,,,
1568343685735601,加速度计,0.7799,3.4482,12.1979,,,,,,,
1568343679483309,陀螺仪,,,,,,,,0.0377,0.0008,-0.2431
1568343695754351,加速度计,1.5736,6.9204,8.0343,,,,,,,
1568343699520809,陀螺仪,,,,,,,,0.2057,-0.0067,-0.3305
1568343705773101,加速度计,1.7089,11.4784,-3.9043,,,,,,,
1568343715791851,加速度计,-0.1724,8.1337,3.1262,,,,,,,
1568343719558309,陀螺仪,,,,,,,,-0.0840,-0.0806,-0.3309
1568343725810601,加速度计,-1.0289,5.2583,14.2204,,,,,,,
1568343735829351,加速度计,0.7967,7.4998,13.9193,,,,,,,
1568343739595809,陀螺仪,,,,,,,,0.0929,-0.0808,-0.3546
1568343745848101,加速度计,2.2326,9.8821,4.1994,,,,,,,
1568343755866851,加速度计,1.5915,6.2052,4.2868,,,,,,,
1568343765885601,加速度计,0.3166,4.9249,6.2692,,,,,,,
1568343759633309,陀螺仪,,,,,,,,-0.0051,-0.1370,-0.4651
1568343775904351,加速度计,1.1211,6.4416,5.7042,,,,,,,
1568343785923101,加速度计,1.4814,8.1403,5.2984,,,,,,,
1568343779670809,陀螺仪,,,,,,,,0.0278,-0.1238,-0.3800
1568343795941851,加速度计,2.0542,7.4909,6.0495,,,,,,,
1568343805960601,加速度计,1.1797,7.8231,8.4408,,,,,,,
1568343799708309,陀螺仪,,,,,,,,-0.0153,-0.1228,-0.3791
1568343815979351,加速度计,0.3490,6.3093,6.2435,,,,,,,
1568343819745809,陀螺仪,,,,,,,,0.0152,-0.1073,-0.3643
1568343825998101,加速度计,1.7328,8.8310,5.1703,,,,,,,
1568343836016851,加速度计,0.2239,5.6300,9.1171,,,,,,,
1568343846035601,加速度计,0.3304,5.6479,9.0064,,,,,,,
1568343839783309,陀螺仪,,,,,,,,-0.0059,-0.1317,-0.3551
1568343856054351,加速度计,1.2510,9.0136,2.6073,,,,,,,
1568343866073101,加速度计,2.0375,7.3813,6.0029,,,,,,,
1568343859820809,陀螺仪,,,,,,,,0.0087,-0.1266,-0.3121
1568343876107163,加速度计,-0.7494,5.1882,8.4623,,,,,,,
1568343879866486,陀螺仪,,,,,,,,0.0397,-0.0854,-0.2615
1568343886116174,加速度计,0.6554,7.2784,6.3746,,,,,,,
1568343896114820,加速度计,1.1151,8.3312,3.9331,,,,,,,
1568343899864715,陀螺仪,,,,,,,,-0.0254,-0.0851,-0.1919
1568343906114663,加速度计,0.3603,6.5799,9.8479,,,,,,,
1568343916116486,加速度计,-0.1233,7.9691,8.9944,,,,,,,
1568343919870236,陀螺仪,,,,,,,,0.0443,-0.0499,-0.1582
1568343926120757,加速度计,0.7213,6.6619,3.2830,,,,,,,
1568343936128257,加速度计,0.0569,6.9689,5.9472,,,,,,,
1568343939903934,陀螺仪,,,,,,,,-0.0112,-0.0656,-0.1198
1568343946160601,加速度计,-0.1377,6.0651,8.2570,,,,,,,
1568343956214351,加速度计,0.5614,7.6968,1.5670,,,,,,,
1568343960007736,陀螺仪,,,,,,,,-0.0356,-0.0446,-0.0937
1568343966260705,加速度计,-0.6081,8.2414,6.7199,,,,,,,
1568343976283518,加速度计,0.7907,7.0575,13.2124,,,,,,,
1568343980049976,陀螺仪,,,,,,,,-0.0509,-0.0316,-0.0270
1568343986302268,加速度计,-0.0976,5.9711,8.9399,,,,,,,
1568343996321018,加速度计,0.0742,8.7574,0.8272,,,,,,,
1568344000087476,陀螺仪,,,,,,,,-0.0117,-0.0013,-0.0178
1568344006339768,加速度计,-1.3156,5.3486,5.3953,,,,,,,
1568344016358518,加速度计,-0.3017,7.1036,10.5979,,,,,,,
1568344020124976,陀螺仪,,,,,,,,-0.0294,-0.0264,0.0582
1568344026377268,加速度计,0.4106,9.1093,6.5314,,,,,,,
1568344036396018,加速度计,-0.0323,7.2371,4.7788,,,,,,,
1568344040162476,陀螺仪,,,,,,,,-0.0810,-0.0136,0.0419
1568344046414768,加速度计,-0.4387,5.0440,7.1150,,,,,,,
1568344056433518,加速度计,-0.8308,6.0657,9.0830,,,,,,,
1568344060199976,陀螺仪,,,,,,,,-0.0342,0.0246,0.1189
1568344066452268,加速度计,0.5728,7.3586,7.1120,,,,,,,
1568344076471018,加速度计,-0.1203,7.0090,4.5173,,,,,,,
1568344080237476,陀螺仪,,,,,,,,-0.0272,0.0623,0.1442
1568344086489768,加速度计,0.6069,6.8773,5.5833,,,,,,,
1568344096508518,加速度计,1.1241,6.4171,11.0097,,,,,,,
1568344100274976,陀螺仪,,,,,,,,-0.0152,0.0714,0.1563
1568344106527268,加速度计,0.7207,8.2426,5.5689,,,,,,,
1568344116546018,加速度计,0.2280,7.2281,5.6916,,,,,,,
1568344126568674,加速度计,0.9595,5.4731,9.8629,,,,,,,
1568344120313778,陀螺仪,,,,,,,,-0.0660,0.0639,0.1378
1568344136586434,加速度计,0.5429,6.8169,8.6730,,,,,,,
1568344140348882,陀螺仪,,,,,,,,-0.0115,0.0667,0.1016
1568344146600601,加速度计,0.1700,6.9767,6.3153,,,,,,,
1568344156614768,加速度计,1.1702,6.9246,3.9397,,,,,,,
1568344160377528,陀螺仪,,,,,,,,-0.0320,0.0312,0.0029
1568344166629299,加速度计,0.7620,4.7160,8.7909,,,,,,,
1568344176644247,加速度计,0.1580,6.9342,8.6173,,,,,,,
1568344180408049,陀螺仪,,,,,,,,0.0129,0.0060,-0.0603
1568344186659976,加速度计,-0.0898,8.5150,5.3427,,,,,,,
1568344196676538,加速度计,0.7302,6.2375,8.5647,,,,,,,
1568344200441799,陀螺仪,,,,,,,,-0.0326,-0.0506,-0.1144
1568344206693934,加速度计,0.1712,6.3799,7.4316,,,,,,,
1568344216712163,加速度计,-0.4190,6.1327,9.8827,,,,,,,
1568344220478882,陀螺仪,,,,,,,,0.0045,-0.0780,-0.1366
1568344226731226,加速度计,-0.6135,7.8362,6.1549,,,,,,,
1568344236751122,加速度计,-0.2484,5.6671,7.5956,,,,,,,
1568344240519299,陀螺仪,,,,,,,,0.0294,-0.0971,-0.1433
1568344246771851,加速度计,-0.7739,7.1796,5.6234,,,,,,,
1568344256793049,加速度计,-0.7464,7.2742,7.7883,,,,,,,
1568344260562007,陀螺仪,,,,,,,,0.0161,-0.1097,-0.1003
1568344266814663,加速度计,-1.0696,8.3953,6.5685,,,,,,,
1568344276836695,加速度计,-0.7578,6.5870,6.6702,,,,,,,
1568344280606070,陀螺仪,,,,,,,,0.0216,-0.0835,-0.0411
1568344286858778,加速度计,-0.5698,6.7241,4.0612,,,,,,,
1568344296880861,加速度计,-0.5477,7.6052,6.5511,,,,,,,
1568344300650236,陀螺仪,,,,,,,,-0.0438,-0.0886,0.0759
1568344306902945,加速度计,-0.1095,7.6519,10.8451,,,,,,,
1568344316925028,加速度计,1.6203,8.0978,6.2860,,,,,,,
1568344320692528,陀螺仪,,,,,,,,0.0254,0.0092,0.1156
1568344326944924,加速度计,-0.0335,5.5144,5.6192,,,,,,,
1568344336963778,加速度计,-0.9547,7.1425,4.1539,,,,,,,
1568344340730236,陀螺仪,,,,,,,,-0.0089,0.0328,0.1832
1568344346982528,加速度计,-0.6369,7.4298,7.4406,,,,,,,
1568344357001278,加速度计,1.0116,7.1407,9.2817,,,,,,,
1568344360767736,陀螺仪,,,,,,,,0.0047,0.0467,0.2381
1568344367020028,加速度计,1.4275,6.8959,6.2560,,,,,,,
1568344377044715,加速度计,-1.0636,6.9402,8.5904,,,,,,,
1568344380806799,陀螺仪,,,,,,,,0.0365,0.0831,0.2213
1568344387058465,加速度计,0.8745,7.3275,7.8985,,,,,,,
1568344397072215,加速度计,1.2198,7.5250,5.3887,,,,,,,
1568344407085965,加速度计,0.1101,6.5817,4.1162,,,,,,,
1568344400834299,陀螺仪,,,,,,,,0.0648,0.0904,0.2120
1568344417100132,加速度计,-0.8284,7.2467,5.0003,,,,,,,
1568344427114715,加速度计,0.8068,6.3973,8.2001,,,,,,,
1568344420862945,陀螺仪,,,,,,,,-0.0032,0.0682,0.1446
1568344437130132,加速度计,1.7178,6.3817,9.6618,,,,,,,
1568344440894403,陀螺仪,,,,,,,,0.0202,0.0353,0.0851
1568344447146382,加速度计,0.0413,7.4448,6.2531,,,,,,,
1568344457163465,加速度计,-0.1197,5.7437,7.3281,,,,,,,
1568344460929195,陀螺仪,,,,,,,,0.0518,0.0294,0.0385
1568344467181382,加速度计,1.5682,7.8985,6.2644,,,,,,,
1568344477200132,加速度计,1.0750,7.0515,7.8428,,,,,,,
1568344480967320,陀螺仪,,,,,,,,0.0169,0.0069,-0.0092
1568344487219715,加速度计,0.5549,6.8522,4.6681,,,,,,,
1568344497240132,加速度计,-0.1562,7.1060,7.0455,,,,,,,
1568344501008778,陀螺仪,,,,,,,,-0.0194,-0.0130,-0.0549
1568344507261382,加速度计,0.4729,7.0096,7.7087,,,,,,,
1568344517283465,加速度计,0.0712,6.5469,7.9751,,,,,,,
1568344521053205,陀螺仪,,,,,,,,0.0072,-0.0346,-0.0586
1568344527305965,加速度计,-0.1927,8.1241,8.5581,,,,,,,
1568344537328882,加速度计,0.3328,6.1896,5.0392,,,,,,,
1568344541098986,陀螺仪,,,,,,,,0.0296,-0.0434,-0.0691
1568344547351799,加速度计,0.5100,7.1144,6.2159,,,,,,,
1568344557374715,加速度计,-0.3118,7.4196,6.8229,,,,,,,
1568344567397632,加速度计,-0.3519,7.0132,9.5445,,,,,,,
1568344561144820,陀螺仪,,,,,,,,-0.0257,-0.0513,-0.0566
1568344577417215,加速度计,0.5991,7.3328,6.6481,,,,,,,
1568344587436382,加速度计,-0.0658,7.2437,7.1281,,,,,,,
1568344581184038,陀螺仪,,,,,,,,0.0158,-0.0309,-0.0043
1568344597455132,加速度计,-0.6794,6.0531,5.7389,,,,,,,
1568344601221590,陀螺仪,,,,,,,,0.0061,-0.0057,0.0422
1568344607473882,加速度计,0.7446,7.0599,6.9079,,,,,,,
1568344617492632,加速度计,0.3921,7.4214,5.6389,,,,,,,
1568344621260861,陀螺仪,,,,,,,,-0.0049,0.0149,0.0863
1568344627515028,加速度计,-0.5656,6.2399,7.5723,,,,,,,
1568344638425024,GPS,,,,31.9429,118.7852,3.3700,161.6000,,,
1568344637530861,加速度计,0.0646,7.1174,7.7482,,,,,,,
1568344641294768,陀螺仪,,,,,,,,-0.0040,0.0417,0.1284
1568344647546695,加速度计,0.6267,7.2341,6.3907,,,,,,,
1568344657562528,加速度计,-0.2693,7.1084,6.9318,,,,,,,
1568344667578361,加速度计,-0.0437,6.7505,8.0685,,,,,,,
1568344661326434,陀螺仪,,,,,,,,0.0083,0.0748,0.1554
1568344677594611,加速度计,1.2755,7.4184,6.7516,,,,,,,
1568344681359247,陀螺仪,,,,,,,,0.0099,0.0791,0.1557
1568344687611278,加速度计,0.1137,6.4410,8.4737,,,,,,,
1568344697628361,加速度计,-0.0533,6.7612,6.0118,,,,,,,
1568344701393726,陀螺仪,,,,,,,,0.0089,0.0782,0.1302
1568344707645861,加速度计,-0.2334,6.6367,7.9308,,,,,,,
1568344717663778,加速度计,1.1905,7.3771,6.4123,,,,,,,
1568344727682111,加速度计,0.5225,6.6128,4.9530,,,,,,,
1568344721429872,陀螺仪,,,,,,,,0.0390,0.0790,0.1262
1568344737700861,加速度计,0.4088,7.9003,5.5504,,,,,,,
1568344741467684,陀螺仪,,,,,,,,-0.0222,0.0712,0.0640
1568344747720028,加速度计,0.6339,6.6864,9.0591,,,,,,,
1568344757739611,加速度计,0.3154,7.2449,5.7922,,,,,,,
1568344761507163,陀螺仪,,,,,,,,-0.0020,0.0802,0.0579
1568344767759611,加速度计,-0.2987,7.0976,7.1491,,,,,,,
1568344777780028,加速度计,0.4651,5.9652,11.3431,,,,,,,
1568344787800861,加速度计,1.2534,6.2878,10.6291,,,,,,,
1568344781548309,陀螺仪,,,,,,,,0.0140,0.0860,0.0859
1568344797822111,加速度计,1.4611,8.6018,0.9427,,,,,,,
1568344807843361,加速度计,1.0546,5.6910,1.4958,,,,,,,
1568344801590757,陀螺仪,,,,,,,,0.0425,0.1238,0.0589
1568344817864611,加速度计,0.2526,6.3770,4.9829,,,,,,,
1568344821633257,陀螺仪,,,,,,,,-0.1091,0.1031,0.0322
1568344827885861,加速度计,0.8452,7.0755,11.0540,,,,,,,
1568344837907111,加速度计,0.2879,6.4260,14.0127,,,,,,,
1568344841675028,陀螺仪,,,,,,,,0.0095,0.1676,0.1392
1568344847927528,加速度计,1.0529,6.1459,7.4717,,,,,,,
1568344857946695,加速度计,1.8310,6.5655,2.8192,,,,,,,
1568344867965445,加速度计,1.6604,6.6463,5.3253,,,,,,,
1568344861713153,陀螺仪,,,,,,,,0.0069,0.2151,0.1234
1568344878008570,加速度计,-0.5046,6.8426,9.5014,,,,,,,
1568344881753882,陀螺仪,,,,,,,,-0.0228,0.2060,0.1001
1568344888003153,加速度计,0.2286,7.0000,10.0904,,,,,,,
1568344897998570,加速度计,1.5149,6.2010,8.2714,,,,,,,
1568344901746070,陀螺仪,,,,,,,,0.0380,0.2300,0.1474
1568344907995653,加速度计,-0.0952,6.4476,5.0129,,,,,,,
1568344917995236,加速度计,0.0359,6.1351,5.5665,,,,,,,
1568344921747840,陀螺仪,,,,,,,,0.0242,0.2144,0.0928
1568344927998153,加速度计,-1.8220,9.3326,6.2650,,,,,,,
1568344938004820,加速度计,-4.2030,8.6090,5.7203,,,,,,,
1568344941764351,陀螺仪,,,,,,,,0.0739,0.1145,0.1348
1568344948015653,加速度计,-0.6369,9.8366,3.5775,,,,,,,
1568344958030653,加速度计,2.4355,9.6522,1.1827,,,,,,,
1568344968049820,加速度计,0.6961,7.8290,7.5328,,,,,,,
1568344961797476,陀螺仪,,,,,,,,-0.0611,0.0593,-0.0091
1568344978073153,加速度计,0.0922,4.6406,15.1475,,,,,,,
1568344981846903,陀螺仪,,,,,,,,0.0289,0.1758,-0.0352
1568344988100236,加速度计,-1.4605,8.9765,7.3472,,,,,,,
1568344998130653,加速度计,-0.1939,8.0595,1.7316,,,,,,,
1568345008163570,加速度计,0.9762,4.7465,4.0390,,,,,,,
1568345001909507,陀螺仪,,,,,,,,0.0080,0.1413,0.0442
1568345018198570,加速度计,0.7925,7.2778,7.2018,,,,,,,
1568345021980340,陀螺仪,,,,,,,,-0.0383,0.0547,-0.0957
1568345028234820,加速度计,0.2610,7.8470,8.5341,,,,,,,
1568345038271486,加速度计,0.6782,7.4041,8.5383,,,,,,,
1568345042051434,陀螺仪,,,,,,,,-0.0023,0.0041,-0.2061
1568345048305653,加速度计,-0.1766,5.3307,7.9218,,,,,,,
1568345058324403,加速度计,0.8990,7.0324,3.2561,,,,,,,
1568345068343153,加速度计,0.7883,7.9104,4.6190,,,,,,,
1568345062090861,陀螺仪,,,,,,,,0.0348,-0.0342,-0.2935
1568345078361903,加速度计,2.0255,7.9428,6.8498,,,,,,,
1568345082128361,陀螺仪,,,,,,,,-0.0582,-0.1060,-0.3791
1568345088380653,加速度计,0.0730,5.6072,10.6745,,,,,,,
1568345098399403,加速度计,0.2454,6.5661,8.8520,,,,,,,
1568345108418153,加速度计,0.7895,6.7660,5.9017,,,,,,,
1568345102165861,陀螺仪,,,,,,,,0.0294,-0.1301,-0.4288
1568345118436903,加速度计,0.7901,7.0731,4.4712,,,,,,,
1568345122212007,陀螺仪,,,,,,,,0.0284,-0.1979,-0.4895
1568345128468361,加速度计,0.3585,7.5381,6.6379,,,,,,,
1568345138475861,加速度计,0.3597,7.1473,8.7580,,,,,,,
1568345148483778,加速度计,0.8894,7.5340,9.0082,,,,,,,
1568345142232840,陀螺仪,,,,,,,,0.0180,-0.2499,-0.5340
1568345158492528,加速度计,1.1283,7.6638,4.5909,,,,,,,
1568345162251330,陀螺仪,,,,,,,,0.0395,-0.2684,-0.5416
1568345168502528,加速度计,0.3956,6.6565,4.5580,,,,,,,
1568345178513778,加速度计,0.6632,7.0234,5.2451,,,,,,,
1568345182275132,陀螺仪,,,,,,,,-0.0467,-0.3100,-0.5293
1568345188526695,加速度计,0.5650,6.3638,8.7053,,,,,,,
1568345198541278,加速度计,-0.1347,7.7405,8.0278,,,,,,,
1568345202305913,陀螺仪,,,,,,,,-0.0005,-0.2846,-0.4533
1568345208557945,加速度计,0.5357,6.8127,8.4599,,,,,,,
1568345218576695,加速度计,-0.0736,6.9665,4.7184,,,,,,,
1568345228597111,加速度计,0.2819,6.0549,7.1682,,,,,,,
1568345222344611,陀螺仪,,,,,,,,-0.0029,-0.2747,-0.3732
1568345238619195,加速度计,-0.9020,7.0312,8.3725,,,,,,,
1568345248642945,加速度计,-0.6075,6.3919,10.0724,,,,,,,
1568345242390028,陀螺仪,,,,,,,,-0.0324,-0.2546,-0.2587
1568345258667945,加速度计,-0.0329,7.4801,7.5597,,,,,,,
1568345262440601,陀螺仪,,,,,,,,0.0499,-0.1727,-0.1095
1568345268693778,加速度计,-0.4705,8.0146,2.6534,,,,,,,
1568345278720445,加速度计,0.3250,6.6547,4.2754,,,,,,,
1568345282494195,陀螺仪,,,,,,,,-0.0635,-0.1514,-0.0551
1568345288747528,加速度计,-0.6662,5.2271,8.5647,,,,,,,
1568345298774611,加速度计,-1.6729,6.9546,8.3384,,,,,,,
1568345302544351,陀螺仪,,,,,,,,-0.0454,-0.1248,0.0846
1568345308797111,加速度计,0.6823,6.8265,9.3571,,,,,,,
1568345318815861,加速度计,0.7027,6.7834,8.2618,,,,,,,
1568345322582320,陀螺仪,,,,,,,,0.0393,-0.0483,0.1161
1568345328834611,加速度计,-1.2085,7.7554,5.2200,,,,,,,
1568345338853361,加速度计,-1.2713,7.7961,5.7784,,,,,,,
1568345342619820,陀螺仪,,,,,,,,-0.0047,-0.0282,0.1779
1568345348872111,加速度计,-1.4222,7.4053,6.4961,,,,,,,
1568345358890861,加速度计,0.2083,6.3033,8.7442,,,,,,,
1568345362657320,陀螺仪,,,,,,,,0.0185,0.0059,0.2826
1568345368909611,加速度计,0.2670,8.0194,5.6719,,,,,,,
1568345382696018,陀螺仪,,,,,,,,0.0226,0.0423,0.2864
1568345378930653,加速度计,-0.2322,6.7672,7.2089,,,,,,,
1568345388948153,加速度计,-0.4052,7.2526,4.2946,,,,,,,
1568345398965653,加速度计,-0.0874,7.7464,4.7842,,,,,,,
1568345402731018,陀螺仪,,,,,,,,-0.0387,0.0329,0.3104
1568345408983153,加速度计,-0.2113,6.3009,8.6503,,,,,,,
1568345419000913,加速度计,0.1221,7.8775,8.1044,,,,,,,
1568345422770340,陀螺仪,,,,,,,,0.0056,0.0618,0.2947
1568345429026747,加速度计,1.0702,8.6131,7.5585,,,,,,,
1568345439043570,加速度计,-0.0162,7.4370,4.5897,,,,,,,
1568345442803101,陀螺仪,,,,,,,,0.0262,0.0747,0.2201
1568345449054403,加速度计,-0.4675,6.9133,6.6690,,,,,,,
1568345459065601,加速度计,-0.3549,6.7774,6.7331,,,,,,,
1568345469077580,加速度计,1.3054,6.5140,7.2161,,,,,,,
1568345462826122,陀螺仪,,,,,,,,0.0025,0.0169,0.2089
1568345479090393,加速度计,1.5634,9.0633,5.5557,,,,,,,
1568345482852684,陀螺仪,,,,,,,,0.0182,0.0218,0.1089
1568345489104403,加速度计,0.2687,6.9941,6.3584,,,,,,,
1568345499119663,加速度计,2.0153,6.3692,7.0366,,,,,,,
1568345502884143,陀螺仪,,,,,,,,0.0276,0.0115,0.0510
1568345509136174,加速度计,0.4136,8.8556,2.9485,,,,,,,
1568345519153934,加速度计,0.5094,6.9498,6.9821,,,,,,,
1568345522920601,陀螺仪,,,,,,,,-0.0337,-0.0027,0.0116
1568345529172945,加速度计,1.8214,6.2662,7.5699,,,,,,,
1568345539193205,加速度计,1.0529,8.2211,6.1812,,,,,,,
1568345549214715,加速度计,1.8950,6.6690,10.5153,,,,,,,
1568345542962059,陀螺仪,,,,,,,,-0.0386,-0.0146,-0.0178
1568345559237476,加速度计,1.5796,7.5363,8.1798,,,,,,,
1568345569261122,加速度计,1.4886,6.7319,4.6220,,,,,,,
1568345563008205,陀螺仪,,,,,,,,0.0521,0.0272,-0.0646
1568345579285601,加速度计,1.2504,6.8528,2.6612,,,,,,,
1568345589310549,加速度计,0.5549,5.5964,6.6295,,,,,,,
1568345583057476,陀螺仪,,,,,,,,-0.0103,-0.0087,-0.0953
1568345599335549,加速度计,1.7819,6.6954,11.5113,,,,,,,
1568345609360549,加速度计,2.9341,10.5153,6.5033,,,,,,,
1568345603107476,陀螺仪,,,,,,,,0.0278,-0.0081,-0.0929
1568345619382632,加速度计,0.5830,6.7612,5.2194,,,,,,,
1568345638880493,GPS,,,,31.9429,118.7852,3.3100,164.0000,,,
1568345623160236,陀螺仪,,,,,,,,-0.0091,0.0170,-0.1814
1568345629410757,加速度计,1.0032,6.1609,7.7255,,,,,,,
1568345639415497,加速度计,-0.9427,6.7301,8.6107,,,,,,,
1568345643170132,陀螺仪,,,,,,,,0.0173,0.0093,-0.1166
1568345649420809,加速度计,0.7069,7.5256,5.3235,,,,,,,
1568345659427111,加速度计,1.5868,7.2544,0.5435,,,,,,,
1568345663183778,陀螺仪,,,,,,,,-0.0714,-0.0137,-0.1491
1568345669434820,加速度计,0.2891,4.6352,5.9855,,,,,,,
1568345679455757,加速度计,0.2699,5.8640,12.7258,,,,,,,
1568345689506174,加速度计,-0.6614,8.0864,11.8992,,,,,,,
1568345683249924,陀螺仪,,,,,,,,-0.0387,-0.0161,-0.1245
1568345699534090,加速度计,0.8942,8.0104,7.4555,,,,,,,
1568345709552840,加速度计,1.8010,7.4609,2.2051,,,,,,,
1568345703300549,陀螺仪,,,,,,,,0.0453,0.0281,-0.0840
1568345719571590,加速度计,-0.5333,5.7245,6.2973,,,,,,,
1568345729590340,加速度计,-1.3503,6.4679,9.4242,,,,,,,
1568345723338049,陀螺仪,,,,,,,,-0.0248,0.0218,-0.1324
1568345739609090,加速度计,0.3759,7.8081,7.2245,,,,,,,
1568345743375549,陀螺仪,,,,,,,,0.0190,0.0142,-0.0302
1568345749627840,加速度计,1.7555,7.2455,6.6816,,,,,,,
1568345759646590,加速度计,0.2867,6.4033,7.9260,,,,,,,
1568345763413049,陀螺仪,,,,,,,,-0.0005,0.0385,-0.0762
1568345769665340,加速度计,0.6464,6.5302,6.8486,,,,,,,
1568345779684090,加速度计,0.2263,6.9641,7.7225,,,,,,,
1568345783450549,陀螺仪,,,,,,,,-0.0127,0.0321,-0.0639
1568345789702840,加速度计,-1.0020,6.8444,8.3683,,,,,,,
1568345799721590,加速度计,0.3759,5.9687,7.4567,,,,,,,
1568345803488049,陀螺仪,,,,,,,,0.0365,0.0510,-0.0278
1568345809740340,加速度计,0.8769,8.0260,5.0117,,,,,,,
1568345819759090,加速度计,0.1018,6.7786,7.7201,,,,,,,
1568345829777840,加速度计,-0.3448,5.8227,10.2807,,,,,,,
1568345823525549,陀螺仪,,,,,,,,-0.0056,0.0395,-0.0652
1568345839796590,加速度计,0.8086,8.1840,4.4149,,,,,,,
1568345843563049,陀螺仪,,,,,,,,0.0455,0.0515,-0.0639
1568345849815340,加速度计,-0.3454,7.3526,1.9974,,,,,,,
1568345859842372,加速度计,-0.2670,6.4212,9.0094,,,,,,,
1568345863603726,陀螺仪,,,,,,,,-0.0265,0.0064,-0.0739
1568345869855288,加速度计,-0.0700,6.5003,10.5548,,,,,,,
1568345879868205,加速度计,-0.1532,8.3264,6.0214,,,,,,,
1568345889881538,加速度计,0.6907,8.3252,3.1999,,,,,,,
1568345883629924,陀螺仪,,,,,,,,0.0494,0.0005,-0.0856
1568345899895288,加速度计,-0.7560,6.0412,7.9978,,,,,,,
1568345909909872,加速度计,-0.9499,6.4835,9.2554,,,,,,,
1568345903658101,陀螺仪,,,,,,,,-0.0029,-0.0210,-0.1202
1568345919925288,加速度计,0.1921,10.1029,2.7593,,,,,,,
1568345923690340,陀螺仪,,,,,,,,0.0093,-0.0442,-0.1059
1568345929944351,加速度计,-0.4537,6.6379,3.8607,,,,,,,
1568345939977268,加速度计,0.2861,5.2493,5.7563,,,,,,,
1568345943752840,陀螺仪,,,,,,,,-0.0374,-0.0551,-0.1189
1568345950006434,加速度计,-1.0313,6.4620,11.4359,,,,,,,
1568345960025601,加速度计,-1.8992,8.3749,9.1387,,,,,,,
1568345963792059,陀螺仪,,,,,,,,0.1193,-0.0423,-0.0652
1568345970044351,加速度计,1.3832,8.7951,2.8796,,,,,,,
1568345980063101,加速度计,1.0810,7.7165,3.3567,,,,,,,
1568345990081851,加速度计,-0.7620,5.6186,9.0010,,,,,,,
1568345983829559,陀螺仪,,,,,,,,-0.0119,-0.0791,-0.0931
1568346000100601,加速度计,-0.4046,9.2524,7.8889,,,,,,,
1568346003867059,陀螺仪,,,,,,,,0.0667,-0.0329,-0.0547
1568346010119351,加速度计,0.2286,8.4013,5.8604,,,,,,,
1568346020138101,加速度计,0.0317,7.3831,3.7080,,,,,,,
1568346023904559,陀螺仪,,,,,,,,0.0115,-0.0426,-0.0336
1568346030156851,加速度计,0.6339,5.7521,6.7247,,,,,,,
1568346040175601,加速度计,0.3124,6.7223,7.3706,,,,,,,
1568346043942059,陀螺仪,,,,,,,,-0.0093,-0.0447,-0.0430
1568346050194351,加速度计,-0.6584,8.3833,5.0135,,,,,,,
1568346060213101,加速度计,0.0527,6.9695,7.9637,,,,,,,
1568346070231851,加速度计,-0.3370,7.1575,6.9456,,,,,,,
1568346063979559,陀螺仪,,,,,,,,-0.0422,-0.0475,-0.0253
1568346080250601,加速度计,-0.0802,7.0904,9.1447,,,,,,,
1568346084017059,陀螺仪,,,,,,,,-0.0053,-0.0426,-0.0081
1568346090269351,加速度计,0.9738,8.3103,8.4025,,,,,,,
1568346100288101,加速度计,-0.0066,6.7900,6.6385,,,,,,,
1568346104054559,陀螺仪,,,,,,,,0.0192,-0.0214,-0.0301
1568346110306851,加速度计,-0.0796,6.8283,3.2352,,,,,,,
1568346120325601,加速度计,0.7673,8.4851,4.4586,,,,,,,
1568346124092059,陀螺仪,,,,,,,,-0.0782,-0.0814,-0.0466
1568346130344351,加速度计,-0.3807,6.4087,12.8485,,,,,,,
1568346140363101,加速度计,-0.8877,7.4316,11.8309,,,,,,,
1568346144129559,陀螺仪,,,,,,,,0.0770,-0.0518,-0.0848
1568346150381851,加速度计,0.7638,9.6869,2.4756,,,,,,,
1568346160400601,加速度计,-0.4699,5.9077,3.8104,,,,,,,
1568346164167059,陀螺仪,,,,,,,,-0.0242,-0.1300,-0.1483
1568346170419351,加速度计,-0.3059,5.1218,7.5806,,,,,,,
1568346180459351,加速度计,-0.2370,7.5393,9.1812,,,,,,,
1568346190460184,加速度计,-0.2670,8.6461,4.1551,,,,,,,
1568346184210132,陀螺仪,,,,,,,,0.0119,-0.1553,-0.1770
1568346200461434,加速度计,0.4172,6.2153,8.0619,,,,,,,
1568346210463934,加速度计,0.8835,3.8313,9.6121,,,,,,,
1568346204213674,陀螺仪,,,,,,,,-0.0156,-0.1972,-0.1740
1568346220468101,加速度计,-0.5872,7.8332,4.8309,,,,,,,
1568346224223986,陀螺仪,,,,,,,,0.0762,-0.1836,-0.2079
1568346230474768,加速度计,0.4747,9.0698,2.1033,,,,,,,
1568346240484351,加速度计,-1.0002,6.5236,5.9418,,,,,,,
1568346250496851,加速度计,-1.2510,6.1064,10.7188,,,,,,,
1568346244245340,陀螺仪,,,,,,,,-0.0506,-0.2389,-0.1987
1568346260512684,加速度计,-0.4094,7.4543,10.0329,,,,,,,
1568346270531434,加速度计,0.0012,8.3498,8.4629,,,,,,,
1568346264279143,陀螺仪,,,,,,,,0.0426,-0.2266,-0.1236
1568346280553101,加速度计,-0.0437,6.0639,5.0973,,,,,,,
1568346284324663,陀螺仪,,,,,,,,0.0304,-0.2121,-0.0875
1568346290577684,加速度计,-0.8248,5.8131,5.6521,,,,,,,
1568346300604768,加速度计,-0.9421,6.1884,6.0088,,,,,,,
1568346304380340,陀螺仪,,,,,,,,-0.0097,-0.1874,0.0240
1568346310633934,加速度计,-0.0688,6.2740,9.4613,,,,,,,
1568346320664768,加速度计,0.2137,7.1084,9.5666,,,,,,,
1568346330696434,加速度计,-1.0283,6.2531,7.6435,,,,,,,
1568346324442528,陀螺仪,,,,,,,,0.0474,-0.1043,0.1426
1568346340728518,加速度计,0.5369,7.0132,7.7818,,,,,,,
1568346344506643,陀螺仪,,,,,,,,0.0965,-0.0325,0.2671
1568346350760601,加速度计,-0.3974,8.3354,3.5662,,,,,,,
1568346360781434,加速度计,-0.9607,7.4585,3.7930,,,,,,,
1568346364547893,陀螺仪,,,,,,,,-0.0012,0.0204,0.3455
1568346370800184,加速度计,0.1317,7.8979,1.6514,,,,,,,
1568346380818934,加速度计,-0.4130,6.2938,9.8898,,,,,,,
1568346384585393,陀螺仪,,,,,,,,-0.0995,0.0457,0.3975
1568346390837684,加速度计,-0.4591,6.1112,13.7942,,,,,,,
1568346400856434,加速度计,0.4064,7.3161,8.4216,,,,,,,
1568346404622893,陀螺仪,,,,,,,,0.0802,0.1029,0.3880
1568346410875184,加速度计,-0.6231,9.1889,0.3232,,,,,,,
1568346420893934,加速度计,-0.2107,6.3063,4.4454,,,,,,,
1568346424667893,陀螺仪,,,,,,,,-0.0530,0.0586,0.3684
1568346430919403,加速度计,0.7302,7.2568,10.9762,,,,,,,
1568346440931903,加速度计,0.0593,7.6638,11.2707,,,,,,,
1568346444692893,陀螺仪,,,,,,,,0.0441,0.0953,0.3075
1568346450944455,加速度计,1.4365,8.9759,4.5693,,,,,,,
1568346460957424,加速度计,1.2534,5.9346,3.1131,,,,,,,
1568346464719143,陀螺仪,,,,,,,,0.0001,0.0644,0.2218
1568346470970861,加速度计,-0.3938,6.3584,6.1711,,,,,,,
1568346480985132,加速度计,0.9331,7.3837,8.0212,,,,,,,
1568346484748309,陀螺仪,,,,,,,,0.0080,0.0402,0.1674
1568346491000236,加速度计,2.1590,8.3827,7.8117,,,,,,,
1568346501016226,加速度计,1.6694,6.9935,7.0360,,,,,,,
1568346504781226,陀螺仪,,,,,,,,0.0101,0.0350,0.0846
1568346511033465,加速度计,1.1073,5.3403,8.6263,,,,,,,
1568346521051955,加速度计,1.5137,8.1134,5.2337,,,,,,,
1568346524819143,陀螺仪,,,,,,,,0.0893,0.0659,0.0184
1568346531071643,加速度计,1.4605,7.3053,2.0165,,,,,,,
1568346541092163,加速度计,0.9541,6.7187,3.3561,,,,,,,
1568346544860809,陀螺仪,,,,,,,,-0.0479,0.0152,-0.0061
1568346551113518,加速度计,0.8080,8.2989,8.1666,,,,,,,
1568346561135705,加速度计,1.0038,6.6834,11.9973,,,,,,,
1568346564905809,陀螺仪,,,,,,,,0.0092,0.0293,-0.0312
1568346571158674,加速度计,1.9142,8.0984,7.5537,,,,,,,
1568346581182059,加速度计,1.0229,6.8803,3.8235,,,,,,,
1568346584952893,陀螺仪,,,,,,,,-0.0201,-0.0044,-0.0891
1568346591205809,加速度计,0.6464,5.3971,5.8329,,,,,,,
1568346601229559,加速度计,1.1420,7.3322,7.1880,,,,,,,
1568346605000393,陀螺仪,,,,,,,,-0.0032,-0.0189,-0.1264
1568346611252840,加速度计,1.2240,8.3067,7.1102,,,,,,,
1568346621273830,加速度计,1.3880,7.1748,7.7638,,,,,,,
1568346636885648,GPS,,,,31.9429,118.7852,3.3600,162.5000,,,
1568346631297476,加速度计,0.2023,6.3153,8.4240,,,,,,,
1568346625046538,陀螺仪,,,,,,,,-0.0220,-0.0274,-0.1510
1568346641305601,加速度计,1.9178,7.4639,8.3402,,,,,,,
1568346645063257,陀螺仪,,,,,,,,0.0601,-0.0037,-0.1562
1568346651314351,加速度计,1.3342,6.8714,6.4614,,,,,,,
1568346661323934,加速度计,0.5620,6.9426,4.7501,,,,,,,
1568346665083205,陀螺仪,,,,,,,,0.0455,-0.0037,-0.1617
1568346671334559,加速度计,1.2534,6.9510,5.3020,,,,,,,
1568346681364559,加速度计,0.7691,8.1092,4.9530,,,,,,,
1568346685152893,陀螺仪,,,,,,,,-0.0262,-0.0248,-0.1655
1568346691405184,加速度计,0.6776,6.7175,9.3182,,,,,,,
1568346701423934,加速度计,0.0239,6.7241,7.5322,,,,,,,
1568346705190393,陀螺仪,,,,,,,,-0.0073,0.0041,-0.1112
1568346711442684,加速度计,0.4842,6.8654,8.9621,,,,,,,
1568346721461434,加速度计,1.1217,8.0984,7.0575,,,,,,,
1568346725227893,陀螺仪,,,,,,,,0.0000,0.0241,-0.0854
1568346731480184,加速度计,0.1197,7.2646,9.7989,,,,,,,
1568346741498934,加速度计,0.2131,6.3710,5.1565,,,,,,,
1568346745265393,陀螺仪,,,,,,,,0.0563,0.0577,-0.0679
1568346751517684,加速度计,0.1544,7.0838,-0.3065,,,,,,,
1568346761536434,加速度计,1.0804,6.7050,9.6893,,,,,,,
1568346765302893,陀螺仪,,,,,,,,-0.1001,-0.0087,-0.0454
1568346771555184,加速度计,-1.5000,5.6581,18.5425,,,,,,,
1568346781573934,加速度计,0.1125,9.4733,6.8654,,,,,,,
1568346785340393,陀螺仪,,,,,,,,0.1850,0.1276,0.0385
1568346791592684,加速度计,2.1949,8.7460,-0.8164,,,,,,,
1568346801611434,加速度计,0.4998,5.4079,0.3286,,,,,,,
1568346805377893,陀螺仪,,,,,,,,-0.1109,0.0499,-0.0305
1568346811630184,加速度计,-1.6508,4.5430,10.6093,,,,,,,
1568346821648934,加速度计,-0.7853,7.1646,15.9825,,,,,,,
1568346825415393,陀螺仪,,,,,,,,0.0811,0.0952,0.0630
1568346831667684,加速度计,0.1035,8.2271,9.7504,,,,,,,
1568346841686434,加速度计,1.2683,6.3141,0.6746,,,,,,,
1568346845452893,陀螺仪,,,,,,,,0.1047,0.1771,0.0991
1568346851705184,加速度计,1.3449,6.8744,-2.9880,,,,,,,
1568346861723934,加速度计,-0.4447,5.2930,8.7514,,,,,,,
1568346865490393,陀螺仪,,,,,,,,-0.0687,0.1284,0.0728
1568346871742684,加速度计,-0.6482,7.4789,13.4476,,,,,,,
1568346881761434,加速度计,-0.5088,8.0451,10.0796,,,,,,,
1568346885527893,陀螺仪,,,,,,,,0.0826,0.1925,0.1593
1568346891780184,加速度计,0.7320,6.6212,4.7896,,,,,,,
1568346901798934,加速度计,1.2025,7.0653,2.7216,,,,,,,
1568346905565393,陀螺仪,,,,,,,,0.0158,0.2153,0.1193
1568346911817684,加速度计,-0.1030,6.3201,7.5304,,,,,,,
1568346921837163,加速度计,-0.5201,8.2313,8.7143,,,,,,,
1568346925627476,陀螺仪,,,,,,,,0.0232,0.2024,0.0815
1568346931877163,加速度计,-0.1885,7.0665,6.9803,,,,,,,
1568346941875184,加速度计,-0.2101,5.7652,7.1108,,,,,,,
1568346945624143,陀螺仪,,,,,,,,0.0561,0.2063,0.0923
1568346951874090,加速度计,1.5658,7.5034,4.8872,,,,,,,
1568346961874351,加速度计,0.0880,8.0439,4.8578,,,,,,,
1568346965626226,陀螺仪,,,,,,,,0.0241,0.1899,-0.0011
1568346971876799,加速度计,0.2089,7.8015,7.4124,,,,,,,
1568346981882215,加速度计,0.7596,6.2866,8.2953,,,,,,,
1568346985639559,陀螺仪,,,,,,,,0.0486,0.1519,-0.0466
1568346991890965,加速度计,-0.5662,7.1401,5.1338,,,,,,,
1568347001903101,加速度计,1.6759,9.3111,0.8260,,,,,,,
1568347005666643,陀螺仪,,,,,,,,-0.0039,0.1277,-0.1253
1568347011918986,加速度计,1.3701,7.9763,6.6044,,,,,,,
1568347021938570,加速度计,-0.6446,6.7415,8.5120,,,,,,,
1568347025708309,陀螺仪,,,,,,,,-0.0268,0.0818,-0.2366
1568347031961486,加速度计,-0.7177,7.2383,8.5467,,,,,,,
1568347041987684,加速度计,1.0235,6.1609,2.9868,,,,,,,
1568347045762893,陀螺仪,,,,,,,,-0.0224,0.0130,-0.2824
1568347052016695,加速度计,1.2157,8.8699,2.8635,,,,,,,
1568347062047736,加速度计,-0.5908,7.9565,11.0822,,,,,,,
1568347065826226,陀螺仪,,,,,,,,-0.0989,-0.0589,-0.4392
1568347072080393,加速度计,0.3783,6.2213,14.9063,,,,,,,
1568347082114195,加速度计,0.2568,7.2897,4.6914,,,,,,,
1568347085894143,陀螺仪,,,,,,,,0.0527,-0.0827,-0.4700
1568347092148309,加速度计,1.6418,8.2702,-1.7526,,,,,,,
1568347102180184,加速度计,1.3803,5.8263,6.7929,,,,,,,
1568347105946643,陀螺仪,,,,,,,,-0.1064,-0.1848,-0.6004
1568347112198934,加速度计,0.0419,6.4620,14.0641,,,,,,,
1568347122217684,加速度计,0.0742,8.9896,10.3376,,,,,,,
1568347125984143,陀螺仪,,,,,,,,0.0394,-0.1904,-0.5898
1568347132236434,加速度计,1.4198,7.3161,4.3323,,,,,,,
1568347142255184,加速度计,1.2857,5.4947,2.1422,,,,,,,
1568347146021643,陀螺仪,,,,,,,,-0.0185,-0.2169,-0.6081
1568347152273934,加速度计,0.5465,6.7906,4.2760,,,,,,,
1568347162292684,加速度计,0.6369,7.2490,10.0515,,,,,,,
1568347166059143,陀螺仪,,,,,,,,-0.0453,-0.2541,-0.6071
1568347172311851,加速度计,-0.2131,8.1038,9.5265,,,,,,,
1568347182336903,加速度计,0.3508,7.4166,5.4354,,,,,,,
1568347186097163,陀螺仪,,,,,,,,-0.0134,-0.2507,-0.5578
1568347192348570,加速度计,1.0882,6.6762,5.9723,,,,,,,
1568347202360340,加速度计,0.1873,6.5015,7.9829,,,,,,,
1568347206121070,陀螺仪,,,,,,,,-0.0226,-0.2702,-0.5626
1568347212372632,加速度计,-0.0850,7.4256,7.1814,,,,,,,
1568347222385757,加速度计,-0.6871,7.7009,4.2850,,,,,,,
1568347226147945,陀螺仪,,,,,,,,-0.0032,-0.2803,-0.5408
1568347232399715,加速度计,0.3508,6.5206,6.9246,,,,,,,
1568347242414611,加速度计,0.4854,6.7570,6.4506,,,,,,,
1568347246178674,陀螺仪,,,,,,,,-0.0326,-0.3285,-0.5292
1568347252430757,加速度计,-1.1869,7.5166,4.8501,,,,,,,
1568347262448153,加速度计,-0.3795,6.6649,5.5929,,,,,,,
1568347266214403,陀螺仪,,,,,,,,-0.0718,-0.3609,-0.5044
1568347272466799,加速度计,0.1820,5.4546,7.1910,,,,,,,
1568347282486695,加速度计,-1.0409,6.8995,5.8933,,,,,,,
1568347286255080,陀螺仪,,,,,,,,-0.0385,-0.3465,-0.4348
1568347292507736,加速度计,-0.7883,7.1952,4.8447,,,,,,,
1568347302529611,加速度计,-0.6614,7.3364,6.6553,,,,,,,
1568347306299455,陀螺仪,,,,,,,,-0.0874,-0.3599,-0.3557
1568347312552320,加速度计,-0.5650,5.2559,11.5640,,,,,,,
1568347322575757,加速度计,0.1532,6.4506,12.1745,,,,,,,
1568347326346643,陀螺仪,,,,,,,,0.0503,-0.3245,-0.2723
1568347332599611,加速度计,-1.2809,9.0309,8.3432,,,,,,,
1568347342623778,加速度计,-0.9200,6.8366,6.5775,,,,,,,
1568347346396747,陀螺仪,,,,,,,,0.0527,-0.3056,-0.1819
1568347352652111,加速度计,-1.4353,6.0759,0.0802,,,,,,,
1568347362672059,加速度计,0.0874,6.9534,6.2608,,,,,,,
1568347366435965,陀螺仪,,,,,,,,-0.0956,-0.3266,-0.0827
1568347372687893,加速度计,0.0233,5.5659,19.4355,,,,,,,
1568347382703726,加速度计,-0.0778,8.6814,10.5824,,,,,,,
1568347392719559,加速度计,-1.5137,8.8023,3.5452,,,,,,,
1568347386467632,陀螺仪,,,,,,,,0.1419,-0.2080,-0.0272
1568347402735757,加速度计,-0.2957,6.2004,1.2061,,,,,,,
1568347412752372,加速度计,-1.4222,4.4071,7.8260,,,,,,,
1568347406500340,陀螺仪,,,,,,,,-0.0160,-0.2274,0.0699
1568347422769403,加速度计,-1.1666,8.1187,3.1657,,,,,,,
1568347426540809,陀螺仪,,,,,,,,-0.0083,-0.1698,0.1543
1568347432794663,加速度计,-0.2095,7.1257,1.3198,,,,,,,
1568347442822893,加速度计,-0.9188,4.2671,4.4813,,,,,,,
1568347446589663,陀螺仪,,,,,,,,-0.1350,-0.1718,0.1908
1568347452841955,加速度计,-2.9072,6.9007,4.7698,,,,,,,
1568347462860705,加速度计,0.4717,8.2313,12.9113,,,,,,,
1568347466627163,陀螺仪,,,,,,,,-0.1164,-0.2245,0.2630
1568347472879455,加速度计,2.0183,9.0794,24.4466,,,,,,,
1568347482898205,加速度计,1.3838,7.6309,14.0779,,,,,,,
1568347486664663,陀螺仪,,,,,,,,0.2442,-0.1037,0.0979
1568347492916955,加速度计,-2.4846,8.0164,-3.1987,,,,,,,
1568347502935705,加速度计,-1.5897,7.7889,-2.1763,,,,,,,
1568347506702163,陀螺仪,,,,,,,,-0.0154,-0.2534,0.1734
1568347512954455,加速度计,-0.4920,4.4532,8.1738,,,,,,,
1568347522973205,加速度计,2.1386,7.5920,10.3058,,,,,,,
1568347532991955,加速度计,1.2959,8.8759,5.9448,,,,,,,
1568347526739663,陀螺仪,,,,,,,,0.0905,-0.1756,0.1515
1568347543010705,加速度计,-0.0760,5.7377,5.9047,,,,,,,
1568347546777163,陀螺仪,,,,,,,,0.1061,-0.1539,0.1168
1568347553029455,加速度计,-1.3180,5.5557,4.8560,,,,,,,
1568347563048830,加速度计,-0.3160,7.4825,3.8409,,,,,,,
1568347573080965,加速度计,0.1634,8.7101,6.1184,,,,,,,
1568347566823934,陀螺仪,,,,,,,,0.0925,-0.1756,0.2060
1568347583087632,加速度计,0.9583,6.2812,10.7895,,,,,,,
1568347586843882,陀螺仪,,,,,,,,0.1112,-0.1465,0.1832
1568347593094715,加速度计,0.1814,8.3450,6.9198,,,,,,,
1568347603102632,加速度计,-0.8499,8.4366,4.7297,,,,,,,
1568347606860705,陀螺仪,,,,,,,,0.0948,-0.1411,0.1969
1568347613111799,加速度计,0.5082,7.6393,4.9901,,,,,,,
1568347623122632,加速度计,0.5698,7.2221,7.8667,,,,,,,
1568347636748669,GPS,,,,31.9428,118.7852,3.5900,164.4000,,,
1568347633170340,加速度计,0.4405,7.7027,6.7546,,,,,,,
1568347626914090,陀螺仪,,,,,,,,0.0462,-0.1402,0.2111
1568347643200965,加速度计,0.1275,6.2010,3.8780,,,,,,,
1568347646967424,陀螺仪,,,,,,,,0.0591,-0.0872,0.2184
1568347653219715,加速度计,0.9553,7.0018,0.0832,,,,,,,
1568347663238465,加速度计,1.6975,6.6643,4.3311,,,,,,,
1568347667004924,陀螺仪,,,,,,,,-0.1374,-0.1059,0.2264
1568347673257215,加速度计,-1.3204,8.6377,7.3496,,,,,,,
1568347683275965,加速度计,0.2664,5.1206,14.7501,,,,,,,
1568347693294715,加速度计,1.2534,7.2933,8.7909,,,,,,,
1568347687042424,陀螺仪,,,,,,,,-0.0644,-0.0403,0.2872
1568347703313465,加速度计,-0.1867,6.2722,6.3967,,,,,,,
1568347707079924,陀螺仪,,,,,,,,0.0085,0.0115,0.3276
1568347713332215,加速度计,0.6590,5.7718,3.6685,,,,,,,
1568347723350965,加速度计,0.4561,4.2222,9.0908,,,,,,,
1568347727117424,陀螺仪,,,,,,,,0.0550,0.0194,0.3128
1568347733369715,加速度计,-0.7889,7.2754,6.5362,,,,,,,
1568347743388465,加速度计,0.2322,9.6965,7.5741,,,,,,,
1568347747154924,陀螺仪,,,,,,,,0.0395,0.0354,0.3590
1568347753407215,加速度计,2.1530,13.8157,-1.7346,,,,,,,
1568347763425965,加速度计,1.8334,6.6104,9.8821,,,,,,,
1568347767192424,陀螺仪,,,,,,,,-0.1886,0.0284,0.2149
1568347773444715,加速度计,-0.3178,5.7563,11.4048,,,,,,,
1568347783463465,加速度计,-2.0758,2.2308,15.1858,,,,,,,
1568347787229924,陀螺仪,,,,,,,,-0.0201,0.0944,0.3691
1568347793482215,加速度计,0.5076,9.0830,3.3208,,,,,,,
1568347803500965,加速度计,1.7119,6.2016,3.5123,,,,,,,
1568347807267424,陀螺仪,,,,,,,,-0.1146,0.0815,0.3486
1568347813519715,加速度计,1.6933,5.2768,7.6118,,,,,,,
1568347823543413,加速度计,-0.6057,5.2110,12.2428,,,,,,,
1568347827308049,陀螺仪,,,,,,,,-0.0330,0.1128,0.2490
1568347833560080,加速度计,-0.7428,8.2259,8.7364,,,,,,,
1568347843576747,加速度计,0.6608,7.3209,5.3738,,,,,,,
1568347847341382,陀螺仪,,,,,,,,-0.0033,0.1498,0.3474
1568347853593413,加速度计,0.8553,6.0651,2.6528,,,,,,,
1568347863610080,加速度计,0.9714,7.2383,3.8744,,,,,,,
1568347867374715,陀螺仪,,,,,,,,-0.1036,0.1498,0.2778
1568347873626799,加速度计,0.3262,7.6722,8.7287,,,,,,,
1568347883643934,加速度计,-0.2628,7.3065,11.5879,,,,,,,
1568347887409299,陀螺仪,,,,,,,,-0.0623,0.1791,0.3024
1568347893661486,加速度计,-0.8326,5.7443,10.6446,,,,,,,
1568347903679455,加速度计,1.0654,7.0970,4.3922,,,,,,,
1568347907445549,陀螺仪,,,,,,,,-0.0019,0.2144,0.3790
1568347913697840,加速度计,1.6340,6.8809,3.7918,,,,,,,
1568347923716643,加速度计,0.8499,5.6623,6.7277,,,,,,,
1568347927483465,陀螺仪,,,,,,,,-0.0418,0.2113,0.2764
1568347933735861,加速度计,0.8775,5.2283,8.3635,,,,,,,
1568347943755497,加速度计,0.6273,5.7066,7.3047,,,,,,,
1568347947523049,陀螺仪,,,,,,,,0.0430,0.2284,0.2570
1568347953775549,加速度计,-0.3771,6.7074,8.0020,,,,,,,
1568347963795965,加速度计,0.6572,6.8103,7.5501,,,,,,,
1568347967563882,陀螺仪,,,,,,,,0.1349,0.2587,0.2574
1568347973816382,加速度计,1.4730,9.0836,3.5129,,,,,,,
1568347983836799,加速度计,1.2486,8.9597,4.1719,,,,,,,
1568347987604715,陀螺仪,,,,,,,,0.0226,0.2161,0.1406
1568347993857215,加速度计,0.5237,5.8293,8.7879,,,,,,,
1568348003877632,加速度计,-0.2634,7.1611,7.0862,,,,,,,
1568348007645549,陀螺仪,,,,,,,,0.0792,0.1816,0.0980
1568348013898049,加速度计,0.5650,7.1934,5.8317,,,,,,,
1568348023918465,加速度计,1.3593,7.4657,4.6346,,,,,,,
1568348027686382,陀螺仪,,,,,,,,0.0390,0.1454,0.0345
1568348033938674,加速度计,0.9290,8.3564,6.9073,,,,,,,
1568348043957424,加速度计,0.3346,6.4296,8.6616,,,,,,,
1568348047723882,陀螺仪,,,,,,,,0.0312,0.1305,-0.0633
1568348053976174,加速度计,-0.1281,7.2736,4.9315,,,,,,,
1568348063994976,加速度计,0.3950,8.3181,4.6603,,,,,,,
1568348067764559,陀螺仪,,,,,,,,-0.0076,0.1001,-0.0719
1568348074016538,加速度计,0.6931,7.1976,8.4809,,,,,,,
1568348084032788,加速度计,-0.0670,7.5561,8.6700,,,,,,,
1568348087797059,陀螺仪,,,,,,,,0.0248,0.0972,-0.1162
1568348094049038,加速度计,0.9571,8.7071,5.6671,,,,,,,
1568348104065288,加速度计,0.2035,6.7205,5.6060,,,,,,,
1568348107829559,陀螺仪,,,,,,,,-0.0064,0.0723,-0.1459
1568348114081590,加速度计,1.1175,6.5170,7.3975,,,,,,,
1568348124098309,加速度计,0.3903,7.9140,6.9755,,,,,,,
1568348127863309,陀螺仪,,,,,,,,0.0025,0.0565,-0.1722
1568348134115445,加速度计,0.6141,8.7430,5.4306,,,,,,,
1568348144132997,加速度计,0.2454,6.2991,7.0066,,,,,,,
1568348147898726,陀螺仪,,,,,,,,-0.0119,0.0407,-0.2071
1568348154150965,加速度计,0.1610,7.6261,3.9654,,,,,,,
1568348164169351,加速度计,0.8164,6.8271,9.8402,,,,,,,
1568348167935809,陀螺仪,,,,,,,,-0.0461,-0.0130,-0.2173
1568348174188153,加速度计,0.6231,7.8392,10.3555,,,,,,,
1568348184207372,加速度计,0.1766,7.6357,5.1080,,,,,,,
1568348187974559,陀螺仪,,,,,,,,0.0154,0.0205,-0.2427
1568348194227007,加速度计,1.2438,7.9631,2.3439,,,,,,,
1568348204247059,加速度计,0.3543,5.1056,7.0042,,,,,,,
1568348208014976,陀螺仪,,,,,,,,-0.0718,-0.0250,-0.2550
1568348214267476,加速度计,0.4627,5.3115,8.5168,,,,,,,
1568348224287893,加速度计,1.0499,7.3424,8.4629,,,,,,,
1568348228055809,陀螺仪,,,,,,,,0.0309,0.0033,-0.2410
1568348234308309,加速度计,0.6243,8.9214,7.3029,,,,,,,
1568348244328726,加速度计,0.9140,6.6451,7.2419,,,,,,,
1568348248096643,陀螺仪,,,,,,,,0.0242,0.0104,-0.2326
1568348254349143,加速度计,0.9373,6.8636,5.0811,,,,,,,
1568348264369559,加速度计,0.5608,5.9741,1.8729,,,,,,,
1568348268137476,陀螺仪,,,,,,,,-0.0403,-0.0156,-0.2530
1568348274389976,加速度计,0.5584,6.5529,4.9937,,,,,,,
1568348284410340,加速度计,-0.2945,7.3023,9.8964,,,,,,,
1568348288177893,陀螺仪,,,,,,,,-0.0643,-0.0317,-0.2441
1568348294430184,加速度计,-0.3478,7.4370,10.2879,,,,,,,
1568348304448934,加速度计,-0.1137,8.1313,4.5011,,,,,,,
1568348308215393,陀螺仪,,,,,,,,-0.0254,-0.0466,-0.2566
1568348314468257,加速度计,-0.1856,6.3057,4.9853,,,,,,,
1568348324493986,加速度计,-1.0163,5.8065,9.0273,,,,,,,
1568348328252424,陀螺仪,,,,,,,,-0.0301,-0.1012,-0.2815
1568348334503570,加速度计,-0.5662,7.4956,7.5866,,,,,,,
1568348344513257,加速度计,0.1993,7.0779,6.6726,,,,,,,
1568348348272163,陀螺仪,,,,,,,,-0.0232,-0.1340,-0.2991
1568348354523465,加速度计,-0.0443,6.6768,7.4801,,,,,,,
1568348364534611,加速度计,-0.6812,6.7289,9.2057,,,,,,,
1568348368295393,陀螺仪,,,,,,,,0.0087,-0.1494,-0.2835
1568348374547007,加速度计,0.2167,7.4627,8.8214,,,,,,,
1568348384560757,加速度计,1.0804,8.1852,4.7609,,,,,,,
1568348388324143,陀螺仪,,,,,,,,-0.0031,-0.1674,-0.2910
1568348394576174,加速度计,0.3669,5.4450,8.6365,,,,,,,
1568348404593257,加速度计,0.0784,6.2668,6.2225,,,,,,,
1568348408359559,陀螺仪,,,,,,,,0.0001,-0.1651,-0.2864
1568348414612007,加速度计,-0.5124,7.4113,2.6504,,,,,,,
1568348424632424,加速度计,0.4214,6.0310,7.7093,,,,,,,
1568348428401590,陀螺仪,,,,,,,,-0.0639,-0.2095,-0.2257
1568348434654403,加速度计,0.9463,6.0627,13.6134,,,,,,,
1568348444677632,加速度计,-0.4316,8.2193,9.0968,,,,,,,
1568348448448934,陀螺仪,,,,,,,,0.0704,-0.1554,-0.2286
1568348454702007,加速度计,0.5608,8.1977,4.0139,,,,,,,
1568348464727111,加速度计,-0.0018,5.7658,1.8585,,,,,,,
1568348468499455,陀螺仪,,,,,,,,-0.0357,-0.2000,-0.1898
1568348474752632,加速度计,-0.2987,4.9261,5.7353,,,,,,,
1568348484778465,加速度计,-0.0371,7.5441,8.4527,,,,,,,
1568348488550965,陀螺仪,,,,,,,,-0.0332,-0.1863,-0.1304
1568348494803986,加速度计,0.6129,7.6710,11.3952,,,,,,,
1568348504827215,加速度计,0.1652,8.0152,6.9653,,,,,,,
1568348508593986,陀螺仪,,,,,,,,0.0415,-0.1421,-0.1127
1568348514846278,加速度计,-0.6512,7.0078,3.6099,,,,,,,
1568348524865028,加速度计,0.0718,7.6028,5.3151,,,,,,,
1568348528631486,陀螺仪,,,,,,,,-0.0338,-0.1695,-0.0739
1568348534883778,加速度计,-0.2095,6.4165,9.5912,,,,,,,
1568348544902528,加速度计,0.2550,6.9246,9.8623,,,,,,,
1568348548668986,陀螺仪,,,,,,,,0.0614,-0.1249,0.0104
1568348554921278,加速度计,0.3029,7.4358,7.0701,,,,,,,
1568348564940445,加速度计,0.5303,7.8464,2.6007,,,,,,,
1568348568711278,陀螺仪,,,,,,,,0.0811,-0.0842,0.0389
1568348574963049,加速度计,0.4310,6.8594,1.7059,,,,,,,
1568348584977632,加速度计,-0.2867,7.2089,4.0396,,,,,,,
1568348588740445,陀螺仪,,,,,,,,-0.0372,-0.0908,0.0780
1568348594992215,加速度计,-0.1053,7.1796,7.1473,,,,,,,
1568348605006903,加速度计,0.7655,7.0509,10.0359,,,,,,,
1568348608770132,陀螺仪,,,,,,,,-0.0196,-0.0430,0.1671
1568348615022007,加速度计,0.7033,7.5058,8.7305,,,,,,,
1568348625044507,加速度计,0.4956,7.7081,6.4608,,,,,,,
1568348638741794,GPS,,,,31.9428,118.7852,3.6400,168.3000,,,
1568348628819403,陀螺仪,,,,,,,,0.0370,0.0142,0.1786
1568348635072372,加速度计,0.5608,7.3484,5.7790,,,,,,,
1568348645092163,加速度计,0.5668,8.5425,6.6756,,,,,,,
1568348655110965,加速度计,-0.0287,7.8069,13.9169,,,,,,,
1568348648858674,陀螺仪,,,,,,,,-0.0182,-0.0080,0.1730
1568348665129715,加速度计,1.1241,7.4418,9.3140,,,,,,,
1568348675148465,加速度计,1.0457,7.3783,0.0365,,,,,,,
1568348668896174,陀螺仪,,,,,,,,0.1233,0.0517,0.1455
1568348685167215,加速度计,0.3831,5.7281,0.5118,,,,,,,
1568348688933674,陀螺仪,,,,,,,,-0.0495,0.0003,0.0984
1568348695185965,加速度计,0.5034,5.9490,7.9631,,,,,,,
1568348705204715,加速度计,0.5160,8.0990,12.2918,,,,,,,
1568348708971174,陀螺仪,,,,,,,,0.0121,0.0205,0.1407
1568348715223465,加速度计,2.3768,9.8072,6.5882,,,,,,,
1568348725242215,加速度计,1.3629,8.2732,5.7323,,,,,,,
1568348729008674,陀螺仪,,,,,,,,-0.0117,0.0561,0.0574
1568348735260965,加速度计,0.8601,4.5191,9.3446,,,,,,,
1568348745279715,加速度计,-0.6728,6.7840,8.2708,,,,,,,
1568348749046174,陀螺仪,,,,,,,,0.0755,0.0475,0.0822
1568348755298465,加速度计,-0.5746,8.3617,4.6082,,,,,,,
1568348765317215,加速度计,1.8453,6.4266,5.8245,,,,,,,
1568348769083674,陀螺仪,,,,,,,,0.0217,0.0134,0.0446
1568348775335965,加速度计,0.9511,6.7463,7.3993,,,,,,,
1568348785354715,加速度计,0.3861,7.4555,6.9570,,,,,,,
1568348789121174,陀螺仪,,,,,,,,0.0305,0.0178,-0.0296
1568348795373465,加速度计,-0.2765,7.6315,6.1321,,,,,,,
1568348805392215,加速度计,-0.0323,5.6994,6.9198,,,,,,,
1568348809158674,陀螺仪,,,,,,,,-0.0035,-0.0166,-0.0170
1568348815410965,加速度计,0.7727,7.2323,7.5549,,,,,,,
1568348825450757,加速度计,0.9206,6.8582,8.0481,,,,,,,
1568348829196174,陀螺仪,,,,,,,,0.0065,-0.0111,-0.0567
1568348835445549,加速度计,0.3675,6.8049,5.8658,,,,,,,
1568348845441382,加速度计,-0.1125,5.8879,6.5912,,,,,,,
1568348855439090,加速度计,1.0289,5.1912,8.0224,,,,,,,
1568348849189195,陀螺仪,,,,,,,,0.0011,-0.0188,-0.0547
1568348865439507,加速度计,0.2274,6.1711,6.9845,,,,,,,
1568348869192580,陀螺仪,,,,,,,,0.0547,-0.0020,-0.0450
1568348875443361,加速度计,0.7799,8.1684,2.6258,,,,,,,
1568348885451070,加速度计,0.8589,5.8622,8.7143,,,,,,,
1568348889211122,陀螺仪,,,,,,,,-0.0288,-0.0165,-0.0422
1568348895462945,加速度计,-0.1047,7.5447,10.1999,,,,,,,
1568348905478986,加速度计,0.1879,7.5878,10.5656,,,,,,,
1568348909246330,陀螺仪,,,,,,,,0.0601,0.0381,0.0149
1568348915499195,加速度计,0.5890,7.6112,7.3831,,,,,,,
1568348925523465,加速度计,-0.1125,7.6489,4.0821,,,,,,,
1568348929297632,陀螺仪,,,,,,,,0.0276,0.0590,0.0507
1568348935551382,加速度计,0.3813,6.5134,4.2473,,,,,,,
1568348945582424,加速度计,0.3077,7.0509,7.3963,,,,,,,
1568348949361538,陀螺仪,,,,,,,,-0.0458,0.0197,0.0366
1568348955615861,加速度计,-0.6530,5.5492,11.4299,,,,,,,
1568348965651174,加速度计,0.1299,5.7491,5.4378,,,,,,,
1568348969432997,陀螺仪,,,,,,,,0.0935,0.0815,0.0704
1568348975687528,加速度计,0.6973,8.9812,1.4844,,,,,,,
1568348985723570,加速度计,-0.3298,7.1904,7.3167,,,,,,,
1568348989501590,陀螺仪,,,,,,,,-0.0238,0.0497,0.0457
1568348995753882,加速度计,-0.8918,6.8283,7.9751,,,,,,,
1568349005772632,加速度计,0.5369,8.0499,7.0814,,,,,,,
1568349009539090,陀螺仪,,,,,,,,0.0052,0.0410,0.0810
1568349015791382,加速度计,0.8601,8.8232,6.3117,,,,,,,
1568349025810132,加速度计,0.3783,6.4643,8.1798,,,,,,,
1568349029576590,陀螺仪,,,,,,,,-0.0023,0.0650,0.0304
1568349035828882,加速度计,0.0066,7.8991,4.3263,,,,,,,
1568349045847632,加速度计,-1.1253,6.4380,5.4181,,,,,,,
1568349049617997,陀螺仪,,,,,,,,-0.0475,0.0234,0.0127
1568349055877007,加速度计,-0.2729,8.0942,5.3822,,,,,,,
1568349065893257,加速度计,0.5058,6.1471,7.2407,,,,,,,
1568349069662840,陀螺仪,,,,,,,,-0.0607,-0.0041,-0.0261
1568349075913726,加速度计,-0.3549,7.6273,5.2936,,,,,,,
1568349085921330,加速度计,-0.7805,6.9007,8.2780,,,,,,,
1568349089678413,陀螺仪,,,,,,,,-0.0399,-0.0324,-0.0623
1568349095929455,加速度计,0.4663,6.5451,5.0931,,,,,,,
1568349105938518,加速度计,0.5213,8.2390,3.5446,,,,,,,
1568349109697476,陀螺仪,,,,,,,,-0.0981,-0.0880,-0.1092
1568349115948830,加速度计,-0.3867,5.8006,13.9193,,,,,,,
1568349125960497,加速度计,0.5333,7.1832,11.3533,,,,,,,
1568349135973830,加速度计,0.0209,9.1973,2.8784,,,,,,,
1568349129722059,陀螺仪,,,,,,,,0.0867,-0.0482,-0.1045
1568349145988934,加速度计,0.9673,7.1293,0.2143,,,,,,,
1568349156006122,加速度计,0.0437,4.3539,5.9741,,,,,,,
1568349149753830,陀螺仪,,,,,,,,-0.0583,-0.1176,-0.1451
1568349166025288,加速度计,-0.4866,7.0826,9.2320,,,,,,,
1568349176046122,加速度计,0.2831,9.9707,8.4767,,,,,,,
1568349169793413,陀螺仪,,,,,,,,-0.0248,-0.1342,-0.1675
1568349186068622,加速度计,0.4028,7.2167,8.6850,,,,,,,
1568349189839611,陀螺仪,,,,,,,,-0.0340,-0.1447,-0.1435
1568349196092684,加速度计,-0.3938,6.8654,4.6711,,,,,,,
1568349206117893,加速度计,1.7370,6.4985,5.0823,,,,,,,
1568349209890653,陀螺仪,,,,,,,,-0.0939,-0.1587,-0.1421
1568349216143934,加速度计,0.7165,7.3095,8.3881,,,,,,,
1568349226170705,加速度计,-1.2570,5.9532,10.3938,,,,,,,
1568349236197788,加速度计,-0.2119,7.2137,6.7469,,,,,,,
1568349229944455,陀螺仪,,,,,,,,-0.0260,-0.1252,-0.1302
1568349246225705,加速度计,-0.0389,7.1150,5.7299,,,,,,,
1568349250012684,陀螺仪,,,,,,,,-0.0044,-0.1438,-0.0656
1568349256262580,加速度计,0.6237,7.8590,5.1170,,,,,,,
1568349266262215,加速度计,0.7979,8.2432,8.3222,,,,,,,
1568349270012268,陀螺仪,,,,,,,,-0.0127,-0.1333,-0.0876
1568349276262372,加速度计,-0.0724,7.1353,9.3942,,,,,,,
1568349286263882,加速度计,-0.1293,7.3292,4.0552,,,,,,,
1568349290016851,陀螺仪,,,,,,,,-0.0146,-0.1364,-0.0174
1568349296267528,加速度计,-0.4226,7.3215,6.4422,,,,,,,
1568349306273726,加速度计,-0.5088,5.7622,8.9130,,,,,,,
1568349310031434,陀螺仪,,,,,,,,-0.0274,-0.1165,0.0337
1568349316283205,加速度计,0.6261,6.9378,8.7718,,,,,,,
1568349326317059,加速度计,-0.3220,7.8715,6.7505,,,,,,,
1568349330109507,陀螺仪,,,,,,,,0.0463,-0.0738,0.0686
1568349336365549,加速度计,-0.1748,4.9225,4.6950,,,,,,,
1568349346407893,加速度计,-1.4102,6.8055,4.7657,,,,,,,
1568349350182424,陀螺仪,,,,,,,,0.0040,-0.0960,0.1108
1568349356434715,加速度计,-0.4537,7.7063,8.9244,,,,,,,
1568349366453465,加速度计,-0.1520,6.8187,9.4924,,,,,,,
1568349370219924,陀螺仪,,,,,,,,0.0554,-0.0803,0.1483
1568349376472215,加速度计,-1.6771,7.0982,4.6448,,,,,,,
1568349386490965,加速度计,-0.2119,6.0286,4.1539,,,,,,,
1568349390257424,陀螺仪,,,,,,,,-0.0250,-0.0937,0.1783
1568349396509715,加速度计,-0.6859,6.9115,6.6433,,,,,,,
1568349406528465,加速度计,-1.4347,6.3764,7.2556,,,,,,,
1568349410294924,陀螺仪,,,,,,,,-0.0494,-0.0778,0.2140
1568349416547215,加速度计,-0.5417,6.2094,4.9476,,,,,,,
1568349426565965,加速度计,-0.7207,4.3114,12.6450,,,,,,,
1568349436584715,加速度计,-0.5561,6.7355,13.7451,,,,,,,
1568349430332424,陀螺仪,,,,,,,,-0.0230,-0.0662,0.2728
1568349446603465,加速度计,-0.4322,9.0016,5.7090,,,,,,,
1568349456622215,加速度计,0.1832,8.5497,-0.0413,,,,,,,
1568349450369924,陀螺仪,,,,,,,,0.1258,-0.0100,0.3201
1568349466640965,加速度计,-0.9164,4.3730,6.3835,,,,,,,
1568349470407424,陀螺仪,,,,,,,,-0.0120,-0.0188,0.3513
1568349476659715,加速度计,0.1604,5.7760,8.7526,,,,,,,
1568349486678465,加速度计,0.1538,8.9729,4.5155,,,,,,,
1568349490444924,陀螺仪,,,,,,,,0.0188,0.0511,0.3944
1568349496697215,加速度计,0.7260,7.8344,4.6855,,,,,,,
1568349506715965,加速度计,-0.0168,5.5665,8.6084,,,,,,,
1568349516734715,加速度计,-0.3220,8.6467,10.2059,,,,,,,
1568349510482424,陀螺仪,,,,,,,,-0.0097,0.0831,0.4533
1568349526753465,加速度计,0.2382,7.4711,8.1451,,,,,,,
1568349530519924,陀螺仪,,,,,,,,0.0449,0.1182,0.4800
1568349536772215,加速度计,0.3819,9.1548,2.9431,,,,,,,
1568349546790965,加速度计,0.1915,6.2034,6.3698,,,,,,,
1568349550557424,陀螺仪,,,,,,,,-0.0547,0.1236,0.4483
1568349556809715,加速度计,0.8230,6.1118,10.2843,,,,,,,
1568349566829247,加速度计,0.4345,8.9669,6.0621,,,,,,,
1568349570600497,陀螺仪,,,,,,,,0.0253,0.1759,0.4182
1568349576852476,加速度计,0.5160,7.7333,-0.4800,,,,,,,
1568349586868726,加速度计,1.4048,4.8189,5.6036,,,,,,,
1568349590632997,陀螺仪,,,,,,,,-0.1115,0.1324,0.3707
1568349596884976,加速度计,0.5991,6.6900,10.4597,,,,,,,
1568349606901226,加速度计,1.5670,8.1876,13.2782,,,,,,,
1568349610665601,陀螺仪,,,,,,,,0.0059,0.1614,0.3072
1568349616917632,加速度计,1.6376,8.7376,6.2076,,,,,,,
1568349626954663,加速度计,0.4926,5.6084,4.9183,,,,,,,
1568349636628304,GPS,,,,31.9428,118.7852,3.6000,170.6000,,,
1568349636966695,加速度计,2.1015,7.0928,5.6617,,,,,,,
1568349630716695,陀螺仪,,,,,,,,-0.0075,0.1405,0.2329
1568349646967476,加速度计,0.6788,6.1076,11.0439,,,,,,,
1568349656969403,加速度计,1.3186,8.2498,8.2552,,,,,,,
1568349650719195,陀螺仪,,,,,,,,0.0017,0.1125,0.1553
1568349666972945,加速度计,2.2386,6.0388,7.7566,,,,,,,
1568349670728153,陀螺仪,,,,,,,,0.0621,0.1169,0.0884
1568349676978882,加速度计,1.4958,6.3303,6.8528,,,,,,,
1568349686987684,加速度计,0.8098,6.0663,6.5948,,,,,,,
1568349690747945,陀螺仪,,,,,,,,0.1212,0.1105,0.0498
1568349696999403,加速度计,1.7424,9.0231,3.9271,,,,,,,
1568349707014403,加速度计,1.7316,8.4713,3.8008,,,,,,,
1568349710780445,陀螺仪,,,,,,,,-0.0121,0.0647,-0.0109
1568349717032736,加速度计,1.5251,7.4148,5.0021,,,,,,,
1568349727054038,加速度计,0.5986,6.2944,13.5841,,,,,,,
1568349730825236,陀螺仪,,,,,,,,-0.0019,0.0682,-0.0277
1568349737078257,加速度计,-0.2634,6.3925,10.5758,,,,,,,
1568349747105028,加速度计,2.3762,7.9188,2.3828,,,,,,,
1568349750880340,陀螺仪,,,,,,,,0.0870,0.1115,-0.0003
1568349757133934,加速度计,0.5567,6.7289,2.8886,,,,,,,
1568349767164559,加速度计,-0.1149,5.3187,10.0778,,,,,,,
1568349770942528,陀螺仪,,,,,,,,0.0374,0.0718,0.0048
1568349777196486,加速度计,0.5082,8.4575,9.6534,,,,,,,
1568349787228934,加速度计,1.3390,9.8623,5.1206,,,,,,,
1568349791007424,陀螺仪,,,,,,,,0.0505,0.0864,-0.0061
1568349797261434,加速度计,1.4988,7.9266,4.8584,,,,,,,
1568349807285184,加速度计,-0.7225,3.8852,9.6277,,,,,,,
1568349811052111,陀螺仪,,,,,,,,0.0370,0.1009,-0.0088
1568349817304403,加速度计,-0.0407,7.6644,5.4791,,,,,,,
1568349827344976,加速度计,1.5760,7.0072,5.5192,,,,,,,
1568349837330028,加速度计,1.3515,7.0276,3.9983,,,,,,,
1568349831081851,陀螺仪,,,,,,,,0.0184,0.1089,0.0346
1568349847316799,加速度计,-0.4130,4.7435,11.8345,,,,,,,
1568349857306538,加速度计,0.7865,7.8937,12.1500,,,,,,,
1568349851057580,陀螺仪,,,,,,,,0.0261,0.1201,0.0513
1568349867300340,加速度计,1.5724,6.8678,10.1945,,,,,,,
1568349877298882,加速度计,1.7885,8.7478,0.5004,,,,,,,
1568349871048726,陀螺仪,,,,,,,,0.1780,0.2003,0.0858
1568349887302736,加速度计,0.4956,5.7419,3.4758,,,,,,,
1568349891060809,陀螺仪,,,,,,,,0.0168,0.1602,0.0282
1568349897312424,加速度计,-0.6063,6.3566,6.3578,,,,,,,
1568349907327945,加速度计,0.4088,6.3674,9.6869,,,,,,,
1568349911096226,陀螺仪,,,,,,,,0.0173,0.1541,0.0768
1568349917349299,加速度计,0.4717,7.4418,9.1075,,,,,,,
1568349927376174,加速度计,1.0217,5.7754,3.7403,,,,,,,
1568349931153622,陀螺仪,,,,,,,,0.0264,0.1915,0.0625
1568349937407893,加速度计,2.8922,5.8778,-0.5848,,,,,,,
1568349947443882,加速度计,-1.1797,7.2730,16.0908,,,,,,,
1568349951228205,陀螺仪,,,,,,,,-0.0213,0.1826,0.0387
1568349957483309,加速度计,-0.3250,6.2267,15.6521,,,,,,,
1568349967525184,加速度计,1.6867,9.5594,2.8796,,,,,,,
1568349971312997,陀螺仪,,,,,,,,0.1186,0.2043,0.0297
1568349977568413,加速度计,1.2863,6.5404,-0.7494,,,,,,,
1568349987611538,加速度计,1.0529,2.7539,1.5802,,,,,,,
1568349991392580,陀螺仪,,,,,,,,-0.0328,0.1470,-0.0675
1568349997644872,加速度计,-1.4060,8.0403,10.1742,,,,,,,
1568350007663622,加速度计,-0.2257,10.8374,19.0351,,,,,,,
1568350011430080,陀螺仪,,,,,,,,0.0771,0.1153,-0.0285
1568350017682372,加速度计,1.0038,7.1533,12.5857,,,,,,,
1568350027701122,加速度计,0.9619,7.7153,-3.8080,,,,,,,
1568350031467580,陀螺仪,,,,,,,,0.2603,0.1807,-0.1222
1568350037719872,加速度计,2.4870,7.4705,-11.9135,,,,,,,
1568350047738622,加速度计,-1.9411,4.3676,24.3586,,,,,,,
1568350051505080,陀螺仪,,,,,,,,-0.2779,-0.0622,-0.2067
1568350057757372,加速度计,-1.5395,9.3919,12.1470,,,,,,,
1568350067777997,加速度计,1.4281,11.0995,-1.4718,,,,,,,
1568350071555757,陀螺仪,,,,,,,,0.0585,0.0415,-0.2505
1568350077806070,加速度计,1.2851,4.9859,3.5195,,,,,,,
1568350087809143,加速度计,0.0072,3.0233,8.3899,,,,,,,
1568350091562424,陀螺仪,,,,,,,,0.0117,-0.0324,-0.2566
1568350097812945,加速度计,0.0365,9.5367,12.9083,,,,,,,
1568350107818153,加速度计,1.7962,11.0983,6.0088,,,,,,,
1568350111574195,陀螺仪,,,,,,,,0.0855,-0.0458,-0.3107
1568350117825184,加速度计,1.7514,6.8061,0.6644,,,,,,,
1568350127834455,加速度计,0.9595,5.3780,3.5949,,,,,,,
1568350137846226,加速度计,0.1682,8.9046,5.5635,,,,,,,
1568350131594611,陀螺仪,,,,,,,,-0.0712,-0.0871,-0.3431
1568350147860497,加速度计,-0.4082,6.2926,12.1045,,,,,,,
1568350151625132,陀螺仪,,,,,,,,-0.0640,-0.0880,-0.2768
1568350157877424,加速度计,1.4096,5.6581,9.5008,,,,,,,
1568350167897111,加速度计,0.8733,7.7883,2.3960,,,,,,,
1568350171666382,陀螺仪,,,,,,,,-0.0103,-0.0377,-0.2214
1568350177919299,加速度计,0.5974,7.2467,4.5993,,,,,,,
1568350187943830,加速度计,0.2316,5.6282,8.5982,,,,,,,
1568350191716903,陀螺仪,,,,,,,,-0.0342,-0.0490,-0.1855
1568350197970288,加速度计,-1.0008,6.3081,9.2344,,,,,,,
1568350207998257,加速度计,0.8751,8.5874,4.7896,,,,,,,
1568350211773674,陀螺仪,,,,,,,,0.0248,-0.0290,-0.1088
1568350218027320,加速度计,-0.5381,8.1954,5.3840,,,,,,,
1568350228057059,加速度计,0.0287,7.4232,8.3905,,,,,,,
1568350231833361,陀螺仪,,,,,,,,-0.0324,-0.0268,-0.1027
1568350238087059,加速度计,-0.2227,6.4123,6.9809,,,,,,,
1568350248114559,加速度计,-1.1133,7.7967,3.2052,,,,,,,
1568350251883986,陀螺仪,,,,,,,,-0.0445,-0.0320,-0.0603
1568350258136330,加速度计,-0.2233,4.5825,8.9196,,,,,,,
1568350268155340,加速度计,-1.3114,8.9118,7.6752,,,,,,,
1568350278174090,加速度计,0.0964,8.0266,8.7616,,,,,,,
1568350271921799,陀螺仪,,,,,,,,-0.0129,-0.0306,-0.0248
1568350288192840,加速度计,1.3797,9.3541,4.2659,,,,,,,
1568350291959299,陀螺仪,,,,,,,,-0.0683,-0.0410,-0.0589
1568350298211590,加速度计,-1.5071,4.0534,9.9820,,,,,,,
1568350308230340,加速度计,-0.4381,4.6807,7.0072,,,,,,,
1568350311997424,陀螺仪,,,,,,,,0.0149,-0.0208,0.0033
1568350318250028,加速度计,0.2610,8.3103,6.2525,,,,,,,
1568350328271434,加速度计,0.0533,9.0926,6.0436,,,,,,,
1568350332033518,陀螺仪,,,,,,,,-0.0281,-0.0274,-0.0041
1568350338285184,加速度计,0.2328,6.4757,6.1064,,,,,,,
1568350348298934,加速度计,-1.8226,6.2830,7.7045,,,,,,,
1568350352061174,陀螺仪,,,,,,,,-0.0178,-0.0204,-0.0035
1568350358312893,加速度计,-0.6087,7.1084,8.9669,,,,,,,
1568350368327268,加速度计,0.3322,7.9697,6.5003,,,,,,,
1568350372092893,陀螺仪,,,,,,,,-0.0268,-0.0505,0.0419
1568350378347997,加速度计,-0.8721,6.5332,4.9249,,,,,,,
1568350388380497,加速度计,0.3316,3.8355,7.3191,,,,,,,
1568350392148778,陀螺仪,,,,,,,,-0.0503,-0.0605,0.0362
1568350398401122,加速度计,-0.5375,6.8504,8.7478,,,,,,,
1568350408419976,加速度计,-0.9116,6.5050,8.2355,,,,,,,
1568350412186434,陀螺仪,,,,,,,,0.0075,-0.0469,0.0711
1568350418438726,加速度计,0.7219,6.6212,5.7383,,,,,,,
1568350428457476,加速度计,0.2807,6.1848,6.7953,,,,,,,
1568350432223934,陀螺仪,,,,,,,,-0.0164,-0.0648,0.0581
1568350438476226,加速度计,-0.7183,5.4779,8.3222,,,,,,,
1568350448494976,加速度计,-0.1018,7.1072,6.0986,,,,,,,
1568350452261434,陀螺仪,,,,,,,,0.0158,-0.0479,0.0949
1568350458513726,加速度计,0.9804,7.3735,6.3255,,,,,,,
1568350468532476,加速度计,0.7608,5.9358,6.0124,,,,,,,
1568350472298934,陀螺仪,,,,,,,,-0.0168,-0.0192,0.0919
1568350478551226,加速度计,-0.2843,6.3728,6.7325,,,,,,,
1568350488569976,加速度计,0.2191,7.3855,7.9637,,,,,,,
1568350492336434,陀螺仪,,,,,,,,0.0004,0.0164,0.1522
1568350498588726,加速度计,0.4232,7.6866,7.1287,,,,,,,
1568350508607476,加速度计,0.5076,7.2939,6.8815,,,,,,,
1568350512373934,陀螺仪,,,,,,,,-0.0080,0.0301,0.1664
1568350518626226,加速度计,0.3777,6.3285,8.3187,,,,,,,
1568350528644976,加速度计,-0.7099,7.4855,7.3867,,,,,,,
1568350532411434,陀螺仪,,,,,,,,0.0459,0.0602,0.1904
1568350538663726,加速度计,0.7643,7.5196,4.4329,,,,,,,
1568350548682476,加速度计,1.2306,8.6221,5.0386,,,,,,,
1568350552448934,陀螺仪,,,,,,,,-0.0312,0.0434,0.1727
1568350558701226,加速度计,-0.7961,6.1717,9.0106,,,,,,,
1568350568720288,加速度计,0.6237,7.3179,7.9835,,,,,,,
1568350572489820,陀螺仪,,,,,,,,0.0341,0.0839,0.1987
1568350578741955,加速度计,0.7919,9.0609,4.7986,,,,,,,
1568350588759455,加速度计,1.5000,7.7393,6.0208,,,,,,,
1568350598776955,加速度计,0.9720,6.7325,5.5079,,,,,,,
1568350592524820,陀螺仪,,,,,,,,-0.0060,0.0844,0.1610
1568350608794455,加速度计,-0.5674,7.7907,8.4928,,,,,,,
1568350612559820,陀螺仪,,,,,,,,-0.0301,0.0727,0.1374
1568350618811955,加速度计,0.8350,7.1706,9.0597,,,,,,,
1568350641161584,GPS,,,,31.9427,118.7852,3.2500,165.3000,,,
1568350628837163,加速度计,0.7434,7.4759,5.2882,,,,,,,
1568350632602528,陀螺仪,,,,,,,,-0.0186,0.0691,0.1206
1568350638854663,加速度计,1.2635,6.4709,6.4835,,,,,,,
1568350652637528,陀螺仪,,,,,,,,-0.0124,0.0740,0.0587
1568350648872163,加速度计,0.4184,6.8869,7.6614,,,,,,,
1568350658889663,加速度计,1.0343,5.9981,8.5862,,,,,,,
1568350672672528,陀螺仪,,,,,,,,-0.0013,0.0667,0.0346
1568350668907163,加速度计,1.7436,8.2253,4.0259,,,,,,,
1568350678924663,加速度计,0.7135,6.0615,6.2596,,,,,,,
1568350688942163,加速度计,1.0421,6.3584,9.4218,,,,,,,
1568350692707528,陀螺仪,,,,,,,,0.0220,0.0636,0.0031
1568350698959663,加速度计,1.0343,6.3650,10.4291,,,,,,,
1568350708977215,加速度计,2.1434,9.1153,2.3361,,,,,,,
1568350712742945,陀螺仪,,,,,,,,0.0240,0.0571,-0.0270
1568350718995184,加速度计,0.9373,6.8289,3.8241,,,,,,,
1568350729013570,加速度计,0.9535,5.9286,8.2654,,,,,,,
1568350732780028,陀螺仪,,,,,,,,-0.0357,0.0391,-0.0759
1568350739032372,加速度计,0.3765,5.8389,8.2073,,,,,,,
1568350749051590,加速度计,1.1881,8.4258,5.3720,,,,,,,
1568350752818778,陀螺仪,,,,,,,,-0.0024,0.0549,-0.0686
1568350759071174,加速度计,1.2222,8.1373,7.3723,,,,,,,
1568350769090757,加速度计,0.4214,4.8848,11.4688,,,,,,,
1568350772857945,陀螺仪,,,,,,,,0.0830,0.0839,-0.0867
1568350779110340,加速度计,0.6722,9.5906,3.1196,,,,,,,
1568350789129924,加速度计,0.4735,7.5250,4.4652,,,,,,,
1568350792897111,陀螺仪,,,,,,,,-0.0383,0.0290,-0.0889
1568350799149507,加速度计,1.1474,6.0944,8.0080,,,,,,,
1568350809169090,加速度计,0.1909,6.7145,6.6852,,,,,,,
1568350812936278,陀螺仪,,,,,,,,-0.0053,0.0467,-0.1001
1568350819190601,加速度计,1.4335,7.5908,4.9566,,,,,,,
1568350829222580,加速度计,0.6674,7.2736,5.2894,,,,,,,
1568350832973882,陀螺仪,,,,,,,,-0.0778,0.0466,-0.1111
1568350839224038,加速度计,0.5848,5.7784,9.6947,,,,,,,
1568350849226330,加速度计,0.2634,7.0880,11.5293,,,,,,,
1568350852979559,陀螺仪,,,,,,,,0.0047,0.0679,-0.0762
1568350859230080,加速度计,0.8709,7.1455,6.6403,,,,,,,
1568350869235705,加速度计,1.5137,5.8401,5.5204,,,,,,,
1568350872992528,陀螺仪,,,,,,,,-0.0089,0.0623,-0.1023
1568350879243622,加速度计,0.5052,6.6768,5.5342,,,,,,,
1568350889254247,加速度计,0.7482,5.5049,10.5129,,,,,,,
1568350899267997,加速度计,0.7105,7.9499,7.8781,,,,,,,
1568350893016122,陀螺仪,,,,,,,,-0.0021,0.0410,-0.1162
1568350909285080,加速度计,1.3204,6.9180,4.1318,,,,,,,
1568350913052632,陀螺仪,,,,,,,,-0.0067,0.0477,-0.1535
1568350919305288,加速度计,1.3731,5.4157,7.6339,,,,,,,
1568350929328413,加速度计,-0.3717,6.2519,8.1600,,,,,,,
1568350939354247,加速度计,0.3849,7.1329,8.9405,,,,,,,
1568350933100913,陀螺仪,,,,,,,,0.0093,0.0390,-0.1744
1568350949382372,加速度计,0.7290,6.7331,6.6960,,,,,,,
1568350953158570,陀螺仪,,,,,,,,0.0405,0.0250,-0.1660
1568350959412372,加速度计,0.2310,6.9647,6.6230,,,,,,,
1568350969443622,加速度计,0.9697,6.6996,8.2367,,,,,,,
1568350973221538,陀螺仪,,,,,,,,0.0309,-0.0146,-0.2032
1568350979475497,加速度计,-0.4304,6.8217,6.8456,,,,,,,
1568350989507580,加速度计,-0.0527,7.1652,5.0470,,,,,,,
1568350993281643,陀螺仪,,,,,,,,0.0435,-0.0478,-0.2334
1568350999534247,加速度计,0.3633,6.5499,5.4767,,,,,,,
1568351009554247,加速度计,0.1891,7.2820,5.4696,,,,,,,
1568351013320705,陀螺仪,,,,,,,,-0.0009,-0.0842,-0.2658
1568351019572997,加速度计,-0.8086,7.1688,8.6987,,,,,,,
1568351029591747,加速度计,-0.0449,8.9687,6.7762,,,,,,,
1568351033358205,陀螺仪,,,,,,,,0.0490,-0.0704,-0.2221
1568351039610497,加速度计,0.3466,7.3442,5.1218,,,,,,,
1568351049629247,加速度计,0.1939,7.5022,4.3964,,,,,,,
1568351059647997,加速度计,-0.6829,6.5224,9.8264,,,,,,,
1568351053395705,陀螺仪,,,,,,,,-0.0581,-0.1233,-0.2261
1568351069668830,加速度计,-0.3262,6.3817,14.1024,,,,,,,
1568351073438465,陀螺仪,,,,,,,,0.0896,-0.0863,-0.1595
1568351079689715,加速度计,0.5453,9.6289,6.3333,,,,,,,
1568351089700132,加速度计,0.0180,7.3813,3.1400,,,,,,,
1568351099710809,加速度计,0.2975,6.8564,3.8660,,,,,,,
1568351093459507,陀螺仪,,,,,,,,0.0925,-0.0744,-0.1518
1568351109722163,加速度计,-0.9427,7.3454,4.8058,,,,,,,
1568351119734351,加速度计,-0.8948,8.9328,6.6445,,,,,,,
1568351113482840,陀螺仪,,,,,,,,0.0289,-0.0937,-0.1081
1568351129747632,加速度计,0.7626,8.0726,11.1181,,,,,,,
1568351139762163,加速度计,-0.2538,7.0563,8.1983,,,,,,,
1568351133510340,陀螺仪,,,,,,,,0.0332,-0.0651,-0.0136
1568351149778205,加速度计,0.1263,7.3257,6.3973,,,,,,,
1568351153543674,陀螺仪,,,,,,,,0.1040,-0.0060,0.0513
1568351159795913,加速度计,-0.8685,8.8166,3.0819,,,,,,,
1568351169815288,加速度计,0.2616,6.0531,7.1311,,,,,,,
1568351173583465,陀螺仪,,,,,,,,0.0281,-0.0181,0.0928
1568351179836070,加速度计,0.2664,7.1108,6.9240,,,,,,,
1568351189858101,加速度计,-0.4196,7.4735,6.3327,,,,,,,
1568351193628465,陀螺仪,,,,,,,,0.0410,0.0198,0.1318
1568351199881382,加速度计,-0.2167,7.7021,5.2559,,,,,,,
1568351209905653,加速度计,0.5363,6.8001,4.7956,,,,,,,
1568351219930497,加速度计,0.0790,7.2143,4.1120,,,,,,,
1568351213677424,陀螺仪,,,,,,,,-0.0027,0.0486,0.1421
1568351229955757,加速度计,-1.2175,6.8983,7.2957,,,,,,,
1568351233728049,陀螺仪,,,,,,,,-0.0589,0.0574,0.1419
1568351239981174,加速度计,-0.5489,7.9146,8.9765,,,,,,,
1568351250005809,加速度计,-0.2149,6.6098,9.9473,,,,,,,
1568351253774299,陀螺仪,,,,,,,,-0.0196,0.0538,0.1826
1568351260026590,加速度计,-0.6249,7.1838,8.1080,,,,,,,
1568351270045340,加速度计,0.9266,5.8784,6.6996,,,,,,,
1568351273811799,陀螺仪,,,,,,,,0.0639,0.0848,0.1394
1568351280064090,加速度计,0.9008,7.4609,5.8215,,,,,,,
1568351290082840,加速度计,-0.7296,7.6148,4.4365,,,,,,,
1568351293849299,陀螺仪,,,,,,,,0.0047,0.0523,0.0864
1568351300101590,加速度计,-0.3956,7.5435,7.2401,,,,,,,
1568351310120340,加速度计,-0.7626,5.7437,5.8796,,,,,,,
1568351320139872,加速度计,0.0982,7.6321,4.8513,,,,,,,
1568351313887424,陀螺仪,,,,,,,,-0.0036,0.0369,0.0768
1568351330159872,加速度计,-0.7781,7.7249,8.9615,,,,,,,
1568351333924143,陀螺仪,,,,,,,,-0.0563,0.0121,0.0542
1568351340176122,加速度计,-0.3172,6.7912,7.9577,,,,,,,
1568351350192372,加速度计,-0.4615,7.0677,5.0721,,,,,,,
1568351353956643,陀螺仪,,,,,,,,-0.0501,0.0083,0.0458
1568351360208622,加速度计,-0.0898,6.3536,4.3987,,,,,,,
1568351370225132,加速度计,-0.3909,4.9201,9.6756,,,,,,,
1568351373989976,陀螺仪,,,,,,,,-0.0683,-0.0177,0.0397
1568351380242059,加速度计,-0.6632,7.3382,14.4460,,,,,,,
1568351390259403,加速度计,0.4268,8.8298,10.0329,,,,,,,
1568351394024976,陀螺仪,,,,,,,,0.0730,-0.0017,0.0418
1568351400277163,加速度计,-0.8092,7.5208,5.7646,,,,,,,
1568351410295340,加速度计,0.4884,6.5900,2.4636,,,,,,,
1568351414061643,陀螺仪,,,,,,,,0.0007,-0.0442,0.0190
1568351420313934,加速度计,0.5160,6.3788,2.8994,,,,,,,
1568351430332945,加速度计,-1.1965,6.4470,16.1938,,,,,,,
1568351434099976,陀螺仪,,,,,,,,-0.0346,-0.0774,0.0160
1568351440352372,加速度计,1.6041,6.8606,13.2896,,,,,,,
1568351450372215,加速度计,1.6598,5.4725,-1.4102,,,,,,,
1568351454139976,陀螺仪,,,,,,,,0.0680,-0.0011,-0.1069
1568351460392476,加速度计,0.9128,9.3697,-6.8133,,,,,,,
1568351470412893,加速度计,-2.9293,-0.9762,-6.2315,,,,,,,
1568351474180809,陀螺仪,,,,,,,,-0.3607,0.0148,-0.0667
1568351480433309,加速度计,-1.0762,-5.9921,-4.2060,,,,,,,
1568351490453726,加速度计,1.5329,30.6296,47.0784,,,,,,,
1568351494221643,陀螺仪,,,,,,,,0.5225,-0.0461,-0.0032
1568351500474143,加速度计,-0.1850,10.9092,-12.9580,,,,,,,
1568351510494559,加速度计,0.3891,-20.4303,-16.3530,,,,,,,
1568351514262476,陀螺仪,,,,,,,,-0.8056,-0.1823,-0.0678
1568351520514976,加速度计,-0.0808,2.0979,55.4964,,,,,,,
1568351530535393,加速度计,3.9911,29.4852,-14.3455,,,,,,,
1568351534303101,陀螺仪,,,,,,,,0.0740,0.1015,-0.1617
1568351540555549,加速度计,-3.3160,16.0657,27.6638,,,,,,,
1568351550574768,加速度计,-2.6109,-8.1074,8.9346,,,,,,,
1568351554341226,陀螺仪,,,,,,,,-0.0173,-0.1225,-0.0659
1568351560593518,加速度计,1.2588,-4.3634,0.8936,,,,,,,
1568351570615913,加速度计,0.4334,12.2541,3.9014,,,,,,,
1568351574390184,陀螺仪,,,,,,,,0.2341,-0.1360,0.1244
1568351580639663,加速度计,4.3676,24.7866,-1.4988,,,,,,,
1568351590636434,加速度计,6.2327,9.7007,-5.4438,,,,,,,
1568351600634559,加速度计,2.8742,-10.2909,12.9622,,,,,,,
1568351594384768,陀螺仪,,,,,,,,-0.3065,-0.1076,-0.1730
1568351610634611,加速度计,-1.4970,4.7531,16.7846,,,,,,,
1568351620637268,加速度计,-3.3309,21.3958,6.1232,,,,,,,
1568351614386851,陀螺仪,,,,,,,,0.0794,-0.0929,-0.1475
1568351638742678,GPS,,,,31.9427,118.7852,3.6000,160.8000,,,
1568351630657684,加速度计,1.7256,7.5352,6.0633,,,,,,,
1568351634439976,陀螺仪,,,,,,,,-0.0911,-0.0917,0.0037
1568351640694663,加速度计,2.2529,-3.0490,12.7599,,,,,,,
1568351650732684,加速度计,0.0204,11.5053,-0.6877,,,,,,,
1568351654515913,陀螺仪,,,,,,,,-0.0119,-0.0527,-0.0774
1568351660770288,加速度计,-1.2923,11.2444,5.1595,,,,,,,
1568351670801538,加速度计,1.8130,6.9133,8.5078,,,,,,,
1568351674567997,陀螺仪,,,,,,,,-0.1358,-0.0477,0.0158
1568351680820288,加速度计,1.1474,4.4065,9.2494,,,,,,,
1568351690839038,加速度计,1.1462,5.0799,8.4264,,,,,,,
1568351694605497,陀螺仪,,,,,,,,-0.0300,0.0084,-0.0222
1568351700857788,加速度计,0.4747,11.8854,2.0806,,,,,,,
1568351710876538,加速度计,-0.2490,1.2342,15.5186,,,,,,,
1568351714642997,陀螺仪,,,,,,,,-0.0309,-0.0280,0.0257
1568351720895288,加速度计,2.7833,0.5315,12.4199,,,,,,,
1568351730914038,加速度计,1.5838,-7.2790,14.2623,,,,,,,
1568351734680497,陀螺仪,,,,,,,,0.6029,0.0378,-0.0209
1568351740932788,加速度计,-0.2251,9.5511,7.3610,,,,,,,
1568351750951538,加速度计,-2.3008,38.4748,-13.7278,,,,,,,
1568351754717997,陀螺仪,,,,,,,,0.2151,-0.0812,-0.0365
1568351760970288,加速度计,0.9116,7.9314,-10.7679,,,,,,,
1568351770989038,加速度计,7.0000,2.6552,33.5086,,,,,,,
1568351781007788,加速度计,-8.9783,-2.4247,-0.7536,,,,,,,
1568351774755497,陀螺仪,,,,,,,,-0.2290,-0.1887,-0.4324
1568351791026538,加速度计,-1.0906,2.4588,11.4515,,,,,,,
1568351794792997,陀螺仪,,,,,,,,0.2466,-0.1170,-0.0250
1568351801045288,加速度计,0.2897,17.2550,-8.3067,,,,,,,
1568351811064038,加速度计,3.9588,9.4667,7.3436,,,,,,,
1568351814831747,陀螺仪,,,,,,,,-0.5248,-0.2463,-0.0953
1568351821085288,加速度计,5.8556,1.3198,17.5280,,,,,,,
1568351831105445,加速度计,-0.7213,5.9693,8.1684,,,,,,,
1568351834866070,陀螺仪,,,,,,,,-0.1595,-0.0790,-0.2194
1568351841117528,加速度计,-3.7176,-1.4216,16.0459,,,,,,,
1568351851129924,加速度计,-1.4976,2.7366,4.2108,,,,,,,
1568351854891174,陀螺仪,,,,,,,,0.0943,-0.1437,0.0687
1568351861142736,加速度计,0.1736,5.7958,11.4934,,,,,,,
1568351871156278,加速度计,0.8685,14.8842,3.0903,,,,,,,
1568351874918882,陀螺仪,,,,,,,,0.1240,-0.1586,-0.0515
1568351881170653,加速度计,2.9598,10.6656,9.8479,,,,,,,
1568351891186174,加速度计,0.1371,7.1958,5.7395,,,,,,,
1568351894950861,陀螺仪,,,,,,,,0.0710,-0.0968,-0.0895
1568351901202945,加速度计,-1.6963,4.8135,5.5025,,,,,,,
1568351911220965,加速度计,-0.5674,9.1913,2.0901,,,,,,,
1568351914987840,陀螺仪,,,,,,,,-0.0032,-0.0609,0.1395
1568351921240236,加速度计,-1.3204,5.8658,7.3688,,,,,,,
1568351931260757,加速度计,-0.2789,4.3359,11.8842,,,,,,,
1568351935029559,陀螺仪,,,,,,,,0.0237,-0.0083,0.3076
1568351941282215,加速度计,0.4166,6.0328,8.0900,,,,,,,
1568351951304507,加速度计,0.1377,8.0523,3.4129,,,,,,,
1568351955074768,陀螺仪,,,,,,,,0.0735,0.0738,0.3659
1568351961327632,加速度计,1.4874,6.4697,6.6212,,,,,,,
1568351971351278,加速度计,0.0652,6.8211,5.7820,,,,,,,
1568351975122372,陀螺仪,,,,,,,,0.0566,0.1300,0.3894
1568351981375340,加速度计,0.5991,8.7682,6.2321,,,,,,,
1568351991399507,加速度计,0.9559,6.4512,6.6038,,,,,,,
1568351995170705,陀螺仪,,,,,,,,0.0395,0.1647,0.4189
1568352001423674,加速度计,1.0684,6.1830,7.1904,,,,,,,
1568352011443778,加速度计,0.1305,7.0970,7.0779,,,,,,,
1568352021462528,加速度计,0.4926,6.6439,4.0414,,,,,,,
1568352015210236,陀螺仪,,,,,,,,0.0760,0.1864,0.3760
1568352031481278,加速度计,0.3885,8.6419,3.8056,,,,,,,
1568352035247736,陀螺仪,,,,,,,,-0.0081,0.1264,0.2937
1568352041500028,加速度计,-0.7566,8.9507,9.4583,,,,,,,
1568352051518778,加速度计,-1.5945,7.3610,13.5266,,,,,,,
1568352055285236,陀螺仪,,,,,,,,0.0328,0.1154,0.2561
1568352061537528,加速度计,0.0233,9.4050,5.7443,,,,,,,
1568352071557528,加速度计,0.1712,7.0587,5.4103,,,,,,,
1568352075325601,陀螺仪,,,,,,,,0.0019,0.0679,0.2023
1568352081577372,加速度计,-1.6718,5.3917,5.5575,,,,,,,
1568352091591955,加速度计,0.2693,6.1028,9.1482,,,,,,,
1568352095354768,陀螺仪,,,,,,,,0.0346,0.0602,0.1892
1568352101606538,加速度计,-0.2005,9.9617,3.3357,,,,,,,
1568352111621434,加速度计,-0.5626,7.0180,5.8939,,,,,,,
1568352115384872,陀螺仪,,,,,,,,-0.0145,0.0782,0.2012
1568352121636747,加速度计,-0.0323,7.2083,5.0751,,,,,,,
1568352131652476,加速度计,0.9505,7.2359,9.2237,,,,,,,
1568352135416903,陀螺仪,,,,,,,,0.0221,0.1278,0.2740
1568352141668934,加速度计,0.8517,9.2273,5.8323,,,,,,,
1568352151686226,加速度计,1.8088,6.3889,6.8420,,,,,,,
1568352155452111,陀螺仪,,,,,,,,-0.0515,0.1446,0.2847
1568352161704351,加速度计,1.5921,6.1848,6.4302,,,,,,,
1568352171723309,加速度计,-0.0419,6.1375,6.6571,,,,,,,
1568352175490653,陀螺仪,,,,,,,,-0.0429,0.1794,0.2437
1568352181743101,加速度计,-0.0676,6.3937,8.5395,,,,,,,
1568352191763413,加速度计,0.4848,6.7636,6.2908,,,,,,,
1568352195531590,陀螺仪,,,,,,,,-0.0037,0.1776,0.2340
1568352201784143,加速度计,0.2915,7.0342,8.5850,,,,,,,
1568352211805288,加速度计,0.6183,7.6471,7.8195,,,,,,,
1568352215574195,陀螺仪,,,,,,,,0.0256,0.1679,0.1655
1568352221826851,加速度计,0.0880,7.4232,5.9963,,,,,,,
1568352231848830,加速度计,-0.5165,7.7111,6.3949,,,,,,,
1568352235618205,陀螺仪,,,,,,,,-0.0349,0.1233,0.1128
1568352241870913,加速度计,-0.3352,5.9035,10.7164,,,,,,,
1568352251892997,加速度计,0.1251,6.4266,8.6107,,,,,,,
1568352255662372,陀螺仪,,,,,,,,0.0770,0.1454,0.1043
1568352261915080,加速度计,0.9487,7.5477,3.0245,,,,,,,
1568352271934976,加速度计,-0.2364,7.6944,4.4341,,,,,,,
1568352281953830,加速度计,0.6357,5.3313,7.2269,,,,,,,
1568352275701538,陀螺仪,,,,,,,,-0.0244,0.0911,0.0403
1568352291972580,加速度计,0.7733,9.5606,6.4530,,,,,,,
1568352301991330,加速度计,0.1688,6.9474,9.2644,,,,,,,
1568352295739038,陀螺仪,,,,,,,,-0.0035,0.1059,0.0108
1568352312010080,加速度计,0.8134,6.8127,5.9586,,,,,,,
1568352315780445,陀螺仪,,,,,,,,0.0193,0.1213,0.0382
1568352322037059,加速度计,1.4413,7.6333,5.4959,,,,,,,
1568352332054143,加速度计,0.1041,7.9787,6.0358,,,,,,,
1568352335801434,陀螺仪,,,,,,,,-0.0402,0.0887,-0.0313
1568352342051018,加速度计,0.3932,6.6942,10.5381,,,,,,,
1568352352049351,加速度计,-0.0617,5.9999,5.0775,,,,,,,
1568352355799611,陀螺仪,,,,,,,,0.0176,0.0883,-0.0338
1568352362049663,加速度计,0.2053,7.7548,3.7954,,,,,,,
1568352372052684,加速度计,0.1957,6.2010,7.7949,,,,,,,
1568352375808101,陀螺仪,,,,,,,,-0.0205,0.0349,-0.0835
1568352382058934,加速度计,0.1077,5.6683,11.0379,,,,,,,
1568352392068830,加速度计,-0.4477,7.9493,5.8939,,,,,,,
1568352395830705,陀螺仪,,,,,,,,0.0656,0.0204,-0.1129
1568352402082476,加速度计,0.2705,7.3502,5.6174,,,,,,,
1568352412099872,加速度计,0.4022,5.3636,7.5262,,,,,,,
1568352415868309,陀螺仪,,,,,,,,-0.0201,-0.0561,-0.1486
1568352422121018,加速度计,-0.4950,5.5067,10.7733,,,,,,,
1568352432145601,加速度计,0.5920,7.5220,8.1062,,,,,,,
1568352435919976,陀螺仪,,,,,,,,0.0662,-0.0439,-0.1672
1568352442173518,加速度计,1.0235,6.7786,4.0474,,,,,,,
1568352452204143,加速度计,0.4058,5.1691,5.4749,,,,,,,
1568352462236955,加速度计,0.9738,6.3003,7.5741,,,,,,,
1568352455982840,陀螺仪,,,,,,,,0.0091,-0.0783,-0.1815
1568352472271226,加速度计,0.6267,7.7141,4.7429,,,,,,,
1568352476052059,陀螺仪,,,,,,,,-0.0012,-0.0656,-0.1867
1568352482306434,加速度计,0.6105,6.9677,6.9492,,,,,,,
1568352492341851,加速度计,0.8212,6.1375,8.9938,,,,,,,
1568352496115601,陀螺仪,,,,,,,,-0.0129,-0.0798,-0.1614
1568352502368518,加速度计,0.3597,7.3628,7.0060,,,,,,,
1568352512388518,加速度计,0.5453,8.4557,7.7357,,,,,,,
1568352516154976,陀螺仪,,,,,,,,-0.0049,-0.0856,-0.1583
1568352522407268,加速度计,0.5231,7.5597,4.6543,,,,,,,
1568352532426018,加速度计,0.8535,5.8604,6.1932,,,,,,,
1568352536192476,陀螺仪,,,,,,,,-0.0306,-0.0766,-0.1459
1568352542444768,加速度计,0.4758,7.0982,6.2447,,,,,,,
1568352552463518,加速度计,0.3412,7.4388,8.7185,,,,,,,
1568352556229976,陀螺仪,,,,,,,,-0.0190,-0.0851,-0.1059
1568352562482268,加速度计,1.0283,7.1593,8.8639,,,,,,,
1568352572505861,加速度计,0.7721,7.6136,5.3624,,,,,,,
1568352582521747,加速度计,0.4441,6.8624,6.3524,,,,,,,
1568352576270393,陀螺仪,,,,,,,,0.0104,-0.0804,-0.1256
1568352592532997,加速度计,0.1646,6.9097,7.2820,,,,,,,
1568352602544611,加速度计,1.0690,8.5611,5.3295,,,,,,,
1568352596293205,陀螺仪,,,,,,,,0.0048,-0.0782,-0.0980
1568352612557007,加速度计,0.6572,6.6529,7.4244,,,,,,,
1568352622570236,加速度计,0.7057,7.9673,4.6825,,,,,,,
1568352616318622,陀螺仪,,,,,,,,-0.0071,-0.0570,-0.0808
1568352641688250,GPS,,,,31.9427,118.7852,3.9600,163.0000,,,
1568352632594663,加速度计,0.8272,5.2804,9.2805,,,,,,,
1568352642625080,加速度计,0.3472,8.7640,7.3316,,,,,,,
1568352636371330,陀螺仪,,,,,,,,-0.0218,-0.0455,-0.0277
1568352652651903,加速度计,1.1582,6.4961,7.5441,,,,,,,
1568352656419663,陀螺仪,,,,,,,,0.0067,-0.0113,-0.0000
1568352662671955,加速度计,0.4675,7.9410,4.6639,,,,,,,
1568352672690705,加速度计,0.7075,6.3470,6.9192,,,,,,,
1568352676457163,陀螺仪,,,,,,,,-0.0390,-0.0052,0.0421
1568352682709455,加速度计,-0.0844,7.1796,6.7247,,,,,,,
1568352692728205,加速度计,0.1987,7.6782,6.3123,,,,,,,
1568352696494663,陀螺仪,,,,,,,,-0.0229,0.0280,0.0987
1568352702746955,加速度计,1.2198,7.9098,8.3480,,,,,,,
1568352712765705,加速度计,0.8679,5.9957,9.1949,,,,,,,
1568352716532163,陀螺仪,,,,,,,,-0.0032,0.0546,0.1095
1568352722784455,加速度计,-0.4136,8.2564,4.6507,,,,,,,
1568352732803205,加速度计,0.1113,6.1094,5.9711,,,,,,,
1568352736569663,陀螺仪,,,,,,,,-0.0364,0.0478,0.1209
1568352742821955,加速度计,-0.3915,6.2722,9.0722,,,,,,,
1568352752840705,加速度计,-0.3573,6.9115,7.5890,,,,,,,
1568352756607163,陀螺仪,,,,,,,,0.0401,0.0514,0.1521
1568352762859455,加速度计,0.7260,8.4432,4.4849,,,,,,,
1568352772878205,加速度计,0.2789,7.3592,5.4600,,,,,,,
1568352782896955,加速度计,-0.1341,7.8500,4.3024,,,,,,,
1568352776644663,陀螺仪,,,,,,,,-0.0085,0.0570,0.0855
1568352792915705,加速度计,-0.1221,6.9911,10.7158,,,,,,,
1568352796682163,陀螺仪,,,,,,,,-0.0391,0.0459,0.1137
1568352802934455,加速度计,-0.5926,7.1132,10.4663,,,,,,,
1568352812953205,加速度计,0.9810,5.5480,7.7345,,,,,,,
1568352816720809,陀螺仪,,,,,,,,0.0727,0.0787,0.1679
1568352822975028,加速度计,0.8667,7.8344,3.6494,,,,,,,
1568352832992945,加速度计,1.7154,6.2572,6.4847,,,,,,,
1568352843010861,加速度计,1.5335,7.7776,7.3508,,,,,,,
1568352836758674,陀螺仪,,,,,,,,0.0105,0.0682,0.1258
1568352853028778,加速度计,0.9074,7.4711,6.8971,,,,,,,
1568352856794507,陀螺仪,,,,,,,,0.0296,0.0996,0.0850
1568352863046695,加速度计,1.7322,5.8730,6.0555,,,,,,,
1568352873064611,加速度计,1.6556,6.7367,5.5522,,,,,,,
1568352876830340,陀螺仪,,,,,,,,-0.0575,0.0365,0.0510
1568352883082528,加速度计,0.8601,6.2339,19.8838,,,,,,,
1568352893100445,加速度计,0.3502,7.5316,8.5473,,,,,,,
1568352896866174,陀螺仪,,,,,,,,0.2088,0.1477,0.0337
1568352903118361,加速度计,1.7053,5.1170,0.7123,,,,,,,
1568352913136278,加速度计,2.7611,7.7800,2.6300,,,,,,,
1568352923154195,加速度计,-2.5564,1.3156,12.5450,,,,,,,
1568352916902007,陀螺仪,,,,,,,,-0.0969,-0.0173,-0.0621
1568352933172111,加速度计,2.1871,12.9784,11.8471,,,,,,,
1568352943190445,加速度计,-0.2682,10.7865,-9.5612,,,,,,,
1568352936938205,陀螺仪,,,,,,,,0.3634,0.1478,-0.0840
1568352953209195,加速度计,2.9371,-0.8936,10.2484,,,,,,,
1568352963228361,加速度计,-0.5417,1.7544,2.7928,,,,,,,
1568352956976018,陀螺仪,,,,,,,,-0.2290,-0.0394,-0.2025
1568352973247528,加速度计,-0.8571,12.0722,11.1779,,,,,,,
1568352983266695,加速度计,0.1532,11.1378,8.0583,,,,,,,
1568352977014351,陀螺仪,,,,,,,,0.0294,-0.0481,-0.1353
1568352993285861,加速度计,3.6236,2.5510,10.4273,,,,,,,
1568352997052684,陀螺仪,,,,,,,,0.0099,-0.0435,-0.1882
1568353003305028,加速度计,-0.1185,5.5432,8.1792,,,,,,,
1568353013324195,加速度计,-1.0810,10.0491,0.6800,,,,,,,
1568353017091018,陀螺仪,,,,,,,,0.0049,-0.0928,-0.1836
1568353023343361,加速度计,1.2935,7.7949,10.1921,,,,,,,
1568353033362528,加速度计,0.2179,6.4643,9.9204,,,,,,,
1568353037129351,陀螺仪,,,,,,,,0.0525,-0.0832,-0.2019
1568353043381695,加速度计,1.5945,6.9336,4.2383,,,,,,,
1568353053400861,加速度计,-0.5315,8.2791,4.8285,,,,,,,
1568353057167684,陀螺仪,,,,,,,,0.0204,-0.1109,-0.2273
1568353063420028,加速度计,-0.4208,7.8865,4.3850,,,,,,,
1568353073455653,加速度计,0.1227,7.0455,9.0668,,,,,,,
1568353083467684,加速度计,-0.8936,8.7867,8.4204,,,,,,,
1568353077217736,陀螺仪,,,,,,,,0.0027,-0.1084,-0.1523
1568353093468049,加速度计,-0.3777,7.3041,4.8046,,,,,,,
1568353097219403,陀螺仪,,,,,,,,-0.0112,-0.0913,-0.0475
1568353103469559,加速度计,0.4447,7.4250,6.3907,,,,,,,
1568353113473049,加速度计,-0.0413,6.5625,9.3643,,,,,,,
1568353117228257,陀螺仪,,,,,,,,-0.0063,-0.0338,0.0421
1568353123478986,加速度计,-0.5830,7.6411,6.6523,,,,,,,
1568353133487788,加速度计,-1.3593,7.5489,4.9297,,,,,,,
1568353143499507,加速度计,0.5680,5.6282,4.9225,,,,,,,
1568353137248049,陀螺仪,,,,,,,,0.0021,0.0193,0.1609
1568353153514507,加速度计,-0.9726,7.8889,6.0298,,,,,,,
1568353157280549,陀螺仪,,,,,,,,-0.0795,0.0418,0.2501
1568353163532840,加速度计,0.3915,8.2857,5.3630,,,,,,,
1568353173554507,加速度计,-1.0834,4.9183,15.6545,,,,,,,
1568353177326070,陀螺仪,,,,,,,,0.0152,0.1274,0.3132
1568353183579143,加速度计,-0.9206,9.5415,5.4049,,,,,,,
1568353193606330,加速度计,0.3717,0.6363,7.9900,,,,,,,
1568353203635653,加速度计,1.8070,12.3984,-7.8781,,,,,,,
1568353197382007,陀螺仪,,,,,,,,0.0981,0.1614,0.3880
1568353213666695,加速度计,-0.4399,5.9053,18.0565,,,,,,,
1568353217444715,陀螺仪,,,,,,,,-0.1057,0.1417,0.3400
1568353223698674,加速度计,-0.5327,6.2932,15.0140,,,,,,,
1568353233731122,加速度计,-1.1247,7.2790,6.5829,,,,,,,
1568353237509611,陀螺仪,,,,,,,,0.1395,0.2469,0.4397
1568353243763622,加速度计,0.2382,8.5048,-2.1446,,,,,,,
1568353253785913,加速度计,1.6837,5.4247,3.1879,,,,,,,
1568353257552945,陀螺仪,,,,,,,,-0.0429,0.2700,0.4140
1568353263805288,加速度计,-0.9481,6.7756,6.4769,,,,,,,
1568353273824090,加速度计,-0.0593,8.3665,7.4430,,,,,,,
1568353277590549,陀螺仪,,,,,,,,-0.0477,0.2822,0.4206
1568353283842840,加速度计,-0.5818,6.5781,7.9080,,,,,,,
1568353293861590,加速度计,-0.0030,7.2885,8.1858,,,,,,,
1568353297628049,陀螺仪,,,,,,,,-0.0289,0.3143,0.4398
1568353303880340,加速度计,0.6153,7.1593,10.2005,,,,,,,
1568353313899090,加速度计,0.1508,7.6543,10.1077,,,,,,,
1568353317670497,陀螺仪,,,,,,,,0.0577,0.3220,0.3447
1568353323926643,加速度计,-0.3759,7.3568,3.8164,,,,,,,
1568353333937476,加速度计,0.2897,5.6533,5.2194,,,,,,,
1568353337697007,陀螺仪,,,,,,,,0.0216,0.2692,0.2606
1568353343948309,加速度计,-0.2586,8.0290,5.9304,,,,,,,
1568353353959559,加速度计,-0.1377,8.2390,10.4585,,,,,,,
1568353357720184,陀螺仪,,,,,,,,0.0415,0.2224,0.1449
1568353363971643,加速度计,0.5920,8.5210,5.7682,,,,,,,
1568353373984559,加速度计,-1.4718,6.2698,4.3431,,,,,,,
1568353383998726,加速度计,0.5417,6.2734,5.8903,,,,,,,
1568353377747007,陀螺仪,,,,,,,,-0.0041,0.1451,0.0443
1568353394014143,加速度计,0.9445,5.6252,9.7791,,,,,,,
1568353397778778,陀螺仪,,,,,,,,0.0004,0.0960,-0.0539
1568353404030809,加速度计,-0.5375,7.9553,5.5516,,,,,,,
1568353414048726,加速度计,0.4974,4.7657,8.3354,,,,,,,
1568353417815549,陀螺仪,,,,,,,,-0.0157,0.0469,-0.1060
1568353424067893,加速度计,0.5261,5.2834,8.6245,,,,,,,
1568353434088309,加速度计,-0.1191,7.5675,6.6762,,,,,,,
1568353437857320,陀螺仪,,,,,,,,0.0380,0.0362,-0.1509
1568353444109976,加速度计,1.0020,8.1618,3.4147,,,,,,,
1568353454132893,加速度计,1.0750,5.5402,6.8642,,,,,,,
1568353457903726,陀螺仪,,,,,,,,-0.0474,0.0015,-0.1987
1568353464156643,加速度计,0.1646,3.6817,12.2230,,,,,,,
1568353474181226,加速度计,1.4024,7.4675,6.7265,,,,,,,
1568353484206226,加速度计,0.5076,9.5529,3.0143,,,,,,,
1568353477953153,陀螺仪,,,,,,,,0.0553,0.0048,-0.2205
1568353494231226,加速度计,1.4940,5.9173,9.1794,,,,,,,
1568353498003153,陀螺仪,,,,,,,,-0.0337,-0.0369,-0.2369
1568353504256226,加速度计,1.2145,6.3452,10.4746,,,,,,,
1568353514277476,加速度计,1.0517,7.5729,6.0681,,,,,,,
1568353524296226,加速度计,1.4916,7.7961,2.3326,,,,,,,
1568353518043934,陀螺仪,,,,,,,,0.0425,-0.0336,-0.2915
1568353534314976,加速度计,1.4281,5.1894,10.0287,,,,,,,
1568353538081434,陀螺仪,,,,,,,,-0.0158,-0.0776,-0.3035
1568353544333726,加速度计,0.7554,6.0891,12.5702,,,,,,,
1568353554352476,加速度计,1.7974,9.0447,6.0370,,,,,,,
1568353564371226,加速度计,1.6460,8.3761,1.3180,,,,,,,
1568353558118934,陀螺仪,,,,,,,,0.1318,-0.0565,-0.3481
1568353574393153,加速度计,0.6566,6.8833,3.4782,,,,,,,
1568353584409403,加速度计,1.0349,6.9899,7.1222,,,,,,,
1568353578157424,陀螺仪,,,,,,,,0.0059,-0.1088,-0.3747
1568353594425653,加速度计,1.3874,9.7049,8.8460,,,,,,,
1568353604441903,加速度计,1.7059,7.9188,9.7408,,,,,,,
1568353598189924,陀螺仪,,,,,,,,-0.0160,-0.1270,-0.3742
1568353614458153,加速度计,1.5526,6.3297,5.8215,,,,,,,
1568353624475236,加速度计,0.6087,6.6146,4.3850,,,,,,,
1568353618223153,陀螺仪,,,,,,,,0.0160,-0.1029,-0.3943
1568353640257000,GPS,,,,31.9426,118.7852,2.9500,167.5000,,,
1568353634502528,加速度计,1.7998,6.4620,6.3829,,,,,,,
1568353644522840,加速度计,0.6476,7.1658,8.2564,,,,,,,
1568353638270549,陀螺仪,,,,,,,,-0.0201,-0.1376,-0.3786
1568353654541590,加速度计,0.8577,6.7690,6.1351,,,,,,,
1568353658308049,陀螺仪,,,,,,,,0.0133,-0.1332,-0.3691
1568353664560340,加速度计,1.4090,7.6950,4.1755,,,,,,,
1568353674579090,加速度计,0.5076,5.7281,8.2307,,,,,,,
1568353678345549,陀螺仪,,,,,,,,-0.0386,-0.1566,-0.3490
1568353684597840,加速度计,0.1407,7.2550,7.5184,,,,,,,
1568353694616590,加速度计,0.2041,8.4767,8.9399,,,,,,,
1568353704635340,加速度计,0.2358,6.2884,9.4960,,,,,,,
1568353698383049,陀螺仪,,,,,,,,-0.0176,-0.1539,-0.3266
1568353714654090,加速度计,0.4196,6.8295,5.8029,,,,,,,
1568353724672840,加速度计,-0.3424,6.0112,4.7076,,,,,,,
1568353718420549,陀螺仪,,,,,,,,0.0437,-0.1346,-0.2810
1568353734691590,加速度计,-0.5034,7.3023,4.3114,,,,,,,
1568353738458049,陀螺仪,,,,,,,,0.0130,-0.1277,-0.2216
1568353744710340,加速度计,-0.4896,7.5639,7.1281,,,,,,,
1568353754729090,加速度计,0.5094,7.8578,5.0194,,,,,,,
1568353758495549,陀螺仪,,,,,,,,-0.0198,-0.1289,-0.1294
1568353764747840,加速度计,-0.2604,7.8644,7.4316,,,,,,,
1568353774766590,加速度计,-0.0419,6.8815,7.8656,,,,,,,
1568353784785340,加速度计,-0.1766,7.2401,7.6423,,,,,,,
1568353778533049,陀螺仪,,,,,,,,-0.0385,-0.0900,-0.0638
1568353794804090,加速度计,-0.9978,7.1790,6.8534,,,,,,,
1568353804822840,加速度计,-0.4848,5.5719,7.8667,,,,,,,
1568353798570549,陀螺仪,,,,,,,,-0.0047,-0.0514,0.0314
1568353814841590,加速度计,-0.3388,8.0948,5.8634,,,,,,,
1568353818623413,陀螺仪,,,,,,,,0.0028,-0.0376,0.0940
1568353824883257,加速度计,0.6135,8.4001,6.2495,,,,,,,
1568353834881590,加速度计,-0.2071,6.0615,7.0832,,,,,,,
1568353838630549,陀螺仪,,,,,,,,-0.0193,-0.0041,0.1092
1568353844880340,加速度计,-0.7236,6.2405,7.7835,,,,,,,
1568353854880340,加速度计,-0.1634,6.5182,4.8752,,,,,,,
1568353864882424,加速度计,1.1947,7.1844,7.6273,,,,,,,
1568353858632215,陀螺仪,,,,,,,,-0.0168,0.0057,0.1854
1568353874934507,加速度计,0.0275,7.1617,8.6197,,,,,,,
1568353878723778,陀螺仪,,,,,,,,-0.0063,0.0597,0.1904
1568353884976070,加速度计,0.2598,7.1018,7.3269,,,,,,,
1568353894994820,加速度计,1.1378,6.7008,6.7241,,,,,,,
1568353898761278,陀螺仪,,,,,,,,-0.0154,0.0617,0.2052
1568353905013570,加速度计,0.9146,6.0944,8.6227,,,,,,,
1568353915032320,加速度计,0.0868,6.3817,7.4268,,,,,,,
1568353918798778,陀螺仪,,,,,,,,0.0073,0.0870,0.1744
1568353925051070,加速度计,0.6734,6.5176,4.8985,,,,,,,
1568353935069820,加速度计,0.1844,6.2638,3.5626,,,,,,,
1568353938836278,陀螺仪,,,,,,,,-0.0509,0.0644,0.1350
1568353945088570,加速度计,0.8481,5.2780,6.9941,,,,,,,
1568353955107320,加速度计,-0.0551,5.6168,10.4154,,,,,,,
1568353958873778,陀螺仪,,,,,,,,-0.0072,0.0650,0.0979
1568353965126070,加速度计,0.1149,9.3075,7.0372,,,,,,,
1568353975144820,加速度计,1.6741,7.0934,9.6085,,,,,,,
1568353978911278,陀螺仪,,,,,,,,-0.0249,0.0617,0.0522
1568353985163570,加速度计,1.1911,6.3440,5.9418,,,,,,,
1568353995182320,加速度计,-0.6105,5.6820,10.6823,,,,,,,
1568353998948778,陀螺仪,,,,,,,,0.0145,0.0422,0.0197
1568354005201070,加速度计,0.0832,6.5481,9.1991,,,,,,,
1568354015219820,加速度计,0.7045,7.8913,5.2696,,,,,,,
1568354018986278,陀螺仪,,,,,,,,0.0909,0.0473,0.0107
1568354025238570,加速度计,1.3114,7.5980,1.0558,,,,,,,
1568354035257320,加速度计,0.5716,6.8672,4.4430,,,,,,,
1568354039023778,陀螺仪,,,,,,,,-0.0220,-0.0121,-0.0937
1568354045276070,加速度计,-0.2340,6.9546,7.9595,,,,,,,
1568354055294820,加速度计,0.0042,8.2821,6.2632,,,,,,,
1568354059061278,陀螺仪,,,,,,,,-0.0113,-0.0286,-0.0846
1568354065313570,加速度计,-0.1107,7.7153,6.2692,,,,,,,
1568354075332320,加速度计,0.1047,6.8767,6.9953,,,,,,,
1568354079098778,陀螺仪,,,,,,,,-0.0439,-0.0310,-0.0586
1568354085351070,加速度计,-0.3807,7.1982,7.5082,,,,,,,
1568354095369820,加速度计,-0.1437,8.6293,4.6358,,,,,,,
1568354099136278,陀螺仪,,,,,,,,-0.0507,-0.0161,-0.0136
1568354105388570,加速度计,0.5872,6.6972,9.8150,,,,,,,
1568354115408153,加速度计,-0.0437,6.9168,10.4657,,,,,,,
1568354119176434,陀螺仪,,,,,,,,0.0309,0.0383,0.0376
1568354125428830,加速度计,-0.7817,7.0820,6.9929,,,,,,,
1568354135448049,加速度计,1.9399,8.8939,5.1840,,,,,,,
1568354145466851,加速度计,0.0204,6.8426,2.8276,,,,,,,
1568354139214559,陀螺仪,,,,,,,,0.0461,0.0547,0.0690
1568354155485601,加速度计,-0.5399,6.8073,5.0943,,,,,,,
1568354159252059,陀螺仪,,,,,,,,-0.0350,0.0352,0.0431
1568354165504351,加速度计,-0.3591,8.3324,5.7305,,,,,,,
1568354175523101,加速度计,-0.2328,6.9516,9.8803,,,,,,,
1568354179289559,陀螺仪,,,,,,,,-0.0405,0.0298,0.0549
1568354185541851,加速度计,0.0521,7.4244,8.0858,,,,,,,
1568354195560601,加速度计,0.6207,7.0761,7.0360,,,,,,,
1568354199327059,陀螺仪,,,,,,,,0.0049,0.0470,0.0406
1568354205579351,加速度计,-0.0204,6.6798,5.4923,,,,,,,
1568354215598101,加速度计,0.0664,5.4271,6.6690,,,,,,,
1568354219364559,陀螺仪,,,,,,,,0.0061,0.0368,0.0380
1568354225616851,加速度计,1.2360,7.2161,7.3029,,,,,,,
1568354235635601,加速度计,0.0431,7.3101,9.0261,,,,,,,
1568354239402059,陀螺仪,,,,,,,,-0.0017,0.0312,-0.0136
1568354245654351,加速度计,-0.5279,8.0726,5.3504,,,,,,,
1568354255673101,加速度计,-0.1838,7.2598,8.4503,,,,,,,
1568354259439559,陀螺仪,,,,,,,,0.0232,0.0277,-0.0186
1568354265691851,加速度计,0.0497,7.6573,5.3103,,,,,,,
1568354275710601,加速度计,0.5118,8.4737,5.4277,,,,,,,
1568354279477059,陀螺仪,,,,,,,,-0.0457,-0.0237,-0.0756
1568354285729351,加速度计,0.0006,6.8708,8.4785,,,,,,,
1568354295748101,加速度计,-0.1981,5.9903,6.5296,,,,,,,
1568354299514559,陀螺仪,,,,,,,,-0.0069,-0.0322,-0.1140
1568354305766851,加速度计,0.2179,6.0142,6.1268,,,,,,,
1568354315785601,加速度计,-0.2382,7.8925,4.8806,,,,,,,
1568354319552059,陀螺仪,,,,,,,,-0.0282,-0.0730,-0.1417
1568354325804351,加速度计,0.0605,6.6882,10.3076,,,,,,,
1568354335823101,加速度计,0.1939,7.3801,8.6652,,,,,,,
1568354339589559,陀螺仪,,,,,,,,0.0654,-0.0700,-0.1410
1568354345841851,加速度计,-0.0658,7.8853,2.3026,,,,,,,
1568354355860601,加速度计,-0.1335,6.7421,3.9881,,,,,,,
1568354359630809,陀螺仪,,,,,,,,-0.0208,-0.1032,-0.1441
1568354365887320,加速度计,0.0766,5.6862,8.5724,,,,,,,
1568354375906070,加速度计,0.1832,8.0188,8.3288,,,,,,,
1568354379655288,陀螺仪,,,,,,,,0.0369,-0.0921,-0.1233
1568354385905132,加速度计,-0.6446,9.0154,6.3776,,,,,,,
1568354395905236,加速度计,0.0862,6.6098,5.5384,,,,,,,
1568354399656955,陀螺仪,,,,,,,,-0.0164,-0.1004,-0.0999
1568354405907215,加速度计,-0.3095,5.9634,6.9037,,,,,,,
1568354415911590,加速度计,-0.7979,6.5242,7.2688,,,,,,,
1568354425918778,加速度计,-0.5668,5.8993,11.2492,,,,,,,
1568354419667840,陀螺仪,,,,,,,,-0.0349,-0.1184,-0.0495
1568354435929195,加速度计,0.0808,6.8360,10.0329,,,,,,,
1568354445943257,加速度计,-0.5309,6.4362,6.9067,,,,,,,
1568354439691434,陀螺仪,,,,,,,,0.0541,-0.0992,-0.0127
1568354455961070,加速度计,-0.4699,6.2560,2.6498,,,,,,,
1568354459729611,陀螺仪,,,,,,,,0.0309,-0.0925,-0.0004
1568354465982320,加速度计,0.0353,7.1287,0.8661,,,,,,,
1568354476006903,加速度计,-1.3210,5.3050,9.5074,,,,,,,
1568354479781018,陀螺仪,,,,,,,,-0.0646,-0.1021,0.0479
1568354486034507,加速度计,-0.4411,6.2770,10.9625,,,,,,,
1568354496064715,加速度计,-0.1030,8.0918,8.0397,,,,,,,
1568354499842788,陀螺仪,,,,,,,,0.0184,-0.0534,0.1358
1568354506096799,加速度计,0.4872,7.5274,6.3045,,,,,,,
1568354516130236,加速度计,0.1604,6.1734,6.7660,,,,,,,
1568354519910080,陀螺仪,,,,,,,,-0.0084,-0.0322,0.1517
1568354526164299,加速度计,-0.0796,7.8697,7.7434,,,,,,,
1568354536198465,加速度计,-0.0976,7.4962,11.4173,,,,,,,
1568354539969559,陀螺仪,,,,,,,,0.0278,-0.0119,0.1862
1568354546222007,加速度计,0.0652,7.8602,6.9677,,,,,,,
1568354556241070,加速度计,0.6476,6.1381,1.0511,,,,,,,
1568354560007528,陀螺仪,,,,,,,,0.0314,0.0077,0.1731
1568354566259820,加速度计,1.1283,7.9410,-0.0030,,,,,,,
1568354576278570,加速度计,-0.4070,6.2962,10.3028,,,,,,,
1568354580045028,陀螺仪,,,,,,,,-0.0739,-0.0033,0.1714
1568354586297320,加速度计,-0.0479,6.2118,12.5636,,,,,,,
1568354596316070,加速度计,0.8667,9.6474,5.9233,,,,,,,
1568354600082528,陀螺仪,,,,,,,,0.0317,0.0314,0.2059
1568354606334820,加速度计,0.3124,7.5477,6.4763,,,,,,,
1568354616357736,加速度计,0.7949,5.8927,8.0032,,,,,,,
1568354620145236,陀螺仪,,,,,,,,0.0342,0.0282,0.1531
1568354626401018,加速度计,0.1676,7.4950,6.7169,,,,,,,
1568354636395913,加速度计,1.1552,7.8296,3.6925,,,,,,,
1568354646425802,GPS,,,,31.9426,118.7852,3.4700,171.8000,,,
1568354640135236,陀螺仪,,,,,,,,-0.0011,0.0069,0.1123
1568354646383674,加速度计,1.0205,6.6798,4.8920,,,,,,,
1568354656373413,加速度计,1.1001,6.6349,11.5041,,,,,,,
1568354660117215,陀螺仪,,,,,,,,0.0008,0.0008,0.0495
1568354666366330,加速度计,1.0265,8.7227,7.3861,,,,,,,
1568354676363309,加速度计,1.1899,6.7127,6.6768,,,,,,,
1568354686365184,加速度计,1.1474,7.6429,5.7646,,,,,,,
1568354680114924,陀螺仪,,,,,,,,0.0350,0.0113,0.0104
1568354696372424,加速度计,0.8452,6.0124,8.0786,,,,,,,
1568354706385080,加速度计,0.7470,7.9900,6.3458,,,,,,,
1568354700133465,陀螺仪,,,,,,,,0.0017,-0.0145,-0.0085
1568354716403153,加速度计,1.7101,7.2071,7.0402,,,,,,,
1568354720173674,陀螺仪,,,,,,,,-0.0069,0.0031,-0.0133
1568354726426643,加速度计,1.2599,6.9085,6.8588,,,,,,,
1568354736455184,加速度计,-0.0491,5.2828,5.9795,,,,,,,
1568354740233882,陀螺仪,,,,,,,,0.0330,0.0478,0.0125
1568354746487997,加速度计,0.3208,6.6517,4.5945,,,,,,,
1568354756524611,加速度计,1.3653,7.5765,7.0898,,,,,,,
1568354760309299,陀螺仪,,,,,,,,-0.0208,0.0451,0.0501
1568354766564247,加速度计,0.5549,7.5381,9.8198,,,,,,,
1568354776605705,加速度计,0.3460,6.8013,9.8940,,,,,,,
1568354786648101,加速度计,0.1700,8.2331,4.5334,,,,,,,
1568354780392840,陀螺仪,,,,,,,,0.0687,0.0940,0.0776
1568354796690601,加速度计,0.3268,6.3931,4.2635,,,,,,,
1568354806712684,加速度计,0.7230,6.7169,5.9951,,,,,,,
1568354800460340,陀螺仪,,,,,,,,0.0113,0.0939,0.0973
1568354816731851,加速度计,-0.9631,8.2175,7.0539,,,,,,,
1568354820498361,陀螺仪,,,,,,,,-0.0470,0.0937,0.1079
1568354826750653,加速度计,0.3250,6.7050,10.0401,,,,,,,
1568354836769403,加速度计,0.4842,6.0747,9.1494,,,,,,,
1568354840535861,陀螺仪,,,,,,,,0.0486,0.1336,0.1376
1568354846788153,加速度计,0.8218,5.9795,6.3788,,,,,,,
1568354856806903,加速度计,0.1885,6.7391,4.8303,,,,,,,
1568354860574299,陀螺仪,,,,,,,,0.0756,0.1575,0.1212
1568354866827528,加速度计,0.0060,7.5717,5.5144,,,,,,,
1568354876845549,加速度计,0.5620,7.5687,7.8219,,,,,,,
1568354880609090,陀螺仪,,,,,,,,0.0168,0.1378,0.1329
1568354886860965,加速度计,1.2839,7.3436,8.6688,,,,,,,
1568354896876382,加速度计,0.7015,7.5208,5.9460,,,,,,,
1568354900640236,陀螺仪,,,,,,,,0.0385,0.1890,0.1261
1568354906892163,加速度计,0.9415,6.1232,6.4350,,,,,,,
1568354916908361,加速度计,1.0229,5.8251,6.6517,,,,,,,
1568354920672945,陀螺仪,,,,,,,,0.0101,0.1854,0.1216
1568354926924976,加速度计,0.2640,6.2309,5.9496,,,,,,,
1568354936942007,加速度计,0.0120,8.0026,7.1036,,,,,,,
1568354940707320,陀螺仪,,,,,,,,-0.0221,0.1739,0.0867
1568354946959455,加速度计,-0.1658,6.8187,9.4026,,,,,,,
1568354956977320,加速度计,0.1861,6.8947,7.6608,,,,,,,
1568354960743361,陀螺仪,,,,,,,,0.0376,0.1734,0.0390
1568354966995601,加速度计,0.0138,7.3658,5.0889,,,,,,,
1568354977014299,加速度计,0.9242,5.6120,7.2311,,,,,,,
1568354980781070,陀螺仪,,,,,,,,-0.0057,0.1320,-0.0228
1568354987033413,加速度计,-0.3089,7.4154,8.0164,,,,,,,
1568354997052945,加速度计,-0.0287,6.8187,7.6513,,,,,,,
1568355000820445,陀螺仪,,,,,,,,0.0354,0.1190,-0.0569
1568355007072893,加速度计,1.5502,7.2341,5.9753,,,,,,,
1568355017093257,加速度计,0.4531,6.2142,4.1156,,,,,,,
1568355020861486,陀螺仪,,,,,,,,-0.0084,0.0598,-0.1762
1568355027114038,加速度计,0.5387,6.8797,5.4145,,,,,,,
1568355037135236,加速度计,0.1233,7.5621,9.3218,,,,,,,
1568355040903882,陀螺仪,,,,,,,,-0.0008,-0.0040,-0.2575
1568355047156486,加速度计,0.0150,8.1385,11.3192,,,,,,,
1568355057177736,加速度计,0.6602,8.2702,6.4254,,,,,,,
1568355060946382,陀螺仪,,,,,,,,0.0410,-0.0523,-0.3173
1568355067198986,加速度计,1.9501,7.1335,4.0929,,,,,,,
1568355077220236,加速度计,1.2713,5.8059,6.4973,,,,,,,
1568355080988570,陀螺仪,,,,,,,,0.0117,-0.0774,-0.3977
1568355087241122,加速度计,0.9074,7.5705,5.9436,,,,,,,
1568355097260497,加速度计,0.9798,7.3287,4.7776,,,,,,,
1568355107279299,加速度计,2.0357,7.7985,4.9740,,,,,,,
1568355101027007,陀螺仪,,,,,,,,0.0023,-0.0858,-0.3935
1568355117312580,加速度计,1.5802,6.3446,9.3535,,,,,,,
1568355121070393,陀螺仪,,,,,,,,-0.0154,-0.0715,-0.3744
1568355127319820,加速度计,0.2682,8.7520,5.9484,,,,,,,
1568355137316382,加速度计,1.2091,6.2441,6.2716,,,,,,,
1568355147314507,加速度计,1.1133,6.8654,7.2640,,,,,,,
1568355141064768,陀螺仪,,,,,,,,-0.0478,-0.0826,-0.3397
1568355157315028,加速度计,-0.6261,6.5290,10.1628,,,,,,,
1568355167318413,加速度计,-1.0864,7.7638,5.9562,,,,,,,
1568355161067997,陀螺仪,,,,,,,,-0.0146,-0.0834,-0.3447
1568355177325080,加速度计,0.5255,8.3641,4.5939,,,,,,,
1568355181084143,陀螺仪,,,,,,,,-0.0395,-0.1349,-0.3482
1568355187335445,加速度计,0.0868,5.8317,8.3210,,,,,,,
1568355197349559,加速度计,-1.2151,6.3153,8.3294,,,,,,,
1568355201115497,陀螺仪,,,,,,,,-0.0004,-0.1618,-0.3622
1568355207367788,加速度计,-1.0606,7.0743,6.8241,,,,,,,
1568355217389820,加速度计,0.5878,7.4771,5.1631,,,,,,,
1568355221162059,陀螺仪,,,,,,,,0.0005,-0.1816,-0.3164
1568355227415236,加速度计,-0.2131,6.4584,5.6952,,,,,,,
1568355237443622,加速度计,0.1999,8.3456,5.8598,,,,,,,
1568355241220705,陀螺仪,,,,,,,,-0.0304,-0.1836,-0.3080
1568355247474559,加速度计,-0.5836,7.4041,9.3787,,,,,,,
1568355257507632,加速度计,-0.3543,7.2802,8.5431,,,,,,,
1568355267542059,加速度计,-0.0634,7.0719,5.5593,,,,,,,
1568355261287788,陀螺仪,,,,,,,,-0.0093,-0.1775,-0.2300
1568355277577372,加速度计,0.6009,6.3698,2.8437,,,,,,,
1568355281358413,陀螺仪,,,,,,,,-0.0518,-0.1716,-0.2043
1568355287612788,加速度计,0.1472,6.0849,5.9999,,,,,,,
1568355297637268,加速度计,-0.7901,5.8353,8.2594,,,,,,,
1568355307656903,加速度计,0.1490,7.6878,7.0521,,,,,,,
1568355301404559,陀螺仪,,,,,,,,-0.0265,-0.1425,-0.1515
1568355317675705,加速度计,0.0700,8.6580,8.9274,,,,,,,
1568355327694455,加速度计,0.2071,7.5842,11.5341,,,,,,,
1568355321442163,陀螺仪,,,,,,,,-0.0305,-0.1449,-0.0823
1568355337713205,加速度计,-0.2334,7.0479,6.7552,,,,,,,
1568355341479663,陀螺仪,,,,,,,,0.0791,-0.0939,-0.0779
1568355347731955,加速度计,-0.0461,8.5335,1.7561,,,,,,,
1568355357750705,加速度计,-0.6782,6.4901,2.4026,,,,,,,
1568355361521851,陀螺仪,,,,,,,,-0.0672,-0.1350,-0.0445
1568355367777580,加速度计,-0.7171,5.4384,7.5806,,,,,,,
1568355377790340,加速度计,-0.3591,7.1257,10.0574,,,,,,,
1568355381547268,陀螺仪,,,,,,,,-0.0081,-0.1150,0.0028
1568355387798205,加速度计,-0.7039,7.7117,6.8863,,,,,,,
1568355397806851,加速度计,-0.0976,6.5398,7.1545,,,,,,,
1568355401565497,陀螺仪,,,,,,,,0.0092,-0.1061,0.0325
1568355407816695,加速度计,-0.7230,7.3155,7.1024,,,,,,,
1568355417827788,加速度计,-1.1151,7.0443,7.6596,,,,,,,
1568355421588934,陀螺仪,,,,,,,,0.0150,-0.1073,0.0577
1568355427840497,加速度计,-0.9619,7.0132,6.4919,,,,,,,
1568355437854872,加速度计,-0.7326,7.5932,5.7910,,,,,,,
1568355441619247,陀螺仪,,,,,,,,-0.0202,-0.1075,0.0893
1568355447871278,加速度计,-1.0169,5.3157,8.9543,,,,,,,
1568355457889768,加速度计,-0.6794,6.3051,8.2827,,,,,,,
1568355461657476,陀螺仪,,,,,,,,0.0256,-0.0960,0.1345
1568355467909976,加速度计,0.1024,7.9775,3.7344,,,,,,,
1568355477931851,加速度计,-0.1341,5.0254,9.4505,,,,,,,
1568355481702476,陀螺仪,,,,,,,,-0.0044,-0.0908,0.1313
1568355487955393,加速度计,-0.3717,6.9264,9.7330,,,,,,,
1568355497980236,加速度计,-0.4878,6.6517,8.0559,,,,,,,
1568355501752788,陀螺仪,,,,,,,,0.0738,-0.0575,0.1730
1568355508005965,加速度计,0.4663,8.0834,4.4927,,,,,,,
1568355518032163,加速度计,0.9930,6.1764,7.3430,,,,,,,
1568355521805497,陀螺仪,,,,,,,,0.0204,-0.0551,0.1905
1568355528058778,加速度计,0.2442,7.0036,6.3656,,,,,,,
1568355538085445,加速度计,0.3597,8.0032,7.8284,,,,,,,
1568355541856330,陀螺仪,,,,,,,,0.0103,-0.0164,0.2065
1568355548109195,加速度计,0.4621,6.9815,6.2177,,,,,,,
1568355558128518,加速度计,0.6865,5.2571,6.2495,,,,,,,
1568355561894976,陀螺仪,,,,,,,,0.0401,0.0158,0.2145
1568355568147268,加速度计,0.2095,7.8117,1.8573,,,,,,,
1568355578166018,加速度计,0.1556,7.0521,7.2646,,,,,,,
1568355581932476,陀螺仪,,,,,,,,-0.0173,-0.0059,0.1959
1568355588184768,加速度计,1.0774,7.5986,10.4513,,,,,,,
1568355598203518,加速度计,-0.1293,9.1147,10.1646,,,,,,,
1568355601969976,陀螺仪,,,,,,,,0.0658,0.0032,0.1458
1568355608222268,加速度计,0.4669,9.1494,4.7567,,,,,,,
1568355618245549,加速度计,0.9900,6.9683,4.6843,,,,,,,
1568355628277215,加速度计,-0.9272,6.2165,4.9081,,,,,,,
1568355622027632,陀螺仪,,,,,,,,-0.0020,-0.0374,0.0559
1568355645652103,GPS,,,,31.9426,118.7852,3.4900,171.3000,,,
1568355638274507,加速度计,0.9032,6.4877,6.1178,,,,,,,
1568355642022945,陀螺仪,,,,,,,,-0.0253,-0.0715,0.0547
1568355648272840,加速度计,1.9112,7.1790,6.2668,,,,,,,
1568355658272945,加速度计,1.1055,6.9797,9.2973,,,,,,,
1568355668275340,加速度计,1.0475,6.7792,7.2862,,,,,,,
1568355662024820,陀螺仪,,,,,,,,0.0087,-0.0555,-0.0280
1568355678280757,加速度计,0.6584,7.7417,6.2231,,,,,,,
1568355682038153,陀螺仪,,,,,,,,0.0136,-0.0819,-0.0551
1568355688289507,加速度计,1.0187,7.6249,6.3644,,,,,,,
1568355698301695,加速度计,1.1576,6.9073,7.8171,,,,,,,
1568355702065340,陀螺仪,,,,,,,,-0.0052,-0.0864,-0.0945
1568355708317632,加速度计,0.6255,6.9342,7.2646,,,,,,,
1568355718337320,加速度计,0.9355,6.8971,6.2147,,,,,,,
1568355722107476,陀螺仪,,,,,,,,0.0103,-0.0784,-0.0866
1568355728360653,加速度计,0.7638,6.0298,5.4797,,,,,,,
1568355738387215,加速度计,0.8158,7.2018,4.9440,,,,,,,
1568355742162736,陀螺仪,,,,,,,,-0.0606,-0.0987,-0.0927
1568355748416590,加速度计,0.3986,7.4747,9.8282,,,,,,,
1568355758448257,加速度计,0.2065,6.5182,10.3777,,,,,,,
1568355762227268,陀螺仪,,,,,,,,0.0200,-0.0507,-0.0443
1568355768481486,加速度计,0.3005,8.7203,4.9123,,,,,,,
1568355778515757,加速度计,0.3974,7.3538,3.1071,,,,,,,
1568355782296070,陀螺仪,,,,,,,,-0.0646,-0.0787,-0.0329
1568355788550340,加速度计,-0.3184,5.4911,8.1163,,,,,,,
1568355798581174,加速度计,-0.1622,6.2315,10.6716,,,,,,,
1568355802348257,陀螺仪,,,,,,,,-0.0073,-0.0682,0.0313
1568355808600549,加速度计,-0.1508,9.0267,8.6479,,,,,,,
1568355818619299,加速度计,0.3382,6.8420,7.7913,,,,,,,
1568355822385757,陀螺仪,,,,,,,,0.0237,-0.0399,0.0631
1568355828638049,加速度计,-0.4507,5.9041,6.9049,,,,,,,
1568355838656799,加速度计,-0.0245,7.3975,3.8241,,,,,,,
1568355842423257,陀螺仪,,,,,,,,0.0442,-0.0202,0.1248
1568355848675549,加速度计,-0.6039,6.7834,3.6416,,,,,,,
1568355858695445,加速度计,0.2538,7.2161,5.5414,,,,,,,
1568355868720549,加速度计,-0.0060,6.8235,11.3174,,,,,,,
1568355862466747,陀螺仪,,,,,,,,-0.0487,-0.0178,0.1702
1568355878732632,加速度计,-0.1041,7.8979,8.3983,,,,,,,
1568355882493257,陀螺仪,,,,,,,,0.0193,0.0530,0.2439
1568355888744715,加速度计,-0.2514,7.2640,4.5915,,,,,,,
1568355898757215,加速度计,0.7560,6.6367,5.5707,,,,,,,
1568355902518570,陀螺仪,,,,,,,,-0.0269,0.0750,0.2850
1568355908770132,加速度计,0.3496,5.2601,8.1044,,,,,,,
1568355918783882,加速度计,0.1233,7.3017,6.9761,,,,,,,
1568355928798465,加速度计,0.9643,7.2826,5.6808,,,,,,,
1568355922546695,陀螺仪,,,,,,,,0.0278,0.1220,0.3111
1568355938814299,加速度计,0.7033,5.9191,5.8012,,,,,,,
1568355948831382,加速度计,0.8589,7.1617,8.6838,,,,,,,
1568355942579299,陀螺仪,,,,,,,,0.0020,0.1349,0.2828
1568355958849715,加速度计,-0.3124,8.2534,8.6514,,,,,,,
1568355962616903,陀螺仪,,,,,,,,0.0233,0.1482,0.2719
1568355968869299,加速度计,0.8056,6.6319,6.9121,,,,,,,
1568355978890132,加速度计,1.6197,7.3161,1.3366,,,,,,,
1568355982659143,陀螺仪,,,,,,,,-0.0105,0.1485,0.2326
1568355988911799,加速度计,0.5148,4.8638,9.5900,,,,,,,
1568355998934299,加速度计,0.4806,6.8833,11.2857,,,,,,,
1568356002704768,陀螺仪,,,,,,,,0.0571,0.1562,0.2120
1568356008957632,加速度计,0.9637,8.1235,7.2101,,,,,,,
1568356018981382,加速度计,0.9655,7.7201,6.3710,,,,,,,
1568356022752580,陀螺仪,,,,,,,,0.0506,0.1494,0.1265
1568356029005549,加速度计,1.0965,5.6096,5.9879,,,,,,,
1568356039029715,加速度计,0.4052,7.7267,6.0974,,,,,,,
1568356042800549,陀螺仪,,,,,,,,0.0268,0.1146,0.0534
1568356049053465,加速度计,0.5722,7.4933,8.2486,,,,,,,
1568356059072215,加速度计,1.0690,6.8594,7.7889,,,,,,,
1568356062838674,陀螺仪,,,,,,,,0.0527,0.0995,0.0141
1568356069090965,加速度计,1.1235,6.7738,4.3521,,,,,,,
1568356079109715,加速度计,1.4371,8.3534,3.7613,,,,,,,
1568356082876174,陀螺仪,,,,,,,,-0.0064,0.0779,-0.0786
1568356089128465,加速度计,0.4453,8.0499,8.0110,,,,,,,
1568356099147215,加速度计,-0.4232,6.6032,10.6207,,,,,,,
1568356109165965,加速度计,0.4268,7.8943,7.1808,,,,,,,
1568356102913674,陀螺仪,,,,,,,,0.0043,0.0316,-0.1044
1568356119192372,加速度计,0.7931,6.7127,5.2158,,,,,,,
1568356122952268,陀螺仪,,,,,,,,0.0020,-0.0149,-0.1613
1568356129203622,加速度计,1.4323,7.2885,6.1944,,,,,,,
1568356139214924,加速度计,-0.0144,6.1645,11.0055,,,,,,,
1568356142975184,陀螺仪,,,,,,,,0.0493,-0.0342,-0.2204
1568356149226695,加速度计,0.4058,7.8524,6.4374,,,,,,,
1568356159239299,加速度计,1.5604,8.8795,0.5692,,,,,,,
1568356163001018,陀螺仪,,,,,,,,-0.0045,-0.0763,-0.2590
1568356169252788,加速度计,0.6925,6.4183,4.0049,,,,,,,
1568356183031434,陀螺仪,,,,,,,,-0.0413,-0.1141,-0.2940
1568356179267528,加速度计,0.1317,5.4731,9.9294,,,,,,,
1568356189283518,加速度计,-0.2029,8.0607,10.1646,,,,,,,
1568356199300757,加速度计,0.8649,8.1325,6.4117,,,,,,,
1568356203066851,陀螺仪,,,,,,,,0.0164,-0.1117,-0.2666
1568356209319247,加速度计,0.5393,5.7910,5.4917,,,,,,,
1568356223107268,陀螺仪,,,,,,,,0.0025,-0.1205,-0.2358
1568356219338986,加速度计,-0.6171,6.4081,4.7758,,,,,,,
1568356229359976,加速度计,0.4423,7.8793,6.6589,,,,,,,
1568356239382163,加速度计,0.5495,8.6365,9.7312,,,,,,,
1568356243152268,陀螺仪,,,,,,,,0.0004,-0.0963,-0.1696
1568356249405184,加速度计,-0.8236,7.5932,9.5553,,,,,,,
1568356259428986,加速度计,0.1329,6.0226,7.3867,,,,,,,
1568356263200184,陀螺仪,,,,,,,,0.0623,-0.0567,-0.0696
1568356269453205,加速度计,0.1957,7.3065,2.9275,,,,,,,
1568356279477788,加速度计,-0.1867,7.1042,3.7200,,,,,,,
1568356283249351,陀螺仪,,,,,,,,-0.0306,-0.0570,-0.0197
1568356289502215,加速度计,-0.4465,6.6738,8.3294,,,,,,,
1568356299525028,加速度计,-0.8122,7.3831,8.4048,,,,,,,
1568356303291851,陀螺仪,,,,,,,,0.0085,-0.0252,0.0276
1568356309544143,加速度计,-0.2628,7.4346,6.3889,,,,,,,
1568356319562893,加速度计,-0.0599,7.5896,4.2377,,,,,,,
1568356323329351,陀螺仪,,,,,,,,-0.0245,-0.0233,0.0609
1568356329581643,加速度计,0.1873,6.8492,8.3240,,,,,,,
1568356339600393,加速度计,0.2849,7.3897,9.3703,,,,,,,
1568356343366851,陀螺仪,,,,,,,,0.0055,-0.0097,0.0696
1568356349619143,加速度计,0.1383,6.6529,6.8259,,,,,,,
1568356359638049,加速度计,0.7458,6.6996,2.7258,,,,,,,
1568356363407893,陀螺仪,,,,,,,,0.0004,-0.0012,0.0477
1568356369659820,加速度计,0.3998,6.2369,7.6375,,,,,,,
1568356379675653,加速度计,-0.3615,8.2103,8.0691,,,,,,,
1568356383439559,陀螺仪,,,,,,,,0.0064,-0.0012,0.0555
1568356389691486,加速度计,-0.2065,7.4939,8.2193,,,,,,,
1568356399707320,加速度计,0.6841,8.3767,4.2629,,,,,,,
1568356403471226,陀螺仪,,,,,,,,0.0001,-0.0209,0.0518
1568356409723205,加速度计,-0.0084,6.7385,6.2489,,,,,,,
1568356419739507,加速度计,-0.9583,6.9402,10.0401,,,,,,,
1568356423504143,陀螺仪,,,,,,,,0.0033,-0.0305,0.0451
1568356429756226,加速度计,-0.2616,7.4005,8.4503,,,,,,,
1568356439773361,加速度计,-0.8260,6.6260,4.2790,,,,,,,
1568356443538726,陀螺仪,,,,,,,,0.0399,-0.0429,0.0659
1568356449790913,加速度计,-0.0694,6.1699,5.3708,,,,,,,
1568356459808882,加速度计,-1.2528,6.7421,5.7066,,,,,,,
1568356463574976,陀螺仪,,,,,,,,-0.0045,-0.0550,0.0707
1568356469827268,加速度计,-0.9086,6.9971,6.3554,,,,,,,
1568356479846070,加速度计,-1.0379,7.2915,5.6737,,,,,,,
1568356483612893,陀螺仪,,,,,,,,-0.0443,-0.0642,0.1261
1568356489865288,加速度计,-1.2629,5.3552,9.8240,,,,,,,
1568356499884924,加速度计,-0.7338,6.7864,9.0489,,,,,,,
1568356503652476,陀螺仪,,,,,,,,0.0266,-0.0506,0.1867
1568356509904976,加速度计,-0.2717,8.1726,8.0475,,,,,,,
1568356519925445,加速度计,-0.0443,7.3191,6.2004,,,,,,,
1568356523693726,陀螺仪,,,,,,,,0.0037,-0.0346,0.2088
1568356529946330,加速度计,0.0892,6.1633,3.8457,,,,,,,
1568356539967580,加速度计,-0.8039,6.1405,4.4700,,,,,,,
1568356543736226,陀螺仪,,,,,,,,-0.1027,-0.0121,0.2498
1568356549988830,加速度计,0.2029,4.8746,5.8083,,,,,,,
1568356560010080,加速度计,0.8511,6.7487,7.8871,,,,,,,
1568356563778726,陀螺仪,,,,,,,,-0.0956,0.0398,0.2939
1568356570031330,加速度计,-0.2580,6.9438,11.6388,,,,,,,
1568356583819976,陀螺仪,,,,,,,,0.0268,0.0916,0.3220
1568356580052424,加速度计,0.6404,6.9755,8.3875,,,,,,,
1568356590072320,加速度计,-0.0120,7.7015,4.1162,,,,,,,
1568356603857893,陀螺仪,,,,,,,,-0.0473,0.0730,0.3575
1568356600091434,加速度计,-0.5136,7.1742,6.8959,,,,,,,
1568356610110861,加速度计,0.9068,6.5835,9.6546,,,,,,,
1568356620156434,加速度计,1.8250,8.3875,6.6744,,,,,,,
1568356623931330,陀螺仪,,,,,,,,0.0049,0.1285,0.3349
1568356630176486,加速度计,0.2861,7.4220,4.4658,,,,,,,
1568356644240645,GPS,,,,31.9425,118.7852,3.6200,167.7000,,,
1568356640139195,加速度计,0.9331,6.3111,5.7868,,,,,,,
1568356643859090,陀螺仪,,,,,,,,-0.0064,0.1514,0.3120
1568356650105028,加速度计,1.3132,7.3322,7.0677,,,,,,,
1568356660076070,加速度计,1.8375,9.1327,4.9015,,,,,,,
1568356670053986,加速度计,1.1169,7.1880,6.3153,,,,,,,
1568356663806330,陀螺仪,,,,,,,,-0.0364,0.1558,0.2742
1568356680040028,加速度计,0.9385,6.4931,7.9021,,,,,,,
1568356690035236,加速度计,1.1043,6.9719,9.0303,,,,,,,
1568356683785288,陀螺仪,,,,,,,,-0.0752,0.1478,0.2182
1568356700040236,加速度计,1.6167,8.0613,6.1393,,,,,,,
1568356703802788,陀螺仪,,,,,,,,-0.0338,0.1662,0.1659
1568356710055236,加速度计,1.1516,6.8199,7.1611,,,,,,,
1568356720080028,加速度计,0.3932,6.4727,7.2640,,,,,,,
1568356730113986,加速度计,0.8499,6.5984,7.7422,,,,,,,
1568356723859247,陀螺仪,,,,,,,,-0.0393,0.1614,0.1318
1568356740156070,加速度计,1.2917,8.5635,5.7892,,,,,,,
1568356743948570,陀螺仪,,,,,,,,-0.0190,0.1554,0.0883
1568356750205028,加速度计,0.8218,6.6289,6.8079,,,,,,,
1568356760259403,加速度计,0.5399,6.3440,6.8522,,,,,,,
1568356770317528,加速度计,0.9708,6.8085,9.4403,,,,,,,
1568356764060132,陀螺仪,,,,,,,,-0.0150,0.1280,0.0630
1568356780377736,加速度计,0.9720,8.6449,10.4088,,,,,,,
1568356790433570,加速度计,0.5830,6.9605,8.4192,,,,,,,
1568356784177268,陀螺仪,,,,,,,,0.0317,0.1308,0.0329
1568356800468570,加速度计,1.2761,6.7397,1.8615,,,,,,,
1568356810487528,加速度计,0.3154,5.5982,-0.9421,,,,,,,
1568356804235236,陀螺仪,,,,,,,,0.0469,0.1519,-0.0137
1568356820506278,加速度计,-0.6895,5.4881,3.4967,,,,,,,
1568356830525028,加速度计,1.1396,4.7058,5.9640,,,,,,,
1568356824272736,陀螺仪,,,,,,,,-0.0951,0.1108,0.0003
1568356840543778,加速度计,0.9583,6.6080,6.6798,,,,,,,
1568356844310236,陀螺仪,,,,,,,,-0.0883,0.1101,-0.0119
1568356850562528,加速度计,0.4262,7.2371,7.1880,,,,,,,
1568356860581278,加速度计,1.2486,7.0114,8.4515,,,,,,,
1568356864354924,陀螺仪,,,,,,,,-0.0479,0.1346,-0.0390
1568356870606382,加速度计,1.3473,7.8871,7.2359,,,,,,,
1568356880618465,加速度计,0.5459,7.5854,10.2699,,,,,,,
1568356884379090,陀螺仪,,,,,,,,-0.0477,0.1280,-0.0342
1568356890630601,加速度计,0.5507,7.1072,9.1722,,,,,,,
1568356900643153,加速度计,1.0145,7.3263,3.2400,,,,,,,
1568356904404507,陀螺仪,,,,,,,,-0.0391,0.1338,-0.0587
1568356910656174,加速度计,1.1067,6.1106,4.2976,,,,,,,
1568356920670028,加速度计,-0.3921,4.1240,2.8264,,,,,,,
1568356924432840,陀螺仪,,,,,,,,-0.0700,0.1095,-0.1077
1568356930684768,加速度计,0.9170,6.6870,-3.1167,,,,,,,
1568356940700757,加速度计,1.8118,5.0039,5.5785,,,,,,,
1568356944465757,陀螺仪,,,,,,,,-0.3265,0.0735,-0.2004
1568356950717997,加速度计,-1.2222,-0.8469,-8.6060,,,,,,,
1568356960736486,加速度计,-0.9613,5.2846,41.8614,,,,,,,
1568356964503674,陀螺仪,,,,,,,,-0.0602,0.0157,-0.1378
1568356970756226,加速度计,3.4159,29.7527,9.8438,,,,,,,
1568356980777163,加速度计,-0.3705,-0.9577,-13.0981,,,,,,,
1568356984546174,陀螺仪,,,,,,,,-0.3907,0.0124,-0.2426
1568356990798934,加速度计,2.5947,-15.7951,36.3739,,,,,,,
1568357000821538,加速度计,-1.8854,19.2290,1.7184,,,,,,,
1568357004592007,陀螺仪,,,,,,,,0.1445,0.0666,-0.1257
1568357010844924,加速度计,-0.4669,20.2316,22.0195,,,,,,,
1568357020868726,加速度计,2.9467,4.6693,-2.5343,,,,,,,
1568357024639924,陀螺仪,,,,,,,,0.0623,0.0449,-0.1832
1568357030892893,加速度计,3.2621,-3.3172,14.4598,,,,,,,
1568357040917007,加速度计,-1.1295,13.6332,-4.1432,,,,,,,
1568357044687840,陀螺仪,,,,,,,,0.0619,-0.0100,-0.3498
1568357050940132,加速度计,-1.3665,10.2975,-1.8196,,,,,,,
1568357060958882,加速度计,1.0762,6.0525,9.2069,,,,,,,
1568357064725340,陀螺仪,,,,,,,,-0.0688,-0.0972,-0.2878
1568357070977632,加速度计,0.8392,6.7050,8.9070,,,,,,,
1568357080996382,加速度计,-0.4423,5.5976,2.9245,,,,,,,
1568357084762840,陀螺仪,,,,,,,,-0.1032,-0.0682,-0.2927
1568357091015132,加速度计,1.0116,7.9063,10.2681,,,,,,,
1568357101033882,加速度计,0.2789,3.3016,14.4993,,,,,,,
1568357104800340,陀螺仪,,,,,,,,-0.1430,-0.1798,-0.1193
1568357111052893,加速度计,0.5986,5.0308,25.4444,,,,,,,
1568357121075340,加速度计,1.6310,11.5095,17.2185,,,,,,,
1568357124838153,陀螺仪,,,,,,,,0.4551,0.1959,-0.1907
1568357131089924,加速度计,0.1802,9.8731,12.9413,,,,,,,
1568357141104507,加速度计,2.5654,0.4130,7.5657,,,,,,,
1568357144867372,陀螺仪,,,,,,,,0.5101,-0.0174,-0.1667
1568357151119195,加速度计,-2.9706,2.8599,6.9192,,,,,,,
1568357161134299,加速度计,2.2751,25.2253,-4.1539,,,,,,,
1568357164897893,陀螺仪,,,,,,,,0.5466,-0.1049,-0.2140
1568357171149820,加速度计,0.2867,10.5572,-4.4981,,,,,,,
1568357181165861,加速度计,2.8940,-5.8718,6.3458,,,,,,,
1568357184930601,陀螺仪,,,,,,,,0.2796,-0.1746,-0.4136
1568357191182736,加速度计,-0.8966,7.7955,5.1960,,,,,,,
1568357201200445,加速度计,-2.7527,7.2365,-4.2892,,,,,,,
1568357204966643,陀螺仪,,,,,,,,0.3055,-0.1373,-0.2494
1568357211218986,加速度计,0.9475,-5.4247,25.6192,,,,,,,
1568357221238361,加速度计,-2.7683,-5.7425,8.9328,,,,,,,
1568357225005965,陀螺仪,,,,,,,,1.1293,0.0149,-0.0127
1568357231258465,加速度计,-0.1041,30.6590,1.6658,,,,,,,
1568357241278986,加速度计,0.6081,21.4491,-21.8567,,,,,,,
1568357245047320,陀螺仪,,,,,,,,0.6707,-0.1278,-0.0686
1568357251299924,加速度计,7.1269,4.5550,-19.8300,,,,,,,
1568357261321278,加速度计,-4.3215,8.9896,-7.0114,,,,,,,
1568357265090288,陀螺仪,,,,,,,,-1.5520,-0.0936,0.0322
1568357271342945,加速度计,-0.6375,-9.9078,55.9393,,,,,,,
1568357281364611,加速度计,1.7406,11.7328,-14.7752,,,,,,,
1568357285133622,陀螺仪,,,,,,,,-0.2718,0.1314,0.0770
1568357291386278,加速度计,-4.4113,-5.1673,5.6940,,,,,,,
1568357301407945,加速度计,1.0104,25.8352,36.6211,,,,,,,
1568357305176799,陀螺仪,,,,,,,,0.7214,-0.0025,0.0927
1568357311429299,加速度计,1.0774,-4.5550,-17.2670,,,,,,,
1568357321449403,加速度计,-4.5627,10.0916,0.9092,,,,,,,
1568357325216174,陀螺仪,,,,,,,,-0.6848,-0.0965,-0.0241
1568357331468465,加速度计,0.3268,3.9786,30.8553,,,,,,,
1568357341487215,加速度计,-3.3226,12.0710,19.8348,,,,,,,
1568357345253674,陀螺仪,,,,,,,,0.4716,-0.0679,0.0798
1568357351505965,加速度计,2.2709,8.9411,-11.3383,,,,,,,
1568357361526278,加速度计,0.5519,-3.6685,-2.5349,,,,,,,
1568357365312476,陀螺仪,,,,,,,,-0.0397,-0.0638,0.0490
1568357371561799,加速度计,2.0848,14.3125,15.1439,,,,,,,
1568357381557007,加速度计,-0.1514,11.0822,4.7627,,,,,,,
1568357385303622,陀螺仪,,,,,,,,-0.1286,0.0312,0.1257
1568357391553257,加速度计,4.8884,16.8031,-6.7433,,,,,,,
1568357401551382,加速度计,0.8613,7.3298,29.8796,,,,,,,
1568357405301799,陀螺仪,,,,,,,,-0.6682,0.0445,0.0818
1568357411552111,加速度计,-1.0870,0.8960,7.9799,,,,,,,
1568357421555965,加速度计,2.6127,-2.8635,15.6706,,,,,,,
1568357425312320,陀螺仪,,,,,,,,-0.0597,0.1864,0.2127
1568357431563570,加速度计,-0.3154,5.9245,-6.9941,,,,,,,
1568357441575028,加速度计,-0.2233,2.6282,17.7548,,,,,,,
1568357445338361,陀螺仪,,,,,,,,-0.2317,0.0700,0.1702
1568357451590653,加速度计,0.8888,12.9909,6.7068,,,,,,,
1568357461610445,加速度计,0.5345,8.7957,6.1112,,,,,,,
1568357465381018,陀螺仪,,,,,,,,-0.0193,0.0553,-0.0177
1568357471634299,加速度计,-0.0533,3.6482,7.6124,,,,,,,
1568357481661799,加速度计,-2.4307,7.1239,6.6379,,,,,,,
1568357485438413,陀螺仪,,,,,,,,0.0667,-0.0305,-0.0658
1568357491692424,加速度计,-0.7344,6.8809,11.6580,,,,,,,
1568357501725445,加速度计,-0.3274,13.9289,1.7418,,,,,,,
1568357505505913,陀螺仪,,,,,,,,0.1461,-0.0744,-0.1246
1568357511760340,加速度计,-1.2037,4.7285,9.3583,,,,,,,
1568357521796278,加速度计,-1.2588,-0.5818,8.3588,,,,,,,
1568357525578049,陀螺仪,,,,,,,,0.1442,-0.1422,-0.1309
1568357531832528,加速度计,0.6823,8.3893,6.9611,,,,,,,
1568357541864403,加速度计,-1.8022,9.5780,-0.0742,,,,,,,
1568357545630861,陀螺仪,,,,,,,,0.1040,-0.1599,-0.1265
1568357551883153,加速度计,0.9804,4.5657,7.4406,,,,,,,
1568357561901903,加速度计,0.6309,3.5793,-1.5185,,,,,,,
1568357571920653,加速度计,-0.0263,8.0924,7.0234,,,,,,,
1568357565668361,陀螺仪,,,,,,,,0.0670,-0.1161,-0.1217
1568357581939403,加速度计,-1.7460,7.7536,17.1161,,,,,,,
1568357585705861,陀螺仪,,,,,,,,0.0410,-0.1601,-0.0269
1568357591958153,加速度计,1.4168,5.6120,17.1054,,,,,,,
1568357601976903,加速度计,0.0419,9.9144,-4.4837,,,,,,,
1568357605743778,陀螺仪,,,,,,,,0.1609,-0.0886,-0.0419
1568357611996486,加速度计,1.0816,6.4117,-3.4087,,,,,,,
1568357622038153,加速度计,1.7502,4.9746,8.6712,,,,,,,
1568357625803934,陀螺仪,,,,,,,,-0.0478,-0.1449,-0.0328
1568357632050653,加速度计,-1.4736,8.9082,8.3617,,,,,,,
1568357645605436,GPS,,,,31.9425,118.7852,3.2200,167.0000,,,
1568357642025861,加速度计,0.4657,7.8362,6.4536,,,,,,,
1568357645756434,陀螺仪,,,,,,,,-0.0142,-0.0807,0.0518
1568357652003778,加速度计,2.3385,6.2566,6.8911,,,,,,,
1568357661985809,加速度计,-1.9872,7.6860,6.2010,,,,,,,
1568357665724559,陀螺仪,,,,,,,,-0.0031,-0.0386,0.1188
1568357671973205,加速度计,0.0299,10.0078,6.3859,,,,,,,
1568357681966955,加速度计,0.9307,8.4952,6.6439,,,,,,,
1568357685717476,陀螺仪,,,,,,,,-0.0380,0.0188,0.1854
1568357691967893,加速度计,-0.1173,7.8105,4.3616,,,,,,,
1568357701976590,加速度计,0.3112,7.3496,8.6048,,,,,,,
1568357705740809,陀螺仪,,,,,,,,-0.1089,0.0417,0.2471
1568357711993205,加速度计,-1.1115,6.7846,10.0922,,,,,,,
1568357722017476,加速度计,0.8182,6.7828,3.9648,,,,,,,
1568357725794559,陀螺仪,,,,,,,,-0.0133,0.1201,0.3092
1568357732048726,加速度计,1.5137,8.4862,-0.9014,,,,,,,
1568357742086122,加速度计,0.5399,5.7132,6.5080,,,,,,,
1568357752128830,加速度计,-0.0928,5.1392,16.0597,,,,,,,
1568357745873309,陀螺仪,,,,,,,,-0.2254,0.0614,0.2326
1568357762175757,加速度计,0.0299,7.8177,16.3722,,,,,,,
1568357765969351,陀螺仪,,,,,,,,0.0711,0.1389,0.2582
1568357772225653,加速度计,2.1255,10.8146,5.4690,,,,,,,
1568357782277007,加速度计,1.2701,6.8396,1.9818,,,,,,,
1568357792325549,加速度计,1.1019,6.0914,-0.1700,,,,,,,
1568357786069768,陀螺仪,,,,,,,,0.0244,0.1244,0.1434
1568357802354768,加速度计,0.5064,5.2607,6.3267,,,,,,,
1568357806121226,陀螺仪,,,,,,,,-0.1027,0.0519,0.0720
1568357812373518,加速度计,1.1450,6.4649,5.1368,,,,,,,
1568357822392268,加速度计,0.7775,5.6437,2.8335,,,,,,,
1568357832411018,加速度计,1.7160,5.7551,5.3397,,,,,,,
1568357826158726,陀螺仪,,,,,,,,-0.1220,0.0605,0.0410
1568357842429768,加速度计,0.8326,5.2930,14.8303,,,,,,,
1568357846196226,陀螺仪,,,,,,,,-0.0622,0.0470,0.0285
1568357852448518,加速度计,0.0305,8.4414,12.4995,,,,,,,
1568357862467268,加速度计,2.1620,13.4740,4.1067,,,,,,,
1568357872491122,加速度计,1.0936,6.9929,5.3229,,,,,,,
1568357866239559,陀螺仪,,,,,,,,-0.0162,0.0630,-0.0194
1568357882504038,加速度计,0.0503,4.8949,9.8019,,,,,,,
1568357886265445,陀螺仪,,,,,,,,-0.0871,0.0294,-0.0731
1568357892517059,加速度计,-1.0666,5.0003,10.5884,,,,,,,
1568357902530497,加速度计,0.2454,6.2213,4.7764,,,,,,,
1568357906292684,陀螺仪,,,,,,,,0.0169,0.0115,-0.0397
1568357912544455,加速度计,0.7039,4.6639,0.1161,,,,,,,
1568357922559247,加速度计,0.0551,5.3427,3.9002,,,,,,,
1568357926322893,陀螺仪,,,,,,,,-0.0887,-0.0553,-0.0720
1568357932574872,加速度计,-0.0018,5.9652,12.5342,,,,,,,
1568357942591330,加速度计,-0.2490,10.0371,10.3453,,,,,,,
1568357946356434,陀螺仪,,,,,,,,0.0457,-0.0252,-0.0722
1568357952608622,加速度计,0.6285,8.8657,3.5727,,,,,,,
1568357962626747,加速度计,-0.3412,6.5182,4.7100,,,,,,,
1568357966393309,陀螺仪,,,,,,,,-0.0538,-0.0651,-0.0800
1568357972645705,加速度计,-0.8709,4.2036,9.9593,,,,,,,
1568357982665497,加速度计,-0.0521,7.9487,8.2498,,,,,,,
1568357992686122,加速度计,0.0341,8.9771,2.6037,,,,,,,
1568357986433518,陀螺仪,,,,,,,,0.0437,-0.0330,0.0125
1568358002707580,加速度计,1.6975,6.2357,5.2092,,,,,,,
1568358006477007,陀螺仪,,,,,,,,-0.0702,-0.0406,0.0204
1568358012729768,加速度计,-0.0162,5.1487,11.6634,,,,,,,
1568358022752372,加速度计,0.2664,6.5727,14.6124,,,,,,,
1568358026522476,陀螺仪,,,,,,,,0.1317,0.0240,0.0505
1568358032775288,加速度计,1.2641,11.0816,2.4666,,,,,,,
1568358042798205,加速度计,1.1061,8.6892,-1.5526,,,,,,,
1568358046568309,陀螺仪,,,,,,,,-0.0434,0.0218,0.0305
1568358052821122,加速度计,1.6849,5.9322,1.5173,,,,,,,
1568358062843518,加速度计,-0.9140,5.7563,8.8244,,,,,,,
1568358066611538,陀螺仪,,,,,,,,-0.1595,0.0081,0.0169
1568358072863830,加速度计,-0.1215,6.0340,9.7654,,,,,,,
1568358082882580,加速度计,1.4551,4.9871,5.6330,,,,,,,
1568358092901330,加速度计,0.9511,4.7375,4.9273,,,,,,,
1568358086649038,陀螺仪,,,,,,,,-0.1224,0.0302,0.0732
1568358102920080,加速度计,0.6847,3.5871,20.0502,,,,,,,
1568358106687580,陀螺仪,,,,,,,,0.0372,0.0442,0.0840
1568358112940913,加速度计,0.3543,7.9655,17.3939,,,,,,,
1568358122973830,加速度计,2.7623,12.3164,-0.3029,,,,,,,
1568358132967893,加速度计,1.0642,9.2757,-7.8231,,,,,,,
1568358126718622,陀螺仪,,,,,,,,0.2467,0.0948,0.0385
1568358142963101,加速度计,-0.7913,4.8812,6.0591,,,,,,,
1568358146710497,陀螺仪,,,,,,,,-0.1960,-0.0245,-0.0261
1568358152960288,加速度计,0.4040,6.2614,7.2484,,,,,,,
1568358162960288,加速度计,0.0958,10.5315,3.3178,,,,,,,
1568358166713101,陀螺仪,,,,,,,,-0.1321,-0.0216,-0.0270
1568358172963778,加速度计,0.2286,8.1936,14.7836,,,,,,,
1568358182971174,加速度计,-0.6704,4.5209,15.5240,,,,,,,
1568358186731122,陀螺仪,,,,,,,,0.1043,0.0597,0.0182
1568358192982893,加速度计,1.0511,7.4849,5.2876,,,,,,,
1568358202999038,加速度计,0.3340,10.2376,-5.2289,,,,,,,
1568358206766538,陀螺仪,,,,,,,,-0.0779,-0.0229,-0.0052
1568358213019351,加速度计,-0.6051,4.4807,13.7427,,,,,,,
1568358223043674,加速度计,0.1125,6.2979,11.0630,,,,,,,
1568358233071590,加速度计,0.1598,11.9908,2.5869,,,,,,,
1568358226817893,陀螺仪,,,,,,,,0.1298,0.0547,0.0546
1568358243102684,加速度计,0.0066,8.1834,-2.8880,,,,,,,
1568358246882059,陀螺仪,,,,,,,,-0.0816,0.0262,0.0819
1568358253136382,加速度计,0.0120,4.2246,11.3719,,,,,,,
1568358263171851,加速度计,0.0712,7.7752,12.3445,,,,,,,
1568358273208413,加速度计,-0.3280,10.3501,7.9493,,,,,,,
1568358266953830,陀螺仪,,,,,,,,0.0421,0.0790,0.1321
1568358283245497,加速度计,-0.4220,5.2092,3.1532,,,,,,,
1568358287024143,陀螺仪,,,,,,,,0.0174,0.1075,0.2205
1568358293276799,加速度计,0.7440,5.1799,1.9124,,,,,,,
1568358303297372,加速度计,0.3723,7.9529,8.2396,,,,,,,
1568358307063830,陀螺仪,,,,,,,,-0.0550,0.1161,0.2000
1568358313316122,加速度计,0.1658,8.2839,9.4361,,,,,,,
1568358323334872,加速度计,-0.1670,6.8630,5.6096,,,,,,,
1568358327101330,陀螺仪,,,,,,,,-0.0593,0.1318,0.1908
1568358333353622,加速度计,-0.3681,2.9084,2.4439,,,,,,,
1568358343372372,加速度计,-0.3819,4.6962,9.2177,,,,,,,
1568358353391122,加速度计,-0.3184,7.1455,13.4488,,,,,,,
1568358363411434,加速度计,1.5089,9.0926,7.9302,,,,,,,
1568358347138830,陀螺仪,,,,,,,,-0.0189,0.1374,0.1844
1568358373438205,加速度计,-1.1881,7.8368,2.2326,,,,,,,
1568358367187684,陀螺仪,,,,,,,,0.1487,0.1559,0.1533
1568358383442945,加速度计,1.5407,6.9695,0.6219,,,,,,,
1568358393448257,加速度计,1.4820,8.1014,8.0918,,,,,,,
1568358387197580,陀螺仪,,,,,,,,-0.0246,0.1063,0.1499
1568358403454559,加速度计,0.7195,9.3116,15.6718,,,,,,,
1568358413462268,加速度计,-1.1678,7.7165,15.2547,,,,,,,
1568358407211226,陀螺仪,,,,,,,,0.0032,0.1385,0.0547
1568358423471799,加速度计,0.1939,5.5174,5.6210,,,,,,,
1568358433483570,加速度计,-0.5674,4.1408,3.2603,,,,,,,
1568358427231955,陀螺仪,,,,,,,,0.1989,0.1328,0.0719
1568358443497840,加速度计,0.0042,7.4795,-0.4986,,,,,,,
1568358453514611,加速度计,0.2352,9.4050,3.1945,,,,,,,
1568358447262372,陀螺仪,,,,,,,,0.0911,0.0878,0.0668
1568358463533882,加速度计,0.2520,9.5642,10.4812,,,,,,,
1568358467302684,陀螺仪,,,,,,,,-0.0019,0.0676,-0.0132
1568358473555497,加速度计,-1.4138,6.0346,13.2519,,,,,,,
1568358483579195,加速度计,0.1706,7.2496,4.1174,,,,,,,
1568358487351538,陀螺仪,,,,,,,,0.0863,0.0883,0.0426
1568358493604820,加速度计,0.2831,10.0688,-0.2011,,,,,,,
1568358503631955,加速度计,0.3765,5.1158,9.1327,,,,,,,
1568358507406643,陀螺仪,,,,,,,,-0.0748,0.0310,0.0192
1568358513660184,加速度计,-0.3813,5.9646,14.2132,,,,,,,
1568358523689090,加速度计,-0.2496,7.5759,8.7556,,,,,,,
1568358533718257,加速度计,1.3282,9.7833,3.3698,,,,,,,
1568358527464663,陀螺仪,,,,,,,,0.1097,0.0546,-0.0298
1568358543745861,加速度计,-0.3843,7.5447,5.1032,,,,,,,
1568358553768674,加速度计,-0.0892,5.4827,7.6698,,,,,,,
1568358547516330,陀螺仪,,,,,,,,-0.0065,-0.0104,-0.0828
1568358563787684,加速度计,0.2197,7.0192,8.9346,,,,,,,
1568358567554143,陀螺仪,,,,,,,,0.0664,-0.0393,-0.1611
1568358573806434,加速度计,0.9206,7.4418,7.3167,,,,,,,
1568358583825184,加速度计,1.5616,5.4588,1.5012,,,,,,,
1568358587591643,陀螺仪,,,,,,,,0.0401,-0.0812,-0.2441
1568358593843934,加速度计,1.0062,4.6382,2.7450,,,,,,,
1568358603862684,加速度计,0.8033,4.0157,10.6913,,,,,,,
1568358607629559,陀螺仪,,,,,,,,0.0329,-0.1115,-0.2447
1568358613882059,加速度计,0.0299,8.0439,10.4196,,,,,,,
1568358623915445,加速度计,0.9625,10.1999,4.7226,,,,,,,
1568358633929090,加速度计,1.5089,8.1894,1.4443,,,,,,,
1568358627679976,陀螺仪,,,,,,,,0.0401,-0.1119,-0.2393
1568358647268769,GPS,,,,31.9425,118.7853,3.0700,163.9000,,,
1568358643922945,加速度计,0.9619,1.1660,9.0333,,,,,,,
1568358653918153,加速度计,1.1768,7.0575,7.4537,,,,,,,
1568358647668726,陀螺仪,,,,,,,,-0.0064,-0.1008,-0.2232
1568358663915549,加速度计,0.5866,8.7155,7.8111,,,,,,,
1568358673915965,加速度计,1.6502,9.9359,5.4959,,,,,,,
1568358667665809,陀螺仪,,,,,,,,0.0039,-0.0573,-0.1593
1568358683919976,加速度计,0.9667,5.7569,8.7239,,,,,,,
1568358693927997,加速度计,1.1791,7.0785,6.2878,,,,,,,
1568358687676851,陀螺仪,,,,,,,,-0.0103,-0.0269,-0.1493
1568358703940445,加速度计,0.2723,8.4138,4.6489,,,,,,,
1568358707705184,陀螺仪,,,,,,,,-0.0908,-0.0633,-0.1350
1568358713957476,加速度计,-0.5082,8.2803,7.4107,,,,,,,
1568358723978830,加速度计,2.1255,5.0679,13.1687,,,,,,,
1568358727751018,陀螺仪,,,,,,,,-0.0338,-0.0493,-0.1423
1568358734004351,加速度计,-0.9056,6.6661,11.4299,,,,,,,
1568358744033518,加速度计,0.4531,9.1542,3.7607,,,,,,,
1568358747811643,陀螺仪,,,,,,,,0.0771,-0.0387,-0.1507
1568358754065757,加速度计,1.0427,8.8861,-0.6973,,,,,,,
1568358764100393,加速度计,-0.7638,5.7287,3.7044,,,,,,,
1568358774136590,加速度计,-0.0886,6.0705,16.5978,,,,,,,
1568358767882059,陀螺仪,,,,,,,,-0.1425,-0.0976,-0.1527
1568358784173778,加速度计,-0.1754,9.5170,12.0626,,,,,,,
1568358794211278,加速度计,1.8495,9.6875,1.1911,,,,,,,
1568358787956643,陀螺仪,,,,,,,,0.1146,0.0087,-0.0726
1568358804238882,加速度计,1.0110,6.7289,1.4599,,,,,,,
1568358808006434,陀螺仪,,,,,,,,-0.1298,-0.0732,-0.0712
1568358814258726,加速度计,0.4962,5.1230,13.3716,,,,,,,
1568358824277476,加速度计,0.0946,6.1058,12.5714,,,,,,,
1568358828043934,陀螺仪,,,,,,,,0.0889,0.0158,-0.0381
1568358834296226,加速度计,0.9655,10.9002,-1.4790,,,,,,,
1568358844314976,加速度计,1.3707,3.7481,4.3664,,,,,,,
1568358848081434,陀螺仪,,,,,,,,-0.0621,-0.0180,-0.0453
1568358854333726,加速度计,1.0894,4.7854,2.8958,,,,,,,
1568358864355861,加速度计,-0.3525,6.1304,10.5153,,,,,,,
1568358868137163,陀螺仪,,,,,,,,-0.0509,-0.0145,-0.0285
1568358874385965,加速度计,-0.3472,7.9499,11.7956,,,,,,,
1568358884377215,加速度计,1.0959,6.4895,9.6151,,,,,,,
1568358888120757,陀螺仪,,,,,,,,0.0762,0.0134,0.0174
1568358894369924,加速度计,0.8775,6.3770,5.8173,,,,,,,
1568358904365132,加速度计,0.4932,7.7452,1.9196,,,,,,,
1568358914363674,加速度计,0.2209,6.8893,4.7501,,,,,,,
1568358908113674,陀螺仪,,,,,,,,0.0546,0.0093,-0.0236
1568358924366174,加速度计,-0.4112,5.3073,7.6483,,,,,,,
1568358928121955,陀螺仪,,,,,,,,0.0366,0.0112,0.0031
1568358934373049,加速度计,0.1197,7.4089,5.1571,,,,,,,
1568358944384715,加速度计,0.5489,7.5010,8.7580,,,,,,,
1568358948149038,陀螺仪,,,,,,,,0.0212,0.0000,0.0353
1568358954401382,加速度计,1.0690,6.5314,9.9311,,,,,,,
1568358964422840,加速度计,0.9499,8.2193,4.8788,,,,,,,
1568358968195236,陀螺仪,,,,,,,,0.0629,0.0534,0.0194
1568358974448674,加速度计,0.3795,7.8147,2.5468,,,,,,,
1568358984478465,加速度计,-1.0624,5.1248,8.6072,,,,,,,
1568358994511590,加速度计,-1.0534,7.2275,11.1324,,,,,,,
1568358988257320,陀螺仪,,,,,,,,0.0023,0.0302,0.0505
1568359004547424,加速度计,1.1833,8.5066,6.7726,,,,,,,
1568359008330549,陀螺仪,,,,,,,,0.0796,0.0590,0.0896
1568359014585340,加速度计,2.0973,8.8998,2.6498,,,,,,,
1568359024624299,加速度计,-0.3364,7.1545,6.4135,,,,,,,
1568359034663257,加速度计,-0.8853,4.8004,10.7224,,,,,,,
1568359028408465,陀螺仪,,,,,,,,-0.0419,0.0284,-0.0115
1568359044692215,加速度计,0.6740,7.8015,5.9514,,,,,,,
1568359054711174,加速度计,0.0670,10.3998,2.8216,,,,,,,
1568359048458882,陀螺仪,,,,,,,,0.0356,0.0196,0.0226
1568359064729924,加速度计,1.5371,6.1573,8.7017,,,,,,,
1568359074748674,加速度计,-1.5640,5.2732,11.2013,,,,,,,
1568359068496382,陀螺仪,,,,,,,,-0.0959,-0.0413,-0.1012
1568359084767424,加速度计,1.1181,7.6776,6.8408,,,,,,,
1568359088533882,陀螺仪,,,,,,,,-0.0334,-0.0559,-0.0738
1568359094786174,加速度计,1.2767,7.7740,6.0418,,,,,,,
1568359104804924,加速度计,-0.1024,6.2273,12.9071,,,,,,,
1568359114825965,加速度计,2.0016,7.1730,9.1369,,,,,,,
1568359108573101,陀螺仪,,,,,,,,0.0067,-0.0366,-0.0977
1568359124850757,加速度计,0.6997,5.5348,2.8706,,,,,,,
1568359134854299,加速度计,1.2055,7.4394,-0.7895,,,,,,,
1568359128603882,陀螺仪,,,,,,,,0.0802,-0.0064,-0.1268
1568359144858465,加速度计,0.2077,5.3983,7.1485,,,,,,,
1568359148613153,陀螺仪,,,,,,,,-0.1079,-0.0856,-0.1136
1568359154863882,加速度计,0.6512,6.1794,11.3946,,,,,,,
1568359164871174,加速度计,-0.8481,9.3673,11.2462,,,,,,,
1568359174880757,加速度计,0.5549,8.3947,4.0181,,,,,,,
1568359168629455,陀螺仪,,,,,,,,0.0298,-0.0012,-0.0491
1568359184892840,加速度计,1.7400,4.5855,5.1248,,,,,,,
1568359194907424,加速度计,-0.4609,5.7599,5.8095,,,,,,,
1568359188655497,陀螺仪,,,,,,,,-0.0352,0.0253,-0.0068
1568359204924507,加速度计,-0.2933,5.9652,12.1733,,,,,,,
1568359214944090,加速度计,-0.2741,8.3228,7.0264,,,,,,,
1568359208691538,陀螺仪,,,,,,,,0.0463,0.0483,0.0538
1568359224966174,加速度计,0.4088,6.9276,3.7302,,,,,,,
1568359234990549,加速度计,0.7374,6.8630,4.7351,,,,,,,
1568359228737424,陀螺仪,,,,,,,,0.0268,0.0479,0.0690
1568359245016799,加速度计,-0.5088,6.6882,8.8250,,,,,,,
1568359255044507,加速度计,-1.1067,7.6309,10.0491,,,,,,,
1568359248791018,陀螺仪,,,,,,,,0.0186,0.0589,0.0478
1568359265073257,加速度计,0.2903,9.1333,3.9277,,,,,,,
1568359275102632,加速度计,-0.3130,7.1467,6.8923,,,,,,,
1568359268848986,陀螺仪,,,,,,,,0.0409,0.0644,0.0995
1568359285132215,加速度计,0.0862,6.6828,9.1279,,,,,,,
1568359295159924,加速度计,-0.8086,8.0170,7.9685,,,,,,,
1568359288906747,陀螺仪,,,,,,,,0.0320,0.0477,0.0662
1568359305182215,加速度计,-0.7949,7.9266,6.0430,,,,,,,
1568359308948674,陀螺仪,,,,,,,,0.0842,0.0253,0.0475
1568359315200965,加速度计,0.5034,6.3075,3.8654,,,,,,,
1568359325219715,加速度计,0.9116,7.2694,-0.5991,,,,,,,
1568359328986174,陀螺仪,,,,,,,,-0.0506,-0.0438,-0.0599
1568359335238465,加速度计,0.6033,6.3937,7.7004,,,,,,,
1568359345257215,加速度计,0.1454,7.3544,10.4513,,,,,,,
1568359349023674,陀螺仪,,,,,,,,-0.0072,-0.0320,-0.0722
1568359355275965,加速度计,-1.6879,7.2993,12.4397,,,,,,,
1568359365295549,加速度计,0.6907,8.4408,5.6677,,,,,,,
1568359369063882,陀螺仪,,,,,,,,0.0940,0.0112,0.0036
1568359375315705,加速度计,2.3260,7.3215,3.5548,,,,,,,
1568359385330705,加速度计,1.7813,8.2169,2.7994,,,,,,,
1568359389093882,陀螺仪,,,,,,,,-0.0590,-0.0485,-0.1356
1568359395345705,加速度计,-0.2544,6.6978,6.1190,,,,,,,
1568359405360965,加速度计,0.3065,5.5067,10.3717,,,,,,,
1568359409124715,陀螺仪,,,,,,,,-0.0364,-0.0848,-0.1561
1568359415376643,加速度计,-0.2221,6.5493,10.0006,,,,,,,
1568359425392736,加速度计,0.8194,7.4807,6.4715,,,,,,,
1568359429157215,陀螺仪,,,,,,,,0.0660,-0.0534,-0.1454
1568359435409247,加速度计,-0.0676,7.6794,2.4068,,,,,,,
1568359445426434,加速度计,-0.4411,7.6770,1.9597,,,,,,,
1568359449192215,陀螺仪,,,,,,,,-0.0698,-0.1201,-0.1807
1568359455444455,加速度计,0.8577,6.1226,6.2136,,,,,,,
1568359465463309,加速度计,-0.1305,5.8496,6.7133,,,,,,,
1568359469230340,陀螺仪,,,,,,,,-0.0892,-0.1208,-0.1623
1568359475482736,加速度计,-0.0634,8.0331,4.6400,,,,,,,
1568359485502580,加速度计,0.1389,6.6212,10.0191,,,,,,,
1568359489270340,陀螺仪,,,,,,,,-0.0991,-0.0810,-0.0791
1568359495522840,加速度计,0.4878,5.6264,11.9800,,,,,,,
1568359505543518,加速度计,-1.4186,8.2516,9.5714,,,,,,,
1568359509312007,陀螺仪,,,,,,,,0.0214,-0.0354,0.0085
1568359515564611,加速度计,-0.0455,7.7434,5.5348,,,,,,,
1568359525585861,加速度计,1.3018,6.7121,1.8034,,,,,,,
1568359529354507,陀螺仪,,,,,,,,-0.0553,-0.0461,-0.0121
1568359535607111,加速度计,0.2215,6.0519,-0.0174,,,,,,,
1568359545628361,加速度计,-0.7572,5.0841,4.1228,,,,,,,
1568359555649611,加速度计,-0.8062,5.4941,12.1769,,,,,,,
1568359549397007,陀螺仪,,,,,,,,-0.2154,-0.0700,-0.0298
1568359565670861,加速度计,-1.6269,8.0649,14.4275,,,,,,,
1568359575690809,加速度计,-0.9188,8.8789,11.4233,,,,,,,
1568359569438465,陀螺仪,,,,,,,,-0.0936,-0.0265,0.1051
1568359585709715,加速度计,0.3232,5.4713,7.4508,,,,,,,
1568359589476174,陀螺仪,,,,,,,,-0.0352,0.0095,0.1305
1568359595728465,加速度计,1.0666,4.9051,5.7006,,,,,,,
1568359605747215,加速度计,-0.3639,4.6633,4.2928,,,,,,,
1568359615769611,加速度计,-0.3053,7.5818,6.8881,,,,,,,
1568359609516590,陀螺仪,,,,,,,,-0.0378,-0.0051,0.1194
1568359625869924,加速度计,0.9714,7.1018,6.8187,,,,,,,
1568359629577007,陀螺仪,,,,,,,,-0.0562,-0.0011,0.1060
1568359644574185,GPS,,,,31.9424,118.7853,3.7700,164.2000,,,
1568359635816695,加速度计,0.6315,7.1700,3.5039,,,,,,,
1568359645737893,加速度计,-0.8344,7.6064,0.6207,,,,,,,
1568359649425028,陀螺仪,,,,,,,,-0.1818,-0.0242,0.0533
1568359655666122,加速度计,0.0497,5.2936,6.5781,,,,,,,
1568359665604768,加速度计,0.1413,6.6254,12.2595,,,,,,,
1568359669312632,陀螺仪,,,,,,,,-0.1618,-0.0141,0.1139
1568359675556799,加速度计,-0.6734,5.9658,15.2948,,,,,,,
1568359685524403,加速度计,0.7362,9.8755,6.7229,,,,,,,
1568359695508934,加速度计,0.8021,5.2200,7.8817,,,,,,,
1568359689260653,陀螺仪,,,,,,,,-0.0390,0.0288,0.1752
1568359705510913,加速度计,1.4168,8.3761,5.4731,,,,,,,
1568359709277736,陀螺仪,,,,,,,,-0.0242,0.0411,0.1041
1568359715530393,加速度计,-0.4693,6.4793,8.7047,,,,,,,
1568359725566643,加速度计,0.7697,8.4276,6.7864,,,,,,,
1568359729361486,陀螺仪,,,,,,,,-0.0123,-0.0076,0.0760
1568359735618101,加速度计,-0.8452,6.2231,8.5844,,,,,,,
1568359745683101,加速度计,0.6841,6.6667,7.1742,,,,,,,
1568359749499611,陀螺仪,,,,,,,,0.0561,-0.0152,0.0298
1568359755759247,加速度计,0.7949,7.6429,4.9680,,,,,,,
1568359765843674,加速度计,-1.1684,8.2462,2.6270,,,,,,,
1568359769672215,陀螺仪,,,,,,,,0.0075,-0.0378,0.0008
1568359775933465,加速度计,0.4998,6.5972,7.5591,,,,,,,
1568359786025705,加速度计,1.5748,7.6100,7.6231,,,,,,,
1568359789840132,陀螺仪,,,,,,,,-0.0071,-0.0405,-0.0051
1568359796098882,加速度计,0.9254,9.1255,2.7288,,,,,,,
1568359806124090,加速度计,0.0712,5.4468,10.4962,,,,,,,
1568359809890549,陀螺仪,,,,,,,,-0.0495,-0.0309,-0.0121
1568359816142840,加速度计,0.6949,5.2283,10.2083,,,,,,,
1568359826161590,加速度计,0.4112,4.8201,5.2942,,,,,,,
1568359829928049,陀螺仪,,,,,,,,0.0818,-0.0280,-0.0084
1568359836180340,加速度计,1.4623,8.0571,4.4089,,,,,,,
1568359846199090,加速度计,-0.1945,7.8763,9.2674,,,,,,,
1568359849965549,陀螺仪,,,,,,,,0.0629,-0.0598,-0.0458
1568359856217840,加速度计,1.2809,8.0158,10.4968,,,,,,,
1568359866239143,加速度计,0.8763,10.2149,2.2260,,,,,,,
1568359870012736,陀螺仪,,,,,,,,0.0714,-0.0543,-0.1095
1568359876262840,加速度计,-0.2239,5.7832,4.2192,,,,,,,
1568359886264351,加速度计,0.5213,5.5300,5.7347,,,,,,,
1568359890016486,陀螺仪,,,,,,,,-0.0164,-0.0996,-0.0774
1568359896266799,加速度计,-0.4405,7.0425,14.1042,,,,,,,
1568359906270757,加速度计,0.8410,7.5250,10.0233,,,,,,,
1568359910025861,陀螺仪,,,,,,,,0.1254,-0.0722,-0.0049
1568359916276643,加速度计,1.3856,5.8634,5.4791,,,,,,,
1568359926284872,加速度计,1.3731,6.3015,2.5079,,,,,,,
1568359936295861,加速度计,-0.7087,5.2750,3.6733,,,,,,,
1568359930044403,陀螺仪,,,,,,,,0.1330,-0.0699,-0.0606
1568359946309768,加速度计,0.2574,9.4703,2.9868,,,,,,,
1568359950074611,陀螺仪,,,,,,,,0.0583,-0.0927,-0.0164
1568359956326851,加速度计,-1.5520,8.7604,10.5357,,,,,,,
1568359966347007,加速度计,0.8487,8.4288,11.0043,,,,,,,
1568359976370080,加速度计,1.8944,7.8901,5.7808,,,,,,,
1568359970117111,陀螺仪,,,,,,,,0.0858,-0.0587,0.0710
1568359986395809,加速度计,-0.9242,8.0385,1.1696,,,,,,,
1568359990170236,陀螺仪,,,,,,,,-0.0173,-0.0153,0.0640
1568359996423778,加速度计,-0.9068,6.4560,4.3940,,,,,,,
1568360006453570,加速度计,0.4896,5.5007,14.1312,,,,,,,
1568360010230861,陀螺仪,,,,,,,,0.0125,0.0101,0.1816
1568360016484768,加速度计,0.2825,8.2331,5.4366,,,,,,,
1568360026516695,加速度计,0.3430,7.6411,2.5935,,,,,,,
1568360030294820,陀螺仪,,,,,,,,-0.0640,0.0117,0.1796
1568360036548778,加速度计,0.6506,6.8755,10.1556,,,,,,,
1568360046574872,加速度计,-0.8583,4.8566,18.1498,,,,,,,
1568360056595028,加速度计,0.2143,9.0794,5.6701,,,,,,,
1568360050342736,陀螺仪,,,,,,,,0.1136,0.0863,0.2531
1568360066613778,加速度计,2.1135,8.7610,-5.5001,,,,,,,
1568360070380236,陀螺仪,,,,,,,,-0.0429,0.0566,0.2257
1568360076632528,加速度计,0.9152,3.6500,6.7714,,,,,,,
1568360086651278,加速度计,0.0946,4.6094,20.6350,,,,,,,
1568360096670028,加速度计,-0.1425,10.7266,8.8406,,,,,,,
1568360090417736,陀螺仪,,,,,,,,0.0947,0.1380,0.2506
1568360106688778,加速度计,0.5728,8.4150,0.1568,,,,,,,
1568360116708830,加速度计,2.5869,3.8840,0.6823,,,,,,,
1568360110456278,陀螺仪,,,,,,,,0.0466,0.1393,0.2772
1568360126728205,加速度计,-0.9714,3.9349,7.0282,,,,,,,
1568360130490653,陀螺仪,,,,,,,,-0.0461,0.1357,0.1879
1568360136742372,加速度计,-0.0461,8.5778,8.0756,,,,,,,
1568360146756538,加速度计,0.7021,8.1888,8.7813,,,,,,,
1568360150519247,陀螺仪,,,,,,,,-0.0728,0.0993,0.2000
1568360156771018,加速度计,0.5674,3.7332,13.5596,,,,,,,
1568360166785913,加速度计,0.9182,5.9095,6.8372,,,,,,,
1568360176801538,加速度计,1.3108,11.3395,0.5249,,,,,,,
1568360170549611,陀螺仪,,,,,,,,0.1100,0.2148,0.1630
1568360186817997,加速度计,0.6632,6.6696,9.4068,,,,,,,
1568360196835288,加速度计,1.0546,5.2762,12.1607,,,,,,,
1568360190583153,陀螺仪,,,,,,,,-0.0663,0.1185,0.1021
1568360206853413,加速度计,-0.0335,7.1766,9.3003,,,,,,,
1568360210620028,陀螺仪,,,,,,,,0.1008,0.1450,0.0415
1568360216872372,加速度计,0.8685,7.7375,4.0253,,,,,,,
1568360226892163,加速度计,0.3352,7.8135,4.1851,,,,,,,
1568360236912788,加速度计,0.8033,6.2465,8.7879,,,,,,,
1568360230660236,陀螺仪,,,,,,,,0.0679,0.0975,-0.0204
1568360246933934,加速度计,2.1739,9.3332,1.4138,,,,,,,
1568360256955497,加速度计,-1.0020,8.2911,-2.8712,,,,,,,
1568360250702840,陀螺仪,,,,,,,,0.0405,0.0995,-0.1200
1568360266977476,加速度计,0.6770,5.2146,12.1027,,,,,,,
1568360276999559,加速度计,-1.1660,4.0043,20.4734,,,,,,,
1568360270746851,陀螺仪,,,,,,,,-0.1617,0.0322,-0.0083
1568360287021643,加速度计,-0.1466,9.1351,7.1174,,,,,,,
1568360297043726,加速度计,1.7316,8.9932,-2.7396,,,,,,,
1568360290791018,陀螺仪,,,,,,,,0.1744,0.1866,0.1180
1568360307065497,加速度计,1.5089,4.3568,2.7982,,,,,,,
1568360310832684,陀螺仪,,,,,,,,-0.0642,0.1258,0.0497
1568360317084976,加速度计,0.5800,6.2489,12.4546,,,,,,,
1568360327103726,加速度计,-0.2909,12.5546,6.5272,,,,,,,
1568360330870184,陀螺仪,,,,,,,,-0.0076,0.1370,0.0043
1568360337122476,加速度计,-2.6402,6.2776,10.0676,,,,,,,
1568360347141226,加速度计,1.0044,4.1246,8.6084,,,,,,,
1568360350907684,陀螺仪,,,,,,,,0.0712,0.1486,0.0680
1568360357159976,加速度计,0.8523,6.1950,2.3643,,,,,,,
1568360367187111,加速度计,0.3513,9.2332,1.1642,,,,,,,
1568360370955445,陀螺仪,,,,,,,,-0.0292,0.1024,-0.0338
1568360377204507,加速度计,-0.9786,7.3191,7.8673,,,,,,,
1568360387198049,加速度计,-0.3825,4.8788,7.8865,,,,,,,
1568360390943674,陀螺仪,,,,,,,,-0.0530,0.1000,0.0284
1568360397193049,加速度计,0.9140,6.2614,9.5942,,,,,,,
1568360407190340,加速度计,0.0437,8.2313,16.2919,,,,,,,
1568360410940653,陀螺仪,,,,,,,,0.0831,0.1260,0.0241
1568360417190757,加速度计,-0.5962,6.3446,11.8549,,,,,,,
1568360427195132,加速度计,0.7284,8.0403,-1.8226,,,,,,,
1568360430952528,陀螺仪,,,,,,,,0.2170,0.1294,-0.0280
1568360437203674,加速度计,1.7801,7.5926,-6.9707,,,,,,,
1568360451061060,GPS,,,,31.9424,118.7853,3.7700,164.2000,,,
1568360447216695,加速度计,1.4198,5.7203,-2.7497,,,,,,,
1568360450982007,陀螺仪,,,,,,,,-0.2306,0.0326,-0.1668
1568360457234299,加速度计,-1.0576,5.9089,16.9539,,,,,,,
1568360467256174,加速度计,-1.0959,8.2636,18.7574,,,,,,,
1568360471028882,陀螺仪,,,,,,,,0.0250,0.0517,-0.1139
1568360477282215,加速度计,0.0700,8.2917,6.3375,,,,,,,
1568360487312111,加速度计,1.6424,6.7403,-0.3334,,,,,,,
1568360491090965,陀螺仪,,,,,,,,-0.0260,0.0153,-0.1672
1568360497345132,加速度计,2.6408,5.6318,5.3067,,,,,,,
1568360507380445,加速度计,0.7105,6.8247,12.4235,,,,,,,
1568360511162632,陀螺仪,,,,,,,,-0.0056,0.0108,-0.2549
1568360517417215,加速度计,0.9607,10.0556,8.9304,,,,,,,
1568360527454924,加速度计,1.3294,7.3251,5.9526,,,,,,,
1568360531238153,陀螺仪,,,,,,,,0.0229,-0.0053,-0.2684
1568360537492840,加速度计,2.9090,5.0230,4.1025,,,,,,,
1568360547517632,加速度计,0.7296,7.9912,5.7952,,,,,,,
1568360551284507,陀螺仪,,,,,,,,-0.0101,-0.0376,-0.3799
1568360557536799,加速度计,0.6225,8.7550,9.1500,,,,,,,
1568360567555549,加速度计,0.7811,6.1687,8.6000,,,,,,,
1568360571322007,陀螺仪,,,,,,,,0.0176,-0.0557,-0.3795
1568360577574299,加速度计,0.3915,7.0773,5.0859,,,,,,,
1568360587593049,加速度计,0.9912,6.2112,5.5863,,,,,,,
1568360597611799,加速度计,0.2574,7.4933,8.6269,,,,,,,
1568360591359507,陀螺仪,,,,,,,,-0.0196,-0.0992,-0.4300
1568360607630549,加速度计,-0.4531,7.9128,10.1305,,,,,,,
1568360611399351,陀螺仪,,,,,,,,0.0112,-0.1245,-0.4177
1568360617654351,加速度计,-0.0760,6.7786,7.5118,,,,,,,
1568360627713934,加速度计,1.0193,5.4911,5.9436,,,,,,,
1568360644197831,GPS,,,,31.9424,118.7853,3.3900,164.4000,,,
1568360631448049,陀螺仪,,,,,,,,0.0394,-0.1499,-0.4400
1568360637693882,加速度计,1.2037,6.4991,5.7419,,,,,,,
1568360647700028,加速度计,-0.1323,6.0484,6.1226,,,,,,,
1568360657717111,加速度计,0.0808,6.9534,7.6172,,,,,,,
1568360651464924,陀螺仪,,,,,,,,0.0017,-0.1903,-0.4579
1568360667745497,加速度计,-0.2011,4.9650,10.7069,,,,,,,
1568360671514299,陀螺仪,,,,,,,,0.0506,-0.1907,-0.4152
1568360677765340,加速度计,0.7841,8.6987,4.4197,,,,,,,
1568360687774090,加速度计,-0.0934,7.6974,4.1019,,,,,,,
1568360691532059,陀螺仪,,,,,,,,-0.0338,-0.1968,-0.3907
1568360697783153,加速度计,-0.0766,7.8314,5.6617,,,,,,,
1568360707792945,加速度计,-0.6458,3.9851,12.2595,,,,,,,
1568360717803882,加速度计,0.5974,5.7497,12.0171,,,,,,,
1568360711552528,陀螺仪,,,,,,,,-0.0510,-0.1537,-0.2511
1568360727816382,加速度计,0.1838,6.9617,7.1311,,,,,,,
1568360731579559,陀螺仪,,,,,,,,0.1170,-0.0794,-0.1421
1568360737833049,加速度计,-0.2484,6.0932,4.3682,,,,,,,
1568360747872163,加速度计,0.2412,8.0236,1.6700,,,,,,,
1568360757910965,加速度计,-0.3472,7.7955,4.5077,,,,,,,
1568360751656174,陀螺仪,,,,,,,,0.0664,-0.0527,-0.0695
1568360767932215,加速度计,-1.5233,8.3947,5.4510,,,,,,,
1568360771698674,陀螺仪,,,,,,,,-0.0490,-0.0209,0.0152
1568360777950965,加速度计,-1.7083,6.9923,9.6504,,,,,,,
1568360787969715,加速度计,-0.5423,7.5471,9.5738,,,,,,,
1568360791736174,陀螺仪,,,,,,,,0.0113,-0.0049,0.0723
1568360797988465,加速度计,-1.1360,6.8977,7.2377,,,,,,,
1568360808007215,加速度计,-1.2827,7.0635,4.7627,,,,,,,
1568360811773674,陀螺仪,,,,,,,,0.0182,-0.0415,0.0518
1568360818025965,加速度计,-0.0317,6.5056,6.0920,,,,,,,
1568360828044715,加速度计,0.2939,6.8193,8.2821,,,,,,,
1568360838063465,加速度计,-0.2490,7.6920,7.5788,,,,,,,
1568360831811174,陀螺仪,,,,,,,,0.0100,-0.0642,0.0083
1568360848082215,加速度计,0.1107,7.7375,6.5242,,,,,,,
1568360851848674,陀螺仪,,,,,,,,0.0045,-0.0886,-0.0443
1568360858100965,加速度计,0.9577,6.4637,5.0524,,,,,,,
1568360868119715,加速度计,0.0000,6.1633,7.4591,,,,,,,
1568360878138465,加速度计,0.4794,7.9236,5.4612,,,,,,,
1568360871886174,陀螺仪,,,,,,,,-0.0039,-0.1023,-0.0778
1568360888157215,加速度计,1.0798,7.3646,7.6255,,,,,,,
1568360898175965,加速度计,1.8627,6.4823,9.3518,,,,,,,
1568360891923674,陀螺仪,,,,,,,,-0.0469,-0.1310,-0.0952
1568360908194715,加速度计,0.4609,6.9611,8.3055,,,,,,,
1568360918214924,加速度计,1.2324,7.0629,5.8197,,,,,,,
1568360911962424,陀螺仪,,,,,,,,-0.0024,-0.1333,-0.1514
1568360928234872,加速度计,0.2233,7.0198,7.0737,,,,,,,
1568360931997684,陀螺仪,,,,,,,,-0.0092,-0.1790,-0.1971
1568360938249455,加速度计,0.1496,6.3560,8.1576,,,,,,,
1568360948264038,加速度计,0.8691,7.6124,3.1167,,,,,,,
1568360958278934,加速度计,0.0078,6.2728,5.7706,,,,,,,
1568360952027111,陀螺仪,,,,,,,,-0.0264,-0.2260,-0.2499
1568360968294247,加速度计,0.6075,6.6068,9.2045,,,,,,,
1568360972058049,陀螺仪,,,,,,,,-0.0389,-0.2672,-0.2848
1568360978309976,加速度计,-0.2574,6.7816,7.3682,,,,,,,
1568360988326434,加速度计,1.0876,7.3304,6.6427,,,,,,,
1568360992091590,陀螺仪,,,,,,,,0.0077,-0.3057,-0.3254
1568360998343726,加速度计,0.6033,7.3376,6.9025,,,,,,,
1568361008361851,加速度计,-0.5860,7.4549,6.2411,,,,,,,
1568361018380809,加速度计,0.6015,7.4609,7.1162,,,,,,,
1568361012128465,陀螺仪,,,,,,,,-0.0244,-0.3328,-0.3362
1568361028400601,加速度计,1.1947,7.4424,7.3592,,,,,,,
1568361038420913,加速度计,0.0329,6.0280,7.2993,,,,,,,
1568361032168413,陀螺仪,,,,,,,,-0.0329,-0.3324,-0.2816
1568361048441643,加速度计,-0.3849,6.5326,5.5276,,,,,,,
1568361052210184,陀螺仪,,,,,,,,0.0011,-0.3153,-0.2158
1568361058462788,加速度计,0.2442,6.7313,7.8003,,,,,,,
1568361068484351,加速度计,0.3585,7.9751,6.8941,,,,,,,
1568361072253361,陀螺仪,,,,,,,,0.0200,-0.2854,-0.1289
1568361078506018,加速度计,-0.0425,7.7087,7.0605,,,,,,,
1568361088553049,加速度计,-0.5327,8.0780,5.9322,,,,,,,
1568361098553882,加速度计,0.3436,6.3566,5.3965,,,,,,,
1568361092303830,陀螺仪,,,,,,,,0.0142,-0.2482,-0.0551
1568361108555132,加速度计,-0.4854,6.8983,8.5497,,,,,,,
1568361112307372,陀螺仪,,,,,,,,-0.0142,-0.2161,0.0706
1568361118557632,加速度计,-0.3424,7.0904,7.7422,,,,,,,
1568361128561799,加速度计,0.0227,7.6914,6.0765,,,,,,,
1568361132317684,陀螺仪,,,,,,,,0.0096,-0.1458,0.1798
1568361138568465,加速度计,0.1371,6.2968,6.7068,,,,,,,
1568361148578049,加速度计,0.2089,6.3734,8.1139,,,,,,,
1568361152339038,陀螺仪,,,,,,,,0.0124,-0.0900,0.2864
1568361158590549,加速度计,-0.3747,6.5757,4.9183,,,,,,,
1568361168603882,加速度计,-0.3891,7.5214,5.6288,,,,,,,
1568361172388153,陀螺仪,,,,,,,,-0.0009,-0.0293,0.3623
1568361178643205,加速度计,-0.0682,6.0190,8.9364,,,,,,,
1568361188684976,加速度计,0.2424,7.1892,7.7506,,,,,,,
1568361198727059,加速度计,-1.1995,7.8524,8.5587,,,,,,,
1568361192471851,陀螺仪,,,,,,,,0.0116,0.0280,0.4366
1568361208758830,加速度计,-0.2257,6.3734,7.9302,,,,,,,
1568361212527684,陀螺仪,,,,,,,,0.0164,0.0736,0.4977
1568361218779976,加速度计,-0.0748,6.2207,5.1260,,,,,,,
1568361228798726,加速度计,-0.9984,6.6475,5.3367,,,,,,,
1568361232565184,陀螺仪,,,,,,,,-0.0370,0.0798,0.5143
1568361238817476,加速度计,-0.4788,5.6407,10.3663,,,,,,,
1568361248836226,加速度计,0.4298,7.1958,8.4455,,,,,,,
1568361252602684,陀螺仪,,,,,,,,0.0539,0.1214,0.5043
1568361258854976,加速度计,-0.7883,7.3149,6.3494,,,,,,,
1568361268873726,加速度计,-0.0946,6.9288,2.2410,,,,,,,
1568361272640184,陀螺仪,,,,,,,,-0.0040,0.1081,0.4511
1568361278892476,加速度计,-0.3496,6.2968,9.5044,,,,,,,
1568361288911226,加速度计,-0.8499,8.3444,4.9835,,,,,,,
1568361292677684,陀螺仪,,,,,,,,-0.0290,0.1079,0.4462
1568361298929976,加速度计,-0.5010,7.2191,11.9830,,,,,,,
1568361308948726,加速度计,-0.6794,6.9426,6.1812,,,,,,,
1568361312715184,陀螺仪,,,,,,,,0.0226,0.0937,0.4043
1568361318967476,加速度计,-0.3974,5.7616,3.4518,,,,,,,
1568361328986226,加速度计,-0.1784,6.9061,4.4748,,,,,,,
1568361332752684,陀螺仪,,,,,,,,-0.0378,0.0165,0.3446
1568361339004976,加速度计,0.6321,7.3352,10.5746,,,,,,,
1568361349023726,加速度计,0.8829,7.7476,6.8552,,,,,,,
1568361352790184,陀螺仪,,,,,,,,0.0225,0.0507,0.3024
1568361359042476,加速度计,0.6434,7.7650,4.3024,,,,,,,
1568361369061226,加速度计,0.4657,6.6146,9.4134,,,,,,,
1568361372827684,陀螺仪,,,,,,,,-0.0431,0.0200,0.2700
1568361379079976,加速度计,0.9367,6.0424,13.3776,,,,,,,
1568361389098726,加速度计,0.6183,8.6095,7.3771,,,,,,,
1568361392865184,陀螺仪,,,,,,,,0.0904,0.0305,0.2539
1568361399117476,加速度计,-0.2831,7.6854,3.9660,,,,,,,
1568361409136226,加速度计,1.7819,4.8309,8.0726,,,,,,,
1568361412906330,陀螺仪,,,,,,,,0.0493,0.0232,0.2045
1568361419162528,加速度计,0.3747,7.8057,7.7267,,,,,,,
1568361429180288,加速度计,0.2783,8.8406,5.3253,,,,,,,
1568361432929872,陀螺仪,,,,,,,,0.0832,0.0354,0.2000
1568361439179768,加速度计,0.8056,6.1938,4.9446,,,,,,,
1568361449180288,加速度计,1.1498,6.5631,2.7282,,,,,,,
1568361452932372,陀螺仪,,,,,,,,0.0019,0.0205,0.1650
1568361459182684,加速度计,0.0078,6.5446,7.0749,,,,,,,
1568361469187476,加速度计,-0.0036,8.1552,9.7612,,,,,,,
1568361479195080,加速度计,-0.1682,7.8081,8.8484,,,,,,,
1568361472944090,陀螺仪,,,,,,,,0.0228,0.0453,0.1980
1568361489205913,加速度计,1.2911,7.5938,4.6525,,,,,,,
1568361492968257,陀螺仪,,,,,,,,0.0415,0.0415,0.1868
1568361499220080,加速度计,0.1873,6.6924,4.8824,,,,,,,
1568361509237580,加速度计,-0.3861,6.0944,8.2420,,,,,,,
1568361513005757,陀螺仪,,,,,,,,0.0194,0.0538,0.1923
1568361519258413,加速度计,0.7560,8.3061,6.9707,,,,,,,
1568361529282268,加速度计,0.2658,6.9402,6.6571,,,,,,,
1568361533055653,陀螺仪,,,,,,,,0.0210,0.0672,0.2109
1568361539309038,加速度计,0.3124,7.0036,6.9097,,,,,,,
1568361549338413,加速度计,0.2448,7.0437,6.8013,,,,,,,
1568361553115757,陀螺仪,,,,,,,,0.0438,0.0940,0.2253
1568361559369663,加速度计,0.0012,6.7181,7.7327,,,,,,,
1568361569402268,加速度计,0.8068,7.8344,6.2189,,,,,,,
1568361573181382,陀螺仪,,,,,,,,0.0435,0.1035,0.2534
1568361579435497,加速度计,0.2855,6.2734,6.8863,,,,,,,
1568361589468830,加速度计,0.6554,6.7385,6.6254,,,,,,,
1568361599494351,加速度计,0.3472,7.7806,6.8019,,,,,,,
1568361593241538,陀螺仪,,,,,,,,0.0563,0.1477,0.2710
1568361609514143,加速度计,0.3286,6.8289,6.3752,,,,,,,
1568361613280601,陀螺仪,,,,,,,,0.0244,0.1618,0.2895
1568361619532893,加速度计,0.9697,6.9438,8.5688,,,,,,,
1568361637391111,GPS,,,,31.9424,118.7853,3.4200,166.0000,,,
1568361629562215,加速度计,-0.2915,7.1635,5.5420,,,,,,,
1568361633314195,陀螺仪,,,,,,,,0.0368,0.1890,0.3099
1568361639564455,加速度计,0.8685,5.2146,10.9307,,,,,,,
1568361649567424,加速度计,0.0066,7.9529,6.4212,,,,,,,
1568361653321174,陀螺仪,,,,,,,,0.0931,0.2015,0.3111
1568361659571799,加速度计,0.3262,7.2939,7.0396,,,,,,,
1568361669583257,加速度计,1.3581,8.4384,3.8241,,,,,,,
1568361679621903,加速度计,-0.1419,7.4101,5.8401,,,,,,,
1568361673367111,陀螺仪,,,,,,,,0.0233,0.1856,0.2577
1568361689660653,加速度计,0.4076,6.5655,7.9984,,,,,,,
1568361693430861,陀螺仪,,,,,,,,-0.0403,0.1975,0.2530
1568361699683361,加速度计,0.2616,6.8881,7.4573,,,,,,,
1568361709702684,加速度计,-0.1389,7.4220,7.3364,,,,,,,
1568361713469195,陀螺仪,,,,,,,,-0.0503,0.1921,0.2682
1568361719721486,加速度计,1.0265,6.4081,8.1864,,,,,,,
1568361729740236,加速度计,0.1155,6.8247,10.7727,,,,,,,
1568361739758986,加速度计,0.5866,6.8127,10.7470,,,,,,,
1568361733506695,陀螺仪,,,,,,,,0.0284,0.2168,0.2451
1568361749777736,加速度计,0.3992,7.4603,4.1887,,,,,,,
1568361753544195,陀螺仪,,,,,,,,0.1228,0.2148,0.2055
1568361759796486,加速度计,0.5381,6.6511,3.6308,,,,,,,
1568361769815236,加速度计,1.3629,7.4579,5.0542,,,,,,,
1568361779833986,加速度计,0.2831,6.6277,7.0419,,,,,,,
1568361773581695,陀螺仪,,,,,,,,-0.0041,0.1688,0.1485
1568361789852736,加速度计,0.5842,7.1305,9.0662,,,,,,,
1568361799871486,加速度计,0.8799,6.8097,8.7610,,,,,,,
1568361793619195,陀螺仪,,,,,,,,-0.0021,0.1851,0.1550
1568361809890236,加速度计,1.5927,5.9185,5.3534,,,,,,,
1568361819908986,加速度计,1.5808,7.2395,8.3953,,,,,,,
1568361813656695,陀螺仪,,,,,,,,0.0421,0.1719,0.1160
1568361829927736,加速度计,0.2358,6.7331,5.1846,,,,,,,
1568361839946486,加速度计,1.5532,6.4212,7.1706,,,,,,,
1568361833694195,陀螺仪,,,,,,,,0.0380,0.1712,0.0603
1568361849965236,加速度计,0.6291,7.5842,5.9951,,,,,,,
1568361859983986,加速度计,0.3244,6.3626,8.3623,,,,,,,
1568361853731695,陀螺仪,,,,,,,,0.0134,0.1423,0.0045
1568361870002736,加速度计,1.0684,6.1316,5.7359,,,,,,,
1568361880021486,加速度计,-0.0826,7.2042,7.1784,,,,,,,
1568361873769195,陀螺仪,,,,,,,,0.0302,0.1133,-0.0407
1568361890040236,加速度计,0.5070,6.8887,7.9924,,,,,,,
1568361893806695,陀螺仪,,,,,,,,0.0732,0.0907,-0.0590
1568361900058986,加速度计,1.5359,7.0252,6.5194,,,,,,,
1568361910077736,加速度计,-0.0269,8.2079,5.6521,,,,,,,
1568361913845445,陀螺仪,,,,,,,,0.0049,0.0397,-0.1139
1568361920099090,加速度计,0.5058,7.0952,7.2311,,,,,,,
1568361930117215,加速度计,1.0439,7.2999,11.9219,,,,,,,
1568361933880393,陀螺仪,,,,,,,,0.0562,0.0530,-0.0945
1568361940132215,加速度计,1.0876,7.4861,7.8733,,,,,,,
1568361950147215,加速度计,0.5956,6.6301,1.8800,,,,,,,
1568361960162580,加速度计,1.4156,5.7790,5.0284,,,,,,,
1568361953910705,陀螺仪,,,,,,,,0.0848,0.0535,-0.1104
1568361970178361,加速度计,1.1971,7.4591,6.8295,,,,,,,
1568361973942580,陀螺仪,,,,,,,,0.0214,0.0591,-0.0815
1568361980194559,加速度计,0.0946,7.5369,7.5352,,,,,,,
1568361990211174,加速度计,0.2957,8.3965,5.2517,,,,,,,
1568362000228570,加速度计,1.1438,6.0011,9.4493,,,,,,,
1568361993976434,陀螺仪,,,,,,,,0.0157,0.0586,-0.0546
1568362010246799,加速度计,0.4130,7.3831,7.9074,,,,,,,
1568362014013518,陀螺仪,,,,,,,,0.0387,0.0682,-0.0546
1568362020265861,加速度计,0.3897,7.8841,5.9197,,,,,,,
1568362030285393,加速度计,0.1215,6.2896,6.8744,,,,,,,
1568362040305340,加速度计,0.9158,6.0053,2.7946,,,,,,,
1568362034052893,陀螺仪,,,,,,,,0.0115,0.0589,-0.0543
1568362050325705,加速度计,0.0820,6.5380,6.0855,,,,,,,
1568362054093934,陀螺仪,,,,,,,,-0.0433,0.0376,-0.0682
1568362060346486,加速度计,0.2640,7.0461,12.4427,,,,,,,
1568362070367684,加速度计,0.8009,7.7363,12.2553,,,,,,,
1568362074136330,陀螺仪,,,,,,,,0.0747,0.0313,-0.0900
1568362080388934,加速度计,0.4124,6.8600,6.3608,,,,,,,
1568362090410184,加速度计,0.9499,7.1766,4.4640,,,,,,,
1568362100431434,加速度计,0.6566,5.9945,7.1497,,,,,,,
1568362094178830,陀螺仪,,,,,,,,0.0834,-0.0124,-0.1360
1568362110452684,加速度计,1.1193,8.0529,6.9079,,,,,,,
1568362120473934,加速度计,1.4647,6.4673,7.0677,,,,,,,
1568362114221330,陀螺仪,,,,,,,,0.0340,-0.0277,-0.1724
1568362130493361,加速度计,0.8972,7.0635,6.7505,,,,,,,
1568362134259872,陀螺仪,,,,,,,,0.0370,-0.0406,-0.2045
1568362140512163,加速度计,1.6472,5.2906,5.7365,,,,,,,
1568362150530913,加速度计,1.1187,6.5110,2.5540,,,,,,,
1568362160549663,加速度计,1.2797,6.9318,7.7207,,,,,,,
1568362154297372,陀螺仪,,,,,,,,-0.0309,-0.0742,-0.2381
1568362170582684,加速度计,0.5818,7.5794,14.0725,,,,,,,
1568362180590236,加速度计,1.7448,7.7524,11.6005,,,,,,,
1568362174340653,陀螺仪,,,,,,,,0.0166,-0.0582,-0.2256
1568362190588049,加速度计,0.4172,8.5413,2.5325,,,,,,,
1568362200587424,加速度计,0.7512,4.5209,5.2744,,,,,,,
1568362194337528,陀螺仪,,,,,,,,0.1056,-0.0815,-0.2594
1568362210588830,加速度计,0.8086,8.3582,3.4692,,,,,,,
1568362220593049,加速度计,-0.4633,8.2151,8.0140,,,,,,,
1568362214342528,陀螺仪,,,,,,,,0.0233,-0.1025,-0.2423
1568362230600549,加速度计,0.3460,9.1034,6.2968,,,,,,,
1568362240611747,加速度计,-0.1712,4.7609,8.9531,,,,,,,
1568362234360340,陀螺仪,,,,,,,,-0.0213,-0.1364,-0.2164
1568362250626695,加速度计,0.3286,6.9444,5.5097,,,,,,,
1568362254393049,陀螺仪,,,,,,,,0.0230,-0.1521,-0.2218
1568362260645393,加速度计,0.0102,6.7331,6.4195,,,,,,,
1568362270667476,加速度计,-0.0820,7.6914,8.0296,,,,,,,
1568362274439715,陀螺仪,,,,,,,,0.0067,-0.1619,-0.1913
1568362280692893,加速度计,-0.0227,6.6798,9.0429,,,,,,,
1568362290721278,加速度计,0.2951,7.1832,6.4524,,,,,,,
1568362294498361,陀螺仪,,,,,,,,0.0614,-0.1446,-0.1459
1568362300752215,加速度计,0.2580,6.8229,3.7080,,,,,,,
1568362310784924,加速度计,-0.8499,7.1395,3.5967,,,,,,,
1568362320818934,加速度计,-0.1969,6.9157,8.6191,,,,,,,
1568362314564715,陀螺仪,,,,,,,,-0.0334,-0.1535,-0.0811
1568362330853465,加速度计,0.5333,6.7139,10.6464,,,,,,,
1568362340887320,加速度计,-0.4244,6.7894,6.0771,,,,,,,
1568362334633153,陀螺仪,,,,,,,,-0.0085,-0.1289,0.0238
1568362350907945,加速度计,-0.5130,5.3474,5.3349,,,,,,,
1568362360926695,加速度计,0.1425,7.7979,5.7982,,,,,,,
1568362354674403,陀螺仪,,,,,,,,0.0387,-0.0999,0.0738
1568362370945445,加速度计,-0.4585,7.9386,6.8127,,,,,,,
1568362380964195,加速度计,-0.6710,7.5202,7.7057,,,,,,,
1568362374711903,陀螺仪,,,,,,,,-0.0284,-0.0778,0.1643
1568362390982945,加速度计,0.0473,6.4727,6.5739,,,,,,,
1568362394749403,陀螺仪,,,,,,,,-0.0378,-0.0280,0.2662
1568362401001695,加速度计,0.1718,6.1082,6.4799,,,,,,,
1568362411020445,加速度计,-0.4818,6.9192,6.2213,,,,,,,
1568362421047632,加速度计,-0.1035,6.9168,6.3285,,,,,,,
1568362414791747,陀螺仪,,,,,,,,-0.0406,0.0158,0.3372
1568362431058465,加速度计,0.0096,7.0605,6.8396,,,,,,,
1568362434817997,陀螺仪,,,,,,,,-0.0547,0.0550,0.4059
1568362441069299,加速度计,-0.0874,5.8311,8.1864,,,,,,,
1568362451080549,加速度计,-0.2867,7.0090,6.8372,,,,,,,
1568362454841174,陀螺仪,,,,,,,,0.0121,0.0955,0.4535
1568362461092632,加速度计,0.1670,7.0132,6.5589,,,,,,,
1568362471105549,加速度计,-0.1018,8.6898,5.9646,,,,,,,
1568362481119715,加速度计,-0.3777,8.5126,6.7223,,,,,,,
1568362474867997,陀螺仪,,,,,,,,-0.0142,0.1028,0.4487
1568362491135132,加速度计,-0.2640,7.1233,8.9154,,,,,,,
1568362501151799,加速度计,0.1371,6.5493,6.5038,,,,,,,
1568362494899768,陀螺仪,,,,,,,,-0.0487,0.1073,0.4783
1568362511169715,加速度计,0.1814,6.9258,6.9689,,,,,,,
1568362514936538,陀螺仪,,,,,,,,-0.0248,0.1236,0.4748
1568362521188882,加速度计,0.5004,6.9546,5.0967,,,,,,,
1568362531209299,加速度计,0.0545,6.8534,6.9079,,,,,,,
1568362534978309,陀螺仪,,,,,,,,-0.0636,0.1071,0.4365
1568362541230965,加速度计,0.0652,6.2309,9.0531,,,,,,,
1568362551253882,加速度计,0.0168,7.5531,5.8574,,,,,,,
1568362555024715,陀螺仪,,,,,,,,-0.0153,0.1144,0.4100
1568362561277632,加速度计,1.2653,6.6092,6.3147,,,,,,,
1568362571306955,加速度计,0.4735,6.7983,6.5104,,,,,,,
1568362575087476,陀螺仪,,,,,,,,-0.0288,0.1142,0.3381
1568362581340184,加速度计,0.2274,7.2425,6.1016,,,,,,,
1568362591359768,加速度计,0.5638,7.0952,7.7871,,,,,,,
1568362595126226,陀螺仪,,,,,,,,-0.0494,0.0957,0.3240
1568362601378518,加速度计,0.6255,7.4035,8.1050,,,,,,,
1568362611397268,加速度计,0.5327,5.6012,10.3082,,,,,,,
1568362621416018,加速度计,0.6782,7.0719,7.7979,,,,,,,
1568362615163726,陀螺仪,,,,,,,,-0.0115,0.0715,0.2786
1568362645327778,GPS,,,,31.9424,118.7853,3.2800,164.2000,,,
1568362631458778,加速度计,0.6039,6.8079,6.9204,,,,,,,
1568362635198049,陀螺仪,,,,,,,,0.0178,0.0236,0.2181
1568362641446590,加速度计,1.2133,6.6804,9.4978,,,,,,,
1568362651435861,加速度计,0.3687,6.6283,8.0768,,,,,,,
1568362655178309,陀螺仪,,,,,,,,0.0640,0.0289,0.1719
1568362661427528,加速度计,1.8800,6.7702,7.3514,,,,,,,
1568362671422736,加速度计,1.3856,6.9438,5.8365,,,,,,,
1568362681422215,加速度计,0.3855,6.8271,7.5238,,,,,,,
1568362675171903,陀螺仪,,,,,,,,0.0694,0.0387,0.1574
1568362691426382,加速度计,0.5237,6.9599,6.9001,,,,,,,
1568362695184038,陀螺仪,,,,,,,,0.0605,0.0449,0.1975
1568362701435653,加速度计,1.3838,6.8797,7.0533,,,,,,,
1568362711450340,加速度计,1.3934,6.6900,8.7424,,,,,,,
1568362715217476,陀螺仪,,,,,,,,0.0798,0.0703,0.2390
1568362721470445,加速度计,-0.6375,6.5541,6.7421,,,,,,,
1568362731495861,加速度计,0.7859,7.5812,5.5264,,,,,,,
1568362735271955,陀螺仪,,,,,,,,0.1035,0.0999,0.2913
1568362741526070,加速度计,0.5650,6.8684,4.6555,,,,,,,
1568362751560236,加速度计,-0.0515,7.0946,6.3608,,,,,,,
1568362761597528,加速度计,-0.2915,7.9440,7.8003,,,,,,,
1568362755342684,陀螺仪,,,,,,,,0.0614,0.1290,0.3603
1568362771637111,加速度计,-0.1071,7.2682,7.4514,,,,,,,
1568362775422997,陀螺仪,,,,,,,,0.0939,0.1824,0.4385
1568362781678153,加速度计,0.5279,7.6046,5.2643,,,,,,,
1568362791719820,加速度计,0.1197,7.1018,4.7010,,,,,,,
1568362801755757,加速度计,-0.0245,7.4639,7.1605,,,,,,,
1568362795503465,陀螺仪,,,,,,,,0.0301,0.1996,0.4661
1568362811774507,加速度计,-0.0054,7.0066,10.4525,,,,,,,
1568362815543361,陀螺仪,,,,,,,,0.0551,0.2366,0.5252
1568362821799299,加速度计,0.2077,7.5902,10.1466,,,,,,,
1568362831813257,加速度计,0.9367,6.7600,6.1776,,,,,,,
1568362835571278,陀螺仪,,,,,,,,0.1435,0.2734,0.5225
1568362841822372,加速度计,1.2378,6.4572,1.9243,,,,,,,
1568362851831903,加速度计,0.0605,6.6834,3.3297,,,,,,,
1568362861842215,加速度计,0.4567,7.5806,7.5938,,,,,,,
1568362855590965,陀螺仪,,,,,,,,0.0281,0.2687,0.5000
1568362871853726,加速度计,0.0323,6.5613,8.9154,,,,,,,
1568362875615236,陀螺仪,,,,,,,,0.0181,0.3080,0.5561
1568362881866851,加速度计,0.7548,7.6746,6.4344,,,,,,,
1568362891881643,加速度计,0.4339,6.1178,6.2165,,,,,,,
1568362901898101,加速度计,0.1425,6.4117,9.0154,,,,,,,
1568362895646070,陀螺仪,,,,,,,,0.0220,0.3419,0.5463
1568362911916226,加速度计,0.2137,7.0132,7.6980,,,,,,,
1568362921936018,加速度计,0.3795,6.5326,5.9460,,,,,,,
1568362915683570,陀螺仪,,,,,,,,0.0728,0.3577,0.5779
1568362931957476,加速度计,0.9948,6.2914,2.2739,,,,,,,
1568362935727424,陀螺仪,,,,,,,,0.0190,0.3579,0.5438
1568362941980236,加速度计,0.6093,6.7600,6.1052,,,,,,,
1568362952004247,加速度计,0.2263,7.3490,6.8277,,,,,,,
1568362962029143,加速度计,1.0702,7.4879,10.8224,,,,,,,
1568362955776070,陀螺仪,,,,,,,,-0.0417,0.3738,0.5318
1568362972054872,加速度计,0.6614,6.7726,7.5812,,,,,,,
1568362975827840,陀螺仪,,,,,,,,-0.0393,0.3790,0.5224
1568362982081070,加速度计,0.1556,4.9153,7.7812,,,,,,,
1568362992107320,加速度计,1.5060,6.1393,6.6702,,,,,,,
1568363002131747,加速度计,0.9517,7.0300,9.6953,,,,,,,
1568362995878778,陀螺仪,,,,,,,,-0.0226,0.3747,0.4625
1568363012151174,加速度计,2.0578,6.5835,6.4823,,,,,,,
1568363015917632,陀螺仪,,,,,,,,0.0157,0.3738,0.3802
1568363022169924,加速度计,0.0030,6.5122,5.3463,,,,,,,
1568363032188674,加速度计,0.4758,6.7540,9.1854,,,,,,,
1568363035955132,陀螺仪,,,,,,,,-0.0366,0.2931,0.3113
1568363042207424,加速度计,0.6788,7.3167,13.7858,,,,,,,
1568363052226174,加速度计,-1.6508,10.0568,4.3293,,,,,,,
1568363055992632,陀螺仪,,,,,,,,0.0876,0.2441,0.2618
1568363062244924,加速度计,-0.9014,7.6489,-1.4341,,,,,,,
1568363072264820,加速度计,3.6769,8.9824,3.5596,,,,,,,
1568363076031330,陀螺仪,,,,,,,,-0.0585,0.1260,0.1201
1568363082283413,加速度计,2.0704,6.2710,12.9347,,,,,,,
1568363092300497,加速度计,0.4190,9.9413,3.9229,,,,,,,
1568363102317580,加速度计,0.6901,5.0697,3.9163,,,,,,,
1568363096065497,陀螺仪,,,,,,,,0.0088,0.2170,0.0760
1568363112334663,加速度计,0.4824,4.1498,7.0072,,,,,,,
1568363116099663,陀螺仪,,,,,,,,-0.0599,0.2401,0.2121
1568363122351747,加速度计,-0.1209,7.7608,11.9854,,,,,,,
1568363132368830,加速度计,2.1111,9.3164,5.2158,,,,,,,
1568363142386278,加速度计,0.2508,6.1262,5.7293,,,,,,,
1568363136134143,陀螺仪,,,,,,,,-0.0212,0.2535,0.2551
1568363152404143,加速度计,0.2604,5.5103,11.6490,,,,,,,
1568363156170184,陀螺仪,,,,,,,,-0.0378,0.2369,0.2530
1568363162422424,加速度计,2.4451,6.9252,13.0412,,,,,,,
1568363172441122,加速度计,0.2765,8.1930,7.7369,,,,,,,
1568363182460236,加速度计,0.7015,6.8845,0.6123,,,,,,,
1568363176207893,陀螺仪,,,,,,,,0.1446,0.3047,0.2188
1568363192479768,加速度计,0.1215,4.2294,6.1806,,,,,,,
1568363202499351,加速度计,1.1815,7.0892,8.1960,,,,,,,
1568363196246955,陀螺仪,,,,,,,,0.0373,0.2449,0.2032
1568363212518934,加速度计,0.5902,8.4222,6.6361,,,,,,,
1568363222538518,加速度计,-0.4914,6.7792,8.0846,,,,,,,
1568363216286122,陀螺仪,,,,,,,,0.0479,0.2306,0.1908
1568363232558101,加速度计,-0.2412,6.3788,6.2692,,,,,,,
1568363236325288,陀螺仪,,,,,,,,0.0779,0.2425,0.1858
1568363242577684,加速度计,1.8040,7.0904,5.0769,,,,,,,
1568363252597268,加速度计,0.8158,7.5974,5.0661,,,,,,,
1568363256364455,陀螺仪,,,,,,,,0.0333,0.2321,0.1848
1568363262616851,加速度计,-0.2376,7.2335,7.6956,,,,,,,
1568363272636434,加速度计,0.2328,5.3564,11.1438,,,,,,,
1568363276403622,陀螺仪,,,,,,,,0.1045,0.2674,0.2437
1568363282656018,加速度计,2.0375,8.5976,3.4387,,,,,,,
1568363292675601,加速度计,0.8637,6.6295,2.6163,,,,,,,
1568363302695184,加速度计,0.3220,6.6619,5.8646,,,,,,,
1568363296442788,陀螺仪,,,,,,,,0.0764,0.2631,0.2125
1568363312714768,加速度计,0.5441,6.9426,12.1039,,,,,,,
1568363316489299,陀螺仪,,,,,,,,0.0843,0.2535,0.2369
1568363322748049,加速度计,0.0138,8.7460,9.2907,,,,,,,
1568363332757007,加速度计,1.0223,7.4005,5.6701,,,,,,,
1568363336506278,陀螺仪,,,,,,,,0.1261,0.2454,0.2265
1568363342756122,加速度计,0.5896,5.9059,3.0897,,,,,,,
1568363352756382,加速度计,0.1963,6.4153,6.8750,,,,,,,
1568363356508361,陀螺仪,,,,,,,,0.0666,0.2329,0.1905
1568363362758622,加速度计,0.8230,8.7143,7.3460,,,,,,,
1568363372763309,加速度计,-0.4776,7.4053,8.3151,,,,,,,
1568363382770861,加速度计,0.1173,5.8251,8.7915,,,,,,,
1568363376519924,陀螺仪,,,,,,,,0.0495,0.2345,0.1932
1568363392781695,加速度计,0.5716,5.3247,6.0723,,,,,,,
1568363396544403,陀螺仪,,,,,,,,0.0601,0.2107,0.1856
1568363402796226,加速度计,1.4275,5.8514,6.5511,,,,,,,
1568363412814507,加速度计,0.5483,6.6900,8.1319,,,,,,,
1568363416583465,陀螺仪,,,,,,,,0.0563,0.1977,0.1481
1568363422836174,加速度计,-0.1496,7.7506,9.8258,,,,,,,
1568363432861174,加速度计,1.0552,6.7708,7.6836,,,,,,,
1568363442889143,加速度计,0.1993,6.8594,6.1567,,,,,,,
1568363436635653,陀螺仪,,,,,,,,0.0727,0.1549,0.1123
1568363452919299,加速度计,0.7769,5.8520,7.0707,,,,,,,
1568363456697215,陀螺仪,,,,,,,,0.0575,0.1234,0.0455
1568363462951174,加速度计,1.6550,6.9198,5.6874,,,,,,,
1568363472984351,加速度计,0.7201,7.5298,5.8574,,,,,,,
1568363483018049,加速度计,1.2372,6.2465,6.8241,,,,,,,
1568363476763882,陀螺仪,,,,,,,,0.0301,0.1052,0.0221
1568363493051799,加速度计,1.6215,6.9522,8.6491,,,,,,,
1568363503074611,加速度计,1.5742,6.6571,6.0370,,,,,,,
1568363496822007,陀螺仪,,,,,,,,0.0362,0.1264,0.0562
1568363513093674,加速度计,1.4066,7.6166,6.3865,,,,,,,
1568363516860132,陀螺仪,,,,,,,,0.0148,0.1666,0.1233
1568363523112424,加速度计,0.2322,7.8057,7.5806,,,,,,,
1568363533131174,加速度计,1.5329,6.6481,12.6073,,,,,,,
1568363536897632,陀螺仪,,,,,,,,0.0731,0.2039,0.2039
1568363543149924,加速度计,0.9810,7.9440,7.2568,,,,,,,
1568363553168674,加速度计,1.2528,7.4831,1.8591,,,,,,,
1568363556935132,陀螺仪,,,,,,,,0.0843,0.2392,0.2212
1568363563187424,加速度计,1.2875,7.4675,1.4623,,,,,,,
1568363573212736,加速度计,1.0864,7.0689,4.9680,,,,,,,
1568363576974090,陀螺仪,,,,,,,,-0.0061,0.2410,0.2184
1568363583225653,加速度计,0.9930,7.2975,12.3337,,,,,,,
1568363593238570,加速度计,0.4124,7.9667,9.9910,,,,,,,
1568363603251903,加速度计,1.0576,8.5509,4.8812,,,,,,,
1568363597000288,陀螺仪,,,,,,,,0.1268,0.2945,0.2547
1568363613265653,加速度计,1.3431,6.7259,3.3645,,,,,,,
1568363617028465,陀螺仪,,,,,,,,0.0884,0.2852,0.2123
1568363623280236,加速度计,1.1851,6.9498,6.8660,,,,,,,
1568363642578350,GPS,,,,31.9423,118.7853,3.1700,151.2000,,,
1568363633314351,加速度计,0.2831,7.6591,9.5720,,,,,,,
1568363643338726,加速度计,1.0624,8.7670,7.3723,,,,,,,
1568363637086434,陀螺仪,,,,,,,,0.1135,0.2453,0.1846
1568363653357476,加速度计,2.3224,8.4042,5.6701,,,,,,,
1568363663376226,加速度计,2.0919,6.6427,5.8897,,,,,,,
1568363657123934,陀螺仪,,,,,,,,0.0851,0.2073,0.0711
1568363673394976,加速度计,0.1389,7.2939,8.8172,,,,,,,
1568363677161434,陀螺仪,,,,,,,,0.0980,0.1549,-0.0387
1568363683413726,加速度计,1.8118,7.0449,6.0645,,,,,,,
1568363693432476,加速度计,1.9692,8.0559,3.9744,,,,,,,
1568363697198934,陀螺仪,,,,,,,,0.0988,0.1217,-0.1249
1568363703451226,加速度计,1.9315,7.3915,5.7748,,,,,,,
1568363713469976,加速度计,2.0482,5.0494,9.0537,,,,,,,
1568363717236434,陀螺仪,,,,,,,,0.0985,0.0931,-0.1799
1568363723488726,加速度计,1.5461,7.2550,4.5508,,,,,,,
1568363733507476,加速度计,1.5987,7.7973,2.9556,,,,,,,
1568363737273934,陀螺仪,,,,,,,,0.0362,0.0545,-0.2008
1568363743526226,加速度计,2.0746,6.1639,7.4262,,,,,,,
1568363753544976,加速度计,1.8352,7.5980,7.9487,,,,,,,
1568363763563726,加速度计,1.5365,7.6148,8.8496,,,,,,,
1568363757311434,陀螺仪,,,,,,,,0.0376,0.0538,-0.2246
1568363773582476,加速度计,1.4587,7.5106,6.8217,,,,,,,
1568363783601226,加速度计,1.1905,6.0699,5.9885,,,,,,,
1568363777348934,陀螺仪,,,,,,,,0.0654,0.0529,-0.2258
1568363793619976,加速度计,1.2330,7.5860,5.2547,,,,,,,
1568363797386434,陀螺仪,,,,,,,,0.0302,0.0308,-0.2192
1568363803638726,加速度计,0.6063,6.7319,6.7169,,,,,,,
1568363813657476,加速度计,0.9936,5.9903,8.0308,,,,,,,
1568363817425965,陀螺仪,,,,,,,,0.0467,0.0401,-0.1738
1568363823678257,加速度计,0.9948,6.9719,4.8123,,,,,,,
1568363833697007,加速度计,0.6339,7.3664,5.7162,,,,,,,
1568363837463465,陀螺仪,,,,,,,,0.0248,0.0511,-0.1260
1568363843715757,加速度计,0.5902,7.3149,7.3436,,,,,,,
1568363853734507,加速度计,0.0796,8.5994,6.4679,,,,,,,
1568363857500965,陀螺仪,,,,,,,,-0.0029,0.0614,-0.0578
1568363863753257,加速度计,0.6542,6.1268,7.4460,,,,,,,
1568363873772007,加速度计,0.4304,6.3147,7.1533,,,,,,,
1568363877538465,陀螺仪,,,,,,,,0.0057,0.0814,0.0093
1568363883790757,加速度计,-0.1413,6.6044,7.1156,,,,,,,
1568363893809507,加速度计,0.7230,6.9432,7.2532,,,,,,,
1568363897575965,陀螺仪,,,,,,,,0.0213,0.1019,0.0570
1568363903828257,加速度计,-0.0138,7.9045,5.8712,,,,,,,
1568363913847007,加速度计,0.3687,6.8414,6.5326,,,,,,,
1568363917613465,陀螺仪,,,,,,,,-0.0309,0.1172,0.1047
1568363923865757,加速度计,0.2562,6.8025,7.0773,,,,,,,
1568363933884507,加速度计,-0.1269,7.0593,7.0928,,,,,,,
1568363937650965,陀螺仪,,,,,,,,-0.0337,0.1611,0.1726
1568363943903257,加速度计,0.2622,6.7457,8.1481,,,,,,,
1568363953922007,加速度计,0.3735,7.3849,7.0018,,,,,,,
1568363957688465,陀螺仪,,,,,,,,-0.0405,0.2029,0.2397
1568363963940757,加速度计,0.2448,6.8923,8.4204,,,,,,,
1568363973959507,加速度计,-0.2059,7.6596,4.6076,,,,,,,
1568363977725965,陀螺仪,,,,,,,,-0.0522,0.2214,0.2910
1568363983978257,加速度计,0.1167,5.6922,6.2315,,,,,,,
1568363993997007,加速度计,1.0205,5.7916,7.8685,,,,,,,
1568363997763465,陀螺仪,,,,,,,,-0.0561,0.2282,0.3170
1568364004015757,加速度计,0.5118,8.1564,8.7131,,,,,,,
1568364014034507,加速度计,0.6422,7.8422,7.7728,,,,,,,
1568364017800965,陀螺仪,,,,,,,,-0.0326,0.2522,0.3037
1568364024053257,加速度计,-0.7278,5.7305,8.0589,,,,,,,
1568364034072007,加速度计,0.2197,6.6236,3.2537,,,,,,,
1568364037838465,陀螺仪,,,,,,,,-0.0182,0.2261,0.3149
1568364044090757,加速度计,1.1732,6.1872,7.8751,,,,,,,
1568364054109507,加速度计,0.8302,6.8851,10.2939,,,,,,,
1568364057875965,陀螺仪,,,,,,,,0.0362,0.2357,0.2672
1568364064128882,加速度计,0.2520,7.9128,8.8047,,,,,,,
1568364074170393,加速度计,0.3232,7.2658,5.2595,,,,,,,
1568364077918622,陀螺仪,,,,,,,,0.0702,0.2296,0.2543
1568364084168309,加速度计,1.5461,7.3161,4.8716,,,,,,,
1568364094167059,加速度计,1.0696,6.3704,6.6858,,,,,,,
1568364104167059,加速度计,1.1594,7.4561,6.1016,,,,,,,
1568364097917111,陀螺仪,,,,,,,,0.0321,0.2107,0.1900
1568364114169143,加速度计,1.2474,7.1341,8.7556,,,,,,,
1568364124173726,加速度计,0.3944,6.3051,6.1812,,,,,,,
1568364117923205,陀螺仪,,,,,,,,0.0386,0.1973,0.1619
1568364134181643,加速度计,1.2252,6.8229,3.9031,,,,,,,
1568364137941538,陀螺仪,,,,,,,,0.0357,0.1851,0.1222
1568364144192893,加速度计,0.7434,6.8175,4.4089,,,,,,,
1568364154207893,加速度计,0.9852,6.7103,5.1846,,,,,,,
1568364157974351,陀螺仪,,,,,,,,-0.0073,0.1664,0.0878
1568364164226643,加速度计,0.4052,7.1724,9.1093,,,,,,,
1568364174248726,加速度计,-0.0545,8.2522,9.7151,,,,,,,
1568364178021018,陀螺仪,,,,,,,,0.0531,0.1734,0.1133
1568364184274143,加速度计,0.6452,7.5836,7.6010,,,,,,,
1568364194304768,加速度计,0.7955,7.8021,2.9646,,,,,,,
1568364204353101,加速度计,0.3298,6.9001,2.9999,,,,,,,
1568364198097111,陀螺仪,,,,,,,,0.0320,0.1688,0.0936
1568364214401851,加速度计,0.3693,6.1010,5.6054,,,,,,,
1568364224432684,加速度计,-1.2983,7.0898,10.8793,,,,,,,
1568364218178882,陀螺仪,,,,,,,,-0.0398,0.1399,0.0766
1568364234451434,加速度计,0.2837,7.3688,9.1686,,,,,,,
1568364238217893,陀螺仪,,,,,,,,0.0851,0.1735,0.1581
1568364244470184,加速度计,0.1281,8.9328,2.1973,,,,,,,
1568364254488934,加速度计,-0.0754,7.9703,1.8842,,,,,,,
1568364258255393,陀螺仪,,,,,,,,-0.0704,0.1204,0.1399
1568364264507684,加速度计,0.8182,7.2999,11.3252,,,,,,,
1568364274526434,加速度计,-0.3268,6.4045,14.3790,,,,,,,
1568364284545184,加速度计,-0.5962,8.6898,5.4654,,,,,,,
1568364278292893,陀螺仪,,,,,,,,0.0486,0.1830,0.1928
1568364294563934,加速度计,0.3220,7.4717,4.6376,,,,,,,
1568364298330393,陀螺仪,,,,,,,,0.0081,0.1767,0.2590
1568364304582684,加速度计,0.2909,4.1683,8.0074,,,,,,,
1568364314601434,加速度计,-0.1640,7.3490,7.8308,,,,,,,
1568364318377163,陀螺仪,,,,,,,,0.1025,0.2272,0.2483
1568364324628413,加速度计,0.0886,9.4685,2.2595,,,,,,,
1568364334638830,加速度计,0.9122,6.6206,5.8730,,,,,,,
1568364338397997,陀螺仪,,,,,,,,-0.0076,0.2209,0.3132
1568364344649299,加速度计,-0.8302,7.8763,8.7502,,,,,,,
1568364354660236,加速度计,0.4375,6.7163,11.7885,,,,,,,
1568364358420497,陀螺仪,,,,,,,,0.0812,0.2906,0.3977
1568364364672007,加速度计,1.0050,9.5337,4.7986,,,,,,,
1568364374684663,加速度计,0.2245,6.0250,3.5135,,,,,,,
1568364378446747,陀螺仪,,,,,,,,-0.0116,0.3051,0.4059
1568364384698570,加速度计,0.7638,6.1782,4.1934,,,,,,,
1568364394713778,加速度计,-0.2909,7.6058,6.8750,,,,,,,
1568364398478413,陀螺仪,,,,,,,,-0.0395,0.3260,0.3790
1568364404730653,加速度计,0.5171,7.4376,9.3781,,,,,,,
1568364414749195,加速度计,-0.2011,7.1569,8.1253,,,,,,,
1568364418516747,陀螺仪,,,,,,,,0.0189,0.3369,0.3906
1568364424769351,加速度计,0.9290,7.3352,5.9268,,,,,,,
1568364434790757,加速度计,0.9176,5.7215,6.7385,,,,,,,
1568364438560497,陀螺仪,,,,,,,,0.0137,0.3008,0.3045
1568364444813413,加速度计,0.7536,7.2921,5.0182,,,,,,,
1568364454837268,加速度计,0.0826,5.8993,6.8881,,,,,,,
1568364458608830,陀螺仪,,,,,,,,0.0266,0.2799,0.2266
1568364464861903,加速度计,0.5776,7.9912,5.3552,,,,,,,
1568364474886955,加速度计,-0.2466,6.9115,7.6249,,,,,,,
1568364478659247,陀螺仪,,,,,,,,0.0127,0.2364,0.1728
1568364484912372,加速度计,1.0086,7.7566,6.7139,,,,,,,
1568364494937580,加速度计,0.3573,7.2221,4.9889,,,,,,,
1568364498708413,陀螺仪,,,,,,,,-0.0036,0.2095,0.1011
1568364504960705,加速度计,0.9858,5.6749,8.6802,,,,,,,
1568364514979455,加速度计,0.4764,6.8761,6.7606,,,,,,,
1568364518745913,陀螺仪,,,,,,,,0.0304,0.2001,0.0529
1568364524998205,加速度计,0.5309,6.9749,6.2315,,,,,,,
1568364535016955,加速度计,1.2887,6.2752,7.5938,,,,,,,
1568364538783413,陀螺仪,,,,,,,,0.0109,0.1659,0.0282
1568364545035705,加速度计,0.0281,6.3494,8.3689,,,,,,,
1568364555054455,加速度计,0.6788,6.9282,7.8338,,,,,,,
1568364558820913,陀螺仪,,,,,,,,0.0399,0.1442,0.0045
1568364565073465,加速度计,1.2276,6.8911,6.1591,,,,,,,
1568364575097215,加速度计,1.4042,6.9965,6.9163,,,,,,,
1568364578859299,陀螺仪,,,,,,,,0.0013,0.1265,-0.0430
1568364585110965,加速度计,0.7213,5.9083,7.6501,,,,,,,
1568364595124768,加速度计,0.7955,8.1128,6.9300,,,,,,,
1568364598887215,陀螺仪,,,,,,,,-0.0108,0.1123,-0.0671
1568364605138986,加速度计,1.3054,7.1700,7.2496,,,,,,,
1568364615153622,加速度计,1.3030,6.6613,8.0068,,,,,,,
1568364625170445,加速度计,1.3779,6.5918,7.6142,,,,,,,
1568364618916799,陀螺仪,,,,,,,,-0.0075,0.0967,-0.1065
1568364640602048,GPS,,,,31.9423,118.7853,3.2500,135.9000,,,
1568364635203049,加速度计,0.6871,7.5381,4.4604,,,,,,,
1568364638972528,陀螺仪,,,,,,,,-0.0083,0.0875,-0.1501
1568364645224820,加速度计,1.1857,7.2419,1.7364,,,,,,,
1568364655243570,加速度计,0.9864,6.7068,9.8701,,,,,,,
1568364659010028,陀螺仪,,,,,,,,-0.0992,0.0149,-0.1614
1568364665262320,加速度计,0.8104,6.9001,12.6384,,,,,,,
1568364675281070,加速度计,1.8393,7.7596,8.6945,,,,,,,
1568364685299820,加速度计,0.7045,8.3617,5.1272,,,,,,,
1568364679047528,陀螺仪,,,,,,,,0.0451,0.0334,-0.2158
1568364695318570,加速度计,0.4471,6.4117,6.6128,,,,,,,
1568364699085028,陀螺仪,,,,,,,,0.0233,-0.0028,-0.2079
1568364705337320,加速度计,1.3749,6.1100,5.6928,,,,,,,
1568364715356070,加速度计,1.4497,8.0625,4.5107,,,,,,,
1568364725374820,加速度计,0.8302,7.5202,5.3289,,,,,,,
1568364719122528,陀螺仪,,,,,,,,0.0134,-0.0134,-0.2178
1568364735393570,加速度计,0.6399,5.9274,6.2531,,,,,,,
1568364739160028,陀螺仪,,,,,,,,-0.0133,-0.0194,-0.1871
1568364745412320,加速度计,0.3687,7.4244,6.6176,,,,,,,
1568364755431070,加速度计,1.0493,6.8672,6.7205,,,,,,,
1568364765449820,加速度计,0.6853,6.5607,6.7816,,,,,,,
1568364759197528,陀螺仪,,,,,,,,-0.0003,-0.0338,-0.1510
1568364775468570,加速度计,0.8643,7.4136,5.7754,,,,,,,
1568364785487320,加速度计,0.4513,6.9168,6.1974,,,,,,,
1568364779235028,陀螺仪,,,,,,,,0.0148,-0.0148,-0.1356
1568364795506070,加速度计,0.5991,7.6998,6.4159,,,,,,,
1568364805524820,加速度计,0.2274,6.2549,5.7419,,,,,,,
1568364799272528,陀螺仪,,,,,,,,0.0152,0.0027,-0.0893
1568364815543570,加速度计,0.8865,6.7882,5.3756,,,,,,,
1568364819336486,陀螺仪,,,,,,,,0.0192,0.0309,-0.0407
1568364825585757,加速度计,0.4016,8.2672,5.9047,,,,,,,
1568364835580445,加速度计,0.5513,7.1144,7.4214,,,,,,,
1568364839326486,陀螺仪,,,,,,,,-0.0186,0.0450,0.0385
1568364845576070,加速度计,1.1953,8.1343,8.3767,,,,,,,
1568364855573465,加速度计,0.9427,6.6960,8.8585,,,,,,,
1568364859323153,陀螺仪,,,,,,,,0.0405,0.0904,0.0638
1568364865573465,加速度计,1.7825,7.5393,6.1292,,,,,,,
1568364875576851,加速度计,1.4509,7.8344,3.4925,,,,,,,
1568364879332736,陀螺仪,,,,,,,,-0.0100,0.1044,0.0618
1568364885584038,加速度计,-0.2448,6.3626,7.8751,,,,,,,
1568364895595393,加速度计,0.9828,6.3662,8.1283,,,,,,,
1568364899358570,陀螺仪,,,,,,,,0.0093,0.1225,0.0996
1568364905610913,加速度计,1.5897,7.4490,5.5839,,,,,,,
1568364915630601,加速度计,1.4473,9.2482,5.5234,,,,,,,
1568364919401070,陀螺仪,,,,,,,,-0.0249,0.1190,0.0566
1568364925654403,加速度计,0.8781,5.1930,6.8432,,,,,,,
1568364935681903,加速度计,0.8727,7.8548,10.0383,,,,,,,
1568364939458570,陀螺仪,,,,,,,,0.0097,0.1178,0.0196
1568364945712632,加速度计,0.1939,8.4701,8.4210,,,,,,,
1568364955745809,加速度计,1.2318,6.5074,7.1599,,,,,,,
1568364959526486,陀螺仪,,,,,,,,0.0521,0.0972,0.0044
1568364965780965,加速度计,0.7643,6.8738,5.2433,,,,,,,
1568364975817268,加速度计,1.6346,7.2574,3.4584,,,,,,,
1568364979599403,陀螺仪,,,,,,,,0.0025,0.0790,-0.0365
1568364985853570,加速度计,0.7452,6.8785,7.7877,,,,,,,
1568364995885445,加速度计,0.0928,8.4952,7.0791,,,,,,,
1568364999651903,陀螺仪,,,,,,,,-0.0487,0.0629,-0.0348
1568365005904195,加速度计,1.1217,6.1669,9.0513,,,,,,,
1568365015922945,加速度计,0.5249,7.5501,5.7742,,,,,,,
1568365019689403,陀螺仪,,,,,,,,-0.0366,0.0562,-0.0430
1568365025941695,加速度计,-0.2939,5.5432,7.8608,,,,,,,
1568365035960445,加速度计,-0.3903,6.7133,8.0319,,,,,,,
1568365039726903,陀螺仪,,,,,,,,-0.0117,0.0429,-0.0269
1568365045979195,加速度计,-0.2328,6.2674,10.3148,,,,,,,
1568365055997945,加速度计,0.4196,7.6932,6.7187,,,,,,,
1568365059764403,陀螺仪,,,,,,,,0.0498,0.0391,0.0080
1568365066017268,加速度计,-0.1371,5.7245,6.2339,,,,,,,
1568365079802893,陀螺仪,,,,,,,,0.0413,0.0478,0.0284
1568365076049924,加速度计,0.7183,7.6297,5.7467,,,,,,,
1568365086053309,加速度计,-0.1401,6.5673,6.8773,,,,,,,
1568365099811226,陀螺仪,,,,,,,,0.0052,0.0633,0.0839
1568365096057163,加速度计,-0.2191,7.2856,4.2683,,,,,,,
1568365106061955,加速度计,0.4597,6.7086,5.8634,,,,,,,
1568365116068465,加速度计,0.8811,6.0801,8.3875,,,,,,,
1568365119825809,陀螺仪,,,,,,,,-0.0152,0.0880,0.1354
1568365126077111,加速度计,-0.0640,6.6224,9.9898,,,,,,,
1568365136088257,加速度计,-0.0072,6.6152,9.0285,,,,,,,
1568365139849976,陀螺仪,,,,,,,,0.0843,0.1431,0.2055
1568365146101903,加速度计,1.5083,8.7909,4.0390,,,,,,,
1568365156118049,加速度计,0.2322,5.3732,5.0985,,,,,,,
1568365159884143,陀螺仪,,,,,,,,0.0366,0.1551,0.1851
1568365166136695,加速度计,0.0299,8.2055,5.8407,,,,,,,
1568365176157840,加速度计,-0.5620,6.6637,10.4657,,,,,,,
1568365179928309,陀螺仪,,,,,,,,0.0108,0.1485,0.2445
1568365186181434,加速度计,0.7997,6.6882,9.8737,,,,,,,
1568365196207059,加速度计,0.1460,7.7770,5.0248,,,,,,,
1568365199980809,陀螺仪,,,,,,,,0.0803,0.1863,0.2376
1568365206234299,加速度计,0.2406,6.2896,5.1206,,,,,,,
1568365216262736,加速度计,0.1538,6.0202,7.2742,,,,,,,
1568365220038309,陀螺仪,,,,,,,,0.0854,0.1742,0.2357
1568365226291955,加速度计,-0.5818,8.5461,6.6224,,,,,,,
1568365236321538,加速度计,0.9337,8.5234,5.5007,,,,,,,
1568365240097476,陀螺仪,,,,,,,,0.0409,0.1553,0.2200
1568365246350705,加速度计,0.8511,7.3191,7.2095,,,,,,,
1568365256376070,加速度计,-0.6686,6.4787,7.7788,,,,,,,
1568365260142893,陀螺仪,,,,,,,,0.0519,0.1858,0.2170
1568365266395184,加速度计,0.1628,7.4657,4.3993,,,,,,,
1568365276413934,加速度计,1.0349,8.3839,3.7044,,,,,,,
1568365280180393,陀螺仪,,,,,,,,-0.0188,0.1724,0.2302
1568365286432684,加速度计,-0.3280,5.9658,7.8751,,,,,,,
1568365296451434,加速度计,-0.0802,6.4272,8.2791,,,,,,,
1568365300217893,陀螺仪,,,,,,,,0.0431,0.2039,0.2417
1568365306470184,加速度计,0.4357,7.8817,4.9243,,,,,,,
1568365316489195,加速度计,0.3531,8.0296,3.1178,,,,,,,
1568365320260393,陀螺仪,,,,,,,,-0.0361,0.1823,0.2411
1568365326512059,加速度计,-0.6345,5.9729,6.7151,,,,,,,
1568365336525809,加速度计,-0.2747,8.2588,7.0826,,,,,,,
1568365340287945,陀螺仪,,,,,,,,-0.0172,0.1884,0.2354
1568365346539663,加速度计,0.1395,8.0128,10.9852,,,,,,,
1568365356553934,加速度计,-0.2556,7.1688,7.2999,,,,,,,
1568365360316799,陀螺仪,,,,,,,,0.0277,0.1871,0.2318
1568365366568622,加速度计,0.8715,7.5615,2.5121,,,,,,,
1568365376583830,加速度计,0.7189,5.1062,5.9286,,,,,,,
1568365380347840,陀螺仪,,,,,,,,-0.0352,0.1601,0.1565
1568365386599872,加速度计,-0.4782,8.5724,6.4781,,,,,,,
1568365396616747,加速度计,-1.7573,6.5080,10.9092,,,,,,,
1568365406634455,加速度计,1.4982,8.6868,4.4383,,,,,,,
1568365400382215,陀螺仪,,,,,,,,0.0141,0.1421,0.1626
1568365416652997,加速度计,-0.1532,7.0850,5.7676,,,,,,,
1568365420419924,陀螺仪,,,,,,,,-0.0188,0.1103,0.1221
1568365426672372,加速度计,0.9433,6.7822,5.6371,,,,,,,
1568365436692580,加速度计,0.9697,7.2766,7.5459,,,,,,,
1568365446713518,加速度计,0.1227,8.9866,4.9123,,,,,,,
1568365440460913,陀螺仪,,,,,,,,-0.0258,0.1073,0.0640
1568365456734872,加速度计,-0.3903,6.6367,9.3703,,,,,,,
1568365460503934,陀螺仪,,,,,,,,-0.0740,0.0650,0.0618
1568365466756643,加速度计,0.0886,5.8233,10.0993,,,,,,,
1568365476778830,加速度计,0.8900,7.9326,5.6461,,,,,,,
1568365480548570,陀螺仪,,,,,,,,0.0031,0.0704,0.0364
1568365486801330,加速度计,1.3114,8.3013,3.8553,,,,,,,
1568365496823830,加速度计,0.4280,6.1549,7.2395,,,,,,,
1568365500593465,陀螺仪,,,,,,,,-0.0518,0.0422,-0.0292
1568365506846122,加速度计,-0.0892,6.0202,9.9395,,,,,,,
1568365516867059,加速度计,1.5712,9.0255,4.5167,,,,,,,
1568365520633518,陀螺仪,,,,,,,,-0.0358,0.0206,-0.0290
1568365526885809,加速度计,-0.1772,6.6026,6.5930,,,,,,,
1568365536904559,加速度计,1.4198,6.5302,3.8786,,,,,,,
1568365540671018,陀螺仪,,,,,,,,-0.0724,0.0170,-0.0425
1568365546923309,加速度计,0.7117,5.2224,7.0228,,,,,,,
1568365556942059,加速度计,1.0642,8.5874,5.4785,,,,,,,
1568365560709351,陀螺仪,,,,,,,,-0.0844,0.0173,-0.0533
1568365566962476,加速度计,-0.4304,6.7187,8.2229,,,,,,,
1568365576999715,加速度计,0.4525,6.4248,7.9182,,,,,,,
1568365580743674,陀螺仪,,,,,,,,-0.0698,0.0077,-0.0281
1568365586992840,加速度计,0.1137,7.0030,8.1912,,,,,,,
1568365596987007,加速度计,-0.4830,5.7455,8.3127,,,,,,,
1568365606983049,加速度计,0.7111,5.8730,2.2200,,,,,,,
1568365600733361,陀螺仪,,,,,,,,-0.0150,0.0125,0.0244
1568365616981799,加速度计,-0.2765,7.9553,2.1530,,,,,,,
1568365626990705,加速度计,-0.7272,6.0023,7.3945,,,,,,,
1568365620735861,陀螺仪,,,,,,,,-0.0937,0.0025,0.0137
1568365637039663,加速度计,0.4537,6.2902,10.3837,,,,,,,
1568365651692308,GPS,,,,31.9423,118.7854,3.3500,126.4000,,,
1568365647089195,加速度计,-2.2092,8.0086,7.0671,,,,,,,
1568365640833049,陀螺仪,,,,,,,,-0.0675,0.0233,0.0728
1568365657128934,加速度计,-0.3370,6.5140,9.2446,,,,,,,
1568365667150132,加速度计,0.8751,4.9949,9.2925,,,,,,,
1568365660897840,陀螺仪,,,,,,,,-0.0830,0.0089,0.1712
1568365677174820,加速度计,-0.6452,7.2939,5.5438,,,,,,,
1568365680935809,陀螺仪,,,,,,,,-0.0245,0.0446,0.1790
1568365687187320,加速度计,-0.2304,6.4721,4.1168,,,,,,,
1568365697199872,加速度计,0.1951,5.4767,6.6403,,,,,,,
1568365700961226,陀螺仪,,,,,,,,-0.0779,0.0595,0.2196
1568365707212840,加速度计,0.4567,5.8161,9.5996,,,,,,,
1568365717226278,加速度计,-0.1030,8.7514,7.5854,,,,,,,
1568365720988726,陀螺仪,,,,,,,,-0.0413,0.0955,0.2782
1568365727240549,加速度计,-0.4573,6.9037,6.1878,,,,,,,
1568365737255653,加速度计,2.0315,6.5098,6.8337,,,,,,,
1568365741019559,陀螺仪,,,,,,,,-0.0798,0.0967,0.2965
1568365747271643,加速度计,-0.6752,6.7121,9.0914,,,,,,,
1568365757288882,加速度计,0.3777,6.8510,7.5818,,,,,,,
1568365761054976,陀螺仪,,,,,,,,0.0145,0.1499,0.3185
1568365767307372,加速度计,1.2611,8.8166,3.6200,,,,,,,
1568365777327059,加速度计,-0.1203,6.6487,6.8492,,,,,,,
1568365781094976,陀螺仪,,,,,,,,-0.0782,0.1184,0.3024
1568365787347580,加速度计,0.5459,5.4055,11.3760,,,,,,,
1568365797368934,加速度计,0.2574,9.0758,10.0149,,,,,,,
1568365801138309,陀螺仪,,,,,,,,0.0487,0.1679,0.3186
1568365807391122,加速度计,0.5740,7.7333,4.3898,,,,,,,
1568365817414090,加速度计,0.9158,8.1612,3.4572,,,,,,,
1568365821184559,陀螺仪,,,,,,,,-0.0304,0.1529,0.3133
1568365827437476,加速度计,-0.6728,4.9099,7.6213,,,,,,,
1568365837461226,加速度计,1.6263,7.3747,6.0298,,,,,,,
1568365841232059,陀螺仪,,,,,,,,0.0003,0.1642,0.3330
1568365847484976,加速度计,0.2173,6.9264,7.9619,,,,,,,
1568365857508257,加速度计,0.9158,8.2426,6.8779,,,,,,,
1568365861275809,陀螺仪,,,,,,,,0.0242,0.1846,0.3064
1568365867528101,加速度计,0.0102,5.4863,8.1277,,,,,,,
1568365877548465,加速度计,1.6035,8.3384,4.2689,,,,,,,
1568365881316382,陀螺仪,,,,,,,,0.0216,0.1505,0.2672
1568365887567684,加速度计,0.1323,6.7558,7.3616,,,,,,,
1568365897578518,加速度计,0.2496,7.0587,10.3705,,,,,,,
1568365901338309,陀螺仪,,,,,,,,0.0776,0.1631,0.2418
1568365907589663,加速度计,2.0877,7.2155,9.5714,,,,,,,
1568365917601538,加速度计,0.9714,8.5898,2.7988,,,,,,,
1568365921362684,陀螺仪,,,,,,,,0.1033,0.1485,0.1716
1568365927614247,加速度计,-0.7147,5.3289,4.9027,,,,,,,
1568365937628101,加速度计,1.1139,6.5505,7.1646,,,,,,,
1568365941391330,陀螺仪,,,,,,,,0.0856,0.1096,0.1553
1568365947643205,加速度计,0.8643,7.7213,9.4379,,,,,,,
1568365957659559,加速度计,1.9004,7.9290,5.9759,,,,,,,
1568365961424976,陀螺仪,,,,,,,,0.1226,0.1248,0.0952
1568365967677163,加速度计,1.0816,7.9170,3.6895,,,,,,,
1568365977696018,加速度计,0.2843,6.6146,6.7720,,,,,,,
1568365981463622,陀螺仪,,,,,,,,0.0423,0.1009,0.0732
1568365987716122,加速度计,1.1696,6.3847,11.2480,,,,,,,
1568365997737476,加速度计,0.8847,7.7051,7.7542,,,,,,,
1568366001507268,陀螺仪,,,,,,,,0.1144,0.1077,0.1085
1568366007760080,加速度计,2.5989,7.2544,3.2753,,,,,,,
1568366017783622,加速度计,1.8591,6.1687,7.5477,,,,,,,
1568366021554976,陀螺仪,,,,,,,,0.0883,0.1209,0.0680
1568366027807997,加速度计,-0.0263,6.4697,9.5780,,,,,,,
1568366037832893,加速度计,1.4958,9.4745,3.6583,,,,,,,
1568366047857893,加速度计,0.6159,7.1102,3.5081,,,,,,,
1568366041604820,陀螺仪,,,,,,,,0.1241,0.1378,0.0832
1568366057882893,加速度计,1.5131,8.6090,4.6944,,,,,,,
1568366061652476,陀螺仪,,,,,,,,0.0124,0.1200,0.0487
1568366067905080,加速度计,-0.4561,6.6541,9.1099,,,,,,,
1568366077924455,加速度计,1.5886,8.8340,8.0092,,,,,,,
1568366087943205,加速度计,0.4022,6.4320,8.8909,,,,,,,
1568366081690913,陀螺仪,,,,,,,,0.0134,0.1388,0.0863
1568366097961955,加速度计,1.9016,5.7982,5.9801,,,,,,,
1568366107980705,加速度计,-0.0126,5.9741,7.0144,,,,,,,
1568366101728413,陀螺仪,,,,,,,,0.0052,0.1409,0.0896
1568366117999455,加速度计,0.2879,8.4683,5.9556,,,,,,,
1568366121774768,陀螺仪,,,,,,,,0.0221,0.1376,0.1055
1568366128034872,加速度计,2.1733,6.0783,10.1580,,,,,,,
1568366138041070,加速度计,1.1199,8.2301,4.7363,,,,,,,
1568366148034715,加速度计,0.5369,6.0609,7.2317,,,,,,,
1568366141785549,陀螺仪,,,,,,,,0.0481,0.1671,0.0704
1568366158029924,加速度计,1.1223,6.7391,5.8257,,,,,,,
1568366161777840,陀螺仪,,,,,,,,0.0144,0.1656,0.0676
1568366168027528,加速度计,-0.2717,7.2957,7.2880,,,,,,,
1568366178028361,加速度计,0.6057,7.1317,6.2387,,,,,,,
1568366188033257,加速度计,1.1522,7.2269,6.5446,,,,,,,
1568366181782632,陀螺仪,,,,,,,,-0.0326,0.1619,0.1178
1568366198042320,加速度计,0.0676,5.4193,11.2575,,,,,,,
1568366201804195,陀螺仪,,,,,,,,-0.0206,0.1988,0.1266
1568366208055913,加速度计,0.9397,5.5306,9.4320,,,,,,,
1568366218074090,加速度计,0.5028,6.8851,6.0005,,,,,,,
1568366221843986,陀螺仪,,,,,,,,0.0495,0.2248,0.1531
1568366228096851,加速度计,0.3669,5.6629,5.8221,,,,,,,
1568366238123830,加速度计,0.9074,6.3566,7.4430,,,,,,,
1568366241900445,陀螺仪,,,,,,,,0.0450,0.2129,0.1377
1568366248154247,加速度计,0.5273,7.1048,8.5724,,,,,,,
1568366258187632,加速度计,0.8080,7.9464,7.9649,,,,,,,
1568366261968778,陀螺仪,,,,,,,,0.0694,0.2133,0.1204
1568366268223205,加速度计,0.1718,7.0976,8.4294,,,,,,,
1568366278260132,加速度计,1.3354,6.3249,5.7245,,,,,,,
1568366282043257,陀螺仪,,,,,,,,0.0511,0.2040,0.1060
1568366288297945,加速度计,1.1773,6.6906,5.9669,,,,,,,
1568366298335861,加速度计,0.2891,7.5938,8.3755,,,,,,,
1568366302106278,陀螺仪,,,,,,,,0.0679,0.2083,0.0862
1568366308358830,加速度计,0.5674,5.6593,6.8396,,,,,,,
1568366318377840,加速度计,1.8172,9.7324,0.1161,,,,,,,
1568366322144299,陀螺仪,,,,,,,,0.0193,0.1782,0.0213
1568366328396590,加速度计,-0.0401,5.7970,6.6331,,,,,,,
1568366338415340,加速度计,0.3861,5.6276,8.0116,,,,,,,
1568366342181799,陀螺仪,,,,,,,,0.0289,0.1762,0.0076
1568366348434090,加速度计,-1.0169,6.8857,8.5287,,,,,,,
1568366358452840,加速度计,1.3497,8.9938,4.4694,,,,,,,
1568366362219299,陀螺仪,,,,,,,,0.0220,0.1750,0.0591
1568366368471590,加速度计,0.6231,6.2046,5.7275,,,,,,,
1568366378500340,加速度计,1.1732,7.4208,8.1002,,,,,,,
1568366382261382,陀螺仪,,,,,,,,-0.0049,0.1772,0.0248
1568366388511799,加速度计,-0.7655,7.4897,9.2692,,,,,,,
1568366398515913,加速度计,0.0808,7.0545,8.7885,,,,,,,
1568366402270236,陀螺仪,,,,,,,,0.0639,0.1830,0.0714
1568366408520809,加速度计,0.7925,7.7375,5.7156,,,,,,,
1568366418527268,加速度计,0.4052,7.5890,6.4739,,,,,,,
1568366428535757,加速度计,-0.1766,6.5086,7.7309,,,,,,,
1568366422284715,陀螺仪,,,,,,,,0.0409,0.1555,0.0423
1568366442319715,陀螺仪,,,,,,,,0.0629,0.1609,0.0361
1568366438549611,加速度计,0.6219,8.2977,7.2000,,,,,,,
1568366448572736,加速度计,-0.0042,6.7014,7.6034,,,,,,,
1568366458597476,加速度计,1.4006,7.8266,3.5285,,,,,,,
1568366462370132,陀螺仪,,,,,,,,0.0561,0.1724,0.0268
1568366468623465,加速度计,-0.0856,5.9753,3.5769,,,,,,,
1568366478650653,加速度计,0.4208,6.3734,4.2551,,,,,,,
1568366482425132,陀螺仪,,,,,,,,-0.0241,0.1703,0.0162
1568366488678622,加速度计,0.4046,7.6034,7.4837,,,,,,,
1568366498706955,加速度计,0.6919,7.2939,13.5673,,,,,,,
1568366502481799,陀螺仪,,,,,,,,-0.0168,0.1607,0.0699
1568366508734455,加速度计,0.1754,8.0493,15.6521,,,,,,,
1568366518755757,加速度计,0.8948,7.9446,5.3283,,,,,,,
1568366522522215,陀螺仪,,,,,,,,0.1411,0.2188,0.0518
1568366528774507,加速度计,1.8453,7.6944,3.2370,,,,,,,
1568366538793257,加速度计,1.6927,6.3698,1.3467,,,,,,,
1568366542559715,陀螺仪,,,,,,,,0.0003,0.1491,-0.0634
1568366548812007,加速度计,0.3747,6.5152,10.2113,,,,,,,
1568366558830757,加速度计,0.5644,8.4306,12.2003,,,,,,,
1568366562597215,陀螺仪,,,,,,,,0.0742,0.1160,-0.1276
1568366568849507,加速度计,-0.0078,8.1541,3.8612,,,,,,,
1568366582634715,陀螺仪,,,,,,,,0.0607,0.0463,-0.2313
1568366578868257,加速度计,1.6885,6.2985,6.4602,,,,,,,
1568366588887007,加速度计,1.1432,8.1439,4.9380,,,,,,,
1568366598905757,加速度计,0.9026,5.7646,7.4029,,,,,,,
1568366602672215,陀螺仪,,,,,,,,0.0309,0.0154,-0.3434
1568366608924507,加速度计,0.2340,8.9615,6.3392,,,,,,,
1568366618944038,加速度计,0.5417,6.5583,8.2570,,,,,,,
1568366622732476,陀螺仪,,,,,,,,0.0571,-0.0023,-0.3316
1568366628982111,加速度计,-0.1873,5.3385,6.9426,,,,,,,
1568366650578297,GPS,,,,31.9423,118.7854,3.6700,117.7000,,,
1568366642728309,陀螺仪,,,,,,,,0.0638,-0.0521,-0.3530
1568366638979715,加速度计,0.8392,7.7608,1.7424,,,,,,,
1568366648978205,加速度计,2.0608,7.0713,4.0857,,,,,,,
1568366662729559,陀螺仪,,,,,,,,0.0270,-0.0651,-0.3803
1568366658978049,加速度计,0.8326,6.2315,8.8226,,,,,,,
1568366668980080,加速度计,0.6141,8.0960,7.8398,,,,,,,
1568366678985549,加速度计,-0.2065,9.0758,6.3566,,,,,,,
1568366682766538,陀螺仪,,,,,,,,0.0047,-0.1131,-0.3731
1568366689026070,加速度计,-0.0245,5.8754,10.8314,,,,,,,
1568366699095549,加速度计,1.3587,5.7790,5.0404,,,,,,,
1568366702862372,陀螺仪,,,,,,,,0.0449,-0.1386,-0.3899
1568366709114663,加速度计,0.2191,7.4962,5.7275,,,,,,,
1568366719133413,加速度计,0.5058,5.1685,10.5937,,,,,,,
1568366722899872,陀螺仪,,,,,,,,0.0208,-0.1690,-0.4092
1568366729152163,加速度计,-1.0457,5.4612,8.8915,,,,,,,
1568366739170913,加速度计,0.6093,7.8907,5.2200,,,,,,,
1568366742937372,陀螺仪,,,,,,,,0.0575,-0.2129,-0.3651
1568366749189663,加速度计,0.2107,4.9710,7.3221,,,,,,,
1568366759208413,加速度计,-0.1401,6.3524,5.3121,,,,,,,
1568366762974872,陀螺仪,,,,,,,,0.0707,-0.2121,-0.3732
1568366769227163,加速度计,0.3855,6.6134,8.2696,,,,,,,
1568366779245913,加速度计,-0.6895,8.4036,6.0094,,,,,,,
1568366783012372,陀螺仪,,,,,,,,0.0477,-0.2382,-0.3017
1568366789264663,加速度计,-0.5908,6.2183,7.6986,,,,,,,
1568366803049872,陀螺仪,,,,,,,,-0.0080,-0.2682,-0.2459
1568366799283413,加速度计,0.4106,8.9621,5.6150,,,,,,,
1568366809302163,加速度计,1.1929,6.5194,9.6474,,,,,,,
1568366819320913,加速度计,-0.6961,6.7708,8.9010,,,,,,,
1568366823087372,陀螺仪,,,,,,,,0.0205,-0.2083,-0.1803
1568366829339663,加速度计,-0.1682,8.1936,3.0448,,,,,,,
1568366839358413,加速度计,-0.0186,5.5851,5.6563,,,,,,,
1568366843124872,陀螺仪,,,,,,,,-0.0586,-0.1879,-0.0711
1568366849377163,加速度计,-0.2400,6.8354,5.0925,,,,,,,
1568366859395913,加速度计,-1.9261,7.6483,10.7661,,,,,,,
1568366863162372,陀螺仪,,,,,,,,-0.0377,-0.1549,0.0646
1568366869414663,加速度计,-0.1550,7.7560,8.8981,,,,,,,
1568366879433413,加速度计,-0.8517,6.4452,6.7283,,,,,,,
1568366883199872,陀螺仪,,,,,,,,0.0172,-0.1236,0.1322
1568366889452163,加速度计,-0.3633,7.5298,1.8459,,,,,,,
1568366899470913,加速度计,-0.9415,5.7449,8.5724,,,,,,,
1568366903237372,陀螺仪,,,,,,,,-0.0454,-0.1278,0.1963
1568366909489663,加速度计,-0.3801,7.3706,10.6213,,,,,,,
1568366919508413,加速度计,0.7853,7.0731,7.9188,,,,,,,
1568366923274872,陀螺仪,,,,,,,,0.0265,-0.0583,0.2884
1568366929527736,加速度计,-0.2358,7.1461,3.5626,,,,,,,
1568366939559768,加速度计,-0.8092,5.5103,8.0918,,,,,,,
1568366943315653,陀螺仪,,,,,,,,0.0258,-0.0100,0.3457
1568366949566486,加速度计,0.1227,8.1457,4.8105,,,,,,,
1568366959573674,加速度计,0.3915,6.4925,6.9605,,,,,,,
1568366963330653,陀螺仪,,,,,,,,-0.0269,0.0068,0.4156
1568366969581747,加速度计,-0.5716,8.1912,7.2053,,,,,,,
1568366979591122,加速度计,0.4537,5.0248,12.1530,,,,,,,
1568366983350653,陀螺仪,,,,,,,,0.0515,0.0674,0.4486
1568366989602163,加速度计,1.0959,9.3182,3.7571,,,,,,,
1568366999614924,加速度计,-0.8452,6.7918,4.0534,,,,,,,
1568367003377736,陀螺仪,,,,,,,,-0.0136,0.0767,0.4562
1568367009629768,加速度计,1.1109,5.9580,5.0170,,,,,,,
1568367019646695,加速度计,-0.0916,7.8781,9.5571,,,,,,,
1568367023413153,陀螺仪,,,,,,,,-0.0246,0.1043,0.4758
1568367029665705,加速度计,0.8673,7.2640,9.3458,,,,,,,
1568367039686747,加速度计,0.0144,7.9440,6.4578,,,,,,,
1568367043456486,陀螺仪,,,,,,,,0.0403,0.1317,0.4799
1568367049709455,加速度计,0.5980,6.2118,5.2391,,,,,,,
1568367059733778,加速度计,0.7045,7.8003,2.1284,,,,,,,
1568367063506070,陀螺仪,,,,,,,,-0.0301,0.1220,0.4430
1568367069759299,加速度计,0.1514,7.0527,9.3140,,,,,,,
1568367079785653,加速度计,0.4292,8.6544,11.2108,,,,,,,
1568367083559403,陀螺仪,,,,,,,,0.0072,0.1690,0.4675
1568367089812788,加速度计,0.0982,7.5010,8.6754,,,,,,,
1568367099840288,加速度计,0.1095,7.4089,1.3605,,,,,,,
1568367103614403,陀螺仪,,,,,,,,0.0127,0.1627,0.4234
1568367109867111,加速度计,0.8787,5.5833,6.6050,,,,,,,
1568367119888830,加速度计,0.9331,6.3003,10.2915,,,,,,,
1568367123655653,陀螺仪,,,,,,,,0.0233,0.1786,0.4115
1568367129907945,加速度计,1.3007,8.7209,7.6453,,,,,,,
1568367139926695,加速度计,0.8721,6.3590,6.7014,,,,,,,
1568367143693153,陀螺仪,,,,,,,,0.0636,0.1831,0.3747
1568367149945445,加速度计,1.5287,7.5028,3.6356,,,,,,,
1568367159964195,加速度计,0.7907,6.0825,5.4175,,,,,,,
1568367163730653,陀螺仪,,,,,,,,-0.0237,0.1782,0.3148
1568367169982945,加速度计,0.4908,7.3574,8.9543,,,,,,,
1568367180001955,加速度计,0.8224,8.0738,7.5609,,,,,,,
1568367190023830,加速度计,1.9351,5.6820,7.6561,,,,,,,
1568367183771955,陀螺仪,,,,,,,,-0.0024,0.1904,0.3289
1568367200039247,加速度计,1.1456,6.3644,6.1106,,,,,,,
1568367210054663,加速度计,0.7488,6.8313,6.6236,,,,,,,
1568367203802788,陀螺仪,,,,,,,,0.0113,0.1915,0.2666
1568367220070184,加速度计,1.8106,6.1651,8.7544,,,,,,,
1568367223834143,陀螺仪,,,,,,,,0.0088,0.1963,0.2341
1568367230086122,加速度计,0.8404,7.6591,8.3851,,,,,,,
1568367240102476,加速度计,0.9726,7.0102,7.1443,,,,,,,
1568367243867163,陀螺仪,,,,,,,,0.0330,0.1882,0.1790
1568367250119247,加速度计,1.0074,5.5426,6.6313,,,,,,,
1568367260136434,加速度计,0.4483,6.6098,5.9245,,,,,,,
1568367263901851,陀螺仪,,,,,,,,0.0453,0.1694,0.1334
1568367270154038,加速度计,1.1031,7.2197,4.2234,,,,,,,
1568367280172059,加速度计,1.3497,5.5420,8.0936,,,,,,,
1568367283938205,陀螺仪,,,,,,,,-0.0169,0.1372,0.0956
1568367290190497,加速度计,0.3962,6.9204,10.0862,,,,,,,
1568367300209351,加速度计,2.1003,7.1617,8.3971,,,,,,,
1568367303976226,陀螺仪,,,,,,,,0.0702,0.1732,0.0739
1568367310228622,加速度计,0.8062,6.1459,5.9532,,,,,,,
1568367320248309,加速度计,0.5130,6.5374,3.7409,,,,,,,
1568367330268413,加速度计,0.8428,5.5917,5.3630,,,,,,,
1568367324015913,陀螺仪,,,,,,,,0.0012,0.1549,0.0633
1568367340288934,加速度计,1.4240,7.3777,7.8596,,,,,,,
1568367344057268,陀螺仪,,,,,,,,-0.0088,0.1557,0.0411
1568367350309872,加速度计,-0.2370,6.6894,10.5782,,,,,,,
1568367360331122,加速度计,0.3484,7.5759,6.9067,,,,,,,
1568367364099768,陀螺仪,,,,,,,,0.0221,0.1414,0.0566
1568367370352372,加速度计,0.6249,6.4841,5.9035,,,,,,,
1568367380373622,加速度计,0.4483,7.3460,8.2031,,,,,,,
1568367384142268,陀螺仪,,,,,,,,0.0075,0.1165,0.0422
1568367390394872,加速度计,-0.4004,7.8219,9.3290,,,,,,,
1568367400416122,加速度计,0.0640,7.1198,5.4151,,,,,,,
1568367404184455,陀螺仪,,,,,,,,0.0477,0.1144,0.0296
1568367410436747,加速度计,-0.2484,7.1425,3.8882,,,,,,,
1568367420455497,加速度计,-0.7602,7.0252,6.7157,,,,,,,
1568367424222736,陀螺仪,,,,,,,,0.0028,0.0667,0.0198
1568367430475809,加速度计,0.2095,8.2833,6.7852,,,,,,,
1568367440510236,加速度计,0.9385,8.6149,6.7947,,,,,,,
1568367444257111,陀螺仪,,,,,,,,-0.0190,0.0501,0.0024
1568367450506695,加速度计,-0.0622,6.7235,8.2821,,,,,,,
1568367460504195,加速度计,-0.0299,6.5523,8.3055,,,,,,,
1568367470503465,加速度计,-0.1700,6.9785,7.3993,,,,,,,
1568367464253413,陀螺仪,,,,,,,,0.0222,0.0569,0.0016
1568367480505028,加速度计,0.8206,7.8883,5.7335,,,,,,,
1568367484258778,陀螺仪,,,,,,,,0.0276,0.0292,0.0069
1568367490509611,加速度计,0.1963,6.1501,7.4723,,,,,,,
1568367500517632,加速度计,1.1630,7.2143,6.3674,,,,,,,
1568367504277632,陀螺仪,,,,,,,,0.0221,0.0293,-0.0023
1568367510529403,加速度计,0.5423,7.1676,6.6236,,,,,,,
1568367520544924,加速度计,0.5507,7.5483,9.1895,,,,,,,
1568367524311486,陀螺仪,,,,,,,,0.0288,0.0284,0.0180
1568367530564195,加速度计,0.7141,6.8588,7.8721,,,,,,,
1568367540587111,加速度计,0.7973,7.0330,6.2273,,,,,,,
1568367544359820,陀螺仪,,,,,,,,0.0732,0.0483,0.0290
1568367550613361,加速度计,1.1031,7.1168,4.0677,,,,,,,
1568367560642736,加速度计,1.2953,6.6349,8.3091,,,,,,,
1568367570674507,加速度计,0.7338,7.7554,6.7852,,,,,,,
1568367564420393,陀螺仪,,,,,,,,0.0369,0.0663,0.0594
1568367580708153,加速度计,-1.0151,6.9222,6.6966,,,,,,,
1568367584488570,陀螺仪,,,,,,,,0.0447,0.1149,0.1454
1568367590742945,加速度计,0.3956,8.2265,7.0485,,,,,,,
1568367600778361,加速度计,0.1766,6.5200,7.4262,,,,,,,
1568367604557945,陀螺仪,,,,,,,,0.0542,0.1518,0.2233
1568367610810861,加速度计,-0.2269,8.2977,4.8710,,,,,,,
1568367620835965,加速度计,-0.7506,5.5761,6.6894,,,,,,,
1568367624620705,陀螺仪,,,,,,,,0.0538,0.1985,0.2923
1568367630870028,加速度计,0.1903,8.3426,5.1745,,,,,,,
1568367651534755,GPS,,,,31.9423,118.7854,3.6200,111.7000,,,
1568367640865236,加速度计,0.0587,7.1886,7.4627,,,,,,,
1568367644611851,陀螺仪,,,,,,,,0.0401,0.2406,0.3457
1568367650861486,加速度计,-0.4914,7.8584,3.5464,,,,,,,
1568367660859611,加速度计,-1.2073,5.7156,9.0872,,,,,,,
1568367664610028,陀螺仪,,,,,,,,0.0040,0.2419,0.4001
1568367670860340,加速度计,1.0505,8.2510,7.9972,,,,,,,
1568367680864507,加速度计,0.7009,8.1469,7.7578,,,,,,,
1568367684639299,陀螺仪,,,,,,,,0.0489,0.2787,0.3622
1568367690895601,加速度计,-1.1121,6.9845,8.8460,,,,,,,
1568367700946538,加速度计,-0.7626,6.5003,6.4183,,,,,,,
1568367704739090,陀螺仪,,,,,,,,0.0482,0.2425,0.3310
1568367710993101,加速度计,0.1879,6.2381,6.7187,,,,,,,
1568367721022163,加速度计,0.6225,6.6834,8.7281,,,,,,,
1568367724788622,陀螺仪,,,,,,,,0.0567,0.2044,0.2629
1568367731040913,加速度计,0.3693,7.3257,8.5826,,,,,,,
1568367741059663,加速度计,-0.1389,7.5190,5.1589,,,,,,,
1568367744826122,陀螺仪,,,,,,,,0.0723,0.1602,0.1489
1568367751078413,加速度计,0.1041,7.6225,6.3967,,,,,,,
1568367761097163,加速度计,-0.4561,5.5085,10.0503,,,,,,,
1568367764863622,陀螺仪,,,,,,,,0.0446,0.0716,0.0687
1568367771115913,加速度计,0.2257,7.8584,8.6281,,,,,,,
1568367781134663,加速度计,0.8458,7.3131,7.5561,,,,,,,
1568367784901122,陀螺仪,,,,,,,,0.0989,0.0264,-0.0248
1568367791153413,加速度计,0.9337,6.0178,4.1270,,,,,,,
1568367801172163,加速度计,0.7422,5.7802,4.9973,,,,,,,
1568367804938622,陀螺仪,,,,,,,,0.0346,-0.0256,-0.1091
1568367811190913,加速度计,0.6560,6.6804,6.2297,,,,,,,
1568367821209663,加速度计,0.7584,7.0479,7.9482,,,,,,,
1568367824976122,陀螺仪,,,,,,,,-0.0027,-0.0486,-0.1131
1568367831228413,加速度计,0.8446,5.8879,7.5747,,,,,,,
1568367841247163,加速度计,0.3424,6.7068,5.3211,,,,,,,
1568367845013622,陀螺仪,,,,,,,,-0.0161,-0.0593,-0.1055
1568367851265913,加速度计,0.7045,5.8664,7.8434,,,,,,,
1568367861284663,加速度计,0.5507,6.3716,7.9924,,,,,,,
1568367865051122,陀螺仪,,,,,,,,0.0245,-0.0374,-0.0695
1568367871303413,加速度计,0.5890,7.5651,7.3185,,,,,,,
1568367881322163,加速度计,1.0953,6.8414,6.6391,,,,,,,
1568367885088622,陀螺仪,,,,,,,,0.0162,-0.0200,-0.0063
1568367891340913,加速度计,0.7883,6.3650,7.0545,,,,,,,
1568367901359663,加速度计,1.0523,6.7708,6.4727,,,,,,,
1568367911379559,加速度计,1.3587,7.4250,6.0669,,,,,,,
1568367921405132,加速度计,0.8080,6.2740,8.9555,,,,,,,
1568367905126695,陀螺仪,,,,,,,,0.0293,0.0230,0.0708
1568367931418465,加速度计,0.9505,8.4150,8.1642,,,,,,,
1568367925166851,陀螺仪,,,,,,,,0.0394,0.0830,0.1434
1568367941439611,加速度计,0.4004,8.1804,4.6675,,,,,,,
1568367945203153,陀螺仪,,,,,,,,0.0451,0.1080,0.1872
1568367951455028,加速度计,-0.0180,6.1447,5.4205,,,,,,,
1568367961470445,加速度计,0.7925,7.1329,6.5044,,,,,,,
1568367965234090,陀螺仪,,,,,,,,0.0100,0.1154,0.2081
1568367971486018,加速度计,-0.0922,8.1912,7.6620,,,,,,,
1568367981502007,加速度计,0.5962,7.4657,8.1163,,,,,,,
1568367985266382,陀螺仪,,,,,,,,0.0296,0.1221,0.1977
1568367991518413,加速度计,-0.2975,8.1002,3.9708,,,,,,,
1568368001535236,加速度计,0.0120,6.6391,4.4023,,,,,,,
1568368005300340,陀螺仪,,,,,,,,-0.0485,0.0712,0.1630
1568368011552476,加速度计,1.1103,7.2407,6.7373,,,,,,,
1568368021570132,加速度计,0.2741,7.5268,9.5756,,,,,,,
1568368025335965,陀螺仪,,,,,,,,-0.0518,0.0494,0.1242
1568368031588205,加速度计,0.5806,7.2754,8.0601,,,,,,,
1568368041606695,加速度计,1.1498,7.0587,6.1483,,,,,,,
1568368045373257,陀螺仪,,,,,,,,-0.0192,0.0394,0.0999
1568368051625601,加速度计,0.6638,7.3957,5.8921,,,,,,,
1568368061644924,加速度计,0.3136,7.8332,6.7319,,,,,,,
1568368065412215,陀螺仪,,,,,,,,-0.0514,0.0330,0.0872
1568368071664663,加速度计,1.1307,5.6228,10.0203,,,,,,,
1568368081684820,加速度计,1.3761,8.2923,6.3877,,,,,,,
1568368085452840,陀螺仪,,,,,,,,-0.0148,0.0453,0.1144
1568368091705393,加速度计,0.5962,4.7112,8.2672,,,,,,,
1568368101726382,加速度计,2.0309,8.0230,6.1603,,,,,,,
1568368105495028,陀螺仪,,,,,,,,0.0060,0.0698,0.1148
1568368111747632,加速度计,0.4004,6.4967,6.7540,,,,,,,
1568368121768882,加速度计,1.4575,6.8372,5.3061,,,,,,,
1568368125537528,陀螺仪,,,,,,,,-0.0240,0.0870,0.1385
1568368131790132,加速度计,0.3968,6.0226,7.0312,,,,,,,
1568368141811382,加速度计,-0.0204,7.0737,8.3510,,,,,,,
1568368145580028,陀螺仪,,,,,,,,-0.0115,0.1075,0.1879
1568368151832632,加速度计,0.9804,6.8827,8.1888,,,,,,,
1568368161852945,加速度计,1.1289,7.7381,6.9510,,,,,,,
1568368165619403,陀螺仪,,,,,,,,0.0523,0.1312,0.1985
1568368171871695,加速度计,0.1299,6.0873,5.3169,,,,,,,
1568368181890757,加速度计,0.7548,6.3357,4.3712,,,,,,,
1568368185658778,陀螺仪,,,,,,,,-0.0107,0.1218,0.2024
1568368191910809,加速度计,0.2460,7.5070,5.2050,,,,,,,
1568368201927476,加速度计,0.3944,6.5236,11.2001,,,,,,,
1568368205692111,陀螺仪,,,,,,,,-0.0399,0.1325,0.2459
1568368211944143,加速度计,0.9224,7.6573,9.0130,,,,,,,
1568368221969090,加速度计,1.0517,6.2722,5.1194,,,,,,,
1568368225736903,陀螺仪,,,,,,,,0.0111,0.1663,0.2388
1568368231987788,加速度计,0.4064,5.4318,5.4151,,,,,,,
1568368241995601,加速度计,-0.4292,6.3315,7.2305,,,,,,,
1568368245753101,陀螺仪,,,,,,,,-0.0099,0.1603,0.2575
1568368252004143,加速度计,0.6201,7.8590,7.6369,,,,,,,
1568368262013830,加速度计,0.6369,7.0288,8.5287,,,,,,,
1568368272024768,加速度计,0.2328,5.9059,7.9541,,,,,,,
1568368265773413,陀螺仪,,,,,,,,0.0045,0.1634,0.2679
1568368282037268,加速度计,0.5555,6.0573,8.8532,,,,,,,
1568368285799663,陀螺仪,,,,,,,,0.0438,0.1619,0.2748
1568368292051434,加速度计,0.6650,8.5641,5.2882,,,,,,,
1568368302067580,加速度计,0.5914,6.4320,3.7876,,,,,,,
1568368305833518,陀螺仪,,,,,,,,0.0153,0.1792,0.2655
1568368312085809,加速度计,1.1432,6.3321,5.0649,,,,,,,
1568368322105809,加速度计,-0.2873,6.3428,5.5905,,,,,,,
1568368325874768,陀螺仪,,,,,,,,-0.0402,0.1635,0.2381
1568368332127476,加速度计,1.0499,6.6828,8.7299,,,,,,,
1568368342150809,加速度计,1.1624,7.7357,8.9777,,,,,,,
1568368345922424,陀螺仪,,,,,,,,0.0068,0.1687,0.2139
1568368352175497,加速度计,-0.4519,7.3939,6.5505,,,,,,,
1568368362201122,加速度计,0.3118,6.7612,6.4111,,,,,,,
1568368365974038,陀螺仪,,,,,,,,0.0101,0.1537,0.1916
1568368372227268,加速度计,1.6729,7.5262,3.9959,,,,,,,
1568368382253830,加速度计,0.1143,6.8702,7.1174,,,,,,,
1568368386027215,陀螺仪,,,,,,,,-0.0555,0.1228,0.1551
1568368392280497,加速度计,0.2448,6.8241,7.9499,,,,,,,
1568368402304663,加速度计,0.4082,6.6601,9.9449,,,,,,,
1568368406072528,陀螺仪,,,,,,,,0.0134,0.1233,0.1381
1568368412324872,加速度计,0.9936,7.2891,3.3782,,,,,,,
1568368422343726,加速度计,0.6057,7.0168,3.0370,,,,,,,
1568368432362476,加速度计,0.1275,6.5434,6.5416,,,,,,,
1568368426110184,陀螺仪,,,,,,,,-0.0631,0.0852,0.0995
1568368442381226,加速度计,0.4824,6.5649,10.7440,,,,,,,
1568368446147684,陀螺仪,,,,,,,,-0.0353,0.1000,0.1284
1568368452399976,加速度计,0.8631,9.3111,3.2603,,,,,,,
1568368462418726,加速度计,-0.1820,6.3267,9.4595,,,,,,,
1568368466191643,陀螺仪,,,,,,,,-0.0683,0.0787,0.1617
1568368472443205,加速度计,0.9206,6.7385,11.2833,,,,,,,
1568368482456122,加速度计,1.7849,8.4408,6.0627,,,,,,,
1568368486217476,陀螺仪,,,,,,,,0.0328,0.1305,0.1754
1568368492469090,加速度计,0.4148,7.6471,0.7530,,,,,,,
1568368502482476,加速度计,-0.0323,5.9173,5.3181,,,,,,,
1568368506244559,陀螺仪,,,,,,,,-0.0953,0.1212,0.1991
1568368512496330,加速度计,0.9110,5.8239,8.8945,,,,,,,
1568368522511018,加速度计,0.2741,8.2205,8.9818,,,,,,,
1568368526274559,陀螺仪,,,,,,,,-0.0550,0.1298,0.2482
1568368532526538,加速度计,-0.1359,8.3612,7.5579,,,,,,,
1568368542542893,加速度计,0.2981,5.0165,9.3302,,,,,,,
1568368546307893,陀螺仪,,,,,,,,0.0107,0.1521,0.2742
1568368552560080,加速度计,1.1444,7.5848,3.5644,,,,,,,
1568368562578101,加速度计,0.6800,7.3849,6.1339,,,,,,,
1568368566344559,陀螺仪,,,,,,,,-0.0328,0.1475,0.2390
1568368572596955,加速度计,-0.0862,6.8510,5.5587,,,,,,,
1568368582616643,加速度计,-0.0467,6.7211,7.9805,,,,,,,
1568368586384559,陀螺仪,,,,,,,,-0.0658,0.1361,0.2510
1568368592637163,加速度计,-0.4196,6.4428,8.2301,,,,,,,
1568368602658518,加速度计,0.4471,6.9384,8.1529,,,,,,,
1568368606427893,陀螺仪,,,,,,,,0.0071,0.1397,0.2602
1568368612680653,加速度计,-0.6099,7.2107,6.4482,,,,,,,
1568368622703518,加速度计,0.8062,7.8745,4.8842,,,,,,,
1568368626479611,陀螺仪,,,,,,,,-0.0246,0.1164,0.2393
1568368632733570,加速度计,0.3053,5.3822,8.2702,,,,,,,
1568368646741057,GPS,,,,31.9423,118.7855,3.3700,107.1000,,,
1568368642758986,加速度计,0.2430,8.2115,7.0749,,,,,,,
1568368646525445,陀螺仪,,,,,,,,0.0017,0.1374,0.2498
1568368652777736,加速度计,-0.0305,7.2891,9.3937,,,,,,,
1568368662796486,加速度计,0.2011,6.5463,5.2325,,,,,,,
1568368666562945,陀螺仪,,,,,,,,0.0427,0.1543,0.2642
1568368672815236,加速度计,1.4904,6.6565,4.2389,,,,,,,
1568368682833986,加速度计,0.4573,6.3189,4.9033,,,,,,,
1568368686600445,陀螺仪,,,,,,,,-0.0526,0.1322,0.2567
1568368692852736,加速度计,1.1582,8.1139,9.8797,,,,,,,
1568368702871486,加速度计,0.3340,7.9487,11.3641,,,,,,,
1568368706637945,陀螺仪,,,,,,,,0.0446,0.1802,0.2716
1568368712890236,加速度计,0.8320,7.3364,5.1356,,,,,,,
1568368722920132,加速度计,0.8547,5.3451,2.9580,,,,,,,
1568368726676382,陀螺仪,,,,,,,,0.0241,0.1698,0.2754
1568368732927268,加速度计,0.7835,6.4661,2.1931,,,,,,,
1568368742934872,加速度计,0.0371,7.8626,6.0837,,,,,,,
1568368746692215,陀螺仪,,,,,,,,-0.0975,0.1530,0.2771
1568368752943934,加速度计,0.2310,6.9157,12.9317,,,,,,,
1568368762971278,加速度计,-0.7679,6.9079,13.0771,,,,,,,
1568368766747476,陀螺仪,,,,,,,,0.0727,0.2156,0.3305
1568368773000653,加速度计,-1.4838,7.7524,4.2719,,,,,,,
1568368783023153,加速度计,0.9158,5.5629,3.9857,,,,,,,
1568368786789820,陀螺仪,,,,,,,,0.0466,0.1980,0.3848
1568368793042111,加速度计,0.5632,6.3321,2.7066,,,,,,,
1568368803060861,加速度计,-1.4724,6.6499,11.9950,,,,,,,
1568368806827320,陀螺仪,,,,,,,,0.0189,0.2619,0.4370
1568368813079611,加速度计,-1.1139,8.2654,9.7330,,,,,,,
1568368823098361,加速度计,0.5686,6.9228,4.9746,,,,,,,
1568368826864820,陀螺仪,,,,,,,,0.0349,0.2766,0.5153
1568368833117111,加速度计,0.4028,5.6282,4.0253,,,,,,,
1568368843135861,加速度计,-1.5251,4.9757,9.0046,,,,,,,
1568368846902320,陀螺仪,,,,,,,,-0.0104,0.2912,0.5077
1568368853154611,加速度计,0.2298,8.0679,10.7901,,,,,,,
1568368863173361,加速度计,-0.3226,6.5607,8.2893,,,,,,,
1568368873192111,加速度计,0.6117,6.7702,5.4438,,,,,,,
1568368866939820,陀螺仪,,,,,,,,0.0650,0.2917,0.5262
1568368883210861,加速度计,0.1814,5.4025,7.5597,,,,,,,
1568368893229611,加速度计,0.7883,7.3352,8.5192,,,,,,,
1568368886977320,陀螺仪,,,,,,,,0.0611,0.2639,0.4253
1568368903248361,加速度计,0.0634,8.8364,9.8414,,,,,,,
1568368913267111,加速度计,0.0377,7.7770,6.4446,,,,,,,
1568368907014820,陀螺仪,,,,,,,,0.1165,0.2441,0.3609
1568368923285861,加速度计,2.1566,6.7738,6.1453,,,,,,,
1568368933304611,加速度计,1.1241,6.3512,6.2848,,,,,,,
1568368927052320,陀螺仪,,,,,,,,0.1075,0.2132,0.3016
1568368943323361,加速度计,0.7440,8.0942,5.4169,,,,,,,
1568368953342111,加速度计,1.6604,7.4316,6.5176,,,,,,,
1568368947089820,陀螺仪,,,,,,,,0.0843,0.2123,0.2519
1568368963360861,加速度计,1.4168,6.7367,7.5926,,,,,,,
1568368967137007,陀螺仪,,,,,,,,0.0618,0.2177,0.2434
1568368973388361,加速度计,1.0720,7.5962,9.0058,,,,,,,
1568368983399611,加速度计,1.3677,8.8424,8.0924,,,,,,,
1568368987159507,陀螺仪,,,,,,,,0.1023,0.2465,0.2370
1568368993410913,加速度计,-0.3436,6.3590,7.4148,,,,,,,
1568369003422684,加速度计,1.5137,6.0053,9.1165,,,,,,,
1568369007183674,陀螺仪,,,,,,,,0.1224,0.2350,0.2843
1568369013435288,加速度计,0.6596,5.8059,8.4096,,,,,,,
1568369023448778,加速度计,2.0746,7.8721,4.1390,,,,,,,
1568369027211590,陀螺仪,,,,,,,,0.1784,0.2738,0.2649
1568369033463518,加速度计,0.7763,6.4105,3.5338,,,,,,,
1568369043479507,加速度计,0.1407,7.5022,7.7446,,,,,,,
1568369047244507,陀螺仪,,,,,,,,0.1043,0.2683,0.2823
1568369053496747,加速度计,2.2374,7.9685,8.9944,,,,,,,
1568369063515236,加速度计,0.6033,6.8043,8.3348,,,,,,,
1568369067282424,陀螺仪,,,,,,,,0.1479,0.2964,0.2541
1568369073534976,加速度计,1.4940,8.0092,4.1312,,,,,,,
1568369083555965,加速度计,0.8984,4.8333,8.3210,,,,,,,
1568369087325340,陀螺仪,,,,,,,,0.1304,0.2924,0.2451
1568369093578153,加速度计,1.7633,7.4645,6.8085,,,,,,,
1568369103601174,加速度计,2.0800,7.6357,7.2652,,,,,,,
1568369107372007,陀螺仪,,,,,,,,0.1333,0.2902,0.1959
1568369113624976,加速度计,1.2815,7.0892,5.0931,,,,,,,
1568369123649195,加速度计,1.0588,6.9929,8.1756,,,,,,,
1568369127420757,陀螺仪,,,,,,,,0.1071,0.2820,0.1511
1568369133673778,加速度计,1.6568,7.5872,8.6910,,,,,,,
1568369143698257,加速度计,0.5608,9.2255,8.9914,,,,,,,
1568369147469090,陀螺仪,,,,,,,,0.1743,0.2775,0.0996
1568369153721382,加速度计,0.9008,6.8755,10.3519,,,,,,,
1568369163740132,加速度计,1.5401,8.1403,4.5855,,,,,,,
1568369167506590,陀螺仪,,,,,,,,0.2060,0.2558,0.0490
1568369173758882,加速度计,0.7165,6.8133,4.5598,,,,,,,
1568369183777632,加速度计,0.6596,7.9098,1.6777,,,,,,,
1568369187544090,陀螺仪,,,,,,,,0.0842,0.2258,0.0594
1568369193796382,加速度计,1.9561,6.8684,7.4053,,,,,,,
1568369203815132,加速度计,1.4341,7.9344,7.4885,,,,,,,
1568369207581590,陀螺仪,,,,,,,,0.0557,0.2561,0.0387
1568369213834559,加速度计,1.2989,5.7024,3.9397,,,,,,,
1568369223870028,加速度计,0.8481,6.4625,3.5237,,,,,,,
1568369227620080,陀螺仪,,,,,,,,-0.0218,0.2392,0.0357
1568369233870080,加速度计,-0.5267,5.5348,8.4258,,,,,,,
1568369243870653,加速度计,1.5467,6.6708,8.9453,,,,,,,
1568369247622163,陀螺仪,,,,,,,,0.0124,0.2453,0.0778
1568369253872580,加速度计,2.1805,7.8757,4.9452,,,,,,,
1568369263876643,加速度计,0.4010,5.7688,9.2440,,,,,,,
1568369267632163,陀螺仪,,,,,,,,-0.0023,0.2577,0.0394
1568369273883257,加速度计,1.1660,6.5080,10.7619,,,,,,,
1568369283892788,加速度计,0.9882,7.9763,4.5657,,,,,,,
1568369287653413,陀螺仪,,,,,,,,0.0615,0.2660,0.0302
1568369293905288,加速度计,2.0925,7.4837,3.2705,,,,,,,
1568369303921122,加速度计,0.3286,3.4901,7.7135,,,,,,,
1568369307687580,陀螺仪,,,,,,,,-0.0529,0.2218,0.0101
1568369313940288,加速度计,0.8643,5.3480,10.8727,,,,,,,
1568369323962736,加速度计,1.1869,6.5781,6.6026,,,,,,,
1568369327734663,陀螺仪,,,,,,,,0.0350,0.2214,-0.0244
1568369333988049,加速度计,1.9201,7.4717,4.2737,,,,,,,
1568369344015809,加速度计,1.0271,5.2595,10.6332,,,,,,,
1568369347791747,陀螺仪,,,,,,,,-0.0068,0.1874,-0.1080
1568369354045601,加速度计,0.9595,7.0904,8.7251,,,,,,,
1568369364076955,加速度计,0.4298,7.8883,5.8419,,,,,,,
1568369367855080,陀螺仪,,,,,,,,0.0111,0.1670,-0.1382
1568369374109090,加速度计,0.2436,5.3241,6.0059,,,,,,,
1568369384141590,加速度计,1.0912,5.5617,7.1156,,,,,,,
1568369387920080,陀螺仪,,,,,,,,-0.0324,0.1107,-0.1523
1568369394172632,加速度计,0.6853,6.2363,9.0644,,,,,,,
1568369404193205,加速度计,0.8942,8.4904,7.4759,,,,,,,
1568369407959663,陀螺仪,,,,,,,,0.0105,0.1056,-0.1960
1568369414211955,加速度计,0.8607,7.1682,5.4372,,,,,,,
1568369424230705,加速度计,1.3892,6.3255,6.5182,,,,,,,
1568369427997163,陀螺仪,,,,,,,,-0.0449,0.0864,-0.2000
1568369434249455,加速度计,0.7554,8.1924,6.9127,,,,,,,
1568369444268205,加速度计,0.6488,7.6800,9.3745,,,,,,,
1568369448034663,陀螺仪,,,,,,,,-0.0386,0.0884,-0.1674
1568369454286955,加速度计,1.1151,7.6034,8.0703,,,,,,,
1568369464306070,加速度计,0.5878,6.1178,6.5314,,,,,,,
1568369468077268,陀螺仪,,,,,,,,-0.0274,0.0594,-0.1607
1568369474328934,加速度计,0.5375,6.3728,7.3418,,,,,,,
1568369484342684,加速度计,0.4447,7.5561,6.4063,,,,,,,
1568369488104768,陀螺仪,,,,,,,,0.0206,0.0475,-0.1631
1568369494356434,加速度计,0.5698,6.5434,6.9851,,,,,,,
1568369504370288,加速度计,0.8458,8.1672,2.6821,,,,,,,
1568369508132788,陀螺仪,,,,,,,,-0.0077,0.0575,-0.1395
1568369514384559,加速度计,-0.0239,5.9334,7.3143,,,,,,,
1568369524399351,加速度计,0.8829,6.5015,8.6532,,,,,,,
1568369528162997,陀螺仪,,,,,,,,0.0209,0.0944,-0.0333
1568369534414976,加速度计,0.1466,6.6762,7.9063,,,,,,,
1568369544431434,加速度计,0.4752,7.4346,4.7082,,,,,,,
1568369548196538,陀螺仪,,,,,,,,0.0289,0.1060,0.0253
1568369554448726,加速度计,0.3047,7.5220,6.0208,,,,,,,
1568369564466851,加速度计,-0.2939,6.1250,11.3599,,,,,,,
1568369568233413,陀螺仪,,,,,,,,0.0362,0.1280,0.0844
1568369574485809,加速度计,0.1760,7.5579,6.0328,,,,,,,
1568369584505601,加速度计,-1.2336,7.1275,3.2417,,,,,,,
1568369588273622,陀螺仪,,,,,,,,0.0261,0.1415,0.1409
1568369594526226,加速度计,0.5956,5.9143,6.8474,,,,,,,
1568369604547684,加速度计,-0.5231,7.3065,10.3370,,,,,,,
1568369608317111,陀螺仪,,,,,,,,0.0758,0.1912,0.2240
1568369614569872,加速度计,-0.2879,8.2756,7.4250,,,,,,,
1568369624595080,加速度计,1.0523,8.1181,3.1807,,,,,,,
1568369640554858,GPS,,,,31.9423,118.7855,3.7100,90.4000,,,
1568369634625601,加速度计,0.3280,6.0495,6.2088,,,,,,,
1568369628372684,陀螺仪,,,,,,,,0.0623,0.2166,0.2489
1568369644645913,加速度计,0.3849,7.4298,7.2353,,,,,,,
1568369654664768,加速度计,-0.2430,8.0559,7.4466,,,,,,,
1568369648412476,陀螺仪,,,,,,,,0.0349,0.2362,0.2593
1568369664683518,加速度计,0.2789,7.5573,5.1763,,,,,,,
1568369668449976,陀螺仪,,,,,,,,0.0463,0.2281,0.2277
1568369674702268,加速度计,1.0110,6.7511,5.2625,,,,,,,
1568369684721018,加速度计,0.8356,7.5770,8.3384,,,,,,,
1568369694739768,加速度计,-0.0144,8.5006,8.6742,,,,,,,
1568369688487476,陀螺仪,,,,,,,,0.0313,0.1860,0.1272
1568369704758518,加速度计,1.0062,8.4922,6.1387,,,,,,,
1568369708524976,陀螺仪,,,,,,,,0.0535,0.1641,0.0601
1568369714777268,加速度计,1.0738,7.0384,6.4057,,,,,,,
1568369724797476,加速度计,0.5722,6.8133,7.3987,,,,,,,
1568369728563205,陀螺仪,,,,,,,,0.0216,0.1129,-0.0200
1568369734815393,加速度计,1.1797,6.8498,9.4954,,,,,,,
1568369744833309,加速度计,0.6243,7.7063,6.9013,,,,,,,
1568369748599038,陀螺仪,,,,,,,,0.0651,0.0919,-0.0807
1568369754851226,加速度计,1.2540,6.5757,5.8263,,,,,,,
1568369764869143,加速度计,1.0104,5.8849,4.6394,,,,,,,
1568369768634872,陀螺仪,,,,,,,,0.0080,0.0554,-0.1226
1568369774887059,加速度计,0.7434,6.8384,6.4177,,,,,,,
1568369784904976,加速度计,-0.3089,6.7427,13.2489,,,,,,,
1568369788670705,陀螺仪,,,,,,,,0.0443,0.0427,-0.1190
1568369794922893,加速度计,0.6734,7.5621,10.4315,,,,,,,
1568369804940809,加速度计,-0.1401,7.4160,4.5514,,,,,,,
1568369808706538,陀螺仪,,,,,,,,0.0929,-0.0068,-0.1759
1568369814958726,加速度计,-0.0880,5.9969,3.6919,,,,,,,
1568369824976643,加速度计,0.0180,5.4971,5.5994,,,,,,,
1568369828742476,陀螺仪,,,,,,,,0.0309,-0.0700,-0.1874
1568369834994715,加速度计,0.0599,7.6890,7.4178,,,,,,,
1568369845013205,加速度计,-0.6279,8.0379,7.5794,,,,,,,
1568369855031955,加速度计,-0.5112,5.4450,9.1716,,,,,,,
1568369848779663,陀螺仪,,,,,,,,-0.0033,-0.1192,-0.2276
1568369865050705,加速度计,-0.3041,5.6701,3.8732,,,,,,,
1568369868817268,陀螺仪,,,,,,,,0.0309,-0.1627,-0.2407
1568369875069611,加速度计,-0.2257,6.6942,5.1098,,,,,,,
1568369885088778,加速度计,-1.1181,6.5074,10.1083,,,,,,,
1568369888855601,陀螺仪,,,,,,,,-0.0051,-0.1971,-0.2013
1568369895107945,加速度计,0.5752,6.8564,7.0880,,,,,,,
1568369905127111,加速度计,0.6859,6.3686,5.4456,,,,,,,
1568369908893934,陀螺仪,,,,,,,,-0.0136,-0.1715,-0.1450
1568369915146278,加速度计,-0.1203,5.1194,4.2288,,,,,,,
1568369925165445,加速度计,0.6632,6.2309,9.5158,,,,,,,
1568369928932268,陀螺仪,,,,,,,,-0.0296,-0.1330,0.0124
1568369935184611,加速度计,0.1053,7.7536,12.5450,,,,,,,
1568369945203778,加速度计,0.3615,8.0858,9.6959,,,,,,,
1568369948970601,陀螺仪,,,,,,,,0.1161,-0.0518,0.1318
1568369955222945,加速度计,0.0970,6.6092,4.9542,,,,,,,
1568369965243830,加速度计,0.2586,6.7762,2.3481,,,,,,,
1568369969028153,陀螺仪,,,,,,,,0.0401,-0.0216,0.2186
1568369975278726,加速度计,0.2544,6.6696,8.0619,,,,,,,
1568369985283830,加速度计,-0.3017,8.4988,8.4473,,,,,,,
1568369989038726,陀螺仪,,,,,,,,0.0438,0.0715,0.3409
1568369995289455,加速度计,-0.9517,8.5006,5.9652,,,,,,,
1568370005296018,加速度计,0.4447,6.5894,6.6026,,,,,,,
1568370009052840,陀螺仪,,,,,,,,0.0057,0.0939,0.4173
1568370015303934,加速度计,-0.0305,6.6954,6.7690,,,,,,,
1568370025313622,加速度计,-0.4166,8.2732,6.0112,,,,,,,
1568370035325393,加速度计,1.9740,7.2598,6.4751,,,,,,,
1568370029073778,陀螺仪,,,,,,,,0.0317,0.1611,0.5004
1568370045339351,加速度计,-0.4908,8.0643,4.5400,,,,,,,
1568370049103570,陀螺仪,,,,,,,,0.0349,0.2151,0.5401
1568370055355809,加速度计,-0.7051,7.4244,5.8490,,,,,,,
1568370065374768,加速度计,1.5227,7.7847,3.2878,,,,,,,
1568370069143309,陀螺仪,,,,,,,,-0.0547,0.2129,0.5579
1568370075396122,加速度计,-0.4908,7.4885,7.6740,,,,,,,
1568370085419559,加速度计,0.2358,6.8618,8.7089,,,,,,,
1568370089191695,陀螺仪,,,,,,,,-0.0886,0.2511,0.5260
1568370095444976,加速度计,0.1041,6.5003,6.3901,,,,,,,
1568370105471955,加速度计,-1.0798,5.0326,6.6194,,,,,,,
1568370109246538,陀螺仪,,,,,,,,-0.0912,0.2252,0.5286
1568370115500080,加速度计,0.6189,6.4560,7.9883,,,,,,,
1568370125528934,加速度计,1.3647,6.3925,9.7701,,,,,,,
1568370129304507,陀螺仪,,,,,,,,-0.0234,0.2495,0.4571
1568370135558101,加速度计,1.0469,7.9817,8.2821,,,,,,,
1568370145585705,加速度计,0.8547,6.3458,7.9236,,,,,,,
1568370149355340,陀螺仪,,,,,,,,0.0158,0.2474,0.3939
1568370155607684,加速度计,0.8152,5.5067,8.1050,,,,,,,
1568370165626747,加速度计,1.2222,8.2869,4.9117,,,,,,,
1568370169393205,陀螺仪,,,,,,,,0.0286,0.2411,0.3647
1568370175645497,加速度计,0.6560,7.1928,7.1670,,,,,,,
1568370185664247,加速度计,1.1881,6.5673,9.0345,,,,,,,
1568370189430705,陀螺仪,,,,,,,,0.0369,0.2431,0.3429
1568370195682997,加速度计,1.4820,7.1006,7.7686,,,,,,,
1568370205701747,加速度计,0.7715,7.6567,6.0849,,,,,,,
1568370209468570,陀螺仪,,,,,,,,0.0286,0.2450,0.3013
1568370215721226,加速度计,1.6729,6.6176,6.8498,,,,,,,
1568370225743361,加速度计,1.1043,7.8656,6.8103,,,,,,,
1568370235756278,加速度计,0.3298,6.6690,7.1593,,,,,,,
1568370229504715,陀螺仪,,,,,,,,0.0067,0.2735,0.2882
1568370245769351,加速度计,1.0600,6.3404,7.2209,,,,,,,
1568370249531174,陀螺仪,,,,,,,,0.0269,0.2924,0.2987
1568370255782840,加速度计,1.3473,7.3059,5.9376,,,,,,,
1568370265796903,加速度计,-0.0114,6.8642,6.1196,,,,,,,
1568370275811799,加速度计,0.3891,6.9408,8.1289,,,,,,,
1568370269559924,陀螺仪,,,,,,,,-0.0017,0.2858,0.2790
1568370285827528,加速度计,0.9307,7.7800,7.5513,,,,,,,
1568370295844090,加速度计,1.5455,6.6547,7.7303,,,,,,,
1568370289592007,陀螺仪,,,,,,,,0.0128,0.2876,0.2755
1568370305861486,加速度计,-0.0910,6.3392,6.8187,,,,,,,
1568370309627424,陀螺仪,,,,,,,,0.0346,0.2936,0.2224
1568370315879715,加速度计,0.5399,6.5853,5.9418,,,,,,,
1568370325898778,加速度计,1.1606,5.8927,6.7109,,,,,,,
1568370329666174,陀螺仪,,,,,,,,0.0409,0.2694,0.2079
1568370335918674,加速度计,1.3007,6.5643,6.4392,,,,,,,
1568370345939403,加速度计,0.8152,6.5392,5.6623,,,,,,,
1568370349708257,陀螺仪,,,,,,,,0.0382,0.2586,0.1353
1568370355960965,加速度计,1.2779,6.8193,7.9374,,,,,,,
1568370365983205,加速度计,0.8278,6.3734,9.2763,,,,,,,
1568370369753049,陀螺仪,,,,,,,,0.0816,0.2545,0.0921
1568370376005861,加速度计,1.6909,7.3322,7.4927,,,,,,,
1568370386028934,加速度计,1.0457,6.5206,6.8229,,,,,,,
1568370396052268,加速度计,0.7248,6.4943,7.9206,,,,,,,
1568370389799403,陀螺仪,,,,,,,,0.1023,0.2328,0.0290
1568370406078101,加速度计,1.5329,6.6792,7.8356,,,,,,,
1568370416107268,加速度计,1.8747,8.4186,6.3961,,,,,,,
1568370409857215,陀螺仪,,,,,,,,0.1369,0.2294,-0.0009
1568370426108309,加速度计,1.2977,6.4679,7.1970,,,,,,,
1568370436110184,加速度计,1.5568,6.5978,6.0998,,,,,,,
1568370429859924,陀螺仪,,,,,,,,0.1044,0.2152,-0.0541
1568370446113518,加速度计,0.2616,7.0132,7.6309,,,,,,,
1568370456118934,加速度计,1.5299,8.2414,6.6116,,,,,,,
1568370449868153,陀螺仪,,,,,,,,0.0891,0.2045,-0.0726
1568370466126226,加速度计,0.8350,6.4661,8.0044,,,,,,,
1568370469892268,陀螺仪,,,,,,,,0.0636,0.2061,-0.0804
1568370476145913,加速度计,0.7703,7.9057,6.1310,,,,,,,
1568370486176122,加速度计,0.2891,7.1646,5.9765,,,,,,,
1568370489953830,陀螺仪,,,,,,,,0.0322,0.1993,-0.0635
1568370496207840,加速度计,0.3208,7.1688,7.9954,,,,,,,
1568370506240497,加速度计,0.0676,7.6375,5.3451,,,,,,,
1568370510019351,陀螺仪,,,,,,,,0.0437,0.1956,-0.0465
1568370516273413,加速度计,0.3771,6.6912,7.4065,,,,,,,
1568370526302736,加速度计,0.5447,8.1385,8.0026,,,,,,,
1568370536324351,加速度计,-0.0467,7.4358,7.0150,,,,,,,
1568370530072059,陀螺仪,,,,,,,,0.0559,0.1919,-0.0441
1568370546343101,加速度计,1.4317,6.9785,4.1863,,,,,,,
1568370556361851,加速度计,-0.1778,7.0545,5.3576,,,,,,,
1568370550109559,陀螺仪,,,,,,,,0.0443,0.2056,-0.0407
1568370566380601,加速度计,0.4968,5.8676,11.6975,,,,,,,
1568370570147059,陀螺仪,,,,,,,,0.0431,0.2008,-0.0027
1568370576399351,加速度计,1.2258,8.0002,8.2373,,,,,,,
1568370586418101,加速度计,0.2544,7.1413,7.0114,,,,,,,
1568370590184559,陀螺仪,,,,,,,,0.0840,0.1823,-0.0360
1568370596436851,加速度计,0.4082,6.1974,7.6046,,,,,,,
1568370606455601,加速度计,0.8517,6.6948,8.3947,,,,,,,
1568370616474351,加速度计,0.2472,8.2582,7.1395,,,,,,,
1568370610222059,陀螺仪,,,,,,,,0.1292,0.1755,-0.0770
1568370626502215,加速度计,-0.0365,6.9659,5.6126,,,,,,,
1568370640728868,GPS,,,,31.9423,118.7855,3.6800,76.4000,,,
1568370630261747,陀螺仪,,,,,,,,0.1236,0.1575,-0.0959
1568370636513049,加速度计,1.1223,6.4721,5.4821,,,,,,,
1568370646523882,加速度计,0.0311,7.1599,5.0015,,,,,,,
1568370650283778,陀螺仪,,,,,,,,0.0864,0.1421,-0.1144
1568370656535132,加速度计,0.5177,8.5832,3.3004,,,,,,,
1568370666547215,加速度计,1.1420,6.6331,8.0397,,,,,,,
1568370676560132,加速度计,0.3956,7.6866,6.1525,,,,,,,
1568370670308570,陀螺仪,,,,,,,,0.0246,0.1477,-0.1109
1568370686574299,加速度计,0.1395,7.7111,6.9366,,,,,,,
1568370690337840,陀螺仪,,,,,,,,0.0047,0.1542,-0.1036
1568370696589715,加速度计,0.8003,6.6792,4.2479,,,,,,,
1568370706606382,加速度计,0.3478,6.2303,4.5238,,,,,,,
1568370710372111,陀螺仪,,,,,,,,-0.0336,0.1647,-0.1119
1568370716624299,加速度计,0.0180,6.9151,4.4520,,,,,,,
1568370726674299,加速度计,0.7817,6.7421,5.3307,,,,,,,
1568370730449351,陀螺仪,,,,,,,,-0.0875,0.1306,-0.1057
1568370736701643,加速度计,-0.0198,7.5076,6.8522,,,,,,,
1568370746720393,加速度计,-0.0347,6.9504,8.8262,,,,,,,
1568370750486851,陀螺仪,,,,,,,,-0.0943,0.1036,-0.1470
1568370756739143,加速度计,0.3352,6.9983,8.6329,,,,,,,
1568370766757893,加速度计,0.4812,7.4747,7.8392,,,,,,,
1568370770524351,陀螺仪,,,,,,,,-0.0357,0.0656,-0.1953
1568370776776643,加速度计,-0.6255,5.8203,7.1898,,,,,,,
1568370786795393,加速度计,0.4621,7.3616,6.2674,,,,,,,
1568370790561851,陀螺仪,,,,,,,,-0.0107,0.0059,-0.2322
1568370796814143,加速度计,-0.5028,7.9039,17.7937,,,,,,,
1568370806832893,加速度计,0.8152,7.2574,8.7299,,,,,,,
1568370810599351,陀螺仪,,,,,,,,0.1894,0.0063,-0.2599
1568370816851643,加速度计,0.4836,7.4442,-6.4141,,,,,,,
1568370826870393,加速度计,2.0662,3.9624,0.0694,,,,,,,
1568370836889143,加速度计,-1.5048,2.8216,14.2587,,,,,,,
1568370830636851,陀螺仪,,,,,,,,-0.2844,-0.1284,-0.3372
1568370846907893,加速度计,-0.7051,10.6039,13.0801,,,,,,,
1568370850674351,陀螺仪,,,,,,,,0.0698,0.0237,-0.2770
1568370856926643,加速度计,0.1317,12.4121,7.5010,,,,,,,
1568370866945393,加速度计,-0.9978,0.6045,8.8843,,,,,,,
1568370870711851,陀螺仪,,,,,,,,-0.0063,-0.0356,-0.2229
1568370876964143,加速度计,3.1801,4.2258,3.8439,,,,,,,
1568370886982893,加速度计,-0.5171,11.3515,5.0763,,,,,,,
1568370897001643,加速度计,-0.2723,6.4625,11.9369,,,,,,,
1568370890749351,陀螺仪,,,,,,,,-0.0997,-0.0944,-0.1987
1568370907020393,加速度计,1.5054,4.7333,10.4303,,,,,,,
1568370910786851,陀螺仪,,,,,,,,-0.0028,-0.0369,-0.1648
1568370917039143,加速度计,1.6586,7.3304,8.8639,,,,,,,
1568370927057893,加速度计,-0.4800,7.8308,2.5462,,,,,,,
1568370930824351,陀螺仪,,,,,,,,0.0153,-0.0450,-0.1696
1568370937076643,加速度计,0.7183,4.6621,7.2520,,,,,,,
1568370947095393,加速度计,0.6153,8.4210,1.9483,,,,,,,
1568370950861851,陀螺仪,,,,,,,,-0.0268,-0.0441,-0.1521
1568370957114143,加速度计,0.0359,6.2788,7.1168,,,,,,,
1568370967134611,加速度计,-0.2065,7.2957,10.1448,,,,,,,
1568370970911955,陀螺仪,,,,,,,,-0.0004,-0.0309,-0.0905
1568370977162580,加速度计,-0.5465,6.8301,10.5489,,,,,,,
1568370987168153,加速度计,1.6807,6.5936,7.5483,,,,,,,
1568370997174299,加速度计,-0.1820,6.3500,6.2997,,,,,,,
1568370990923518,陀螺仪,,,,,,,,0.0605,-0.0385,-0.0728
1568371007181434,加速度计,-0.3214,5.5258,6.0340,,,,,,,
1568371010938830,陀螺仪,,,,,,,,0.1394,-0.0052,-0.0623
1568371017189976,加速度计,0.5315,7.9631,6.2507,,,,,,,
1568371027200340,加速度计,0.2065,7.6124,4.9416,,,,,,,
1568371030961122,陀螺仪,,,,,,,,0.0871,-0.0097,-0.0276
1568371037212788,加速度计,0.7003,6.5290,3.1885,,,,,,,
1568371047227476,加速度计,-0.2412,7.5387,4.8830,,,,,,,
1568371050992372,陀螺仪,,,,,,,,0.0458,0.0249,-0.0166
1568371057244663,加速度计,-0.1550,7.5178,8.5048,,,,,,,
1568371067264195,加速度计,0.5573,9.2153,10.2262,,,,,,,
1568371071032997,陀螺仪,,,,,,,,0.0454,0.0237,0.0510
1568371077285809,加速度计,0.6536,8.3210,7.5609,,,,,,,
1568371087309351,加速度计,2.0830,5.2541,9.4763,,,,,,,
1568371091081330,陀螺仪,,,,,,,,0.0944,0.0747,0.0328
1568371097334559,加速度计,-0.3807,6.2459,5.8730,,,,,,,
1568371107361278,加速度计,0.2340,7.2245,6.6661,,,,,,,
1568371117389090,加速度计,0.0425,9.6061,5.7174,,,,,,,
1568371111135601,陀螺仪,,,,,,,,0.1417,0.0864,0.1045
1568371127417580,加速度计,0.5997,9.2458,6.0316,,,,,,,
1568371131192788,陀螺仪,,,,,,,,0.0748,0.0923,0.0698
1568371137446330,加速度计,0.5189,7.9847,3.8008,,,,,,,
1568371147472580,加速度计,-0.1047,6.8456,5.9113,,,,,,,
1568371157493413,加速度计,-0.6728,7.5531,8.6945,,,,,,,
1568371151241122,陀螺仪,,,,,,,,-0.0369,0.1073,0.0840
1568371167512163,加速度计,0.6129,6.8797,9.4098,,,,,,,
1568371171278622,陀螺仪,,,,,,,,-0.0060,0.1320,0.1562
1568371177530913,加速度计,0.4004,7.4364,7.4023,,,,,,,
1568371187549663,加速度计,1.0576,6.8887,5.5785,,,,,,,
1568371191316122,陀螺仪,,,,,,,,0.0140,0.1507,0.1264
1568371197568413,加速度计,1.2007,7.4819,4.7639,,,,,,,
1568371207587163,加速度计,0.0587,5.7126,10.6213,,,,,,,
1568371211354038,陀螺仪,,,,,,,,-0.0123,0.1348,0.0799
1568371217606538,加速度计,-0.1484,5.7712,10.4878,,,,,,,
1568371227637893,加速度计,1.1313,7.4657,5.9448,,,,,,,
1568371237680445,加速度计,1.3904,7.5417,4.4921,,,,,,,
1568371231424143,陀螺仪,,,,,,,,0.0895,0.1300,0.0590
1568371247674507,加速度计,1.1756,7.1000,8.3354,,,,,,,
1568371251402268,陀螺仪,,,,,,,,0.0318,0.1045,-0.0393
1568371257649090,加速度计,-0.2592,6.6924,10.7691,,,,,,,
1568371267626590,加速度计,0.6063,8.1858,5.5941,,,,,,,
1568371271360809,陀螺仪,,,,,,,,0.0867,0.0995,-0.0565
1568371277608674,加速度计,1.8525,5.8383,4.9243,,,,,,,
1568371287596382,加速度计,1.3635,6.4512,2.5534,,,,,,,
1568371291341382,陀螺仪,,,,,,,,0.0250,0.0708,-0.1441
1568371297590861,加速度计,0.7961,5.5545,5.0763,,,,,,,
1568371307592736,加速度计,1.4078,5.6527,6.1196,,,,,,,
1568371311351018,陀螺仪,,,,,,,,-0.0101,0.0479,-0.1736
1568371317602424,加速度计,1.0942,6.4015,4.6777,,,,,,,
1568371327620028,加速度计,1.1558,6.5960,4.4388,,,,,,,
1568371337645236,加速度计,0.5860,6.2441,7.9643,,,,,,,
1568371331391903,陀螺仪,,,,,,,,-0.0671,0.0398,-0.2213
1568371347677632,加速度计,1.0618,7.1174,9.9246,,,,,,,
1568371351461226,陀螺仪,,,,,,,,-0.0507,0.0354,-0.2340
1568371357716174,加速度计,0.6476,7.4741,9.7444,,,,,,,
1568371367759924,加速度计,1.0882,7.0330,6.6409,,,,,,,
1568371371551695,陀螺仪,,,,,,,,-0.0158,0.0441,-0.2643
1568371377807736,加速度计,0.5465,6.8390,7.8584,,,,,,,
1568371387858361,加速度计,0.7847,6.5799,8.9370,,,,,,,
1568371391653778,陀螺仪,,,,,,,,-0.0012,0.0103,-0.2894
1568371397910236,加速度计,1.2007,6.8247,8.4976,,,,,,,
1568371407957945,加速度计,1.4778,6.4979,8.0409,,,,,,,
1568371411731278,陀螺仪,,,,,,,,0.0446,-0.0080,-0.3374
1568371417983570,加速度计,0.9529,7.3616,7.0593,,,,,,,
1568371428002320,加速度计,1.3348,6.9719,6.8187,,,,,,,
1568371431768778,陀螺仪,,,,,,,,0.0570,-0.0348,-0.3806
1568371438021070,加速度计,0.3466,8.3043,4.1659,,,,,,,
1568371448039820,加速度计,0.6937,8.2259,5.0817,,,,,,,
1568371458058570,加速度计,1.3324,6.2638,9.2009,,,,,,,
1568371451806278,陀螺仪,,,,,,,,-0.0084,-0.0904,-0.4326
1568371468077320,加速度计,-0.0982,8.2672,6.5505,,,,,,,
1568371471843778,陀螺仪,,,,,,,,0.0116,-0.1079,-0.4455
1568371478096070,加速度计,0.1826,8.0080,6.3386,,,,,,,
1568371488123049,加速度计,0.5890,7.4124,5.6431,,,,,,,
1568371491879403,陀螺仪,,,,,,,,-0.0185,-0.1128,-0.4340
1568371498130288,加速度计,-0.1107,7.4364,5.8802,,,,,,,
1568371508138101,加速度计,0.2592,7.1605,6.5350,,,,,,,
1568371518146903,加速度计,-0.3843,6.6631,8.0373,,,,,,,
1568371511895757,陀螺仪,,,,,,,,-0.0542,-0.1320,-0.4008
1568371528156955,加速度计,0.3310,7.4669,7.9458,,,,,,,
1568371531916903,陀螺仪,,,,,,,,-0.0349,-0.1237,-0.3474
1568371538168413,加速度计,-0.6524,8.1499,7.0276,,,,,,,
1568371548181538,加速度计,0.5590,7.5585,4.9823,,,,,,,
1568371551944507,陀螺仪,,,,,,,,-0.0541,-0.1293,-0.3120
1568371558196486,加速度计,0.3400,5.6437,6.7074,,,,,,,
1568371568213518,加速度计,0.5195,5.9065,5.4761,,,,,,,
1568371578232632,加速度计,-0.2089,5.5809,7.6285,,,,,,,
1568371571980132,陀螺仪,,,,,,,,-0.0538,-0.1334,-0.2976
1568371588253674,加速度计,0.3083,6.1860,8.4060,,,,,,,
1568371592023465,陀螺仪,,,,,,,,0.0103,-0.0981,-0.2330
1568371598276382,加速度计,-0.2741,5.4031,9.8049,,,,,,,
1568371608300601,加速度计,-0.7979,7.3646,8.2384,,,,,,,
1568371612072840,陀螺仪,,,,,,,,0.1036,-0.0543,-0.1575
1568371618326070,加速度计,-0.4298,7.3209,6.6110,,,,,,,
1568371628366434,加速度计,-0.1161,7.4154,2.2350,,,,,,,
1568371640982306,GPS,,,,31.9423,118.7856,3.6700,71.6000,,,
1568371632144559,陀螺仪,,,,,,,,0.0878,-0.0442,-0.1244
1568371638398518,加速度计,0.1197,7.2221,1.4317,,,,,,,
1568371648417268,加速度计,0.4579,7.3825,5.7509,,,,,,,
1568371652183726,陀螺仪,,,,,,,,-0.0626,-0.0565,-0.1053
1568371658436018,加速度计,-0.5722,7.3041,12.5091,,,,,,,
1568371668454768,加速度计,-1.2785,8.2373,9.4499,,,,,,,
1568371672221226,陀螺仪,,,,,,,,0.0406,0.0317,0.0293
1568371678473518,加速度计,-0.3472,7.9625,6.4290,,,,,,,
1568371688492268,加速度计,0.2999,6.8229,3.2292,,,,,,,
1568371692258726,陀螺仪,,,,,,,,-0.0168,0.0652,0.0426
1568371698511018,加速度计,-0.3083,7.2526,6.7032,,,,,,,
1568371708529768,加速度计,-1.5191,7.3717,8.3324,,,,,,,
1568371718548518,加速度计,-1.1372,7.1760,7.6088,,,,,,,
1568371712296226,陀螺仪,,,,,,,,-0.0302,0.0177,0.0250
1568371728567268,加速度计,-0.7051,7.2532,5.3391,,,,,,,
1568371732338465,陀螺仪,,,,,,,,-0.0081,0.0039,-0.0047
1568371738590132,加速度计,0.7787,8.3606,4.9799,,,,,,,
1568371748603882,加速度计,-0.1664,7.4130,9.6283,,,,,,,
1568371752365965,陀螺仪,,,,,,,,-0.0313,-0.0186,-0.0808
1568371758617632,加速度计,-1.1720,7.5741,8.5341,,,,,,,
1568371768631538,加速度计,0.2664,7.4526,6.3351,,,,,,,
1568371772394090,陀螺仪,,,,,,,,-0.0067,-0.0115,-0.0672
1568371778645861,加速度计,1.0223,6.3345,4.2593,,,,,,,
1568371788660757,加速度计,0.6075,6.0609,6.7050,,,,,,,
1568371798676486,加速度计,-0.3513,6.8295,7.8835,,,,,,,
1568371792424507,陀螺仪,,,,,,,,-0.0499,-0.0282,-0.1075
1568371808693049,加速度计,0.5130,7.4825,7.6549,,,,,,,
1568371812458257,陀螺仪,,,,,,,,-0.0007,-0.0138,-0.1128
1568371818710445,加速度计,0.9074,6.4973,5.0859,,,,,,,
1568371828728674,加速度计,0.6710,5.9209,3.8768,,,,,,,
1568371832495340,陀螺仪,,,,,,,,-0.0642,-0.0567,-0.1855
1568371838747736,加速度计,-0.4806,5.6186,8.4126,,,,,,,
1568371848767632,加速度计,0.9194,6.1298,12.5462,,,,,,,
1568371852535757,陀螺仪,,,,,,,,0.0096,-0.0788,-0.2133
1568371858788361,加速度计,-0.9661,6.6912,9.4445,,,,,,,
1568371868809924,加速度计,-0.9595,8.4054,4.6693,,,,,,,
1568371872579403,陀螺仪,,,,,,,,0.0526,-0.1166,-0.2495
1568371878832163,加速度计,0.5549,5.3917,5.6348,,,,,,,
1568371888854820,加速度计,0.7225,6.2728,3.8630,,,,,,,
1568371892624924,陀螺仪,,,,,,,,-0.0096,-0.2021,-0.3467
1568371898877736,加速度计,0.4579,6.4530,5.1787,,,,,,,
1568371908900653,加速度计,0.5734,6.0490,9.6971,,,,,,,
1568371912670757,陀螺仪,,,,,,,,-0.0385,-0.2653,-0.4358
1568371918923570,加速度计,0.0521,5.2690,12.7563,,,,,,,
1568371928945080,加速度计,0.5447,8.1020,6.7421,,,,,,,
1568371932711799,陀螺仪,,,,,,,,0.0724,-0.2712,-0.4615
1568371938964090,加速度计,0.6638,8.5305,2.4271,,,,,,,
1568371948982840,加速度计,1.6496,6.9863,6.6451,,,,,,,
1568371952749299,陀螺仪,,,,,,,,-0.0132,-0.3120,-0.5306
1568371959001590,加速度计,0.8793,6.2908,9.4122,,,,,,,
1568371969020340,加速度计,0.0646,9.1674,4.2168,,,,,,,
1568371972786903,陀螺仪,,,,,,,,0.0107,-0.3181,-0.5015
1568371979039247,加速度计,1.9998,7.4142,2.9646,,,,,,,
1568371989059143,加速度计,0.8440,6.4835,6.8319,,,,,,,
1568371992824507,陀螺仪,,,,,,,,-0.0694,-0.3357,-0.4876
1568371999076643,加速度计,0.3543,6.1280,11.9537,,,,,,,
1568372009094143,加速度计,0.8056,9.2261,6.7953,,,,,,,
1568372012859507,陀螺仪,,,,,,,,0.0469,-0.2957,-0.4322
1568372019111643,加速度计,-0.2448,8.9100,4.2826,,,,,,,
1568372029129143,加速度计,1.6041,6.8277,7.7943,,,,,,,
1568372032894507,陀螺仪,,,,,,,,-0.0365,-0.3225,-0.4333
1568372039146643,加速度计,-0.0730,6.4602,5.8395,,,,,,,
1568372049164143,加速度计,-0.8781,8.4324,6.3799,,,,,,,
1568372052929507,陀螺仪,,,,,,,,-0.0169,-0.3004,-0.3598
1568372059181643,加速度计,1.3360,6.6469,7.5136,,,,,,,
1568372069199299,加速度计,0.7578,6.8289,7.7045,,,,,,,
1568372079217372,加速度计,0.3998,7.1820,4.0755,,,,,,,
1568372072965132,陀螺仪,,,,,,,,0.0059,-0.2559,-0.2925
1568372089235861,加速度计,-0.4579,7.2431,4.8836,,,,,,,
1568372093002424,陀螺仪,,,,,,,,-0.0854,-0.2668,-0.2389
1568372099254768,加速度计,0.7039,4.3958,14.7680,,,,,,,
1568372109274090,加速度计,-0.8015,7.8009,8.2462,,,,,,,
1568372113041278,陀螺仪,,,,,,,,0.0945,-0.1744,-0.1470
1568372119293674,加速度计,-0.7781,7.9966,4.3730,,,,,,,
1568372129313257,加速度计,0.5082,7.7081,1.0606,,,,,,,
1568372133080445,陀螺仪,,,,,,,,-0.0446,-0.2277,-0.1368
1568372139332840,加速度计,0.0048,5.8137,7.2137,,,,,,,
1568372149352424,加速度计,-1.2001,7.0348,10.2466,,,,,,,
1568372153119611,陀螺仪,,,,,,,,-0.0317,-0.2120,-0.1013
1568372159372007,加速度计,-0.3986,7.2999,11.6071,,,,,,,
1568372169391590,加速度计,-0.3065,7.2670,6.3572,,,,,,,
1568372179411174,加速度计,-0.5626,5.7431,7.7165,,,,,,,
1568372173158778,陀螺仪,,,,,,,,0.0377,-0.1973,-0.0670
1568372189430757,加速度计,-1.6035,6.6972,6.1980,,,,,,,
1568372193197945,陀螺仪,,,,,,,,0.0743,-0.2309,-0.0808
1568372199450340,加速度计,-0.3448,8.5682,7.0108,,,,,,,
1568372209469924,加速度计,-0.5249,7.5220,4.2737,,,,,,,
1568372213237111,陀螺仪,,,,,,,,0.0297,-0.2710,-0.0794
1568372219489507,加速度计,0.2412,6.2309,6.5080,,,,,,,
1568372229510965,加速度计,0.0784,7.1766,7.5280,,,,,,,
1568372233290653,陀螺仪,,,,,,,,-0.0011,-0.2663,-0.0968
1568372239540705,加速度计,-1.0379,7.1952,6.3799,,,,,,,
1568372249541695,加速度计,-0.3130,5.8748,8.3749,,,,,,,
1568372253293153,陀螺仪,,,,,,,,0.0257,-0.2738,-0.0284
1568372259543413,加速度计,1.2594,7.2125,3.8918,,,,,,,
1568372269546538,加速度计,0.6859,6.0795,8.6329,,,,,,,
1568372273300861,陀螺仪,,,,,,,,0.0115,-0.2674,-0.0486
1568372279551643,加速度计,0.8685,7.8841,7.5154,,,,,,,
1568372289559403,加速度计,0.7051,6.6014,7.5735,,,,,,,
1568372293318570,陀螺仪,,,,,,,,0.0498,-0.2437,-0.0201
1568372299570080,加速度计,0.2598,7.5028,4.8632,,,,,,,
1568372309583674,加速度计,-0.1143,6.3213,6.2818,,,,,,,
1568372313348049,陀螺仪,,,,,,,,0.0149,-0.2411,-0.0081
1568372319600340,加速度计,1.2528,7.3538,5.8700,,,,,,,
1568372329620184,加速度计,0.5118,6.9671,7.3436,,,,,,,
1568372333389924,陀螺仪,,,,,,,,-0.0092,-0.2232,0.0317
1568372339642945,加速度计,0.2059,6.8827,8.3641,,,,,,,
1568372349668465,加速度计,0.4118,5.9843,9.6965,,,,,,,
1568372353442736,陀螺仪,,,,,,,,0.0434,-0.1791,0.0913
1568372359696330,加速度计,0.4387,7.0419,7.3999,,,,,,,
1568372369726122,加速度计,0.6039,6.7684,4.0875,,,,,,,
1568372373503361,陀螺仪,,,,,,,,0.0426,-0.1602,0.0976
1568372379757268,加速度计,0.5273,6.5290,4.7291,,,,,,,
1568372389789090,加速度计,0.1024,6.7313,7.4304,,,,,,,
1568372393567215,陀螺仪,,,,,,,,-0.0230,-0.1390,0.1338
1568372399821174,加速度计,-0.7889,6.8031,7.6878,,,,,,,
1568372409849038,加速度计,-0.1107,6.9324,6.2423,,,,,,,
1568372413616799,陀螺仪,,,,,,,,-0.0064,-0.0944,0.2043
1568372419869090,加速度计,0.1820,5.9616,6.8229,,,,,,,
1568372429887840,加速度计,-0.6626,7.0198,5.8065,,,,,,,
1568372433654299,陀螺仪,,,,,,,,-0.0391,-0.0640,0.2515
1568372439906590,加速度计,-0.4693,7.3310,9.0836,,,,,,,
1568372449925340,加速度计,-0.2562,6.8803,10.3232,,,,,,,
1568372453691799,陀螺仪,,,,,,,,0.0193,0.0023,0.3260
1568372459944090,加速度计,-0.6123,8.4461,4.0995,,,,,,,
1568372469962840,加速度计,-0.3813,7.1832,5.0266,,,,,,,
1568372473729924,陀螺仪,,,,,,,,-0.0836,-0.0212,0.3597
1568372479982528,加速度计,-0.8859,5.7676,9.8168,,,,,,,
1568372490003205,加速度计,-0.9936,6.5727,12.5235,,,,,,,
1568372500017372,加速度计,-0.0718,8.4665,8.2965,,,,,,,
1568372493765653,陀螺仪,,,,,,,,0.0353,0.0198,0.4534
1568372510031538,加速度计,0.9038,7.8380,3.3297,,,,,,,
1568372520045913,加速度计,-0.7620,5.3822,7.1180,,,,,,,
1568372513794143,陀螺仪,,,,,,,,0.0573,0.0535,0.3916
1568372530060705,加速度计,-1.6879,7.7105,3.4477,,,,,,,
1568372540076122,加速度计,-0.7859,8.8268,3.0263,,,,,,,
1568372533824195,陀螺仪,,,,,,,,0.0258,0.0095,0.3031
1568372550092372,加速度计,-0.7697,6.6158,5.5635,,,,,,,
1568372553857320,陀螺仪,,,,,,,,-0.1092,-0.0458,0.2755
1568372560109455,加速度计,-1.4467,5.3331,9.1417,,,,,,,
1568372570127372,加速度计,-0.6464,7.2844,10.2855,,,,,,,
1568372580146122,加速度计,-1.2390,6.8821,7.2113,,,,,,,
1568372573893778,陀螺仪,,,,,,,,-0.0293,0.0000,0.3123
1568372590165705,加速度计,0.1903,7.1503,6.3291,,,,,,,
1568372600186122,加速度计,0.0467,6.7564,3.5440,,,,,,,
1568372593933570,陀螺仪,,,,,,,,0.0008,0.0398,0.3466
1568372610207163,加速度计,0.5758,6.9109,4.0767,,,,,,,
1568372613975965,陀螺仪,,,,,,,,-0.0567,0.0232,0.2983
1568372620228622,加速度计,-0.6009,7.5645,6.7594,,,,,,,
1568372630258101,加速度计,-0.2484,7.2885,9.2584,,,,,,,
1568372634031486,陀螺仪,,,,,,,,-0.0698,0.0202,0.3147
1568372649760222,GPS,,,,31.9423,118.7856,3.6400,77.5000,,,
1568372640283778,加速度计,-0.2628,6.6942,8.5682,,,,,,,
1568372650302528,加速度计,0.5255,7.9900,5.3929,,,,,,,
1568372654068986,陀螺仪,,,,,,,,-0.0312,0.0407,0.3184
1568372660321278,加速度计,-0.2209,6.4608,6.9779,,,,,,,
1568372670340028,加速度计,-0.3041,6.4787,8.2019,,,,,,,
1568372674106486,陀螺仪,,,,,,,,-0.0048,0.0739,0.3103
1568372680358778,加速度计,1.1169,7.2071,6.2668,,,,,,,
1568372690377528,加速度计,0.1832,6.8259,7.2676,,,,,,,
1568372694143986,陀螺仪,,,,,,,,0.0128,0.1019,0.3266
1568372700396278,加速度计,-0.7871,6.7696,7.2095,,,,,,,
1568372710415028,加速度计,0.7075,7.7542,5.8586,,,,,,,
1568372714181486,陀螺仪,,,,,,,,0.0285,0.1220,0.3553
1568372720433778,加速度计,1.1181,8.3103,5.4187,,,,,,,
1568372730452684,加速度计,-0.0706,7.7500,6.8079,,,,,,,
1568372740472632,加速度计,-0.8517,6.2393,7.3418,,,,,,,
1568372734220393,陀螺仪,,,,,,,,-0.0067,0.1454,0.3169
1568372750490965,加速度计,1.1043,8.9663,4.1120,,,,,,,
1568372754257059,陀螺仪,,,,,,,,-0.0261,0.1294,0.3129
1568372760509299,加速度计,-0.4567,6.4572,8.8663,,,,,,,
1568372770527632,加速度计,0.5788,8.7293,5.8496,,,,,,,
1568372780545965,加速度计,0.4920,7.5196,9.3176,,,,,,,
1568372774293726,陀螺仪,,,,,,,,-0.0455,0.1253,0.2549
1568372790564299,加速度计,0.5860,6.4949,5.6749,,,,,,,
1568372800582632,加速度计,0.8134,5.0123,6.7056,,,,,,,
1568372794330393,陀螺仪,,,,,,,,-0.0483,0.1237,0.1949
1568372810600965,加速度计,0.1047,6.1770,6.4254,,,,,,,
1568372820619299,加速度计,0.6057,5.1751,7.1287,,,,,,,
1568372814367059,陀螺仪,,,,,,,,-0.0296,0.1121,0.1589
1568372830637632,加速度计,1.2444,7.3915,6.0795,,,,,,,
1568372834403726,陀螺仪,,,,,,,,-0.0063,0.0900,0.0984
1568372840655965,加速度计,-0.3645,6.8301,6.0837,,,,,,,
1568372850674299,加速度计,0.8272,7.4238,5.0572,,,,,,,
1568372854440393,陀螺仪,,,,,,,,-0.0502,0.0574,0.0625
1568372860692632,加速度计,0.1718,5.5976,9.7187,,,,,,,
1568372870710965,加速度计,0.0970,8.3258,8.5156,,,,,,,
1568372880729299,加速度计,-0.5525,4.7531,11.3114,,,,,,,
1568372874477059,陀螺仪,,,,,,,,-0.0226,0.0493,0.0245
1568372890747632,加速度计,0.7129,8.2067,5.7227,,,,,,,
1568372900765965,加速度计,-0.9301,5.9861,6.3746,,,,,,,
1568372894513726,陀螺仪,,,,,,,,0.0647,0.0386,0.0088
1568372910784299,加速度计,0.9361,7.1593,6.2704,,,,,,,
1568372914550393,陀螺仪,,,,,,,,0.0391,-0.0063,-0.0425
1568372920802632,加速度计,0.1598,6.4326,7.6357,,,,,,,
1568372930820965,加速度计,0.3567,7.1760,4.4305,,,,,,,
1568372934587268,陀螺仪,,,,,,,,-0.0020,-0.0378,-0.0732
1568372940839559,加速度计,-0.0575,5.9616,4.1659,,,,,,,
1568372950858309,加速度计,0.8356,6.7971,7.2048,,,,,,,
1568372954624976,陀螺仪,,,,,,,,-0.0643,-0.0497,-0.0774
1568372960877320,加速度计,0.3627,6.2124,8.7987,,,,,,,
1568372970896486,加速度计,0.1927,7.8284,7.4567,,,,,,,
1568372980918518,加速度计,0.1251,6.1549,8.6850,,,,,,,
1568372974665601,陀螺仪,,,,,,,,-0.0358,-0.0245,-0.0571
1568372990949559,加速度计,0.8481,6.3829,6.5990,,,,,,,
1568373000957684,加速度计,0.1939,7.7835,7.2748,,,,,,,
1568372994706695,陀螺仪,,,,,,,,-0.0011,-0.0260,-0.0535
1568373010966434,加速度计,0.4675,7.5058,6.8791,,,,,,,
1568373020976018,加速度计,0.4046,6.2991,8.1439,,,,,,,
1568373014724820,陀螺仪,,,,,,,,-0.0321,-0.0485,-0.0397
1568373030986643,加速度计,1.1313,8.3199,5.7844,,,,,,,
1568373034747163,陀螺仪,,,,,,,,-0.0320,-0.0350,-0.0282
1568373040998726,加速度计,0.1981,6.8019,6.5236,,,,,,,
1568373051012476,加速度计,-0.2861,6.8929,7.4699,,,,,,,
1568373061027893,加速度计,0.2017,8.0463,5.7826,,,,,,,
1568373054775913,陀螺仪,,,,,,,,-0.0354,-0.0162,0.0047
1568373071045184,加速度计,0.5926,5.4935,8.4013,,,,,,,
1568373081064351,加速度计,0.0198,7.2413,6.4955,,,,,,,
1568373074811903,陀螺仪,,,,,,,,-0.0364,0.0009,0.0450
1568373091085184,加速度计,0.4543,5.6120,5.2822,,,,,,,
1568373101107684,加速度计,0.9882,7.0886,4.6801,,,,,,,
1568373094854820,陀螺仪,,,,,,,,-0.0174,0.0304,0.0917
1568373111131643,加速度计,-0.0455,7.0228,8.3115,,,,,,,
1568373121156643,加速度计,0.7518,6.6277,7.5322,,,,,,,
1568373114903518,陀螺仪,,,,,,,,-0.0305,0.0610,0.1384
1568373131182476,加速度计,0.8535,8.9543,5.9029,,,,,,,
1568373141208934,加速度计,0.0880,5.9675,7.6100,,,,,,,
1568373134955653,陀螺仪,,,,,,,,-0.0345,0.0961,0.1666
1568373151235601,加速度计,0.6542,7.1192,7.1545,,,,,,,
1568373155008361,陀螺仪,,,,,,,,-0.0411,0.1164,0.1764
1568373161261434,加速度计,-0.2855,6.8217,7.8099,,,,,,,
1568373171283309,加速度计,0.8308,7.6441,6.6990,,,,,,,
1568373181302059,加速度计,0.1053,7.0024,7.3562,,,,,,,
1568373175049768,陀螺仪,,,,,,,,-0.0201,0.1312,0.1820
1568373191320809,加速度计,0.3124,6.5050,5.4947,,,,,,,
1568373201339559,加速度计,1.2019,6.8911,7.7297,,,,,,,
1568373195087268,陀螺仪,,,,,,,,-0.0265,0.1189,0.1637
1568373211358309,加速度计,0.9116,7.1623,8.0852,,,,,,,
1568373215124768,陀螺仪,,,,,,,,0.0145,0.1182,0.1388
1568373221377059,加速度计,0.9098,5.5294,9.0698,,,,,,,
1568373231397059,加速度计,0.8062,9.3326,2.5684,,,,,,,
1568373235165445,陀螺仪,,,,,,,,0.0380,0.1063,0.0707
1568373241417215,加速度计,0.1251,6.4338,6.3177,,,,,,,
1568373251431799,加速度计,1.2414,7.1682,7.5268,,,,,,,
1568373261446382,加速度计,0.3699,8.0026,8.0876,,,,,,,
1568373255194611,陀螺仪,,,,,,,,0.0109,0.0727,0.0431
1568373271461226,加速度计,1.1277,8.0176,6.4823,,,,,,,
1568373275224611,陀螺仪,,,,,,,,0.0172,0.0722,-0.0067
1568373281476486,加速度计,1.0283,6.6266,5.6300,,,,,,,
1568373291492163,加速度计,-0.4268,6.8235,4.8183,,,,,,,
1568373295256486,陀螺仪,,,,,,,,-0.0170,0.0458,-0.0427
1568373301508518,加速度计,0.4687,6.8354,7.6620,,,,,,,
1568373311525705,加速度计,0.9158,6.9462,8.0134,,,,,,,
1568373315291486,陀螺仪,,,,,,,,0.0051,0.0344,-0.0362
1568373321543726,加速度计,1.4521,7.4795,5.5121,,,,,,,
1568373331562580,加速度计,1.4407,6.6487,3.9169,,,,,,,
1568373341582268,加速度计,0.8871,4.8830,8.0553,,,,,,,
1568373335329820,陀螺仪,,,,,,,,-0.0370,0.0284,-0.1065
1568373351602528,加速度计,0.5578,7.8105,8.8771,,,,,,,
1568373355370653,陀螺仪,,,,,,,,-0.0031,0.0290,-0.0840
1568373361623205,加速度计,1.0977,7.3873,7.3406,,,,,,,
1568373371644299,加速度计,2.3373,6.9899,6.1800,,,,,,,
1568373381665809,加速度计,1.3366,6.2339,6.5595,,,,,,,
1568373375413153,陀螺仪,,,,,,,,-0.0031,0.0249,-0.1328
1568373391687476,加速度计,0.5411,5.6024,9.9264,,,,,,,
1568373395456486,陀螺仪,,,,,,,,0.0312,0.0188,-0.1427
1568373401709143,加速度计,1.7196,8.8897,6.1100,,,,,,,
1568373411730809,加速度计,1.4198,6.4434,6.1657,,,,,,,
1568373415499820,陀螺仪,,,,,,,,-0.0115,-0.0132,-0.1932
1568373421752476,加速度计,1.3054,5.8425,6.9605,,,,,,,
1568373431773361,加速度计,0.7123,6.1830,8.9914,,,,,,,
1568373435540445,陀螺仪,,,,,,,,-0.0096,-0.0240,-0.2217
1568373441792736,加速度计,0.2436,7.4424,8.3061,,,,,,,
1568373451811486,加速度计,0.4280,6.2249,7.5208,,,,,,,
1568373461830236,加速度计,0.6907,6.1046,5.4181,,,,,,,
1568373455577945,陀螺仪,,,,,,,,0.0376,-0.0261,-0.2200
1568373471848986,加速度计,0.8505,6.4278,3.4052,,,,,,,
1568373481871903,加速度计,-0.1203,6.8163,8.4234,,,,,,,
1568373475618778,陀螺仪,,,,,,,,-0.0290,-0.0754,-0.2593
1568373491896747,加速度计,-0.1826,7.3586,10.5836,,,,,,,
1568373495641382,陀螺仪,,,,,,,,0.0079,-0.0642,-0.2129
1568373501890601,加速度计,1.1414,7.6519,7.0485,,,,,,,
1568373511885809,加速度计,1.0325,6.3135,4.6448,,,,,,,
1568373515633465,陀螺仪,,,,,,,,-0.0177,-0.0734,-0.2075
1568373521883205,加速度计,-0.1018,6.6828,4.6328,,,,,,,
1568373531883622,加速度计,0.0700,7.6824,8.3528,,,,,,,
1568373535637007,陀螺仪,,,,,,,,-0.0507,-0.0691,-0.1583
1568373541887632,加速度计,0.0940,8.5329,10.9648,,,,,,,
1568373551895653,加速度计,-0.8074,7.3167,8.0517,,,,,,,
1568373555656382,陀螺仪,,,,,,,,0.0256,-0.0338,-0.0814
1568373561908101,加速度计,1.3108,6.2106,4.9261,,,,,,,
1568373571925132,加速度计,0.9726,7.1557,4.4502,,,,,,,
1568373575693674,陀螺仪,,,,,,,,-0.0053,-0.0341,-0.0734
1568373581946486,加速度计,-1.0104,6.9653,5.9885,,,,,,,
1568373591972007,加速度计,-0.4986,7.7961,5.2978,,,,,,,
1568373602001174,加速度计,-0.1454,6.7463,6.8079,,,,,,,
1568373595747424,陀螺仪,,,,,,,,-0.0236,-0.0225,-0.0148
1568373612033413,加速度计,-0.1592,7.1383,7.9493,,,,,,,
1568373622069611,加速度计,-0.7392,7.0491,8.2468,,,,,,,
1568373615814924,陀螺仪,,,,,,,,-0.0294,0.0004,0.0590
1568373635620690,GPS,,,,31.9423,118.7857,3.6400,82.5000,,,
1568373632132007,加速度计,-0.9188,8.2169,5.4085,,,,,,,
1568373635917736,陀螺仪,,,,,,,,-0.0041,0.0401,0.1394
1568373642170028,加速度计,0.0784,5.9915,6.8821,,,,,,,
1568373652188778,加速度计,-0.5794,6.8061,6.3099,,,,,,,
1568373655955236,陀螺仪,,,,,,,,0.0016,0.0696,0.1924
1568373662207528,加速度计,0.2951,6.8678,6.5547,,,,,,,
1568373672226278,加速度计,0.7697,7.4675,6.7768,,,,,,,
1568373675992736,陀螺仪,,,,,,,,-0.0008,0.0913,0.1960
1568373682245028,加速度计,-0.8086,7.2760,9.6630,,,,,,,
1568373692263778,加速度计,0.2502,7.0144,6.6038,,,,,,,
1568373702282528,加速度计,0.7129,7.0024,4.2132,,,,,,,
1568373696030236,陀螺仪,,,,,,,,0.0249,0.0860,0.1886
1568373712301278,加速度计,-0.0682,6.6738,5.5557,,,,,,,
1568373716067736,陀螺仪,,,,,,,,-0.0292,0.0629,0.1249
1568373722320028,加速度计,0.6518,6.2812,8.9830,,,,,,,
1568373732341903,加速度计,0.3466,6.7756,8.5030,,,,,,,
1568373736110288,陀螺仪,,,,,,,,0.0503,0.0644,0.0743
1568373742361278,加速度计,0.9990,8.0248,4.4867,,,,,,,
1568373752369924,加速度计,-0.0024,7.3867,4.5993,,,,,,,
1568373756127893,陀螺仪,,,,,,,,-0.0141,0.0145,-0.0142
1568373762378986,加速度计,0.7057,6.4500,8.2127,,,,,,,
1568373772388778,加速度计,0.1658,7.4196,9.4152,,,,,,,
1568373776148361,陀螺仪,,,,,,,,0.0129,-0.0210,-0.0451
1568373782399715,加速度计,-0.8176,7.2083,6.1705,,,,,,,
1568373792412215,加速度计,0.2430,7.0563,5.2343,,,,,,,
1568373796174611,陀螺仪,,,,,,,,-0.0099,-0.0598,-0.0904
1568373802426382,加速度计,0.2412,7.3514,5.3630,,,,,,,
1568373812442215,加速度计,-0.1939,6.5380,7.0838,,,,,,,
1568373816207788,陀螺仪,,,,,,,,-0.0434,-0.0923,-0.1085
1568373822460028,加速度计,0.2813,7.6291,9.2524,,,,,,,
1568373832479611,加速度计,-0.0311,6.1908,8.8238,,,,,,,
1568373842500861,加速度计,0.9260,7.1605,4.1958,,,,,,,
1568373836248205,陀螺仪,,,,,,,,-0.0004,-0.0708,-0.0886
1568373852523778,加速度计,0.1532,6.5326,8.8885,,,,,,,
1568373856295028,陀螺仪,,,,,,,,-0.0161,-0.0836,-0.0702
1568373862548049,加速度计,-0.1909,5.8640,8.2456,,,,,,,
1568373872573257,加速度计,0.1778,7.3095,5.4719,,,,,,,
1568373876346070,陀螺仪,,,,,,,,0.0095,-0.0575,-0.0218
1568373882599299,加速度计,-0.1413,7.5609,5.9388,,,,,,,
1568373892625861,加速度计,0.2400,5.9352,9.3757,,,,,,,
1568373896399247,陀螺仪,,,,,,,,0.0031,-0.0198,0.0554
1568373902652528,加速度计,-0.7775,7.6345,7.3179,,,,,,,
1568373912677945,加速度计,0.6357,7.6225,5.9921,,,,,,,
1568373916446226,陀螺仪,,,,,,,,-0.0064,0.0193,0.1425
1568373922698570,加速度计,0.7045,6.3339,6.1393,,,,,,,
1568373932717424,加速度计,-0.3047,5.8209,7.0449,,,,,,,
1568373936483882,陀螺仪,,,,,,,,-0.0081,0.0770,0.2129
1568373942736174,加速度计,-0.0862,7.4531,6.5745,,,,,,,
1568373952754924,加速度计,-0.0958,6.8001,8.4192,,,,,,,
1568373956521382,陀螺仪,,,,,,,,-0.0084,0.1190,0.2818
1568373962773674,加速度计,0.2616,6.9426,7.4909,,,,,,,
1568373972792424,加速度计,-0.2161,6.9725,7.3269,,,,,,,
1568373976560445,陀螺仪,,,,,,,,0.0137,0.1674,0.3159
1568373982813049,加速度计,0.3771,7.1545,6.4141,,,,,,,
1568373992832268,加速度计,-0.0389,7.1575,6.6625,,,,,,,
1568373996592893,陀螺仪,,,,,,,,0.0093,0.1989,0.3222
1568374002844351,加速度计,-0.1275,7.2185,8.0014,,,,,,,
1568374012856747,加速度计,0.1712,6.8744,9.4511,,,,,,,
1568374022869559,加速度计,0.1443,7.3059,8.1558,,,,,,,
1568374016617997,陀螺仪,,,,,,,,0.0344,0.2043,0.3189
1568374032883101,加速度计,0.3166,7.2628,4.9063,,,,,,,
1568374036645705,陀螺仪,,,,,,,,0.0495,0.2025,0.2555
1568374042897476,加速度计,0.6315,6.7876,6.3883,,,,,,,
1568374052912997,加速度计,-0.1443,6.6882,8.2821,,,,,,,
1568374056677684,陀螺仪,,,,,,,,0.0348,0.1687,0.2001
1568374062929768,加速度计,0.5040,7.6237,7.0826,,,,,,,
1568374072947788,加速度计,1.1241,7.6704,4.2731,,,,,,,
1568374076714663,陀螺仪,,,,,,,,0.0421,0.1679,0.1111
1568374082967059,加速度计,0.6213,6.5027,4.7938,,,,,,,
1568374092987580,加速度计,0.3071,6.3117,8.0595,,,,,,,
1568374103009038,加速度计,0.2538,6.7038,9.0836,,,,,,,
1568374096756382,陀螺仪,,,,,,,,-0.0092,0.1158,0.0477
1568374113031330,加速度计,0.7422,7.5405,6.8384,,,,,,,
1568374123054455,加速度计,0.8757,7.4717,5.5240,,,,,,,
1568374116801590,陀螺仪,,,,,,,,0.0493,0.1095,0.0007
1568374133078101,加速度计,0.8703,6.0603,5.4869,,,,,,,
1568374136849195,陀螺仪,,,,,,,,0.0127,0.0692,-0.0712
1568374143102163,加速度计,0.6788,6.5170,5.9005,,,,,,,
1568374153126330,加速度计,0.8248,7.5854,5.1960,,,,,,,
1568374156897268,陀螺仪,,,,,,,,-0.0376,0.0288,-0.1148
1568374163150184,加速度计,0.7015,6.0681,9.6684,,,,,,,
1568374173170184,加速度计,0.5507,6.8486,9.4188,,,,,,,
1568374176936643,陀螺仪,,,,,,,,0.0475,0.0337,-0.1437
1568374183188934,加速度计,1.5981,7.0850,7.2257,,,,,,,
1568374193207684,加速度计,1.2599,6.9599,6.0603,,,,,,,
1568374196974143,陀螺仪,,,,,,,,0.0471,-0.0081,-0.2164
1568374203226434,加速度计,1.0558,6.9558,5.4079,,,,,,,
1568374213245184,加速度计,0.5842,6.7558,6.6349,,,,,,,
1568374217011643,陀螺仪,,,,,,,,0.0208,-0.0535,-0.2782
1568374223263934,加速度计,0.8104,7.6351,6.3057,,,,,,,
1568374233282997,加速度计,0.1425,7.6998,8.8981,,,,,,,
1568374237050497,陀螺仪,,,,,,,,0.0025,-0.1168,-0.3304
1568374243302736,加速度计,0.5860,6.7211,8.5946,,,,,,,
1568374253321070,加速度计,0.4806,7.4394,6.1393,,,,,,,
1568374257087163,陀螺仪,,,,,,,,0.0249,-0.1718,-0.3863
1568374263339403,加速度计,-0.2783,6.4123,7.3598,,,,,,,
1568374273357736,加速度计,1.1402,7.7381,6.8103,,,,,,,
1568374277123830,陀螺仪,,,,,,,,0.0233,-0.2212,-0.4089
1568374283376070,加速度计,1.1474,6.8953,6.6744,,,,,,,
1568374293394403,加速度计,-0.1802,8.4144,5.8077,,,,,,,
1568374297160497,陀螺仪,,,,,,,,-0.0189,-0.2289,-0.3947
1568374303412736,加速度计,0.0617,5.9292,7.9966,,,,,,,
1568374313431070,加速度计,0.9044,7.7913,5.8574,,,,,,,
1568374317197163,陀螺仪,,,,,,,,-0.0186,-0.2085,-0.3005
1568374323449403,加速度计,0.0192,6.4865,6.1986,,,,,,,
1568374333467736,加速度计,1.1845,6.2956,8.1936,,,,,,,
1568374337233830,陀螺仪,,,,,,,,-0.0141,-0.1842,-0.2341
1568374343486070,加速度计,-0.1909,6.5457,7.0174,,,,,,,
1568374353504403,加速度计,0.0611,8.6550,6.0298,,,,,,,
1568374357270497,陀螺仪,,,,,,,,0.0012,-0.1686,-0.1405
1568374363522736,加速度计,0.5908,6.1746,9.1698,,,,,,,
1568374373541070,加速度计,1.6520,7.6417,5.9071,,,,,,,
1568374377307163,陀螺仪,,,,,,,,0.0148,-0.1354,-0.0815
1568374383559403,加速度计,0.3382,5.8724,7.0617,,,,,,,
1568374393577736,加速度计,0.2023,6.8175,5.4193,,,,,,,
1568374397343830,陀螺仪,,,,,,,,0.0229,-0.1131,-0.0417
1568374403596070,加速度计,0.4788,6.1208,6.4799,,,,,,,
1568374413614403,加速度计,0.8906,6.4177,6.9061,,,,,,,
1568374417380497,陀螺仪,,,,,,,,0.0193,-0.0965,-0.0140
1568374423632736,加速度计,-0.8571,7.8536,7.4639,,,,,,,
1568374433651382,加速度计,0.5944,7.5387,6.3907,,,,,,,
1568374443670132,加速度计,0.6249,6.9324,4.7902,,,,,,,
1568374437417840,陀螺仪,,,,,,,,0.0137,-0.0827,0.0237
1568374453688882,加速度计,0.0198,6.5625,7.2568,,,,,,,
1568374457455601,陀螺仪,,,,,,,,-0.0360,-0.0786,0.0462
1568374463707945,加速度计,-0.4322,6.8678,9.9695,,,,,,,
1568374473727111,加速度计,0.5195,7.2101,8.0188,,,,,,,
1568374477496799,陀螺仪,,,,,,,,0.0253,-0.0503,0.0929
1568374483752215,加速度计,0.4663,6.7690,6.4159,,,,,,,
1568374493774768,加速度计,0.0036,7.2251,5.3385,,,,,,,
1568374503792684,加速度计,-0.2526,7.3999,5.9221,,,,,,,
1568374497540497,陀螺仪,,,,,,,,0.0020,-0.0344,0.1036
1568374513810601,加速度计,-0.2364,7.8943,7.4322,,,,,,,
1568374517576330,陀螺仪,,,,,,,,-0.0206,-0.0138,0.1477
1568374523828518,加速度计,-0.6686,8.1080,7.8350,,,,,,,
1568374533846434,加速度计,0.3609,6.2273,8.5808,,,,,,,
1568374537612163,陀螺仪,,,,,,,,-0.0127,0.0049,0.1916
1568374543864351,加速度计,-0.5584,6.7229,4.6017,,,,,,,
1568374553882268,加速度计,0.2131,7.4286,4.9267,,,,,,,
1568374563900184,加速度计,-0.0634,5.6928,9.6660,,,,,,,
1568374557647997,陀螺仪,,,,,,,,-0.0569,0.0023,0.2047
1568374573918101,加速度计,-1.3970,6.7666,8.0487,,,,,,,
1568374583936018,加速度计,0.6434,7.8410,6.6679,,,,,,,
1568374577683830,陀螺仪,,,,,,,,0.0081,0.0330,0.2557
1568374593953934,加速度计,1.1438,6.5003,7.4915,,,,,,,
1568374603972215,加速度计,0.4160,6.7235,5.9376,,,,,,,
1568374597719976,陀螺仪,,,,,,,,0.0075,0.0494,0.2485
1568374613990913,加速度计,-0.7320,7.5812,6.3057,,,,,,,
1568374624010028,加速度计,0.7320,6.0160,6.7708,,,,,,,
1568374617757684,陀螺仪,,,,,,,,-0.0137,0.0495,0.2240
1568374644039388,GPS,,,,31.9423,118.7857,3.2400,79.5000,,,
1568374634055028,加速度计,1.0672,5.6018,7.4298,,,,,,,
1568374637799090,陀螺仪,,,,,,,,-0.0067,0.0640,0.2144
1568374644048257,加速度计,0.2322,6.8821,2.8078,,,,,,,
1568374654042632,加速度计,0.6770,5.3510,7.2323,,,,,,,
1568374657789299,陀螺仪,,,,,,,,-0.0551,0.0487,0.1687
1568374664038986,加速度计,0.1772,6.9971,12.4666,,,,,,,
1568374674038153,加速度计,0.0521,7.3915,8.3432,,,,,,,
1568374684040965,加速度计,1.6071,7.7321,4.7962,,,,,,,
1568374677790340,陀螺仪,,,,,,,,0.0546,0.0695,0.1925
1568374694047945,加速度计,0.5165,6.2806,7.1156,,,,,,,
1568374697807528,陀螺仪,,,,,,,,0.0165,0.0458,0.1190
1568374704059247,加速度计,-0.3424,6.4512,8.5653,,,,,,,
1568374714075132,加速度计,-0.0251,7.6824,6.4033,,,,,,,
1568374717842736,陀螺仪,,,,,,,,0.0578,0.0294,0.1184
1568374724095601,加速度计,0.8296,8.7598,1.7927,,,,,,,
1568374734124143,加速度计,0.1694,5.6425,7.5172,,,,,,,
1568374737926799,陀螺仪,,,,,,,,-0.0453,0.0004,0.0710
1568374744184299,加速度计,-0.3334,6.9935,10.2580,,,,,,,
1568374754245080,加速度计,-0.1484,8.7101,9.6618,,,,,,,
1568374758028361,陀螺仪,,,,,,,,0.0474,0.0184,0.1224
1568374764282580,加速度计,0.6907,7.6752,5.5049,,,,,,,
1568374774303257,加速度计,1.0385,6.2076,3.0783,,,,,,,
1568374784322007,加速度计,0.3005,7.0731,3.9582,,,,,,,
1568374778069715,陀螺仪,,,,,,,,-0.0117,0.0124,0.0908
1568374794340757,加速度计,-0.9331,7.1581,8.7454,,,,,,,
1568374804359507,加速度计,0.1317,7.4765,9.6696,,,,,,,
1568374798107215,陀螺仪,,,,,,,,-0.0256,0.0136,0.1310
1568374814378257,加速度计,1.0702,7.3334,6.4560,,,,,,,
1568374824397007,加速度计,0.5914,6.3937,3.5362,,,,,,,
1568374818144715,陀螺仪,,,,,,,,0.0065,0.0503,0.1759
1568374834415757,加速度计,0.9954,7.0892,6.3153,,,,,,,
1568374844434507,加速度计,-0.3202,6.1046,10.5776,,,,,,,
1568374838182215,陀螺仪,,,,,,,,-0.0522,0.0450,0.1683
1568374854453257,加速度计,0.5201,7.8745,7.2443,,,,,,,
1568374864472007,加速度计,0.3765,6.7702,5.2433,,,,,,,
1568374858219715,陀螺仪,,,,,,,,0.0142,0.0803,0.2133
1568374874490757,加速度计,0.5626,6.5853,6.3369,,,,,,,
1568374878257215,陀螺仪,,,,,,,,-0.0281,0.0779,0.1972
1568374884509507,加速度计,-0.2197,5.6036,9.4882,,,,,,,
1568374894528257,加速度计,-0.2179,7.8787,9.0656,,,,,,,
1568374904547007,加速度计,-0.4567,8.0242,6.0567,,,,,,,
1568374898294715,陀螺仪,,,,,,,,0.0530,0.0975,0.2121
1568374914565757,加速度计,0.4555,6.5404,8.3061,,,,,,,
1568374924584507,加速度计,0.4070,8.0008,3.1125,,,,,,,
1568374918332215,陀螺仪,,,,,,,,0.0352,0.0891,0.2097
1568374934603257,加速度计,-0.9373,6.7062,4.2659,,,,,,,
1568374938369715,陀螺仪,,,,,,,,-0.0430,0.0802,0.1905
1568374944622007,加速度计,0.4160,6.3195,7.5753,,,,,,,
1568374954640757,加速度计,0.1407,7.2790,7.9889,,,,,,,
1568374964659507,加速度计,-0.0982,8.3384,9.3434,,,,,,,
1568374958407215,陀螺仪,,,,,,,,-0.0462,0.0977,0.2067
1568374974678257,加速度计,-0.1574,6.4991,9.4451,,,,,,,
1568374978445965,陀螺仪,,,,,,,,0.0220,0.1258,0.2262
1568374984699559,加速度计,0.5082,6.9659,6.0944,,,,,,,
1568374994719247,加速度计,0.7278,7.4388,1.0193,,,,,,,
1568375004735913,加速度计,0.6967,6.7229,3.1765,,,,,,,
1568374998483882,陀螺仪,,,,,,,,-0.0141,0.1164,0.1913
1568375014752580,加速度计,0.1879,6.3859,8.5078,,,,,,,
1568375018517215,陀螺仪,,,,,,,,-0.0955,0.1112,0.1752
1568375024769247,加速度计,-0.2777,6.4218,11.5221,,,,,,,
1568375034785913,加速度计,0.5842,7.7476,11.8896,,,,,,,
1568375038550861,陀螺仪,,,,,,,,0.0449,0.1465,0.2111
1568375044802945,加速度计,0.2568,8.0487,9.2871,,,,,,,
1568375054820393,加速度计,0.3178,6.6086,4.4556,,,,,,,
1568375064838257,加速度计,1.5616,6.6990,1.6185,,,,,,,
1568375058586070,陀螺仪,,,,,,,,0.1031,0.1399,0.1569
1568375074856538,加速度计,0.6399,6.8217,4.3814,,,,,,,
1568375078622945,陀螺仪,,,,,,,,-0.0136,0.1091,0.1013
1568375084875236,加速度计,-0.4705,6.1962,7.6902,,,,,,,
1568375094894351,加速度计,0.2071,6.9761,6.8271,,,,,,,
1568375098661486,陀螺仪,,,,,,,,0.0079,0.1055,0.1025
1568375104913882,加速度计,0.1939,6.9564,4.6364,,,,,,,
1568375114933830,加速度计,-0.1221,6.2806,4.1420,,,,,,,
1568375124954195,加速度计,-0.5650,6.8073,13.0280,,,,,,,
1568375118701695,陀螺仪,,,,,,,,-0.0652,0.0491,0.0288
1568375134974611,加速度计,-0.6925,8.1433,13.4895,,,,,,,
1568375138742528,陀螺仪,,,,,,,,0.0603,0.0437,0.0322
1568375144995028,加速度计,-0.0054,8.2648,8.5832,,,,,,,
1568375155015445,加速度计,-0.4561,6.9258,3.7062,,,,,,,
1568375165035861,加速度计,0.5213,4.7309,5.0709,,,,,,,
1568375158783361,陀螺仪,,,,,,,,0.0627,0.0097,-0.0226
1568375175056278,加速度计,0.6393,6.1363,10.2208,,,,,,,
1568375185076695,加速度计,-0.2562,7.7596,9.1423,,,,,,,
1568375178824195,陀螺仪,,,,,,,,0.0434,-0.0185,-0.0129
1568375195096747,加速度计,1.7729,6.1800,5.5671,,,,,,,
1568375198863674,陀螺仪,,,,,,,,0.1037,0.0040,-0.0009
1568375205116018,加速度计,0.9667,7.4101,1.1803,,,,,,,
1568375215134820,加速度计,-0.0706,7.3969,6.2130,,,,,,,
1568375218901278,陀螺仪,,,,,,,,-0.0345,-0.0085,-0.0089
1568375225153570,加速度计,-0.1287,6.6834,10.8218,,,,,,,
1568375235185653,加速度计,0.1407,7.5070,8.7239,,,,,,,
1568375238944351,陀螺仪,,,,,,,,0.0210,0.0123,0.0819
1568375245194143,加速度计,1.1163,5.5474,5.4414,,,,,,,
1568375255193257,加速度计,0.5399,5.2331,6.3285,,,,,,,
1568375258943518,陀螺仪,,,,,,,,0.0463,0.0372,0.0691
1568375265193518,加速度计,0.2711,7.1916,7.8799,,,,,,,
1568375275195757,加速度计,0.6171,9.4966,10.4279,,,,,,,
1568375278949872,陀螺仪,,,,,,,,0.0763,0.0320,0.1013
1568375285200445,加速度计,0.9242,8.4737,7.4124,,,,,,,
1568375295207997,加速度计,0.8739,7.3532,2.7749,,,,,,,
1568375298967476,陀螺仪,,,,,,,,0.0413,0.0609,0.0566
1568375305218830,加速度计,0.6135,6.5044,3.1855,,,,,,,
1568375315233361,加速度计,0.3448,6.0430,6.7271,,,,,,,
1568375318999351,陀螺仪,,,,,,,,-0.0288,0.0591,0.1121
1568375325251643,加速度计,0.8056,6.7528,7.5184,,,,,,,
1568375335273309,加速度计,1.3671,7.0222,7.7464,,,,,,,
1568375345298309,加速度计,1.2905,6.0208,7.1976,,,,,,,
1568375339045184,陀螺仪,,,,,,,,0.0029,0.0714,0.0991
1568375355326278,加速度计,0.5698,7.5363,6.3063,,,,,,,
1568375365356799,加速度计,-0.1502,6.5960,6.8295,,,,,,,
1568375359102997,陀螺仪,,,,,,,,0.0494,0.1071,0.0752
1568375375389090,加速度计,1.0415,9.2596,4.1420,,,,,,,
1568375379168518,陀螺仪,,,,,,,,-0.0136,0.0870,0.0917
1568375385422684,加速度计,0.8499,6.8121,7.2299,,,,,,,
1568375395456799,加速度计,0.4555,8.1792,7.8566,,,,,,,
1568375399236747,陀螺仪,,,,,,,,-0.0550,0.1055,0.0811
1568375405490965,加速度计,0.7386,7.6800,10.5273,,,,,,,
1568375415512736,加速度计,0.2089,6.6152,7.5998,,,,,,,
1568375425531643,加速度计,0.7177,6.4278,4.9799,,,,,,,
1568375419279351,陀螺仪,,,,,,,,-0.0117,0.1184,0.0927
1568375435550393,加速度计,0.4232,6.5793,7.7405,,,,,,,
1568375445569143,加速度计,0.2460,6.5841,8.2127,,,,,,,
1568375439316851,陀螺仪,,,,,,,,-0.0192,0.0802,0.0851
1568375455587893,加速度计,0.9224,7.8398,6.2722,,,,,,,
1568375459354351,陀螺仪,,,,,,,,0.0111,0.0806,0.0599
1568375465606643,加速度计,0.6973,6.9276,5.7928,,,,,,,
1568375475625393,加速度计,0.2280,6.6529,7.7830,,,,,,,
1568375479395445,陀螺仪,,,,,,,,0.0057,0.0775,0.0433
1568375485649820,加速度计,-0.2855,6.2147,9.3709,,,,,,,
1568375495663986,加速度计,0.8302,7.7824,6.0920,,,,,,,
1568375499426434,陀螺仪,,,,,,,,0.0505,0.0726,0.0718
1568375505678153,加速度计,0.2658,6.4823,6.4991,,,,,,,
1568375515692320,加速度计,1.0157,7.9835,6.1717,,,,,,,
1568375519455132,陀螺仪,,,,,,,,0.0021,0.0634,0.0442
1568375525706903,加速度计,0.7596,7.6441,4.9458,,,,,,,
1568375535721903,加速度计,-0.1215,5.5348,4.9895,,,,,,,
1568375539485809,陀螺仪,,,,,,,,-0.0479,0.0724,0.0499
1568375545737736,加速度计,0.0233,5.2888,6.3267,,,,,,,
1568375555754403,加速度计,0.8487,6.0998,8.2762,,,,,,,
1568375559519768,陀螺仪,,,,,,,,-0.0285,0.0823,0.0983
1568375565771903,加速度计,0.7793,7.2042,8.0050,,,,,,,
1568375575790236,加速度计,1.0451,6.8678,7.2143,,,,,,,
1568375579557059,陀螺仪,,,,,,,,0.0101,0.0955,0.0746
1568375585809403,加速度计,0.8416,5.6132,7.9063,,,,,,,
1568375595829403,加速度计,0.6303,6.8193,6.5134,,,,,,,
1568375599597684,陀螺仪,,,,,,,,0.0553,0.1145,0.0766
1568375605850236,加速度计,1.2516,7.5866,5.0805,,,,,,,
1568375615871486,加速度计,1.3617,7.0168,7.1419,,,,,,,
1568375619640497,陀螺仪,,,,,,,,-0.0056,0.0917,0.0414
1568375625893153,加速度计,-0.1335,6.2142,11.4634,,,,,,,
1568375639090689,GPS,,,,31.9423,118.7857,4.3600,77.6000,,,
1568375635925497,加速度计,0.7751,7.5759,9.2290,,,,,,,
1568375639695393,陀螺仪,,,,,,,,0.0965,0.1043,0.0341
1568375645947684,加速度计,1.5646,8.0577,4.2527,,,,,,,
1568375655966434,加速度计,0.3938,6.4763,3.3920,,,,,,,
1568375659732893,陀螺仪,,,,,,,,-0.0166,0.0542,-0.0352
1568375665985184,加速度计,0.3915,5.1517,9.0124,,,,,,,
1568375676003934,加速度计,-0.3950,7.6381,8.4545,,,,,,,
1568375679770393,陀螺仪,,,,,,,,0.0157,0.0514,-0.0076
1568375686022684,加速度计,1.1402,6.7576,7.3903,,,,,,,
1568375696041434,加速度计,1.3593,7.0838,4.6400,,,,,,,
1568375699807893,陀螺仪,,,,,,,,-0.0012,0.0498,-0.0505
1568375706060184,加速度计,0.7763,6.4625,7.7315,,,,,,,
1568375716078934,加速度计,0.1951,7.6626,9.2231,,,,,,,
1568375719845393,陀螺仪,,,,,,,,0.0226,0.0554,-0.0209
1568375726097684,加速度计,1.5790,7.7865,6.9785,,,,,,,
1568375736120809,加速度计,1.4240,8.3576,3.1274,,,,,,,
1568375746136643,加速度计,0.8416,5.9155,7.6806,,,,,,,
1568375739884715,陀螺仪,,,,,,,,-0.0357,0.0574,-0.0513
1568375756152476,加速度计,0.0964,6.9288,9.9150,,,,,,,
1568375759916382,陀螺仪,,,,,,,,-0.0364,0.0639,-0.0174
1568375766168309,加速度计,0.6117,7.4615,7.0976,,,,,,,
1568375776184143,加速度计,1.0199,5.6413,6.9420,,,,,,,
1568375779948413,陀螺仪,,,,,,,,-0.0238,0.0652,-0.0186
1568375786200393,加速度计,-0.5249,5.5755,9.6163,,,,,,,
1568375796217059,加速度计,0.7739,6.4368,5.8209,,,,,,,
1568375799982059,陀螺仪,,,,,,,,0.0547,0.0794,-0.0136
1568375806234143,加速度计,0.3735,7.8763,1.8896,,,,,,,
1568375816251643,加速度计,-1.6245,6.1148,5.8478,,,,,,,
1568375820017372,陀螺仪,,,,,,,,-0.0365,0.0445,0.0047
1568375826269559,加速度计,0.9840,6.7433,9.1405,,,,,,,
1568375836287893,加速度计,-0.1305,8.8202,9.8084,,,,,,,
1568375840054351,陀螺仪,,,,,,,,-0.0198,0.0300,0.0157
1568375846306643,加速度计,-1.0906,6.9432,14.4352,,,,,,,
1568375856325809,加速度计,0.4160,7.1371,9.3458,,,,,,,
1568375860092997,陀螺仪,,,,,,,,0.1660,0.0627,0.0346
1568375866345393,加速度计,0.4938,7.3616,3.9301,,,,,,,
1568375876365393,加速度计,0.3220,7.1377,1.3928,,,,,,,
1568375880133309,陀螺仪,,,,,,,,0.0750,0.0364,-0.0210
1568375886385809,加速度计,-0.6638,6.9971,2.3810,,,,,,,
1568375896406643,加速度计,-0.5489,6.9743,8.0266,,,,,,,
1568375900175288,陀螺仪,,,,,,,,-0.0354,0.0178,0.0349
1568375906427893,加速度计,-0.8122,7.7057,10.5249,,,,,,,
1568375916449143,加速度计,0.4256,7.1180,5.6431,,,,,,,
1568375920217788,陀螺仪,,,,,,,,0.0723,0.0630,0.1023
1568375926470393,加速度计,1.1839,6.5888,3.8960,,,,,,,
1568375936491643,加速度计,0.3603,7.1545,5.7108,,,,,,,
1568375946512893,加速度计,1.3815,7.6800,8.4156,,,,,,,
1568375940260288,陀螺仪,,,,,,,,0.0104,0.0567,0.0899
1568375956533726,加速度计,1.0959,8.3127,5.7551,,,,,,,
1568375966552893,加速度计,0.4357,6.6846,5.3528,,,,,,,
1568375960300549,陀螺仪,,,,,,,,0.0308,0.1029,0.0965
1568375976571643,加速度计,0.9469,6.4620,6.5625,,,,,,,
1568375980351799,陀螺仪,,,,,,,,-0.0020,0.0921,0.0574
1568375986611747,加速度计,-0.1197,7.0461,8.7131,,,,,,,
1568375996609663,加速度计,0.4244,8.3833,7.2209,,,,,,,
1568376000358622,陀螺仪,,,,,,,,0.0245,0.0674,0.0418
1568376006608413,加速度计,0.1095,6.1184,8.5970,,,,,,,
1568376016608413,加速度计,1.0546,6.7349,6.4554,,,,,,,
1568376020360288,陀螺仪,,,,,,,,0.0613,0.0674,-0.0000
1568376026610497,加速度计,0.9924,6.4177,6.2602,,,,,,,
1568376036615080,加速度计,1.0116,8.0074,6.5847,,,,,,,
1568376040372059,陀螺仪,,,,,,,,0.0354,0.0546,-0.0281
1568376046622997,加速度计,0.9798,5.7952,8.3246,,,,,,,
1568376056634247,加速度计,0.3424,7.6668,7.1377,,,,,,,
1568376066649247,加速度计,0.1508,6.9174,6.8181,,,,,,,
1568376060397424,陀螺仪,,,,,,,,0.0704,0.0891,-0.0213
1568376076667997,加速度计,1.0780,8.0804,2.6510,,,,,,,
1568376086690080,加速度计,0.1359,7.1635,3.3291,,,,,,,
1568376080437372,陀螺仪,,,,,,,,-0.0064,0.0827,-0.0254
1568376096715497,加速度计,-0.6913,7.5160,6.8211,,,,,,,
1568376100490340,陀螺仪,,,,,,,,-0.1547,0.0613,0.0212
1568376106743830,加速度计,-0.3639,5.6731,12.0494,,,,,,,
1568376116774663,加速度计,0.4262,7.1228,10.8721,,,,,,,
1568376126807163,加速度计,0.5686,5.2732,8.0176,,,,,,,
1568376120553153,陀螺仪,,,,,,,,-0.0158,0.1431,0.1140
1568376136840913,加速度计,1.5544,6.3422,5.5761,,,,,,,
1568376140620861,陀螺仪,,,,,,,,0.0111,0.1378,0.0808
1568376146875080,加速度计,0.0108,7.6375,4.2671,,,,,,,
1568376156909247,加速度计,-0.8344,6.7163,9.5666,,,,,,,
1568376160678257,陀螺仪,,,,,,,,-0.0004,0.1413,0.0854
1568376166930913,加速度计,-0.8691,7.8859,10.1801,,,,,,,
1568376176950080,加速度计,1.1720,6.6601,7.0108,,,,,,,
1568376180716538,陀螺仪,,,,,,,,0.0387,0.1443,0.1139
1568376186968830,加速度计,-0.1748,6.8887,3.5279,,,,,,,
1568376196987580,加速度计,-1.0936,6.6313,8.7418,,,,,,,
1568376207006330,加速度计,0.5195,7.0934,9.0076,,,,,,,
1568376200754038,陀螺仪,,,,,,,,-0.0003,0.1214,0.0806
1568376217025080,加速度计,0.5357,7.3676,6.0059,,,,,,,
1568376227043830,加速度计,0.1377,6.3638,5.3199,,,,,,,
1568376220791538,陀螺仪,,,,,,,,0.0395,0.1282,0.0606
1568376237069299,加速度计,1.1857,6.1220,6.7576,,,,,,,
1568376240830288,陀螺仪,,,,,,,,0.0013,0.1072,0.0108
1568376247081799,加速度计,0.2861,7.1216,6.9803,,,,,,,
1568376257094351,加速度计,0.6345,8.1924,6.5170,,,,,,,
1568376260855705,陀螺仪,,,,,,,,-0.0133,0.0925,-0.0296
1568376267107320,加速度计,0.6758,6.3434,8.3318,,,,,,,
1568376277120757,加速度计,1.4467,6.2710,8.6203,,,,,,,
1568376280883205,陀螺仪,,,,,,,,0.0128,0.0832,-0.0719
1568376287135028,加速度计,1.3928,7.2868,5.7634,,,,,,,
1568376297150132,加速度计,1.1546,6.9635,7.6998,,,,,,,
1568376300914038,陀螺仪,,,,,,,,0.0197,0.0621,-0.1426
1568376307166122,加速度计,1.1055,6.3973,8.1672,,,,,,,
1568376317183361,加速度计,1.4617,6.1088,4.5681,,,,,,,
1568376320949455,陀螺仪,,,,,,,,0.0521,0.0383,-0.1894
1568376327201851,加速度计,1.3036,5.8742,4.3850,,,,,,,
1568376337221538,加速度计,0.8314,6.7331,4.5238,,,,,,,
1568376340989455,陀螺仪,,,,,,,,0.0011,0.0005,-0.2394
1568376347242059,加速度计,0.5908,7.3418,8.4581,,,,,,,
1568376357263413,加速度计,1.1642,8.2678,11.3485,,,,,,,
1568376361032788,陀螺仪,,,,,,,,0.0305,-0.0348,-0.2373
1568376367285601,加速度计,1.3408,7.5818,9.1459,,,,,,,
1568376377308570,加速度计,1.4551,7.1162,6.4883,,,,,,,
1568376381079038,陀螺仪,,,,,,,,0.1107,-0.0350,-0.3025
1568376387331955,加速度计,1.2923,7.3676,1.8884,,,,,,,
1568376397355705,加速度计,0.5357,6.6601,2.6426,,,,,,,
1568376401126538,陀螺仪,,,,,,,,-0.0463,-0.0940,-0.3308
1568376407379455,加速度计,0.0802,7.3652,5.1146,,,,,,,
1568376417402788,加速度计,-0.3657,6.2495,10.3424,,,,,,,
1568376421170705,陀螺仪,,,,,,,,-0.0601,-0.0923,-0.2501
1568376427422997,加速度计,0.4465,7.1347,10.6997,,,,,,,
1568376437441747,加速度计,0.1383,7.8488,7.4502,,,,,,,
1568376441208205,陀螺仪,,,,,,,,0.0394,-0.0666,-0.2237
1568376447460497,加速度计,0.5638,6.6870,5.2122,,,,,,,
1568376457479247,加速度计,0.3023,7.5944,4.6813,,,,,,,
1568376461245705,陀螺仪,,,,,,,,-0.0202,-0.0847,-0.2069
1568376467497997,加速度计,-0.7201,6.7618,7.3424,,,,,,,
1568376477516799,加速度计,0.1443,6.6092,9.7576,,,,,,,
1568376481284611,陀螺仪,,,,,,,,-0.0088,-0.0738,-0.1103
1568376487536851,加速度计,0.2035,7.7069,6.2914,,,,,,,
1568376497555184,加速度计,0.6153,6.9151,5.0063,,,,,,,
1568376501321278,陀螺仪,,,,,,,,-0.0081,-0.0695,-0.1027
1568376507573518,加速度计,0.7171,7.6207,7.2125,,,,,,,
1568376517591851,加速度计,-0.2676,6.8151,11.3150,,,,,,,
1568376521357945,陀螺仪,,,,,,,,0.0044,-0.0495,-0.0648
1568376527610184,加速度计,0.6087,7.8877,5.8017,,,,,,,
1568376537628518,加速度计,-0.1012,7.2640,4.0845,,,,,,,
1568376541394611,陀螺仪,,,,,,,,-0.0213,-0.0494,-0.0575
1568376547646851,加速度计,0.0006,5.0973,6.9426,,,,,,,
1568376557665184,加速度计,0.3244,5.7443,7.7782,,,,,,,
1568376561431278,陀螺仪,,,,,,,,0.0113,-0.0281,-0.0130
1568376567683518,加速度计,0.0162,7.8284,6.2064,,,,,,,
1568376581467945,陀螺仪,,,,,,,,0.0176,-0.0128,0.0229
1568376577701851,加速度计,-0.1676,6.8504,7.4196,,,,,,,
1568376587720184,加速度计,0.5872,7.9146,7.9164,,,,,,,
1568376601504611,陀螺仪,,,,,,,,-0.0112,0.0184,0.0590
1568376597738518,加速度计,0.5441,7.1766,4.9536,,,,,,,
1568376607756851,加速度计,0.0790,8.0655,3.7655,,,,,,,
1568376617775601,加速度计,-0.6135,5.8365,8.6090,,,,,,,
1568376621550861,陀螺仪,,,,,,,,-0.1032,0.0401,0.1202
1568376627807736,加速度计,-0.1018,5.9664,11.5095,,,,,,,
1568376639533554,GPS,,,,31.9423,118.7858,1.8600,68.3000,,,
1568376637820236,加速度计,0.5369,6.1381,7.3197,,,,,,,
1568376641581226,陀螺仪,,,,,,,,0.0340,0.1182,0.1755
1568376647832736,加速度计,-0.2526,6.0699,5.3564,,,,,,,
1568376657845653,加速度计,-0.0634,6.0196,6.0154,,,,,,,
1568376667858986,加速度计,-1.0930,8.9280,6.5864,,,,,,,
1568376661607372,陀螺仪,,,,,,,,0.0324,0.1314,0.1723
1568376677873153,加速度计,-0.4908,7.9859,6.9791,,,,,,,
1568376687888153,加速度计,0.0688,7.1341,6.0537,,,,,,,
1568376681636330,陀螺仪,,,,,,,,-0.0212,0.0987,0.1898
1568376697903986,加速度计,-0.0048,5.3307,8.1618,,,,,,,
1568376701668986,陀螺仪,,,,,,,,-0.0483,0.0835,0.1356
1568376707921070,加速度计,-0.1484,6.8929,7.0862,,,,,,,
1568376717939403,加速度计,-0.3244,7.7937,7.9230,,,,,,,
1568376727958986,加速度计,0.1035,6.3506,9.1231,,,,,,,
1568376721706590,陀螺仪,,,,,,,,-0.0121,0.0589,0.0783
1568376741776174,陀螺仪,,,,,,,,0.0458,0.0394,0.0142
1568376738001695,加速度计,0.1484,7.0623,6.9324,,,,,,,
1568376748028465,加速度计,0.7290,7.5633,5.0482,,,,,,,
1568376758047215,加速度计,0.9888,6.4476,5.1314,,,,,,,
1568376761813674,陀螺仪,,,,,,,,-0.0244,0.0025,-0.0378
1568376768065965,加速度计,0.3100,7.1078,6.5422,,,,,,,
1568376778084715,加速度计,-0.0646,6.4057,11.4102,,,,,,,
1568376781851174,陀螺仪,,,,,,,,-0.0153,-0.0157,-0.0398
1568376788103465,加速度计,2.4415,5.6198,9.8144,,,,,,,
1568376798122215,加速度计,1.2599,7.4358,1.7669,,,,,,,
1568376801888674,陀螺仪,,,,,,,,0.0313,-0.0028,-0.1225
1568376808140965,加速度计,0.6542,7.0222,4.4448,,,,,,,
1568376821926174,陀螺仪,,,,,,,,-0.0286,-0.0321,-0.1352
1568376818159715,加速度计,-0.2867,5.7988,7.5477,,,,,,,
1568376828178465,加速度计,0.2987,7.3442,8.7640,,,,,,,
1568376838197215,加速度计,0.7398,7.3735,7.0312,,,,,,,
1568376841963674,陀螺仪,,,,,,,,-0.0289,-0.0670,-0.1186
1568376848215965,加速度计,0.4914,4.6106,10.0359,,,,,,,
1568376862001174,陀螺仪,,,,,,,,0.0633,-0.0340,-0.1381
1568376858234715,加速度计,1.4515,7.5513,7.8111,,,,,,,
1568376868253465,加速度计,-0.1472,6.8133,4.4640,,,,,,,
1568376878272215,加速度计,0.6093,7.7925,4.7387,,,,,,,
1568376882038674,陀螺仪,,,,,,,,-0.0024,-0.0688,-0.1280
1568376888290965,加速度计,-0.0928,6.9522,11.5275,,,,,,,
1568376898309715,加速度计,1.5030,8.0038,12.4026,,,,,,,
1568376902076174,陀螺仪,,,,,,,,0.0916,-0.0399,-0.0754
1568376908328465,加速度计,1.3012,7.3113,2.1769,,,,,,,
1568376922113674,陀螺仪,,,,,,,,-0.0234,-0.0549,-0.1145
1568376918347215,加速度计,0.5944,6.6164,-0.1844,,,,,,,
1568376928365965,加速度计,0.7787,3.6619,9.2512,,,,,,,
1568376942151174,陀螺仪,,,,,,,,0.0439,-0.0296,-0.0273
1568376938384715,加速度计,-0.3651,8.3228,11.5484,,,,,,,
1568376948403465,加速度计,0.2089,10.2921,7.4956,,,,,,,
1568376962188674,陀螺仪,,,,,,,,0.0333,0.0142,-0.0096
1568376958422215,加速度计,0.6141,7.2119,5.0129,,,,,,,
1568376968440965,加速度计,0.0114,5.1852,6.8402,,,,,,,
1568376978460132,加速度计,-0.6979,7.9027,8.1888,,,,,,,
1568376982232997,陀螺仪,,,,,,,,0.0310,-0.0192,0.0513
1568376988484924,加速度计,-0.5938,8.3504,6.7056,,,,,,,
1568376998500757,加速度计,0.8104,6.2327,6.6206,,,,,,,
1568377002264663,陀螺仪,,,,,,,,0.0386,0.0119,0.0523
1568377008516590,加速度计,-0.0287,6.4392,4.6232,,,,,,,
1568377018532424,加速度计,-0.6835,9.0950,5.2170,,,,,,,
1568377022296382,陀螺仪,,,,,,,,-0.0083,0.0065,0.0547
1568377028548361,加速度计,-0.5537,5.3133,8.2809,,,,,,,
1568377038564715,加速度计,0.0198,7.8979,8.8484,,,,,,,
1568377042329403,陀螺仪,,,,,,,,0.0017,0.0095,0.0908
1568377048581486,加速度计,-0.9559,6.2327,10.1556,,,,,,,
1568377058598674,加速度计,0.8128,7.4346,5.5001,,,,,,,
1568377062364090,陀螺仪,,,,,,,,0.0692,0.0240,0.1044
1568377068616278,加速度计,-0.4627,5.7180,5.5109,,,,,,,
1568377078634299,加速度计,1.1977,7.3484,3.8277,,,,,,,
1568377082400445,陀螺仪,,,,,,,,0.0065,-0.0019,0.0694
1568377088652736,加速度计,0.9918,7.3975,7.8260,,,,,,,
1568377098671590,加速度计,-0.5794,8.5880,7.5160,,,,,,,
1568377102438465,陀螺仪,,,,,,,,0.0166,0.0198,0.0445
1568377108690861,加速度计,-0.3573,6.4703,6.7133,,,,,,,
1568377118710549,加速度计,0.0796,7.4244,7.7746,,,,,,,
1568377122478153,陀螺仪,,,,,,,,-0.0162,-0.0244,0.0292
1568377128730653,加速度计,0.5339,7.1000,5.8514,,,,,,,
1568377138751174,加速度计,-0.5836,7.3472,7.1700,,,,,,,
1568377142519507,陀螺仪,,,,,,,,-0.0304,-0.0439,0.0031
1568377148772111,加速度计,-0.1413,5.5097,7.9218,,,,,,,
1568377158793361,加速度计,0.8733,5.9849,8.9244,,,,,,,
1568377162562007,陀螺仪,,,,,,,,0.0419,-0.0244,0.0161
1568377168814611,加速度计,0.6111,8.3199,6.8522,,,,,,,
1568377178835861,加速度计,-0.3531,8.2696,5.2990,,,,,,,
1568377188857111,加速度计,0.3436,6.6194,5.7144,,,,,,,
1568377182604507,陀螺仪,,,,,,,,0.0308,-0.0385,0.0061
1568377198878361,加速度计,1.1947,6.5757,7.6303,,,,,,,
1568377208898986,加速度计,0.1993,7.2915,6.8366,,,,,,,
1568377202646695,陀螺仪,,,,,,,,-0.0012,-0.0314,0.0232
1568377218917736,加速度计,0.9613,8.3420,4.8734,,,,,,,
1568377222684299,陀螺仪,,,,,,,,-0.0262,-0.0001,0.0256
1568377228936695,加速度计,-0.1951,4.9081,11.5221,,,,,,,
1568377238957632,加速度计,0.0569,8.0565,5.8221,,,,,,,
1568377248973882,加速度计,-0.5980,6.8241,6.3734,,,,,,,
1568377242721903,陀螺仪,,,,,,,,0.0393,0.0125,0.0627
1568377258990132,加速度计,0.8290,6.4207,4.1743,,,,,,,
1568377269006382,加速度计,-0.3412,4.9279,5.9861,,,,,,,
1568377262754403,陀螺仪,,,,,,,,0.0011,0.0020,0.0477
1568377279022736,加速度计,-0.2544,9.1734,3.9049,,,,,,,
1568377282787424,陀螺仪,,,,,,,,-0.0605,-0.0009,0.0545
1568377289039507,加速度计,-0.0856,6.3117,10.3507,,,,,,,
1568377299056695,加速度计,-0.3879,6.9097,11.0175,,,,,,,
1568377302822111,陀螺仪,,,,,,,,0.0152,0.0352,0.1230
1568377309074299,加速度计,1.1426,7.2993,6.9659,,,,,,,
1568377319092320,加速度计,0.8152,5.9903,6.8875,,,,,,,
1568377322858465,陀螺仪,,,,,,,,0.0160,0.0358,0.0862
1568377329110757,加速度计,0.2167,7.7153,7.4747,,,,,,,
1568377339129611,加速度计,-0.3053,6.3524,8.3306,,,,,,,
1568377342896486,陀螺仪,,,,,,,,0.0583,0.0587,0.0972
1568377349148882,加速度计,0.3669,7.6124,5.8993,,,,,,,
1568377359168570,加速度计,-0.0898,7.5256,7.5280,,,,,,,
1568377362936174,陀螺仪,,,,,,,,0.0245,0.0621,0.1206
1568377369188674,加速度计,0.5746,6.1286,7.0066,,,,,,,
1568377379209195,加速度计,-0.5908,7.2395,6.6032,,,,,,,
1568377382977476,陀螺仪,,,,,,,,0.0399,0.0840,0.1575
1568377389230028,加速度计,0.3717,7.5016,8.5904,,,,,,,
1568377399250861,加速度计,-0.0862,7.2586,9.4655,,,,,,,
1568377403019143,陀螺仪,,,,,,,,0.0704,0.1197,0.1912
1568377409271695,加速度计,0.5471,7.9589,6.2698,,,,,,,
1568377419292528,加速度计,0.5513,7.6052,4.3149,,,,,,,
1568377423060809,陀螺仪,,,,,,,,0.0374,0.1380,0.1795
1568377429313361,加速度计,0.4010,6.4218,4.2156,,,,,,,
1568377439333778,加速度计,-0.6237,6.9145,5.5629,,,,,,,
1568377443100601,陀螺仪,,,,,,,,-0.0161,0.1356,0.1695
1568377449352945,加速度计,-0.1239,7.6531,7.4873,,,,,,,
1568377459372007,加速度计,0.4118,7.0928,12.4445,,,,,,,
1568377463138465,陀螺仪,,,,,,,,0.0221,0.1325,0.1591
1568377469390757,加速度计,-0.9697,7.2161,8.2696,,,,,,,
1568377479410861,加速度计,0.8619,7.6315,2.1751,,,,,,,
1568377483191747,陀螺仪,,,,,,,,0.0296,0.1013,0.0710
1568377489441903,加速度计,1.3126,5.2738,3.5548,,,,,,,
1568377499443674,加速度计,0.1706,5.1631,9.2476,,,,,,,
1568377503195705,陀螺仪,,,,,,,,-0.0089,0.0651,0.0041
1568377509446070,加速度计,-0.1496,7.5130,10.7931,,,,,,,
1568377519449820,加速度计,1.5461,8.5569,5.6880,,,,,,,
1568377523204507,陀螺仪,,,,,,,,0.0625,0.0735,-0.0435
1568377529455340,加速度计,1.0074,6.0382,6.2626,,,,,,,
1568377539463049,加速度计,0.9224,6.4997,5.9711,,,,,,,
1568377543221851,陀螺仪,,,,,,,,0.0146,0.0201,-0.1378
1568377549473361,加速度计,0.1125,6.7229,7.3771,,,,,,,
1568377559486590,加速度计,1.1959,8.2313,4.6358,,,,,,,
1568377563250497,陀螺仪,,,,,,,,-0.0208,-0.0274,-0.1655
1568377569502736,加速度计,1.2360,6.6056,11.1773,,,,,,,
1568377579521799,加速度计,0.4435,6.8019,12.0542,,,,,,,
1568377583290809,陀螺仪,,,,,,,,0.0905,-0.0093,-0.2080
1568377589543778,加速度计,1.2941,6.8504,4.9339,,,,,,,
1568377599568570,加速度计,2.0800,7.8416,1.1504,,,,,,,
1568377609595757,加速度计,0.8021,5.1056,7.1078,,,,,,,
1568377603342215,陀螺仪,,,,,,,,0.0039,-0.0887,-0.2641
1568377619625549,加速度计,0.4830,8.3169,8.4054,,,,,,,
1568377623417580,陀螺仪,,,,,,,,0.0200,-0.0831,-0.2750
1568377638730428,GPS,,,,31.9423,118.7858,3.0800,60.4000,,,
1568377629672893,加速度计,0.8535,8.1582,4.5627,,,,,,,
1568377639712788,加速度计,1.5909,7.1754,3.0945,,,,,,,
1568377643479247,陀螺仪,,,,,,,,-0.0826,-0.1189,-0.2871
1568377649731538,加速度计,0.2298,4.7303,7.8308,,,,,,,
1568377659750288,加速度计,0.5477,6.9671,8.6215,,,,,,,
1568377663516747,陀螺仪,,,,,,,,-0.0522,-0.1150,-0.2419
1568377669769038,加速度计,0.4226,7.6189,11.3258,,,,,,,
1568377679787788,加速度计,0.7386,7.6489,8.9483,,,,,,,
1568377683554247,陀螺仪,,,,,,,,0.0445,-0.0904,-0.2153
1568377689806538,加速度计,0.7458,6.0059,6.2028,,,,,,,
1568377699825288,加速度计,0.1861,8.4563,5.2463,,,,,,,
1568377703591747,陀螺仪,,,,,,,,0.0258,-0.1019,-0.2008
1568377709844038,加速度计,0.3442,7.1982,6.5625,,,,,,,
1568377719862788,加速度计,0.7919,6.4063,5.5821,,,,,,,
1568377723629247,陀螺仪,,,,,,,,-0.0136,-0.0846,-0.1401
1568377729882059,加速度计,-0.8751,6.5643,8.9399,,,,,,,
1568377739905236,加速度计,0.1550,7.1982,9.4601,,,,,,,
1568377743666955,陀螺仪,,,,,,,,0.0438,-0.0699,-0.0654
1568377749918570,加速度计,-0.4256,7.5214,7.2885,,,,,,,
1568377759932059,加速度计,0.0509,7.3658,3.5835,,,,,,,
1568377763694247,陀螺仪,,,,,,,,0.0581,-0.0635,-0.0356
1568377769945965,加速度计,0.1443,7.0934,6.6086,,,,,,,
1568377779960288,加速度计,-1.0409,6.6756,8.3366,,,,,,,
1568377783723309,陀螺仪,,,,,,,,0.0254,-0.0613,0.0268
1568377789975184,加速度计,-0.3717,7.8380,7.3652,,,,,,,
1568377799990913,加速度计,0.1820,6.9510,4.7657,,,,,,,
1568377803755393,陀螺仪,,,,,,,,0.0081,-0.0546,0.0553
1568377810007476,加速度计,0.2664,7.6890,4.7435,,,,,,,
1568377820024872,加速度计,-0.9517,6.8073,8.6143,,,,,,,
1568377830043101,加速度计,-0.5118,7.6261,8.1181,,,,,,,
1568377823790809,陀螺仪,,,,,,,,-0.0112,-0.0320,0.0727
1568377840062163,加速度计,0.5848,6.7612,7.8871,,,,,,,
1568377843829559,陀螺仪,,,,,,,,0.0132,-0.0298,0.0971
1568377850082059,加速度计,-0.1035,7.0431,7.5357,,,,,,,
1568377860102788,加速度计,-0.2909,7.2431,9.1087,,,,,,,
1568377863871643,陀螺仪,,,,,,,,0.0571,-0.0250,0.1178
1568377870124351,加速度计,-0.6458,7.8296,14.2820,,,,,,,
1568377880146590,加速度计,1.0942,7.7518,13.5380,,,,,,,
1568377883916434,陀螺仪,,,,,,,,0.2481,0.0213,0.1506
1568377890169247,加速度计,0.3621,7.5687,4.8105,,,,,,,
1568377900192163,加速度计,-0.2586,7.6752,4.1587,,,,,,,
1568377903962268,陀螺仪,,,,,,,,0.2529,0.0372,0.1368
1568377910215080,加速度计,0.3932,8.0367,-0.3962,,,,,,,
1568377920237997,加速度计,1.4658,6.7558,-8.0116,,,,,,,
1568377924007580,陀螺仪,,,,,,,,-0.0189,0.0281,0.0799
1568377930260132,加速度计,1.2959,6.5015,-6.1729,,,,,,,
1568377940280340,加速度计,-2.7779,-7.1006,-10.1017,,,,,,,
1568377944047059,陀螺仪,,,,,,,,-0.6854,-0.3057,0.0739
1568377950299351,加速度计,-1.9022,2.6474,43.4458,,,,,,,
1568377960318101,加速度计,0.7739,34.0527,2.6252,,,,,,,
1568377970336851,加速度计,-6.1280,-0.6009,-14.1850,,,,,,,
1568377964084559,陀螺仪,,,,,,,,0.3437,0.4426,0.2135
1568377980356070,加速度计,1.9411,-19.4385,37.1568,,,,,,,
1568377984124976,陀螺仪,,,,,,,,-0.5784,0.0206,0.5835
1568377990376903,加速度计,2.0123,14.2425,17.2442,,,,,,,
1568378000392736,加速度计,4.8076,21.8381,-0.2197,,,,,,,
1568378004156643,陀螺仪,,,,,,,,0.0961,0.2474,0.3410
1568378010408570,加速度计,0.0054,6.9007,2.4014,,,,,,,
1568378020424403,加速度计,-1.6239,-7.4142,0.0473,,,,,,,
1568378024188413,陀螺仪,,,,,,,,0.0205,0.2269,0.1842
1568378030440393,加速度计,10.3645,10.9535,25.1469,,,,,,,
1568378040456799,加速度计,-10.7811,17.3885,15.9933,,,,,,,
1568378044221538,陀螺仪,,,,,,,,0.1481,0.1060,-0.0099
1568378050473622,加速度计,1.4030,3.0430,4.7818,,,,,,,
1568378060490861,加速度计,-0.8458,-3.3441,-1.6460,,,,,,,
1568378064256330,陀螺仪,,,,,,,,0.2425,0.1092,0.0542
1568378070508518,加速度计,1.7190,0.5974,-14.5388,,,,,,,
1568378080526590,加速度计,6.7169,36.6325,36.4008,,,,,,,
1568378084292788,陀螺仪,,,,,,,,0.9920,-0.0792,-0.2439
1568378090545080,加速度计,-4.9781,4.5957,-18.0714,,,,,,,
1568378100563986,加速度计,2.3954,-12.6833,-22.7784,,,,,,,
1568378104330913,陀螺仪,,,,,,,,-1.2798,-0.0270,-0.1429
1568378110583309,加速度计,0.0221,4.2186,-6.5960,,,,,,,
1568378120603049,加速度计,-1.4904,20.5255,59.0278,,,,,,,
1568378124370705,陀螺仪,,,,,,,,-0.4232,-0.0137,0.0654
1568378130623205,加速度计,-2.5744,8.5114,-12.9197,,,,,,,
1568378140643778,加速度计,4.9087,-7.3448,32.9299,,,,,,,
1568378144412163,陀螺仪,,,,,,,,-0.4384,0.0919,0.1928
1568378150664768,加速度计,3.9127,-1.7723,15.4157,,,,,,,
1568378160686018,加速度计,-1.4844,-7.6447,10.2508,,,,,,,
1568378170707268,加速度计,2.0057,11.7633,7.0491,,,,,,,
1568378164454663,陀螺仪,,,,,,,,0.6336,0.1863,-0.0196
1568378180728518,加速度计,0.3226,39.4139,-12.5139,,,,,,,
1568378184497163,陀螺仪,,,,,,,,0.3483,-0.0109,-0.0740
1568378190749768,加速度计,0.6177,0.3478,-13.1621,,,,,,,
1568378200771018,加速度计,5.2523,17.2023,35.6443,,,,,,,
1568378204539038,陀螺仪,,,,,,,,-0.2104,-0.1269,-0.4980
1568378210791330,加速度计,-0.6907,-4.2850,-11.8106,,,,,,,
1568378220810080,加速度计,-4.3485,1.5024,20.2771,,,,,,,
1568378224577893,陀螺仪,,,,,,,,-0.3836,-0.1775,-0.2170
1568378230830861,加速度计,-1.0511,-0.9385,13.9791,,,,,,,
1568378240861226,加速度计,2.5893,17.7165,-0.2394,,,,,,,
1568378244609924,陀螺仪,,,,,,,,0.2555,0.0345,-0.0784
1568378250859715,加速度计,2.6151,4.3934,-9.7396,,,,,,,
1568378260858934,加速度计,1.9160,5.8107,25.5862,,,,,,,
1568378264609507,陀螺仪,,,,,,,,0.1061,-0.0437,-0.1598
1568378270859715,加速度计,-1.2474,15.0093,-13.2824,,,,,,,
1568378280862736,加速度计,-1.0086,9.3440,24.3371,,,,,,,
1568378284617632,陀螺仪,,,,,,,,-0.4242,-0.0443,-0.1061
1568378290868570,加速度计,4.6471,2.9934,-1.6658,,,,,,,
1568378300877736,加速度计,-3.7523,-8.4587,21.4497,,,,,,,
1568378304638570,陀螺仪,,,,,,,,0.0317,-0.0590,-0.1422
1568378310890393,加速度计,4.9955,7.8021,-2.1051,,,,,,,
1568378320906799,加速度计,-0.4693,4.6813,-4.2318,,,,,,,
1568378324674090,陀螺仪,,,,,,,,-0.0164,-0.1056,-0.2708
1568378330926799,加速度计,1.5161,14.5723,27.4759,,,,,,,
1568378340950132,加速度计,-4.2934,12.8150,-9.9880,,,,,,,
1568378344723153,陀螺仪,,,,,,,,-0.0699,-0.1521,-0.1903
1568378350976643,加速度计,3.6679,3.7972,15.4905,,,,,,,
1568378361005913,加速度计,0.3298,6.5511,2.5845,,,,,,,
1568378364783361,陀螺仪,,,,,,,,-0.0586,-0.1286,-0.1421
1568378371037372,加速度计,-1.4120,12.0159,11.3048,,,,,,,
1568378381070340,加速度计,0.2951,6.3949,10.7518,,,,,,,
1568378391104247,加速度计,1.0157,4.5215,6.5278,,,,,,,
1568378384850028,陀螺仪,,,,,,,,0.0242,-0.0236,0.0039
1568378401138413,加速度计,-0.6237,6.0741,1.0546,,,,,,,
1568378404915340,陀螺仪,,,,,,,,-0.0365,-0.0373,0.0654
1568378411168049,加速度计,-1.3090,5.0021,5.9262,,,,,,,
1568378421188882,加速度计,-0.5848,6.5194,14.5113,,,,,,,
1568378424955340,陀螺仪,,,,,,,,0.0254,0.0296,0.1637
1568378431207632,加速度计,1.0283,9.3518,9.6289,,,,,,,
1568378441226382,加速度计,-0.9571,7.0527,4.3814,,,,,,,
1568378444992840,陀螺仪,,,,,,,,0.1198,0.0625,0.1469
1568378451245132,加速度计,-0.4752,5.5593,2.5313,,,,,,,
1568378461263882,加速度计,0.1634,7.7231,-0.4328,,,,,,,
1568378471282632,加速度计,-0.4842,6.7720,9.9814,,,,,,,
1568378465030340,陀螺仪,,,,,,,,-0.0690,0.0059,0.1334
1568378481302476,加速度计,-0.6847,7.6680,10.4136,,,,,,,
1568378485072007,陀螺仪,,,,,,,,-0.0170,0.0611,0.2055
1568378491323726,加速度计,-0.9026,7.5322,8.9388,,,,,,,
1568378501337893,加速度计,-0.3537,6.6780,7.9745,,,,,,,
1568378511352059,加速度计,0.3472,6.3273,8.0768,,,,,,,
1568378505100340,陀螺仪,,,,,,,,0.0112,0.0590,0.2216
1568378521366434,加速度计,-0.2592,7.0527,6.6194,,,,,,,
1568378531381226,加速度计,-0.1047,7.9895,2.8994,,,,,,,
1568378525129403,陀螺仪,,,,,,,,0.0643,0.0828,0.2125
1568378541396643,加速度计,-0.9355,7.0330,6.0238,,,,,,,
1568378551412893,加速度计,0.6949,5.9897,11.6137,,,,,,,
1568378545160861,陀螺仪,,,,,,,,-0.0478,0.0763,0.2322
1568378561429976,加速度计,-0.5662,7.0366,8.4030,,,,,,,
1568378571447893,加速度计,-0.0724,8.3240,3.9468,,,,,,,
1568378565195653,陀螺仪,,,,,,,,0.0728,0.1531,0.2862
1568378581466643,加速度计,1.1229,5.5857,8.1014,,,,,,,
1568378585233778,陀螺仪,,,,,,,,0.0321,0.1337,0.2637
1568378591486226,加速度计,0.4615,6.9390,8.8723,,,,,,,
1568378601506643,加速度计,-0.5195,9.1854,7.9308,,,,,,,
1568378605275080,陀螺仪,,,,,,,,0.0754,0.1491,0.2004
1568378611527684,加速度计,1.0457,8.5413,-0.4872,,,,,,,
1568378621550184,加速度计,1.1516,4.7896,5.9298,,,,,,,
1568378634741990,GPS,,,,31.9424,118.7858,3.6000,62.5000,,,
1568378625327111,陀螺仪,,,,,,,,-0.0889,0.0878,0.1228
1568378631580757,加速度计,-1.1343,4.7579,17.5196,,,,,,,
1568378641605132,加速度计,0.4956,8.2396,12.7306,,,,,,,
1568378645371799,陀螺仪,,,,,,,,0.1740,0.1437,0.1302
1568378651624090,加速度计,1.7980,9.9084,2.8425,,,,,,,
1568378661642840,加速度计,2.5247,6.5721,2.4187,,,,,,,
1568378671661590,加速度计,-0.6871,4.2778,9.9856,,,,,,,
1568378665409299,陀螺仪,,,,,,,,0.0284,0.0716,-0.0164
1568378681680340,加速度计,-0.4298,8.2797,6.6756,,,,,,,
1568378691699090,加速度计,1.6544,7.9643,5.4899,,,,,,,
1568378685446799,陀螺仪,,,,,,,,0.0824,0.0497,-0.0457
1568378701717840,加速度计,1.4874,4.8333,10.7248,,,,,,,
1568378705484299,陀螺仪,,,,,,,,0.0858,0.0513,-0.0903
1568378711736590,加速度计,-0.0880,8.5641,7.9996,,,,,,,
1568378721755340,加速度计,0.5632,8.0361,4.4580,,,,,,,
1568378725522268,陀螺仪,,,,,,,,0.1011,0.0245,-0.1206
1568378731774715,加速度计,2.3421,7.9589,4.0540,,,,,,,
1568378741795497,加速度计,0.3089,5.4450,8.7646,,,,,,,
1568378745560497,陀螺仪,,,,,,,,0.0401,0.0422,-0.1270
1568378751812580,加速度计,-0.0036,7.4202,8.8909,,,,,,,
1568378761829663,加速度计,0.5872,7.8003,6.6780,,,,,,,
1568378765594663,陀螺仪,,,,,,,,0.0836,0.0646,-0.0860
1568378771846747,加速度计,0.5740,7.0922,6.3686,,,,,,,
1568378781863830,加速度计,1.0062,5.7275,5.7814,,,,,,,
1568378785628830,陀螺仪,,,,,,,,0.0650,0.0485,-0.0960
1568378791880913,加速度计,1.3132,7.4699,5.7922,,,,,,,
1568378801898205,加速度计,0.2227,6.6092,6.7020,,,,,,,
1568378805663726,陀螺仪,,,,,,,,0.0340,0.0330,-0.1192
1568378811915913,加速度计,0.2580,6.3147,9.1973,,,,,,,
1568378821934038,加速度计,0.3077,8.2756,5.1451,,,,,,,
1568378825700288,陀螺仪,,,,,,,,0.0503,0.0248,-0.1529
1568378831952580,加速度计,0.5225,7.5208,6.2291,,,,,,,
1568378841971538,加速度计,0.2304,3.9067,8.8065,,,,,,,
1568378845738518,陀螺仪,,,,,,,,0.0602,-0.0108,-0.1943
1568378851990913,加速度计,0.3424,6.8438,6.7367,,,,,,,
1568378862010705,加速度计,0.0802,8.3043,4.0606,,,,,,,
1568378872030705,加速度计,1.7603,8.6712,5.3361,,,,,,,
1568378865778257,陀螺仪,,,,,,,,0.0324,-0.0405,-0.2265
1568378882050705,加速度计,-0.0233,6.1675,11.2468,,,,,,,
1568378885818257,陀螺仪,,,,,,,,-0.0156,-0.0722,-0.2651
1568378892070705,加速度计,0.1568,7.0785,9.7001,,,,,,,
1568378902090705,加速度计,1.5826,6.4356,5.0763,,,,,,,
1568378912110705,加速度计,1.1534,7.0000,3.3597,,,,,,,
1568378905858257,陀螺仪,,,,,,,,0.0328,-0.0644,-0.2574
1568378922130705,加速度计,-0.6494,5.8095,9.0872,,,,,,,
1568378932150705,加速度计,-0.6327,7.0252,8.9226,,,,,,,
1568378925898257,陀螺仪,,,,,,,,-0.0256,-0.1149,-0.2744
1568378942170705,加速度计,0.9708,8.9040,5.7521,,,,,,,
1568378945938257,陀螺仪,,,,,,,,-0.0129,-0.1250,-0.2111
1568378952190705,加速度计,0.7608,7.0168,6.3734,,,,,,,
1568378962210497,加速度计,-0.3178,5.5222,8.5042,,,,,,,
1568378965977372,陀螺仪,,,,,,,,-0.0125,-0.0860,-0.1864
1568378972229663,加速度计,-0.0569,6.9462,6.7415,,,,,,,
1568378982251122,加速度计,0.9445,8.0691,5.9711,,,,,,,
1568378986028309,陀螺仪,,,,,,,,-0.0318,-0.0746,-0.1075
1568378992277997,加速度计,-0.3436,6.6224,8.7837,,,,,,,
1568379002276330,加速度计,-0.4741,6.8372,7.5034,,,,,,,
1568379006025757,陀螺仪,,,,,,,,-0.0077,-0.0288,-0.0321
1568379012275705,加速度计,0.2807,7.1623,5.9185,,,,,,,
1568379022276747,加速度计,0.4010,6.3381,6.7056,,,,,,,
1568379026029715,陀螺仪,,,,,,,,-0.0117,0.0052,0.0320
1568379032280288,加速度计,-0.4950,6.4201,10.0263,,,,,,,
1568379042286955,加速度计,-0.7907,7.0587,8.6802,,,,,,,
1568379052296955,加速度计,0.9110,8.7257,4.8357,,,,,,,
1568379046045549,陀螺仪,,,,,,,,0.0566,0.0346,0.1209
1568379062310497,加速度计,0.6764,5.9681,5.8047,,,,,,,
1568379066075445,陀螺仪,,,,,,,,0.0220,0.0459,0.0993
1568379072327788,加速度计,-1.1959,6.7774,6.9168,,,,,,,
1568379082348622,加速度计,-0.3956,6.5553,5.4827,,,,,,,
1568379086119611,陀螺仪,,,,,,,,0.0234,0.0357,0.1039
1568379092372788,加速度计,0.4334,6.9462,6.9306,,,,,,,
1568379102400080,加速度计,0.0401,7.0246,8.2887,,,,,,,
1568379106176070,陀螺仪,,,,,,,,0.0286,0.0393,0.0762
1568379112429872,加速度计,-0.5022,7.9260,7.4322,,,,,,,
1568379122461538,加速度计,0.1383,8.3378,4.3916,,,,,,,
1568379132494663,加速度计,-0.0970,7.0892,7.2712,,,,,,,
1568379126240497,陀螺仪,,,,,,,,-0.0055,0.0130,0.0333
1568379142528622,加速度计,0.6446,5.2648,9.7486,,,,,,,
1568379146308570,陀螺仪,,,,,,,,0.0193,0.0209,0.0068
1568379152562788,加速度计,-0.0419,6.7953,4.8046,,,,,,,
1568379162589247,加速度计,0.5692,7.2706,5.9358,,,,,,,
1568379166355705,陀螺仪,,,,,,,,-0.0043,-0.0123,-0.0182
1568379172607997,加速度计,0.7667,6.9576,7.5028,,,,,,,
1568379182626747,加速度计,0.4573,7.2610,7.7021,,,,,,,
1568379186393205,陀螺仪,,,,,,,,0.0141,-0.0001,-0.0575
1568379192645497,加速度计,1.0145,8.1798,5.9460,,,,,,,
1568379202664247,加速度计,0.2472,6.1818,7.3257,,,,,,,
1568379206430705,陀螺仪,,,,,,,,-0.0250,-0.0068,-0.0654
1568379212682997,加速度计,-0.3861,6.0292,8.8286,,,,,,,
1568379222701747,加速度计,0.6135,7.3011,7.1186,,,,,,,
1568379226469455,陀螺仪,,,,,,,,0.0253,0.0019,-0.0322
1568379232722163,加速度计,0.9457,7.6219,5.7569,,,,,,,
1568379242743049,加速度计,-0.0030,5.7569,5.4480,,,,,,,
1568379252755549,加速度计,-0.0892,6.3039,6.8378,,,,,,,
1568379246504038,陀螺仪,,,,,,,,-0.0064,0.0021,-0.0546
1568379262768309,加速度计,1.6604,8.0721,8.6987,,,,,,,
1568379266529872,陀螺仪,,,,,,,,-0.0148,-0.0113,-0.0332
1568379272781486,加速度计,-0.0138,7.4250,8.6209,,,,,,,
1568379282795340,加速度计,-0.3657,6.6337,7.2281,,,,,,,
1568379292810028,加速度计,1.3803,6.3033,7.7746,,,,,,,
1568379286558205,陀螺仪,,,,,,,,0.0048,0.0100,-0.0325
1568379302825549,加速度计,0.2562,7.0641,3.2220,,,,,,,
1568379306590080,陀螺仪,,,,,,,,-0.0013,0.0031,-0.0429
1568379312842163,加速度计,0.8865,6.2315,5.9897,,,,,,,
1568379322860028,加速度计,0.0275,5.9532,7.4921,,,,,,,
1568379332879143,加速度计,-0.3513,6.6236,7.4424,,,,,,,
1568379326626747,陀螺仪,,,,,,,,-0.0362,-0.0100,-0.0755
1568379342899247,加速度计,0.5920,8.6137,5.5516,,,,,,,
1568379346667580,陀螺仪,,,,,,,,-0.0256,-0.0146,-0.0715
1568379352920184,加速度计,-0.6853,5.7898,7.9900,,,,,,,
1568379362941955,加速度计,0.3394,7.1868,13.2268,,,,,,,
1568379372964559,加速度计,-1.0475,6.9570,5.9394,,,,,,,
1568379366711747,陀螺仪,,,,,,,,0.0138,-0.0419,-0.0866
1568379382987736,加速度计,0.9708,7.5352,3.1687,,,,,,,
1568379386758413,陀螺仪,,,,,,,,0.0194,-0.0784,-0.1193
1568379393011330,加速度计,0.0389,6.4637,6.4266,,,,,,,
1568379403035080,加速度计,0.0425,6.5146,8.5802,,,,,,,
1568379413058830,加速度计,-0.0455,8.3821,9.6163,,,,,,,
1568379406805913,陀螺仪,,,,,,,,-0.0051,-0.0999,-0.1435
1568379423080757,加速度计,-0.0754,7.6567,6.6589,,,,,,,
1568379426847997,陀螺仪,,,,,,,,0.0686,-0.0952,-0.1494
1568379433100288,加速度计,1.1768,6.3530,5.8359,,,,,,,
1568379443119038,加速度计,0.5644,6.6146,-0.5285,,,,,,,
1568379453137788,加速度计,0.5722,7.2478,-5.1948,,,,,,,
1568379446885497,陀螺仪,,,,,,,,-0.0132,-0.1201,-0.1995
1568379463156538,加速度计,0.2987,5.0554,14.5328,,,,,,,
1568379473175288,加速度计,0.3047,6.0274,-1.1750,,,,,,,
1568379466922997,陀螺仪,,,,,,,,-0.1894,-0.1545,-0.1615
1568379483194299,加速度计,-0.4387,4.0863,6.3051,,,,,,,
1568379493214715,加速度计,-0.9218,2.7683,27.1036,,,,,,,
1568379486962684,陀螺仪,,,,,,,,-0.2887,-0.2127,-0.0883
1568379503231382,加速度计,3.2669,23.1268,19.3841,,,,,,,
1568379506996018,陀螺仪,,,,,,,,0.1953,-0.0123,-0.0602
1568379513248049,加速度计,-0.2664,4.6412,-7.9811,,,,,,,
1568379523264715,加速度计,1.8136,-5.2481,16.0453,,,,,,,
1568379527029351,陀螺仪,,,,,,,,0.0515,-0.1073,-0.1119
1568379533281382,加速度计,1.0756,9.3984,-7.1485,,,,,,,
1568379543298309,加速度计,-2.5157,12.9454,8.8478,,,,,,,
1568379547063518,陀螺仪,,,,,,,,-0.1208,-0.2017,-0.1297
1568379553315653,加速度计,2.5738,4.7309,16.8133,,,,,,,
1568379563333413,加速度计,-1.9309,8.6185,18.9980,,,,,,,
1568379567099351,陀螺仪,,,,,,,,0.2450,-0.0521,-0.0630
1568379573351590,加速度计,-0.1047,8.6449,-7.4950,,,,,,,
1568379583370184,加速度计,-3.6081,-1.3934,11.0289,,,,,,,
1568379587136851,陀螺仪,,,,,,,,0.0356,-0.1336,0.0590
1568379593389195,加速度计,2.6474,14.8746,17.6620,,,,,,,
1568379603408622,加速度计,2.7719,12.2781,-10.9906,,,,,,,
1568379613428465,加速度计,0.8464,-0.5650,-3.7984,,,,,,,
1568379607176018,陀螺仪,,,,,,,,-0.1000,-0.1037,0.0258
1568379623450549,加速度计,-0.9714,6.0304,11.4676,,,,,,,
1568379637165688,GPS,,,,31.9424,118.7859,2.5700,60.9000,,,
1568379627225028,陀螺仪,,,,,,,,-0.1382,-0.0925,0.1336
1568379633477893,加速度计,-1.6741,12.0183,19.9898,,,,,,,
1568379643497788,加速度计,-2.0794,5.9125,8.6305,,,,,,,
1568379653516538,加速度计,1.7418,7.5848,24.2156,,,,,,,
1568379647264247,陀螺仪,,,,,,,,0.0184,0.0511,0.2594
1568379663535288,加速度计,-2.2859,12.1117,9.2099,,,,,,,
1568379667301747,陀螺仪,,,,,,,,0.3091,0.1088,0.3067
1568379673554038,加速度计,1.2701,-4.4454,-6.9073,,,,,,,
1568379683572788,加速度计,-1.4138,-5.8137,-2.6175,,,,,,,
1568379687339247,陀螺仪,,,,,,,,0.4389,0.0800,0.2007
1568379693591538,加速度计,1.3791,24.9925,24.3508,,,,,,,
1568379703610288,加速度计,1.2294,13.1837,-17.0491,,,,,,,
1568379707376747,陀螺仪,,,,,,,,0.5708,-0.1023,0.0085
1568379713629038,加速度计,-0.1999,-24.5932,-15.6353,,,,,,,
1568379723647788,加速度计,-3.7433,14.2204,-0.8248,,,,,,,
1568379727417372,陀螺仪,,,,,,,,-0.5173,0.0378,0.1842
1568379733670288,加速度计,3.1777,31.0031,17.4130,,,,,,,
1568379743695549,加速度计,-4.5244,11.0103,5.4492,,,,,,,
1568379753692736,加速度计,1.8489,3.3381,11.3575,,,,,,,
1568379747443101,陀螺仪,,,,,,,,-0.3601,-0.0567,0.1826
1568379763691278,加速度计,0.0209,-4.6537,24.2485,,,,,,,
1568379767441643,陀螺仪,,,,,,,,-0.1559,0.0812,0.2834
1568379773691747,加速度计,1.1199,-1.6861,-8.5407,,,,,,,
1568379783694820,加速度计,-2.3182,3.4931,28.7705,,,,,,,
1568379787450184,陀螺仪,,,,,,,,-0.1449,0.1321,0.4000
1568379793701070,加速度计,6.5583,20.0167,-2.6965,,,,,,,
1568379803710913,加速度计,-1.5484,3.5458,18.1726,,,,,,,
1568379807472684,陀螺仪,,,,,,,,-0.0969,0.1015,0.1294
1568379813724507,加速度计,1.3952,7.4705,-8.4533,,,,,,,
1568379823741851,加速度计,0.3005,3.7439,8.7688,,,,,,,
1568379833762945,加速度计,-3.2274,4.8908,14.3149,,,,,,,
1568379827510184,陀螺仪,,,,,,,,-0.3573,-0.0663,0.0234
1568379843787528,加速度计,-0.2328,4.8686,17.0258,,,,,,,
1568379853815184,加速度计,0.4812,12.0225,-0.5614,,,,,,,
1568379847561643,陀螺仪,,,,,,,,0.1097,0.0284,0.0722
1568379863845497,加速度计,-1.3036,3.1053,16.0986,,,,,,,
1568379867623726,陀螺仪,,,,,,,,0.0505,-0.0446,0.0554
1568379873877788,加速度计,-0.3388,12.8826,9.7618,,,,,,,
1568379883911486,加速度计,0.9756,16.3309,-6.5978,,,,,,,
1568379893945913,加速度计,3.1783,13.8523,6.5128,,,,,,,
1568379887691643,陀螺仪,,,,,,,,-0.1928,-0.0349,0.0314
1568379903980497,加速度计,2.0560,-2.1398,18.8531,,,,,,,
1568379907754768,陀螺仪,,,,,,,,-0.3997,-0.0342,0.1185
1568379914007528,加速度计,-6.7505,-15.0093,26.7546,,,,,,,
1568379924027684,加速度计,3.1693,7.8470,-3.6380,,,,,,,
1568379927794143,陀螺仪,,,,,,,,0.3854,0.2286,0.4692
1568379934046434,加速度计,2.9341,8.0056,5.2660,,,,,,,
1568379944065184,加速度计,2.6432,9.6403,2.5869,,,,,,,
1568379947831643,陀螺仪,,,,,,,,0.4306,0.2726,0.2695
1568379954083934,加速度计,-0.8176,13.3501,5.8664,,,,,,,
1568379964102684,加速度计,-0.2179,12.8796,-8.4539,,,,,,,
1568379967869143,陀螺仪,,,,,,,,0.0124,0.0534,0.0883
1568379974121434,加速度计,1.5371,3.2495,9.9545,,,,,,,
1568379984142268,加速度计,-0.6889,7.7716,7.6136,,,,,,,
1568379987910236,陀螺仪,,,,,,,,0.0660,0.1670,0.1654
1568379994161747,加速度计,0.3280,8.4851,7.1353,,,,,,,
1568380004174247,加速度计,0.5237,6.5918,4.2318,,,,,,,
1568380007935497,陀螺仪,,,,,,,,0.0847,0.1863,0.1816
1568380014187059,加速度计,2.6109,6.3434,4.8728,,,,,,,
1568380024200288,加速度计,-0.9463,7.6537,7.0006,,,,,,,
1568380027962528,陀螺仪,,,,,,,,0.0168,0.1702,0.1250
1568380034214247,加速度计,0.5902,8.9777,8.6191,,,,,,,
1568380044229038,加速度计,1.7621,6.2124,7.9775,,,,,,,
1568380054244663,加速度计,-0.7512,5.1314,7.9254,,,,,,,
1568380047992736,陀螺仪,,,,,,,,0.0308,0.1945,0.0889
1568380064261434,加速度计,0.1000,6.5027,7.8667,,,,,,,
1568380068027215,陀螺仪,,,,,,,,0.0740,0.1589,0.0300
1568380074279455,加速度计,0.7739,6.7307,9.1123,,,,,,,
1568380084298726,加速度计,0.1766,8.1223,6.6469,,,,,,,
1568380088066434,陀螺仪,,,,,,,,0.1103,0.1129,-0.0791
1568380094318934,加速度计,-0.0054,8.2594,3.6284,,,,,,,
1568380104339976,加速度计,0.6506,8.5443,5.5342,,,,,,,
1568380108109143,陀螺仪,,,,,,,,-0.0537,-0.0060,-0.1957
1568380114361851,加速度计,0.8200,8.5778,9.1123,,,,,,,
1568380124384559,加速度计,0.7129,6.6828,11.6268,,,,,,,
1568380134407788,加速度计,0.5279,6.9007,8.3869,,,,,,,
1568380128154924,陀螺仪,,,,,,,,-0.0266,-0.0011,-0.2569
1568380144431434,加速度计,1.9106,5.7928,3.8068,,,,,,,
1568380148202268,陀螺仪,,,,,,,,0.0015,0.0104,-0.2856
1568380154455184,加速度计,1.8160,6.4123,3.1286,,,,,,,
1568380164478934,加速度计,-0.0946,5.1817,8.9052,,,,,,,
1568380174500184,加速度计,1.0768,6.2896,9.0267,,,,,,,
1568380168247684,陀螺仪,,,,,,,,-0.0679,-0.0278,-0.2866
1568380184519663,加速度计,2.1566,7.2389,7.7973,,,,,,,
1568380194538518,加速度计,0.9415,7.0551,6.5009,,,,,,,
1568380188286226,陀螺仪,,,,,,,,-0.0117,0.0065,-0.2481
1568380204557268,加速度计,1.3809,4.8680,6.2979,,,,,,,
1568380208323726,陀螺仪,,,,,,,,-0.0218,-0.0124,-0.2996
1568380214576018,加速度计,0.2897,7.2251,3.9522,,,,,,,
1568380224594768,加速度计,0.8475,4.6735,9.7809,,,,,,,
1568380228361747,陀螺仪,,,,,,,,-0.0514,-0.0983,-0.3509
1568380234614143,加速度计,0.0168,6.1567,8.3761,,,,,,,
1568380244633882,加速度计,-0.4040,7.2371,6.6583,,,,,,,
1568380254650549,加速度计,0.4735,6.4625,8.5820,,,,,,,
1568380248398518,陀螺仪,,,,,,,,0.0262,-0.1320,-0.3956
1568380264667215,加速度计,0.2490,7.2024,6.8636,,,,,,,
1568380268431851,陀螺仪,,,,,,,,0.0483,-0.1815,-0.4209
1568380274683882,加速度计,-0.1047,7.4322,4.0025,,,,,,,
1568380284700549,加速度计,1.4114,6.0789,9.4721,,,,,,,
1568380288465445,陀螺仪,,,,,,,,0.0140,-0.1686,-0.3582
1568380294717528,加速度计,0.0748,8.3977,8.0583,,,,,,,
1568380304734924,加速度计,-0.4357,8.3193,5.6437,,,,,,,
1568380314752736,加速度计,0.7841,7.2053,2.8090,,,,,,,
1568380308500549,陀螺仪,,,,,,,,0.0666,-0.0917,-0.2188
1568380324770965,加速度计,1.2737,8.1307,4.5783,,,,,,,
1568380334789611,加速度计,-0.0628,6.9659,9.1357,,,,,,,
1568380328537320,陀螺仪,,,,,,,,-0.0273,-0.0695,-0.1101
1568380344808674,加速度计,-0.1401,8.2414,6.2543,,,,,,,
1568380354828153,加速度计,1.0271,8.4946,6.7995,,,,,,,
1568380348575757,陀螺仪,,,,,,,,0.0088,-0.0141,-0.0031
1568380364848049,加速度计,-0.0006,6.9947,7.6225,,,,,,,
1568380368615861,陀螺仪,,,,,,,,0.0047,0.0249,0.0059
1568380374868361,加速度计,-0.4579,8.3821,4.2006,,,,,,,
1568380384888778,加速度计,0.7955,8.1918,4.7124,,,,,,,
1568380388656695,陀螺仪,,,,,,,,-0.0566,0.0089,0.0109
1568380394909195,加速度计,0.3621,6.4338,8.9537,,,,,,,
1568380404929611,加速度计,-0.1413,6.5835,11.0307,,,,,,,
1568380414950028,加速度计,-1.0989,7.9374,5.6778,,,,,,,
1568380408697528,陀螺仪,,,,,,,,0.0067,0.0539,0.0292
1568380424970445,加速度计,0.9367,6.7516,1.8531,,,,,,,
1568380428738361,陀螺仪,,,,,,,,-0.0570,0.0224,0.0142
1568380434990861,加速度计,0.4639,4.6627,6.2560,,,,,,,
1568380445011278,加速度计,-0.6165,5.3935,7.6273,,,,,,,
1568380455489438,GPS,,,,31.9424,118.7859,2.5700,60.9000,,,
1568380455030445,加速度计,0.0952,6.8977,11.8681,,,,,,,
1568380448778153,陀螺仪,,,,,,,,-0.0916,0.0020,-0.0025
1568380465049195,加速度计,0.0084,7.4238,11.5269,,,,,,,
1568380475067945,加速度计,0.1143,6.2082,8.1870,,,,,,,
1568380468815653,陀螺仪,,,,,,,,0.0204,0.0378,0.0055
1568380485093674,加速度计,-0.2358,5.8508,3.8630,,,,,,,
1568380488860653,陀螺仪,,,,,,,,0.0109,-0.0093,-0.0866
1568380495110757,加速度计,-0.9122,5.8676,2.4606,,,,,,,
1568380505112320,加速度计,-0.3041,3.7828,9.7426,,,,,,,
1568380508864611,陀螺仪,,,,,,,,-0.0578,-0.0646,-0.0772
1568380515114924,加速度计,-0.8074,7.5262,10.7919,,,,,,,
1568380525119090,加速度计,0.0371,9.2925,7.2059,,,,,,,
1568380528874455,陀螺仪,,,,,,,,0.0080,-0.0545,-0.0762
1568380535125236,加速度计,1.5401,5.2750,6.1040,,,,,,,
1568380545133778,加速度计,-1.5580,5.9215,5.8718,,,,,,,
1568380548893674,陀螺仪,,,,,,,,-0.0028,-0.0948,-0.1529
1568380555145132,加速度计,0.1514,7.0779,4.0276,,,,,,,
1568380565159715,加速度计,0.8823,6.2255,9.5074,,,,,,,
1568380575177632,加速度计,0.2167,7.9152,9.0638,,,,,,,
1568380568925340,陀螺仪,,,,,,,,-0.0391,-0.1360,-0.1353
1568380585198570,加速度计,1.4114,7.0539,7.2341,,,,,,,
1568380588969403,陀螺仪,,,,,,,,0.0570,-0.0886,-0.1892
1568380595222424,加速度计,0.4812,8.2031,2.1817,,,,,,,
1568380605248882,加速度计,-0.3262,6.8007,7.9787,,,,,,,
1568380615277528,加速度计,0.3286,7.7710,8.7909,,,,,,,
1568380609023934,陀螺仪,,,,,,,,-0.0269,-0.1559,-0.1842
1568380625313205,加速度计,1.2635,7.5675,6.7726,,,,,,,
1568380642941938,GPS,,,,31.9424,118.7859,4.3200,69.5000,,,
1568380629109299,陀螺仪,,,,,,,,0.0132,-0.1634,-0.1888
1568380635364820,加速度计,0.6375,7.8320,5.2529,,,,,,,
1568380645390028,加速度计,0.4585,7.6148,7.5794,,,,,,,
1568380649156486,陀螺仪,,,,,,,,-0.0012,-0.1642,-0.2099
1568380655408778,加速度计,1.1331,6.0184,8.8484,,,,,,,
1568380665427528,加速度计,-0.0150,7.8524,3.8439,,,,,,,
1568380675446278,加速度计,0.7051,5.7718,8.0260,,,,,,,
1568380669193986,陀螺仪,,,,,,,,0.0262,-0.1643,-0.1759
1568380685465028,加速度计,0.7721,6.6996,6.9863,,,,,,,
1568380695483778,加速度计,1.0546,7.6614,6.5685,,,,,,,
1568380689231486,陀螺仪,,,,,,,,0.0491,-0.1529,-0.1505
1568380705502528,加速度计,0.7554,7.5399,4.6424,,,,,,,
1568380709268986,陀螺仪,,,,,,,,-0.0202,-0.1549,-0.1537
1568380715521278,加速度计,-0.1233,7.0922,8.7155,,,,,,,
1568380725540028,加速度计,0.2005,6.4751,6.9671,,,,,,,
1568380729308570,陀螺仪,,,,,,,,-0.0060,-0.1310,-0.0878
1568380735563101,加速度计,1.2977,7.2239,6.0603,,,,,,,
1568380745579872,加速度计,-0.2538,6.3530,7.9559,,,,,,,
1568380749341226,陀螺仪,,,,,,,,-0.0053,-0.1234,-0.0631
1568380755592788,加速度计,0.5926,6.7068,7.0234,,,,,,,
1568380765606070,加速度计,0.1047,7.7542,6.8917,,,,,,,
1568380769368101,陀螺仪,,,,,,,,0.0000,-0.1209,-0.0277
1568380775619768,加速度计,0.2466,6.6541,7.9715,,,,,,,
1568380785634247,加速度计,0.1353,6.9869,5.9909,,,,,,,
1568380789397684,陀螺仪,,,,,,,,0.0336,-0.0850,0.0089
1568380795649559,加速度计,0.1030,7.2628,4.3090,,,,,,,
1568380805665705,加速度计,0.5483,7.4909,6.9971,,,,,,,
1568380809430601,陀螺仪,,,,,,,,-0.0280,-0.0859,0.0495
1568380815682684,加速度计,-0.4597,7.0252,9.5762,,,,,,,
1568380825700861,加速度计,-0.1544,8.2558,5.1523,,,,,,,
1568380829467580,陀螺仪,,,,,,,,-0.0182,-0.0489,0.0936
1568380835719924,加速度计,-0.5267,6.3105,8.3438,,,,,,,
1568380845739820,加速度计,-0.0652,6.7074,7.9290,,,,,,,
1568380849507997,陀螺仪,,,,,,,,-0.0028,-0.0133,0.1623
1568380855760549,加速度计,-0.5165,6.4374,6.4871,,,,,,,
1568380865782111,加速度计,-1.2103,8.1235,4.7986,,,,,,,
1568380869551747,陀螺仪,,,,,,,,0.0035,0.0039,0.1963
1568380875804507,加速度计,-0.3100,6.2560,8.0816,,,,,,,
1568380885827372,加速度计,0.3112,7.2383,5.2942,,,,,,,
1568380889597788,陀螺仪,,,,,,,,-0.0160,0.0173,0.2208
1568380895850653,加速度计,-0.5070,8.4707,5.3403,,,,,,,
1568380905873986,加速度计,-0.7727,5.7389,10.7117,,,,,,,
1568380909644455,陀螺仪,,,,,,,,-0.0834,0.0137,0.2503
1568380915897320,加速度计,-1.0768,5.9717,13.6769,,,,,,,
1568380925919559,加速度计,0.5531,8.1642,4.5586,,,,,,,
1568380929686434,陀螺仪,,,,,,,,0.0530,0.0900,0.2952
1568380935938726,加速度计,0.1035,6.6798,4.9979,,,,,,,
1568380945957476,加速度计,-0.3579,5.7335,4.1641,,,,,,,
1568380949723934,陀螺仪,,,,,,,,-0.0130,0.0867,0.2815
1568380955976226,加速度计,-0.2185,6.9797,3.7385,,,,,,,
1568380965994976,加速度计,-0.0168,6.2531,9.7121,,,,,,,
1568380969761434,陀螺仪,,,,,,,,-0.0454,0.0892,0.3144
1568380976013726,加速度计,0.1095,7.0976,11.4138,,,,,,,
1568380986034455,加速度计,0.8062,6.7301,10.0533,,,,,,,
1568380989800913,陀螺仪,,,,,,,,0.0735,0.1577,0.3485
1568380996052788,加速度计,1.2480,6.5888,5.1409,,,,,,,
1568381006068205,加速度计,1.7502,6.0124,3.1340,,,,,,,
1568381009831747,陀螺仪,,,,,,,,0.0048,0.1385,0.2388
1568381016083622,加速度计,-0.3448,6.4446,5.4342,,,,,,,
1568381026099403,加速度计,-0.0748,6.0579,7.1934,,,,,,,
1568381029863622,陀螺仪,,,,,,,,-0.0071,0.1262,0.2051
1568381036115601,加速度计,0.7673,6.5398,7.2490,,,,,,,
1568381046132215,加速度计,0.4663,6.9174,5.6174,,,,,,,
1568381049897163,陀螺仪,,,,,,,,-0.0249,0.0941,0.1117
1568381056149247,加速度计,0.9116,6.2572,9.1680,,,,,,,
1568381066166695,加速度计,-0.5112,7.0294,11.0283,,,,,,,
1568381069932372,陀螺仪,,,,,,,,0.0535,0.0766,0.0453
1568381076184559,加速度计,0.1646,8.3091,4.3551,,,,,,,
1568381086202840,加速度计,1.4419,6.3835,3.1214,,,,,,,
1568381089969247,陀螺仪,,,,,,,,-0.0053,0.0160,-0.0294
1568381096221538,加速度计,0.6536,7.5627,6.2698,,,,,,,
1568381106240653,加速度计,-1.1235,6.7792,13.6188,,,,,,,
1568381110007788,陀螺仪,,,,,,,,0.0276,0.0127,-0.0443
1568381116260184,加速度计,1.0439,8.4228,6.5745,,,,,,,
1568381126280132,加速度计,2.0542,7.8207,2.5750,,,,,,,
1568381130047997,陀螺仪,,,,,,,,-0.0250,-0.0234,-0.0947
1568381136300497,加速度计,0.4004,3.9157,7.5770,,,,,,,
1568381146321278,加速度计,-1.8304,7.6866,12.4068,,,,,,,
1568381150089872,陀螺仪,,,,,,,,0.0799,0.0033,-0.0921
1568381156342476,加速度计,1.5209,11.2665,5.4426,,,,,,,
1568381166363726,加速度计,1.0283,7.3747,2.7904,,,,,,,
1568381170132372,陀螺仪,,,,,,,,-0.0248,-0.0305,-0.1037
1568381176384976,加速度计,-0.2394,5.9173,6.7475,,,,,,,
1568381186406226,加速度计,1.1510,5.6551,10.7362,,,,,,,
1568381196427476,加速度计,0.8936,7.5561,5.4606,,,,,,,
1568381190174872,陀螺仪,,,,,,,,0.0201,-0.0025,-0.0792
1568381206448726,加速度计,1.4497,8.3546,-1.7280,,,,,,,
1568381210216122,陀螺仪,,,,,,,,-0.0759,-0.0178,-0.1023
1568381216468518,加速度计,0.6877,5.1547,11.5712,,,,,,,
1568381226487372,加速度计,-0.4411,5.5629,18.1103,,,,,,,
1568381230260913,陀螺仪,,,,,,,,0.0953,0.0336,-0.0554
1568381236518934,加速度计,1.5490,12.0440,4.6920,,,,,,,
1568381246527528,加速度计,1.7693,6.8444,1.1660,,,,,,,
1568381250277163,陀螺仪,,,,,,,,-0.0142,0.0222,-0.0814
1568381256527059,加速度计,1.8639,5.2810,2.6498,,,,,,,
1568381266527736,加速度计,0.2448,5.0332,12.7671,,,,,,,
1568381270280080,陀螺仪,,,,,,,,-0.0012,0.0072,-0.1345
1568381276530393,加速度计,-1.2623,9.1016,12.6186,,,,,,,
1568381286535497,加速度计,-0.2263,8.0577,3.8906,,,,,,,
1568381290292476,陀螺仪,,,,,,,,0.1121,0.0313,-0.1004
1568381296543465,加速度计,0.9786,6.6283,2.9227,,,,,,,
1568381306554715,加速度计,-0.6853,6.8750,6.3255,,,,,,,
1568381310317476,陀螺仪,,,,,,,,0.0273,-0.0288,-0.1385
1568381316569299,加速度计,-1.4515,8.7801,12.3457,,,,,,,
1568381326587215,加速度计,-0.7404,8.3498,12.2068,,,,,,,
1568381330355809,陀螺仪,,,,,,,,0.1372,-0.0136,-0.0518
1568381336608465,加速度计,0.2699,8.2510,5.5210,,,,,,,
1568381346633049,加速度计,-0.3298,7.5776,1.9656,,,,,,,
1568381356660601,加速度计,-0.5962,7.0731,-0.3364,,,,,,,
1568381350407163,陀螺仪,,,,,,,,0.1378,0.0362,-0.0555
1568381366690705,加速度计,0.0192,5.6216,3.1538,,,,,,,
1568381370468622,陀螺仪,,,,,,,,-0.0611,-0.0314,-0.0423
1568381376722580,加速度计,-0.6728,6.9671,1.2743,,,,,,,
1568381386755757,加速度计,-1.0540,5.1978,7.4358,,,,,,,
1568381390535288,陀螺仪,,,,,,,,-0.1224,-0.0192,-0.0144
1568381396789455,加速度计,-1.3084,5.9891,9.4607,,,,,,,
1568381406823205,加速度计,-3.3579,7.2544,7.7464,,,,,,,
1568381416846382,加速度计,0.1915,6.7511,7.6555,,,,,,,
1568381410593726,陀螺仪,,,,,,,,-0.0659,0.0173,0.1189
1568381426865861,加速度计,-0.6207,5.0961,8.8107,,,,,,,
1568381436884663,加速度计,-1.2827,6.3237,6.4769,,,,,,,
1568381430632372,陀螺仪,,,,,,,,-0.0619,0.0272,0.1340
1568381446903413,加速度计,0.2646,5.5456,12.3331,,,,,,,
1568381456922163,加速度计,-0.1951,8.0984,7.0228,,,,,,,
1568381450669872,陀螺仪,,,,,,,,0.0221,0.0369,0.1345
1568381466940913,加速度计,0.4106,8.9166,3.8630,,,,,,,
1568381476959663,加速度计,0.5261,5.0147,6.3877,,,,,,,
1568381470707372,陀螺仪,,,,,,,,-0.0652,-0.0186,0.0643
1568381486984090,加速度计,-0.3178,4.5328,7.9619,,,,,,,
1568381496998257,加速度计,0.1676,6.0753,10.2825,,,,,,,
1568381490746538,陀螺仪,,,,,,,,-0.0533,-0.0491,0.0047
1568381507012424,加速度计,0.9864,7.5944,8.3288,,,,,,,
1568381510774872,陀螺仪,,,,,,,,0.0198,-0.0546,-0.0056
1568381517026590,加速度计,1.3240,6.9528,9.1901,,,,,,,
1568381527041174,加速度计,1.2564,8.8238,2.4792,,,,,,,
1568381530804351,陀螺仪,,,,,,,,-0.0257,-0.0587,-0.0928
1568381537056174,加速度计,0.0036,6.3207,6.8887,,,,,,,
1568381547072007,加速度计,-0.2400,8.8502,7.7087,,,,,,,
1568381550836643,陀螺仪,,,,,,,,-0.0549,-0.0486,-0.0565
1568381557088674,加速度计,0.3555,7.3700,10.2789,,,,,,,
1568381567106174,加速度计,1.3408,9.3356,5.5534,,,,,,,
1568381570872268,陀螺仪,,,,,,,,-0.0819,-0.0687,-0.0715
1568381577124507,加速度计,0.9948,7.1353,5.1793,,,,,,,
1568381587143674,加速度计,1.0259,5.9268,8.5970,,,,,,,
1568381590911226,陀螺仪,,,,,,,,-0.1154,-0.0610,-0.0796
1568381597163674,加速度计,1.4754,7.9859,5.5935,,,,,,,
1568381607184507,加速度计,0.7482,5.5109,9.0447,,,,,,,
1568381610953153,陀螺仪,,,,,,,,-0.0475,-0.0441,-0.0646
1568381617205757,加速度计,1.6933,5.0655,7.5980,,,,,,,
1568381627250809,加速度计,1.3396,5.3840,4.4347,,,,,,,
1568381631011799,陀螺仪,,,,,,,,0.0530,-0.0477,-0.1031
1568381637263309,加速度计,1.2791,6.5080,3.8607,,,,,,,
1568381645217718,GPS,,,,31.9424,118.7859,4.6200,74.3000,,,
1568381647275809,加速度计,0.6153,7.5573,8.6898,,,,,,,
1568381651037163,陀螺仪,,,,,,,,0.0740,-0.0676,-0.1222
1568381657288726,加速度计,1.4395,8.7382,6.7576,,,,,,,
1568381667302059,加速度计,1.6622,8.3653,3.9786,,,,,,,
1568381677316226,加速度计,-0.2430,6.1411,4.3748,,,,,,,
1568381671064507,陀螺仪,,,,,,,,0.0093,-0.0654,-0.1722
1568381687331226,加速度计,0.0718,7.2215,5.9143,,,,,,,
1568381691095132,陀螺仪,,,,,,,,-0.0330,-0.0577,-0.1121
1568381697347059,加速度计,0.6476,7.7051,9.2536,,,,,,,
1568381707364143,加速度计,1.7992,6.7798,9.6744,,,,,,,
1568381711130236,陀螺仪,,,,,,,,0.0128,-0.0217,-0.0867
1568381717382476,加速度计,0.5872,5.9681,5.4366,,,,,,,
1568381727402059,加速度计,1.0989,5.8909,5.9005,,,,,,,
1568381731171486,陀螺仪,,,,,,,,0.0077,-0.0250,-0.0613
1568381737426695,加速度计,-0.1155,6.6714,7.6956,,,,,,,
1568381747468778,加速度计,-0.4633,8.9112,8.0134,,,,,,,
1568381751237424,陀螺仪,,,,,,,,0.0149,0.0068,-0.0186
1568381757490028,加速度计,0.5130,8.2624,7.7147,,,,,,,
1568381767509195,加速度计,-0.6883,6.9695,10.4273,,,,,,,
1568381771275653,陀螺仪,,,,,,,,0.0063,0.0144,0.0015
1568381777527945,加速度计,-1.7262,6.1429,7.5866,,,,,,,
1568381787546695,加速度计,-0.7195,8.3941,3.2136,,,,,,,
1568381791313153,陀螺仪,,,,,,,,0.0282,0.0087,0.0734
1568381797565445,加速度计,-0.6075,7.5800,7.9505,,,,,,,
1568381807584195,加速度计,0.5297,6.7570,8.7484,,,,,,,
1568381811350653,陀螺仪,,,,,,,,0.0133,0.0242,0.1012
1568381817602945,加速度计,-0.4848,6.8139,5.6294,,,,,,,
1568381827621695,加速度计,-0.2179,8.3145,4.5526,,,,,,,
1568381831388153,陀螺仪,,,,,,,,-0.0373,0.0290,0.1229
1568381837640445,加速度计,-0.8661,4.4508,9.6109,,,,,,,
1568381847659195,加速度计,-0.2562,8.0068,7.4430,,,,,,,
1568381851425653,陀螺仪,,,,,,,,-0.0003,0.0486,0.1796
1568381857677945,加速度计,0.2981,6.0621,7.6626,,,,,,,
1568381867696695,加速度计,0.6159,6.6834,4.8818,,,,,,,
1568381871463153,陀螺仪,,,,,,,,-0.0004,0.0862,0.1972
1568381877715445,加速度计,0.2436,6.3566,7.4903,,,,,,,
1568381887734195,加速度计,0.7721,6.8989,6.6798,,,,,,,
1568381897752945,加速度计,-0.0778,6.5547,5.2415,,,,,,,
1568381891500653,陀螺仪,,,,,,,,0.0052,0.1150,0.1660
1568381907771695,加速度计,0.0227,5.1775,5.0763,,,,,,,
1568381917790445,加速度计,0.2388,4.9153,8.5832,,,,,,,
1568381911538153,陀螺仪,,,,,,,,-0.0655,0.0776,0.1405
1568381927809195,加速度计,-0.3813,6.2417,13.5308,,,,,,,
1568381937827945,加速度计,0.7919,7.6836,7.6201,,,,,,,
1568381931575653,陀螺仪,,,,,,,,0.0601,0.1031,0.1553
1568381947846695,加速度计,0.8272,6.2752,4.3952,,,,,,,
1568381951613153,陀螺仪,,,,,,,,0.0507,0.1101,0.1101
1568381957865445,加速度计,0.9080,5.7455,4.0121,,,,,,,
1568381967884195,加速度计,-0.1395,6.7744,9.8922,,,,,,,
1568381971650653,陀螺仪,,,,,,,,0.0344,0.1072,0.0458
1568381977902945,加速度计,-0.5249,8.3767,10.2903,,,,,,,
1568381987945549,加速度计,1.2791,6.8480,6.5948,,,,,,,
1568381997944299,加速度计,0.0658,6.5697,4.8782,,,,,,,
1568381991694507,陀螺仪,,,,,,,,0.0711,0.0812,0.0369
1568382007943465,加速度计,1.7310,6.6732,1.4377,,,,,,,
1568382011693882,陀螺仪,,,,,,,,-0.0232,0.0361,-0.0644
1568382017943882,加速度计,0.7422,8.8663,7.7249,,,,,,,
1568382027946382,加速度计,0.3921,7.3173,8.3612,,,,,,,
1568382031700809,陀螺仪,,,,,,,,-0.0485,0.0085,-0.1358
1568382037951382,加速度计,0.2945,6.5410,9.2751,,,,,,,
1568382047959299,加速度计,1.3551,7.9039,6.6924,,,,,,,
1568382057970549,加速度计,1.7125,7.2981,6.2118,,,,,,,
1568382051719195,陀螺仪,,,,,,,,0.0012,0.0007,-0.1579
1568382067985549,加速度计,0.6416,7.7243,7.3137,,,,,,,
1568382071752007,陀螺仪,,,,,,,,-0.0137,-0.0473,-0.2372
1568382078004299,加速度计,0.3980,7.4945,9.0621,,,,,,,
1568382088026382,加速度计,1.1331,7.1772,3.7338,,,,,,,
1568382098051799,加速度计,1.1654,8.1086,4.1779,,,,,,,
1568382091798674,陀螺仪,,,,,,,,0.0180,-0.0602,-0.2502
1568382108080132,加速度计,1.0325,7.2425,7.3777,,,,,,,
1568382118110965,加速度计,0.1694,6.9366,12.0416,,,,,,,
1568382111857163,陀螺仪,,,,,,,,-0.0678,-0.0695,-0.2328
1568382128143465,加速度计,0.7302,8.2582,4.1300,,,,,,,
1568382131923049,陀螺仪,,,,,,,,0.0043,0.0320,-0.1152
1568382138177215,加速度计,1.1355,5.2864,-0.1760,,,,,,,
1568382148211382,加速度计,0.0239,3.7655,3.8780,,,,,,,
1568382151991330,陀螺仪,,,,,,,,-0.1280,0.0369,-0.0599
1568382158245549,加速度计,0.4334,6.8965,11.7555,,,,,,,
1568382168265965,加速度计,-2.0219,6.7301,17.4633,,,,,,,
1568382172032424,陀螺仪,,,,,,,,0.0648,0.1210,0.0652
1568382178284715,加速度计,-0.0575,10.6991,7.4897,,,,,,,
1568382188303465,加速度计,-0.5543,6.5463,2.7078,,,,,,,
1568382192069924,陀螺仪,,,,,,,,0.0430,0.1272,0.0779
1568382198322215,加速度计,0.5399,5.2230,1.1929,,,,,,,
1568382208340965,加速度计,-0.3717,7.6632,6.4751,,,,,,,
1568382218359715,加速度计,-0.9679,8.2917,9.4403,,,,,,,
1568382212107424,陀螺仪,,,,,,,,-0.0796,0.0487,-0.0105
1568382228378465,加速度计,-1.4413,5.7934,12.4361,,,,,,,
1568382232152945,陀螺仪,,,,,,,,0.0132,0.0446,-0.0357
1568382238404351,加速度计,1.6364,6.7139,6.2674,,,,,,,
1568382252176278,陀螺仪,,,,,,,,0.0401,0.0353,-0.1177
1568382248416018,加速度计,0.5650,6.4985,4.6615,,,,,,,
1568382258427736,加速度计,0.9403,5.9987,6.2345,,,,,,,
1568382268439924,加速度计,0.7524,8.1618,5.4007,,,,,,,
1568382272201278,陀螺仪,,,,,,,,0.0016,-0.0016,-0.2027
1568382278452945,加速度计,1.0947,6.4805,7.5573,,,,,,,
1568382288466799,加速度计,0.8918,7.6291,9.0255,,,,,,,
1568382292229611,陀螺仪,,,,,,,,0.0357,-0.0025,-0.2422
1568382298481538,加速度计,0.5465,6.6613,5.5438,,,,,,,
1568382312262528,陀螺仪,,,,,,,,-0.0342,-0.0607,-0.3105
1568382308497528,加速度计,0.9906,9.3948,2.7270,,,,,,,
1568382318514768,加速度计,1.7520,6.6810,8.0888,,,,,,,
1568382328533257,加速度计,-0.1257,5.8610,8.1792,,,,,,,
1568382332300445,陀螺仪,,,,,,,,0.0003,-0.0672,-0.3707
1568382338552997,加速度计,-0.0479,7.0617,5.2918,,,,,,,
1568382352342945,陀螺仪,,,,,,,,-0.0485,-0.1461,-0.3771
1568382348573934,加速度计,0.3448,7.3257,8.0134,,,,,,,
1568382358595705,加速度计,-0.4106,5.9825,8.0493,,,,,,,
1568382368618309,加速度计,-0.6081,6.8360,7.9392,,,,,,,
1568382372388778,陀螺仪,,,,,,,,0.0201,-0.1586,-0.3787
1568382378641695,加速度计,-0.7919,4.2329,9.4451,,,,,,,
1568382392436695,陀螺仪,,,,,,,,0.0768,-0.1759,-0.3422
1568382388665497,加速度计,-0.0802,7.3987,3.7583,,,,,,,
1568382398689663,加速度计,-1.0050,8.1816,6.8564,,,,,,,
1568382408713830,加速度计,-0.4645,8.5527,5.2361,,,,,,,
1568382412485028,陀螺仪,,,,,,,,-0.0249,-0.2061,-0.2967
1568382418737528,加速度计,-1.7998,6.7115,9.2045,,,,,,,
1568382428757736,加速度计,-0.7326,5.8017,12.1015,,,,,,,
1568382432524195,陀螺仪,,,,,,,,0.0290,-0.1533,-0.1679
1568382452561695,陀螺仪,,,,,,,,0.0068,-0.1328,-0.0802
1568382438776486,加速度计,0.4645,6.1711,6.7313,,,,,,,
1568382448795236,加速度计,-0.6147,7.0102,4.0480,,,,,,,
1568382458813986,加速度计,-0.1095,5.6605,3.1053,,,,,,,
1568382468832736,加速度计,0.7482,6.6463,11.4850,,,,,,,
1568382472599195,陀螺仪,,,,,,,,-0.0164,-0.0975,-0.0338
1568382478851643,加速度计,-2.1925,6.8384,10.4381,,,,,,,
1568382488873309,加速度计,0.0760,9.1339,4.4604,,,,,,,
1568382492637580,陀螺仪,,,,,,,,0.0304,-0.0762,0.0439
1568382498889559,加速度计,-0.5154,5.7646,5.6922,,,,,,,
1568382508905809,加速度计,0.6835,6.6200,4.8782,,,,,,,
1568382512670080,陀螺仪,,,,,,,,-0.0304,-0.0905,0.0177
1568382518922059,加速度计,-1.3994,8.0756,6.7666,,,,,,,
1568382528938361,加速度计,-0.6943,7.4023,10.3046,,,,,,,
1568382532702997,陀螺仪,,,,,,,,-0.0048,-0.0925,0.0312
1568382538955080,加速度计,0.9643,7.3771,7.4083,,,,,,,
1568382548972215,加速度计,-0.0311,7.6028,6.4458,,,,,,,
1568382552737580,陀螺仪,,,,,,,,0.0405,-0.0860,-0.0186
1568382558989768,加速度计,0.4339,7.1072,5.4863,,,,,,,
1568382569007736,加速度计,1.6328,7.1443,2.9706,,,,,,,
1568382572773830,陀螺仪,,,,,,,,-0.0141,-0.1105,-0.0431
1568382579026122,加速度计,1.3880,6.5960,5.1733,,,,,,,
1568382589044924,加速度计,1.5508,6.4512,10.6404,,,,,,,
1568382592811747,陀螺仪,,,,,,,,-0.0146,-0.0752,-0.0558
1568382599064143,加速度计,-0.3932,8.5132,9.0459,,,,,,,
1568382609083778,加速度计,1.5443,7.9074,2.8718,,,,,,,
1568382612851330,陀螺仪,,,,,,,,0.0039,-0.0696,-0.0430
1568382619103934,加速度计,2.3996,7.6004,2.1925,,,,,,,
1568382629128570,加速度计,-0.8853,4.8267,11.3497,,,,,,,
1568382649656312,GPS,,,,31.9424,118.7860,4.2800,74.2000,,,
1568382632902528,陀螺仪,,,,,,,,-0.0706,-0.0704,-0.0591
1568382639154820,加速度计,0.0964,8.8921,11.3814,,,,,,,
1568382649173570,加速度计,0.3484,7.2742,8.7119,,,,,,,
1568382652940028,陀螺仪,,,,,,,,0.0664,-0.0459,-0.0119
1568382659192320,加速度计,1.4293,7.3993,3.9828,,,,,,,
1568382669211070,加速度计,-0.0455,6.8372,2.3290,,,,,,,
1568382679229820,加速度计,0.0449,7.3215,7.4681,,,,,,,
1568382672977528,陀螺仪,,,,,,,,-0.0150,-0.0674,-0.0521
1568382689248570,加速度计,1.2210,7.4005,9.6881,,,,,,,
1568382699267320,加速度计,-0.1215,6.0262,9.3721,,,,,,,
1568382693015028,陀螺仪,,,,,,,,-0.0107,-0.0660,0.0003
1568382709286070,加速度计,0.7775,7.5208,5.1451,,,,,,,
1568382719304820,加速度计,0.8535,6.9228,5.8275,,,,,,,
1568382713052528,陀螺仪,,,,,,,,0.0439,-0.0274,-0.0085
1568382729324820,加速度计,-0.4513,7.3287,7.8638,,,,,,,
1568382733113309,陀螺仪,,,,,,,,0.0181,-0.0402,0.0056
1568382739362893,加速度计,0.1604,6.6780,7.6399,,,,,,,
1568382749360080,加速度计,0.8146,6.9947,5.1529,,,,,,,
1568382753108309,陀螺仪,,,,,,,,0.0288,-0.0409,0.0031
1568382759358205,加速度计,0.2298,7.2065,5.0817,,,,,,,
1568382769358049,加速度计,0.0096,7.5675,8.5748,,,,,,,
1568382773109559,陀螺仪,,,,,,,,-0.0029,-0.0526,-0.0194
1568382779360080,加速度计,-0.3047,8.0068,7.3813,,,,,,,
1568382789365080,加速度计,0.4741,7.1024,4.5705,,,,,,,
1568382793122059,陀螺仪,,,,,,,,-0.0113,-0.0590,-0.0305
1568382799373465,加速度计,-0.2430,6.4428,5.2822,,,,,,,
1568382809385601,加速度计,0.0964,4.4963,8.9573,,,,,,,
1568382813149143,陀螺仪,,,,,,,,0.0176,-0.0585,-0.0345
1568382819401486,加速度计,0.1598,6.7929,6.1992,,,,,,,
1568382829421070,加速度计,0.5243,9.3823,5.3510,,,,,,,
1568382833190809,陀螺仪,,,,,,,,-0.0286,-0.1025,-0.0438
1568382839443986,加速度计,1.8699,5.1613,13.5452,,,,,,,
1568382849470184,加速度计,0.7398,5.8089,10.1095,,,,,,,
1568382853245393,陀螺仪,,,,,,,,0.1270,-0.0324,-0.0636
1568382859499247,加速度计,1.3827,8.3133,4.0510,,,,,,,
1568382869530705,加速度计,1.8788,6.0723,-1.4521,,,,,,,
1568382873309559,陀螺仪,,,,,,,,-0.0226,-0.0655,-0.1101
1568382879563778,加速度计,1.2151,6.3243,1.0977,,,,,,,
1568382889597997,加速度计,0.6057,5.2577,13.4871,,,,,,,
1568382893378309,陀螺仪,,,,,,,,-0.1063,-0.0755,-0.1237
1568382899632580,加速度计,0.1670,6.7983,16.1513,,,,,,,
1568382909665236,加速度计,2.2691,7.7788,15.1092,,,,,,,
1568382913432059,陀螺仪,,,,,,,,0.1232,0.0181,-0.0312
1568382919684351,加速度计,1.3001,7.5058,6.9552,,,,,,,
1568382929703101,加速度计,1.6658,5.7389,0.9984,,,,,,,
1568382933469559,陀螺仪,,,,,,,,0.1077,0.0047,-0.1362
1568382939721851,加速度计,1.2486,8.5497,-2.8964,,,,,,,
1568382949740601,加速度计,-1.5305,7.1371,3.4429,,,,,,,
1568382953507059,陀螺仪,,,,,,,,-0.1499,-0.1352,-0.2322
1568382959759351,加速度计,-0.7590,5.9550,13.0586,,,,,,,
1568382969778101,加速度计,-0.6812,7.6519,15.1774,,,,,,,
1568382973544559,陀螺仪,,,,,,,,0.0330,-0.0723,-0.1190
1568382979797320,加速度计,0.0431,8.4324,7.2610,,,,,,,
1568382989827840,加速度计,0.5333,6.5326,1.6927,,,,,,,
1568382993583361,陀螺仪,,,,,,,,0.0043,-0.0559,-0.1101
1568382999834143,加速度计,-0.2873,6.4452,1.9902,,,,,,,
1568383009840913,加速度计,-1.3354,5.7191,7.4340,,,,,,,
1568383013597528,陀螺仪,,,,,,,,-0.0786,-0.1164,-0.1104
1568383019848570,加速度计,-0.8487,8.0637,7.1455,,,,,,,
1568383029857528,加速度计,-1.1851,6.6984,8.7777,,,,,,,
1568383033616695,陀螺仪,,,,,,,,-0.0550,-0.0992,-0.0073
1568383039868153,加速度计,-0.7380,6.4434,8.2055,,,,,,,
1568383049880497,加速度计,0.3639,6.7133,7.5615,,,,,,,
1568383053642945,陀螺仪,,,,,,,,-0.0324,-0.0832,0.0294
1568383059894924,加速度计,-0.5249,7.1162,6.5984,,,,,,,
1568383069911434,加速度计,-0.9319,7.8524,8.8448,,,,,,,
1568383073677528,陀螺仪,,,,,,,,0.0091,-0.0720,0.0269
1568383079930028,加速度计,-1.5431,7.4352,7.4310,,,,,,,
1568383089950705,加速度计,-0.1652,8.1840,5.8089,,,,,,,
1568383093720445,陀螺仪,,,,,,,,0.0052,-0.1119,0.0276
1568383099973413,加速度计,-0.7069,6.7858,6.7457,,,,,,,
1568383109997736,加速度计,0.2939,4.0211,9.8767,,,,,,,
1568383113770028,陀螺仪,,,,,,,,0.0708,-0.1044,0.0011
1568383120023309,加速度计,0.1688,7.3376,6.1124,,,,,,,
1568383130050080,加速度计,-0.4824,8.4898,5.5498,,,,,,,
1568383133824195,陀螺仪,,,,,,,,0.0735,-0.0995,0.0201
1568383140077632,加速度计,0.2909,7.6902,4.5328,,,,,,,
1568383150105549,加速度计,1.0672,9.8533,5.2553,,,,,,,
1568383153880028,陀螺仪,,,,,,,,-0.0401,-0.1053,0.0168
1568383160133049,加速度计,0.3280,7.7907,9.3116,,,,,,,
1568383170156955,加速度计,0.5375,6.1555,7.7446,,,,,,,
1568383173923778,陀螺仪,,,,,,,,-0.0194,-0.0666,0.0545
1568383180176070,加速度计,-0.9649,5.5049,7.2664,,,,,,,
1568383190194820,加速度计,0.9098,5.5689,7.4442,,,,,,,
1568383193961278,陀螺仪,,,,,,,,0.0513,-0.0365,0.0924
1568383200213570,加速度计,-0.2933,7.6010,6.3722,,,,,,,
1568383210232320,加速度计,-0.3466,9.0662,1.2869,,,,,,,
1568383213998778,陀螺仪,,,,,,,,-0.0103,-0.0617,0.0474
1568383220251070,加速度计,1.0427,7.9152,0.2322,,,,,,,
1568383230269976,加速度计,-1.5814,3.7679,10.6524,,,,,,,
1568383234038986,陀螺仪,,,,,,,,-0.0807,-0.0929,0.0257
1568383240291018,加速度计,-0.6500,6.8378,10.6931,,,,,,,
1568383250307684,加速度计,-0.1377,8.2612,9.1135,,,,,,,
1568383260324351,加速度计,-0.5525,6.5841,6.6924,,,,,,,
1568383254072320,陀螺仪,,,,,,,,0.0273,-0.0598,0.0957
1568383270341018,加速度计,-0.3747,5.9179,6.7690,,,,,,,
1568383274105653,陀螺仪,,,,,,,,0.0182,-0.0722,0.0850
1568383280357684,加速度计,-0.4106,6.1729,7.5453,,,,,,,
1568383290374455,加速度计,-0.6979,8.1050,8.7664,,,,,,,
1568383294139507,陀螺仪,,,,,,,,0.0581,-0.0803,0.0871
1568383300391643,加速度计,-0.7709,7.8883,6.4937,,,,,,,
1568383310409247,加速度计,-0.3041,6.7169,3.3878,,,,,,,
1568383314175028,陀螺仪,,,,,,,,-0.0149,-0.0948,0.0850
1568383320427268,加速度计,0.3238,5.2613,8.7317,,,,,,,
1568383330445705,加速度计,-0.9942,6.8708,12.0363,,,,,,,
1568383334212215,陀螺仪,,,,,,,,0.0150,-0.0924,0.1294
1568383340464559,加速度计,0.5896,6.5978,9.2715,,,,,,,
1568383350483830,加速度计,0.4004,7.5854,4.5101,,,,,,,
1568383360503518,加速度计,0.2041,6.2225,5.7203,,,,,,,
1568383354251070,陀螺仪,,,,,,,,0.0409,-0.0698,0.1027
1568383370523622,加速度计,-0.5219,6.4195,7.7105,,,,,,,
1568383374291538,陀螺仪,,,,,,,,0.0103,-0.0870,0.0951
1568383380544038,加速度计,-0.3256,8.3959,8.1283,,,,,,,
1568383390564455,加速度计,0.6536,7.9966,6.6206,,,,,,,
1568383394332372,陀螺仪,,,,,,,,-0.0083,-0.0875,0.0969
1568383400584872,加速度计,0.0545,6.3590,6.5044,,,,,,,
1568383410605288,加速度计,-0.0892,7.5286,7.4041,,,,,,,
1568383420625705,加速度计,-0.6111,7.3155,8.3683,,,,,,,
1568383414373205,陀螺仪,,,,,,,,-0.0067,-0.0683,0.1088
1568383430646122,加速度计,1.3874,8.2660,2.2781,,,,,,,
1568383434414038,陀螺仪,,,,,,,,-0.0027,-0.0438,0.1338
1568383440666538,加速度计,1.2588,6.1699,3.0436,,,,,,,
1568383450686538,加速度计,0.2113,6.1681,9.8306,,,,,,,
1568383460705288,加速度计,-0.2430,6.0178,12.2942,,,,,,,
1568383470724038,加速度计,1.6975,8.7478,1.3743,,,,,,,
1568383454452997,陀螺仪,,,,,,,,-0.0318,-0.0148,0.1579
1568383474491174,陀螺仪,,,,,,,,0.0615,0.0423,0.2265
1568383480744143,加速度计,2.4403,6.7115,1.2534,,,,,,,
1568383490776330,加速度计,-0.1951,4.7010,8.9220,,,,,,,
1568383494526434,陀螺仪,,,,,,,,-0.0634,0.0439,0.1925
1568383500776434,加速度计,0.8386,7.7297,12.3840,,,,,,,
1568383510777163,加速度计,1.0050,10.5087,8.4048,,,,,,,
1568383514528934,陀螺仪,,,,,,,,0.0617,0.0764,0.2149
1568383520779351,加速度计,0.3819,7.1401,6.8187,,,,,,,
1568383530783726,加速度计,0.9798,6.3147,5.0625,,,,,,,
1568383534539611,陀螺仪,,,,,,,,0.0503,0.0617,0.1406
1568383540790705,加速度计,0.2352,6.6248,4.5286,,,,,,,
1568383550800601,加速度计,-0.1059,8.8753,5.1224,,,,,,,
1568383554561643,陀螺仪,,,,,,,,-0.0148,-0.0076,0.1337
1568383560813518,加速度计,0.5525,6.5422,10.6494,,,,,,,
1568383570829768,加速度计,0.9361,7.4950,7.4107,,,,,,,
1568383574596643,陀螺仪,,,,,,,,0.0542,0.0490,0.0795
1568383580849351,加速度计,0.9691,7.7584,3.7134,,,,,,,
1568383590872163,加速度计,-0.3795,7.1275,0.3956,,,,,,,
1568383594644403,陀螺仪,,,,,,,,-0.0636,0.0300,0.0387
1568383600897788,加速度计,-1.6185,6.6277,6.4177,,,,,,,
1568383610925809,加速度计,-1.3096,5.4935,15.3486,,,,,,,
1568383614702007,陀螺仪,,,,,,,,-0.0168,0.0121,0.1463
1568383620955913,加速度计,0.8446,9.1776,9.5720,,,,,,,
1568383630996799,加速度计,2.0255,8.1558,2.8054,,,,,,,
1568383645326259,GPS,,,,31.9424,118.7860,4.1800,76.0000,,,
1568383634784663,陀螺仪,,,,,,,,0.0003,0.0526,0.1357
1568383641038413,加速度计,0.6776,6.2489,4.3539,,,,,,,
1568383651064611,加速度计,-0.0132,5.9981,7.2053,,,,,,,
1568383661083622,加速度计,0.0611,7.2658,8.6868,,,,,,,
1568383654831330,陀螺仪,,,,,,,,-0.0629,0.0284,0.0943
1568383671102372,加速度计,-0.4286,5.4983,9.0016,,,,,,,
1568383674868830,陀螺仪,,,,,,,,0.0065,0.0387,0.1245
1568383681121122,加速度计,1.5425,6.4901,5.6336,,,,,,,
1568383691139872,加速度计,1.8094,7.0844,5.1703,,,,,,,
1568383694906330,陀螺仪,,,,,,,,-0.0338,0.0519,0.0715
1568383701158622,加速度计,0.5830,6.9935,6.6343,,,,,,,
1568383711177372,加速度计,0.0275,4.3772,12.8467,,,,,,,
1568383721196122,加速度计,0.2699,5.6515,9.9395,,,,,,,
1568383714943830,陀螺仪,,,,,,,,0.0056,0.0660,0.1064
1568383731216122,加速度计,1.4563,7.6770,5.8927,,,,,,,
1568383734994872,陀螺仪,,,,,,,,0.0648,0.0967,0.1124
1568383741245393,加速度计,0.2975,6.9629,3.7397,,,,,,,
1568383751250080,加速度计,-0.3855,6.1806,5.9179,,,,,,,
1568383755004611,陀螺仪,,,,,,,,-0.0270,0.0654,0.0651
1568383761255288,加速度计,-0.2065,5.4540,9.3446,,,,,,,
1568383771261434,加速度计,-0.0353,7.4968,4.8758,,,,,,,
1568383775017893,陀螺仪,,,,,,,,-0.0170,0.0671,0.0780
1568383781268934,加速度计,-0.0132,5.7132,8.3516,,,,,,,
1568383791278205,加速度计,-0.2490,7.1377,7.4801,,,,,,,
1568383801289663,加速度计,0.4489,7.1617,7.6770,,,,,,,
1568383795038049,陀螺仪,,,,,,,,-0.0027,0.0800,0.1277
1568383811303622,加速度计,1.2049,9.0716,8.7526,,,,,,,
1568383815067840,陀螺仪,,,,,,,,0.0003,0.0908,0.1085
1568383821320080,加速度计,-0.1706,5.9502,9.8090,,,,,,,
1568383831339038,加速度计,0.8080,7.7476,3.8529,,,,,,,
1568383841360497,加速度计,-0.4064,7.6543,3.4536,,,,,,,
1568383835107632,陀螺仪,,,,,,,,0.0610,0.1312,0.1137
1568383851384351,加速度计,-0.2131,8.0086,5.0799,,,,,,,
1568383855156851,陀螺仪,,,,,,,,-0.0566,0.0710,0.0820
1568383861410184,加速度计,0.2448,5.1374,10.7895,,,,,,,
1568383871437580,加速度计,-0.8841,9.9497,6.0244,,,,,,,
1568383875212528,陀螺仪,,,,,,,,-0.0017,0.1017,0.1185
1568383881466122,加速度计,1.5018,5.8143,11.0265,,,,,,,
1568383891495393,加速度计,1.2378,8.0373,4.9979,,,,,,,
1568383895271330,陀螺仪,,,,,,,,0.0482,0.1676,0.1198
1568383901524976,加速度计,-1.1109,6.4727,6.1561,,,,,,,
1568383911552893,加速度计,1.6765,7.3813,1.9686,,,,,,,
1568383921574872,加速度计,-0.0515,5.4558,9.1710,,,,,,,
1568383915322528,陀螺仪,,,,,,,,-0.0298,0.1107,0.0992
1568383931593934,加速度计,0.7003,7.2131,8.5515,,,,,,,
1568383941612684,加速度计,0.8374,6.9127,9.5247,,,,,,,
1568383935360393,陀螺仪,,,,,,,,0.0230,0.1196,0.0728
1568383951631434,加速度计,1.4623,7.2419,7.0210,,,,,,,
1568383955397893,陀螺仪,,,,,,,,0.0551,0.1145,0.0357
1568383961650184,加速度计,2.0955,8.0601,4.0546,,,,,,,
1568383971668934,加速度计,1.0846,6.6134,7.1150,,,,,,,
1568383975435601,陀螺仪,,,,,,,,0.0101,0.0747,-0.1185
1568383981688101,加速度计,0.6159,7.1323,7.8147,,,,,,,
1568383991709559,加速度计,1.0630,6.1262,5.4025,,,,,,,
1568383995472736,陀螺仪,,,,,,,,0.0099,0.0237,-0.2181
1568384001724559,加速度计,1.5706,5.9125,8.4102,,,,,,,
1568384011739559,加速度计,1.9698,7.0982,8.6036,,,,,,,
1568384021754715,加速度计,0.3280,7.8015,3.6326,,,,,,,
1568384015502840,陀螺仪,,,,,,,,0.0936,-0.0012,-0.3185
1568384031770288,加速度计,2.1201,8.2492,4.4843,,,,,,,
1568384041786278,加速度计,1.8794,6.6936,7.0539,,,,,,,
1568384035534299,陀螺仪,,,,,,,,0.0033,-0.0871,-0.4129
1568384051802684,加速度计,0.8212,6.7403,7.8967,,,,,,,
1568384055567528,陀螺仪,,,,,,,,0.0049,-0.0915,-0.4194
1568384061819663,加速度计,0.8942,9.1135,7.1036,,,,,,,
1568384071837476,加速度计,1.3360,6.0310,9.7815,,,,,,,
1568384075603778,陀螺仪,,,,,,,,0.0258,-0.0768,-0.3762
1568384081856122,加速度计,1.1971,7.1132,6.5823,,,,,,,
1568384091875601,加速度计,0.5261,7.4741,4.5669,,,,,,,
1568384095643257,陀螺仪,,,,,,,,0.0336,-0.0810,-0.3538
1568384101895757,加速度计,0.7057,7.2443,5.0434,,,,,,,
1568384111916330,加速度计,-0.3376,7.7967,11.2264,,,,,,,
1568384121937320,加速度计,-1.5293,7.2335,9.1081,,,,,,,
1568384115684715,陀螺仪,,,,,,,,0.0128,-0.1029,-0.3304
1568384131958726,加速度计,0.4723,6.9037,6.3799,,,,,,,
1568384135727736,陀螺仪,,,,,,,,0.0409,-0.1123,-0.2601
1568384141980393,加速度计,-0.9649,7.1467,7.4771,,,,,,,
1568384152002059,加速度计,-1.9118,5.5695,9.2853,,,,,,,
1568384155771070,陀螺仪,,,,,,,,0.1044,-0.0924,-0.1754
1568384162023726,加速度计,-0.5758,8.0296,5.9831,,,,,,,
1568384172045393,加速度计,-1.3210,8.1888,-1.4335,,,,,,,
1568384182066122,加速度计,-0.2011,6.0992,0.0802,,,,,,,
1568384175813778,陀螺仪,,,,,,,,-0.0093,-0.1157,-0.0987
1568384192085288,加速度计,-0.2239,4.2455,9.7522,,,,,,,
1568384195852007,陀螺仪,,,,,,,,-0.1063,-0.0923,-0.0312
1568384202104299,加速度计,-2.9125,6.4590,14.3508,,,,,,,
1568384212123049,加速度计,-1.9650,8.4084,11.9961,,,,,,,
1568384215889507,陀螺仪,,,,,,,,0.0510,0.0028,0.1827
1568384222141799,加速度计,-1.7029,7.8763,4.6861,,,,,,,
1568384232162736,加速度计,-0.9547,5.7090,3.7356,,,,,,,
1568384235943882,陀螺仪,,,,,,,,-0.0320,-0.0059,0.2141
1568384242193465,加速度计,0.0407,6.7361,6.5757,,,,,,,
1568384252190861,加速度计,-1.9986,7.6974,10.6638,,,,,,,
1568384255939507,陀螺仪,,,,,,,,-0.0312,0.0120,0.2385
1568384262189403,加速度计,-2.0225,5.7359,11.2719,,,,,,,
1568384272189768,加速度计,0.0551,6.0531,6.7780,,,,,,,
1568384282192528,加速度计,-0.1179,5.7521,2.5223,,,,,,,
1568384275942007,陀螺仪,,,,,,,,0.0883,0.0573,0.3196
1568384292198361,加速度计,1.3318,8.7640,0.0521,,,,,,,
1568384295956278,陀螺仪,,,,,,,,-0.0493,0.0206,0.2531
1568384302207684,加速度计,-0.4316,6.8540,10.7583,,,,,,,
1568384312220757,加速度计,-0.2975,6.8696,17.8745,,,,,,,
1568384315985236,陀螺仪,,,,,,,,0.0451,0.0614,0.2571
1568384322237580,加速度计,-0.0682,7.5244,7.5806,,,,,,,
1568384332257997,加速度计,-0.2233,6.3153,-1.9124,,,,,,,
1568384336028570,陀螺仪,,,,,,,,0.0130,0.0261,0.1911
1568384342281747,加速度计,0.8278,7.4292,2.1368,,,,,,,
1568384352308674,加速度计,-0.0982,4.4478,12.6019,,,,,,,
1568384356084507,陀螺仪,,,,,,,,-0.0228,0.0194,0.1425
1568384362338361,加速度计,0.8499,9.1848,7.8793,,,,,,,
1568384372370236,加速度计,2.3804,9.0692,4.6501,,,,,,,
1568384376149403,陀螺仪,,,,,,,,-0.0491,0.0333,0.1236
1568384382403622,加速度计,0.9284,5.1966,7.6824,,,,,,,
1568384392437945,加速度计,1.8136,6.7385,7.2724,,,,,,,
1568384402472528,加速度计,0.4429,8.8849,6.0178,,,,,,,
1568384396218257,陀螺仪,,,,,,,,-0.0229,0.0659,0.0838
1568384412501174,加速度计,1.2234,4.1210,8.2504,,,,,,,
1568384416267632,陀螺仪,,,,,,,,0.0039,0.0613,0.1004
1568384422519924,加速度计,2.2087,4.8309,5.7191,,,,,,,
1568384432538674,加速度计,1.8088,7.9440,3.9157,,,,,,,
1568384436305132,陀螺仪,,,,,,,,0.0237,0.0679,0.0136
1568384442557424,加速度计,-0.3418,8.3097,5.4181,,,,,,,
1568384452576174,加速度计,1.1462,7.9703,12.8060,,,,,,,
1568384456342632,陀螺仪,,,,,,,,0.0021,0.0433,-0.0011
1568384462594924,加速度计,1.3509,8.1529,8.9824,,,,,,,
1568384472613674,加速度计,0.4286,6.0418,6.7355,,,,,,,
1568384482633674,加速度计,1.0002,7.8985,4.6124,,,,,,,
1568384476380965,陀螺仪,,,,,,,,0.0703,0.0511,-0.0549
1568384492655393,加速度计,0.7458,6.2118,5.9628,,,,,,,
1568384496416747,陀螺仪,,,,,,,,0.0029,0.0132,-0.0656
1568384502668309,加速度计,1.5377,8.1702,3.2687,,,,,,,
1568384512681434,加速度计,0.5447,7.3879,7.5741,,,,,,,
1568384516443309,陀螺仪,,,,,,,,-0.0664,-0.0186,-0.1088
1568384522694976,加速度计,1.7687,5.0188,11.0247,,,,,,,
1568384532709143,加速度计,0.6584,7.3706,6.0831,,,,,,,
1568384536472268,陀螺仪,,,,,,,,0.0639,0.0198,-0.1388
1568384542724143,加速度计,0.4310,9.0543,3.7128,,,,,,,
1568384552739976,加速度计,0.4082,7.0659,8.6862,,,,,,,
1568384556504559,陀螺仪,,,,,,,,-0.0116,-0.0391,-0.1658
1568384562756643,加速度计,0.0724,7.2844,7.4136,,,,,,,
1568384572774143,加速度计,0.7290,8.5826,8.0972,,,,,,,
1568384576540184,陀螺仪,,,,,,,,0.0079,-0.0421,-0.1642
1568384582792476,加速度计,0.6668,7.2502,8.5694,,,,,,,
1568384592811643,加速度计,0.4142,6.3889,6.6852,,,,,,,
1568384596579143,陀螺仪,,,,,,,,0.0602,-0.0313,-0.1704
1568384602831643,加速度计,0.6770,7.0336,4.3149,,,,,,,
1568384612852476,加速度计,-0.7123,6.5996,5.7575,,,,,,,
1568384616623465,陀螺仪,,,,,,,,-0.0047,-0.0752,-0.1641
1568384622876851,加速度计,0.1933,6.5817,10.5465,,,,,,,
1568384644297509,GPS,,,,31.9424,118.7861,4.4600,76.4000,,,
1568384632917111,加速度计,0.4776,9.0872,6.9067,,,,,,,
1568384636683205,陀螺仪,,,,,,,,0.0574,-0.0434,-0.1158
1568384642935445,加速度计,1.2761,7.4358,3.3196,,,,,,,
1568384652953778,加速度计,1.0295,4.8836,7.2718,,,,,,,
1568384662972111,加速度计,-0.9942,6.2519,8.7628,,,,,,,
1568384656719872,陀螺仪,,,,,,,,-0.0256,-0.0340,-0.1092
1568384672990445,加速度计,0.5812,7.8608,7.1664,,,,,,,
1568384683008778,加速度计,0.9337,7.1066,3.4165,,,,,,,
1568384676756538,陀螺仪,,,,,,,,0.0447,0.0241,-0.0138
1568384693027111,加速度计,0.9325,5.7521,7.8458,,,,,,,
1568384696793205,陀螺仪,,,,,,,,-0.0656,0.0181,0.0107
1568384703045445,加速度计,-1.1193,6.9222,14.5256,,,,,,,
1568384713063778,加速度计,-0.0778,8.2384,11.5389,,,,,,,
1568384716829872,陀螺仪,,,,,,,,0.1071,0.0876,0.1292
1568384723082111,加速度计,1.6484,7.3963,4.6513,,,,,,,
1568384733101278,加速度计,0.0766,4.9967,-1.5616,,,,,,,
1568384736871486,陀螺仪,,,,,,,,-0.0293,0.0423,0.0369
1568384743123934,加速度计,0.3705,3.4806,2.0812,,,,,,,
1568384753143518,加速度计,-1.0421,6.6122,7.7351,,,,,,,
1568384756910184,陀螺仪,,,,,,,,-0.0901,0.0177,0.0157
1568384763162476,加速度计,-1.0947,6.3728,12.7509,,,,,,,
1568384773181226,加速度计,-0.3100,6.7546,14.6088,,,,,,,
1568384776947684,陀螺仪,,,,,,,,0.1053,0.0810,0.1089
1568384783199976,加速度计,1.8741,7.7297,7.1700,,,,,,,
1568384793218726,加速度计,1.9704,7.7309,2.6420,,,,,,,
1568384796985184,陀螺仪,,,,,,,,0.0475,0.0694,0.0023
1568384803237476,加速度计,0.3418,7.2461,2.5133,,,,,,,
1568384813256226,加速度计,-1.1139,6.7900,10.3232,,,,,,,
1568384823274976,加速度计,-0.5483,6.9779,9.5289,,,,,,,
1568384817022684,陀螺仪,,,,,,,,-0.0262,0.0097,-0.0387
1568384833293726,加速度计,1.8447,6.8313,6.6732,,,,,,,
1568384837060184,陀螺仪,,,,,,,,0.0601,0.0149,-0.0486
1568384843312476,加速度计,1.4635,7.1982,3.7463,,,,,,,
1568384853331226,加速度计,0.7446,7.3568,4.4796,,,,,,,
1568384863349976,加速度计,1.2175,8.0050,5.2493,,,,,,,
1568384857097684,陀螺仪,,,,,,,,-0.0048,-0.0104,-0.1228
1568384873368726,加速度计,-0.0275,6.9468,6.2884,,,,,,,
1568384883387476,加速度计,-0.0030,5.6802,7.8578,,,,,,,
1568384877135184,陀螺仪,,,,,,,,-0.0617,-0.0325,-0.1437
1568384893406226,加速度计,0.8541,6.0202,9.1057,,,,,,,
1568384897172684,陀螺仪,,,,,,,,-0.0226,-0.0352,-0.1001
1568384903424976,加速度计,-0.1484,8.9244,8.0014,,,,,,,
1568384913443726,加速度计,0.2520,6.5823,7.6608,,,,,,,
1568384923462476,加速度计,0.6752,7.3245,4.8740,,,,,,,
1568384917210184,陀螺仪,,,,,,,,0.0310,-0.0292,-0.1222
1568384933481226,加速度计,0.1233,7.5058,4.3772,,,,,,,
1568384937247684,陀螺仪,,,,,,,,-0.0511,-0.0748,-0.1651
1568384943499976,加速度计,-0.1443,8.7813,5.8197,,,,,,,
1568384953518726,加速度计,-0.5578,6.9204,14.4646,,,,,,,
1568384957285184,陀螺仪,,,,,,,,-0.0434,-0.0867,-0.1196
1568384963537476,加速度计,0.3519,7.1257,8.9711,,,,,,,
1568384973556226,加速度计,0.0688,4.6603,3.7362,,,,,,,
1568384983578309,加速度计,0.4429,5.6976,3.8301,,,,,,,
1568384977325184,陀螺仪,,,,,,,,0.0539,-0.0744,-0.1238
1568384993608570,加速度计,0.3244,7.7985,7.3113,,,,,,,
1568384997354924,陀螺仪,,,,,,,,0.0209,-0.1123,-0.1228
1568385003604403,加速度计,-0.0371,8.9693,8.8119,,,,,,,
1568385013601486,加速度计,0.7009,9.1644,3.9025,,,,,,,
1568385023600653,加速度计,0.5213,6.0621,5.0572,,,,,,,
1568385017350653,陀螺仪,,,,,,,,0.0020,-0.0856,-0.0871
1568385033602528,加速度计,1.2833,6.4308,5.0697,,,,,,,
1568385043607528,加速度计,0.8045,8.3181,5.2637,,,,,,,
1568385037356747,陀螺仪,,,,,,,,-0.0521,-0.0519,-0.0457
1568385053616070,加速度计,-0.7093,6.8366,10.1843,,,,,,,
1568385063628570,加速度计,0.5632,5.5522,6.9887,,,,,,,
1568385057376799,陀螺仪,,,,,,,,-0.0858,-0.0232,-0.0092
1568385073645236,加速度计,-0.3346,7.7411,7.7327,,,,,,,
1568385077413101,陀螺仪,,,,,,,,-0.0402,-0.0057,0.0051
1568385083665861,加速度计,-0.3089,6.7894,4.0247,,,,,,,
1568385093690236,加速度计,-0.3938,5.7916,4.5215,,,,,,,
1568385097464507,陀螺仪,,,,,,,,-0.1124,-0.0555,-0.0410
1568385103718153,加速度计,-0.1006,6.2644,6.7193,,,,,,,
1568385113748986,加速度计,-0.4483,5.5073,10.2328,,,,,,,
1568385123782111,加速度计,-0.6051,6.8007,10.8002,,,,,,,
1568385117527893,陀螺仪,,,,,,,,-0.0438,-0.0466,-0.0069
1568385133816903,加速度计,-1.7472,9.7564,4.8896,,,,,,,
1568385137598101,陀螺仪,,,,,,,,0.0154,-0.0462,-0.0017
1568385143852528,加速度计,0.9732,7.0856,1.5568,,,,,,,
1568385153888361,加速度计,-0.3496,5.8969,6.3937,,,,,,,
1568385163916903,加速度计,-1.7867,5.3103,16.0699,,,,,,,
1568385157664299,陀螺仪,,,,,,,,-0.1486,-0.1302,-0.0642
1568385173936903,加速度计,-1.1085,8.3091,13.1035,,,,,,,
1568385183955653,加速度计,-0.1083,7.4986,5.7467,,,,,,,
1568385177703361,陀螺仪,,,,,,,,0.0690,-0.0425,0.0686
1568385193974403,加速度计,0.3035,6.2100,-0.5692,,,,,,,
1568385203993153,加速度计,-0.0269,4.9333,4.7010,,,,,,,
1568385197740861,陀螺仪,,,,,,,,-0.0526,-0.0623,0.0610
1568385214011903,加速度计,-1.3431,5.5647,11.4886,,,,,,,
1568385224030653,加速度计,-0.9798,7.8679,7.3173,,,,,,,
1568385217778361,陀螺仪,,,,,,,,-0.0662,-0.0281,0.1406
1568385234051486,加速度计,-0.4962,6.6673,7.8656,,,,,,,
1568385237825028,陀螺仪,,,,,,,,-0.0434,0.0276,0.2718
1568385244075705,加速度计,0.1437,5.3666,5.1936,,,,,,,
1568385254081747,加速度计,0.9224,5.4055,5.7102,,,,,,,
1568385257837580,陀螺仪,,,,,,,,-0.0491,0.0346,0.2599
1568385264088413,加速度计,-0.0389,7.6824,10.0108,,,,,,,
1568385274096122,加速度计,-1.0750,5.7491,8.7789,,,,,,,
1568385284105288,加速度计,1.2073,6.8588,0.3843,,,,,,,
1568385277854090,陀螺仪,,,,,,,,0.0278,0.0878,0.2828
1568385294116330,加速度计,0.4010,7.6638,-3.4949,,,,,,,
1568385297877736,陀螺仪,,,,,,,,-0.1751,0.0111,0.1772
1568385304129455,加速度计,0.1329,3.3998,3.5267,,,,,,,
1568385314144663,加速度计,-0.6746,6.1333,15.2972,,,,,,,
1568385324161955,加速度计,-1.1558,8.2199,15.3073,,,,,,,
1568385317909715,陀螺仪,,,,,,,,-0.1403,0.0208,0.1772
1568385334181330,加速度计,2.1488,8.2313,15.1888,,,,,,,
1568385344202788,加速度计,1.0864,8.6006,8.1343,,,,,,,
1568385337950028,陀螺仪,,,,,,,,0.1093,0.0430,0.1330
1568385354226122,加速度计,1.0074,6.6182,5.8694,,,,,,,
1568385364251122,加速度计,2.4068,10.7925,-2.9538,,,,,,,
1568385357997945,陀螺仪,,,,,,,,0.1715,-0.0119,-0.0161
1568385374277580,加速度计,0.5674,7.8644,1.8423,,,,,,,
1568385378051643,陀螺仪,,,,,,,,-0.0270,-0.0708,-0.1164
1568385384305080,加速度计,2.6971,6.3117,7.1251,,,,,,,
1568385394333205,加速度计,0.6410,6.7780,9.5104,,,,,,,
1568385404361538,加速度计,0.7614,10.7296,8.2163,,,,,,,
1568385398108049,陀螺仪,,,,,,,,-0.0120,-0.0660,-0.1124
1568385414387580,加速度计,1.4527,8.7903,13.4009,,,,,,,
1568385424409038,加速度计,0.5590,6.7666,3.2262,,,,,,,
1568385418156695,陀螺仪,,,,,,,,0.0499,-0.0328,-0.0893
1568385434427997,加速度计,2.2194,7.9829,7.6303,,,,,,,
1568385438194455,陀螺仪,,,,,,,,-0.0635,-0.1079,-0.0957
1568385444446747,加速度计,-2.0937,5.1870,7.3957,,,,,,,
1568385454465497,加速度计,0.4124,5.1846,13.2465,,,,,,,
1568385458231955,陀螺仪,,,,,,,,0.1123,-0.0044,0.0104
1568385464484247,加速度计,0.8793,10.7123,8.0170,,,,,,,
1568385474502997,加速度计,1.2336,8.5826,2.8808,,,,,,,
1568385478269924,陀螺仪,,,,,,,,0.1152,-0.0129,-0.0121
1568385484522372,加速度计,0.7254,4.5298,1.4611,,,,,,,
1568385494542111,加速度计,-0.4735,6.6200,2.7904,,,,,,,
1568385498306747,陀螺仪,,,,,,,,-0.0056,-0.0354,-0.0166
1568385504558778,加速度计,-1.1079,8.8304,9.7181,,,,,,,
1568385514575445,加速度计,-0.3591,6.9965,11.0929,,,,,,,
1568385524592111,加速度计,-0.1191,3.3656,10.2376,,,,,,,
1568385518340080,陀螺仪,,,,,,,,0.0262,-0.0361,0.1028
1568385534608778,加速度计,1.0092,4.1629,2.5666,,,,,,,
1568385538373622,陀螺仪,,,,,,,,0.1913,0.0185,0.1226
1568385544625705,加速度计,0.4250,7.2736,4.3778,,,,,,,
1568385554643049,加速度计,0.1760,8.3522,10.0610,,,,,,,
1568385564660809,加速度计,1.8268,10.9756,7.8051,,,,,,,
1568385558408622,陀螺仪,,,,,,,,0.1655,0.0214,0.1413
1568385574678986,加速度计,1.7939,12.7665,1.6610,,,,,,,
1568385584697580,加速度计,0.5016,5.2936,2.9790,,,,,,,
1568385578445288,陀螺仪,,,,,,,,0.0304,0.0714,0.0799
1568385594716590,加速度计,-0.2514,3.2705,2.2051,,,,,,,
1568385604736018,加速度计,-0.9481,2.9802,9.1854,,,,,,,
1568385598483622,陀螺仪,,,,,,,,-0.1322,0.0554,0.1127
1568385614755861,加速度计,-0.5219,1.5945,11.5203,,,,,,,
1568385624778986,加速度计,0.2227,8.8675,14.7788,,,,,,,
1568385618525913,陀螺仪,,,,,,,,-0.0201,0.0626,0.1874
1568385634813570,加速度计,1.9106,9.9156,12.6216,,,,,,,
1568385649303550,GPS,,,,31.9425,118.7861,4.0300,78.0000,,,
1568385638566330,陀螺仪,,,,,,,,0.1354,0.1059,0.1242
1568385644816695,加速度计,0.7626,6.3171,7.8949,,,,,,,
1568385654820445,加速度计,-0.1101,8.6233,1.3192,,,,,,,
1568385664825445,加速度计,1.0391,8.1337,-1.8621,,,,,,,
1568385658574768,陀螺仪,,,,,,,,0.0475,0.0607,0.0123
1568385674832320,加速度计,-0.4908,6.6254,7.9823,,,,,,,
1568385684841486,加速度计,-0.0754,3.6715,13.8373,,,,,,,
1568385678590236,陀螺仪,,,,,,,,-0.1607,-0.0611,-0.0502
1568385694853153,加速度计,1.3737,9.2290,6.4805,,,,,,,
1568385698615601,陀螺仪,,,,,,,,-0.0256,-0.0202,-0.0423
1568385704867528,加速度计,1.6909,7.2131,4.8381,,,,,,,
1568385714884820,加速度计,0.4465,5.0218,10.2598,,,,,,,
1568385724904820,加速度计,-0.2041,7.0910,8.4078,,,,,,,
1568385718652215,陀螺仪,,,,,,,,-0.0447,-0.0346,-0.0924
1568385734930236,加速度计,0.3041,8.3743,5.2337,,,,,,,
1568385744997840,加速度计,-0.1867,7.6160,2.3302,,,,,,,
1568385738740393,陀螺仪,,,,,,,,-0.0040,-0.0481,-0.0847
1568385755032059,加速度计,-0.4010,4.1126,7.3729,,,,,,,
1568385758798518,陀螺仪,,,,,,,,-0.0856,-0.0811,-0.0602
1568385765050809,加速度计,0.5626,7.2431,4.5490,,,,,,,
1568385775069559,加速度计,0.4292,6.5505,9.0118,,,,,,,
1568385778836018,陀螺仪,,,,,,,,-0.0731,-0.0567,-0.0123
1568385785088309,加速度计,0.8727,7.7566,9.9341,,,,,,,
1568385795107059,加速度计,-0.1873,7.0354,4.4544,,,,,,,
1568385798873518,陀螺仪,,,,,,,,-0.0382,-0.0105,-0.0020
1568385805125809,加速度计,2.1733,7.5453,3.5925,,,,,,,
1568385815144559,加速度计,0.8781,4.3341,5.4702,,,,,,,
1568385818911018,陀螺仪,,,,,,,,-0.1418,-0.0534,-0.0376
1568385825163309,加速度计,0.1796,3.1095,7.5998,,,,,,,
1568385835182059,加速度计,-1.4174,5.0446,8.9417,,,,,,,
1568385838948518,陀螺仪,,,,,,,,0.0048,-0.0430,0.0186
1568385845200809,加速度计,0.8170,5.2499,11.7675,,,,,,,
1568385855219559,加速度计,1.4240,10.2029,5.5414,,,,,,,
1568385858986018,陀螺仪,,,,,,,,0.1109,-0.0166,-0.0029
1568385865238309,加速度计,-0.1389,11.8028,2.9149,,,,,,,
1568385875257059,加速度计,0.5297,8.6634,7.8380,,,,,,,
1568385879023518,陀螺仪,,,,,,,,-0.0943,-0.0872,-0.0601
1568385885275809,加速度计,-1.6472,7.2891,9.2201,,,,,,,
1568385895294559,加速度计,-0.5154,7.1347,13.8241,,,,,,,
1568385899061018,陀螺仪,,,,,,,,0.0130,-0.0498,0.0751
1568385905313309,加速度计,0.1047,6.0059,10.8763,,,,,,,
1568385915332059,加速度计,0.5926,7.4214,4.1647,,,,,,,
1568385925350809,加速度计,-0.2586,7.5621,1.7843,,,,,,,
1568385919098518,陀螺仪,,,,,,,,0.1056,-0.0278,0.0646
1568385935369559,加速度计,-0.1802,8.7837,4.9991,,,,,,,
1568385939136018,陀螺仪,,,,,,,,-0.0037,-0.0972,0.0061
1568385945388309,加速度计,-0.8817,7.6088,4.3964,,,,,,,
1568385955407059,加速度计,-0.0102,8.4593,8.0475,,,,,,,
1568385965425809,加速度计,-0.0640,6.4362,12.4989,,,,,,,
1568385959173518,陀螺仪,,,,,,,,-0.0394,-0.0983,0.0559
1568385975444559,加速度计,-0.8206,7.5788,10.9565,,,,,,,
1568385985465913,加速度计,0.0611,7.9122,1.8806,,,,,,,
1568385979213101,陀螺仪,,,,,,,,0.0903,0.0233,0.2108
1568385995490184,加速度计,0.9882,6.3542,2.4535,,,,,,,
1568385999245184,陀螺仪,,,,,,,,-0.0209,0.0193,0.1981
1568386005495861,加速度计,1.3330,4.7178,6.2058,,,,,,,
1568386015502215,加速度计,-0.1562,6.0148,6.2441,,,,,,,
1568386019258726,陀螺仪,,,,,,,,-0.0212,0.0365,0.2189
1568386025509663,加速度计,0.0916,7.3298,6.7636,,,,,,,
1568386035518622,加速度计,0.3597,6.1860,11.6526,,,,,,,
1568386045529507,加速度计,0.0186,6.5673,8.2367,,,,,,,
1568386039278101,陀螺仪,,,,,,,,0.0382,0.0917,0.2917
1568386055542476,加速度计,1.5191,5.8089,5.9795,,,,,,,
1568386065557788,加速度计,0.9810,4.9129,4.8818,,,,,,,
1568386059305809,陀螺仪,,,,,,,,0.1040,0.1146,0.2941
1568386075575601,加速度计,1.2300,6.8857,4.7142,,,,,,,
1568386085595653,加速度计,0.5537,8.1840,4.7938,,,,,,,
1568386079343101,陀螺仪,,,,,,,,0.0823,0.1015,0.1940
1568386095617788,加速度计,-0.7578,7.5812,8.4282,,,,,,,
1568386105641747,加速度计,-0.1508,7.7021,9.1195,,,,,,,
1568386099388726,陀螺仪,,,,,,,,0.0539,0.0676,0.1593
1568386115667372,加速度计,0.1616,7.2796,6.7858,,,,,,,
1568386125694403,加速度计,0.7608,8.1900,3.1502,,,,,,,
1568386119441018,陀螺仪,,,,,,,,0.0619,0.1041,0.1973
1568386135722424,加速度计,-0.2705,7.7081,5.2487,,,,,,,
1568386145751018,加速度计,-2.2194,5.9400,14.2796,,,,,,,
1568386139497476,陀螺仪,,,,,,,,-0.1044,0.0972,0.1802
1568386155779768,加速度计,-1.7945,6.5559,14.6040,,,,,,,
1568386165804611,加速度计,-0.1814,6.6679,4.1414,,,,,,,
1568386159551851,陀螺仪,,,,,,,,0.0683,0.1925,0.3767
1568386175824768,加速度计,0.1826,6.0807,-2.9939,,,,,,,
1568386185843518,加速度计,0.6021,5.4390,4.2030,,,,,,,
1568386179591226,陀螺仪,,,,,,,,-0.0489,0.1541,0.3080
1568386195862268,加速度计,-0.1335,7.2874,10.5070,,,,,,,
1568386199628726,陀螺仪,,,,,,,,-0.0879,0.1490,0.2635
1568386205881018,加速度计,-2.0309,9.9802,13.7104,,,,,,,
1568386215899768,加速度计,0.2245,8.6844,10.4070,,,,,,,
1568386219666226,陀螺仪,,,,,,,,0.0334,0.1985,0.3802
1568386225918518,加速度计,1.1768,6.5954,7.0072,,,,,,,
1568386235938309,加速度计,3.0221,5.7844,2.7904,,,,,,,
1568386245957997,加速度计,1.5263,5.2541,3.0694,,,,,,,
1568386239706122,陀螺仪,,,,,,,,-0.0262,0.1872,0.2326
1568386255973413,加速度计,0.7949,5.5845,9.2751,,,,,,,
1568386259736955,陀螺仪,,,,,,,,-0.0609,0.1364,0.1594
1568386265988830,加速度计,1.1809,7.6423,15.1930,,,,,,,
1568386276004559,加速度计,1.6227,7.8296,11.6777,,,,,,,
1568386286020705,加速度计,1.5030,7.9015,2.5013,,,,,,,
1568386279768726,陀螺仪,,,,,,,,0.1262,0.1816,0.1208
1568386296037268,加速度计,2.1374,5.8855,0.5435,,,,,,,
1568386306054247,加速度计,0.9864,5.1398,4.0707,,,,,,,
1568386299802163,陀螺仪,,,,,,,,-0.0079,0.0819,-0.0595
1568386316071643,加速度计,1.0265,6.1651,9.9958,,,,,,,
1568386319837268,陀螺仪,,,,,,,,0.0253,0.0683,-0.1133
1568386326089455,加速度计,-0.4196,8.0296,8.1642,,,,,,,
1568386336107684,加速度计,0.9433,7.4232,6.8366,,,,,,,
1568386346126330,加速度计,0.7380,7.9559,6.1004,,,,,,,
1568386339874038,陀螺仪,,,,,,,,0.0621,0.0426,-0.1128
1568386356145393,加速度计,1.7508,8.8232,5.6826,,,,,,,
1568386359912476,陀螺仪,,,,,,,,0.0382,0.0254,-0.1197
1568386366164872,加速度计,-0.3968,8.0290,3.8086,,,,,,,
1568386376184768,加速度计,0.1437,6.4643,2.5307,,,,,,,
1568386379952580,陀螺仪,,,,,,,,-0.0306,0.0688,-0.0767
1568386386205080,加速度计,0.8960,6.4524,4.7525,,,,,,,
1568386396225809,加速度计,-0.0042,8.1936,9.2596,,,,,,,
1568386399994351,陀螺仪,,,,,,,,-0.0601,0.0947,0.0293
1568386406246955,加速度计,-0.6590,7.1497,11.7543,,,,,,,
1568386416268205,加速度计,1.3210,8.0984,10.5788,,,,,,,
1568386420036851,陀螺仪,,,,,,,,0.0660,0.1645,0.1205
1568386426289455,加速度计,1.4084,6.0053,6.4063,,,,,,,
1568386436310705,加速度计,0.3220,7.6100,3.4123,,,,,,,
1568386440079351,陀螺仪,,,,,,,,0.0626,0.1728,0.0510
1568386446331955,加速度计,1.2653,6.8354,5.8305,,,,,,,
1568386456352893,加速度计,-0.6237,7.9248,7.2401,,,,,,,
1568386466372163,加速度计,-1.0379,6.4554,13.2136,,,,,,,
1568386460119872,陀螺仪,,,,,,,,-0.0161,0.1378,0.0228
1568386476390913,加速度计,0.5177,7.2981,10.7230,,,,,,,
1568386480161018,陀螺仪,,,,,,,,0.1353,0.1807,0.0690
1568386486417320,加速度计,1.3677,6.1483,3.3974,,,,,,,
1568386496434351,加速度计,1.5496,8.5898,1.0110,,,,,,,
1568386506430809,加速度计,0.2646,5.9687,7.7680,,,,,,,
1568386500181278,陀螺仪,,,,,,,,-0.0138,0.1206,-0.0694
1568386516428726,加速度计,-1.5502,6.8839,13.7942,,,,,,,
1568386520178882,陀螺仪,,,,,,,,0.0494,0.1487,-0.0049
1568386526428934,加速度计,-0.0437,6.6337,7.1347,,,,,,,
1568386536431955,加速度计,2.5540,6.3997,-0.0521,,,,,,,
1568386540187372,陀螺仪,,,,,,,,-0.0069,0.1478,-0.0236
1568386546438205,加速度计,1.7968,4.1498,1.7274,,,,,,,
1568386556448101,加速度计,0.5944,6.5505,6.6810,,,,,,,
1568386566461747,加速度计,-1.7855,6.0855,15.1876,,,,,,,
1568386560209976,陀螺仪,,,,,,,,-0.1033,0.1080,-0.1316
1568386576479455,加速度计,-0.4519,8.1594,12.3158,,,,,,,
1568386586501018,加速度计,0.8284,7.4148,7.3694,,,,,,,
1568386580248257,陀螺仪,,,,,,,,0.0715,0.1238,-0.0212
1568386596526018,加速度计,2.3020,6.0082,1.9471,,,,,,,
1568386600300497,陀螺仪,,,,,,,,0.0334,0.0682,-0.2007
1568386606554038,加速度计,1.6825,5.3020,3.7475,,,,,,,
1568386616584663,加速度计,1.3563,5.8419,7.2053,,,,,,,
1568386620364976,陀螺仪,,,,,,,,0.0268,0.0128,-0.3414
1568386626621174,加速度计,0.0730,6.2130,8.8304,,,,,,,
1568386639531050,GPS,,,,31.9425,118.7862,4.5000,78.1000,,,
1568386636672007,加速度计,1.6179,8.7837,5.0973,,,,,,,
1568386640456695,陀螺仪,,,,,,,,0.0402,-0.0490,-0.3740
1568386646711590,加速度计,1.6448,7.7638,6.9258,,,,,,,
1568386656730757,加速度计,1.5359,7.8368,8.1600,,,,,,,
1568386666749507,加速度计,0.7775,6.7277,9.0441,,,,,,,
1568386660497215,陀螺仪,,,,,,,,-0.0053,-0.0983,-0.4498
1568386676768257,加速度计,2.0578,7.9476,2.6205,,,,,,,
1568386686787007,加速度计,1.8196,5.9382,7.0731,,,,,,,
1568386680534715,陀螺仪,,,,,,,,-0.0185,-0.1008,-0.4501
1568386696805757,加速度计,0.2658,6.8899,11.2402,,,,,,,
1568386700572215,陀螺仪,,,,,,,,-0.0158,-0.0941,-0.3912
1568386706824507,加速度计,0.6470,9.3302,9.6205,,,,,,,
1568386716843257,加速度计,1.0104,7.8943,6.9013,,,,,,,
1568386720609715,陀螺仪,,,,,,,,0.0196,-0.0975,-0.3487
1568386726862007,加速度计,1.6688,6.9917,2.8078,,,,,,,
1568386736886590,加速度计,-0.7153,7.2790,1.5018,,,,,,,
1568386746905028,加速度计,-0.7201,7.6668,10.8403,,,,,,,
1568386740654924,陀螺仪,,,,,,,,-0.0921,-0.1165,-0.3654
1568386756906590,加速度计,-2.4391,7.9146,19.3338,,,,,,,
1568386760658882,陀螺仪,,,,,,,,0.0442,-0.0803,-0.1403
1568386766909195,加速度计,-1.3551,7.6513,14.2712,,,,,,,
1568386776913361,加速度计,1.8220,7.0892,-0.2502,,,,,,,
1568386786919507,加速度计,0.7799,5.3331,-4.5442,,,,,,,
1568386780668726,陀螺仪,,,,,,,,0.1883,-0.0153,-0.1055
1568386796928049,加速度计,-0.4274,5.2152,-1.1414,,,,,,,
1568386806939403,加速度计,-0.3651,6.8839,5.1984,,,,,,,
1568386800687945,陀螺仪,,,,,,,,-0.0850,-0.0529,-0.1248
1568386816953674,加速度计,-2.0794,8.1092,7.9356,,,,,,,
1568386820718934,陀螺仪,,,,,,,,-0.1362,-0.0101,0.0704
1568386826971174,加速度计,-2.3924,6.3051,12.3152,,,,,,,
1568386836991695,加速度计,-0.9098,6.4925,15.7515,,,,,,,
1568386840762163,陀螺仪,,,,,,,,-0.0003,0.0977,0.2814
1568386847015132,加速度计,0.2077,7.6393,11.5957,,,,,,,
1568386857041174,加速度计,1.2929,6.6427,4.0701,,,,,,,
1568386860815861,陀螺仪,,,,,,,,0.1005,0.1257,0.1826
1568386867069403,加速度计,0.0401,5.7533,2.2284,,,,,,,
1568386877099403,加速度计,0.2101,4.4508,6.1321,,,,,,,
1568386880876851,陀螺仪,,,,,,,,0.0638,0.0474,0.0610
1568386887130757,加速度计,-0.0563,7.3245,0.1778,,,,,,,
1568386897162736,加速度计,0.6722,8.6688,-5.0356,,,,,,,
1568386900940861,陀螺仪,,,,,,,,-0.1614,-0.0846,-0.0972
1568386907194820,加速度计,0.4603,3.0777,12.9933,,,,,,,
1568386917220028,加速度计,-1.2857,6.7918,18.8831,,,,,,,
1568386920987528,陀螺仪,,,,,,,,0.0100,-0.0567,-0.0679
1568386927239820,加速度计,-0.8499,9.1518,14.3149,,,,,,,
1568386937258570,加速度计,0.6243,10.1688,4.0276,,,,,,,
1568386941025028,陀螺仪,,,,,,,,0.0985,-0.0880,-0.1016
1568386947277320,加速度计,2.6396,4.9009,2.1189,,,,,,,
1568386957296070,加速度计,1.4030,6.5727,3.2184,,,,,,,
1568386961062528,陀螺仪,,,,,,,,-0.0566,-0.1338,-0.2197
1568386967314820,加速度计,0.0347,6.5841,10.0886,,,,,,,
1568386977333570,加速度计,-0.6722,7.6094,9.3972,,,,,,,
1568386981101330,陀螺仪,,,,,,,,0.0510,-0.0647,-0.0746
1568386987355080,加速度计,1.4335,8.3031,4.8902,,,,,,,
1568386997372632,加速度计,2.0291,9.8180,4.3616,,,,,,,
1568387007387632,加速度计,-0.4363,7.2580,8.1056,,,,,,,
1568387001135809,陀螺仪,,,,,,,,-0.1103,-0.1180,-0.1037
1568387017402632,加速度计,-0.6357,7.3065,10.2412,,,,,,,
1568387021166122,陀螺仪,,,,,,,,-0.0871,-0.0908,-0.0430
1568387027417997,加速度计,0.5776,3.6081,10.1514,,,,,,,
1568387037433778,加速度计,0.7404,5.9580,3.1430,,,,,,,
1568387047449976,加速度计,0.2789,5.3211,1.3252,,,,,,,
1568387041197997,陀螺仪,,,,,,,,0.0391,-0.0451,-0.0262
1568387057466590,加速度计,0.0880,7.2113,6.2441,,,,,,,
1568387067483986,加速度计,-0.2652,7.4388,13.0454,,,,,,,
1568387061231851,陀螺仪,,,,,,,,-0.0469,-0.1068,-0.0491
1568387077502215,加速度计,-0.2005,10.3813,10.2580,,,,,,,
1568387087521278,加速度计,0.1784,8.7610,5.2218,,,,,,,
1568387081268934,陀螺仪,,,,,,,,0.0411,-0.0650,0.0194
1568387097540809,加速度计,1.8268,5.3816,0.0018,,,,,,,
1568387101308309,陀螺仪,,,,,,,,-0.0899,-0.0915,-0.0478
1568387107560757,加速度计,1.2977,5.8430,5.0362,,,,,,,
1568387117581122,加速度计,-0.6865,4.3323,15.1924,,,,,,,
1568387127601903,加速度计,-0.1628,5.6330,15.3211,,,,,,,
1568387121349351,陀螺仪,,,,,,,,-0.0565,-0.0622,0.0324
1568387137623101,加速度计,1.2659,5.0979,7.4639,,,,,,,
1568387147644715,加速度计,1.8806,6.6020,-1.8471,,,,,,,
1568387141392059,陀螺仪,,,,,,,,0.2502,-0.0033,0.0951
1568387157666382,加速度计,1.8794,9.2907,-0.6333,,,,,,,
1568387167688049,加速度计,0.7919,10.6404,6.4649,,,,,,,
1568387161435393,陀螺仪,,,,,,,,-0.0181,-0.0794,-0.0530
1568387177709715,加速度计,-2.4756,7.6393,11.1857,,,,,,,
1568387181477788,陀螺仪,,,,,,,,-0.0660,-0.0322,0.0682
1568387187730288,加速度计,-0.5620,5.9089,13.8983,,,,,,,
1568387197749247,加速度计,0.5794,7.6357,6.3363,,,,,,,
1568387201515705,陀螺仪,,,,,,,,0.0771,0.0493,0.1587
1568387207767997,加速度计,0.4926,7.1635,3.5033,,,,,,,
1568387217786747,加速度计,0.3418,7.6549,6.1100,,,,,,,
1568387221553205,陀螺仪,,,,,,,,-0.0153,0.0027,0.1031
1568387227805497,加速度计,-1.9573,7.0120,6.1507,,,,,,,
1568387237840497,加速度计,-1.1444,7.2347,7.8500,,,,,,,
1568387241597893,陀螺仪,,,,,,,,0.0154,0.0242,0.1806
1568387247846955,加速度计,0.0557,8.6413,8.2648,,,,,,,
1568387257840601,加速度计,0.7727,7.9326,8.7346,,,,,,,
1568387261586434,陀螺仪,,,,,,,,0.0290,0.0373,0.1779
1568387267835809,加速度计,-0.5411,7.6345,7.5118,,,,,,,
1568387277833413,加速度计,-0.7685,6.9713,4.9416,,,,,,,
1568387281584143,陀螺仪,,,,,,,,0.0469,0.0471,0.1633
1568387287834247,加速度计,0.7039,5.1619,4.3293,,,,,,,
1568387297839143,加速度计,-0.6596,7.5836,5.2984,,,,,,,
1568387301597059,陀螺仪,,,,,,,,-0.0033,0.0105,0.1543
1568387307848205,加速度计,-0.1526,7.0820,11.7861,,,,,,,
1568387317861799,加速度计,-0.3023,8.1888,12.2852,,,,,,,
1568387327879976,加速度计,1.5054,6.7768,6.1070,,,,,,,
1568387321627684,陀螺仪,,,,,,,,0.0917,0.0407,0.1726
1568387337902736,加速度计,0.7338,4.2413,4.0941,,,,,,,
1568387347929715,加速度计,0.3597,6.3434,2.9137,,,,,,,
1568387341676330,陀螺仪,,,,,,,,0.0957,0.0521,0.0989
1568387357960132,加速度计,0.5519,7.3155,5.4546,,,,,,,
1568387367993518,加速度计,-0.4561,7.1269,7.0623,,,,,,,
1568387361739351,陀螺仪,,,,,,,,-0.0129,0.0233,0.0598
1568387378029090,加速度计,0.0491,5.3163,10.8445,,,,,,,
1568387388066018,加速度计,1.8352,4.7782,10.0383,,,,,,,
1568387381811434,陀螺仪,,,,,,,,-0.0096,0.0474,0.1285
1568387398103830,加速度计,0.3352,6.5906,6.0088,,,,,,,
1568387408141747,加速度计,1.1911,7.6034,7.5735,,,,,,,
1568387401887059,陀螺仪,,,,,,,,0.0848,0.0988,0.1071
1568387418163986,加速度计,-0.1742,6.5864,6.8636,,,,,,,
1568387421930601,陀螺仪,,,,,,,,0.0766,0.0870,0.0766
1568387428182893,加速度计,1.2845,8.4755,7.6357,,,,,,,
1568387438201643,加速度计,1.4509,7.5489,9.6720,,,,,,,
1568387441968101,陀螺仪,,,,,,,,0.0739,0.0989,0.0711
1568387448220393,加速度计,0.0287,6.4506,6.9079,,,,,,,
1568387458239143,加速度计,0.7805,8.0343,2.1835,,,,,,,
1568387462005601,陀螺仪,,,,,,,,0.0755,0.1277,0.0465
1568387468257893,加速度计,1.3024,6.7900,0.2616,,,,,,,
1568387478276643,加速度计,0.1245,6.7235,4.4287,,,,,,,
1568387482047997,陀螺仪,,,,,,,,-0.0887,0.0627,0.0083
1568387488304195,加速度计,0.0162,7.0719,10.7649,,,,,,,
1568387498316434,加速度计,0.8691,8.1415,10.1748,,,,,,,
1568387502072268,陀螺仪,,,,,,,,-0.0169,0.0993,0.0487
1568387508323049,加速度计,0.5740,7.4268,6.5003,,,,,,,
1568387518330445,加速度计,1.3431,7.5525,4.9273,,,,,,,
1568387522087997,陀螺仪,,,,,,,,-0.0477,0.1141,-0.0041
1568387528339038,加速度计,-0.0245,5.3923,10.6745,,,,,,,
1568387538349247,加速度计,1.0301,7.4789,8.5383,,,,,,,
1568387542109663,陀螺仪,,,,,,,,0.0214,0.1117,0.0093
1568387548361122,加速度计,0.9200,8.8843,2.5408,,,,,,,
1568387558375028,加速度计,1.2186,7.2359,2.9437,,,,,,,
1568387562139038,陀螺仪,,,,,,,,-0.0991,0.0634,-0.0981
1568387568391018,加速度计,0.9469,5.5947,11.5460,,,,,,,
1568387578409090,加速度计,-0.5106,7.0737,11.0181,,,,,,,
1568387588429247,加速度计,-0.1472,7.3281,7.8350,,,,,,,
1568387582176747,陀螺仪,,,,,,,,-0.0097,0.0581,-0.1044
1568387598451486,加速度计,1.5592,5.7180,5.3630,,,,,,,
1568387602222476,陀螺仪,,,,,,,,0.0216,0.0391,-0.1322
1568387608475445,加速度计,0.6428,5.7180,6.8714,,,,,,,
1568387618500705,加速度计,0.8703,7.3945,4.7309,,,,,,,
1568387622277007,陀螺仪,,,,,,,,0.0109,0.0049,-0.2233
1568387628531747,加速度计,0.0299,8.7718,2.3906,,,,,,,
1568387645221362,GPS,,,,31.9425,118.7862,4.4700,75.0000,,,
1568387638568622,加速度计,0.3909,4.8590,7.2808,,,,,,,
1568387642345445,陀螺仪,,,,,,,,-0.1089,-0.0429,-0.2304
1568387648597788,加速度计,0.8595,5.9227,7.7111,,,,,,,
1568387658616851,加速度计,-0.3867,6.8474,2.7318,,,,,,,
1568387662383309,陀螺仪,,,,,,,,-0.1064,-0.0184,-0.2100
1568387668635601,加速度计,1.2498,6.6242,6.0519,,,,,,,
1568387678654351,加速度计,-1.0798,6.7702,11.1803,,,,,,,
1568387682420809,陀螺仪,,,,,,,,-0.1386,-0.0242,-0.1597
1568387688673101,加速度计,-0.0204,7.7321,12.4816,,,,,,,
1568387698691851,加速度计,1.2438,6.7965,7.3903,,,,,,,
1568387702458309,陀螺仪,,,,,,,,-0.0278,-0.0100,-0.1411
1568387708710601,加速度计,-0.2717,5.8203,0.0383,,,,,,,
1568387718729351,加速度计,0.9840,3.7978,4.8812,,,,,,,
1568387722495809,陀螺仪,,,,,,,,-0.1117,-0.0888,-0.2314
1568387728748101,加速度计,0.4752,6.9737,10.3172,,,,,,,
1568387738770757,加速度计,-1.1492,8.1409,9.1668,,,,,,,
1568387742535913,陀螺仪,,,,,,,,-0.0120,-0.1105,-0.2654
1568387748787372,加速度计,-0.6464,7.3125,6.9264,,,,,,,
1568387758799455,加速度计,0.3759,7.2640,2.7264,,,,,,,
1568387768811903,加速度计,0.6093,7.6477,4.1599,,,,,,,
1568387762560393,陀螺仪,,,,,,,,-0.0489,-0.1736,-0.2618
1568387778824768,加速度计,-0.0820,8.1558,7.7919,,,,,,,
1568387782586747,陀螺仪,,,,,,,,-0.1337,-0.2068,-0.2720
1568387788838413,加速度计,0.0263,5.7940,14.6860,,,,,,,
1568387798852893,加速度计,0.3597,6.3788,6.1405,,,,,,,
1568387802616643,陀螺仪,,,,,,,,0.0117,-0.1304,-0.1782
1568387808868570,加速度计,0.1478,8.8430,-2.1320,,,,,,,
1568387818885497,加速度计,-0.0916,6.1585,10.4154,,,,,,,
1568387822651434,陀螺仪,,,,,,,,-0.1350,-0.1968,-0.1684
1568387828903674,加速度计,-0.6267,6.8019,18.3162,,,,,,,
1568387838923101,加速度计,-0.4818,10.0838,5.8143,,,,,,,
1568387848943778,加速度计,0.2239,10.1365,-3.7709,,,,,,,
1568387842691226,陀螺仪,,,,,,,,0.0791,-0.1145,-0.0666
1568387858965340,加速度计,-1.6143,3.8858,4.6645,,,,,,,
1568387862734976,陀螺仪,,,,,,,,-0.1621,-0.1668,-0.0764
1568387868987736,加速度计,-0.9996,4.1168,14.5933,,,,,,,
1568387879010965,加速度计,-0.8535,8.9310,13.4883,,,,,,,
1568387889034663,加速度计,-1.1253,9.0417,1.4204,,,,,,,
1568387882781747,陀螺仪,,,,,,,,0.1095,-0.0566,0.1437
1568387899058413,加速度计,1.2145,3.4411,3.0915,,,,,,,
1568387909082163,加速度计,0.1101,5.7581,0.7979,,,,,,,
1568387902829247,陀螺仪,,,,,,,,0.0216,-0.0360,0.1756
1568387919105913,加速度计,-1.2641,8.1774,11.2629,,,,,,,
1568387922873309,陀螺仪,,,,,,,,-0.0708,-0.0405,0.2545
1568387929125653,加速度计,-1.5191,8.6718,16.2399,,,,,,,
1568387939144455,加速度计,-1.4617,7.2490,10.9355,,,,,,,
1568387942910913,陀螺仪,,,,,,,,0.1333,0.0952,0.3956
1568387949163205,加速度计,0.8188,4.9967,1.9249,,,,,,,
1568387959181955,加速度计,0.2921,4.5191,-0.1927,,,,,,,
1568387962948413,陀螺仪,,,,,,,,0.0459,0.0696,0.3340
1568387969200705,加速度计,0.3376,6.4416,3.2866,,,,,,,
1568387979219455,加速度计,-0.7296,6.8426,12.1045,,,,,,,
1568387983003830,陀螺仪,,,,,,,,0.0015,0.0778,0.3614
1568387989267580,加速度计,-1.0020,9.3865,19.6049,,,,,,,
1568387999257580,加速度计,0.0449,6.4207,11.4646,,,,,,,
1568388009248413,加速度计,-1.6388,6.2507,-1.3952,,,,,,,
1568388002999611,陀螺仪,,,,,,,,0.2635,0.0987,0.3057
1568388019241330,加速度计,1.1319,7.5902,-1.5119,,,,,,,
1568388022987736,陀螺仪,,,,,,,,0.0643,-0.0324,0.1494
1568388029237163,加速度计,0.8661,6.8187,7.8464,,,,,,,
1568388039236747,加速度计,-1.1815,8.6532,9.7749,,,,,,,
1568388049240913,加速度计,0.6692,8.7885,5.7251,,,,,,,
1568388042990445,陀螺仪,,,,,,,,0.0613,-0.0161,0.1077
1568388059250080,加速度计,1.1815,7.0886,8.4336,,,,,,,
1568388069264247,加速度计,0.9726,7.8847,4.0725,,,,,,,
1568388063012528,陀螺仪,,,,,,,,0.0598,-0.0057,0.0810
1568388079283413,加速度计,1.4305,8.8160,2.6025,,,,,,,
1568388083054247,陀螺仪,,,,,,,,-0.0290,-0.0269,0.0354
1568388089307163,加速度计,1.3372,4.7172,9.5134,,,,,,,
1568388099335497,加速度计,1.4126,6.6978,6.9210,,,,,,,
1568388109367580,加速度计,2.0572,9.4727,0.9756,,,,,,,
1568388103113622,陀螺仪,,,,,,,,0.0123,0.0314,0.0696
1568388119402997,加速度计,2.2883,6.4751,3.2669,,,,,,,
1568388129440913,加速度计,1.0145,4.6471,11.8327,,,,,,,
1568388123186226,陀螺仪,,,,,,,,-0.1482,0.0193,0.0043
1568388139480497,加速度计,1.1875,5.7455,12.3230,,,,,,,
1568388143265549,陀螺仪,,,,,,,,-0.0358,0.0461,0.0453
1568388149520497,加速度计,0.5423,8.2337,11.4772,,,,,,,
1568388159559247,加速度计,1.4198,7.2281,7.1473,,,,,,,
1568388163325705,陀螺仪,,,,,,,,0.0764,0.0678,0.0144
1568388169577997,加速度计,1.7915,6.8857,4.3036,,,,,,,
1568388179596747,加速度计,1.1169,7.7824,2.3439,,,,,,,
1568388183363205,陀螺仪,,,,,,,,-0.0597,0.0268,-0.0498
1568388189615497,加速度计,0.5674,6.0867,9.3152,,,,,,,
1568388199634247,加速度计,1.0534,5.3977,12.8617,,,,,,,
1568388203400705,陀螺仪,,,,,,,,0.0192,0.0680,0.0088
1568388209652997,加速度计,0.8260,6.5463,7.9015,,,,,,,
1568388219671747,加速度计,1.8777,8.5419,2.2841,,,,,,,
1568388229690497,加速度计,1.8172,8.9447,4.7980,,,,,,,
1568388223438205,陀螺仪,,,,,,,,0.0361,0.0543,-0.0357
1568388239726747,加速度计,-0.3142,7.5944,11.4575,,,,,,,
1568388243478622,陀螺仪,,,,,,,,-0.0372,0.0803,-0.0750
1568388249728830,加速度计,-0.7548,7.4514,13.7439,,,,,,,
1568388259731330,加速度计,0.9996,6.3213,4.6825,,,,,,,
1568388269735080,加速度计,1.5251,6.2046,0.1748,,,,,,,
1568388263484663,陀螺仪,,,,,,,,0.0719,0.1055,0.0282
1568388279740497,加速度计,0.1742,7.1886,-0.6434,,,,,,,
1568388283497111,陀螺仪,,,,,,,,-0.1023,0.0413,-0.0895
1568388289747997,加速度计,-0.3406,6.0825,3.2070,,,,,,,
1568388299757997,加速度计,0.7374,6.0244,9.9647,,,,,,,
1568388303519351,陀螺仪,,,,,,,,-0.1160,0.0321,-0.0720
1568388309770913,加速度计,0.0515,5.7096,13.0610,,,,,,,
1568388319786747,加速度计,1.6065,8.3157,7.7566,,,,,,,
1568388323553205,陀螺仪,,,,,,,,0.0125,0.1200,0.0099
1568388329805497,加速度计,1.6412,8.3701,5.7191,,,,,,,
1568388339827163,加速度计,0.4842,4.9446,8.9124,,,,,,,
1568388343598361,陀螺仪,,,,,,,,0.0005,0.1206,-0.0356
1568388349851330,加速度计,0.4705,3.9953,10.7254,,,,,,,
1568388359877580,加速度计,0.6381,6.7935,5.0350,,,,,,,
1568388369905497,加速度计,0.5088,7.1305,1.7478,,,,,,,
1568388363652059,陀螺仪,,,,,,,,0.1087,0.0949,-0.0553
1568388379934663,加速度计,1.2977,7.5280,5.3546,,,,,,,
1568388383710965,陀螺仪,,,,,,,,-0.0071,0.0402,-0.1667
1568388389964663,加速度计,1.6741,7.5555,8.7370,,,,,,,
1568388399995080,加速度计,-1.4724,6.4452,10.1424,,,,,,,
1568388403771747,陀螺仪,,,,,,,,-0.0013,0.0270,-0.2205
1568388410025497,加速度计,0.1532,6.6780,6.1980,,,,,,,
1568388420049247,加速度计,0.4770,4.3622,7.0593,,,,,,,
1568388430067997,加速度计,0.7596,5.9969,7.1964,,,,,,,
1568388423815705,陀螺仪,,,,,,,,-0.0092,-0.0060,-0.1867
1568388440086747,加速度计,0.5872,7.1515,5.9604,,,,,,,
1568388443853205,陀螺仪,,,,,,,,-0.0405,-0.0482,-0.2354
1568388450105497,加速度计,0.2101,7.9889,9.9383,,,,,,,
1568388460124247,加速度计,0.0593,6.2770,10.7147,,,,,,,
1568388463890705,陀螺仪,,,,,,,,0.0212,-0.0134,-0.2089
1568388470142997,加速度计,1.5945,7.8751,3.3615,,,,,,,
1568388480161747,加速度计,-0.1969,9.2428,0.0515,,,,,,,
1568388483931799,陀螺仪,,,,,,,,-0.1442,-0.0815,-0.2622
1568388490183726,加速度计,-0.9343,7.7782,6.2231,,,,,,,
1568388500199559,加速度计,-2.1817,6.6948,15.3528,,,,,,,
1568388503963465,陀螺仪,,,,,,,,-0.0940,-0.1229,-0.1963
1568388510215393,加速度计,-1.6305,7.8129,8.5222,,,,,,,
1568388520231226,加速度计,1.8902,6.4464,0.7308,,,,,,,
1568388523995132,陀螺仪,,,,,,,,-0.0469,-0.1411,-0.1983
1568388530247111,加速度计,0.4441,5.5366,2.6264,,,,,,,
1568388540263413,加速度计,-1.6340,5.7581,14.8608,,,,,,,
1568388544028049,陀螺仪,,,,,,,,-0.0249,-0.1129,-0.1334
1568388550280132,加速度计,0.2849,9.9144,13.2190,,,,,,,
1568388560297268,加速度计,0.8368,8.3534,10.3537,,,,,,,
1568388564062632,陀螺仪,,,,,,,,0.1182,-0.0672,-0.0498
1568388570314820,加速度计,0.5435,6.4787,0.8871,,,,,,,
1568388580332788,加速度计,0.3944,4.9584,1.4096,,,,,,,
1568388584098882,陀螺仪,,,,,,,,-0.0366,-0.1222,-0.0939
1568388590351174,加速度计,1.1893,7.5004,7.7129,,,,,,,
1568388600369976,加速度计,-1.4605,7.1269,10.6512,,,,,,,
1568388604136799,陀螺仪,,,,,,,,0.0158,-0.0750,-0.0618
1568388610389195,加速度计,0.2005,6.6134,6.2572,,,,,,,
1568388620409038,加速度计,0.8835,6.7181,5.0799,,,,,,,
1568388624182788,陀螺仪,,,,,,,,0.0193,-0.0738,-0.0138
1568388630436330,加速度计,-0.0491,6.8666,7.6303,,,,,,,
1568388647972039,GPS,,,,31.9425,118.7863,4.4100,73.7000,,,
1568388640463830,加速度计,0.1957,7.3394,5.0111,,,,,,,
1568388644230288,陀螺仪,,,,,,,,0.0554,-0.0418,0.0015
1568388650482580,加速度计,1.0696,7.9871,1.8148,,,,,,,
1568388660501330,加速度计,0.0407,6.6074,11.3174,,,,,,,
1568388664267788,陀螺仪,,,,,,,,0.0029,-0.0249,0.0285
1568388670520080,加速度计,-0.1239,6.7169,12.8611,,,,,,,
1568388680538830,加速度计,0.0539,9.5439,4.0815,,,,,,,
1568388684305288,陀螺仪,,,,,,,,0.1423,0.0317,0.0748
1568388690557580,加速度计,-0.3083,9.1063,0.3412,,,,,,,
1568388700576330,加速度计,0.6692,5.2750,1.9920,,,,,,,
1568388704342788,陀螺仪,,,,,,,,-0.0427,-0.0280,0.0348
1568388710595080,加速度计,-0.2771,7.1545,3.3555,,,,,,,
1568388720613830,加速度计,-0.9457,5.6599,12.3134,,,,,,,
1568388724380288,陀螺仪,,,,,,,,-0.0511,-0.0457,0.0775
1568388730633413,加速度计,-0.0766,6.8732,13.8804,,,,,,,
1568388740676434,加速度计,-0.6500,9.1818,11.7549,,,,,,,
1568388744418465,陀螺仪,,,,,,,,0.1470,0.0320,0.1052
1568388750667372,加速度计,0.4423,8.5826,8.1157,,,,,,,
1568388760659299,加速度计,-0.1622,6.9330,5.8466,,,,,,,
1568388764403882,陀螺仪,,,,,,,,0.1755,-0.0019,0.0482
1568388770653413,加速度计,-1.9219,7.2694,4.9428,,,,,,,
1568388780650549,加速度计,0.9756,9.4158,-0.7524,,,,,,,
1568388784400965,陀螺仪,,,,,,,,0.0435,-0.0515,0.0293
1568388790651486,加速度计,-0.2999,7.6806,2.3499,,,,,,,
1568388800656643,加速度计,-0.3693,6.2423,4.1875,,,,,,,
1568388804414715,陀螺仪,,,,,,,,-0.1686,-0.0876,0.0021
1568388810666434,加速度计,-1.5125,4.2006,11.4628,,,,,,,
1568388820681226,加速度计,-1.7915,5.6611,14.0073,,,,,,,
1568388824448049,陀螺仪,,,,,,,,-0.0184,-0.0329,0.1409
1568388830700965,加速度计,-0.5189,8.0044,9.1913,,,,,,,
1568388840725236,加速度计,0.3352,5.3421,6.5601,,,,,,,
1568388844499715,陀螺仪,,,,,,,,0.0176,-0.0216,0.1338
1568388850753622,加速度计,-0.1604,6.2315,3.6206,,,,,,,
1568388860785653,加速度计,-1.2833,6.0071,4.4772,,,,,,,
1568388864565965,陀螺仪,,,,,,,,-0.0521,-0.0634,0.0931
1568388870820549,加速度计,-0.6788,6.5027,9.4577,,,,,,,
1568388880857840,加速度计,-0.3478,6.3237,11.4299,,,,,,,
1568388884641799,陀螺仪,,,,,,,,-0.0004,-0.0972,0.1164
1568388890896643,加速度计,0.4124,6.7211,10.7338,,,,,,,
1568388900935809,加速度计,0.3424,9.4445,4.0767,,,,,,,
1568388904720132,陀螺仪,,,,,,,,0.0212,-0.1025,0.0425
1568388910972424,加速度计,0.5986,7.3107,6.7792,,,,,,,
1568388920991174,加速度计,0.7135,6.1124,10.8344,,,,,,,
1568388924757632,陀螺仪,,,,,,,,0.0312,-0.0979,-0.0056
1568388931009924,加速度计,0.3861,5.6605,5.2038,,,,,,,
1568388941028674,加速度计,1.2240,5.1541,2.5887,,,,,,,
1568388944795132,陀螺仪,,,,,,,,0.0557,-0.0981,-0.0362
1568388951047424,加速度计,0.0892,6.5589,-0.3226,,,,,,,
1568388961066174,加速度计,1.0953,6.1752,7.9074,,,,,,,
1568388964832632,陀螺仪,,,,,,,,-0.0784,-0.1217,0.0060
1568388971084924,加速度计,0.2819,9.6540,9.5475,,,,,,,
1568388981104247,加速度计,1.4754,11.0229,10.2017,,,,,,,
1568388984889403,陀螺仪,,,,,,,,-0.0633,-0.0704,0.0194
1568388991139351,加速度计,1.7292,7.0114,7.9326,,,,,,,
1568389001139403,加速度计,-0.0605,6.2806,4.9189,,,,,,,
1568389004889820,陀螺仪,,,,,,,,-0.0832,-0.0403,0.0441
1568389011139976,加速度计,0.0706,6.2345,6.7403,,,,,,,
1568389021141903,加速度计,1.0121,6.5625,8.1187,,,,,,,
1568389024895236,陀螺仪,,,,,,,,-0.0539,-0.0411,0.1056
1568389031145965,加速度计,1.0618,5.6114,7.6842,,,,,,,
1568389041152580,加速度计,1.3797,5.7820,6.3075,,,,,,,
1568389044910653,陀螺仪,,,,,,,,0.0555,-0.0236,0.0698
1568389051162111,加速度计,0.7099,7.9003,4.0109,,,,,,,
1568389061174611,加速度计,1.2558,7.8673,4.1779,,,,,,,
1568389064938153,陀螺仪,,,,,,,,-0.0238,-0.0563,0.0280
1568389071190445,加速度计,-0.4735,8.3414,5.6778,,,,,,,
1568389081209611,加速度计,-0.4519,6.9552,10.3058,,,,,,,
1568389084978986,陀螺仪,,,,,,,,-0.0334,-0.0599,0.0611
1568389091232059,加速度计,1.9351,7.1461,4.3126,,,,,,,
1568389101257372,加速度计,-0.3783,7.3292,2.1314,,,,,,,
1568389105031486,陀螺仪,,,,,,,,-0.0947,-0.0722,0.0466
1568389111285132,加速度计,0.5584,5.7060,8.0643,,,,,,,
1568389121314924,加速度计,-0.4040,6.7594,9.1812,,,,,,,
1568389125092320,陀螺仪,,,,,,,,-0.0517,-0.0443,0.0992
1568389131346278,加速度计,0.1724,9.6462,6.3434,,,,,,,
1568389141378413,加速度计,1.2875,8.9280,2.3409,,,,,,,
1568389145156903,陀螺仪,,,,,,,,-0.1194,-0.0376,0.1027
1568389151410913,加速度计,-0.1838,5.1206,7.8829,,,,,,,
1568389161441903,加速度计,-0.4232,6.4608,8.7520,,,,,,,
1568389165209820,陀螺仪,,,,,,,,-0.1261,-0.0246,0.1752
1568389171462111,加速度计,0.3274,6.6152,7.8512,,,,,,,
1568389181480861,加速度计,0.6291,5.0637,6.8923,,,,,,,
1568389185247320,陀螺仪,,,,,,,,-0.0678,-0.0016,0.1927
1568389191499611,加速度计,0.3597,4.9327,8.9687,,,,,,,
1568389201518361,加速度计,1.0241,6.1926,5.4295,,,,,,,
1568389205284820,陀螺仪,,,,,,,,-0.0173,-0.0085,0.1751
1568389211537111,加速度计,1.6346,7.6704,9.1237,,,,,,,
1568389221555861,加速度计,-0.1377,8.0996,13.6703,,,,,,,
1568389225322320,陀螺仪,,,,,,,,0.0164,0.0212,0.1573
1568389231574820,加速度计,1.0361,7.3676,8.9854,,,,,,,
1568389241596330,加速度计,0.2568,6.2513,0.9553,,,,,,,
1568389245359872,陀螺仪,,,,,,,,-0.0166,-0.0083,0.1274
1568389251611747,加速度计,-0.8296,4.9656,3.4219,,,,,,,
1568389261627163,加速度计,0.2646,5.1290,13.5955,,,,,,,
1568389265390757,陀螺仪,,,,,,,,-0.0278,-0.0037,0.1622
1568389271642684,加速度计,-0.2987,8.6628,9.3793,,,,,,,
1568389281658622,加速度计,1.9525,7.8386,3.6907,,,,,,,
1568389291674976,加速度计,0.0251,4.5131,8.3959,,,,,,,
1568389285422945,陀螺仪,,,,,,,,-0.0134,-0.0011,0.1754
1568389301691747,加速度计,0.8583,5.0057,8.1756,,,,,,,
1568389305456799,陀螺仪,,,,,,,,0.0571,0.0617,0.1903
1568389311708934,加速度计,0.8906,11.0121,5.2846,,,,,,,
1568389321726538,加速度计,0.3214,7.5944,4.8937,,,,,,,
1568389325492320,陀螺仪,,,,,,,,-0.0217,0.0569,0.2047
1568389331744559,加速度计,0.2023,4.7268,9.2548,,,,,,,
1568389341762997,加速度计,-0.3885,6.7319,9.5146,,,,,,,
1568389351781851,加速度计,0.1030,9.2973,4.3987,,,,,,,
1568389345529507,陀螺仪,,,,,,,,0.0638,0.1020,0.2703
1568389361801122,加速度计,-0.0898,5.7072,6.2285,,,,,,,
1568389371820809,加速度计,-0.4806,7.1329,4.9416,,,,,,,
1568389365568361,陀螺仪,,,,,,,,0.0297,0.1060,0.2730
1568389381840913,加速度计,-0.8410,5.8724,6.8744,,,,,,,
1568389385608882,陀螺仪,,,,,,,,0.0035,0.0905,0.2945
1568389391861434,加速度计,-0.7661,8.0942,6.7588,,,,,,,
1568389401882372,加速度计,-0.3819,7.7518,6.3003,,,,,,,
1568389405651018,陀螺仪,,,,,,,,-0.0120,0.0939,0.3044
1568389411903622,加速度计,0.4782,5.1745,13.4901,,,,,,,
1568389421924872,加速度计,0.3759,6.7253,10.0999,,,,,,,
1568389425693518,陀螺仪,,,,,,,,0.1530,0.1353,0.2742
1568389431946122,加速度计,0.0640,8.6532,1.7699,,,,,,,
1568389441967372,加速度计,1.1319,6.6319,3.9073,,,,,,,
1568389451988309,加速度计,0.1251,7.8171,7.6213,,,,,,,
1568389445735861,陀螺仪,,,,,,,,0.0546,0.0996,0.2244
1568389462007997,加速度计,-1.4742,8.7131,9.5900,,,,,,,
1568389465774455,陀螺仪,,,,,,,,0.0341,0.1103,0.2462
1568389472026747,加速度计,0.8493,7.1431,6.3746,,,,,,,
1568389482046955,加速度计,1.8214,6.4207,3.0658,,,,,,,
1568389485833361,陀螺仪,,,,,,,,0.0089,0.1084,0.2378
1568389492082684,加速度计,0.9780,4.6950,5.8628,,,,,,,
1568389502077893,加速度计,1.6586,7.9906,4.6310,,,,,,,
1568389505824507,陀螺仪,,,,,,,,0.0083,0.1553,0.1662
1568389512074143,加速度计,-1.0331,8.5006,7.8949,,,,,,,
1568389522072268,加速度计,1.3617,6.7959,7.8015,,,,,,,
1568389525822684,陀螺仪,,,,,,,,-0.0349,0.1510,0.2145
1568389532072997,加速度计,0.1598,7.0204,7.3574,,,,,,,
1568389542076851,加速度计,0.3418,7.5357,6.6451,,,,,,,
1568389545833205,陀螺仪,,,,,,,,-0.0290,0.1641,0.1764
1568389552084455,加速度计,1.1803,6.0041,6.7020,,,,,,,
1568389562095913,加速度计,-0.8829,7.2880,7.6644,,,,,,,
1568389565859247,陀螺仪,,,,,,,,0.0233,0.1751,0.1682
1568389572111538,加速度计,0.3112,8.1744,7.0515,,,,,,,
1568389582131226,加速度计,0.7871,6.3249,8.7969,,,,,,,
1568389585901434,陀螺仪,,,,,,,,0.0104,0.1409,0.1550
1568389592154663,加速度计,2.0129,7.9811,5.3331,,,,,,,
1568389602181747,加速度计,0.3466,6.1974,4.9847,,,,,,,
1568389605957997,陀螺仪,,,,,,,,-0.0173,0.1708,0.0788
1568389612211955,加速度计,0.4980,6.6200,7.2724,,,,,,,
1568389622246330,加速度计,0.1305,6.4835,8.9675,,,,,,,
1568389644908913,GPS,,,,31.9425,118.7863,4.3800,74.9000,,,
1568389626054820,陀螺仪,,,,,,,,0.0222,0.1643,0.1124
1568389632310653,加速度计,0.7769,6.5386,7.2766,,,,,,,
1568389642347111,加速度计,1.5179,7.7327,3.5632,,,,,,,
1568389652365861,加速度计,0.6907,7.6369,4.5436,,,,,,,
1568389646113570,陀螺仪,,,,,,,,0.0020,0.1720,0.0606
1568389662384611,加速度计,1.0870,6.3907,9.1674,,,,,,,
1568389666151070,陀螺仪,,,,,,,,-0.0526,0.1706,0.0340
1568389672403361,加速度计,-0.5818,7.4669,11.3928,,,,,,,
1568389682422111,加速度计,0.0042,7.1970,5.1613,,,,,,,
1568389686188570,陀螺仪,,,,,,,,-0.0222,0.1824,0.0722
1568389692440861,加速度计,2.1183,6.3273,2.1129,,,,,,,
1568389702459611,加速度计,0.8051,5.3911,8.3103,,,,,,,
1568389706226070,陀螺仪,,,,,,,,-0.0916,0.1655,0.0125
1568389712478361,加速度计,0.3819,6.0424,12.8976,,,,,,,
1568389722497111,加速度计,0.4800,8.5521,7.6094,,,,,,,
1568389726264507,陀螺仪,,,,,,,,0.0277,0.1790,0.0294
1568389732517268,加速度计,1.7113,7.1946,5.6575,,,,,,,
1568389742549924,加速度计,1.1756,6.0466,4.1013,,,,,,,
1568389752549611,加速度计,0.5800,5.9502,6.8133,,,,,,,
1568389746299663,陀螺仪,,,,,,,,0.0092,0.1807,-0.0852
1568389762549924,加速度计,-0.5782,7.6531,4.6477,,,,,,,
1568389766301330,陀螺仪,,,,,,,,-0.0189,0.1474,-0.0722
1568389772551695,加速度计,0.2227,7.3777,5.9071,,,,,,,
1568389782555653,加速度计,2.0770,5.4552,10.8505,,,,,,,
1568389786311174,陀螺仪,,,,,,,,-0.0387,0.1509,-0.0860
1568389792562215,加速度计,-0.3047,6.9893,9.1800,,,,,,,
1568389802571799,加速度计,-0.3621,8.2373,4.5699,,,,,,,
1568389812584715,加速度计,1.0487,7.4071,7.0455,,,,,,,
1568389806332840,陀螺仪,,,,,,,,-0.0188,0.1562,-0.0826
1568389822600965,加速度计,-0.6381,6.3602,10.5548,,,,,,,
1568389832620549,加速度计,0.7739,6.1884,9.6061,,,,,,,
1568389826367840,陀螺仪,,,,,,,,0.0083,0.1380,-0.0897
1568389842643361,加速度计,1.3617,8.4180,0.5543,,,,,,,
1568389846415601,陀螺仪,,,,,,,,-0.0079,0.1166,-0.1645
1568389852668986,加速度计,1.1869,4.8405,6.3327,,,,,,,
1568389862697007,加速度计,-0.3394,5.3864,10.7009,,,,,,,
1568389866473153,陀螺仪,,,,,,,,0.0398,0.1032,-0.2168
1568389872727007,加速度计,-0.6506,8.5084,7.8596,,,,,,,
1568389882758570,加速度计,1.5616,7.8189,4.2329,,,,,,,
1568389892791174,加速度计,1.0762,6.3069,1.3402,,,,,,,
1568389886537111,陀螺仪,,,,,,,,0.0256,0.0461,-0.2237
1568389902824090,加速度计,1.4928,4.9949,6.7409,,,,,,,
1568389912853986,加速度计,0.7003,6.0466,5.5204,,,,,,,
1568389906601434,陀螺仪,,,,,,,,-0.0724,-0.0019,-0.3049
1568389922874299,加速度计,-0.0527,6.5062,9.5217,,,,,,,
1568389926640757,陀螺仪,,,,,,,,-0.0563,-0.0180,-0.2607
1568389932893049,加速度计,1.5963,8.2809,14.1414,,,,,,,
1568389942911799,加速度计,1.2163,8.9777,18.4216,,,,,,,
1568389946678257,陀螺仪,,,,,,,,0.1216,0.0389,-0.2818
1568389952930549,加速度计,1.7508,10.1107,18.5084,,,,,,,
1568389962949299,加速度计,-2.8120,7.2790,4.2701,,,,,,,
1568389966715757,陀螺仪,,,,,,,,0.4334,0.0459,-0.3546
1568389972968049,加速度计,-0.1209,6.4841,-7.7105,,,,,,,
1568389982987424,加速度计,2.0746,3.3160,-10.4986,,,,,,,
1568389993009403,加速度计,-2.6671,3.1747,14.1402,,,,,,,
1568389986757788,陀螺仪,,,,,,,,-0.2518,-0.2613,-0.3770
1568390003022736,加速度计,6.1339,9.2380,13.2567,,,,,,,
1568390006784559,陀螺仪,,,,,,,,0.3364,0.0101,-0.2710
1568390013036226,加速度计,0.0419,11.6598,-7.6291,,,,,,,
1568390023050132,加速度计,6.2531,1.0104,-10.5985,,,,,,,
1568390026812684,陀螺仪,,,,,,,,-0.5800,-0.3036,-0.4056
1568390033064455,加速度计,-7.8219,2.1422,30.7332,,,,,,,
1568390043079351,加速度计,0.7769,20.0736,7.5441,,,,,,,
1568390053095080,加速度计,-2.1512,7.7536,5.9179,,,,,,,
1568390046843101,陀螺仪,,,,,,,,0.1899,0.1936,-0.1136
1568390063111643,加速度计,3.2651,-1.6161,12.8126,,,,,,,
1568390073129038,加速度计,-2.0848,7.7015,-0.3370,,,,,,,
1568390066876851,陀螺仪,,,,,,,,-0.1080,0.0361,0.0699
1568390083147268,加速度计,3.2669,8.3875,22.3319,,,,,,,
1568390086913934,陀螺仪,,,,,,,,0.0555,0.0289,-0.0218
1568390093166330,加速度计,1.1187,7.5651,7.3963,,,,,,,
1568390103186226,加速度计,-1.3150,5.1912,5.5324,,,,,,,
1568390106954351,陀螺仪,,,,,,,,0.1751,0.0158,-0.1116
1568390113206955,加速度计,0.0736,8.5946,-4.0785,,,,,,,
1568390123228518,加速度计,0.5429,5.3726,0.2376,,,,,,,
1568390126997997,陀螺仪,,,,,,,,-0.1205,-0.1100,-0.1626
1568390133250757,加速度计,-0.1766,4.5753,13.7074,,,,,,,
1568390143273413,加速度计,-0.6668,8.2223,5.9592,,,,,,,
1568390153296330,加速度计,0.5064,8.3893,5.7539,,,,,,,
1568390147043518,陀螺仪,,,,,,,,0.0700,-0.0212,-0.0879
1568390163319247,加速度计,0.6674,9.1117,8.1122,,,,,,,
1568390173342163,加速度计,-0.9242,9.0190,3.8349,,,,,,,
1568390167089351,陀螺仪,,,,,,,,-0.0575,-0.0321,-0.0481
1568390183363518,加速度计,1.1031,9.1488,10.0024,,,,,,,
1568390187129976,陀螺仪,,,,,,,,-0.1494,0.0145,0.0008
1568390193382268,加速度计,3.0089,7.1874,5.9388,,,,,,,
1568390203401018,加速度计,1.1187,3.6685,9.0956,,,,,,,
1568390207167476,陀螺仪,,,,,,,,-0.1929,0.1024,0.0418
1568390213419768,加速度计,-0.5285,4.6046,10.6955,,,,,,,
1568390223438518,加速度计,-0.2604,1.2743,10.0467,,,,,,,
1568390227206538,陀螺仪,,,,,,,,0.0069,0.1112,0.0967
1568390233459611,加速度计,1.7071,1.2528,9.4780,,,,,,,
1568390243492476,加速度计,-1.9501,7.4992,1.3204,,,,,,,
1568390247236903,陀螺仪,,,,,,,,0.2385,0.0663,-0.0518
1568390253486122,加速度计,-0.7931,12.4870,0.9547,,,,,,,
1568390263480913,加速度计,-0.4693,13.0394,6.3895,,,,,,,
1568390267227945,陀螺仪,,,,,,,,-0.0469,-0.1321,-0.2216
1568390273477684,加速度计,-1.4808,11.4479,5.9610,,,,,,,
1568390283477268,加速度计,-0.9852,6.9420,8.5341,,,,,,,
1568390287229715,陀螺仪,,,,,,,,-0.1550,-0.1526,-0.2028
1568390293480340,加速度计,-0.8272,3.7260,7.4945,,,,,,,
1568390303487320,加速度计,2.0117,5.6407,9.9252,,,,,,,
1568390307246903,陀螺仪,,,,,,,,-0.0933,-0.0814,-0.0272
1568390313498622,加速度计,1.5299,4.6262,6.3566,,,,,,,
1568390323514507,加速度计,0.4166,5.4199,4.5921,,,,,,,
1568390327282007,陀螺仪,,,,,,,,-0.0888,-0.0157,0.0019
1568390333534820,加速度计,1.0325,6.6954,8.7640,,,,,,,
1568390343559299,加速度计,2.8335,5.2870,10.6189,,,,,,,
1568390347333882,陀螺仪,,,,,,,,-0.0056,0.0258,0.0088
1568390353587632,加速度计,0.1239,7.5040,7.9116,,,,,,,
1568390363619143,加速度计,-0.5902,7.1114,2.1410,,,,,,,
1568390373653257,加速度计,0.1664,5.2194,7.7015,,,,,,,
1568390367398882,陀螺仪,,,,,,,,-0.0225,-0.0057,-0.0232
1568390383689143,加速度计,-0.4723,7.7458,10.0221,,,,,,,
1568390387471486,陀螺仪,,,,,,,,0.0377,-0.0543,-0.0507
1568390393726122,加速度计,-0.1203,8.3743,4.8052,,,,,,,
1568390403763622,加速度计,0.1999,7.9703,1.6831,,,,,,,
1568390407542424,陀螺仪,,,,,,,,-0.0348,-0.0953,-0.1321
1568390413795028,加速度计,-1.0924,7.5776,4.6406,,,,,,,
1568390423815340,加速度计,0.7027,4.7423,11.3413,,,,,,,
1568390427581799,陀螺仪,,,,,,,,-0.0723,-0.1205,-0.0961
1568390433834090,加速度计,-0.8493,6.6966,9.1758,,,,,,,
1568390443852840,加速度计,0.1329,8.4509,4.2180,,,,,,,
1568390447619299,陀螺仪,,,,,,,,-0.0313,-0.0794,-0.0289
1568390453871590,加速度计,1.7657,5.5809,8.6945,,,,,,,
1568390463890340,加速度计,-0.0640,6.3255,6.9851,,,,,,,
1568390467656799,陀螺仪,,,,,,,,0.0165,-0.0269,-0.0366
1568390473909090,加速度计,0.5578,7.3095,4.0618,,,,,,,
1568390483929403,加速度计,0.8404,8.4701,5.1667,,,,,,,
1568390487706695,陀螺仪,,,,,,,,-0.0967,-0.0589,0.0083
1568390493957007,加速度计,-0.9313,4.8806,14.1797,,,,,,,
1568390503960080,加速度计,1.4006,8.8436,10.1843,,,,,,,
1568390513963726,加速度计,0.0275,8.1702,4.1719,,,,,,,
1568390507713257,陀螺仪,,,,,,,,0.0583,0.0069,0.0696
1568390523968518,加速度计,1.2504,6.1800,5.1529,,,,,,,
1568390527724195,陀螺仪,,,,,,,,-0.0061,-0.0256,0.0288
1568390533975132,加速度计,-0.0892,5.0398,7.9080,,,,,,,
1568390543983986,加速度计,-0.2586,7.3873,8.0104,,,,,,,
1568390547743778,陀螺仪,,,,,,,,0.0326,0.0008,0.0566
1568390553995340,加速度计,0.8212,8.8196,2.9161,,,,,,,
1568390564009351,加速度计,0.2562,7.5274,7.8727,,,,,,,
1568390567773986,陀螺仪,,,,,,,,-0.0577,0.0140,0.0792
1568390574026278,加速度计,-1.1271,7.2233,10.8930,,,,,,,
1568390584045965,加速度计,0.6548,8.4222,5.3145,,,,,,,
1568390587815236,陀螺仪,,,,,,,,0.0337,0.0855,0.1475
1568390594068153,加速度计,0.4148,5.7114,4.0384,,,,,,,
1568390604092684,加速度计,0.9433,5.0194,4.5472,,,,,,,
1568390607865757,陀螺仪,,,,,,,,-0.0595,0.0750,0.1543
1568390614119143,加速度计,-0.0988,6.8331,9.8773,,,,,,,
1568390624147424,加速度计,0.1772,8.1331,14.0049,,,,,,,
1568390627935393,陀螺仪,,,,,,,,0.0602,0.1317,0.1746
1568390634191799,加速度计,0.2053,9.0309,10.7087,,,,,,,
1568390648313027,GPS,,,,31.9425,118.7864,4.3900,75.3000,,,
1568390644228257,加速度计,0.2286,5.8305,-0.0090,,,,,,,
1568390647995965,陀螺仪,,,,,,,,0.1073,0.1324,0.1202
1568390654248257,加速度计,0.2376,5.8305,-2.2152,,,,,,,
1568390664267007,加速度计,0.8062,5.4366,5.2050,,,,,,,
1568390674285757,加速度计,-1.0971,3.6045,0.2801,,,,,,,
1568390668033465,陀螺仪,,,,,,,,-0.1192,0.0575,-0.0032
1568390684304507,加速度计,0.7386,3.2304,-5.8832,,,,,,,
1568390688070965,陀螺仪,,,,,,,,-0.2214,0.0573,-0.0260
1568390694323257,加速度计,5.5180,0.6201,-10.4178,,,,,,,
1568390704342007,加速度计,-0.9631,15.1661,32.2092,,,,,,,
1568390714360757,加速度计,-6.8354,19.2248,5.7610,,,,,,,
1568390708108465,陀螺仪,,,,,,,,-0.2316,0.0601,-0.3128
1568390724379507,加速度计,-5.9861,-1.6544,12.0620,,,,,,,
1568390734399299,加速度计,-0.4160,-7.0252,3.7577,,,,,,,
1568390728146747,陀螺仪,,,,,,,,-0.4340,-0.0067,0.0651
1568390744420549,加速度计,4.8949,6.5894,37.4591,,,,,,,
1568390748181538,陀螺仪,,,,,,,,0.1043,0.0096,0.3405
1568390754433049,加速度计,9.1087,27.5040,14.0043,,,,,,,
1568390764445757,加速度计,1.8531,2.0572,16.2626,,,,,,,
1568390768207268,陀螺仪,,,,,,,,0.1537,0.0812,-0.1406
1568390774458882,加速度计,0.1173,-1.1947,2.2607,,,,,,,
1568390784472632,加速度计,-0.8422,-3.0586,9.2476,,,,,,,
1568390794487215,加速度计,2.0560,24.1778,3.4261,,,,,,,
1568390788235393,陀螺仪,,,,,,,,0.3762,-0.0743,-0.2967
1568390804502632,加速度计,-2.2972,18.6221,-10.1418,,,,,,,
1568390814519090,加速度计,0.7649,-5.5007,-4.1372,,,,,,,
1568390808267007,陀螺仪,,,,,,,,-0.0112,-0.2382,-0.5044
1568390824536799,加速度计,-2.6205,3.2004,18.4743,,,,,,,
1568390834555757,加速度计,-1.8872,19.7216,3.0694,,,,,,,
1568390828303361,陀螺仪,,,,,,,,0.0783,-0.2438,-0.4253
1568390844575757,加速度计,1.1797,5.7862,13.1035,,,,,,,
1568390854596590,加速度计,-0.9954,2.2158,-5.7437,,,,,,,
1568390848343986,陀螺仪,,,,,,,,-0.0699,-0.2063,-0.1534
1568390864618257,加速度计,1.6149,8.4545,13.7810,,,,,,,
1568390868387788,陀螺仪,,,,,,,,-0.1245,-0.0370,0.1112
1568390874640549,加速度计,-0.2891,5.4648,6.7445,,,,,,,
1568390884663257,加速度计,2.5917,3.7763,8.1145,,,,,,,
1568390888433518,陀螺仪,,,,,,,,0.0353,0.0711,0.2232
1568390894686382,加速度计,2.3858,-2.2889,15.3809,,,,,,,
1568390904709715,加速度计,0.1688,-12.1428,13.8068,,,,,,,
1568390908480184,陀螺仪,,,,,,,,0.6402,0.1435,0.1185
1568390914733049,加速度计,-1.3036,-0.2412,10.4429,,,,,,,
1568390924755132,加速度计,-0.7859,44.0018,-7.8386,,,,,,,
1568390928522632,陀螺仪,,,,,,,,1.0326,-0.0088,-0.0292
1568390934774924,加速度计,0.7895,25.6712,-12.8832,,,,,,,
1568390944793674,加速度计,0.8607,8.8729,-10.3459,,,,,,,
1568390948560132,陀螺仪,,,,,,,,-0.8870,-0.3060,-0.3346
1568390954812424,加速度计,2.7874,3.4459,12.5737,,,,,,,
1568390964831174,加速度计,2.2386,-12.0093,0.9750,,,,,,,
1568390968597632,陀螺仪,,,,,,,,-0.2683,-0.0499,-0.2478
1568390974849924,加速度计,-1.9573,10.4698,13.9492,,,,,,,
1568390984872215,加速度计,-4.2976,18.1211,16.7672,,,,,,,
1568390988653830,陀螺仪,,,,,,,,-0.4539,0.1152,0.4200
1568390994902424,加速度计,1.5927,-1.7113,9.7522,,,,,,,
1568391004892007,加速度计,5.1834,-7.3717,10.4441,,,,,,,
1568391008634090,陀螺仪,,,,,,,,-0.3951,0.2241,0.3272
1568391014883049,加速度计,1.9082,-1.8537,-0.4896,,,,,,,
1568391024876590,加速度计,-3.3890,-1.4108,22.6695,,,,,,,
1568391028623674,陀螺仪,,,,,,,,-0.0427,0.1820,0.1929
1568391034873465,加速度计,-0.2538,22.8862,18.3067,,,,,,,
1568391044874507,加速度计,-2.5115,14.8937,7.1587,,,,,,,
1568391048629351,陀螺仪,,,,,,,,-0.0306,-0.0111,-0.1406
1568391054880340,加速度计,0.0144,3.2465,-0.5489,,,,,,,
1568391064891382,加速度计,-3.8828,6.4260,2.1374,,,,,,,
1568391074907840,加速度计,-0.7296,7.3891,5.8915,,,,,,,
1568391068655497,陀螺仪,,,,,,,,-0.0929,-0.2300,-0.2863
1568391084929507,加速度计,-0.1053,5.4887,8.6622,,,,,,,
1568391088702424,陀螺仪,,,,,,,,-0.0280,-0.1702,-0.1742
1568391094955965,加速度计,-1.3072,5.8885,8.5611,,,,,,,
1568391104986799,加速度计,1.4222,8.1529,8.9328,,,,,,,
1568391115021382,加速度计,1.7687,8.2175,7.4412,,,,,,,
1568391108766903,陀螺仪,,,,,,,,0.0451,-0.0575,0.0896
1568391125058882,加速度计,2.2308,6.0986,8.3809,,,,,,,
1568391135098465,加速度计,3.4034,8.4994,0.1939,,,,,,,
1568391128843465,陀螺仪,,,,,,,,0.0992,0.1096,0.2045
1568391145139090,加速度计,2.9353,4.3838,8.2678,,,,,,,
1568391155178882,加速度计,-0.6183,2.9814,7.3065,,,,,,,
1568391148924090,陀螺仪,,,,,,,,-0.0686,0.1469,0.1880
1568391165207632,加速度计,-0.1035,7.5932,8.8220,,,,,,,
1568391168974090,陀螺仪,,,,,,,,0.1037,0.1991,0.2316
1568391175226382,加速度计,0.8380,6.5212,7.4202,,,,,,,
1568391185245132,加速度计,-0.3484,4.6783,7.3388,,,,,,,
1568391189011590,陀螺仪,,,,,,,,0.1273,0.1065,0.0860
1568391195263882,加速度计,-0.6931,8.8729,3.8942,,,,,,,
1568391205282632,加速度计,-0.7554,11.5395,5.7102,,,,,,,
1568391215301382,加速度计,-0.6339,9.2368,7.9559,,,,,,,
1568391209049090,陀螺仪,,,,,,,,0.0361,0.0013,-0.0623
1568391225320132,加速度计,0.3011,4.2132,10.6291,,,,,,,
1568391235341174,加速度计,0.0928,5.0458,5.8987,,,,,,,
1568391229088309,陀螺仪,,,,,,,,0.0643,-0.0071,-0.1294
1568391245367476,加速度计,0.2077,8.7909,5.0907,,,,,,,
1568391255367684,加速度计,1.2474,8.9435,8.7742,,,,,,,
1568391249117684,陀螺仪,,,,,,,,0.0799,-0.0796,-0.1558
1568391265368726,加速度计,1.2594,7.3281,5.8933,,,,,,,
1568391275371434,加速度计,0.9284,8.2708,4.4909,,,,,,,
1568391269121018,陀螺仪,,,,,,,,0.0791,-0.0368,-0.1775
1568391285376434,加速度计,1.7555,9.0573,7.7985,,,,,,,
1568391289133049,陀螺仪,,,,,,,,0.0406,-0.0321,-0.1413
1568391295384143,加速度计,1.0307,6.6523,11.0923,,,,,,,
1568391305394768,加速度计,1.8100,7.8967,3.4590,,,,,,,
1568391309156643,陀螺仪,,,,,,,,0.0923,-0.0115,-0.1574
1568391315408518,加速度计,0.9355,7.9613,1.0427,,,,,,,
1568391325425601,加速度计,0.7081,5.3828,4.7417,,,,,,,
1568391329193153,陀螺仪,,,,,,,,-0.0577,-0.0574,-0.1977
1568391335445809,加速度计,0.6572,6.6774,9.2105,,,,,,,
1568391345468934,加速度计,1.2097,8.1594,9.2937,,,,,,,
1568391355494768,加速度计,0.4519,6.0298,4.6872,,,,,,,
1568391349241434,陀螺仪,,,,,,,,-0.0072,-0.0409,-0.1880
1568391365522893,加速度计,-0.3687,6.8217,6.6385,,,,,,,
1568391369299090,陀螺仪,,,,,,,,-0.0345,-0.0513,-0.2029
1568391375552893,加速度计,0.2125,6.6457,5.5103,,,,,,,
1568391385584351,加速度计,1.2336,5.9274,8.5724,,,,,,,
1568391389362632,陀螺仪,,,,,,,,-0.0454,-0.0495,-0.1848
1568391395616643,加速度计,-1.0822,6.1387,7.5130,,,,,,,
1568391405649143,加速度计,0.6315,5.9143,6.3758,,,,,,,
1568391409423570,陀螺仪,,,,,,,,-0.0597,-0.0579,-0.1423
1568391415676226,加速度计,0.1730,5.9089,8.0960,,,,,,,
1568391425696434,加速度计,-0.5590,7.4124,10.6979,,,,,,,
1568391429462893,陀螺仪,,,,,,,,-0.0411,-0.0578,-0.1340
1568391435715184,加速度计,-0.1796,6.9222,8.2313,,,,,,,
1568391445733934,加速度计,-0.1838,6.6331,3.5434,,,,,,,
1568391455752684,加速度计,-1.2354,4.9033,8.3163,,,,,,,
1568391449500393,陀螺仪,,,,,,,,-0.0433,-0.0758,-0.1509
1568391465771434,加速度计,-0.0539,6.5781,12.3439,,,,,,,
1568391475790184,加速度计,-0.9224,7.5747,7.8374,,,,,,,
1568391469537893,陀螺仪,,,,,,,,0.0012,-0.0901,-0.1133
1568391485809976,加速度计,0.6722,7.4466,5.9221,,,,,,,
1568391495830080,加速度计,0.1754,6.8624,1.7627,,,,,,,
1568391489578361,陀螺仪,,,,,,,,0.0084,-0.1121,-0.0884
1568391505844247,加速度计,-1.7298,6.5864,4.7639,,,,,,,
1568391509606695,陀螺仪,,,,,,,,-0.0810,-0.1052,-0.0726
1568391515858413,加速度计,0.7661,6.8307,6.1106,,,,,,,
1568391525872840,加速度计,0.1119,6.6732,6.5242,,,,,,,
1568391529635861,陀螺仪,,,,,,,,-0.0822,-0.0680,0.0093
1568391535887684,加速度计,1.0738,6.7738,4.2719,,,,,,,
1568391545903205,加速度计,-0.9206,5.6060,6.9791,,,,,,,
1568391549667528,陀螺仪,,,,,,,,-0.0972,-0.0362,0.0475
1568391555919559,加速度计,0.1844,8.1068,7.1144,,,,,,,
1568391565936747,加速度计,0.0365,6.7098,9.7480,,,,,,,
1568391569702528,陀螺仪,,,,,,,,-0.0676,-0.0249,0.1041
1568391575954768,加速度计,-0.3316,7.4950,9.7630,,,,,,,
1568391585973622,加速度计,-0.1508,7.1916,7.7506,,,,,,,
1568391589740861,陀螺仪,,,,,,,,0.0242,-0.0166,0.0875
1568391595993309,加速度计,-0.1425,6.3129,7.2131,,,,,,,
1568391606013830,加速度计,-0.2286,7.2927,6.6361,,,,,,,
1568391616034924,加速度计,-0.0401,7.1515,6.1010,,,,,,,
1568391609782320,陀螺仪,,,,,,,,0.0272,-0.0754,0.0357
1568391626059403,加速度计,-0.2239,7.2209,3.2819,,,,,,,
1568391629836799,陀螺仪,,,,,,,,0.0025,-0.0971,-0.0170
1568391636090393,加速度计,0.0545,6.9055,6.5523,,,,,,,
1568391650441152,GPS,,,,31.9425,118.7864,4.6600,74.9000,,,
1568391646110445,加速度计,0.0102,7.0677,8.5479,,,,,,,
1568391649876903,陀螺仪,,,,,,,,-0.0377,-0.1137,-0.0088
1568391656129195,加速度计,-0.0096,6.4452,10.8380,,,,,,,
1568391666147945,加速度计,0.5195,8.7436,4.8572,,,,,,,
1568391669914403,陀螺仪,,,,,,,,0.0218,-0.0983,0.0075
1568391676166695,加速度计,0.4681,7.5998,6.7109,,,,,,,
1568391686185445,加速度计,0.5734,6.4835,8.2013,,,,,,,
1568391689951903,陀螺仪,,,,,,,,-0.0230,-0.1016,-0.0145
1568391696204195,加速度计,-0.9050,7.5609,10.4441,,,,,,,
1568391706222945,加速度计,1.4647,7.6812,5.0176,,,,,,,
1568391709989403,陀螺仪,,,,,,,,0.0217,-0.1139,0.0349
1568391716241695,加速度计,0.5333,5.2924,9.4912,,,,,,,
1568391726260445,加速度计,0.9541,7.9535,6.7074,,,,,,,
1568391730027215,陀螺仪,,,,,,,,0.0864,-0.0752,0.0230
1568391736279559,加速度计,0.5237,6.0597,6.0855,,,,,,,
1568391746300132,加速度计,0.5920,8.1002,3.6302,,,,,,,
1568391750062945,陀螺仪,,,,,,,,0.0687,-0.0755,0.0305
1568391756314715,加速度计,0.5812,6.3548,5.1799,,,,,,,
1568391766329299,加速度计,-0.5986,7.2820,3.7924,,,,,,,
1568391770092320,陀螺仪,,,,,,,,0.0230,-0.0531,0.0667
1568391776344143,加速度计,1.1899,7.3861,5.5025,,,,,,,
1568391786359403,加速度计,0.2735,6.4177,5.6342,,,,,,,
1568391790123153,陀螺仪,,,,,,,,-0.0587,-0.0340,0.1035
1568391796375080,加速度计,-1.3838,8.4479,9.0644,,,,,,,
1568391806391434,加速度计,0.0611,8.9322,17.9050,,,,,,,
1568391810156486,陀螺仪,,,,,,,,0.0261,0.0212,0.2164
1568391816408622,加速度计,0.6812,7.5639,9.9000,,,,,,,
1568391826426643,加速度计,0.4639,6.3979,1.4335,,,,,,,
1568391836445497,加速度计,-0.6123,3.7673,-0.6518,,,,,,,
1568391830193153,陀螺仪,,,,,,,,0.0955,0.0433,0.1642
1568391846465184,加速度计,-0.5818,4.2288,9.8402,,,,,,,
1568391850232945,陀螺仪,,,,,,,,-0.0218,-0.0322,0.1634
1568391856485445,加速度计,-0.6243,7.5352,13.6033,,,,,,,
1568391866506122,加速度计,-0.8990,9.9940,7.6938,,,,,,,
1568391876527215,加速度计,1.0810,7.6022,4.5514,,,,,,,
1568391870274611,陀螺仪,,,,,,,,0.1168,0.0089,0.1686
1568391886548726,加速度计,-0.8769,6.4769,4.5969,,,,,,,
1568391890317736,陀螺仪,,,,,,,,0.0618,-0.0213,0.1027
1568391896570393,加速度计,-0.0497,6.6655,5.7610,,,,,,,
1568391906592059,加速度计,0.0940,8.3552,7.7955,,,,,,,
1568391916613726,加速度计,-0.3508,7.7315,7.1772,,,,,,,
1568391910361070,陀螺仪,,,,,,,,-0.0092,-0.0353,0.1340
1568391926635393,加速度计,-0.1323,6.8354,5.8029,,,,,,,
1568391936655497,加速度计,0.7811,7.3939,4.7034,,,,,,,
1568391930403153,陀螺仪,,,,,,,,-0.0113,-0.0027,0.1352
1568391946674403,加速度计,-0.4094,5.5653,8.5449,,,,,,,
1568391950440861,陀螺仪,,,,,,,,-0.0381,-0.0149,0.1336
1568391956693153,加速度计,-0.2640,6.3051,8.3504,,,,,,,
1568391966711903,加速度计,0.7003,6.6325,3.5536,,,,,,,
1568391976730653,加速度计,0.4968,5.8125,5.0260,,,,,,,
1568391970478361,陀螺仪,,,,,,,,0.0043,-0.0021,0.1393
1568391986752528,加速度计,-0.1454,6.9402,9.2931,,,,,,,
1568391990526851,陀螺仪,,,,,,,,0.0352,0.0121,0.1204
1568391996776486,加速度计,0.6794,7.7626,9.3769,,,,,,,
1568392006774507,加速度计,1.4072,10.1544,3.1514,,,,,,,
1568392016773622,加速度计,-0.6297,8.1977,5.2038,,,,,,,
1568392010523726,陀螺仪,,,,,,,,-0.0049,-0.0127,0.0806
1568392026774507,加速度计,0.3519,4.4873,9.6672,,,,,,,
1568392030527476,陀螺仪,,,,,,,,-0.0594,-0.0274,0.0811
1568392036777997,加速度计,0.3292,6.9546,10.1418,,,,,,,
1568392046784663,加速度计,0.5154,7.0868,7.0922,,,,,,,
1568392050543309,陀螺仪,,,,,,,,0.0079,-0.0003,0.1104
1568392056794663,加速度计,1.3671,5.9652,6.9282,,,,,,,
1568392066808257,加速度计,1.2492,7.8015,6.2375,,,,,,,
1568392070573309,陀螺仪,,,,,,,,0.0036,0.0007,0.0555
1568392076825601,加速度计,0.1694,6.2578,7.6579,,,,,,,
1568392086846434,加速度计,0.7643,8.2031,5.0380,,,,,,,
1568392090617476,陀螺仪,,,,,,,,-0.0140,-0.0085,0.0451
1568392096870601,加速度计,0.6183,7.3951,7.9912,,,,,,,
1568392106897840,加速度计,-0.0018,6.8905,8.8825,,,,,,,
1568392110673934,陀螺仪,,,,,,,,-0.0401,-0.0202,0.0507
1568392116927736,加速度计,0.0299,7.1706,10.7069,,,,,,,
1568392126959611,加速度计,0.6937,7.2030,3.0789,,,,,,,
1568392130738726,陀螺仪,,,,,,,,0.0214,0.0069,0.0405
1568392136992893,加速度计,1.5999,5.0518,1.4240,,,,,,,
1568392147026903,加速度计,-0.0485,5.8377,5.5707,,,,,,,
1568392150806851,陀螺仪,,,,,,,,-0.0605,-0.0040,0.0099
1568392157061070,加速度计,0.0718,7.2796,6.5888,,,,,,,
1568392167087163,加速度计,0.4950,7.1461,9.9401,,,,,,,
1568392177106851,加速度计,-0.1317,7.0773,4.1533,,,,,,,
1568392170854559,陀螺仪,,,,,,,,-0.0597,0.0053,0.0710
1568392187125601,加速度计,0.2825,6.9390,9.7217,,,,,,,
1568392190892059,陀螺仪,,,,,,,,-0.0651,0.0387,0.1206
1568392197144351,加速度计,-0.3154,6.3608,10.5028,,,,,,,
1568392207163101,加速度计,0.6063,6.7337,8.0595,,,,,,,
1568392210929559,陀螺仪,,,,,,,,0.0386,0.0835,0.1613
1568392217181851,加速度计,0.2340,7.6626,3.2908,,,,,,,
1568392227200601,加速度计,1.3012,5.0332,7.3065,,,,,,,
1568392230968309,陀螺仪,,,,,,,,-0.0201,0.0541,0.1153
1568392237220913,加速度计,-0.6345,6.3219,7.5699,,,,,,,
1568392247240028,加速度计,-0.8601,8.4683,5.6198,,,,,,,
1568392257252111,加速度计,0.5441,6.2201,7.9877,,,,,,,
1568392251000653,陀螺仪,,,,,,,,-0.0079,0.0485,0.1214
1568392267264507,加速度计,-0.1586,6.5745,6.4793,,,,,,,
1568392271025757,陀螺仪,,,,,,,,-0.0200,0.0509,0.1285
1568392277277320,加速度计,0.5016,7.5022,4.5466,,,,,,,
1568392287290861,加速度计,0.0335,5.2253,7.8925,,,,,,,
1568392291053465,陀螺仪,,,,,,,,-0.0601,0.0402,0.1178
1568392297305236,加速度计,0.3633,6.4171,7.5729,,,,,,,
1568392307320757,加速度计,-0.9337,8.1618,4.2754,,,,,,,
1568392311085445,陀螺仪,,,,,,,,-0.0708,0.0555,0.0961
1568392317337528,加速度计,0.0036,7.6064,7.1473,,,,,,,
1568392327355549,加速度计,-0.5519,5.7024,11.1103,,,,,,,
1568392331122424,陀螺仪,,,,,,,,-0.0333,0.0521,0.1232
1568392337374820,加速度计,0.3591,7.6261,8.4605,,,,,,,
1568392347395340,加速度计,0.1419,6.9462,6.2872,,,,,,,
1568392351164143,陀螺仪,,,,,,,,0.0091,0.0494,0.1216
1568392357416799,加速度计,1.2887,5.6036,4.1899,,,,,,,
1568392367439090,加速度计,0.2699,6.5727,4.8441,,,,,,,
1568392377461903,加速度计,-0.0090,7.4095,11.5688,,,,,,,
1568392371209090,陀螺仪,,,,,,,,-0.0113,0.0228,0.0429
1568392387485132,加速度计,0.5142,9.0465,6.7696,,,,,,,
1568392391255861,陀螺仪,,,,,,,,0.0625,0.0387,0.0571
1568392397508778,加速度计,1.8860,9.2985,2.3756,,,,,,,
1568392407532528,加速度计,0.1867,6.3045,7.2730,,,,,,,
1568392417556278,加速度计,0.7147,5.4869,9.9778,,,,,,,
1568392411303361,陀螺仪,,,,,,,,-0.0816,-0.0141,-0.0201
1568392427576590,加速度计,0.5052,5.7491,10.4441,,,,,,,
1568392437595445,加速度计,1.7394,9.2853,3.0197,,,,,,,
1568392431343153,陀螺仪,,,,,,,,0.0542,0.0376,0.0286
1568392447614195,加速度计,1.0403,6.4452,7.8314,,,,,,,
1568392451380653,陀螺仪,,,,,,,,-0.0218,0.0194,-0.0368
1568392457632945,加速度计,0.3484,5.5911,7.4867,,,,,,,
1568392467651695,加速度计,0.3376,7.4705,7.5884,,,,,,,
1568392471418153,陀螺仪,,,,,,,,0.0165,0.0060,-0.0273
1568392477670445,加速度计,0.5626,7.5453,8.9974,,,,,,,
1568392487698778,加速度计,0.6422,6.4165,5.4139,,,,,,,
1568392491467059,陀螺仪,,,,,,,,0.0232,0.0296,-0.0153
1568392497715705,加速度计,0.4800,5.6832,7.0372,,,,,,,
1568392507705913,加速度计,-0.1574,6.6930,8.2289,,,,,,,
1568392511448882,陀螺仪,,,,,,,,0.0944,0.0529,0.0269
1568392517697893,加速度计,0.4776,8.7700,7.1389,,,,,,,
1568392527692580,加速度计,0.9098,9.2763,5.2762,,,,,,,
1568392531440965,陀螺仪,,,,,,,,0.0286,0.0447,0.0435
1568392537690809,加速度计,1.1349,7.8296,4.8333,,,,,,,
1568392547693413,加速度计,-0.3639,4.2731,9.0495,,,,,,,
1568392551449872,陀螺仪,,,,,,,,0.0079,0.0775,0.0711
1568392557700913,加速度计,-0.0245,5.7724,5.5324,,,,,,,
1568392567713413,加速度计,0.6722,7.6363,4.1779,,,,,,,
1568392571478622,陀螺仪,,,,,,,,-0.0029,0.0905,0.1225
1568392577730913,加速度计,-0.3328,7.3245,10.8876,,,,,,,
1568392587753413,加速度计,-0.2017,6.0172,10.8948,,,,,,,
1568392591527111,陀螺仪,,,,,,,,0.0851,0.1280,0.1270
1568392597780601,加速度计,0.4735,8.3121,4.5484,,,,,,,
1568392607811747,加速度计,-0.1885,6.6673,6.2094,,,,,,,
1568392617846330,加速度计,-0.1975,5.7299,4.9362,,,,,,,
1568392611591955,陀螺仪,,,,,,,,0.0338,0.0804,0.1048
1568392627890809,加速度计,0.9206,7.6848,10.5776,,,,,,,
1568392631691538,陀螺仪,,,,,,,,0.0755,0.0956,0.0619
1568392650208391,GPS,,,,31.9425,118.7865,4.9800,73.6000,,,
1568392637947320,加速度计,-0.3615,8.2582,7.9553,,,,,,,
1568392651756955,陀螺仪,,,,,,,,0.0522,0.0678,0.0387
1568392647990497,加速度计,-0.1939,7.5100,3.3543,,,,,,,
1568392658009247,加速度计,0.7937,6.4991,3.1508,,,,,,,
1568392671794455,陀螺仪,,,,,,,,-0.0602,0.0165,-0.0137
1568392668027997,加速度计,-0.9433,5.4953,6.3027,,,,,,,
1568392678046747,加速度计,-0.7129,6.0406,12.6384,,,,,,,
1568392688065497,加速度计,-0.3346,9.2141,8.4443,,,,,,,
1568392691831955,陀螺仪,,,,,,,,0.0521,0.0575,0.0678
1568392698084247,加速度计,1.7101,7.9110,5.9735,,,,,,,
1568392708102997,加速度计,1.0558,7.2299,9.2512,,,,,,,
1568392711869455,陀螺仪,,,,,,,,0.0310,0.0630,0.0027
1568392718121747,加速度计,0.3065,7.0282,5.4905,,,,,,,
1568392728140497,加速度计,0.9595,6.7828,6.9067,,,,,,,
1568392738161018,加速度计,0.4286,6.5164,4.9644,,,,,,,
1568392731906955,陀螺仪,,,,,,,,0.0282,0.0360,-0.0417
1568392748180132,加速度计,0.9116,5.9646,8.1678,,,,,,,
1568392751939299,陀螺仪,,,,,,,,0.0225,0.0012,-0.0610
1568392758190549,加速度计,-0.1113,6.6744,9.2063,,,,,,,
1568392768201278,加速度计,1.5610,8.8424,7.3436,,,,,,,
1568392771961330,陀螺仪,,,,,,,,0.0598,-0.0198,-0.1028
1568392778212736,加速度计,1.9351,8.1606,6.4673,,,,,,,
1568392788225028,加速度计,0.0060,6.6816,3.6679,,,,,,,
1568392791986799,陀螺仪,,,,,,,,0.0221,-0.0288,-0.1796
1568392798238465,加速度计,1.3904,6.6918,4.4526,,,,,,,
1568392808253153,加速度计,1.1959,6.0472,9.0854,,,,,,,
1568392812017372,陀螺仪,,,,,,,,-0.0250,-0.0349,-0.1365
1568392818269403,加速度计,-0.0700,7.3095,10.2352,,,,,,,
1568392828287320,加速度计,1.1396,9.1680,9.2883,,,,,,,
1568392838306903,加速度计,1.8244,7.2419,4.7483,,,,,,,
1568392832054455,陀螺仪,,,,,,,,0.0254,0.0035,-0.0852
1568392848327840,加速度计,0.7320,4.6753,7.3723,,,,,,,
1568392852097268,陀螺仪,,,,,,,,0.0237,0.0312,-0.0835
1568392858350028,加速度计,0.5423,4.7291,3.4405,,,,,,,
1568392868373153,加速度计,0.8176,6.8468,5.0045,,,,,,,
1568392878397111,加速度计,-0.0754,9.0818,6.0729,,,,,,,
1568392872144143,陀螺仪,,,,,,,,0.0033,0.0266,-0.0622
1568392888421590,加速度计,-0.4208,6.7169,8.3612,,,,,,,
1568392898446486,加速度计,1.1181,8.7209,3.8828,,,,,,,
1568392892193413,陀螺仪,,,,,,,,-0.0382,0.0198,-0.0334
1568392908471486,加速度计,-0.0389,5.3618,5.3469,,,,,,,
1568392912243153,陀螺仪,,,,,,,,-0.1141,0.0253,-0.0470
1568392918496174,加速度计,-0.6859,4.0534,4.9261,,,,,,,
1568392928516382,加速度计,-0.7554,6.9061,9.7917,,,,,,,
1568392932282840,陀螺仪,,,,,,,,-0.0925,0.0273,0.0306
1568392938535132,加速度计,0.1305,7.4370,15.8736,,,,,,,
1568392948553882,加速度计,0.3753,8.8047,12.2278,,,,,,,
1568392958572632,加速度计,0.7643,8.5114,2.9778,,,,,,,
1568392952320340,陀螺仪,,,,,,,,0.1011,0.0703,0.0694
1568392968591382,加速度计,0.0754,5.5025,2.0081,,,,,,,
1568392972357840,陀螺仪,,,,,,,,0.0124,0.0293,-0.0226
1568392978610132,加速度计,-0.6165,5.8592,6.5703,,,,,,,
1568392988633101,加速度计,-0.4633,6.5230,5.9059,,,,,,,
1568392992397372,陀螺仪,,,,,,,,-0.0037,0.0257,0.0309
1568392998648726,加速度计,0.0868,7.2664,5.1745,,,,,,,
1568393008659976,加速度计,0.2807,7.6393,2.2206,,,,,,,
1568393012420184,陀螺仪,,,,,,,,-0.1176,0.0166,0.0224
1568393018671590,加速度计,-1.0971,6.3386,7.5812,,,,,,,
1568393028683986,加速度计,-0.8152,4.9117,12.0398,,,,,,,
1568393038697215,加速度计,1.8118,8.3246,7.5328,,,,,,,
1568393032445601,陀螺仪,,,,,,,,-0.0747,0.0365,0.0947
1568393048711643,加速度计,-0.2221,7.2808,5.8185,,,,,,,
1568393052475393,陀螺仪,,,,,,,,-0.0415,0.1012,0.1001
1568393058727320,加速度计,0.5279,5.6755,6.1471,,,,,,,
1568393068744247,加速度计,0.2687,6.7199,8.6778,,,,,,,
1568393078762424,加速度计,0.4190,6.2950,6.9653,,,,,,,
1568393072510184,陀螺仪,,,,,,,,-0.0559,0.0678,0.0858
1568393088781851,加速度计,-0.9158,7.4388,9.8940,,,,,,,
1568393098802528,加速度计,0.3891,6.9540,9.1722,,,,,,,
1568393092549976,陀螺仪,,,,,,,,0.0264,0.0623,0.0823
1568393108824455,加速度计,1.1061,6.1746,6.6948,,,,,,,
1568393112594455,陀螺仪,,,,,,,,0.1313,0.0629,0.0333
1568393118847268,加速度计,0.6446,8.0367,3.1819,,,,,,,
1568393128870913,加速度计,1.3372,8.5335,1.3827,,,,,,,
1568393138895028,加速度计,0.2753,8.5904,7.0461,,,,,,,
1568393132642059,陀螺仪,,,,,,,,-0.0298,0.0067,-0.0463
1568393148919195,加速度计,-0.0886,7.5100,15.4941,,,,,,,
1568393152690393,陀螺仪,,,,,,,,-0.0397,0.0411,0.0208
1568393158943361,加速度计,0.5225,8.9609,15.9609,,,,,,,
1568393168966799,加速度计,1.3479,7.9487,8.2827,,,,,,,
1568393178986122,加速度计,1.8974,4.7926,-0.7225,,,,,,,
1568393172733830,陀螺仪,,,,,,,,0.1238,0.1248,0.0614
1568393189004872,加速度计,1.0169,3.4273,-6.0783,,,,,,,
1568393199023622,加速度计,1.2450,3.0095,-3.6290,,,,,,,
1568393192771330,陀螺仪,,,,,,,,-0.0574,0.0698,-0.0772
1568393209042372,加速度计,-1.9028,5.2008,20.7398,,,,,,,
1568393212808830,陀螺仪,,,,,,,,0.0083,0.0851,-0.0288
1568393219061122,加速度计,-0.8452,14.8429,16.3201,,,,,,,
1568393229079872,加速度计,0.2676,10.8098,-4.4742,,,,,,,
1568393232846643,陀螺仪,,,,,,,,-0.0575,0.0656,0.0092
1568393239099715,加速度计,-0.3340,1.4670,15.8658,,,,,,,
1568393249118049,加速度计,1.1283,8.2995,15.8526,,,,,,,
1568393259134299,加速度计,1.3007,6.8797,-9.1453,,,,,,,
1568393252882320,陀螺仪,,,,,,,,0.1804,0.1083,0.0105
1568393269150549,加速度计,-0.1065,3.6919,6.5870,,,,,,,
1568393272914820,陀螺仪,,,,,,,,-0.1539,-0.0447,-0.0656
1568393279166799,加速度计,-0.1275,5.7389,12.3254,,,,,,,
1568393289183049,加速度计,-0.5734,10.6237,11.8884,,,,,,,
1568393292947632,陀螺仪,,,,,,,,0.1272,0.1091,-0.0491
1568393299199663,加速度计,1.4353,10.5315,-0.8667,,,,,,,
1568393309216695,加速度计,0.3148,2.8940,6.5290,,,,,,,
1568393312982007,陀螺仪,,,,,,,,-0.0394,0.0083,-0.1250
1568393319234143,加速度计,-0.0353,4.4460,3.3633,,,,,,,
1568393329252007,加速度计,1.2635,6.3171,7.4555,,,,,,,
1568393339270288,加速度计,-0.0874,9.2949,9.7618,,,,,,,
1568393333018049,陀螺仪,,,,,,,,-0.0450,-0.0044,-0.0972
1568393349288986,加速度计,-0.7356,9.2398,6.9851,,,,,,,
1568393353055757,陀螺仪,,,,,,,,-0.1015,0.0108,-0.0901
1568393359308101,加速度计,0.3083,6.3123,10.1795,,,,,,,
1568393369327632,加速度计,-0.1885,6.0304,7.3077,,,,,,,
1568393379347580,加速度计,-0.3657,-1.9219,12.8204,,,,,,,
1568393373095132,陀螺仪,,,,,,,,-0.0395,-0.0172,-0.1005
1568393389367945,加速度计,1.3563,8.3564,2.3098,,,,,,,
1568393399388726,加速度计,0.5130,12.0799,-1.4676,,,,,,,
1568393393136174,陀螺仪,,,,,,,,0.1558,0.0003,-0.1016
1568393409409559,加速度计,-0.1981,6.9815,10.6410,,,,,,,
1568393419430393,加速度计,1.3114,12.4469,11.3084,,,,,,,
1568393413177840,陀螺仪,,,,,,,,0.0075,-0.0734,-0.1941
1568393429451226,加速度计,1.3629,13.4919,1.0870,,,,,,,
1568393433219507,陀螺仪,,,,,,,,-0.1907,-0.1088,-0.2069
1568393439472059,加速度计,0.4711,0.4806,9.5744,,,,,,,
1568393449492893,加速度计,0.2879,3.1137,9.2159,,,,,,,
1568393453259924,陀螺仪,,,,,,,,-0.0591,-0.0463,-0.0896
1568393459512268,加速度计,0.6141,2.5325,11.6143,,,,,,,
1568393469531070,加速度计,1.0570,7.9206,2.9999,,,,,,,
1568393473297528,陀螺仪,,,,,,,,0.0595,-0.0093,-0.0563
1568393479549820,加速度计,2.1051,9.5720,3.4303,,,,,,,
1568393489580913,加速度计,0.3885,8.8478,4.3425,,,,,,,
1568393499589663,加速度计,0.4232,5.1362,13.2106,,,,,,,
1568393493339715,陀螺仪,,,,,,,,-0.0864,-0.0403,-0.1438
1568393509590028,加速度计,-0.6578,7.9571,11.2390,,,,,,,
1568393513341382,陀螺仪,,,,,,,,0.0435,0.0101,-0.0201
1568393519591538,加速度计,0.6794,5.6898,0.3352,,,,,,,
1568393529595028,加速度计,0.7865,5.6958,0.1891,,,,,,,
1568393539600965,加速度计,-0.3956,5.9999,8.6520,,,,,,,
1568393533350236,陀螺仪,,,,,,,,-0.0811,-0.0048,-0.0338
1568393549609768,加速度计,-0.3771,8.0421,13.8319,,,,,,,
1568393553370028,陀螺仪,,,,,,,,0.0105,0.0390,0.0240
1568393559621486,加速度计,0.2023,9.9473,8.3282,,,,,,,
1568393569636486,加速度计,0.4920,6.5248,5.0811,,,,,,,
1568393579654820,加速度计,-0.1030,3.3100,6.2357,,,,,,,
1568393573402528,陀螺仪,,,,,,,,-0.0036,0.0521,0.0788
1568393589676122,加速度计,0.0497,6.9833,6.7630,,,,,,,
1568393599700340,加速度计,-0.4549,9.7654,7.8039,,,,,,,
1568393593447320,陀螺仪,,,,,,,,0.0350,0.0707,0.0707
1568393609727111,加速度计,-0.7667,7.0737,7.1964,,,,,,,
1568393613502424,陀螺仪,,,,,,,,-0.0015,0.0704,0.0794
1568393619756018,加速度计,-1.4240,6.2022,8.1074,,,,,,,
1568393629803153,加速度计,-0.0168,6.6541,7.6471,,,,,,,
1568393647585214,GPS,,,,31.9425,118.7865,5.4000,71.1000,,,
1568393639850340,加速度计,-0.8416,5.8712,4.3257,,,,,,,
1568393633598049,陀螺仪,,,,,,,,0.0431,0.0521,0.0871
1568393649869090,加速度计,0.2699,8.4677,2.1763,,,,,,,
1568393659887840,加速度计,-0.0587,6.4620,7.3436,,,,,,,
1568393653635549,陀螺仪,,,,,,,,-0.0242,0.0012,0.0277
1568393669906590,加速度计,0.3112,5.4295,16.5834,,,,,,,
1568393679925340,加速度计,-1.2204,9.7175,5.5312,,,,,,,
1568393673673049,陀螺仪,,,,,,,,0.0644,0.0194,0.0113
1568393689944090,加速度计,1.4880,8.6736,0.5004,,,,,,,
1568393699962840,加速度计,0.1131,4.5244,5.7215,,,,,,,
1568393693710549,陀螺仪,,,,,,,,-0.0037,-0.0184,-0.0240
1568393709981590,加速度计,-0.4711,4.8100,7.9104,,,,,,,
1568393720000340,加速度计,1.0804,8.6987,7.9715,,,,,,,
1568393713748049,陀螺仪,,,,,,,,0.0095,-0.0346,-0.0421
1568393730019090,加速度计,0.7159,8.0559,7.9661,,,,,,,
1568393740042007,加速度计,1.7250,7.4537,5.6563,,,,,,,
1568393733787320,陀螺仪,,,,,,,,0.0418,-0.0015,-0.0196
1568393750057788,加速度计,1.6598,7.0647,2.7797,,,,,,,
1568393760069455,加速度计,0.3609,5.3678,8.2139,,,,,,,
1568393753818049,陀螺仪,,,,,,,,-0.0611,-0.0217,-0.0846
1568393770081486,加速度计,-0.2634,5.9963,12.2038,,,,,,,
1568393773842424,陀螺仪,,,,,,,,0.0208,0.0292,-0.0081
1568393780093934,加速度计,0.5501,9.0674,8.6329,,,,,,,
1568393790107163,加速度计,2.1883,7.2993,5.1032,,,,,,,
1568393800121226,加速度计,0.9146,7.1916,2.7491,,,,,,,
1568393793869507,陀螺仪,,,,,,,,0.0337,0.0322,-0.0233
1568393810136486,加速度计,0.5740,5.8305,7.6112,,,,,,,
1568393813900965,陀螺仪,,,,,,,,-0.0819,-0.0181,-0.0824
1568393820152997,加速度计,-0.4663,7.0970,13.6661,,,,,,,
1568393830170757,加速度计,0.2933,6.8642,9.5253,,,,,,,
1568393833937424,陀螺仪,,,,,,,,0.0682,0.0563,-0.0264
1568393840189768,加速度计,0.4914,7.0108,3.9265,,,,,,,
1568393850210028,加速度计,0.0389,7.9110,-1.3647,,,,,,,
1568393860231538,加速度计,0.3950,4.6890,12.2966,,,,,,,
1568393853978882,陀螺仪,,,,,,,,-0.0625,-0.0096,-0.0732
1568393870253934,加速度计,0.3633,7.8482,10.3651,,,,,,,
1568393880277163,加速度计,0.0293,9.3332,6.5637,,,,,,,
1568393874024299,陀螺仪,,,,,,,,0.0164,0.0242,-0.0782
1568393890300861,加速度计,-0.6560,5.2265,4.6268,,,,,,,
1568393900324976,加速度计,-0.4363,6.4655,3.9618,,,,,,,
1568393894072007,陀螺仪,,,,,,,,0.0008,0.0342,-0.0680
1568393910349143,加速度计,0.9284,6.5440,5.2654,,,,,,,
1568393914120340,陀螺仪,,,,,,,,-0.0539,-0.0120,-0.0606
1568393920373309,加速度计,-0.6237,5.7694,6.2201,,,,,,,
1568393930394559,加速度计,-0.2903,5.6503,8.7281,,,,,,,
1568393940413570,加速度计,0.9996,6.9444,9.0004,,,,,,,
1568393934161278,陀螺仪,,,,,,,,-0.0205,-0.0003,-0.0233
1568393950432320,加速度计,1.0511,8.2959,2.5019,,,,,,,
1568393960451070,加速度计,0.2352,8.0008,3.8337,,,,,,,
1568393954198778,陀螺仪,,,,,,,,-0.0261,0.0052,-0.0469
1568393970469820,加速度计,0.8715,4.0797,8.7963,,,,,,,
1568393974236278,陀螺仪,,,,,,,,-0.0874,-0.0061,-0.0770
1568393980488570,加速度计,-0.2723,5.4289,9.8647,,,,,,,
1568393990510080,加速度计,-0.5902,8.4306,8.2408,,,,,,,
1568393994274351,陀螺仪,,,,,,,,-0.0120,-0.0016,-0.0425
1568394000526330,加速度计,1.1462,8.5222,8.7065,,,,,,,
1568394010542580,加速度计,0.2005,6.2159,6.7367,,,,,,,
1568394014306851,陀螺仪,,,,,,,,-0.0035,-0.0234,-0.1240
1568394020558830,加速度计,-0.3310,6.4596,5.2271,,,,,,,
1568394030575080,加速度计,0.3352,6.2273,3.5602,,,,,,,
1568394034339715,陀螺仪,,,,,,,,-0.0577,-0.0872,-0.1720
1568394040591747,加速度计,0.2717,6.3770,7.5711,,,,,,,
1568394050608830,加速度计,0.0892,6.9073,10.1155,,,,,,,
1568394060626330,加速度计,-0.3980,8.4892,11.5640,,,,,,,
1568394054374195,陀螺仪,,,,,,,,-0.0513,-0.0988,-0.1453
1568394070644247,加速度计,1.9501,7.8009,12.9598,,,,,,,
1568394080662580,加速度计,0.9409,7.7009,1.3515,,,,,,,
1568394074410340,陀螺仪,,,,,,,,0.0770,-0.0671,-0.1136
1568394090681330,加速度计,0.8900,6.1112,3.3399,,,,,,,
1568394100700497,加速度计,0.7428,5.4235,2.6450,,,,,,,
1568394094448153,陀螺仪,,,,,,,,-0.0108,-0.0951,-0.1700
1568394110720080,加速度计,1.4054,6.0663,6.2985,,,,,,,
1568394114487632,陀螺仪,,,,,,,,-0.0398,-0.0762,-0.1273
1568394120740080,加速度计,-0.7278,8.1020,7.2538,,,,,,,
1568394130760497,加速度计,1.1666,6.5212,9.1680,,,,,,,
1568394140780913,加速度计,1.2989,7.5304,6.3871,,,,,,,
1568394134528413,陀螺仪,,,,,,,,-0.0142,-0.0268,-0.0566
1568394150801330,加速度计,-0.1610,7.2305,3.1568,,,,,,,
1568394154569247,陀螺仪,,,,,,,,-0.0704,-0.0222,-0.0541
1568394160821747,加速度计,0.8218,6.6541,6.0723,,,,,,,
1568394170842609,加速度计,-0.7123,5.0224,15.2834,,,,,,,
1568394174610526,陀螺仪,,,,,,,,-0.0248,-0.0016,0.0076
1568394180863026,加速度计,-0.1317,9.0746,8.9783,,,,,,,
1568394190883443,加速度计,-0.1646,7.1976,3.7775,,,,,,,
1568394194650266,陀螺仪,,,,,,,,0.0146,0.0156,0.0115
1568394200902609,加速度计,1.9076,6.6295,1.6346,,,,,,,
1568394210921359,加速度计,-0.9714,4.1635,10.1520,,,,,,,
1568394214687818,陀螺仪,,,,,,,,-0.0383,-0.0264,-0.0463
1568394220940109,加速度计,-0.6925,5.1894,9.7875,,,,,,,
1568394230958859,加速度计,-0.2616,10.0281,3.3854,,,,,,,
1568394234739224,陀螺仪,,,,,,,,0.0095,-0.0270,0.0052
1568394240999641,加速度计,0.4848,9.2069,5.0176,,,,,,,
1568394250996307,加速度计,-1.0014,5.5378,7.0581,,,,,,,
1568394254744172,陀螺仪,,,,,,,,-0.1005,-0.0514,-0.0377
1568394260993807,加速度计,-0.9894,6.6463,11.6167,,,,,,,
1568394270992974,加速度计,1.1941,6.1106,5.6318,,,,,,,
1568394274744120,陀螺仪,,,,,,,,-0.0224,-0.0165,0.0587
1568394280994224,加速度计,-0.6153,5.9239,5.0398,,,,,,,
1568394290998391,加速度计,-0.2999,6.1363,5.5402,,,,,,,
1568394294755005,陀螺仪,,,,,,,,-0.0324,-0.0083,0.0390
1568394301005891,加速度计,1.0487,6.8636,5.9795,,,,,,,
1568394311017141,加速度计,-0.6285,7.2724,11.6616,,,,,,,
1568394314780318,陀螺仪,,,,,,,,0.0297,-0.0076,0.0563
1568394321032141,加速度计,-0.4369,7.6363,7.4514,,,,,,,
1568394331050891,加速度计,0.6883,7.4717,6.9570,,,,,,,
1568394334820630,陀螺仪,,,,,,,,0.0474,-0.0177,0.0462
1568394341073391,加速度计,0.7530,7.3436,4.1480,,,,,,,
1568394351099224,加速度计,-0.6033,8.9046,7.9583,,,,,,,
1568394354874432,陀螺仪,,,,,,,,-0.0208,-0.0382,-0.0035
1568394361127974,加速度计,-0.7649,5.9334,9.5259,,,,,,,
1568394371159224,加速度计,0.1772,6.9043,3.8020,,,,,,,
1568394374938078,陀螺仪,,,,,,,,0.0298,-0.0256,0.0382
1568394381192141,加速度计,1.3952,6.0867,5.0135,,,,,,,
1568394391226307,加速度计,0.7949,6.0376,5.3163,,,,,,,
1568394395006620,陀螺仪,,,,,,,,-0.0542,-0.0570,-0.0031
1568394401260891,加速度计,-0.5423,5.7162,8.3175,,,,,,,
1568394411295474,加速度计,1.4431,8.1576,8.7364,,,,,,,
1568394415063026,陀螺仪,,,,,,,,-0.0025,-0.0266,-0.0008
1568394421315474,加速度计,0.2903,6.2124,7.7345,,,,,,,
1568394431334224,加速度计,-0.1059,7.7901,6.4500,,,,,,,
1568394441352974,加速度计,1.7927,7.5932,1.0217,,,,,,,
1568394451371724,加速度计,1.4467,6.5068,7.1599,,,,,,,
1568394435100682,陀螺仪,,,,,,,,0.0394,-0.0146,-0.0113
1568394455138182,陀螺仪,,,,,,,,-0.0981,-0.0718,-0.0678
1568394461390474,加速度计,-0.8936,5.9233,13.9564,,,,,,,
1568394471409224,加速度计,-0.6937,8.6957,9.4296,,,,,,,
1568394475175682,陀螺仪,,,,,,,,0.0597,-0.0142,-0.0208
1568394481427974,加速度计,2.1440,7.9709,3.2932,,,,,,,
1568394491453026,加速度计,0.6806,6.6643,0.4369,,,,,,,
1568394495213651,陀螺仪,,,,,,,,-0.0779,-0.0670,-0.0851
1568394501465109,加速度计,-0.2729,5.4923,7.6207,,,,,,,
1568394515238234,陀螺仪,,,,,,,,-0.0790,-0.0796,-0.0690
1568394511477245,加速度计,0.1999,7.6058,10.7135,,,,,,,
1568394521489797,加速度计,-0.5782,7.9422,13.4740,,,,,,,
1568394531502818,加速度计,0.5357,8.1193,7.3257,,,,,,,
1568394535264901,陀螺仪,,,,,,,,0.0426,-0.0056,0.0037
1568394541516672,加速度计,0.1706,5.9831,3.8182,,,,,,,
1568394551531411,加速度计,-0.2269,5.8197,3.6063,,,,,,,
1568394561550578,加速度计,0.4830,4.2054,8.1403,,,,,,,
1568394555295318,陀螺仪,,,,,,,,-0.0350,-0.0676,-0.0284
1568394571593026,加速度计,-0.4310,6.3297,9.2584,,,,,,,
1568394581615839,加速度计,-0.2119,8.4958,6.1411,,,,,,,
1568394575363547,陀螺仪,,,,,,,,0.0260,-0.0434,0.0316
1568394591634589,加速度计,1.6688,7.6363,4.7106,,,,,,,
1568394601653339,加速度计,-0.6039,6.6631,2.6546,,,,,,,
1568394595401047,陀螺仪,,,,,,,,-0.0071,-0.0280,0.0190
1568394611672089,加速度计,-0.3071,4.4466,10.6458,,,,,,,
1568394615438547,陀螺仪,,,,,,,,-0.0144,-0.0286,0.0415
1568394621690839,加速度计,-0.0503,6.4703,7.6501,,,,,,,
1568394631721672,加速度计,-0.3418,7.9972,4.8560,,,,,,,
1568394654264953,GPS,,,,31.9425,118.7866,5.6100,74.0000,,,
1568394635474328,陀螺仪,,,,,,,,-0.0091,-0.0189,0.0956
1568394641724693,加速度计,0.5171,6.8049,7.4555,,,,,,,
1568394651728234,加速度计,0.2143,8.0206,8.0254,,,,,,,
1568394655482141,陀螺仪,,,,,,,,-0.0269,-0.0324,0.0553
1568394661732818,加速度计,-0.3711,5.9771,10.7524,,,,,,,
1568394671739172,加速度计,0.3238,6.3560,6.7786,,,,,,,
1568394675496464,陀螺仪,,,,,,,,0.0759,0.0100,0.0663
1568394681747714,加速度计,-0.1957,7.0874,3.3273,,,,,,,
1568394691758755,加速度计,0.6919,9.4870,3.0191,,,,,,,
1568394695520474,陀螺仪,,,,,,,,-0.0435,-0.0423,0.0320
1568394701772401,加速度计,-0.0940,5.6425,12.9993,,,,,,,
1568394711788964,加速度计,0.3190,8.4150,6.9013,,,,,,,
1568394721808339,加速度计,0.7135,7.7554,2.9263,,,,,,,
1568394715555734,陀螺仪,,,,,,,,0.0252,-0.0153,0.0626
1568394731830214,加速度计,0.8595,4.9746,7.8123,,,,,,,
1568394735601307,陀螺仪,,,,,,,,-0.0605,-0.0204,0.0312
1568394741854484,加速度计,-1.1085,7.1718,12.6324,,,,,,,
1568394751880734,加速度计,1.9160,8.9597,6.9043,,,,,,,
1568394761908547,加速度计,-0.0239,8.3079,4.2186,,,,,,,
1568394755655005,陀螺仪,,,,,,,,0.0403,0.0264,0.0748
1568394771937505,加速度计,0.2580,5.5276,3.6182,,,,,,,
1568394775713495,陀螺仪,,,,,,,,-0.0294,0.0293,0.0634
1568394781967193,加速度计,1.7627,5.3702,2.3661,,,,,,,
1568394791997193,加速度计,-0.3837,7.2359,7.6884,,,,,,,
1568394795774068,陀螺仪,,,,,,,,-0.0854,0.0316,0.0497
1568394802028339,加速度计,-0.3154,7.0258,13.5368,,,,,,,
1568394812059953,加速度计,0.0060,8.5234,9.0627,,,,,,,
1568394815814380,陀螺仪,,,,,,,,0.0358,0.1000,0.1361
1568394822065005,加速度计,0.6087,7.9697,4.8776,,,,,,,
1568394835826047,陀螺仪,,,,,,,,-0.0206,0.0714,0.0779
1568394832070526,加速度计,1.0253,5.2924,5.8975,,,,,,,
1568394842076932,加速度计,0.4471,4.8716,6.8863,,,,,,,
1568394852084641,加速度计,-0.7159,6.0106,5.2283,,,,,,,
1568394855842714,陀螺仪,,,,,,,,-0.0100,0.0615,0.0293
1568394862094068,加速度计,-0.4866,7.7159,7.1778,,,,,,,
1568394872105578,加速度计,0.3340,5.9885,12.0895,,,,,,,
1568394875867297,陀螺仪,,,,,,,,0.0280,0.0483,0.0471
1568394882119224,加速度计,0.6309,5.4576,7.9182,,,,,,,
1568394892135370,加速度计,0.6997,8.5293,0.9798,,,,,,,
1568394895901464,陀螺仪,,,,,,,,0.0033,0.0085,-0.0457
1568394902154016,加速度计,-0.1071,5.5354,6.2752,,,,,,,
1568394912175109,加速度计,0.1383,6.3596,8.1798,,,,,,,
1568394915945214,陀螺仪,,,,,,,,-0.0157,-0.0045,-0.0775
1568394922198286,加速度计,-0.7278,7.9398,9.2751,,,,,,,
1568394932223495,加速度计,0.2316,6.8755,7.2179,,,,,,,
1568394935996880,陀螺仪,,,,,,,,0.0036,-0.0240,-0.0782
1568394942250318,加速度计,-0.3154,5.0979,9.0279,,,,,,,
1568394956053547,陀螺仪,,,,,,,,0.0562,-0.0457,-0.0880
1568394952278339,加速度计,0.3484,8.2492,3.3531,,,,,,,
1568394962307141,加速度计,0.9691,8.2259,5.6234,,,,,,,
1568394972336307,加速度计,1.1025,7.1545,2.7013,,,,,,,
1568394976111880,陀螺仪,,,,,,,,-0.0563,-0.0858,-0.1494
1568394982364536,加速度计,1.3330,6.8947,7.4124,,,,,,,
1568394992385839,加速度计,-0.7745,6.7965,10.8475,,,,,,,
1568394996152297,陀螺仪,,,,,,,,-0.0429,-0.0543,-0.0941
1568395002404589,加速度计,0.6464,9.0208,11.9016,,,,,,,
1568395016189797,陀螺仪,,,,,,,,0.0338,-0.0330,-0.0722
1568395012423339,加速度计,1.5048,6.6277,6.8929,,,,,,,
1568395022442089,加速度计,0.2257,6.3925,3.6356,,,,,,,
1568395032460839,加速度计,1.0349,6.4296,7.0144,,,,,,,
1568395036227297,陀螺仪,,,,,,,,0.0242,-0.0457,-0.1057
1568395042479589,加速度计,0.9691,8.2253,5.7395,,,,,,,
1568395052498859,加速度计,0.1335,8.4222,7.9972,,,,,,,
1568395056277089,陀螺仪,,,,,,,,-0.0324,-0.0614,-0.0913
1568395062527870,加速度计,0.5100,6.9552,10.7254,,,,,,,
1568395072534589,加速度计,-0.0150,5.8000,3.1717,,,,,,,
1568395076290839,陀螺仪,,,,,,,,-0.0125,-0.0458,-0.0443
1568395082541776,加速度计,0.8469,6.2159,9.2470,,,,,,,
1568395092549849,加速度计,-0.0784,6.1441,10.1137,,,,,,,
1568395096307922,陀螺仪,,,,,,,,0.0482,-0.0075,-0.0250
1568395102559224,加速度计,0.0209,9.1063,4.9285,,,,,,,
1568395112570266,加速度计,-0.0634,7.4262,3.0095,,,,,,,
1568395116331255,陀螺仪,,,,,,,,-0.0485,-0.0435,-0.0332
1568395122583026,加速度计,0.4483,4.2294,8.3492,,,,,,,
1568395132597870,加速度计,-1.2528,3.7164,13.0987,,,,,,,
1568395136362505,陀螺仪,,,,,,,,0.0875,0.0061,0.0395
1568395142614797,加速度计,-0.2693,8.4007,5.5976,,,,,,,
1568395152633807,加速度计,0.7823,9.0465,-0.4830,,,,,,,
1568395156402089,陀螺仪,,,,,,,,0.0337,-0.0260,0.0280
1568395162654849,加速度计,-0.0982,5.7772,9.9916,,,,,,,
1568395176448755,陀螺仪,,,,,,,,0.0328,-0.0228,0.0277
1568395172677557,加速度计,0.3406,6.8097,6.8432,,,,,,,
1568395182701880,加速度计,-0.2598,8.2438,4.7806,,,,,,,
1568395192727401,加速度计,1.2462,7.4280,3.9181,,,,,,,
1568395196500422,陀螺仪,,,,,,,,-0.0507,0.0132,0.0487
1568395202753703,加速度计,-1.2516,4.3892,6.8169,,,,,,,
1568395212780422,加速度计,-1.3330,6.6786,11.8148,,,,,,,
1568395216554172,陀螺仪,,,,,,,,-0.0107,-0.0157,0.1045
1568395222807505,加速度计,0.1969,8.8986,11.9183,,,,,,,
1568395232833911,加速度计,0.6327,6.0292,6.4105,,,,,,,
1568395236602922,陀螺仪,,,,,,,,0.0991,0.0136,0.0748
1568395242855214,加速度计,-0.3735,8.2833,0.0682,,,,,,,
1568395252873964,加速度计,0.3214,7.9751,2.4343,,,,,,,
1568395256640422,陀螺仪,,,,,,,,-0.1077,-0.0696,0.0043
1568395262892714,加速度计,-0.1323,3.3321,10.4609,,,,,,,
1568395272911464,加速度计,-1.2384,8.5132,10.8493,,,,,,,
1568395276677922,陀螺仪,,,,,,,,0.0049,-0.0302,0.0490
1568395282930214,加速度计,-0.2101,8.7095,6.7499,,,,,,,
1568395292948964,加速度计,2.3290,6.3560,5.3337,,,,,,,
1568395296715422,陀螺仪,,,,,,,,-0.0201,-0.0462,0.0389
1568395302967974,加速度计,-0.8302,6.8851,8.1169,,,,,,,
1568395312991724,加速度计,0.4477,7.8895,7.6680,,,,,,,
1568395316753078,陀螺仪,,,,,,,,-0.0029,-0.0450,0.0200
1568395323004641,加速度计,2.8359,7.8153,8.7819,,,,,,,
1568395333017609,加速度计,-0.3005,6.3979,6.1633,,,,,,,
1568395336779328,陀螺仪,,,,,,,,-0.0222,-0.0273,0.0136
1568395343030995,加速度计,0.6770,7.0072,8.3091,,,,,,,
1568395353044849,加速度计,0.5339,5.3816,7.5980,,,,,,,
1568395356807661,陀螺仪,,,,,,,,0.0382,-0.0063,0.0134
1568395363059536,加速度计,0.5680,6.3416,3.5883,,,,,,,
1568395373075057,加速度计,-0.1802,8.2013,4.8165,,,,,,,
1568395376839328,陀螺仪,,,,,,,,-0.0127,-0.0111,0.0065
1568395383091411,加速度计,2.1284,9.0573,4.2353,,,,,,,
1568395393108599,加速度计,-0.2304,5.0206,15.9448,,,,,,,
1568395396874328,陀螺仪,,,,,,,,-0.0391,-0.0230,0.0330
1568395403126620,加速度计,-1.5760,6.5619,10.2442,,,,,,,
1568395413145474,加速度计,2.0087,5.7545,2.0788,,,,,,,
1568395416912661,陀螺仪,,,,,,,,0.0350,0.0065,0.0569
1568395423165161,加速度计,-0.0712,4.3371,6.4404,,,,,,,
1568395433185682,加速度计,-0.8302,7.5064,6.5164,,,,,,,
1568395436954328,陀螺仪,,,,,,,,0.0497,-0.0150,0.0551
1568395443207036,加速度计,0.3100,7.3628,8.4988,,,,,,,
1568395453229172,加速度计,0.5842,7.8320,4.3934,,,,,,,
1568395456998911,陀螺仪,,,,,,,,0.0345,-0.0053,0.0594
1568395463251724,加速度计,0.4794,6.8061,3.0724,,,,,,,
1568395473274641,加速度计,0.2658,5.8383,3.6368,,,,,,,
1568395477044745,陀螺仪,,,,,,,,-0.0882,-0.0055,0.0457
1568395483297557,加速度计,-0.2759,7.3197,9.1883,,,,,,,
1568395493320474,加速度计,-0.9613,6.1286,12.6192,,,,,,,
1568395497090578,陀螺仪,,,,,,,,0.0045,0.0357,0.1274
1568395503342870,加速度计,0.9236,8.6293,8.5874,,,,,,,
1568395513361620,加速度计,-0.1347,7.1563,3.3776,,,,,,,
1568395517128078,陀螺仪,,,,,,,,-0.0256,0.0281,0.1013
1568395523380370,加速度计,0.4866,4.9656,6.9007,,,,,,,
1568395533399120,加速度计,-0.8122,6.7576,10.4866,,,,,,,
1568395537165578,陀螺仪,,,,,,,,0.0438,0.0434,0.0827
1568395543417870,加速度计,0.0868,8.2989,5.2654,,,,,,,
1568395553437349,加速度计,0.2711,9.0914,3.5512,,,,,,,
1568395557215370,陀螺仪,,,,,,,,-0.0541,-0.0061,0.0626
1568395563465943,加速度计,-0.2586,5.8179,9.1464,,,,,,,
1568395573471047,加速度计,-0.2484,6.1848,14.9045,,,,,,,
1568395577225943,陀螺仪,,,,,,,,0.0639,0.0270,0.0834
1568395583476672,加速度计,1.3868,10.4154,4.3149,,,,,,,
1568395593483234,加速度计,0.8116,6.4937,7.5603,,,,,,,
1568395597240057,陀螺仪,,,,,,,,0.0634,0.0294,0.0336
1568395603491151,加速度计,0.9164,6.8348,5.0661,,,,,,,
1568395613500839,加速度计,0.2358,7.1383,4.8812,,,,,,,
1568395617261620,陀螺仪,,,,,,,,-0.0068,0.0055,-0.0028
1568395623513859,加速度计,1.8669,5.2882,9.1249,,,,,,,
1568395633564016,加速度计,-0.3573,6.9127,3.2417,,,,,,,
1568395654976151,GPS,,,,31.9426,118.7867,6.1200,74.2000,,,
1568395643605682,加速度计,-0.4393,7.3215,7.9092,,,,,,,
1568395637353339,陀螺仪,,,,,,,,0.0329,0.0598,-0.0061
1568395653624641,加速度计,1.9632,7.9769,9.1668,,,,,,,
1568395657391099,陀螺仪,,,,,,,,0.0130,0.0453,0.0377
1568395663643391,加速度计,0.6578,8.4689,8.0810,,,,,,,
1568395673662141,加速度计,-0.9355,5.5683,5.2666,,,,,,,
1568395677428599,陀螺仪,,,,,,,,0.0238,0.0547,0.0031
1568395683680891,加速度计,0.9242,7.0276,8.1157,,,,,,,
1568395693699641,加速度计,1.4018,4.9722,6.3303,,,,,,,
1568395697466099,陀螺仪,,,,,,,,0.0349,0.0489,-0.0056
1568395703718391,加速度计,0.4094,6.2938,8.4946,,,,,,,
1568395713737141,加速度计,-0.6428,5.7449,4.5735,,,,,,,
1568395717503599,陀螺仪,,,,,,,,0.0563,0.0391,-0.0469
1568395723755891,加速度计,0.2472,7.8781,5.4037,,,,,,,
1568395733774641,加速度计,0.0724,6.9492,6.6254,,,,,,,
1568395737541099,陀螺仪,,,,,,,,0.0101,0.0269,-0.0495
1568395743793391,加速度计,1.1965,9.7037,5.5103,,,,,,,
1568395753812141,加速度计,0.2251,5.7497,4.9309,,,,,,,
1568395763830891,加速度计,-0.9134,3.3710,11.0744,,,,,,,
1568395757578599,陀螺仪,,,,,,,,-0.1212,0.0021,-0.0714
1568395773849641,加速度计,-1.4108,7.0533,8.2606,,,,,,,
1568395777616099,陀螺仪,,,,,,,,-0.0040,0.0206,-0.0137
1568395783868391,加速度计,1.1534,6.7241,4.6890,,,,,,,
1568395793887141,加速度计,0.3783,6.6325,9.5954,,,,,,,
1568395797653599,陀螺仪,,,,,,,,-0.0181,-0.0217,-0.0475
1568395803905891,加速度计,-0.3023,7.7075,10.4824,,,,,,,
1568395813928078,加速度计,0.3909,8.5335,6.2100,,,,,,,
1568395817690526,陀螺仪,,,,,,,,0.0462,-0.0049,-0.0663
1568395823942245,加速度计,0.5315,8.3564,0.3118,,,,,,,
1568395833956411,加速度计,1.5101,6.0490,9.2506,,,,,,,
1568395837718911,陀螺仪,,,,,,,,-0.0759,-0.0328,-0.1033
1568395843970682,加速度计,-1.7657,5.6096,18.5257,,,,,,,
1568395853985370,加速度计,0.5112,10.3483,4.2300,,,,,,,
1568395857748651,陀螺仪,,,,,,,,0.1268,0.0109,-0.0206
1568395864000578,加速度计,1.2791,8.0134,-0.2460,,,,,,,
1568395874016620,加速度计,0.4196,4.1168,5.3774,,,,,,,
1568395877781359,陀螺仪,,,,,,,,-0.0537,-0.0631,-0.0726
1568395884033495,加速度计,-0.5644,5.8574,11.6669,,,,,,,
1568395894051203,加速度计,2.5253,9.8839,8.7909,,,,,,,
1568395897817401,陀螺仪,,,,,,,,0.0338,-0.0150,-0.0168
1568395904069745,加速度计,0.9786,7.0378,4.8860,,,,,,,
1568395914089120,加速度计,0.4459,4.5987,7.9134,,,,,,,
1568395917856776,陀螺仪,,,,,,,,0.0447,0.0517,-0.0680
1568395924109328,加速度计,-0.0269,6.1920,-0.0892,,,,,,,
1568395934130266,加速度计,1.2079,6.3225,5.8562,,,,,,,
1568395937898964,陀螺仪,,,,,,,,-0.0418,-0.0201,-0.0382
1568395944151620,加速度计,-1.4293,7.4986,9.5828,,,,,,,
1568395954173391,加速度计,0.3100,8.1924,9.9042,,,,,,,
1568395957942766,陀螺仪,,,,,,,,-0.0116,0.0005,-0.0194
1568395964195474,加速度计,1.0355,7.0443,7.9206,,,,,,,
1568395974217557,加速度计,0.1933,6.4691,-0.7272,,,,,,,
1568395977986932,陀螺仪,,,,,,,,-0.0546,-0.0380,-0.0434
1568395984239641,加速度计,0.2370,2.0806,7.2275,,,,,,,
1568395994261307,加速度计,-1.2599,12.4062,6.6104,,,,,,,
1568395998029016,陀螺仪,,,,,,,,-0.0775,-0.0108,0.0044
1568396004281307,加速度计,1.3132,4.5867,19.1722,,,,,,,
1568396014300057,加速度计,0.9254,10.6686,3.2232,,,,,,,
1568396024318807,加速度计,-1.0894,4.4556,2.9419,,,,,,,
1568396018066516,陀螺仪,,,,,,,,0.0322,0.0132,0.0176
1568396034337557,加速度计,0.7195,2.8748,2.3116,,,,,,,
1568396038104016,陀螺仪,,,,,,,,-0.0567,0.0113,0.0063
1568396044356307,加速度计,-0.7476,6.0507,4.8830,,,,,,,
1568396054375578,加速度计,-1.2701,9.9647,8.5210,,,,,,,
1568396058146151,陀螺仪,,,,,,,,-0.1157,-0.0242,0.0682
1568396064397766,加速度计,-0.3442,5.5611,14.7052,,,,,,,
1568396074411099,加速度计,-2.0680,8.1965,11.3713,,,,,,,
1568396078172870,陀螺仪,,,,,,,,0.0487,0.0099,0.1080
1568396084424536,加速度计,1.8663,6.9486,8.6042,,,,,,,
1568396094438391,加速度计,1.0912,5.4791,9.7767,,,,,,,
1568396098200891,陀螺仪,,,,,,,,0.1451,0.0209,0.0449
1568396104452661,加速度计,-1.0062,9.1351,3.0412,,,,,,,
1568396114467453,加速度计,0.3442,9.2320,1.1606,,,,,,,
1568396118231099,陀螺仪,,,,,,,,0.0148,-0.0125,0.0019
1568396124483078,加速度计,1.0989,4.0013,7.4418,,,,,,,
1568396134499536,加速度计,0.4633,5.7144,8.7400,,,,,,,
1568396138264641,陀螺仪,,,,,,,,0.0429,0.0007,0.0715
1568396144516828,加速度计,-0.3753,8.8250,5.5486,,,,,,,
1568396154534953,加速度计,2.0333,10.7877,4.0217,,,,,,,
1568396158301516,陀螺仪,,,,,,,,-0.0320,0.0111,0.0261
1568396164553911,加速度计,0.4675,6.8708,15.3935,,,,,,,
1568396174573703,加速度计,-0.0551,5.8430,8.1050,,,,,,,
1568396178341724,陀螺仪,,,,,,,,0.0601,0.0338,0.0599
1568396184594328,加速度计,0.5650,4.3263,7.5022,,,,,,,
1568396194615682,加速度计,-0.7380,6.3315,2.4451,,,,,,,
1568396198384745,陀螺仪,,,,,,,,0.0913,0.0410,0.0610
1568396204637453,加速度计,2.7755,6.8103,3.6613,,,,,,,
1568396214659641,加速度计,-0.7655,7.5693,8.0146,,,,,,,
1568396218429380,陀螺仪,,,,,,,,0.0767,0.0292,-0.0352
1568396224682141,加速度计,1.4790,11.8321,5.2535,,,,,,,
1568396234704641,加速度计,-1.0864,7.1994,13.9265,,,,,,,
1568396238474380,陀螺仪,,,,,,,,0.0250,0.0210,-0.0629
1568396244727141,加速度计,-0.6081,7.9984,5.5749,,,,,,,
1568396254749120,加速度计,0.8990,6.1585,5.1038,,,,,,,
1568396258516828,陀螺仪,,,,,,,,0.0170,-0.0342,-0.0433
1568396264769120,加速度计,-0.5525,4.0139,1.2965,,,,,,,
1568396274787870,加速度计,-0.0760,5.2379,8.4288,,,,,,,
1568396278554328,陀螺仪,,,,,,,,-0.0186,-0.0642,-0.0691
1568396284806620,加速度计,1.1929,6.1106,11.3084,,,,,,,
1568396294825370,加速度计,1.0487,9.0315,6.3117,,,,,,,
1568396298591880,陀螺仪,,,,,,,,0.0449,-0.0493,-0.0683
1568396304844224,加速度计,0.4046,7.3418,3.9953,,,,,,,
1568396314863286,加速度计,0.6656,7.9649,5.8155,,,,,,,
1568396324881203,加速度计,-1.1869,4.9003,12.9024,,,,,,,
1568396318629016,陀螺仪,,,,,,,,-0.0654,-0.0655,-0.0912
1568396334899120,加速度计,0.2173,9.1237,11.6933,,,,,,,
1568396344917036,加速度计,1.3192,7.3933,5.5755,,,,,,,
1568396338664849,陀螺仪,,,,,,,,0.0826,-0.0270,0.0000
1568396354934953,加速度计,1.4377,5.8323,6.0783,,,,,,,
1568396358700682,陀螺仪,,,,,,,,0.0660,-0.0382,-0.0430
1568396364952870,加速度计,-0.2418,6.3698,2.8988,,,,,,,
1568396374970786,加速度计,0.1688,6.9079,12.6857,,,,,,,
1568396378736516,陀螺仪,,,,,,,,0.0254,-0.0824,-0.0181
1568396384988703,加速度计,-0.5920,9.7935,14.9021,,,,,,,
1568396395006620,加速度计,2.0004,6.9222,8.8573,,,,,,,
1568396398772349,陀螺仪,,,,,,,,0.1651,-0.0309,0.0068
1568396405024536,加速度计,-0.1891,8.9531,-1.5006,,,,,,,
1568396415042453,加速度计,-0.6369,4.0995,4.4634,,,,,,,
1568396418808182,陀螺仪,,,,,,,,0.0210,-0.0810,0.0049
1568396425060370,加速度计,0.6961,6.7965,11.3431,,,,,,,
1568396435078443,加速度计,0.7117,8.5742,11.4712,,,,,,,
1568396438844641,陀螺仪,,,,,,,,0.1495,0.0093,0.0617
1568396445096932,加速度计,-0.2849,8.8711,2.6995,,,,,,,
1568396455115682,加速度计,0.1341,4.5376,5.8514,,,,,,,
1568396465134432,加速度计,1.2300,7.4023,3.8912,,,,,,,
1568396475153182,加速度计,-0.8128,10.1999,4.0211,,,,,,,
1568396458882141,陀螺仪,,,,,,,,0.0995,0.0020,0.0708
1568396478919641,陀螺仪,,,,,,,,-0.0222,-0.0457,0.0502
1568396485171932,加速度计,-0.1844,6.5996,11.7483,,,,,,,
1568396495190682,加速度计,0.4878,6.7702,13.2920,,,,,,,
1568396498957141,陀螺仪,,,,,,,,0.0770,0.0334,0.1246
1568396505209432,加速度计,-0.2430,5.2481,10.3340,,,,,,,
1568396515228182,加速度计,-0.7739,8.7855,3.9786,,,,,,,
1568396525246932,加速度计,0.8727,7.7057,-0.8835,,,,,,,
1568396518994641,陀螺仪,,,,,,,,0.1907,0.0262,0.0871
1568396535265682,加速度计,1.9668,7.9422,1.6137,,,,,,,
1568396539032141,陀螺仪,,,,,,,,-0.0764,-0.0473,0.0053
1568396545284432,加速度计,-1.8537,5.6090,8.5545,,,,,,,
1568396555304432,加速度计,-0.1514,6.6583,10.2987,,,,,,,
1568396559079224,陀螺仪,,,,,,,,-0.0015,0.0324,0.1017
1568396565331568,加速度计,1.0840,5.4414,2.2075,,,,,,,
1568396575350578,加速度计,0.8146,6.7361,-5.0081,,,,,,,
1568396585369328,加速度计,-2.1141,4.4742,16.7953,,,,,,,
1568396579117036,陀螺仪,,,,,,,,-0.1972,0.0051,0.0879
1568396595388078,加速度计,-0.1425,7.0910,15.8754,,,,,,,
1568396599154536,陀螺仪,,,,,,,,-0.0253,0.0437,0.1671
1568396605406828,加速度计,0.1293,10.1831,8.5437,,,,,,,
1568396615425578,加速度计,-0.4016,4.6358,10.4998,,,,,,,
1568396619192661,陀螺仪,,,,,,,,0.0703,0.0762,0.1744
1568396625445266,加速度计,2.0093,6.5302,4.7920,,,,,,,
1568396635465943,加速度计,0.9984,8.9986,-2.1925,,,,,,,
1568396656671619,GPS,,,,31.9426,118.7867,6.5900,74.3000,,,
1568396645479276,加速度计,-0.5896,6.7780,12.2170,,,,,,,
1568396639227661,陀螺仪,,,,,,,,-0.0441,0.0157,0.0308
1568396655492818,加速度计,-0.3615,8.0074,12.5450,,,,,,,
1568396659255057,陀螺仪,,,,,,,,0.0097,0.0376,0.0583
1568396665506776,加速度计,1.0870,8.8388,4.9716,,,,,,,
1568396675521151,加速度计,2.0901,4.5137,5.8706,,,,,,,
1568396679284276,陀螺仪,,,,,,,,-0.0585,-0.0021,0.0321
1568396685536151,加速度计,-0.4992,6.5643,9.9677,,,,,,,
1568396695551984,加速度计,0.9894,5.8909,4.1336,,,,,,,
1568396699316568,陀螺仪,,,,,,,,-0.0161,0.0394,-0.0016
1568396705568651,加速度计,1.0133,5.3469,6.9725,,,,,,,
1568396715586151,加速度计,-0.9074,3.5967,15.0859,,,,,,,
1568396719352193,陀螺仪,,,,,,,,0.1450,0.0891,0.0265
1568396725604484,加速度计,-0.1628,8.3905,2.7228,,,,,,,
1568396735623651,加速度计,2.7246,9.6049,7.5028,,,,,,,
1568396739391151,陀螺仪,,,,,,,,0.0506,-0.0043,-0.0076
1568396745643651,加速度计,-1.7741,6.6098,5.4612,,,,,,,
1568396755664484,加速度计,2.2541,8.9747,7.6692,,,,,,,
1568396765685943,加速度计,0.2035,7.0521,7.4729,,,,,,,
1568396759433286,陀螺仪,,,,,,,,0.0383,0.0047,-0.0441
1568396775707818,加速度计,0.6213,6.6984,3.9780,,,,,,,
1568396785730109,加速度计,0.0425,5.7778,10.2484,,,,,,,
1568396779477349,陀螺仪,,,,,,,,0.0357,0.0160,-0.0537
1568396795752609,加速度计,2.6336,7.7417,1.6316,,,,,,,
1568396799523130,陀螺仪,,,,,,,,0.0406,0.0258,-0.0615
1568396805776151,加速度计,-1.1815,5.7018,5.2020,,,,,,,
1568396815802557,加速度计,-0.6285,8.6778,3.2938,,,,,,,
1568396825818391,加速度计,0.8990,4.7136,14.6663,,,,,,,
1568396819566464,陀螺仪,,,,,,,,-0.0919,-0.0318,-0.0542
1568396835834224,加速度计,0.1933,6.8073,11.1181,,,,,,,
1568396839598130,陀螺仪,,,,,,,,0.1007,0.0265,-0.0075
1568396845850057,加速度计,0.3154,9.9587,7.3364,,,,,,,
1568396855866047,加速度计,1.2611,7.1192,3.1466,,,,,,,
1568396859630422,陀螺仪,,,,,,,,0.0650,0.0047,-0.0634
1568396865882453,加速度计,-0.6303,4.5705,4.8028,,,,,,,
1568396875899276,加速度计,-0.4812,8.8849,5.6180,,,,,,,
1568396879664380,陀螺仪,,,,,,,,-0.0154,-0.0446,-0.0618
1568396885916516,加速度计,-0.5112,8.0786,8.0373,,,,,,,
1568396895934172,加速度计,0.8583,7.1790,12.3882,,,,,,,
1568396899700005,陀螺仪,,,,,,,,0.0332,-0.0095,0.0164
1568396905952245,加速度计,-0.0054,9.0555,4.3688,,,,,,,
1568396915970734,加速度计,0.9583,5.5821,4.9416,,,,,,,
1568396919737297,陀螺仪,,,,,,,,-0.0304,-0.0144,-0.0141
1568396925989641,加速度计,0.8865,6.1621,4.7262,,,,,,,
1568396936008964,加速度计,-0.7542,5.2110,9.7246,,,,,,,
1568396946028703,加速度计,0.9565,9.3679,10.0353,,,,,,,
1568396939776255,陀螺仪,,,,,,,,-0.0344,0.0097,0.0309
1568396956048859,加速度计,1.1923,5.5923,7.9338,,,,,,,
1568396959816880,陀螺仪,,,,,,,,0.0570,0.0618,0.0658
1568396966069432,加速度计,-0.2999,6.7924,2.0901,,,,,,,
1568396976090266,加速度计,1.2348,6.4015,3.3130,,,,,,,
1568396986111099,加速度计,-0.4537,6.3033,13.4297,,,,,,,
1568396979858547,陀螺仪,,,,,,,,-0.1421,-0.0152,-0.0107
1568396996131932,加速度计,-2.0716,7.9015,16.8893,,,,,,,
1568396999900214,陀螺仪,,,,,,,,0.0810,0.0755,0.0791
1568397006152766,加速度计,1.5664,8.8639,5.0643,,,,,,,
1568397016173599,加速度计,0.1353,4.8943,6.0394,,,,,,,
1568397026194120,加速度计,0.0180,4.9512,9.5804,,,,,,,
1568397019941672,陀螺仪,,,,,,,,0.0459,0.0064,0.0256
1568397036213651,加速度计,-1.3587,6.8785,7.5244,,,,,,,
1568397039980109,陀螺仪,,,,,,,,0.1471,0.0091,0.0230
1568397046232401,加速度计,1.4126,9.1620,-3.5482,,,,,,,
1568397056251464,加速度计,1.0936,4.5382,-2.0411,,,,,,,
1568397066270370,加速度计,-1.7418,5.4372,6.9821,,,,,,,
1568397060018286,陀螺仪,,,,,,,,-0.1184,-0.0417,-0.0501
1568397076287453,加速度计,0.0383,4.3910,16.7989,,,,,,,
1568397080052453,陀螺仪,,,,,,,,-0.0128,0.0189,0.0945
1568397086304536,加速度计,1.0564,10.5363,8.0984,,,,,,,
1568397096321620,加速度计,-0.2897,7.9541,7.4418,,,,,,,
1568397100086620,陀螺仪,,,,,,,,0.0104,0.0726,0.0882
1568397106338703,加速度计,0.9834,4.6711,-0.8835,,,,,,,
1568397116355786,加速度计,0.2765,4.6866,6.7630,,,,,,,
1568397120120786,陀螺仪,,,,,,,,-0.0663,0.0116,0.0541
1568397126372870,加速度计,0.5986,8.1714,13.7846,,,,,,,
1568397136390161,加速度计,1.0666,9.7480,7.3304,,,,,,,
1568397140155682,陀螺仪,,,,,,,,0.0100,0.0561,0.0490
1568397146407870,加速度计,0.4609,9.9210,6.4991,,,,,,,
1568397156425995,加速度计,-0.0479,6.3458,5.4576,,,,,,,
1568397160192245,陀螺仪,,,,,,,,-0.0530,0.0265,-0.0133
1568397166444536,加速度计,0.7129,5.9783,5.4803,,,,,,,
1568397176463495,加速度计,-0.5728,7.1431,5.1553,,,,,,,
1568397186482870,加速度计,1.0062,6.9935,7.3287,,,,,,,
1568397180230474,陀螺仪,,,,,,,,-0.0855,0.0035,-0.0381
1568397196502661,加速度计,0.8577,4.8513,16.5715,,,,,,,
1568397206522661,加速度计,1.3120,6.2435,8.2720,,,,,,,
1568397200270214,陀螺仪,,,,,,,,0.0180,0.0325,-0.0031
1568397216542661,加速度计,1.2594,8.7670,-3.6290,,,,,,,
1568397220310214,陀螺仪,,,,,,,,0.0238,0.0222,-0.1124
1568397226562661,加速度计,1.9040,6.6277,-6.5715,,,,,,,
1568397236582661,加速度计,-0.0515,2.9987,9.9724,,,,,,,
1568397240350214,陀螺仪,,,,,,,,-0.2643,-0.0557,-0.1361
1568397246602661,加速度计,-1.1163,5.9801,23.3195,,,,,,,
1568397256622661,加速度计,-1.5682,8.6024,17.6554,,,,,,,
1568397260390214,陀螺仪,,,,,,,,0.1574,0.0816,0.0360
1568397266642661,加速度计,2.3691,12.3625,0.1329,,,,,,,
1568397276662661,加速度计,0.1688,4.2641,3.8750,,,,,,,
1568397280429901,陀螺仪,,,,,,,,0.0130,-0.0073,-0.0744
1568397286682245,加速度计,0.5770,5.2720,5.1308,,,,,,,
1568397296701203,加速度计,0.8404,5.6060,4.8902,,,,,,,
1568397306722036,加速度计,0.5584,5.1607,5.4378,,,,,,,
1568397300469224,陀螺仪,,,,,,,,-0.0087,-0.0435,-0.1160
1568397316744901,加速度计,-0.3256,7.7806,6.3937,,,,,,,
1568397320500214,陀螺仪,,,,,,,,-0.0482,-0.0368,-0.0711
1568397326750943,加速度计,-0.4621,5.9197,15.5192,,,,,,,
1568397336757609,加速度计,0.9852,10.0036,11.3563,,,,,,,
1568397340514328,陀螺仪,,,,,,,,0.1009,-0.0326,-0.0501
1568397346765318,加速度计,-0.0066,7.1922,6.6505,,,,,,,
1568397356774484,加速度计,0.0221,5.5755,8.8849,,,,,,,
1568397360534068,陀螺仪,,,,,,,,0.1515,-0.0422,-0.0771
1568397366785526,加速度计,-1.0684,4.4843,5.8281,,,,,,,
1568397376798651,加速度计,1.2983,5.3899,6.7409,,,,,,,
1568397380561880,陀螺仪,,,,,,,,0.2394,-0.0522,-0.0324
1568397386813859,加速度计,0.5088,10.6500,-3.5153,,,,,,,
1568397396831151,加速度计,-1.1570,11.2258,3.3405,,,,,,,
1568397400598026,陀螺仪,,,,,,,,-0.0643,-0.1245,-0.1027
1568397406850526,加速度计,0.1999,7.1605,12.4385,,,,,,,
1568397416871984,加速度计,0.9463,9.0884,11.8244,,,,,,,
1568397420642349,陀螺仪,,,,,,,,0.0328,-0.0675,0.0571
1568397426895318,加速度计,0.7859,8.6520,3.1238,,,,,,,
1568397436920109,加速度计,1.4844,2.4756,3.1957,,,,,,,
1568397440692870,陀螺仪,,,,,,,,-0.0169,-0.0101,0.0506
1568397446946151,加速度计,1.1534,5.3235,6.0250,,,,,,,
1568397456973234,加速度计,-1.2911,9.1453,9.3392,,,,,,,
1568397460747505,陀螺仪,,,,,,,,0.0087,0.0099,0.0884
1568397467000943,加速度计,0.0503,7.9930,14.4987,,,,,,,
1568397477028859,加速度计,1.2713,11.4090,4.8734,,,,,,,
1568397487054693,加速度计,-0.0808,7.7363,4.8926,,,,,,,
1568397480801776,陀螺仪,,,,,,,,0.0617,0.0142,0.0952
1568397497075943,加速度计,0.7751,6.2991,-1.5191,,,,,,,
1568397500842401,陀螺仪,,,,,,,,-0.1278,-0.0206,0.0137
1568397507094693,加速度计,-0.4256,3.2394,3.9169,,,,,,,
1568397517113443,加速度计,0.4489,5.1793,21.7818,,,,,,,
1568397527132193,加速度计,-1.8585,5.6485,11.1881,,,,,,,
1568397520879901,陀螺仪,,,,,,,,-0.0494,0.0378,0.1052
1568397537150943,加速度计,1.8603,10.1161,2.3284,,,,,,,
1568397547169693,加速度计,-0.9804,6.6667,5.6761,,,,,,,
1568397540917401,陀螺仪,,,,,,,,0.0284,0.0113,0.1312
1568397557189276,加速度计,0.2741,3.4093,14.6399,,,,,,,
1568397560956307,陀螺仪,,,,,,,,0.0860,0.0142,0.0598
1568397567208286,加速度计,-0.6387,6.9013,12.1697,,,,,,,
1568397577224536,加速度计,-0.2167,10.4291,-5.9939,,,,,,,
1568397587240786,加速度计,0.4513,2.3385,6.1657,,,,,,,
1568397580988807,陀螺仪,,,,,,,,0.0085,-0.0671,0.0599
1568397597257036,加速度计,-1.5682,2.5522,-1.4090,,,,,,,
1568397601021307,陀螺仪,,,,,,,,-0.0012,0.0457,0.0626
1568397607273286,加速度计,0.8823,8.3306,7.1078,,,,,,,
1568397617289797,加速度计,0.9804,13.6769,11.5730,,,,,,,
1568397621056307,陀螺仪,,,,,,,,-0.0406,0.0055,0.0525
1568397627308807,加速度计,0.1251,7.2814,9.0782,,,,,,,
1568397637337609,加速度计,0.1443,2.4624,14.2425,,,,,,,
1568397651311879,GPS,,,,31.9426,118.7868,6.7600,73.7000,,,
1568397647357401,加速度计,0.0365,2.7809,1.2420,,,,,,,
1568397641105109,陀螺仪,,,,,,,,0.0755,0.0723,0.1204
1568397657376151,加速度计,0.5477,10.1418,-4.5933,,,,,,,
1568397667394901,加速度计,1.9225,5.1595,4.6352,,,,,,,
1568397661142609,陀螺仪,,,,,,,,-0.1013,0.0253,0.1156
1568397677413651,加速度计,0.8912,6.2195,17.1868,,,,,,,
1568397681180109,陀螺仪,,,,,,,,-0.0708,0.0702,0.0791
1568397687432401,加速度计,-0.3011,12.2003,12.1260,,,,,,,
1568397697451151,加速度计,0.1311,10.2687,9.0483,,,,,,,
1568397701217609,陀螺仪,,,,,,,,-0.0586,0.0647,0.0948
1568397707469901,加速度计,0.6381,8.0272,0.7602,,,,,,,
1568397717488651,加速度计,0.4459,0.5058,10.4627,,,,,,,
1568397721255109,陀螺仪,,,,,,,,-0.0822,0.0494,0.0535
1568397727507401,加速度计,-1.4958,2.9772,10.8056,,,,,,,
1568397737526151,加速度计,0.2520,6.2153,11.4162,,,,,,,
1568397747544901,加速度计,1.1750,7.4531,15.1511,,,,,,,
1568397741292609,陀螺仪,,,,,,,,0.1860,0.0804,0.1230
1568397757563651,加速度计,0.6141,14.3024,7.0527,,,,,,,
1568397761330109,陀螺仪,,,,,,,,0.3614,0.0750,0.0104
1568397767582401,加速度计,0.0856,12.9371,-6.7223,,,,,,,
1568397777601151,加速度计,1.8794,7.7393,-2.7629,,,,,,,
1568397781367609,陀螺仪,,,,,,,,-0.1627,-0.0844,-0.1282
1568397787619901,加速度计,0.3310,3.9277,13.4440,,,,,,,
1568397797638651,加速度计,-0.2047,1.5119,13.0729,,,,,,,
1568397807658026,加速度计,-0.5130,4.7752,0.8302,,,,,,,
1568397801405630,陀螺仪,,,,,,,,0.1200,0.1017,0.0566
1568397817678755,加速度计,4.3347,7.7728,0.3334,,,,,,,
1568397821440109,陀螺仪,,,,,,,,0.0290,0.1334,0.0644
1568397827691672,加速度计,0.6141,5.7425,-2.3583,,,,,,,
1568397837704797,加速度计,1.1995,9.9748,17.9248,,,,,,,
1568397847718339,加速度计,-2.5019,11.8537,4.5442,,,,,,,
1568397841466672,陀螺仪,,,,,,,,-0.1265,0.0679,-0.0181
1568397857732505,加速度计,0.0072,2.2691,10.6949,,,,,,,
1568397861495630,陀螺仪,,,,,,,,-0.0044,0.1405,0.0646
1568397867747505,加速度计,1.1217,6.5757,11.0929,,,,,,,
1568397877763339,加速度计,-1.1301,9.7941,-2.4313,,,,,,,
1568397881527922,陀螺仪,,,,,,,,-0.0551,0.0783,-0.0073
1568397887780005,加速度计,1.0193,6.6804,7.9092,,,,,,,
1568397897797505,加速度计,0.4004,8.2013,11.5251,,,,,,,
1568397907815839,加速度计,-1.4479,5.6725,14.1994,,,,,,,
1568397901563547,陀螺仪,,,,,,,,-0.1491,0.0061,-0.1233
1568397917835005,加速度计,1.6316,3.9421,9.4349,,,,,,,
1568397927855005,加速度计,-1.5790,7.9960,5.6090,,,,,,,
1568397921602505,陀螺仪,,,,,,,,0.0309,0.0273,-0.0800
1568397937875839,加速度计,2.2865,4.4203,5.5773,,,,,,,
1568397941644797,陀螺仪,,,,,,,,0.0274,0.0005,-0.1880
1568397947897505,加速度计,0.2418,7.3269,3.9959,,,,,,,
1568397957919797,加速度计,1.9752,4.5514,13.8858,,,,,,,
1568397961689693,陀螺仪,,,,,,,,0.0538,-0.0129,-0.1470
1568397967942505,加速度计,-1.4778,4.4586,3.2914,,,,,,,
1568397977965422,加速度计,0.5022,7.0791,7.7093,,,,,,,
1568397981735526,陀螺仪,,,,,,,,0.1310,0.0071,-0.0936
1568397987988339,加速度计,1.8854,11.0067,5.1613,,,,,,,
1568397998011255,加速度计,1.5850,13.2776,-2.2829,,,,,,,
1568398008032089,加速度计,0.5555,3.3824,1.9992,,,,,,,
1568398001779797,陀螺仪,,,,,,,,-0.0839,-0.0007,-0.1562
1568398018050839,加速度计,1.2019,5.6150,4.5047,,,,,,,
1568398021817297,陀螺仪,,,,,,,,-0.2583,0.0023,-0.1169
1568398028069589,加速度计,-1.8926,1.4886,17.2963,,,,,,,
1568398038088339,加速度计,0.2352,5.6749,23.2405,,,,,,,
1568398048107089,加速度计,1.0295,12.9472,8.6503,,,,,,,
1568398041854797,陀螺仪,,,,,,,,0.1523,0.1338,0.1230
1568398058128964,加速度计,1.7358,7.3999,-2.0279,,,,,,,
1568398068150474,加速度计,1.2121,5.4486,-2.6001,,,,,,,
1568398061900109,陀螺仪,,,,,,,,0.0949,0.0847,-0.0284
1568398078154068,加速度计,-0.5136,4.6430,6.2812,,,,,,,
1568398081907818,陀螺仪,,,,,,,,-0.1083,-0.0229,-0.1312
1568398088158339,加速度计,-1.7490,5.9849,12.6133,,,,,,,
1568398098163964,加速度计,-1.5113,9.4373,7.9410,,,,,,,
1568398101920526,陀螺仪,,,,,,,,0.0148,0.0068,-0.0401
1568398108171516,加速度计,0.4052,7.7967,11.7094,,,,,,,
1568398118181411,加速度计,-0.3376,8.6562,10.8966,,,,,,,
1568398128193807,加速度计,-1.3994,7.5561,7.2478,,,,,,,
1568398121942193,陀螺仪,,,,,,,,0.1068,0.0036,-0.0662
1568398138208703,加速度计,2.2194,5.7114,3.0077,,,,,,,
1568398148226099,加速度计,-0.6069,5.2337,2.9311,,,,,,,
1568398141973859,陀螺仪,,,,,,,,0.1177,-0.0104,-0.0537
1568398158245995,加速度计,-0.6147,5.8131,10.2819,,,,,,,
1568398162015526,陀螺仪,,,,,,,,0.1372,0.0193,-0.0072
1568398168268391,加速度计,1.3246,9.5684,10.3310,,,,,,,
1568398178293026,加速度计,2.9335,15.3205,2.3918,,,,,,,
1568398188319484,加速度计,0.2855,9.6839,0.6752,,,,,,,
1568398182066151,陀螺仪,,,,,,,,0.0980,0.0182,-0.0507
1568398198347349,加速度计,1.2091,2.6803,12.6791,,,,,,,
1568398202122609,陀螺仪,,,,,,,,-0.0356,0.0198,-0.1049
1568398208376203,加速度计,-0.7967,6.2824,12.2948,,,,,,,
1568398218405630,加速度计,0.3998,5.5204,6.4667,,,,,,,
1568398228435214,加速度计,0.9912,8.1864,4.9458,,,,,,,
1568398222181568,陀螺仪,,,,,,,,0.1431,0.0751,0.0308
1568398238461151,加速度计,1.7753,7.1533,9.0291,,,,,,,
1568398242229484,陀螺仪,,,,,,,,0.1057,0.0513,-0.0816
1568398248481776,加速度计,1.3815,8.2444,6.0400,,,,,,,
1568398258500526,加速度计,-0.8984,9.3033,1.0882,,,,,,,
1568398262266984,陀螺仪,,,,,,,,-0.0079,-0.0137,-0.1571
1568398268519276,加速度计,-0.9062,5.1092,8.3073,,,,,,,
1568398278538026,加速度计,-0.6387,3.3501,10.4208,,,,,,,
1568398282304484,陀螺仪,,,,,,,,0.0326,0.0156,-0.0854
1568398288556776,加速度计,0.5602,7.3352,5.5713,,,,,,,
1568398298575526,加速度计,0.4441,8.7448,3.3627,,,,,,,
1568398308596099,加速度计,0.5393,5.2307,6.3764,,,,,,,
1568398302343443,陀螺仪,,,,,,,,-0.0060,0.0000,-0.0768
1568398318616464,加速度计,0.2071,4.5400,12.1787,,,,,,,
1568398322375266,陀螺仪,,,,,,,,-0.0053,-0.0142,-0.0887
1568398328626464,加速度计,-1.1175,7.2347,8.1864,,,,,,,
1568398338636724,加速度计,-0.1227,9.3296,-0.4519,,,,,,,
1568398342396307,陀螺仪,,,,,,,,-0.0395,-0.0278,-0.0671
1568398348647661,加速度计,1.2779,4.9446,9.9300,,,,,,,
1568398358659693,加速度计,-0.3256,7.4394,9.5427,,,,,,,
1568398362421307,陀螺仪,,,,,,,,-0.0181,-0.0314,-0.0931
1568398368672974,加速度计,-0.1706,9.3063,8.2349,,,,,,,
1568398378687505,加速度计,-0.0640,7.0785,10.2831,,,,,,,
1568398388703547,加速度计,0.5459,6.0112,7.5322,,,,,,,
1568398382451516,陀螺仪,,,,,,,,-0.0188,-0.0554,-0.0824
1568398398721255,加速度计,0.8452,5.7024,10.7715,,,,,,,
1568398402488182,陀螺仪,,,,,,,,0.0453,-0.0726,-0.0719
1568398408740630,加速度计,1.0792,6.3219,3.7302,,,,,,,
1568398418761411,加速度计,0.3250,5.5893,6.1202,,,,,,,
1568398422530682,陀螺仪,,,,,,,,0.0254,-0.0802,-0.1241
1568398428783443,加速度计,0.1951,8.5479,12.2152,,,,,,,
1568398438806464,加速度计,0.9619,8.0643,12.4097,,,,,,,
1568398442577349,陀螺仪,,,,,,,,0.1856,-0.0129,-0.0668
1568398448830318,加速度计,0.2939,11.0259,2.3703,,,,,,,
1568398458854745,加速度计,1.5598,6.7127,-2.3858,,,,,,,
1568398462626516,陀螺仪,,,,,,,,-0.0031,-0.0791,-0.1020
1568398468879589,加速度计,1.1139,3.0335,6.2393,,,,,,,
1568398478904589,加速度计,-1.1127,6.7331,13.5308,,,,,,,
1568398488929328,加速度计,0.5997,10.3220,9.3380,,,,,,,
1568398482676307,陀螺仪,,,,,,,,0.0543,-0.0273,-0.0296
1568398498950266,加速度计,1.6945,8.2031,6.0388,,,,,,,
1568398502716724,陀螺仪,,,,,,,,0.0820,-0.0057,-0.0059
1568398508969016,加速度计,-0.9194,7.0228,4.3449,,,,,,,
1568398518987766,加速度计,0.7925,6.4111,1.3270,,,,,,,
1568398522754224,陀螺仪,,,,,,,,-0.0169,-0.0581,-0.0589
1568398529006516,加速度计,-1.1193,5.0895,3.9720,,,,,,,
1568398539025266,加速度计,0.1305,8.7592,16.1662,,,,,,,
1568398542791724,陀螺仪,,,,,,,,0.0507,-0.0193,0.0009
1568398549044016,加速度计,-0.1903,5.8012,6.7618,,,,,,,
1568398559065109,加速度计,1.2216,9.5768,-1.9555,,,,,,,
1568398562839797,陀螺仪,,,,,,,,-0.0052,-0.0475,-0.0107
1568398569090005,加速度计,0.2059,6.8348,-1.1420,,,,,,,
1568398579092297,加速度计,1.5048,4.2413,13.7086,,,,,,,
1568398589095422,加速度计,-2.3493,5.5414,26.3368,,,,,,,
1568398582845005,陀螺仪,,,,,,,,-0.1814,-0.1100,-0.0372
1568398599100005,加速度计,1.1708,10.9188,10.9206,,,,,,,
1568398602855578,陀螺仪,,,,,,,,0.2364,0.0241,0.1031
1568398609106464,加速度计,0.3364,7.3143,-0.6632,,,,,,,
1568398619115214,加速度计,0.8278,7.2957,-4.2108,,,,,,,
1568398622874797,陀螺仪,,,,,,,,-0.0479,-0.0989,-0.0639
1568398629128026,加速度计,-0.3789,3.7978,-0.1137,,,,,,,
1568398639161568,加速度计,0.0168,7.4633,13.3519,,,,,,,
1568398651863649,GPS,,,,31.9426,118.7869,6.7200,74.0000,,,
1568398642942089,陀螺仪,,,,,,,,-0.0664,-0.1056,-0.0695
1568398649196411,加速度计,-1.1271,7.3532,6.5044,,,,,,,
1568398659231776,加速度计,-0.8140,4.1922,6.0011,,,,,,,
1568398663012505,陀螺仪,,,,,,,,-0.1000,-0.0893,0.0441
1568398669266828,加速度计,0.6428,5.6270,8.7382,,,,,,,
1568398679287609,加速度计,0.6315,9.1901,15.0673,,,,,,,
1568398683054068,陀螺仪,,,,,,,,-0.0194,-0.0503,0.0755
1568398689306359,加速度计,0.4543,6.6206,14.1719,,,,,,,
1568398699325109,加速度计,-0.1047,9.2919,-1.7597,,,,,,,
1568398703091568,陀螺仪,,,,,,,,0.1326,0.0260,0.0687
1568398709343859,加速度计,2.8760,3.9965,-9.6193,,,,,,,
1568398719362609,加速度计,0.0682,2.0213,24.0707,,,,,,,
1568398723129068,陀螺仪,,,,,,,,-0.1529,-0.0578,0.0156
1568398729381359,加速度计,-3.1753,13.2166,2.5762,,,,,,,
1568398739400109,加速度计,1.5191,10.6021,4.1970,,,,,,,
1568398743166568,陀螺仪,,,,,,,,-0.1647,-0.0909,0.0120
1568398749418859,加速度计,0.6572,4.0468,3.4387,,,,,,,
1568398759437609,加速度计,-1.0882,2.1332,14.3874,,,,,,,
1568398769456359,加速度计,-0.6225,4.9464,17.5722,,,,,,,
1568398763204068,陀螺仪,,,,,,,,-0.1033,-0.0905,0.0333
1568398779475109,加速度计,-1.0930,10.1341,4.1958,,,,,,,
1568398783241568,陀螺仪,,,,,,,,0.1216,-0.0418,0.1277
1568398789493859,加速度计,2.3044,3.5225,12.1206,,,,,,,
1568398799512609,加速度计,1.6077,7.7488,-0.0150,,,,,,,
1568398809531724,加速度计,-2.2559,7.9212,1.0852,,,,,,,
1568398803279380,陀螺仪,,,,,,,,0.1682,-0.0459,0.0421
1568398819551724,加速度计,2.5786,12.2026,0.5429,,,,,,,
1568398823314536,陀螺仪,,,,,,,,-0.1554,-0.1306,0.0316
1568398829566307,加速度计,-0.8996,4.4119,16.5445,,,,,,,
1568398839580891,加速度计,-3.4189,4.6370,22.5390,,,,,,,
1568398843343911,陀螺仪,,,,,,,,0.2021,0.0662,0.2441
1568398849595734,加速度计,1.3150,10.2418,0.2071,,,,,,,
1568398859610995,加速度计,0.9948,8.2738,-1.0104,,,,,,,
1568398863374745,陀螺仪,,,,,,,,0.0475,0.0120,0.2535
1568398869626672,加速度计,1.3701,2.4960,5.5318,,,,,,,
1568398879643026,加速度计,-0.1119,5.8628,12.9311,,,,,,,
1568398883408078,陀螺仪,,,,,,,,0.1699,0.0945,0.2288
1568398889660214,加速度计,-0.0868,10.5902,4.9069,,,,,,,
1568398899678234,加速度计,0.7177,9.7743,-1.1714,,,,,,,
1568398903444745,陀螺仪,,,,,,,,0.0479,0.0722,0.2270
1568398909697089,加速度计,0.4280,8.3420,10.6165,,,,,,,
1568398919716776,加速度计,0.9720,8.3025,7.4651,,,,,,,
1568398923484536,陀螺仪,,,,,,,,0.0200,0.0570,0.1248
1568398929737036,加速度计,-0.6399,9.8354,8.7035,,,,,,,
1568398939757714,加速度计,-0.6057,6.4075,9.7689,,,,,,,
1568398943526203,陀螺仪,,,,,,,,0.0264,0.0748,0.1139
1568398949778807,加速度计,0.1975,4.4335,6.1962,,,,,,,
1568398959800318,加速度计,1.0313,6.2758,-0.5160,,,,,,,
1568398963569328,陀螺仪,,,,,,,,-0.0213,0.0224,0.0523
1568398969821984,加速度计,-0.2819,9.6055,3.0005,,,,,,,
1568398979843651,加速度计,-0.3340,4.2575,25.3007,,,,,,,
1568398983612661,陀螺仪,,,,,,,,0.1168,0.1003,0.0541
1568398989865318,加速度计,0.6369,11.2444,6.1974,,,,,,,
1568398999886464,加速度计,1.8788,10.0916,-4.4502,,,,,,,
1568399009905995,加速度计,0.0736,0.9487,5.5408,,,,,,,
1568399003653703,陀螺仪,,,,,,,,-0.0846,-0.0100,-0.0208
1568399019924745,加速度计,-0.8811,3.0376,18.2809,,,,,,,
1568399023691203,陀螺仪,,,,,,,,0.0656,0.0372,-0.0061
1568399029943495,加速度计,1.2456,10.0574,12.2673,,,,,,,
1568399039962245,加速度计,-0.6554,9.5954,4.6124,,,,,,,
1568399043728703,陀螺仪,,,,,,,,0.1415,0.0815,0.0229
1568399049980995,加速度计,0.9373,5.2631,0.6997,,,,,,,
1568399060003130,加速度计,2.1422,4.8219,6.4727,,,,,,,
1568399063776880,陀螺仪,,,,,,,,0.0169,0.0176,-0.0519
1568399070026516,加速度计,-0.5716,7.6429,-0.7009,,,,,,,
1568399080024536,加速度计,-0.0305,5.0763,-1.2474,,,,,,,
1568399083773755,陀螺仪,,,,,,,,-0.2025,-0.0305,-0.0879
1568399090023651,加速度计,0.2370,3.5237,11.7926,,,,,,,
1568399100024536,加速度计,-1.9076,2.8689,24.1563,,,,,,,
1568399110028026,加速度计,0.2245,14.4287,8.8825,,,,,,,
1568399103777505,陀螺仪,,,,,,,,0.0846,0.0963,0.0553
1568399120034693,加速度计,2.0788,11.0696,3.3363,,,,,,,
1568399123793339,陀螺仪,,,,,,,,-0.0029,0.0605,0.0450
1568399130044693,加速度计,1.2282,3.2304,8.0978,,,,,,,
1568399140058286,加速度计,-0.4980,3.6314,11.7741,,,,,,,
1568399143823339,陀螺仪,,,,,,,,0.1300,0.0674,-0.0546
1568399150075630,加速度计,2.2709,9.3631,-1.5437,,,,,,,
1568399160096464,加速度计,0.0419,7.9410,8.0864,,,,,,,
1568399163867505,陀螺仪,,,,,,,,-0.0258,-0.0326,-0.1186
1568399170120630,加速度计,0.3095,8.8065,9.5098,,,,,,,
1568399180147870,加速度计,0.5555,10.2340,9.9790,,,,,,,
1568399190177766,加速度计,0.9613,8.4294,7.1664,,,,,,,
1568399183923964,陀螺仪,,,,,,,,0.0117,-0.0397,-0.2041
1568399200209641,加速度计,-0.7219,3.4411,10.4669,,,,,,,
1568399203988755,陀螺仪,,,,,,,,0.0731,-0.0417,-0.1759
1568399210242922,加速度计,-0.5968,3.8714,5.0841,,,,,,,
1568399220276932,加速度计,2.2021,6.7852,-0.3208,,,,,,,
1568399224056880,陀螺仪,,,,,,,,0.1418,-0.0289,-0.1567
1568399230311099,加速度计,0.0072,7.7051,5.7299,,,,,,,
1568399240336411,加速度计,1.7915,10.4040,10.0287,,,,,,,
1568399244103339,陀螺仪,,,,,,,,0.0470,-0.0413,-0.1180
1568399250355630,加速度计,-1.1055,8.7592,10.7667,,,,,,,
1568399260374380,加速度计,2.3691,10.5165,4.4921,,,,,,,
1568399264140839,陀螺仪,,,,,,,,0.0674,0.0286,-0.0117
1568399270393130,加速度计,1.6071,6.8863,3.5231,,,,,,,
1568399280411880,加速度计,1.2474,3.9947,5.7467,,,,,,,
1568399290430630,加速度计,-1.3803,5.5462,8.7508,,,,,,,
1568399284178339,陀螺仪,,,,,,,,-0.0048,0.0799,-0.0228
1568399300449380,加速度计,2.1189,7.3987,7.0210,,,,,,,
1568399304217089,陀螺仪,,,,,,,,0.0569,0.1084,0.0975
1568399310469693,加速度计,-0.2915,6.7169,3.6266,,,,,,,
1568399320488130,加速度计,-0.9080,7.0162,6.7145,,,,,,,
1568399324249849,陀螺仪,,,,,,,,-0.0390,0.0707,0.0288
1568399330501464,加速度计,-0.8392,7.0617,11.5275,,,,,,,
1568399340515109,加速度计,-0.6967,8.7742,13.8840,,,,,,,
1568399344277453,陀螺仪,,,,,,,,0.0907,0.1100,0.0824
1568399350529172,加速度计,-2.1979,5.4354,9.8527,,,,,,,
1568399360543651,加速度计,0.6261,8.9818,3.0999,,,,,,,
1568399364306984,陀螺仪,,,,,,,,0.1089,0.0750,0.0687
1568399370558859,加速度计,0.3555,5.3439,1.3641,,,,,,,
1568399380574901,加速度计,-1.3809,5.1505,10.5632,,,,,,,
1568399384339693,陀螺仪,,,,,,,,0.0658,0.0454,-0.0040
1568399390591776,加速度计,-1.1911,10.5105,10.5614,,,,,,,
1568399400609484,加速度计,1.8513,8.0954,1.9064,,,,,,,
1568399404375734,陀螺仪,,,,,,,,0.0360,0.0278,-0.0190
1568399410628026,加速度计,0.7009,6.3626,6.9701,,,,,,,
1568399420647401,加速度计,1.1857,7.9039,7.3526,,,,,,,
1568399424415109,陀螺仪,,,,,,,,-0.0127,0.0208,-0.0963
1568399430667609,加速度计,1.5077,6.6020,10.2418,,,,,,,
1568399440688651,加速度计,-0.5507,6.8893,7.5687,,,,,,,
1568399444457557,陀螺仪,,,,,,,,0.0591,0.0511,-0.1329
1568399450710214,加速度计,0.0628,6.1417,6.9707,,,,,,,
1568399460732193,加速度计,1.2318,7.1317,9.8300,,,,,,,
1568399470754589,加速度计,1.9890,9.5301,-3.3363,,,,,,,
1568399464501828,陀螺仪,,,,,,,,0.1162,0.0409,-0.1483
1568399480777089,加速度计,0.3903,8.5569,8.0505,,,,,,,
1568399484546828,陀螺仪,,,,,,,,-0.1321,-0.0732,-0.3089
1568399490799589,加速度计,0.0682,3.8122,10.2819,,,,,,,
1568399500822089,加速度计,-0.4208,5.3564,14.2222,,,,,,,
1568399504590005,陀螺仪,,,,,,,,0.0658,-0.0354,-0.1720
1568399510842401,加速度计,1.5736,9.8462,4.5280,,,,,,,
1568399520861359,加速度计,2.3290,5.9328,6.7935,,,,,,,
1568399524627818,陀螺仪,,,,,,,,0.0148,-0.0055,-0.1867
1568399530880109,加速度计,1.3539,4.0612,10.0856,,,,,,,
1568399540898859,加速度计,0.4962,9.2279,2.5504,,,,,,,
1568399544665318,陀螺仪,,,,,,,,0.0587,-0.0201,-0.1406
1568399550917609,加速度计,0.6542,6.4991,1.4964,,,,,,,
1568399560945370,加速度计,1.4305,3.4566,9.0878,,,,,,,
1568399564712974,陀螺仪,,,,,,,,-0.0015,0.0001,-0.1221
1568399570961932,加速度计,0.3274,8.4282,14.7225,,,,,,,
1568399580954641,加速度计,-0.7320,9.6851,1.9058,,,,,,,
1568399584699536,陀螺仪,,,,,,,,0.0738,0.0509,-0.0633
1568399590948807,加速度计,1.9034,9.3140,-5.5270,,,,,,,
1568399600945578,加速度计,-1.4928,2.7791,21.6232,,,,,,,
1568399610945578,加速度计,0.1107,4.5448,22.5660,,,,,,,
1568399604695526,陀螺仪,,,,,,,,-0.0502,0.0029,-0.0415
1568399620949536,加速度计,-1.6143,13.4393,-3.2741,,,,,,,
1568399624736464,陀螺仪,,,,,,,,0.2473,0.0718,0.0301
1568399646068128,GPS,,,,31.9426,118.7869,7.1600,73.6000,,,
1568399630994693,加速度计,0.8805,4.9925,-6.4530,,,,,,,
1568399641059224,加速度计,-0.5225,6.2441,4.6190,,,,,,,
1568399644852505,陀螺仪,,,,,,,,-0.1487,-0.0509,-0.1262
1568399651104797,加速度计,0.4687,5.4779,10.7224,,,,,,,
1568399661123547,加速度计,0.1562,12.0524,11.1510,,,,,,,
1568399664890005,陀螺仪,,,,,,,,-0.0158,-0.0551,-0.1193
1568399671142297,加速度计,0.4453,9.8450,2.6366,,,,,,,
1568399681161047,加速度计,0.8056,1.0588,7.4819,,,,,,,
1568399684927505,陀螺仪,,,,,,,,-0.0851,-0.0523,-0.1878
1568399691179797,加速度计,0.3322,5.7479,4.2174,,,,,,,
1568399701198547,加速度计,-0.0084,7.1491,9.9311,,,,,,,
1568399704965005,陀螺仪,,,,,,,,-0.0827,-0.0876,-0.1851
1568399711217297,加速度计,-0.5399,8.3773,8.5820,,,,,,,
1568399721236047,加速度计,0.3669,6.8953,10.0634,,,,,,,
1568399731254797,加速度计,0.4609,5.0542,9.6061,,,,,,,
1568399725002505,陀螺仪,,,,,,,,-0.0028,-0.0835,-0.1866
1568399741273547,加速度计,0.0581,10.2801,0.0287,,,,,,,
1568399751292297,加速度计,0.8380,5.3385,5.2660,,,,,,,
1568399745040005,陀螺仪,,,,,,,,-0.0413,-0.1377,-0.2065
1568399761311047,加速度计,0.8823,6.8492,9.8994,,,,,,,
1568399771329797,加速度计,-0.5531,2.9227,11.0678,,,,,,,
1568399765077505,陀螺仪,,,,,,,,-0.0876,-0.1615,-0.2158
1568399781348547,加速度计,0.5327,7.6758,3.8690,,,,,,,
1568399791367297,加速度计,0.3921,4.5969,5.3391,,,,,,,
1568399785115005,陀螺仪,,,,,,,,-0.0184,-0.1326,-0.1119
1568399801386047,加速度计,2.4475,8.1223,9.2237,,,,,,,
1568399805155526,陀螺仪,,,,,,,,-0.0361,-0.1280,-0.0730
1568399811411516,加速度计,-2.7066,4.1605,11.6442,,,,,,,
1568399821424953,加速度计,1.3910,8.0667,4.6310,,,,,,,
1568399825181516,陀螺仪,,,,,,,,0.0852,-0.0782,0.0321
1568399831432401,加速度计,0.1472,7.8452,0.7871,,,,,,,
1568399841440630,加速度计,-0.3932,5.3223,5.8855,,,,,,,
1568399851450057,加速度计,0.6339,6.8366,10.4770,,,,,,,
1568399845198911,陀螺仪,,,,,,,,-0.0397,-0.0944,0.0425
1568399861460734,加速度计,-1.1241,8.1822,10.3627,,,,,,,
1568399871473026,加速度计,0.9571,9.4960,0.5148,,,,,,,
1568399865221516,陀螺仪,,,,,,,,0.0108,-0.0541,0.1228
1568399881486984,加速度计,-1.1097,4.5478,10.8164,,,,,,,
1568399891502974,加速度计,0.5405,7.7500,7.7369,,,,,,,
1568399885250995,陀螺仪,,,,,,,,-0.0372,-0.0348,0.1384
1568399901521047,加速度计,0.7314,6.7020,7.0737,,,,,,,
1568399905288703,陀螺仪,,,,,,,,0.0101,-0.0121,0.1527
1568399911541203,加速度计,-1.0044,8.5335,4.6064,,,,,,,
1568399921563078,加速度计,-0.3053,7.7339,9.0800,,,,,,,
1568399931586620,加速度计,0.2245,6.3608,11.7489,,,,,,,
1568399925333703,陀螺仪,,,,,,,,-0.0161,-0.0312,0.1341
1568399941611464,加速度计,-1.0600,9.4565,5.3433,,,,,,,
1568399945384016,陀螺仪,,,,,,,,0.0481,-0.0217,0.1285
1568399951637193,加速度计,0.8775,7.5489,2.4810,,,,,,,
1568399961663755,加速度计,0.8200,6.8911,10.2346,,,,,,,
1568399965437453,陀螺仪,,,,,,,,0.0037,-0.0365,0.0698
1568399971690786,加速度计,-1.0804,6.8534,10.3896,,,,,,,
1568399981717870,加速度计,-1.2863,7.4083,7.9757,,,,,,,
1568399991741307,加速度计,1.5257,6.5817,4.2120,,,,,,,
1568399985488495,陀螺仪,,,,,,,,0.1008,-0.0265,0.0987
1568400001760578,加速度计,0.6626,7.7285,0.4304,,,,,,,
1568400011778964,加速度计,-1.8842,3.3932,12.1967,,,,,,,
1568400005526724,陀螺仪,,,,,,,,-0.0127,-0.0671,0.0445
1568400021797297,加速度计,-0.1772,9.6977,4.2306,,,,,,,
1568400025563391,陀螺仪,,,,,,,,0.0518,-0.0481,0.1152
1568400031815630,加速度计,2.5552,6.4823,6.8528,,,,,,,
1568400041833964,加速度计,-0.6399,6.1339,6.8229,,,,,,,
1568400051852297,加速度计,-0.6770,6.9677,8.1954,,,,,,,
1568400045600057,陀螺仪,,,,,,,,0.0242,-0.0091,0.0920
1568400061873964,加速度计,0.4705,6.1908,8.8460,,,,,,,
1568400065640109,陀螺仪,,,,,,,,0.0659,0.0150,0.1262
1568400071891984,加速度计,0.3112,8.5395,-1.7885,,,,,,,
1568400081907401,加速度计,-0.4130,5.5563,12.0626,,,,,,,
1568400085670943,陀螺仪,,,,,,,,-0.0391,-0.0292,0.0909
1568400091922818,加速度计,0.6494,7.2233,10.7530,,,,,,,
1568400101938234,加速度计,-1.0133,8.9639,7.8296,,,,,,,
1568400105702089,陀螺仪,,,,,,,,0.0095,-0.0316,0.0822
1568400111954016,加速度计,-0.7943,6.2710,15.1852,,,,,,,
1568400121970214,加速度计,1.1504,7.4633,-2.2009,,,,,,,
1568400131986828,加速度计,1.5514,6.1776,-2.0836,,,,,,,
1568400125734797,陀螺仪,,,,,,,,0.0477,-0.0306,0.0421
1568400142003859,加速度计,-0.6087,3.6577,15.4755,,,,,,,
1568400145769172,陀螺仪,,,,,,,,0.0013,-0.0614,-0.0141
1568400152021307,加速度计,0.6542,9.5319,9.1285,,,,,,,
1568400162039536,加速度计,1.1732,10.4914,1.4712,,,,,,,
1568400172058599,加速度计,1.2222,5.5677,8.2947,,,,,,,
1568400165806255,陀螺仪,,,,,,,,-0.0651,-0.0778,-0.0402
1568400182078130,加速度计,-0.1466,3.1053,14.8554,,,,,,,
1568400185845630,陀螺仪,,,,,,,,0.0305,-0.0276,-0.0217
1568400192098078,加速度计,-0.3160,10.3519,1.8938,,,,,,,
1568400202118443,加速度计,1.6053,8.3809,1.1528,,,,,,,
1568400205886672,陀螺仪,,,,,,,,-0.0987,-0.0621,-0.0084
1568400212139224,加速度计,0.6871,2.7839,12.0464,,,,,,,
1568400222160422,加速度计,-1.0050,7.5848,7.8853,,,,,,,
1568400225929068,陀螺仪,,,,,,,,0.0036,-0.0149,0.0398
1568400232181672,加速度计,1.3030,7.4819,12.6929,,,,,,,
1568400242202922,加速度计,1.4599,9.2943,4.0612,,,,,,,
1568400245971568,陀螺仪,,,,,,,,0.0471,0.0112,0.0682
1568400252224172,加速度计,0.5255,8.1463,7.1425,,,,,,,
1568400262245422,加速度计,0.6740,2.6779,3.8726,,,,,,,
1568400266013443,陀螺仪,,,,,,,,-0.0017,-0.0105,-0.0069
1568400272265943,加速度计,1.1241,4.0456,5.8927,,,,,,,
1568400282284536,加速度计,-0.9834,10.8362,3.0777,,,,,,,
1568400292302870,加速度计,0.6195,1.8507,13.5745,,,,,,,
1568400286050630,陀螺仪,,,,,,,,-0.0527,0.0092,0.0338
1568400302321203,加速度计,-0.0958,9.5529,9.5954,,,,,,,
1568400306096672,陀螺仪,,,,,,,,0.0712,0.0185,0.0742
1568400312356880,加速度计,-1.2228,8.8693,4.0606,,,,,,,
1568400322362766,加速度计,0.7685,4.5250,3.9145,,,,,,,
1568400326107245,陀螺仪,,,,,,,,0.0134,0.0073,0.0286
1568400332356411,加速度计,-0.7536,6.5960,6.0849,,,,,,,
1568400342351620,加速度计,-1.0241,6.9348,10.4052,,,,,,,
1568400346099536,陀螺仪,,,,,,,,0.0150,-0.0109,0.0678
1568400352349224,加速度计,-0.5207,7.6555,9.5409,,,,,,,
1568400362350057,加速度计,1.8471,9.8910,5.1128,,,,,,,
1568400366104328,陀螺仪,,,,,,,,0.0252,0.0048,0.0755
1568400372354953,加速度计,0.3807,7.1012,7.1024,,,,,,,
1568400382364016,加速度计,-0.2430,6.4386,5.8263,,,,,,,
1568400392377609,加速度计,1.0726,7.4262,4.8465,,,,,,,
1568400386125891,陀螺仪,,,,,,,,0.0198,0.0154,0.0281
1568400402395786,加速度计,0.5351,6.8127,7.5262,,,,,,,
1568400406165370,陀螺仪,,,,,,,,-0.0133,0.0136,0.0289
1568400412418182,加速度计,0.3950,7.8566,12.9568,,,,,,,
1568400422444745,加速度计,1.0247,9.5786,6.9180,,,,,,,
1568400426220995,陀螺仪,,,,,,,,0.0711,0.0543,0.0138
1568400432474745,加速度计,1.4784,5.4378,1.2989,,,,,,,
1568400442507714,加速度计,1.1289,7.2742,2.6540,,,,,,,
1568400458517867,GPS,,,,31.9426,118.7869,7.1600,73.6000,,,
1568400446288495,陀螺仪,,,,,,,,-0.0538,0.0129,-0.0518
1568400452542870,加速度计,0.1263,5.8006,7.5244,,,,,,,
1568400462579380,加速度计,-0.1951,6.5314,10.7907,,,,,,,
1568400466362141,陀螺仪,,,,,,,,-0.0361,0.0065,-0.0364
1568400472616776,加速度计,-1.5712,8.3600,9.9174,,,,,,,
1568400482654276,加速度计,2.3242,6.1046,6.4715,,,,,,,
1568400492677557,加速度计,0.7380,6.0627,2.6887,,,,,,,
1568400486424953,陀螺仪,,,,,,,,0.0056,0.0185,0.0044
1568400502696620,加速度计,-0.5405,6.5823,9.7157,,,,,,,
1568400512715370,加速度计,-0.3250,6.4991,12.6109,,,,,,,
1568400506463078,陀螺仪,,,,,,,,-0.0158,0.0089,-0.0668
1568400522734120,加速度计,2.3331,6.5050,3.6613,,,,,,,
1568400526500578,陀螺仪,,,,,,,,0.0630,0.0105,-0.0312
1568400532752870,加速度计,-1.5395,7.0348,-0.0437,,,,,,,
1568400542771255,加速度计,1.0654,5.4935,3.6117,,,,,,,
1568400546537349,陀螺仪,,,,,,,,-0.1156,-0.0702,-0.1222
1568400552789589,加速度计,0.2167,4.9997,17.3562,,,,,,,
1568400562818391,加速度计,-0.8074,9.9066,10.1688,,,,,,,
1568400572829328,加速度计,-0.7536,6.6714,5.9262,,,,,,,
1568400566578859,陀螺仪,,,,,,,,0.0558,-0.0261,-0.0438
1568400582833859,加速度计,2.0315,5.4366,3.9014,,,,,,,
1568400592839172,加速度计,-0.8003,4.8650,3.7517,,,,,,,
1568400586588547,陀螺仪,,,,,,,,0.0192,-0.0344,-0.0639
1568400602845682,加速度计,1.8447,7.8697,5.0996,,,,,,,
1568400612853807,加速度计,-1.7047,7.5705,13.6805,,,,,,,
1568400606602818,陀螺仪,,,,,,,,-0.0546,-0.0989,-0.1083
1568400622863964,加速度计,0.7207,7.1832,12.9221,,,,,,,
1568400626666724,陀螺仪,,,,,,,,0.1043,-0.0426,-0.0103
1568400647538232,GPS,,,,31.9426,118.7870,5.3500,74.7000,,,
1568400632922505,加速度计,0.3214,8.2881,6.7804,,,,,,,
1568400642958703,加速度计,1.3844,10.1957,-0.8948,,,,,,,
1568400646725161,陀螺仪,,,,,,,,0.0133,-0.0779,-0.0711
1568400652977453,加速度计,2.5091,6.5080,-1.6520,,,,,,,
1568400662996203,加速度计,-1.8417,6.0759,12.8826,,,,,,,
1568400666762661,陀螺仪,,,,,,,,-0.0664,-0.0943,-0.1144
1568400673014953,加速度计,0.0323,6.9492,11.9836,,,,,,,
1568400683033703,加速度计,0.3424,7.2281,2.1679,,,,,,,
1568400686800057,陀螺仪,,,,,,,,0.0007,-0.0546,0.0170
1568400693052297,加速度计,2.1051,7.1700,3.5745,,,,,,,
1568400703070630,加速度计,-0.7632,7.0509,10.3579,,,,,,,
1568400706836724,陀螺仪,,,,,,,,-0.0682,-0.0461,-0.0057
1568400713088964,加速度计,-0.5495,7.0904,10.7649,,,,,,,
1568400723107297,加速度计,0.7464,9.1728,7.2730,,,,,,,
1568400726873391,陀螺仪,,,,,,,,-0.0091,-0.0330,0.0905
1568400733125630,加速度计,-0.3813,4.4460,4.7100,,,,,,,
1568400743143964,加速度计,-0.2382,3.1376,10.9259,,,,,,,
1568400746910057,陀螺仪,,,,,,,,0.0791,0.0071,0.1071
1568400753162297,加速度计,0.3867,10.1622,2.7174,,,,,,,
1568400763180630,加速度计,1.3725,8.9405,6.6301,,,,,,,
1568400766946724,陀螺仪,,,,,,,,-0.0123,-0.0313,0.0913
1568400773198964,加速度计,-1.1564,6.5308,11.3790,,,,,,,
1568400783217297,加速度计,0.0790,8.5108,0.1191,,,,,,,
1568400786983391,陀螺仪,,,,,,,,-0.0443,-0.0410,0.0905
1568400793235630,加速度计,1.0403,2.6671,8.3773,,,,,,,
1568400803253964,加速度计,-2.3858,5.5037,6.0184,,,,,,,
1568400807026151,陀螺仪,,,,,,,,-0.0439,-0.0225,0.1233
1568400813282453,加速度计,-0.4860,5.1547,11.9441,,,,,,,
1568400823295370,加速度计,0.0060,8.5515,7.8338,,,,,,,
1568400827056724,陀螺仪,,,,,,,,0.0956,0.0293,0.1775
1568400833308286,加速度计,-0.6297,8.2259,5.6551,,,,,,,
1568400843321620,加速度计,-0.1682,7.7069,5.5492,,,,,,,
1568400847083703,陀螺仪,,,,,,,,0.0274,0.0061,0.1318
1568400853335370,加速度计,0.6722,5.8359,2.7557,,,,,,,
1568400863349953,加速度计,-0.3136,8.1971,9.2440,,,,,,,
1568400873365370,加速度计,-0.6111,5.6874,11.9321,,,,,,,
1568400867113495,陀螺仪,,,,,,,,-0.0449,-0.0403,0.1169
1568400883381620,加速度计,-0.1083,7.6555,6.8396,,,,,,,
1568400893398703,加速度计,2.5253,10.2717,-1.6484,,,,,,,
1568400887146620,陀螺仪,,,,,,,,0.0878,0.0322,0.1696
1568400903416620,加速度计,1.7831,5.3121,5.2798,,,,,,,
1568400913435370,加速度计,-0.1915,8.2169,14.0354,,,,,,,
1568400907183078,陀螺仪,,,,,,,,-0.1097,-0.0188,0.0555
1568400923454953,加速度计,-0.0168,6.7499,9.9018,,,,,,,
1568400927222870,陀螺仪,,,,,,,,0.0356,0.0272,0.1056
1568400933475370,加速度计,1.6011,8.4886,5.4462,,,,,,,
1568400943496620,加速度计,0.1215,4.8435,3.0819,,,,,,,
1568400947265995,陀螺仪,,,,,,,,-0.0276,0.0278,0.0679
1568400953518703,加速度计,1.4246,4.9081,11.1666,,,,,,,
1568400963541203,加速度计,-0.6458,11.0385,6.7397,,,,,,,
1568400967311307,陀螺仪,,,,,,,,-0.0003,0.0249,0.0395
1568400973564120,加速度计,0.2951,8.2073,8.0990,,,,,,,
1568400983587036,加速度计,1.1468,4.6453,8.5072,,,,,,,
1568400987357141,陀螺仪,,,,,,,,0.0313,0.0506,0.0635
1568400993609953,加速度计,-1.8244,5.6258,8.0385,,,,,,,
1568401003632453,加速度计,0.8051,7.8865,5.0392,,,,,,,
1568401007404432,陀螺仪,,,,,,,,0.0848,0.0541,0.0736
1568401013655318,加速度计,1.4150,7.0856,3.0299,,,,,,,
1568401023666724,加速度计,2.0333,6.5876,0.5070,,,,,,,
1568401027486516,陀螺仪,,,,,,,,-0.1035,0.0144,-0.0145
1568401033750526,加速度计,-0.9697,2.9096,8.4809,,,,,,,
1568401043729693,加速度计,-0.5387,6.0094,13.9983,,,,,,,
1568401047420578,陀螺仪,,,,,,,,0.0261,0.0676,0.0852
1568401053662193,加速度计,0.4322,7.7608,12.8114,,,,,,,
1568401063600526,加速度计,0.6572,10.2412,-1.4407,,,,,,,
1568401067304068,陀螺仪,,,,,,,,0.0521,0.0992,0.0692
1568401073547714,加速度计,0.1233,6.7924,3.7882,,,,,,,
1568401083506359,加速度计,1.6460,4.1456,11.2755,,,,,,,
1568401087231464,陀螺仪,,,,,,,,-0.0280,0.0385,-0.0045
1568401093478339,加速度计,-0.8637,6.8193,6.8720,,,,,,,
1568401103476151,加速度计,0.4058,8.6161,6.9797,,,,,,,
1568401107304693,陀螺仪,,,,,,,,-0.0256,0.0262,0.0133
1568401113566047,加速度计,1.3449,5.7479,7.9607,,,,,,,
1568401123663859,加速度计,-0.3633,7.8380,8.9645,,,,,,,
1568401127503130,陀螺仪,,,,,,,,0.0115,0.0372,-0.0398
1568401133765891,加速度计,0.5429,9.1309,5.4181,,,,,,,
1568401143868755,加速度计,1.0319,6.1752,3.4919,,,,,,,
1568401147656984,陀螺仪,,,,,,,,-0.0818,-0.0033,-0.0883
1568401153911151,加速度计,0.9529,6.1980,8.7544,,,,,,,
1568401163931776,加速度计,-0.9212,4.9823,11.8220,,,,,,,
1568401167698234,陀螺仪,,,,,,,,0.0354,0.0471,-0.0364
1568401173950526,加速度计,0.3232,9.6247,8.4204,,,,,,,
1568401183969276,加速度计,2.1027,8.1098,5.4863,,,,,,,
1568401187735734,陀螺仪,,,,,,,,0.0626,0.0643,-0.0254
1568401193988026,加速度计,1.0014,5.9538,2.3128,,,,,,,
1568401204006776,加速度计,0.5225,8.7011,0.9427,,,,,,,
1568401214025526,加速度计,1.1726,6.1351,8.5856,,,,,,,
1568401207773234,陀螺仪,,,,,,,,-0.1015,0.0101,-0.1025
1568401224044276,加速度计,-1.0151,5.8885,12.6097,,,,,,,
1568401227810734,陀螺仪,,,,,,,,-0.0190,0.0782,-0.0399
1568401234063026,加速度计,-2.0925,6.9623,9.0758,,,,,,,
1568401244081776,加速度计,2.5881,7.2293,8.9651,,,,,,,
1568401247848234,陀螺仪,,,,,,,,0.0292,0.0687,0.0435
1568401254100526,加速度计,0.2005,5.1984,7.9194,,,,,,,
1568401264119276,加速度计,0.6500,7.9948,1.8411,,,,,,,
1568401274137661,加速度计,0.6129,6.7193,4.7285,,,,,,,
1568401267885422,陀螺仪,,,,,,,,0.0585,0.0699,-0.0611
1568401284162193,加速度计,-0.2029,4.5873,8.3725,,,,,,,
1568401287929224,陀螺仪,,,,,,,,0.0265,0.0258,-0.0919
1568401294179432,加速度计,-0.8859,7.5854,8.0296,,,,,,,
1568401304181828,加速度计,0.4262,8.6981,6.6038,,,,,,,
1568401314185266,加速度计,-0.5106,5.9658,9.7546,,,,,,,
1568401307934849,陀螺仪,,,,,,,,-0.0089,-0.0193,-0.1011
1568401324190266,加速度计,1.3838,7.9619,5.1541,,,,,,,
1568401327946359,陀螺仪,,,,,,,,0.0256,-0.0229,-0.1071
1568401334197245,加速度计,0.0605,6.3596,9.3494,,,,,,,
1568401344206620,加速度计,-0.8894,5.5528,8.7670,,,,,,,
1568401347967245,陀螺仪,,,,,,,,0.0878,-0.0073,-0.0919
1568401354218807,加速度计,0.6674,5.4971,8.0978,,,,,,,
1568401364233911,加速度计,2.0069,10.4824,0.5405,,,,,,,
1568401367999641,陀螺仪,,,,,,,,0.0538,-0.0419,-0.1266
1568401374251932,加速度计,0.4645,6.0142,7.0330,,,,,,,
1568401384272870,加速度计,-0.7476,8.1768,9.8342,,,,,,,
1568401394296411,加速度计,0.3472,8.7191,4.5903,,,,,,,
1568401388043443,陀螺仪,,,,,,,,0.0434,-0.0530,-0.1402
1568401404322141,加速度计,1.2893,6.4895,11.8040,,,,,,,
1568401408096203,陀螺仪,,,,,,,,0.0137,-0.0605,-0.0826
1568401414349641,加速度计,-0.0563,7.8799,4.0606,,,,,,,
1568401424378495,加速度计,1.0672,7.7417,4.8548,,,,,,,
1568401434408286,加速度计,0.7512,6.9743,8.0224,,,,,,,
1568401428154589,陀螺仪,,,,,,,,-0.0278,-0.0475,-0.0933
1568401444438599,加速度计,-0.4525,5.2960,6.3201,,,,,,,
1568401448215266,陀螺仪,,,,,,,,0.0157,-0.0123,-0.0361
1568401454469016,加速度计,1.4425,9.1512,2.6330,,,,,,,
1568401464492557,加速度计,-0.7009,5.8838,6.4428,,,,,,,
1568401468259641,陀螺仪,,,,,,,,-0.1127,-0.0486,-0.0237
1568401474511932,加速度计,0.5327,6.7654,9.5948,,,,,,,
1568401484530682,加速度计,-0.8230,7.4472,9.7779,,,,,,,
1568401494549432,加速度计,0.5854,6.9318,8.1062,,,,,,,
1568401488297141,陀螺仪,,,,,,,,-0.0264,-0.0107,0.0344
1568401504568182,加速度计,-0.5052,4.9027,6.4673,,,,,,,
1568401514586932,加速度计,-0.0305,6.5607,6.7600,,,,,,,
1568401508334641,陀螺仪,,,,,,,,0.0025,0.0051,0.0415
1568401524605682,加速度计,1.3838,6.0106,3.9361,,,,,,,
1568401528373443,陀螺仪,,,,,,,,-0.0266,-0.0200,0.0270
1568401534627036,加速度计,-0.6979,5.9352,7.9829,,,,,,,
1568401544643807,加速度计,-0.5584,8.1744,7.7261,,,,,,,
1568401548405891,陀螺仪,,,,,,,,-0.0045,0.0047,0.0338
1568401554657557,加速度计,0.2328,7.2568,7.8715,,,,,,,
1568401564671307,加速度计,0.4752,5.0673,4.6035,,,,,,,
1568401568433703,陀螺仪,,,,,,,,-0.0398,-0.0337,0.0566
1568401574685422,加速度计,0.1347,6.2177,6.5912,,,,,,,
1568401584699953,加速度计,-1.4964,6.9204,6.5942,,,,,,,
1568401594715266,加速度计,1.1247,6.5751,11.7053,,,,,,,
1568401588463391,陀螺仪,,,,,,,,-0.0345,-0.0076,0.0571
1568401604731411,加速度计,-0.9583,7.7698,11.1193,,,,,,,
1568401614748391,加速度计,-0.3531,7.1994,0.2610,,,,,,,
1568401608496307,陀螺仪,,,,,,,,0.0779,0.0253,0.1009
1568401624773911,加速度计,0.3244,6.0226,3.0059,,,,,,,
1568401634810266,加速度计,0.7979,8.1020,9.4691,,,,,,,
1568401628557401,陀螺仪,,,,,,,,-0.0466,-0.0281,0.0648
1568401648570107,GPS,,,,31.9427,118.7870,4.9600,75.2000,,,
1568401644830161,加速度计,0.1317,7.0402,13.3058,,,,,,,
1568401648596620,陀螺仪,,,,,,,,0.0527,0.0364,0.1023
1568401654848911,加速度计,-0.6584,8.6856,2.8030,,,,,,,
1568401664867661,加速度计,1.7855,7.1904,7.2874,,,,,,,
1568401668634120,陀螺仪,,,,,,,,-0.0218,0.0099,0.1232
1568401674886411,加速度计,0.5962,4.6962,8.5754,,,,,,,
1568401684905161,加速度计,0.1832,11.2581,1.8800,,,,,,,
1568401688671620,陀螺仪,,,,,,,,-0.0087,0.0358,0.0903
1568401694923911,加速度计,1.9237,7.6782,8.1630,,,,,,,
1568401704942349,加速度计,0.6740,4.7914,5.1517,,,,,,,
1568401708708443,陀螺仪,,,,,,,,-0.0182,0.0750,0.0555
1568401714960682,加速度计,-0.2161,6.2285,6.6032,,,,,,,
1568401724979016,加速度计,0.4357,8.9238,5.1487,,,,,,,
1568401728745109,陀螺仪,,,,,,,,-0.0826,0.0370,0.0352
1568401734997349,加速度计,-0.6177,5.1942,13.1789,,,,,,,
1568401745015682,加速度计,-0.2274,9.2566,6.1609,,,,,,,
1568401748781776,陀螺仪,,,,,,,,-0.0115,0.0461,0.0467
1568401755034016,加速度计,0.3801,5.5037,6.8372,,,,,,,
1568401765052349,加速度计,0.2502,4.8920,5.9496,,,,,,,
1568401768818443,陀螺仪,,,,,,,,0.0145,0.0349,0.0170
1568401775070682,加速度计,-0.0287,6.2142,10.7835,,,,,,,
1568401785090630,加速度计,-0.2310,9.2386,6.8426,,,,,,,
1568401788858547,陀螺仪,,,,,,,,0.0695,0.0216,0.0012
1568401795111047,加速度计,2.0877,6.7253,2.6444,,,,,,,
1568401805129380,加速度计,0.8505,6.4655,3.1292,,,,,,,
1568401808895474,陀螺仪,,,,,,,,-0.0648,-0.0360,-0.0924
1568401815147714,加速度计,-0.4908,5.0440,9.9820,,,,,,,
1568401825166047,加速度计,0.1269,6.3237,7.4537,,,,,,,
1568401828932141,陀螺仪,,,,,,,,-0.0200,-0.0293,-0.0485
1568401835184380,加速度计,0.1724,6.5912,10.5399,,,,,,,
1568401845202714,加速度计,-0.6416,7.4663,11.3132,,,,,,,
1568401848968807,陀螺仪,,,,,,,,0.0647,-0.0052,-0.0097
1568401855221047,加速度计,0.5243,5.8311,11.0887,,,,,,,
1568401865239380,加速度计,2.0417,7.9990,0.6692,,,,,,,
1568401869005474,陀螺仪,,,,,,,,0.0900,-0.0527,-0.0599
1568401875257714,加速度计,0.6901,8.6592,5.2397,,,,,,,
1568401885276047,加速度计,-1.2420,4.2874,10.2460,,,,,,,
1568401889042141,陀螺仪,,,,,,,,0.0867,-0.0069,-0.0738
1568401895294380,加速度计,0.0371,9.6851,6.3446,,,,,,,
1568401905312714,加速度计,0.1311,10.0700,8.9974,,,,,,,
1568401915331047,加速度计,2.5875,5.4037,2.2057,,,,,,,
1568401909078807,陀螺仪,,,,,,,,0.0763,-0.0350,-0.0316
1568401925349380,加速度计,2.1189,6.8929,3.3196,,,,,,,
1568401929115474,陀螺仪,,,,,,,,-0.0039,-0.0289,-0.0915
1568401935367714,加速度计,-2.0285,8.2732,5.1493,,,,,,,
1568401945386047,加速度计,0.6488,7.0060,10.3017,,,,,,,
1568401949152141,陀螺仪,,,,,,,,-0.0304,-0.0250,-0.0341
1568401955404380,加速度计,0.6021,6.7636,14.1318,,,,,,,
1568401965422714,加速度计,-0.4914,7.3999,6.3225,,,,,,,
1568401969188807,陀螺仪,,,,,,,,0.1004,0.0398,0.0541
1568401975441047,加速度计,-0.9176,8.1786,2.0614,,,,,,,
1568401985459380,加速度计,3.9259,7.2880,5.1332,,,,,,,
1568401995477714,加速度计,0.4932,8.1756,7.8925,,,,,,,
1568401989225474,陀螺仪,,,,,,,,-0.0413,0.0013,0.0071
1568402005496047,加速度计,-2.8623,7.3933,12.5971,,,,,,,
1568402009262141,陀螺仪,,,,,,,,0.0316,0.0479,0.0362
1568402015514380,加速度计,1.0786,6.5727,7.8620,,,,,,,
1568402025532714,加速度计,-0.3573,5.5462,2.8515,,,,,,,
1568402029306203,陀螺仪,,,,,,,,0.0119,0.0566,0.0870
1568402035564797,加速度计,-0.4675,7.5052,0.1712,,,,,,,
1568402045580266,加速度计,0.6404,4.3730,3.7727,,,,,,,
1568402049336099,陀螺仪,,,,,,,,-0.1089,0.0200,0.0535
1568402055586880,加速度计,1.5574,7.3107,8.1535,,,,,,,
1568402065594276,加速度计,-1.6999,3.5560,9.6905,,,,,,,
1568402069351828,陀螺仪,,,,,,,,-0.0566,0.0775,0.1091
1568402075602870,加速度计,-0.3472,7.2161,5.8221,,,,,,,
1568402085613078,加速度计,-0.1263,5.3301,8.8071,,,,,,,
1568402089373495,陀螺仪,,,,,,,,-0.0286,0.1132,0.1625
1568402095624953,加速度计,-0.6207,5.8173,2.5738,,,,,,,
1568402105638859,加速度计,1.1893,9.1435,4.8465,,,,,,,
1568402109402870,陀螺仪,,,,,,,,-0.1462,0.0720,0.1052
1568402115654849,加速度计,-1.5796,5.8311,16.5733,,,,,,,
1568402125672922,加速度计,-0.0808,7.8243,6.9570,,,,,,,
1568402129440578,陀螺仪,,,,,,,,-0.0093,0.1096,0.1270
1568402135693078,加速度计,0.3226,9.3242,5.1104,,,,,,,
1568402145715318,加速度计,0.1706,3.3363,10.6991,,,,,,,
1568402149486307,陀螺仪,,,,,,,,-0.0581,0.0719,0.0644
1568402155739276,加速度计,-0.5878,7.7081,9.3344,,,,,,,
1568402165764536,加速度计,-0.6967,8.0074,10.9553,,,,,,,
1568402169537766,陀螺仪,,,,,,,,0.0599,0.0634,0.0158
1568402175791047,加速度计,1.5903,8.3234,0.8793,,,,,,,
1568402185818443,加速度计,0.8469,5.2068,2.9371,,,,,,,
1568402189592870,陀螺仪,,,,,,,,-0.0696,-0.0165,-0.1101
1568402195846307,加速度计,0.7452,4.6238,10.2478,,,,,,,
1568402205874224,加速度计,-0.1389,7.5998,9.9461,,,,,,,
1568402209643703,陀螺仪,,,,,,,,0.0646,0.0109,-0.1228
1568402215896307,加速度计,0.4202,8.7083,7.7159,,,,,,,
1568402225915370,加速度计,2.0141,7.0407,0.1401,,,,,,,
1568402235934120,加速度计,0.8039,6.1878,1.5862,,,,,,,
1568402229681828,陀螺仪,,,,,,,,0.0225,0.0103,-0.1344
1568402245952870,加速度计,2.3499,5.2397,4.3341,,,,,,,
1568402249719328,陀螺仪,,,,,,,,-0.1144,-0.0190,-0.1676
1568402255971620,加速度计,0.2723,7.7788,10.3094,,,,,,,
1568402265990370,加速度计,-0.9260,7.9859,19.7492,,,,,,,
1568402276009120,加速度计,0.1018,6.2303,12.3331,,,,,,,
1568402269756828,陀螺仪,,,,,,,,0.0230,0.0666,-0.0134
1568402286033182,加速度计,2.8383,10.6231,-5.2996,,,,,,,
1568402289794901,陀螺仪,,,,,,,,0.0513,0.0782,-0.0049
1568402296046516,加速度计,1.9555,5.5779,3.1975,,,,,,,
1568402306059849,加速度计,1.3066,4.7058,6.1208,,,,,,,
1568402309821932,陀螺仪,,,,,,,,-0.0317,0.0838,-0.1079
1568402316073599,加速度计,-0.8452,9.0046,12.3481,,,,,,,
1568402326087766,加速度计,-0.0628,8.2378,7.5896,,,,,,,
1568402329850578,陀螺仪,,,,,,,,0.0380,0.0611,-0.0487
1568402336102349,加速度计,1.3611,4.6035,8.1403,,,,,,,
1568402346117766,加速度计,0.1538,7.5537,0.7278,,,,,,,
1568402349882036,陀螺仪,,,,,,,,-0.0099,0.0372,-0.1019
1568402356134016,加速度计,0.1909,5.0877,7.0605,,,,,,,
1568402366151099,加速度计,-0.3585,7.2119,10.4327,,,,,,,
1568402369916828,陀螺仪,,,,,,,,0.0165,0.0252,-0.1073
1568402376169016,加速度计,-0.9936,7.6076,11.9237,,,,,,,
1568402386187766,加速度计,0.1365,5.6683,8.6371,,,,,,,
1568402389954953,陀螺仪,,,,,,,,0.1385,0.0545,-0.0401
1568402396207349,加速度计,0.1544,7.1826,3.5907,,,,,,,
1568402406227766,加速度计,1.4593,7.8374,4.5155,,,,,,,
1568402409996411,陀螺仪,,,,,,,,0.0613,0.0205,-0.1229
1568402416249016,加速度计,0.8003,10.1478,3.9905,,,,,,,
1568402426270682,加速度计,-0.4411,6.3303,11.9704,,,,,,,
1568402430040057,陀螺仪,,,,,,,,0.0276,-0.0080,-0.1574
1568402436292766,加速度计,-0.8954,9.1566,5.7922,,,,,,,
1568402446315266,加速度计,0.4627,6.0771,5.4384,,,,,,,
1568402450085005,陀螺仪,,,,,,,,-0.0218,-0.0220,-0.1623
1568402456337766,加速度计,0.5573,4.5280,4.1067,,,,,,,
1568402466360266,加速度计,0.8039,8.6850,8.1295,,,,,,,
1568402476382766,加速度计,0.1867,8.2079,9.8192,,,,,,,
1568402470130005,陀螺仪,,,,,,,,-0.0426,-0.0551,-0.1723
1568402486401932,加速度计,-0.7961,4.9662,11.2557,,,,,,,
1568402490168391,陀螺仪,,,,,,,,0.0585,-0.0125,-0.1419
1568402496420682,加速度计,1.1139,5.9490,6.0861,,,,,,,
1568402506439432,加速度计,2.0022,9.5277,2.4756,,,,,,,
1568402510205891,陀螺仪,,,,,,,,-0.0164,-0.0558,-0.1723
1568402516458182,加速度计,-0.1556,4.8279,5.2176,,,,,,,
1568402526476932,加速度计,-0.9290,8.5682,7.5094,,,,,,,
1568402530260161,陀螺仪,,,,,,,,-0.0491,-0.0722,-0.1675
1568402536522401,加速度计,0.3250,5.1451,9.9653,,,,,,,
1568402546514068,加速度计,-0.1490,6.8504,4.0366,,,,,,,
1568402556506568,加速度计,-0.7428,7.3921,6.9534,,,,,,,
1568402550257557,陀螺仪,,,,,,,,-0.0136,-0.0374,-0.0835
1568402566501151,加速度计,0.6548,5.8478,11.7184,,,,,,,
1568402570249016,陀螺仪,,,,,,,,0.0205,-0.0233,-0.0181
1568402576498651,加速度计,1.4832,7.4867,4.7297,,,,,,,
1568402586499484,加速度计,0.0521,5.7317,3.5835,,,,,,,
1568402590252453,陀螺仪,,,,,,,,-0.0663,-0.0324,-0.0414
1568402596505370,加速度计,1.5125,6.3871,3.9726,,,,,,,
1568402606552609,加速度计,-0.6488,5.3690,13.3650,,,,,,,
1568402610346099,陀螺仪,,,,,,,,-0.0105,0.0108,0.0142
1568402616602297,加速度计,-0.2676,7.2395,8.3875,,,,,,,
1568402626672141,加速度计,-1.8417,8.8310,2.8850,,,,,,,
1568402636082085,GPS,,,,31.9427,118.7871,5.9200,75.1000,,,
1568402630431307,陀螺仪,,,,,,,,-0.0041,0.0063,0.0193
1568402636682557,加速度计,2.5624,8.2157,6.3416,,,,,,,
1568402646692974,加速度计,-1.4144,3.3806,10.5800,,,,,,,
1568402650452505,陀螺仪,,,,,,,,-0.0027,-0.0160,-0.0158
1568402656703807,加速度计,-0.5201,10.1269,7.6195,,,,,,,
1568402666715474,加速度计,-0.0449,5.3774,7.9290,,,,,,,
1568402670476464,陀螺仪,,,,,,,,0.0224,-0.0393,-0.0035
1568402676727974,加速度计,1.0924,7.8614,7.6118,,,,,,,
1568402686741724,加速度计,-0.9714,5.8885,6.0448,,,,,,,
1568402696756724,加速度计,0.6704,10.4513,2.3882,,,,,,,
1568402690504901,陀螺仪,,,,,,,,0.0883,-0.0250,-0.0511
1568402706773391,加速度计,1.3707,5.1805,13.5296,,,,,,,
1568402710539484,陀螺仪,,,,,,,,0.0233,-0.0679,-0.0422
1568402716791724,加速度计,-0.0850,8.8681,7.2006,,,,,,,
1568402726811307,加速度计,1.1049,9.3308,4.1503,,,,,,,
1568402730579589,陀螺仪,,,,,,,,0.0120,-0.0607,-0.0688
1568402736832141,加速度计,1.2073,5.7317,4.2539,,,,,,,
1568402746854224,加速度计,0.7494,5.2307,7.2957,,,,,,,
1568402750624328,陀螺仪,,,,,,,,-0.0003,-0.0380,-0.0788
1568402756877141,加速度计,-1.1714,7.8620,7.0665,,,,,,,
1568402766900891,加速度计,1.9471,8.1846,7.8135,,,,,,,
1568402770672089,陀螺仪,,,,,,,,0.0065,-0.0485,-0.0345
1568402776925057,加速度计,0.3106,6.3051,8.1541,,,,,,,
1568402786949641,加速度计,0.8015,8.2708,4.3814,,,,,,,
1568402790721203,陀螺仪,,,,,,,,0.0068,-0.0301,-0.0668
1568402796974224,加速度计,-1.1426,5.7006,5.4396,,,,,,,
1568402806998807,加速度计,0.6865,7.2449,7.8231,,,,,,,
1568402810766724,陀螺仪,,,,,,,,-0.0425,-0.0647,-0.0418
1568402817019224,加速度计,0.1431,5.4893,11.6628,,,,,,,
1568402827037974,加速度计,0.8152,8.2738,5.6605,,,,,,,
1568402830804432,陀螺仪,,,,,,,,0.0527,-0.0328,-0.0081
1568402837056724,加速度计,0.1933,6.5068,6.8271,,,,,,,
1568402847077922,加速度计,0.1867,6.8690,1.0965,,,,,,,
1568402857094536,加速度计,0.3047,6.2614,6.7798,,,,,,,
1568402850842818,陀螺仪,,,,,,,,-0.0317,-0.0490,-0.0517
1568402867108703,加速度计,-0.6093,5.6701,13.5943,,,,,,,
1568402870871151,陀螺仪,,,,,,,,-0.0113,-0.0414,0.0083
1568402877122870,加速度计,-0.5315,7.5854,7.1168,,,,,,,
1568402887137401,加速度计,0.1413,5.9951,4.8758,,,,,,,
1568402890900526,陀螺仪,,,,,,,,0.0202,-0.0258,0.0354
1568402897152349,加速度计,0.2161,7.5220,0.7859,,,,,,,
1568402907168078,加速度计,-0.8104,4.9692,10.3759,,,,,,,
1568402917184641,加速度计,-0.8051,8.0780,11.9124,,,,,,,
1568402910932609,陀螺仪,,,,,,,,-0.0501,-0.0621,0.0166
1568402927202036,加速度计,0.9655,8.4970,9.7809,,,,,,,
1568402930968026,陀螺仪,,,,,,,,0.0502,-0.0445,0.0615
1568402937220266,加速度计,0.6758,7.2107,0.0766,,,,,,,
1568402947239328,加速度计,-0.2089,5.8227,4.2689,,,,,,,
1568402951006776,陀螺仪,,,,,,,,-0.0762,-0.0883,-0.0208
1568402957259224,加速度计,-0.1730,5.5851,8.2289,,,,,,,
1568402967279589,加速度计,0.3172,8.4174,12.1865,,,,,,,
1568402971047818,陀螺仪,,,,,,,,0.0184,-0.0643,0.0166
1568402977300370,加速度计,0.2574,7.2227,5.5324,,,,,,,
1568402987321568,加速度计,1.0002,8.9214,2.6468,,,,,,,
1568402991090526,陀螺仪,,,,,,,,-0.0403,-0.0748,-0.0278
1568402997343182,加速度计,1.4455,5.2295,8.6724,,,,,,,
1568403007364849,加速度计,0.2550,8.0667,8.5210,,,,,,,
1568403017386516,加速度计,-0.4669,6.9109,2.0440,,,,,,,
1568403011133859,陀螺仪,,,,,,,,-0.0017,-0.0469,-0.0381
1568403027408182,加速度计,1.6819,6.8564,5.5162,,,,,,,
1568403031177193,陀螺仪,,,,,,,,-0.1423,-0.0979,-0.0213
1568403037429849,加速度计,-0.3196,4.6418,15.4989,,,,,,,
1568403047449693,加速度计,-1.7795,7.9260,12.7192,,,,,,,
1568403051216255,陀螺仪,,,,,,,,0.0839,-0.0265,0.0633
1568403057468547,加速度计,2.4517,10.3112,3.8415,,,,,,,
1568403067486932,加速度计,1.2671,5.7784,2.7587,,,,,,,
1568403077505266,加速度计,-0.5465,4.3173,3.2256,,,,,,,
1568403071253026,陀螺仪,,,,,,,,-0.0064,-0.0447,-0.0266
1568403087523599,加速度计,-0.4615,5.4265,10.0838,,,,,,,
1568403091297974,陀螺仪,,,,,,,,-0.0158,-0.0798,-0.0021
1568403097557974,加速度计,-0.6482,9.0321,8.4132,,,,,,,
1568403107564953,加速度计,0.3950,6.6469,11.1725,,,,,,,
1568403111309797,陀螺仪,,,,,,,,0.0979,-0.0249,0.0523
1568403117559016,加速度计,0.6608,7.7835,0.8559,,,,,,,
1568403127554641,加速度计,1.5730,5.9544,2.7288,,,,,,,
1568403131302922,陀螺仪,,,,,,,,-0.0445,-0.0807,-0.0100
1568403137552661,加速度计,-1.2444,5.9334,8.2289,,,,,,,
1568403147553911,加速度计,-0.7368,6.5164,8.7370,,,,,,,
1568403151308234,陀螺仪,,,,,,,,-0.0232,-0.0646,0.0698
1568403157558859,加速度计,-0.0838,8.5635,11.5580,,,,,,,
1568403167567922,加速度计,-0.2274,5.8101,6.8348,,,,,,,
1568403177581516,加速度计,-0.3843,7.7201,6.7002,,,,,,,
1568403171329797,陀螺仪,,,,,,,,0.0843,-0.0237,0.0925
1568403187599693,加速度计,0.0850,7.2347,3.1789,,,,,,,
1568403197622089,加速度计,0.5680,7.9104,3.0358,,,,,,,
1568403191369276,陀螺仪,,,,,,,,0.0326,-0.0622,0.0742
1568403207648286,加速度计,-0.2436,6.9049,10.8386,,,,,,,
1568403217677870,加速度计,-0.1077,7.8650,9.6624,,,,,,,
1568403211424172,陀螺仪,,,,,,,,-0.0435,-0.0658,0.0835
1568403227710422,加速度计,0.6937,7.0336,8.7317,,,,,,,
1568403237745161,加速度计,1.2348,7.8464,3.2417,,,,,,,
1568403231490839,陀螺仪,,,,,,,,0.0723,-0.0176,0.1282
1568403247781620,加速度计,1.8645,6.9420,7.2802,,,,,,,
1568403257819016,加速度计,-0.6063,8.4755,10.1023,,,,,,,
1568403251564380,陀螺仪,,,,,,,,-0.0298,-0.0501,0.0916
1568403267856516,加速度计,-0.8865,8.3163,11.7262,,,,,,,
1568403271627193,陀螺仪,,,,,,,,0.0636,0.0164,0.0993
1568403277879797,加速度计,1.4275,7.0970,8.1181,,,,,,,
1568403287898859,加速度计,0.3789,5.5162,-3.2406,,,,,,,
1568403297917609,加速度计,0.0437,6.0615,0.7518,,,,,,,
1568403291665318,陀螺仪,,,,,,,,0.0455,0.0181,0.0719
1568403307936359,加速度计,-0.1287,7.5567,9.4840,,,,,,,
1568403311702505,陀螺仪,,,,,,,,-0.0960,-0.0336,0.0672
1568403317954745,加速度计,-0.8188,6.9222,17.3035,,,,,,,
1568403327973078,加速度计,0.5596,9.6055,7.5723,,,,,,,
1568403337991411,加速度计,1.3641,5.5162,2.6594,,,,,,,
1568403331739172,陀螺仪,,,,,,,,0.0820,0.0467,0.1487
1568403348017974,加速度计,0.9469,4.5849,3.3411,,,,,,,
1568403351780161,陀螺仪,,,,,,,,-0.0120,0.0113,0.0638
1568403358031047,加速度计,-1.0840,5.7856,6.5559,,,,,,,
1568403368038911,加速度计,-0.2203,7.3735,8.6796,,,,,,,
1568403371796516,陀螺仪,,,,,,,,0.0144,0.0168,0.0759
1568403378047557,加速度计,0.2538,7.1814,6.4284,,,,,,,
1568403388057036,加速度计,1.5945,6.9899,1.6843,,,,,,,
1568403398067714,加速度计,-0.8595,4.2270,7.2012,,,,,,,
1568403391816411,陀螺仪,,,,,,,,-0.0771,-0.0144,0.0478
1568403408080005,加速度计,-0.6919,8.2863,8.1313,,,,,,,
1568403411842245,陀螺仪,,,,,,,,-0.0601,0.0125,0.0547
1568403418093964,加速度计,1.4515,7.2502,9.3416,,,,,,,
1568403428109953,加速度计,-0.3412,7.8799,5.8149,,,,,,,
1568403438128026,加速度计,-1.3437,4.4514,8.9034,,,,,,,
1568403431875786,陀螺仪,,,,,,,,-0.0691,0.0216,0.0465
1568403448147818,加速度计,1.2923,5.2313,13.3782,,,,,,,
1568403451916620,陀螺仪,,,,,,,,0.0236,-0.0061,0.0827
1568403458169276,加速度计,0.1850,8.7664,7.4633,,,,,,,
1568403468192401,加速度计,0.0904,7.9218,3.3291,,,,,,,
1568403471963807,陀螺仪,,,,,,,,0.0350,-0.0121,0.0100
1568403478216828,加速度计,0.2047,7.9069,4.5442,,,,,,,
1568403488242141,加速度计,0.8643,7.0204,6.6942,,,,,,,
1568403492015057,陀螺仪,,,,,,,,-0.0712,-0.0682,-0.0270
1568403498268286,加速度计,0.0233,5.5007,12.6492,,,,,,,
1568403508294901,加速度计,0.1024,9.5451,6.0059,,,,,,,
1568403512068286,陀螺仪,,,,,,,,0.0269,-0.0313,0.0060
1568403518321568,加速度计,2.4493,8.1259,2.4606,,,,,,,
1568403528347141,加速度计,0.2185,5.3061,12.0955,,,,,,,
1568403538366359,加速度计,1.4730,7.9990,4.4167,,,,,,,
1568403532114120,陀螺仪,,,,,,,,0.0409,0.0051,-0.0304
1568403548384693,加速度计,0.2945,6.6978,4.4622,,,,,,,
1568403552150786,陀螺仪,,,,,,,,0.0004,-0.0170,-0.0216
1568403558403026,加速度计,0.1754,4.5155,3.4494,,,,,,,
1568403568421359,加速度计,1.6891,6.8337,5.6258,,,,,,,
1568403578439693,加速度计,-0.8793,8.0840,7.1928,,,,,,,
1568403572187453,陀螺仪,,,,,,,,-0.0574,-0.0185,-0.0063
1568403588458026,加速度计,-0.4830,8.4162,13.8223,,,,,,,
1568403592225370,陀螺仪,,,,,,,,0.0089,0.0123,0.0333
1568403598479172,加速度计,2.0357,7.2550,8.7406,,,,,,,
1568403608497505,加速度计,-0.3041,8.5952,0.7703,,,,,,,
1568403612263599,陀螺仪,,,,,,,,-0.0571,-0.0286,-0.0369
1568403618515839,加速度计,-1.1576,2.7180,3.5051,,,,,,,
1568403639755054,GPS,,,,31.9427,118.7871,4.2600,75.7000,,,
1568403628538182,加速度计,0.4130,5.2996,4.5645,,,,,,,
1568403632301359,陀螺仪,,,,,,,,-0.0132,0.0320,0.0369
1568403638553182,加速度计,0.4872,7.2323,5.2619,,,,,,,
1568403648568182,加速度计,0.5052,7.4304,10.2442,,,,,,,
1568403652331359,陀螺仪,,,,,,,,-0.1128,-0.0192,0.0220
1568403658583234,加速度计,0.5064,6.0424,8.5940,,,,,,,
1568403668598703,加速度计,0.6626,5.7820,3.3495,,,,,,,
1568403672362609,陀螺仪,,,,,,,,-0.0687,0.0017,0.0230
1568403678614589,加速度计,-0.6500,7.0665,-1.1863,,,,,,,
1568403688630891,加速度计,-0.5249,4.3167,9.0698,,,,,,,
1568403692395526,陀螺仪,,,,,,,,-0.2374,-0.0360,0.0429
1568403698647609,加速度计,-0.2478,6.3045,12.6360,,,,,,,
1568403708664797,加速度计,0.4369,9.1195,18.5664,,,,,,,
1568403712430526,陀螺仪,,,,,,,,-0.0218,0.0100,0.1145
1568403718682818,加速度计,0.2376,7.7285,13.0257,,,,,,,
1568403728701620,加速度计,0.0527,7.5100,9.7049,,,,,,,
1568403732468443,陀螺仪,,,,,,,,0.1909,0.0168,0.0719
1568403738720839,加速度计,-0.1365,9.6139,6.1190,,,,,,,
1568403748740474,加速度计,0.4962,8.6305,11.0750,,,,,,,
1568403752508026,陀螺仪,,,,,,,,0.1407,-0.0539,0.0225
1568403758760526,加速度计,-0.6470,7.6207,8.7538,,,,,,,
1568403768780995,加速度计,-0.5501,7.4352,-2.1763,,,,,,,
1568403772549276,陀螺仪,,,,,,,,0.1537,-0.0499,0.0225
1568403778801880,加速度计,1.9339,4.7675,-0.4758,,,,,,,
1568403792591776,陀螺仪,,,,,,,,-0.0119,-0.0531,0.0380
1568403788823130,加速度计,-0.1634,5.4187,2.2051,,,,,,,
1568403798844380,加速度计,0.6835,8.0104,8.0403,,,,,,,
1568403812634276,陀螺仪,,,,,,,,-0.0099,0.0391,0.1063
1568403808865630,加速度计,-0.4214,8.0050,6.9719,,,,,,,
1568403818886880,加速度计,1.0235,4.5167,4.7232,,,,,,,
1568403832675526,陀螺仪,,,,,,,,-0.0387,0.0565,0.1577
1568403828907974,加速度计,0.6584,4.6597,0.8571,,,,,,,
1568403838928651,加速度计,0.8062,4.1288,5.7904,,,,,,,
1568403848975578,加速度计,0.3316,7.2502,8.6724,,,,,,,
1568403852716516,陀螺仪,,,,,,,,0.0061,0.1168,0.1537
1568403858965161,加速度计,0.7470,11.7513,6.4655,,,,,,,
1568403868955578,加速度计,0.4322,10.3328,8.8633,,,,,,,
1568403872699068,陀螺仪,,,,,,,,-0.0979,0.0594,0.1081
1568403878948078,加速度计,0.5561,8.7801,10.3172,,,,,,,
1568403888943495,加速度计,-0.0221,7.0036,9.9258,,,,,,,
1568403898942661,加速度计,0.7003,9.3518,3.3411,,,,,,,
1568403892692818,陀螺仪,,,,,,,,-0.0768,0.0559,0.0664
1568403908946411,加速度计,-0.0054,4.1743,9.7983,,,,,,,
1568403918955161,加速度计,0.1604,2.0524,6.8354,,,,,,,
1568403912704120,陀螺仪,,,,,,,,-0.1610,0.0523,0.0301
1568403928968911,加速度计,-1.0457,6.4643,8.6526,,,,,,,
1568403932735370,陀螺仪,,,,,,,,-0.0844,0.0422,0.0555
1568403938987661,加速度计,-0.3334,4.5562,10.5471,,,,,,,
1568403949011411,加速度计,0.4238,7.1718,9.3697,,,,,,,
1568403952786255,陀螺仪,,,,,,,,0.0650,0.0473,0.0678
1568403959039745,加速度计,0.2023,8.1924,6.2291,,,,,,,
1568403969071828,加速度计,-0.9607,5.4564,6.8624,,,,,,,
1568403972852870,陀螺仪,,,,,,,,0.0513,0.0449,0.0538
1568403979107245,加速度计,-0.2017,6.4596,10.7488,,,,,,,
1568403989145161,加速度计,0.9780,7.2203,3.7816,,,,,,,
1568403999184745,加速度计,0.1077,7.9398,3.7697,,,,,,,
1568403992929849,陀螺仪,,,,,,,,0.1262,0.0846,0.1015
1568404009225161,加速度计,-0.2640,7.0503,7.6788,,,,,,,
1568404019264745,加速度计,0.7859,8.1385,8.3175,,,,,,,
1568404013009849,陀螺仪,,,,,,,,0.0607,0.0843,0.0936
1568404029283495,加速度计,1.5006,9.3170,1.5766,,,,,,,
1568404039302245,加速度计,0.5435,8.1558,5.4731,,,,,,,
1568404033049953,陀螺仪,,,,,,,,0.0454,0.0852,0.0667
1568404049320995,加速度计,0.4705,5.0937,10.0568,,,,,,,
1568404059339745,加速度计,1.7107,7.9739,9.3314,,,,,,,
1568404053087453,陀螺仪,,,,,,,,0.0265,0.1229,0.0298
1568404069358078,加速度计,0.8152,7.1682,7.1844,,,,,,,
1568404073124172,陀螺仪,,,,,,,,0.0719,0.1212,0.0204
1568404079376411,加速度计,-0.2532,7.0964,10.8445,,,,,,,
1568404089400214,加速度计,2.4852,7.3161,3.6559,,,,,,,
1568404093193234,陀螺仪,,,,,,,,0.1362,0.1309,-0.0458
1568404099453391,加速度计,0.9625,7.6405,1.0295,,,,,,,
1568404109432974,加速度计,-0.4447,6.3602,7.4220,,,,,,,
1568404113166255,陀螺仪,,,,,,,,-0.0410,0.0674,-0.1105
1568404119413807,加速度计,0.2245,6.5703,11.6286,,,,,,,
1568404129397557,加速度计,1.3743,10.2059,4.5220,,,,,,,
1568404139385474,加速度计,0.1826,6.8540,3.4123,,,,,,,
1568404133137036,陀螺仪,,,,,,,,0.0003,0.0636,-0.1032
1568404149378391,加速度计,-0.4735,3.9468,12.4882,,,,,,,
1568404159377141,加速度计,1.0888,8.2797,6.7810,,,,,,,
1568404153127349,陀螺仪,,,,,,,,0.0125,0.0812,-0.1075
1568404169382557,加速度计,1.1881,9.5349,9.5295,,,,,,,
1568404173143182,陀螺仪,,,,,,,,0.0394,0.0782,-0.0599
1568404179394641,加速度计,-0.6656,6.2680,7.7249,,,,,,,
1568404189413391,加速度计,0.2843,5.9598,2.5223,,,,,,,
1568404199438807,加速度计,2.0608,7.7135,-0.3621,,,,,,,
1568404193185682,陀螺仪,,,,,,,,0.0744,0.1220,-0.0726
1568404209470057,加速度计,0.2346,5.5911,8.0355,,,,,,,
1568404213252193,陀螺仪,,,,,,,,-0.0867,0.0735,-0.0858
1568404219506724,加速度计,-0.8733,6.7385,11.0241,,,,,,,
1568404229547557,加速度计,0.8469,8.5042,7.9745,,,,,,,
1568404233336255,陀螺仪,,,,,,,,-0.0153,0.0747,-0.1189
1568404239591724,加速度计,0.9403,5.7904,-1.5820,,,,,,,
1568404249637974,加速度计,0.7661,3.2483,20.2939,,,,,,,
1568404253429224,陀螺仪,,,,,,,,-0.0546,-0.0304,-0.2791
1568404259685057,加速度计,-0.8499,6.2968,10.3890,,,,,,,
1568404269732141,加速度计,1.6658,8.4593,5.5085,,,,,,,
1568404279751307,加速度计,-0.3891,7.4645,7.3628,,,,,,,
1568404273498964,陀螺仪,,,,,,,,0.0559,-0.0961,-0.4027
1568404289770057,加速度计,0.5447,1.9573,10.0120,,,,,,,
1568404293536516,陀螺仪,,,,,,,,0.1121,-0.1545,-0.4389
1568404299788807,加速度计,2.6139,8.5425,2.9694,,,,,,,
1568404309807557,加速度计,1.3354,8.5407,1.8112,,,,,,,
1568404313574016,陀螺仪,,,,,,,,-0.0446,-0.2224,-0.4854
1568404319826307,加速度计,1.2414,4.9141,10.0957,,,,,,,
1568404329849328,加速度计,0.9427,9.3972,6.6188,,,,,,,
1568404339859328,加速度计,0.9996,7.8817,6.9180,,,,,,,
1568404333608130,陀螺仪,,,,,,,,-0.0216,-0.1611,-0.3661
1568404349882714,加速度计,1.8567,5.5534,12.4828,,,,,,,
1568404353648807,陀螺仪,,,,,,,,0.0149,-0.1105,-0.2276
1568404359901047,加速度计,-0.2927,6.9659,7.7321,,,,,,,
1568404369919380,加速度计,1.8154,7.5399,-0.6003,,,,,,,
1568404373685474,陀螺仪,,,,,,,,0.0248,-0.0840,-0.1377
1568404379937714,加速度计,-0.5620,6.8007,4.4472,,,,,,,
1568404389956047,加速度计,0.6135,5.7976,8.5353,,,,,,,
1568404393722141,陀螺仪,,,,,,,,-0.0394,-0.0738,-0.0551
1568404399974380,加速度计,-1.8334,8.8585,10.0963,,,,,,,
1568404409992714,加速度计,0.4429,10.3376,4.3676,,,,,,,
1568404413758807,陀螺仪,,,,,,,,-0.0439,-0.0675,0.0373
1568404420011047,加速度计,-0.0198,4.0205,8.5718,,,,,,,
1568404430029380,加速度计,-0.3998,9.5062,1.4790,,,,,,,
1568404433795474,陀螺仪,,,,,,,,-0.0601,-0.0250,0.0285
1568404440047714,加速度计,-1.0235,5.0153,6.2830,,,,,,,
1568404450066047,加速度计,-1.4449,6.2746,9.8749,,,,,,,
1568404453832141,陀螺仪,,,,,,,,-0.0332,-0.0236,0.1180
1568404460084380,加速度计,0.4286,6.6116,8.2863,,,,,,,
1568404470102714,加速度计,-0.3615,6.7002,3.0137,,,,,,,
1568404473868807,陀螺仪,,,,,,,,-0.0419,-0.0369,0.0953
1568404480121047,加速度计,-0.6746,4.0845,5.8125,,,,,,,
1568404490139380,加速度计,-0.1143,8.1002,8.0762,,,,,,,
1568404493905474,陀螺仪,,,,,,,,-0.0501,-0.0545,0.1096
1568404500157714,加速度计,-1.0116,7.8290,9.5786,,,,,,,
1568404510176047,加速度计,-1.9519,7.4681,12.5863,,,,,,,
1568404513942141,陀螺仪,,,,,,,,0.0161,-0.0477,0.1225
1568404520194380,加速度计,-0.2915,7.7883,6.9097,,,,,,,
1568404530212714,加速度计,0.2131,5.5366,3.7739,,,,,,,
1568404533978807,陀螺仪,,,,,,,,0.0256,-0.0868,0.0864
1568404540231047,加速度计,-1.1935,5.7892,4.5526,,,,,,,
1568404550249380,加速度计,-0.7488,6.2770,8.1977,,,,,,,
1568404554015474,陀螺仪,,,,,,,,0.0154,-0.1084,0.1072
1568404560267714,加速度计,1.1624,8.3617,11.3168,,,,,,,
1568404570286047,加速度计,-0.5070,8.3510,4.1695,,,,,,,
1568404574052141,陀螺仪,,,,,,,,0.0286,-0.0928,0.1233
1568404580304380,加速度计,0.5004,6.7959,6.0011,,,,,,,
1568404590322870,加速度计,1.8711,5.1338,9.3691,,,,,,,
1568404594092245,陀螺仪,,,,,,,,0.0337,-0.0663,0.1618
1568404600345214,加速度计,0.4794,8.2253,2.0782,,,,,,,
1568404610368703,加速度计,0.2286,7.3442,8.8496,,,,,,,
1568404614135161,陀螺仪,,,,,,,,-0.0286,-0.0391,0.1353
1568404620387870,加速度计,-0.2963,6.7283,11.6484,,,,,,,
1568404639885783,GPS,,,,31.9427,118.7872,4.6600,76.1000,,,
1568404630409641,加速度计,2.5582,8.7101,9.4290,,,,,,,
1568404640422974,加速度计,-1.4413,7.0886,0.9110,,,,,,,
1568404634171359,陀螺仪,,,,,,,,0.1374,0.0096,0.1923
1568404650436464,加速度计,2.0411,5.7778,1.7286,,,,,,,
1568404654198651,陀螺仪,,,,,,,,-0.0571,-0.0453,0.1020
1568404660450370,加速度计,1.2390,7.9739,4.3874,,,,,,,
1568404670464693,加速度计,-1.2157,9.0196,11.6502,,,,,,,
1568404674227714,陀螺仪,,,,,,,,-0.0670,-0.0226,0.0961
1568404680479589,加速度计,-1.0816,6.9659,13.3614,,,,,,,
1568404690495318,加速度计,1.2941,7.2484,6.6206,,,,,,,
1568404694259797,陀螺仪,,,,,,,,0.0498,-0.0048,0.1372
1568404700511880,加速度计,0.3005,5.0637,-0.6081,,,,,,,
1568404710529276,加速度计,-0.3274,6.1597,0.3986,,,,,,,
1568404720547505,加速度计,1.0630,5.9304,10.6949,,,,,,,
1568404714295214,陀螺仪,,,,,,,,-0.1170,-0.0735,0.0636
1568404730566568,加速度计,-0.5991,6.2866,11.5454,,,,,,,
1568404734333964,陀螺仪,,,,,,,,-0.0531,-0.0111,0.1230
1568404740586464,加速度计,-0.1113,8.7029,11.5658,,,,,,,
1568404750607193,加速度计,0.7997,6.9055,5.7233,,,,,,,
1568404760628599,加速度计,1.1492,6.5206,6.4829,,,,,,,
1568404754375943,陀螺仪,,,,,,,,0.0553,0.0189,0.1706
1568404770650422,加速度计,0.0449,6.3955,-0.3202,,,,,,,
1568404774419901,陀螺仪,,,,,,,,-0.0415,-0.0003,0.1068
1568404780672661,加速度计,-0.0305,6.4428,8.0529,,,,,,,
1568404790695161,加速度计,0.6584,7.2107,11.2132,,,,,,,
1568404800717661,加速度计,-0.7596,5.8041,13.4381,,,,,,,
1568404794464901,陀螺仪,,,,,,,,-0.0565,0.0041,0.1561
1568404810740161,加速度计,-0.4064,7.4107,3.1993,,,,,,,
1568404814509068,陀螺仪,,,,,,,,0.0573,0.0206,0.1433
1568404820761411,加速度计,0.8230,6.2866,6.4302,,,,,,,
1568404830780422,加速度计,-0.0006,6.7409,3.3058,,,,,,,
1568404834548026,陀螺仪,,,,,,,,0.0027,0.0003,0.0924
1568404840800891,加速度计,0.1018,8.0613,7.6602,,,,,,,
1568404850824745,加速度计,0.4160,7.7452,11.1330,,,,,,,
1568404854584276,陀螺仪,,,,,,,,-0.0073,-0.0019,0.1045
1568404860835578,加速度计,0.5680,4.8285,8.6832,,,,,,,
1568404870846464,加速度计,1.5377,6.7594,7.3550,,,,,,,
1568404874606359,陀螺仪,,,,,,,,0.0947,0.0210,0.0923
1568404880857818,加速度计,-0.4597,7.0132,4.0103,,,,,,,
1568404890870005,加速度计,1.2468,8.7897,3.8517,,,,,,,
1568404894631359,陀螺仪,,,,,,,,0.0013,-0.0189,0.0490
1568404900883078,加速度计,1.6658,8.5988,10.5806,,,,,,,
1568404910897401,加速度计,-0.4004,9.1620,6.0555,,,,,,,
1568404914660943,陀螺仪,,,,,,,,-0.0048,0.0324,0.0537
1568404920912974,加速度计,0.8607,3.5279,7.9817,,,,,,,
1568404930929797,加速度计,0.8565,9.0561,-0.5291,,,,,,,
1568404934695526,陀螺仪,,,,,,,,-0.0322,0.0441,0.0719
1568404940947870,加速度计,1.6293,4.8219,11.9596,,,,,,,
1568404950967193,加速度计,-1.4114,8.2684,8.8226,,,,,,,
1568404954735109,陀螺仪,,,,,,,,0.0140,0.0722,0.0854
1568404960987766,加速度计,-0.4010,8.3438,8.3582,,,,,,,
1568404971009536,加速度计,1.3090,4.8973,5.0996,,,,,,,
1568404974779276,陀螺仪,,,,,,,,0.0262,0.0643,0.1258
1568404981032141,加速度计,0.5393,7.0258,3.5237,,,,,,,
1568404991055526,加速度计,-0.3932,6.3243,8.7257,,,,,,,
1568404994826359,陀螺仪,,,,,,,,0.0031,0.0752,0.0963
1568405001079328,加速度计,0.9188,7.8320,7.7219,,,,,,,
1568405011103495,加速度计,1.1444,6.3129,8.7227,,,,,,,
1568405014874693,陀螺仪,,,,,,,,0.0475,0.1164,0.1196
1568405021127661,加速度计,0.9487,7.0509,-0.4298,,,,,,,
1568405031151620,加速度计,-0.5513,5.9999,-0.9403,,,,,,,
1568405034921359,陀螺仪,,,,,,,,-0.1738,0.0707,0.0554
1568405041173651,加速度计,1.0570,5.8658,11.3503,,,,,,,
1568405051192401,加速度计,-2.4349,4.8471,24.4394,,,,,,,
1568405054958859,陀螺仪,,,,,,,,0.0634,0.1844,0.1767
1568405061211151,加速度计,-1.2869,10.4884,12.5013,,,,,,,
1568405071229901,加速度计,1.3509,10.0473,-2.7743,,,,,,,
1568405074996359,陀螺仪,,,,,,,,0.0823,0.1374,0.1916
1568405081248651,加速度计,2.0261,3.5135,-1.6514,,,,,,,
1568405091267922,加速度计,-1.4114,3.1729,8.7742,,,,,,,
1568405095052766,陀螺仪,,,,,,,,0.0224,0.1497,0.0778
1568405101302661,加速度计,0.5704,9.4433,9.5026,,,,,,,
1568405111302297,加速度计,-0.1957,9.3799,4.4035,,,,,,,
1568405115052349,陀螺仪,,,,,,,,-0.0313,0.1181,0.1097
1568405121302453,加速度计,-1.3994,7.5040,13.5063,,,,,,,
1568405131303964,加速度计,1.2677,5.4552,8.1379,,,,,,,
1568405135056932,陀螺仪,,,,,,,,0.0964,0.1664,0.0622
1568405141307609,加速度计,1.6741,8.5826,1.0947,,,,,,,
1568405151313807,加速度计,-1.3001,5.4199,8.0050,,,,,,,
1568405155071516,陀螺仪,,,,,,,,0.0115,0.1214,0.0168
1568405161322974,加速度计,0.4417,7.2748,9.5241,,,,,,,
1568405171335474,加速度计,1.6161,8.7783,6.6337,,,,,,,
1568405175099016,陀螺仪,,,,,,,,0.0043,0.1172,-0.0023
1568405181351307,加速度计,-0.8691,5.9807,7.0832,,,,,,,
1568405191370474,加速度计,1.5083,5.2074,7.5561,,,,,,,
1568405195139849,陀螺仪,,,,,,,,0.0826,0.1459,-0.0562
1568405201392922,加速度计,0.2562,8.5629,0.2723,,,,,,,
1568405211418234,加速度计,-0.7554,9.5505,3.2926,,,,,,,
1568405215192349,陀螺仪,,,,,,,,-0.1000,0.0607,-0.1049
1568405221445995,加速度计,1.4443,7.7207,15.7305,,,,,,,
1568405231475786,加速度计,0.1377,6.1435,8.4982,,,,,,,
1568405235253182,陀螺仪,,,,,,,,0.0128,0.0921,-0.1178
1568405241507141,加速度计,1.4958,6.9791,3.6990,,,,,,,
1568405251539276,加速度计,0.3705,4.8123,7.0048,,,,,,,
1568405255317766,陀螺仪,,,,,,,,0.0224,0.0730,-0.1786
1568405261571776,加速度计,1.6322,6.7098,10.1652,,,,,,,
1568405271602766,加速度计,0.3579,7.5160,5.3606,,,,,,,
1568405275370682,陀螺仪,,,,,,,,0.0356,0.0174,-0.2292
1568405281622974,加速度计,0.7596,8.5910,1.6975,,,,,,,
1568405291641724,加速度计,0.2478,2.8407,8.1151,,,,,,,
1568405295408182,陀螺仪,,,,,,,,-0.0385,-0.0138,-0.2698
1568405301660474,加速度计,0.5118,7.6070,8.2247,,,,,,,
1568405311679224,加速度计,1.4736,8.3199,8.7867,,,,,,,
1568405315445682,陀螺仪,,,,,,,,-0.0013,-0.0276,-0.2445
1568405321697922,加速度计,1.7933,6.0394,8.2768,,,,,,,
1568405331716255,加速度计,0.1550,6.6888,4.7782,,,,,,,
1568405335482349,陀螺仪,,,,,,,,0.0053,-0.0290,-0.2778
1568405341734797,加速度计,0.8757,6.5912,8.2953,,,,,,,
1568405351756307,加速度计,0.6746,5.6952,9.6732,,,,,,,
1568405355520214,陀螺仪,,,,,,,,0.0447,-0.0413,-0.2533
1568405361772141,加速度计,0.0880,9.6343,5.6000,,,,,,,
1568405371787974,加速度计,-0.1203,5.5492,3.6500,,,,,,,
1568405375551880,陀螺仪,,,,,,,,-0.0052,-0.0591,-0.2507
1568405381803807,加速度计,2.4702,7.3969,7.6106,,,,,,,
1568405391819745,加速度计,-2.7402,4.3227,9.1518,,,,,,,
1568405395584068,陀螺仪,,,,,,,,0.0498,-0.0341,-0.1866
1568405401836099,加速度计,0.6428,10.1119,8.5802,,,,,,,
1568405411852870,加速度计,1.3539,8.3085,3.8612,,,,,,,
1568405415617922,陀螺仪,,,,,,,,0.0272,-0.0348,-0.1116
1568405421870057,加速度计,0.1784,7.9069,3.5721,,,,,,,
1568405431887661,加速度计,-0.0652,4.8022,8.2923,,,,,,,
1568405435653443,陀螺仪,,,,,,,,-0.0385,-0.0402,-0.0878
1568405441905682,加速度计,1.0523,5.4594,6.9570,,,,,,,
1568405451924120,加速度计,-0.6913,8.8131,5.7485,,,,,,,
1568405461942974,加速度计,0.5309,8.3929,7.9805,,,,,,,
1568405455690630,陀螺仪,,,,,,,,-0.0233,0.0156,0.0003
1568405471962245,加速度计,-0.0652,6.9240,8.1349,,,,,,,
1568405475729484,陀螺仪,,,,,,,,-0.0301,0.0256,0.0216
1568405481981932,加速度计,-0.0664,5.8071,9.8049,,,,,,,
1568405492002036,加速度计,0.1383,9.1093,4.9039,,,,,,,
1568405495770005,陀螺仪,,,,,,,,0.0060,0.0546,0.0336
1568405502022557,加速度计,-0.1616,5.2529,5.3319,,,,,,,
1568405512043391,加速度计,-1.3479,7.5292,6.8648,,,,,,,
1568405515811672,陀螺仪,,,,,,,,-0.0525,0.0012,0.0206
1568405522064224,加速度计,-1.1360,6.8025,7.7458,,,,,,,
1568405532085057,加速度计,-0.4992,2.6414,13.8702,,,,,,,
1568405535853339,陀螺仪,,,,,,,,0.0575,0.0158,0.0688
1568405542105891,加速度计,0.6746,11.0301,3.1927,,,,,,,
1568405552126724,加速度计,-1.3773,8.2971,8.6024,,,,,,,
1568405555894745,陀螺仪,,,,,,,,-0.0089,-0.0161,0.0220
1568405562147036,加速度计,-1.2923,4.8351,8.8125,,,,,,,
1568405572165786,加速度计,1.5993,6.9294,7.1359,,,,,,,
1568405582184536,加速度计,0.4028,8.2301,-0.7733,,,,,,,
1568405575932245,陀螺仪,,,,,,,,0.1164,-0.0112,0.0296
1568405592204745,加速度计,-0.4357,2.9766,4.4215,,,,,,,
1568405595991984,陀螺仪,,,,,,,,-0.0807,-0.0808,-0.0320
1568405602241099,加速度计,-0.7057,5.5785,13.7415,,,,,,,
1568405612234641,加速度计,0.5363,9.6295,4.7381,,,,,,,
1568405615979693,陀螺仪,,,,,,,,0.0376,-0.0599,0.0016
1568405622229016,加速度计,0.3789,7.8464,8.7143,,,,,,,
1568405641854168,GPS,,,,31.9427,118.7872,2.5300,73.9000,,,
1568405632230943,加速度计,0.7997,7.1293,4.8135,,,,,,,
1568405635986255,陀螺仪,,,,,,,,0.0230,-0.0634,-0.0551
1568405642237089,加速度计,0.6823,7.0509,6.2082,,,,,,,
1568405652245995,加速度计,-0.6883,7.3622,11.3946,,,,,,,
1568405656006255,陀螺仪,,,,,,,,0.0402,-0.0806,-0.0411
1568405662257818,加速度计,0.9900,6.8839,7.6842,,,,,,,
1568405672272818,加速度计,1.2127,7.7171,5.7461,,,,,,,
1568405676038755,陀螺仪,,,,,,,,0.0618,-0.0786,-0.0467
1568405682291151,加速度计,1.6233,6.9779,2.7312,,,,,,,
1568405692312557,加速度计,0.8194,6.7858,5.7443,,,,,,,
1568405696083755,陀螺仪,,,,,,,,-0.0246,-0.1035,-0.1028
1568405702336880,加速度计,-0.6865,6.5038,11.8974,,,,,,,
1568405712363859,加速度计,-0.0108,10.7212,2.6983,,,,,,,
1568405716139172,陀螺仪,,,,,,,,-0.0130,-0.0803,0.0045
1568405722392818,加速度计,1.6131,6.5356,5.5767,,,,,,,
1568405732423182,加速度计,1.1396,7.6178,8.4671,,,,,,,
1568405742454536,加速度计,0.5399,3.4913,10.0072,,,,,,,
1568405736200630,陀螺仪,,,,,,,,-0.0862,-0.0595,0.0104
1568405752486464,加速度计,-0.0042,8.9064,4.3934,,,,,,,
1568405756263547,陀螺仪,,,,,,,,-0.0096,-0.0025,0.0878
1568405762517245,加速度计,1.3240,7.1563,5.9268,,,,,,,
1568405772540214,加速度计,-0.2298,3.9732,6.9163,,,,,,,
1568405776306672,陀螺仪,,,,,,,,-0.0047,0.0382,0.0932
1568405782558964,加速度计,0.4681,10.2687,-0.1329,,,,,,,
1568405792577714,加速度计,0.0401,5.8891,9.7540,,,,,,,
1568405796344172,陀螺仪,,,,,,,,-0.1541,-0.0220,0.0859
1568405802596464,加速度计,-1.6370,3.9594,11.9267,,,,,,,
1568405812621620,加速度计,-0.5962,9.4355,8.6927,,,,,,,
1568405816380422,陀螺仪,,,,,,,,-0.0182,0.0302,0.1953
1568405822631620,加速度计,1.1785,7.4454,7.3113,,,,,,,
1568405832641724,加速度计,-1.0133,5.5881,14.8369,,,,,,,
1568405836400995,陀螺仪,,,,,,,,0.0587,0.0489,0.1710
1568405842652349,加速度计,1.2665,7.8985,8.5407,,,,,,,
1568405852663911,加速度计,-0.8236,5.3427,-5.7395,,,,,,,
1568405856425057,陀螺仪,,,,,,,,0.0119,-0.0088,0.0766
1568405862676724,加速度计,-0.0766,6.6080,-0.5567,,,,,,,
1568405872693182,加速度计,-0.4423,2.7916,10.8685,,,,,,,
1568405876484172,陀螺仪,,,,,,,,-0.1052,-0.0346,0.0218
1568405882738443,加速度计,-1.9387,5.1793,14.9159,,,,,,,
1568405892765109,加速度计,-0.8996,11.7466,7.6106,,,,,,,
1568405896531568,陀螺仪,,,,,,,,0.0527,0.0001,0.1633
1568405902783859,加速度计,0.8074,7.0904,5.5534,,,,,,,
1568405912802609,加速度计,1.2929,6.0968,4.8411,,,,,,,
1568405916569068,陀螺仪,,,,,,,,-0.0268,-0.0116,0.0599
1568405922821359,加速度计,-0.8458,6.8438,9.1895,,,,,,,
1568405932839901,加速度计,0.7673,5.4743,8.9531,,,,,,,
1568405936605995,陀螺仪,,,,,,,,0.0799,0.0186,0.0960
1568405942858234,加速度计,-0.4058,7.3544,4.3341,,,,,,,
1568405952876568,加速度计,0.3555,8.4102,7.3322,,,,,,,
1568405956642661,陀螺仪,,,,,,,,0.0373,-0.0048,0.0973
1568405962894901,加速度计,1.1726,6.8528,10.5363,,,,,,,
1568405972913234,加速度计,0.6985,8.4934,1.2785,,,,,,,
1568405976679328,陀螺仪,,,,,,,,0.0943,0.0144,0.0583
1568405982931568,加速度计,1.6843,8.3564,-3.1807,,,,,,,
1568405992949901,加速度计,2.5337,10.1359,-10.7212,,,,,,,
1568405996715995,陀螺仪,,,,,,,,-0.3527,-0.0786,-0.0475
1568406002968234,加速度计,-0.5806,-1.8447,37.9463,,,,,,,
1568406012986568,加速度计,-0.5100,11.2132,17.1868,,,,,,,
1568406016752661,陀螺仪,,,,,,,,0.1932,0.1237,0.1615
1568406023004901,加速度计,-0.5584,11.1690,-11.3641,,,,,,,
1568406033023234,加速度计,2.9832,-2.0470,26.4398,,,,,,,
1568406036789328,陀螺仪,,,,,,,,0.0403,0.1357,0.2591
1568406043041568,加速度计,-0.8296,10.9984,-7.0174,,,,,,,
1568406053060734,加速度计,2.0165,8.1062,12.5588,,,,,,,
1568406056830734,陀螺仪,,,,,,,,-0.0927,0.0901,0.0791
1568406063083130,加速度计,1.7424,9.1961,-1.9980,,,,,,,
1568406073102297,加速度计,-1.5802,5.3259,14.8560,,,,,,,
1568406083120839,加速度计,-1.5018,8.1792,6.2596,,,,,,,
1568406076868599,陀螺仪,,,,,,,,0.0293,0.1076,0.0726
1568406093139172,加速度计,1.0930,8.1642,2.5085,,,,,,,
1568406096905266,陀螺仪,,,,,,,,-0.0411,0.0545,0.0854
1568406103157505,加速度计,0.2340,3.0765,10.9289,,,,,,,
1568406113175839,加速度计,-1.6388,9.4254,6.1956,,,,,,,
1568406116943807,陀螺仪,,,,,,,,0.0395,0.1252,0.0896
1568406123196672,加速度计,1.1121,8.1487,4.1025,,,,,,,
1568406133222349,加速度计,0.9655,2.7348,11.4964,,,,,,,
1568406136975474,陀螺仪,,,,,,,,0.0021,0.1210,0.1180
1568406143225891,加速度计,-0.0587,4.1581,7.0581,,,,,,,
1568406153230057,加速度计,-0.9918,5.8047,10.6069,,,,,,,
1568406163235474,加速度计,0.2137,14.8800,-3.7547,,,,,,,
1568406156984745,陀螺仪,,,,,,,,0.1774,0.1731,0.0803
1568406173242766,加速度计,1.1564,3.8217,9.3529,,,,,,,
1568406183252141,加速度计,-0.0263,8.3899,8.5066,,,,,,,
1568406177000891,陀螺仪,,,,,,,,-0.0675,0.0651,-0.0044
1568406193263807,加速度计,-1.4706,9.1800,3.8140,,,,,,,
1568406197026099,陀螺仪,,,,,,,,-0.0907,0.0646,-0.0463
1568406203277974,加速度计,1.2959,5.0057,12.5330,,,,,,,
1568406213294641,加速度计,0.0449,5.5492,12.8012,,,,,,,
1568406223313807,加速度计,0.9050,5.2864,-0.6734,,,,,,,
1568406217061307,陀螺仪,,,,,,,,0.0674,0.1079,-0.0403
1568406233335474,加速度计,2.0177,6.6367,1.8088,,,,,,,
1568406243359432,加速度计,0.6470,8.7017,8.2277,,,,,,,
1568406237106359,陀螺仪,,,,,,,,-0.0374,0.0497,-0.1390
1568406253385266,加速度计,0.9726,6.1310,19.5487,,,,,,,
1568406257159276,陀螺仪,,,,,,,,0.0951,0.0774,-0.1322
1568406263412766,加速度计,-0.0431,9.1931,6.4189,,,,,,,
1568406273441516,加速度计,3.3525,7.7027,-1.0912,,,,,,,
1568406277217245,陀螺仪,,,,,,,,-0.0150,0.0310,-0.2084
1568406283470891,加速度计,1.0121,5.9789,0.3543,,,,,,,
1568406293500474,加速度计,0.4238,4.2605,9.9383,,,,,,,
1568406297275474,陀螺仪,,,,,,,,-0.0730,0.0057,-0.2349
1568406303528807,加速度计,-0.3358,8.5934,16.6870,,,,,,,
1568406313551724,加速度计,1.4581,10.2969,7.7027,,,,,,,
1568406317318182,陀螺仪,,,,,,,,0.0413,0.0652,-0.1630
1568406323570474,加速度计,1.1217,5.0763,-1.3443,,,,,,,
1568406333589224,加速度计,2.5289,4.8339,6.0861,,,,,,,
1568406337355682,陀螺仪,,,,,,,,-0.0828,0.0052,-0.2435
1568406343607974,加速度计,2.1051,5.7610,8.9022,,,,,,,
1568406353626724,加速度计,-0.6566,7.7027,9.5565,,,,,,,
1568406357393182,陀螺仪,,,,,,,,0.0043,0.0280,-0.2856
1568406363645474,加速度计,-0.9373,9.2045,8.3504,,,,,,,
1568406373665474,加速度计,2.6037,4.5484,8.0337,,,,,,,
1568406383685005,加速度计,0.3286,4.9063,3.2597,,,,,,,
1568406377433495,陀螺仪,,,,,,,,0.0169,-0.0024,-0.2577
1568406393697505,加速度计,-0.3962,7.8973,7.5567,,,,,,,
1568406403710266,加速度计,-0.7440,6.3392,12.9335,,,,,,,
1568406397458703,陀螺仪,,,,,,,,-0.0108,-0.0533,-0.3117
1568406413723443,加速度计,1.2121,6.7516,7.3496,,,,,,,
1568406423737297,加速度计,0.4196,8.7400,-1.9453,,,,,,,
1568406417485578,陀螺仪,,,,,,,,0.1024,-0.0389,-0.2404
1568406433751984,加速度计,1.2007,6.1531,2.8718,,,,,,,
1568406443767505,加速度计,-0.7075,3.0137,21.0546,,,,,,,
1568406437515578,陀螺仪,,,,,,,,-0.1008,-0.1097,-0.2830
1568406453784120,加速度计,-0.6482,9.0950,9.6097,,,,,,,
1568406457549745,陀螺仪,,,,,,,,0.2123,-0.0064,-0.1397
1568406463801984,加速度计,1.2396,10.1921,-6.4661,,,,,,,
1568406473821099,加速度计,1.3557,5.7263,0.8787,,,,,,,
1568406483841203,加速度计,-0.7745,2.4283,25.6060,,,,,,,
1568406477588703,陀螺仪,,,,,,,,-0.2326,-0.1332,-0.2153
1568406493862141,加速度计,-4.5238,9.0920,21.1929,,,,,,,
1568406497631203,陀螺仪,,,,,,,,0.3804,0.0413,-0.0776
1568406503883911,加速度计,1.4443,14.5693,-2.3302,,,,,,,
1568406513906255,加速度计,1.1690,4.0312,-8.5898,,,,,,,
1568406517676203,陀螺仪,,,,,,,,0.0252,-0.0810,-0.1362
1568406523929016,加速度计,1.6436,4.8530,-7.6674,,,,,,,
1568406533952193,加速度计,0.1754,6.4973,22.2601,,,,,,,
1568406537722661,陀螺仪,,,,,,,,-0.0834,-0.1461,-0.1546
1568406543975526,加速度计,-2.4086,7.7782,15.0302,,,,,,,
1568406553998859,加速度计,0.4375,10.4411,3.3112,,,,,,,
1568406557767453,陀螺仪,,,,,,,,0.0758,-0.0531,0.0190
1568406564019849,加速度计,1.3437,7.5292,-1.9579,,,,,,,
1568406574038911,加速度计,0.8332,5.0536,6.0897,,,,,,,
1568406577805370,陀螺仪,,,,,,,,-0.1325,-0.0965,-0.0545
1568406584057661,加速度计,-0.0664,4.2270,14.9039,,,,,,,
1568406594076411,加速度计,-0.2640,9.7875,8.8998,,,,,,,
1568406597842870,陀螺仪,,,,,,,,0.0792,0.0234,0.0676
1568406604095161,加速度计,0.5770,9.3877,5.8430,,,,,,,
1568406614113651,加速度计,0.9798,5.6156,1.7298,,,,,,,
1568406617882245,陀螺仪,,,,,,,,-0.0461,-0.0213,0.0320
1568406624135109,加速度计,1.2534,3.1687,4.7932,,,,,,,
1568406640131251,GPS,,,,31.9427,118.7872,1.1700,72.4000,,,
1568406634157557,加速度计,-0.8906,6.2237,7.5633,,,,,,,
1568406644159484,加速度计,-0.3065,10.8607,9.6343,,,,,,,
1568406637909276,陀螺仪,,,,,,,,-0.0465,-0.0467,-0.0008
1568406654162349,加速度计,0.2927,10.3561,7.0719,,,,,,,
1568406664166724,加速度计,-1.0804,6.0448,12.7360,,,,,,,
1568406657916151,陀螺仪,,,,,,,,-0.1270,-0.0558,-0.0140
1568406674173026,加速度计,0.4124,1.3563,5.8227,,,,,,,
1568406684181672,加速度计,-1.0379,5.7215,5.1457,,,,,,,
1568406677930526,陀螺仪,,,,,,,,-0.0009,-0.0088,0.0418
1568406694193078,加速度计,0.7332,7.6998,2.6228,,,,,,,
1568406697955526,陀螺仪,,,,,,,,-0.0474,-0.0337,0.0764
1568406704207401,加速度计,0.1538,6.3141,5.2152,,,,,,,
1568406714224641,加速度计,-1.8220,5.9472,8.8418,,,,,,,
1568406717992193,陀螺仪,,,,,,,,-0.0875,-0.0734,0.0389
1568406724244797,加速度计,0.6285,5.8089,8.6018,,,,,,,
1568406734267609,加速度计,-0.4890,6.5128,8.7544,,,,,,,
1568406738039693,陀螺仪,,,,,,,,-0.0286,-0.0270,0.1113
1568406744292922,加速度计,-0.2089,8.6030,6.4344,,,,,,,
1568406754320474,加速度计,-2.0153,5.8670,11.5885,,,,,,,
1568406758096151,陀螺仪,,,,,,,,0.0157,-0.0096,0.1405
1568406764349849,加速度计,0.4028,8.9274,7.6596,,,,,,,
1568406774380370,加速度计,0.6399,6.6906,9.1351,,,,,,,
1568406778157609,陀螺仪,,,,,,,,0.0389,-0.0395,0.1309
1568406784411464,加速度计,0.2819,5.4486,10.4100,,,,,,,
1568406794442714,加速度计,-0.4369,8.1307,2.4732,,,,,,,
1568406798215734,陀螺仪,,,,,,,,0.1068,-0.0316,0.0517
1568406804468495,加速度计,-0.0742,6.2800,1.4317,,,,,,,
1568406814488391,加速度计,-0.3292,6.7750,11.0127,,,,,,,
1568406824506724,加速度计,-0.7476,9.1500,10.3956,,,,,,,
1568406818254484,陀螺仪,,,,,,,,0.0330,-0.0996,0.0016
1568406834525057,加速度计,-0.2173,8.0924,2.8970,,,,,,,
1568406844543391,加速度计,1.3581,7.7219,6.3518,,,,,,,
1568406838291151,陀螺仪,,,,,,,,0.0451,-0.1182,0.0132
1568406854561724,加速度计,1.4006,6.0268,5.7958,,,,,,,
1568406858327818,陀螺仪,,,,,,,,0.0144,-0.1020,-0.0124
1568406864580057,加速度计,0.6446,5.2493,10.0006,,,,,,,
1568406874600474,加速度计,0.4854,10.5076,2.8736,,,,,,,
1568406878369016,陀螺仪,,,,,,,,0.0666,-0.0595,0.0089
1568406884620786,加速度计,1.7017,5.5432,3.2896,,,,,,,
1568406894635370,加速度计,1.2953,5.8646,2.1021,,,,,,,
1568406904649953,加速度计,-1.7867,7.8518,2.9257,,,,,,,
1568406898398182,陀螺仪,,,,,,,,-0.0344,-0.0671,-0.0202
1568406914664849,加速度计,1.9219,7.6579,12.7515,,,,,,,
1568406924680161,加速度计,1.0163,8.7460,9.9222,,,,,,,
1568406918428286,陀螺仪,,,,,,,,-0.1061,-0.0768,0.0470
1568406934695891,加速度计,-0.4501,8.1864,7.9793,,,,,,,
1568406938460318,陀螺仪,,,,,,,,-0.0434,-0.0130,0.0680
1568406944712349,加速度计,2.2278,6.2315,5.7748,,,,,,,
1568406954729641,加速度计,-0.2508,5.6725,7.3292,,,,,,,
1568406958495526,陀螺仪,,,,,,,,-0.0870,-0.0261,0.0766
1568406964747766,加速度计,-0.0293,4.1719,9.3404,,,,,,,
1568406974766724,加速度计,-0.9230,6.9959,8.5814,,,,,,,
1568406984786516,加速度计,1.6712,7.1204,6.9432,,,,,,,
1568406978534068,陀螺仪,,,,,,,,-0.0193,-0.0013,0.1269
1568406994806828,加速度计,0.2346,6.6828,4.5873,,,,,,,
1568406998575005,陀螺仪,,,,,,,,0.0039,0.0422,0.1146
1568407004827557,加速度计,-0.5698,8.0302,-0.4423,,,,,,,
1568407014848703,加速度计,-0.3250,3.8361,6.5655,,,,,,,
1568407018617609,陀螺仪,,,,,,,,-0.2045,-0.0226,0.1128
1568407024870266,加速度计,-0.6710,4.4921,14.5939,,,,,,,
1568407034891932,加速度计,-2.5235,7.1916,12.5881,,,,,,,
1568407038660943,陀螺仪,,,,,,,,0.0138,0.0622,0.2401
1568407044913599,加速度计,-0.7685,7.7554,5.9215,,,,,,,
1568407054935266,加速度计,1.3473,5.3433,0.9343,,,,,,,
1568407064956307,加速度计,-0.0754,4.6699,9.2362,,,,,,,
1568407058703755,陀螺仪,,,,,,,,0.0313,0.0832,0.2253
1568407074975578,加速度计,-0.0215,8.6808,5.7688,,,,,,,
1568407084994328,加速度计,-0.7679,7.6549,9.6816,,,,,,,
1568407078742036,陀螺仪,,,,,,,,-0.0020,0.0629,0.1754
1568407095013078,加速度计,0.5309,9.0285,8.7293,,,,,,,
1568407098779536,陀螺仪,,,,,,,,0.0128,0.0812,0.1611
1568407105031828,加速度计,-2.6372,6.9097,2.5349,,,,,,,
1568407115050578,加速度计,1.8387,5.7491,6.7271,,,,,,,
1568407118817557,陀螺仪,,,,,,,,-0.0393,0.0395,0.1602
1568407125069953,加速度计,0.8260,6.6188,12.5372,,,,,,,
1568407135088755,加速度计,0.7153,8.6850,7.9571,,,,,,,
1568407138853391,陀螺仪,,,,,,,,0.0916,0.1201,0.1342
1568407145105422,加速度计,1.0816,8.1971,4.9057,,,,,,,
1568407155122089,加速度计,1.0726,7.3334,6.8337,,,,,,,
1568407165138755,加速度计,0.8386,7.2149,8.2175,,,,,,,
1568407158886724,陀螺仪,,,,,,,,0.0200,0.0791,0.0775
1568407175155422,加速度计,-0.6602,5.3145,7.4059,,,,,,,
1568407185172401,加速度计,0.8188,8.0750,6.4685,,,,,,,
1568407178920318,陀螺仪,,,,,,,,0.0814,0.0836,0.0204
1568407195189797,加速度计,0.9104,7.8763,0.8302,,,,,,,
1568407198955422,陀螺仪,,,,,,,,0.0280,0.0827,-0.0138
1568407205207609,加速度计,0.3484,7.3706,2.7725,,,,,,,
1568407215225839,加速度计,0.5249,7.1898,8.8645,,,,,,,
1568407218992193,陀螺仪,,,,,,,,-0.0788,0.0435,-0.0376
1568407225244484,加速度计,1.5012,8.0595,10.1670,,,,,,,
1568407235263547,加速度计,0.7727,7.0054,9.7498,,,,,,,
1568407239030630,陀螺仪,,,,,,,,0.0494,0.1411,-0.0069
1568407245283026,加速度计,-0.7428,6.5505,7.4681,,,,,,,
1568407255302922,加速度计,4.0067,7.6734,8.1499,,,,,,,
1568407265322922,加速度计,-0.6560,3.8403,7.7153,,,,,,,
1568407259070474,陀螺仪,,,,,,,,0.0387,0.1019,-0.0134
1568407275342922,加速度计,0.6883,8.3234,5.8861,,,,,,,
1568407279110474,陀螺仪,,,,,,,,0.0988,0.1302,-0.0607
1568407285362922,加速度计,0.5656,9.4774,5.4713,,,,,,,
1568407295382922,加速度计,0.0311,5.0943,3.4506,,,,,,,
1568407299150474,陀螺仪,,,,,,,,0.0222,0.1131,-0.0811
1568407305402922,加速度计,0.1395,6.9168,0.8146,,,,,,,
1568407315422922,加速度计,2.7294,4.3551,0.0317,,,,,,,
1568407319190474,陀螺仪,,,,,,,,-0.1505,0.0643,-0.1348
1568407325442922,加速度计,-0.8374,5.0278,17.7386,,,,,,,
1568407335462609,加速度计,-1.1821,8.6431,14.2958,,,,,,,
1568407345481568,加速度计,0.5543,8.0715,8.9561,,,,,,,
1568407339229276,陀螺仪,,,,,,,,0.0065,0.0973,-0.0828
1568407355500318,加速度计,1.8818,7.4974,1.2139,,,,,,,
1568407365519068,加速度计,-2.1524,3.0071,2.1404,,,,,,,
1568407359266776,陀螺仪,,,,,,,,-0.0033,0.0558,-0.1832
1568407375544328,加速度计,-0.1155,4.7076,10.3603,,,,,,,
1568407379310891,陀螺仪,,,,,,,,-0.0040,-0.0272,-0.2583
1568407385560995,加速度计,0.5405,10.2322,12.6522,,,,,,,
1568407395562557,加速度计,1.2252,9.0471,7.8793,,,,,,,
1568407399314849,陀螺仪,,,,,,,,0.0562,-0.0607,-0.3377
1568407405565161,加速度计,1.4832,8.0122,3.8786,,,,,,,
1568407415569328,加速度计,-0.7889,5.4247,13.1932,,,,,,,
1568407419324693,陀螺仪,,,,,,,,0.0304,-0.1084,-0.3779
1568407425575474,加速度计,1.3940,7.4669,7.9063,,,,,,,
1568407435584016,加速度计,1.1295,10.1795,3.4626,,,,,,,
1568407439343911,陀螺仪,,,,,,,,0.0519,-0.1033,-0.3537
1568407445595370,加速度计,2.2978,7.6184,3.0071,,,,,,,
1568407455609641,加速度计,0.0060,4.5945,12.4283,,,,,,,
1568407465626828,加速度计,0.7895,5.7395,9.7654,,,,,,,
1568407459374641,陀螺仪,,,,,,,,0.0165,-0.0738,-0.2780
1568407475646932,加速度计,2.4205,8.4539,-1.9644,,,,,,,
1568407479417036,陀螺仪,,,,,,,,0.0461,-0.0430,-0.2024
1568407485669953,加速度计,1.0116,4.1168,5.9801,,,,,,,
1568407495695578,加速度计,-1.4868,7.3777,10.1706,,,,,,,
1568407505723391,加速度计,0.1915,9.4613,13.3004,,,,,,,
1568407499469901,陀螺仪,,,,,,,,0.0387,-0.0134,-0.1254
1568407515752974,加速度计,1.3246,9.8198,1.3815,,,,,,,
1568407519530057,陀螺仪,,,,,,,,0.0498,0.0170,-0.0804
1568407525783911,加速度计,-0.2693,3.4728,4.3096,,,,,,,
1568407535815474,加速度计,-0.7709,4.8195,6.8923,,,,,,,
1568407539605109,陀螺仪,,,,,,,,0.0360,0.0269,-0.0293
1568407545857297,加速度计,-1.1738,7.8326,7.8326,,,,,,,
1568407555875214,加速度计,0.0994,8.8957,7.2838,,,,,,,
1568407559640943,陀螺仪,,,,,,,,0.0345,0.0112,0.0127
1568407565893130,加速度计,-0.2185,6.0100,9.2955,,,,,,,
1568407575911047,加速度计,-0.2209,8.4240,3.3555,,,,,,,
1568407579676776,陀螺仪,,,,,,,,0.0258,0.0085,0.0001
1568407585928964,加速度计,-1.4970,6.3117,8.8190,,,,,,,
1568407595946880,加速度计,1.3641,6.8229,3.7948,,,,,,,
1568407599712609,陀螺仪,,,,,,,,-0.0192,0.0108,-0.0033
1568407605964797,加速度计,-1.8202,6.4272,4.1857,,,,,,,
1568407615982714,加速度计,1.0092,6.3363,11.3365,,,,,,,
1568407619748964,陀螺仪,,,,,,,,-0.0399,-0.0021,0.0196
1568407626002245,加速度计,-1.2001,7.4621,11.7867,,,,,,,
1568407641577552,GPS,,,,31.9427,118.7873,4.1800,74.8000,,,
1568407636025578,加速度计,-0.5776,7.4555,7.3568,,,,,,,
1568407639792036,陀螺仪,,,,,,,,0.0593,-0.0338,-0.0229
1568407646044328,加速度计,1.4096,5.4719,8.5449,,,,,,,
1568407656063078,加速度计,-0.8841,7.1281,-1.3408,,,,,,,
1568407659829536,陀螺仪,,,,,,,,0.0435,-0.0526,-0.0921
1568407666081828,加速度计,0.1293,9.5475,5.6096,,,,,,,
1568407676100578,加速度计,-1.9076,7.0683,8.3851,,,,,,,
1568407686119328,加速度计,3.0538,5.9813,18.2731,,,,,,,
1568407679867036,陀螺仪,,,,,,,,-0.0770,-0.1266,-0.0908
1568407696138078,加速度计,-0.6225,7.9613,7.1479,,,,,,,
1568407699904536,陀螺仪,,,,,,,,0.1202,-0.0389,-0.0883
1568407706156828,加速度计,1.2312,8.7053,-3.4465,,,,,,,
1568407716175578,加速度计,-0.4058,4.4921,4.0300,,,,,,,
1568407719942036,陀螺仪,,,,,,,,-0.0549,-0.0972,-0.1305
1568407726194328,加速度计,1.4904,5.3151,10.7063,,,,,,,
1568407736232818,加速度计,0.3891,8.8430,7.2077,,,,,,,
1568407739976047,陀螺仪,,,,,,,,0.0025,-0.0606,-0.0581
1568407746225109,加速度计,-0.6596,9.7857,7.7440,,,,,,,
1568407756218443,加速度计,2.8162,6.4057,13.0759,,,,,,,
1568407759964120,陀螺仪,,,,,,,,-0.0068,-0.0716,-0.0493
1568407766213755,加速度计,1.8124,4.4406,4.6723,,,,,,,
1568407776212089,加速度计,-2.5396,5.7634,4.7453,,,,,,,
1568407779963391,陀螺仪,,,,,,,,0.0141,-0.0581,-0.1120
1568407786213964,加速度计,0.7434,6.2764,2.4936,,,,,,,
1568407796220109,加速度计,1.2629,6.6679,7.1892,,,,,,,
1568407806230839,加速度计,-0.1359,9.1237,6.2620,,,,,,,
1568407799979120,陀螺仪,,,,,,,,-0.0523,-0.0726,-0.0762
1568407816246151,加速度计,-1.0463,6.3847,14.0534,,,,,,,
1568407820013182,陀螺仪,,,,,,,,-0.0119,-0.0586,-0.0875
1568407826266047,加速度计,1.2899,4.6418,6.3811,,,,,,,
1568407836290422,加速度计,0.6668,7.7758,-2.3266,,,,,,,
1568407840065005,陀螺仪,,,,,,,,-0.0579,-0.0846,-0.0702
1568407846318859,加速度计,-1.3030,5.3307,6.4907,,,,,,,
1568407856350839,加速度计,-0.2909,6.8845,9.8755,,,,,,,
1568407860131047,陀螺仪,,,,,,,,-0.0905,-0.0904,-0.0202
1568407866385526,加速度计,1.2905,7.4795,8.9358,,,,,,,
1568407876427036,加速度计,0.1155,7.0785,6.8833,,,,,,,
1568407880231516,陀螺仪,,,,,,,,-0.0445,-0.0475,-0.0016
1568407886489068,加速度计,-0.7877,5.6761,6.5326,,,,,,,
1568407896513078,加速度计,1.4335,6.8325,1.1199,,,,,,,
1568407900279536,陀螺仪,,,,,,,,-0.1125,-0.0707,0.0362
1568407906531828,加速度计,1.0983,5.5809,12.8886,,,,,,,
1568407916550578,加速度计,-2.6576,9.2793,7.9122,,,,,,,
1568407920317036,陀螺仪,,,,,,,,-0.0093,0.0101,0.0786
1568407926569328,加速度计,0.1018,8.2199,9.0884,,,,,,,
1568407936588078,加速度计,1.5431,6.7427,7.5340,,,,,,,
1568407940354536,陀螺仪,,,,,,,,-0.0233,-0.0246,0.0963
1568407946606828,加速度计,-0.8045,5.3876,2.5875,,,,,,,
1568407956625578,加速度计,0.3310,4.8590,7.9434,,,,,,,
1568407960392036,陀螺仪,,,,,,,,-0.0582,-0.0182,0.0782
1568407966644328,加速度计,-0.7781,8.0906,5.7892,,,,,,,
1568407976663078,加速度计,-0.0090,6.3746,11.6861,,,,,,,
1568407980429536,陀螺仪,,,,,,,,0.0107,0.0181,0.0923
1568407986681828,加速度计,0.4363,9.2015,4.3682,,,,,,,
1568407996700578,加速度计,-0.7679,5.3325,9.5211,,,,,,,
1568408006719328,加速度计,1.2216,5.6419,8.0601,,,,,,,
1568408000467036,陀螺仪,,,,,,,,0.0127,-0.0117,0.0792
1568408016738078,加速度计,-0.1808,7.8284,1.0421,,,,,,,
1568408020504536,陀螺仪,,,,,,,,0.0197,0.0048,0.0676
1568408026756828,加速度计,-0.0569,6.8115,5.4289,,,,,,,
1568408036775578,加速度计,1.2175,7.9092,8.7520,,,,,,,
1568408046794328,加速度计,0.4130,7.2622,13.4925,,,,,,,
1568408040542036,陀螺仪,,,,,,,,-0.0397,-0.0190,0.0513
1568408056813078,加速度计,0.3226,8.4551,7.8500,,,,,,,
1568408060579536,陀螺仪,,,,,,,,0.0953,0.0232,0.0008
1568408066831828,加速度计,0.5632,5.4336,4.8363,,,,,,,
1568408076850578,加速度计,-1.5125,7.9452,-0.2939,,,,,,,
1568408080617036,陀螺仪,,,,,,,,0.0421,-0.0174,-0.0004
1568408086869328,加速度计,1.6849,5.8203,7.5681,,,,,,,
1568408096888078,加速度计,0.8990,10.9642,8.0649,,,,,,,
1568408100654536,陀螺仪,,,,,,,,-0.0787,-0.0368,-0.0463
1568408106906828,加速度计,-0.6817,5.1697,10.6261,,,,,,,
1568408116925578,加速度计,1.8088,5.9239,5.1062,,,,,,,
1568408120697453,陀螺仪,,,,,,,,0.0011,-0.0229,-0.0652
1568408126953755,加速度计,-1.2049,4.9614,11.5843,,,,,,,
1568408136964745,加速度计,0.5495,6.1740,2.0375,,,,,,,
1568408140719484,陀螺仪,,,,,,,,0.0889,-0.0261,-0.0582
1568408146970109,加速度计,0.7655,9.3398,6.1268,,,,,,,
1568408156976255,加速度计,0.1107,6.7307,6.9552,,,,,,,
1568408166983599,加速度计,0.0880,8.2522,7.0850,,,,,,,
1568408160732714,陀螺仪,,,,,,,,0.0019,-0.0663,-0.0870
1568408176992557,加速度计,0.9158,6.5733,7.0354,,,,,,,
1568408187003547,加速度计,1.6472,5.8712,7.8751,,,,,,,
1568408180752193,陀螺仪,,,,,,,,-0.0376,-0.0977,-0.0939
1568408197016620,加速度计,-0.0497,6.3177,7.2987,,,,,,,
1568408200780214,陀螺仪,,,,,,,,0.0079,-0.0506,-0.1292
1568408207032141,加速度计,-0.6770,6.2351,8.0565,,,,,,,
1568408217050161,加速度计,1.1438,8.7185,6.3518,,,,,,,
1568408220818130,陀螺仪,,,,,,,,-0.0039,-0.1108,-0.0895
1568408227070682,加速度计,-0.8505,6.0100,10.2813,,,,,,,
1568408237093339,加速度计,0.1939,7.0312,0.2831,,,,,,,
1568408240865005,陀螺仪,,,,,,,,0.0044,-0.0936,-0.1072
1568408247118078,加速度计,0.4860,6.4781,9.9306,,,,,,,
1568408257144536,加速度计,0.8493,6.6457,11.4497,,,,,,,
1568408267172297,加速度计,0.2610,7.3849,7.4262,,,,,,,
1568408260918859,陀螺仪,,,,,,,,0.0455,-0.0839,-0.0627
1568408277200943,加速度计,0.1371,7.8398,2.7414,,,,,,,
1568408280976464,陀螺仪,,,,,,,,0.0194,-0.0875,-0.0594
1568408287230057,加速度计,0.2634,5.0105,7.6878,,,,,,,
1568408297259224,加速度计,0.1873,7.1808,5.0224,,,,,,,
1568408301029172,陀螺仪,,,,,,,,0.0021,-0.0682,-0.0011
1568408307281828,加速度计,-1.1163,7.3556,5.6521,,,,,,,
1568408317300943,加速度计,1.5718,8.1930,10.6680,,,,,,,
1568408321067401,陀螺仪,,,,,,,,0.0065,-0.0595,0.0296
1568408327319693,加速度计,-0.4250,6.5074,11.2001,,,,,,,
1568408337338443,加速度计,1.3910,8.9705,1.1953,,,,,,,
1568408341104901,陀螺仪,,,,,,,,0.0217,-0.0521,0.0265
1568408347357193,加速度计,-1.1456,6.0041,7.0402,,,,,,,
1568408357375943,加速度计,1.8621,8.0457,10.5141,,,,,,,
1568408367394693,加速度计,-0.4112,5.7736,9.7659,,,,,,,
1568408361142401,陀螺仪,,,,,,,,0.0043,-0.0289,0.0477
1568408377416984,加速度计,-0.5483,8.4803,1.7418,,,,,,,
1568408387431984,加速度计,1.4922,6.8247,4.7381,,,,,,,
1568408381180161,陀螺仪,,,,,,,,0.0459,-0.0127,0.0579
1568408397446984,加速度计,-1.1869,5.8915,9.4810,,,,,,,
1568408407461984,加速度计,0.6967,7.7500,6.3333,,,,,,,
1568408401210161,陀螺仪,,,,,,,,-0.0256,-0.0016,0.0605
1568408417477401,加速度计,0.7614,9.3176,10.5542,,,,,,,
1568408421241307,陀螺仪,,,,,,,,0.0081,0.0230,0.0668
1568408427493234,加速度计,-1.4958,3.2004,7.6405,,,,,,,
1568408437509484,加速度计,0.1209,9.6905,2.4822,,,,,,,
1568408441274120,陀螺仪,,,,,,,,0.0393,0.0132,0.0791
1568408447526151,加速度计,1.4108,5.7724,4.5316,,,,,,,
1568408457543651,加速度计,-0.6620,5.0733,10.2484,,,,,,,
1568408461309745,陀螺仪,,,,,,,,-0.0130,-0.0035,0.0695
1568408467561984,加速度计,-0.5567,6.5649,7.2275,,,,,,,
1568408477581151,加速度计,1.6209,8.0475,8.4851,,,,,,,
1568408481348339,陀螺仪,,,,,,,,0.0385,-0.0149,0.0546
1568408487600734,加速度计,-0.5471,7.3502,8.1666,,,,,,,
1568408497620734,加速度计,0.0778,6.2692,5.8119,,,,,,,
1568408501388651,陀螺仪,,,,,,,,0.0473,-0.0097,0.0178
1568408507641151,加速度计,0.3915,7.2317,3.7260,,,,,,,
1568408517661984,加速度计,0.9236,6.9576,3.1711,,,,,,,
1568408521430630,陀螺仪,,,,,,,,-0.0376,-0.0389,-0.0242
1568408527683234,加速度计,-1.7705,5.8574,9.2368,,,,,,,
1568408537704484,加速度计,0.9601,7.6716,13.4255,,,,,,,
1568408541473130,陀螺仪,,,,,,,,0.0011,-0.0738,-0.0021
1568408547725734,加速度计,0.9511,8.1068,13.3405,,,,,,,
1568408557746984,加速度计,0.4938,7.0288,0.9535,,,,,,,
1568408561515630,陀螺仪,,,,,,,,0.1061,-0.0338,-0.0655
1568408567768234,加速度计,-0.3400,5.7742,-2.5552,,,,,,,
1568408577788651,加速度计,0.5848,3.4878,6.6367,,,,,,,
1568408581555109,陀螺仪,,,,,,,,-0.0698,-0.0972,-0.0743
1568408587807401,加速度计,0.3675,8.6772,7.5064,,,,,,,
1568408597826151,加速度计,-0.0730,10.0826,9.3446,,,,,,,
1568408601592609,陀螺仪,,,,,,,,-0.0971,-0.1204,-0.0493
1568408607844901,加速度计,1.1355,5.9957,9.3984,,,,,,,
1568408617863651,加速度计,0.9571,6.0226,4.8848,,,,,,,
1568408621645057,陀螺仪,,,,,,,,-0.0443,-0.1081,-0.0892
1568408627906047,加速度计,1.4293,5.4989,5.5456,,,,,,,
1568408640720000,GPS,,,,31.9427,118.7874,5.0900,77.7000,,,
1568408637901047,加速度计,-1.0253,6.5440,6.9546,,,,,,,
1568408641647453,陀螺仪,,,,,,,,-0.0433,-0.1214,-0.0999
1568408647896880,加速度计,1.2145,8.3773,8.9537,,,,,,,
1568408657894380,加速度计,1.8675,9.4373,7.0216,,,,,,,
1568408667894380,加速度计,-0.3543,5.6222,6.0873,,,,,,,
1568408661644432,陀螺仪,,,,,,,,-0.0571,-0.1160,-0.1144
1568408677897297,加速度计,-0.2310,5.6611,5.1439,,,,,,,
1568408681653182,陀螺仪,,,,,,,,-0.0771,-0.1316,-0.1186
1568408687903964,加速度计,1.3378,4.8686,4.8507,,,,,,,
1568408697914380,加速度计,0.2532,6.8432,7.0749,,,,,,,
1568408701677193,陀螺仪,,,,,,,,-0.1131,-0.1388,-0.0595
1568408707928964,加速度计,0.4034,9.7067,11.0121,,,,,,,
1568408717947714,加速度计,0.2316,7.2933,6.3740,,,,,,,
1568408721717453,陀螺仪,,,,,,,,-0.0912,-0.0892,-0.0293
1568408727970214,加速度计,-0.2035,4.6394,5.7233,,,,,,,
1568408737996464,加速度计,0.8434,3.4674,1.1301,,,,,,,
1568408741772401,陀螺仪,,,,,,,,-0.1554,-0.0850,0.0610
1568408748026047,加速度计,-0.8942,4.7232,5.8766,,,,,,,
1568408758058130,加速度计,-1.2833,6.3554,14.1539,,,,,,,
1568408761838078,陀螺仪,,,,,,,,-0.0708,-0.0365,0.1786
1568408768092297,加速度计,-0.2699,8.9842,14.1425,,,,,,,
1568408778127714,加速度计,1.1349,8.2307,8.1954,,,,,,,
1568408781909120,陀螺仪,,,,,,,,0.0734,0.0140,0.2557
1568408788163547,加速度计,-0.0754,5.8305,-0.2957,,,,,,,
1568408798199380,加速度计,1.1396,6.2147,1.1756,,,,,,,
1568408801967661,陀螺仪,,,,,,,,-0.0766,0.0060,0.2005
1568408808220214,加速度计,-1.6622,4.8973,12.5630,,,,,,,
1568408818238964,加速度计,-1.6783,9.2075,10.5902,,,,,,,
1568408822005422,陀螺仪,,,,,,,,0.0438,0.0619,0.3112
1568408828257714,加速度计,0.2137,9.1261,4.4227,,,,,,,
1568408838276464,加速度计,-0.3789,5.3876,6.2614,,,,,,,
1568408842042922,陀螺仪,,,,,,,,-0.0515,0.0292,0.2904
1568408848295214,加速度计,-1.8268,5.1224,8.9483,,,,,,,
1568408858313964,加速度计,-0.6015,7.2365,9.1034,,,,,,,
1568408862080422,陀螺仪,,,,,,,,0.0643,0.0630,0.2957
1568408868332714,加速度计,-0.0150,7.7339,6.5068,,,,,,,
1568408878365109,加速度计,-1.4168,9.8659,3.0664,,,,,,,
1568408888370526,加速度计,0.5513,4.8818,11.5598,,,,,,,
1568408882119901,陀螺仪,,,,,,,,0.0225,0.0471,0.2738
1568408898376359,加速度计,0.1233,9.1764,6.8552,,,,,,,
1568408902132245,陀螺仪,,,,,,,,0.0923,0.0531,0.2113
1568408908383026,加速度计,0.0090,5.4522,6.9264,,,,,,,
1568408918390943,加速度计,0.0982,7.1593,5.6288,,,,,,,
1568408928400526,加速度计,1.1432,7.4053,7.1820,,,,,,,
1568408922149380,陀螺仪,,,,,,,,0.1149,0.0328,0.1940
1568408938412193,加速度计,1.1744,11.0570,4.2988,,,,,,,
1568408948425943,加速度计,0.1694,7.7949,7.0826,,,,,,,
1568408942174276,陀螺仪,,,,,,,,0.0674,0.0462,0.1318
1568408958441776,加速度计,2.1829,7.2939,6.8750,,,,,,,
1568408962207870,陀螺仪,,,,,,,,0.0186,0.0585,0.1232
1568408968460109,加速度计,1.2222,6.4123,5.9963,,,,,,,
1568408978480526,加速度计,-0.4118,5.9322,3.0748,,,,,,,
1568408988503026,加速度计,0.9667,4.4107,11.1761,,,,,,,
1568408982250266,陀螺仪,,,,,,,,-0.0441,0.0720,0.0979
1568408998527193,加速度计,1.7771,9.0597,9.4607,,,,,,,
1568409002299849,陀螺仪,,,,,,,,0.0627,0.1165,0.1015
1568409008553026,加速度计,0.5614,7.8733,4.0719,,,,,,,
1568409018580109,加速度计,0.8194,6.1070,8.4240,,,,,,,
1568409022354589,陀螺仪,,,,,,,,-0.0101,0.0708,0.0221
1568409028608026,加速度计,0.8691,7.1467,7.3023,,,,,,,
1568409038636359,加速度计,0.3322,4.7357,9.1177,,,,,,,
1568409042411203,陀螺仪,,,,,,,,0.0373,0.0752,-0.0197
1568409048664693,加速度计,0.4579,7.9140,3.0035,,,,,,,
1568409058689276,加速度计,-0.1532,7.8446,4.9608,,,,,,,
1568409068708026,加速度计,1.0493,4.3586,14.1138,,,,,,,
1568409062455734,陀螺仪,,,,,,,,-0.0670,-0.0000,-0.0667
1568409078726776,加速度计,-0.4914,6.3033,12.9903,,,,,,,
1568409088745526,加速度计,1.5622,10.2298,1.4401,,,,,,,
1568409082493234,陀螺仪,,,,,,,,0.0925,0.0237,-0.0794
1568409098764276,加速度计,-0.4417,5.6892,2.5061,,,,,,,
1568409108783026,加速度计,1.0523,4.7387,7.8667,,,,,,,
1568409102530734,陀螺仪,,,,,,,,-0.0414,-0.0220,-0.1372
1568409118801776,加速度计,-0.5650,7.0695,10.8290,,,,,,,
1568409122573026,陀螺仪,,,,,,,,0.0128,-0.0113,-0.1075
1568409128824745,加速度计,0.6225,7.1796,3.6416,,,,,,,
1568409142601359,陀螺仪,,,,,,,,-0.0221,-0.0138,-0.0784
1568409138838911,加速度计,0.5764,6.0885,6.9043,,,,,,,
1568409148853078,加速度计,0.8428,6.5529,6.8773,,,,,,,
1568409158867297,加速度计,-0.2885,5.9508,11.5604,,,,,,,
1568409162630109,陀螺仪,,,,,,,,0.0270,-0.0077,-0.0539
1568409168881932,加速度计,0.5908,9.7582,12.9107,,,,,,,
1568409182660943,陀螺仪,,,,,,,,0.1650,0.0453,-0.0124
1568409178897036,加速度计,0.3436,7.7405,9.1889,,,,,,,
1568409188912974,加速度计,1.0720,7.1515,-1.1438,,,,,,,
1568409202695109,陀螺仪,,,,,,,,-0.0092,-0.0056,-0.0391
1568409198929745,加速度计,0.0988,6.5332,2.3553,,,,,,,
1568409208947714,加速度计,1.2300,6.2800,5.9562,,,,,,,
1568409218977505,加速度计,-1.3545,5.6252,9.6929,,,,,,,
1568409222756151,陀螺仪,,,,,,,,0.0321,0.0525,0.0382
1568409229008443,加速度计,0.6345,9.8833,8.4426,,,,,,,
1568409239027193,加速度计,1.4922,7.1239,5.0661,,,,,,,
1568409249045943,加速度计,1.9243,7.3735,5.1326,,,,,,,
1568409242793651,陀螺仪,,,,,,,,0.0169,0.0684,0.0652
1568409259064693,加速度计,-1.4401,7.5974,5.1864,,,,,,,
1568409262831151,陀螺仪,,,,,,,,-0.0840,0.0652,0.0088
1568409269083443,加速度计,-0.2927,6.3446,14.9386,,,,,,,
1568409279102193,加速度计,0.3537,7.0922,11.0415,,,,,,,
1568409289120943,加速度计,-0.8416,8.1205,0.0389,,,,,,,
1568409282868651,陀螺仪,,,,,,,,0.1072,0.1466,0.0936
1568409299139693,加速度计,0.7733,5.4408,5.3600,,,,,,,
1568409302906151,陀螺仪,,,,,,,,0.0039,0.0594,0.0349
1568409309158443,加速度计,1.6652,6.4763,8.8268,,,,,,,
1568409319177193,加速度计,-0.4196,8.6730,6.7792,,,,,,,
1568409329195943,加速度计,-0.5177,9.9276,7.7841,,,,,,,
1568409322943651,陀螺仪,,,,,,,,0.0454,0.0687,-0.0210
1568409339214693,加速度计,0.4214,6.3626,4.3395,,,,,,,
1568409342981151,陀螺仪,,,,,,,,-0.0241,0.0466,-0.0465
1568409349233443,加速度计,1.7412,6.1734,5.7706,,,,,,,
1568409359252193,加速度计,-0.5309,5.3056,3.0879,,,,,,,
1568409363018703,陀螺仪,,,,,,,,-0.1004,0.0230,-0.1063
1568409369271047,加速度计,-0.9206,4.9368,11.6185,,,,,,,
1568409379292193,加速度计,-0.7620,5.8436,11.3294,,,,,,,
1568409383056464,陀螺仪,,,,,,,,0.0445,0.0591,0.0023
1568409389308443,加速度计,1.0181,7.0838,8.7329,,,,,,,
1568409403088964,陀螺仪,,,,,,,,0.0325,0.0233,-0.0525
1568409399324693,加速度计,0.7602,9.5056,5.3624,,,,,,,
1568409409340943,加速度计,0.6267,4.3772,5.4277,,,,,,,
1568409419359068,加速度计,0.7554,5.4929,9.5379,,,,,,,
1568409423130682,陀螺仪,,,,,,,,0.0354,0.0084,-0.0883
1568409429383443,加速度计,0.3166,7.1210,5.3337,,,,,,,
1568409439402661,加速度计,0.1861,7.6088,7.5585,,,,,,,
1568409449421411,加速度计,-0.6452,7.1629,8.6526,,,,,,,
1568409443169120,陀螺仪,,,,,,,,0.0358,0.0165,-0.0925
1568409459440161,加速度计,2.0458,9.1028,7.4526,,,,,,,
1568409463206620,陀螺仪,,,,,,,,0.0615,-0.0093,-0.1068
1568409469458911,加速度计,-0.3789,6.8049,7.0192,,,,,,,
1568409479477661,加速度计,0.2173,6.1124,6.1076,,,,,,,
1568409489496411,加速度计,1.5945,7.3670,6.4985,,,,,,,
1568409483244120,陀螺仪,,,,,,,,0.0380,-0.0399,-0.1384
1568409499515161,加速度计,0.3765,6.7953,9.5702,,,,,,,
1568409503281620,陀螺仪,,,,,,,,0.0387,-0.0469,-0.1433
1568409509533911,加速度计,-0.5980,8.2929,8.9591,,,,,,,
1568409519552661,加速度计,-0.0934,6.8773,6.7457,,,,,,,
1568409523319120,陀螺仪,,,,,,,,0.1008,-0.0527,-0.1252
1568409529571411,加速度计,2.3822,6.1902,3.8577,,,,,,,
1568409539590161,加速度计,-0.0353,5.8281,5.8490,,,,,,,
1568409543356620,陀螺仪,,,,,,,,0.0808,-0.0633,-0.1583
1568409549608911,加速度计,1.0283,9.9347,4.5394,,,,,,,
1568409559627661,加速度计,0.6955,7.3550,7.0306,,,,,,,
1568409563394120,陀螺仪,,,,,,,,0.0104,-0.0626,-0.1332
1568409569646411,加速度计,1.4742,9.4439,7.3664,,,,,,,
1568409579665161,加速度计,0.2520,7.0168,8.5419,,,,,,,
1568409583431620,陀螺仪,,,,,,,,-0.0101,-0.0121,-0.1005
1568409589683911,加速度计,-0.0078,6.0956,5.3594,,,,,,,
1568409599702661,加速度计,-0.0383,6.3009,4.8423,,,,,,,
1568409609721411,加速度计,0.7380,5.3486,9.3829,,,,,,,
1568409603469120,陀螺仪,,,,,,,,-0.0097,-0.0161,-0.0481
1568409619740161,加速度计,0.3154,8.3037,7.8284,,,,,,,
1568409623510578,陀螺仪,,,,,,,,0.0072,-0.0165,-0.0170
1568409629762349,加速度计,-0.0437,8.4809,8.2402,,,,,,,
1568409647683541,GPS,,,,31.9428,118.7875,6.9000,76.2000,,,
1568409639776932,加速度计,0.6243,6.7451,6.8965,,,,,,,
1568409643539745,陀螺仪,,,,,,,,-0.0001,-0.0025,-0.0285
1568409649791516,加速度计,-0.6345,5.7593,7.1198,,,,,,,
1568409659806203,加速度计,0.0533,6.2411,5.3923,,,,,,,
1568409669825474,加速度计,-0.7883,7.3346,5.7712,,,,,,,
1568409663571099,陀螺仪,,,,,,,,0.0043,0.0071,0.0009
1568409679852609,加速度计,0.1275,5.5312,7.1174,,,,,,,
1568409689872141,加速度计,-0.8823,7.0994,6.9330,,,,,,,
1568409683619849,陀螺仪,,,,,,,,-0.0297,-0.0071,0.0477
1568409699890891,加速度计,1.1714,7.8386,7.4238,,,,,,,
1568409703657349,陀螺仪,,,,,,,,-0.0297,-0.0020,0.0667
1568409709909641,加速度计,0.6321,6.0310,12.4026,,,,,,,
1568409719928391,加速度计,-0.1646,5.9873,6.6295,,,,,,,
1568409723694849,陀螺仪,,,,,,,,0.0402,0.0405,0.0834
1568409729947141,加速度计,-0.2047,6.6924,2.3517,,,,,,,
1568409739965891,加速度计,0.5758,6.2543,4.5819,,,,,,,
1568409743732349,陀螺仪,,,,,,,,-0.0525,0.0041,0.0555
1568409749984641,加速度计,-1.6514,6.6553,12.3499,,,,,,,
1568409760003391,加速度计,0.3825,7.0294,8.7305,,,,,,,
1568409763769849,陀螺仪,,,,,,,,0.0779,0.0566,0.0788
1568409770022141,加速度计,0.4220,8.8795,-1.1558,,,,,,,
1568409780040891,加速度计,-0.2394,6.0220,5.9059,,,,,,,
1568409783807349,陀螺仪,,,,,,,,-0.1053,-0.0240,0.0277
1568409790059641,加速度计,-0.0545,4.6172,11.0498,,,,,,,
1568409800078391,加速度计,-0.1125,8.5700,10.6255,,,,,,,
1568409810097141,加速度计,0.7153,9.6043,12.4552,,,,,,,
1568409803844849,陀螺仪,,,,,,,,0.0220,0.0077,0.0523
1568409820115891,加速度计,0.7673,6.1729,7.8913,,,,,,,
1568409830134641,加速度计,0.7464,7.2658,3.2968,,,,,,,
1568409823882349,陀螺仪,,,,,,,,0.1109,0.0166,0.0218
1568409840153391,加速度计,1.3431,6.6439,-1.3641,,,,,,,
1568409843919849,陀螺仪,,,,,,,,-0.0077,-0.0340,-0.0675
1568409850172141,加速度计,0.1772,5.8921,-0.7063,,,,,,,
1568409860190891,加速度计,0.5926,4.8572,13.1142,,,,,,,
1568409863957349,陀螺仪,,,,,,,,-0.0909,-0.0304,-0.0479
1568409870209641,加速度计,0.2005,7.3071,10.8595,,,,,,,
1568409880228391,加速度计,0.3424,11.1294,9.1710,,,,,,,
1568409883994849,陀螺仪,,,,,,,,-0.0051,0.0115,0.0089
1568409890247141,加速度计,1.1121,9.9515,7.0054,,,,,,,
1568409900265891,加速度计,0.8045,3.9516,8.6389,,,,,,,
1568409904032349,陀螺仪,,,,,,,,0.0001,0.0097,-0.0425
1568409910284641,加速度计,0.8248,6.1094,4.5496,,,,,,,
1568409920311099,加速度计,0.3909,5.2792,3.4022,,,,,,,
1568409930322766,加速度计,0.3430,7.8901,7.2880,,,,,,,
1568409924071359,陀螺仪,,,,,,,,-0.0153,0.0096,-0.0385
1568409940334432,加速度计,0.0138,8.4659,10.9499,,,,,,,
1568409944095057,陀螺仪,,,,,,,,-0.0081,0.0008,-0.0306
1568409950346516,加速度计,-0.1281,7.8099,10.4854,,,,,,,
1568409960359016,加速度计,0.1520,6.8540,11.1282,,,,,,,
1568409964120734,陀螺仪,,,,,,,,0.1063,-0.0027,-0.0190
1568409970372349,加速度计,1.1408,5.7593,7.0725,,,,,,,
1568409980386516,加速度计,0.1622,8.3408,3.7104,,,,,,,
1568409984150057,陀螺仪,,,,,,,,0.0840,-0.0254,-0.0667
1568409990401932,加速度计,0.6764,8.1618,1.5119,,,,,,,
1568410000418599,加速度计,-0.6063,6.2088,8.3193,,,,,,,
1568410004184328,陀螺仪,,,,,,,,-0.0397,-0.0372,-0.0927
1568410010436516,加速度计,0.6638,6.1561,9.7737,,,,,,,
1568410020455682,加速度计,-0.6608,4.9386,8.0176,,,,,,,
1568410030476099,加速度计,1.0151,5.0015,3.6272,,,,,,,
1568410024223599,陀螺仪,,,,,,,,0.0695,0.0029,0.0007
1568410040497766,加速度计,1.1157,6.0196,8.1241,,,,,,,
1568410044267505,陀螺仪,,,,,,,,0.0862,-0.0049,-0.0409
1568410050520266,加速度计,0.2628,8.4599,6.5996,,,,,,,
1568410060543599,加速度计,-1.6933,9.0435,4.1192,,,,,,,
1568410064314432,陀螺仪,,,,,,,,0.0276,-0.0539,-0.0575
1568410070567349,加速度计,0.1867,8.2265,10.1927,,,,,,,
1568410080591516,加速度计,0.7117,6.0274,9.8426,,,,,,,
1568410084362714,陀螺仪,,,,,,,,0.0690,-0.0362,-0.0393
1568410090615682,加速度计,0.1425,7.4220,6.1956,,,,,,,
1568410100639849,加速度计,-0.3867,7.0976,5.9460,,,,,,,
1568410104408130,陀螺仪,,,,,,,,0.0796,-0.0522,-0.0531
1568410110660682,加速度计,0.5997,5.9598,6.7295,,,,,,,
1568410120679432,加速度计,0.3891,7.2850,7.2083,,,,,,,
1568410124445891,陀螺仪,,,,,,,,0.0936,-0.0621,-0.0670
1568410130698182,加速度计,0.8116,10.7937,3.2034,,,,,,,
1568410140716932,加速度计,0.0736,6.2028,8.4964,,,,,,,
1568410144483391,陀螺仪,,,,,,,,-0.0346,-0.0867,-0.0602
1568410150735682,加速度计,-0.1460,7.7482,9.0381,,,,,,,
1568410160754432,加速度计,0.6961,6.4153,5.5605,,,,,,,
1568410164522297,陀螺仪,,,,,,,,-0.0149,-0.0594,-0.0093
1568410170776151,加速度计,1.3132,6.7253,5.8580,,,,,,,
1568410180792401,加速度计,-1.3737,5.0955,10.9619,,,,,,,
1568410190808651,加速度计,1.7328,8.9166,7.1718,,,,,,,
1568410184556672,陀螺仪,,,,,,,,0.0150,-0.0108,0.0282
1568410200824901,加速度计,-0.4968,9.0597,7.5555,,,,,,,
1568410210841151,加速度计,0.6985,6.5517,2.7527,,,,,,,
1568410204589172,陀螺仪,,,,,,,,0.0380,0.0068,0.0429
1568410220857401,加速度计,0.0718,6.7481,5.2128,,,,,,,
1568410230874068,加速度计,0.2269,4.3682,10.3142,,,,,,,
1568410224622036,陀螺仪,,,,,,,,-0.0312,0.0129,0.0421
1568410240891151,加速度计,-0.0120,8.7724,3.8182,,,,,,,
1568410244656516,陀螺仪,,,,,,,,0.0031,0.0434,0.1037
1568410250908651,加速度计,-0.4723,8.4019,5.2265,,,,,,,
1568410260926568,加速度计,0.8248,6.0334,6.8504,,,,,,,
1568410264692661,陀螺仪,,,,,,,,-0.0967,0.0309,0.1132
1568410270944901,加速度计,-0.3178,5.1176,10.1299,,,,,,,
1568410280963651,加速度计,-0.7733,6.9905,6.5853,,,,,,,
1568410284730474,陀螺仪,,,,,,,,-0.0272,0.0722,0.1466
1568410290982818,加速度计,2.0022,6.0178,6.9863,,,,,,,
1568410301002401,加速度计,-1.3336,6.3069,9.3416,,,,,,,
1568410304769953,陀螺仪,,,,,,,,-0.0045,0.0610,0.1064
1568410311022401,加速度计,0.4687,7.0042,10.0586,,,,,,,
1568410321061672,加速度计,1.3210,6.0603,6.3704,,,,,,,
1568410331073755,加速度计,-0.0275,6.9869,2.0794,,,,,,,
1568410324822297,陀螺仪,,,,,,,,0.0429,0.0654,0.0758
1568410341085839,加速度计,-0.9086,6.6391,2.8994,,,,,,,
1568410344846828,陀螺仪,,,,,,,,-0.0715,0.0321,0.0383
1568410351098339,加速度计,-0.0347,5.1098,10.6859,,,,,,,
1568410361111255,加速度计,0.3059,8.7478,11.5029,,,,,,,
1568410371125005,加速度计,-0.7931,8.9268,5.7892,,,,,,,
1568410364873339,陀螺仪,,,,,,,,0.0208,0.0707,0.0744
1568410381139589,加速度计,1.4024,6.7505,2.4822,,,,,,,
1568410391155422,加速度计,-0.5650,3.1687,6.9761,,,,,,,
1568410384903495,陀螺仪,,,,,,,,-0.0695,0.0397,0.0349
1568410401172505,加速度计,-0.7913,8.6993,9.7031,,,,,,,
1568410404938599,陀螺仪,,,,,,,,0.0113,0.0554,0.0622
1568410411190839,加速度计,0.6644,8.9627,11.0097,,,,,,,
1568410421234484,加速度计,1.0433,8.5120,8.2797,,,,,,,
1568410425008599,陀螺仪,,,,,,,,0.0638,0.0454,0.0257
1568410431261984,加速度计,1.6963,4.9901,4.2479,,,,,,,
1568410441280734,加速度计,-0.5902,6.8612,-1.1929,,,,,,,
1568410445047193,陀螺仪,,,,,,,,-0.0039,0.0011,-0.0932
1568410451299484,加速度计,1.6556,5.6162,8.5982,,,,,,,
1568410461318234,加速度计,-1.2474,9.4050,11.9435,,,,,,,
1568410465084693,陀螺仪,,,,,,,,0.0216,0.0029,-0.0888
1568410471336984,加速度计,1.0529,8.1193,10.6704,,,,,,,
1568410481355734,加速度计,1.4802,8.3031,2.0417,,,,,,,
1568410491374484,加速度计,2.2110,5.5827,5.6497,,,,,,,
1568410485122193,陀螺仪,,,,,,,,0.0301,-0.0254,-0.1292
1568410501393234,加速度计,-0.0419,4.0438,10.1359,,,,,,,
1568410505159693,陀螺仪,,,,,,,,0.0305,-0.0045,-0.1555
1568410511411984,加速度计,0.3023,8.8783,3.6733,,,,,,,
1568410521430734,加速度计,2.2817,7.5980,9.1309,,,,,,,
1568410531449484,加速度计,1.6149,6.6846,9.1686,,,,,,,
1568410525197193,陀螺仪,,,,,,,,-0.0316,-0.0244,-0.1210
1568410541468234,加速度计,-1.1923,6.0047,8.8514,,,,,,,
1568410551486984,加速度计,2.3966,8.7185,2.8299,,,,,,,
1568410545234693,陀螺仪,,,,,,,,0.0874,0.0374,-0.1270
1568410561510370,加速度计,1.2725,3.4465,7.8566,,,,,,,
1568410565271724,陀螺仪,,,,,,,,0.0423,0.0265,-0.1095
1568410571523286,加速度计,-0.1598,8.8232,5.3385,,,,,,,
1568410581536307,加速度计,0.2592,8.5850,6.7834,,,,,,,
1568410585298078,陀螺仪,,,,,,,,-0.0479,-0.0048,-0.1153
1568410591549745,加速度计,-0.1832,6.9312,12.5743,,,,,,,
1568410601563703,加速度计,-0.8320,6.8881,7.5788,,,,,,,
1568410605326620,陀螺仪,,,,,,,,0.0671,0.0474,-0.0795
1568410611578495,加速度计,0.5980,7.0910,1.1941,,,,,,,
1568410621594224,加速度计,0.3843,3.6440,6.0071,,,,,,,
1568410625365057,陀螺仪,,,,,,,,-0.0064,-0.0169,-0.0964
1568410631618339,加速度计,-0.4441,6.3847,7.6267,,,,,,,
1568410650517864,GPS,,,,31.9428,118.7876,7.2000,76.7000,,,
1568410641645005,加速度计,-0.2897,8.2367,9.4272,,,,,,,
1568410645418391,陀螺仪,,,,,,,,0.0205,-0.0312,-0.0900
1568410651671672,加速度计,0.6524,8.7143,7.9074,,,,,,,
1568410661693651,加速度计,1.4617,6.7810,8.2899,,,,,,,
1568410671712557,加速度计,0.0491,7.0575,2.5444,,,,,,,
1568410665460266,陀螺仪,,,,,,,,0.0434,-0.0310,-0.1346
1568410681731307,加速度计,-0.7350,5.6276,2.4570,,,,,,,
1568410685497766,陀螺仪,,,,,,,,-0.0640,-0.0675,-0.1883
1568410691750057,加速度计,-0.2005,4.1952,6.2985,,,,,,,
1568410701768807,加速度计,-0.3974,7.2664,8.2528,,,,,,,
1568410711787557,加速度计,-1.7202,7.3921,12.3044,,,,,,,
1568410705535266,陀螺仪,,,,,,,,-0.0664,-0.0900,-0.1278
1568410721806307,加速度计,0.3717,9.0465,7.5196,,,,,,,
1568410725572766,陀螺仪,,,,,,,,0.0309,-0.0680,-0.0939
1568410731825057,加速度计,1.3168,8.2271,4.2874,,,,,,,
1568410741843807,加速度计,0.4166,4.3167,9.5529,,,,,,,
1568410745610266,陀螺仪,,,,,,,,-0.0337,-0.0989,-0.0973
1568410751862557,加速度计,-1.5173,5.7186,8.8879,,,,,,,
1568410761881307,加速度计,1.8651,9.1046,9.2153,,,,,,,
1568410771900057,加速度计,0.7446,7.8219,4.6501,,,,,,,
1568410765647766,陀螺仪,,,,,,,,0.0687,-0.0716,-0.0314
1568410781918807,加速度计,0.3340,7.5076,4.9524,,,,,,,
1568410785685266,陀螺仪,,,,,,,,-0.0111,-0.0626,-0.0622
1568410791937557,加速度计,0.5824,6.2291,5.6407,,,,,,,
1568410801958130,加速度计,-0.0413,6.8636,9.8629,,,,,,,
1568410805729276,陀螺仪,,,,,,,,-0.0120,-0.0585,0.0170
1568410811980370,加速度计,0.6345,7.2461,7.7919,,,,,,,
1568410821989536,加速度计,-0.2610,7.4250,6.9671,,,,,,,
1568410825747766,陀螺仪,,,,,,,,0.0429,-0.0036,0.0266
1568410831998911,加速度计,1.1797,7.3700,7.9188,,,,,,,
1568410842008911,加速度计,0.6279,9.1381,7.6860,,,,,,,
1568410852019953,加速度计,-0.0359,7.4825,8.9184,,,,,,,
1568410845768547,陀螺仪,,,,,,,,0.0105,-0.0389,0.0101
1568410862032453,加速度计,-0.7733,5.6222,8.0673,,,,,,,
1568410865794797,陀螺仪,,,,,,,,0.0756,-0.0027,0.0065
1568410872046620,加速度计,1.3713,4.1773,-0.6237,,,,,,,
1568410882062453,加速度计,-0.6147,4.8530,5.8197,,,,,,,
1568410885827714,陀螺仪,,,,,,,,0.0270,-0.0376,-0.0286
1568410892079953,加速度计,-0.4806,10.1993,4.5203,,,,,,,
1568410902099120,加速度计,-0.3400,8.0559,12.4205,,,,,,,
1568410905867297,陀螺仪,,,,,,,,0.0080,-0.0740,-0.0301
1568410912119953,加速度计,0.8667,8.9950,10.5554,,,,,,,
1568410922142245,加速度计,0.6129,5.9131,6.4637,,,,,,,
1568410932165786,加速度计,0.6710,6.1292,3.2926,,,,,,,
1568410925912818,陀螺仪,,,,,,,,0.0964,-0.0326,-0.0330
1568410942190370,加速度计,-0.5878,7.9883,1.9088,,,,,,,
1568410945962453,陀螺仪,,,,,,,,-0.0298,-0.0814,-0.0426
1568410952215578,加速度计,0.2825,5.3630,9.4014,,,,,,,
1568410962241203,加速度计,0.2334,5.8287,9.9108,,,,,,,
1568410972267036,加速度计,0.0084,7.9242,7.9248,,,,,,,
1568410966013859,陀螺仪,,,,,,,,0.0202,-0.0257,0.0542
1568410982292245,加速度计,0.8158,7.0503,4.5065,,,,,,,
1568410986061620,陀螺仪,,,,,,,,0.0154,0.0051,0.0720
1568410992313911,加速度计,0.7015,6.4745,5.4845,,,,,,,
1568411002332661,加速度计,-0.6847,5.6491,9.4601,,,,,,,
1568411012351411,加速度计,0.0856,8.7963,11.1606,,,,,,,
1568411006099120,陀螺仪,,,,,,,,-0.0064,0.0051,0.1108
1568411022370161,加速度计,-0.3926,8.5988,5.7575,,,,,,,
1568411026136620,陀螺仪,,,,,,,,0.0601,0.0473,0.1352
1568411032388911,加速度计,0.8296,6.7516,4.7956,,,,,,,
1568411042407661,加速度计,-0.3358,7.1174,3.1717,,,,,,,
1568411046174589,陀螺仪,,,,,,,,-0.0333,0.0033,0.0497
1568411052427036,加速度计,-0.3436,5.1212,9.9748,,,,,,,
1568411062445943,加速度计,-1.2540,7.0090,14.2676,,,,,,,
1568411066210578,陀螺仪,,,,,,,,0.0715,-0.0296,0.0353
1568411072462609,加速度计,0.7153,8.8406,6.6014,,,,,,,
1568411082479276,加速度计,-0.4717,5.5061,4.8237,,,,,,,
1568411086243911,陀螺仪,,,,,,,,0.0554,-0.0806,-0.0866
1568411092495943,加速度计,0.7254,6.6720,2.1763,,,,,,,
1568411102512609,加速度计,1.0002,7.2377,6.3141,,,,,,,
1568411106277453,陀螺仪,,,,,,,,-0.0210,-0.1123,-0.1369
1568411112529536,加速度计,-0.4112,7.3891,9.6295,,,,,,,
1568411122546880,加速度计,0.3885,7.5489,11.7424,,,,,,,
1568411126312453,陀螺仪,,,,,,,,0.0425,-0.0889,-0.0292
1568411132564641,加速度计,2.8838,7.9278,10.8086,,,,,,,
1568411142582818,加速度计,1.3527,5.3852,4.2138,,,,,,,
1568411152601411,加速度计,0.5088,8.3330,0.3346,,,,,,,
1568411146349120,陀螺仪,,,,,,,,0.1140,-0.0250,-0.0695
1568411162620422,加速度计,0.5339,4.6693,7.1228,,,,,,,
1568411166387453,陀螺仪,,,,,,,,-0.0031,-0.0507,-0.0216
1568411172639849,加速度计,-0.7416,6.5835,9.1201,,,,,,,
1568411182659693,加速度计,1.4012,10.3418,7.1395,,,,,,,
1568411186427245,陀螺仪,,,,,,,,0.0282,-0.0079,0.0728
1568411192679693,加速度计,1.0582,7.9811,7.4244,,,,,,,
1568411202699693,加速度计,-0.0114,6.8738,6.1567,,,,,,,
1568411212719693,加速度计,0.4154,6.1854,7.4591,,,,,,,
1568411206467245,陀螺仪,,,,,,,,0.0333,0.0663,0.0905
1568411222739693,加速度计,0.0742,6.9743,3.1891,,,,,,,
1568411226507245,陀螺仪,,,,,,,,-0.0100,0.0535,0.1406
1568411232759693,加速度计,-1.3659,6.0956,10.4082,,,,,,,
1568411242779693,加速度计,0.0407,9.3859,8.3989,,,,,,,
1568411246547245,陀螺仪,,,,,,,,0.0204,0.0944,0.1711
1568411252799693,加速度计,-0.5351,7.4244,10.0706,,,,,,,
1568411262819693,加速度计,0.2693,7.3227,3.6966,,,,,,,
1568411272839432,加速度计,-0.3741,5.4354,1.8824,,,,,,,
1568411266587036,陀螺仪,,,,,,,,0.0269,0.1096,0.1364
1568411282858495,加速度计,-1.4383,4.7974,12.7455,,,,,,,
1568411292877245,加速度计,0.0126,9.3954,6.5266,,,,,,,
1568411286624953,陀螺仪,,,,,,,,0.0510,0.1052,0.1313
1568411302899120,加速度计,1.0540,8.5275,5.9334,,,,,,,
1568411312920370,加速度计,0.5525,6.8636,4.0085,,,,,,,
1568411306669901,陀螺仪,,,,,,,,0.0345,0.0710,0.0939
1568411322924797,加速度计,-0.3382,6.4524,4.9763,,,,,,,
1568411332929901,加速度计,0.7823,5.9119,8.7855,,,,,,,
1568411326679276,陀螺仪,,,,,,,,-0.0670,0.0345,0.0084
1568411342936099,加速度计,0.6955,5.9711,7.7141,,,,,,,
1568411346693026,陀螺仪,,,,,,,,-0.0141,0.0555,-0.0055
1568411352944068,加速度计,0.9176,7.1192,6.0184,,,,,,,
1568411362954120,加速度计,0.2298,6.0711,8.7221,,,,,,,
1568411366714901,陀螺仪,,,,,,,,-0.0178,0.0160,-0.0929
1568411372966516,加速度计,0.7320,6.9246,7.9936,,,,,,,
1568411382981411,加速度计,0.8122,6.8289,8.4551,,,,,,,
1568411392998807,加速度计,0.7566,6.9821,2.9670,,,,,,,
1568411386746568,陀螺仪,,,,,,,,0.0318,-0.0228,-0.1780
1568411403018703,加速度计,0.5213,7.4998,6.5033,,,,,,,
1568411413041099,加速度计,1.0086,5.0967,14.1336,,,,,,,
1568411406788234,陀螺仪,,,,,,,,-0.0273,-0.0921,-0.2489
1568411423065734,加速度计,1.3551,8.3588,7.0060,,,,,,,
1568411433092193,加速度计,1.0427,7.5148,1.5395,,,,,,,
1568411426838859,陀螺仪,,,,,,,,0.0889,-0.0638,-0.2633
1568411443120057,加速度计,1.9190,6.9683,4.0378,,,,,,,
1568411453148911,加速度计,0.6285,5.7694,13.4351,,,,,,,
1568411446895318,陀螺仪,,,,,,,,-0.0601,-0.1245,-0.2810
1568411463178339,加速度计,0.5357,7.6297,10.2322,,,,,,,
1568411466954276,陀螺仪,,,,,,,,0.0574,-0.0336,-0.1712
1568411473207922,加速度计,1.6293,9.1644,5.3020,,,,,,,
1568411483233078,加速度计,0.8583,6.8803,0.5022,,,,,,,
1568411487000943,陀螺仪,,,,,,,,-0.0096,-0.0041,-0.1154
1568411493253234,加速度计,0.8763,5.6940,4.1958,,,,,,,
1568411503271984,加速度计,-0.9152,6.2620,7.6130,,,,,,,
1568411513290734,加速度计,-0.1897,6.6960,9.1518,,,,,,,
1568411507038443,陀螺仪,,,,,,,,-0.0708,0.0075,-0.0463
1568411523309484,加速度计,-0.6829,9.2913,8.3989,,,,,,,
1568411527075943,陀螺仪,,,,,,,,-0.0158,0.0680,0.0434
1568411533328234,加速度计,-0.1604,7.2742,10.3579,,,,,,,
1568411543346984,加速度计,0.3460,5.6527,6.7325,,,,,,,
1568411547114901,陀螺仪,,,,,,,,0.0506,0.0812,0.0374
1568411553367557,加速度计,-0.7081,7.1527,4.5999,,,,,,,
1568411563397089,加速度计,-0.2556,6.7133,5.9831,,,,,,,
1568411567146151,陀螺仪,,,,,,,,-0.0189,0.0368,-0.0032
1568411573395995,加速度计,-0.6375,6.2243,9.2584,,,,,,,
1568411583395630,加速度计,-0.5513,8.0493,4.8566,,,,,,,
1568411593396828,加速度计,0.0736,7.3215,6.1100,,,,,,,
1568411587146568,陀螺仪,,,,,,,,0.0120,0.0146,-0.0366
1568411603400266,加速度计,0.0251,7.1126,9.6696,,,,,,,
1568411607155422,陀螺仪,,,,,,,,0.0001,-0.0152,-0.0859
1568411613406359,加速度计,0.0353,6.8229,11.0187,,,,,,,
1568411623415839,加速度计,1.0714,6.8013,6.4081,,,,,,,
1568411633448026,加速度计,0.2682,6.3117,2.3290,,,,,,,
1568411644267186,GPS,,,,31.9428,118.7877,5.5900,78.7000,,,
1568411627193391,陀螺仪,,,,,,,,0.0627,-0.0341,-0.1240
1568411643486568,加速度计,0.7308,6.4410,5.8053,,,,,,,
1568411653525995,加速度计,0.2185,8.0343,9.9282,,,,,,,
1568411647271099,陀螺仪,,,,,,,,-0.0056,-0.0683,-0.1782
1568411663565057,加速度计,0.0946,7.5280,8.1014,,,,,,,
1568411667339016,陀螺仪,,,,,,,,0.0288,-0.0537,-0.1390
1568411673591307,加速度计,1.1043,6.4141,3.2298,,,,,,,
1568411683610057,加速度计,-0.1778,3.2765,4.6430,,,,,,,
1568411693628807,加速度计,0.6536,7.9984,7.2012,,,,,,,
1568411687376516,陀螺仪,,,,,,,,-0.0288,-0.0590,-0.0871
1568411703647557,加速度计,0.3118,6.1986,10.9295,,,,,,,
1568411707414016,陀螺仪,,,,,,,,0.0245,0.0137,-0.0157
1568411713666307,加速度计,-0.9577,8.7490,8.3067,,,,,,,
1568411723685057,加速度计,0.8104,8.1606,7.9930,,,,,,,
1568411733703807,加速度计,-0.7865,6.6433,10.7087,,,,,,,
1568411727451516,陀螺仪,,,,,,,,0.0538,0.0300,0.0538
1568411743722557,加速度计,-0.7985,8.2337,3.5362,,,,,,,
1568411747489016,陀螺仪,,,,,,,,0.0919,0.0491,0.0794
1568411753741307,加速度计,0.3675,7.8650,1.9609,,,,,,,
1568411763760057,加速度计,-0.8122,4.8902,8.5425,,,,,,,
1568411767526516,陀螺仪,,,,,,,,-0.0421,0.0180,0.0715
1568411773778807,加速度计,-0.7284,5.5091,12.8060,,,,,,,
1568411783797557,加速度计,-0.4256,8.7604,6.6517,,,,,,,
1568411787564016,陀螺仪,,,,,,,,0.1003,0.0566,0.0899
1568411793816307,加速度计,0.4764,8.3426,3.2160,,,,,,,
1568411803837922,加速度计,0.5177,6.7169,3.9145,,,,,,,
1568411807615318,陀螺仪,,,,,,,,-0.0212,0.0201,0.0015
1568411813865005,加速度计,-0.4537,6.8402,10.2861,,,,,,,
1568411823863339,加速度计,-1.1151,7.7434,9.5337,,,,,,,
1568411833862714,加速度计,1.0295,7.5705,9.1866,,,,,,,
1568411827612766,陀螺仪,,,,,,,,0.0449,0.0372,0.0174
1568411843863755,加速度计,1.6927,6.9977,2.9006,,,,,,,
1568411847616568,陀螺仪,,,,,,,,0.0514,0.0398,-0.0435
1568411853867089,加速度计,0.8194,7.6100,1.4760,,,,,,,
1568411863873339,加速度计,-0.4896,5.8484,10.0706,,,,,,,
1568411867631568,陀螺仪,,,,,,,,-0.0310,-0.0019,-0.0925
1568411873882922,加速度计,0.7207,7.2975,10.0556,,,,,,,
1568411883896047,加速度计,1.6801,6.9360,8.3623,,,,,,,
1568411893912922,加速度计,1.2959,5.8263,5.2792,,,,,,,
1568411887660630,陀螺仪,,,,,,,,0.0434,0.0172,-0.1021
1568411903933339,加速度计,0.7434,6.6242,2.1416,,,,,,,
1568411913957089,加速度计,1.0331,7.6082,5.7275,,,,,,,
1568411907703964,陀螺仪,,,,,,,,0.0164,0.0200,-0.1842
1568411923983964,加速度计,-1.2336,8.0062,9.2428,,,,,,,
1568411934013547,加速度计,0.0329,7.7452,9.4703,,,,,,,
1568411927759745,陀螺仪,,,,,,,,-0.0659,0.0041,-0.1370
1568411944045214,加速度计,0.7620,5.8287,9.0106,,,,,,,
1568411954078339,加速度计,0.3687,5.4025,4.5813,,,,,,,
1568411947824172,陀螺仪,,,,,,,,-0.0084,0.0465,-0.0932
1568411964112297,加速度计,0.6985,5.0194,3.4626,,,,,,,
1568411974146464,加速度计,0.6806,6.3231,6.0142,,,,,,,
1568411967892245,陀螺仪,,,,,,,,-0.0353,0.0336,-0.1009
1568411984173339,加速度计,-0.1472,5.9239,6.1381,,,,,,,
1568411987940370,陀螺仪,,,,,,,,-0.0403,0.0534,-0.0848
1568411994192714,加速度计,-0.8841,8.5862,6.9031,,,,,,,
1568412004211672,加速度计,1.6855,5.7916,7.4885,,,,,,,
1568412007978130,陀螺仪,,,,,,,,-0.0840,0.0498,-0.0509
1568412014230422,加速度计,-0.3843,7.2371,6.0867,,,,,,,
1568412024249172,加速度计,-0.2574,6.9145,9.5888,,,,,,,
1568412034267922,加速度计,1.8669,7.8518,5.9981,,,,,,,
1568412028015630,陀螺仪,,,,,,,,-0.0519,0.0687,-0.0543
1568412044286672,加速度计,0.2879,6.1729,7.2245,,,,,,,
1568412054307089,加速度计,-1.3533,6.2950,5.4360,,,,,,,
1568412048054380,陀螺仪,,,,,,,,-0.0763,0.0615,-0.1091
1568412064326776,加速度计,0.1371,7.3239,9.7480,,,,,,,
1568412068087036,陀螺仪,,,,,,,,-0.0694,-0.0145,-0.1466
1568412074338443,加速度计,0.1227,7.4400,8.2941,,,,,,,
1568412084350370,加速度计,-0.3705,6.8103,5.5629,,,,,,,
1568412094362974,加速度计,1.8375,6.9851,5.7802,,,,,,,
1568412088111411,陀螺仪,,,,,,,,0.0001,-0.0627,-0.2971
1568412104376411,加速度计,1.2252,6.2860,4.1126,,,,,,,
1568412108138911,陀螺仪,,,,,,,,-0.0658,-0.1614,-0.4338
1568412114390682,加速度计,0.3980,8.0200,4.8770,,,,,,,
1568412124406047,加速度计,0.0658,6.8378,9.6630,,,,,,,
1568412128170578,陀螺仪,,,,,,,,-0.0728,-0.1953,-0.4846
1568412134422661,加速度计,1.5143,7.7770,8.7664,,,,,,,
1568412144440526,加速度计,1.1510,7.2897,10.3968,,,,,,,
1568412148207245,陀螺仪,,,,,,,,-0.0035,-0.2344,-0.5021
1568412154459641,加速度计,1.6364,7.3490,8.2935,,,,,,,
1568412164480005,加速度计,2.0937,5.7036,5.1182,,,,,,,
1568412174501359,加速度计,0.6740,7.0330,4.5262,,,,,,,
1568412168248703,陀螺仪,,,,,,,,0.0202,-0.2515,-0.5394
1568412184523547,加速度计,0.6470,6.0897,6.8594,,,,,,,
1568412188293703,陀螺仪,,,,,,,,-0.0115,-0.2722,-0.4854
1568412194546568,加速度计,-0.5860,5.9879,11.5993,,,,,,,
1568412204570161,加速度计,1.4251,8.7119,8.8771,,,,,,,
1568412214594172,加速度计,1.5700,6.9402,5.3127,,,,,,,
1568412208341203,陀螺仪,,,,,,,,0.1013,-0.2465,-0.3635
1568412224618339,加速度计,0.0934,7.6944,5.5001,,,,,,,
1568412228389120,陀螺仪,,,,,,,,0.0658,-0.2218,-0.3294
1568412234641984,加速度计,-0.7991,8.0798,7.5914,,,,,,,
1568412244662453,加速度计,-0.1520,7.1066,5.1493,,,,,,,
1568412248428911,陀螺仪,,,,,,,,0.0346,-0.1823,-0.1947
1568412254681203,加速度计,-0.4627,6.5757,5.6539,,,,,,,
1568412264699953,加速度计,-1.0307,5.5252,5.6473,,,,,,,
1568412274718703,加速度计,-1.5514,7.8326,10.3100,,,,,,,
1568412268466411,陀螺仪,,,,,,,,0.0115,-0.1569,-0.0726
1568412284737453,加速度计,-1.2121,8.2642,6.7690,,,,,,,
1568412288503911,陀螺仪,,,,,,,,0.0609,-0.1095,0.0257
1568412294756203,加速度计,0.1478,8.1175,6.8750,,,,,,,
1568412304775214,加速度计,-0.9900,4.5496,7.4202,,,,,,,
1568412314795786,加速度计,-1.8759,6.9091,6.4500,,,,,,,
1568412308544068,陀螺仪,,,,,,,,0.0475,-0.0923,0.0740
1568412324809953,加速度计,-0.4154,7.6992,4.7752,,,,,,,
1568412334824120,加速度计,-0.1634,7.3101,7.1162,,,,,,,
1568412328572401,陀螺仪,,,,,,,,0.0779,-0.0636,0.1537
1568412344838547,加速度计,-1.3581,8.5150,7.2233,,,,,,,
1568412348601568,陀螺仪,,,,,,,,0.0502,-0.0433,0.1730
1568412354853391,加速度计,0.5578,8.2486,7.1886,,,,,,,
1568412364868911,加速度计,-1.3497,6.1651,8.0583,,,,,,,
1568412368633234,陀螺仪,,,,,,,,0.0068,-0.0218,0.2326
1568412374885266,加速度计,-0.2185,5.8245,10.9457,,,,,,,
1568412384902453,加速度计,0.6644,7.3676,4.7687,,,,,,,
1568412388668234,陀螺仪,,,,,,,,0.0880,0.0495,0.2485
1568412394920474,加速度计,-0.8404,6.8498,6.5428,,,,,,,
1568412404939328,加速度计,0.2059,7.4998,4.7052,,,,,,,
1568412408706568,陀螺仪,,,,,,,,0.0357,0.0587,0.2393
1568412414959016,加速度计,-0.6602,6.6954,5.1457,,,,,,,
1568412424979536,加速度计,-0.0120,6.9001,4.4550,,,,,,,
1568412428748026,陀螺仪,,,,,,,,-0.0667,0.0478,0.2385
1568412435000630,加速度计,-0.7069,5.5324,10.8092,,,,,,,
1568412445022141,加速度计,0.2053,7.3855,11.2641,,,,,,,
1568412455044068,加速度计,0.8942,6.0124,4.6136,,,,,,,
1568412448791359,陀螺仪,,,,,,,,0.0284,0.0864,0.2389
1568412465066151,加速度计,0.0042,7.3634,6.1387,,,,,,,
1568412468835526,陀螺仪,,,,,,,,0.0376,0.0767,0.1115
1568412475088234,加速度计,0.4070,5.9089,8.4803,,,,,,,
1568412485110318,加速度计,0.8637,8.5611,5.9316,,,,,,,
1568412488879068,陀螺仪,,,,,,,,0.0357,0.0285,0.0242
1568412495131620,加速度计,-0.4800,6.9989,7.5100,,,,,,,
1568412505151151,加速度计,1.2779,6.3961,7.9877,,,,,,,
1568412508917609,陀螺仪,,,,,,,,0.0024,-0.0170,-0.0732
1568412515169901,加速度计,0.9517,6.0717,5.9652,,,,,,,
1568412525188651,加速度计,1.4096,8.4354,7.7812,,,,,,,
1568412535207401,加速度计,0.7284,6.0849,10.0263,,,,,,,
1568412528955109,陀螺仪,,,,,,,,0.0210,-0.0513,-0.1883
1568412545226151,加速度计,1.7364,7.0258,4.8740,,,,,,,
1568412548995109,陀螺仪,,,,,,,,0.0558,-0.0706,-0.2896
1568412555248026,加速度计,1.0714,7.0234,6.3075,,,,,,,
1568412565271047,加速度计,2.0147,6.6194,6.3231,,,,,,,
1568412569020943,陀螺仪,,,,,,,,0.0222,-0.1222,-0.3561
1568412575270891,加速度计,1.0882,7.8057,7.5004,,,,,,,
1568412585271672,加速度计,1.0139,7.7123,5.4414,,,,,,,
1568412589023859,陀螺仪,,,,,,,,-0.0201,-0.1503,-0.4015
1568412595274224,加速度计,2.3834,8.5024,8.6329,,,,,,,
1568412605279120,加速度计,0.6572,7.0384,10.5782,,,,,,,
1568412615286776,加速度计,0.9379,6.8127,4.1138,,,,,,,
1568412609035734,陀螺仪,,,,,,,,0.0124,-0.1382,-0.3940
1568412625312297,加速度计,0.4178,5.6503,4.6370,,,,,,,
1568412635388391,加速度计,1.6215,5.1182,5.9891,,,,,,,
1568412629128964,陀螺仪,,,,,,,,-0.0286,-0.1827,-0.4000
1568412645414276,加速度计,-0.4866,7.6130,10.6207,,,,,,,
1568412649180734,陀螺仪,,,,,,,,0.0342,-0.1823,-0.3844
1568412655433026,加速度计,-1.4515,9.1405,6.1824,,,,,,,
1568412669291977,GPS,,,,31.9428,118.7877,4.9500,83.1000,,,
1568412665451776,加速度计,2.6432,7.0354,6.9809,,,,,,,
1568412669218234,陀螺仪,,,,,,,,0.0113,-0.2135,-0.3686
1568412675470526,加速度计,0.2358,7.0102,5.5498,,,,,,,
1568412685489276,加速度计,-1.5975,6.1675,6.3434,,,,,,,
1568412689255734,陀螺仪,,,,,,,,-0.0060,-0.2224,-0.3653
1568412695508026,加速度计,-0.5351,6.4404,10.4375,,,,,,,
1568412705526776,加速度计,0.5375,6.8989,9.9078,,,,,,,
1568412715545526,加速度计,0.1047,7.1162,5.9436,,,,,,,
1568412709293234,陀螺仪,,,,,,,,0.0814,-0.1987,-0.2418
1568412725564276,加速度计,1.3527,7.4238,1.9100,,,,,,,
1568412735583026,加速度计,-0.0269,6.6595,5.0907,,,,,,,
1568412729330734,陀螺仪,,,,,,,,0.0192,-0.2096,-0.2688
1568412745601776,加速度计,-0.1694,6.0771,7.3358,,,,,,,
1568412749368234,陀螺仪,,,,,,,,-0.0158,-0.2127,-0.2103
1568412755620526,加速度计,-0.3855,6.4775,3.5045,,,,,,,
1568412765639276,加速度计,0.7745,7.1976,4.2958,,,,,,,
1568412769405734,陀螺仪,,,,,,,,-0.0891,-0.2103,-0.1617
1568412775658026,加速度计,-0.5315,5.9137,5.6844,,,,,,,
1568412785676776,加速度计,-2.0375,6.6044,7.9655,,,,,,,
1568412789443234,陀螺仪,,,,,,,,-0.0975,-0.1968,-0.0856
1568412795695526,加速度计,0.8033,7.7806,10.0090,,,,,,,
1568412805716099,加速度计,-1.6975,7.6028,8.3959,,,,,,,
1568412815738339,加速度计,-1.0786,7.4807,7.6429,,,,,,,
1568412809487557,陀螺仪,,,,,,,,-0.0212,-0.1309,-0.0003
1568412825745266,加速度计,-0.2424,6.9785,7.6537,,,,,,,
1568412835752870,加速度计,0.2209,6.2884,7.8919,,,,,,,
1568412829501932,陀螺仪,,,,,,,,-0.0256,-0.1550,0.0513
1568412845761568,加速度计,-0.9942,7.6279,6.5571,,,,,,,
1568412855771776,加速度计,-0.7111,6.1932,6.2596,,,,,,,
1568412849520474,陀螺仪,,,,,,,,-0.0063,-0.1652,-0.0033
1568412865783651,加速度计,0.1215,7.5417,9.5690,,,,,,,
1568412869545682,陀螺仪,,,,,,,,0.0097,-0.1870,-0.0266
1568412875797453,加速度计,-0.9062,7.7919,6.7325,,,,,,,
1568412885813339,加速度计,0.8320,7.2407,3.3896,,,,,,,
1568412889579016,陀螺仪,,,,,,,,-0.0360,-0.2116,-0.0583
1568412895831307,加速度计,1.2953,5.8814,5.6874,,,,,,,
1568412905851359,加速度计,0.5908,4.7423,7.6668,,,,,,,
1568412909620474,陀螺仪,,,,,,,,-0.0740,-0.1862,-0.0656
1568412915873234,加速度计,-1.3982,8.0721,7.7560,,,,,,,
1568412925896776,加速度计,0.3136,9.2805,7.7021,,,,,,,
1568412935921724,加速度计,1.3252,6.1681,10.4728,,,,,,,
1568412929668599,陀螺仪,,,,,,,,-0.0523,-0.1579,0.0192
1568412945947661,加速度计,0.4010,5.3858,9.1584,,,,,,,
1568412949720891,陀螺仪,,,,,,,,0.0189,-0.1257,0.0633
1568412955974172,加速度计,0.6572,7.7590,4.9518,,,,,,,
1568412966001099,加速度计,0.7111,5.2613,5.8107,,,,,,,
1568412976028182,加速度计,0.8176,5.7892,5.9388,,,,,,,
1568412969774849,陀螺仪,,,,,,,,0.0005,-0.1308,0.0342
1568412986052141,加速度计,-0.9493,7.0228,7.5818,,,,,,,
1568412989819849,陀螺仪,,,,,,,,0.0284,-0.1517,0.0021
1568412996072141,加速度计,-0.8440,7.6836,8.9304,,,,,,,
1568413006090891,加速度计,0.0012,7.7602,6.3835,,,,,,,
1568413009857349,陀螺仪,,,,,,,,0.0940,-0.1451,0.0178
1568413016109641,加速度计,0.6015,7.9505,3.1897,,,,,,,
1568413026128391,加速度计,-1.2540,5.8646,6.4236,,,,,,,
1568413029894849,陀螺仪,,,,,,,,0.0254,-0.1566,0.0045
1568413036147141,加速度计,-1.6628,7.5304,8.8939,,,,,,,
1568413046165891,加速度计,0.4232,9.1435,8.3683,,,,,,,
1568413056185161,加速度计,-0.7590,7.0737,4.5460,,,,,,,
1568413049932766,陀螺仪,,,,,,,,0.0196,-0.1325,0.1252
1568413066204276,加速度计,0.6261,5.3385,9.5223,,,,,,,
1568413076220526,加速度计,-0.1053,5.6719,9.0471,,,,,,,
1568413069968547,陀螺仪,,,,,,,,-0.0119,-0.0746,0.2035
1568413086236776,加速度计,-0.0646,7.1958,6.7947,,,,,,,
1568413090001047,陀螺仪,,,,,,,,0.0557,0.0224,0.2936
1568413096253026,加速度计,-0.3962,6.7068,7.4430,,,,,,,
1568413106269589,加速度计,-0.3011,5.8520,3.0945,,,,,,,
1568413110034484,陀螺仪,,,,,,,,-0.0023,0.0205,0.3241
1568413116286568,加速度计,0.2526,6.6098,6.1567,,,,,,,
1568413126303964,加速度计,-1.0343,5.1673,13.5649,,,,,,,
1568413130069589,陀螺仪,,,,,,,,0.0935,0.0678,0.3575
1568413136321776,加速度计,0.0000,10.1658,7.6914,,,,,,,
1568413146340005,加速度计,0.3406,7.9194,3.6733,,,,,,,
1568413156358651,加速度计,0.4423,8.3001,1.5580,,,,,,,
1568413150106359,陀螺仪,,,,,,,,0.0561,0.0482,0.3013
1568413166377714,加速度计,-0.9852,6.0328,5.0853,,,,,,,
1568413170144797,陀螺仪,,,,,,,,-0.0738,-0.0381,0.1045
1568413176397193,加速度计,0.3663,8.3324,8.7628,,,,,,,
1568413186417089,加速度计,-2.3284,5.0841,14.4364,,,,,,,
1568413190184901,陀螺仪,,,,,,,,0.0819,-0.0209,0.1434
1568413196437401,加速度计,-0.9798,7.4286,8.6419,,,,,,,
1568413206457818,加速度计,0.8793,6.9749,2.8760,,,,,,,
1568413210225734,陀螺仪,,,,,,,,0.0739,-0.0059,0.1828
1568413216478234,加速度计,1.1474,8.2857,1.1049,,,,,,,
1568413226498651,加速度计,1.4485,5.6324,8.9914,,,,,,,
1568413230266568,陀螺仪,,,,,,,,-0.0360,-0.0457,0.0575
1568413236519068,加速度计,0.6129,7.3029,9.1955,,,,,,,
1568413246539484,加速度计,-0.4351,7.1335,11.2527,,,,,,,
1568413250307401,陀螺仪,,,,,,,,0.0647,-0.0041,0.1258
1568413256559901,加速度计,1.8968,7.7393,7.6028,,,,,,,
1568413266579693,加速度计,1.0499,7.0785,2.2332,,,,,,,
1568413270346359,陀螺仪,,,,,,,,0.0138,0.0031,0.0674
1568413276598651,加速度计,0.6249,6.4410,3.5416,,,,,,,
1568413286617401,加速度计,0.8859,6.3758,7.7033,,,,,,,
1568413290383859,陀螺仪,,,,,,,,-0.0182,-0.0338,-0.0129
1568413296636151,加速度计,1.5191,7.0431,9.3476,,,,,,,
1568413306661568,加速度计,-0.0066,8.1570,7.6710,,,,,,,
1568413310429016,陀螺仪,,,,,,,,0.0543,-0.0093,-0.0234
1568413316678807,加速度计,1.5353,7.8326,3.5985,,,,,,,
1568413326677870,加速度计,0.4621,6.4997,5.8598,,,,,,,
1568413330427974,陀螺仪,,,,,,,,-0.0407,-0.0656,-0.0985
1568413336677974,加速度计,0.3400,6.4392,7.1629,,,,,,,
1568413346679953,加速度计,0.7697,6.8468,6.4596,,,,,,,
1568413350433755,陀螺仪,,,,,,,,-0.0174,-0.0814,-0.1297
1568413356684328,加速度计,0.6339,7.2724,4.7782,,,,,,,
1568413366691516,加速度计,0.9697,7.1599,5.5115,,,,,,,
1568413370450578,陀螺仪,,,,,,,,-0.0682,-0.0977,-0.1666
1568413376701932,加速度计,0.7392,6.2800,6.9402,,,,,,,
1568413386715995,加速度计,0.7632,8.0595,4.1671,,,,,,,
1568413396733807,加速度计,0.0389,5.3624,7.3610,,,,,,,
1568413390481516,陀螺仪,,,,,,,,-0.1027,-0.1087,-0.1933
1568413406755057,加速度计,0.5722,6.9587,11.3144,,,,,,,
1568413410526516,陀螺仪,,,,,,,,-0.0784,-0.0928,-0.1253
1568413416779641,加速度计,0.6662,6.1567,9.0908,,,,,,,
1568413426807245,加速度计,0.1401,6.3901,6.3572,,,,,,,
1568413430583391,陀螺仪,,,,,,,,-0.0121,-0.0169,-0.0473
1568413436837141,加速度计,0.0539,7.2131,4.6986,,,,,,,
1568413446868807,加速度计,0.9643,8.1630,6.2932,,,,,,,
1568413450647714,陀螺仪,,,,,,,,-0.1216,-0.0581,-0.0614
1568413456901828,加速度计,-0.8697,6.9312,10.6566,,,,,,,
1568413466935474,加速度计,-0.6967,5.5629,11.1905,,,,,,,
1568413476969224,加速度计,0.3944,6.6780,6.7163,,,,,,,
1568413470715057,陀螺仪,,,,,,,,-0.0024,-0.0138,0.0162
1568413486992974,加速度计,1.1594,7.4059,4.0851,,,,,,,
1568413497012141,加速度计,-0.4262,6.5541,6.3728,,,,,,,
1568413490759849,陀螺仪,,,,,,,,-0.0806,-0.0238,0.0056
1568413507030891,加速度计,-0.4010,7.5561,8.0331,,,,,,,
1568413517049641,加速度计,0.3950,6.4272,9.2111,,,,,,,
1568413510797349,陀螺仪,,,,,,,,-0.0458,-0.0198,-0.0225
1568413527068391,加速度计,-1.6867,6.3560,7.4172,,,,,,,
1568413537087141,加速度计,1.0277,8.1151,4.0223,,,,,,,
1568413530834849,陀螺仪,,,,,,,,0.0310,0.0015,0.0732
1568413547105891,加速度计,1.5784,6.2854,5.3211,,,,,,,
1568413550873911,陀螺仪,,,,,,,,-0.0606,-0.0205,0.0089
1568413557127922,加速度计,0.9601,6.4685,5.6342,,,,,,,
1568413567144536,加速度计,-1.7196,6.3632,9.4936,,,,,,,
1568413570906255,陀螺仪,,,,,,,,-0.0209,0.0157,0.0245
1568413577157870,加速度计,0.3005,5.6773,9.1051,,,,,,,
1568413587171568,加速度计,-0.0976,6.4183,6.9731,,,,,,,
1568413590933964,陀螺仪,,,,,,,,0.0482,0.0662,0.1338
1568413597185682,加速度计,-0.6207,6.7636,3.8642,,,,,,,
1568413607200214,加速度计,-0.1484,6.5487,5.3564,,,,,,,
1568413610963651,陀螺仪,,,,,,,,-0.0272,0.0342,0.1099
1568413617215526,加速度计,0.1000,4.9865,11.6681,,,,,,,
1568413635838279,GPS,,,,31.9428,118.7878,4.5200,89.6000,,,
1568413627239693,加速度计,-1.2989,6.6427,9.7348,,,,,,,
1568413631022557,陀螺仪,,,,,,,,0.1127,0.0799,0.1519
1568413637274953,加速度计,1.0277,8.5252,4.7908,,,,,,,
1568413647294432,加速度计,-0.5974,7.4579,6.6086,,,,,,,
1568413651060891,陀螺仪,,,,,,,,0.0722,0.0937,0.0875
1568413657313182,加速度计,-0.6159,8.4162,6.1214,,,,,,,
1568413667331932,加速度计,-0.2125,6.8181,11.9710,,,,,,,
1568413671098391,陀螺仪,,,,,,,,0.0784,0.0451,0.1068
1568413677350682,加速度计,0.3220,6.8552,5.7443,,,,,,,
1568413687369432,加速度计,1.7071,7.7985,3.6470,,,,,,,
1568413691135891,陀螺仪,,,,,,,,0.0348,0.0517,0.0262
1568413697388182,加速度计,1.2582,7.8177,4.6052,,,,,,,
1568413707406932,加速度计,-0.9906,7.1287,7.7632,,,,,,,
1568413711173391,陀螺仪,,,,,,,,0.0141,0.0012,-0.0606
1568413717425682,加速度计,1.2809,7.9164,9.5080,,,,,,,
1568413727444432,加速度计,1.9064,7.6567,7.2179,,,,,,,
1568413731210891,陀螺仪,,,,,,,,0.0708,0.0119,-0.0879
1568413737463182,加速度计,0.9062,7.2544,4.6418,,,,,,,
1568413747481932,加速度计,1.4712,8.4605,3.0119,,,,,,,
1568413751248391,陀螺仪,,,,,,,,-0.0248,-0.0577,-0.2083
1568413757500682,加速度计,1.6634,7.0964,4.8985,,,,,,,
1568413767519432,加速度计,0.8829,6.8199,9.4768,,,,,,,
1568413771285891,陀螺仪,,,,,,,,-0.0859,-0.1917,-0.2795
1568413777538182,加速度计,1.6694,6.2746,11.7735,,,,,,,
1568413787556932,加速度计,-0.9738,7.8721,10.1245,,,,,,,
1568413791323391,陀螺仪,,,,,,,,0.1003,-0.0533,-0.2047
1568413797575734,加速度计,0.9146,7.0449,6.4524,,,,,,,
1568413807596672,加速度计,1.4617,7.7063,1.5113,,,,,,,
1568413811364484,陀螺仪,,,,,,,,0.0402,-0.0336,-0.2248
1568413817615786,加速度计,0.9313,6.2147,6.2806,,,,,,,
1568413827626620,加速度计,0.1119,4.7567,7.9224,,,,,,,
1568413831386411,陀螺仪,,,,,,,,0.0216,-0.0716,-0.2410
1568413837637766,加速度计,-0.1496,6.7331,8.1223,,,,,,,
1568413847649641,加速度计,1.0690,7.2221,8.9172,,,,,,,
1568413857662349,加速度计,-0.4752,7.2514,4.9033,,,,,,,
1568413851410786,陀螺仪,,,,,,,,0.0667,-0.0642,-0.1921
1568413867676203,加速度计,1.3060,8.5407,4.4107,,,,,,,
