timestamp_ns,传感器类型,ax(m/s²),ay(m/s²),az(m/s²),纬度,经度,速度(m/s),航向角(°),gx(rad/s),gy(rad/s),gz(rad/s)
78999390482597,加速度计,-0.2867,7.4154,6.5080,,,,,,,
78999400502389,加速度计,-0.3202,7.3694,6.4961,,,,,,,
78999410521451,加速度计,-0.3597,7.3304,6.5577,,,,,,,
78999420540201,加速度计,-0.3460,7.3789,6.5631,,,,,,,
78999430558951,加速度计,-0.3226,7.4478,6.5529,,,,,,,
78999440578847,加速度计,-0.3100,7.4627,6.5194,,,,,,,
78999450599524,加速度计,-0.3065,7.4286,6.4979,,,,,,,
78999453111764,陀螺仪,,,,,,,,-0.0079,-0.0254,0.0353
78999460615774,加速度计,-0.3184,7.3879,6.5086,,,,,,,
78999470636868,加速度计,-0.2448,7.4124,6.5134,,,,,,,
78999473151191,陀螺仪,,,,,,,,-0.0093,-0.0213,0.0467
78999480655305,加速度计,-0.1927,7.4352,6.5176,,,,,,,
78999490671972,加速度计,-0.1598,7.4220,6.5386,,,,,,,
78999507105540,GPS,,,,31.9407,118.7900,0.0000,,,,
78999493184524,陀螺仪,,,,,,,,-0.0088,-0.0137,0.0605
78999500688639,加速度计,-0.0766,7.3795,6.5314,,,,,,,
78999510705305,加速度计,-0.0012,7.3275,6.5368,,,,,,,
78999513217858,陀螺仪,,,,,,,,-0.0083,-0.0029,0.0712
78999520721972,加速度计,0.0670,7.3263,6.5481,,,,,,,
78999530739003,加速度计,0.1143,7.3352,6.5739,,,,,,,
78999533252128,陀螺仪,,,,,,,,-0.0056,0.0061,0.0759
78999540756451,加速度计,0.1652,7.3448,6.5948,,,,,,,
78999550774316,加速度计,0.1532,7.3508,6.6044,,,,,,,
78999553288066,陀螺仪,,,,,,,,-0.0056,0.0108,0.0772
78999560792597,加速度计,0.1838,7.3400,6.5960,,,,,,,
78999570811295,加速度计,0.1826,7.3430,6.5529,,,,,,,
78999573325670,陀螺仪,,,,,,,,-0.0044,0.0105,0.0700
78999580830410,加速度计,0.1736,7.3646,6.5463,,,,,,,
78999590849941,加速度计,0.1814,7.4101,6.5404,,,,,,,
78999593364941,陀螺仪,,,,,,,,-0.0043,0.0023,0.0514
78999600869889,加速度计,0.1077,7.4675,6.5134,,,,,,,
78999610890253,加速度计,0.0826,7.4729,6.4787,,,,,,,
78999613405878,陀螺仪,,,,,,,,-0.0045,-0.0146,0.0238
78999620911035,加速度计,0.0269,7.4974,6.4087,,,,,,,
78999630931868,加速度计,0.0557,7.5328,6.3680,,,,,,,
78999633447545,陀螺仪,,,,,,,,-0.0045,-0.0288,0.0011
78999640952701,加速度计,0.0724,7.5537,6.3644,,,,,,,
78999650973535,加速度计,0.0587,7.5579,6.3656,,,,,,,
78999653489212,陀螺仪,,,,,,,,-0.0044,-0.0338,-0.0117
78999660994368,加速度计,0.0443,7.5699,6.3500,,,,,,,
78999671015201,加速度计,0.0275,7.5609,6.3416,,,,,,,
78999673530878,陀螺仪,,,,,,,,-0.0027,-0.0296,-0.0077
78999681036035,加速度计,0.0437,7.5220,6.3285,,,,,,,
78999691055774,加速度计,0.0473,7.4693,6.3572,,,,,,,
78999693570253,陀螺仪,,,,,,,,-0.0020,-0.0208,0.0047
78999701074993,加速度计,0.0329,7.4017,6.4087,,,,,,,
78999711093795,加速度计,0.0018,7.2544,6.4913,,,,,,,
78999713611764,陀螺仪,,,,,,,,0.0001,-0.0113,0.0152
78999721115149,加速度计,0.0551,7.1557,6.5948,,,,,,,
78999731128899,加速度计,0.3496,7.1395,6.8085,,,,,,,
78999741142910,加速度计,1.0121,7.0713,7.1485,,,,,,,
78999733639420,陀螺仪,,,,,,,,0.0009,-0.0039,0.0233
78999751157337,加速度计,1.7142,7.0569,7.5280,,,,,,,
78999753668483,陀螺仪,,,,,,,,0.0029,0.0325,0.0178
78999761172180,加速度计,2.0027,7.0976,7.7931,,,,,,,
78999771187701,加速度计,2.1015,7.1275,7.9051,,,,,,,
78999773699941,陀螺仪,,,,,,,,0.0065,0.0957,0.0222
78999781204055,加速度计,1.7316,6.2740,7.6369,,,,,,,
78999791221243,加速度计,1.0205,5.2385,7.1658,,,,,,,
78999793734733,陀螺仪,,,,,,,,0.0146,0.1451,0.0598
78999801239264,加速度计,0.2975,5.4001,6.8522,,,,,,,
78999811258118,加速度计,-0.2221,6.6391,6.9013,,,,,,,
78999821277805,加速度计,0.1077,7.6836,7.3442,,,,,,,
78999813772858,陀螺仪,,,,,,,,0.0133,0.1140,0.0350
78999831298326,加速度计,0.1706,7.6237,7.8500,,,,,,,
78999833814316,陀螺仪,,,,,,,,0.0225,0.0269,-0.1308
78999841319680,加速度计,-0.4088,7.2700,6.9133,,,,,,,
78999851341608,加速度计,-0.9403,7.0521,5.8083,,,,,,,
78999853858378,陀螺仪,,,,,,,,0.0260,-0.0529,-0.2526
78999861363951,加速度计,-0.8033,7.2107,5.6934,,,,,,,
78999871386712,加速度计,-0.2855,7.5663,6.5894,,,,,,,
78999873903951,陀螺仪,,,,,,,,0.0023,-0.0690,-0.2397
78999881409628,加速度计,0.3502,7.6848,7.4543,,,,,,,
78999891432545,加速度计,0.3903,7.0024,7.6728,,,,,,,
78999901455201,加速度计,-1.3132,4.9608,6.4637,,,,,,,
78999893949628,陀螺仪,,,,,,,,0.0258,-0.0152,-0.1819
78999911475618,加速度计,-1.5856,7.6213,5.1074,,,,,,,
78999913989889,陀螺仪,,,,,,,,0.0391,0.0033,-0.0716
78999921494524,加速度计,0.7733,8.0966,4.9183,,,,,,,
78999931513274,加速度计,0.6955,9.5654,5.5569,,,,,,,
78999941532024,加速度计,-1.2079,9.8078,5.4899,,,,,,,
78999934027389,陀螺仪,,,,,,,,0.0145,0.0413,-0.1112
78999951550774,加速度计,-1.6712,8.7544,5.5935,,,,,,,
78999954065670,陀螺仪,,,,,,,,0.0019,0.1216,0.0344
78999961570826,加速度计,-3.0221,7.0970,6.7918,,,,,,,
78999971592649,加速度计,-0.7063,7.1299,6.6565,,,,,,,
78999974102701,陀螺仪,,,,,,,,0.0268,0.2007,0.2396
78999981605983,加速度计,-0.1101,7.2796,6.5116,,,,,,,
78999991619524,加速度计,-0.0551,7.8967,5.7844,,,,,,,
79000001633483,加速度计,0.6524,7.7045,6.5314,,,,,,,
78999994129993,陀螺仪,,,,,,,,0.0205,0.2284,0.2443
79000011648066,加速度计,0.3525,7.5429,6.5793,,,,,,,
79000032182936,GPS,,,,31.9407,118.7900,0.0000,0.0000,,,
79000021663483,加速度计,0.1712,6.7337,7.4053,,,,,,,
79000014159576,陀螺仪,,,,,,,,0.0111,0.1972,0.1884
79000031679733,加速度计,-1.3108,6.6762,6.5673,,,,,,,
79000034192493,陀螺仪,,,,,,,,0.0274,0.1740,0.2169
79000041696816,加速度计,2.1255,7.9074,6.0932,,,,,,,
79000051714733,加速度计,2.7246,7.6956,6.7163,,,,,,,
79000054228743,陀螺仪,,,,,,,,0.0100,0.2019,0.1075
79000061733483,加速度计,0.6865,7.3185,6.4536,,,,,,,
79000071753066,加速度计,-1.2516,6.9180,6.2638,,,,,,,
79000074268326,陀螺仪,,,,,,,,0.0357,0.1599,0.0751
79000081773483,加速度计,-0.3531,7.9930,5.2559,,,,,,,
79000091794733,加速度计,1.5526,8.7795,4.9698,,,,,,,
79000094311139,陀螺仪,,,,,,,,0.0152,0.1425,0.0767
79000101816608,加速度计,2.0524,8.4737,5.7898,,,,,,,
79000111838899,加速度计,1.3563,7.7698,6.2429,,,,,,,
79000121861608,加速度计,0.9798,7.7111,5.7527,,,,,,,
79000114355930,陀螺仪,,,,,,,,0.0330,0.1622,-0.0091
79000131884524,加速度计,0.2693,8.8041,4.3838,,,,,,,
79000134401764,陀螺仪,,,,,,,,0.0530,0.1277,-0.0463
79000141907441,加速度计,-1.1396,9.3440,4.0336,,,,,,,
79000151930358,加速度计,-0.7446,8.8101,5.6288,,,,,,,
79000154446868,陀螺仪,,,,,,,,0.0224,0.0427,-0.0642
79000161951816,加速度计,0.0257,8.9962,5.5282,,,,,,,
79000171971399,加速度计,0.8769,8.7556,5.3463,,,,,,,
79000174485722,陀螺仪,,,,,,,,0.0461,-0.0080,-0.2073
79000181990358,加速度计,0.4214,8.5449,4.6513,,,,,,,
79000192009108,加速度计,-0.8434,8.5796,4.5627,,,,,,,
79000202027858,加速度计,-0.8206,8.6287,5.3403,,,,,,,
79000194523222,陀螺仪,,,,,,,,0.0293,-0.0775,-0.3394
79000212046816,加速度计,-0.6710,8.4557,5.9891,,,,,,,
79000214562285,陀螺仪,,,,,,,,0.0254,-0.1905,-0.4077
79000222066816,加速度计,0.6003,8.4042,6.0950,,,,,,,
79000232085149,加速度计,1.4234,8.2510,5.7371,,,,,,,
79000234598951,陀螺仪,,,,,,,,0.0399,-0.2736,-0.5776
79000242103483,加速度计,0.9732,8.0834,5.4690,,,,,,,
79000252121816,加速度计,0.2143,7.9763,5.5635,,,,,,,
79000254635618,陀螺仪,,,,,,,,0.0386,-0.2899,-0.6618
79000262140149,加速度计,-0.5142,8.1271,5.3846,,,,,,,
79000272158483,加速度计,-0.4160,8.0667,5.5486,,,,,,,
79000274672285,陀螺仪,,,,,,,,0.0252,-0.2619,-0.5900
79000282176816,加速度计,-0.4423,8.1175,5.5138,,,,,,,
79000292195149,加速度计,-0.9481,8.1924,5.4636,,,,,,,
79000294708951,陀螺仪,,,,,,,,0.0153,-0.2535,-0.5599
79000302213483,加速度计,-0.9697,8.1672,5.7066,,,,,,,
79000312231816,加速度计,-1.1169,8.2971,5.4444,,,,,,,
79000314745618,陀螺仪,,,,,,,,0.0198,-0.2944,-0.6067
79000322250149,加速度计,-1.4036,8.5311,5.0476,,,,,,,
79000332268483,加速度计,-2.1069,8.6245,4.8596,,,,,,,
79000334782285,陀螺仪,,,,,,,,0.0144,-0.3527,-0.6569
79000342286816,加速度计,-2.2332,8.8316,4.6849,,,,,,,
79000352305149,加速度计,-2.4343,9.1123,4.9584,,,,,,,
79000354819108,陀螺仪,,,,,,,,0.0085,-0.4032,-0.6479
79000362323743,加速度计,-2.1512,9.4194,4.8536,,,,,,,
79000372342493,加速度计,-1.6299,9.4116,4.3449,,,,,,,
79000382361503,加速度计,-1.3970,9.1435,3.7733,,,,,,,
79000374856764,陀螺仪,,,,,,,,0.0084,-0.4097,-0.6132
79000392380670,加速度计,-1.5407,9.0184,4.0941,,,,,,,
79000402399837,加速度计,-1.8004,9.0136,4.7333,,,,,,,
79000394895097,陀螺仪,,,,,,,,-0.0045,-0.3831,-0.5824
79000412419003,加速度计,-1.7669,9.4014,5.1445,,,,,,,
79000414933430,陀螺仪,,,,,,,,0.0093,-0.3719,-0.4764
79000422438170,加速度计,-1.1229,9.7570,4.4897,,,,,,,
79000432457337,加速度计,-0.3915,9.9545,3.1801,,,,,,,
79000442476503,加速度计,0.0341,9.2009,4.0324,,,,,,,
79000434971764,陀螺仪,,,,,,,,0.0033,-0.3352,-0.3529
79000452495670,加速度计,-0.4082,8.5527,5.6467,,,,,,,
79000462517441,加速度计,-0.9337,8.8579,5.5749,,,,,,,
79000455011660,陀螺仪,,,,,,,,0.0003,-0.2517,-0.2551
79000472543899,加速度计,-0.6482,10.0562,4.6549,,,,,,,
79000482560566,加速度计,-0.5058,9.9491,3.2477,,,,,,,
79000475056451,陀螺仪,,,,,,,,0.0272,-0.1655,-0.1024
79000492577233,加速度计,-0.4256,8.7071,5.3702,,,,,,,
79000495089785,陀螺仪,,,,,,,,-0.0190,-0.1049,-0.0249
79000502593899,加速度计,-0.9415,6.9767,7.5980,,,,,,,
79000512610566,加速度计,-1.5694,8.3881,5.6108,,,,,,,
79000522627493,加速度计,-1.1965,10.6033,4.2707,,,,,,,
79000515123274,陀螺仪,,,,,,,,0.0646,-0.0882,0.0117
79000532644837,加速度计,-1.0247,10.1041,4.6304,,,,,,,
79000535158170,陀螺仪,,,,,,,,0.0240,-0.1165,0.0148
79000542662597,加速度计,-2.3326,6.7965,3.5219,,,,,,,
79000552680774,加速度计,-1.0780,7.0647,6.8480,,,,,,,
79000555194733,陀螺仪,,,,,,,,0.0541,-0.1330,0.0696
79000562699368,加速度计,-0.5339,10.4896,0.7578,,,,,,,
79000572718378,加速度计,-0.0820,9.1566,1.5760,,,,,,,
79000575232962,陀螺仪,,,,,,,,-0.0310,-0.1254,0.0274
79000582737805,加速度计,-0.6027,7.4148,5.4103,,,,,,,
79000592757649,加速度计,0.0036,7.9248,8.1289,,,,,,,
79000595272858,陀螺仪,,,,,,,,-0.0258,-0.1157,-0.0174
79000602777910,加速度计,-0.4992,9.4757,7.4142,,,,,,,
79000612798587,加速度计,-1.5173,9.7384,4.0187,,,,,,,
79000615314264,陀螺仪,,,,,,,,0.0047,-0.1055,0.0451
79000622819420,加速度计,-0.6261,7.9859,3.7487,,,,,,,
79000632840253,加速度计,-1.1636,7.4980,4.4843,,,,,,,
79000635355930,陀螺仪,,,,,,,,-0.0288,-0.0755,0.1330
79000642861087,加速度计,-0.8080,8.5335,5.3618,,,,,,,
79000652881920,加速度计,0.5393,10.4926,5.3654,,,,,,,
79000655397597,陀螺仪,,,,,,,,-0.0129,-0.0009,0.2362
79000662902753,加速度计,-0.2412,10.3519,4.3173,,,,,,,
79000672923587,加速度计,-0.1814,7.4795,5.9107,,,,,,,
79000682943378,加速度计,-0.6243,7.4765,4.8153,,,,,,,
79000675438639,陀螺仪,,,,,,,,-0.0284,0.0756,0.3093
79000692962545,加速度计,-2.0680,8.8909,2.8084,,,,,,,
79000695476816,陀螺仪,,,,,,,,-0.0228,0.0826,0.3915
79000702981451,加速度计,-1.3108,9.0208,3.1747,,,,,,,
79000713001243,加速度计,-0.9194,8.8316,5.4761,,,,,,,
79000715515930,陀螺仪,,,,,,,,-0.0563,0.0847,0.4241
79000723020149,加速度计,-1.2204,8.7071,4.4311,,,,,,,
79000733037233,加速度计,-0.3017,8.2456,5.8784,,,,,,,
79000735550097,陀螺仪,,,,,,,,-0.0369,0.1206,0.4422
79000743054316,加速度计,-0.1820,9.3775,5.2607,,,,,,,
79000753071399,加速度计,-0.6369,10.0904,5.6850,,,,,,,
79000755584264,陀螺仪,,,,,,,,-0.0073,0.1453,0.4607
79000763088483,加速度计,-0.0916,8.8143,3.6302,,,,,,,
79000773105566,加速度计,0.6794,7.3275,4.7579,,,,,,,
79000775618639,陀螺仪,,,,,,,,0.0246,0.1095,0.4325
79000783122962,加速度计,1.0068,9.2536,1.9459,,,,,,,
79000793140774,加速度计,0.4513,8.9633,5.6437,,,,,,,
79000795654472,陀螺仪,,,,,,,,0.0120,0.0571,0.3159
79000803159003,加速度计,1.3234,10.8589,5.2056,,,,,,,
79000813177649,加速度计,0.6644,11.3312,4.0797,,,,,,,
79000815691972,陀螺仪,,,,,,,,0.0222,-0.0224,0.2037
79000823196712,加速度计,0.3753,8.6311,3.0466,,,,,,,
79000833216191,加速度计,-0.6470,10.4082,0.8900,,,,,,,
79000835731139,陀螺仪,,,,,,,,-0.0048,-0.1174,0.0776
79000843236087,加速度计,-0.9200,8.9304,1.8591,,,,,,,
79000853256399,加速度计,-1.0505,8.1636,1.0540,,,,,,,
79000855771764,陀螺仪,,,,,,,,-0.0490,-0.2565,-0.0706
79000863276816,加速度计,-0.0593,10.3166,-2.1518,,,,,,,
79000873297233,加速度计,0.2269,8.9507,4.2276,,,,,,,
79000883317649,加速度计,-1.6819,8.8196,6.9695,,,,,,,
79000875812597,陀螺仪,,,,,,,,-0.2120,-0.3178,-0.2535
79000893338066,加速度计,-1.0546,10.1688,8.5126,,,,,,,
79000895853430,陀螺仪,,,,,,,,-0.1340,-0.2983,-0.1812
79000903358483,加速度计,-1.2216,7.3813,10.7278,,,,,,,
79000913378899,加速度计,-1.8747,7.3257,9.3553,,,,,,,
79000915894264,陀螺仪,,,,,,,,0.0140,-0.2131,0.1304
79000923399316,加速度计,-0.1425,9.0842,6.1525,,,,,,,
79000933419420,加速度计,1.0690,11.1761,4.4796,,,,,,,
79000935934055,陀螺仪,,,,,,,,0.0136,-0.1077,0.3501
79000943438795,加速度计,2.7276,11.8645,2.3601,,,,,,,
79000953457649,加速度计,0.9786,6.9252,8.9178,,,,,,,
79000963480149,加速度计,-0.3142,6.2399,4.2940,,,,,,,
79000955974264,陀螺仪,,,,,,,,-0.1013,0.0249,0.3995
79000973499680,加速度计,1.4150,4.5562,8.1367,,,,,,,
79000976003066,陀螺仪,,,,,,,,-0.0471,0.1338,0.5099
79000983504160,加速度计,1.5778,8.0170,5.8945,,,,,,,
79000993509368,加速度计,0.0239,6.7690,7.4124,,,,,,,
79000996014316,陀螺仪,,,,,,,,-0.0643,0.2228,0.6049
79001003516035,加速度计,1.4802,7.7177,8.5647,,,,,,,
79001013524680,加速度计,-0.1443,6.0567,6.6750,,,,,,,
79001016032649,陀螺仪,,,,,,,,-0.0429,0.2633,0.6646
79001023535410,加速度计,-0.0904,6.5362,7.1066,,,,,,,
79001033548535,加速度计,-0.4280,6.1118,7.1814,,,,,,,
79001036060149,陀螺仪,,,,,,,,-0.0237,0.2803,0.6625
79001043564160,加速度计,-0.3454,7.7776,4.2521,,,,,,,
79001053582285,加速度计,-0.9301,6.8289,7.5794,,,,,,,
79001056097649,陀螺仪,,,,,,,,-0.0602,0.2534,0.5659
79001063602910,加速度计,-1.0169,6.9246,5.9765,,,,,,,
79001073625722,加速度计,-1.2743,7.7943,9.4427,,,,,,,
79001076144316,陀螺仪,,,,,,,,-0.0726,0.2325,0.5112
79001083650618,加速度计,-1.1366,7.6124,8.8418,,,,,,,
79001093677285,加速度计,-1.8878,5.9693,8.8394,,,,,,,
79001096198274,陀螺仪,,,,,,,,-0.0369,0.2256,0.5770
79001103705305,加速度计,-0.3262,5.8347,7.9697,,,,,,,
79001113734264,加速度计,0.7135,5.6479,6.9510,,,,,,,
79001116256399,陀螺仪,,,,,,,,0.0007,0.2663,0.6184
79001123763743,加速度计,0.8260,7.0072,5.9801,,,,,,,
79001133793326,加速度计,0.7147,6.1681,7.5645,,,,,,,
79001136312649,陀螺仪,,,,,,,,-0.0510,0.3033,0.5786
79001143818535,加速度计,-1.2109,5.8628,9.7468,,,,,,,
79001153838847,加速度计,0.4214,7.4825,6.0029,,,,,,,
79001156353066,陀螺仪,,,,,,,,0.0083,0.2964,0.6077
79001163857701,加速度计,0.5052,6.8205,5.9251,,,,,,,
79001173876451,加速度计,-0.9080,6.5667,6.3392,,,,,,,
79001176390566,陀螺仪,,,,,,,,0.0068,0.2646,0.5651
79001183895201,加速度计,0.4890,8.3163,6.7199,,,,,,,
79001193913951,加速度计,1.7125,9.1800,5.2798,,,,,,,
79001196428066,陀螺仪,,,,,,,,0.0200,0.2160,0.4589
79001203932701,加速度计,1.1600,9.0495,5.5707,,,,,,,
79001213953639,加速度计,0.8769,7.1970,5.9322,,,,,,,
79001216470618,陀螺仪,,,,,,,,-0.0064,0.2087,0.3491
79001223973795,加速度计,2.6228,7.2694,5.2092,,,,,,,
79001233986712,加速度计,0.2209,6.9791,7.1748,,,,,,,
79001236496660,陀螺仪,,,,,,,,-0.0032,0.2344,0.3216
79001243999941,加速度计,0.1329,6.2327,8.5096,,,,,,,
79001254013587,加速度计,0.0377,5.0889,8.6233,,,,,,,
79001264027962,加速度计,1.4910,8.4713,3.7026,,,,,,,
79001256524368,陀螺仪,,,,,,,,0.0891,0.2712,0.4523
79001274043170,加速度计,0.6111,8.2271,4.3844,,,,,,,
79001284059212,加速度计,-0.1107,7.6273,6.8444,,,,,,,
79001276555201,陀螺仪,,,,,,,,0.0168,0.3330,0.4864
79001294076087,加速度计,0.0994,6.8187,5.8778,,,,,,,
79001304094108,加速度计,-0.0880,7.9266,7.4789,,,,,,,
79001296589576,陀螺仪,,,,,,,,-0.0017,0.3699,0.4758
79001314113378,加速度计,-0.8380,8.8238,6.0956,,,,,,,
79001316628535,陀螺仪,,,,,,,,-0.0105,0.4188,0.5400
79001324133587,加速度计,-1.0690,6.7325,8.3629,,,,,,,
79001334154628,加速度计,-0.1909,6.3057,7.4693,,,,,,,
79001336671035,陀螺仪,,,,,,,,0.0164,0.4575,0.6904
79001344176503,加速度计,-0.0180,5.7808,8.0984,,,,,,,
79001354198899,加速度计,-0.5405,6.7786,5.3947,,,,,,,
79001356716035,陀螺仪,,,,,,,,0.0780,0.5180,0.7458
79001364221712,加速度计,-0.0281,7.7644,3.9989,,,,,,,
79001374244941,加速度计,-0.9188,7.1204,7.4130,,,,,,,
79001376762493,陀螺仪,,,,,,,,-0.0107,0.5300,0.7473
79001384268274,加速度计,-0.6716,7.0431,8.7245,,,,,,,
79001394291608,加速度计,-0.5632,8.8113,7.1964,,,,,,,
79001396808535,陀螺仪,,,,,,,,0.0369,0.4949,0.6714
79001404314003,加速度计,-0.8601,8.7969,5.5085,,,,,,,
79001414333899,加速度计,-1.6059,4.2210,8.3061,,,,,,,
79001416848326,陀螺仪,,,,,,,,-0.0091,0.4827,0.6808
79001424353066,加速度计,-0.0401,5.8580,7.4382,,,,,,,
79001434371920,加速度计,0.3813,7.4118,7.2927,,,,,,,
79001436886035,陀螺仪,,,,,,,,0.0261,0.4670,0.6280
79001444390670,加速度计,-0.5866,6.4230,7.2993,,,,,,,
79001454409420,加速度计,1.3156,8.5641,6.1717,,,,,,,
79001456923951,陀螺仪,,,,,,,,0.0119,0.4455,0.5752
79001464428795,加速度计,-0.2610,6.3069,8.2780,,,,,,,
79001474448274,加速度计,0.5668,5.8000,8.4096,,,,,,,
79001476962389,陀螺仪,,,,,,,,0.0473,0.3989,0.5208
79001484467024,加速度计,1.3420,6.2950,7.1036,,,,,,,
79001494485774,加速度计,4.5173,6.9180,4.9644,,,,,,,
79001496999889,陀螺仪,,,,,,,,0.0916,0.3850,0.4029
79001504504524,加速度计,2.9700,7.3161,5.1326,,,,,,,
79001514523274,加速度计,1.7250,8.8951,7.4627,,,,,,,
79001517037389,陀螺仪,,,,,,,,0.0399,0.3708,0.2362
79001524542024,加速度计,1.6041,6.7277,7.9972,,,,,,,
79001534560774,加速度计,2.2284,7.7620,6.6319,,,,,,,
79001544579524,加速度计,1.9345,5.1876,8.5880,,,,,,,
79001537074889,陀螺仪,,,,,,,,0.0092,0.2819,0.1427
79001554598274,加速度计,3.3812,5.4426,9.4403,,,,,,,
79001557112389,陀螺仪,,,,,,,,0.0553,0.2253,0.0350
79001564617024,加速度计,2.6372,5.7293,9.6594,,,,,,,
79001574635774,加速度计,3.2082,7.3406,4.9297,,,,,,,
79001577149889,陀螺仪,,,,,,,,0.1318,0.1720,-0.1202
79001584654524,加速度计,2.7456,8.2965,4.9015,,,,,,,
79001594673274,加速度计,1.3390,7.2095,7.1856,,,,,,,
79001597187389,陀螺仪,,,,,,,,0.0878,0.0559,-0.2900
79001604692024,加速度计,2.9658,8.4701,5.8472,,,,,,,
79001614710774,加速度计,1.2181,9.1429,2.6228,,,,,,,
79001617224889,陀螺仪,,,,,,,,0.0531,-0.0640,-0.5300
79001624729524,加速度计,0.5381,5.6641,4.0953,,,,,,,
79001634748274,加速度计,2.1476,7.6818,7.1593,,,,,,,
79001644767024,加速度计,0.2197,6.8432,5.9251,,,,,,,
79001637262389,陀螺仪,,,,,,,,0.0132,-0.2005,-0.7321
79001654785774,加速度计,-0.3645,7.6201,5.6467,,,,,,,
79001657299889,陀螺仪,,,,,,,,-0.0258,-0.3072,-0.8402
79001664804524,加速度计,-0.2741,6.6553,10.4076,,,,,,,
79001674823274,加速度计,0.6979,6.2261,8.3971,,,,,,,
79001677337389,陀螺仪,,,,,,,,0.0811,-0.4216,-0.9293
79001684842024,加速度计,3.3010,7.8829,3.2423,,,,,,,
79001694860774,加速度计,2.2655,9.9575,2.2182,,,,,,,
79001697374889,陀螺仪,,,,,,,,0.0623,-0.4607,-1.0531
79001704879524,加速度计,1.8447,9.9347,4.1288,,,,,,,
79001714904941,加速度计,0.1688,7.9553,9.9503,,,,,,,
79001717421399,陀螺仪,,,,,,,,-0.0567,-0.5081,-1.0581
79001724924785,加速度计,1.5862,4.3269,9.7175,,,,,,,
79001734938535,加速度计,3.1005,3.1735,8.3001,,,,,,,
79001737449160,陀螺仪,,,,,,,,0.0423,-0.5559,-1.1204
79001744952649,加速度计,6.0627,5.3929,7.7273,,,,,,,
79001754967180,加速度计,2.2889,7.5651,6.9180,,,,,,,
79001757478430,陀螺仪,,,,,,,,0.0943,-0.4926,-1.1867
79001764982128,加速度计,2.5139,8.6485,6.2070,,,,,,,
79001774997858,加速度计,3.1029,9.2320,5.6186,,,,,,,
79001777510305,陀螺仪,,,,,,,,0.0537,-0.4011,-1.0317
79001785014420,加速度计,1.5083,6.9540,5.3893,,,,,,,
79001795031816,加速度计,1.0104,6.9025,4.7603,,,,,,,
79001797545514,陀螺仪,,,,,,,,0.0329,-0.3458,-0.9306
79001805050045,加速度计,2.2500,7.5543,7.3897,,,,,,,
79001815069108,加速度计,1.4587,6.6685,8.2815,,,,,,,
79001817584055,陀螺仪,,,,,,,,0.0453,-0.3313,-0.9037
79001825089003,加速度计,0.1107,8.1684,9.0154,,,,,,,
79001835109733,加速度计,0.9176,10.4417,3.7685,,,,,,,
79001837625930,陀螺仪,,,,,,,,0.0694,-0.3116,-0.8278
79001845131295,加速度计,0.0802,6.8229,5.8508,,,,,,,
79001855154420,加速度计,0.1448,6.4943,2.2320,,,,,,,
79001857689003,陀螺仪,,,,,,,,0.0218,-0.3273,-0.8112
79001865192805,加速度计,-1.1001,7.5549,7.4849,,,,,,,
79001884245539,GPS,,,,31.9405,118.7898,1.5500,294.7000,,,
79001875208222,加速度计,0.6165,8.0870,10.3753,,,,,,,
79001877719837,陀螺仪,,,,,,,,0.0694,-0.3530,-0.8266
79001885223639,加速度计,0.7494,10.3705,6.1196,,,,,,,
79001895239212,加速度计,-1.0552,8.3941,1.9309,,,,,,,
79001897751191,陀螺仪,,,,,,,,0.0746,-0.4093,-0.8918
79001905255201,加速度计,-0.9038,5.9460,4.2335,,,,,,,
79001915271608,加速度计,-0.8978,7.3664,6.1435,,,,,,,
79001917786555,陀螺仪,,,,,,,,0.0204,-0.5314,-0.9577
79001925293795,加速度计,0.7697,8.6838,6.9821,,,,,,,
79001935321295,加速度计,0.8835,9.9234,6.2219,,,,,,,
79001937838222,陀螺仪,,,,,,,,0.0615,-0.6297,-1.1108
79001945342962,加速度计,0.7889,8.2049,6.6277,,,,,,,
79001955362024,加速度计,0.2412,6.8953,3.7230,,,,,,,
79001957876139,陀螺仪,,,,,,,,0.0724,-0.6942,-1.2284
79001965380774,加速度计,-0.2628,7.8033,4.1599,,,,,,,
79001975399524,加速度计,0.5746,7.5782,7.8751,,,,,,,
79001977913639,陀螺仪,,,,,,,,0.0714,-0.7685,-1.2705
79001985418274,加速度计,-0.5752,8.9639,5.2684,,,,,,,
79001995437024,加速度计,1.1103,9.9784,5.6533,,,,,,,
79001997951139,陀螺仪,,,,,,,,0.0984,-0.8203,-1.2485
79002005455774,加速度计,-0.3430,8.4701,2.5385,,,,,,,
79002015474524,加速度计,1.2959,6.5685,9.9036,,,,,,,
79002017988639,陀螺仪,,,,,,,,0.0445,-0.8461,-1.2492
79002025493274,加速度计,-0.9882,8.1361,4.4203,,,,,,,
79002035512024,加速度计,-0.9738,9.7893,5.1493,,,,,,,
79002038026139,陀螺仪,,,,,,,,0.1007,-0.8638,-1.1488
79002045530774,加速度计,-0.9254,7.8272,4.6627,,,,,,,
79002055549524,加速度计,0.5405,6.7337,4.4430,,,,,,,
79002058063639,陀螺仪,,,,,,,,0.0304,-0.7864,-0.9658
79002065568274,加速度计,-0.7404,7.8392,6.2938,,,,,,,
79002075587024,加速度计,-0.5986,10.0401,9.0794,,,,,,,
79002078101139,陀螺仪,,,,,,,,0.0702,-0.6493,-0.7336
79002085605774,加速度计,0.1191,9.5469,10.6602,,,,,,,
79002095624524,加速度计,-0.5932,8.5138,5.6545,,,,,,,
79002098138639,陀螺仪,,,,,,,,0.1531,-0.4621,-0.4061
79002105644837,加速度计,-1.7286,7.0677,4.0013,,,,,,,
79002115676035,加速度计,-2.7701,7.6297,1.0959,,,,,,,
79002118179264,陀螺仪,,,,,,,,0.0839,-0.3196,-0.0581
79002125680358,加速度计,-2.4846,8.9190,5.0123,,,,,,,
79002135685253,加速度计,-1.0977,7.5304,6.2243,,,,,,,
79002138189576,陀螺仪,,,,,,,,0.0640,-0.1457,0.2507
79002145691295,加速度计,-0.4016,9.8366,5.9873,,,,,,,
79002155699003,加速度计,-1.1791,8.9459,5.6228,,,,,,,
79002158205878,陀螺仪,,,,,,,,0.0654,0.0334,0.4847
79002165708535,加速度计,-2.5600,5.9987,2.7677,,,,,,,
79002175720305,加速度计,-2.8138,8.8029,2.3792,,,,,,,
79002178230670,陀螺仪,,,,,,,,0.0205,0.1049,0.6463
79002185734576,加速度计,-2.1117,9.4320,7.6626,,,,,,,
79002195751347,加速度计,-2.0165,8.2169,7.0042,,,,,,,
79002205770618,加速度计,-0.4663,8.4952,5.6449,,,,,,,
79002198265462,陀螺仪,,,,,,,,0.0149,0.1289,0.6900
79002215792389,加速度计,-2.6528,7.5286,4.7621,,,,,,,
79002218310201,陀螺仪,,,,,,,,-0.0140,0.1566,0.6702
79002225816503,加速度计,-0.4459,6.0124,3.5584,,,,,,,
79002235842545,加速度计,0.0533,6.4123,4.6471,,,,,,,
79002245870097,加速度计,-1.5616,9.4529,-0.3394,,,,,,,
79002238363066,陀螺仪,,,,,,,,-0.0298,0.1478,0.5949
79002255898743,加速度计,-0.9242,7.3843,10.0371,,,,,,,
79002258420722,陀螺仪,,,,,,,,-0.1559,0.0920,0.4846
79002265928066,加速度计,0.4076,8.6532,7.4358,,,,,,,
79002275957649,加速度计,-0.2586,8.5515,11.9411,,,,,,,
79002278479420,陀螺仪,,,,,,,,-0.0245,0.0332,0.3743
79002285985826,加速度计,1.5395,7.9859,3.9911,,,,,,,
79002296009160,加速度计,1.5269,8.0122,3.5332,,,,,,,
79002298523535,陀螺仪,,,,,,,,0.0264,0.0345,0.3155
79002306028170,加速度计,1.3114,8.0996,2.1733,,,,,,,
79002316046920,加速度计,1.9184,8.1517,4.4760,,,,,,,
79002318561035,陀螺仪,,,,,,,,-0.0613,0.0364,0.2423
79002326065670,加速度计,2.0225,9.8839,7.8673,,,,,,,
79002336084420,加速度计,0.5046,10.1496,6.2794,,,,,,,
79002338598535,陀螺仪,,,,,,,,-0.0061,0.0373,0.1494
79002346103170,加速度计,0.6045,8.8370,9.9455,,,,,,,
79002356122858,加速度计,0.7889,8.0403,1.9381,,,,,,,
79002358644941,陀螺仪,,,,,,,,0.0651,0.0410,0.1979
79002366147597,加速度计,-0.1299,7.3119,1.6388,,,,,,,
79002376158430,加速度计,1.0331,7.6519,3.8780,,,,,,,
79002378666660,陀螺仪,,,,,,,,-0.0087,0.1055,0.2529
79002386169420,加速度计,1.0594,10.6572,5.2858,,,,,,,
79002396180983,加速度计,0.1514,6.8181,10.8517,,,,,,,
79002406193378,加速度计,0.9978,8.6006,3.3764,,,,,,,
79002398690201,陀螺仪,,,,,,,,-0.0226,0.1706,0.2816
79002416206764,加速度计,-0.3226,6.5386,9.0040,,,,,,,
79002418717597,陀螺仪,,,,,,,,-0.0172,0.2029,0.3072
79002426221399,加速度计,0.5219,7.7806,5.4205,,,,,,,
79002436237285,加速度计,-0.5584,8.6772,7.7518,,,,,,,
79002438750045,陀螺仪,,,,,,,,-0.0258,0.2423,0.3260
79002446254576,加速度计,-0.5986,6.0077,8.1636,,,,,,,
79002456273378,加速度计,-0.1610,6.0484,9.3278,,,,,,,
79002458788274,陀螺仪,,,,,,,,0.0198,0.2782,0.3336
79002466293430,加速度计,-2.0973,7.6273,9.5816,,,,,,,
79002476314733,加速度计,-1.9782,6.2710,9.7468,,,,,,,
79002478831503,陀螺仪,,,,,,,,0.1095,0.2830,0.3791
79002486337285,加速度计,-0.0407,6.5170,3.0574,,,,,,,
79002496360930,加速度计,2.0189,7.2467,0.8158,,,,,,,
79002498879160,陀螺仪,,,,,,,,-0.0021,0.2658,0.3337
79002506385253,加速度计,0.0766,4.3263,4.9327,,,,,,,
79002516409993,加速度计,1.0241,5.6808,9.6241,,,,,,,
79002518928795,陀螺仪,,,,,,,,0.0338,0.2459,0.1579
79002526434993,加速度计,1.1672,10.4902,7.4394,,,,,,,
79002536459993,加速度计,0.9272,9.6810,7.1365,,,,,,,
79002538978326,陀螺仪,,,,,,,,0.0023,0.2056,0.0531
79002546483587,加速度计,0.6189,6.3554,9.6606,,,,,,,
79002556504055,加速度计,1.6316,7.0994,3.3668,,,,,,,
79002559018430,陀螺仪,,,,,,,,0.0471,0.1226,-0.0818
79002566523066,加速度计,0.2801,5.2774,6.3937,,,,,,,
79002576541816,加速度计,1.8525,7.1910,2.6354,,,,,,,
79002579055930,陀螺仪,,,,,,,,0.0128,0.0354,-0.2184
79002586560566,加速度计,2.4475,9.9024,1.7304,,,,,,,
79002596579316,加速度计,0.4292,6.2016,6.2644,,,,,,,
79002599094472,陀螺仪,,,,,,,,-0.1272,-0.0589,-0.4438
79002606601191,加速度计,0.9649,6.2543,9.6373,,,,,,,
79002616631243,加速度计,0.9697,9.4583,8.9675,,,,,,,
79002619125878,陀螺仪,,,,,,,,-0.0389,-0.1599,-0.6127
79002626624160,加速度计,0.9744,7.1455,7.8494,,,,,,,
79002636618326,加速度计,0.8398,6.5541,6.9755,,,,,,,
79002639115358,陀螺仪,,,,,,,,0.0719,-0.2951,-0.8069
79002646614785,加速度计,0.9044,7.9224,1.5610,,,,,,,
79002656614368,加速度计,0.8469,6.7678,2.4942,,,,,,,
79002666617701,加速度计,0.9313,8.1247,4.5789,,,,,,,
79002659116399,陀螺仪,,,,,,,,-0.0305,-0.4780,-1.0137
79002676625410,加速度计,1.1612,10.7069,8.8556,,,,,,,
79002686637701,加速度计,1.9136,8.4569,12.7204,,,,,,,
79002679134108,陀螺仪,,,,,,,,-0.0501,-0.6449,-1.2304
79002696654576,加速度计,1.6562,6.4039,8.8442,,,,,,,
79002699170149,陀螺仪,,,,,,,,0.1575,-0.7135,-1.3326
79002706676035,加速度计,1.0080,6.9959,2.9580,,,,,,,
79002716701868,加速度计,0.8631,7.9817,3.7068,,,,,,,
79002719223691,陀螺仪,,,,,,,,0.1537,-0.7470,-1.3018
79002726731451,加速度计,0.5555,7.7033,4.3628,,,,,,,
79002736764160,加速度计,1.4467,12.5624,2.2607,,,,,,,
79002739290358,陀螺仪,,,,,,,,0.0519,-0.7792,-1.2541
79002746799368,加速度计,0.1431,9.3661,7.1760,,,,,,,
79002756836243,加速度计,0.7171,6.6026,9.6917,,,,,,,
79002766873951,加速度计,2.2128,8.8442,6.7469,,,,,,,
79002759364524,陀螺仪,,,,,,,,0.0672,-0.7129,-1.0951
79002776911868,加速度计,-1.0379,6.5727,4.9279,,,,,,,
79002779435983,陀螺仪,,,,,,,,0.1119,-0.5772,-0.8788
79002786941035,加速度计,-0.0251,7.7806,3.7553,,,,,,,
79002796960618,加速度计,0.8529,7.7249,6.5541,,,,,,,
79002806979368,加速度计,0.1239,7.8434,6.7582,,,,,,,
79002799474733,陀螺仪,,,,,,,,0.0154,-0.4435,-0.5665
79002816998118,加速度计,-1.5646,9.3990,8.6425,,,,,,,
79002819512233,陀螺仪,,,,,,,,0.0808,-0.2973,-0.3139
79002827016868,加速度计,-1.1815,7.8410,7.6369,,,,,,,
79002837035618,加速度计,-0.0437,7.3071,3.0969,,,,,,,
79002847054368,加速度计,-1.5257,7.4801,3.6817,,,,,,,
79002839549733,陀螺仪,,,,,,,,0.0928,-0.1830,-0.0506
79002857075201,加速度计,-3.1963,8.2558,4.5203,,,,,,,
79002867101243,加速度计,-1.9770,9.9228,4.8327,,,,,,,
79002859600149,陀螺仪,,,,,,,,0.0152,-0.1043,0.1232
79002877106035,加速度计,-2.7072,8.3528,8.4144,,,,,,,
79002887111451,加速度计,-2.5007,7.5028,5.6048,,,,,,,
79002879610045,陀螺仪,,,,,,,,-0.0317,-0.0483,0.2316
79002897117910,加速度计,-2.1572,7.8979,6.3883,,,,,,,
79002899623691,陀螺仪,,,,,,,,-0.0250,-0.0003,0.3079
79002907125826,加速度计,-3.9265,7.6998,5.2361,,,,,,,
79002917135618,加速度计,-1.5048,6.4159,9.0196,,,,,,,
79002919646087,陀螺仪,,,,,,,,-0.0016,-0.0077,0.3621
79002927153743,加速度计,-1.3719,6.9731,2.5456,,,,,,,
79002944857153,GPS,,,,31.9405,118.7898,1.8800,294.7000,,,
79002937212805,加速度计,-1.8364,6.9103,1.5850,,,,,,,
79002939739212,陀螺仪,,,,,,,,-0.0184,-0.0282,0.3105
79002947244889,加速度计,-1.3934,8.4060,8.5437,,,,,,,
79002957264993,加速度计,-0.9212,10.5608,9.5720,,,,,,,
79002959779420,陀螺仪,,,,,,,,0.0502,-0.0707,0.2562
79002967284160,加速度计,0.4812,10.1688,4.7106,,,,,,,
79002977303014,加速度计,1.1887,7.7889,2.6282,,,,,,,
79002987321764,加速度计,-0.8601,6.3237,1.3797,,,,,,,
79002979817128,陀螺仪,,,,,,,,0.0184,-0.1329,0.1206
79002997340514,加速度计,0.5770,7.5693,6.4326,,,,,,,
79002999854628,陀螺仪,,,,,,,,-0.0656,-0.2320,-0.0565
79003007359264,加速度计,-1.0600,8.9340,8.0906,,,,,,,
79003017378014,加速度计,-0.4232,9.0986,12.0452,,,,,,,
79003019892128,陀螺仪,,,,,,,,0.1040,-0.3514,-0.1788
79003027396764,加速度计,1.5287,9.2087,8.8723,,,,,,,
79003037415514,加速度计,2.0824,7.2688,-0.3950,,,,,,,
79003039929628,陀螺仪,,,,,,,,0.1711,-0.3550,-0.2615
79003047434264,加速度计,-0.2298,9.0890,-5.8939,,,,,,,
79003057453014,加速度计,1.5251,9.8180,6.5254,,,,,,,
79003067471764,加速度计,-0.5848,7.1126,13.1621,,,,,,,
79003059967128,陀螺仪,,,,,,,,-0.1538,-0.3623,-0.2799
79003077490514,加速度计,0.5590,8.9052,7.9589,,,,,,,
79003080004628,陀螺仪,,,,,,,,0.0209,-0.3340,-0.1820
79003087509264,加速度计,1.8022,6.3375,4.0163,,,,,,,
79003097528014,加速度计,0.3083,7.7776,-1.5700,,,,,,,
79003107548014,加速度计,-0.8978,8.4156,6.2028,,,,,,,
79003100042962,陀螺仪,,,,,,,,-0.0169,-0.2587,-0.1248
79003117573274,加速度计,-0.1826,10.4573,7.1222,,,,,,,
79003120081764,陀螺仪,,,,,,,,-0.1096,-0.2434,0.0043
79003127584524,加速度计,0.3950,8.3617,10.7272,,,,,,,
79003137595983,加速度计,-0.9517,7.9601,5.9071,,,,,,,
79003140104993,陀螺仪,,,,,,,,-0.0031,-0.1603,0.0755
79003147608066,加速度计,-1.8370,5.4881,5.3516,,,,,,,
79003157620983,加速度计,-2.8940,8.8825,1.2001,,,,,,,
79003160131347,陀螺仪,,,,,,,,-0.0269,-0.1189,0.2680
79003167634941,加速度计,-1.6526,9.4236,6.1705,,,,,,,
79003177650149,加速度计,-1.8076,6.8420,7.5513,,,,,,,
79003180162389,陀螺仪,,,,,,,,-0.0274,-0.1233,0.3149
79003187666608,加速度计,0.0024,9.0046,4.4490,,,,,,,
79003197684316,加速度计,-3.2310,7.0270,4.7704,,,,,,,
79003207703274,加速度计,-2.3625,7.1964,7.8572,,,,,,,
79003200198430,陀螺仪,,,,,,,,-0.0792,-0.0927,0.3205
79003217723483,加速度计,-1.2629,6.3075,11.7944,,,,,,,
79003220239472,陀螺仪,,,,,,,,-0.0060,-0.0723,0.3984
79003227744941,加速度计,-2.6001,8.4707,2.3768,,,,,,,
79003237767441,加速度计,-1.6418,8.5090,5.5593,,,,,,,
79003247790774,加速度计,-4.4969,5.1817,15.3432,,,,,,,
79003240284889,陀螺仪,,,,,,,,-0.1076,0.0112,0.5736
79003257814733,加速度计,2.1566,7.5908,11.9884,,,,,,,
79003260333014,陀螺仪,,,,,,,,0.0932,0.0889,0.7605
79003267839108,加速度计,0.8446,6.2776,0.9852,,,,,,,
79003277863691,加速度计,-2.1590,6.7247,-5.8999,,,,,,,
79003280382180,陀螺仪,,,,,,,,-0.0818,0.2671,0.8858
79003287888274,加速度计,0.5297,2.0506,-1.7238,,,,,,,
79003297910983,加速度计,-1.3821,3.9947,7.1575,,,,,,,
79003300426243,陀螺仪,,,,,,,,-0.2308,0.3553,0.9036
79003307930983,加速度计,0.6231,8.7191,24.7058,,,,,,,
79003317949941,加速度计,-1.2611,11.2755,16.4140,,,,,,,
79003320464055,陀螺仪,,,,,,,,0.1232,0.2438,0.6643
79003327968691,加速度计,1.4257,11.7178,9.3206,,,,,,,
79003337987441,加速度计,-2.1668,3.6889,-9.2674,,,,,,,
79003340501555,陀螺仪,,,,,,,,-0.0447,0.2599,0.6663
79003348006191,加速度计,-2.5839,1.2001,7.0455,,,,,,,
79003358029316,加速度计,1.3012,9.2255,11.1378,,,,,,,
79003368055410,加速度计,3.8020,13.9576,11.5311,,,,,,,
79003360557649,陀螺仪,,,,,,,,0.0160,0.2009,0.6206
79003378047180,加速度计,2.4068,7.2538,5.1146,,,,,,,
79003388040566,加速度计,-0.1227,5.0141,-2.0494,,,,,,,
79003380542076,陀螺仪,,,,,,,,0.0344,0.2067,0.3276
79003398038118,加速度计,-2.4535,1.9495,7.2933,,,,,,,
79003400577337,陀螺仪,,,,,,,,-0.0893,0.1434,0.3274
79003408095097,加速度计,1.8094,7.8039,7.2993,,,,,,,
79003418140097,加速度计,2.2009,11.6119,8.4042,,,,,,,
79003420654212,陀螺仪,,,,,,,,-0.0358,0.0792,0.1194
79003428158847,加速度计,1.7406,6.8043,6.5990,,,,,,,
79003438177597,加速度计,1.7298,4.0755,8.3893,,,,,,,
79003440691712,陀螺仪,,,,,,,,-0.0076,0.0585,0.0478
79003448196347,加速度计,1.0427,6.0843,10.6638,,,,,,,
79003458215097,加速度计,2.6869,9.3057,6.5715,,,,,,,
79003460729212,陀螺仪,,,,,,,,0.1403,0.0304,-0.0241
79003468233847,加速度计,1.9465,9.9234,2.2577,,,,,,,
79003478252597,加速度计,3.1645,8.3312,1.1965,,,,,,,
79003480766712,陀螺仪,,,,,,,,-0.0249,0.0374,-0.0921
79003488271347,加速度计,0.1317,6.2991,5.9382,,,,,,,
79003498290097,加速度计,2.1027,6.5805,9.4308,,,,,,,
79003500804212,陀螺仪,,,,,,,,-0.0088,0.0021,-0.2382
79003508308847,加速度计,-1.1031,9.5110,10.1993,,,,,,,
79003518327597,加速度计,0.2729,7.6656,11.3677,,,,,,,
79003520841712,陀螺仪,,,,,,,,0.1393,-0.0586,-0.1901
79003528346347,加速度计,2.2930,8.5952,2.2338,,,,,,,
79003538365097,加速度计,0.4339,3.3615,4.1593,,,,,,,
79003540879212,陀螺仪,,,,,,,,0.1348,-0.0493,-0.2087
79003548383847,加速度计,1.5538,8.4276,-3.3483,,,,,,,
79003558402597,加速度计,0.4345,6.8797,8.3468,,,,,,,
79003560916712,陀螺仪,,,,,,,,-0.0546,-0.0647,-0.2530
79003568421347,加速度计,1.1893,10.7781,7.4436,,,,,,,
79003578440097,加速度计,-1.4994,6.7977,14.3730,,,,,,,
79003580954212,陀螺仪,,,,,,,,0.0714,-0.0983,-0.2744
79003588458847,加速度计,1.7909,9.1243,2.5660,,,,,,,
79003598477597,加速度计,-1.1193,6.8564,1.5437,,,,,,,
79003600993378,陀螺仪,,,,,,,,0.0467,-0.0887,-0.2354
79003608499680,加速度计,0.1556,8.3887,1.7711,,,,,,,
79003618526764,加速度计,0.5860,7.9595,9.7899,,,,,,,
79003628529524,加速度计,-1.0576,8.7041,6.8540,,,,,,,
79003621028847,陀螺仪,,,,,,,,-0.1017,-0.0613,-0.1941
79003638533222,加速度计,-0.3454,7.9757,12.7443,,,,,,,
79003648538430,加速度计,1.0924,7.2802,11.4281,,,,,,,
79003641037024,陀螺仪,,,,,,,,0.0024,-0.0602,-0.1170
79003658545566,加速度计,1.0906,8.1068,1.4012,,,,,,,
79003668555045,加速度计,-0.0473,8.5497,-2.7665,,,,,,,
79003661052493,陀螺仪,,,,,,,,0.1517,0.0088,-0.0350
79003678567024,加速度计,0.3998,6.9815,2.5594,,,,,,,
79003688581764,加速度计,1.7256,8.9878,6.9312,,,,,,,
79003681077858,陀螺仪,,,,,,,,-0.1129,0.0558,0.0277
79003698599420,加速度计,0.2239,7.3179,11.1432,,,,,,,
79003708619993,加速度计,1.7669,10.6243,7.7399,,,,,,,
79003701114628,陀螺仪,,,,,,,,-0.0534,0.0613,-0.0364
79003718643222,加速度计,-0.3394,5.9316,7.2802,,,,,,,
79003728668691,加速度计,1.8818,6.3099,0.2029,,,,,,,
79003721162180,陀螺仪,,,,,,,,0.0256,0.0663,-0.0361
79003738695983,加速度计,0.4794,8.1672,0.2035,,,,,,,
79003748724680,加速度计,1.5892,9.5337,3.5542,,,,,,,
79003741217441,陀螺仪,,,,,,,,-0.0346,0.0198,-0.0827
79003758754368,加速度计,2.7521,7.1503,7.2610,,,,,,,
79003768784628,加速度计,1.8663,9.7366,11.4467,,,,,,,
79003761277076,陀螺仪,,,,,,,,-0.1154,-0.0481,-0.2321
79003778815045,加速度计,0.9355,7.4124,12.8425,,,,,,,
79003788841816,加速度计,0.9116,7.3945,5.3247,,,,,,,
79003781335722,陀螺仪,,,,,,,,0.0585,-0.1253,-0.3948
79003798862753,加速度计,2.7515,8.7317,8.2839,,,,,,,
79003801376868,陀螺仪,,,,,,,,0.1149,-0.2025,-0.4703
79003808881503,加速度计,1.0181,8.5341,5.9771,,,,,,,
79003818900253,加速度计,4.3060,7.2670,7.7806,,,,,,,
79003828919003,加速度计,0.3891,6.1286,-6.5727,,,,,,,
79003821414368,陀螺仪,,,,,,,,0.1362,-0.2385,-0.5898
79003838937753,加速度计,-0.8284,6.1052,4.9895,,,,,,,
79003848956503,加速度计,1.7801,7.3514,13.4357,,,,,,,
79003841451868,陀螺仪,,,,,,,,-0.1261,-0.3308,-0.6938
79003858977076,加速度计,1.3024,9.5553,12.3373,,,,,,,
79003869000149,加速度计,1.3928,7.3987,8.2660,,,,,,,
79003861498222,陀螺仪,,,,,,,,-0.0210,-0.3832,-0.7201
79003879008326,加速度计,4.1090,1.7244,2.0375,,,,,,,
79003889017180,加速度计,0.2981,0.7548,-2.7767,,,,,,,
79003881514941,陀螺仪,,,,,,,,0.0089,-0.3750,-0.7280
79003899026868,加速度计,1.2240,6.7876,-1.9788,,,,,,,
79003909037649,加速度计,-1.9489,7.4454,22.1727,,,,,,,
79003901534889,陀螺仪,,,,,,,,-0.2140,-0.4178,-0.7679
79003919049941,加速度计,0.7919,10.4279,19.0704,,,,,,,
79003921561139,陀螺仪,,,,,,,,0.0337,-0.4314,-0.6437
79003941539861,GPS,,,,31.9406,118.7897,2.1400,309.5000,,,
79003929066816,加速度计,3.9648,10.7542,7.6680,,,,,,,
79003939090045,加速度计,-0.0802,4.3323,1.1875,,,,,,,
79003941608222,陀螺仪,,,,,,,,0.0447,-0.3310,-0.6526
79003949114420,加速度计,-0.6291,2.9096,7.1222,,,,,,,
79003959139628,加速度计,-1.0942,8.8364,9.6624,,,,,,,
79003961659055,陀螺仪,,,,,,,,0.0550,-0.3226,-0.4497
79003969165566,加速度计,-1.9812,11.5347,7.9152,,,,,,,
79003979191816,加速度计,4.6364,6.8133,1.1025,,,,,,,
79003981711555,陀螺仪,,,,,,,,-0.0019,-0.2410,-0.3280
79003989218066,加速度计,0.5094,2.2128,-0.5986,,,,,,,
79003999242649,加速度计,-4.3443,4.5969,3.9444,,,,,,,
79004001757389,陀螺仪,,,,,,,,-0.1478,-0.1814,-0.2337
79004009262128,加速度计,-2.3218,9.0938,18.2845,,,,,,,
79004019281295,加速度计,-0.2682,11.6047,16.0256,,,,,,,
79004021795722,陀螺仪,,,,,,,,0.1394,-0.1481,0.0543
79004029300358,加速度计,1.5562,10.6841,-3.2807,,,,,,,
79004039319108,加速度计,2.1476,3.2453,-7.6417,,,,,,,
79004041833222,陀螺仪,,,,,,,,-0.1521,-0.0586,0.0213
79004049337858,加速度计,-1.5161,2.7551,12.3146,,,,,,,
79004059356608,加速度计,-4.0282,8.8921,19.8072,,,,,,,
79004061870722,陀螺仪,,,,,,,,0.0842,-0.0485,0.1015
79004069375358,加速度计,-2.1775,15.7754,6.0873,,,,,,,
79004079394108,加速度计,0.7165,7.6399,5.3965,,,,,,,
79004081908222,陀螺仪,,,,,,,,0.0948,0.0097,0.2744
79004089412858,加速度计,0.8200,4.7591,1.5862,,,,,,,
79004099431608,加速度计,-0.1233,5.2529,3.1310,,,,,,,
79004109451295,加速度计,-2.7252,13.4913,0.0461,,,,,,,
79004101945722,陀螺仪,,,,,,,,0.0406,0.0413,0.2282
79004119471764,加速度计,0.4579,7.6423,12.7755,,,,,,,
79004129489680,加速度计,-0.9852,9.7570,5.1906,,,,,,,
79004121985253,陀螺仪,,,,,,,,-0.0875,0.0093,0.2382
79004139507597,加速度计,-1.7585,6.7666,7.4130,,,,,,,
79004149525514,加速度计,0.7392,6.2106,7.0270,,,,,,,
79004142021087,陀螺仪,,,,,,,,-0.1039,0.0096,0.2226
79004159543430,加速度计,-0.2634,5.3576,5.5222,,,,,,,
79004162056920,陀螺仪,,,,,,,,-0.0565,0.0304,0.1743
79004169561347,加速度计,0.5489,4.2748,9.9246,,,,,,,
79004179579264,加速度计,-1.2486,8.2157,9.9629,,,,,,,
79004189597180,加速度计,-0.9020,8.6658,2.3242,,,,,,,
79004182092753,陀螺仪,,,,,,,,0.0936,0.0463,0.2320
79004199615097,加速度计,2.3577,9.5978,0.2682,,,,,,,
79004202128587,陀螺仪,,,,,,,,-0.0128,0.0337,0.1964
79004209633014,加速度计,-0.2598,5.7658,6.6912,,,,,,,
79004219651243,加速度计,-2.7503,8.5036,10.9080,,,,,,,
79004222165253,陀螺仪,,,,,,,,0.0389,-0.0017,0.1278
79004229669889,加速度计,-1.5562,9.7468,6.9300,,,,,,,
79004239688951,加速度计,2.1093,8.0020,6.2447,,,,,,,
79004249708430,加速度计,-0.3567,5.5378,0.5411,,,,,,,
79004242203587,陀螺仪,,,,,,,,0.0368,-0.0055,0.1939
79004259728014,加速度计,1.5939,6.4524,2.2290,,,,,,,
79004262242753,陀螺仪,,,,,,,,-0.0960,0.0181,0.1104
79004269747597,加速度计,0.0329,8.6916,13.0735,,,,,,,
79004279767180,加速度计,-2.0806,8.3809,14.9709,,,,,,,
79004282281920,陀螺仪,,,,,,,,0.0691,0.0039,0.0759
79004289786764,加速度计,0.3484,8.3899,6.3895,,,,,,,
79004299806347,加速度计,2.0482,7.3466,-0.0670,,,,,,,
79004302321087,陀螺仪,,,,,,,,0.0671,0.0028,0.0928
79004309825930,加速度计,-1.1247,2.4277,4.6777,,,,,,,
79004319845514,加速度计,0.5357,7.6866,5.2666,,,,,,,
79004322360253,陀螺仪,,,,,,,,0.0309,-0.0434,0.0224
79004329865097,加速度计,0.9942,8.3486,9.4631,,,,,,,
79004339884680,加速度计,0.0497,10.0311,8.8256,,,,,,,
79004349904264,加速度计,-1.3204,5.7168,4.5412,,,,,,,
79004342399420,陀螺仪,,,,,,,,0.1184,-0.0960,-0.1039
79004359931816,加速度计,3.4237,10.2466,4.5837,,,,,,,
79004369951764,加速度计,-0.0868,10.6117,1.6035,,,,,,,
79004362452024,陀螺仪,,,,,,,,0.0985,-0.1356,-0.1246
79004379951243,加速度计,1.2145,6.8277,12.4852,,,,,,,
79004382451608,陀螺仪,,,,,,,,0.0325,-0.1714,-0.2493
79004389951764,加速度计,1.4234,7.7656,6.2890,,,,,,,
79004399954160,加速度计,1.7250,8.6628,10.1813,,,,,,,
79004409958951,加速度计,-0.3699,6.0831,2.0476,,,,,,,
79004402457649,陀螺仪,,,,,,,,0.0402,-0.1666,-0.3069
79004419966555,加速度计,-1.1510,5.8227,8.9340,,,,,,,
79004429977389,加速度计,1.2701,10.1993,11.6963,,,,,,,
79004422474524,陀螺仪,,,,,,,,0.0561,-0.1975,-0.2097
79004439991555,加速度计,1.6658,8.9453,-2.8395,,,,,,,
79004450009055,加速度计,2.7222,5.6485,3.4758,,,,,,,
79004442504524,陀螺仪,,,,,,,,0.0961,-0.2151,-0.2143
79004460029889,加速度计,1.0798,2.2224,-5.1002,,,,,,,
79004462547858,陀螺仪,,,,,,,,-0.0502,-0.1803,-0.2715
79004470054055,加速度计,0.7326,6.5338,6.0903,,,,,,,
79004480081243,加速度计,-1.9351,8.8843,3.0801,,,,,,,
79004490111035,加速度计,0.7159,10.8721,26.6505,,,,,,,
79004482603483,陀螺仪,,,,,,,,-0.2220,-0.1968,-0.2563
79004500142701,加速度计,-1.1893,10.9918,12.5079,,,,,,,
79004510175722,加速度计,1.1313,3.4890,-1.3916,,,,,,,
79004502667441,陀螺仪,,,,,,,,0.0654,-0.1894,-0.2170
79004520209368,加速度计,-1.3509,-0.0844,-1.8136,,,,,,,
79004522734733,陀螺仪,,,,,,,,-0.0583,-0.1395,-0.1687
79004530243118,加速度计,-1.8651,4.1492,2.3882,,,,,,,
79004540269055,加速度计,0.2400,10.2771,19.9551,,,,,,,
79004542784316,陀螺仪,,,,,,,,-0.1169,-0.1633,-0.0498
79004550288951,加速度计,-0.0084,13.7116,9.3853,,,,,,,
79004560307701,加速度计,0.8589,6.5194,4.6232,,,,,,,
79004570326451,加速度计,-2.3768,-0.4016,9.1872,,,,,,,
79004562821816,陀螺仪,,,,,,,,-0.0566,-0.1799,-0.1506
79004580345201,加速度计,4.6633,7.7099,12.9490,,,,,,,
79004590363951,加速度计,-1.4976,9.0561,-11.2348,,,,,,,
79004582859316,陀螺仪,,,,,,,,0.1803,-0.1847,-0.1527
79004600382701,加速度计,2.3661,5.7952,28.0989,,,,,,,
79004602898483,陀螺仪,,,,,,,,-0.2659,-0.1565,-0.0840
79004610405878,加速度计,-2.2452,5.1805,14.3377,,,,,,,
79004620422701,加速度计,0.1802,11.9614,-4.5604,,,,,,,
79004622932128,陀螺仪,,,,,,,,0.1916,-0.1803,-0.1242
79004630435201,加速度计,3.6895,7.9086,-5.1661,,,,,,,
79004640448066,加速度计,0.5201,-0.7195,15.0691,,,,,,,
79004642958066,陀螺仪,,,,,,,,-0.0770,-0.1867,-0.1756
79004650461347,加速度计,-4.4604,8.9729,7.2149,,,,,,,
79004660475410,加速度计,1.0618,14.0923,5.0224,,,,,,,
79004662986608,陀螺仪,,,,,,,,-0.0977,-0.2384,-0.1041
79004670490305,加速度计,3.0748,7.0384,16.1884,,,,,,,
79004680506399,加速度计,-2.1889,4.1617,3.0131,,,,,,,
79004690523743,加速度计,2.4235,10.4609,-2.8072,,,,,,,
79004683019420,陀螺仪,,,,,,,,0.1262,-0.1863,-0.1696
79004700542337,加速度计,0.1413,6.1974,-4.0079,,,,,,,
79004703057233,陀螺仪,,,,,,,,-0.2164,-0.1474,-0.1217
79004710562180,加速度计,-3.5686,4.5627,8.8041,,,,,,,
79004720582910,加速度计,-1.3521,10.1017,21.9249,,,,,,,
79004723099108,陀螺仪,,,,,,,,-0.1570,-0.1997,-0.0451
79004730604472,加速度计,-2.6516,13.0352,11.7011,,,,,,,
79004740626868,加速度计,1.4605,4.7782,-3.1837,,,,,,,
79004743144055,陀螺仪,,,,,,,,0.1380,-0.1478,0.0772
79004750649733,加速度计,-2.3290,1.1349,-12.9634,,,,,,,
79004760673014,加速度计,-2.2811,6.9713,27.3316,,,,,,,
79004763190826,陀螺仪,,,,,,,,-0.2658,-0.0939,0.2449
79004770696712,加速度计,-2.1057,13.4476,3.3818,,,,,,,
79004780720462,加速度计,0.8380,10.2981,16.4691,,,,,,,
79004783238326,陀螺仪,,,,,,,,-0.0479,-0.0569,0.3542
79004790744212,加速度计,-1.0822,1.1229,14.0953,,,,,,,
79004800763951,加速度计,2.5923,6.3464,6.1435,,,,,,,
79004803278378,陀螺仪,,,,,,,,0.4902,0.0844,0.5445
79004810783118,加速度计,2.5462,13.7086,-8.5264,,,,,,,
79004820802285,加速度计,-1.0151,-3.0903,-13.3698,,,,,,,
79004830821087,加速度计,-4.4466,10.0628,32.3983,,,,,,,
79004823316451,陀螺仪,,,,,,,,-0.3173,0.2463,0.5916
79004840839837,加速度计,4.6519,18.7095,5.6365,,,,,,,
79004843353951,陀螺仪,,,,,,,,1.0388,0.0462,0.6378
79004850858587,加速度计,3.5811,13.7942,-22.5211,,,,,,,
79004860878430,加速度计,-1.6520,-8.3408,-9.4727,,,,,,,
79004870897649,加速度计,1.2151,6.0202,47.0568,,,,,,,
79004863393430,陀螺仪,,,,,,,,-0.8274,0.2727,0.3646
79004880914733,加速度计,-2.2380,19.5098,-10.4279,,,,,,,
79004883427597,陀螺仪,,,,,,,,-0.0955,0.1314,0.3075
79004890931816,加速度计,2.8796,13.5380,16.2692,,,,,,,
79004900948899,加速度计,-1.9130,2.6701,6.8570,,,,,,,
79004903461764,陀螺仪,,,,,,,,0.0100,0.1063,0.2497
79004910965983,加速度计,0.8434,4.0127,1.3174,,,,,,,
79004920983066,加速度计,5.6168,6.8097,7.2036,,,,,,,
79004923508014,陀螺仪,,,,,,,,-0.0425,0.0423,0.0455
79004944212882,GPS,,,,31.9406,118.7897,3.1400,319.4000,,,
79004931012233,加速度计,1.3665,8.8232,12.2751,,,,,,,
79004941029316,加速度计,2.6187,9.3751,2.4193,,,,,,,
79004943542180,陀螺仪,,,,,,,,0.0711,-0.0344,-0.1141
79004951046399,加速度计,3.7020,1.2605,8.1361,,,,,,,
79004961063483,加速度计,-2.3062,3.2675,-1.9866,,,,,,,
79004971080566,加速度计,1.1791,10.7877,-2.3056,,,,,,,
79004963576347,陀螺仪,,,,,,,,0.0407,-0.0917,-0.3482
79004981097649,加速度计,-2.2505,11.0456,33.0532,,,,,,,
79004991114941,加速度计,4.8147,16.8606,16.7277,,,,,,,
79004983610618,陀螺仪,,,,,,,,-0.0248,-0.2823,-0.3125
79005001132649,加速度计,0.8877,-3.8164,-1.1714,,,,,,,
79005011150774,加速度计,1.2115,-5.3660,12.3517,,,,,,,
79005003646243,陀螺仪,,,,,,,,0.0465,-0.2531,-0.4325
79005021169316,加速度计,0.0186,13.3908,4.6136,,,,,,,
79005031188274,加速度计,-1.9609,21.1181,22.2948,,,,,,,
79005023683535,陀螺仪,,,,,,,,0.0589,-0.1442,-0.2250
79005041207649,加速度计,1.9776,6.7415,-0.0425,,,,,,,
79005043722493,陀螺仪,,,,,,,,0.2583,-0.1113,-0.0210
79005051227441,加速度计,0.8888,-1.8783,1.6299,,,,,,,
79005061247649,加速度计,2.5546,-0.8410,3.4243,,,,,,,
79005071268066,加速度计,-2.5780,9.6409,4.1869,,,,,,,
79005063763014,陀螺仪,,,,,,,,0.1764,-0.0156,0.0174
79005081288483,加速度计,-0.1652,16.3662,-0.1999,,,,,,,
79005083803847,陀螺仪,,,,,,,,-0.0080,0.0834,0.1859
79005091308899,加速度计,1.5107,15.5312,10.7422,,,,,,,
79005101329316,加速度计,-5.3983,-5.3977,12.5803,,,,,,,
79005103848326,陀螺仪,,,,,,,,0.0647,0.1256,0.3182
79005111365358,加速度计,-2.5905,-4.1911,17.5058,,,,,,,
79005121375045,加速度计,0.1742,6.8648,-6.5685,,,,,,,
79005131374160,加速度计,0.9008,16.3925,-0.2682,,,,,,,
79005123874420,陀螺仪,,,,,,,,0.3924,0.2407,0.5867
79005141374420,加速度计,4.4801,19.1470,4.3155,,,,,,,
79005143876087,陀螺仪,,,,,,,,-0.0217,0.2979,0.5788
79005151376660,加速度计,2.3158,7.7722,10.8362,,,,,,,
79005161381347,加速度计,-5.2038,2.7886,1.0977,,,,,,,
79005163886972,陀螺仪,,,,,,,,-0.0332,0.2896,0.2846
79005171388899,加速度计,1.2270,0.2777,7.2359,,,,,,,
79005181399733,加速度计,1.8932,8.1690,0.3160,,,,,,,
79005183910566,陀螺仪,,,,,,,,-0.0241,0.2350,0.2421
79005191414264,加速度计,-1.5371,10.7703,10.0760,,,,,,,
79005201432545,加速度计,-0.7823,3.9947,17.8135,,,,,,,
79005203948743,陀螺仪,,,,,,,,0.0566,0.1735,0.1481
79005211454212,加速度计,-0.4794,5.2068,8.9166,,,,,,,
79005221479212,加速度计,5.5144,10.9487,-6.8121,,,,,,,
79005224000149,陀螺仪,,,,,,,,0.0602,0.1531,0.0850
79005231507180,加速度计,0.7506,5.8838,0.8326,,,,,,,
79005241537701,加速度计,-0.6692,1.8711,11.4311,,,,,,,
79005244061920,陀螺仪,,,,,,,,-0.0242,0.1168,-0.0622
79005251569993,加速度计,0.9128,5.7030,14.1180,,,,,,,
79005261603587,加速度计,3.4722,12.8563,-1.4700,,,,,,,
79005264129212,陀螺仪,,,,,,,,0.0688,-0.0013,-0.1526
79005271637701,加速度计,4.1587,10.1849,3.7338,,,,,,,
79005281671868,加速度计,3.4806,10.1011,4.1833,,,,,,,
79005284189733,陀螺仪,,,,,,,,-0.2293,-0.0598,-0.4172
79005291695097,加速度计,-0.0802,5.5635,17.4382,,,,,,,
79005301714212,加速度计,-2.2739,4.4484,20.5949,,,,,,,
79005311732962,加速度计,2.0973,11.9920,0.7302,,,,,,,
79005304228326,陀螺仪,,,,,,,,0.0858,-0.1186,-0.4839
79005321751712,加速度计,6.3895,7.9009,-8.3701,,,,,,,
79005324265826,陀螺仪,,,,,,,,-0.1252,-0.0852,-0.5443
79005331770462,加速度计,-1.3072,6.2465,-1.2031,,,,,,,
79005341789212,加速度计,-2.0375,7.1341,15.3600,,,,,,,
79005344303326,陀螺仪,,,,,,,,-0.3250,-0.2510,-0.6012
79005351807962,加速度计,1.1420,6.0920,23.4985,,,,,,,
79005361835358,加速度计,0.1448,8.0415,-3.9133,,,,,,,
79005364346972,陀螺仪,,,,,,,,-0.0117,-0.2192,-0.5826
79005371848899,加速度计,3.2471,3.7822,-4.6974,,,,,,,
79005381857180,加速度计,-2.9772,2.1805,20.9086,,,,,,,
79005384364003,陀螺仪,,,,,,,,-0.0747,-0.2535,-0.5081
79005391866243,加速度计,0.0126,15.3205,13.7319,,,,,,,
79005401876139,加速度计,4.7405,11.6107,6.0519,,,,,,,
79005404384472,陀螺仪,,,,,,,,0.0043,-0.2049,-0.4340
79005411887233,加速度计,-0.3705,2.5396,-5.5150,,,,,,,
79005421899941,加速度计,-1.6418,1.7699,4.0205,,,,,,,
79005424410722,陀螺仪,,,,,,,,-0.2489,-0.1583,-0.4091
79005431914316,加速度计,-5.8448,8.0200,19.3422,,,,,,,
79005441930722,加速度计,-1.7226,9.8240,13.8289,,,,,,,
79005444444576,陀螺仪,,,,,,,,0.1696,-0.2119,-0.1345
79005451949212,加速度计,4.5035,13.7122,-1.6436,,,,,,,
79005461969420,加速度计,1.5161,2.4972,-4.5747,,,,,,,
79005464485826,陀螺仪,,,,,,,,-0.1172,-0.1087,-0.1182
79005471991295,加速度计,0.3418,0.1460,0.2436,,,,,,,
79005482014837,加速度计,-3.4159,2.0375,5.9681,,,,,,,
79005484533483,陀螺仪,,,,,,,,-0.1135,-0.0826,-0.0138
79005492039680,加速度计,-0.2634,13.3166,25.3582,,,,,,,
79005502065410,加速度计,2.3912,20.4597,8.7652,,,,,,,
79005504585358,陀螺仪,,,,,,,,0.1368,-0.0679,0.0107
79005512091972,加速度计,0.0838,3.0700,-8.0104,,,,,,,
79005522119003,加速度计,-1.7017,-11.1528,17.4412,,,,,,,
79005524639368,陀螺仪,,,,,,,,0.0068,0.0232,0.0410
79005532146087,加速度计,-4.5418,14.8369,1.1043,,,,,,,
79005542169889,加速度计,-0.3478,18.6215,11.0858,,,,,,,
79005544684576,陀螺仪,,,,,,,,0.0662,-0.0154,0.2880
79005552189212,加速度计,2.9850,7.6812,1.9112,,,,,,,
79005562207962,加速度计,2.4217,-1.6227,8.4617,,,,,,,
79005564722076,陀螺仪,,,,,,,,0.0880,0.0755,0.2013
79005572226712,加速度计,0.6464,9.4379,-1.4000,,,,,,,
79005582245462,加速度计,-1.1462,12.4157,7.1239,,,,,,,
79005584759576,陀螺仪,,,,,,,,-0.0439,0.1007,0.1743
79005592264212,加速度计,-3.0454,7.1796,20.3172,,,,,,,
79005602282962,加速度计,0.6297,7.4837,8.1277,,,,,,,
79005604797597,陀螺仪,,,,,,,,0.2137,0.0348,0.1739
79005612304420,加速度计,2.1320,11.3096,-2.4954,,,,,,,
79005622322337,加速度计,-0.1610,5.2978,1.6652,,,,,,,
79005632340253,加速度计,-1.6364,2.5379,10.5818,,,,,,,
79005624835826,陀螺仪,,,,,,,,-0.0421,0.0933,0.1656
79005642358170,加速度计,0.7506,10.4549,3.8942,,,,,,,
79005652376087,加速度计,1.9184,8.9453,10.7027,,,,,,,
79005644871660,陀螺仪,,,,,,,,0.0301,0.1109,0.1381
79005662394003,加速度计,-1.5927,7.5890,-2.5630,,,,,,,
79005672411920,加速度计,-2.9634,1.5856,12.7898,,,,,,,
79005664907493,陀螺仪,,,,,,,,-0.0481,0.0831,0.1158
79005682429837,加速度计,3.3447,8.0361,3.0143,,,,,,,
79005692447753,加速度计,0.9822,8.7017,9.0830,,,,,,,
79005684943326,陀螺仪,,,,,,,,-0.0345,0.0270,0.1164
79005702465670,加速度计,-2.0883,10.7673,12.8593,,,,,,,
79005712483587,加速度计,-1.4473,4.8830,11.8238,,,,,,,
79005704979160,陀螺仪,,,,,,,,-0.0158,0.0330,-0.0262
79005722501920,加速度计,-0.8505,4.3467,2.4630,,,,,,,
79005732520670,加速度计,0.0700,4.8764,4.1503,,,,,,,
79005725016035,陀螺仪,,,,,,,,0.0526,0.0075,0.0270
79005742539837,加速度计,1.4048,8.0996,-0.3190,,,,,,,
79005752559003,加速度计,2.2984,8.0673,12.7186,,,,,,,
79005745054264,陀螺仪,,,,,,,,0.0340,0.0128,0.0201
79005762578170,加速度计,2.5821,8.5587,7.6160,,,,,,,
79005772597337,加速度计,-3.9552,-0.6464,13.3962,,,,,,,
79005765092597,陀螺仪,,,,,,,,-0.0482,-0.0146,-0.1370
79005782616503,加速度计,2.1069,4.0282,4.7381,,,,,,,
79005792635670,加速度计,3.5692,16.1333,-2.3457,,,,,,,
79005785130930,陀螺仪,,,,,,,,0.2968,-0.0599,-0.1342
79005802654837,加速度计,2.8234,15.8592,-1.9136,,,,,,,
79005805169264,陀螺仪,,,,,,,,-0.1866,0.0012,-0.1799
79005812674003,加速度计,2.0500,4.9482,13.3160,,,,,,,
79005822693170,加速度计,0.1562,1.1684,16.8408,,,,,,,
79005825207597,陀螺仪,,,,,,,,-0.0310,-0.0252,-0.3037
79005832712337,加速度计,4.1821,6.4554,3.2280,,,,,,,
79005842731503,加速度计,-0.1586,5.2277,4.7142,,,,,,,
79005852750670,加速度计,3.3824,8.0685,6.4859,,,,,,,
79005845245930,陀螺仪,,,,,,,,0.0276,-0.0180,-0.2888
79005862791347,加速度计,-0.6213,6.9701,6.9151,,,,,,,
79005872797180,加速度计,5.3965,10.5177,3.3764,,,,,,,
79005865295774,陀螺仪,,,,,,,,0.0972,-0.0063,-0.2735
79005882803430,加速度计,1.2797,9.6157,-3.6530,,,,,,,
79005892810514,加速度计,-2.1901,5.1918,12.2691,,,,,,,
79005885308795,陀螺仪,,,,,,,,-0.1707,-0.0085,-0.4101
79005902818847,加速度计,-0.8284,4.7848,18.8178,,,,,,,
79005912828847,加速度计,-0.1059,10.3968,-4.5538,,,,,,,
79005905326399,陀螺仪,,,,,,,,-0.0052,-0.0621,-0.3964
79005922840930,加速度计,0.5860,6.1525,10.3807,,,,,,,
79005932870930,加速度计,-2.9850,4.3215,14.0210,,,,,,,
79005925363274,陀螺仪,,,,,,,,-0.1987,-0.0378,-0.3617
79005945335486,GPS,,,,31.9406,118.7897,3.2500,323.1000,,,
79005942902389,加速度计,-2.3200,5.7581,12.8269,,,,,,,
79005945426399,陀螺仪,,,,,,,,0.1590,-0.0840,-0.2377
79005952934368,加速度计,2.9257,12.4169,-3.2525,,,,,,,
79005962965201,加速度计,-0.9349,6.0142,-7.5908,,,,,,,
79005972986868,加速度计,-0.7721,2.2835,18.9423,,,,,,,
79005965482233,陀螺仪,,,,,,,,-0.1847,-0.0879,-0.2686
79005983005618,加速度计,-3.2621,10.9385,16.5529,,,,,,,
79005993024368,加速度计,2.5582,10.0108,4.0540,,,,,,,
79005985519733,陀螺仪,,,,,,,,0.0272,-0.1336,-0.2394
79006003043118,加速度计,2.4487,7.0545,2.7096,,,,,,,
79006013061868,加速度计,-1.6783,5.1469,12.8210,,,,,,,
79006005557233,陀螺仪,,,,,,,,-0.0095,-0.1320,-0.2682
79006023080618,加速度计,-0.7296,8.1541,15.9436,,,,,,,
79006025594733,陀螺仪,,,,,,,,0.1983,-0.1369,-0.3097
79006033099368,加速度计,0.7380,10.5680,3.4566,,,,,,,
79006043118118,加速度计,3.6781,7.3951,-7.2742,,,,,,,
79006045632233,陀螺仪,,,,,,,,0.1852,-0.1864,-0.3963
79006053136868,加速度计,-2.5738,-0.3717,-9.4415,,,,,,,
79006063155618,加速度计,0.0617,8.3091,14.9572,,,,,,,
79006073174368,加速度计,0.5148,14.5280,19.6995,,,,,,,
79006065669733,陀螺仪,,,,,,,,-0.2015,-0.3109,-0.4148
79006083193118,加速度计,1.7538,12.2164,4.1773,,,,,,,
79006093211868,加速度计,2.8132,7.2137,4.5119,,,,,,,
79006085707233,陀螺仪,,,,,,,,0.1550,-0.3285,-0.5478
79006103230618,加速度计,-0.3178,5.3534,-2.2595,,,,,,,
79006105749472,陀螺仪,,,,,,,,0.0168,-0.3408,-0.5201
79006113256920,加速度计,-0.6662,7.3646,4.6430,,,,,,,
79006123271087,加速度计,2.0925,10.8481,5.1188,,,,,,,
79006125781764,陀螺仪,,,,,,,,0.0041,-0.4206,-0.4967
79006133285253,加速度计,2.7060,10.5584,7.0216,,,,,,,
79006143299472,加速度计,2.4235,4.4819,11.8794,,,,,,,
79006145810462,陀螺仪,,,,,,,,0.0325,-0.4270,-0.6148
79006153314108,加速度计,0.7344,9.7121,8.8065,,,,,,,
79006163329212,加速度计,-2.5061,6.0615,15.9729,,,,,,,
79006165841139,陀螺仪,,,,,,,,0.3984,-0.4684,-0.5357
79006173345149,加速度计,4.1815,9.2733,-11.4108,,,,,,,
79006183361920,加速度计,-2.4983,3.0514,-9.3691,,,,,,,
79006185875097,陀螺仪,,,,,,,,-0.1795,-0.3890,-0.5023
79006193379524,加速度计,2.6653,6.7235,37.8685,,,,,,,
79006203397962,加速度计,-0.8565,10.0670,7.9356,,,,,,,
79006205912389,陀螺仪,,,,,,,,0.2257,-0.4077,-0.3579
79006213417233,加速度计,5.9550,10.3370,-6.5194,,,,,,,
79006223437337,加速度计,-1.5706,-0.6494,8.4886,,,,,,,
79006225953014,陀螺仪,,,,,,,,-0.0815,-0.2593,-0.2866
79006233458274,加速度计,-2.4942,5.6222,10.2059,,,,,,,
79006243479993,加速度计,2.1961,14.0540,4.2545,,,,,,,
79006245996608,陀螺仪,,,,,,,,0.0490,-0.2316,-0.0648
79006253502128,加速度计,3.0209,3.8265,8.5180,,,,,,,
79006263524628,加速度计,1.4838,-0.6087,11.3240,,,,,,,
79006266041555,陀螺仪,,,,,,,,0.1517,-0.0875,-0.0149
79006273547128,加速度计,-2.1284,10.5105,0.4010,,,,,,,
79006283569628,加速度计,1.0313,12.6306,3.7769,,,,,,,
79006286086555,陀螺仪,,,,,,,,0.0107,-0.0463,0.1208
79006293592024,加速度计,3.4728,9.2314,8.9663,,,,,,,
79006303613378,加速度计,0.1814,4.0300,5.8012,,,,,,,
79006306127805,陀螺仪,,,,,,,,-0.1414,0.0783,0.0623
79006313632493,加速度计,-1.9082,7.3508,2.4463,,,,,,,
79006323651243,加速度计,-3.3692,0.9176,22.7557,,,,,,,
79006326165358,陀螺仪,,,,,,,,-0.0908,0.0819,0.2505
79006333669993,加速度计,-1.3066,9.1626,16.3117,,,,,,,
79006343688743,加速度计,1.1253,8.9543,0.4328,,,,,,,
79006346202858,陀螺仪,,,,,,,,0.1554,0.1377,0.3073
79006353707597,加速度计,0.7937,3.1286,-2.6330,,,,,,,
79006363730462,加速度计,-3.8194,2.9670,-0.5207,,,,,,,
79006366242076,陀螺仪,,,,,,,,-0.0280,0.1491,0.2666
79006373745878,加速度计,1.0313,11.1025,12.6103,,,,,,,
79006383761295,加速度计,-4.3580,12.3774,11.7064,,,,,,,
79006386272910,陀螺仪,,,,,,,,0.0505,0.1213,0.2188
79006393776764,加速度计,0.5806,10.3801,8.1792,,,,,,,
79006406304889,陀螺仪,,,,,,,,0.0470,0.1589,0.2345
79006403792649,加速度计,-0.3142,5.8604,-1.2169,,,,,,,
79006413808951,加速度计,-2.1955,2.1063,-1.7154,,,,,,,
79006423825670,加速度计,1.1384,10.0910,8.7933,,,,,,,
79006426338535,陀螺仪,,,,,,,,-0.1579,0.1465,0.2550
79006433842805,加速度计,-4.1887,11.6298,14.5651,,,,,,,
79006443860358,加速度计,-1.2210,9.1883,6.8145,,,,,,,
79006446373847,陀螺仪,,,,,,,,0.0202,0.0848,0.1969
79006453878378,加速度计,4.1079,8.9423,3.0604,,,,,,,
79006463897180,加速度计,-2.2356,1.2623,2.5540,,,,,,,
79006466411608,陀螺仪,,,,,,,,-0.1418,0.1248,0.0888
79006473916399,加速度计,-0.9918,6.0148,10.5111,,,,,,,
79006483936035,加速度计,-0.9397,10.9756,8.9364,,,,,,,
79006486451087,陀螺仪,,,,,,,,-0.0037,0.0766,0.1137
79006493956087,加速度计,-0.8757,9.6295,11.3336,,,,,,,
79006503976555,加速度计,1.9022,6.3889,3.5374,,,,,,,
79006506492233,陀螺仪,,,,,,,,0.0666,0.0557,0.0558
79006513997441,加速度计,-0.1640,4.5645,-2.2895,,,,,,,
79006524018743,加速度计,0.6518,4.6412,0.8080,,,,,,,
79006526535045,陀螺仪,,,,,,,,-0.0463,0.0084,-0.0567
79006534040410,加速度计,-0.4908,12.2864,-0.7284,,,,,,,
79006544062076,加速度计,-0.4489,9.6666,23.8881,,,,,,,
79006546578378,陀螺仪,,,,,,,,-0.1672,-0.0720,-0.1738
79006554083743,加速度计,-1.5778,7.7572,10.0646,,,,,,,
79006564105305,加速度计,-0.0060,2.2930,6.9240,,,,,,,
79006566620983,陀螺仪,,,,,,,,0.0621,-0.0812,-0.1827
79006574125930,加速度计,2.1656,3.2256,-2.9125,,,,,,,
79006584145045,加速度计,1.8064,6.3261,-2.5163,,,,,,,
79006586659160,陀螺仪,,,,,,,,-0.0233,-0.0554,-0.2100
79006594163795,加速度计,0.0239,10.2059,8.3935,,,,,,,
79006604183222,加速度计,2.0494,6.2243,-7.8602,,,,,,,
79006606710514,陀螺仪,,,,,,,,-0.3087,-0.0976,-0.3008
79006614220149,加速度计,-5.2912,-3.6404,22.2445,,,,,,,
79006624218170,加速度计,3.4010,24.1898,18.3091,,,,,,,
79006626717285,陀螺仪,,,,,,,,0.1447,-0.2523,-0.2860
79006634217076,加速度计,3.1651,20.4668,1.9213,,,,,,,
79006644217337,加速度计,2.4517,-7.1180,15.3696,,,,,,,
79006646718951,陀螺仪,,,,,,,,-0.1792,-0.1288,-0.4272
79006654219785,加速度计,-6.5517,-11.1929,24.0671,,,,,,,
79006664225201,加速度计,1.8381,22.0057,-4.6358,,,,,,,
79006666731503,陀螺仪,,,,,,,,0.5368,-0.1802,-0.1710
79006674233951,加速度计,5.8951,22.1601,-10.4944,,,,,,,
79006684246087,加速度计,0.1502,-3.2507,-5.3750,,,,,,,
79006686757701,陀螺仪,,,,,,,,-0.2630,-0.0860,-0.2602
79006694261972,加速度计,0.6829,-3.3866,21.8794,,,,,,,
79006704281555,加速度计,-0.8817,13.4536,1.9261,,,,,,,
79006706798483,陀螺仪,,,,,,,,-0.0868,-0.1780,-0.3818
79006714304472,加速度计,2.4852,13.6254,15.7317,,,,,,,
79006724330670,加速度计,-2.1961,7.6567,16.8019,,,,,,,
79006726852285,陀螺仪,,,,,,,,0.1308,-0.2049,-0.4328
79006734359680,加速度计,3.0514,6.5092,0.5543,,,,,,,
79006744390722,加速度计,0.4046,6.8205,2.4187,,,,,,,
79006746915149,陀螺仪,,,,,,,,-0.0053,-0.1774,-0.3929
79006754423378,加速度计,-1.9381,4.2623,7.9128,,,,,,,
79006764457180,加速度计,1.8591,11.1181,11.8004,,,,,,,
79006766982858,陀螺仪,,,,,,,,0.1824,-0.1788,-0.2770
79006774491347,加速度计,3.1645,13.7972,-1.3360,,,,,,,
79006784523691,加速度计,0.2245,1.8124,6.3847,,,,,,,
79006787038430,陀螺仪,,,,,,,,-0.0521,-0.1791,-0.3957
79006794543222,加速度计,-0.0006,1.9513,2.2392,,,,,,,
79006804562337,加速度计,1.0672,8.0451,10.0072,,,,,,,
79006807076451,陀螺仪,,,,,,,,0.0003,-0.1965,-0.4052
79006814581087,加速度计,-1.1576,10.1059,11.0091,,,,,,,
79006824599837,加速度计,0.2676,5.1356,7.6154,,,,,,,
79006827113951,陀螺仪,,,,,,,,0.0776,-0.2158,-0.3734
79006834618587,加速度计,0.3490,3.4704,2.4187,,,,,,,
79006847151451,陀螺仪,,,,,,,,-0.0324,-0.2346,-0.3976
79006844637337,加速度计,0.7961,9.2889,0.7883,,,,,,,
79006854656451,加速度计,-0.3729,7.1515,17.3298,,,,,,,
79006864684889,加速度计,-1.4820,6.8235,14.5651,,,,,,,
79006867191816,陀螺仪,,,,,,,,0.1788,-0.2739,-0.4507
79006874694055,加速度计,1.0074,9.1093,7.1401,,,,,,,
79006884703274,加速度计,0.4561,0.4268,6.3931,,,,,,,
79006887210514,陀螺仪,,,,,,,,0.2609,-0.2951,-0.4282
79006894712962,加速度计,-0.7087,-0.8248,6.7445,,,,,,,
79006904723535,加速度计,0.2538,-0.8643,10.2675,,,,,,,
79006907232337,陀螺仪,,,,,,,,0.6087,-0.3426,-0.4104
79006914735410,加速度计,1.9531,18.3055,5.0745,,,,,,,
79006924750149,加速度计,1.1474,37.6069,-14.2365,,,,,,,
79006934783378,加速度计,-0.7937,7.9248,-17.8123,,,,,,,
79006927275097,陀螺仪,,,,,,,,0.3329,-0.3478,-0.4268
79006944295954,GPS,,,,31.9406,118.7897,2.4500,318.2000,,,
79006944816712,加速度计,-2.7964,-6.7600,52.1840,,,,,,,
79006947338639,陀螺仪,,,,,,,,-0.4120,-0.3368,-0.4428
79006954845670,加速度计,4.5262,3.4554,-16.3117,,,,,,,
79006964865618,加速度计,-4.4059,4.1695,10.9511,,,,,,,
79006967379733,陀螺仪,,,,,,,,-0.4261,-0.2960,-0.6382
79006974884368,加速度计,0.6560,8.9292,19.7210,,,,,,,
79006984903118,加速度计,2.4152,6.2650,20.5057,,,,,,,
79006994921868,加速度计,4.4059,4.9829,-1.0666,,,,,,,
79006987417233,陀螺仪,,,,,,,,0.2290,-0.4758,-0.5425
79007004940618,加速度计,2.3948,9.3769,-7.3478,,,,,,,
79007014959368,加速度计,-2.8988,7.2808,7.6914,,,,,,,
79007007454733,陀螺仪,,,,,,,,0.0691,-0.3814,-0.5786
79007024978118,加速度计,-1.7549,11.3174,15.1020,,,,,,,
79007027492233,陀螺仪,,,,,,,,0.1518,-0.3981,-0.3671
79007034996868,加速度计,1.2270,12.0231,6.5697,,,,,,,
79007045015618,加速度计,-2.0500,6.9444,-3.3914,,,,,,,
79007047529733,陀螺仪,,,,,,,,0.0418,-0.4317,-0.4044
79007055034368,加速度计,-2.4792,2.1117,5.4504,,,,,,,
79007065053118,加速度计,-1.1444,10.2059,9.3033,,,,,,,
79007067567233,陀螺仪,,,,,,,,0.0142,-0.4683,-0.3061
79007075071868,加速度计,-0.9110,8.7724,8.9866,,,,,,,
79007085090618,加速度计,-1.1067,6.6313,4.0791,,,,,,,
79007087604733,陀螺仪,,,,,,,,0.0562,-0.4262,-0.3115
79007095109368,加速度计,0.0168,5.0637,6.3662,,,,,,,
79007105128118,加速度计,-2.6019,6.3404,3.6559,,,,,,,
79007107644837,陀螺仪,,,,,,,,0.0390,-0.4258,-0.2017
79007115149785,加速度计,-0.4866,7.4597,10.8020,,,,,,,
79007125169316,加速度计,0.2424,7.6668,8.5240,,,,,,,
79007127683430,陀螺仪,,,,,,,,0.1044,-0.4293,-0.1707
79007135188066,加速度计,0.9613,9.0507,2.3858,,,,,,,
79007145206816,加速度计,-0.6817,7.0940,5.0548,,,,,,,
79007147720930,陀螺仪,,,,,,,,0.0278,-0.4237,-0.1778
79007155225566,加速度计,-0.9864,8.1517,5.4289,,,,,,,
79007165244316,加速度计,0.4369,6.8594,18.3551,,,,,,,
79007167758430,陀螺仪,,,,,,,,0.0818,-0.4474,-0.1095
79007175263066,加速度计,-0.7781,10.0479,7.6830,,,,,,,
79007185281816,加速度计,2.8587,8.7137,1.0947,,,,,,,
79007195300566,加速度计,2.4373,7.9541,-7.2957,,,,,,,
79007187795930,陀螺仪,,,,,,,,0.1664,-0.4161,-0.0676
79007205319316,加速度计,-2.1105,3.6697,-2.7402,,,,,,,
79007215338066,加速度计,-1.5353,4.2084,24.7896,,,,,,,
79007207833430,陀螺仪,,,,,,,,-0.3346,-0.3714,-0.0964
79007225356816,加速度计,0.2119,11.9333,14.2156,,,,,,,
79007227870930,陀螺仪,,,,,,,,0.0341,-0.3910,-0.0364
79007235375566,加速度计,4.0474,10.9325,2.2051,,,,,,,
79007245394316,加速度计,-0.3388,2.4547,7.0300,,,,,,,
79007247908430,陀螺仪,,,,,,,,-0.0389,-0.2887,-0.0550
79007255413066,加速度计,-3.2645,3.3226,4.6070,,,,,,,
79007265431816,加速度计,1.0163,9.3524,8.9429,,,,,,,
79007267945930,陀螺仪,,,,,,,,0.0053,-0.2521,0.2059
79007275450566,加速度计,2.0967,10.1658,4.5586,,,,,,,
79007285469316,加速度计,1.3216,7.0006,3.6027,,,,,,,
79007287983430,陀螺仪,,,,,,,,-0.0691,-0.1517,0.1975
79007295488066,加速度计,1.0594,2.6366,9.3703,,,,,,,
79007305506816,加速度计,-1.2115,8.0140,4.4604,,,,,,,
79007308020930,陀螺仪,,,,,,,,-0.0390,-0.0722,0.3055
79007315525566,加速度计,-0.5387,6.8319,7.2514,,,,,,,
79007325544316,加速度计,-0.8493,8.3701,11.8974,,,,,,,
79007328058430,陀螺仪,,,,,,,,-0.0024,-0.0399,0.3854
79007335563066,加速度计,1.1941,7.3119,9.4918,,,,,,,
79007345581816,加速度计,-0.7847,6.6128,2.6366,,,,,,,
79007348096503,陀螺仪,,,,,,,,-0.0116,-0.0146,0.3879
79007355602285,加速度计,1.1570,6.1333,1.4892,,,,,,,
79007365636816,加速度计,-0.5584,4.4299,11.5490,,,,,,,
79007368138430,陀螺仪,,,,,,,,-0.0586,0.0210,0.3470
79007375639003,加速度计,-1.8028,7.5280,13.9708,,,,,,,
79007385641816,加速度计,0.2035,11.2252,1.2863,,,,,,,
79007388144680,陀螺仪,,,,,,,,0.0305,-0.0107,0.3404
79007395645983,加速度计,0.3202,7.1437,1.9824,,,,,,,
79007405651920,加速度计,-1.8507,3.5356,6.7888,,,,,,,
79007408157597,陀螺仪,,,,,,,,-0.0803,-0.0068,0.2996
79007415660045,加速度计,0.6686,5.8000,13.8373,,,,,,,
79007428180514,陀螺仪,,,,,,,,0.0353,-0.0277,0.2332
79007425670774,加速度计,0.0748,11.0875,3.6440,,,,,,,
79007435684420,加速度计,-1.3928,8.0098,5.3522,,,,,,,
79007448215097,陀螺仪,,,,,,,,-0.0236,-0.0349,0.2423
79007445700983,加速度计,1.0481,5.0117,7.0868,,,,,,,
79007455720462,加速度计,-0.2945,6.6164,7.8548,,,,,,,
79007465742753,加速度计,-0.8912,9.2356,5.7820,,,,,,,
79007468260930,陀螺仪,,,,,,,,0.0566,-0.0442,0.2214
79007475767441,加速度计,1.9878,10.8350,6.8516,,,,,,,
79007485794212,加速度计,0.5740,7.4693,7.4208,,,,,,,
79007488315514,陀螺仪,,,,,,,,-0.0517,-0.0245,0.1988
79007495822858,加速度计,-0.1413,5.9687,7.9063,,,,,,,
79007505852649,加速度计,-1.6017,7.0000,5.6533,,,,,,,
79007508375514,陀螺仪,,,,,,,,0.0561,-0.0097,0.1867
79007515883170,加速度计,-1.3192,8.9238,4.9255,,,,,,,
79007525914003,加速度计,0.9403,5.3361,7.6315,,,,,,,
79007528437180,陀螺仪,,,,,,,,0.0497,-0.0265,0.2320
79007535943066,加速度计,-0.1903,8.3833,2.8401,,,,,,,
79007545965566,加速度计,0.2670,7.4478,4.7848,,,,,,,
79007548479680,陀螺仪,,,,,,,,-0.0031,-0.0173,0.2169
79007555984316,加速度计,0.1646,8.5060,6.1130,,,,,,,
79007566003066,加速度计,0.1395,9.4344,9.8444,,,,,,,
79007568517180,陀螺仪,,,,,,,,0.0226,-0.0161,0.2051
79007576021816,加速度计,-0.3196,7.1946,7.0892,,,,,,,
79007586040566,加速度计,1.4329,8.2367,2.5911,,,,,,,
79007588554680,陀螺仪,,,,,,,,0.0160,0.0051,0.1894
79007596059316,加速度计,-1.2246,5.2170,4.7160,,,,,,,
79007606078899,加速度计,-0.3567,7.2724,7.5411,,,,,,,
79007608598847,陀螺仪,,,,,,,,0.0108,0.0160,0.2196
79007616102024,加速度计,0.5842,10.0850,7.7734,,,,,,,
79007626114941,加速度计,-1.8393,8.8777,7.9565,,,,,,,
79007636128014,加速度计,0.6279,6.3117,6.3949,,,,,,,
79007628624733,陀螺仪,,,,,,,,0.0200,-0.0020,0.1935
79007646141503,加速度计,-0.0922,4.4760,4.7214,,,,,,,
79007648651972,陀螺仪,,,,,,,,0.0579,0.0039,0.1928
79007656155566,加速度计,0.2089,8.5611,1.2719,,,,,,,
79007666170462,加速度计,-1.0546,7.9930,6.4817,,,,,,,
79007676186191,加速度计,-0.3753,7.0539,9.8342,,,,,,,
79007668682180,陀螺仪,,,,,,,,-0.0621,0.0229,0.2025
79007686202753,加速度计,1.1905,8.9208,5.7587,,,,,,,
79007688715722,陀螺仪,,,,,,,,0.0025,0.0120,0.1973
79007696220149,加速度计,-0.8039,6.7475,8.7670,,,,,,,
79007706238535,加速度计,-0.1059,9.7241,10.9044,,,,,,,
79007708753066,陀螺仪,,,,,,,,0.0499,0.0409,0.2522
79007716258014,加速度计,-0.3130,7.8560,8.8059,,,,,,,
79007726278326,加速度计,1.5245,7.2628,3.0436,,,,,,,
79007728794108,陀螺仪,,,,,,,,0.1080,0.0897,0.3774
79007736299472,加速度计,2.5067,5.9550,-4.9057,,,,,,,
79007746321451,加速度计,0.5082,5.4941,3.5823,,,,,,,
79007748838430,陀螺仪,,,,,,,,-0.2268,0.1866,0.2657
79007756344108,加速度计,-3.0765,6.0352,17.9864,,,,,,,
79007766367180,加速度计,-1.2599,12.2960,9.7504,,,,,,,
79007768884733,陀螺仪,,,,,,,,0.1372,0.0811,0.2140
79007776390514,加速度计,4.2258,11.6825,0.9780,,,,,,,
79007786413847,加速度计,-0.3944,2.3768,3.3208,,,,,,,
79007796436868,加速度计,-1.9196,1.8040,2.3571,,,,,,,
79007788931295,陀螺仪,,,,,,,,-0.1060,0.1269,0.1985
79007806458118,加速度计,1.8387,9.1764,9.8503,,,,,,,
79007808972493,陀螺仪,,,,,,,,-0.0650,0.1213,0.2161
79007816477128,加速度计,2.0231,12.9957,9.8037,,,,,,,
79007826495878,加速度计,1.0247,6.2082,8.5754,,,,,,,
79007829009993,陀螺仪,,,,,,,,-0.0280,0.1079,0.0979
79007836514628,加速度计,0.1155,3.7344,5.2038,,,,,,,
79007846533378,加速度计,0.6782,6.4518,2.4750,,,,,,,
79007849047545,陀螺仪,,,,,,,,-0.0597,0.1173,0.0899
79007856552285,加速度计,1.3641,7.8494,5.3492,,,,,,,
79007866572493,加速度计,-1.2276,7.7464,10.6650,,,,,,,
79007869085983,陀螺仪,,,,,,,,-0.0674,0.0904,0.0246
79007876590410,加速度计,0.8589,7.5627,8.1570,,,,,,,
79007886608326,加速度计,1.8417,6.0082,7.9392,,,,,,,
79007889121816,陀螺仪,,,,,,,,-0.0149,0.0551,-0.0228
79007896626243,加速度计,0.9822,5.9747,4.6453,,,,,,,
79007906644160,加速度计,0.5842,7.8709,4.9249,,,,,,,
79007909157649,陀螺仪,,,,,,,,-0.0718,0.0828,-0.0361
79007916662076,加速度计,-0.7356,6.5392,12.0554,,,,,,,
79007926686868,加速度计,1.3695,7.8997,10.1778,,,,,,,
79007942564704,GPS,,,,31.9406,118.7896,2.4300,319.1000,,,
79007929200045,陀螺仪,,,,,,,,0.0316,0.0502,-0.0662
79007936704368,加速度计,1.4658,7.3281,4.4089,,,,,,,
79007946721868,加速度计,0.6614,6.9372,1.9848,,,,,,,
79007949235045,陀螺仪,,,,,,,,-0.0318,0.0679,-0.0720
79007956739368,加速度计,0.8104,4.0450,6.7864,,,,,,,
79007966756868,加速度计,1.5191,6.2674,8.6676,,,,,,,
79007976774368,加速度计,0.8948,8.6778,7.8440,,,,,,,
79007969270045,陀螺仪,,,,,,,,-0.0108,0.0937,-0.0720
79007986791868,加速度计,0.8146,8.0924,7.5705,,,,,,,
79007996809368,加速度计,1.5838,7.5830,4.9895,,,,,,,
79007989305045,陀螺仪,,,,,,,,0.0471,0.0814,-0.0956
79008006826868,加速度计,1.8184,7.1371,5.7245,,,,,,,
79008016844785,加速度计,0.9427,8.0721,7.2018,,,,,,,
79008009340358,陀螺仪,,,,,,,,-0.0123,0.1133,-0.0750
79008026863118,加速度计,1.3246,7.4184,11.4838,,,,,,,
79008036881868,加速度计,0.5848,9.1979,7.5603,,,,,,,
79008029377233,陀螺仪,,,,,,,,0.0120,0.1164,-0.1190
79008046901035,加速度计,0.0527,7.0048,6.9773,,,,,,,
79008056920618,加速度计,0.7230,6.0705,4.9003,,,,,,,
79008049415774,陀螺仪,,,,,,,,0.0826,0.1016,-0.1306
79008066940618,加速度计,1.5688,6.7840,4.1079,,,,,,,
79008076960618,加速度计,0.7159,7.0108,5.6036,,,,,,,
79008069455670,陀螺仪,,,,,,,,0.0539,0.1119,-0.1478
79008086980618,加速度计,0.3915,6.9246,6.6535,,,,,,,
79008097000618,加速度计,1.3563,6.6601,4.5825,,,,,,,
79008089495670,陀螺仪,,,,,,,,0.0666,0.0931,-0.1933
79008107020618,加速度计,0.8769,7.5525,3.0173,,,,,,,
79008109555149,陀螺仪,,,,,,,,0.0218,0.0824,-0.2634
79008117055722,加速度计,1.2426,7.3652,8.6497,,,,,,,
79008127058378,加速度计,0.0952,8.7825,6.1968,,,,,,,
79008129560774,陀螺仪,,,,,,,,0.0158,0.0578,-0.2888
79008137061764,加速度计,0.9140,6.7002,6.4524,,,,,,,
79008147066555,加速度计,1.5921,6.2979,3.5566,,,,,,,
79008149571243,陀螺仪,,,,,,,,-0.0145,0.0538,-0.3238
79008157073170,加速度计,-0.3867,5.9574,7.9434,,,,,,,
79008167082024,加速度计,0.8751,7.2604,7.3221,,,,,,,
79008169590201,陀螺仪,,,,,,,,0.0206,0.0353,-0.3069
79008177093378,加速度计,1.1899,7.6854,9.4715,,,,,,,
79008187107389,加速度计,0.9900,7.7512,6.9414,,,,,,,
79008197124316,加速度计,0.5734,5.8095,8.1930,,,,,,,
79008189619680,陀螺仪,,,,,,,,0.0678,0.0268,-0.3400
79008207144160,加速度计,0.7177,8.7628,1.4808,,,,,,,
79008209660774,陀螺仪,,,,,,,,0.0875,0.0328,-0.3439
79008217166764,加速度计,0.2586,7.7716,5.5456,,,,,,,
79008227191712,加速度计,0.6093,7.5579,10.1939,,,,,,,
79008237218587,加速度计,1.0852,8.2624,8.4342,,,,,,,
79008229711660,陀螺仪,,,,,,,,0.0466,0.0028,-0.3916
79008247246972,加速度计,-0.0018,9.5924,8.8304,,,,,,,
79008249769003,陀螺仪,,,,,,,,0.0687,-0.0391,-0.4248
79008257276451,加速度计,-0.3597,7.2556,8.3228,,,,,,,
79008267306608,加速度计,1.8076,6.8486,1.8322,,,,,,,
79008269829472,陀螺仪,,,,,,,,0.1491,-0.0723,-0.4233
79008277337024,加速度计,3.6434,7.5064,-3.6643,,,,,,,
79008287364628,加速度计,1.5880,6.8636,0.4172,,,,,,,
79008289881399,陀螺仪,,,,,,,,-0.1611,-0.0724,-0.5400
79008297386139,加速度计,-0.6943,6.7511,16.0501,,,,,,,
79008307405149,加速度计,0.8523,9.4134,16.2734,,,,,,,
79008309919264,陀螺仪,,,,,,,,0.0597,-0.2060,-0.6991
79008317423899,加速度计,2.0039,9.0405,8.6269,,,,,,,
79008327442649,加速度计,-0.1125,7.2161,0.9643,,,,,,,
79008329956764,陀螺仪,,,,,,,,0.0875,-0.2188,-0.7493
79008337461399,加速度计,-1.4365,5.1966,2.7695,,,,,,,
79008349994680,陀螺仪,,,,,,,,-0.0499,-0.2450,-0.6653
79008347480149,加速度计,0.1808,7.8057,5.7706,,,,,,,
79008357500149,加速度计,2.3649,8.4695,9.0555,,,,,,,
79008367522337,加速度计,-0.1119,6.5823,7.1347,,,,,,,
79008370031139,陀螺仪,,,,,,,,-0.0064,-0.3178,-0.7872
79008377534003,加速度计,1.7657,5.3630,8.3534,,,,,,,
79008387545878,加速度计,0.9224,6.2159,8.0517,,,,,,,
79008390055201,陀螺仪,,,,,,,,0.0177,-0.3393,-0.8159
79008397558378,加速度计,0.1419,6.3015,7.3765,,,,,,,
79008407571712,加速度计,0.2915,7.3053,6.2920,,,,,,,
79008410082285,陀螺仪,,,,,,,,0.0748,-0.3661,-0.7880
79008417585878,加速度计,2.0871,6.4470,7.3197,,,,,,,
79008427601087,加速度计,1.7962,6.9240,7.1311,,,,,,,
79008430113326,陀螺仪,,,,,,,,0.0659,-0.3977,-0.8113
79008437617545,加速度计,0.1891,6.7499,10.0167,,,,,,,
79008447635253,加速度计,2.0602,8.1014,4.3898,,,,,,,
79008450149368,陀螺仪,,,,,,,,0.1362,-0.4458,-0.8574
79008457654212,加速度计,-0.2292,8.0685,6.3285,,,,,,,
79008467674420,加速度计,3.0011,6.6834,8.0864,,,,,,,
79008470190305,陀螺仪,,,,,,,,0.0909,-0.4984,-0.8826
79008477695670,加速度计,1.1097,6.2495,5.8203,,,,,,,
79008487717753,加速度计,1.1199,7.1521,2.3032,,,,,,,
79008490234889,陀螺仪,,,,,,,,0.0738,-0.5124,-0.9388
79008497740670,加速度计,0.0389,5.6802,5.2182,,,,,,,
79008507764212,加速度计,-0.4675,5.9735,13.3920,,,,,,,
79008510282180,陀螺仪,,,,,,,,0.0515,-0.6061,-0.9378
79008517788170,加速度计,0.9828,9.6606,12.6127,,,,,,,
79008527812337,加速度计,2.0656,8.5958,5.3846,,,,,,,
79008530330514,陀螺仪,,,,,,,,0.1736,-0.6410,-0.9534
79008537836503,加速度计,1.7980,5.4013,2.7617,,,,,,,
79008547858795,加速度计,-1.7394,5.4145,1.7035,,,,,,,
79008550373743,陀螺仪,,,,,,,,0.0630,-0.6386,-0.8959
79008557878378,加速度计,-0.6057,8.0996,8.7173,,,,,,,
79008567897128,加速度计,-0.1754,10.1544,10.1592,,,,,,,
79008570411243,陀螺仪,,,,,,,,0.0258,-0.7318,-0.8669
79008577915878,加速度计,0.1688,7.9493,13.3058,,,,,,,
79008587934628,加速度计,-1.6723,6.9204,5.7754,,,,,,,
79008597953378,加速度计,-2.4187,6.8684,6.4027,,,,,,,
79008590448743,陀螺仪,,,,,,,,0.1551,-0.7606,-0.8642
79008607972545,加速度计,-1.7178,8.5485,4.3335,,,,,,,
79008610489003,陀螺仪,,,,,,,,0.1248,-0.7697,-0.6894
79008617993118,加速度计,-3.4321,7.5735,7.3346,,,,,,,
79008628009785,加速度计,-2.9521,8.0427,8.3516,,,,,,,
79008630522337,陀螺仪,,,,,,,,0.1298,-0.7713,-0.4798
79008638026451,加速度计,-0.9738,8.6257,6.1651,,,,,,,
79008648043118,加速度计,-3.2429,8.4862,3.4842,,,,,,,
79008650555670,陀螺仪,,,,,,,,0.1308,-0.6771,-0.2422
79008658059785,加速度计,-1.8328,6.8486,5.4414,,,,,,,
79008668076660,加速度计,-2.7563,7.6692,4.0803,,,,,,,
79008678093951,加速度计,-2.7904,7.3622,3.3579,,,,,,,
79008670589628,陀螺仪,,,,,,,,0.0590,-0.5792,0.0414
79008688111660,加速度计,-2.1075,7.1102,5.6593,,,,,,,
79008698129785,加速度计,-2.4810,7.1467,11.4760,,,,,,,
79008690625253,陀螺仪,,,,,,,,-0.0278,-0.4811,0.2795
79008708148326,加速度计,-0.6889,8.2534,14.0288,,,,,,,
79008710662545,陀螺仪,,,,,,,,0.0852,-0.4047,0.4570
79008718167285,加速度计,-2.0602,8.1654,9.6666,,,,,,,
79008728186660,加速度计,-1.5383,5.9478,4.2916,,,,,,,
79008730701503,陀螺仪,,,,,,,,0.1778,-0.2820,0.6185
79008738206451,加速度计,-0.0491,5.9412,3.9391,,,,,,,
79008748226660,加速度计,-3.2322,6.1058,0.9230,,,,,,,
79008750742024,陀螺仪,,,,,,,,0.0748,-0.2067,0.7212
79008758247076,加速度计,-1.9543,8.6413,5.6042,,,,,,,
79008768267493,加速度计,-0.6375,8.0176,9.8330,,,,,,,
79008770782858,陀螺仪,,,,,,,,-0.0192,-0.2059,0.7318
79008778287910,加速度计,-0.4782,5.9675,12.7276,,,,,,,
79008788308326,加速度计,0.5070,7.1156,3.5326,,,,,,,
79008798328743,加速度计,-1.5802,6.6912,-4.3461,,,,,,,
79008790823691,陀螺仪,,,,,,,,0.1762,-0.1667,0.7362
79008808349160,加速度计,0.6093,6.5056,-2.3882,,,,,,,
79008810864524,陀螺仪,,,,,,,,-0.1796,-0.0774,0.7585
79008818369576,加速度计,0.8176,7.6920,9.6211,,,,,,,
79008828389160,加速度计,-0.2729,8.4845,17.3520,,,,,,,
79008830903274,陀螺仪,,,,,,,,-0.0957,-0.0879,0.6320
79008838407910,加速度计,-0.3406,11.1612,9.6576,,,,,,,
79008848426660,加速度计,-1.2115,7.7339,5.7293,,,,,,,
79008858447910,加速度计,0.1975,4.8818,2.2308,,,,,,,
79008850942024,陀螺仪,,,,,,,,0.0340,-0.0289,0.7256
79008868474212,加速度计,-0.1598,5.8885,4.1509,,,,,,,
79008870974680,陀螺仪,,,,,,,,-0.0437,0.0505,0.7910
79008878474837,加速度计,0.3525,10.0850,4.2910,,,,,,,
79008888476295,加速度计,0.5171,8.1702,6.7403,,,,,,,
79008890978326,陀螺仪,,,,,,,,-0.1139,0.0937,0.7579
79008898479212,加速度计,0.4471,7.0030,8.7263,,,,,,,
79008908484212,加速度计,-1.0325,7.2065,8.2007,,,,,,,
79008910989680,陀螺仪,,,,,,,,-0.0731,0.1501,0.7663
79008918491920,加速度计,0.1305,6.3129,5.2188,,,,,,,
79008943329547,GPS,,,,31.9407,118.7896,2.2700,328.5000,,,
79008928511087,加速度计,-0.5148,6.8558,4.8513,,,,,,,
79008931037076,陀螺仪,,,,,,,,-0.0583,0.1796,0.7714
79008938545826,加速度计,0.8487,7.2880,5.8808,,,,,,,
79008948581712,加速度计,0.4794,6.3590,6.6840,,,,,,,
79008951108951,陀螺仪,,,,,,,,-0.0858,0.2000,0.7081
79008958617962,加速度计,-1.0086,7.8248,6.6726,,,,,,,
79008968652285,加速度计,0.4806,7.1030,8.3115,,,,,,,
79008971167962,陀螺仪,,,,,,,,-0.0742,0.1579,0.6221
79008978672910,加速度计,-0.2885,5.3642,8.0158,,,,,,,
79008988692024,加速度计,0.6883,7.7093,5.0763,,,,,,,
79008991206139,陀螺仪,,,,,,,,-0.0145,0.1268,0.5175
79008998710774,加速度计,0.6500,8.6772,5.5761,,,,,,,
79009008729524,加速度计,-0.4477,7.7752,9.5463,,,,,,,
79009011243639,陀螺仪,,,,,,,,-0.0874,0.0586,0.3922
79009018748274,加速度计,1.3994,7.6094,8.2289,,,,,,,
79009028767024,加速度计,-0.4052,4.8088,6.8456,,,,,,,
79009031281139,陀螺仪,,,,,,,,-0.0558,-0.0173,0.2301
79009038785774,加速度计,-0.0221,5.3115,6.1884,,,,,,,
79009051318639,陀螺仪,,,,,,,,-0.0487,-0.0874,0.1582
79009048804524,加速度计,0.3699,5.8203,6.3482,,,,,,,
79009058823274,加速度计,1.0852,7.4214,7.1078,,,,,,,
79009068842024,加速度计,1.0834,5.7407,8.9046,,,,,,,
79009071356139,陀螺仪,,,,,,,,-0.0471,-0.1318,0.0499
79009078860774,加速度计,0.8948,7.7004,9.9533,,,,,,,
79009088879524,加速度计,1.3467,9.6977,5.7335,,,,,,,
79009091393639,陀螺仪,,,,,,,,0.0286,-0.1650,-0.0217
79009098898274,加速度计,1.9088,6.3578,4.2832,,,,,,,
79009108918118,加速度计,1.3390,6.5882,3.3609,,,,,,,
79009118940045,加速度计,0.9499,6.2303,7.2347,,,,,,,
79009111436764,陀螺仪,,,,,,,,-0.0712,-0.1441,-0.0543
79009128953378,加速度计,0.7955,8.0391,7.6267,,,,,,,
79009138966972,加速度计,1.3402,7.8015,9.1608,,,,,,,
79009131463587,陀螺仪,,,,,,,,-0.0613,-0.1377,-0.0137
79009148980983,加速度计,1.4269,8.2576,7.7081,,,,,,,
79009158995410,加速度计,0.9176,6.4859,8.1415,,,,,,,
79009151491816,陀螺仪,,,,,,,,-0.0072,-0.0972,0.0671
79009169010514,加速度计,1.9399,7.9936,2.5965,,,,,,,
79009179026451,加速度计,1.0499,8.3929,4.6292,,,,,,,
79009171522441,陀螺仪,,,,,,,,0.0458,-0.0205,0.1281
79009189043222,加速度计,0.1640,7.3017,6.8624,,,,,,,
79009191556399,陀螺仪,,,,,,,,-0.0368,0.0145,0.1993
79009199060826,加速度计,-0.0168,7.3340,6.9468,,,,,,,
79009209079264,加速度计,0.6704,9.4864,5.3965,,,,,,,
79009219098535,加速度计,1.5173,6.8001,6.9839,,,,,,,
79009211593691,陀螺仪,,,,,,,,-0.0190,0.0310,0.2374
79009229118639,加速度计,-0.3651,6.6020,5.7120,,,,,,,
79009239139576,加速度计,0.5561,7.1820,5.4043,,,,,,,
79009231634316,陀螺仪,,,,,,,,-0.0088,0.0783,0.2828
79009249161347,加速度计,0.9619,7.3155,6.0705,,,,,,,
79009259183691,加速度计,-0.1275,6.5613,5.8173,,,,,,,
79009251678118,陀螺仪,,,,,,,,-0.0101,0.1103,0.3107
79009269206451,加速度计,0.6482,7.6489,6.6858,,,,,,,
79009271723691,陀螺仪,,,,,,,,0.0129,0.1119,0.3257
79009279229368,加速度计,0.6249,8.1738,5.5091,,,,,,,
79009289252285,加速度计,0.1149,6.5505,4.1366,,,,,,,
79009299275201,加速度计,0.1945,9.8276,9.1482,,,,,,,
79009291769524,陀螺仪,,,,,,,,-0.0465,0.1127,0.2878
79009309296555,加速度计,-1.0175,8.1630,14.6238,,,,,,,
79009319315930,加速度计,2.7755,7.3442,10.3663,,,,,,,
79009311811295,陀螺仪,,,,,,,,0.0096,0.0565,0.2836
79009329334680,加速度计,1.3048,7.0856,-3.5727,,,,,,,
79009339353430,加速度计,2.1302,5.3020,-4.8710,,,,,,,
79009331848795,陀螺仪,,,,,,,,0.1064,0.0804,0.2229
79009349372180,加速度计,0.7254,4.3479,9.0507,,,,,,,
79009359391451,加速度计,-0.6602,9.6187,16.2429,,,,,,,
79009351886608,陀螺仪,,,,,,,,-0.1778,0.0664,0.1269
79009369411347,加速度计,1.8166,11.3228,8.8035,,,,,,,
79009379428014,加速度计,1.7544,6.9593,8.6658,,,,,,,
79009371923899,陀螺仪,,,,,,,,0.0385,-0.0350,0.0639
79009389444680,加速度计,0.7572,4.6843,1.5101,,,,,,,
79009399461347,加速度计,0.8146,5.7940,6.4338,,,,,,,
79009391957233,陀螺仪,,,,,,,,0.0346,-0.0039,0.0944
79009409478014,加速度计,1.8836,10.0957,3.9660,,,,,,,
79009411990722,陀螺仪,,,,,,,,-0.0177,0.0093,0.0506
79009419494941,加速度计,-0.7907,8.3354,10.5686,,,,,,,
79009429512285,加速度计,1.2222,6.8217,7.8416,,,,,,,
79009439530045,加速度计,0.2735,6.9522,6.1375,,,,,,,
79009432025618,陀螺仪,,,,,,,,0.0149,-0.0092,0.1161
79009449548222,加速度计,-1.2833,7.0120,2.2709,,,,,,,
79009459566816,加速度计,0.6674,6.8354,8.0469,,,,,,,
79009452062180,陀螺仪,,,,,,,,-0.0246,0.0127,0.1634
79009469585826,加速度计,0.2161,7.3161,11.7142,,,,,,,
79009479605253,加速度计,0.9307,8.8394,5.2738,,,,,,,
79009472100410,陀螺仪,,,,,,,,-0.0284,0.0441,0.2029
79009489625097,加速度计,-0.2777,5.2152,4.9889,,,,,,,
79009499645358,加速度计,-0.3645,6.0376,7.1024,,,,,,,
79009492140305,陀螺仪,,,,,,,,-0.0252,0.1067,0.3005
79009509665774,加速度计,0.0611,7.4783,8.6419,,,,,,,
79009519686191,加速度计,1.0511,8.3097,7.7422,,,,,,,
79009512181139,陀螺仪,,,,,,,,-0.0232,0.1601,0.4076
79009529706608,加速度计,0.8152,6.3105,4.8626,,,,,,,
79009539727024,加速度计,-0.6255,5.6240,4.2108,,,,,,,
79009532221972,陀螺仪,,,,,,,,0.0218,0.2232,0.4571
79009549747441,加速度计,0.2233,5.5031,5.4731,,,,,,,
79009552262805,陀螺仪,,,,,,,,-0.0109,0.2700,0.5326
79009559767858,加速度计,0.9978,8.0415,6.0484,,,,,,,
79009569788014,加速度计,0.0988,8.0140,9.2841,,,,,,,
79009579807493,加速度计,0.2813,7.2317,7.8979,,,,,,,
79009572302753,陀螺仪,,,,,,,,-0.0048,0.3076,0.5698
79009589826399,加速度计,1.3054,7.6830,3.5853,,,,,,,
79009592340514,陀螺仪,,,,,,,,0.0461,0.3423,0.5822
79009599845149,加速度计,2.5720,8.6209,3.1400,,,,,,,
79009609867285,加速度计,0.8392,7.6806,9.0303,,,,,,,
79009619890253,加速度计,-0.3154,7.7662,13.0765,,,,,,,
79009612390410,陀螺仪,,,,,,,,-0.0458,0.3914,0.5216
79009629890097,加速度计,1.5820,7.7357,6.3829,,,,,,,
79009632390618,陀螺仪,,,,,,,,0.0917,0.3767,0.5053
79009639890878,加速度计,3.5787,5.3032,-2.0470,,,,,,,
79009649893430,加速度计,1.2839,4.7417,4.4035,,,,,,,
79009659898326,加速度计,-0.6123,5.9574,11.3970,,,,,,,
79009652396920,陀螺仪,,,,,,,,-0.0732,0.4209,0.4176
79009669905983,加速度计,2.1829,10.0610,11.6280,,,,,,,
79009672413847,陀螺仪,,,,,,,,0.0475,0.3393,0.3107
79009679916816,加速度计,2.3302,9.6558,11.4365,,,,,,,
79009689930983,加速度计,1.1001,6.9593,6.0801,,,,,,,
79009692443847,陀螺仪,,,,,,,,0.1538,0.3084,0.1780
79009699948483,加速度计,1.5808,5.7209,3.6069,,,,,,,
79009709969316,加速度计,1.9459,7.8266,5.4743,,,,,,,
79009719993222,加速度计,1.9148,9.3266,6.3811,,,,,,,
79009712487024,陀螺仪,,,,,,,,0.0774,0.2759,0.0996
79009730019785,加速度计,0.1921,7.7985,9.9611,,,,,,,
79009732541243,陀螺仪,,,,,,,,0.0674,0.1999,-0.0613
79009740048587,加速度计,1.2971,7.7782,5.3115,,,,,,,
79009750079212,加速度计,1.8334,5.1978,8.4348,,,,,,,
79009760111243,加速度计,2.4217,7.8416,1.9100,,,,,,,
79009770144003,加速度计,2.5815,7.8979,4.4311,,,,,,,
79009752603170,陀螺仪,,,,,,,,0.1095,0.1431,-0.1342
79009780176920,加速度计,1.8866,7.0114,7.9164,,,,,,,
79009772668743,陀螺仪,,,,,,,,0.0370,0.1467,-0.1972
79009790203066,加速度计,0.1454,7.5280,12.8036,,,,,,,
79009792718430,陀螺仪,,,,,,,,0.0774,0.1173,-0.2100
79009800223066,加速度计,0.9912,7.8727,7.9290,,,,,,,
79009810241816,加速度计,2.4918,7.2957,3.1609,,,,,,,
79009812755930,陀螺仪,,,,,,,,0.1514,0.1276,-0.1792
79009820260566,加速度计,0.5022,7.3670,3.8176,,,,,,,
79009830279316,加速度计,-0.1012,7.4729,9.7468,,,,,,,
79009840298066,加速度计,1.7579,8.4252,8.0996,,,,,,,
79009832793430,陀螺仪,,,,,,,,0.0928,0.1256,-0.1180
79009850316816,加速度计,2.3008,7.4178,-0.4028,,,,,,,
79009852832024,陀螺仪,,,,,,,,0.1153,0.1107,-0.1541
79009860337389,加速度计,1.4072,4.1623,-2.2942,,,,,,,
79009870356868,加速度计,-1.4820,5.3085,8.4096,,,,,,,
79009880370618,加速度计,-0.4184,9.7911,18.6371,,,,,,,
79009872867233,陀螺仪,,,,,,,,-0.0707,0.0888,-0.2350
79009890384368,加速度计,1.4341,12.2948,10.1538,,,,,,,
79009900398430,加速度计,-0.0521,7.3711,1.2875,,,,,,,
79009892894941,陀螺仪,,,,,,,,0.1872,-0.0005,-0.3212
79009910412910,加速度计,1.6269,1.8794,0.2095,,,,,,,
79009920430305,加速度计,-0.0868,5.1888,7.6692,,,,,,,
79009912925774,陀螺仪,,,,,,,,0.0507,0.0119,-0.2490
79009930466816,加速度计,0.9278,11.3491,12.8646,,,,,,,
79009942835797,GPS,,,,31.9407,118.7896,3.9600,351.1000,,,
79009932983222,陀螺仪,,,,,,,,0.1095,-0.0377,-0.2910
79009940487858,加速度计,1.7783,9.9437,14.2670,,,,,,,
79009950506608,加速度计,2.0883,6.8462,4.1958,,,,,,,
79009953020722,陀螺仪,,,,,,,,0.2475,-0.0609,-0.3081
79009960525358,加速度计,1.6113,5.5324,-4.1252,,,,,,,
79009970544108,加速度计,1.5520,6.9474,-4.3108,,,,,,,
79009973058222,陀螺仪,,,,,,,,-0.0368,-0.0152,-0.3147
79009980562858,加速度计,-0.1508,8.3863,5.9149,,,,,,,
79009990581608,加速度计,0.1131,7.3227,15.1224,,,,,,,
79009993095722,陀螺仪,,,,,,,,-0.0648,-0.1085,-0.3778
79010000600358,加速度计,1.4102,9.4607,11.5837,,,,,,,
79010010619108,加速度计,-0.4190,8.2007,5.3905,,,,,,,
79010013133222,陀螺仪,,,,,,,,0.0490,-0.1196,-0.3553
79010020637858,加速度计,-0.1921,7.4915,5.0452,,,,,,,
79010030656608,加速度计,-0.6399,6.4679,6.8510,,,,,,,
79010040675358,加速度计,-0.8793,7.4274,8.8376,,,,,,,
79010033170722,陀螺仪,,,,,,,,0.0125,-0.0915,-0.2209
79010050694108,加速度计,-0.1658,8.4066,6.8420,,,,,,,
79010053208222,陀螺仪,,,,,,,,0.0340,-0.0987,-0.1567
79010060712858,加速度计,-1.3162,5.2858,5.6407,,,,,,,
79010070731608,加速度计,-0.5626,7.2562,2.8617,,,,,,,
79010080750358,加速度计,-0.7751,7.5435,10.0126,,,,,,,
79010073245722,陀螺仪,,,,,,,,-0.0178,-0.0566,-0.0232
79010090769108,加速度计,-0.4615,6.0873,13.3740,,,,,,,
79010093283222,陀螺仪,,,,,,,,0.0314,-0.0222,0.0611
79010100787858,加速度计,0.6674,7.7111,5.2978,,,,,,,
79010110807441,加速度计,-0.5734,5.9095,2.4265,,,,,,,
79010120828274,加速度计,-0.2011,4.4371,9.9288,,,,,,,
79010113324160,陀螺仪,,,,,,,,0.0092,0.0627,0.1778
79010130844941,加速度计,1.0552,8.4833,5.7245,,,,,,,
79010140861608,加速度计,1.4210,9.6798,6.2525,,,,,,,
79010133357493,陀螺仪,,,,,,,,0.0518,0.0988,0.2430
79010150878274,加速度计,0.9026,7.4430,3.9612,,,,,,,
79010160894941,加速度计,0.5836,5.3223,10.2969,,,,,,,
79010153390826,陀螺仪,,,,,,,,-0.0648,0.0992,0.1816
79010170911920,加速度计,0.4693,6.9821,6.7337,,,,,,,
79010180929316,加速度计,2.6827,7.6525,5.5037,,,,,,,
79010173424993,陀螺仪,,,,,,,,0.0165,0.0638,0.1093
79010190947128,加速度计,0.1975,5.9747,4.3443,,,,,,,
79010200965358,加速度计,0.7500,5.2720,7.3550,,,,,,,
79010193460826,陀螺仪,,,,,,,,0.0007,0.0541,0.0638
79010210984003,加速度计,1.9441,9.7037,6.1513,,,,,,,
79010213498326,陀螺仪,,,,,,,,0.0091,0.0282,0.0276
79010221003066,加速度计,2.2362,10.6488,6.3716,,,,,,,
79010231022545,加速度计,1.4299,7.6082,7.9889,,,,,,,
79010241042441,加速度计,0.3184,5.1613,8.2750,,,,,,,
79010233537493,陀螺仪,,,,,,,,-0.0638,0.0232,-0.0545
79010251062753,加速度计,0.4028,6.4721,6.8989,,,,,,,
79010261083170,加速度计,0.2777,6.2662,7.7027,,,,,,,
79010253578118,陀螺仪,,,,,,,,0.0132,0.0121,-0.0442
79010271103587,加速度计,0.8996,7.0737,9.1644,,,,,,,
79010281124003,加速度计,2.7563,7.2538,4.4377,,,,,,,
79010273618951,陀螺仪,,,,,,,,0.1055,0.0080,0.0039
79010291144420,加速度计,0.3555,7.4316,1.6831,,,,,,,
79010293659785,陀螺仪,,,,,,,,0.0925,0.0325,-0.0539
79010301164837,加速度计,-0.4232,9.2943,5.0991,,,,,,,
79010311185253,加速度计,0.8733,8.9148,8.7753,,,,,,,
79010313700410,陀螺仪,,,,,,,,-0.0057,-0.0356,-0.0610
79010321205358,加速度计,1.9818,9.1159,9.6151,,,,,,,
79010331224420,加速度计,-0.1544,8.8256,6.8546,,,,,,,
79010333738535,陀螺仪,,,,,,,,0.0515,-0.0698,-0.1324
79010341243170,加速度计,0.1371,6.6517,5.4696,,,,,,,
79010351261920,加速度计,1.1708,7.2736,8.1211,,,,,,,
79010353778743,陀螺仪,,,,,,,,0.0633,-0.0948,-0.0698
79010361287962,加速度计,2.8772,6.9127,3.0622,,,,,,,
79010371304993,加速度计,4.0013,6.2465,-0.6674,,,,,,,
79010373804316,陀螺仪,,,,,,,,-0.0272,-0.0364,-0.1285
79010381304055,加速度计,1.0942,5.6509,-0.3226,,,,,,,
79010391304160,加速度计,-1.6191,6.5386,15.7778,,,,,,,
79010401306139,加速度计,0.9541,9.7426,19.6911,,,,,,,
79010393805566,陀螺仪,,,,,,,,-0.1598,-0.0565,-0.1426
79010411310514,加速度计,1.4629,9.8282,8.8029,,,,,,,
79010421317701,加速度计,0.0940,7.0707,2.6887,,,,,,,
79010413815774,陀螺仪,,,,,,,,0.1493,-0.0770,-0.1156
79010431328118,加速度计,-0.3998,2.8611,1.6807,,,,,,,
79010433838483,陀螺仪,,,,,,,,0.0587,-0.0141,0.0119
79010441342180,加速度计,0.5938,7.6549,2.2996,,,,,,,
79010451359993,加速度计,0.9744,11.2527,9.6708,,,,,,,
79010453875774,陀螺仪,,,,,,,,-0.0467,-0.0137,0.0036
79010461381243,加速度计,0.7272,7.2658,11.6191,,,,,,,
79010471405826,加速度计,-0.0940,6.3518,7.8494,,,,,,,
79010473926399,陀螺仪,,,,,,,,0.0944,0.0024,0.0549
79010481433430,加速度计,-0.1125,5.8538,2.3553,,,,,,,
79010491463326,加速度计,-0.0138,6.7732,0.7961,,,,,,,
79010501494993,加速度计,-0.2041,6.9252,5.5731,,,,,,,
79010493987024,陀螺仪,,,,,,,,0.0202,0.0527,0.1449
79010511528014,加速度计,-0.8763,8.8274,8.2462,,,,,,,
79010514053274,陀螺仪,,,,,,,,-0.0442,0.0406,0.1519
79010521561660,加速度计,-0.6889,7.8159,7.1886,,,,,,,
79010531595410,加速度计,0.6554,7.7800,8.0930,,,,,,,
79010534114733,陀螺仪,,,,,,,,-0.0012,0.0373,0.1720
79010541620097,加速度计,-0.3466,7.7297,5.6533,,,,,,,
79010551639576,加速度计,0.7554,6.3590,7.4286,,,,,,,
79010554153691,陀螺仪,,,,,,,,-0.0031,0.0738,0.2196
79010561658326,加速度计,1.8441,6.4889,5.1996,,,,,,,
79010571677076,加速度计,-0.1897,7.5375,4.1964,,,,,,,
79010574191191,陀螺仪,,,,,,,,-0.0316,0.1129,0.2180
79010581695826,加速度计,0.7829,6.6882,7.9236,,,,,,,
79010591714576,加速度计,1.1570,6.0639,8.1391,,,,,,,
79010601733326,加速度计,1.4670,7.6291,4.4742,,,,,,,
79010594228691,陀螺仪,,,,,,,,-0.0174,0.1180,0.2426
79010611756347,加速度计,1.1115,5.8616,5.1362,,,,,,,
79010614269576,陀螺仪,,,,,,,,-0.0656,0.1502,0.2161
79010621772649,加速度计,1.0020,6.4428,8.0032,,,,,,,
79010631785149,加速度计,1.3431,7.3993,6.4338,,,,,,,
79010634294837,陀螺仪,,,,,,,,-0.0581,0.1474,0.1820
79010641798014,加速度计,1.4120,8.7604,8.8508,,,,,,,
79010651811295,加速度计,-0.4758,7.3933,15.0529,,,,,,,
79010654321868,陀螺仪,,,,,,,,-0.0129,0.1160,0.1369
79010661825358,加速度计,0.7410,7.1533,9.0190,,,,,,,
79010671840253,加速度计,2.1679,7.2712,0.2005,,,,,,,
79010674352076,陀螺仪,,,,,,,,0.0740,0.1154,0.1128
79010681855983,加速度计,1.7059,5.7419,-1.4012,,,,,,,
79010691872910,加速度计,-0.5908,5.1858,5.6048,,,,,,,
79010694386555,陀螺仪,,,,,,,,-0.1324,0.1053,0.0499
79010701891087,加速度计,1.5293,7.4651,8.8927,,,,,,,
79010711910514,加速度计,1.8477,9.4487,8.0804,,,,,,,
79010714425774,陀螺仪,,,,,,,,-0.1049,0.0660,-0.0318
79010721930826,加速度计,0.1520,6.6194,7.4687,,,,,,,
79010731951972,加速度计,0.2161,6.0244,6.7086,,,,,,,
79010734468483,陀螺仪,,,,,,,,-0.0571,0.0658,0.0005
79010741973951,加速度计,2.0632,7.0719,4.0306,,,,,,,
79010751996764,加速度计,0.9194,9.5397,0.8110,,,,,,,
79010754514264,陀螺仪,,,,,,,,-0.1397,0.0830,-0.0312
79010762020045,加速度计,-0.1562,6.9809,9.1375,,,,,,,
79010772043743,加速度计,0.8446,6.7864,10.6967,,,,,,,
79010774561608,陀螺仪,,,,,,,,-0.1249,0.0575,-0.0218
79010782067493,加速度计,1.0654,7.0803,5.9801,,,,,,,
79010792091243,加速度计,0.5800,6.1992,5.0811,,,,,,,
79010794606503,陀螺仪,,,,,,,,-0.0724,0.0771,-0.0012
79010802111347,加速度计,0.2891,6.6834,6.1196,,,,,,,
79010812130201,加速度计,0.1592,7.2838,9.1710,,,,,,,
79010814644316,陀螺仪,,,,,,,,-0.0313,0.0838,0.0261
79010822148951,加速度计,1.9333,9.3913,8.4007,,,,,,,
79010832167701,加速度计,-0.1460,8.7939,6.7852,,,,,,,
79010834681816,陀螺仪,,,,,,,,0.0052,0.0790,0.0280
79010842186451,加速度计,0.5387,6.4230,5.9915,,,,,,,
79010852205201,加速度计,1.9998,6.8947,5.3067,,,,,,,
79010854719837,陀螺仪,,,,,,,,-0.0190,0.0830,0.0202
79010862225410,加速度计,-1.2971,8.8412,7.5621,,,,,,,
79010872243847,加速度计,-1.1480,8.3791,12.9514,,,,,,,
79010874756087,陀螺仪,,,,,,,,0.0378,0.0417,0.0690
79010882260097,加速度计,1.8292,8.3516,7.1174,,,,,,,
79010892276347,加速度计,2.8910,4.6789,-1.5239,,,,,,,
79010894788587,陀螺仪,,,,,,,,0.0939,0.0570,0.0391
79010902292597,加速度计,1.9094,4.9231,-7.3466,,,,,,,
79010912309212,加速度计,-1.8507,4.5460,8.8747,,,,,,,
79010922329889,加速度计,-1.6544,9.5469,17.8033,,,,,,,
79010914824628,陀螺仪,,,,,,,,-0.2370,0.0670,-0.0290
79010942800484,GPS,,,,31.9407,118.7896,3.5500,354.1000,,,
79010932354889,加速度计,1.7400,12.8120,12.9520,,,,,,,
79010942375670,加速度计,0.7470,9.6480,3.3645,,,,,,,
79010934871035,陀螺仪,,,,,,,,0.0647,-0.0368,-0.0948
79010952394420,加速度计,0.0132,3.2920,2.3349,,,,,,,
79010954908535,陀螺仪,,,,,,,,-0.0158,0.0157,-0.0383
79010962413170,加速度计,0.5447,4.9386,4.2150,,,,,,,
79010972431920,加速度计,0.3932,9.0369,8.4713,,,,,,,
79010974946035,陀螺仪,,,,,,,,-0.0364,0.0133,-0.0115
79010982450670,加速度计,0.5674,9.6271,7.2107,,,,,,,
79010992469420,加速度计,1.5329,6.1842,10.2274,,,,,,,
79011002488170,加速度计,-0.6716,5.3061,7.5651,,,,,,,
79010994983535,陀螺仪,,,,,,,,0.0032,-0.0116,-0.0475
79011012506920,加速度计,1.2486,6.3991,3.2896,,,,,,,
79011022525670,加速度计,1.4156,9.3482,4.0504,,,,,,,
79011015021035,陀螺仪,,,,,,,,0.0928,0.0067,0.0174
79011032544420,加速度计,0.6542,7.1856,4.9207,,,,,,,
79011042563170,加速度计,1.5173,6.7115,5.1445,,,,,,,
79011035058535,陀螺仪,,,,,,,,0.0016,0.0285,0.0027
79011052581920,加速度计,0.1814,7.5974,5.6012,,,,,,,
79011062600670,加速度计,-0.2616,7.0701,7.9039,,,,,,,
79011055096035,陀螺仪,,,,,,,,-0.0181,0.0304,0.0001
79011072619420,加速度计,-0.1640,7.8883,7.6255,,,,,,,
79011082638170,加速度计,0.2957,7.6148,4.7106,,,,,,,
79011075133535,陀螺仪,,,,,,,,0.0322,0.0150,0.0506
79011092656920,加速度计,0.9481,7.5070,6.5224,,,,,,,
79011102675670,加速度计,-1.6029,7.6249,7.5759,,,,,,,
79011095171035,陀螺仪,,,,,,,,-0.0137,0.0345,0.0631
79011112708691,加速度计,-0.9421,8.0864,8.0266,,,,,,,
79011122717545,加速度计,-0.1389,7.4334,9.2255,,,,,,,
79011115217805,陀螺仪,,,,,,,,0.0008,0.0302,0.1051
79011132717076,加速度计,-0.3346,6.3009,7.6315,,,,,,,
79011135217597,陀螺仪,,,,,,,,0.0539,0.0386,0.1575
79011142717753,加速度计,-0.2939,6.9258,5.2050,,,,,,,
79011152720410,加速度计,1.7053,6.4242,6.5254,,,,,,,
79011155224212,陀螺仪,,,,,,,,0.0125,0.0832,0.2023
79011162725514,加速度计,0.6339,9.0848,6.0017,,,,,,,
79011172733483,加速度计,-1.2115,5.9723,11.3174,,,,,,,
79011175241868,陀螺仪,,,,,,,,-0.0278,0.1033,0.2119
79011182744733,加速度计,1.9423,7.1545,7.5998,,,,,,,
79011192759316,加速度计,-0.4561,6.2447,3.6140,,,,,,,
79011202777233,加速度计,0.7314,5.9903,5.5827,,,,,,,
79011195272701,陀螺仪,,,,,,,,0.0081,0.1302,0.2133
79011212798483,加速度计,0.4507,6.4488,9.9623,,,,,,,
79011215316868,陀螺仪,,,,,,,,-0.0020,0.1266,0.2321
79011222823066,加速度计,0.7464,8.2845,7.1557,,,,,,,
79011232850618,加速度计,1.8609,8.2666,5.0159,,,,,,,
79011235372910,陀螺仪,,,,,,,,0.0184,0.1270,0.1739
79011242880358,加速度计,-0.2532,6.8390,5.6892,,,,,,,
79011252911816,加速度计,0.3077,7.5058,7.5926,,,,,,,
79011255436399,陀螺仪,,,,,,,,0.0121,0.1142,0.1515
79011262944576,加速度计,0.8278,8.2552,6.6786,,,,,,,
79011272977858,加速度计,0.5094,8.0900,6.2016,,,,,,,
79011283011191,加速度计,0.9295,7.3352,5.8065,,,,,,,
79011275502910,陀螺仪,,,,,,,,0.0225,0.0912,0.1144
79011293035410,加速度计,0.7278,7.7351,4.3940,,,,,,,
79011295550045,陀螺仪,,,,,,,,-0.0194,0.0965,0.0886
79011303054680,加速度计,1.0947,6.2979,8.1642,,,,,,,
79011313073430,加速度计,1.7238,7.3987,8.1930,,,,,,,
79011315587545,陀螺仪,,,,,,,,0.0041,0.0932,0.0626
79011323092180,加速度计,0.2628,6.1459,7.3825,,,,,,,
79011333110930,加速度计,1.3838,5.9065,5.0548,,,,,,,
79011335625045,陀螺仪,,,,,,,,0.0855,0.0965,0.0638
79011343129680,加速度计,2.0117,7.3089,4.6681,,,,,,,
79011353148430,加速度计,0.2412,7.2969,6.3099,,,,,,,
79011355664889,陀螺仪,,,,,,,,0.0447,0.1025,0.0442
79011363175201,加速度计,1.0116,8.2642,10.4896,,,,,,,
79011373186451,加速度计,0.5662,10.1197,11.3222,,,,,,,
79011383197701,加速度计,0.0509,9.3775,10.2107,,,,,,,
79011375694941,陀螺仪,,,,,,,,0.1205,0.0707,0.0160
79011393209368,加速度计,0.7608,7.2730,6.5625,,,,,,,
79011403221868,加速度计,2.5295,7.2850,-2.5953,,,,,,,
79011413235201,加速度计,3.1825,6.0968,-5.7395,,,,,,,
79011395718795,陀螺仪,,,,,,,,0.2119,0.0501,0.0611
79011423249785,加速度计,0.5602,6.2836,2.6653,,,,,,,
79011415746191,陀螺仪,,,,,,,,-0.0623,0.1091,-0.0188
79011433265618,加速度计,-0.3591,7.2724,21.0606,,,,,,,
79011443282701,加速度计,2.0339,10.7679,19.6636,,,,,,,
79011435778483,陀螺仪,,,,,,,,-0.0878,0.0372,-0.1153
79011453301035,加速度计,1.7825,10.0646,5.3157,,,,,,,
79011463320618,加速度计,-0.5165,4.5472,-3.2735,,,,,,,
79011455815774,陀螺仪,,,,,,,,0.2092,0.0368,-0.1356
79011473341451,加速度计,0.2448,3.6949,2.5307,,,,,,,
79011483363535,加速度计,1.7136,8.7861,7.9811,,,,,,,
79011475858066,陀螺仪,,,,,,,,0.0364,0.0663,0.0040
79011493386451,加速度计,3.5560,11.8082,8.0870,,,,,,,
79011503410201,加速度计,1.1570,7.7686,9.2925,,,,,,,
79011495904316,陀螺仪,,,,,,,,0.0217,0.0344,-0.1232
79011513434368,加速度计,0.1287,3.9534,6.7139,,,,,,,
79011523458951,加速度计,1.4838,6.7313,3.0688,,,,,,,
79011515952858,陀螺仪,,,,,,,,0.1052,0.0217,-0.1382
79011533483535,加速度计,1.0463,9.3972,5.2894,,,,,,,
79011543506868,加速度计,1.4311,7.8410,7.8362,,,,,,,
79011536001087,陀螺仪,,,,,,,,0.0387,0.0213,-0.1204
79011553526035,加速度计,1.3904,6.9013,5.7114,,,,,,,
79011563544785,加速度计,0.8386,6.4165,5.0937,,,,,,,
79011556040149,陀螺仪,,,,,,,,0.0337,0.0107,-0.1678
79011573563535,加速度计,0.6207,5.5366,7.8703,,,,,,,
79011583582285,加速度计,-0.1137,6.6577,8.4563,,,,,,,
79011576077649,陀螺仪,,,,,,,,0.0099,-0.0093,-0.1706
79011593601035,加速度计,1.4886,8.4623,6.2878,,,,,,,
79011596115149,陀螺仪,,,,,,,,0.0453,-0.0208,-0.1674
79011603619785,加速度计,0.4537,6.3381,7.2712,,,,,,,
79011613640618,加速度计,-0.0269,5.8407,7.8859,,,,,,,
79011623657701,加速度计,0.5866,5.7347,8.4904,,,,,,,
79011616153483,陀螺仪,,,,,,,,0.0639,-0.0300,-0.1623
79011633674785,加速度计,1.1444,8.7736,6.3261,,,,,,,
79011643691868,加速度计,0.8823,7.6357,7.1323,,,,,,,
79011636187649,陀螺仪,,,,,,,,0.0915,-0.0330,-0.1208
79011653708951,加速度计,1.5484,7.9781,5.5737,,,,,,,
79011663726035,加速度计,0.5626,7.5848,7.1120,,,,,,,
79011656221816,陀螺仪,,,,,,,,0.0389,-0.0052,-0.1330
79011673743118,加速度计,0.3621,6.5003,8.1050,,,,,,,
79011683760618,加速度计,-0.6632,6.2441,5.8389,,,,,,,
79011676256295,陀螺仪,,,,,,,,-0.0107,-0.0012,-0.1349
79011693778535,加速度计,0.3531,5.7533,5.9562,,,,,,,
79011703796868,加速度计,0.6620,6.0250,6.6661,,,,,,,
79011696292337,陀螺仪,,,,,,,,-0.0152,-0.0037,-0.0874
79011713815618,加速度计,-0.0108,7.6489,5.8047,,,,,,,
79011723834785,加速度计,0.8697,7.2862,6.4865,,,,,,,
79011716330045,陀螺仪,,,,,,,,-0.0087,0.0013,-0.0690
79011733854368,加速度计,0.7302,7.5591,5.9227,,,,,,,
79011743873951,加速度计,-0.1197,6.9659,7.2179,,,,,,,
79011736369108,陀螺仪,,,,,,,,-0.0498,0.0154,-0.0555
79011753893535,加速度计,-0.5405,7.0186,6.4027,,,,,,,
79011763913118,加速度计,-1.1360,8.2007,5.6707,,,,,,,
79011756408274,陀螺仪,,,,,,,,-0.0277,0.0213,-0.0178
79011773932701,加速度计,0.5674,7.9823,5.4181,,,,,,,
79011783952285,加速度计,0.2131,8.5383,5.6515,,,,,,,
79011776447441,陀螺仪,,,,,,,,-0.0471,0.0218,0.0569
79011793971868,加速度计,0.1215,7.5304,7.3442,,,,,,,
79011796486608,陀螺仪,,,,,,,,-0.0774,0.0438,0.0642
79011803991451,加速度计,-0.0611,7.9607,5.6976,,,,,,,
79011814011035,加速度计,-0.3136,6.1501,6.4572,,,,,,,
79011824030618,加速度计,0.7302,6.2130,6.8857,,,,,,,
79011816525774,陀螺仪,,,,,,,,-0.0916,0.0739,0.1093
79011834050201,加速度计,-0.4184,7.0731,7.5770,,,,,,,
79011844069785,加速度计,0.6776,6.6930,6.0328,,,,,,,
79011836564941,陀螺仪,,,,,,,,-0.0297,0.1037,0.1565
79011854089368,加速度计,0.8553,7.1281,3.7475,,,,,,,
79011856611139,陀螺仪,,,,,,,,-0.0401,0.1208,0.1858
79011864127597,加速度计,0.3591,6.8450,6.7109,,,,,,,
79011874128847,加速度计,0.8799,7.2167,8.5988,,,,,,,
79011884130514,加速度计,0.6075,9.5840,8.0248,,,,,,,
79011876630149,陀螺仪,,,,,,,,-0.0334,0.1253,0.1683
79011894133430,加速度计,-0.8128,9.1321,12.4498,,,,,,,
79011904138014,加速度计,1.0068,8.2241,9.7959,,,,,,,
79011896636920,陀螺仪,,,,,,,,0.0083,0.1089,0.1607
79011914144680,加速度计,2.9993,6.5469,2.6534,,,,,,,
79011916651608,陀螺仪,,,,,,,,0.1037,0.1149,0.1824
79011924156191,加速度计,2.3780,5.3899,-5.1888,,,,,,,
79011934197233,加速度计,2.3146,5.1966,-8.9777,,,,,,,
79011945694650,GPS,,,,31.9408,118.7896,3.7300,2.2000,,,
79011936728483,陀螺仪,,,,,,,,-0.2812,0.1352,0.0602
79011944238847,加速度计,-0.9541,5.6042,22.3343,,,,,,,
79011954277233,加速度计,0.8039,10.7081,23.3249,,,,,,,
79011956794003,陀螺仪,,,,,,,,0.0130,-0.0097,-0.1577
79011964298743,加速度计,1.0816,12.2314,5.6737,,,,,,,
79011974317545,加速度计,0.5854,4.5185,0.4591,,,,,,,
79011976831660,陀螺仪,,,,,,,,0.0457,-0.0013,-0.1660
79011984336295,加速度计,-0.8021,1.7011,-0.1185,,,,,,,
79011994355045,加速度计,0.6967,7.8793,6.8115,,,,,,,
79012004373795,加速度计,2.0746,11.8345,9.6762,,,,,,,
79011996869160,陀螺仪,,,,,,,,-0.0442,-0.0016,-0.0823
79012014392545,加速度计,1.3635,8.4192,9.2979,,,,,,,
79012016906660,陀螺仪,,,,,,,,-0.0146,-0.0936,-0.2629
79012024411295,加速度计,0.7284,4.4873,5.6383,,,,,,,
79012034430045,加速度计,0.6225,5.6635,1.9650,,,,,,,
79012036944160,陀螺仪,,,,,,,,-0.0116,-0.1027,-0.2680
79012044448795,加速度计,0.0754,7.4717,5.9508,,,,,,,
79012054467545,加速度计,0.8092,8.8478,11.3222,,,,,,,
79012056981660,陀螺仪,,,,,,,,-0.0079,-0.1293,-0.2679
79012064486295,加速度计,0.6566,8.6850,8.5138,,,,,,,
79012074505045,加速度计,0.7793,6.5116,7.0336,,,,,,,
79012077019160,陀螺仪,,,,,,,,0.0630,-0.1228,-0.2465
79012084523795,加速度计,0.0575,7.2963,3.7116,,,,,,,
79012094542545,加速度计,-0.0455,6.9881,7.1886,,,,,,,
79012104561295,加速度计,0.7159,7.7656,8.2552,,,,,,,
79012097056660,陀螺仪,,,,,,,,0.0282,-0.1000,-0.1531
79012114586399,加速度计,0.6333,9.4876,4.5316,,,,,,,
79012117096139,陀螺仪,,,,,,,,0.0529,-0.0984,-0.1438
79012124599316,加速度计,-0.5573,5.3744,6.6289,,,,,,,
79012134612285,加速度计,0.0449,7.1712,5.8143,,,,,,,
79012137122337,陀螺仪,,,,,,,,0.0558,-0.0889,-0.0607
79012144625670,加速度计,-0.6985,6.5930,6.7630,,,,,,,
79012154639524,加速度计,0.0024,9.0848,6.5595,,,,,,,
79012157150514,陀螺仪,,,,,,,,0.0668,-0.0814,-0.0105
79012164654212,加速度计,-0.5974,7.7081,7.5794,,,,,,,
79012174669733,加速度计,-0.1520,8.4066,4.3850,,,,,,,
79012177181972,陀螺仪,,,,,,,,0.0337,-0.0640,0.0415
79012184686087,加速度计,-0.1257,7.3227,5.6755,,,,,,,
79012194703274,加速度计,-1.1013,6.9528,6.7355,,,,,,,
79012197216764,陀螺仪,,,,,,,,-0.0441,-0.0346,0.0778
79012204721295,加速度计,-0.4070,5.5557,9.9808,,,,,,,
79012214740149,加速度计,-0.7374,7.3526,7.4897,,,,,,,
79012224759837,加速度计,0.4729,6.9929,6.7283,,,,,,,
79012217254889,陀螺仪,,,,,,,,0.0309,-0.0093,0.1591
79012234780358,加速度计,0.2065,6.0938,5.3379,,,,,,,
79012237296347,陀螺仪,,,,,,,,0.0056,0.0403,0.2269
79012244801712,加速度计,-0.4052,6.3009,6.5140,,,,,,,
79012254823847,加速度计,0.2035,6.8522,9.5972,,,,,,,
79012257340774,陀螺仪,,,,,,,,0.0085,0.0662,0.2483
79012264846399,加速度计,0.1915,7.4891,7.9392,,,,,,,
79012274869316,加速度计,0.5435,7.5519,4.0857,,,,,,,
79012277386555,陀螺仪,,,,,,,,0.0426,0.0876,0.2586
79012284892233,加速度计,-0.6458,6.8821,4.4855,,,,,,,
79012294915149,加速度计,0.4220,6.8372,6.1711,,,,,,,
79012297432389,陀螺仪,,,,,,,,-0.0116,0.0937,0.2606
79012304937753,加速度计,0.9744,8.1618,7.1239,,,,,,,
79012314957962,加速度计,-0.0880,8.6856,7.1341,,,,,,,
79012317472076,陀螺仪,,,,,,,,-0.0166,0.0748,0.2053
79012324976712,加速度计,0.3442,6.0406,7.1688,,,,,,,
79012334995462,加速度计,0.6997,7.6231,6.3698,,,,,,,
79012337509576,陀螺仪,,,,,,,,0.0146,0.0577,0.1830
79012345014212,加速度计,0.7955,8.0284,7.2197,,,,,,,
79012355033118,加速度计,1.9148,7.7255,5.9310,,,,,,,
79012357549055,陀螺仪,,,,,,,,0.0318,0.0494,0.1253
79012365055253,加速度计,1.4066,7.4118,5.3744,,,,,,,
79012375070253,加速度计,0.8356,8.6401,4.7998,,,,,,,
79012377581555,陀螺仪,,,,,,,,-0.0056,0.0238,0.0586
79012385085253,加速度计,1.4563,7.2915,7.8105,,,,,,,
79012395100305,加速度计,2.7581,8.5754,5.1912,,,,,,,
79012397611920,陀螺仪,,,,,,,,-0.0205,-0.0198,-0.0395
79012405115774,加速度计,1.1552,8.0200,7.0533,,,,,,,
79012415131660,加速度计,0.8206,7.2862,10.7733,,,,,,,
79012417643899,陀螺仪,,,,,,,,0.0152,-0.0668,-0.1185
79012425147962,加速度计,2.5283,8.3121,7.7303,,,,,,,
79012435164733,加速度计,2.7461,7.4136,-0.1861,,,,,,,
79012437677910,陀螺仪,,,,,,,,0.0494,-0.0828,-0.1899
79012445182337,加速度计,3.0119,5.3295,-4.7064,,,,,,,
79012455200774,加速度计,1.7196,4.6172,10.2705,,,,,,,
79012457715201,陀螺仪,,,,,,,,-0.2354,-0.0969,-0.2585
79012465219993,加速度计,-1.1893,7.1419,17.7967,,,,,,,
79012475239628,加速度计,2.4708,11.3766,11.7268,,,,,,,
79012477754680,陀螺仪,,,,,,,,0.0547,-0.1597,-0.3153
79012485259680,加速度计,1.9231,8.4731,6.0292,,,,,,,
79012495280149,加速度计,-0.0018,3.8630,3.0035,,,,,,,
79012497795826,陀螺仪,,,,,,,,0.0431,-0.1334,-0.2407
79012505301035,加速度计,-0.2795,4.7704,5.0996,,,,,,,
79012515322285,加速度计,1.7214,8.9884,6.5009,,,,,,,
79012517838274,陀螺仪,,,,,,,,-0.0065,-0.1105,-0.1756
79012525343535,加速度计,1.4922,9.0357,5.6904,,,,,,,
79012535364785,加速度计,0.4597,5.7988,7.4041,,,,,,,
79012537880774,陀螺仪,,,,,,,,-0.0350,-0.0732,-0.1281
79012545386035,加速度计,-0.2358,6.2303,6.0041,,,,,,,
79012555407285,加速度计,0.1000,7.5124,6.5290,,,,,,,
79012557923274,陀螺仪,,,,,,,,-0.0318,-0.0214,0.0164
79012565428274,加速度计,0.4633,7.0473,8.1636,,,,,,,
79012575447389,加速度计,-0.6692,8.4222,6.6762,,,,,,,
79012577961503,陀螺仪,,,,,,,,0.0033,0.0330,0.1104
79012585466139,加速度计,-0.0563,7.9308,7.0557,,,,,,,
79012595484889,加速度计,-0.0138,7.2616,8.2492,,,,,,,
79012597999003,陀螺仪,,,,,,,,0.0268,0.0707,0.2040
79012605504316,加速度计,-0.7643,7.7506,4.6376,,,,,,,
79012615539108,加速度计,-0.1263,7.5166,2.7150,,,,,,,
79012618039472,陀螺仪,,,,,,,,0.0056,0.0977,0.2684
79012625539576,加速度计,-0.3741,6.8755,5.5659,,,,,,,
79012635540566,加速度计,0.1161,7.6782,8.3390,,,,,,,
79012638042180,陀螺仪,,,,,,,,-0.0361,0.1100,0.2786
79012645542858,加速度计,0.2873,7.3340,7.7901,,,,,,,
79012655546920,加速度计,-0.5656,7.2682,6.4452,,,,,,,
79012658051660,陀螺仪,,,,,,,,0.0216,0.1268,0.2751
79012665553535,加速度计,-0.0796,7.6537,4.4287,,,,,,,
79012675563066,加速度计,-0.6692,5.8855,8.4743,,,,,,,
79012678072180,陀螺仪,,,,,,,,-0.0005,0.1238,0.3103
79012685575566,加速度计,0.5345,7.9954,7.4741,,,,,,,
79012695591399,加速度计,0.9134,8.1385,9.5044,,,,,,,
79012698105514,陀螺仪,,,,,,,,0.0266,0.1238,0.2788
79012705610514,加速度计,0.5950,7.3580,8.3097,,,,,,,
79012715632545,加速度计,0.3879,6.8396,6.5475,,,,,,,
79012718151035,陀螺仪,,,,,,,,0.0828,0.1397,0.2494
79012725657441,加速度计,0.7727,7.3915,3.4626,,,,,,,
79012735684785,加速度计,0.2400,6.1878,7.7129,,,,,,,
79012738206712,陀螺仪,,,,,,,,-0.0202,0.1308,0.2300
79012745714160,加速度计,0.2646,7.0282,11.4102,,,,,,,
79012755745097,加速度计,0.4501,8.8843,16.1315,,,,,,,
79012758268899,陀螺仪,,,,,,,,0.1313,0.0919,0.1559
79012765776816,加速度计,0.8649,8.1044,12.3637,,,,,,,
79012775808899,加速度计,3.1196,6.2950,1.0319,,,,,,,
79012778333014,陀螺仪,,,,,,,,0.2554,0.1172,0.1840
79012785839785,加速度计,2.5660,5.7383,-3.6949,,,,,,,
79012795861816,加速度计,0.0634,5.6485,2.1919,,,,,,,
79012798375930,陀螺仪,,,,,,,,0.0011,0.1105,0.0875
79012805880566,加速度计,-0.3699,7.5256,9.1447,,,,,,,
79012815899316,加速度计,2.5654,10.2334,6.1232,,,,,,,
79012818413430,陀螺仪,,,,,,,,0.0150,0.0095,-0.0547
79012825918066,加速度计,1.1450,7.1317,4.6148,,,,,,,
79012835936816,加速度计,-0.2143,5.2894,3.0197,,,,,,,
79012838450930,陀螺仪,,,,,,,,-0.0300,0.0104,-0.0960
79012845955566,加速度计,-0.7171,6.3608,9.2955,,,,,,,
79012855974680,加速度计,1.3443,9.8863,11.5784,,,,,,,
79012858494108,陀螺仪,,,,,,,,0.0570,-0.0035,-0.0166
79012865997775,加速度计,2.2954,9.4523,7.6992,,,,,,,
79012876011525,加速度计,1.5012,7.4615,5.1493,,,,,,,
79012878521890,陀螺仪,,,,,,,,0.0806,0.0615,-0.0212
79012886025275,加速度计,-0.3932,4.3736,3.8265,,,,,,,
79012896039129,加速度计,0.1951,7.2784,3.3471,,,,,,,
79012898549806,陀螺仪,,,,,,,,0.0706,0.0660,0.0542
79012906053400,加速度计,1.3659,9.3948,3.8313,,,,,,,
79012916068087,加速度计,0.2693,8.9280,6.4338,,,,,,,
79012926086577,加速度计,-0.8691,7.0228,13.6074,,,,,,,
79012918579390,陀螺仪,,,,,,,,-0.0329,0.0627,0.0336
79012942798868,GPS,,,,31.9408,118.7896,3.6900,351.1000,,,
79012936117410,加速度计,-0.2011,7.2742,9.3577,,,,,,,
79012946144494,加速度计,2.5642,7.6938,-0.4764,,,,,,,
79012938637775,陀螺仪,,,,,,,,0.1402,0.0708,0.1554
79012956163244,加速度计,1.7448,6.8007,-5.3732,,,,,,,
79012966181994,加速度计,-0.7260,4.9961,5.9400,,,,,,,
79012958677358,陀螺仪,,,,,,,,-0.0593,0.1415,0.1296
79012976200744,加速度计,-0.9882,7.9643,19.0806,,,,,,,
79012986219494,加速度计,0.3502,11.6933,12.7958,,,,,,,
79012978714858,陀螺仪,,,,,,,,-0.0337,0.0981,0.1392
79012996238244,加速度计,1.8310,10.1017,2.0554,,,,,,,
79013006256994,加速度计,0.1305,2.6127,0.7087,,,,,,,
79012998752358,陀螺仪,,,,,,,,0.0478,0.1173,0.0831
79013016275744,加速度计,-0.0084,2.8030,4.1432,,,,,,,
79013026294494,加速度计,0.4543,9.2231,7.9248,,,,,,,
79013018789858,陀螺仪,,,,,,,,-0.0256,0.1380,0.1273
79013036313244,加速度计,1.1528,13.3537,5.6719,,,,,,,
79013046331994,加速度计,1.1576,8.6461,7.9080,,,,,,,
79013038827358,陀螺仪,,,,,,,,-0.1249,0.0940,0.0391
79013056350744,加速度计,-0.6692,3.1807,9.1225,,,,,,,
79013066369494,加速度计,0.3867,5.6108,4.7818,,,,,,,
79013058864858,陀螺仪,,,,,,,,-0.1511,0.0715,-0.0286
79013076388244,加速度计,0.9409,7.5405,6.8684,,,,,,,
79013086406994,加速度计,0.5884,6.2106,10.1778,,,,,,,
79013078902358,陀螺仪,,,,,,,,-0.1325,0.0712,-0.0409
79013096425744,加速度计,1.8453,5.8622,6.3261,,,,,,,
79013106444494,加速度计,0.2741,6.3919,2.8282,,,,,,,
79013098939858,陀螺仪,,,,,,,,-0.0477,0.0534,-0.0561
79013116464442,加速度计,0.2394,7.3897,6.7271,,,,,,,
79013118978244,陀螺仪,,,,,,,,-0.0808,0.0419,-0.0867
79013126482775,加速度计,1.3114,8.4773,7.4035,,,,,,,
79013136501108,加速度计,1.0056,8.0870,7.4454,,,,,,,
79013139014910,陀螺仪,,,,,,,,-0.0510,0.0153,-0.1001
79013146519442,加速度计,1.2438,7.7141,7.8554,,,,,,,
79013156537775,加速度计,0.3118,7.5513,4.9380,,,,,,,
79013159051577,陀螺仪,,,,,,,,-0.0533,0.0200,-0.0951
79013166556108,加速度计,0.9391,7.6393,5.6904,,,,,,,
79013176574442,加速度计,0.2975,6.5457,8.4689,,,,,,,
79013179088244,陀螺仪,,,,,,,,-0.0332,0.0209,-0.0975
79013186592775,加速度计,0.3765,7.5651,7.9859,,,,,,,
79013196611108,加速度计,0.1215,7.3466,8.2780,,,,,,,
79013199124910,陀螺仪,,,,,,,,0.0298,0.0024,-0.0618
79013206629442,加速度计,0.7943,8.0302,6.8971,,,,,,,
79013216647775,加速度计,0.3148,7.7165,9.5684,,,,,,,
79013219161577,陀螺仪,,,,,,,,0.0714,0.0121,-0.0333
79013226666108,加速度计,0.5010,8.6574,4.4538,,,,,,,
79013236684442,加速度计,0.1718,7.5663,3.7379,,,,,,,
79013246702775,加速度计,0.6339,8.1265,4.9440,,,,,,,
79013239198244,陀螺仪,,,,,,,,0.0519,0.0330,-0.0192
79013256721108,加速度计,0.3226,6.7947,10.3765,,,,,,,
79013259234910,陀螺仪,,,,,,,,-0.0093,0.0280,-0.0036
79013266739442,加速度计,-0.0383,7.0563,8.1092,,,,,,,
79013276757775,加速度计,0.4609,7.4442,8.4066,,,,,,,
79013286776108,加速度计,-0.5082,6.4572,7.9924,,,,,,,
79013279271577,陀螺仪,,,,,,,,0.0567,0.0274,0.0024
79013296794442,加速度计,0.1263,5.3696,3.3555,,,,,,,
79013306812775,加速度计,0.8595,7.5908,3.4183,,,,,,,
79013299308244,陀螺仪,,,,,,,,0.1025,0.0372,0.0374
79013316831108,加速度计,-0.4657,6.9252,5.7874,,,,,,,
79013319344962,陀螺仪,,,,,,,,0.0214,0.0192,0.0169
79013326849598,加速度计,0.4399,6.9839,9.5594,,,,,,,
79013336868348,加速度计,1.3587,8.9028,8.9370,,,,,,,
79013346887098,加速度计,0.1305,6.7624,4.3497,,,,,,,
79013339382462,陀螺仪,,,,,,,,0.0708,-0.0346,-0.0784
79013356907567,加速度计,1.4204,5.1799,4.7902,,,,,,,
79013359440587,陀螺仪,,,,,,,,0.0613,-0.0660,-0.1598
79013366942619,加速度计,-0.7542,7.1108,4.3802,,,,,,,
79013376951056,加速度计,0.6399,7.5483,10.7984,,,,,,,
79013379457671,陀螺仪,,,,,,,,0.0449,-0.1418,-0.1771
79013386959910,加速度计,1.4305,7.7243,8.9142,,,,,,,
79013396969285,加速度计,1.2312,7.1269,6.4524,,,,,,,
79013399476837,陀螺仪,,,,,,,,0.1392,-0.1844,-0.2369
79013406979598,加速度计,1.6568,6.0555,4.5538,,,,,,,
79013416991265,加速度计,1.3946,7.4047,2.3337,,,,,,,
79013419501004,陀螺仪,,,,,,,,0.0988,-0.1598,-0.2312
79013427004598,加速度计,1.2965,8.0972,2.7090,,,,,,,
79013437019598,加速度计,-0.0102,8.4964,10.6991,,,,,,,
79013439531837,陀螺仪,,,,,,,,-0.0236,-0.1224,-0.1397
79013447036265,加速度计,-0.1173,6.6732,15.1439,,,,,,,
79013457054598,加速度计,3.0490,8.7694,2.9898,,,,,,,
79013459569337,陀螺仪,,,,,,,,0.1589,-0.0530,0.0213
79013467074598,加速度计,2.6528,7.5232,-4.5256,,,,,,,
79013477096265,加速度计,2.8276,4.8219,-8.0529,,,,,,,
79013479613504,陀螺仪,,,,,,,,-0.2185,0.0855,0.0683
79013487119494,加速度计,-1.5652,5.3570,17.7608,,,,,,,
79013497143973,加速度计,-1.2127,9.9282,20.5536,,,,,,,
79013499663087,陀螺仪,,,,,,,,-0.0081,0.0864,0.1731
79013507169598,加速度计,2.3254,13.5272,7.2808,,,,,,,
79013517195952,加速度计,0.2376,7.2431,0.6572,,,,,,,
79013519716004,陀螺仪,,,,,,,,-0.0419,0.1342,0.1546
79013527222619,加速度计,-1.5197,2.8054,5.0176,,,,,,,
79013537249077,加速度计,-0.8446,6.1627,6.9115,,,,,,,
79013539768504,陀螺仪,,,,,,,,-0.0270,0.1225,0.2342
79013547273140,加速度计,1.5784,12.6162,6.2704,,,,,,,
79013557291890,加速度计,0.7428,9.4595,4.3341,,,,,,,
79013559806004,陀螺仪,,,,,,,,-0.1266,0.1216,0.1346
79013567310640,加速度计,-0.1814,4.0624,8.5659,,,,,,,
79013577329390,加速度计,-0.0652,5.3056,5.7012,,,,,,,
79013579843504,陀螺仪,,,,,,,,-0.0646,0.0967,0.1104
79013587348140,加速度计,0.6853,7.8943,4.6364,,,,,,,
79013597366890,加速度计,1.5185,7.5902,8.0391,,,,,,,
79013599881004,陀螺仪,,,,,,,,-0.1053,0.1144,0.0903
79013607386473,加速度计,0.6764,7.3508,10.2388,,,,,,,
79013617409077,加速度计,0.9774,7.5244,9.0160,,,,,,,
79013619918192,陀螺仪,,,,,,,,-0.0013,0.0851,0.0415
79013627421160,加速度计,1.2336,7.3550,4.9817,,,,,,,
79013637433400,加速度计,0.6506,6.0334,4.4137,,,,,,,
79013639942879,陀螺仪,,,,,,,,-0.0462,0.0718,0.0072
79013647446056,加速度计,1.1211,6.3991,7.2550,,,,,,,
79013657459285,加速度计,1.7101,7.9188,6.4069,,,,,,,
79013659969754,陀螺仪,,,,,,,,-0.0176,0.0312,-0.0668
79013667473348,加速度计,1.0570,8.8023,6.5535,,,,,,,
79013677488400,加速度计,1.2324,6.0077,7.9176,,,,,,,
79013687504702,加速度计,0.6937,6.0914,4.3928,,,,,,,
79013680000483,陀螺仪,,,,,,,,-0.0111,-0.0064,-0.1401
79013697522254,加速度计,1.5143,6.7522,6.2171,,,,,,,
79013707541056,加速度计,0.8302,7.8326,8.4048,,,,,,,
79013700036212,陀螺仪,,,,,,,,-0.0348,-0.0313,-0.1534
79013717561108,加速度计,0.5016,7.2760,13.7900,,,,,,,
79013720076890,陀螺仪,,,,,,,,0.0626,-0.0823,-0.1535
79013727582254,加速度计,3.4034,8.1151,8.6060,,,,,,,
79013737604233,加速度计,1.8657,7.9547,1.1839,,,,,,,
79013740121212,陀螺仪,,,,,,,,0.0874,-0.0494,-0.2278
79013747626890,加速度计,1.1241,5.8975,3.1699,,,,,,,
79013757649962,加速度计,-0.5495,5.3026,6.6056,,,,,,,
79013767673452,加速度计,0.6560,7.0731,5.8281,,,,,,,
79013760167567,陀螺仪,,,,,,,,-0.0068,-0.0654,-0.2007
79013777697202,加速度计,2.2116,7.7297,5.2870,,,,,,,
79013787720952,加速度计,0.6560,6.3195,8.3456,,,,,,,
79013780215067,陀螺仪,,,,,,,,-0.0334,-0.1013,-0.2498
79013797743140,加速度计,1.1019,5.4570,7.2802,,,,,,,
79013807762410,加速度计,0.7901,6.9611,5.8855,,,,,,,
79013800257775,陀螺仪,,,,,,,,0.0000,-0.0832,-0.2344
79013817781160,加速度计,0.0581,8.1265,7.2496,,,,,,,
79013820295275,陀螺仪,,,,,,,,-0.0201,-0.0466,-0.1634
79013827799910,加速度计,0.6470,7.5890,9.7294,,,,,,,
79013837818660,加速度计,0.5686,7.6830,7.3945,,,,,,,
79013840332775,陀螺仪,,,,,,,,0.0537,-0.0067,-0.0776
79013847837410,加速度计,0.6542,8.0864,3.9462,,,,,,,
79013857856317,加速度计,0.0922,6.0597,6.9713,,,,,,,
79013860373452,陀螺仪,,,,,,,,-0.0024,0.0521,0.0238
79013867877254,加速度计,-0.5632,6.7505,7.1820,,,,,,,
79013877892671,加速度计,0.3011,8.3342,4.8644,,,,,,,
79013880404285,陀螺仪,,,,,,,,0.0322,0.0746,0.1075
79013887908087,加速度计,0.0832,8.2271,5.4773,,,,,,,
79013897923504,加速度计,0.1143,6.7115,6.3530,,,,,,,
79013907939077,加速度计,-0.4747,6.4955,5.7634,,,,,,,
79013900435171,陀螺仪,,,,,,,,-0.0059,0.0940,0.1290
79013917956942,加速度计,-0.0311,8.3767,4.9171,,,,,,,
79013920491837,陀螺仪,,,,,,,,-0.0138,0.1061,0.1606
79013927994285,加速度计,0.4890,7.7776,7.3502,,,,,,,
79013944516993,GPS,,,,31.9408,118.7896,3.3900,341.7000,,,
79013938004285,加速度计,-0.0353,8.2085,6.7684,,,,,,,
79013940511837,陀螺仪,,,,,,,,-0.0206,0.1233,0.1209
79013948014390,加速度计,-1.8118,8.4797,9.9814,,,,,,,
79013960533504,陀螺仪,,,,,,,,0.0627,0.0814,0.2290
79013958025015,加速度计,-1.2516,8.0056,12.8407,,,,,,,
79013968036577,加速度计,2.0536,7.2012,6.0190,,,,,,,
79013978049390,加速度计,4.3736,6.4973,-2.3092,,,,,,,
79013980559754,陀螺仪,,,,,,,,0.1065,0.1129,0.1284
79013988063452,加速度计,3.2717,7.4669,-7.0060,,,,,,,
79013998078869,加速度计,-2.1817,6.1136,10.8595,,,,,,,
79014000591421,陀螺仪,,,,,,,,-0.2698,0.1047,-0.0043
79014008095952,加速度计,-2.4271,9.7091,24.2892,,,,,,,
79014018114702,加速度计,0.3424,12.0554,12.8168,,,,,,,
79014020629754,陀螺仪,,,,,,,,0.1318,0.0188,0.0148
79014028135015,加速度计,4.4963,7.3520,-1.1319,,,,,,,
79014038156577,加速度计,2.1464,1.9315,-1.3707,,,,,,,
79014040673504,陀螺仪,,,,,,,,-0.0007,0.0916,-0.0874
79014048179390,加速度计,-1.1821,3.4758,7.9063,,,,,,,
79014058203348,加速度计,-0.1269,10.5596,9.8390,,,,,,,
79014060721837,陀螺仪,,,,,,,,0.0659,0.0165,-0.0533
79014068228035,加速度计,1.9872,11.9447,5.8873,,,,,,,
79014078253140,加速度计,2.0411,6.0088,7.3059,,,,,,,
79014080772254,陀螺仪,,,,,,,,0.0393,0.0011,-0.1641
79014088278556,加速度计,0.2849,3.6655,5.8089,,,,,,,
79014098303556,加速度计,0.0724,8.3893,0.7428,,,,,,,
79014100821421,陀螺仪,,,,,,,,0.0617,-0.0012,-0.1563
79014108329077,加速度计,1.5586,8.9615,7.5998,,,,,,,
79014118358817,加速度计,0.6524,9.0297,12.7336,,,,,,,
79014128356212,加速度计,-0.9194,7.5729,10.9828,,,,,,,
79014120856785,陀螺仪,,,,,,,,0.0229,0.0072,-0.1662
79014138354754,加速度计,0.9032,7.8440,3.4135,,,,,,,
79014140854754,陀螺仪,,,,,,,,0.1157,0.0261,-0.1029
79014148355119,加速度计,0.6345,5.4031,2.2344,,,,,,,
79014158357879,加速度计,0.4465,6.1501,5.0643,,,,,,,
79014160861785,陀螺仪,,,,,,,,0.0322,0.0533,-0.0497
79014168363712,加速度计,-0.1233,7.4933,8.3923,,,,,,,
79014178372879,加速度计,0.5740,8.0984,8.8849,,,,,,,
79014180881837,陀螺仪,,,,,,,,0.0935,0.0662,-0.0280
79014188385535,加速度计,1.3030,7.9499,5.3451,,,,,,,
79014198401942,加速度计,0.3352,6.3566,1.7083,,,,,,,
79014200916525,陀螺仪,,,,,,,,0.0557,0.1141,0.0068
79014208422098,加速度计,-0.4782,5.9640,3.6362,,,,,,,
79014218445848,加速度计,-0.7278,8.8837,7.7129,,,,,,,
79014228472775,加速度计,0.2993,9.4924,9.2482,,,,,,,
79014220965640,陀螺仪,,,,,,,,-0.0088,0.0917,0.0212
79014238502462,加速度计,0.8972,7.8566,6.9581,,,,,,,
79014248534337,加速度计,0.5782,6.9647,2.6456,,,,,,,
79014241026160,陀螺仪,,,,,,,,0.0369,0.1055,-0.0224
79014258567723,加速度计,-2.6151,5.3989,6.0178,,,,,,,
79014261093452,陀螺仪,,,,,,,,-0.0451,0.1261,-0.0258
79014268602046,加速度计,-2.1069,7.0252,10.1023,,,,,,,
79014278636317,加速度计,0.3118,10.0598,9.9264,,,,,,,
79014281159806,陀螺仪,,,,,,,,0.0290,0.0437,0.0541
79014288664442,加速度计,2.4313,8.5569,6.4697,,,,,,,
79014298683192,加速度计,1.2246,4.5801,5.0901,,,,,,,
79014301197306,陀螺仪,,,,,,,,0.0079,0.0447,-0.0960
79014308701942,加速度计,-0.0539,4.0947,4.1084,,,,,,,
79014318720692,加速度计,0.1568,6.5278,6.5613,,,,,,,
79014321234806,陀螺仪,,,,,,,,-0.0262,0.0001,-0.1575
79014328739442,加速度计,0.2873,8.6131,9.4912,,,,,,,
79014338758192,加速度计,0.3352,7.8284,11.9453,,,,,,,
79014341272306,陀螺仪,,,,,,,,0.0285,-0.0736,-0.2454
79014348776942,加速度计,1.3707,7.4346,5.5599,,,,,,,
79014358796942,加速度计,0.9272,6.3123,5.3864,,,,,,,
79014361315483,陀螺仪,,,,,,,,0.0186,-0.1051,-0.3218
79014368818452,加速度计,0.9176,6.7947,2.9096,,,,,,,
79014378830535,加速度计,0.7386,6.3500,5.9604,,,,,,,
79014388842827,加速度计,0.9750,8.1403,7.7835,,,,,,,
79014381339754,陀螺仪,,,,,,,,-0.0501,-0.1538,-0.3702
79014398855535,加速度计,0.6476,7.4334,10.5303,,,,,,,
79014408868869,加速度计,1.9585,7.9212,6.9378,,,,,,,
79014401365483,陀螺仪,,,,,,,,-0.0152,-0.2073,-0.4218
79014418883035,加速度计,1.8304,7.9045,4.8632,,,,,,,
79014428898244,加速度计,0.3603,7.0084,6.1363,,,,,,,
79014421394337,陀螺仪,,,,,,,,-0.0003,-0.2120,-0.4630
79014438914702,加速度计,0.9637,6.9013,6.0100,,,,,,,
79014441427879,陀螺仪,,,,,,,,-0.0077,-0.2182,-0.4491
79014448932410,加速度计,1.0930,8.8927,5.0745,,,,,,,
79014458951369,加速度计,-0.0353,7.7710,11.5796,,,,,,,
79014468971577,加速度计,-0.5387,7.8362,12.3038,,,,,,,
79014461466421,陀螺仪,,,,,,,,-0.0238,-0.2226,-0.4073
79014478992827,加速度计,1.9477,7.8715,5.2176,,,,,,,
79014481509337,陀螺仪,,,,,,,,0.1507,-0.2174,-0.2892
79014489014910,加速度计,2.4523,6.5176,-4.4604,,,,,,,
79014499037619,加速度计,0.2197,4.6567,-5.9053,,,,,,,
79014501554962,陀螺仪,,,,,,,,-0.1209,-0.1390,-0.2944
79014509060744,加速度计,-1.7292,2.5851,11.9531,,,,,,,
79014519084285,加速度计,0.5794,12.1464,19.1165,,,,,,,
79014521602150,陀螺仪,,,,,,,,0.0622,-0.1662,-0.1354
79014529108035,加速度计,1.3096,15.0589,6.6218,,,,,,,
79014539131785,加速度计,1.6077,7.3352,2.0123,,,,,,,
79014549153244,加速度计,-1.7885,1.2899,4.8524,,,,,,,
79014541648504,陀螺仪,,,,,,,,-0.0398,-0.0955,-0.1485
79014559172202,加速度计,-3.5500,5.7353,6.0968,,,,,,,
79014569190952,加速度计,-0.1885,12.7617,6.3680,,,,,,,
79014561686317,陀螺仪,,,,,,,,0.0276,-0.0892,-0.0684
79014579209702,加速度计,1.3252,8.9334,9.1147,,,,,,,
79014589228452,加速度计,0.4292,3.3393,9.6355,,,,,,,
79014581723817,陀螺仪,,,,,,,,-0.0531,-0.0945,0.0100
79014599247202,加速度计,-1.0666,6.2088,3.1304,,,,,,,
79014601761525,陀螺仪,,,,,,,,0.0851,-0.0844,-0.0286
79014609266369,加速度计,2.3703,8.9214,5.5593,,,,,,,
79014619285900,加速度计,0.3531,8.0308,5.1350,,,,,,,
79014621798140,陀螺仪,,,,,,,,0.0017,-0.0939,-0.0474
79014629302150,加速度计,0.6482,8.8232,7.5866,,,,,,,
79014639318400,加速度计,0.6710,7.3783,9.6624,,,,,,,
79014641830640,陀螺仪,,,,,,,,-0.0071,-0.1108,-0.0795
79014649334650,加速度计,-0.0880,6.3704,9.2703,,,,,,,
79014659351108,加速度计,0.9768,7.4478,5.4312,,,,,,,
79014669367983,加速度计,1.2324,7.7626,1.8483,,,,,,,
79014661863765,陀螺仪,,,,,,,,0.0875,-0.0774,-0.0246
79014679385275,加速度计,1.6275,6.5487,4.2425,,,,,,,
79014689402983,加速度计,0.9954,7.6279,8.3791,,,,,,,
79014681898556,陀螺仪,,,,,,,,-0.0156,-0.0997,-0.0895
79014699421108,加速度计,0.3879,7.3508,8.0846,,,,,,,
79014709439650,加速度计,-0.3274,7.3304,6.5775,,,,,,,
79014701935015,陀螺仪,,,,,,,,0.0194,-0.1142,-0.1104
79014719458608,加速度计,0.3059,6.6086,5.0721,,,,,,,
79014729477983,加速度计,0.2304,7.5106,5.8029,,,,,,,
79014721973140,陀螺仪,,,,,,,,0.0089,-0.1089,-0.0535
79014739497775,加速度计,0.0150,8.2468,7.8458,,,,,,,
79014749517983,加速度计,0.4310,8.0607,8.9304,,,,,,,
79014742012931,陀螺仪,,,,,,,,-0.0487,-0.1602,-0.1184
79014759538400,加速度计,-1.0409,6.9695,7.3915,,,,,,,
79014769558817,加速度计,0.7590,6.3919,6.1758,,,,,,,
79014762053765,陀螺仪,,,,,,,,0.0372,-0.1782,-0.1431
79014779579233,加速度计,0.6410,7.0024,4.6657,,,,,,,
79014782094598,陀螺仪,,,,,,,,-0.0039,-0.1816,-0.1083
79014789599650,加速度计,0.7278,7.2700,7.0378,,,,,,,
79014799620067,加速度计,1.2635,7.8344,8.0026,,,,,,,
79014809640483,加速度计,-0.0239,6.8648,6.6277,,,,,,,
79014802135431,陀螺仪,,,,,,,,0.0060,-0.1815,-0.1509
79014819660275,加速度计,1.1594,6.1950,5.0518,,,,,,,
79014829679233,加速度计,0.4866,6.2261,6.1615,,,,,,,
79014822174598,陀螺仪,,,,,,,,-0.0142,-0.1533,-0.0858
79014839697983,加速度计,-0.3280,6.7511,9.9766,,,,,,,
79014842212098,陀螺仪,,,,,,,,0.0051,-0.0979,-0.0246
79014849716733,加速度计,0.9978,9.2171,7.6405,,,,,,,
79014859737983,加速度计,-0.0503,5.3091,7.6423,,,,,,,
79014862263244,陀螺仪,,,,,,,,0.0080,-0.0313,0.1294
79014869763400,加速度计,1.2809,7.9679,2.8282,,,,,,,
79014879764442,加速度计,-1.2055,5.8167,7.3101,,,,,,,
79014882265744,陀螺仪,,,,,,,,-0.0759,-0.0004,0.1136
79014889766317,加速度计,0.7554,6.5763,9.9874,,,,,,,
79014899769650,加速度计,-2.0093,7.1437,9.1596,,,,,,,
79014902273452,陀螺仪,,,,,,,,0.0372,0.0495,0.2232
79014909775067,加速度计,0.2849,6.8851,4.6920,,,,,,,
79014919784442,加速度计,0.7955,6.8504,3.8337,,,,,,,
79014922320171,陀螺仪,,,,,,,,-0.0246,0.1068,0.2788
79014944264701,GPS,,,,31.9409,118.7896,3.4400,342.6000,,,
79014929836890,加速度计,1.0259,7.7177,6.0106,,,,,,,
79014939885848,加速度计,-0.9792,7.5250,8.0583,,,,,,,
79014942399962,陀螺仪,,,,,,,,-0.0325,0.0992,0.2100
79014949904598,加速度计,-0.8894,7.6543,7.9739,,,,,,,
79014959923348,加速度计,0.3460,7.4256,7.1569,,,,,,,
79014962437462,陀螺仪,,,,,,,,0.0003,0.0973,0.2344
79014969942098,加速度计,-1.1540,7.2317,10.1885,,,,,,,
79014979960848,加速度计,-0.8727,8.1307,9.8857,,,,,,,
79014989979598,加速度计,1.3300,7.5274,3.6111,,,,,,,
79014982474962,陀螺仪,,,,,,,,0.1084,0.1123,0.2981
79014999998348,加速度计,3.6254,8.0427,-6.1938,,,,,,,
79015002512462,陀螺仪,,,,,,,,0.0423,0.0309,0.1358
79015010017098,加速度计,4.0324,4.2294,-9.3266,,,,,,,
79015020035848,加速度计,-0.3388,6.0885,24.3628,,,,,,,
79015030054598,加速度计,-2.9772,10.1604,20.4435,,,,,,,
79015022549962,陀螺仪,,,,,,,,-0.3334,-0.0523,-0.1955
79015040073348,加速度计,-1.0942,10.7955,9.1925,,,,,,,
79015042587462,陀螺仪,,,,,,,,0.2218,0.0015,0.0706
79015050092098,加速度计,3.2376,7.5196,-2.2505,,,,,,,
79015060110848,加速度计,2.0895,2.5462,0.9116,,,,,,,
79015062624962,陀螺仪,,,,,,,,-0.0153,0.0549,-0.0182
79015070129598,加速度计,1.4676,7.7530,3.7236,,,,,,,
79015080148348,加速度计,1.4515,11.4910,9.3769,,,,,,,
79015090167098,加速度计,0.5680,7.3281,11.1743,,,,,,,
79015082662462,陀螺仪,,,,,,,,-0.0679,-0.0664,-0.1832
79015100185848,加速度计,0.3915,4.7555,7.3562,,,,,,,
79015110206160,加速度计,1.8753,6.7271,1.5999,,,,,,,
79015102700483,陀螺仪,,,,,,,,0.0799,-0.0453,-0.1146
79015120226212,加速度计,3.1544,8.1433,1.7412,,,,,,,
79015130239129,加速度计,1.4114,9.4547,7.4945,,,,,,,
79015122735952,陀螺仪,,,,,,,,-0.0525,-0.0603,-0.2348
79015140252306,加速度计,-0.1933,7.3700,13.0269,,,,,,,
79015150265900,加速度计,0.1269,6.7313,9.3984,,,,,,,
79015142762515,陀螺仪,,,,,,,,-0.0133,-0.1132,-0.3088
79015160280171,加速度计,1.3557,7.2197,4.8195,,,,,,,
79015170295275,加速度计,2.3152,7.1706,2.3212,,,,,,,
79015162791473,陀螺仪,,,,,,,,0.0718,-0.0712,-0.1807
79015180311212,加速度计,1.0367,8.2821,5.3235,,,,,,,
79015190327983,加速度计,0.2245,7.5591,8.3492,,,,,,,
79015182823765,陀螺仪,,,,,,,,-0.0337,-0.0953,-0.3148
79015200345587,加速度计,-0.5243,7.0413,8.1888,,,,,,,
79015210364025,加速度计,0.3837,5.8490,5.9855,,,,,,,
79015202859390,陀螺仪,,,,,,,,0.0260,-0.1394,-0.2920
79015220383296,加速度计,1.2151,8.1373,1.1097,,,,,,,
79015230403400,加速度计,0.7458,7.4609,4.9087,,,,,,,
79015222898348,陀螺仪,,,,,,,,0.0051,-0.1431,-0.2902
79015240424337,加速度计,1.0116,7.1724,8.0230,,,,,,,
79015250446108,加速度计,-0.2424,8.1116,5.1559,,,,,,,
79015242940640,陀螺仪,,,,,,,,-0.0406,-0.1824,-0.3565
79015260468452,加速度计,0.6847,7.3508,0.4998,,,,,,,
79015270491212,加速度计,0.6548,6.6517,8.4803,,,,,,,
79015262985535,陀螺仪,,,,,,,,-0.1149,-0.2040,-0.3398
79015280514129,加速度计,-2.0147,6.7427,16.9563,,,,,,,
79015283031369,陀螺仪,,,,,,,,-0.0250,-0.1660,-0.2784
79015290537046,加速度计,-2.6133,8.5168,11.7142,,,,,,,
79015300559962,加速度计,0.8799,7.7291,3.4895,,,,,,,
79015310580535,加速度计,1.6322,6.3925,1.1175,,,,,,,
79015303075796,陀螺仪,,,,,,,,0.0848,-0.0919,0.0169
79015320599702,加速度计,-0.3813,6.3524,3.7517,,,,,,,
79015323113973,陀螺仪,,,,,,,,-0.0610,-0.0831,-0.1201
79015330618608,加速度计,-0.9888,8.3378,7.2137,,,,,,,
79015340637358,加速度计,-0.8033,8.4647,10.8338,,,,,,,
79015343151473,陀螺仪,,,,,,,,-0.0373,-0.1430,-0.0764
79015350656108,加速度计,-1.1869,7.1539,12.1853,,,,,,,
79015360675640,加速度计,0.2927,7.3783,6.4560,,,,,,,
79015370694858,加速度计,-0.6770,8.4803,1.0481,,,,,,,
79015363191056,陀螺仪,,,,,,,,0.0779,-0.1068,-0.0001
79015380710275,加速度计,1.8178,7.0204,7.1796,,,,,,,
79015383221890,陀螺仪,,,,,,,,-0.0542,-0.1437,-0.0683
79015390725692,加速度计,-0.6931,6.3560,8.9112,,,,,,,
79015400741108,加速度计,-0.8894,7.8075,9.8318,,,,,,,
79015410756785,加速度计,-0.8434,7.4286,5.7239,,,,,,,
79015403252879,陀螺仪,,,,,,,,0.0551,-0.1481,-0.0461
79015420772879,加速度计,-0.5130,6.2195,4.1270,,,,,,,
79015430789390,加速度计,1.1438,8.6317,1.7986,,,,,,,
79015423285275,陀螺仪,,,,,,,,0.0378,-0.1710,-0.0117
79015440806317,加速度计,-0.8158,7.0856,9.3649,,,,,,,
79015443319494,陀螺仪,,,,,,,,-0.0397,-0.2250,-0.1362
79015450823921,加速度计,-0.5225,7.6549,10.8445,,,,,,,
79015460842358,加速度计,-0.5794,7.0569,5.8191,,,,,,,
79015463356629,陀螺仪,,,,,,,,0.0618,-0.2067,-0.0121
79015470861369,加速度计,0.2682,8.1205,2.7114,,,,,,,
79015480880796,加速度计,-0.4256,6.6607,11.9776,,,,,,,
79015483395692,陀螺仪,,,,,,,,-0.0158,-0.1688,0.0386
79015490900640,加速度计,-0.7500,7.2844,14.9195,,,,,,,
79015500920900,加速度计,0.4423,7.0623,5.9646,,,,,,,
79015510941577,加速度计,3.0095,7.8225,-7.0725,,,,,,,
79015503436421,陀螺仪,,,,,,,,0.2389,-0.1101,0.2562
79015520962671,加速度计,2.9754,4.7405,-8.9950,,,,,,,
79015523478660,陀螺仪,,,,,,,,-0.2623,-0.1695,-0.0337
79015530983921,加速度计,-1.5167,5.4007,24.8560,,,,,,,
79015541005171,加速度计,-4.9309,7.3514,24.4514,,,,,,,
79015543521160,陀螺仪,,,,,,,,0.2736,-0.0787,0.1561
79015551026421,加速度计,-0.3077,12.8323,0.9499,,,,,,,
79015561047671,加速度计,0.8278,8.3181,-4.9626,,,,,,,
79015571068400,加速度计,3.7290,5.5150,-7.8787,,,,,,,
79015563563348,陀螺仪,,,,,,,,0.1690,-0.0847,0.2870
79015581087775,加速度计,0.8906,7.0096,11.6909,,,,,,,
79015583601890,陀螺仪,,,,,,,,-0.1743,-0.1127,0.0368
79015591106525,加速度计,-0.6889,11.6699,9.3476,,,,,,,
79015601125275,加速度计,-2.2649,5.7616,10.7709,,,,,,,
79015611147410,加速度计,-0.0072,6.1208,5.1793,,,,,,,
79015603641421,陀螺仪,,,,,,,,0.0631,-0.1037,0.2001
79015621170483,加速度计,2.8317,7.4352,-0.0114,,,,,,,
79015631169494,加速度计,2.6576,8.7795,1.7597,,,,,,,
79015623669754,陀螺仪,,,,,,,,-0.0160,-0.0494,0.2346
79015641169442,加速度计,-0.0132,8.2319,11.0055,,,,,,,
79015643670587,陀螺仪,,,,,,,,-0.1333,-0.0567,0.0893
79015651171160,加速度计,-1.9447,7.1114,13.8367,,,,,,,
79015661175223,加速度计,-1.2540,6.7175,8.5269,,,,,,,
79015671182046,加速度计,0.8685,8.9705,1.1642,,,,,,,
79015663680119,陀螺仪,,,,,,,,0.0664,-0.0134,0.3085
79015681192046,加速度计,2.0776,7.2724,4.1300,,,,,,,
79015691205640,加速度计,-0.2975,6.9773,8.5084,,,,,,,
79015683701942,陀螺仪,,,,,,,,-0.1015,-0.0087,0.2123
79015701222983,加速度计,-0.1083,6.8875,9.3805,,,,,,,
79015711243817,加速度计,0.5501,7.8087,6.8426,,,,,,,
79015703738348,陀螺仪,,,,,,,,-0.0236,-0.0438,0.1898
79015721267983,加速度计,1.2384,6.3434,5.0338,,,,,,,
79015731295223,加速度计,2.2458,8.2121,1.2845,,,,,,,
79015723788192,陀螺仪,,,,,,,,-0.0025,-0.0218,0.2007
79015741324858,加速度计,1.2719,7.3957,6.9234,,,,,,,
79015751356317,加速度计,-0.1335,7.5202,10.4339,,,,,,,
79015743848348,陀螺仪,,,,,,,,-0.1180,-0.0586,0.0542
79015761389181,加速度计,-0.5842,7.4980,8.6898,,,,,,,
79015771422775,加速度计,2.0452,8.2845,5.4043,,,,,,,
79015763914390,陀螺仪,,,,,,,,-0.0189,-0.0593,0.1431
79015781456525,加速度计,0.9475,7.9104,2.1147,,,,,,,
79015791481681,加速度计,0.1496,5.1350,7.4735,,,,,,,
79015783976733,陀螺仪,,,,,,,,-0.0957,-0.0478,0.0799
79015801500900,加速度计,1.4138,7.5387,5.4935,,,,,,,
79015811519650,加速度计,-0.0718,6.2130,11.8902,,,,,,,
79015804015015,陀螺仪,,,,,,,,-0.1401,-0.0654,0.0915
79015821538400,加速度计,1.2462,6.9863,8.0487,,,,,,,
79015831557150,加速度计,0.2478,5.6114,8.1259,,,,,,,
79015824052515,陀螺仪,,,,,,,,-0.0406,0.0201,0.1915
79015841575900,加速度计,1.8058,6.8468,5.0859,,,,,,,
79015851594650,加速度计,0.6159,6.5236,7.6884,,,,,,,
79015844090015,陀螺仪,,,,,,,,-0.0445,0.0905,0.2655
79015861615223,加速度计,-0.2185,6.8893,6.9641,,,,,,,
79015864130744,陀螺仪,,,,,,,,-0.0177,0.1382,0.2768
79015871633712,加速度计,1.4467,7.0066,4.3952,,,,,,,
79015881645796,加速度计,0.1939,6.0082,8.8160,,,,,,,
79015884155119,陀螺仪,,,,,,,,-0.0422,0.1787,0.3322
79015891658192,加速度计,0.7757,5.7718,9.2596,,,,,,,
79015901671004,加速度计,0.9313,7.5944,5.1894,,,,,,,
79015911684546,加速度计,0.7488,7.5346,6.2213,,,,,,,
79015904181160,陀螺仪,,,,,,,,0.0233,0.2531,0.3811
79015921700483,加速度计,0.1610,4.9470,8.1636,,,,,,,
79015924229598,陀螺仪,,,,,,,,0.0305,0.2899,0.4238
79015931739546,加速度计,1.0959,6.7187,5.5545,,,,,,,
79015944930169,GPS,,,,31.9409,118.7896,3.5400,350.8000,,,
79015941763608,加速度计,2.0554,9.1016,4.7603,,,,,,,
79015951782358,加速度计,2.3349,6.5015,9.7360,,,,,,,
79015944277723,陀螺仪,,,,,,,,0.0033,0.3095,0.3670
79015961801108,加速度计,-1.3144,7.0479,9.7444,,,,,,,
79015971819858,加速度计,0.1299,8.1558,4.0013,,,,,,,
79015964315223,陀螺仪,,,,,,,,0.0818,0.3427,0.3164
79015981838608,加速度计,1.8064,8.4797,6.3476,,,,,,,
79015991857358,加速度计,-0.8817,7.2939,12.9209,,,,,,,
79015984352723,陀螺仪,,,,,,,,0.0165,0.3236,0.3278
79016001876108,加速度计,0.9762,7.4735,8.3372,,,,,,,
79016011894858,加速度计,2.0620,7.2131,-0.0593,,,,,,,
79016004390223,陀螺仪,,,,,,,,0.1553,0.2964,0.3392
79016021913608,加速度计,3.8954,7.4669,-6.8977,,,,,,,
79016024427723,陀螺仪,,,,,,,,0.0437,0.1863,0.0230
79016031932358,加速度计,2.1967,6.1513,-11.0008,,,,,,,
79016041951108,加速度计,-0.1030,6.8785,34.4238,,,,,,,
79016051969858,加速度计,-3.2872,10.2179,21.4179,,,,,,,
79016044465223,陀螺仪,,,,,,,,-0.2786,0.0455,-0.2760
79016061988608,加速度计,-1.0774,10.5093,-0.0509,,,,,,,
79016072007358,加速度计,3.2968,3.9654,-2.5570,,,,,,,
79016064502723,陀螺仪,,,,,,,,0.2491,0.1015,-0.0004
79016082026108,加速度计,3.4907,4.0324,0.8422,,,,,,,
79016084540223,陀螺仪,,,,,,,,-0.0475,0.1101,-0.1895
79016092044858,加速度计,1.2665,8.6838,9.1524,,,,,,,
79016102063608,加速度计,1.7454,11.2905,10.7153,,,,,,,
79016112082983,加速度计,0.2089,6.1016,9.2692,,,,,,,
79016104578140,陀螺仪,,,,,,,,0.0146,-0.0158,-0.3426
79016122101890,加速度计,1.6951,4.7704,3.9798,,,,,,,
79016132118556,加速度计,3.6176,7.7584,-1.3084,,,,,,,
79016124614442,陀螺仪,,,,,,,,0.0876,-0.0012,-0.2614
79016142135223,加速度计,3.2741,7.9224,6.4452,,,,,,,
79016152151890,加速度计,0.2903,7.1904,13.4740,,,,,,,
79016144647775,陀螺仪,,,,,,,,-0.0921,-0.0475,-0.4879
79016162168556,加速度计,-0.9936,7.3101,10.9900,,,,,,,
79016172185535,加速度计,1.5796,7.7590,3.9187,,,,,,,
79016164681317,陀螺仪,,,,,,,,0.1075,-0.0847,-0.3806
79016182202931,加速度计,3.2872,7.9069,1.5131,,,,,,,
79016184716317,陀螺仪,,,,,,,,0.0178,-0.0948,-0.4129
79016192220744,加速度计,2.3206,7.6770,5.2559,,,,,,,
79016202238973,加速度计,-0.7213,7.8290,7.9966,,,,,,,
79016212257619,加速度计,-0.8158,8.1193,6.7217,,,,,,,
79016204752983,陀螺仪,,,,,,,,0.0189,-0.1892,-0.6055
79016222276681,加速度计,0.1496,7.1557,5.4217,,,,,,,
79016232296160,加速度计,0.3747,6.7002,5.0380,,,,,,,
79016224791317,陀螺仪,,,,,,,,0.0321,-0.2360,-0.4975
79016242316056,加速度计,-0.1299,9.4038,3.4937,,,,,,,
79016252336056,加速度计,0.6812,7.9577,7.4891,,,,,,,
79016244831108,陀螺仪,,,,,,,,-0.0346,-0.2742,-0.5293
79016262356056,加速度计,-0.0245,8.3677,9.2273,,,,,,,
79016272376056,加速度计,-2.5534,6.7918,9.1578,,,,,,,
79016264871108,陀螺仪,,,,,,,,-0.0398,-0.2593,-0.4541
79016282396056,加速度计,0.3472,7.3562,7.1371,,,,,,,
79016292416056,加速度计,0.0706,8.0930,4.2288,,,,,,,
79016302436056,加速度计,-1.5640,6.3339,6.9049,,,,,,,
79016284911108,陀螺仪,,,,,,,,0.0320,-0.1909,-0.2410
79016312456056,加速度计,-0.0281,7.5980,6.6523,,,,,,,
79016304951108,陀螺仪,,,,,,,,-0.0137,-0.1369,-0.1272
79016322476056,加速度计,-1.1606,6.4326,9.5511,,,,,,,
79016332495119,加速度计,0.0922,8.5700,3.5500,,,,,,,
79016324990483,陀螺仪,,,,,,,,0.0489,-0.0787,0.0080
79016342513869,加速度计,-0.3089,7.2425,4.8854,,,,,,,
79016352532619,加速度计,-0.2227,8.0589,4.7495,,,,,,,
79016345027983,陀螺仪,,,,,,,,-0.0136,-0.0337,0.1012
79016362559494,加速度计,-0.6261,7.3532,7.9960,,,,,,,
79016365076994,陀螺仪,,,,,,,,-0.0261,-0.0383,0.1148
79016372575900,加速度计,-1.0415,7.1341,8.1708,,,,,,,
79016382572358,加速度计,0.0844,7.0844,5.8275,,,,,,,
79016385070744,陀螺仪,,,,,,,,0.0044,0.0039,0.2005
79016392570275,加速度计,-0.3825,6.5170,4.9817,,,,,,,
79016402570483,加速度计,-1.2288,6.1794,5.7120,,,,,,,
79016412573504,加速度计,0.1951,6.8259,6.7552,,,,,,,
79016405072619,陀螺仪,,,,,,,,-0.0254,0.0369,0.2117
79016422579754,加速度计,-0.2951,6.5529,9.9724,,,,,,,
79016425086994,陀螺仪,,,,,,,,-0.0136,0.0625,0.2892
79016432589650,加速度计,0.1041,6.5224,9.2847,,,,,,,
79016442603296,加速度计,-0.3519,7.2963,7.2227,,,,,,,
79016445116160,陀螺仪,,,,,,,,0.0439,0.1173,0.3521
79016452620692,加速度计,-0.8709,7.2939,8.8597,,,,,,,
79016462641837,加速度计,0.7284,7.5435,7.2077,,,,,,,
79016472666421,加速度计,-0.5914,6.7421,9.0860,,,,,,,
79016482694337,加速度计,1.2163,8.1870,5.5300,,,,,,,
79016465160119,陀螺仪,,,,,,,,0.0495,0.1273,0.3627
79016492724962,加速度计,-1.1384,7.4394,8.2265,,,,,,,
79016485217202,陀螺仪,,,,,,,,0.0806,0.1039,0.2707
79016502757775,加速度计,0.5692,7.5058,7.4543,,,,,,,
79016505283452,陀螺仪,,,,,,,,0.1169,0.0310,0.2234
79016512792046,加速度计,2.7857,7.8739,3.5757,,,,,,,
79016522827254,加速度计,4.0654,7.4974,-5.6096,,,,,,,
79016525353869,陀螺仪,,,,,,,,0.0242,-0.0559,-0.0266
79016532862671,加速度计,6.3213,5.4708,-6.9145,,,,,,,
79016542888400,加速度计,0.6806,5.3846,9.2638,,,,,,,
79016552908087,加速度计,-3.8624,6.5966,21.9195,,,,,,,
79016545403452,陀螺仪,,,,,,,,-0.3429,-0.1651,-0.4619
79016562926837,加速度计,-0.9505,10.8721,16.2854,,,,,,,
79016565440952,陀螺仪,,,,,,,,0.1274,-0.1702,-0.1453
79016572945587,加速度计,1.6520,10.6560,3.6140,,,,,,,
79016582964337,加速度计,2.7863,4.7208,1.2067,,,,,,,
79016585478452,陀螺仪,,,,,,,,-0.0321,-0.0611,-0.0503
79016592983087,加速度计,0.0682,3.8319,4.9440,,,,,,,
79016603001837,加速度计,1.8573,10.1604,6.2716,,,,,,,
79016605517619,陀螺仪,,,,,,,,-0.0570,-0.0762,-0.1056
79016613024910,加速度计,1.0930,8.5712,10.1885,,,,,,,
79016623040275,加速度计,-0.9361,6.1890,8.7490,,,,,,,
79016625548765,陀螺仪,,,,,,,,0.0222,-0.0546,-0.0258
79016633051525,加速度计,-0.2119,6.1238,5.5115,,,,,,,
79016643063140,加速度计,2.2721,8.8196,1.0379,,,,,,,
79016645572462,陀螺仪,,,,,,,,-0.0213,-0.0525,-0.0053
79016653075535,加速度计,0.9355,8.6425,7.6752,,,,,,,
79016663088765,加速度计,0.8230,8.2361,7.9080,,,,,,,
79016665599598,陀螺仪,,,,,,,,-0.0226,-0.0569,-0.0690
79016673103192,加速度计,-0.7967,7.5896,6.2686,,,,,,,
79016683118869,加速度计,0.1694,6.4865,2.7282,,,,,,,
79016693135796,加速度计,1.9100,6.4572,1.4120,,,,,,,
79016685631577,陀螺仪,,,,,,,,-0.0041,-0.0477,0.0393
79016703153973,加速度计,0.0090,6.8055,4.1767,,,,,,,
79016705668556,陀螺仪,,,,,,,,-0.1160,-0.0016,0.0240
79016713173400,加速度计,0.0880,7.8452,6.7337,,,,,,,
79016723194077,加速度计,0.3436,7.4729,11.8399,,,,,,,
79016725710275,陀螺仪,,,,,,,,-0.1083,0.0623,0.1474
79016733215640,加速度计,-1.2611,8.1319,11.8537,,,,,,,
79016743238035,加速度计,-1.5903,7.6531,6.1429,,,,,,,
79016745755483,陀螺仪,,,,,,,,-0.0017,0.1706,0.3796
79016753261265,加速度计,1.2384,6.5380,3.3016,,,,,,,
79016763284962,加速度计,1.5664,7.0114,6.9222,,,,,,,
79016765803087,陀螺仪,,,,,,,,-0.1397,0.2380,0.3714
79016773309077,加速度计,-0.2616,6.6301,11.9758,,,,,,,
79016783333244,加速度计,-0.8493,6.8684,11.0433,,,,,,,
79016785851421,陀螺仪,,,,,,,,0.0216,0.2743,0.4056
79016793357410,加速度计,-0.2921,7.0198,6.9629,,,,,,,
79016803376837,加速度计,-0.3118,5.6060,1.6586,,,,,,,
79016805890952,陀螺仪,,,,,,,,0.0310,0.3096,0.4587
79016813395587,加速度计,2.0794,6.2626,5.5779,,,,,,,
79016823414337,加速度计,0.5429,6.9025,10.7631,,,,,,,
79016825928452,陀螺仪,,,,,,,,0.0336,0.2538,0.3005
79016833433087,加速度计,0.3663,9.2662,9.3284,,,,,,,
79016843451837,加速度计,1.5802,6.9839,8.8292,,,,,,,
79016845965952,陀螺仪,,,,,,,,0.1373,0.2168,0.2535
79016853470587,加速度计,2.2823,9.4385,1.1558,,,,,,,
79016863490015,加速度计,1.3402,7.8656,6.6936,,,,,,,
79016866004077,陀螺仪,,,,,,,,0.0498,0.1486,0.0296
79016873508400,加速度计,0.9248,9.3853,10.4303,,,,,,,
79016883525900,加速度计,0.8948,8.1511,9.1650,,,,,,,
79016886039077,陀螺仪,,,,,,,,0.1168,0.0418,-0.1043
79016893543400,加速度计,2.1063,7.9972,7.7458,,,,,,,
79016903560900,加速度计,1.7699,5.7401,6.0531,,,,,,,
79016906074077,陀螺仪,,,,,,,,0.1417,0.0361,-0.1756
79016913578400,加速度计,0.9714,6.3147,7.0372,,,,,,,
79016923595900,加速度计,3.0077,7.5226,5.2804,,,,,,,
79016926122358,陀螺仪,,,,,,,,0.1294,0.0069,-0.2332
79016933624910,加速度计,1.2827,6.7552,7.4801,,,,,,,
79016947806211,GPS,,,,31.9409,118.7896,3.6100,354.9000,,,
79016943635327,加速度计,1.1360,5.2337,9.3601,,,,,,,
79016953645952,加速度计,2.5756,6.6254,6.4691,,,,,,,
79016946143296,陀螺仪,,,,,,,,0.1352,-0.0016,-0.2513
79016963657202,加速度计,1.0139,6.4793,4.7878,,,,,,,
79016973669285,加速度计,0.8829,5.4061,4.3108,,,,,,,
79016966166212,陀螺仪,,,,,,,,0.1647,0.0019,-0.2763
79016983682410,加速度计,2.0889,5.2493,4.1934,,,,,,,
79016993696785,加速度计,0.6794,6.9133,5.0410,,,,,,,
79016986193087,陀螺仪,,,,,,,,0.1217,-0.0305,-0.2924
79017003712619,加速度计,-0.4322,9.0070,10.0676,,,,,,,
79017006225587,陀螺仪,,,,,,,,0.1328,-0.0533,-0.3139
79017013730119,加速度计,0.8278,9.5289,7.9601,,,,,,,
79017023749077,加速度计,2.5786,7.8691,0.3555,,,,,,,
79017026264129,陀螺仪,,,,,,,,0.1372,-0.0651,-0.2851
79017033769285,加速度计,1.4748,5.4474,-4.8147,,,,,,,
79017043790744,加速度计,1.6532,4.1934,3.6326,,,,,,,
79017046307671,陀螺仪,,,,,,,,-0.1598,-0.0742,-0.3457
79017053813452,加速度计,-1.8711,7.3460,19.6372,,,,,,,
79017063837202,加速度计,-0.4758,12.9903,14.3808,,,,,,,
79017073861577,加速度计,1.8735,9.3607,7.2299,,,,,,,
79017066355483,陀螺仪,,,,,,,,0.1065,-0.0722,-0.2878
79017083886369,加速度计,0.5471,3.2004,2.8437,,,,,,,
79017093911369,加速度计,-2.3421,3.9187,3.5716,,,,,,,
79017086405171,陀螺仪,,,,,,,,0.1104,-0.0205,-0.2356
79017103936369,加速度计,0.9385,10.8415,2.3218,,,,,,,
79017106458921,陀螺仪,,,,,,,,0.0607,-0.0521,-0.1949
79017113976160,加速度计,1.6837,12.2649,8.7197,,,,,,,
79017123979962,加速度计,0.0491,6.7816,10.6716,,,,,,,
79017126475223,陀螺仪,,,,,,,,0.0220,-0.0656,-0.2226
79017133973608,加速度计,-0.1844,6.7385,2.9389,,,,,,,
79017143968817,加速度计,-0.6602,7.3604,-0.7979,,,,,,,
79017146466994,陀螺仪,,,,,,,,-0.0704,-0.0708,-0.1855
79017153966421,加速度计,-0.3891,7.8111,4.3598,,,,,,,
79017163967254,加速度计,0.0940,8.5443,10.6961,,,,,,,
79017166470848,陀螺仪,,,,,,,,-0.1839,-0.0880,-0.2096
79017173972150,加速度计,-0.3513,7.9374,8.2259,,,,,,,
79017183981212,加速度计,0.1281,7.9523,4.4616,,,,,,,
79017186491317,陀螺仪,,,,,,,,-0.1253,-0.0655,-0.1916
79017193994806,加速度计,-0.2239,5.3403,3.4656,,,,,,,
79017204012983,加速度计,0.6434,5.4295,6.2393,,,,,,,
79017214035379,加速度计,-0.2466,7.3801,9.3901,,,,,,,
79017206529702,陀螺仪,,,,,,,,-0.2258,-0.0462,-0.1129
79017224061942,加速度计,0.2113,8.3797,10.4675,,,,,,,
79017226584390,陀螺仪,,,,,,,,-0.1541,-0.0393,-0.1116
79017234091942,加速度计,-0.1359,6.4805,8.8107,,,,,,,
79017244124910,加速度计,0.2825,6.9534,4.4514,,,,,,,
79017246651265,陀螺仪,,,,,,,,-0.1036,-0.0230,-0.0573
79017254160067,加速度计,0.4848,4.4179,7.0240,,,,,,,
79017264196942,加速度计,-0.5393,5.8065,6.4410,,,,,,,
79017266725327,陀螺仪,,,,,,,,-0.0887,-0.0382,-0.0647
79017274234754,加速度计,0.6566,8.4797,9.6049,,,,,,,
79017284272671,加速度计,-0.4818,8.2732,9.4649,,,,,,,
79017286790223,陀螺仪,,,,,,,,-0.0016,-0.0614,-0.0996
79017294295275,加速度计,0.0724,7.4579,8.9477,,,,,,,
79017304314233,加速度计,0.9278,6.8402,9.3601,,,,,,,
79017306828348,陀螺仪,,,,,,,,0.0882,-0.0723,-0.0919
79017314332983,加速度计,0.1383,7.5836,3.5332,,,,,,,
79017324351733,加速度计,1.5419,8.1301,0.1035,,,,,,,
79017326865848,陀螺仪,,,,,,,,0.0583,-0.0847,-0.1089
79017334370483,加速度计,0.3561,8.1888,3.8038,,,,,,,
79017344389233,加速度计,1.3294,7.7476,8.3103,,,,,,,
79017346903348,陀螺仪,,,,,,,,-0.0294,-0.1212,-0.1744
79017354407983,加速度计,2.3762,8.2139,6.5050,,,,,,,
79017364434806,加速度计,0.2418,7.3376,5.3301,,,,,,,
79017366942983,陀螺仪,,,,,,,,0.0055,-0.1285,-0.2240
79017374445640,加速度计,0.6297,7.8296,5.7886,,,,,,,
79017384456473,加速度计,1.1606,8.0308,7.2353,,,,,,,
79017386964962,陀螺仪,,,,,,,,-0.0201,-0.1470,-0.2242
79017394467723,加速度计,0.7428,9.2422,5.9011,,,,,,,
79017404479806,加速度计,0.6237,6.5823,7.0725,,,,,,,
79017414492723,加速度计,-0.2394,7.1341,6.8947,,,,,,,
79017406989546,陀螺仪,,,,,,,,-0.0486,-0.1890,-0.2703
79017424506890,加速度计,0.7979,5.5456,9.0686,,,,,,,
79017434522306,加速度计,0.1622,6.3566,6.1830,,,,,,,
79017427018504,陀螺仪,,,,,,,,-0.0134,-0.2198,-0.2795
79017444538973,加速度计,-1.1750,6.9091,8.3983,,,,,,,
79017447052462,陀螺仪,,,,,,,,0.0282,-0.2553,-0.2807
79017454556890,加速度计,-0.0293,5.4408,8.5222,,,,,,,
79017464576056,加速度计,0.1269,6.3770,6.3494,,,,,,,
79017467091421,陀螺仪,,,,,,,,0.1103,-0.2812,-0.2625
79017474596473,加速度计,-1.2330,7.3975,5.0673,,,,,,,
79017484618140,加速度计,-0.8086,5.6695,7.5058,,,,,,,
79017487135067,陀螺仪,,,,,,,,0.0977,-0.2968,-0.2089
79017494640640,加速度计,1.5874,8.3947,5.4253,,,,,,,
79017504663973,加速度计,0.3699,8.0840,5.7527,,,,,,,
79017514688140,加速度计,-2.0602,8.5611,11.3725,,,,,,,
79017507182150,陀螺仪,,,,,,,,0.0378,-0.2683,-0.1916
79017524712723,加速度计,-0.2807,8.9130,10.1275,,,,,,,
79017534737306,加速度计,0.8475,6.2130,3.0370,,,,,,,
79017527231212,陀螺仪,,,,,,,,0.1272,-0.2739,-0.0535
79017544761890,加速度计,1.5826,5.9987,-5.2720,,,,,,,
79017554783140,加速度计,0.8619,3.7170,2.1410,,,,,,,
79017547277879,陀螺仪,,,,,,,,0.0289,-0.2261,-0.0176
79017564801890,加速度计,-1.0116,7.5286,20.2268,,,,,,,
79017574820640,加速度计,0.4286,16.1190,3.5698,,,,,,,
79017567316004,陀螺仪,,,,,,,,-0.0915,-0.1928,-0.0213
79017584839390,加速度计,0.9792,8.4629,10.3142,,,,,,,
79017594858140,加速度计,-0.4495,4.1450,4.4730,,,,,,,
79017587353504,陀螺仪,,,,,,,,-0.0288,-0.1648,0.0366
79017604876890,加速度计,-0.4800,3.2423,6.3494,,,,,,,
79017607391629,陀螺仪,,,,,,,,0.0176,-0.1342,0.1001
79017614898452,加速度计,0.9523,10.7829,1.0223,,,,,,,
79017624914285,加速度计,1.9728,9.2267,9.3470,,,,,,,
79017634930119,加速度计,0.0329,5.9861,6.7235,,,,,,,
79017627426212,陀螺仪,,,,,,,,-0.0904,-0.1084,0.1569
79017644945952,加速度计,0.7314,7.0455,6.0591,,,,,,,
79017654961785,加速度计,0.2233,7.8787,3.1496,,,,,,,
79017647457879,陀螺仪,,,,,,,,-0.0385,-0.0770,0.1394
79017664978035,加速度计,-0.2849,6.7481,10.4256,,,,,,,
79017674994702,加速度计,0.4316,9.8055,7.6752,,,,,,,
79017667490587,陀螺仪,,,,,,,,-0.0462,-0.0672,0.1834
79017685011785,加速度计,1.0026,7.9057,5.8921,,,,,,,
79017695029285,加速度计,0.2149,5.5318,4.1156,,,,,,,
79017687524962,陀螺仪,,,,,,,,-0.0269,-0.0630,0.1794
79017705047202,加速度计,-0.1832,6.5924,6.4356,,,,,,,
79017715065535,加速度计,-0.1628,7.9176,8.9256,,,,,,,
79017707561004,陀螺仪,,,,,,,,-0.0515,-0.0454,0.1850
79017725084285,加速度计,0.4046,9.1387,7.4885,,,,,,,
79017735103452,加速度计,0.1317,5.8682,4.7950,,,,,,,
79017727598712,陀螺仪,,,,,,,,0.0032,-0.0522,0.2056
79017745123035,加速度计,0.7195,6.8971,1.3581,,,,,,,
79017755143035,加速度计,0.3998,5.7976,5.0482,,,,,,,
79017747638087,陀螺仪,,,,,,,,-0.0345,-0.0298,0.2067
79017765163452,加速度计,0.8601,9.4846,6.8205,,,,,,,
79017775184285,加速度计,0.3932,6.8899,12.7970,,,,,,,
79017767679129,陀螺仪,,,,,,,,-0.1198,-0.0149,0.2249
79017785205119,加速度计,0.6955,9.7037,6.3099,,,,,,,
79017795225952,加速度计,1.0355,6.0669,6.9917,,,,,,,
79017787720796,陀螺仪,,,,,,,,-0.0015,0.0088,0.2401
79017805246785,加速度计,1.3348,7.3275,1.7891,,,,,,,
79017807762462,陀螺仪,,,,,,,,-0.0234,0.0413,0.2531
79017815267619,加速度计,1.5676,5.6940,7.7764,,,,,,,
79017825288452,加速度计,-1.1762,9.3541,5.5144,,,,,,,
79017835307619,加速度计,1.7939,7.7440,9.5337,,,,,,,
79017827802879,陀螺仪,,,,,,,,-0.0353,0.0390,0.2317
79017845326369,加速度计,0.5926,7.0695,7.7405,,,,,,,
79017855345119,加速度计,0.6021,6.7606,5.3247,,,,,,,
79017847840483,陀螺仪,,,,,,,,0.0076,0.0252,0.2200
79017865383660,加速度计,1.2893,6.7858,4.8596,,,,,,,
79017875382827,加速度计,0.7260,7.9787,4.3371,,,,,,,
79017867883087,陀螺仪,,,,,,,,0.0051,0.0277,0.1776
79017885382410,加速度计,0.2903,7.7027,7.9206,,,,,,,
79017895383244,加速度计,-0.4334,7.4101,8.7233,,,,,,,
79017887883087,陀螺仪,,,,,,,,-0.0704,0.0133,0.1238
79017905386160,加速度计,0.3298,6.8773,8.9866,,,,,,,
79017915391577,加速度计,1.3904,6.4272,4.0229,,,,,,,
79017907890275,陀螺仪,,,,,,,,0.0007,-0.0180,0.1246
79017925399910,加速度计,0.9469,6.1208,4.4514,,,,,,,
79017943669179,GPS,,,,31.9410,118.7896,3.4300,354.6000,,,
79017935461994,加速度计,0.8859,6.5553,8.9364,,,,,,,
79017927945171,陀螺仪,,,,,,,,-0.0350,-0.0057,0.1169
79017945508400,加速度计,0.7368,7.2832,6.7379,,,,,,,
79017948028140,陀螺仪,,,,,,,,-0.0336,-0.0013,0.0979
79017955532775,加速度计,0.8505,8.5970,7.2921,,,,,,,
79017965551525,加速度计,0.3238,5.6246,9.8683,,,,,,,
79017975570275,加速度计,0.5034,6.3273,8.1277,,,,,,,
79017968065640,陀螺仪,,,,,,,,-0.0185,0.0032,0.1157
79017985589025,加速度计,0.9074,7.1365,4.1420,,,,,,,
79017988103140,陀螺仪,,,,,,,,0.0232,0.0318,0.1356
79017995607775,加速度计,0.7572,7.3406,6.1094,,,,,,,
79018005626525,加速度计,-0.1221,7.6830,6.5864,,,,,,,
79018015645275,加速度计,0.1921,6.2309,7.0126,,,,,,,
79018008140640,陀螺仪,,,,,,,,-0.0350,0.0613,0.1539
79018025664025,加速度计,-0.6656,7.8081,12.6402,,,,,,,
79018028178140,陀螺仪,,,,,,,,0.0164,0.0710,0.2493
79018035682775,加速度计,-0.3956,7.5118,10.1460,,,,,,,
79018045701265,加速度计,2.5534,7.5621,3.1885,,,,,,,
79018055719598,加速度计,1.0193,6.4901,-6.7600,,,,,,,
79018048215067,陀螺仪,,,,,,,,0.1675,0.1127,0.3372
79018065737931,加速度计,1.8483,5.1559,-8.9316,,,,,,,
79018075756265,加速度计,-1.8597,5.5138,22.3086,,,,,,,
79018068251733,陀螺仪,,,,,,,,-0.2790,0.1401,0.2623
79018085774598,加速度计,-2.1374,11.6586,21.3587,,,,,,,
79018088288400,陀螺仪,,,,,,,,0.0202,0.0907,0.2533
79018095792931,加速度计,1.0014,11.6256,6.6170,,,,,,,
79018105811265,加速度计,2.1769,5.8532,1.6927,,,,,,,
79018108329858,陀螺仪,,,,,,,,0.0795,0.1663,0.2944
79018115836629,加速度计,-1.3838,2.7491,0.6698,,,,,,,
79018125850796,加速度计,0.2298,7.8542,3.8541,,,,,,,
79018128361473,陀螺仪,,,,,,,,-0.0293,0.1740,0.3494
79018135864962,加速度计,1.1438,11.4778,10.3747,,,,,,,
79018148390171,陀螺仪,,,,,,,,-0.0248,0.1236,0.2445
79018145879181,加速度计,0.3771,8.9268,10.0455,,,,,,,
79018155893817,加速度计,-0.4998,4.5753,7.8554,,,,,,,
79018165908869,加速度计,1.2163,6.4787,0.7805,,,,,,,
79018168420483,陀螺仪,,,,,,,,0.0514,0.1186,0.2362
79018175924390,加速度计,1.1229,7.5537,2.6366,,,,,,,
79018185940744,加速度计,-0.3867,8.4701,9.5481,,,,,,,
79018188453608,陀螺仪,,,,,,,,-0.0601,0.1221,0.1991
79018195957931,加速度计,0.7560,9.7360,10.3184,,,,,,,
79018205975952,加速度计,0.9774,7.2095,8.5814,,,,,,,
79018208490067,陀螺仪,,,,,,,,0.0454,0.0987,0.1406
79018215994806,加速度计,0.2436,6.2920,2.4199,,,,,,,
79018226014494,加速度计,0.8787,6.5835,5.3666,,,,,,,
79018228529858,陀螺仪,,,,,,,,0.0152,0.0991,0.1566
79018236035015,加速度计,1.3838,8.1086,8.4019,,,,,,,
79018246056317,加速度计,1.3066,8.9914,7.2269,,,,,,,
79018248572619,陀螺仪,,,,,,,,0.0380,0.0961,0.1069
79018256078035,加速度计,0.5285,8.7813,3.5560,,,,,,,
79018266100171,加速度计,-0.4232,5.3911,5.0967,,,,,,,
79018268617098,陀螺仪,,,,,,,,0.0013,0.0859,0.1041
79018276122671,加速度计,1.3066,6.6110,3.9409,,,,,,,
79018286145171,加速度计,1.4347,8.0188,8.3773,,,,,,,
79018288662098,陀螺仪,,,,,,,,-0.0198,0.0893,0.0948
79018296167515,加速度计,0.2687,8.6018,8.7167,,,,,,,
79018306188452,加速度计,1.0810,8.6736,4.5101,,,,,,,
79018316207202,加速度计,0.7272,5.8293,5.9705,,,,,,,
79018308702567,陀螺仪,,,,,,,,-0.0072,0.1033,0.1001
79018326225952,加速度计,-0.2119,7.2838,7.0677,,,,,,,
79018328740067,陀螺仪,,,,,,,,-0.0120,0.1135,0.1197
79018336244702,加速度计,0.9254,6.7989,8.2989,,,,,,,
79018346263452,加速度计,0.1065,8.7813,5.7389,,,,,,,
79018348777567,陀螺仪,,,,,,,,0.0161,0.1213,0.1361
79018356282358,加速度计,0.0976,6.4021,9.5912,,,,,,,
79018366304494,加速度计,0.8541,7.9918,6.6667,,,,,,,
79018368815483,陀螺仪,,,,,,,,0.0714,0.1204,0.1506
79018376319077,加速度计,0.3286,7.8302,3.5805,,,,,,,
79018386333660,加速度计,1.4257,7.1323,5.3720,,,,,,,
79018388844650,陀螺仪,,,,,,,,0.0019,0.1273,0.1264
79018396348296,加速度计,-0.4088,6.8091,9.0375,,,,,,,
79018406363348,加速度计,0.2065,8.1989,6.8594,,,,,,,
79018408874962,陀螺仪,,,,,,,,0.0222,0.1170,0.1083
79018416378817,加速度计,1.5437,7.9057,7.9972,,,,,,,
79018426394754,加速度计,-1.0002,7.8440,2.8623,,,,,,,
79018428907306,陀螺仪,,,,,,,,0.0210,0.1089,0.0666
79018436411525,加速度计,0.3885,5.7509,4.8513,,,,,,,
79018446429129,加速度计,0.1676,7.5399,7.0252,,,,,,,
79018448942931,陀螺仪,,,,,,,,-0.0286,0.0662,0.0570
79018456447567,加速度计,-0.4914,6.8348,7.1102,,,,,,,
79018466466837,加速度计,1.0744,7.8578,8.5826,,,,,,,
79018468981890,陀螺仪,,,,,,,,0.0140,0.0385,0.0459
79018476486890,加速度计,-0.0778,7.4998,7.7871,,,,,,,
79018486507358,加速度计,0.5991,6.5392,5.6683,,,,,,,
79018489023035,陀螺仪,,,,,,,,0.0389,0.0403,0.0361
79018496528244,加速度计,-0.3244,7.7650,3.8194,,,,,,,
79018506549546,加速度计,-0.8027,6.7983,9.8372,,,,,,,
79018509065848,陀螺仪,,,,,,,,-0.0237,0.0144,0.0547
79018516571212,加速度计,0.9313,7.3011,9.4367,,,,,,,
79018526592879,加速度计,-0.2550,8.3600,8.6084,,,,,,,
79018529109181,陀螺仪,,,,,,,,0.0320,0.0168,0.0611
79018536614546,加速度计,-0.0299,6.2608,10.4321,,,,,,,
79018546636108,加速度计,1.7131,6.9875,3.0173,,,,,,,
79018549151785,陀螺仪,,,,,,,,0.1161,0.0348,0.1181
79018556656681,加速度计,0.5082,5.7150,1.2198,,,,,,,
79018566675431,加速度计,1.3414,5.9628,0.4896,,,,,,,
79018569189546,陀螺仪,,,,,,,,-0.0735,0.0586,0.0964
79018576694181,加速度计,1.4778,6.0675,7.5322,,,,,,,
79018586712931,加速度计,-0.2813,7.6046,12.3690,,,,,,,
79018589227046,陀螺仪,,,,,,,,-0.0527,0.0638,0.0887
79018596731681,加速度计,0.9942,9.9521,12.9532,,,,,,,
79018606751108,加速度计,0.8817,7.3358,7.7662,,,,,,,
79018609278035,陀螺仪,,,,,,,,0.0886,0.1012,0.1446
79018616787358,加速度计,0.8882,5.2876,2.8922,,,,,,,
79018626785379,加速度计,0.2909,6.7858,1.8848,,,,,,,
79018629284494,陀螺仪,,,,,,,,0.0274,0.1333,0.1936
79018636784285,加速度计,1.3246,7.7482,5.5061,,,,,,,
79018646784546,加速度计,2.0405,8.9346,8.5808,,,,,,,
79018649286160,陀螺仪,,,,,,,,-0.0414,0.1357,0.1680
79018656786942,加速度计,1.0139,7.5274,9.0986,,,,,,,
79018666791942,加速度计,0.2765,6.4775,6.9450,,,,,,,
79018669297931,陀螺仪,,,,,,,,0.0458,0.1629,0.1735
79018676800275,加速度计,1.7148,7.6812,3.3525,,,,,,,
79018686811994,加速度计,2.0333,6.9228,5.9915,,,,,,,
79018689323296,陀螺仪,,,,,,,,-0.0115,0.1932,0.1794
79018696827462,加速度计,0.8960,9.1854,8.1044,,,,,,,
79018706846629,加速度计,0.3454,8.2163,9.8922,,,,,,,
79018716869129,加速度计,1.7352,7.0791,6.6667,,,,,,,
79018709363244,陀螺仪,,,,,,,,0.0216,0.1898,0.1389
79018726894910,加速度计,0.1670,6.5565,2.4810,,,,,,,
79018729416212,陀螺仪,,,,,,,,0.0450,0.1770,0.1284
79018736923504,加速度计,0.7835,6.3309,5.7491,,,,,,,
79018746954129,加速度计,1.8010,7.3634,7.5106,,,,,,,
79018749478244,陀螺仪,,,,,,,,0.0438,0.1529,0.0538
79018756986369,加速度计,1.2186,9.4499,5.1002,,,,,,,
79018767019754,加速度计,1.4210,7.3179,7.7153,,,,,,,
79018769545119,陀螺仪,,,,,,,,0.0186,0.1298,0.0055
79018777053504,加速度计,1.3431,6.5027,6.4464,,,,,,,
79018787085640,加速度计,1.3437,8.2355,3.7194,,,,,,,
79018789601317,陀螺仪,,,,,,,,0.0129,0.1169,-0.0595
79018797106212,加速度计,1.8154,7.7548,4.8219,,,,,,,
79018807124962,加速度计,0.5722,7.2790,11.1761,,,,,,,
79018809639077,陀螺仪,,,,,,,,-0.0293,0.0798,-0.1083
79018817143712,加速度计,1.4042,7.6064,8.3534,,,,,,,
79018827162462,加速度计,2.1147,6.2291,10.0365,,,,,,,
79018829676577,陀螺仪,,,,,,,,0.0651,0.0590,-0.1668
79018837181212,加速度计,0.5866,7.7764,4.2335,,,,,,,
79018847199910,加速度计,0.6823,6.1980,5.5653,,,,,,,
79018849713712,陀螺仪,,,,,,,,0.0760,0.0387,-0.1554
79018857218608,加速度计,2.5935,7.3023,5.1002,,,,,,,
79018867241473,加速度计,1.5520,8.0038,7.1156,,,,,,,
79018869751212,陀螺仪,,,,,,,,0.0081,0.0189,-0.2308
79018877254390,加速度计,0.5112,7.1874,7.7865,,,,,,,
79018887267410,加速度计,1.0648,6.4129,6.6846,,,,,,,
79018889777462,陀螺仪,,,,,,,,0.0611,0.0065,-0.2277
79018897280848,加速度计,1.0325,8.2851,6.0388,,,,,,,
79018907294806,加速度计,1.1480,6.1268,7.1760,,,,,,,
79018909805796,陀螺仪,,,,,,,,0.0332,0.0087,-0.1904
79018917309598,加速度计,0.1844,6.9773,5.5061,,,,,,,
79018927333608,加速度计,1.3557,8.1774,7.9015,,,,,,,
79018943404231,GPS,,,,31.9410,118.7896,3.3600,352.8000,,,
79018929859806,陀螺仪,,,,,,,,0.0196,0.0096,-0.1651
79018937366942,加速度计,0.5471,6.5170,7.9505,,,,,,,
79018947386942,加速度计,1.1223,5.6617,4.6082,,,,,,,
79018949901056,陀螺仪,,,,,,,,0.0534,0.0236,-0.1302
79018957405692,加速度计,0.8990,7.0623,0.8661,,,,,,,
79018967424442,加速度计,-0.5411,6.7427,13.4015,,,,,,,
79018977443192,加速度计,0.4226,7.7650,14.6112,,,,,,,
79018969938556,陀螺仪,,,,,,,,-0.0365,0.0302,-0.1033
79018987461942,加速度计,3.0436,8.6526,2.9401,,,,,,,
79018989976056,陀螺仪,,,,,,,,0.1461,0.0755,-0.0557
79018997480692,加速度计,0.6859,6.9617,-0.2909,,,,,,,
79019007499442,加速度计,0.0730,2.3379,7.8691,,,,,,,
79019010013556,陀螺仪,,,,,,,,-0.0146,0.1033,-0.0133
79019017518192,加速度计,0.9068,7.5082,7.5483,,,,,,,
79019027536942,加速度计,-0.0964,11.3808,9.1494,,,,,,,
79019037555692,加速度计,-1.1139,7.1347,15.7006,,,,,,,
79019030051056,陀螺仪,,,,,,,,0.0011,0.1193,-0.0061
79019047574442,加速度计,-0.1598,6.1172,8.4653,,,,,,,
79019050088556,陀螺仪,,,,,,,,0.1991,0.1399,0.1451
79019057593192,加速度计,2.8629,5.8981,-1.3318,,,,,,,
79019067611577,加速度计,2.2332,6.3901,-6.3470,,,,,,,
79019070125379,陀螺仪,,,,,,,,-0.0041,0.2011,0.0814
79019077629910,加速度计,-0.6542,5.7353,-3.8433,,,,,,,
79019087648244,加速度计,-3.0424,5.6850,20.4058,,,,,,,
79019090162046,陀螺仪,,,,,,,,-0.1694,0.1439,0.0654
79019097666577,加速度计,-0.7135,11.0804,20.1328,,,,,,,
79019107684910,加速度计,1.6640,12.5336,9.5816,,,,,,,
79019110201681,陀螺仪,,,,,,,,0.1358,0.1771,0.1234
79019117706108,加速度计,2.1171,5.8191,-2.4816,,,,,,,
79019130237515,陀螺仪,,,,,,,,0.0372,0.2409,0.1469
79019127724025,加速度计,-0.4603,1.8585,3.9355,,,,,,,
79019137741942,加速度计,-0.2400,8.0026,5.7455,,,,,,,
79019150273348,陀螺仪,,,,,,,,-0.0209,0.2025,0.1214
79019147759858,加速度计,0.8775,11.9159,6.1094,,,,,,,
79019157777775,加速度计,0.6548,8.5299,9.2883,,,,,,,
79019167795692,加速度计,0.0527,4.6412,8.3534,,,,,,,
79019170309181,陀螺仪,,,,,,,,0.0647,0.1811,0.0760
79019177813608,加速度计,1.3569,7.0372,1.3515,,,,,,,
79019187831525,加速度计,-0.0796,8.1750,2.5504,,,,,,,
79019190345015,陀螺仪,,,,,,,,-0.0236,0.1850,0.0250
79019197849442,加速度计,0.5160,9.3134,8.6508,,,,,,,
79019207867358,加速度计,-0.3567,6.8636,13.4871,,,,,,,
79019210380848,陀螺仪,,,,,,,,0.0208,0.1485,-0.0036
79019217885275,加速度计,0.4304,9.0357,6.7912,,,,,,,
79019227903192,加速度计,1.0870,6.4949,4.8530,,,,,,,
79019230416681,陀螺仪,,,,,,,,0.0666,0.1470,-0.0353
79019237921108,加速度计,1.5137,4.8297,5.6288,,,,,,,
79019247939129,加速度计,1.6945,7.5022,4.5508,,,,,,,
79019250452931,陀螺仪,,,,,,,,0.0607,0.1310,-0.0928
79019257957567,加速度计,0.9463,9.8037,3.8283,,,,,,,
79019267976317,加速度计,0.1137,7.9003,7.1012,,,,,,,
79019270490431,陀螺仪,,,,,,,,-0.0123,0.0772,-0.1746
79019277995067,加速度计,2.0423,5.8221,9.2931,,,,,,,
79019288013817,加速度计,1.6370,6.5817,5.5809,,,,,,,
79019290527931,陀螺仪,,,,,,,,0.0730,0.0527,-0.2427
79019298032567,加速度计,1.0582,7.9188,3.3878,,,,,,,
79019308051317,加速度计,1.7328,8.2528,4.5849,,,,,,,
79019310565431,陀螺仪,,,,,,,,-0.0176,0.0285,-0.3120
79019318070067,加速度计,-0.6506,7.7093,7.9667,,,,,,,
79019328088817,加速度计,0.1993,7.2862,11.8645,,,,,,,
79019330602931,陀螺仪,,,,,,,,0.0354,-0.0426,-0.3326
79019338107567,加速度计,2.5869,8.7227,6.4625,,,,,,,
79019348126317,加速度计,1.0379,6.6146,5.8766,,,,,,,
79019350640431,陀螺仪,,,,,,,,0.0582,-0.0378,-0.3899
79019358146629,加速度计,0.0455,6.9366,3.9031,,,,,,,
79019370687567,陀螺仪,,,,,,,,0.0426,-0.0736,-0.3559
79019368184390,加速度计,-0.1018,6.8163,7.3544,,,,,,,
79019378188660,加速度计,1.0744,8.8807,5.4438,,,,,,,
79019388193452,加速度计,1.5664,7.9134,6.0543,,,,,,,
79019390697567,陀螺仪,,,,,,,,0.0362,-0.0921,-0.3964
79019398199181,加速度计,-0.1377,8.5539,5.0793,,,,,,,
79019408206265,加速度计,0.5650,5.9843,8.8621,,,,,,,
79019410712567,陀螺仪,,,,,,,,-0.0013,-0.0948,-0.3859
79019418215119,加速度计,0.0479,8.0038,4.9608,,,,,,,
79019430735900,陀螺仪,,,,,,,,-0.0111,-0.0960,-0.3249
79019428226160,加速度计,-0.6991,7.8117,6.6996,,,,,,,
79019438239702,加速度计,-0.1125,7.0407,7.8254,,,,,,,
79019454738293,GPS,,,,31.9410,118.7896,3.3600,352.8000,,,
79019448255744,加速度计,0.5357,6.6924,7.8877,,,,,,,
79019450769233,陀螺仪,,,,,,,,0.0403,-0.0933,-0.2787
79019458274285,加速度计,0.8272,7.6638,3.7014,,,,,,,
79019468295327,加速度计,0.0790,6.2495,6.5559,,,,,,,
79019470812567,陀螺仪,,,,,,,,0.0052,-0.0771,-0.2459
79019478318765,加速度计,-0.5764,7.3951,5.4378,,,,,,,
79019488344181,加速度计,0.8936,7.4280,8.6796,,,,,,,
79019490864233,陀螺仪,,,,,,,,0.0123,-0.0908,-0.2166
79019498371160,加速度计,0.1652,8.2995,6.3434,,,,,,,
79019510920900,陀螺仪,,,,,,,,0.0345,-0.0953,-0.2252
79019508399285,加速度计,-0.5405,5.8688,7.2987,,,,,,,
79019518428140,加速度计,0.5237,8.3815,3.9301,,,,,,,
79019528457306,加速度计,-0.9493,6.3440,8.0128,,,,,,,
79019530979233,陀螺仪,,,,,,,,-0.0261,-0.1128,-0.2190
79019538485744,加速度计,-0.8218,7.8835,7.9464,,,,,,,
79019548510119,加速度计,-0.7871,7.9386,11.9004,,,,,,,
79019551024233,陀螺仪,,,,,,,,0.0445,-0.1437,-0.1723
79019558528869,加速度计,0.3681,7.1533,8.4934,,,,,,,
79019568547619,加速度计,1.6227,5.2936,-1.2372,,,,,,,
79019571061733,陀螺仪,,,,,,,,0.1027,-0.1313,-0.1573
79019578566369,加速度计,0.4483,6.0687,-7.0964,,,,,,,
79019588585119,加速度计,0.3867,3.7134,6.9659,,,,,,,
79019591099233,陀螺仪,,,,,,,,-0.2426,-0.1389,-0.2196
79019598603869,加速度计,-2.4499,8.0679,22.6450,,,,,,,
79019608623452,加速度计,0.3621,13.7331,15.5001,,,,,,,
79019611143296,陀螺仪,,,,,,,,0.0823,-0.1830,-0.2015
79019618646056,加速度计,1.6406,9.0591,3.3884,,,,,,,
79019628657306,加速度计,-0.1221,2.0836,1.1349,,,,,,,
79019638668712,加速度计,-0.8984,3.9678,3.3782,,,,,,,
79019631165848,陀螺仪,,,,,,,,0.0333,-0.1418,-0.1595
79019648680692,加速度计,0.8284,9.6971,7.3011,,,,,,,
79019651190223,陀螺仪,,,,,,,,-0.0309,-0.1571,-0.1341
79019658693504,加速度计,2.2104,11.0451,7.2131,,,,,,,
79019668707306,加速度计,0.3950,5.9490,9.5517,,,,,,,
79019678722358,加速度计,0.0622,5.9328,5.1745,,,,,,,
79019671218452,陀螺仪,,,,,,,,0.0037,-0.1712,-0.2262
79019688738660,加速度计,1.5832,8.0194,2.0913,,,,,,,
79019691251681,陀螺仪,,,,,,,,-0.0393,-0.1658,-0.1627
79019698756212,加速度计,0.7482,7.1641,7.4292,,,,,,,
79019708775015,加速度计,0.3783,8.6371,9.8294,,,,,,,
79019711289910,陀螺仪,,,,,,,,-0.0305,-0.1621,-0.1762
79019718795067,加速度计,0.7626,8.2797,10.3190,,,,,,,
79019728816212,加速度计,0.3400,8.0595,4.8830,,,,,,,
79019731332619,陀螺仪,,,,,,,,0.0365,-0.1594,-0.1666
79019738838192,加速度计,0.5818,5.7934,7.2478,,,,,,,
79019748861004,加速度计,0.1443,6.6104,6.3207,,,,,,,
79019751378608,陀螺仪,,,,,,,,0.0477,-0.1465,-0.1164
79019758884494,加速度计,0.8027,7.0186,5.8454,,,,,,,
79019768908400,加速度计,0.8320,8.5258,3.5925,,,,,,,
79019771426577,陀螺仪,,,,,,,,0.0217,-0.1370,-0.1023
79019778932567,加速度计,0.9056,7.2670,6.7451,,,,,,,
79019788956421,加速度计,0.5309,6.1208,7.9972,,,,,,,
79019791473400,陀螺仪,,,,,,,,0.0149,-0.1080,-0.0722
79019798978035,加速度计,0.4411,7.7446,5.0129,,,,,,,
79019808996785,加速度计,-0.3274,8.9388,4.3245,,,,,,,
79019819015535,加速度计,0.3304,6.5146,9.5421,,,,,,,
79019811510900,陀螺仪,,,,,,,,-0.0115,-0.0975,-0.0089
79019829034285,加速度计,-0.0539,7.2939,6.9468,,,,,,,
79019839052879,加速度计,1.1684,7.7399,5.9077,,,,,,,
79019831548348,陀螺仪,,,,,,,,0.0190,-0.0917,0.0115
79019849071212,加速度计,-0.0748,7.1886,7.0066,,,,,,,
79019851585119,陀螺仪,,,,,,,,0.0237,-0.0675,0.0226
79019859089858,加速度计,-1.9417,6.7654,7.4130,,,,,,,
79019869110223,加速度计,-0.1125,9.5211,5.1284,,,,,,,
79019871622775,陀螺仪,,,,,,,,0.0411,-0.0855,0.0767
79019879126890,加速度计,0.8613,8.4671,7.2574,,,,,,,
79019889143556,加速度计,0.2149,7.3831,5.1242,,,,,,,
79019891656108,陀螺仪,,,,,,,,0.0571,-0.0771,0.0691
79019899160223,加速度计,0.6141,7.7722,3.2669,,,,,,,
79019909176890,加速度计,0.1933,9.0758,5.5839,,,,,,,
79019911689494,陀螺仪,,,,,,,,-0.0352,-0.0686,0.0816
79019919193712,加速度计,0.2658,7.9936,9.4349,,,,,,,
79019929227462,加速度计,1.8483,8.4432,7.4514,,,,,,,
79019931736890,陀螺仪,,,,,,,,0.0441,-0.0539,0.0806
79019939239962,加速度计,0.6518,7.7027,3.6583,,,,,,,
79019949666834,GPS,,,,31.9410,118.7896,3.4900,349.9000,,,
79019949252462,加速度计,0.1861,5.9496,5.2690,,,,,,,
79019959265379,加速度计,1.1833,6.2830,7.2293,,,,,,,
79019951762202,陀螺仪,,,,,,,,-0.0000,-0.0361,0.0855
79019969278712,加速度计,0.8074,7.7255,6.8492,,,,,,,
79019979292879,加速度计,1.1785,7.8973,5.7197,,,,,,,
79019971789390,陀螺仪,,,,,,,,0.0146,-0.0571,0.0535
79019989307879,加速度计,0.9583,6.5697,7.4974,,,,,,,
79019991819806,陀螺仪,,,,,,,,-0.0133,-0.0756,-0.0313
79019999323712,加速度计,-0.3932,6.4434,8.2522,,,,,,,
79020009340796,加速度计,0.6608,7.6818,5.8556,,,,,,,
79020011854598,陀螺仪,,,,,,,,-0.0029,-0.1013,-0.0602
79020019359129,加速度计,1.0439,6.8546,8.3163,,,,,,,
79020029378296,加速度计,1.4240,6.5541,6.2261,,,,,,,
79020031893348,陀螺仪,,,,,,,,-0.0109,-0.0941,-0.1033
79020039398296,加速度计,0.3430,6.2381,6.6331,,,,,,,
79020049419129,加速度计,-1.1654,6.0681,12.6971,,,,,,,
79020051935431,陀螺仪,,,,,,,,-0.0004,-0.1193,-0.0589
79020059440796,加速度计,1.0289,7.8506,10.3843,,,,,,,
79020069463296,加速度计,3.3854,6.5332,2.6115,,,,,,,
79020079486212,加速度计,2.1422,4.4825,-6.1238,,,,,,,
79020071980535,陀螺仪,,,,,,,,0.1032,-0.1216,-0.0626
79020089509546,加速度计,0.9014,4.0181,-4.1246,,,,,,,
79020099532879,加速度计,-2.2601,3.8205,18.1008,,,,,,,
79020092027098,陀螺仪,,,,,,,,-0.2846,-0.0968,-0.1808
79020109556212,加速度计,-1.3940,12.0638,19.6983,,,,,,,
79020112091890,陀螺仪,,,,,,,,-0.0061,-0.1607,-0.1035
79020119590900,加速度计,2.3565,13.2070,10.6488,,,,,,,
79020129587462,加速度计,2.6019,5.9256,2.5199,,,,,,,
79020132085535,陀螺仪,,,,,,,,0.0336,-0.0758,-0.0975
79020139585171,加速度计,-0.2484,2.4852,0.6859,,,,,,,
79020149584702,加速度计,-3.0394,5.9095,3.6458,,,,,,,
79020152085744,陀螺仪,,,,,,,,-0.0525,-0.0724,-0.0160
79020159586629,加速度计,0.0976,11.9064,6.3829,,,,,,,
79020169591629,加速度计,0.9996,9.3021,8.2414,,,,,,,
79020172097462,陀螺仪,,,,,,,,-0.0977,-0.1029,0.0176
79020179600119,加速度计,0.5716,5.9083,6.7983,,,,,,,
79020189612358,加速度计,-0.3837,5.6575,4.5502,,,,,,,
79020192123817,陀螺仪,,,,,,,,-0.0502,-0.0571,0.0582
79020199628348,加速度计,-0.6069,9.0136,2.4666,,,,,,,
79020209648087,加速度计,0.0401,9.9617,8.9280,,,,,,,
79020212165119,陀螺仪,,,,,,,,-0.1338,-0.0154,0.1189
79020219671421,加速度计,-1.3072,8.4054,10.4238,,,,,,,
79020229697931,加速度计,-0.0862,6.7678,8.3408,,,,,,,
79020232219546,陀螺仪,,,,,,,,-0.0261,0.0216,0.2212
79020239727202,加速度计,-0.3891,7.0910,3.1532,,,,,,,
79020249758817,加速度计,0.8805,7.0228,4.6483,,,,,,,
79020252283712,陀螺仪,,,,,,,,-0.0652,0.0742,0.2772
79020259792202,加速度计,0.0850,6.7870,7.0090,,,,,,,
79020269826681,加速度计,-0.2095,8.4461,8.3426,,,,,,,
79020272352983,陀螺仪,,,,,,,,-0.0497,0.0795,0.2883
79020279861681,加速度计,0.2478,7.2209,6.0244,,,,,,,
79020289892150,加速度计,-0.0784,6.6080,0.8140,,,,,,,
79020299913504,加速度计,0.4148,6.7133,4.7860,,,,,,,
79020292408869,陀螺仪,,,,,,,,-0.0675,0.0945,0.2818
79020309932254,加速度计,0.2496,6.6044,9.8701,,,,,,,
79020312446369,陀螺仪,,,,,,,,-0.1060,0.0787,0.2131
79020319951004,加速度计,-1.2342,9.2853,7.9320,,,,,,,
79020329969598,加速度计,-0.2304,7.7141,7.7482,,,,,,,
79020332483400,陀螺仪,,,,,,,,-0.0636,0.0526,0.2024
79020339987931,加速度计,1.7699,5.8359,5.9903,,,,,,,
79020352520587,陀螺仪,,,,,,,,-0.0184,0.0538,0.1519
79020350006265,加速度计,-0.2747,4.8165,7.9476,,,,,,,
79020360026160,加速度计,0.4094,8.4874,5.5222,,,,,,,
79020370048400,加速度计,-0.3130,6.4404,7.5639,,,,,,,
79020372556577,陀螺仪,,,,,,,,-0.0008,0.0244,0.1322
79020380059233,加速度计,1.5395,8.1511,5.9149,,,,,,,
79020390070275,加速度计,0.6686,6.2770,7.3035,,,,,,,
79020392578973,陀螺仪,,,,,,,,0.0150,0.0145,0.0687
79020400081942,加速度计,-0.0976,9.1321,5.1565,,,,,,,
79020410094442,加速度计,1.1408,7.7231,8.0146,,,,,,,
79020420107983,加速度计,0.1927,8.5156,8.1930,,,,,,,
79020412604494,陀螺仪,,,,,,,,-0.0226,-0.0161,0.0583
79020430122775,加速度计,-0.4866,7.1940,9.5816,,,,,,,
79020432634702,陀螺仪,,,,,,,,0.0316,-0.0362,0.0306
79020440138817,加速度计,1.6077,8.0278,3.6978,,,,,,,
79020450156108,加速度计,1.8208,6.7702,3.3453,,,,,,,
79020452669910,陀螺仪,,,,,,,,0.0099,-0.0209,-0.0142
79020460174650,加速度计,-0.0814,6.8750,4.9087,,,,,,,
79020470194442,加速度计,1.1696,7.3586,6.8582,,,,,,,
79020472710119,陀螺仪,,,,,,,,-0.0136,-0.0270,-0.0196
79020480215483,加速度计,0.5016,8.6107,5.4576,,,,,,,
79020490237567,加速度计,1.2582,8.1971,6.3111,,,,,,,
79020492754702,陀螺仪,,,,,,,,-0.0236,-0.0276,-0.0153
79020500260483,加速度计,0.2017,7.3634,5.2224,,,,,,,
79020510284025,加速度计,0.8583,7.8751,5.5923,,,,,,,
79020512801994,陀螺仪,,,,,,,,-0.0451,-0.0310,-0.0220
79020520307983,加速度计,0.7374,7.1156,6.9498,,,,,,,
79020530332150,加速度计,-0.3166,7.0994,7.4873,,,,,,,
79020540356317,加速度计,0.4782,7.2604,4.4778,,,,,,,
79020532850327,陀螺仪,,,,,,,,-0.0300,-0.0415,-0.0374
79020550379442,加速度计,-0.0593,7.3209,5.4558,,,,,,,
79020560399858,加速度计,-1.1678,6.3566,12.5911,,,,,,,
79020552895223,陀螺仪,,,,,,,,-0.0764,-0.0573,-0.0409
79020570418400,加速度计,-0.3998,6.1567,13.0640,,,,,,,
79020572932202,陀螺仪,,,,,,,,0.0680,-0.0947,0.0361
79020580436733,加速度计,2.2679,7.0294,2.5462,,,,,,,
79020590455067,加速度计,1.9148,4.7944,-5.6389,,,,,,,
79020592968869,陀螺仪,,,,,,,,-0.0487,-0.0430,-0.0393
79020600473400,加速度计,0.9481,3.5303,3.5853,,,,,,,
79020610492358,加速度计,-4.1988,6.7349,20.8535,,,,,,,
79020613008973,陀螺仪,,,,,,,,-0.1029,-0.0678,-0.0453
79020620513087,加速度计,0.0922,11.2797,13.8726,,,,,,,
79020630529754,加速度计,2.7414,11.8998,2.1428,,,,,,,
79020633042306,陀螺仪,,,,,,,,0.0317,-0.0585,0.0065
79020640546421,加速度计,-0.4962,3.0610,4.6400,,,,,,,
79020650563087,加速度计,-0.7638,1.8328,6.7313,,,,,,,
79020653075640,陀螺仪,,,,,,,,-0.0142,-0.0176,0.0671
79020660579754,加速度计,-0.3106,7.7524,6.2046,,,,,,,
79020670596421,加速度计,1.1594,12.7060,4.5939,,,,,,,
79020673109077,陀螺仪,,,,,,,,-0.0482,-0.0079,0.1260
79020680613296,加速度计,2.0339,6.5805,9.0812,,,,,,,
79020690630587,加速度计,0.1658,5.4450,7.5633,,,,,,,
79020693143869,陀螺仪,,,,,,,,-0.0067,0.0172,0.0927
79020700648296,加速度计,0.2191,7.8075,2.9096,,,,,,,
79020710666421,加速度计,1.8208,8.9376,4.6448,,,,,,,
79020720684962,加速度计,-0.7446,7.1347,11.6185,,,,,,,
79020713180327,陀螺仪,,,,,,,,-0.1280,0.0611,0.1369
79020730703921,加速度计,0.1856,7.3514,11.2312,,,,,,,
79020740723296,加速度计,-0.1975,7.9649,4.2138,,,,,,,
79020733218452,陀螺仪,,,,,,,,0.0162,0.0613,0.1639
79020750743087,加速度计,1.2390,8.3911,2.7671,,,,,,,
79020753258140,陀螺仪,,,,,,,,-0.0465,0.0732,0.1738
79020760763087,加速度计,0.1490,5.5516,7.7548,,,,,,,
79020770783087,加速度计,-0.8428,7.8470,7.5848,,,,,,,
79020773298140,陀螺仪,,,,,,,,0.0264,0.0439,0.1442
79020780803087,加速度计,2.2051,8.5958,5.3337,,,,,,,
79020790823087,加速度计,0.8122,7.7895,5.1146,,,,,,,
79020793338140,陀螺仪,,,,,,,,0.0012,0.0558,0.1045
79020800843087,加速度计,0.6129,5.4354,3.5219,,,,,,,
79020810863087,加速度计,0.9577,6.9396,4.8620,,,,,,,
79020813378140,陀螺仪,,,,,,,,-0.0575,0.0435,0.0951
79020820883087,加速度计,0.7320,8.2199,13.8834,,,,,,,
79020830903087,加速度计,-0.3711,11.2366,10.5782,,,,,,,
79020833418035,陀螺仪,,,,,,,,0.0924,0.0201,0.0533
79020840922879,加速度计,2.6133,9.9162,8.5760,,,,,,,
79020850942046,加速度计,-1.8597,2.5971,6.2668,,,,,,,
79020853457515,陀螺仪,,,,,,,,0.0390,0.0313,0.0417
79020860963504,加速度计,-1.6652,-1.8274,21.3503,,,,,,,
79020870989702,加速度计,3.8511,19.0620,-7.6189,,,,,,,
79020873488400,陀螺仪,,,,,,,,0.2955,0.0089,0.1285
79020880988035,加速度计,2.8629,12.4223,6.2171,,,,,,,
79020890987410,加速度计,0.4693,1.8777,2.7928,,,,,,,
79020893487983,陀螺仪,,,,,,,,0.1642,-0.0229,-0.0325
79020900988452,加速度计,0.9295,4.2748,6.5769,,,,,,,
79020910991785,加速度计,2.6582,11.7879,-0.1772,,,,,,,
79020913496108,陀螺仪,,,,,,,,0.0671,-0.0386,-0.0932
79020920998035,加速度计,1.5311,9.5116,5.6521,,,,,,,
79020940925949,GPS,,,,31.9411,118.7896,3.5800,352.6000,,,
79020933574702,陀螺仪,,,,,,,,0.0543,-0.0405,-0.0941
79020931028087,加速度计,-0.4339,4.1605,11.0253,,,,,,,
79020941087931,加速度计,1.1995,8.2606,4.3640,,,,,,,
79020951128921,加速度计,2.0087,7.9266,3.3968,,,,,,,
79020953643035,陀螺仪,,,,,,,,-0.0204,-0.0253,-0.0775
79020961147671,加速度计,-0.7518,5.0386,13.0484,,,,,,,
79020973680535,陀螺仪,,,,,,,,0.1238,-0.0104,-0.0043
79020971166421,加速度计,0.5938,7.1066,8.4348,,,,,,,
79020981185171,加速度计,1.6532,8.9364,4.5885,,,,,,,
79020991203921,加速度计,1.7998,7.4753,4.4251,,,,,,,
79020993718035,陀螺仪,,,,,,,,0.0622,-0.0015,-0.0142
79021001222619,加速度计,0.4944,5.7766,6.6116,,,,,,,
79021013754754,陀螺仪,,,,,,,,0.0840,-0.0004,-0.0133
79021011240952,加速度计,0.5363,8.1277,8.9747,,,,,,,
79021021259285,加速度计,1.1791,8.1822,6.7463,,,,,,,
79021031277619,加速度计,0.4615,7.2030,6.5793,,,,,,,
79021033791421,陀螺仪,,,,,,,,0.0820,0.0188,0.0039
79021041295952,加速度计,1.2893,6.3225,1.7867,,,,,,,
79021053828087,陀螺仪,,,,,,,,-0.0224,0.0394,0.0249
79021051314285,加速度计,-0.9014,5.9286,6.1088,,,,,,,
79021061332619,加速度计,0.1556,7.7746,13.5566,,,,,,,
79021073864754,陀螺仪,,,,,,,,0.1184,0.0317,0.1150
79021071350952,加速度计,-0.5255,7.4903,10.6081,,,,,,,
79021081369285,加速度计,1.3593,7.9721,1.3180,,,,,,,
79021091387619,加速度计,3.3615,7.9230,8.1187,,,,,,,
79021093901421,陀螺仪,,,,,,,,-0.0105,0.0780,0.0826
79021101405952,加速度计,-3.4848,8.9441,-5.1278,,,,,,,
79021111425587,加速度计,4.7088,11.7094,19.2392,,,,,,,
79021121449077,加速度计,0.1939,11.6077,6.2165,,,,,,,
79021113945900,陀螺仪,,,,,,,,-0.2104,0.0634,0.0277
79021131461994,加速度计,-1.6783,-3.5512,11.1181,,,,,,,
79021141475171,加速度计,-1.9950,-2.0177,6.8265,,,,,,,
79021133971890,陀螺仪,,,,,,,,-0.1715,0.1113,0.0049
79021151488765,加速度计,3.0724,12.0279,3.3932,,,,,,,
79021153999442,陀螺仪,,,,,,,,-0.0800,0.1032,0.1099
79021161503035,加速度计,2.1249,9.5104,9.0417,,,,,,,
79021171518140,加速度计,0.0186,3.4183,9.3488,,,,,,,
79021174030067,陀螺仪,,,,,,,,-0.0256,0.1154,0.0212
79021181534077,加速度计,0.5920,5.6874,4.9769,,,,,,,
79021191550848,加速度计,1.6532,7.4262,2.5259,,,,,,,
79021201568452,加速度计,0.8308,6.8738,6.4751,,,,,,,
79021194064025,陀螺仪,,,,,,,,-0.0483,0.1107,0.0240
79021211586890,加速度计,0.3867,6.6481,7.1629,,,,,,,
79021221606160,加速度计,0.6261,9.2805,5.9759,,,,,,,
79021214101317,陀螺仪,,,,,,,,-0.0217,0.0951,-0.0089
79021231626265,加速度计,0.9571,6.3381,8.9956,,,,,,,
79021241647202,加速度计,1.5520,7.6872,5.5438,,,,,,,
79021234141942,陀螺仪,,,,,,,,-0.0015,0.0570,-0.0562
79021251668712,加速度计,2.1554,8.4737,3.4949,,,,,,,
79021261690640,加速度计,1.1289,6.0346,6.1447,,,,,,,
79021254185171,陀螺仪,,,,,,,,-0.0174,0.0700,-0.1059
79021271712983,加速度计,0.4758,6.6846,7.4502,,,,,,,
79021274229910,陀螺仪,,,,,,,,-0.0245,0.0358,-0.1506
79021281735483,加速度计,1.1666,7.9877,6.7349,,,,,,,
79021291757983,加速度计,1.3084,7.5477,8.2989,,,,,,,
79021294274910,陀螺仪,,,,,,,,0.0117,-0.0234,-0.2113
79021301780483,加速度计,1.0708,7.9966,5.0853,,,,,,,
79021311801421,加速度计,1.4820,6.7864,6.6050,,,,,,,
79021314316004,陀螺仪,,,,,,,,0.0226,-0.0703,-0.2838
79021321820640,加速度计,1.3024,6.9354,4.4281,,,,,,,
79021331839390,加速度计,-0.0509,8.1032,4.7615,,,,,,,
79021334353504,陀螺仪,,,,,,,,0.0016,-0.1328,-0.3465
79021341858140,加速度计,-0.1466,7.6100,7.1216,,,,,,,
79021351876890,加速度计,0.8679,9.1500,7.2694,,,,,,,
79021361896681,加速度计,0.1790,7.7273,8.0313,,,,,,,
79021354391629,陀螺仪,,,,,,,,-0.0052,-0.1898,-0.3910
79021371916212,加速度计,-0.0156,7.2053,4.4478,,,,,,,
79021381929129,加速度计,-1.6239,7.1706,7.3897,,,,,,,
79021374425952,陀螺仪,,,,,,,,0.0063,-0.1939,-0.3521
79021391942306,加速度计,0.0353,8.6622,6.1944,,,,,,,
79021401955900,加速度计,1.9824,7.8260,7.7812,,,,,,,
79021394452515,陀螺仪,,,,,,,,-0.0109,-0.1882,-0.2190
79021411970171,加速度计,-0.1712,7.7680,6.6840,,,,,,,
79021421985275,加速度计,-0.7506,6.0448,7.8039,,,,,,,
79021414481473,陀螺仪,,,,,,,,-0.0245,-0.1346,-0.1652
79021432001212,加速度计,0.4717,7.7782,2.8862,,,,,,,
79021442017983,加速度计,-0.9361,7.0617,6.9593,,,,,,,
79021434513765,陀螺仪,,,,,,,,-0.0168,-0.0948,-0.0708
79021452035587,加速度计,-0.7278,7.7692,5.4929,,,,,,,
79021462054025,加速度计,-0.1628,6.2716,7.5788,,,,,,,
79021454549390,陀螺仪,,,,,,,,-0.0513,-0.0722,0.0116
79021472073296,加速度计,0.2945,7.8296,4.7070,,,,,,,
79021474588348,陀螺仪,,,,,,,,-0.0621,-0.0341,0.0752
79021482093400,加速度计,-0.3819,6.2614,9.2081,,,,,,,
79021492114337,加速度计,-2.3469,6.2321,7.6495,,,,,,,
79021502135848,加速度计,0.6847,8.0559,5.3014,,,,,,,
79021494630483,陀螺仪,,,,,,,,0.0032,0.0112,0.1639
79021512157775,加速度计,0.1389,8.0391,4.7746,,,,,,,
79021522180119,加速度计,-0.0892,6.0238,7.2514,,,,,,,
79021514674546,陀螺仪,,,,,,,,-0.0366,0.0407,0.2332
79021532202619,加速度计,-0.0108,7.8320,7.0036,,,,,,,
79021542225119,加速度计,-0.1646,8.4653,6.0663,,,,,,,
79021534719546,陀螺仪,,,,,,,,0.0027,0.0591,0.2368
79021552247619,加速度计,-0.2628,6.7858,8.4904,,,,,,,
79021562268817,加速度计,-1.2079,8.9172,8.9711,,,,,,,
79021554763765,陀螺仪,,,,,,,,-0.0036,0.0719,0.2606
79021572287931,加速度计,-1.6089,7.5034,11.4640,,,,,,,
79021574801733,陀螺仪,,,,,,,,0.0826,0.0553,0.3314
79021582306265,加速度计,1.8729,7.4250,1.9172,,,,,,,
79021592324598,加速度计,1.3862,5.6551,-5.1996,,,,,,,
79021602342931,加速度计,0.2783,3.6284,6.4667,,,,,,,
79021594838400,陀螺仪,,,,,,,,-0.0720,0.0755,0.2790
79021612365171,加速度计,-2.0668,6.0184,21.2007,,,,,,,
79021622389390,加速度计,-0.4094,11.2833,11.2402,,,,,,,
79021614890171,陀螺仪,,,,,,,,-0.0664,0.0647,0.2005
79021632386994,加速度计,1.7065,12.5678,0.5680,,,,,,,
79021642385952,加速度计,0.8218,1.4443,5.8532,,,,,,,
79021634886108,陀螺仪,,,,,,,,0.0565,0.0515,0.1884
79021652386837,加速度计,-0.6877,2.1153,3.5404,,,,,,,
79021654889233,陀螺仪,,,,,,,,0.0349,0.0419,0.1728
79021662390327,加速度计,1.5221,10.9218,4.5627,,,,,,,
79021672396994,加速度计,1.8573,10.7093,9.8084,,,,,,,
79021682406994,加速度计,0.4585,6.8893,10.1939,,,,,,,
79021674904233,陀螺仪,,,,,,,,-0.0735,-0.0067,0.0381
79021692420587,加速度计,0.3741,5.7251,6.6679,,,,,,,
79021702437931,加速度计,1.6203,6.7385,5.1643,,,,,,,
79021694933296,陀螺仪,,,,,,,,0.0226,-0.0463,-0.0389
79021712458765,加速度计,1.0205,7.2712,6.0400,,,,,,,
79021722482931,加速度计,1.4509,7.4543,6.9959,,,,,,,
79021714976629,陀螺仪,,,,,,,,0.0024,-0.0529,-0.0578
79021732510171,加速度计,1.7436,7.4508,8.3193,,,,,,,
79021742540067,加速度计,1.1516,7.2077,8.4473,,,,,,,
79021735032410,陀螺仪,,,,,,,,0.0157,-0.0731,-0.1036
79021752571942,加速度计,1.7741,7.6591,3.7284,,,,,,,
79021762605223,加速度计,0.5914,5.8688,3.7517,,,,,,,
79021755096837,陀螺仪,,,,,,,,0.0529,-0.0882,-0.1149
79021772639233,加速度计,1.9423,7.4771,6.9043,,,,,,,
79021782673400,加速度计,0.8577,7.9709,7.3538,,,,,,,
79021775164910,陀螺仪,,,,,,,,-0.0035,-0.0824,-0.1281
79021792698712,加速度计,-0.2526,7.3484,7.9386,,,,,,,
79021795213296,陀螺仪,,,,,,,,0.0268,-0.0700,-0.0981
79021802717931,加速度计,1.2192,7.5747,4.4179,,,,,,,
79021812736681,加速度计,0.3460,6.0597,5.5079,,,,,,,
79021815250640,陀螺仪,,,,,,,,0.0045,-0.0337,-0.0224
79021822755171,加速度计,0.3478,8.3097,6.1842,,,,,,,
79021832773504,加速度计,0.6901,9.1004,7.7758,,,,,,,
79021835287306,陀螺仪,,,,,,,,-0.0188,-0.0105,0.0474
79021842791837,加速度计,0.5333,7.5609,10.8236,,,,,,,
79021852810171,加速度计,1.0469,7.3717,6.8684,,,,,,,
79021862830848,加速度计,-1.0534,6.2219,3.2292,,,,,,,
79021855325379,陀螺仪,,,,,,,,0.0666,0.0240,0.0972
79021872850171,加速度计,1.4210,7.0731,3.6518,,,,,,,
79021882862254,加速度计,0.4944,8.1618,4.3539,,,,,,,
79021875359285,陀螺仪,,,,,,,,0.0218,0.0621,0.1726
79021892874650,加速度计,0.9966,7.2317,7.6130,,,,,,,
79021895384285,陀螺仪,,,,,,,,-0.0246,0.0860,0.1606
79021902887462,加速度计,0.4693,7.2173,8.1529,,,,,,,
79021912901004,加速度计,0.0988,8.1361,4.7896,,,,,,,
79021922916004,加速度计,0.9756,6.9055,6.1675,,,,,,,
79021915412202,陀螺仪,,,,,,,,0.0057,0.0973,0.1486
79021932948087,加速度计,0.1526,7.8667,6.1094,,,,,,,
79021942771730,GPS,,,,31.9411,118.7896,3.4500,352.5000,,,
79021942977046,加速度计,0.1335,7.6818,9.4990,,,,,,,
79021935470223,陀螺仪,,,,,,,,-0.0372,0.0959,0.1418
79021952997983,加速度计,0.3729,7.3987,8.0212,,,,,,,
79021955512098,陀螺仪,,,,,,,,0.0170,0.0739,0.1210
79021963016733,加速度计,2.3948,8.3570,5.1194,,,,,,,
79021973035483,加速度计,1.3384,5.7557,2.9688,,,,,,,
79021983054233,加速度计,0.7883,7.2107,4.9967,,,,,,,
79021975549598,陀螺仪,,,,,,,,-0.0141,0.0767,0.0518
79021993072983,加速度计,0.5584,7.1587,10.3663,,,,,,,
79021995586890,陀螺仪,,,,,,,,-0.0457,0.0438,0.0077
79022003091421,加速度计,2.6713,7.6022,7.8811,,,,,,,
79022013109754,加速度计,1.3354,7.2131,5.5480,,,,,,,
79022015623556,陀螺仪,,,,,,,,-0.0071,0.0305,-0.0609
79022023128087,加速度计,0.9349,6.9420,4.6274,,,,,,,
79022033146421,加速度计,0.4950,5.2265,10.2424,,,,,,,
79022043164754,加速度计,1.2420,9.2524,7.3550,,,,,,,
79022035660223,陀螺仪,,,,,,,,-0.0181,0.0084,-0.0839
79022053183087,加速度计,1.2653,8.0816,8.2732,,,,,,,
79022055696890,陀螺仪,,,,,,,,-0.0100,-0.0057,-0.1103
79022063201421,加速度计,-0.7518,6.4374,12.3553,,,,,,,
79022073219754,加速度计,-0.1496,6.9743,9.3021,,,,,,,
79022083238087,加速度计,2.5205,7.5693,1.8597,,,,,,,
79022075733556,陀螺仪,,,,,,,,0.1454,-0.0517,-0.0497
79022093256421,加速度计,2.9449,6.2932,-6.2411,,,,,,,
79022103274754,加速度计,3.0263,5.5893,-4.8782,,,,,,,
79022095770223,陀螺仪,,,,,,,,-0.0225,-0.0405,-0.1241
79022113294337,加速度计,-2.2488,4.4418,18.3869,,,,,,,
79022123315952,加速度计,-1.7047,8.2905,25.2056,,,,,,,
79022115811629,陀螺仪,,,,,,,,-0.2309,-0.1035,-0.2418
79022133333452,加速度计,0.9307,12.9861,8.0068,,,,,,,
79022143350952,加速度计,3.3381,7.0479,-1.1648,,,,,,,
79022135846629,陀螺仪,,,,,,,,0.1264,-0.0911,-0.1224
79022153368452,加速度计,1.2157,-0.3921,1.5676,,,,,,,
79022163385952,加速度计,-2.1231,4.2359,6.5924,,,,,,,
79022155881629,陀螺仪,,,,,,,,-0.0248,-0.0047,-0.1204
79022173403452,加速度计,-0.7482,10.8745,11.3132,,,,,,,
79022175916629,陀螺仪,,,,,,,,0.0083,-0.0627,-0.0213
79022183420952,加速度计,2.5007,10.8523,7.8961,,,,,,,
79022193438452,加速度计,2.5241,6.2495,7.4406,,,,,,,
79022203455952,加速度计,0.8924,4.3515,2.6121,,,,,,,
79022195951629,陀螺仪,,,,,,,,0.0356,-0.0385,-0.0629
79022213473765,加速度计,-0.4052,7.5687,3.0765,,,,,,,
79022215987462,陀螺仪,,,,,,,,-0.0248,-0.0103,-0.0278
79022223491994,加速度计,-0.4316,8.6736,10.4459,,,,,,,
79022233510640,加速度计,-0.6650,9.4906,7.9571,,,,,,,
79022243529702,加速度计,1.0092,6.7139,8.7352,,,,,,,
79022236024962,陀螺仪,,,,,,,,0.0053,-0.0281,0.0276
79022253548869,加速度计,0.4866,5.9149,4.1324,,,,,,,
79022256063296,陀螺仪,,,,,,,,0.0770,-0.0133,0.0229
79022263568035,加速度计,-0.0042,8.1684,2.7162,,,,,,,
79022273587202,加速度计,-0.1215,6.8797,7.5274,,,,,,,
79022276101629,陀螺仪,,,,,,,,-0.0229,0.0149,0.0895
79022283606369,加速度计,-0.5387,7.6172,8.9172,,,,,,,
79022293625535,加速度计,0.5243,8.2492,5.6880,,,,,,,
79022303644702,加速度计,0.9667,7.5106,4.5107,,,,,,,
79022296139962,陀螺仪,,,,,,,,0.0462,0.0209,0.1422
79022313663869,加速度计,-0.5405,7.3897,1.9082,,,,,,,
79022316178296,陀螺仪,,,,,,,,-0.0172,0.0578,0.1569
79022323683035,加速度计,1.2384,8.7724,5.8957,,,,,,,
79022333702202,加速度计,0.3460,7.3694,11.3958,,,,,,,
79022336216629,陀螺仪,,,,,,,,-0.0486,0.0635,0.1672
79022343721369,加速度计,-0.2245,8.4132,7.7063,,,,,,,
79022353740535,加速度计,0.7332,6.8869,5.7132,,,,,,,
79022356258296,陀螺仪,,,,,,,,0.0068,0.0774,0.2024
79022363768556,加速度计,0.7859,7.5070,5.6240,,,,,,,
79022373787983,加速度计,0.0634,6.6349,9.3152,,,,,,,
79022376286577,陀螺仪,,,,,,,,0.0117,0.1027,0.2083
79022383786108,加速度计,-0.1221,8.1098,7.2927,,,,,,,
79022393785379,加速度计,0.9511,7.5453,5.9897,,,,,,,
79022396286160,陀螺仪,,,,,,,,0.0413,0.0872,0.1925
79022403786525,加速度计,0.1574,7.9841,5.0176,,,,,,,
79022413790379,加速度计,-0.1526,6.6050,6.2614,,,,,,,
79022416295535,陀螺仪,,,,,,,,0.0120,0.0678,0.1333
79022423797462,加速度计,1.0104,8.8873,6.2632,,,,,,,
79022433807879,加速度计,-1.0672,7.3909,7.3316,,,,,,,
79022443821942,加速度计,0.4411,7.4466,5.8209,,,,,,,
79022436318244,陀螺仪,,,,,,,,0.0200,0.0325,0.0935
79022453839754,加速度计,1.2629,7.0587,4.9955,,,,,,,
79022463861004,加速度计,0.6099,7.5286,5.4528,,,,,,,
79022456355535,陀螺仪,,,,,,,,-0.0100,0.0213,0.0800
79022473885587,加速度计,0.1867,5.7527,7.1814,,,,,,,
79022476406160,陀螺仪,,,,,,,,-0.0294,0.0225,0.0609
79022483913192,加速度计,-0.2233,7.9080,5.6078,,,,,,,
79022493943400,加速度计,1.2025,6.9079,8.6293,,,,,,,
79022496467410,陀螺仪,,,,,,,,-0.0149,0.0057,0.0763
79022503975483,加速度计,1.8818,7.3903,4.9464,,,,,,,
79022514008921,加速度计,0.5429,7.9900,8.9986,,,,,,,
79022516534494,陀螺仪,,,,,,,,-0.0077,0.0169,0.0205
79022524042983,加速度计,0.5914,7.1658,5.7946,,,,,,,
79022534077150,加速度计,0.1053,7.7207,4.0989,,,,,,,
79022544100067,加速度计,0.4908,7.7668,7.1317,,,,,,,
79022536595327,陀螺仪,,,,,,,,0.0039,-0.0000,0.0145
79022554118921,加速度计,0.8206,7.7004,8.8232,,,,,,,
79022564137671,加速度计,-1.5832,8.7742,11.3042,,,,,,,
79022556633035,陀螺仪,,,,,,,,0.0045,-0.0245,-0.0197
79022574156421,加速度计,-0.2029,7.8458,8.0014,,,,,,,
79022584175171,加速度计,2.4427,7.4891,-1.0870,,,,,,,
79022576670535,陀螺仪,,,,,,,,0.1254,-0.0874,0.0393
79022594193921,加速度计,3.0341,5.4510,-7.1413,,,,,,,
79022596707827,陀螺仪,,,,,,,,-0.1469,-0.0535,-0.0695
79022604212358,加速度计,0.5573,3.6883,5.6312,,,,,,,
79022614235587,加速度计,-4.9901,5.5683,23.3052,,,,,,,
79022616748296,陀螺仪,,,,,,,,-0.0652,-0.0704,-0.0394
79022624250952,加速度计,-1.2707,10.9678,15.7018,,,,,,,
79022634261785,加速度计,3.4321,12.8066,-2.1614,,,,,,,
79022636770223,陀螺仪,,,,,,,,0.0406,-0.0288,0.1169
79022644272983,加速度计,0.6662,3.0706,-0.2759,,,,,,,
79022654284962,加速度计,-1.3485,1.0409,8.1618,,,,,,,
79022656794598,陀螺仪,,,,,,,,-0.1065,0.0326,0.1443
79022664297775,加速度计,-1.2827,8.7167,16.7828,,,,,,,
79022674311785,加速度计,0.5387,12.9945,15.0990,,,,,,,
79022676823244,陀螺仪,,,,,,,,0.1033,0.0385,0.2975
79022684327046,加速度计,1.5042,9.0166,6.2094,,,,,,,
79022694343556,加速度计,-0.0658,2.9850,0.4663,,,,,,,
79022696856890,陀螺仪,,,,,,,,0.0747,0.1091,0.2732
79022704361317,加速度计,0.2873,4.5801,-3.2016,,,,,,,
79022714380327,加速度计,0.2687,7.5729,8.7987,,,,,,,
79022716895535,陀螺仪,,,,,,,,-0.0806,0.1036,0.2875
79022724400587,加速度计,-0.2969,9.7797,12.4163,,,,,,,
79022734422098,加速度计,0.6985,8.2115,7.5441,,,,,,,
79022736938921,陀螺仪,,,,,,,,0.0173,0.0967,0.2634
79022744444494,加速度计,1.0959,5.6024,6.8001,,,,,,,
79022754467723,加速度计,-0.5124,5.5222,1.9357,,,,,,,
79022756985535,陀螺仪,,,,,,,,0.0360,0.1131,0.2593
79022764491421,加速度计,1.3767,6.3572,3.0155,,,,,,,
79022774515535,加速度计,1.9938,8.6910,6.4033,,,,,,,
79022777033712,陀螺仪,,,,,,,,-0.0415,0.1113,0.2081
79022784539702,加速度计,-0.3047,6.8570,10.8942,,,,,,,
79022794563869,加速度计,1.7484,8.7897,6.4524,,,,,,,
79022797080223,陀螺仪,,,,,,,,0.0531,0.0782,0.1687
79022804585483,加速度计,0.9631,7.9805,3.1442,,,,,,,
79022814604546,加速度计,1.3491,8.0571,4.7196,,,,,,,
79022817118660,陀螺仪,,,,,,,,-0.0366,0.0617,0.1083
79022824623296,加速度计,1.1007,5.4612,7.4202,,,,,,,
79022834642046,加速度计,0.2292,8.2211,6.2698,,,,,,,
79022837156160,陀螺仪,,,,,,,,-0.0097,0.0413,0.0664
79022844660796,加速度计,1.9872,8.3869,7.1293,,,,,,,
79022854679181,加速度计,1.2157,7.0695,7.8117,,,,,,,
79022857193765,陀螺仪,,,,,,,,-0.0037,0.0594,0.0519
79022864699337,加速度计,1.6460,6.4661,8.9094,,,,,,,
79022874717098,加速度计,-0.1454,7.6094,8.1289,,,,,,,
79022877229025,陀螺仪,,,,,,,,0.0846,0.0893,0.0955
79022884732931,加速度计,2.1470,7.4244,5.8083,,,,,,,
79022894748765,加速度计,1.8417,7.4801,4.0001,,,,,,,
79022897260692,陀螺仪,,,,,,,,0.0947,0.0985,0.1148
79022904764598,加速度计,1.2420,7.6662,2.3068,,,,,,,
79022914780796,加速度计,1.4096,6.7852,7.9069,,,,,,,
79022917296421,陀螺仪,,,,,,,,0.0003,0.1060,0.0880
79022924805535,加速度计,1.8477,8.2845,7.1874,,,,,,,
79022940481417,GPS,,,,31.9411,118.7896,3.4300,348.6000,,,
79022934831317,加速度计,1.2414,10.0317,4.9374,,,,,,,
79022944840067,加速度计,0.4393,7.4148,5.2451,,,,,,,
79022937337931,陀螺仪,,,,,,,,-0.0119,0.1200,0.0511
79022954849129,加速度计,0.1341,7.2311,7.5268,,,,,,,
79022957356473,陀螺仪,,,,,,,,-0.0956,0.1205,0.0450
79022964858921,加速度计,1.7795,6.3620,8.0595,,,,,,,
79022974869858,加速度计,0.3873,7.2042,8.8053,,,,,,,
79022984882358,加速度计,1.4240,5.6240,8.5635,,,,,,,
79022977379181,陀螺仪,,,,,,,,-0.0501,0.1240,0.0731
79022994896525,加速度计,1.2186,7.2832,5.9388,,,,,,,
79023004912358,加速度计,1.6203,7.0419,7.3376,,,,,,,
79022997408348,陀螺仪,,,,,,,,0.0085,0.1324,0.0526
79023014929858,加速度计,1.0534,5.9053,9.3152,,,,,,,
79023024949025,加速度计,0.3849,8.9854,3.7254,,,,,,,
79023017444181,陀螺仪,,,,,,,,0.0466,0.1229,0.0442
79023034969858,加速度计,1.3378,7.4478,7.3574,,,,,,,
79023044992358,加速度计,2.6953,6.3752,5.7461,,,,,,,
79023037486681,陀螺仪,,,,,,,,0.0047,0.1196,0.0174
79023055016212,加速度计,-1.4287,6.0460,8.8633,,,,,,,
79023057534806,陀螺仪,,,,,,,,0.0293,0.1202,0.0055
79023065041004,加速度计,-1.5532,8.4042,11.0295,,,,,,,
79023075066629,加速度计,2.1931,7.3388,8.2157,,,,,,,
79023077586265,陀螺仪,,,,,,,,0.1543,0.0824,0.0872
79023085092775,加速度计,3.5883,6.9312,-3.6799,,,,,,,
79023095119025,加速度计,3.0688,5.7042,-7.5399,,,,,,,
79023097638140,陀螺仪,,,,,,,,-0.1626,0.1237,-0.0670
79023105144337,加速度计,-3.1220,3.6619,14.5735,,,,,,,
79023115185587,加速度计,-0.4693,7.4460,22.5300,,,,,,,
79023117690223,陀螺仪,,,,,,,,0.0634,0.0510,-0.0276
79023125187150,加速度计,2.4576,13.7457,8.4629,,,,,,,
79023135175796,加速度计,2.4337,6.9306,0.9559,,,,,,,
79023137668712,陀螺仪,,,,,,,,0.0933,0.0909,-0.0723
79023145166369,加速度计,0.9272,2.8258,0.4441,,,,,,,
79023155160119,加速度计,0.1640,4.0450,5.4713,,,,,,,
79023157658400,陀螺仪,,,,,,,,-0.0350,0.1043,-0.0534
79023165157931,加速度计,0.7195,9.9928,8.3216,,,,,,,
79023175160275,加速度计,2.0584,9.2530,13.8014,,,,,,,
79023177665640,陀螺仪,,,,,,,,-0.0108,0.0446,-0.1000
79023185167567,加速度计,0.4645,5.7317,11.6041,,,,,,,
79023195180223,加速度计,1.0672,5.5899,3.9630,,,,,,,
79023205198296,加速度计,2.5462,6.9204,2.1799,,,,,,,
79023197693660,陀螺仪,,,,,,,,0.1332,0.0465,-0.1140
79023215221421,加速度计,-0.0784,7.2766,6.4667,,,,,,,
79023217742150,陀螺仪,,,,,,,,0.0238,0.0467,-0.1368
79023225249181,加速度计,-0.5106,9.2165,8.4114,,,,,,,
79023235281160,加速度计,1.1779,7.0707,11.3048,,,,,,,
79023237807671,陀螺仪,,,,,,,,0.1013,-0.0108,-0.1723
79023245316577,加速度计,1.3192,8.6520,3.6021,,,,,,,
79023255354598,加速度计,0.5878,6.7139,2.7827,,,,,,,
79023257884442,陀螺仪,,,,,,,,0.0364,0.0031,-0.1579
79023265394390,加速度计,0.3944,5.8000,5.6611,,,,,,,
79023275435119,加速度计,-0.4076,9.0758,7.7614,,,,,,,
79023277965796,陀螺仪,,,,,,,,0.0439,-0.0081,-0.1277
79023285475952,加速度计,1.2929,8.9890,5.0470,,,,,,,
79023295500379,加速度计,1.8962,7.7339,5.8329,,,,,,,
79023298014910,陀螺仪,,,,,,,,-0.0154,0.0177,-0.0875
79023305519546,加速度计,-0.2430,6.5996,6.4254,,,,,,,
79023315538296,加速度计,1.5532,7.6710,8.8508,,,,,,,
79023318052410,陀螺仪,,,,,,,,0.0154,0.0543,-0.0402
79023325557046,加速度计,0.0569,7.7147,8.5850,,,,,,,
79023335575431,加速度计,0.3849,8.5443,5.3522,,,,,,,
79023338089233,陀螺仪,,,,,,,,0.0510,0.0763,0.0079
79023345593765,加速度计,-0.4034,5.6258,7.1473,,,,,,,
79023355612098,加速度计,-0.2753,7.4950,7.4202,,,,,,,
79023358128765,陀螺仪,,,,,,,,0.0886,0.0790,0.0595
79023365640327,加速度计,0.3915,8.5383,4.3287,,,,,,,
79023375650327,加速度计,0.7697,8.3594,4.2138,,,,,,,
79023385660327,加速度计,0.1047,5.7658,8.3312,,,,,,,
79023378157879,陀螺仪,,,,,,,,0.0205,0.0776,0.0595
79023395670744,加速度计,-0.4064,7.5633,7.4346,,,,,,,
79023398179233,陀螺仪,,,,,,,,0.0736,0.0732,0.0704
79023405681994,加速度计,0.4124,7.7087,3.8020,,,,,,,
79023415694494,加速度计,0.5022,7.4927,3.0448,,,,,,,
79023425708244,加速度计,-0.1161,5.8586,8.6095,,,,,,,
79023418204858,陀螺仪,,,,,,,,-0.0008,0.0815,0.0707
79023435723244,加速度计,-0.4705,8.0517,8.3965,,,,,,,
79023445739910,加速度计,0.3023,8.2331,6.4673,,,,,,,
79023438235796,陀螺仪,,,,,,,,0.0317,0.0750,0.0652
79023455758244,加速度计,-0.0760,8.2528,3.8014,,,,,,,
79023465778244,加速度计,1.4922,6.1896,5.1954,,,,,,,
79023458273296,陀螺仪,,,,,,,,0.0153,0.0716,0.0743
79023475799494,加速度计,0.0443,6.7798,8.3408,,,,,,,
79023485821994,加速度计,-0.6554,9.0429,6.1387,,,,,,,
79023478316421,陀螺仪,,,,,,,,-0.0210,0.0723,0.0186
79023495845327,加速度计,-0.7703,6.8193,7.7195,,,,,,,
79023505869494,加速度计,0.7751,6.5930,5.4061,,,,,,,
79023498363504,陀螺仪,,,,,,,,-0.0123,0.0445,0.0417
79023515894077,加速度计,0.1861,8.3175,6.2483,,,,,,,
79023525919077,加速度计,0.6428,7.8141,11.1103,,,,,,,
79023518412879,陀螺仪,,,,,,,,-0.0353,0.0304,0.0173
79023535944077,加速度计,0.4513,8.3438,9.8007,,,,,,,
79023545967410,加速度计,1.1528,8.5970,6.3291,,,,,,,
79023538461629,陀螺仪,,,,,,,,0.0735,0.0341,0.0129
79023555986160,加速度计,0.4429,7.4244,5.4199,,,,,,,
79023566004910,加速度计,-0.5088,6.7708,5.4660,,,,,,,
79023558500275,陀螺仪,,,,,,,,0.0678,0.0718,0.0470
79023576023660,加速度计,1.9752,7.7387,1.1474,,,,,,,
79023586042410,加速度计,2.0530,6.9486,-1.8824,,,,,,,
79023578537775,陀螺仪,,,,,,,,0.0450,0.0643,0.0909
79023596060744,加速度计,1.1049,7.5974,4.7154,,,,,,,
79023606079077,加速度计,-0.9146,6.2315,16.1196,,,,,,,
79023598574546,陀螺仪,,,,,,,,-0.1971,0.0916,0.0104
79023616102827,加速度计,-0.1490,9.3458,14.3401,,,,,,,
79023626116994,加速度计,1.2151,9.4008,4.1677,,,,,,,
79023618613504,陀螺仪,,,,,,,,0.0282,0.0921,0.0507
79023636131160,加速度计,-1.0642,4.3365,1.7113,,,,,,,
79023646145327,加速度计,0.0826,2.5438,3.7852,,,,,,,
79023638641837,陀螺仪,,,,,,,,-0.0083,0.1282,0.1007
79023656159910,加速度计,-0.4573,7.1886,4.7675,,,,,,,
79023666174910,加速度计,0.0928,9.6181,11.5173,,,,,,,
79023658671212,陀螺仪,,,,,,,,-0.0760,0.1081,0.0850
79023676190327,加速度计,-0.7847,8.0427,13.7601,,,,,,,
79023678702567,陀螺仪,,,,,,,,0.0109,0.0659,0.0451
79023686206577,加速度计,-0.3124,6.7433,7.3490,,,,,,,
79023696223660,加速度计,0.8649,4.9165,3.5386,,,,,,,
79023706241577,加速度计,-0.0844,5.7784,5.0991,,,,,,,
79023698737150,陀螺仪,,,,,,,,0.0312,0.0630,0.0483
79023716260327,加速度计,-0.2167,6.9216,6.7786,,,,,,,
79023726279910,加速度计,0.7775,8.0756,7.5136,,,,,,,
79023718775067,陀螺仪,,,,,,,,0.0101,0.0643,0.0262
79023736300327,加速度计,0.3220,7.9200,9.7606,,,,,,,
79023746321160,加速度计,0.6841,6.5146,8.1193,,,,,,,
79023738816004,陀螺仪,,,,,,,,0.0173,0.0398,0.0056
79023756342410,加速度计,1.6735,5.6030,4.5693,,,,,,,
79023758858712,陀螺仪,,,,,,,,0.0911,0.0298,-0.0228
79023766364077,加速度计,1.1492,8.2301,2.6731,,,,,,,
79023776386160,加速度计,0.6117,6.5386,6.0801,,,,,,,
79023786408244,加速度计,2.0889,7.9739,7.5304,,,,,,,
79023778902775,陀螺仪,,,,,,,,0.0064,0.0244,-0.0521
79023796430327,加速度计,1.5018,10.7595,5.2116,,,,,,,
79023806452410,加速度计,1.9184,8.5341,7.6489,,,,,,,
79023798946942,陀螺仪,,,,,,,,-0.0005,-0.0084,-0.1329
79023816471577,加速度计,1.9160,6.0136,6.3369,,,,,,,
79023826490327,加速度计,0.2304,7.5531,7.4831,,,,,,,
79023818985692,陀螺仪,,,,,,,,-0.0100,-0.0292,-0.2005
79023836508660,加速度计,1.6735,8.3228,9.7396,,,,,,,
79023846526994,加速度计,1.8280,8.5024,11.0852,,,,,,,
79023839022462,陀螺仪,,,,,,,,0.0238,-0.0557,-0.2013
79023856545327,加速度计,1.2444,9.3170,4.3958,,,,,,,
79023859067567,陀螺仪,,,,,,,,0.1184,-0.0666,-0.2514
79023866589129,加速度计,1.8950,5.6569,0.8960,,,,,,,
79023876583712,加速度计,1.0056,5.9981,3.7397,,,,,,,
79023879080327,陀螺仪,,,,,,,,-0.0067,-0.0671,-0.2670
79023886579129,加速度计,0.6512,6.0741,6.9390,,,,,,,
79023896576212,加速度计,2.3337,8.2414,5.3079,,,,,,,
79023906575796,加速度计,1.3007,8.0445,4.0666,,,,,,,
79023899075952,陀螺仪,,,,,,,,0.0130,-0.0762,-0.2566
79023916578296,加速度计,0.7877,5.3941,6.5942,,,,,,,
79023919083660,陀螺仪,,,,,,,,-0.0603,-0.0518,-0.2208
79023926589494,加速度计,0.1443,6.0861,9.3224,,,,,,,
79023941909489,GPS,,,,31.9412,118.7895,3.5900,341.0000,,,
79023936667515,加速度计,0.7410,8.4228,9.2757,,,,,,,
79023946710952,加速度计,2.0363,8.7867,5.1565,,,,,,,
79023939203192,陀螺仪,,,,,,,,0.0274,-0.0278,-0.1509
79023956732827,加速度计,-0.3196,7.2604,8.0475,,,,,,,
79023966751577,加速度计,-1.4772,6.2920,11.3084,,,,,,,
79023959246942,陀螺仪,,,,,,,,-0.0101,0.0112,-0.1330
79023976770327,加速度计,1.8214,7.1269,6.3488,,,,,,,
79023979284233,陀螺仪,,,,,,,,0.0920,-0.0040,-0.0209
79023986788765,加速度计,2.4846,8.1870,5.8299,,,,,,,
79023996807098,加速度计,0.2699,6.6379,2.4900,,,,,,,
79023999320900,陀螺仪,,,,,,,,0.0233,0.0410,-0.0742
79024006825431,加速度计,0.8152,4.7962,7.1635,,,,,,,
79024016843765,加速度计,0.5734,9.9527,5.4546,,,,,,,
79024026862098,加速度计,0.1873,6.7373,9.4930,,,,,,,
79024019357567,陀螺仪,,,,,,,,0.0214,0.0395,-0.0630
79024036880431,加速度计,2.2128,7.4310,6.8384,,,,,,,
79024046898765,加速度计,-0.0748,8.0511,6.9109,,,,,,,
79024039394233,陀螺仪,,,,,,,,0.0563,0.0465,-0.0515
79024056917098,加速度计,-0.9056,7.7273,10.0802,,,,,,,
79024059430900,陀螺仪,,,,,,,,0.1075,0.0380,-0.0130
79024066935431,加速度计,1.8962,8.7323,1.7597,,,,,,,
79024076953765,加速度计,3.3519,8.2893,-2.8581,,,,,,,
79024079467567,陀螺仪,,,,,,,,-0.0776,0.0253,-0.0774
79024086972098,加速度计,0.2364,2.8485,7.2592,,,,,,,
79024096990431,加速度计,-2.3499,7.2311,16.5972,,,,,,,
79024099504233,陀螺仪,,,,,,,,0.0000,-0.0197,-0.1546
79024107008765,加速度计,0.3867,11.9255,13.0149,,,,,,,
79024117036629,加速度计,2.6037,11.4323,3.4997,,,,,,,
79024119546369,陀螺仪,,,,,,,,0.0826,-0.0221,-0.1679
79024127049546,加速度计,1.4778,3.6835,1.9728,,,,,,,
79024137062515,加速度计,-2.6474,2.9712,5.5468,,,,,,,
79024139572567,陀螺仪,,,,,,,,-0.0007,-0.0727,-0.2474
79024147075900,加速度计,0.1101,7.0641,7.8045,,,,,,,
79024157089754,加速度计,2.6073,8.9537,7.7141,,,,,,,
79024159600744,陀螺仪,,,,,,,,-0.0036,-0.1439,-0.2799
79024167104442,加速度计,0.7362,6.5362,6.9869,,,,,,,
79024177119962,加速度计,0.0305,3.0197,6.6331,,,,,,,
79024179632202,陀螺仪,,,,,,,,0.0373,-0.1672,-0.3438
79024187136317,加速度计,1.5999,6.5906,2.9078,,,,,,,
79024197153504,加速度计,1.0050,8.3887,9.2901,,,,,,,
79024199666994,陀螺仪,,,,,,,,-0.0101,-0.1738,-0.3277
79024207171525,加速度计,0.0652,8.5862,12.6845,,,,,,,
79024217190379,加速度计,0.7745,5.5480,10.1622,,,,,,,
79024219705119,陀螺仪,,,,,,,,0.1233,-0.1790,-0.2940
79024227210067,加速度计,2.2338,8.6305,3.5524,,,,,,,
79024237230587,加速度计,0.9661,7.7411,6.0148,,,,,,,
79024239746577,陀螺仪,,,,,,,,0.0535,-0.1569,-0.2803
79024247251890,加速度计,0.7703,7.8099,6.6212,,,,,,,
79024257273608,加速度计,0.5106,7.1395,4.4760,,,,,,,
79024259790223,陀螺仪,,,,,,,,0.0353,-0.1634,-0.2871
79024267295744,加速度计,1.1768,5.5336,2.0662,,,,,,,
79024277318244,加速度计,1.1223,4.9440,2.9299,,,,,,,
79024279835171,陀螺仪,,,,,,,,-0.0454,-0.1647,-0.2551
79024287340744,加速度计,-1.1971,8.1367,1.8711,,,,,,,
79024297363244,加速度计,0.8104,8.4521,5.5743,,,,,,,
79024299880171,陀螺仪,,,,,,,,-0.1510,-0.1846,-0.2342
79024307385379,加速度计,-0.1616,7.0814,7.3179,,,,,,,
79024317404858,加速度计,-1.0924,6.6756,10.6458,,,,,,,
79024319918973,陀螺仪,,,,,,,,-0.1043,-0.1658,-0.1679
79024327423556,加速度计,0.4944,7.2395,7.6680,,,,,,,
79024337441890,加速度计,0.2328,8.3199,2.0674,,,,,,,
79024339955692,陀螺仪,,,,,,,,-0.0625,-0.1149,-0.0720
79024347460223,加速度计,0.7811,7.6160,7.3759,,,,,,,
79024357478765,加速度计,-0.9427,9.2584,5.5659,,,,,,,
79024359995171,陀螺仪,,,,,,,,-0.1328,-0.0872,-0.0136
79024367501160,加速度计,-1.5467,6.8606,11.0462,,,,,,,
79024377516160,加速度计,-0.5477,8.2151,9.6456,,,,,,,
79024380027462,陀螺仪,,,,,,,,-0.0704,-0.0762,0.1033
79024387531160,加速度计,0.3897,8.1349,4.0648,,,,,,,
79024397546212,加速度计,-0.3130,5.7341,7.7853,,,,,,,
79024400057827,陀螺仪,,,,,,,,-0.0882,-0.0294,0.1230
79024407561681,加速度计,-1.2725,7.8494,8.1876,,,,,,,
79024417577567,加速度计,-0.8511,8.3947,13.0137,,,,,,,
79024420089806,陀螺仪,,,,,,,,-0.0176,-0.0160,0.2241
79024427593869,加速度计,0.0233,8.7311,7.4555,,,,,,,
79024437610587,加速度计,0.8116,6.2004,3.9540,,,,,,,
79024440123452,陀螺仪,,,,,,,,0.0350,0.0403,0.2603
79024447627775,加速度计,0.6189,6.7924,2.0668,,,,,,,
79024457645796,加速度计,-1.7065,5.6778,9.7492,,,,,,,
79024460159910,陀螺仪,,,,,,,,-0.0136,0.0639,0.2702
79024467664598,加速度计,-0.8290,9.8049,9.4649,,,,,,,
79024477683817,加速度计,1.1402,9.9264,7.0922,,,,,,,
79024480198556,陀螺仪,,,,,,,,0.0658,0.0477,0.3212
79024487703452,加速度计,0.7159,7.3011,2.1793,,,,,,,
79024497723504,加速度计,0.7230,6.0879,3.0951,,,,,,,
79024500238869,陀螺仪,,,,,,,,-0.0403,0.0742,0.2558
79024507743973,加速度计,1.6598,6.8438,0.1975,,,,,,,
79024517764858,加速度计,-1.3539,8.3384,3.9905,,,,,,,
79024520280848,陀螺仪,,,,,,,,-0.1702,0.0744,0.1702
79024527786108,加速度计,-0.1119,8.1564,14.2401,,,,,,,
79024537807358,加速度计,-0.0958,6.7151,10.7015,,,,,,,
79024540323348,陀螺仪,,,,,,,,-0.0425,0.0232,0.1691
79024547828608,加速度计,-0.5004,6.3961,7.9769,,,,,,,
79024557849858,加速度计,0.3980,5.0254,6.8923,,,,,,,
79024560365848,陀螺仪,,,,,,,,0.1061,0.0093,0.1960
79024567870848,加速度计,2.0877,5.4899,-0.9098,,,,,,,
79024577889962,加速度计,2.8677,6.6529,-6.7648,,,,,,,
79024580404077,陀螺仪,,,,,,,,-0.0222,0.0206,0.0543
79024587908712,加速度计,0.8284,5.1775,3.6182,,,,,,,
79024597927410,加速度计,-3.3513,7.1090,25.9944,,,,,,,
79024600441212,陀螺仪,,,,,,,,0.0028,-0.0602,-0.0080
79024607946577,加速度计,0.0533,15.1337,6.5835,,,,,,,
79024617986890,加速度计,2.0530,11.2049,1.0427,,,,,,,
79024620481942,陀螺仪,,,,,,,,0.0217,-0.0879,0.0000
79024627980327,加速度计,0.9152,0.8787,8.2564,,,,,,,
79024637974702,加速度计,-2.1536,4.0977,7.1976,,,,,,,
79024640471629,陀螺仪,,,,,,,,0.1253,-0.0716,-0.0228
79024647970848,加速度计,1.2282,12.2368,7.9493,,,,,,,
79024657969598,加速度计,-0.0395,10.7775,6.9300,,,,,,,
79024660470900,陀螺仪,,,,,,,,0.0442,-0.0731,0.0108
79024667971733,加速度计,-0.6369,4.7196,7.4454,,,,,,,
79024677977671,加速度计,-0.9798,5.4905,3.5045,,,,,,,
79024680484910,陀螺仪,,,,,,,,0.0474,-0.1087,0.0294
79024687987827,加速度计,1.3671,8.7293,2.7090,,,,,,,
79024698002567,加速度计,1.2372,6.3369,7.0162,,,,,,,
79024700516681,陀螺仪,,,,,,,,-0.1276,-0.0883,-0.0045
79024708021837,加速度计,-0.6009,7.9440,11.6514,,,,,,,
79024718045223,加速度计,-1.4222,5.6689,8.7508,,,,,,,
79024720565275,陀螺仪,,,,,,,,-0.0702,-0.0700,0.0204
79024728072306,加速度计,0.4980,6.4452,10.5668,,,,,,,
79024738102671,加速度计,1.3420,8.9292,6.3093,,,,,,,
79024740627410,陀螺仪,,,,,,,,-0.0356,-0.0305,0.0823
79024748135848,加速度计,-0.2993,6.6349,5.3642,,,,,,,
79024758171004,加速度计,0.2197,6.1920,6.0944,,,,,,,
79024760698244,陀螺仪,,,,,,,,-0.0856,-0.0220,0.0913
79024768207358,加速度计,-0.2472,7.1551,6.0472,,,,,,,
79024778244442,加速度计,0.9014,5.9837,9.3535,,,,,,,
79024780772306,陀螺仪,,,,,,,,-0.0473,-0.0134,0.1566
79024788279546,加速度计,1.2623,7.1994,6.8378,,,,,,,
79024798300483,加速度计,0.7919,7.7045,4.5837,,,,,,,
79024800814598,陀螺仪,,,,,,,,-0.0274,0.0233,0.1634
79024808319181,加速度计,0.4764,7.1198,7.6974,,,,,,,
79024818337515,加速度计,1.1271,7.9775,7.7991,,,,,,,
79024820851317,陀螺仪,,,,,,,,0.0230,0.0382,0.1848
79024828355848,加速度计,0.2819,7.1461,9.3164,,,,,,,
79024838374181,加速度计,0.4148,7.9344,6.1782,,,,,,,
79024840887983,陀螺仪,,,,,,,,0.0752,0.0626,0.2300
79024848392515,加速度计,1.5951,5.7078,11.0061,,,,,,,
79024858411369,加速度计,-0.7691,8.6263,5.2637,,,,,,,
79024860934650,陀螺仪,,,,,,,,0.2356,0.0731,0.2362
79024868442358,加速度计,0.8410,9.4254,4.3993,,,,,,,
79024878448244,加速度计,2.2877,8.7191,0.9188,,,,,,,
79024880952983,陀螺仪,,,,,,,,0.1168,0.0597,0.1855
79024888454598,加速度计,0.1299,7.9739,3.4171,,,,,,,
79024898461837,加速度计,0.9744,6.6116,6.6002,,,,,,,
79024900968140,陀螺仪,,,,,,,,0.0764,0.0276,0.1338
79024908470379,加速度计,2.4247,8.0870,3.4542,,,,,,,
79024918481108,加速度计,1.8818,10.4190,1.8184,,,,,,,
79024921003035,陀螺仪,,,,,,,,-0.0357,0.0505,0.0651
79024928514546,加速度计,1.8519,6.7558,11.1899,,,,,,,
79024943923968,GPS,,,,31.9412,118.7895,2.2600,328.5000,,,
79024938554702,加速度计,0.2286,6.3099,8.6622,,,,,,,
79024941075796,陀螺仪,,,,,,,,0.0630,0.0706,0.0172
79024948580327,加速度计,1.9866,9.1937,3.0394,,,,,,,
79024958598660,加速度计,1.0026,6.2028,1.1720,,,,,,,
79024961112462,陀螺仪,,,,,,,,-0.0535,0.0760,0.0360
79024968616994,加速度计,0.7997,3.8708,5.8682,,,,,,,
79024978635327,加速度计,1.4551,5.8101,4.4496,,,,,,,
79024981149129,陀螺仪,,,,,,,,-0.0427,0.0406,0.0040
79024988653660,加速度计,3.3980,6.8091,1.8010,,,,,,,
79024998671994,加速度计,3.1167,6.2315,1.6993,,,,,,,
79025001185796,陀螺仪,,,,,,,,-0.2320,0.0553,-0.1362
79025008690327,加速度计,-0.6422,4.2886,4.4933,,,,,,,
79025018708660,加速度计,0.0820,6.0549,13.2495,,,,,,,
79025021222462,陀螺仪,,,,,,,,-0.2526,0.0209,-0.1369
79025028726994,加速度计,-0.9697,7.4256,22.3038,,,,,,,
79025038745327,加速度计,-0.0329,12.5732,12.9646,,,,,,,
79025041259129,陀螺仪,,,,,,,,0.0378,-0.0293,-0.0964
79025048763660,加速度计,3.7008,10.1167,7.1156,,,,,,,
79025058781994,加速度计,0.2023,1.9579,3.3094,,,,,,,
79025061295796,陀螺仪,,,,,,,,0.0111,0.0003,-0.1065
79025068800327,加速度计,0.4836,-0.2831,7.5513,,,,,,,
79025078818660,加速度计,2.6935,12.1410,-5.2708,,,,,,,
79025088836994,加速度计,1.4575,13.3465,9.7857,,,,,,,
79025081332462,陀螺仪,,,,,,,,-0.0521,0.0202,-0.0964
79025098855327,加速度计,-2.6384,4.2994,24.4274,,,,,,,
79025101369337,陀螺仪,,,,,,,,-0.0181,-0.0555,-0.1927
79025108874285,加速度计,-0.7913,7.9679,8.3953,,,,,,,
79025118897827,加速度计,1.9555,11.4449,-3.8792,,,,,,,
79025121411317,陀螺仪,,,,,,,,-0.0109,-0.0509,-0.0977
79025128915744,加速度计,2.5349,5.2948,2.1362,,,,,,,
79025138933660,加速度计,-2.9515,4.4107,11.0205,,,,,,,
79025141447150,陀螺仪,,,,,,,,-0.0929,-0.0527,-0.1350
79025148951577,加速度计,-0.4609,10.6781,8.2384,,,,,,,
79025158969494,加速度计,2.0512,8.6748,4.9195,,,,,,,
79025161482983,陀螺仪,,,,,,,,-0.1411,-0.0545,-0.1068
79025168987410,加速度计,-1.5490,5.6593,10.0443,,,,,,,
79025179005327,加速度计,-0.3124,4.6184,5.4702,,,,,,,
79025181518817,陀螺仪,,,,,,,,-0.0210,-0.0278,0.0174
79025189023244,加速度计,1.9393,8.3803,2.4995,,,,,,,
79025199041160,加速度计,0.4968,7.1407,7.5818,,,,,,,
79025201554650,陀螺仪,,,,,,,,-0.1145,0.0031,0.0387
79025209059077,加速度计,0.8284,5.6072,8.4970,,,,,,,
79025219076994,加速度计,-0.2263,7.1018,6.9965,,,,,,,
79025221590483,陀螺仪,,,,,,,,0.0225,0.0457,0.0639
79025229094910,加速度计,0.0132,8.4880,3.5943,,,,,,,
79025239112827,加速度计,1.5071,5.0218,7.6279,,,,,,,
79025241626317,陀螺仪,,,,,,,,-0.0234,0.0747,0.1543
79025249130744,加速度计,0.0994,4.4526,9.5277,,,,,,,
79025259148765,加速度计,-1.2833,5.5444,7.8237,,,,,,,
79025261662567,陀螺仪,,,,,,,,0.0718,0.0901,0.1944
79025269167202,加速度计,0.8110,5.5557,13.5638,,,,,,,
79025279185952,加速度计,1.2336,4.6693,8.6311,,,,,,,
79025281700067,陀螺仪,,,,,,,,0.3457,0.1238,0.2559
79025289204702,加速度计,0.7446,7.0036,1.2743,,,,,,,
79025299223452,加速度计,1.0032,6.6074,5.0176,,,,,,,
79025301737567,陀螺仪,,,,,,,,0.3092,0.1254,0.2607
79025309242202,加速度计,2.1703,15.3929,0.9673,,,,,,,
79025319260952,加速度计,2.0554,13.6865,-7.7488,,,,,,,
79025321775067,陀螺仪,,,,,,,,-0.0983,0.1041,0.0836
79025329279702,加速度计,0.5590,6.3111,15.8167,,,,,,,
79025339298452,加速度计,-3.7206,0.9547,18.4605,,,,,,,
79025341812567,陀螺仪,,,,,,,,0.0120,0.0326,0.0129
79025349317202,加速度计,-0.6967,6.7319,6.2626,,,,,,,
79025359337723,加速度计,0.3579,11.2438,-2.0351,,,,,,,
79025361876733,陀螺仪,,,,,,,,0.0348,0.0344,0.0816
79025369376994,加速度计,1.8100,5.2475,9.7701,,,,,,,
79025379378348,加速度计,1.7382,7.3807,10.7757,,,,,,,
79025381879650,陀螺仪,,,,,,,,0.0602,-0.0153,-0.0574
79025389380327,加速度计,-0.0982,9.7713,2.3206,,,,,,,
79025399383660,加速度计,3.3273,9.6133,-1.3653,,,,,,,
79025401887150,陀螺仪,,,,,,,,-0.0750,-0.0286,-0.1111
79025409388765,加速度计,0.8984,4.9344,12.0973,,,,,,,
79025419396056,加速度计,0.0215,8.7173,12.2140,,,,,,,
79025421902983,陀螺仪,,,,,,,,0.0165,0.0015,-0.0822
79025429405952,加速度计,1.1307,7.0677,3.6254,,,,,,,
79025439418765,加速度计,1.1055,11.1366,0.8853,,,,,,,
79025441930067,陀螺仪,,,,,,,,-0.0843,-0.0129,-0.0909
79025449434494,加速度计,-1.4533,4.1144,14.9105,,,,,,,
79025459453140,加速度计,0.3932,6.1483,6.3949,,,,,,,
79025461968817,陀螺仪,,,,,,,,0.0539,-0.0302,-0.0174
79025469474702,加速度计,2.9856,8.6598,3.5841,,,,,,,
79025479499077,加速度计,0.0287,6.8295,7.7081,,,,,,,
79025482018817,陀螺仪,,,,,,,,-0.0383,0.0325,-0.0294
79025489525848,加速度计,-0.8906,5.3708,11.8519,,,,,,,
79025499554598,加速度计,1.6316,8.6173,5.4253,,,,,,,
79025502077150,陀螺仪,,,,,,,,0.1080,0.0130,0.0040
79025509584910,加速度计,1.3725,8.9968,1.0840,,,,,,,
79025519616265,加速度计,-0.0832,4.0600,-0.7404,,,,,,,
79025522140067,陀螺仪,,,,,,,,-0.0750,0.0242,-0.0242
79025529647931,加速度计,0.4525,7.8081,11.2917,,,,,,,
79025542195067,陀螺仪,,,,,,,,0.0426,-0.0510,-0.0405
79025539677515,加速度计,-0.7410,9.1309,17.9182,,,,,,,
79025549699598,加速度计,0.8619,7.9775,7.8757,,,,,,,
79025559717931,加速度计,1.1528,7.5723,-0.8865,,,,,,,
79025562231733,陀螺仪,,,,,,,,0.1601,-0.0232,-0.0401
79025569736265,加速度计,1.3306,5.5952,-5.2828,,,,,,,
79025579754598,加速度计,2.3481,7.6046,-3.9456,,,,,,,
79025582268400,陀螺仪,,,,,,,,-0.2000,-0.0306,-0.1172
79025589772931,加速度计,-0.8380,6.0166,11.9752,,,,,,,
79025599791265,加速度计,-2.5199,8.0679,22.0727,,,,,,,
79025602305067,陀螺仪,,,,,,,,0.0033,-0.0878,-0.1390
79025609810744,加速度计,-0.4555,10.7266,15.1164,,,,,,,
79025622344285,陀螺仪,,,,,,,,0.0479,-0.0437,-0.0321
79025619840796,加速度计,0.9954,12.1458,-7.7393,,,,,,,
79025629845483,加速度计,2.2877,4.4538,5.0135,,,,,,,
79025639850692,加速度计,-3.4500,0.9230,12.5648,,,,,,,
79025642355119,陀螺仪,,,,,,,,0.0505,-0.0565,0.0012
79025649856837,加速度计,-0.2921,12.3397,6.2082,,,,,,,
79025662370952,陀螺仪,,,,,,,,-0.0150,-0.0571,0.0445
79025659864337,加速度计,1.5083,11.5831,-0.0263,,,,,,,
79025669873608,加速度计,4.5598,5.4109,3.7356,,,,,,,
79025679885067,加速度计,-5.0667,2.7210,7.8536,,,,,,,
79025682395119,陀螺仪,,,,,,,,-0.0723,-0.0266,0.0020
79025689899025,加速度计,-2.7605,9.1560,8.4216,,,,,,,
79025699915483,加速度计,2.1153,8.5671,18.0702,,,,,,,
79025702429285,陀螺仪,,,,,,,,0.0150,-0.0537,0.1549
79025709934442,加速度计,-0.9397,7.9242,5.5653,,,,,,,
79025719955796,加速度计,1.0708,5.5982,-0.1712,,,,,,,
79025722473035,陀螺仪,,,,,,,,-0.0397,0.0298,0.1830
79025729979233,加速度计,-0.2927,4.2180,4.5921,,,,,,,
79025740004650,加速度计,-4.2168,5.9759,14.1001,,,,,,,
79025742524702,陀螺仪,,,,,,,,-0.0133,0.0366,0.2585
79025750031629,加速度计,3.5213,9.3392,8.4785,,,,,,,
79025760059754,加速度计,2.7479,8.3965,1.0014,,,,,,,
79025762581369,陀螺仪,,,,,,,,-0.0224,0.0863,0.2154
79025770088608,加速度计,-1.9291,4.0259,4.7962,,,,,,,
79025780117775,加速度计,2.9090,4.6106,7.1317,,,,,,,
79025782639702,陀螺仪,,,,,,,,-0.0782,0.0984,0.2127
79025790145067,加速度计,-2.3116,7.8560,7.7835,,,,,,,
79025800165900,加速度计,0.8027,10.0730,9.0824,,,,,,,
79025802679702,陀螺仪,,,,,,,,-0.0531,0.0878,0.2606
79025810184233,加速度计,0.8344,7.9086,10.2071,,,,,,,
79025820202567,加速度计,1.5239,5.9592,5.8700,,,,,,,
79025822716369,陀螺仪,,,,,,,,0.0113,0.1001,0.1795
79025830220900,加速度计,0.8847,4.0115,5.4504,,,,,,,
79025840239233,加速度计,-0.3262,7.7824,4.4604,,,,,,,
79025850257983,加速度计,3.0311,10.5698,6.3512,,,,,,,
79025842753035,陀螺仪,,,,,,,,0.0506,0.0980,0.1924
79025860278712,加速度计,-0.5201,7.3490,10.4537,,,,,,,
79025862796160,陀螺仪,,,,,,,,0.0479,0.0586,0.1019
79025870299650,加速度计,2.1051,9.1590,4.5077,,,,,,,
79025880313817,加速度计,2.2392,6.3087,3.4004,,,,,,,
79025882824494,陀螺仪,,,,,,,,0.0161,0.0376,0.0466
79025890327983,加速度计,0.7703,8.0882,1.6652,,,,,,,
79025900342254,加速度计,1.5425,8.6024,9.6013,,,,,,,
79025902853244,陀螺仪,,,,,,,,-0.1124,0.0228,-0.0015
79025910356942,加速度计,0.4902,6.4841,14.4071,,,,,,,
79025920382046,加速度计,1.5263,8.9112,3.5117,,,,,,,
79025939151207,GPS,,,,31.9412,118.7895,2.7000,319.1000,,,
79025922945171,陀螺仪,,,,,,,,0.0772,0.0270,-0.0356
79025930437931,加速度计,1.0720,5.9646,1.2821,,,,,,,
79025940409806,加速度计,0.2687,3.6302,4.4903,,,,,,,
79025942889962,陀螺仪,,,,,,,,-0.0336,0.0288,-0.0000
79025950383973,加速度计,0.4531,6.6996,11.0929,,,,,,,
79025960362098,加速度计,2.5109,10.4770,8.4252,,,,,,,
79025962848869,陀螺仪,,,,,,,,0.0467,0.0045,0.0025
79025970345692,加速度计,3.9145,11.9064,7.1449,,,,,,,
79025980336004,加速度计,-0.0617,5.5336,4.7944,,,,,,,
79025990333973,加速度计,0.4830,4.2090,3.5692,,,,,,,
79025982833296,陀螺仪,,,,,,,,0.0138,0.0401,-0.0967
79026000340015,加速度计,0.4537,6.0675,8.3163,,,,,,,
79026002849546,陀螺仪,,,,,,,,-0.0368,0.0172,-0.0511
79026010354390,加速度计,1.2869,10.8852,7.1281,,,,,,,
79026020376942,加速度计,3.0215,6.8714,9.5666,,,,,,,
79026022898504,陀螺仪,,,,,,,,0.0272,0.0115,-0.1052
79026030407098,加速度计,0.4244,4.7687,7.3646,,,,,,,
79026040444025,加速度计,-0.0874,6.0974,6.9276,,,,,,,
79026042975327,陀螺仪,,,,,,,,0.0655,0.0202,-0.0791
79026050486733,加速度计,0.3567,9.6055,6.8833,,,,,,,
79026060533973,加速度计,0.9762,7.7255,4.7591,,,,,,,
79026063071525,陀螺仪,,,,,,,,0.0852,-0.0293,-0.0280
79026070584494,加速度计,2.4247,6.7684,1.0349,,,,,,,
79026080636890,加速度计,3.7373,6.6469,-5.8502,,,,,,,
79026083176056,陀螺仪,,,,,,,,-0.1582,-0.0176,-0.1944
79026090688087,加速度计,-0.6440,6.0537,11.4586,,,,,,,
79026100725171,加速度计,-2.5259,5.7245,23.8085,,,,,,,
79026103238973,陀螺仪,,,,,,,,0.0083,-0.0458,-0.1137
79026110743504,加速度计,1.2049,12.5732,10.8775,,,,,,,
79026120761837,加速度计,3.6877,7.9607,-2.5612,,,,,,,
79026123275640,陀螺仪,,,,,,,,0.0680,0.0107,-0.0756
79026130780171,加速度计,0.4298,2.8599,0.1664,,,,,,,
79026140798504,加速度计,-4.0666,5.1062,1.8501,,,,,,,
79026143312306,陀螺仪,,,,,,,,-0.1258,-0.0254,-0.0479
79026150816837,加速度计,0.8080,8.6754,17.8260,,,,,,,
79026160835171,加速度计,2.1709,10.4208,10.8122,,,,,,,
79026163350483,陀螺仪,,,,,,,,0.0518,-0.0427,-0.0514
79026170860483,加速度计,1.8082,8.0511,1.2402,,,,,,,
79026180878244,加速度计,-0.9409,2.7575,3.3519,,,,,,,
79026190881473,加速度计,-1.3402,6.2351,7.5765,,,,,,,
79026183380692,陀螺仪,,,,,,,,-0.0538,0.0076,-0.0499
79026200885431,加速度计,0.6776,8.4168,12.2086,,,,,,,
79026210890848,加速度计,0.5800,8.9980,5.8598,,,,,,,
79026203389442,陀螺仪,,,,,,,,-0.0282,-0.0168,0.0423
79026220898244,加速度计,0.1514,4.4359,6.2572,,,,,,,
79026230908035,加速度计,0.2819,4.2964,6.4093,,,,,,,
79026223405483,陀螺仪,,,,,,,,-0.0134,0.0242,0.0431
79026240920327,加速度计,-0.1125,8.1391,6.6786,,,,,,,
79026243431525,陀螺仪,,,,,,,,0.0061,0.0360,0.0983
79026250935431,加速度计,1.5467,10.1424,10.0341,,,,,,,
79026260953452,加速度计,0.7099,5.5085,7.7464,,,,,,,
79026270974077,加速度计,0.6297,6.7469,4.8704,,,,,,,
79026263468817,陀螺仪,,,,,,,,0.0209,0.0573,0.0889
79026280997202,加速度计,0.6800,6.2405,4.2270,,,,,,,
79026291022515,加速度计,1.5670,9.1482,3.0676,,,,,,,
79026283516108,陀螺仪,,,,,,,,-0.0067,0.0599,0.1144
79026301049598,加速度计,0.8015,6.7654,11.9058,,,,,,,
79026311078035,加速度计,-1.1019,7.5375,10.6291,,,,,,,
79026303570900,陀螺仪,,,,,,,,-0.0445,0.0433,0.0409
79026321107410,加速度计,1.8190,6.6577,5.3510,,,,,,,
79026331137306,加速度计,1.8399,9.3984,0.2705,,,,,,,
79026323629858,陀螺仪,,,,,,,,0.0830,0.0128,0.0455
79026341167306,加速度计,0.1263,4.9135,8.7975,,,,,,,
79026351190744,加速度计,-0.9290,9.5391,7.9823,,,,,,,
79026343685483,陀螺仪,,,,,,,,-0.0286,0.0121,-0.0419
79026361210119,加速度计,0.0138,8.7706,7.0443,,,,,,,
79026371228556,加速度计,0.8505,8.2780,5.5097,,,,,,,
79026363724025,陀螺仪,,,,,,,,0.0462,-0.0485,-0.0197
79026381246890,加速度计,2.5630,7.1281,2.5097,,,,,,,
79026391265223,加速度计,0.9212,5.4696,5.4295,,,,,,,
79026383760692,陀螺仪,,,,,,,,-0.0387,-0.0515,-0.0382
79026401283556,加速度计,-0.4932,6.6780,4.1791,,,,,,,
79026403797358,陀螺仪,,,,,,,,-0.0671,-0.0629,-0.0936
79026411301890,加速度计,-0.2059,7.8422,13.9127,,,,,,,
79026421323660,加速度计,0.5435,8.9441,9.2662,,,,,,,
79026423837515,陀螺仪,,,,,,,,0.0900,-0.0579,-0.0127
79026431341004,加速度计,1.8322,8.1110,5.1535,,,,,,,
79026441355171,加速度计,-0.6782,6.7576,-0.4052,,,,,,,
79026443865848,陀螺仪,,,,,,,,-0.0105,-0.0385,-0.0021
79026451369337,加速度计,0.0060,4.8195,10.2202,,,,,,,
79026461383869,加速度计,0.1490,9.0561,10.4297,,,,,,,
79026463895119,陀螺仪,,,,,,,,0.0336,-0.0510,0.0643
79026471398817,加速度计,1.1708,11.3108,5.2068,,,,,,,
79026481414181,加速度计,-0.9349,4.3598,3.2801,,,,,,,
79026483926317,陀螺仪,,,,,,,,0.0113,-0.0059,0.1016
79026491430327,加速度计,1.6101,5.3445,6.9791,,,,,,,
79026501447306,加速度计,0.5273,7.2401,2.9676,,,,,,,
79026503960692,陀螺仪,,,,,,,,0.0238,0.0437,0.1742
79026511465119,加速度计,-1.1079,9.4391,6.8750,,,,,,,
79026521483765,加速度计,0.4387,8.1810,13.2471,,,,,,,
79026523998400,陀螺仪,,,,,,,,-0.0124,0.0780,0.2470
79026531503244,加速度计,-0.6776,6.0077,2.6139,,,,,,,
79026541523556,加速度计,0.7620,8.9699,6.0088,,,,,,,
79026544039181,陀螺仪,,,,,,,,-0.0366,0.1073,0.3097
79026551544337,加速度计,-3.0580,7.9751,14.7154,,,,,,,
79026561565535,加速度计,0.5082,7.3161,8.4432,,,,,,,
79026564081785,陀螺仪,,,,,,,,0.1233,0.1101,0.4257
79026571587150,加速度计,3.7547,7.0036,0.2909,,,,,,,
79026581609181,加速度计,1.7597,8.0272,-7.6776,,,,,,,
79026584125796,陀螺仪,,,,,,,,-0.0888,0.1606,0.2449
79026591631265,加速度计,-1.8788,2.5726,-2.2057,,,,,,,
79026601653348,加速度计,-1.8771,7.0126,25.0392,,,,,,,
79026604169962,陀螺仪,,,,,,,,-0.1069,0.0888,0.2246
79026611675431,加速度计,-0.7129,11.7011,19.1937,,,,,,,
79026621694598,加速度计,4.1162,11.1163,2.1141,,,,,,,
79026624208712,陀螺仪,,,,,,,,0.0937,0.1290,0.2376
79026631713348,加速度计,0.4848,4.1737,-0.6656,,,,,,,
79026641732098,加速度计,-2.1697,3.1633,3.5267,,,,,,,
79026644246212,陀螺仪,,,,,,,,-0.0342,0.1562,0.2553
79026651750848,加速度计,1.5568,8.2474,13.6272,,,,,,,
79026661769233,加速度计,1.8495,13.8307,4.0139,,,,,,,
79026664287202,陀螺仪,,,,,,,,0.0088,0.1097,0.1964
79026671804650,加速度计,1.7549,6.8097,7.8344,,,,,,,
79026681809858,加速度计,-1.3982,2.9742,6.7540,,,,,,,
79026684304494,陀螺仪,,,,,,,,0.0611,0.0838,0.1184
79026691802671,加速度计,-0.3537,7.0629,1.3018,,,,,,,
79026701797046,加速度计,2.3649,10.5399,4.6585,,,,,,,
79026704294858,陀螺仪,,,,,,,,-0.0322,0.0294,0.0710
79026711794181,加速度计,-0.5561,7.2640,10.2765,,,,,,,
79026721794598,加速度计,-0.0413,5.8766,9.2296,,,,,,,
79026724297879,陀螺仪,,,,,,,,0.0228,-0.0226,-0.0198
79026731799077,加速度计,0.6033,9.7588,6.7971,,,,,,,
79026741808087,加速度计,1.0732,5.6575,5.4265,,,,,,,
79026744318192,陀螺仪,,,,,,,,-0.0208,-0.0382,-0.0502
79026751821681,加速度计,0.4770,6.3392,8.6796,,,,,,,
79026761839858,加速度计,-0.8080,5.7581,8.1756,,,,,,,
79026764356837,陀螺仪,,,,,,,,0.0429,-0.0782,-0.0622
79026771862619,加速度计,2.1410,5.7425,5.3391,,,,,,,
79026781889598,加速度计,0.4902,8.4084,4.4299,,,,,,,
79026791920015,加速度计,2.8222,7.5998,7.0809,,,,,,,
79026784412358,陀螺仪,,,,,,,,-0.0205,-0.0815,-0.0799
79026801953400,加速度计,-0.3675,4.1480,8.5437,,,,,,,
79026804480067,陀螺仪,,,,,,,,-0.0068,-0.0607,-0.0897
79026811988973,加速度计,-0.9427,8.1163,9.0746,,,,,,,
79026822025900,加速度计,2.1883,7.4747,2.6139,,,,,,,
79026824554285,陀螺仪,,,,,,,,-0.0200,-0.0474,0.0401
79026832063712,加速度计,1.6628,6.6577,9.0016,,,,,,,
79026842101629,加速度计,0.8164,5.9095,12.2900,,,,,,,
79026844618660,陀螺仪,,,,,,,,0.0486,-0.0033,0.0615
79026852123504,加速度计,1.1133,7.3676,1.5694,,,,,,,
79026862141994,加速度计,-0.8709,8.7340,-0.5968,,,,,,,
79026864655796,陀螺仪,,,,,,,,-0.0361,0.0458,0.1378
79026872160327,加速度计,0.7177,8.1271,15.9029,,,,,,,
79026882178660,加速度计,-0.2831,7.1838,11.8465,,,,,,,
79026884692462,陀螺仪,,,,,,,,0.1158,0.0465,0.1985
79026892196994,加速度计,1.7962,9.4427,-3.4279,,,,,,,
79026902215327,加速度计,0.4717,6.3901,-0.5483,,,,,,,
79026904729129,陀螺仪,,,,,,,,-0.1056,0.0893,0.2112
79026912233660,加速度计,-0.4100,4.4317,13.2052,,,,,,,
79026922262306,加速度计,-0.3747,8.0206,11.3898,,,,,,,
79026941291780,GPS,,,,31.9412,118.7895,2.9500,324.4000,,,
79026932282098,加速度计,0.8655,14.0911,3.4602,,,,,,,
79026924783712,陀螺仪,,,,,,,,0.0854,0.1081,0.2506
79026942276369,加速度计,1.5892,5.6234,3.7068,,,,,,,
79026952271994,加速度计,-0.9960,2.1278,10.4016,,,,,,,
79026944772983,陀螺仪,,,,,,,,-0.0892,0.1562,0.2690
79026962269806,加速度计,-1.3886,8.0020,8.3653,,,,,,,
79026972270640,加速度计,1.7532,9.7534,4.0312,,,,,,,
79026964770171,陀螺仪,,,,,,,,0.0907,0.1382,0.3108
79026982275067,加速度计,2.3697,9.0633,1.2342,,,,,,,
79026992283504,加速度计,0.9559,4.6370,3.0760,,,,,,,
79026984781056,陀螺仪,,,,,,,,-0.0333,0.1562,0.2912
79027002296108,加速度计,-0.1832,5.4360,11.9716,,,,,,,
79027012312879,加速度计,-0.3651,11.0624,12.6569,,,,,,,
79027004808348,陀螺仪,,,,,,,,-0.0450,0.1423,0.2103
79027022333817,加速度计,1.6023,7.6884,9.8755,,,,,,,
79027032358660,加速度计,1.2109,7.0844,0.7667,,,,,,,
79027024852150,陀螺仪,,,,,,,,0.0920,0.1538,0.2653
79027042386994,加速度计,0.5650,5.8215,0.4369,,,,,,,
79027044910327,陀螺仪,,,,,,,,-0.0337,0.1650,0.2324
79027052418400,加速度计,0.1167,6.6894,13.4907,,,,,,,
79027062452202,加速度计,-0.1544,9.1985,12.6779,,,,,,,
79027072487567,加速度计,4.0264,11.1079,-1.1109,,,,,,,
79027064978660,陀螺仪,,,,,,,,0.1258,0.1161,0.2555
79027082523921,加速度计,3.5620,4.9542,-3.3686,,,,,,,
79027092560587,加速度计,-1.0445,2.0524,5.0637,,,,,,,
79027085051473,陀螺仪,,,,,,,,-0.1128,0.1708,0.1064
79027102588140,加速度计,-2.1398,6.8337,16.9911,,,,,,,
79027112608140,加速度计,0.4310,11.6999,14.1001,,,,,,,
79027105103504,陀螺仪,,,,,,,,-0.0321,0.1290,0.1380
79027122626629,加速度计,4.3179,11.5808,-1.1851,,,,,,,
79027132644962,加速度计,2.5391,4.2988,7.5651,,,,,,,
79027125140431,陀螺仪,,,,,,,,0.0216,0.1529,0.1684
79027142663296,加速度计,-1.1929,2.5618,8.4144,,,,,,,
79027145177098,陀螺仪,,,,,,,,0.0252,0.1542,0.1457
79027152681629,加速度计,0.0964,9.0986,7.4520,,,,,,,
79027162699962,加速度计,3.1981,10.3962,3.4375,,,,,,,
79027165215483,陀螺仪,,,,,,,,0.0241,0.1360,0.1089
79027172724962,加速度计,0.9918,4.7094,4.0785,,,,,,,
79027182738712,加速度计,-1.9740,3.1741,10.1394,,,,,,,
79027192752462,加速度计,1.8920,9.1548,5.3361,,,,,,,
79027185249077,陀螺仪,,,,,,,,-0.0037,0.1161,0.0676
79027202766212,加速度计,1.2599,9.7151,10.1257,,,,,,,
79027212780379,加速度计,0.1586,8.6018,10.9475,,,,,,,
79027205276890,陀螺仪,,,,,,,,-0.0009,0.0975,0.0397
79027222794962,加速度计,0.5171,4.0857,7.2012,,,,,,,
79027232810379,加速度计,1.4353,4.6483,3.4955,,,,,,,
79027225306577,陀螺仪,,,,,,,,0.0731,0.0932,0.0333
79027242826629,加速度计,1.1085,6.4775,-4.1863,,,,,,,
79027252843712,加速度计,0.9547,7.1587,10.2819,,,,,,,
79027245339494,陀螺仪,,,,,,,,-0.0288,0.1181,0.0330
79027262861629,加速度计,-1.5945,7.8099,18.1953,,,,,,,
79027272880379,加速度计,1.4036,6.5206,12.6139,,,,,,,
79027265375744,陀螺仪,,,,,,,,0.0265,0.0447,0.0302
79027282899962,加速度计,3.8654,10.1795,-2.4295,,,,,,,
79027285415327,陀螺仪,,,,,,,,0.0870,0.0968,-0.0043
79027292920379,加速度计,0.6482,2.9904,3.6069,,,,,,,
79027302941629,加速度计,-0.8493,5.0362,5.6012,,,,,,,
79027312963296,加速度计,-0.7877,8.1523,10.1281,,,,,,,
79027305457931,陀螺仪,,,,,,,,0.0032,0.0895,0.0100
79027322985379,加速度计,2.3619,10.3028,7.8548,,,,,,,
79027333007879,加速度计,2.4966,5.8215,10.5279,,,,,,,
79027325502306,陀螺仪,,,,,,,,0.0184,0.0324,0.0028
79027343030379,加速度计,0.6440,6.6307,3.3255,,,,,,,
79027353052879,加速度计,0.3717,5.0691,6.6756,,,,,,,
79027345547306,陀螺仪,,,,,,,,0.0736,0.0784,-0.0565
79027363074129,加速度计,0.3561,5.7838,8.4629,,,,,,,
79027373092462,加速度计,0.6877,10.8314,2.6031,,,,,,,
79027365587931,陀螺仪,,,,,,,,0.0783,0.1166,0.0511
79027383110796,加速度计,0.2161,7.2389,12.0434,,,,,,,
79027393129129,加速度计,1.9022,7.1222,5.6569,,,,,,,
79027385624598,陀螺仪,,,,,,,,0.0304,0.0977,0.0815
79027403147462,加速度计,1.2354,7.4496,3.9762,,,,,,,
79027413165796,加速度计,2.5696,7.5070,5.0464,,,,,,,
79027405661265,陀螺仪,,,,,,,,0.0312,0.0627,0.0458
79027423185796,加速度计,0.3089,6.5697,10.1993,,,,,,,
79027433204546,加速度计,-0.6536,10.5614,0.6698,,,,,,,
79027425699910,陀螺仪,,,,,,,,0.0750,0.0778,-0.0462
79027443222879,加速度计,0.8535,10.2268,1.3473,,,,,,,
79027453241212,加速度计,1.8238,6.1399,13.6182,,,,,,,
79027445736681,陀螺仪,,,,,,,,-0.0968,0.0301,-0.0152
79027463259546,加速度计,-0.1191,7.3035,13.2591,,,,,,,
79027473277879,加速度计,1.2210,9.8246,-1.9160,,,,,,,
79027465773348,陀螺仪,,,,,,,,0.1120,0.0100,-0.0419
79027483296212,加速度计,2.6761,5.9610,-1.0744,,,,,,,
79027493314546,加速度计,-1.1929,6.5990,4.8111,,,,,,,
79027485810015,陀螺仪,,,,,,,,-0.0164,0.0431,-0.0176
79027503332879,加速度计,1.0529,8.2750,11.6155,,,,,,,
79027513351212,加速度计,1.3910,13.6236,4.2347,,,,,,,
79027505846681,陀螺仪,,,,,,,,-0.0415,0.0198,0.0337
79027523369546,加速度计,0.2113,5.3630,12.3661,,,,,,,
79027533387879,加速度计,1.6496,5.2086,3.8409,,,,,,,
79027525883348,陀螺仪,,,,,,,,-0.0162,0.0507,0.0397
79027543406212,加速度计,-0.2604,8.4521,0.3980,,,,,,,
79027553424546,加速度计,-0.7045,6.6894,10.6745,,,,,,,
79027545920015,陀螺仪,,,,,,,,-0.0061,0.1007,0.0900
79027563442879,加速度计,-0.6015,8.8765,12.9215,,,,,,,
79027573461212,加速度计,0.9780,8.8579,6.9875,,,,,,,
79027565956681,陀螺仪,,,,,,,,0.0406,0.0859,0.2344
79027583479546,加速度计,3.5075,7.1365,-2.2727,,,,,,,
79027593497879,加速度计,3.1053,5.5821,-7.1736,,,,,,,
79027585993348,陀螺仪,,,,,,,,0.0811,0.1201,0.1935
79027603516212,加速度计,-0.1221,3.2064,12.8323,,,,,,,
79027613534546,加速度计,-1.7939,9.6552,18.2941,,,,,,,
79027606030015,陀螺仪,,,,,,,,-0.1937,0.1824,0.1120
79027623552879,加速度计,-0.0060,11.8028,10.4088,,,,,,,
79027626066681,陀螺仪,,,,,,,,0.0908,0.1503,0.2041
79027633571212,加速度计,2.2948,8.1954,0.6393,,,,,,,
79027643589546,加速度计,-0.6698,3.0059,8.1834,,,,,,,
79027646103348,陀螺仪,,,,,,,,0.0008,0.2013,0.1683
79027653607879,加速度计,-0.6494,3.9630,7.4346,,,,,,,
79027663626212,加速度计,1.5945,10.9295,1.5401,,,,,,,
79027666146629,陀螺仪,,,,,,,,0.0357,0.1871,0.2178
79027673662202,加速度计,-0.2981,8.7131,6.2231,,,,,,,
79027683670119,加速度计,-1.2917,6.0436,11.5712,,,,,,,
79027686176421,陀螺仪,,,,,,,,0.0057,0.1742,0.1890
79027693678452,加速度计,1.0463,6.7798,8.6844,,,,,,,
79027703687619,加速度计,2.1674,9.3152,2.0925,,,,,,,
79027713697619,加速度计,-0.3531,4.3934,4.9686,,,,,,,
79027706195171,陀螺仪,,,,,,,,-0.0061,0.1784,0.1570
79027723708869,加速度计,-1.0828,7.0892,7.6674,,,,,,,
79027733721785,加速度计,-0.6847,6.3524,12.8658,,,,,,,
79027726218608,陀螺仪,,,,,,,,-0.0274,0.1760,0.1284
79027743736369,加速度计,-0.5315,7.4310,6.6313,,,,,,,
79027753752619,加速度计,1.3114,8.7921,6.2519,,,,,,,
79027746248608,陀螺仪,,,,,,,,0.0838,0.1286,0.1210
79027763770535,加速度计,0.7733,6.0645,11.0474,,,,,,,
79027773790119,加速度计,1.2222,8.1989,-0.8302,,,,,,,
79027766285275,陀螺仪,,,,,,,,0.0991,0.1067,0.0518
79027783811369,加速度计,-0.3543,6.9438,4.1312,,,,,,,
79027793834285,加速度计,-0.8535,6.0352,11.3808,,,,,,,
79027786328608,陀螺仪,,,,,,,,-0.0403,0.0758,-0.0306
79027803858452,加速度计,-0.6333,7.4927,12.0770,,,,,,,
79027806377254,陀螺仪,,,,,,,,0.0931,0.0092,-0.0152
79027813883452,加速度计,0.8308,8.1971,3.3668,,,,,,,
79027823909285,加速度计,3.4405,7.6441,-3.8140,,,,,,,
79027833935535,加速度计,-2.7743,4.2958,8.5862,,,,,,,
79027826429025,陀螺仪,,,,,,,,-0.0752,0.0145,-0.0981
79027843961785,加速度计,-0.8092,5.7060,18.4844,,,,,,,
79027846480900,陀螺仪,,,,,,,,0.0166,-0.0570,-0.0107
79027853987202,加速度计,2.2069,10.2586,13.9732,,,,,,,
79027864005535,加速度计,2.0961,8.8196,-0.1915,,,,,,,
79027874023869,加速度计,2.1769,2.6635,-3.9887,,,,,,,
79027884042202,加速度计,-0.3208,4.4963,8.8107,,,,,,,
79027866519337,陀螺仪,,,,,,,,0.1080,0.0043,-0.0115
79027894060535,加速度计,0.0545,10.3082,12.0620,,,,,,,
79027886556004,陀螺仪,,,,,,,,-0.0618,0.0463,0.0154
79027904078869,加速度计,0.6381,10.6554,9.4439,,,,,,,
79027906592671,陀螺仪,,,,,,,,0.0228,0.0551,0.1000
79027914097202,加速度计,2.2344,6.2985,5.3905,,,,,,,
79027924124650,加速度计,0.6614,5.5222,1.5455,,,,,,,
79027926645900,陀螺仪,,,,,,,,0.0088,0.1084,0.1047
79027934144806,加速度计,-0.4232,6.0807,9.1123,,,,,,,
79027951127092,GPS,,,,31.9413,118.7895,2.6300,339.6000,,,
79027944141160,加速度计,1.1821,9.1441,8.5641,,,,,,,
79027954138869,加速度计,1.5939,7.9458,3.5392,,,,,,,
79027946639337,陀螺仪,,,,,,,,0.0293,0.1170,0.1788
79027964138765,加速度计,1.5137,7.0425,1.3096,,,,,,,
79027974141421,加速度计,-1.4898,3.6410,9.9551,,,,,,,
79027966640535,陀螺仪,,,,,,,,-0.0136,0.1461,0.1100
79027984147254,加速度计,1.9010,10.2041,10.7685,,,,,,,
79027994156681,加速度计,1.6448,9.7480,10.3292,,,,,,,
79027986654025,陀螺仪,,,,,,,,0.0009,0.1222,0.1826
79028004169858,加速度计,0.8918,6.2405,2.3948,,,,,,,
79028006682254,陀螺仪,,,,,,,,0.0913,0.1399,0.1141
79028014186785,加速度计,-0.5950,4.2180,3.7703,,,,,,,
79028024207462,加速度计,0.7907,7.1838,7.4933,,,,,,,
79028034231629,加速度计,3.9528,11.7896,3.1915,,,,,,,
79028026725327,陀螺仪,,,,,,,,0.0449,0.1024,0.1197
79028044258869,加速度计,0.8003,8.5677,8.4934,,,,,,,
79028054288765,加速度计,-1.3587,5.6892,11.0594,,,,,,,
79028046781108,陀螺仪,,,,,,,,-0.0482,0.1132,-0.0168
79028064320900,加速度计,-2.2164,5.9681,13.7080,,,,,,,
79028074354598,加速度计,5.3738,11.5688,11.7076,,,,,,,
79028066846108,陀螺仪,,,,,,,,0.1069,0.0253,0.1137
79028084389285,加速度计,2.8389,7.0797,-0.3484,,,,,,,
79028094424285,加速度计,4.5813,3.1035,-8.4797,,,,,,,
79028086915587,陀螺仪,,,,,,,,0.2237,0.0430,0.0274
79028104451473,加速度计,-0.7709,4.1444,9.1506,,,,,,,
79028114471629,加速度计,-3.2196,10.6285,8.5186,,,,,,,
79028106966994,陀螺仪,,,,,,,,-0.1870,0.0903,-0.1634
79028124490119,加速度计,1.7352,11.8256,6.3536,,,,,,,
79028134508452,加速度计,3.5859,8.5461,3.8768,,,,,,,
79028127003921,陀螺仪,,,,,,,,0.0220,-0.0068,-0.0997
79028144526785,加速度计,0.7997,0.9738,6.9139,,,,,,,
79028147040587,陀螺仪,,,,,,,,-0.0791,0.0123,-0.1349
79028154545119,加速度计,-2.2170,4.1575,4.9632,,,,,,,
79028164563452,加速度计,1.9644,11.2671,3.6296,,,,,,,
79028167078400,陀螺仪,,,,,,,,-0.0648,0.0221,-0.0401
79028174583140,加速度计,0.8452,8.6323,9.7055,,,,,,,
79028184602098,加速度计,0.6949,5.5617,7.3334,,,,,,,
79028187115900,陀螺仪,,,,,,,,-0.0455,0.0316,-0.0233
79028194620431,加速度计,-0.1634,5.5492,6.7271,,,,,,,
79028204638765,加速度计,2.4493,9.6959,5.0087,,,,,,,
79028207152567,陀螺仪,,,,,,,,-0.0633,0.0466,-0.0068
79028214657098,加速度计,0.4004,6.7738,7.2658,,,,,,,
79028224675431,加速度计,1.1307,5.8802,0.7667,,,,,,,
79028227189233,陀螺仪,,,,,,,,-0.1029,0.0774,-0.0200
79028234693765,加速度计,-0.7051,5.2098,6.7217,,,,,,,
79028244712098,加速度计,-0.4908,6.7062,16.9503,,,,,,,
79028247225900,陀螺仪,,,,,,,,-0.0746,0.0561,0.0711
79028254730431,加速度计,1.0020,7.7452,11.3868,,,,,,,
79028267262567,陀螺仪,,,,,,,,0.0553,0.0718,0.0901
79028264748765,加速度计,0.8272,9.5415,7.0635,,,,,,,
79028274767098,加速度计,1.7639,4.5406,6.2399,,,,,,,
79028284785431,加速度计,2.5774,6.4320,2.5917,,,,,,,
79028294803765,加速度计,0.4298,8.1139,5.5701,,,,,,,
79028287299233,陀螺仪,,,,,,,,0.0130,0.0945,0.0862
79028307335900,陀螺仪,,,,,,,,-0.0394,0.0703,-0.0031
79028304822098,加速度计,1.6658,7.8913,9.4026,,,,,,,
79028314840431,加速度计,1.4515,6.2656,6.7852,,,,,,,
79028324858765,加速度计,0.8170,8.6868,-0.0832,,,,,,,
79028327372567,陀螺仪,,,,,,,,-0.1362,0.0526,-0.0391
79028334877098,加速度计,-0.9822,7.3909,13.8977,,,,,,,
79028344895431,加速度计,1.7962,9.0471,11.1396,,,,,,,
79028347409233,陀螺仪,,,,,,,,-0.1322,-0.0084,-0.0752
79028354913765,加速度计,0.8260,4.0833,9.8497,,,,,,,
79028364932098,加速度计,1.7262,3.1753,1.5778,,,,,,,
79028367445900,陀螺仪,,,,,,,,0.0109,0.0273,-0.1000
79028374950431,加速度计,2.6055,3.3998,3.6943,,,,,,,
79028384968765,加速度计,-0.5040,7.8709,1.6173,,,,,,,
79028387482567,陀螺仪,,,,,,,,-0.0823,0.0356,-0.1113
79028394987098,加速度计,-0.2819,10.1448,14.2263,,,,,,,
79028405005431,加速度计,-1.4228,8.0738,15.1739,,,,,,,
79028407519233,陀螺仪,,,,,,,,0.0762,-0.0537,-0.0477
79028415024806,加速度计,3.5578,8.9884,3.1322,,,,,,,
79028425060900,加速度计,2.3529,6.0106,0.0826,,,,,,,
79028427565015,陀螺仪,,,,,,,,0.0559,-0.0039,-0.0927
79028435066369,加速度计,-0.4615,4.1881,-0.1909,,,,,,,
79028445072306,加速度计,-1.5125,8.1217,11.5712,,,,,,,
79028447577358,陀螺仪,,,,,,,,-0.0650,0.0004,-0.0418
79028455079129,加速度计,-1.2719,9.4044,16.4236,,,,,,,
79028465087254,加速度计,2.5905,7.9194,4.7681,,,,,,,
79028467594494,陀螺仪,,,,,,,,0.1694,-0.0328,0.0449
79028475097098,加速度计,0.8098,6.0184,-3.5494,,,,,,,
79028485109025,加速度计,1.1007,3.1190,6.6062,,,,,,,
79028487619390,陀螺仪,,,,,,,,-0.0134,-0.0033,0.0609
79028495123035,加速度计,1.6227,3.7804,12.9359,,,,,,,
79028505139129,加速度计,1.2504,13.9911,1.1133,,,,,,,
79028507652619,陀螺仪,,,,,,,,0.1736,0.0233,0.0169
79028515157306,加速度计,0.9756,14.3042,1.5371,,,,,,,
79028525177567,加速度计,-1.1726,3.3752,13.6440,,,,,,,
79028527694181,陀螺仪,,,,,,,,-0.0727,-0.0121,0.0265
79028535199858,加速度计,-2.8144,4.8447,9.1010,,,,,,,
79028545223817,加速度计,1.9561,10.1580,-1.1540,,,,,,,
79028547742931,陀螺仪,,,,,,,,-0.0173,-0.0558,0.0888
79028555249390,加速度计,1.2384,9.2308,9.4960,,,,,,,
79028565276160,加速度计,-0.8009,7.4340,12.1183,,,,,,,
79028567796837,陀螺仪,,,,,,,,0.0209,-0.0519,0.0040
79028575303712,加速度计,0.5686,5.8754,5.6689,,,,,,,
79028585331629,加速度计,-0.3100,8.3791,5.5037,,,,,,,
79028587852619,陀螺仪,,,,,,,,0.0529,-0.0553,0.1060
79028595359337,加速度计,2.4205,10.4890,1.1726,,,,,,,
79028605384598,加速度计,0.6045,3.6805,6.5050,,,,,,,
79028607898400,陀螺仪,,,,,,,,-0.0445,-0.0563,0.0601
79028615402931,加速度计,2.9401,7.3550,-1.9154,,,,,,,
79028625421265,加速度计,1.2414,7.9039,10.8481,,,,,,,
79028627935067,陀螺仪,,,,,,,,-0.1973,-0.0445,0.0173
79028635439598,加速度计,-2.7240,6.6140,17.6429,,,,,,,
79028645457931,加速度计,-3.4890,8.9525,10.0862,,,,,,,
79028647971733,陀螺仪,,,,,,,,0.0463,-0.0286,0.1280
79028655476265,加速度计,2.6438,4.9614,7.2814,,,,,,,
79028665494910,加速度计,0.2849,3.9786,0.4495,,,,,,,
79028668014285,陀螺仪,,,,,,,,0.1081,0.0064,0.2111
79028675517879,加速度计,0.2640,9.0950,-4.0468,,,,,,,
79028685532462,加速度计,1.0098,8.6808,4.8004,,,,,,,
79028688043452,陀螺仪,,,,,,,,-0.0884,-0.0225,0.1475
79028695547046,加速度计,-1.8106,8.5850,24.9284,,,,,,,
79028705561733,加速度计,2.2835,10.6021,5.7628,,,,,,,
79028708073035,陀螺仪,,,,,,,,0.1230,-0.0530,0.2510
79028715576837,加速度计,2.5995,8.5575,-8.3037,,,,,,,
79028725592358,加速度计,0.6794,-3.9666,8.2163,,,,,,,
79028728104285,陀螺仪,,,,,,,,-0.1871,0.0442,0.1376
79028735608296,加速度计,-3.6362,9.0058,4.2437,,,,,,,
79028745624754,加速度计,0.6135,10.6662,16.8642,,,,,,,
79028748137619,陀螺仪,,,,,,,,-0.1063,-0.0013,0.2658
79028755642046,加速度计,2.1266,10.8104,12.2009,,,,,,,
79028765660171,加速度计,-2.3685,5.5246,8.3498,,,,,,,
79028768174285,陀螺仪,,,,,,,,0.0945,0.0766,0.2653
79028775679129,加速度计,-1.9782,3.3740,4.8866,,,,,,,
79028785698817,加速度计,1.1648,5.6784,-3.6260,,,,,,,
79028788213869,陀螺仪,,,,,,,,0.0724,0.0840,0.4591
79028795718921,加速度计,1.2306,11.0002,2.3379,,,,,,,
79028805739442,加速度计,-0.0976,10.1532,11.0965,,,,,,,
79028808255119,陀螺仪,,,,,,,,-0.1418,0.0984,0.3687
79028815760379,加速度计,-0.4100,6.6619,10.6955,,,,,,,
79028825781733,加速度计,-0.0688,4.3144,3.7733,,,,,,,
79028828298035,陀螺仪,,,,,,,,-0.0574,0.1133,0.4152
79028835803400,加速度计,-1.9884,7.8871,2.5798,,,,,,,
79028845825067,加速度计,-1.8765,3.8457,10.6997,,,,,,,
79028848341369,陀螺仪,,,,,,,,-0.1166,0.1531,0.5712
79028855846733,加速度计,2.3547,7.9984,6.6457,,,,,,,
79028865867983,加速度计,-3.9959,9.0489,15.5916,,,,,,,
79028868383035,陀螺仪,,,,,,,,-0.0694,0.1740,0.5762
79028875887567,加速度计,-1.2611,3.6859,20.0119,,,,,,,
79028888419702,陀螺仪,,,,,,,,0.4297,0.2060,0.7222
79028885905900,加速度计,2.3302,8.4132,1.9686,,,,,,,
79028895924233,加速度计,2.2727,11.9764,-9.2937,,,,,,,
79028905942567,加速度计,1.6526,3.0538,-13.4249,,,,,,,
79028908456369,陀螺仪,,,,,,,,-0.4639,0.2662,0.6724
79028915962567,加速度计,-2.6372,0.7380,38.1684,,,,,,,
79028926036369,加速度计,-1.7053,12.2410,4.1390,,,,,,,
79028928540952,陀螺仪,,,,,,,,0.1336,0.2824,0.5864
79028936022462,加速度计,1.9614,12.9856,2.7210,,,,,,,
79028950085633,GPS,,,,31.9413,118.7895,3.3900,340.2000,,,
79028945951212,加速度计,2.0877,3.3058,7.8907,,,,,,,
79028955886108,加速度计,0.7105,3.5662,4.8351,,,,,,,
79028948401994,陀螺仪,,,,,,,,-0.0256,0.2426,0.6105
79028965830275,加速度计,-1.6125,8.9370,3.2274,,,,,,,
79028975786317,加速度计,2.8072,8.8675,4.4999,,,,,,,
79028968296577,陀螺仪,,,,,,,,0.0281,0.2423,0.5250
79028985756108,加速度计,2.3924,5.4761,1.8842,,,,,,,
79028995741004,加速度计,-0.0497,5.9813,5.3492,,,,,,,
79028988243869,陀螺仪,,,,,,,,-0.1108,0.2445,0.4405
79029005741942,加速度计,-0.3448,7.6944,22.6186,,,,,,,
79029008253660,陀螺仪,,,,,,,,-0.0194,0.2133,0.3991
79029015758817,加速度计,-0.0431,10.5489,19.8575,,,,,,,
79029025791212,加速度计,1.0947,10.6039,-2.8012,,,,,,,
79029035837775,加速度计,1.7238,5.2547,5.6234,,,,,,,
79029028325327,陀螺仪,,,,,,,,0.2419,0.2100,0.4646
79029045896837,加速度计,3.6452,6.6403,2.7276,,,,,,,
79029048448452,陀螺仪,,,,,,,,0.1013,0.2447,0.4246
79029055966421,加速度计,-0.5010,10.4633,8.1205,,,,,,,
79029066044129,加速度计,1.0421,10.6925,11.0846,,,,,,,
79029068606160,陀螺仪,,,,,,,,0.0256,0.2170,0.3384
79029076127150,加速度计,-0.0138,3.6320,11.7956,,,,,,,
79029086212567,加速度计,0.9888,7.8278,6.1321,,,,,,,
79029096284962,加速度计,1.7837,7.5202,6.4631,,,,,,,
79029088768035,陀螺仪,,,,,,,,0.2766,0.2060,0.3894
79029106316004,加速度计,4.2018,5.9723,-1.5856,,,,,,,
79029108829910,陀螺仪,,,,,,,,0.2218,0.2455,0.4136
79029116334442,加速度计,3.4890,5.9837,-6.3752,,,,,,,
79029126352775,加速度计,-1.5293,3.0706,11.9572,,,,,,,
79029128866577,陀螺仪,,,,,,,,-0.0896,0.2764,0.2827
79029136371108,加速度计,0.6656,12.2697,17.5082,,,,,,,
79029146389442,加速度计,0.6614,11.0403,15.3127,,,,,,,
79029156407775,加速度计,3.9714,9.7576,3.1005,,,,,,,
79029148903244,陀螺仪,,,,,,,,0.2381,0.2340,0.3153
79029166426108,加速度计,1.7663,3.2854,-5.7748,,,,,,,
79029168965744,陀螺仪,,,,,,,,0.0908,0.2868,0.2903
79029176464337,加速度计,-0.6279,1.8663,-0.4328,,,,,,,
79029186459129,加速度计,0.5225,5.9352,10.6279,,,,,,,
79029188955744,陀螺仪,,,,,,,,0.0020,0.2333,0.2559
79029196454962,加速度计,0.4543,12.8120,8.9507,,,,,,,
79029206452671,加速度计,2.6971,10.1227,7.2490,,,,,,,
79029208952410,陀螺仪,,,,,,,,-0.0088,0.1826,0.1846
79029216452983,加速度计,1.6281,3.3651,8.8675,,,,,,,
79029226456421,加速度计,-0.6967,2.8156,4.7429,,,,,,,
79029228961160,陀螺仪,,,,,,,,0.0732,0.1871,0.1380
79029236463712,加速度计,0.9014,7.0773,4.9913,,,,,,,
79029246475171,加速度计,1.8800,8.2833,7.0090,,,,,,,
79029248986160,陀螺仪,,,,,,,,0.0333,0.2071,0.1807
79029256490796,加速度计,0.5991,4.9877,12.3708,,,,,,,
79029266510587,加速度计,1.2288,7.2850,3.9798,,,,,,,
79029269027827,陀螺仪,,,,,,,,0.1786,0.1862,0.2029
79029276534442,加速度计,0.1347,3.7565,5.4462,,,,,,,
79029286561942,加速度计,4.1623,10.8062,-1.1773,,,,,,,
79029289084494,陀螺仪,,,,,,,,0.1081,0.2015,0.2177
79029296592567,加速度计,1.8687,12.5438,5.3606,,,,,,,
79029306625587,加速度计,1.8597,9.7288,11.3353,,,,,,,
79029309151577,陀螺仪,,,,,,,,-0.1113,0.2121,0.0985
79029316660483,加速度计,-0.2634,4.6250,11.5646,,,,,,,
79029326696421,加速度计,0.4172,6.7864,5.5180,,,,,,,
79029329223660,陀螺仪,,,,,,,,-0.0601,0.2554,0.2033
79029336732254,加速度计,1.8543,2.7773,8.4533,,,,,,,
79029346762879,加速度计,0.4280,6.2758,7.7722,,,,,,,
79029349276994,陀螺仪,,,,,,,,-0.0233,0.3148,0.2582
79029356781525,加速度计,1.4976,7.3807,8.1157,,,,,,,
79029366799858,加速度计,0.5962,5.9478,10.2891,,,,,,,
79029369313660,陀螺仪,,,,,,,,-0.0266,0.3127,0.2784
79029376818192,加速度计,1.6981,5.5988,10.6889,,,,,,,
79029386836525,加速度计,2.8677,8.6263,2.3822,,,,,,,
79029389350327,陀螺仪,,,,,,,,0.0224,0.3569,0.2822
79029396854858,加速度计,1.3378,4.6669,7.8488,,,,,,,
79029406873192,加速度计,0.1425,8.6365,5.7174,,,,,,,
79029409386994,陀螺仪,,,,,,,,-0.0025,0.3774,0.2473
79029416892358,加速度计,0.8877,8.5808,8.1684,,,,,,,
79029426915692,加速度计,0.9200,7.0384,7.3484,,,,,,,
79029429424806,陀螺仪,,,,,,,,-0.0154,0.3475,0.2438
79029436927775,加速度计,1.7532,5.9693,7.0449,,,,,,,
79029446940015,加速度计,1.4880,6.5368,6.6385,,,,,,,
79029456952671,加速度计,1.1175,6.7624,8.4839,,,,,,,
79029449449494,陀螺仪,,,,,,,,-0.0079,0.3649,0.2189
79029466965900,加速度计,-0.2813,6.7044,8.9501,,,,,,,
79029469476369,陀螺仪,,,,,,,,0.0727,0.3434,0.1948
79029476979962,加速度计,0.7039,4.7495,6.0974,,,,,,,
79029486995015,加速度计,2.6647,7.8620,1.6412,,,,,,,
79029489507098,陀螺仪,,,,,,,,0.1230,0.3349,0.1690
79029497011317,加速度计,2.8210,7.5717,6.3764,,,,,,,
79029507028869,加速度计,0.3813,7.7608,8.6921,,,,,,,
79029509542827,陀螺仪,,,,,,,,0.0988,0.3197,0.0976
79029517047671,加速度计,1.2779,7.5693,7.0090,,,,,,,
79029527067567,加速度计,1.5006,6.8606,5.5958,,,,,,,
79029537088296,加速度计,1.6011,7.3933,5.4025,,,,,,,
79029529583035,陀螺仪,,,,,,,,0.1350,0.2760,0.0574
79029547109858,加速度计,1.8190,7.4077,7.1629,,,,,,,
79029549626525,陀螺仪,,,,,,,,0.1322,0.2433,-0.0055
79029557132098,加速度计,0.5237,7.4101,6.7642,,,,,,,
79029567154754,加速度计,1.6939,8.8903,6.8169,,,,,,,
79029569672046,陀螺仪,,,,,,,,0.1340,0.1822,-0.0563
79029577177827,加速度计,1.1127,5.9484,8.2546,,,,,,,
79029587201160,加速度计,1.6484,8.5946,4.0695,,,,,,,
79029589718712,陀螺仪,,,,,,,,0.1374,0.1493,-0.1308
79029597224494,加速度计,-1.3581,7.6812,8.8424,,,,,,,
79029607246421,加速度计,1.8836,7.4190,8.0505,,,,,,,
79029609761004,陀螺仪,,,,,,,,0.1666,0.0794,-0.1033
79029617265535,加速度计,2.4463,6.9707,0.7584,,,,,,,
79029627283869,加速度计,2.6103,7.7189,-5.2678,,,,,,,
79029637302202,加速度计,0.6267,4.9027,10.0329,,,,,,,
79029629797671,陀螺仪,,,,,,,,-0.0422,0.0698,-0.2639
79029647320535,加速度计,-3.0550,7.3616,19.7474,,,,,,,
79029649834337,陀螺仪,,,,,,,,0.0774,-0.0196,-0.2772
79029657338869,加速度计,0.5267,11.0935,11.0540,,,,,,,
79029667357515,加速度计,2.6911,9.1626,-0.2017,,,,,,,
79029669873452,陀螺仪,,,,,,,,0.1250,-0.0213,-0.2406
79029677377879,加速度计,2.2404,3.9025,1.8806,,,,,,,
79029687395796,加速度计,-1.3222,4.7369,5.4360,,,,,,,
79029689909285,陀螺仪,,,,,,,,0.0232,-0.0170,-0.2405
79029697413712,加速度计,0.4328,9.8120,7.3939,,,,,,,
79029707431629,加速度计,1.7771,9.3428,7.8296,,,,,,,
79029717449546,加速度计,0.8350,5.5396,7.2724,,,,,,,
79029709945119,陀螺仪,,,,,,,,-0.0389,-0.0587,-0.2157
79029727467462,加速度计,1.1187,5.0494,3.6344,,,,,,,
79029729980952,陀螺仪,,,,,,,,-0.0196,-0.0586,-0.2213
79029737485379,加速度计,-0.5495,6.0980,5.3828,,,,,,,
79029747503296,加速度计,0.5189,7.8895,11.0798,,,,,,,
79029750016785,陀螺仪,,,,,,,,-0.0380,-0.0679,-0.1447
79029757521212,加速度计,2.3415,8.7382,8.3456,,,,,,,
79029767539129,加速度计,0.2759,7.1359,7.3352,,,,,,,
79029770052619,陀螺仪,,,,,,,,0.0352,-0.0475,-0.1587
79029777557046,加速度计,-0.0970,7.5238,4.8884,,,,,,,
79029787574962,加速度计,0.1197,5.7563,8.8986,,,,,,,
79029790088452,陀螺仪,,,,,,,,0.0186,-0.0513,-0.0398
79029797592879,加速度计,1.8657,8.1720,5.5192,,,,,,,
79029807610796,加速度计,1.4377,7.6309,4.4101,,,,,,,
79029817628712,加速度计,-0.2310,7.3843,6.0735,,,,,,,
79029810124285,陀螺仪,,,,,,,,0.0228,-0.0383,-0.0338
79029827646785,加速度计,-0.6243,6.4901,10.7458,,,,,,,
79029830160640,陀螺仪,,,,,,,,0.0264,-0.0245,0.0690
79029837665275,加速度计,1.8387,8.7287,3.3028,,,,,,,
79029847684025,加速度计,0.2711,6.8067,3.0442,,,,,,,
79029850198140,陀螺仪,,,,,,,,-0.0554,0.0258,0.1317
79029857702775,加速度计,0.1993,6.5936,7.1192,,,,,,,
79029867721525,加速度计,-0.5255,5.1475,13.0777,,,,,,,
79029877740275,加速度计,-0.6159,8.8023,5.9747,,,,,,,
79029870235640,陀螺仪,,,,,,,,-0.0079,0.0714,0.2252
79029887759025,加速度计,0.6416,7.1162,3.7673,,,,,,,
79029890273140,陀螺仪,,,,,,,,-0.0309,0.1329,0.3555
79029897777775,加速度计,-0.6979,5.2463,6.2004,,,,,,,
79029907796525,加速度计,-1.3671,5.3798,11.0905,,,,,,,
79029910311265,陀螺仪,,,,,,,,0.0071,0.1696,0.4521
79029917817150,加速度计,0.1520,10.2699,6.9019,,,,,,,
79029927863192,加速度计,-0.3921,7.8153,6.6834,,,,,,,
79029930359806,陀螺仪,,,,,,,,-0.0225,0.2253,0.5408
79029948418081,GPS,,,,31.9413,118.7895,3.6100,326.0000,,,
79029937858712,加速度计,-1.4329,5.6330,9.6744,,,,,,,
79029950353660,陀螺仪,,,,,,,,0.0381,0.2562,0.6120
79029947855171,加速度计,-0.5968,7.0868,5.4917,,,,,,,
79029957853400,加速度计,0.3148,7.6130,3.8361,,,,,,,
79029967854181,加速度计,-0.1113,6.3925,6.0579,,,,,,,
79029970356733,陀螺仪,,,,,,,,-0.0001,0.2959,0.6394
79029977857931,加速度计,0.4322,6.2716,9.6792,,,,,,,
79029987865067,加速度计,0.7865,7.9374,4.3491,,,,,,,
79029990372931,陀螺仪,,,,,,,,0.0513,0.3101,0.6233
79029997876004,加速度计,1.0265,9.5678,4.1869,,,,,,,
79030007891108,加速度计,0.0186,6.7798,6.9234,,,,,,,
79030010405223,陀螺仪,,,,,,,,-0.0085,0.2960,0.5736
79030017910327,加速度计,1.2097,6.1214,7.7327,,,,,,,
79030027933244,加速度计,0.8487,8.7299,6.1723,,,,,,,
79030030452671,陀螺仪,,,,,,,,0.0545,0.2680,0.5028
79030037959442,加速度计,1.3964,8.6916,7.4514,,,,,,,
79030047988504,加速度计,3.2717,7.0605,0.4088,,,,,,,
79030050511994,陀螺仪,,,,,,,,0.0410,0.2529,0.3991
79030058020015,加速度计,0.7368,6.8672,-0.6686,,,,,,,
79030068053504,加速度计,1.5568,6.5134,5.0015,,,,,,,
79030070579494,陀螺仪,,,,,,,,-0.1586,0.2256,0.2703
79030078088140,加速度计,0.6375,6.4003,13.2465,,,,,,,
79030088123140,加速度计,1.1055,9.0178,14.2892,,,,,,,
79030090649442,陀螺仪,,,,,,,,0.0053,0.1890,0.2511
79030098156473,加速度计,1.3348,10.2574,7.3987,,,,,,,
79030108177775,加速度计,1.1163,7.0324,8.4384,,,,,,,
79030110691890,陀螺仪,,,,,,,,0.0439,0.1688,0.2719
79030118196473,加速度计,2.8706,5.1667,5.9125,,,,,,,
79030128214806,加速度计,4.0378,5.5863,-1.7160,,,,,,,
79030130728608,陀螺仪,,,,,,,,0.0328,0.2007,0.1645
79030138233140,加速度计,3.5003,7.2598,0.7620,,,,,,,
79030148251473,加速度计,0.1634,5.6186,17.5435,,,,,,,
79030150765275,陀螺仪,,,,,,,,-0.0586,0.1878,0.0915
79030158269806,加速度计,0.4130,9.6474,16.2004,,,,,,,
79030168288921,加速度计,3.1490,10.3633,4.7214,,,,,,,
79030170808556,陀螺仪,,,,,,,,0.1360,0.1824,0.1133
79030178311421,加速度计,3.3142,7.0396,1.4030,,,,,,,
79030188323087,加速度计,-1.4335,2.5498,6.4733,,,,,,,
79030190831994,陀螺仪,,,,,,,,0.0595,0.2108,0.1220
79030198334962,加速度计,0.4244,8.6963,7.7159,,,,,,,
79030208347254,加速度计,2.4983,11.1725,8.6143,,,,,,,
79030210856890,陀螺仪,,,,,,,,0.0439,0.1763,0.1458
79030218360171,加速度计,1.4820,8.6371,9.6720,,,,,,,
79030228373921,加速度计,-0.1167,6.2249,15.2433,,,,,,,
79030230884910,陀螺仪,,,,,,,,0.1250,0.1772,0.1349
79030238388712,加速度计,0.0676,7.3873,16.8911,,,,,,,
79030248404754,加速度计,3.4339,9.1303,8.6927,,,,,,,
79030250917619,陀螺仪,,,,,,,,0.4300,0.1872,0.1995
79030258422046,加速度计,2.0578,8.1906,-4.2713,,,,,,,
79030268440587,加速度计,2.5307,6.2016,-7.8189,,,,,,,
79030270955327,陀螺仪,,,,,,,,0.1064,0.2384,0.1499
79030278460379,加速度计,0.2945,4.7459,4.4963,,,,,,,
79030288481421,加速度计,-0.7219,6.4183,9.7354,,,,,,,
79030290997931,陀螺仪,,,,,,,,0.0762,0.1507,0.1083
79030298503504,加速度计,0.4208,8.2720,8.9926,,,,,,,
79030308526421,加速度计,1.2246,6.5769,5.6521,,,,,,,
79030311044077,陀螺仪,,,,,,,,0.1368,0.1470,0.1173
79030318549962,加速度计,1.1923,5.6228,4.2617,,,,,,,
79030328573921,加速度计,-1.4240,5.0583,8.1786,,,,,,,
79030331092098,陀螺仪,,,,,,,,0.1589,0.1611,0.1570
79030338598087,加速度计,-0.0736,8.1157,7.0797,,,,,,,
79030348622046,加速度计,1.1049,10.3902,4.8243,,,,,,,
79030358643087,加速度计,1.9944,7.8482,2.2464,,,,,,,
79030351138556,陀螺仪,,,,,,,,0.1591,0.1551,0.2119
79030368661421,加速度计,0.3980,5.6749,5.6820,,,,,,,
79030371175223,陀螺仪,,,,,,,,0.0878,0.1647,0.1718
79030378679754,加速度计,0.2269,6.3758,6.4242,,,,,,,
79030388698087,加速度计,2.0919,8.4150,9.6097,,,,,,,
79030391211890,陀螺仪,,,,,,,,0.1056,0.1702,0.2071
79030398716421,加速度计,0.6656,8.8556,8.1541,,,,,,,
79030408734754,加速度计,1.9130,7.4543,10.0604,,,,,,,
79030411248869,陀螺仪,,,,,,,,0.1309,0.2045,0.2409
79030418753712,加速度计,0.2723,5.7790,9.4972,,,,,,,
79030428774233,加速度计,0.8170,5.9472,4.8267,,,,,,,
79030438790900,加速度计,3.9002,6.7995,3.2771,,,,,,,
79030431286785,陀螺仪,,,,,,,,0.1822,0.2286,0.3025
79030448807567,加速度计,0.5986,6.1465,4.4059,,,,,,,
79030451320119,陀螺仪,,,,,,,,0.0427,0.2535,0.2123
79030458824233,加速度计,0.0060,5.6371,9.0734,,,,,,,
79030468840900,加速度计,-0.3801,8.0972,9.7318,,,,,,,
79030471353452,陀螺仪,,,,,,,,0.0613,0.2052,0.2097
79030478857567,加速度计,1.1905,7.5346,9.5636,,,,,,,
79030488874442,加速度计,1.4718,8.4856,5.4157,,,,,,,
79030498891733,加速度计,1.7358,8.1858,-0.4130,,,,,,,
79030491387410,陀螺仪,,,,,,,,0.0766,0.2119,0.1660
79030508909442,加速度计,1.6107,8.3606,2.2661,,,,,,,
79030511423035,陀螺仪,,,,,,,,-0.2443,0.2284,0.0988
79030518927567,加速度计,-1.7741,8.5563,16.2919,,,,,,,
79030528946108,加速度计,-2.4876,7.8003,20.6662,,,,,,,
79030531460327,陀螺仪,,,,,,,,-0.0666,0.1539,0.1719
79030538965067,加速度计,1.5089,5.2134,13.1903,,,,,,,
79030548984442,加速度计,5.2050,6.1501,-4.3509,,,,,,,
79030559004233,加速度计,2.1775,4.0157,1.3904,,,,,,,
79030551499285,陀螺仪,,,,,,,,0.0979,0.2376,0.2172
79030569024233,加速度计,-0.8811,6.4949,9.8683,,,,,,,
79030571539285,陀螺仪,,,,,,,,0.0682,0.2278,0.1844
79030579044233,加速度计,1.2390,10.0120,8.6754,,,,,,,
79030589064233,加速度计,1.8370,10.7691,-1.8298,,,,,,,
79030591579285,陀螺仪,,,,,,,,0.0402,0.2004,0.1603
79030599084233,加速度计,0.5124,6.2549,3.9522,,,,,,,
79030609104233,加速度计,-1.0409,5.7832,5.5318,,,,,,,
79030619124233,加速度计,0.7141,9.2075,5.7826,,,,,,,
79030611619285,陀螺仪,,,,,,,,-0.0103,0.1967,0.1915
79030629144233,加速度计,0.0742,8.1924,2.7629,,,,,,,
79030631659077,陀螺仪,,,,,,,,-0.0939,0.1892,0.2174
79030639163817,加速度计,0.8116,4.5747,9.7851,,,,,,,
79030649182775,加速度计,-1.6993,7.3831,22.2445,,,,,,,
79030651696785,陀螺仪,,,,,,,,0.1264,0.1694,0.2613
79030659201317,加速度计,2.0949,11.3425,9.6319,,,,,,,
79030669222358,加速度计,2.2069,8.4318,-0.1059,,,,,,,
79030671748765,陀螺仪,,,,,,,,0.3145,0.2202,0.2875
79030679248400,加速度计,1.3378,4.6765,-8.3953,,,,,,,
79030689247358,加速度计,-0.3777,4.1857,-9.6313,,,,,,,
79030691747098,陀螺仪,,,,,,,,-0.2309,0.2310,0.3003
79030699247150,加速度计,1.7687,6.6289,22.9323,,,,,,,
79030709248608,加速度计,-2.4906,11.9890,21.3712,,,,,,,
79030711751160,陀螺仪,,,,,,,,0.0783,0.1152,0.1284
79030719252358,加速度计,-0.8517,11.1989,14.1156,,,,,,,
79030729258817,加速度计,1.5490,4.9201,8.6718,,,,,,,
79030731765640,陀螺仪,,,,,,,,0.3124,0.0831,0.1996
79030739268400,加速度计,1.6706,5.0991,-2.3643,,,,,,,
79030749281317,加速度计,-1.0552,7.7818,1.6987,,,,,,,
79030759297775,加速度计,0.2652,10.9511,12.5067,,,,,,,
79030751793244,陀螺仪,,,,,,,,0.1502,0.1570,0.2377
79030769317775,加速度计,0.7745,8.5623,12.5247,,,,,,,
79030771834910,陀螺仪,,,,,,,,0.2639,0.0634,0.2144
79030779341108,加速度计,1.9064,8.1295,2.8072,,,,,,,
79030789367567,加速度计,2.3098,6.1729,-5.5360,,,,,,,
79030791889077,陀螺仪,,,,,,,,0.1553,0.0905,0.1527
79030799396525,加速度计,1.6197,6.2668,3.4159,,,,,,,
79030809427358,加速度计,1.0283,9.8474,6.8851,,,,,,,
79030811951473,陀螺仪,,,,,,,,-0.0017,0.1340,0.1458
79030819459650,加速度计,-0.1227,11.4772,9.7252,,,,,,,
79030829492775,加速度计,0.3735,6.3853,14.6226,,,,,,,
79030832017827,陀螺仪,,,,,,,,0.0057,0.1220,0.2095
79030839526108,加速度计,-0.3256,6.0675,9.2590,,,,,,,
79030849553400,加速度计,0.2789,2.0303,6.3991,,,,,,,
79030852068765,陀螺仪,,,,,,,,0.1854,0.1459,0.3075
79030859573400,加速度计,3.1711,9.5666,-0.7416,,,,,,,
79030869592150,加速度计,-1.6340,4.7956,7.9577,,,,,,,
79030872106160,陀螺仪,,,,,,,,0.0482,0.2119,0.3115
79030879610692,加速度计,0.5824,9.4266,5.8544,,,,,,,
79030889629025,加速度计,-2.4199,6.0591,10.0604,,,,,,,
79030892142827,陀螺仪,,,,,,,,0.0851,0.1574,0.3200
79030899647358,加速度计,0.1700,5.7006,12.2643,,,,,,,
79030909665692,加速度计,1.7849,7.5118,5.4630,,,,,,,
79030912180223,陀螺仪,,,,,,,,0.2240,0.1458,0.3533
79030919685483,加速度计,1.9986,10.4447,0.1688,,,,,,,
79030929721629,加速度计,1.6550,7.5411,3.9415,,,,,,,
79030932217931,陀螺仪,,,,,,,,0.0578,0.2043,0.3185
79030951927403,GPS,,,,31.9413,118.7894,3.7700,308.3000,,,
79030939716837,加速度计,-2.3020,3.9875,10.7200,,,,,,,
79030949713087,加速度计,1.6658,4.2509,9.1040,,,,,,,
79030952211265,陀螺仪,,,,,,,,0.1565,0.1423,0.3623
79030959711212,加速度计,1.5323,10.0042,-1.3623,,,,,,,
79030972214181,陀螺仪,,,,,,,,0.0474,0.1435,0.3205
79030969711942,加速度计,-0.5740,9.6259,15.8682,,,,,,,
79030979715796,加速度计,-1.0834,9.9575,22.0255,,,,,,,
79030989723400,加速度计,2.4678,9.1004,7.9248,,,,,,,
79030992231265,陀螺仪,,,,,,,,0.3854,0.0944,0.3265
79030999734858,加速度计,1.3192,9.2913,-7.0683,,,,,,,
79031009750483,加速度计,-1.2528,2.5450,0.4310,,,,,,,
79031012264598,陀螺仪,,,,,,,,-0.0545,0.1925,0.3547
79031019770171,加速度计,-2.3134,2.4708,15.8143,,,,,,,
79031029793608,加速度计,4.1671,13.7343,2.9664,,,,,,,
79031032313348,陀螺仪,,,,,,,,0.2308,0.1723,0.3983
79031039820587,加速度计,3.5099,13.6523,-4.5131,,,,,,,
79031049850379,加速度计,1.5449,-0.5507,13.5530,,,,,,,
79031052374181,陀螺仪,,,,,,,,-0.0871,0.2201,0.3718
79031059882567,加速度计,0.0006,3.0335,9.7103,,,,,,,
79031069916629,加速度计,2.9497,10.9834,5.6006,,,,,,,
79031072442931,陀螺仪,,,,,,,,0.1252,0.2610,0.4428
79031079951733,加速度计,2.2571,13.0077,7.2107,,,,,,,
79031089987150,加速度计,-1.3563,4.1665,13.8151,,,,,,,
79031092513765,陀螺仪,,,,,,,,0.1113,0.2788,0.5306
79031100018712,加速度计,4.1336,7.2377,6.0424,,,,,,,
79031110038400,加速度计,4.5478,9.6965,-6.5206,,,,,,,
79031112552515,陀螺仪,,,,,,,,0.0638,0.3406,0.3716
79031120057150,加速度计,1.5598,4.4221,1.8926,,,,,,,
79031130075796,加速度计,-4.3580,4.6190,21.2521,,,,,,,
79031132589598,陀螺仪,,,,,,,,0.0475,0.3151,0.3968
79031140094129,加速度计,2.2954,9.9252,15.8341,,,,,,,
79031150112462,加速度计,6.2249,14.8423,-6.9731,,,,,,,
79031152626265,陀螺仪,,,,,,,,0.1651,0.2521,0.3005
79031160130796,加速度计,0.8691,2.5618,11.3443,,,,,,,
79031170149650,加速度计,-0.2664,3.3549,3.8642,,,,,,,
79031172664806,陀螺仪,,,,,,,,0.2272,0.2514,0.2526
79031180169129,加速度计,3.4441,10.4393,4.3922,,,,,,,
79031190186629,加速度计,2.7216,11.5436,5.7862,,,,,,,
79031200204129,加速度计,1.0247,4.8926,9.4170,,,,,,,
79031192699806,陀螺仪,,,,,,,,0.1073,0.2537,0.2089
79031210221629,加速度计,3.1813,5.8652,6.7187,,,,,,,
79031220239129,加速度计,2.1225,8.4653,0.5387,,,,,,,
79031212734806,陀螺仪,,,,,,,,0.2332,0.2515,0.1971
79031230256629,加速度计,1.6831,10.1203,5.7575,,,,,,,
79031232769806,陀螺仪,,,,,,,,0.0795,0.3111,0.2116
79031240274129,加速度计,3.2801,12.2098,10.9128,,,,,,,
79031250291629,加速度计,1.3378,8.7945,9.9635,,,,,,,
79031252804806,陀螺仪,,,,,,,,0.0491,0.3431,0.2021
79031260309129,加速度计,0.0479,4.3706,9.4158,,,,,,,
79031270326629,加速度计,-0.2107,3.2932,8.3833,,,,,,,
79031272840015,陀螺仪,,,,,,,,0.1433,0.4178,0.3912
79031280344442,加速度计,1.2611,4.6076,5.5869,,,,,,,
79031290362671,加速度计,1.2695,7.1198,8.5347,,,,,,,
79031292876681,陀螺仪,,,,,,,,0.2156,0.4920,0.4940
79031300381317,加速度计,0.5866,9.0399,6.1304,,,,,,,
79031310400379,加速度计,0.4028,6.6403,8.9447,,,,,,,
79031320419546,加速度计,-0.2903,7.1862,8.8687,,,,,,,
79031312914806,陀螺仪,,,,,,,,0.1803,0.5029,0.5137
79031330438712,加速度计,0.8464,8.1989,5.8897,,,,,,,
79031340457879,加速度计,1.2402,7.1856,3.3435,,,,,,,
79031332953140,陀螺仪,,,,,,,,0.2645,0.5160,0.5429
79031350477046,加速度计,2.3242,7.0336,5.8377,,,,,,,
79031352991473,陀螺仪,,,,,,,,0.1786,0.5369,0.4771
79031360496212,加速度计,0.4531,6.5517,7.8578,,,,,,,
79031370515379,加速度计,0.0874,6.7774,9.9575,,,,,,,
79031373029806,陀螺仪,,,,,,,,0.2702,0.5111,0.4151
79031380534546,加速度计,1.3647,8.9310,5.5899,,,,,,,
79031390553712,加速度计,2.3517,7.4879,5.4959,,,,,,,
79031393068140,陀螺仪,,,,,,,,0.2533,0.5043,0.3710
79031400572879,加速度计,3.3609,7.3023,5.3696,,,,,,,
79031410592046,加速度计,1.3324,7.6435,6.7337,,,,,,,
79031420614962,加速度计,2.3260,8.2367,9.6504,,,,,,,
79031413108973,陀螺仪,,,,,,,,0.2393,0.4747,0.2294
79031430640796,加速度计,2.5385,6.9426,9.6217,,,,,,,
79031440640223,加速度计,2.2260,7.5567,5.3558,,,,,,,
79031433140379,陀螺仪,,,,,,,,0.3105,0.4425,0.1506
79031450640587,加速度计,2.4008,6.6236,5.7527,,,,,,,
79031453142046,陀螺仪,,,,,,,,0.2936,0.4175,0.0609
79031460642723,加速度计,2.2996,7.2502,6.1046,,,,,,,
79031470647202,加速度计,2.3601,7.5818,6.6457,,,,,,,
79031473152410,陀螺仪,,,,,,,,0.2716,0.3726,-0.0607
79031480654442,加速度计,1.0283,7.5860,9.5541,,,,,,,
79031490664858,加速度计,1.9585,7.2760,7.1623,,,,,,,
79031500678608,加速度计,3.4955,7.4496,3.1831,,,,,,,
79031493174910,陀螺仪,,,,,,,,0.3336,0.3131,-0.1047
79031510695692,加速度计,3.6224,7.4059,2.5295,,,,,,,
79031513210744,陀螺仪,,,,,,,,0.2225,0.2956,-0.2537
79031520716108,加速度计,0.7626,6.7522,6.3686,,,,,,,
79031530739598,加速度计,0.4932,8.7759,11.3635,,,,,,,
79031533259025,陀螺仪,,,,,,,,0.2274,0.2181,-0.3029
79031540765744,加速度计,3.5793,9.7636,7.1090,,,,,,,
79031550794129,加速度计,3.0131,6.8193,3.6464,,,,,,,
79031553316681,陀螺仪,,,,,,,,0.2079,0.2023,-0.4012
79031560824337,加速度计,0.7907,6.7756,5.1218,,,,,,,
79031570855952,加速度计,-0.1269,6.0657,11.1558,,,,,,,
79031580888296,加速度计,1.0858,8.6652,6.9168,,,,,,,
79031573380223,陀螺仪,,,,,,,,0.1672,0.1582,-0.3776
79031590920796,加速度计,4.1318,9.2350,1.0223,,,,,,,
79031593441942,陀螺仪,,,,,,,,0.1870,0.1225,-0.4075
79031600947827,加速度计,3.4590,5.2954,-4.4215,,,,,,,
79031610968452,加速度计,0.4052,3.0963,3.1418,,,,,,,
79031620986942,加速度计,-1.9321,6.6595,16.3458,,,,,,,
79031613482410,陀螺仪,,,,,,,,-0.0996,0.1390,-0.5108
79031631005275,加速度计,0.0952,10.9235,15.8688,,,,,,,
79031641023608,加速度计,2.0417,10.3789,4.0312,,,,,,,
79031633519077,陀螺仪,,,,,,,,0.1812,0.0844,-0.3843
79031651041942,加速度计,3.2076,6.1028,-2.5792,,,,,,,
79031661060275,加速度计,-0.1981,2.1668,3.7056,,,,,,,
79031653555744,陀螺仪,,,,,,,,0.0601,0.1298,-0.3806
79031671080692,加速度计,-1.0690,7.1724,7.2909,,,,,,,
79031673597098,陀螺仪,,,,,,,,0.0301,0.1073,-0.3241
79031681100171,加速度计,0.3657,11.6472,8.5311,,,,,,,
79031691112671,加速度计,0.2861,9.7486,6.6092,,,,,,,
79031693622306,陀螺仪,,,,,,,,-0.0105,0.0988,-0.2622
79031701125483,加速度计,1.0822,4.6442,7.8614,,,,,,,
79031711138712,加速度计,-0.6279,6.1986,4.3706,,,,,,,
79031713649181,陀螺仪,,,,,,,,0.0213,0.1246,-0.2333
79031721152671,加速度计,-1.1145,8.0744,5.8586,,,,,,,
79031731167462,加速度计,0.4208,7.7782,8.2474,,,,,,,
79031733679181,陀螺仪,,,,,,,,0.0056,0.1350,-0.1174
79031741183087,加速度计,-0.5177,8.5335,7.1204,,,,,,,
79031751199546,加速度计,0.2334,7.0539,8.2241,,,,,,,
79031753712723,陀螺仪,,,,,,,,0.0398,0.1308,-0.0948
79031761217150,加速度计,-0.4136,8.4695,2.9317,,,,,,,
79031771235692,加速度计,-0.9056,7.7482,4.7956,,,,,,,
79031773750223,陀螺仪,,,,,,,,-0.0222,0.1028,-0.0945
79031781255067,加速度计,0.7757,8.1265,5.2110,,,,,,,
79031791275275,加速度计,-0.7410,5.8281,7.8446,,,,,,,
79031793791056,陀螺仪,,,,,,,,-0.0064,0.0513,-0.1498
79031801296317,加速度计,0.3436,8.0541,5.6904,,,,,,,
79031811318192,加速度计,1.0319,8.4060,3.7116,,,,,,,
79031821340587,加速度计,1.4102,7.9003,5.6802,,,,,,,
79031813835015,陀螺仪,,,,,,,,-0.0322,0.0067,-0.1868
79031831363400,加速度计,1.7334,6.8755,7.2107,,,,,,,
79031841386317,加速度计,1.4102,6.3626,8.7514,,,,,,,
79031833880640,陀螺仪,,,,,,,,-0.0766,-0.0362,-0.2688
79031851409233,加速度计,2.3367,7.2927,6.4967,,,,,,,
79031853926473,陀螺仪,,,,,,,,-0.0113,-0.0696,-0.3306
79031861432150,加速度计,2.0297,6.1609,6.5224,,,,,,,
79031871451629,加速度计,2.4235,6.3099,6.5990,,,,,,,
79031881469962,加速度计,1.9166,6.3686,9.7642,,,,,,,
79031873965431,陀螺仪,,,,,,,,-0.0141,-0.0752,-0.3320
79031891488296,加速度计,2.2104,7.9517,8.4402,,,,,,,
79031901506629,加速度计,1.5490,8.1672,5.6874,,,,,,,
79031894002098,陀螺仪,,,,,,,,0.0704,-0.0875,-0.3547
79031911524962,加速度计,2.2745,7.9493,3.6943,,,,,,,
79031914039181,陀螺仪,,,,,,,,0.0246,-0.1045,-0.3728
79031921543921,加速度计,0.9415,5.0398,6.2644,,,,,,,
79031931572983,加速度计,0.3154,6.1471,4.2270,,,,,,,
79031953432455,GPS,,,,31.9414,118.7894,3.7900,292.0000,,,
79031941576056,加速度计,1.3282,7.6291,6.3069,,,,,,,
79031934075275,陀螺仪,,,,,,,,-0.0024,-0.1545,-0.4076
79031951579702,加速度计,0.3573,7.4795,9.7306,,,,,,,
79031961584494,加速度计,0.9301,7.6483,6.4877,,,,,,,
79031954083087,陀螺仪,,,,,,,,-0.0028,-0.2354,-0.4945
79031971591108,加速度计,1.1917,7.0982,4.2784,,,,,,,
79031981599962,加速度计,0.9194,6.2076,0.7219,,,,,,,
79031974097410,陀螺仪,,,,,,,,0.0088,-0.3072,-0.5569
79031991611317,加速度计,0.3903,6.1806,4.3497,,,,,,,
79031994121421,陀螺仪,,,,,,,,-0.1017,-0.3419,-0.5981
79032001625327,加速度计,-0.5100,8.4054,6.5733,,,,,,,
79032011642098,加速度计,0.3837,7.7051,10.0580,,,,,,,
79032014156212,陀螺仪,,,,,,,,-0.0965,-0.3822,-0.4971
79032021661369,加速度计,0.6410,8.4509,8.1187,,,,,,,
79032031683140,加速度计,-0.1814,7.2478,5.4306,,,,,,,
79032034200952,陀螺仪,,,,,,,,-0.0344,-0.3482,-0.3615
79032041707254,加速度计,1.6628,6.2423,3.3836,,,,,,,
79032051733296,加速度计,0.4298,7.5411,4.9566,,,,,,,
79032061760848,加速度计,-0.0036,7.9278,7.9775,,,,,,,
79032054253817,陀螺仪,,,,,,,,-0.1077,-0.2430,-0.1985
79032071789494,加速度计,0.7805,8.2253,4.9225,,,,,,,
79032074311473,陀螺仪,,,,,,,,-0.0897,-0.1586,-0.0016
79032081818817,加速度计,0.3370,7.3442,5.9879,,,,,,,
79032091848400,加速度计,-0.5387,7.4801,7.1156,,,,,,,
79032101875952,加速度计,-2.0111,7.6501,10.9708,,,,,,,
79032094369962,陀螺仪,,,,,,,,-0.1374,-0.0963,0.1288
79032111897931,加速度计,-1.2061,10.5201,7.1641,,,,,,,
79032114411733,陀螺仪,,,,,,,,-0.0055,-0.0997,0.2609
79032121916265,加速度计,-0.4645,7.7871,5.6503,,,,,,,
79032131934598,加速度计,-0.2945,5.8065,-1.0475,,,,,,,
79032134448400,陀螺仪,,,,,,,,-0.0752,-0.0646,0.2987
79032141952931,加速度计,0.6919,6.6876,2.3391,,,,,,,
79032151971265,加速度计,-2.8653,6.5894,0.3160,,,,,,,
79032154485067,陀螺仪,,,,,,,,-0.1810,-0.0261,0.3433
79032161989598,加速度计,2.2380,7.7375,19.5780,,,,,,,
79032172016369,加速度计,0.1496,14.0629,5.7054,,,,,,,
79032182033140,加速度计,-0.7380,6.1645,4.9309,,,,,,,
79032174533712,陀螺仪,,,,,,,,-0.0897,-0.0289,0.3931
79032192031681,加速度计,-0.3154,3.0143,3.3710,,,,,,,
79032202031369,加速度计,0.7171,6.9001,5.8484,,,,,,,
79032194531421,陀螺仪,,,,,,,,-0.1330,0.0245,0.4246
79032212032931,加速度计,-0.3232,9.5277,6.7475,,,,,,,
79032222036890,加速度计,-0.0862,7.1629,12.5049,,,,,,,
79032214535796,陀螺仪,,,,,,,,-0.1573,0.0728,0.4812
79032232043660,加速度计,1.4970,7.3909,6.6343,,,,,,,
79032242053660,加速度计,1.1648,7.3783,2.5301,,,,,,,
79032234551004,陀螺仪,,,,,,,,-0.0494,0.1142,0.5479
79032252067306,加速度计,0.8481,6.2716,5.5803,,,,,,,
79032254580171,陀螺仪,,,,,,,,-0.1298,0.1895,0.5645
79032262084702,加速度计,0.5237,6.1142,6.7654,,,,,,,
79032272105535,加速度计,0.1299,6.7738,8.4228,,,,,,,
79032274623504,陀螺仪,,,,,,,,-0.0670,0.2063,0.5762
79032282129702,加速度计,1.7508,8.0661,9.4613,,,,,,,
79032292156890,加速度计,0.8697,7.3197,6.6277,,,,,,,
79032302186681,加速度计,1.2372,7.0964,2.9592,,,,,,,
79032294679129,陀螺仪,,,,,,,,0.0270,0.2258,0.5716
79032312218348,加速度计,1.5143,7.1706,5.0667,,,,,,,
79032314743087,陀螺仪,,,,,,,,-0.0426,0.2217,0.5208
79032322251369,加速度计,0.0820,6.9719,6.6631,,,,,,,
79032332285015,加速度计,2.8970,8.3444,5.8628,,,,,,,
79032334810379,陀螺仪,,,,,,,,-0.0099,0.2016,0.4413
79032342318765,加速度计,1.3072,8.8238,3.7499,,,,,,,
79032352343140,加速度计,-0.4669,5.9119,4.8752,,,,,,,
79032354857879,陀螺仪,,,,,,,,-0.0694,0.1871,0.3669
79032362362515,加速度计,1.6029,6.3267,5.5252,,,,,,,
79032372381265,加速度计,0.4322,6.9474,5.7203,,,,,,,
79032382399702,加速度计,0.5130,7.7291,4.7920,,,,,,,
79032374895171,陀螺仪,,,,,,,,-0.0782,0.1627,0.3225
79032392418035,加速度计,0.4968,6.7660,10.6123,,,,,,,
79032402436369,加速度计,0.8356,7.6716,9.5032,,,,,,,
79032394931837,陀螺仪,,,,,,,,-0.0997,0.1401,0.3394
79032412454702,加速度计,1.9130,7.8225,7.8931,,,,,,,
79032414970379,陀螺仪,,,,,,,,0.0057,0.1407,0.3124
79032422477879,加速度计,1.3054,7.4065,7.8440,,,,,,,
79032432493452,加速度计,0.3346,6.4410,6.3740,,,,,,,
79032435001942,陀螺仪,,,,,,,,0.0164,0.1637,0.3159
79032442504702,加速度计,0.7889,7.6160,4.3981,,,,,,,
79032452516317,加速度计,1.8950,7.7686,4.7651,,,,,,,
79032455025640,陀螺仪,,,,,,,,-0.0603,0.1574,0.3080
79032462528712,加速度计,-0.7787,6.2836,9.6145,,,,,,,
79032472541942,加速度计,0.5962,7.5447,7.6339,,,,,,,
79032482556004,加速度计,1.7136,7.5124,6.0885,,,,,,,
79032475052515,陀螺仪,,,,,,,,0.0044,0.1699,0.3545
79032492571265,加速度计,0.8338,7.4777,5.0823,,,,,,,
79032495083660,陀螺仪,,,,,,,,-0.0174,0.2238,0.3723
79032502587775,加速度计,-0.8110,6.6481,9.0016,,,,,,,
79032512605535,加速度计,0.2197,8.3953,7.3328,,,,,,,
79032515119806,陀螺仪,,,,,,,,0.0334,0.2545,0.4637
79032522624546,加速度计,3.3662,7.7584,5.9693,,,,,,,
79032532644806,加速度计,0.7865,5.4217,4.7806,,,,,,,
79032535160952,陀螺仪,,,,,,,,0.0268,0.3501,0.5029
79032542666317,加速度计,0.8877,6.6379,4.7327,,,,,,,
79032552688712,加速度计,0.8045,7.2347,8.0828,,,,,,,
79032555206160,陀螺仪,,,,,,,,0.0321,0.3973,0.5498
79032562711942,加速度计,2.0381,8.5677,5.8083,,,,,,,
79032572735640,加速度计,1.5269,7.8105,6.6601,,,,,,,
79032575253765,陀螺仪,,,,,,,,0.0213,0.4198,0.5445
79032582759754,加速度计,0.4345,7.8817,8.3821,,,,,,,
79032592783921,加速度计,3.2130,8.0266,7.9499,,,,,,,
79032595302098,陀螺仪,,,,,,,,0.0433,0.4446,0.5336
79032602808087,加速度计,1.8334,7.4178,7.0677,,,,,,,
79032612827150,加速度计,0.4717,6.0340,6.3728,,,,,,,
79032615340952,陀螺仪,,,,,,,,0.0674,0.4798,0.5021
79032622845483,加速度计,0.4908,6.7343,8.1618,,,,,,,
79032632863817,加速度计,1.5461,8.4527,4.0486,,,,,,,
79032635377619,陀螺仪,,,,,,,,0.1083,0.4694,0.4987
79032642882150,加速度计,1.2222,7.3987,4.7369,,,,,,,
79032652900483,加速度计,-1.6879,6.5936,7.9158,,,,,,,
79032655414285,陀螺仪,,,,,,,,0.1104,0.4240,0.4634
79032662918817,加速度计,1.7526,9.2045,4.5083,,,,,,,
79032672938348,加速度计,3.5775,8.2546,-1.7083,,,,,,,
79032675452983,陀螺仪,,,,,,,,0.0956,0.3914,0.3182
79032682957410,加速度计,0.8829,7.4621,3.0436,,,,,,,
79032692975327,加速度计,-1.6185,6.2207,-2.9820,,,,,,,
79032695488817,陀螺仪,,,,,,,,-0.0372,0.3442,0.2174
79032702993244,加速度计,1.4120,10.3034,19.1063,,,,,,,
79032713011160,加速度计,0.6644,17.2999,4.5568,,,,,,,
79032715524650,陀螺仪,,,,,,,,0.0317,0.2759,0.1454
79032723029077,加速度计,0.1700,6.7062,7.2754,,,,,,,
79032733046994,加速度计,0.0168,2.9760,4.7692,,,,,,,
79032743064910,加速度计,-0.2340,5.8311,-0.3106,,,,,,,
79032735560483,陀螺仪,,,,,,,,0.0274,0.2940,0.1609
79032753082827,加速度计,0.9373,8.1989,1.8651,,,,,,,
79032755596317,陀螺仪,,,,,,,,-0.0752,0.3004,0.1740
79032763100744,加速度计,0.8068,8.0888,9.9713,,,,,,,
79032773118660,加速度计,-1.2324,8.8520,12.6791,,,,,,,
79032775632150,陀螺仪,,,,,,,,-0.0266,0.2846,0.2024
79032783136577,加速度计,1.5006,9.2332,4.2742,,,,,,,
79032793154494,加速度计,0.9714,6.7397,4.9189,,,,,,,
79032795667983,陀螺仪,,,,,,,,-0.0642,0.3204,0.2253
79032803172410,加速度计,-1.1013,5.1164,8.9579,,,,,,,
79032813190327,加速度计,0.4591,7.6908,8.4168,,,,,,,
79032815703817,陀螺仪,,,,,,,,0.0354,0.3289,0.2834
79032823208244,加速度计,1.9692,9.4433,0.9613,,,,,,,
79032833226160,加速度计,1.9561,6.9593,4.5005,,,,,,,
79032835739910,陀螺仪,,,,,,,,-0.0727,0.3529,0.2321
79032843244442,加速度计,-0.3741,4.4005,3.9361,,,,,,,
79032853263140,加速度计,0.2358,6.1848,12.5809,,,,,,,
79032855777254,陀螺仪,,,,,,,,-0.0688,0.3699,0.2393
79032863281890,加速度计,-0.7470,9.9276,9.6379,,,,,,,
79032873300640,加速度计,0.9834,9.4194,5.8772,,,,,,,
79032883319390,加速度计,-0.0425,7.7339,10.7554,,,,,,,
79032875814754,陀螺仪,,,,,,,,0.0053,0.3526,0.2575
79032893338140,加速度计,0.1502,8.3701,6.8893,,,,,,,
79032895852254,陀螺仪,,,,,,,,0.0080,0.3305,0.2422
79032903356890,加速度计,0.2328,8.0361,10.9056,,,,,,,
79032913375640,加速度计,0.9876,9.4320,6.1908,,,,,,,
79032915893140,陀螺仪,,,,,,,,0.1017,0.2657,0.1864
79032923407150,加速度计,1.0690,7.9410,5.1362,,,,,,,
79032933426421,加速度计,-0.7141,5.4630,3.1789,,,,,,,
79032947709850,GPS,,,,31.9414,118.7894,3.0300,282.7000,,,
79032943427150,加速度计,2.5911,5.2996,4.6394,,,,,,,
79032935926994,陀螺仪,,,,,,,,0.0803,0.2027,0.0871
79032953428921,加速度计,1.5461,6.8750,4.7603,,,,,,,
79032963432254,加速度计,0.6087,5.8377,4.3790,,,,,,,
79032955931369,陀螺仪,,,,,,,,0.1201,0.1465,-0.0655
79032973437879,加速度计,3.3477,5.9616,2.5768,,,,,,,
79032975944077,陀螺仪,,,,,,,,0.1352,0.1217,-0.1005
79032983446317,加速度计,2.4122,8.4222,3.1119,,,,,,,
79032993457671,加速度计,2.3900,10.3579,2.2547,,,,,,,
79033003472254,加速度计,2.2799,8.9501,8.3157,,,,,,,
79032995968452,陀螺仪,,,,,,,,-0.0049,0.0944,-0.1999
79033013490171,加速度计,0.5848,7.2574,9.2398,,,,,,,
79033016005744,陀螺仪,,,,,,,,-0.0474,0.0366,-0.2646
79033023511108,加速度计,0.3406,5.6677,12.1099,,,,,,,
79033033534962,加速度计,0.3220,6.2782,11.7591,,,,,,,
79033043561421,加速度计,1.2977,6.0005,9.6959,,,,,,,
79033036054702,陀螺仪,,,,,,,,0.1206,-0.0225,-0.2478
79033053590067,加速度计,1.2779,5.6796,4.0007,,,,,,,
79033056112619,陀螺仪,,,,,,,,0.2349,-0.0292,-0.2497
79033063620171,加速度计,0.8392,6.5703,1.2492,,,,,,,
79033073651212,加速度计,1.8950,6.4895,6.8785,,,,,,,
79033083682775,加速度计,1.0397,8.7406,8.7472,,,,,,,
79033076174910,陀螺仪,,,,,,,,0.0884,-0.0550,-0.2816
79033093714442,加速度计,1.6885,9.1901,7.0862,,,,,,,
79033096232410,陀螺仪,,,,,,,,0.0670,-0.0666,-0.2896
79033103737358,加速度计,2.6809,6.8277,5.2295,,,,,,,
79033113756108,加速度计,0.6285,5.9197,6.7032,,,,,,,
79033116269910,陀螺仪,,,,,,,,-0.0100,-0.0210,-0.2447
79033123774442,加速度计,1.7334,5.7838,9.7965,,,,,,,
79033133792775,加速度计,2.1135,8.0200,8.9615,,,,,,,
79033136306577,陀螺仪,,,,,,,,0.0324,0.0356,-0.1494
79033143811108,加速度计,1.2480,8.4563,6.7050,,,,,,,
79033153829442,加速度计,1.8172,6.9947,7.3915,,,,,,,
79033156343244,陀螺仪,,,,,,,,-0.0083,0.0900,-0.0704
79033163847775,加速度计,-0.3035,6.9157,10.4291,,,,,,,
79033173873712,加速度计,-0.0676,8.4677,11.3808,,,,,,,
79033183886212,加速度计,2.8048,9.0453,4.1922,,,,,,,
79033176383140,陀螺仪,,,,,,,,0.0736,0.0625,0.0284
79033193898712,加速度计,3.5171,6.4721,-0.4770,,,,,,,
79033203911629,加速度计,1.7675,5.4971,-5.5677,,,,,,,
79033196408452,陀螺仪,,,,,,,,0.0083,0.1063,-0.0581
79033213924962,加速度计,-1.0534,4.0055,6.4751,,,,,,,
79033223939129,加速度计,0.9098,6.1004,18.5054,,,,,,,
79033216435640,陀螺仪,,,,,,,,-0.1839,0.1426,-0.0249
79033233954129,加速度计,0.2113,12.1530,3.2064,,,,,,,
79033243969962,加速度计,0.7901,6.2531,1.7951,,,,,,,
79033236466056,陀螺仪,,,,,,,,0.0077,0.1820,0.0905
79033253986629,加速度计,0.4633,2.1147,7.7548,,,,,,,
79033264004546,加速度计,-0.7883,6.2668,8.0768,,,,,,,
79033256500119,陀螺仪,,,,,,,,-0.0435,0.2406,0.1774
79033274023296,加速度计,1.2300,10.0060,7.1790,,,,,,,
79033284042879,加速度计,2.6653,9.3553,2.1668,,,,,,,
79033276538035,陀螺仪,,,,,,,,0.0963,0.2569,0.2594
79033294063296,加速度计,2.0638,6.6295,-0.7883,,,,,,,
79033304084546,加速度计,0.4741,8.5437,2.9491,,,,,,,
79033296579285,陀螺仪,,,,,,,,0.0020,0.2826,0.1555
79033314106629,加速度计,0.0652,7.7351,23.3411,,,,,,,
79033324129129,加速度计,2.5636,15.0051,17.5022,,,,,,,
79033316623556,陀螺仪,,,,,,,,0.0261,0.1763,0.1385
79033334152046,加速度计,1.4455,9.3446,-11.2097,,,,,,,
79033344174962,加速度计,3.3716,-0.1107,-8.3528,,,,,,,
79033336669285,陀螺仪,,,,,,,,0.1489,0.1981,-0.0482
79033354197879,加速度计,0.2777,3.1430,25.2660,,,,,,,
79033364220379,加速度计,0.9714,12.4846,13.0035,,,,,,,
79033374239129,加速度计,4.5334,12.7551,-6.2429,,,,,,,
79033356714806,陀螺仪,,,,,,,,-0.0427,0.1270,-0.1049
79033376752931,陀螺仪,,,,,,,,0.0935,0.1097,-0.1815
79033384257462,加速度计,4.7633,1.2570,8.1738,,,,,,,
79033394275796,加速度计,1.2558,4.0510,2.7569,,,,,,,
79033404294129,加速度计,0.4717,11.0259,3.5063,,,,,,,
79033396789598,陀螺仪,,,,,,,,0.0181,0.0648,-0.3686
79033414312462,加速度计,2.0369,9.1967,12.2344,,,,,,,
79033416827202,陀螺仪,,,,,,,,-0.0667,-0.0265,-0.3923
79033424335640,加速度计,2.6187,8.0379,11.1875,,,,,,,
79033434350640,加速度计,1.5694,6.1435,6.6511,,,,,,,
79033444365640,加速度计,1.4982,5.7006,4.1563,,,,,,,
79033436861942,陀螺仪,,,,,,,,-0.0069,-0.0688,-0.4772
79033454380640,加速度计,0.1652,6.2632,8.1319,,,,,,,
79033464396056,加速度计,-0.0670,8.0254,10.1155,,,,,,,
79033456892254,陀螺仪,,,,,,,,-0.0543,-0.1115,-0.4931
79033474411890,加速度计,1.1181,6.9264,4.7938,,,,,,,
79033476924129,陀螺仪,,,,,,,,-0.0209,-0.1723,-0.4923
79033484428140,加速度计,1.0894,5.5234,3.6667,,,,,,,
79033494444806,加速度计,-0.3424,4.0881,7.2646,,,,,,,
79033504461890,加速度计,-0.1030,5.3558,8.5305,,,,,,,
79033496957671,陀螺仪,,,,,,,,-0.0656,-0.1867,-0.4669
79033514479390,加速度计,-0.3454,8.1894,6.4398,,,,,,,
79033516993192,陀螺仪,,,,,,,,-0.0111,-0.1747,-0.3320
79033524497723,加速度计,1.1456,7.1359,8.3157,,,,,,,
79033534516473,加速度计,0.1622,5.9185,9.0058,,,,,,,
79033537030900,陀螺仪,,,,,,,,0.0362,-0.1059,-0.2185
79033544535640,加速度计,-0.9942,7.1658,7.7830,,,,,,,
79033554555223,加速度计,0.6829,8.5647,5.0350,,,,,,,
79033564575223,加速度计,1.0409,6.7044,5.0560,,,,,,,
79033557070275,陀螺仪,,,,,,,,0.0656,-0.0376,-0.0301
79033574595640,加速度计,0.1592,3.0089,7.5040,,,,,,,
79033577111317,陀螺仪,,,,,,,,0.0607,0.0451,0.0802
79033584616473,加速度计,-1.6753,5.3636,8.5772,,,,,,,
79033594637723,加速度计,0.7841,13.9576,1.0744,,,,,,,
79033597153712,陀螺仪,,,,,,,,0.0509,0.1320,0.2682
79033604658973,加速度计,2.1488,13.7714,3.5937,,,,,,,
79033614680223,加速度计,-0.8661,3.0059,13.1502,,,,,,,
79033617196212,陀螺仪,,,,,,,,-0.0807,0.1814,0.2961
79033624701473,加速度计,-2.1470,3.8319,10.9223,,,,,,,
79033634721890,加速度计,-0.7925,7.3628,3.0263,,,,,,,
79033644740640,加速度计,1.9381,9.6127,3.7391,,,,,,,
79033637236004,陀螺仪,,,,,,,,0.0509,0.2770,0.5426
79033654758973,加速度计,0.9068,7.3436,8.1259,,,,,,,
79033664777306,加速度计,-2.1362,5.9616,7.6058,,,,,,,
79033657272775,陀螺仪,,,,,,,,-0.0322,0.3236,0.4712
79033674818608,加速度计,-0.3759,7.4621,8.0613,,,,,,,
79033684814858,加速度计,-1.9207,9.8952,10.9918,,,,,,,
79033677315848,陀螺仪,,,,,,,,0.0394,0.3047,0.4979
79033694811942,加速度计,-0.6794,8.0894,8.7436,,,,,,,
79033704810692,加速度计,3.7062,7.9697,-2.5229,,,,,,,
79033697311056,陀螺仪,,,,,,,,0.1788,0.2993,0.5583
79033714811525,加速度计,2.7827,8.8885,-7.8793,,,,,,,
79033724815275,加速度计,-1.2833,3.0287,3.9450,,,,,,,
79033717314390,陀螺仪,,,,,,,,-0.0999,0.3151,0.3318
79033734822358,加速度计,-0.7961,6.7876,23.5398,,,,,,,
79033744833192,加速度计,-0.3220,16.2028,3.6320,,,,,,,
79033737330535,陀螺仪,,,,,,,,-0.0208,0.2350,0.2867
79033754847775,加速度计,2.0943,8.5772,-2.1847,,,,,,,
79033764866108,加速度计,-1.0523,-1.3743,6.8767,,,,,,,
79033757361577,陀螺仪,,,,,,,,-0.0913,0.2313,0.1964
79033774888192,加速度计,-1.7747,3.8523,11.0289,,,,,,,
79033784913608,加速度计,2.2350,12.7006,8.0589,,,,,,,
79033777407306,陀螺仪,,,,,,,,0.0220,0.2083,0.2356
79033794941942,加速度计,2.1524,12.3846,5.7563,,,,,,,
79033804972775,加速度计,0.5201,6.1477,9.5816,,,,,,,
79033797465119,陀螺仪,,,,,,,,0.0228,0.2105,0.1816
79033815005692,加速度计,0.3406,4.6717,5.7102,,,,,,,
79033817531369,陀螺仪,,,,,,,,0.0851,0.1919,0.1521
79033825039858,加速度计,1.5275,8.2432,1.5880,,,,,,,
79033835074442,加速度计,2.0895,8.9106,3.8786,,,,,,,
79033845109025,加速度计,-0.5561,6.2872,6.6517,,,,,,,
79033837600431,陀螺仪,,,,,,,,-0.0438,0.1847,0.0533
79033855130692,加速度计,-1.6412,5.2457,6.5164,,,,,,,
79033865149025,加速度计,1.3108,6.5589,5.5815,,,,,,,
79033857644494,陀螺仪,,,,,,,,-0.0238,0.1181,0.0063
79033875167358,加速度计,0.9876,7.9290,2.1314,,,,,,,
79033885185692,加速度计,0.4705,7.6956,8.6670,,,,,,,
79033877681160,陀螺仪,,,,,,,,-0.0854,0.0989,-0.0453
79033895204025,加速度计,-0.2711,7.1952,13.8265,,,,,,,
79033897717827,陀螺仪,,,,,,,,-0.0389,0.0482,-0.1099
79033905222358,加速度计,-0.2358,8.7496,10.6566,,,,,,,
79033915240692,加速度计,1.1977,10.5339,5.1595,,,,,,,
79033917758973,陀螺仪,,,,,,,,-0.0060,0.0269,-0.1174
79033925271942,加速度计,1.5520,6.0867,4.5771,,,,,,,
79033935284754,加速度计,0.4411,5.1876,7.0575,,,,,,,
79033949000371,GPS,,,,31.9414,118.7893,3.0400,266.5000,,,
79033937781473,陀螺仪,,,,,,,,-0.0262,-0.0146,-0.1790
79033945280379,加速度计,-0.1030,7.0204,9.3577,,,,,,,
79033955277462,加速度计,1.6017,9.3212,6.9288,,,,,,,
79033957776890,陀螺仪,,,,,,,,0.0380,-0.0794,-0.2306
79033965276837,加速度计,2.2787,8.7921,6.3033,,,,,,,
79033975279025,加速度计,1.5993,6.5529,6.5787,,,,,,,
79033985284754,加速度计,0.1610,6.4278,5.9430,,,,,,,
79033977783140,陀螺仪,,,,,,,,0.0216,-0.1035,-0.2921
79033995294233,加速度计,-0.5363,7.9332,4.3934,,,,,,,
79034005307775,加速度计,1.9591,6.4781,7.3634,,,,,,,
79033997804181,陀螺仪,,,,,,,,0.0561,-0.1340,-0.2531
79034015325483,加速度计,1.5856,7.7159,2.7725,,,,,,,
79034025347046,加速度计,0.0527,6.4871,3.3698,,,,,,,
79034017841473,陀螺仪,,,,,,,,0.0491,-0.1334,-0.2317
79034035372358,加速度计,0.1808,6.6188,5.2068,,,,,,,
79034045400796,加速度计,-0.6225,7.7243,6.9599,,,,,,,
79034037893556,陀螺仪,,,,,,,,-0.0031,-0.1357,-0.2173
79034055431837,加速度计,0.6183,8.5982,10.1311,,,,,,,
79034065465067,加速度计,0.4633,8.5569,9.3045,,,,,,,
79034057956681,陀螺仪,,,,,,,,-0.0084,-0.1349,-0.1230
79034075499754,加速度计,-0.1897,6.0783,9.1979,,,,,,,
79034085535067,加速度计,-0.3938,6.8331,3.2052,,,,,,,
79034078026265,陀螺仪,,,,,,,,0.0445,-0.0915,-0.0494
79034095570483,加速度计,-0.1095,5.7162,5.0003,,,,,,,
79034105594337,加速度计,0.3621,5.8347,9.3901,,,,,,,
79034098089390,陀螺仪,,,,,,,,-0.0306,-0.0445,0.0625
79034115613087,加速度计,-1.1271,6.5434,9.4116,,,,,,,
79034125631421,加速度计,-0.0557,5.1655,7.9272,,,,,,,
79034118126890,陀螺仪,,,,,,,,0.0205,-0.0146,0.1372
79034135649754,加速度计,0.5997,6.8624,4.0306,,,,,,,
79034145668087,加速度计,0.4555,6.4973,4.4113,,,,,,,
79034138163556,陀螺仪,,,,,,,,0.0774,0.0434,0.2181
79034155686421,加速度计,0.2274,7.5489,7.5591,,,,,,,
79034158200223,陀螺仪,,,,,,,,0.0469,0.1049,0.2908
79034165704754,加速度计,0.2777,8.6167,7.4645,,,,,,,
79034175726733,加速度计,1.3653,9.9006,6.2177,,,,,,,
79034178238973,陀螺仪,,,,,,,,0.0234,0.1491,0.3553
79034185742983,加速度计,-1.4108,8.7215,10.3226,,,,,,,
79034195759233,加速度计,-0.7075,8.4497,9.8192,,,,,,,
79034198271473,陀螺仪,,,,,,,,0.0969,0.1702,0.4475
79034205775483,加速度计,2.5091,8.3246,2.2290,,,,,,,
79034215791733,加速度计,2.5738,6.7696,-5.0159,,,,,,,
79034218303973,陀螺仪,,,,,,,,-0.0341,0.2419,0.3894
79034225808035,加速度计,1.8346,5.3169,-5.7970,,,,,,,
79034235824754,加速度计,0.0593,5.0589,18.2719,,,,,,,
79034238337619,陀螺仪,,,,,,,,-0.2224,0.2927,0.3437
79034245841890,加速度计,-1.1899,9.8940,20.8020,,,,,,,
79034255859442,加速度计,2.3810,11.6250,10.2286,,,,,,,
79034258372931,陀螺仪,,,,,,,,0.1249,0.2850,0.3639
79034265877410,加速度计,1.5293,7.1988,-3.3094,,,,,,,
79034275895796,加速度计,0.1041,2.5385,2.4966,,,,,,,
79034278409910,陀螺仪,,,,,,,,-0.0577,0.3222,0.3116
79034285914598,加速度计,0.2095,6.3548,11.6879,,,,,,,
79034295933817,加速度计,1.3222,10.6931,13.2022,,,,,,,
79034298448556,陀螺仪,,,,,,,,0.0886,0.2606,0.2828
79034305953452,加速度计,1.6837,9.9383,9.2829,,,,,,,
79034315973452,加速度计,2.2942,5.0787,4.6166,,,,,,,
79034318488504,陀螺仪,,,,,,,,0.1655,0.2149,0.1354
79034325993452,加速度计,3.6069,5.8670,-2.1733,,,,,,,
79034336013452,加速度计,2.3481,6.9366,0.6339,,,,,,,
79034338528504,陀螺仪,,,,,,,,0.0000,0.1847,-0.0684
79034346033452,加速度计,0.3172,9.5870,7.2951,,,,,,,
79034356053452,加速度计,-0.2795,8.7227,14.3892,,,,,,,
79034358568504,陀螺仪,,,,,,,,0.0100,0.0750,-0.1730
79034366073452,加速度计,1.7316,8.0894,9.3793,,,,,,,
79034376093452,加速度计,1.5173,7.1275,1.9674,,,,,,,
79034378608504,陀螺仪,,,,,,,,0.0712,0.0043,-0.2776
79034386113400,加速度计,1.7837,5.4187,2.1775,,,,,,,
79034396132879,加速度计,1.2779,6.4003,9.0603,,,,,,,
79034398646994,陀螺仪,,,,,,,,0.0281,-0.0446,-0.3578
79034406151577,加速度计,0.7518,9.4278,8.2049,,,,,,,
79034416170692,加速度计,2.4289,8.0631,7.6716,,,,,,,
79034418699233,陀螺仪,,,,,,,,0.0601,-0.1063,-0.3937
79034426209442,加速度计,2.3343,6.9252,2.3062,,,,,,,
79034436204129,加速度计,2.2865,5.4713,5.0637,,,,,,,
79034438700744,陀螺仪,,,,,,,,0.0036,-0.0957,-0.4095
79034446199754,加速度计,1.5957,7.1892,10.7577,,,,,,,
79034456197150,加速度计,1.1726,10.3316,8.7921,,,,,,,
79034458696890,陀螺仪,,,,,,,,0.0644,-0.0940,-0.3474
79034466197098,加速度计,2.4038,7.0719,8.8053,,,,,,,
79034476200067,加速度计,1.8214,7.3035,7.7123,,,,,,,
79034478704806,陀螺仪,,,,,,,,0.1164,-0.0497,-0.3153
79034486206837,加速度计,0.3328,5.6192,5.7802,,,,,,,
79034496217775,加速度计,1.2103,7.7285,5.4348,,,,,,,
79034498728765,陀螺仪,,,,,,,,0.1049,-0.0177,-0.2172
79034506232879,加速度计,0.3268,7.3885,6.1256,,,,,,,
79034516252098,加速度计,1.0397,7.0150,2.0913,,,,,,,
79034518769025,陀螺仪,,,,,,,,0.0562,-0.0220,-0.1779
79034526275067,加速度计,1.0026,5.9334,6.7050,,,,,,,
79034536301733,加速度计,-0.5740,7.3107,6.6619,,,,,,,
79034538823973,陀螺仪,,,,,,,,0.0182,-0.0121,-0.1625
79034546331629,加速度计,1.2240,7.2766,8.8699,,,,,,,
79034556363973,加速度计,0.0964,8.1421,6.5667,,,,,,,
79034558889650,陀螺仪,,,,,,,,0.0459,0.0205,-0.1149
79034566398296,加速度计,1.2701,7.6357,3.0119,,,,,,,
79034576433765,加速度计,1.3785,7.0425,3.4147,,,,,,,
79034578960692,陀螺仪,,,,,,,,-0.0687,0.0257,-0.1421
79034586469598,加速度计,0.1502,5.2313,7.7871,,,,,,,
79034596503400,加速度计,0.1969,5.2852,7.6620,,,,,,,
79034599018140,陀螺仪,,,,,,,,-0.0675,0.0184,-0.1182
79034606522827,加速度计,1.2791,5.8502,6.5625,,,,,,,
79034616541160,加速度计,1.3683,5.0901,8.5401,,,,,,,
79034619054962,陀螺仪,,,,,,,,-0.0450,0.0417,-0.1039
79034626559494,加速度计,0.8248,6.5667,11.0175,,,,,,,
79034636577827,加速度计,0.5435,8.1965,7.5657,,,,,,,
79034639091629,陀螺仪,,,,,,,,0.0565,0.0387,-0.1080
79034646596160,加速度计,2.4774,9.3242,5.5204,,,,,,,
79034656614494,加速度计,1.0062,6.3518,7.2903,,,,,,,
79034659128296,陀螺仪,,,,,,,,0.0193,0.0266,-0.1562
79034666633348,加速度计,-1.2953,6.2602,8.5730,,,,,,,
79034679166837,陀螺仪,,,,,,,,0.0447,0.0150,-0.0802
79034676658973,加速度计,-0.2340,9.2075,6.8366,,,,,,,
79034686669390,加速度计,-1.9459,7.9871,10.9289,,,,,,,
79034696679910,加速度计,-0.6333,8.1864,10.2029,,,,,,,
79034699188087,陀螺仪,,,,,,,,0.1490,0.0465,0.1158
79034706690952,加速度计,2.0207,7.4418,-0.6009,,,,,,,
79034716702827,加速度计,2.4553,6.7056,-6.5003,,,,,,,
79034719212254,陀螺仪,,,,,,,,0.0521,0.1482,0.1236
79034726715640,加速度计,1.0427,4.7154,-9.6582,,,,,,,
79034736729702,加速度计,-2.1243,6.5074,26.2943,,,,,,,
79034739241004,陀螺仪,,,,,,,,-0.3626,0.2109,0.2005
79034746745015,加速度计,-2.8647,12.6264,19.1237,,,,,,,
79034756761681,加速度计,0.4022,13.6571,5.0667,,,,,,,
79034759275171,陀螺仪,,,,,,,,0.0892,0.1876,0.1876
79034766779910,加速度计,2.9353,4.9261,-1.8812,,,,,,,
79034776799390,加速度计,-0.5291,0.7039,1.7166,,,,,,,
79034779314754,陀螺仪,,,,,,,,-0.1059,0.1989,0.0850
79034786820119,加速度计,-0.9307,7.1329,5.5785,,,,,,,
79034796842098,加速度计,-0.7542,10.7087,9.1476,,,,,,,
79034799359337,陀螺仪,,,,,,,,-0.0846,0.0755,0.0280
79034806865223,加速度计,1.8926,9.5708,6.5619,,,,,,,
79034816889077,加速度计,1.6682,5.8742,5.8389,,,,,,,
79034819407254,陀螺仪,,,,,,,,-0.0850,0.0368,-0.1377
79034826913348,加速度计,-0.3639,4.5562,4.1450,,,,,,,
79034836937931,加速度计,-0.4483,7.6495,8.4467,,,,,,,
79034839456421,陀螺仪,,,,,,,,-0.0417,0.0153,-0.1301
79034846962515,加速度计,0.4866,9.7785,11.6047,,,,,,,
79034856985848,加速度计,0.6123,8.6000,9.1333,,,,,,,
79034859500587,陀螺仪,,,,,,,,0.0594,-0.0025,-0.1007
79034867005223,加速度计,1.8459,6.4284,6.5541,,,,,,,
79034877023869,加速度计,1.6664,5.3810,3.5123,,,,,,,
79034879537671,陀螺仪,,,,,,,,0.0888,0.0032,-0.1349
79034887042202,加速度计,0.2867,6.3207,6.2884,,,,,,,
79034897060535,加速度计,0.0431,9.1788,5.5593,,,,,,,
79034899574337,陀螺仪,,,,,,,,0.1048,-0.0505,-0.1878
79034907078869,加速度计,1.6945,10.8104,6.4039,,,,,,,
79034917097410,加速度计,1.7549,7.9152,6.8307,,,,,,,
79034919613556,陀螺仪,,,,,,,,0.0301,-0.1063,-0.2923
79034927122931,加速度计,0.9798,6.3913,7.1587,,,,,,,
79034939427089,GPS,,,,31.9414,118.7893,3.6800,264.1000,,,
79034937135015,加速度计,1.2809,8.0840,3.8583,,,,,,,
79034947147098,加速度计,0.8703,6.6493,7.1078,,,,,,,
79034939644129,陀螺仪,,,,,,,,0.0357,-0.1386,-0.3622
79034957159598,加速度计,1.1887,8.7544,6.4578,,,,,,,
79034967172515,加速度计,0.1975,7.7105,9.5271,,,,,,,
79034959669337,陀螺仪,,,,,,,,0.0178,-0.1807,-0.4077
79034977186265,加速度计,0.6213,8.3025,6.0316,,,,,,,
79034987200848,加速度计,0.7979,7.4693,4.1318,,,,,,,
79034979697254,陀螺仪,,,,,,,,0.0707,-0.2273,-0.4312
79034997216265,加速度计,-0.3867,7.1772,2.9155,,,,,,,
79034999728817,陀螺仪,,,,,,,,0.0261,-0.2601,-0.4171
79035007232931,加速度计,-0.4351,7.5615,7.2538,,,,,,,
79035017250848,加速度计,-0.3106,9.5672,4.6831,,,,,,,
79035027270015,加速度计,0.2813,7.8638,5.9125,,,,,,,
79035019765275,陀螺仪,,,,,,,,0.0170,-0.2882,-0.3654
79035037290431,加速度计,-0.5836,6.9192,4.5843,,,,,,,
79035047311681,加速度计,-1.0223,5.2182,5.6174,,,,,,,
79035039806421,陀螺仪,,,,,,,,-0.0354,-0.2686,-0.2827
79035057333765,加速度计,-0.5471,6.8923,6.5517,,,,,,,
79035059850692,陀螺仪,,,,,,,,-0.0475,-0.2437,-0.1523
79035067356265,加速度计,-1.6801,6.6954,9.0549,,,,,,,
79035077379181,加速度计,-1.5670,6.3734,10.1161,,,,,,,
79035087402515,加速度计,-0.9535,8.1409,8.3169,,,,,,,
79035079896733,陀螺仪,,,,,,,,0.0573,-0.2127,-0.0008
79035097425848,加速度计,-0.9361,8.2780,4.2371,,,,,,,
79035107449181,加速度计,-0.7548,6.5074,2.5373,,,,,,,
79035099943400,陀螺仪,,,,,,,,0.0799,-0.1672,0.1192
79035117469181,加速度计,-0.7590,7.1664,2.4924,,,,,,,
79035119982983,陀螺仪,,,,,,,,-0.0651,-0.1221,0.1929
79035127487515,加速度计,-0.9301,7.1335,7.7399,,,,,,,
79035137505848,加速度计,-0.6985,6.9306,12.0817,,,,,,,
79035147524181,加速度计,-0.0730,6.5685,10.1885,,,,,,,
79035140019650,陀螺仪,,,,,,,,-0.0823,-0.0836,0.2798
79035157542515,加速度计,0.1107,7.0479,5.4737,,,,,,,
79035167560848,加速度计,-0.4351,5.0703,5.7000,,,,,,,
79035160056317,陀螺仪,,,,,,,,-0.0244,-0.0049,0.3625
79035177598192,加速度计,-0.9487,6.9923,8.0128,,,,,,,
79035180094494,陀螺仪,,,,,,,,-0.0510,0.0559,0.4562
79035187593400,加速度计,-1.1313,8.1397,9.7252,,,,,,,
79035197589650,加速度计,1.8759,8.5126,6.0256,,,,,,,
79035200087827,陀螺仪,,,,,,,,-0.0209,0.0912,0.5258
79035207587775,加速度计,3.5668,5.7263,-3.1173,,,,,,,
79035217588504,加速度计,1.9932,5.0338,-2.6803,,,,,,,
79035220090744,陀螺仪,,,,,,,,-0.2867,0.1940,0.3987
79035227592254,加速度计,-1.3425,4.4329,17.5681,,,,,,,
79035237599442,加速度计,-2.0626,11.0869,23.1334,,,,,,,
79035240106994,陀螺仪,,,,,,,,-0.0069,0.1791,0.4573
79035247610483,加速度计,3.0041,14.1629,8.2881,,,,,,,
79035257625692,加速度计,0.3256,7.1317,1.8094,,,,,,,
79035260139494,陀螺仪,,,,,,,,0.0360,0.1999,0.4241
79035267644962,加速度计,-0.6835,1.5850,2.7360,,,,,,,
79035277667983,加速度计,0.9313,7.6602,6.6038,,,,,,,
79035280187410,陀螺仪,,,,,,,,0.0358,0.1783,0.4377
79035287694650,加速度计,2.8198,12.0069,6.7558,,,,,,,
79035297724442,加速度计,2.2398,9.4786,5.2834,,,,,,,
79035300248244,陀螺仪,,,,,,,,0.0085,0.1864,0.2792
79035307756629,加速度计,0.6261,4.9374,5.3834,,,,,,,
79035317790692,加速度计,0.4651,5.1655,5.1499,,,,,,,
79035320316994,陀螺仪,,,,,,,,0.0346,0.1834,0.2372
79035327825900,加速度计,0.1125,8.1702,7.8015,,,,,,,
79035337861733,加速度计,2.1290,9.7923,10.6775,,,,,,,
79035340388660,陀螺仪,,,,,,,,0.1124,0.1664,0.2152
79035347893921,加速度计,2.0662,10.1724,3.8828,,,,,,,
79035357914442,加速度计,2.0165,7.0072,6.9749,,,,,,,
79035360428244,陀螺仪,,,,,,,,0.1004,0.1589,0.1047
79035367932775,加速度计,1.3725,6.7774,7.0749,,,,,,,
79035377951108,加速度计,1.2947,6.6738,4.4879,,,,,,,
79035380464910,陀螺仪,,,,,,,,0.1270,0.1221,0.0225
79035387969442,加速度计,2.5486,7.5902,2.0201,,,,,,,
79035397987775,加速度计,1.0732,7.3328,5.2104,,,,,,,
79035400501577,陀螺仪,,,,,,,,0.0342,0.0676,-0.0972
79035408006108,加速度计,2.1237,6.3704,7.7405,,,,,,,
79035418025587,加速度计,3.0951,8.1134,3.5979,,,,,,,
79035420553869,陀螺仪,,,,,,,,0.0469,0.0200,-0.2253
79035428054858,加速度计,1.8465,6.0226,3.9768,,,,,,,
79035438059129,加速度计,0.7739,5.5085,8.7897,,,,,,,
79035440562619,陀螺仪,,,,,,,,0.0101,-0.0072,-0.2775
79035448063921,加速度计,1.6394,6.8696,11.4102,,,,,,,
79035458069650,加速度计,3.0095,8.3306,9.2213,,,,,,,
79035460574702,陀螺仪,,,,,,,,0.1368,-0.0429,-0.3300
79035468076733,加速度计,1.3593,6.6912,5.3636,,,,,,,
79035478085587,加速度计,1.6520,6.4961,5.1026,,,,,,,
79035480593452,陀螺仪,,,,,,,,0.1502,-0.0699,-0.3692
79035488096629,加速度计,1.5131,8.3199,5.7814,,,,,,,
79035498110171,加速度计,1.2234,9.9377,6.2309,,,,,,,
79035500621785,陀螺仪,,,,,,,,0.0696,-0.1337,-0.4314
79035508126212,加速度计,0.9852,8.8933,6.7289,,,,,,,
79035518144754,加速度计,1.2797,6.8109,7.3688,,,,,,,
79035520660119,陀螺仪,,,,,,,,-0.0055,-0.1796,-0.4735
79035528165796,加速度计,0.3077,5.7335,7.5519,,,,,,,
79035538189233,加速度计,0.9457,6.8516,5.8107,,,,,,,
79035540708035,陀螺仪,,,,,,,,0.0027,-0.1879,-0.4712
79035548214650,加速度计,0.4800,6.7068,4.0324,,,,,,,
79035558241629,加速度计,-0.6488,5.3091,4.6657,,,,,,,
79035560762619,陀螺仪,,,,,,,,-0.0663,-0.2041,-0.4208
79035568269754,加速度计,0.1018,6.8139,8.2259,,,,,,,
79035578298608,加速度计,1.0223,7.7189,8.6748,,,,,,,
79035580820535,陀螺仪,,,,,,,,-0.0683,-0.2117,-0.3623
79035588327775,加速度计,-0.3472,8.1008,6.9827,,,,,,,
79035598355587,加速度计,0.2263,7.4268,7.1850,,,,,,,
79035600873452,陀螺仪,,,,,,,,-0.0664,-0.1812,-0.2843
79035608378087,加速度计,-0.3053,7.0635,6.8378,,,,,,,
79035618396733,加速度计,-0.5165,7.2856,10.0664,,,,,,,
79035620910535,陀螺仪,,,,,,,,-0.0648,-0.1373,-0.1522
79035628415067,加速度计,1.0840,7.8159,6.8564,,,,,,,
79035638433400,加速度计,-0.4776,6.8331,4.6040,,,,,,,
79035640947202,陀螺仪,,,,,,,,-0.0522,-0.0814,-0.0744
79035648451733,加速度计,-0.8787,5.9053,5.8083,,,,,,,
79035658470067,加速度计,-1.0229,5.8826,6.8959,,,,,,,
79035660983869,陀螺仪,,,,,,,,-0.0704,-0.0707,0.0415
79035668488817,加速度计,-2.2021,8.6000,8.3827,,,,,,,
79035678510171,加速度计,-0.9774,6.6960,11.0193,,,,,,,
79035688525171,加速度计,0.8775,6.8319,1.4796,,,,,,,
79035681021473,陀螺仪,,,,,,,,0.0168,-0.0537,0.1988
79035698540171,加速度计,1.8908,5.3486,-4.4538,,,,,,,
79035708555327,加速度计,-0.1377,5.7688,0.0347,,,,,,,
79035701051525,陀螺仪,,,,,,,,-0.0856,0.0041,0.2081
79035718570900,加速度计,-1.5556,7.5962,19.1434,,,,,,,
79035721082879,陀螺仪,,,,,,,,-0.1415,0.0234,0.2393
79035728586890,加速度计,-1.7567,13.0837,17.6393,,,,,,,
79035738603296,加速度计,1.2031,11.5329,4.6477,,,,,,,
79035748620119,加速度计,0.9068,4.3341,0.1754,,,,,,,
79035741115900,陀螺仪,,,,,,,,0.0658,0.0698,0.3099
79035758637358,加速度计,-1.3066,2.2853,0.5321,,,,,,,
79035761150640,陀螺仪,,,,,,,,-0.0465,0.1427,0.3406
79035768655171,加速度计,-1.3635,8.2552,6.4051,,,,,,,
79035778673660,加速度计,-0.4573,11.8274,8.9657,,,,,,,
79035781187827,陀螺仪,,,,,,,,-0.0957,0.0880,0.3639
79035788692567,加速度计,0.5381,8.9429,7.7512,,,,,,,
79035798711890,加速度计,0.7536,5.3451,5.9472,,,,,,,
79035801226681,陀螺仪,,,,,,,,-0.0714,0.0832,0.2812
79035808731629,加速度计,0.6698,4.7555,5.5324,,,,,,,
79035818751785,加速度计,0.1556,7.1760,8.6880,,,,,,,
79035821267202,陀螺仪,,,,,,,,-0.0123,0.0991,0.2675
79035828772358,加速度计,0.1437,8.7101,9.3128,,,,,,,
79035838793192,加速度计,0.6201,9.1231,4.3509,,,,,,,
79035841308869,陀螺仪,,,,,,,,0.0419,0.0772,0.2337
79035848814025,加速度计,1.1319,6.3698,4.7315,,,,,,,
79035858834858,加速度计,1.1103,6.5841,6.5176,,,,,,,
79035861350535,陀螺仪,,,,,,,,0.0341,0.0619,0.1839
79035868855692,加速度计,1.0505,9.1075,3.7792,,,,,,,
79035878876525,加速度计,2.1350,9.1812,6.2100,,,,,,,
79035888896890,加速度计,0.2466,8.4096,5.1236,,,,,,,
79035881392046,陀螺仪,,,,,,,,-0.0399,0.0545,0.1045
79035898916004,加速度计,-0.2490,6.0926,6.8001,,,,,,,
79035901429806,陀螺仪,,,,,,,,-0.0774,0.0378,0.0871
79035908934337,加速度计,1.2869,6.5619,6.9629,,,,,,,
79035918955015,加速度计,0.7326,6.6433,5.1475,,,,,,,
79035921501837,陀螺仪,,,,,,,,-0.0597,0.0571,0.1111
79035942483964,GPS,,,,31.9414,118.7893,3.7100,266.7000,,,
79035928997723,加速度计,1.1474,6.1543,6.2243,,,,,,,
79035938981785,加速度计,0.1706,7.1060,6.1220,,,,,,,
79035941470587,陀螺仪,,,,,,,,-0.0325,0.0695,0.1053
79035948967410,加速度计,-0.0742,6.8899,9.6013,,,,,,,
79035958955848,加速度计,0.0688,9.1836,8.9914,,,,,,,
79035961449337,陀螺仪,,,,,,,,0.0555,0.0698,0.1445
79035968948244,加速度计,0.3753,10.1939,5.2128,,,,,,,
79035978945431,加速度计,0.1814,7.2048,6.7307,,,,,,,
79035981446421,陀螺仪,,,,,,,,0.0153,0.0686,0.1527
79035988948140,加速度计,-0.8074,7.2107,7.9763,,,,,,,
79035998956681,加速度计,0.4639,9.0573,5.5150,,,,,,,
79036001466421,陀螺仪,,,,,,,,0.0308,0.0449,0.1390
79036008971056,加速度计,-0.6111,7.9069,7.2628,,,,,,,
79036018991265,加速度计,0.4776,7.2868,4.8931,,,,,,,
79036021509754,陀螺仪,,,,,,,,-0.0068,0.0200,0.0803
79036029017202,加速度计,0.1963,5.2912,6.6882,,,,,,,
79036039048348,加速度计,-0.5848,7.0078,8.7550,,,,,,,
79036041574337,陀螺仪,,,,,,,,0.0244,-0.0044,0.0450
79036049083869,加速度计,1.0235,8.0816,9.1584,,,,,,,
79036059122931,加速度计,0.7751,8.0553,5.6240,,,,,,,
79036061653921,陀螺仪,,,,,,,,0.0844,-0.0312,-0.0028
79036069164598,加速度计,1.3096,7.0874,4.2521,,,,,,,
79036079207723,加速度计,0.3118,6.4278,4.2288,,,,,,,
79036081740587,陀螺仪,,,,,,,,0.0216,-0.0587,-0.0558
79036089250952,加速度计,1.7394,7.4478,7.0258,,,,,,,
79036099286890,加速度计,0.4878,7.5387,8.1960,,,,,,,
79036101801004,陀螺仪,,,,,,,,0.0076,-0.1040,-0.1325
79036109305535,加速度计,0.7272,7.1473,7.2790,,,,,,,
79036119323869,加速度计,1.3126,6.4685,7.1856,,,,,,,
79036121837671,陀螺仪,,,,,,,,0.0269,-0.1429,-0.1799
79036129342202,加速度计,-0.1550,6.9719,6.7714,,,,,,,
79036139360535,加速度计,0.2298,6.0412,9.4583,,,,,,,
79036141874337,陀螺仪,,,,,,,,0.0336,-0.1594,-0.1578
79036149378869,加速度计,-0.7620,8.2995,15.1224,,,,,,,
79036159397202,加速度计,0.3932,8.3085,8.9980,,,,,,,
79036161911004,陀螺仪,,,,,,,,0.2048,-0.1754,-0.0751
79036169416994,加速度计,2.4080,6.5176,0.5219,,,,,,,
79036179444129,加速度计,4.2988,4.9201,-6.6044,,,,,,,
79036189448452,加速度计,0.6285,5.2499,-0.3011,,,,,,,
79036181947358,陀螺仪,,,,,,,,0.0184,-0.0863,-0.0871
79036199453348,加速度计,-2.2817,4.8453,22.9682,,,,,,,
79036201957619,陀螺仪,,,,,,,,0.0133,-0.0358,0.0437
79036209459233,加速度计,0.2526,13.3291,14.9015,,,,,,,
79036219466525,加速度计,2.2410,12.0404,3.7900,,,,,,,
79036221973087,陀螺仪,,,,,,,,0.1288,0.0414,0.1945
79036229475640,加速度计,1.4054,3.3662,0.6488,,,,,,,
79036239486994,加速度计,-0.8505,2.7701,2.3553,,,,,,,
79036241997046,陀螺仪,,,,,,,,0.0459,0.1293,0.2313
79036249500848,加速度计,-0.2825,10.4459,3.7362,,,,,,,
79036259517202,加速度计,0.2975,11.7346,8.8801,,,,,,,
79036262031004,陀螺仪,,,,,,,,-0.0655,0.1473,0.3274
79036269536056,加速度计,0.6470,8.8951,8.7047,,,,,,,
79036279557410,加速度计,0.3861,4.3491,7.6130,,,,,,,
79036282074910,陀螺仪,,,,,,,,-0.0083,0.1482,0.2787
79036289581108,加速度计,-0.7985,5.6090,1.9710,,,,,,,
79036299606733,加速度计,0.0706,6.0717,6.4823,,,,,,,
79036302126942,陀螺仪,,,,,,,,-0.0185,0.1591,0.3087
79036309633869,加速度计,1.5508,9.7456,6.0112,,,,,,,
79036319662098,加速度计,0.5668,8.9088,7.5280,,,,,,,
79036322183765,陀螺仪,,,,,,,,-0.0224,0.1569,0.2228
79036329691004,加速度计,0.5800,7.3592,7.6465,,,,,,,
79036339720171,加速度计,0.6165,6.7109,5.3618,,,,,,,
79036349747306,加速度计,1.4281,7.1359,3.1394,,,,,,,
79036342241421,陀螺仪,,,,,,,,0.0217,0.1621,0.2202
79036359769025,加速度计,2.5654,8.8609,4.1809,,,,,,,
79036362282827,陀螺仪,,,,,,,,-0.0546,0.1623,0.1551
79036369787358,加速度计,0.6165,7.7015,5.2744,,,,,,,
79036379805692,加速度计,2.6426,6.1752,6.9677,,,,,,,
79036389824025,加速度计,1.8340,6.5565,2.5259,,,,,,,
79036382319494,陀螺仪,,,,,,,,-0.0491,0.1381,0.0746
79036399842358,加速度计,2.6121,6.4566,3.8577,,,,,,,
79036409860692,加速度计,2.8695,6.4536,5.9215,,,,,,,
79036402356160,陀螺仪,,,,,,,,-0.1337,0.1475,0.0208
79036419879806,加速度计,1.9704,7.6154,8.1439,,,,,,,
79036429900848,加速度计,1.9333,8.2103,11.2264,,,,,,,
79036422397254,陀螺仪,,,,,,,,-0.1226,0.1290,-0.0827
79036439915431,加速度计,0.9613,7.8027,9.7229,,,,,,,
79036449930015,加速度计,2.7096,7.5154,6.6224,,,,,,,
79036442426421,陀螺仪,,,,,,,,-0.0703,0.1158,-0.1068
79036459944806,加速度计,1.2210,6.8510,6.4841,,,,,,,
79036469960015,加速度计,1.0301,6.7900,7.8093,,,,,,,
79036462456212,陀螺仪,,,,,,,,-0.0597,0.1079,-0.1423
79036479975640,加速度计,2.9987,7.2419,7.1718,,,,,,,
79036482487671,陀螺仪,,,,,,,,-0.0526,0.0866,-0.1751
79036489991681,加速度计,2.6468,7.2269,6.6403,,,,,,,
79036500008348,加速度计,1.0121,5.0985,6.2345,,,,,,,
79036510025848,加速度计,0.2466,5.9903,8.8262,,,,,,,
79036502521421,陀螺仪,,,,,,,,-0.0712,0.0828,-0.2627
79036520044181,加速度计,-0.3286,7.3053,8.7831,,,,,,,
79036522558504,陀螺仪,,,,,,,,-0.0095,0.0222,-0.2561
79036530063348,加速度计,1.8082,7.4490,7.3310,,,,,,,
79036540083140,加速度计,0.9445,7.6040,7.0737,,,,,,,
79036550103348,加速度计,0.5387,6.4464,4.2713,,,,,,,
79036542598296,陀螺仪,,,,,,,,0.0003,-0.0173,-0.3119
79036560123973,加速度计,0.5638,6.3740,5.0829,,,,,,,
79036562639754,陀螺仪,,,,,,,,-0.0333,-0.0558,-0.3539
79036570145015,加速度计,-0.1945,7.6231,5.9622,,,,,,,
79036580166265,加速度计,-0.2658,6.5984,9.5451,,,,,,,
79036582682254,陀螺仪,,,,,,,,-0.0292,-0.1095,-0.3490
79036590187515,加速度计,0.7356,6.9797,7.8913,,,,,,,
79036600208765,加速度计,0.1826,9.1973,7.0665,,,,,,,
79036602724754,陀螺仪,,,,,,,,0.0220,-0.1220,-0.3457
79036610230015,加速度计,1.1163,8.0074,6.6517,,,,,,,
79036620250431,加速度计,0.1981,5.6324,6.2973,,,,,,,
79036622764962,陀螺仪,,,,,,,,0.0348,-0.1116,-0.2792
79036630269598,加速度计,-1.3354,7.3472,5.7084,,,,,,,
79036640288140,加速度计,-0.3561,6.9719,9.9425,,,,,,,
79036642801942,陀螺仪,,,,,,,,0.0747,-0.1152,-0.1314
79036650306473,加速度计,1.0283,7.9613,6.0920,,,,,,,
79036660324806,加速度计,2.9353,5.3061,-2.8856,,,,,,,
79036662840171,陀螺仪,,,,,,,,0.0776,-0.0759,-0.1035
79036670346265,加速度计,2.3331,4.8171,-6.8750,,,,,,,
79036680374025,加速度计,-2.6097,4.5705,19.8066,,,,,,,
79036682870848,陀螺仪,,,,,,,,-0.0949,-0.0325,-0.0547
79036690369858,加速度计,-3.1238,11.0612,24.4143,,,,,,,
79036700366942,加速度计,0.8338,16.2441,9.6432,,,,,,,
79036710366108,加速度计,3.1340,8.0164,3.7260,,,,,,,
79036702866056,陀螺仪,,,,,,,,0.2816,0.0132,0.1352
79036720367983,加速度计,0.2520,1.9118,-3.9941,,,,,,,
79036730372983,加速度计,-1.0361,5.0033,-3.1699,,,,,,,
79036722871369,陀螺仪,,,,,,,,0.1828,0.1173,0.1172
79036740381525,加速度计,-0.0922,9.0130,2.9185,,,,,,,
79036750394025,加速度计,-1.1881,8.5892,11.9435,,,,,,,
79036742890431,陀螺仪,,,,,,,,-0.1033,0.0782,0.1702
79036760410692,加速度计,-0.8332,6.5068,15.5162,,,,,,,
79036762925744,陀螺仪,,,,,,,,0.0405,0.0579,0.1466
79036770431317,加速度计,0.4136,7.5717,5.2768,,,,,,,
79036780455483,加速度计,2.2811,7.9446,1.9662,,,,,,,
79036782975640,陀螺仪,,,,,,,,0.0613,0.1080,0.1530
79036790482775,加速度计,0.4357,7.1060,6.9558,,,,,,,
79036800512775,加速度计,-0.3561,8.3671,10.0826,,,,,,,
79036810545067,加速度计,0.7296,9.2446,6.8127,,,,,,,
79036803036785,陀螺仪,,,,,,,,0.0273,0.0891,0.1471
79036820579025,加速度计,1.2055,5.6695,6.8007,,,,,,,
79036823105119,陀螺仪,,,,,,,,0.0656,0.0979,0.1192
79036830613817,加速度计,0.8481,7.2640,4.2593,,,,,,,
79036840648817,加速度计,0.3663,7.7566,6.4841,,,,,,,
79036843171473,陀螺仪,,,,,,,,0.0407,0.0794,0.0499
79036850676525,加速度计,0.7063,8.7161,6.7307,,,,,,,
79036860696108,加速度计,0.6985,8.3917,8.1541,,,,,,,
79036870714650,加速度计,-0.1526,6.8612,5.6180,,,,,,,
79036863210119,陀螺仪,,,,,,,,0.0172,0.0402,0.0043
79036880732983,加速度计,-0.3077,6.5254,4.2012,,,,,,,
79036890751317,加速度计,1.4706,5.8089,7.0551,,,,,,,
79036883246785,陀螺仪,,,,,,,,0.0201,0.0129,-0.0222
79036900769650,加速度计,0.4597,7.5788,6.5152,,,,,,,
79036903283452,陀螺仪,,,,,,,,0.0541,-0.0162,-0.0874
79036910787983,加速度计,0.2023,7.8105,5.1715,,,,,,,
79036920808400,加速度计,1.9513,9.0381,2.2362,,,,,,,
79036940833859,GPS,,,,31.9414,118.7892,3.7000,265.0000,,,
79036923340692,陀螺仪,,,,,,,,-0.0113,-0.0457,-0.1318
79036930839702,加速度计,0.6129,7.0060,5.5569,,,,,,,
79036940836265,加速度计,-0.9978,7.1467,7.2856,,,,,,,
79036950833973,加速度计,1.3408,9.3577,5.8969,,,,,,,
79036943334337,陀螺仪,,,,,,,,-0.0373,-0.0652,-0.1525
79036960833504,加速度计,1.8519,9.8934,4.4562,,,,,,,
79036970835431,加速度计,0.4262,6.1968,9.2129,,,,,,,
79036963334546,陀螺仪,,,,,,,,-0.1434,-0.0670,-0.1559
79036980840431,加速度计,-0.4351,6.1501,11.1145,,,,,,,
79036983346265,陀螺仪,,,,,,,,-0.0567,-0.0549,-0.1531
79036990848921,加速度计,0.6602,6.1070,7.6531,,,,,,,
79037000861160,加速度计,0.8392,7.6393,5.2684,,,,,,,
79037003372619,陀螺仪,,,,,,,,0.0068,-0.0358,-0.0804
79037010877150,加速度计,-0.4334,5.9640,7.0755,,,,,,,
79037020896890,加速度计,0.0539,8.6048,5.6036,,,,,,,
79037023413921,陀螺仪,,,,,,,,0.0123,-0.0534,-0.0551
79037030920223,加速度计,-0.0652,8.7287,8.5281,,,,,,,
79037040946733,加速度计,-0.9553,9.0878,7.6429,,,,,,,
79037050976004,加速度计,-0.5890,6.1238,7.7291,,,,,,,
79037043468348,陀螺仪,,,,,,,,0.0269,-0.0695,-0.0257
79037061007619,加速度计,0.4280,7.3969,2.7461,,,,,,,
79037063532515,陀螺仪,,,,,,,,0.0246,-0.0417,0.0112
79037071041004,加速度计,0.9703,7.0671,4.9769,,,,,,,
79037081075327,加速度计,-3.1574,6.9977,7.3586,,,,,,,
79037083601317,陀螺仪,,,,,,,,-0.0376,-0.0280,0.0426
79037091109910,加速度计,-0.0066,7.4454,11.2791,,,,,,,
79037101139337,加速度计,-0.8469,7.5992,11.7454,,,,,,,
79037103654754,陀螺仪,,,,,,,,0.0617,-0.0423,0.1301
79037111159390,加速度计,1.0301,8.3827,4.8273,,,,,,,
79037121177983,加速度计,2.2410,5.4175,0.5285,,,,,,,
79037123691785,陀螺仪,,,,,,,,0.0356,0.0005,0.1177
79037131196317,加速度计,2.6133,4.4843,-4.5173,,,,,,,
79037141214650,加速度计,0.1167,4.9440,-4.7788,,,,,,,
79037151232983,加速度计,-1.0145,4.6537,19.4924,,,,,,,
79037143728452,陀螺仪,,,,,,,,-0.2763,0.0475,0.0084
79037161251317,加速度计,-1.3060,9.8372,24.7243,,,,,,,
79037171270744,加速度计,2.8287,12.7581,9.5283,,,,,,,
79037163765483,陀螺仪,,,,,,,,0.0427,-0.0300,0.0976
79037181290744,加速度计,1.7885,7.4418,-3.5590,,,,,,,
79037191305327,加速度计,1.7980,2.0614,-1.1151,,,,,,,
79037183801733,陀螺仪,,,,,,,,0.0791,0.0044,-0.0115
79037201319910,加速度计,-1.0768,4.6483,5.5186,,,,,,,
79037211334754,加速度计,0.4794,11.5945,7.6740,,,,,,,
79037203831056,陀螺仪,,,,,,,,-0.0140,-0.0123,0.0103
79037221350015,加速度计,3.2370,10.9062,9.5732,,,,,,,
79037231365692,加速度计,1.9902,6.1268,6.6996,,,,,,,
79037241381785,加速度计,-0.3089,5.6419,4.9566,,,,,,,
79037223861785,陀螺仪,,,,,,,,-0.0200,-0.0538,-0.0333
79037251398556,加速度计,0.5608,8.0302,8.5407,,,,,,,
79037243894337,陀螺仪,,,,,,,,0.0193,-0.0586,-0.1173
79037261416160,加速度计,0.9463,9.3302,12.6599,,,,,,,
79037263929962,陀螺仪,,,,,,,,0.0981,-0.0726,-0.0740
79037271434598,加速度计,1.8992,10.0886,3.5943,,,,,,,
79037281453869,加速度计,1.5628,6.9959,2.9012,,,,,,,
79037283968765,陀螺仪,,,,,,,,0.0185,-0.0549,-0.1145
79037291473712,加速度计,0.0371,5.7862,5.3301,,,,,,,
79037301493973,加速度计,-0.1035,8.0254,7.9230,,,,,,,
79037304009494,陀螺仪,,,,,,,,-0.0164,-0.0602,-0.0775
79037311514650,加速度计,1.0086,10.4788,8.8747,,,,,,,
79037321535744,加速度计,0.8571,6.9432,6.4099,,,,,,,
79037331556994,加速度计,0.8218,5.0105,3.5231,,,,,,,
79037324051733,陀螺仪,,,,,,,,-0.0156,-0.0654,-0.0939
79037341578244,加速度计,0.5866,4.8650,4.5478,,,,,,,
79037351599494,加速度计,0.3065,8.1660,7.0527,,,,,,,
79037344094233,陀螺仪,,,,,,,,-0.0553,-0.0555,-0.0712
79037361620744,加速度计,1.7095,7.0204,10.4088,,,,,,,
79037364136108,陀螺仪,,,,,,,,-0.0505,-0.0537,-0.0490
79037371640952,加速度计,0.7739,7.4478,9.1369,,,,,,,
79037381660015,加速度计,-0.1155,6.2770,7.3352,,,,,,,
79037391678504,加速度计,0.5297,6.2740,5.8879,,,,,,,
79037384173973,陀螺仪,,,,,,,,0.0332,-0.0401,-0.0495
79037401696837,加速度计,0.3035,8.7119,8.3725,,,,,,,
79037404210640,陀螺仪,,,,,,,,0.0690,-0.0523,-0.0048
79037411715171,加速度计,0.2185,8.6347,6.0460,,,,,,,
79037421733765,加速度计,2.1290,8.1493,3.4279,,,,,,,
79037424248608,陀螺仪,,,,,,,,0.0521,-0.0514,-0.0285
79037431752931,加速度计,0.0437,7.7512,1.7903,,,,,,,
79037441770431,加速度计,0.1347,4.6609,7.4388,,,,,,,
79037444283608,陀螺仪,,,,,,,,-0.0329,-0.0483,0.0104
79037451787931,加速度计,0.6147,7.8656,9.6606,,,,,,,
79037461805431,加速度计,0.4214,8.4001,7.7494,,,,,,,
79037471822931,加速度计,1.8064,7.5735,3.7427,,,,,,,
79037464318608,陀螺仪,,,,,,,,0.0651,-0.0441,0.0380
79037481840431,加速度计,0.6393,5.7712,2.6240,,,,,,,
79037484353608,陀螺仪,,,,,,,,0.0027,-0.0144,0.0419
79037491857931,加速度计,-1.7172,6.8959,7.9535,,,,,,,
79037501875431,加速度计,-0.7183,9.4170,10.9074,,,,,,,
79037504388608,陀螺仪,,,,,,,,0.0466,-0.0257,0.1433
79037511892931,加速度计,1.1947,11.5089,6.0035,,,,,,,
79037521910431,加速度计,1.2528,6.7008,6.5769,,,,,,,
79037531928192,加速度计,-0.2903,4.6807,6.4410,,,,,,,
79037524423765,陀螺仪,,,,,,,,-0.0117,0.0188,0.1362
79037541946369,加速度计,-0.1802,5.6611,5.8478,,,,,,,
79037551964962,加速度计,-0.1347,9.0447,5.5192,,,,,,,
79037544460327,陀螺仪,,,,,,,,0.0177,0.0606,0.2083
79037561983712,加速度计,-0.5656,8.0607,8.6257,,,,,,,
79037572002462,加速度计,-1.8561,6.2938,15.2553,,,,,,,
79037564497827,陀螺仪,,,,,,,,-0.0594,0.0688,0.2421
79037582021212,加速度计,0.1856,7.5088,9.2410,,,,,,,
79037592039962,加速度计,3.9528,6.7858,-2.8461,,,,,,,
79037584535327,陀螺仪,,,,,,,,0.1467,0.0827,0.3718
79037602058712,加速度计,4.4023,5.4947,-8.1098,,,,,,,
79037612077462,加速度计,-2.6929,2.9868,5.4336,,,,,,,
79037604572827,陀螺仪,,,,,,,,-0.1676,0.1698,0.2048
79037622096212,加速度计,-1.0900,5.3840,24.3969,,,,,,,
79037632114962,加速度计,0.0617,14.0977,15.7748,,,,,,,
79037624610327,陀螺仪,,,,,,,,0.0312,0.1051,0.2514
79037642133712,加速度计,2.2344,12.5360,0.8332,,,,,,,
79037652152462,加速度计,2.6498,0.7733,-0.6668,,,,,,,
79037644647827,陀螺仪,,,,,,,,0.0265,0.1209,0.2344
79037662171212,加速度计,-0.4094,3.4860,2.5989,,,,,,,
79037664687046,陀螺仪,,,,,,,,-0.0342,0.1403,0.1027
79037672192827,加速度计,-1.3832,11.2761,15.9340,,,,,,,
79037682219025,加速度计,1.0133,11.1809,11.5610,,,,,,,
79037692229025,加速度计,3.1418,6.7522,-1.0020,,,,,,,
79037684726577,陀螺仪,,,,,,,,0.0851,0.0491,0.1352
79037702239285,加速度计,2.7593,2.4385,-7.0036,,,,,,,
79037712250223,加速度计,-1.2725,4.3527,8.5084,,,,,,,
79037704747462,陀螺仪,,,,,,,,-0.1591,0.0549,-0.0782
79037722262254,加速度计,-2.4469,7.7165,21.8585,,,,,,,
79037732275535,加速度计,1.0810,14.7932,14.4951,,,,,,,
79037724772150,陀螺仪,,,,,,,,0.0747,-0.0373,-0.0551
79037742290067,加速度计,2.8282,9.7677,-4.0115,,,,,,,
79037752306108,加速度计,4.1587,2.5588,-2.8748,,,,,,,
79037744801994,陀螺仪,,,,,,,,0.1051,-0.0104,-0.0228
79037762323817,加速度计,-0.1969,4.1336,3.2807,,,,,,,
79037772342931,加速度计,-0.4729,11.7573,10.0102,,,,,,,
79037764838087,陀螺仪,,,,,,,,-0.0858,0.0079,-0.1097
79037782363296,加速度计,-0.3513,11.7585,10.3262,,,,,,,
79037784879442,陀螺仪,,,,,,,,-0.0598,-0.0387,-0.0578
79037792384910,加速度计,0.5968,6.1830,7.7363,,,,,,,
79037802407515,加速度计,1.3048,3.5548,5.3319,,,,,,,
79037812430952,加速度计,0.0281,6.0262,9.1866,,,,,,,
79037804925067,陀螺仪,,,,,,,,-0.0264,0.0007,-0.0188
79037822454962,加速度计,-0.4022,9.0908,8.6724,,,,,,,
79037832479390,加速度计,1.5371,10.2933,4.3862,,,,,,,
79037824973296,陀螺仪,,,,,,,,0.0976,0.0374,0.0752
79037842503973,加速度计,1.7909,5.8730,2.5498,,,,,,,
79037845022462,陀螺仪,,,,,,,,-0.0185,0.0485,0.0562
79037852528556,加速度计,0.0443,5.0326,2.7898,,,,,,,
79037862549494,加速度计,-1.2468,7.1018,11.1510,,,,,,,
79037872567983,加速度计,-0.8930,9.8108,12.7605,,,,,,,
79037865063452,陀螺仪,,,,,,,,-0.0190,0.0593,0.0835
79037882586317,加速度计,1.2923,10.1341,7.7021,,,,,,,
79037885100119,陀螺仪,,,,,,,,0.0859,0.0642,0.1579
79037892604650,加速度计,1.6370,7.0413,4.5113,,,,,,,
79037902622983,加速度计,-0.7093,5.5911,2.2075,,,,,,,
79037912641317,加速度计,0.2143,7.3873,8.6676,,,,,,,
79037905136785,陀螺仪,,,,,,,,0.0189,0.0979,0.1061
79037922660952,加速度计,-0.1137,9.3661,7.2018,,,,,,,
79037925176837,陀螺仪,,,,,,,,0.0278,0.0648,0.1072
79037932680327,加速度计,-0.2837,8.2420,5.9658,,,,,,,
79037949909484,GPS,,,,31.9414,118.7892,3.8900,265.5000,,,
79037942694494,加速度计,0.1562,6.1238,5.1278,,,,,,,
79037952708660,加速度计,-0.2292,4.0677,7.9326,,,,,,,
79037945205171,陀螺仪,,,,,,,,0.0085,0.0457,0.0663
79037962723140,加速度计,0.5590,7.9715,3.1208,,,,,,,
79037972738035,加速度计,0.9655,11.1456,4.5921,,,,,,,
79037965234337,陀螺仪,,,,,,,,0.0989,0.0426,0.0844
79037982753348,加速度计,0.5112,9.1848,5.9675,,,,,,,
79037992769390,加速度计,-0.8051,7.0473,9.0579,,,,,,,
79037985265379,陀螺仪,,,,,,,,-0.0489,0.0530,0.0401
79038002786265,加速度计,-1.2641,6.2968,10.8769,,,,,,,
79038012803973,加速度计,-0.5626,6.7361,6.5607,,,,,,,
79038005299546,陀螺仪,,,,,,,,0.0457,0.0268,0.0842
79038022822515,加速度计,1.8208,7.2520,0.5902,,,,,,,
79038025337046,陀螺仪,,,,,,,,0.0743,0.0297,0.0972
79038032841890,加速度计,1.0361,6.9911,0.9744,,,,,,,
79038042862098,加速度计,-2.8581,5.3187,10.5776,,,,,,,
79038052882827,加速度计,0.1915,7.8081,10.0000,,,,,,,
79038045377671,陀螺仪,,,,,,,,-0.0383,0.0065,0.0738
79038062903973,加速度计,2.4696,9.8174,-1.4599,,,,,,,
79038072925535,加速度计,2.2811,6.0077,-5.7539,,,,,,,
79038065420171,陀螺仪,,,,,,,,-0.0266,0.0085,0.0718
79038082947202,加速度计,-1.6065,1.9776,18.6981,,,,,,,
79038092968869,加速度计,-3.7852,5.6575,24.1371,,,,,,,
79038085463504,陀螺仪,,,,,,,,-0.2446,0.0495,0.0182
79038102990535,加速度计,1.8818,11.6586,7.2754,,,,,,,
79038113011890,加速度计,2.0045,8.8723,-3.3836,,,,,,,
79038105506629,陀螺仪,,,,,,,,0.1477,0.0208,0.1354
79038123031265,加速度计,0.3681,2.5426,3.6667,,,,,,,
79038125545171,陀螺仪,,,,,,,,-0.0605,0.0475,0.0627
79038133049702,加速度计,-0.4274,6.2465,8.0810,,,,,,,
79038143068035,加速度计,1.0983,12.0057,8.7897,,,,,,,
79038145581837,陀螺仪,,,,,,,,-0.0364,0.0003,0.0636
79038153086369,加速度计,2.0848,10.5177,8.3617,,,,,,,
79038163104702,加速度计,0.8134,4.2264,7.7554,,,,,,,
79038165621837,陀螺仪,,,,,,,,-0.0338,0.0169,0.0104
79038173131942,加速度计,1.5514,4.6974,4.1863,,,,,,,
79038183148660,加速度计,1.2701,7.5028,3.7338,,,,,,,
79038193143035,加速度计,0.8074,8.8651,8.7245,,,,,,,
79038185644442,陀螺仪,,,,,,,,-0.0656,0.0308,0.0217
79038203138869,加速度计,1.1875,7.5597,11.7585,,,,,,,
79038205637358,陀螺仪,,,,,,,,-0.0081,0.0309,0.0201
79038213136994,加速度计,1.2043,8.4898,9.3835,,,,,,,
79038223138244,加速度计,0.9601,6.7115,4.8776,,,,,,,
79038233143140,加速度计,1.4587,7.6728,-0.5237,,,,,,,
79038225641733,陀螺仪,,,,,,,,0.0712,0.0502,0.0418
79038243152098,加速度计,1.9794,8.2576,4.0414,,,,,,,
79038253165223,加速度计,-0.0868,7.6459,10.4046,,,,,,,
79038245661733,陀螺仪,,,,,,,,-0.0715,0.0746,0.0276
79038263182515,加速度计,1.6173,7.9116,6.3003,,,,,,,
79038273203973,加速度计,2.0411,6.6702,4.1988,,,,,,,
79038265698400,陀螺仪,,,,,,,,-0.0145,0.0782,0.0491
79038283229285,加速度计,1.1283,5.0943,6.0507,,,,,,,
79038285750692,陀螺仪,,,,,,,,-0.0577,0.1361,0.0538
79038293258035,加速度计,-0.9014,4.9560,13.2363,,,,,,,
79038303289806,加速度计,1.4766,8.8609,9.3607,,,,,,,
79038313323869,加速度计,1.8681,9.2201,7.0761,,,,,,,
79038305815275,陀螺仪,,,,,,,,0.1534,0.1294,0.1302
79038323359390,加速度计,2.0201,7.9829,4.8267,,,,,,,
79038333395848,加速度计,2.0207,7.8733,3.3291,,,,,,,
79038325886733,陀螺仪,,,,,,,,0.1879,0.1455,0.0738
79038343432515,加速度计,0.3124,9.2404,3.0490,,,,,,,
79038353456994,加速度计,1.5909,8.4539,5.7515,,,,,,,
79038345951942,陀螺仪,,,,,,,,0.0642,0.1172,0.0029
79038363475848,加速度计,1.1809,5.1948,3.0813,,,,,,,
79038373494181,加速度计,2.4307,6.3213,-0.7530,,,,,,,
79038365989650,陀螺仪,,,,,,,,0.0356,0.0892,-0.0566
79038383512515,加速度计,1.5999,5.7676,3.6547,,,,,,,
79038386026317,陀螺仪,,,,,,,,-0.0988,0.0991,-0.1357
79038393530848,加速度计,0.7685,7.1766,13.6332,,,,,,,
79038403549181,加速度计,1.6951,9.3045,14.7261,,,,,,,
79038413567515,加速度计,1.5030,10.0790,7.2850,,,,,,,
79038406062983,陀螺仪,,,,,,,,0.0559,0.0754,-0.1177
79038423591994,加速度计,2.0877,6.1723,4.4191,,,,,,,
79038426108608,陀螺仪,,,,,,,,0.0635,0.1011,-0.1655
79038433609390,加速度计,0.7027,5.6695,6.8384,,,,,,,
79038443613035,加速度计,0.6027,7.5513,8.7358,,,,,,,
79038453617410,加速度计,1.6484,8.4587,10.5584,,,,,,,
79038446116317,陀螺仪,,,,,,,,0.0643,0.0648,-0.1672
79038463623244,加速度计,1.3569,8.3695,6.5607,,,,,,,
79038473631056,加速度计,1.8788,6.7421,6.7056,,,,,,,
79038466129025,陀螺仪,,,,,,,,0.1246,0.0198,-0.2463
79038483640952,加速度计,0.4579,6.3458,5.0033,,,,,,,
79038493653244,加速度计,0.2029,6.8223,10.2424,,,,,,,
79038486150067,陀螺仪,,,,,,,,0.0719,-0.0293,-0.3252
79038503668035,加速度计,-0.4711,8.3181,12.0087,,,,,,,
79038506180900,陀螺仪,,,,,,,,0.1131,-0.0912,-0.3008
79038513685327,加速度计,1.1696,6.5003,7.5352,,,,,,,
79038523705119,加速度计,3.5907,5.1942,-2.4086,,,,,,,
79038526221733,陀螺仪,,,,,,,,0.1802,-0.1023,-0.3575
79038533727410,加速度计,3.9403,4.2323,-7.6309,,,,,,,
79038543751890,加速度计,-2.3457,5.2002,11.4090,,,,,,,
79038553778140,加速度计,-2.8982,7.1461,25.8532,,,,,,,
79038546271525,陀螺仪,,,,,,,,-0.2326,-0.0996,-0.4791
79038563805744,加速度计,-0.1610,14.1036,13.7206,,,,,,,
79038573834285,加速度计,3.8098,9.7965,-6.5535,,,,,,,
79038566327150,陀螺仪,,,,,,,,0.2690,-0.1413,-0.2666
79038583863348,加速度计,4.4448,1.6819,-5.6641,,,,,,,
79038593892515,加速度计,-1.7376,0.8092,8.8765,,,,,,,
79038586385275,陀螺仪,,,,,,,,-0.1388,-0.0366,-0.3337
79038603918869,加速度计,-2.7581,11.7789,5.7904,,,,,,,
79038613938973,加速度计,0.9601,8.0960,5.9304,,,,,,,
79038606434442,陀螺仪,,,,,,,,-0.0876,-0.1099,-0.2433
79038623957306,加速度计,0.8954,2.5576,6.6032,,,,,,,
79038633975640,加速度计,-0.5471,2.5199,2.2667,,,,,,,
79038626471108,陀螺仪,,,,,,,,-0.0634,-0.1142,-0.2788
79038643993973,加速度计,-1.1031,7.9021,4.5274,,,,,,,
79038654012306,加速度计,-1.2282,10.2921,16.0112,,,,,,,
79038646507775,陀螺仪,,,,,,,,-0.0538,-0.1007,-0.1874
79038664030640,加速度计,0.7015,13.2729,10.0634,,,,,,,
79038666545483,陀螺仪,,,,,,,,0.0887,-0.0820,-0.0443
79038674051473,加速度计,1.7274,10.1448,1.0451,,,,,,,
79038684069181,加速度计,0.8661,5.5312,5.2289,,,,,,,
79038686580483,陀螺仪,,,,,,,,-0.0666,-0.0108,-0.0330
79038694084181,加速度计,-0.7997,5.3193,6.7804,,,,,,,
79038704099181,加速度计,-1.1079,9.1518,7.8153,,,,,,,
79038706610744,陀螺仪,,,,,,,,-0.0434,0.0253,0.0858
79038714114546,加速度计,-0.1460,10.0036,6.3123,,,,,,,
79038724130327,加速度计,0.1419,5.5408,9.3637,,,,,,,
79038726642515,陀螺仪,,,,,,,,-0.0959,0.0281,0.0991
79038734146525,加速度计,-1.0696,5.8419,5.9544,,,,,,,
79038744163140,加速度计,-0.1544,7.6022,6.1669,,,,,,,
79038754180171,加速度计,1.2671,8.1397,7.6986,,,,,,,
79038746675952,陀螺仪,,,,,,,,-0.0626,0.0398,0.1297
79038764197619,加速度计,0.0395,7.6854,7.1479,,,,,,,
79038766711056,陀螺仪,,,,,,,,-0.0527,0.0461,0.0984
79038774215483,加速度计,-0.9882,7.0557,5.8981,,,,,,,
79038784233765,加速度计,0.3962,7.7189,7.2335,,,,,,,
79038786747827,陀螺仪,,,,,,,,-0.0422,0.0205,0.0913
79038794252462,加速度计,0.0341,8.0517,5.6437,,,,,,,
79038804271577,加速度计,1.0271,9.7863,3.6960,,,,,,,
79038806786265,陀螺仪,,,,,,,,-0.1117,0.0104,0.0458
79038814291108,加速度计,-0.1448,6.8881,7.1754,,,,,,,
79038824311056,加速度计,0.4842,6.8348,6.2668,,,,,,,
79038826826369,陀螺仪,,,,,,,,-0.1441,-0.0173,0.0040
79038834331421,加速度计,-0.2167,6.0454,9.4577,,,,,,,
79038844352202,加速度计,-0.3053,7.4071,10.5925,,,,,,,
79038846867879,陀螺仪,,,,,,,,-0.0288,-0.0240,0.0011
79038854373035,加速度计,-0.2388,6.9935,9.1919,,,,,,,
79038864393869,加速度计,1.3174,7.1670,2.3888,,,,,,,
79038874414702,加速度计,1.4114,4.1527,1.1678,,,,,,,
79038866909546,陀螺仪,,,,,,,,0.0522,-0.0406,0.0099
79038884435535,加速度计,0.1772,5.4055,1.2905,,,,,,,
79038886951212,陀螺仪,,,,,,,,0.0123,-0.0659,-0.0557
79038894456369,加速度计,-0.3549,6.5146,9.0046,,,,,,,
79038904476108,加速度计,1.3126,11.3485,6.9216,,,,,,,
79038906990067,陀螺仪,,,,,,,,0.0860,-0.1117,-0.0878
79038914494598,加速度计,1.3420,10.6015,3.9690,,,,,,,
79038924529390,加速度计,-0.2789,7.8943,5.8766,,,,,,,
79038934540379,加速度计,0.3065,5.2385,11.8160,,,,,,,
79038943845890,GPS,,,,31.9414,118.7892,3.5900,266.1000,,,
79038927044702,陀螺仪,,,,,,,,-0.0185,-0.1233,-0.1281
79038944524233,加速度计,-1.0534,9.0184,6.8708,,,,,,,
79038954510275,加速度计,1.7382,9.5361,4.9273,,,,,,,
79038947013660,陀螺仪,,,,,,,,0.0811,-0.1276,-0.0664
79038964499754,加速度计,0.4543,7.1150,10.0353,,,,,,,
79038974493608,加速度计,-3.2771,5.7850,9.6564,,,,,,,
79038966994910,陀螺仪,,,,,,,,0.0505,-0.1140,-0.0684
79038984492671,加速度计,2.4852,7.9248,6.5817,,,,,,,
79038986995952,陀螺仪,,,,,,,,0.1871,-0.1629,0.0017
79038994497462,加速度计,1.0187,7.9380,-7.9446,,,,,,,
79039004508400,加速度计,1.4353,3.4087,-2.7444,,,,,,,
79039007020952,陀螺仪,,,,,,,,-0.2699,-0.1003,-0.0767
79039014525587,加速度计,-0.5962,5.1547,17.7746,,,,,,,
79039024548712,加速度计,-1.4006,8.4007,26.9886,,,,,,,
79039034577358,加速度计,1.9614,10.9313,8.1104,,,,,,,
79039027069910,陀螺仪,,,,,,,,0.0442,-0.1334,0.0142
79039044611108,加速度计,2.0806,6.9210,-4.7046,,,,,,,
79039054648921,加速度计,0.2005,3.3453,-0.3657,,,,,,,
79039047139285,陀螺仪,,,,,,,,0.0245,-0.0294,0.0422
79039064689858,加速度计,-1.7992,4.5244,11.1037,,,,,,,
79039074733087,加速度计,-1.6819,10.7967,14.1312,,,,,,,
79039067222202,陀螺仪,,,,,,,,-0.0943,-0.0340,0.0900
79039084777462,加速度计,0.1143,10.6769,7.3921,,,,,,,
79039094821421,加速度计,2.6719,6.8618,1.2851,,,,,,,
79039087310535,陀螺仪,,,,,,,,0.0415,-0.0264,0.1920
79039104846421,加速度计,0.5956,4.5286,0.2185,,,,,,,
79039114864858,加速度计,-1.7891,6.8097,3.4315,,,,,,,
79039107360327,陀螺仪,,,,,,,,-0.1036,0.0245,0.1189
79039124883192,加速度计,-1.1738,6.5577,19.2733,,,,,,,
79039127396994,陀螺仪,,,,,,,,-0.0458,-0.0063,0.1796
79039134901525,加速度计,0.4555,8.1421,10.9026,,,,,,,
79039144919858,加速度计,2.2583,7.2748,0.5459,,,,,,,
79039154938192,加速度计,1.2157,6.7337,0.5489,,,,,,,
79039147433660,陀螺仪,,,,,,,,0.0949,0.0324,0.1905
79039164956525,加速度计,0.3130,5.6377,9.0716,,,,,,,
79039167473452,陀螺仪,,,,,,,,0.0071,0.0474,0.1706
79039174986369,加速度计,0.7009,8.8454,7.9721,,,,,,,
79039184996681,加速度计,1.7861,11.7376,0.6201,,,,,,,
79039187499181,陀螺仪,,,,,,,,-0.0092,0.0426,0.1268
79039194999962,加速度计,1.6149,6.7199,3.7852,,,,,,,
79039205004025,加速度计,1.0313,3.4632,8.5641,,,,,,,
79039207508244,陀螺仪,,,,,,,,-0.0652,0.0447,0.0754
79039215009650,加速度计,0.6171,9.4882,6.4518,,,,,,,
79039225017306,加速度计,1.7424,9.6672,7.7422,,,,,,,
79039227524858,陀螺仪,,,,,,,,-0.0762,0.0411,0.0766
79039235027410,加速度计,1.8064,6.7606,10.0173,,,,,,,
79039245040015,加速度计,0.8086,7.3059,6.1405,,,,,,,
79039247551317,陀螺仪,,,,,,,,0.0241,0.0282,0.0196
79039255055119,加速度计,1.1253,6.7361,6.8019,,,,,,,
79039265072723,加速度计,0.5968,8.0762,3.6793,,,,,,,
79039275092827,加速度计,1.2809,9.6031,3.6787,,,,,,,
79039267587775,陀螺仪,,,,,,,,0.0205,0.0242,0.0109
79039285115431,加速度计,1.1696,8.1367,8.0864,,,,,,,
79039287633973,陀螺仪,,,,,,,,-0.0929,-0.0031,-0.0320
79039295140171,加速度计,-0.2119,5.6856,9.7223,,,,,,,
79039305166629,加速度计,1.0588,7.5411,7.2371,,,,,,,
79039307687462,陀螺仪,,,,,,,,0.0189,0.0035,-0.0186
79039315194390,加速度计,1.4952,6.9234,7.8871,,,,,,,
79039325223035,加速度计,1.1145,8.1792,5.9915,,,,,,,
79039327744910,陀螺仪,,,,,,,,0.0483,0.0221,-0.0053
79039335252150,加速度计,1.6741,7.7081,7.5220,,,,,,,
79039345281317,加速度计,1.3054,7.5441,5.3020,,,,,,,
79039347801681,陀螺仪,,,,,,,,0.0296,0.0189,-0.0469
79039355308296,加速度计,0.6967,7.9314,6.1076,,,,,,,
79039365328035,加速度计,1.7352,6.0669,7.5986,,,,,,,
79039367841890,陀螺仪,,,,,,,,0.0201,0.0169,-0.0533
79039375346421,加速度计,0.6171,6.4171,7.2808,,,,,,,
79039385364754,加速度计,1.1073,7.6513,3.3549,,,,,,,
79039387878556,陀螺仪,,,,,,,,0.0308,0.0069,-0.0774
79039395383087,加速度计,2.7473,6.3578,2.3391,,,,,,,
79039405401421,加速度计,-0.0676,6.7947,9.7791,,,,,,,
79039407915223,陀螺仪,,,,,,,,-0.0585,-0.0180,-0.1519
79039415419754,加速度计,-0.9762,6.6972,13.9803,,,,,,,
79039425444129,加速度计,1.0762,9.0483,9.1040,,,,,,,
79039435457462,加速度计,0.1263,8.4078,5.9418,,,,,,,
79039427954181,陀螺仪,,,,,,,,0.1101,-0.0688,-0.1403
79039445470796,加速度计,0.2963,5.3463,9.1746,,,,,,,
79039452953806,GPS,,,,31.9414,118.7892,3.5900,266.1000,,,
79039455484546,加速度计,1.4856,5.7443,4.1815,,,,,,,
79039447981160,陀螺仪,,,,,,,,0.1280,-0.0778,-0.0908
79039465498712,加速度计,2.4505,6.9617,-5.5109,,,,,,,
79039475513296,加速度计,2.3978,6.5727,-3.4842,,,,,,,
79039468009702,陀螺仪,,,,,,,,0.0402,-0.0566,-0.1213
79039485528712,加速度计,-2.5253,4.8435,19.4116,,,,,,,
79039488040952,陀螺仪,,,,,,,,-0.1293,-0.0806,-0.1755
79039495544962,加速度计,-2.0907,6.7457,22.1254,,,,,,,
79039505562046,加速度计,2.0889,14.0833,2.3691,,,,,,,
79039508075535,陀螺仪,,,,,,,,0.1529,-0.0687,-0.0511
79039515579962,加速度计,3.3004,6.4643,-1.8268,,,,,,,
79039525598712,加速度计,-0.5908,-1.5951,3.0041,,,,,,,
79039528113452,陀螺仪,,,,,,,,-0.0571,0.0067,-0.0814
79039535618296,加速度计,-0.9272,6.6876,10.2903,,,,,,,
79039545638712,加速度计,-1.1414,12.2254,12.2966,,,,,,,
79039548154390,陀螺仪,,,,,,,,0.0213,-0.0366,0.0318
79039555659546,加速度计,0.6213,9.8707,6.5823,,,,,,,
79039565680796,加速度计,2.4594,4.9273,4.5484,,,,,,,
79039575702462,加速度计,0.7278,3.9127,4.6453,,,,,,,
79039568197098,陀螺仪,,,,,,,,0.0045,0.0112,0.0075
79039585724546,加速度计,-0.4926,8.1774,6.9528,,,,,,,
79039595746629,加速度计,0.4770,10.2651,7.1275,,,,,,,
79039588241160,陀螺仪,,,,,,,,0.0056,0.0535,0.0710
79039605768712,加速度计,0.1730,9.6313,8.8172,,,,,,,
79039615790796,加速度计,0.3166,5.8580,12.1093,,,,,,,
79039608285327,陀螺仪,,,,,,,,-0.0325,0.0357,0.0993
79039625809129,加速度计,1.1349,7.6345,6.8492,,,,,,,
79039635827462,加速度计,2.8695,9.2841,-3.0305,,,,,,,
79039628322931,陀螺仪,,,,,,,,0.1246,0.0549,0.1124
79039645845796,加速度计,1.1486,5.8706,-1.4162,,,,,,,
79039655864129,加速度计,-1.6029,4.4688,7.8877,,,,,,,
79039648359598,陀螺仪,,,,,,,,-0.1198,0.0836,-0.0009
79039665882462,加速度计,-1.4216,7.8703,8.8568,,,,,,,
79039675927150,加速度计,-0.3106,10.2167,6.6559,,,,,,,
79039668405223,陀螺仪,,,,,,,,-0.0610,-0.0103,0.0071
79039685920483,加速度计,0.8906,8.5982,5.3923,,,,,,,
79039695914650,加速度计,1.4874,5.1763,6.8803,,,,,,,
79039688416160,陀螺仪,,,,,,,,-0.0925,-0.0212,0.0043
79039705910483,加速度计,0.4914,5.6611,5.2463,,,,,,,
79039715908817,加速度计,-0.5243,8.9441,6.4781,,,,,,,
79039708409285,陀螺仪,,,,,,,,-0.0672,-0.0105,-0.0435
79039725910483,加速度计,0.4705,7.8937,9.2051,,,,,,,
79039735915900,加速度计,-0.8051,7.1497,12.5301,,,,,,,
79039728414598,陀螺仪,,,,,,,,-0.0714,-0.0248,-0.0039
79039745925483,加速度计,0.4884,7.7279,7.5298,,,,,,,
79039755939650,加速度计,1.7334,7.1682,2.1434,,,,,,,
79039748436160,陀螺仪,,,,,,,,0.0587,-0.0519,0.0119
79039765958400,加速度计,1.1277,7.8667,1.1444,,,,,,,
79039768475640,陀螺仪,,,,,,,,-0.0502,-0.0522,-0.0740
79039775981317,加速度计,0.1969,5.2529,9.5882,,,,,,,
79039786007983,加速度计,-1.5604,7.5938,10.4968,,,,,,,
79039796037983,加速度计,0.4908,10.0922,5.9807,,,,,,,
79039788530535,陀螺仪,,,,,,,,0.0570,-0.1181,-0.0983
79039806070900,加速度计,1.5592,8.3815,3.8990,,,,,,,
79039816105900,加速度计,-0.5333,5.7730,8.1014,,,,,,,
79039808597202,陀螺仪,,,,,,,,-0.0055,-0.1222,-0.0871
79039826142150,加速度计,-0.1975,8.0972,4.8949,,,,,,,
79039836178817,加速度计,0.8464,9.4487,3.5398,,,,,,,
79039828669702,陀螺仪,,,,,,,,0.0060,-0.1178,-0.0426
79039846215483,加速度计,-0.2676,7.3867,10.2286,,,,,,,
79039856235067,加速度计,-0.7859,6.2040,9.8719,,,,,,,
79039848730223,陀螺仪,,,,,,,,-0.0662,-0.1024,-0.0059
79039866253817,加速度计,0.1963,9.3655,3.9792,,,,,,,
79039876272150,加速度计,1.3910,9.5020,1.8429,,,,,,,
79039868767619,陀螺仪,,,,,,,,0.0204,-0.0820,0.0774
79039886290483,加速度计,0.6045,6.1202,5.7551,,,,,,,
79039896308817,加速度计,-1.2498,5.9717,7.7794,,,,,,,
79039888804285,陀螺仪,,,,,,,,-0.1040,-0.0501,0.0728
79039906327150,加速度计,-1.9040,6.4907,11.9489,,,,,,,
79039916345483,加速度计,-0.9062,7.8015,8.9801,,,,,,,
79039908840952,陀螺仪,,,,,,,,-0.0091,-0.0485,0.1699
79039926378452,加速度计,2.4397,7.9296,-1.5131,,,,,,,
79039939866618,GPS,,,,31.9414,118.7891,3.8400,265.4000,,,
79039936383452,加速度计,2.1117,6.4236,-6.6858,,,,,,,
79039928882254,陀螺仪,,,,,,,,0.0792,-0.0185,0.2443
79039946388869,加速度计,0.1041,2.4301,6.0340,,,,,,,
79039956395119,加速度计,-4.6525,5.2062,26.9443,,,,,,,
79039948893608,陀螺仪,,,,,,,,-0.2487,-0.0176,0.1280
79039966402619,加速度计,-2.1063,13.5207,9.8857,,,,,,,
79039976411785,加速度计,0.4274,10.2412,0.0952,,,,,,,
79039968909546,陀螺仪,,,,,,,,0.1646,-0.0217,0.3079
79039986423035,加速度计,1.5455,1.7962,2.4822,,,,,,,
79039996436369,加速度计,-0.9583,3.7918,2.3547,,,,,,,
79039988933087,陀螺仪,,,,,,,,-0.0309,0.0288,0.2799
79040006452202,加速度计,-0.3041,8.3163,6.7792,,,,,,,
79040016470535,加速度计,-0.6913,9.2488,12.6025,,,,,,,
79040008966004,陀螺仪,,,,,,,,-0.1214,0.0274,0.2571
79040026490952,加速度计,-1.4060,5.8508,12.9209,,,,,,,
79040036513452,加速度计,1.2887,6.1046,6.6553,,,,,,,
79040029007879,陀螺仪,,,,,,,,-0.0072,0.0461,0.3549
79040046537619,加速度计,2.0524,6.8337,2.2122,,,,,,,
79040049057046,陀螺仪,,,,,,,,-0.0336,0.1011,0.3489
79040056563452,加速度计,0.1586,5.5234,9.1662,,,,,,,
79040066590535,加速度计,0.6967,9.4332,11.7813,,,,,,,
79040069111525,陀螺仪,,,,,,,,0.0510,0.1328,0.3557
79040076618452,加速度计,1.7514,10.7063,4.9608,,,,,,,
79040086646785,加速度计,1.8244,6.9180,6.4799,,,,,,,
79040089168087,陀螺仪,,,,,,,,0.0144,0.1431,0.3169
79040096675119,加速度计,1.6005,6.6631,4.1587,,,,,,,
79040106698035,加速度计,1.1546,8.1229,4.9327,,,,,,,
79040116716369,加速度计,1.6945,9.2296,8.1954,,,,,,,
79040109211837,陀螺仪,,,,,,,,-0.0224,0.1466,0.2617
79040126734702,加速度计,1.7005,8.7448,8.7436,,,,,,,
79040136753035,加速度计,0.8751,6.4961,5.1637,,,,,,,
79040129248504,陀螺仪,,,,,,,,0.0055,0.1234,0.1806
79040146771369,加速度计,2.1165,6.0986,4.2323,,,,,,,
79040156789702,加速度计,0.7153,7.1371,6.3171,,,,,,,
79040149285171,陀螺仪,,,,,,,,0.0182,0.1113,0.1232
79040166808035,加速度计,0.0443,7.4807,10.0120,,,,,,,
79040169324910,陀螺仪,,,,,,,,0.0933,0.0842,0.1027
79040176831785,加速度计,2.6971,9.7348,5.7096,,,,,,,
79040186845535,加速度计,1.6759,8.0379,3.5003,,,,,,,
79040189355900,陀螺仪,,,,,,,,0.0595,0.0625,0.0119
79040196859285,加速度计,-0.2580,6.0801,8.0529,,,,,,,
79040206873087,加速度计,0.3699,7.7159,6.3045,,,,,,,
79040209383765,陀螺仪,,,,,,,,0.1079,0.0176,0.0105
79040216887306,加速度计,2.3721,8.2420,6.8738,,,,,,,
79040226901994,加速度计,2.0536,8.7137,4.1138,,,,,,,
79040229413608,陀螺仪,,,,,,,,0.0802,0.0214,-0.0625
79040236917515,加速度计,0.7314,5.9753,8.6826,,,,,,,
79040246933869,加速度计,0.6644,5.9675,6.7463,,,,,,,
79040249446733,陀螺仪,,,,,,,,0.1222,0.0133,-0.0650
79040256951056,加速度计,2.0393,6.7187,5.5354,,,,,,,
79040266969077,加速度计,2.0171,8.5443,6.3530,,,,,,,
79040269483192,陀螺仪,,,,,,,,0.1177,0.0236,-0.0554
79040276987931,加速度计,1.4024,6.6355,7.5866,,,,,,,
79040287007619,加速度计,2.7102,8.5958,1.7591,,,,,,,
79040289522983,陀螺仪,,,,,,,,0.0843,0.0329,-0.0742
79040297028087,加速度计,2.3930,8.1810,4.3401,,,,,,,
79040307048973,加速度计,0.7847,6.5194,10.4770,,,,,,,
79040309564962,陀螺仪,,,,,,,,0.0224,0.0457,-0.0852
79040317070275,加速度计,0.4974,6.6391,10.0778,,,,,,,
79040327091994,加速度计,2.6450,10.5656,0.7380,,,,,,,
79040329608608,陀螺仪,,,,,,,,0.0694,0.0630,-0.0680
79040337114077,加速度计,2.1542,6.4943,1.8675,,,,,,,
79040347136160,加速度计,-0.1628,4.5310,9.1303,,,,,,,
79040349652775,陀螺仪,,,,,,,,-0.0594,0.0490,-0.1057
79040357158140,加速度计,-0.4615,7.5717,12.3158,,,,,,,
79040367179077,加速度计,-1.0600,10.4148,11.9207,,,,,,,
79040369693192,陀螺仪,,,,,,,,0.0710,0.0119,-0.0478
79040377197775,加速度计,2.5618,8.8627,6.0154,,,,,,,
79040387216108,加速度计,3.8618,3.9869,-1.8250,,,,,,,
79040389729910,陀螺仪,,,,,,,,0.0696,0.0386,-0.1040
79040397234442,加速度计,3.3615,3.7469,-8.1145,,,,,,,
79040407252775,加速度计,-1.2881,3.9061,4.2282,,,,,,,
79040409766577,陀螺仪,,,,,,,,-0.3469,0.0708,-0.1905
79040417271160,加速度计,-2.2386,5.2936,23.3812,,,,,,,
79040427292567,加速度计,0.0425,12.8503,21.6358,,,,,,,
79040429804494,陀螺仪,,,,,,,,0.0727,0.0099,-0.0113
79040437308400,加速度计,2.9700,11.2761,8.7975,,,,,,,
79040447324233,加速度计,3.8505,3.6781,-1.0588,,,,,,,
79040449836160,陀螺仪,,,,,,,,0.0277,0.1185,-0.0835
79040457340067,加速度计,2.1338,1.3533,-0.3292,,,,,,,
79040467355952,加速度计,-1.8423,7.3179,3.7182,,,,,,,
79040469868192,陀螺仪,,,,,,,,-0.1115,0.1111,-0.0935
79040477372254,加速度计,-3.0430,8.5587,15.1074,,,,,,,
79040487388973,加速度计,0.7141,7.8201,12.5887,,,,,,,
79040489901837,陀螺仪,,,,,,,,0.0149,0.0149,-0.0176
79040497406108,加速度计,2.9503,7.1449,4.9656,,,,,,,
79040507423660,加速度计,1.1875,4.3012,2.9886,,,,,,,
79040509937150,陀螺仪,,,,,,,,0.0173,0.0607,-0.1462
79040517441629,加速度计,-0.9619,5.7503,5.9089,,,,,,,
79040527460015,加速度计,-1.2534,9.4703,9.2518,,,,,,,
79040529974129,陀螺仪,,,,,,,,0.0304,0.0240,-0.0458
79040537478817,加速度计,0.4633,10.9403,4.7250,,,,,,,
79040547498035,加速度计,1.6807,7.4101,6.1699,,,,,,,
79040550012775,陀螺仪,,,,,,,,-0.0061,0.0044,-0.0700
79040557517671,加速度计,0.9571,6.4260,4.0917,,,,,,,
79040567537723,加速度计,1.1917,7.8195,2.3918,,,,,,,
79040570053087,陀螺仪,,,,,,,,-0.0575,0.0334,-0.0758
79040577558140,加速度计,-0.2622,6.8720,6.9121,,,,,,,
79040587578556,加速度计,-0.2723,7.9296,8.0379,,,,,,,
79040590093921,陀螺仪,,,,,,,,-0.0406,0.0226,-0.0281
79040597598973,加速度计,-0.0898,6.0352,6.9994,,,,,,,
79040607619390,加速度计,1.5826,7.8189,1.6765,,,,,,,
79040610134754,陀螺仪,,,,,,,,-0.0246,0.0288,-0.0057
79040617639806,加速度计,0.1000,7.9883,10.3669,,,,,,,
79040627660067,加速度计,-0.5333,6.8067,7.4334,,,,,,,
79040630174494,陀螺仪,,,,,,,,0.0630,0.0300,0.0314
79040637679129,加速度计,1.8962,11.0714,9.4505,,,,,,,
79040647697462,加速度计,-0.3633,8.1936,1.0672,,,,,,,
79040650211265,陀螺仪,,,,,,,,-0.0088,0.0300,-0.0232
79040657715796,加速度计,-0.4070,1.1337,15.4294,,,,,,,
79040667734650,加速度计,0.3292,9.9563,4.4454,,,,,,,
79040670257671,陀螺仪,,,,,,,,0.2101,0.0252,0.0598
79040677764962,加速度计,2.2679,12.3289,-0.6470,,,,,,,
79040687769598,加速度计,1.8974,6.2920,4.6471,,,,,,,
79040690273400,陀螺仪,,,,,,,,-0.0144,0.0112,-0.0236
79040697774702,加速度计,-0.0730,5.4360,6.5116,,,,,,,
79040707780692,加速度计,0.1622,8.6167,6.5356,,,,,,,
79040710286056,陀螺仪,,,,,,,,-0.0238,-0.0170,-0.0644
79040717787983,加速度计,-0.5285,8.6473,8.3755,,,,,,,
79040727796994,加速度计,0.3142,5.0350,10.4004,,,,,,,
79040730305171,陀螺仪,,,,,,,,0.0419,-0.0007,-0.0190
79040737808140,加速度计,0.8458,7.3610,5.4486,,,,,,,
79040747821785,加速度计,1.0427,9.1644,2.0363,,,,,,,
79040750333712,陀螺仪,,,,,,,,-0.0036,0.0047,-0.0184
79040757837931,加速度计,1.0672,7.2042,8.0511,,,,,,,
79040767856577,加速度计,0.3029,7.8201,6.8594,,,,,,,
79040770372254,陀螺仪,,,,,,,,-0.0292,0.0015,-0.0308
79040777877671,加速度计,0.9978,7.2616,6.8085,,,,,,,
79040787900848,加速度计,0.9685,7.5190,7.8314,,,,,,,
79040790419650,陀螺仪,,,,,,,,-0.0214,0.0170,-0.0342
79040797926056,加速度计,-0.9140,7.2868,7.8901,,,,,,,
79040807952879,加速度计,0.1419,6.9893,6.5709,,,,,,,
79040810473869,陀螺仪,,,,,,,,0.0354,0.0099,0.0057
79040817980900,加速度计,1.4138,7.8398,5.2690,,,,,,,
79040828009702,加速度计,-1.7364,7.4430,8.0607,,,,,,,
79040830531629,陀螺仪,,,,,,,,0.0190,0.0032,0.0218
79040838038869,加速度计,-0.8110,8.4779,9.2039,,,,,,,
79040848066837,加速度计,1.3976,7.6064,6.7325,,,,,,,
79040850581577,陀螺仪,,,,,,,,0.1340,-0.0069,0.0726
79040858086265,加速度计,3.3255,6.4045,-6.2016,,,,,,,
79040868104598,加速度计,1.0307,5.7174,-0.8571,,,,,,,
79040870618400,陀螺仪,,,,,,,,-0.2137,0.0507,-0.0474
79040878122931,加速度计,-4.3856,6.4889,17.5693,,,,,,,
79040888141265,加速度计,-2.0291,11.9788,17.2215,,,,,,,
79040890655067,陀螺仪,,,,,,,,0.0594,-0.0047,0.1007
79040898159598,加速度计,1.3629,12.3038,7.5465,,,,,,,
79040908177931,加速度计,2.2511,4.6866,0.1119,,,,,,,
79040910691733,陀螺仪,,,,,,,,-0.0289,0.0507,0.0647
79040918196525,加速度计,-1.5311,-0.0090,3.4919,,,,,,,
79040941265420,GPS,,,,31.9414,118.7891,3.8400,263.5000,,,
79040928222410,加速度计,0.1119,6.1423,11.0127,,,,,,,
79040930730587,陀螺仪,,,,,,,,-0.0060,0.0534,0.1278
79040938233244,加速度计,-0.4166,9.3763,9.0740,,,,,,,
79040948244129,加速度计,1.6137,8.4521,2.2679,,,,,,,
79040950752619,陀螺仪,,,,,,,,0.0039,0.0525,0.1276
79040958255483,加速度计,1.4108,3.7828,5.8694,,,,,,,
79040968267671,加速度计,-0.3160,4.4658,8.0176,,,,,,,
79040970777410,陀螺仪,,,,,,,,0.0017,0.0526,0.0698
79040978280744,加速度计,-0.1897,8.6526,8.7538,,,,,,,
79040988295067,加速度计,0.9750,9.9473,5.0051,,,,,,,
79040990806681,陀螺仪,,,,,,,,0.0108,0.0510,0.0659
79040998310640,加速度计,0.8595,6.6331,4.4592,,,,,,,
79041008327462,加速度计,-0.3789,5.6174,8.6945,,,,,,,
79041010840952,陀螺仪,,,,,,,,-0.0156,0.0503,0.0431
79041018345535,加速度计,0.1850,7.7446,6.8313,,,,,,,
79041028364858,加速度计,0.6584,9.7863,5.7970,,,,,,,
79041030880223,陀螺仪,,,,,,,,-0.0217,0.0470,0.0486
79041038385431,加速度计,1.1887,6.6248,8.0637,,,,,,,
79041048407202,加速度计,1.2420,6.2118,2.8665,,,,,,,
79041050924129,陀螺仪,,,,,,,,0.0008,0.0383,0.0166
79041058429806,加速度计,1.3366,6.7313,3.9319,,,,,,,
79041068453192,加速度计,2.1626,8.3534,5.9161,,,,,,,
79041070971056,陀螺仪,,,,,,,,-0.0679,0.0433,-0.0174
79041078476994,加速度计,0.8128,7.1790,10.5536,,,,,,,
79041088501160,加速度计,1.0349,7.6297,8.5635,,,,,,,
79041091019337,陀螺仪,,,,,,,,0.0334,0.0302,-0.0389
79041098525327,加速度计,1.9788,8.4689,4.1557,,,,,,,
79041108548765,加速度计,0.3005,8.1493,6.9450,,,,,,,
79041111062567,陀螺仪,,,,,,,,-0.0049,0.0254,-0.0762
79041118567098,加速度计,0.2873,7.5346,9.4613,,,,,,,
79041128585431,加速度计,1.2719,8.4809,7.8159,,,,,,,
79041131099233,陀螺仪,,,,,,,,0.0686,-0.0019,-0.0780
79041138603765,加速度计,2.0291,8.3857,4.6681,,,,,,,
79041148622098,加速度计,1.4102,6.6942,2.0291,,,,,,,
79041151135900,陀螺仪,,,,,,,,-0.0049,0.0162,-0.1173
79041158640431,加速度计,0.7608,6.7750,3.6847,,,,,,,
79041168659858,加速度计,0.6979,6.7427,8.3456,,,,,,,
79041171198921,陀螺仪,,,,,,,,-0.0751,0.0049,-0.1105
79041178697202,加速度计,0.9158,7.8997,8.8322,,,,,,,
79041188690744,加速度计,1.0989,7.6944,8.2696,,,,,,,
79041191186421,陀螺仪,,,,,,,,-0.0071,0.0194,-0.1016
79041198685327,加速度计,1.4156,7.7440,7.1180,,,,,,,
79041208681785,加速度计,-0.2011,6.3985,5.3516,,,,,,,
79041211180587,陀螺仪,,,,,,,,0.0276,0.0292,-0.0897
79041218680952,加速度计,1.0822,7.2568,3.2651,,,,,,,
79041228683556,加速度计,1.0355,7.9194,7.3472,,,,,,,
79041231187671,陀螺仪,,,,,,,,-0.0505,0.0111,-0.0795
79041238690015,加速度计,0.3041,6.5715,9.7899,,,,,,,
79041248700744,加速度计,2.3762,7.7728,6.4476,,,,,,,
79041251211421,陀螺仪,,,,,,,,0.0526,0.0141,-0.0828
79041258716056,加速度计,0.6740,6.6696,6.8618,,,,,,,
79041268735848,加速度计,0.3454,6.6978,7.7644,,,,,,,
79041271253087,陀螺仪,,,,,,,,0.0778,0.0316,-0.0715
79041278759702,加速度计,1.1785,8.7843,7.4537,,,,,,,
79041288787202,加速度计,-0.0449,10.1125,9.5684,,,,,,,
79041291309754,陀螺仪,,,,,,,,0.0973,0.0068,-0.0621
79041298817931,加速度计,0.0407,7.9984,10.5860,,,,,,,
79041308851369,加速度计,2.1404,7.2832,5.8095,,,,,,,
79041311377671,陀螺仪,,,,,,,,0.2096,-0.0117,-0.0360
79041318886681,加速度计,3.7888,5.5641,-4.1019,,,,,,,
79041328923035,加速度计,3.3794,5.6994,-6.8636,,,,,,,
79041331450587,陀螺仪,,,,,,,,-0.0828,0.0170,-0.1904
79041338959702,加速度计,-1.5263,5.8706,14.2096,,,,,,,
79041348992098,加速度计,-2.7258,7.5669,21.7651,,,,,,,
79041351506837,陀螺仪,,,,,,,,0.1085,-0.0723,-0.1342
79041359011369,加速度计,0.6919,11.2049,9.2308,,,,,,,
79041369029702,加速度计,5.1852,9.3925,-1.6771,,,,,,,
79041371543504,陀螺仪,,,,,,,,0.0743,-0.0257,-0.1771
79041379048035,加速度计,2.5313,2.2535,-3.7691,,,,,,,
79041389066369,加速度计,-2.2889,3.2591,8.1846,,,,,,,
79041391580171,陀螺仪,,,,,,,,-0.0863,-0.0385,-0.2643
79041399084702,加速度计,-0.7649,8.9340,13.8846,,,,,,,
79041409103035,加速度计,-0.0640,8.4479,10.7051,,,,,,,
79041411616837,陀螺仪,,,,,,,,0.0278,-0.1019,-0.1662
79041419122515,加速度计,3.7900,5.3451,6.7552,,,,,,,
79041429152150,加速度计,2.2859,4.0683,2.2523,,,,,,,
79041431655015,陀螺仪,,,,,,,,0.0349,-0.0643,-0.2791
79041439156004,加速度计,-0.0976,5.9514,5.9556,,,,,,,
79041449160379,加速度计,0.1389,8.4479,10.8493,,,,,,,
79041451664181,陀螺仪,,,,,,,,0.0459,-0.0908,-0.2431
79041459165692,加速度计,-0.0748,10.6745,8.5694,,,,,,,
79041469172462,加速度计,1.6694,6.6708,6.6792,,,,,,,
79041471678765,陀螺仪,,,,,,,,0.0599,-0.1016,-0.2192
79041479181317,加速度计,1.4359,6.4093,3.8571,,,,,,,
79041489192358,加速度计,-0.2915,7.4502,3.8547,,,,,,,
79041491702098,陀螺仪,,,,,,,,-0.0176,-0.0820,-0.2226
79041499205900,加速度计,-0.8583,7.7943,10.4663,,,,,,,
79041509221942,加速度计,-0.4974,7.9296,9.6750,,,,,,,
79041511735431,陀螺仪,,,,,,,,0.0631,-0.0987,-0.1372
79041519240483,加速度计,-0.5489,8.9382,3.6063,,,,,,,
79041529261525,加速度计,1.5754,6.9139,3.4297,,,,,,,
79041531778765,陀螺仪,,,,,,,,-0.0108,-0.0640,-0.0814
79041539284962,加速度计,0.8386,6.7127,6.6140,,,,,,,
79041549310379,加速度计,-1.8250,8.9735,9.1243,,,,,,,
79041551830431,陀螺仪,,,,,,,,0.0196,-0.0423,-0.0112
79041559337358,加速度计,1.0475,9.9623,8.7227,,,,,,,
79041569365483,加速度计,1.3001,9.0004,3.3046,,,,,,,
79041571887098,陀螺仪,,,,,,,,-0.0016,-0.0144,0.0362
79041579394337,加速度计,0.6602,6.3027,3.1759,,,,,,,
79041589423504,加速度计,0.0371,7.4196,4.7986,,,,,,,
79041591945431,陀螺仪,,,,,,,,-0.1124,-0.0045,0.0145
79041599451421,加速度计,-2.5151,7.1353,13.7439,,,,,,,
79041609474129,加速度计,0.5309,8.8196,10.4148,,,,,,,
79041611987931,陀螺仪,,,,,,,,0.0712,-0.0222,0.0996
79041619492462,加速度计,1.4419,6.5481,-0.3047,,,,,,,
79041629510796,加速度计,1.9148,5.6820,-2.8820,,,,,,,
79041632024598,陀螺仪,,,,,,,,-0.0662,0.0049,-0.0220
79041639529129,加速度计,-0.6925,3.8738,5.4025,,,,,,,
79041649547462,加速度计,-1.8429,7.9739,13.3561,,,,,,,
79041652061265,陀螺仪,,,,,,,,-0.0189,-0.0611,-0.0048
79041659565796,加速度计,-0.4232,10.6626,11.9345,,,,,,,
79041669584650,加速度计,1.1390,9.1171,3.9307,,,,,,,
79041672102567,陀螺仪,,,,,,,,0.0574,-0.0764,-0.0008
79041679606160,加速度计,2.3050,5.3247,0.1041,,,,,,,
79041689620744,加速度计,0.3071,4.4143,2.2320,,,,,,,
79041692131733,陀螺仪,,,,,,,,-0.0783,-0.0702,-0.0755
79041699635327,加速度计,-1.4790,7.3759,9.9168,,,,,,,
79041709650067,加速度计,0.4304,10.2693,11.6340,,,,,,,
79041712161421,陀螺仪,,,,,,,,0.0005,-0.1136,-0.0418
79041719665223,加速度计,0.3944,8.7592,6.2249,,,,,,,
79041729680796,加速度计,1.4670,5.4929,3.2729,,,,,,,
79041732192775,陀螺仪,,,,,,,,-0.0055,-0.1132,-0.0802
79041739696785,加速度计,0.3430,6.2477,4.5514,,,,,,,
79041749713348,加速度计,-1.3599,8.3240,7.2880,,,,,,,
79041752226317,陀螺仪,,,,,,,,-0.0426,-0.1253,-0.0740
79041759730744,加速度计,0.2484,10.2681,13.1370,,,,,,,
79041769748973,加速度计,0.6159,10.0455,6.5272,,,,,,,
79041772263192,陀螺仪,,,,,,,,0.0534,-0.1486,-0.0413
79041779768035,加速度计,1.7041,5.0829,-1.9160,,,,,,,
79041789787775,加速度计,2.4128,5.4049,-8.2821,,,,,,,
79041792302879,陀螺仪,,,,,,,,-0.2794,-0.0969,-0.0983
79041799807931,加速度计,-1.7298,6.2303,12.2553,,,,,,,
79041809828504,加速度计,-4.4730,7.0186,17.6890,,,,,,,
79041812344233,陀螺仪,,,,,,,,-0.0515,-0.1194,-0.0041
79041819849494,加速度计,2.3721,13.1340,18.5209,,,,,,,
79041829870744,加速度计,0.9523,9.3224,-8.1756,,,,,,,
79041832386733,陀螺仪,,,,,,,,-0.1131,-0.0828,0.0523
79041839891994,加速度计,-0.4729,-1.8417,15.5497,,,,,,,
79041849913244,加速度计,-1.0008,6.5158,8.2402,,,,,,,
79041852429233,陀螺仪,,,,,,,,0.0474,-0.0635,0.1410
79041859934494,加速度计,0.7320,15.0063,-2.0219,,,,,,,
79041869954806,加速度计,0.2729,6.7098,5.3522,,,,,,,
79041872468921,陀螺仪,,,,,,,,-0.2182,-0.0483,0.1252
79041879973556,加速度计,0.3855,-0.3968,12.4504,,,,,,,
79041889992150,加速度计,-1.4180,4.5203,9.5690,,,,,,,
79041892505952,陀螺仪,,,,,,,,0.0317,-0.0550,0.1421
79041900010483,加速度计,0.1939,10.1209,3.0317,,,,,,,
79041910028817,加速度计,1.3186,8.2169,8.5054,,,,,,,
79041912543400,陀螺仪,,,,,,,,-0.0382,-0.0241,0.1921
79041920049494,加速度计,-0.0108,6.5463,1.9680,,,,,,,
79041941887555,GPS,,,,31.9414,118.7890,3.8700,264.1000,,,
79041930081317,加速度计,0.8871,5.5121,4.6908,,,,,,,
79041932577410,陀螺仪,,,,,,,,-0.1051,-0.0332,0.1072
79041940076212,加速度计,-1.1420,6.3895,10.3256,,,,,,,
79041950072254,加速度计,-0.3017,8.9842,7.3017,,,,,,,
79041952570431,陀螺仪,,,,,,,,-0.0324,-0.0257,0.1860
79041960070275,加速度计,2.0458,8.2780,5.9280,,,,,,,
79041970070952,加速度计,1.2737,6.6391,6.9791,,,,,,,
79041972573348,陀螺仪,,,,,,,,-0.0571,-0.0113,0.1101
79041980074858,加速度计,-0.2592,4.8818,8.9729,,,,,,,
79041990082515,加速度计,1.1193,8.2013,4.6178,,,,,,,
79041992590587,陀螺仪,,,,,,,,0.0406,-0.0302,0.1423
79042000094077,加速度计,2.1853,8.6568,1.9956,,,,,,,
79042010109806,加速度计,1.3850,6.0944,8.8639,,,,,,,
79042012624129,陀螺仪,,,,,,,,-0.0696,-0.0193,0.0932
79042020129702,加速度计,0.5489,6.2973,12.6671,,,,,,,
79042030153608,加速度计,1.7400,9.5146,5.0350,,,,,,,
79042032673765,陀螺仪,,,,,,,,0.0884,-0.0385,0.0475
79042040181108,加速度计,0.5680,9.4697,1.7065,,,,,,,
79042050211629,加速度计,1.3001,7.1964,6.1519,,,,,,,
79042052736004,陀螺仪,,,,,,,,-0.0377,-0.0354,0.0409
79042060244494,加速度计,-0.4064,7.1317,8.2875,,,,,,,
79042070279129,加速度计,2.1368,8.3157,6.5655,,,,,,,
79042072805796,陀螺仪,,,,,,,,-0.0398,-0.0558,0.0321
79042080314702,加速度计,0.8853,7.7716,4.3568,,,,,,,
79042090350535,加速度计,0.8128,6.7127,10.2598,,,,,,,
79042092875431,陀螺仪,,,,,,,,-0.0477,-0.0417,0.0100
79042100380275,加速度计,0.6817,6.8720,8.2756,,,,,,,
79042110399390,加速度计,2.0740,8.5868,4.1737,,,,,,,
79042112913192,陀螺仪,,,,,,,,0.0008,-0.0419,0.0020
79042120417723,加速度计,0.5620,6.5098,4.6322,,,,,,,
79042130436056,加速度计,0.5094,5.9777,6.9647,,,,,,,
79042132949858,陀螺仪,,,,,,,,-0.0530,-0.0449,0.0181
79042140454390,加速度计,0.9278,7.5573,9.3111,,,,,,,
79042150472723,加速度计,0.7063,10.7649,8.1331,,,,,,,
79042152986525,陀螺仪,,,,,,,,0.0063,-0.0356,0.0224
79042160491056,加速度计,-0.1532,7.1928,6.7002,,,,,,,
79042170511108,加速度计,1.7107,5.0823,4.1851,,,,,,,
79042173036942,陀螺仪,,,,,,,,0.0077,-0.0198,0.0523
79042180537931,加速度计,0.0425,6.5900,6.1603,,,,,,,
79042190542254,加速度计,-0.0341,6.7469,8.4653,,,,,,,
79042193045848,陀螺仪,,,,,,,,0.0602,-0.0065,0.1232
79042200547150,加速度计,0.7895,8.5910,3.7906,,,,,,,
79042210553035,加速度计,2.0399,8.8011,3.6673,,,,,,,
79042213058296,陀螺仪,,,,,,,,-0.0083,0.0105,0.1136
79042220560327,加速度计,-0.9409,6.5733,11.7489,,,,,,,
79042230569442,加速度计,-0.7643,8.5635,13.0915,,,,,,,
79042233077619,陀螺仪,,,,,,,,0.1245,0.0001,0.2072
79042240580796,加速度计,2.8443,9.5140,0.0239,,,,,,,
79042250594650,加速度计,3.9229,5.5875,-6.4967,,,,,,,
79042253106577,陀螺仪,,,,,,,,-0.0909,0.0764,0.1318
79042260611004,加速度计,-1.4281,4.4640,6.3919,,,,,,,
79042270629858,加速度计,-3.5716,4.3736,25.0368,,,,,,,
79042273145535,陀螺仪,,,,,,,,0.0623,0.0229,0.1943
79042280651212,加速度计,2.2458,12.4379,9.7264,,,,,,,
79042290674910,加速度计,3.9941,10.9301,-5.3163,,,,,,,
79042293193921,陀螺仪,,,,,,,,0.1120,0.0549,0.1499
79042300700535,加速度计,3.9612,1.1181,-7.9051,,,,,,,
79042310727671,加速度计,-2.7216,0.7063,11.7190,,,,,,,
79042313248765,陀螺仪,,,,,,,,-0.2649,0.0827,0.0253
79042320755900,加速度计,-2.5684,9.7420,16.7025,,,,,,,
79042330784806,加速度计,-0.2520,12.4451,14.2383,,,,,,,
79042333306733,陀螺仪,,,,,,,,0.0546,0.0149,0.1831
79042340813973,加速度计,3.5440,8.1373,5.2535,,,,,,,
79042350840796,加速度计,4.2689,2.6432,1.1612,,,,,,,
79042360861994,加速度计,-0.8523,3.5308,5.8484,,,,,,,
79042353357462,陀螺仪,,,,,,,,-0.0173,0.0964,0.0386
79042370880327,加速度计,-0.8332,8.2444,14.3736,,,,,,,
79042373394129,陀螺仪,,,,,,,,0.0510,0.0477,0.1071
79042380898660,加速度计,1.2558,10.6871,9.0914,,,,,,,
79042390916994,加速度计,3.7888,8.1086,1.5652,,,,,,,
79042393430796,陀螺仪,,,,,,,,0.0326,0.0463,0.0262
79042400935327,加速度计,2.4636,5.0625,7.6441,,,,,,,
79042410953660,加速度计,-0.0730,6.8331,6.6661,,,,,,,
79042413467775,陀螺仪,,,,,,,,0.0153,0.0324,-0.0530
79042420972931,加速度计,-0.1389,8.4719,4.8608,,,,,,,
79042430993869,加速度计,0.7428,7.6315,8.2989,,,,,,,
79042433503921,陀螺仪,,,,,,,,-0.0289,-0.0188,-0.0522
79042441007202,加速度计,1.8447,5.9490,5.5803,,,,,,,
79042451020744,加速度计,1.2791,6.2854,3.1304,,,,,,,
79042453531212,陀螺仪,,,,,,,,-0.0004,-0.0205,-0.1172
79042461034702,加速度计,0.7853,7.6812,3.0209,,,,,,,
79042471049077,加速度计,-0.8152,5.7604,11.0858,,,,,,,
79042473560275,陀螺仪,,,,,,,,-0.0381,-0.0312,-0.0732
79042481064077,加速度计,0.7398,8.2367,9.8743,,,,,,,
79042491079910,加速度计,1.7083,10.2610,5.7120,,,,,,,
79042501096577,加速度计,0.7865,8.8113,3.4363,,,,,,,
79042493592358,陀螺仪,,,,,,,,0.0422,-0.0318,-0.0441
79042511114077,加速度计,0.6548,7.6806,5.1840,,,,,,,
79042513627775,陀螺仪,,,,,,,,-0.0790,-0.0095,-0.0274
79042521132410,加速度计,0.5507,8.0715,5.7215,,,,,,,
79042531151577,加速度计,-0.3621,6.5140,8.6688,,,,,,,
79042533666525,陀螺仪,,,,,,,,-0.0981,-0.0160,0.0096
79042541171577,加速度计,-0.4160,3.9025,10.6458,,,,,,,
79042551192202,加速度计,0.2771,5.4211,5.2379,,,,,,,
79042553707983,陀螺仪,,,,,,,,0.0755,0.0096,0.0814
79042561213244,加速度计,0.7937,6.5254,5.0434,,,,,,,
79042571234702,加速度计,1.5054,8.5946,6.0537,,,,,,,
79042573751108,陀螺仪,,,,,,,,0.0882,0.0300,0.0949
79042581256577,加速度计,-0.2711,10.2059,4.5903,,,,,,,
79042591278660,加速度计,1.5479,9.0303,5.0159,,,,,,,
79042593795275,陀螺仪,,,,,,,,-0.0111,0.0380,0.1084
79042601300744,加速度计,0.0317,7.1497,7.3508,,,,,,,
79042611322827,加速度计,0.6967,7.3131,4.5610,,,,,,,
79042613838504,陀螺仪,,,,,,,,-0.0192,0.0734,0.1603
79042621343035,加速度计,0.7943,7.2407,3.8618,,,,,,,
79042631361369,加速度计,-0.3938,6.7600,5.6216,,,,,,,
79042633875171,陀螺仪,,,,,,,,-0.1059,0.0980,0.1597
79042641379702,加速度计,-0.4070,7.3993,7.8009,,,,,,,
79042651398035,加速度计,-0.6758,5.5528,10.5608,,,,,,,
79042653911837,陀螺仪,,,,,,,,-0.0481,0.0904,0.2032
79042661416369,加速度计,-0.4752,8.8753,9.6977,,,,,,,
79042671438035,加速度计,0.4136,8.5042,6.1591,,,,,,,
79042673968452,陀螺仪,,,,,,,,-0.0113,0.0996,0.2320
79042681466733,加速度计,-0.5249,8.0499,11.1570,,,,,,,
79042691460483,加速度计,-0.1185,6.6182,11.9213,,,,,,,
79042693956577,陀螺仪,,,,,,,,0.1336,0.1005,0.2590
79042701455483,加速度计,1.6915,8.9513,3.0496,,,,,,,
79042711452567,加速度计,3.4393,6.2602,-6.7576,,,,,,,
79042713952202,陀螺仪,,,,,,,,0.1025,0.1104,0.1804
79042721452567,加速度计,3.4758,6.3829,-9.3200,,,,,,,
79042731456108,加速度计,-3.5602,3.7032,24.9829,,,,,,,
79042733961265,陀螺仪,,,,,,,,-0.2906,0.0880,0.0800
79042741463608,加速度计,-2.3822,9.7785,18.9148,,,,,,,
79042751475483,加速度计,0.4543,13.9606,4.6465,,,,,,,
79042753987306,陀螺仪,,,,,,,,0.1393,0.0529,0.1337
79042761491942,加速度计,1.0804,6.7714,-2.7330,,,,,,,
79042771512775,加速度计,0.5794,2.5355,4.5430,,,,,,,
79042774030952,陀螺仪,,,,,,,,-0.0883,0.0698,0.0812
79042781537567,加速度计,-1.8741,6.2165,11.8794,,,,,,,
79042791565900,加速度计,-1.7310,12.0518,10.6386,,,,,,,
79042794089181,陀螺仪,,,,,,,,0.0698,0.0324,0.1598
79042801597358,加速度计,0.6333,8.7101,7.2718,,,,,,,
79042811631317,加速度计,1.3288,4.6148,4.2072,,,,,,,
79042814157931,陀螺仪,,,,,,,,0.0547,0.0413,0.1410
79042821666942,加速度计,-0.1371,5.3421,2.4475,,,,,,,
79042831703400,加速度计,-1.3928,7.3466,12.8305,,,,,,,
79042834230952,陀螺仪,,,,,,,,0.0445,0.0349,0.1439
79042841740067,加速度计,-1.4425,9.7241,16.0058,,,,,,,
79042851768192,加速度计,0.2376,9.7241,8.7305,,,,,,,
79042854282619,陀螺仪,,,,,,,,0.2185,0.0261,0.2240
79042861787150,加速度计,1.7238,6.1196,2.6893,,,,,,,
79042871805483,加速度计,0.3944,4.6292,1.1037,,,,,,,
79042874319285,陀螺仪,,,,,,,,0.1284,0.0640,0.1796
79042881823817,加速度计,0.8080,5.4809,0.2921,,,,,,,
79042891842150,加速度计,0.2747,5.7700,3.1921,,,,,,,
79042894355952,陀螺仪,,,,,,,,0.0169,0.0803,0.1642
79042901860483,加速度计,0.3178,7.5836,8.5144,,,,,,,
79042911878817,加速度计,0.5309,7.5292,8.7736,,,,,,,
79042921899442,加速度计,2.2248,7.9434,4.6190,,,,,,,
79042914393765,陀螺仪,,,,,,,,0.0236,0.0803,0.1972
79042939441513,GPS,,,,31.9414,118.7890,3.8400,264.4000,,,
79042931924233,加速度计,2.4786,6.1238,4.0318,,,,,,,
79042934426890,陀螺仪,,,,,,,,-0.0297,0.1352,0.1895
79042941927775,加速度计,0.4974,6.0490,3.8654,,,,,,,
79042951931942,加速度计,0.0802,7.9960,10.3783,,,,,,,
79042954435848,陀螺仪,,,,,,,,-0.0698,0.1762,0.2125
79042961937358,加速度计,0.0563,8.9585,9.8958,,,,,,,
79042971944650,加速度计,0.1586,7.6166,6.8319,,,,,,,
79042974451473,陀螺仪,,,,,,,,0.0165,0.1738,0.2570
79042981954025,加速度计,0.8871,6.9115,2.5869,,,,,,,
79042991965692,加速度计,0.6315,4.7417,8.2492,,,,,,,
79042994476056,陀螺仪,,,,,,,,-0.0314,0.1933,0.2543
79043001979858,加速度计,0.3059,6.7618,11.3946,,,,,,,
79043011996525,加速度计,1.8387,10.4842,7.4891,,,,,,,
79043014510640,陀螺仪,,,,,,,,0.1024,0.2292,0.2723
79043022015692,加速度计,0.7135,8.2001,4.3263,,,,,,,
79043032037358,加速度计,2.4038,6.2932,4.7687,,,,,,,
79043034555119,陀螺仪,,,,,,,,0.0534,0.2585,0.2593
79043042061317,加速度计,0.7626,8.1558,2.6833,,,,,,,
79043052087150,加速度计,1.4323,7.9314,10.6309,,,,,,,
79043054607515,陀螺仪,,,,,,,,-0.0521,0.2762,0.2433
79043062114442,加速度计,1.3408,8.3516,7.9254,,,,,,,
79043072142775,加速度计,0.9092,7.4639,2.3876,,,,,,,
79043074664494,陀螺仪,,,,,,,,-0.0068,0.2907,0.1967
79043082171733,加速度计,2.2212,7.9745,3.6314,,,,,,,
79043092200900,加速度计,0.0718,6.1280,13.1873,,,,,,,
79043094721785,陀螺仪,,,,,,,,-0.0806,0.2859,0.1605
79043102227983,加速度计,1.5754,9.9545,10.9583,,,,,,,
79043112249650,加速度计,1.4222,9.1919,5.3367,,,,,,,
79043114763452,陀螺仪,,,,,,,,0.0290,0.2783,0.0852
79043122267983,加速度计,-0.2292,7.1994,3.0550,,,,,,,
79043132286317,加速度计,2.6983,4.1019,4.6118,,,,,,,
79043134800119,陀螺仪,,,,,,,,-0.0473,0.2384,0.0485
79043142304650,加速度计,-0.2640,7.8039,9.9353,,,,,,,
79043152322983,加速度计,-0.8039,8.4629,17.2023,,,,,,,
79043154836785,陀螺仪,,,,,,,,0.0984,0.1695,0.0080
79043162341317,加速度计,5.5504,8.2037,4.9757,,,,,,,
79043172361525,加速度计,1.7921,5.1775,-5.1344,,,,,,,
79043182381785,加速度计,3.9109,4.5107,-8.4096,,,,,,,
79043174878921,陀螺仪,,,,,,,,0.1562,0.1631,-0.1521
79043192393452,加速度计,-2.3780,4.4658,23.0861,,,,,,,
79043194902410,陀螺仪,,,,,,,,-0.0999,0.0996,-0.2063
79043202405379,加速度计,0.0874,9.9473,18.1008,,,,,,,
79043212417723,加速度计,3.2854,12.2278,4.0175,,,,,,,
79043214927462,陀螺仪,,,,,,,,0.2125,0.0644,-0.2774
79043222430744,加速度计,1.7262,5.5875,1.1624,,,,,,,
79043232444598,加速度计,1.0648,-0.0209,3.3160,,,,,,,
79043234955744,陀螺仪,,,,,,,,0.0969,0.0702,-0.3313
79043242459546,加速度计,-0.2891,6.0035,8.2432,,,,,,,
79043252475744,加速度计,0.0688,11.8992,9.7953,,,,,,,
79043262493192,加速度计,5.6677,10.8565,9.0208,,,,,,,
79043254988765,陀螺仪,,,,,,,,0.1350,-0.0056,-0.2790
79043272511890,加速度计,3.5392,5.8185,7.7536,,,,,,,
79043282531837,加速度计,1.9058,3.6464,3.9714,,,,,,,
79043275026785,陀螺仪,,,,,,,,0.1261,0.0142,-0.4666
79043292552775,加速度计,0.9493,3.7290,4.5238,,,,,,,
79043302574546,加速度计,0.7344,8.6335,7.9984,,,,,,,
79043295069077,陀螺仪,,,,,,,,0.1112,0.0244,-0.4238
79043312597150,加速度计,2.5851,8.0601,11.6657,,,,,,,
79043315114546,陀螺仪,,,,,,,,0.0867,-0.0200,-0.4153
79043322620327,加速度计,3.8337,7.8566,10.6560,,,,,,,
79043332643921,加速度计,0.9044,6.1184,2.4780,,,,,,,
79043335161785,陀螺仪,,,,,,,,0.1517,-0.0166,-0.4899
79043342667671,加速度计,2.7432,5.1781,1.1163,,,,,,,
79043352691421,加速度计,0.8631,7.1982,-1.5826,,,,,,,
79043362712046,加速度计,-1.1594,6.2650,8.8573,,,,,,,
79043355207410,陀螺仪,,,,,,,,-0.0417,-0.0370,-0.5442
79043372730796,加速度计,-0.3579,8.2247,13.1017,,,,,,,
79043382749285,加速度计,0.5333,7.2472,12.4139,,,,,,,
79043375244754,陀螺仪,,,,,,,,-0.0350,-0.1297,-0.5236
79043392767619,加速度计,1.8974,8.3546,2.5941,,,,,,,
79043402785952,加速度计,0.9589,5.0793,2.5714,,,,,,,
79043395281421,陀螺仪,,,,,,,,0.1105,-0.1242,-0.5005
79043412804285,加速度计,-1.1073,8.0475,2.1207,,,,,,,
79043415318400,陀螺仪,,,,,,,,-0.0013,-0.1192,-0.4623
79043422823140,加速度计,-0.9846,8.9836,6.4560,,,,,,,
79043432842515,加速度计,0.2705,11.0211,10.1694,,,,,,,
79043435355067,陀螺仪,,,,,,,,-0.0759,-0.1469,-0.3719
79043442859181,加速度计,-0.5076,8.2289,13.1579,,,,,,,
79043452875848,加速度计,0.5860,5.6120,8.0343,,,,,,,
79043455388400,陀螺仪,,,,,,,,0.0968,-0.1182,-0.2662
79043462892515,加速度计,2.1027,6.0669,-0.8751,,,,,,,
79043472909181,加速度计,-0.1628,5.1122,-1.9920,,,,,,,
79043475421733,陀螺仪,,,,,,,,-0.0724,-0.0433,-0.2186
79043482925848,加速度计,-0.3250,6.8456,3.6476,,,,,,,
79043492942775,加速度计,-1.3743,7.9847,17.6135,,,,,,,
79043502960119,加速度计,-0.4094,10.9942,12.3672,,,,,,,
79043495455796,陀螺仪,,,,,,,,-0.0707,-0.0712,-0.1506
79043512977879,加速度计,1.3856,8.3719,4.8698,,,,,,,
79043522996056,加速度计,0.7506,6.3686,1.9860,,,,,,,
79043515491525,陀螺仪,,,,,,,,0.0431,-0.0519,-0.1176
79043533014650,加速度计,-2.0273,6.0136,9.1405,,,,,,,
79043543033660,加速度计,-0.5375,9.7211,9.1566,,,,,,,
79043535528921,陀螺仪,,,,,,,,-0.0256,-0.0395,-0.0866
79043553053087,加速度计,2.0973,8.1337,8.6874,,,,,,,
79043563072671,加速度计,0.5914,7.7482,4.0558,,,,,,,
79043555567827,陀螺仪,,,,,,,,0.0321,-0.0557,-0.0477
79043573092254,加速度计,-0.0108,3.7798,5.3570,,,,,,,
79043583111837,加速度计,0.4920,10.1053,-0.1293,,,,,,,
79043575606994,陀螺仪,,,,,,,,0.0450,-0.0341,-0.0792
79043593131421,加速度计,0.6764,6.1639,5.6611,,,,,,,
79043603151004,加速度计,0.1550,6.3087,7.2305,,,,,,,
79043595646160,陀螺仪,,,,,,,,-0.1020,-0.0579,-0.0851
79043613170587,加速度计,-1.1414,5.4504,9.7366,,,,,,,
79043623190171,加速度计,0.5249,8.1750,5.7323,,,,,,,
79043615685327,陀螺仪,,,,,,,,0.0099,-0.0775,-0.0886
79043633209754,加速度计,2.6767,8.5066,-1.8489,,,,,,,
79043643229337,加速度计,2.4654,6.3680,-7.6752,,,,,,,
79043635724494,陀螺仪,,,,,,,,-0.0107,-0.0623,-0.0622
79043653248660,加速度计,-0.6339,4.5173,18.0427,,,,,,,
79043655762931,陀螺仪,,,,,,,,-0.2738,-0.0502,-0.1268
79043663267567,加速度计,-3.6063,7.4364,23.7463,,,,,,,
79043673289442,加速度计,2.1721,13.1663,4.9476,,,,,,,
79043683311525,加速度计,-0.9272,9.9958,-1.0558,,,,,,,
79043675811577,陀螺仪,,,,,,,,0.1245,-0.0913,-0.0754
79043693311785,加速度计,-0.1496,1.6101,7.6321,,,,,,,
79043703312983,加速度计,-1.6472,6.6960,6.1154,,,,,,,
79043695812619,陀螺仪,,,,,,,,-0.0055,-0.0879,-0.0959
79043713315692,加速度计,-0.0084,13.1681,2.8641,,,,,,,
79043723320587,加速度计,1.2677,6.4500,8.3396,,,,,,,
79043715819181,陀螺仪,,,,,,,,-0.0509,-0.1542,-0.0858
79043733328244,加速度计,-0.3986,2.6827,13.5195,,,,,,,
79043735835952,陀螺仪,,,,,,,,0.0571,-0.1905,-0.1799
79043743338817,加速度计,-0.5477,6.9611,4.9829,,,,,,,
79043753352567,加速度计,2.1542,9.5080,2.2727,,,,,,,
79043763369650,加速度计,1.3264,7.8787,5.0895,,,,,,,
79043755865119,陀螺仪,,,,,,,,0.0068,-0.1937,-0.1518
79043773390067,加速度计,-0.6806,6.2764,10.8924,,,,,,,
79043783413556,加速度计,-0.4160,8.2582,9.7241,,,,,,,
79043775907462,陀螺仪,,,,,,,,-0.0258,-0.1859,-0.1860
79043793439702,加速度计,1.3892,9.4954,6.4943,,,,,,,
79043803468087,加速度计,2.2739,5.9316,1.0032,,,,,,,
79043795960848,陀螺仪,,,,,,,,-0.0483,-0.2016,-0.1334
79043813498296,加速度计,-1.0199,4.4562,4.5807,,,,,,,
79043816021785,陀螺仪,,,,,,,,-0.1734,-0.1746,-0.1787
79043823529650,加速度计,-1.0421,5.2427,14.1677,,,,,,,
79043833561577,加速度计,-0.1832,7.2909,12.1847,,,,,,,
79043843593660,加速度计,1.3001,8.5575,4.3389,,,,,,,
79043836085692,陀螺仪,,,,,,,,0.0037,-0.2004,-0.0590
79043853618452,加速度计,1.9082,4.7561,5.2511,,,,,,,
79043863637827,加速度计,-0.9966,3.1663,4.9997,,,,,,,
79043856133192,陀螺仪,,,,,,,,0.0041,-0.1646,-0.0585
79043873656317,加速度计,-0.6554,7.8374,9.2799,,,,,,,
79043883674650,加速度计,0.4393,10.7823,8.2235,,,,,,,
79043876170119,陀螺仪,,,,,,,,0.1032,-0.1522,0.0292
79043893692983,加速度计,1.5024,10.7937,1.5939,,,,,,,
79043903711317,加速度计,0.6183,6.6631,3.8313,,,,,,,
79043896206785,陀螺仪,,,,,,,,0.0708,-0.1451,0.0525
79043913729650,加速度计,-1.8256,6.2022,4.7531,,,,,,,
79043916244546,陀螺仪,,,,,,,,-0.0447,-0.1222,0.0726
79043923749806,加速度计,-0.2215,5.6300,4.9680,,,,,,,
79043933768660,加速度计,0.7326,8.3893,6.1172,,,,,,,
79043945733492,GPS,,,,31.9414,118.7890,3.7600,264.0000,,,
79043943781994,加速度计,1.3234,8.4174,13.8127,,,,,,,
79043936278712,陀螺仪,,,,,,,,-0.0625,-0.0812,0.1840
79043953795640,加速度计,0.8966,8.1870,12.0464,,,,,,,
79043956306212,陀螺仪,,,,,,,,0.0989,-0.0340,0.1605
79043963809702,加速度计,0.3358,9.2015,3.8936,,,,,,,
79043973824181,加速度计,0.5148,6.0035,-0.6674,,,,,,,
79043983839390,加速度计,0.2251,6.2962,3.7493,,,,,,,
79043976335587,陀螺仪,,,,,,,,0.0438,0.0116,0.2250
79043993855431,加速度计,-0.3711,9.0920,9.8845,,,,,,,
79044003872306,加速度计,2.5043,10.6973,10.9110,,,,,,,
79043996368087,陀螺仪,,,,,,,,-0.0387,0.0238,0.2507
79044013890015,加速度计,2.2051,6.9270,5.0165,,,,,,,
79044023908556,加速度计,1.1714,6.2429,-0.7614,,,,,,,
79044016403921,陀螺仪,,,,,,,,0.0734,0.0538,0.2060
79044033927931,加速度计,0.2538,5.8233,1.8399,,,,,,,
79044043948140,加速度计,-1.1869,8.3366,11.8190,,,,,,,
79044036443087,陀螺仪,,,,,,,,-0.1097,0.0907,0.1892
79044053968869,加速度计,0.4262,8.6377,10.5662,,,,,,,
79044063990015,加速度计,2.0482,8.4096,5.7263,,,,,,,
79044056484754,陀螺仪,,,,,,,,0.0190,0.0510,0.2166
79044074011577,加速度计,0.2346,7.7985,9.5074,,,,,,,
79044084033556,加速度计,-0.3639,5.0817,9.7151,,,,,,,
79044076528087,陀螺仪,,,,,,,,-0.0081,0.0621,0.1834
79044094055640,加速度计,3.3567,9.6456,-0.4639,,,,,,,
79044096572254,陀螺仪,,,,,,,,0.0996,0.0639,0.1735
79044104077723,加速度计,3.4219,7.7572,-6.8696,,,,,,,
79044114099494,加速度计,-0.1838,2.8844,6.9791,,,,,,,
79044116614337,陀螺仪,,,,,,,,-0.2780,0.0883,-0.0009
79044124118973,加速度计,-2.8497,5.2589,19.6253,,,,,,,
79044134137410,加速度计,1.1606,11.7466,13.8876,,,,,,,
79044136651212,陀螺仪,,,,,,,,0.0714,0.0075,0.0574
79044144155744,加速度计,2.8084,12.2056,6.9570,,,,,,,
79044154174077,加速度计,2.2930,2.8389,1.9800,,,,,,,
79044164192410,加速度计,0.6829,1.6215,-1.4204,,,,,,,
79044156687879,陀螺仪,,,,,,,,0.0364,0.0380,-0.0272
79044174211681,加速度计,-0.6788,7.5298,7.1413,,,,,,,
79044176726890,陀螺仪,,,,,,,,-0.0776,0.0108,-0.0368
79044184230796,加速度计,-0.7470,7.9027,12.0967,,,,,,,
79044194246629,加速度计,1.7729,9.9311,5.5366,,,,,,,
79044196758556,陀螺仪,,,,,,,,0.0204,-0.0407,-0.0686
79044204262462,加速度计,3.2639,7.7051,4.8088,,,,,,,
79044214278296,加速度计,0.4220,4.3048,11.3916,,,,,,,
79044216790431,陀螺仪,,,,,,,,-0.0334,-0.0216,-0.1687
79044224294442,加速度计,-1.1815,6.8366,8.2193,,,,,,,
79044234311004,加速度计,0.9230,9.5900,3.4052,,,,,,,
79044236823765,陀螺仪,,,,,,,,-0.0041,-0.0202,-0.0495
79044244327983,加速度计,1.8202,6.5912,6.6637,,,,,,,
79044254345379,加速度计,1.2288,7.0324,10.6081,,,,,,,
79044256858765,陀螺仪,,,,,,,,-0.0419,-0.0138,-0.0784
79044264363192,加速度计,-0.7901,5.7162,10.9086,,,,,,,
79044274381421,加速度计,1.1564,7.9523,1.8477,,,,,,,
79044276895431,陀螺仪,,,,,,,,0.0141,-0.0004,-0.0601
79044284400067,加速度计,1.3342,3.9265,4.8465,,,,,,,
79044294419129,加速度计,0.2789,4.8261,6.1573,,,,,,,
79044296933765,陀螺仪,,,,,,,,-0.0025,0.0160,-0.0623
79044304438608,加速度计,-0.1933,6.0861,8.2815,,,,,,,
79044316973765,陀螺仪,,,,,,,,0.0144,0.0059,-0.0562
79044314458504,加速度计,1.9225,9.7205,3.8050,,,,,,,
79044324478817,加速度计,-0.1634,8.2013,9.3452,,,,,,,
79044334499233,加速度计,-0.2562,5.8071,13.5057,,,,,,,
79044344519650,加速度计,1.1241,9.8037,3.8840,,,,,,,
79044337014598,陀螺仪,,,,,,,,0.0814,0.0065,-0.0269
79044354540067,加速度计,1.1193,10.0287,-1.4168,,,,,,,
79044364560483,加速度计,-0.0976,5.5719,10.8631,,,,,,,
79044357055431,陀螺仪,,,,,,,,-0.0370,0.0196,-0.0357
79044374580900,加速度计,-1.2737,6.5888,11.9243,,,,,,,
79044384600067,加速度计,0.9864,8.9513,2.9616,,,,,,,
79044377095431,陀螺仪,,,,,,,,0.0776,-0.0161,-0.0145
79044394618817,加速度计,4.0444,7.6070,-1.8962,,,,,,,
79044404637254,加速度计,0.1173,5.9669,5.2481,,,,,,,
79044397132723,陀螺仪,,,,,,,,-0.0316,0.0152,-0.0722
79044414655587,加速度计,-2.4858,5.6479,11.0157,,,,,,,
79044417172306,陀螺仪,,,,,,,,-0.0172,-0.0278,-0.0744
79044424681733,加速度计,1.3964,9.6055,8.9160,,,,,,,
79044434698348,加速度计,1.3970,9.5750,4.6005,,,,,,,
79044437196317,陀螺仪,,,,,,,,-0.0032,-0.0365,-0.0790
79044444695640,加速度计,0.4070,5.5869,7.6022,,,,,,,
79044454694390,加速度计,-0.2472,8.3193,5.2678,,,,,,,
79044457194858,陀螺仪,,,,,,,,0.0337,-0.0519,-0.1067
79044464695119,加速度计,0.1832,9.2548,6.6966,,,,,,,
79044474698556,加速度计,0.4465,7.8907,8.3079,,,,,,,
79044477203400,陀螺仪,,,,,,,,0.0250,-0.0772,-0.0782
79044484705223,加速度计,1.8016,8.2893,6.3446,,,,,,,
79044494715535,加速度计,-0.7679,5.2888,4.0193,,,,,,,
79044497225900,陀螺仪,,,,,,,,0.0138,-0.0752,-0.1213
79044504729598,加速度计,-0.3980,5.7461,2.6139,,,,,,,
79044514747410,加速度计,1.3174,9.3069,5.1481,,,,,,,
79044517263192,陀螺仪,,,,,,,,-0.0590,-0.1009,-0.0850
79044524768660,加速度计,-1.6400,8.6856,9.3051,,,,,,,
79044534793244,加速度计,-0.9912,7.3089,16.2806,,,,,,,
79044544820848,加速度计,-0.5734,7.4897,12.2661,,,,,,,
79044537313817,陀螺仪,,,,,,,,0.0079,-0.1398,-0.0458
79044554851056,加速度计,0.8625,6.8570,0.3956,,,,,,,
79044557375067,陀螺仪,,,,,,,,0.1791,-0.1099,0.0471
79044564883140,加速度计,2.0776,6.2997,-6.0795,,,,,,,
79044574916577,加速度计,-0.6542,7.4735,-3.0867,,,,,,,
79044584950640,加速度计,-2.7707,6.2818,19.6247,,,,,,,
79044577442150,陀螺仪,,,,,,,,-0.1766,-0.0756,-0.0229
79044594984806,加速度计,-0.8877,10.8266,14.9392,,,,,,,
79044605007410,加速度计,0.7314,11.5239,-0.2939,,,,,,,
79044597502775,陀螺仪,,,,,,,,0.0719,-0.1353,0.0658
79044615025848,加速度计,1.3982,5.4414,1.0582,,,,,,,
79044617539650,陀螺仪,,,,,,,,-0.1149,-0.0554,0.0920
79044625044181,加速度计,-1.5502,3.7942,6.6595,,,,,,,
79044635062515,加速度计,-0.2125,9.6271,8.4509,,,,,,,
79044637576317,陀螺仪,,,,,,,,-0.0659,-0.0654,0.1591
79044645080848,加速度计,-0.2035,9.5756,8.5287,,,,,,,
79044655099181,加速度计,-0.0221,6.2333,7.6567,,,,,,,
79044657612983,陀螺仪,,,,,,,,0.0012,-0.0539,0.1834
79044665117515,加速度计,1.5975,4.7507,3.6919,,,,,,,
79044675140119,加速度计,1.2947,6.7499,-0.8601,,,,,,,
79044677653192,陀螺仪,,,,,,,,-0.0599,-0.0256,0.1498
79044685156265,加速度计,-0.4944,7.0216,8.4384,,,,,,,
79044695168765,加速度计,-1.7496,9.5050,18.6700,,,,,,,
79044697678452,陀螺仪,,,,,,,,0.0210,-0.0515,0.1755
79044705181629,加速度计,1.1091,9.1842,9.0956,,,,,,,
79044715194910,加速度计,2.8353,9.6798,-4.9811,,,,,,,
79044717705483,陀螺仪,,,,,,,,0.0051,-0.0174,0.1139
79044725208973,加速度计,-2.2140,3.3232,-5.1805,,,,,,,
79044735223869,加速度计,-2.4810,0.3172,15.4935,,,,,,,
79044737735692,陀螺仪,,,,,,,,-0.1808,-0.0057,0.1894
79044745239598,加速度计,-1.0672,9.0525,23.5254,,,,,,,
79044755256160,加速度计,1.0439,14.1396,3.2920,,,,,,,
79044757769233,陀螺仪,,,,,,,,0.0707,-0.0214,0.2714
79044765273556,加速度计,1.2234,3.3896,3.7948,,,,,,,
79044775292150,加速度计,1.1384,0.0587,-0.9086,,,,,,,
79044777806785,陀螺仪,,,,,,,,-0.0148,0.0533,0.2812
79044785311629,加速度计,-1.2743,6.0693,8.5730,,,,,,,
79044795331942,加速度计,-0.1155,12.6133,10.2855,,,,,,,
79044797847827,陀螺仪,,,,,,,,-0.0294,0.0788,0.3493
79044805353087,加速度计,1.2755,12.1853,10.8924,,,,,,,
79044815375067,加速度计,0.1610,5.9753,8.9693,,,,,,,
79044817891942,陀螺仪,,,,,,,,0.0130,0.0831,0.3061
79044825397515,加速度计,1.0331,4.5663,1.8244,,,,,,,
79044835420379,加速度计,0.2484,7.3119,-2.8443,,,,,,,
79044837937619,陀螺仪,,,,,,,,-0.1214,0.1289,0.3209
79044845443296,加速度计,0.3621,4.4239,10.6003,,,,,,,
79044855466212,加速度计,0.8248,8.1445,12.0829,,,,,,,
79044857982931,陀螺仪,,,,,,,,-0.0372,0.1169,0.3015
79044865488400,加速度计,-0.1544,8.8466,9.7803,,,,,,,
79044875507202,加速度计,1.5694,8.3372,6.5009,,,,,,,
79044878021004,陀螺仪,,,,,,,,0.0485,0.1013,0.2510
79044885525535,加速度计,1.2552,6.0507,7.6267,,,,,,,
79044895543869,加速度计,-0.0557,8.6060,0.7590,,,,,,,
79044898057671,陀螺仪,,,,,,,,0.0683,0.1048,0.2213
79044905562202,加速度计,2.4960,9.1315,1.9764,,,,,,,
79044915580535,加速度计,1.3719,7.4861,6.3752,,,,,,,
79044918094598,陀螺仪,,,,,,,,-0.0671,0.0949,0.1166
79044925599754,加速度计,0.6099,5.3983,8.9747,,,,,,,
79044935618504,加速度计,1.6759,6.7169,3.4967,,,,,,,
79044942935314,GPS,,,,31.9414,118.7889,3.8500,263.2000,,,
79044938132306,陀螺仪,,,,,,,,-0.0023,0.0832,0.0864
79044945636837,加速度计,2.8317,8.0577,3.2376,,,,,,,
79044955655171,加速度计,1.3210,7.4232,13.9791,,,,,,,
79044965673504,加速度计,0.6548,8.3258,14.5951,,,,,,,
79044958168973,陀螺仪,,,,,,,,-0.0376,0.0754,0.0072
79044975691837,加速度计,2.0638,6.7714,8.9920,,,,,,,
79044985710171,加速度计,1.4150,8.9142,0.8344,,,,,,,
79044978205640,陀螺仪,,,,,,,,0.1965,0.0316,-0.0344
79044995728504,加速度计,0.1951,5.4486,8.5545,,,,,,,
79045005746837,加速度计,1.3258,9.1004,5.6946,,,,,,,
79044998242306,陀螺仪,,,,,,,,0.1135,0.0233,-0.0164
79045015765171,加速度计,4.1605,10.3244,1.3832,,,,,,,
79045018278973,陀螺仪,,,,,,,,0.1055,-0.0096,-0.0960
79045025783504,加速度计,4.2395,7.0288,-6.9174,,,,,,,
79045035801837,加速度计,0.1508,2.2889,11.6173,,,,,,,
79045045820171,加速度计,-1.8585,6.5799,20.4010,,,,,,,
79045038315640,陀螺仪,,,,,,,,-0.1871,0.0185,-0.2087
79045055838504,加速度计,1.8579,12.9425,13.6021,,,,,,,
79045065856837,加速度计,3.9211,12.6899,-3.1250,,,,,,,
79045058352306,陀螺仪,,,,,,,,0.2201,0.0035,-0.0475
79045075875171,加速度计,3.7248,-0.1030,2.0518,,,,,,,
79045085893504,加速度计,-1.5042,3.1627,-4.4628,,,,,,,
79045078388973,陀螺仪,,,,,,,,-0.0138,0.0692,-0.1435
79045095911837,加速度计,0.0952,6.5374,5.1122,,,,,,,
79045105930171,加速度计,-0.4268,8.7035,9.2476,,,,,,,
79045098425640,陀螺仪,,,,,,,,-0.1645,0.0567,-0.0727
79045115948504,加速度计,-0.1604,8.4007,15.9975,,,,,,,
79045118462306,陀螺仪,,,,,,,,-0.0449,0.0253,-0.0417
79045125966837,加速度计,1.0451,7.4130,11.3503,,,,,,,
79045135985171,加速度计,0.7129,7.9140,-0.9313,,,,,,,
79045146003504,加速度计,0.6907,5.3989,5.1475,,,,,,,
79045138498973,陀螺仪,,,,,,,,-0.0015,0.0647,-0.0659
79045156021837,加速度计,-2.0626,6.2267,15.6820,,,,,,,
79045166040171,加速度计,-0.7715,8.7556,13.0777,,,,,,,
79045158535640,陀螺仪,,,,,,,,-0.0140,0.0502,0.0115
79045176073973,加速度计,2.3978,9.9132,4.6878,,,,,,,
79045178584129,陀螺仪,,,,,,,,0.1044,0.0445,0.0382
79045186083660,加速度计,1.6328,3.2884,1.8238,,,,,,,
79045196082358,加速度计,0.7566,1.6927,3.5530,,,,,,,
79045198582254,陀螺仪,,,,,,,,0.0647,0.0619,-0.0158
79045206082202,加速度计,-0.2119,9.3871,8.3157,,,,,,,
79045216084025,加速度计,1.4449,11.2306,7.6854,,,,,,,
79045218587202,陀螺仪,,,,,,,,-0.0021,0.0378,-0.0027
79045226088296,加速度计,3.0005,7.8069,6.8612,,,,,,,
79045236095431,加速度计,1.0774,5.2744,4.8375,,,,,,,
79045238603192,陀螺仪,,,,,,,,-0.0806,0.0919,-0.0586
79045246105848,加速度计,-0.3873,4.1515,6.7337,,,,,,,
79045256119962,加速度计,1.1606,6.3943,9.2380,,,,,,,
79045258633296,陀螺仪,,,,,,,,-0.0346,0.1310,0.0421
79045266137827,加速度计,-0.8224,9.1746,14.6908,,,,,,,
79045276159077,加速度计,0.4890,7.4298,9.9623,,,,,,,
79045278677462,陀螺仪,,,,,,,,0.1511,0.1354,0.1142
79045286183660,加速度计,3.9020,8.3091,-0.7278,,,,,,,
79045296211212,加速度计,2.2853,8.8298,-3.4626,,,,,,,
79045298733765,陀螺仪,,,,,,,,-0.0860,0.1691,-0.0261
79045306241317,加速度计,-1.0445,6.1016,11.4036,,,,,,,
79045316273192,加速度计,-0.6381,7.1251,15.1768,,,,,,,
79045318798087,陀螺仪,,,,,,,,0.0365,0.0963,0.0184
79045326306369,加速度计,1.4617,10.1365,5.1386,,,,,,,
79045336340067,加速度计,1.5700,4.0049,6.9617,,,,,,,
79045338865431,陀螺仪,,,,,,,,0.0646,0.1164,-0.0607
79045346373817,加速度计,-0.0467,4.5268,5.1050,,,,,,,
79045356395900,加速度计,-0.5405,6.8175,3.8684,,,,,,,
79045358909962,陀螺仪,,,,,,,,0.1631,0.0466,-0.1077
79045366414494,加速度计,1.1271,9.8264,2.3337,,,,,,,
79045376432827,加速度计,0.9912,11.1749,5.6856,,,,,,,
79045378946629,陀螺仪,,,,,,,,0.0273,-0.0230,-0.1921
79045386451160,加速度计,1.8124,7.6668,8.8346,,,,,,,
79045396469494,加速度计,0.6823,6.7750,6.4703,,,,,,,
79045398983296,陀螺仪,,,,,,,,0.0724,-0.0437,-0.2393
79045406487827,加速度计,0.1305,8.4569,4.1994,,,,,,,
79045416506160,加速度计,0.4549,6.5691,9.2751,,,,,,,
79045419022306,陀螺仪,,,,,,,,0.0473,-0.0517,-0.2007
79045426532983,加速度计,0.3334,8.9328,6.7115,,,,,,,
79045436544233,加速度计,0.5590,8.6814,6.2626,,,,,,,
79045439052723,陀螺仪,,,,,,,,0.0491,-0.0937,-0.2232
79045446555483,加速度计,0.0611,5.2780,6.2471,,,,,,,
79045456567150,加速度计,1.4778,7.7506,3.7757,,,,,,,
79045459076577,陀螺仪,,,,,,,,0.0582,-0.1135,-0.2192
79045466579650,加速度计,1.1474,8.6455,4.4341,,,,,,,
79045476592983,加速度计,0.3693,6.3159,4.2623,,,,,,,
79045486607150,加速度计,1.4066,5.7174,-3.0580,,,,,,,
79045479103660,陀螺仪,,,,,,,,-0.0021,-0.1518,-0.2527
79045496622567,加速度计,2.1560,5.8712,4.7543,,,,,,,
79045506639233,加速度计,-3.0610,5.7102,18.2923,,,,,,,
79045499135119,陀螺仪,,,,,,,,-0.2396,-0.1569,-0.3072
79045516657150,加速度计,-1.9998,10.4387,21.1462,,,,,,,
79045526676317,加速度计,1.8800,13.9684,5.6683,,,,,,,
79045519171577,陀螺仪,,,,,,,,0.1169,-0.1734,-0.1783
79045536696733,加速度计,2.9574,4.4724,-2.7467,,,,,,,
79045546717983,加速度计,-0.0269,3.8571,-6.6409,,,,,,,
79045539212723,陀螺仪,,,,,,,,0.0627,-0.1197,-0.2095
79045556740067,加速度计,-2.0255,6.5829,4.8381,,,,,,,
79045566762983,加速度计,-2.5923,9.0710,16.3494,,,,,,,
79045559257306,陀螺仪,,,,,,,,-0.2714,-0.1623,-0.1695
79045576786317,加速度计,0.3956,10.1496,16.8504,,,,,,,
79045579304181,陀螺仪,,,,,,,,0.0157,-0.1840,-0.0642
79045586810067,加速度计,1.6406,9.3895,4.0486,,,,,,,
79045596833817,加速度计,1.5077,4.3203,2.3176,,,,,,,
79045606857567,加速度计,-0.9194,6.0136,2.3349,,,,,,,
79045599351681,陀螺仪,,,,,,,,-0.0041,-0.1101,-0.0670
79045616877567,加速度计,-1.5437,9.2129,7.2209,,,,,,,
79045626895900,加速度计,-1.0175,9.6780,10.9912,,,,,,,
79045619391369,陀螺仪,,,,,,,,-0.0639,-0.1200,0.0454
79045636914233,加速度计,0.1466,8.1493,9.7199,,,,,,,
79045646932567,加速度计,1.5167,5.7479,2.3331,,,,,,,
79045639428035,陀螺仪,,,,,,,,-0.0005,-0.1037,0.1399
79045656950900,加速度计,-0.9188,5.6156,1.4365,,,,,,,
79045666969233,加速度计,-2.1350,6.1669,9.7037,,,,,,,
79045659464702,陀螺仪,,,,,,,,-0.0947,-0.0292,0.1537
79045676990692,加速度计,-1.9842,7.4669,13.3962,,,,,,,
79045687007358,加速度计,-0.1353,8.1684,8.4886,,,,,,,
79045679503244,陀螺仪,,,,,,,,-0.0349,-0.0329,0.3143
79045697024025,加速度计,1.5502,6.3901,-2.4978,,,,,,,
79045699536577,陀螺仪,,,,,,,,-0.0509,0.0260,0.3318
79045707040692,加速度计,1.2294,2.7360,1.8160,,,,,,,
79045717057358,加速度计,-3.1388,2.2505,7.4053,,,,,,,
79045727074025,加速度计,-1.7669,6.9857,15.1703,,,,,,,
79045719569910,陀螺仪,,,,,,,,-0.1328,0.0703,0.3491
79045737090692,加速度计,-1.2097,10.5183,11.5221,,,,,,,
79045747107775,加速度计,2.0429,10.8308,5.7072,,,,,,,
79045739603556,陀螺仪,,,,,,,,0.0811,0.0563,0.4577
79045757125275,加速度计,0.9128,6.8199,3.8044,,,,,,,
79045767143192,加速度计,-1.2803,5.5719,0.9810,,,,,,,
79045759638765,陀螺仪,,,,,,,,0.0149,0.0949,0.3816
79045777161525,加速度计,0.1275,7.0880,6.7834,,,,,,,
79045787180275,加速度计,0.3280,8.9842,9.8378,,,,,,,
79045779675640,陀螺仪,,,,,,,,-0.0759,0.1085,0.4087
79045797199442,加速度计,0.6656,5.9029,10.8828,,,,,,,
79045799714181,陀螺仪,,,,,,,,0.0052,0.1325,0.3870
79045807219025,加速度计,0.0922,6.3985,8.3995,,,,,,,
79045817238608,加速度计,0.2705,6.9264,5.3026,,,,,,,
79045827258192,加速度计,2.4948,8.7023,2.5792,,,,,,,
79045819753348,陀螺仪,,,,,,,,0.1368,0.1557,0.4172
79045837277775,加速度计,2.7174,10.8799,-0.1544,,,,,,,
79045847297358,加速度计,0.8380,8.1271,5.1858,,,,,,,
79045839792515,陀螺仪,,,,,,,,-0.0277,0.1727,0.3120
79045857316942,加速度计,0.8284,5.9783,10.6464,,,,,,,
79045867336525,加速度计,1.8657,8.5934,6.6134,,,,,,,
79045859831681,陀螺仪,,,,,,,,-0.0724,0.1863,0.2559
79045877356108,加速度计,1.1199,7.3622,5.8802,,,,,,,
79045887375692,加速度计,1.6047,6.8911,5.7371,,,,,,,
79045879870848,陀螺仪,,,,,,,,-0.0382,0.1959,0.2582
79045897395275,加速度计,1.8926,7.6016,8.6048,,,,,,,
79045899910015,陀螺仪,,,,,,,,-0.0314,0.1872,0.1605
79045907414858,加速度计,0.8350,8.5072,8.2444,,,,,,,
79045917433192,加速度计,0.7793,6.8283,9.5379,,,,,,,
79045927474233,加速度计,0.0485,9.5846,10.1329,,,,,,,
79045919954858,陀螺仪,,,,,,,,0.0004,0.1662,0.1539
79045937470067,加速度计,4.0372,7.0437,7.1479,,,,,,,
79045950236512,GPS,,,,31.9414,118.7889,3.8800,263.8000,,,
79045947466733,加速度计,3.2388,5.8341,-2.6492,,,,,,,
79045939967619,陀螺仪,,,,,,,,0.0945,0.1362,0.1019
79045957465067,加速度计,2.1440,4.0677,-6.7882,,,,,,,
79045959965744,陀螺仪,,,,,,,,-0.1469,0.1506,-0.0585
79045967465900,加速度计,0.3986,3.0376,12.0668,,,,,,,
79045977469650,加速度计,-2.8024,7.7692,23.8187,,,,,,,
79045987476733,加速度计,2.7043,13.5961,9.2937,,,,,,,
79045979975015,陀螺仪,,,,,,,,0.0780,0.0591,-0.0635
79045997487567,加速度计,4.9853,9.8677,-1.4192,,,,,,,
79046007502150,加速度计,0.3944,2.7701,1.8238,,,,,,,
79045999998556,陀螺仪,,,,,,,,0.0964,0.0595,-0.1707
79046017520483,加速度计,-2.2476,4.4107,5.6749,,,,,,,
79046020037098,陀螺仪,,,,,,,,0.0240,0.0007,-0.1827
79046027542567,加速度计,0.9020,11.1516,7.6483,,,,,,,
79046037567983,加速度计,4.2844,11.1157,9.0878,,,,,,,
79046047596317,加速度计,2.3768,4.7830,8.5754,,,,,,,
79046040089285,陀螺仪,,,,,,,,-0.0385,-0.0562,-0.2037
79046057627150,加速度计,0.8996,3.5931,1.5760,,,,,,,
79046067660067,加速度计,2.1967,6.5535,4.7220,,,,,,,
79046060151890,陀螺仪,,,,,,,,0.0587,-0.0463,-0.3068
79046077694233,加速度计,-0.7626,9.5002,12.8874,,,,,,,
79046087728817,加速度计,1.2282,8.4354,11.9884,,,,,,,
79046080220223,陀螺仪,,,,,,,,0.0083,-0.0762,-0.2831
79046097763400,加速度计,1.5622,7.0671,6.5098,,,,,,,
79046100279702,陀螺仪,,,,,,,,0.1409,-0.0973,-0.2931
79046107785067,加速度计,0.2089,7.2586,-0.4094,,,,,,,
79046117803817,加速度计,1.8597,4.0504,7.4023,,,,,,,
79046127822150,加速度计,-1.1797,8.0756,8.3953,,,,,,,
79046120317619,陀螺仪,,,,,,,,0.0044,-0.0988,-0.2405
79046137840483,加速度计,0.8015,8.3761,4.8417,,,,,,,
79046147858817,加速度计,1.7101,5.1888,5.3959,,,,,,,
79046140354285,陀螺仪,,,,,,,,0.0164,-0.0985,-0.2047
79046157877150,加速度计,-0.9972,4.9997,5.3295,,,,,,,
79046167895483,加速度计,-0.2717,7.8871,6.9743,,,,,,,
79046160390952,陀螺仪,,,,,,,,-0.0230,-0.0610,-0.1422
79046177921525,加速度计,1.1875,8.0445,11.6921,,,,,,,
79046180429702,陀螺仪,,,,,,,,-0.0198,-0.0402,-0.0248
79046187932358,加速度计,1.5562,9.7588,8.2995,,,,,,,
79046197943244,加速度计,0.3388,4.9482,6.2034,,,,,,,
79046200451733,陀螺仪,,,,,,,,0.0087,0.0302,0.0044
79046207954598,加速度计,-0.0670,6.2854,4.1342,,,,,,,
79046217966785,加速度计,0.2550,4.7393,6.3183,,,,,,,
79046220476525,陀螺仪,,,,,,,,-0.0346,0.0569,0.1017
79046227979858,加速度计,-0.6662,7.9182,6.9384,,,,,,,
79046237994181,加速度计,1.1145,7.6219,7.9607,,,,,,,
79046240505796,陀螺仪,,,,,,,,-0.0095,0.0656,0.1116
79046248009754,加速度计,-0.5189,8.4659,7.4537,,,,,,,
79046258026577,加速度计,-0.3543,5.8508,7.7363,,,,,,,
79046260540067,陀螺仪,,,,,,,,0.0413,0.0900,0.1679
79046268044650,加速度计,1.2534,8.1427,3.1244,,,,,,,
79046278063973,加速度计,0.5812,7.0701,3.7553,,,,,,,
79046280579337,陀螺仪,,,,,,,,-0.0312,0.1160,0.1815
79046288084546,加速度计,0.4830,7.9248,7.5441,,,,,,,
79046298106317,加速度计,-0.1999,7.3706,8.0260,,,,,,,
79046300623244,陀螺仪,,,,,,,,-0.0124,0.1372,0.1868
79046308128921,加速度计,-0.5435,8.6999,3.0831,,,,,,,
79046318152306,加速度计,0.3867,6.7487,4.6364,,,,,,,
79046320670171,陀螺仪,,,,,,,,-0.0570,0.1574,0.2216
79046328176108,加速度计,-0.8697,7.9332,9.2811,,,,,,,
79046338200275,加速度计,-0.2837,8.1684,9.0010,,,,,,,
79046340718452,陀螺仪,,,,,,,,-0.0037,0.1565,0.2590
79046348224442,加速度计,1.1462,9.5199,4.0612,,,,,,,
79046358247931,加速度计,0.9810,6.0723,4.8495,,,,,,,
79046360762046,陀螺仪,,,,,,,,-0.0671,0.1623,0.2063
79046368266681,加速度计,-0.4741,7.2748,10.9505,,,,,,,
79046378285379,加速度计,-0.9774,9.5283,16.2339,,,,,,,
79046380799181,陀螺仪,,,,,,,,0.0711,0.1332,0.2443
79046388303712,加速度计,-0.9960,9.3302,11.8627,,,,,,,
79046398322046,加速度计,3.6787,6.5757,3.1807,,,,,,,
79046400835848,陀螺仪,,,,,,,,0.2233,0.1128,0.2490
79046408340379,加速度计,3.5488,4.4359,-5.7443,,,,,,,
79046418358921,加速度计,4.8961,6.0490,-8.3019,,,,,,,
79046420875119,陀螺仪,,,,,,,,-0.1466,0.1201,-0.0644
79046428380900,加速度计,-2.6504,7.9673,9.5080,,,,,,,
79046438395900,加速度计,-2.7438,8.7053,19.4391,,,,,,,
79046440907202,陀螺仪,,,,,,,,0.0220,-0.0097,-0.1139
79046448410900,加速度计,0.1053,10.0335,13.9217,,,,,,,
79046458425952,加速度计,3.1562,7.9912,0.3921,,,,,,,
79046460937567,陀螺仪,,,,,,,,0.0587,-0.0085,-0.0758
79046468441421,加速度计,2.8341,3.1621,-3.4692,,,,,,,
79046478457306,加速度计,-0.0233,4.8429,10.1341,,,,,,,
79046480969546,陀螺仪,,,,,,,,-0.0489,-0.0117,-0.1752
79046488473608,加速度计,-0.7679,9.3356,15.7904,,,,,,,
79046498490327,加速度计,1.8812,11.4569,8.3623,,,,,,,
79046501003192,陀螺仪,,,,,,,,0.1321,-0.0415,-0.1123
79046508507462,加速度计,2.7336,7.0611,-0.4339,,,,,,,
79046518525015,加速度计,1.5036,4.0001,0.5082,,,,,,,
79046521038504,陀螺仪,,,,,,,,-0.0304,-0.0273,-0.2093
79046528543035,加速度计,0.2640,5.4648,11.9626,,,,,,,
79046538561837,加速度计,-1.6712,10.3495,10.7673,,,,,,,
79046541076265,陀螺仪,,,,,,,,0.1250,-0.0760,-0.1929
79046548581056,加速度计,1.9555,11.9405,4.4580,,,,,,,
79046558600692,加速度计,1.7484,5.5174,4.1707,,,,,,,
79046561115744,陀螺仪,,,,,,,,0.0208,-0.0738,-0.2193
79046568620744,加速度计,-2.1871,4.2533,4.3652,,,,,,,
79046578641212,加速度计,-0.6536,7.8111,6.3398,,,,,,,
79046581156890,陀螺仪,,,,,,,,0.0513,-0.0891,-0.1148
79046588662046,加速度计,1.1744,8.6868,3.5949,,,,,,,
79046598682879,加速度计,0.6614,7.0797,8.9058,,,,,,,
79046601198556,陀螺仪,,,,,,,,-0.0538,-0.0710,-0.0754
79046608703712,加速度计,-1.1654,5.0703,14.2766,,,,,,,
79046618724546,加速度计,0.1867,8.8957,6.2405,,,,,,,
79046621240223,陀螺仪,,,,,,,,0.1266,-0.0397,0.0130
79046628745379,加速度计,1.1899,8.9645,-1.5688,,,,,,,
79046638766056,加速度计,1.7998,7.3209,3.6751,,,,,,,
79046641280796,陀螺仪,,,,,,,,-0.1595,0.0061,-0.0198
79046648785483,加速度计,-3.1202,4.7956,13.6398,,,,,,,
79046658803817,加速度计,-1.9698,6.9719,13.4237,,,,,,,
79046661317619,陀螺仪,,,,,,,,-0.0055,-0.0149,0.0984
79046668822879,加速度计,0.5028,9.1327,6.7528,,,,,,,
79046678858660,加速度计,0.3693,3.3621,3.9259,,,,,,,
79046681357462,陀螺仪,,,,,,,,0.0057,0.0302,0.1430
79046688857046,加速度计,1.0223,3.6476,2.6558,,,,,,,
79046698855952,加速度计,-0.4609,7.8332,6.0807,,,,,,,
79046701356004,陀螺仪,,,,,,,,-0.0622,0.0322,0.1145
79046708856212,加速度计,-0.5710,8.7071,13.7134,,,,,,,
79046718858608,加速度计,-1.0235,9.2446,11.7531,,,,,,,
79046721362098,陀螺仪,,,,,,,,0.0889,0.0340,0.1991
79046728863556,加速度计,2.3529,7.4909,5.2265,,,,,,,
79046738871473,加速度计,1.9609,6.5194,-3.3651,,,,,,,
79046741379650,陀螺仪,,,,,,,,0.0053,0.1077,0.1610
79046748882775,加速度计,0.5662,5.4648,3.8876,,,,,,,
79046758897827,加速度计,-0.0640,7.4526,9.4625,,,,,,,
79046761411629,陀螺仪,,,,,,,,-0.0619,0.1149,0.1738
79046768916577,加速度计,-0.5986,9.1057,10.2897,,,,,,,
79046778938660,加速度计,2.0387,7.6986,5.6282,,,,,,,
79046781457462,陀螺仪,,,,,,,,-0.0116,0.1413,0.2278
79046788964025,加速度计,2.1781,7.3921,4.1569,,,,,,,
79046798992254,加速度计,-0.2382,4.3425,9.1028,,,,,,,
79046801515119,陀螺仪,,,,,,,,-0.0048,0.1509,0.1808
79046809022879,加速度计,1.0558,9.5708,7.2119,,,,,,,
79046819055119,加速度计,0.5447,9.9048,6.3147,,,,,,,
79046821580171,陀螺仪,,,,,,,,0.0300,0.1221,0.1318
79046829088504,加速度计,1.5933,7.5597,4.7513,,,,,,,
79046839122254,加速度计,1.9650,6.8720,9.4463,,,,,,,
79046841647619,陀螺仪,,,,,,,,0.0457,0.1035,0.0521
79046849154337,加速度计,-2.1225,8.2720,11.8627,,,,,,,
79046859174494,加速度计,3.0867,8.8047,7.5046,,,,,,,
79046861688296,陀螺仪,,,,,,,,0.2000,0.0505,0.0510
79046869192827,加速度计,4.6471,8.7831,-6.5416,,,,,,,
79046879211160,加速度计,3.0017,2.9544,-7.6734,,,,,,,
79046881724962,陀螺仪,,,,,,,,-0.1684,0.0824,-0.1874
79046889229494,加速度计,-0.0437,4.6789,0.1897,,,,,,,
79046899247827,加速度计,-1.6855,7.0635,20.8691,,,,,,,
79046901761629,陀螺仪,,,,,,,,-0.1475,0.0125,-0.1321
79046909266160,加速度计,0.3214,12.7072,22.8245,,,,,,,
79046919285483,加速度计,3.0436,9.5301,12.3661,,,,,,,
79046921821681,陀螺仪,,,,,,,,0.1184,0.0387,-0.0682
79046929320692,加速度计,4.2689,3.5877,-0.2490,,,,,,,
79046946594845,GPS,,,,31.9414,118.7888,3.8500,262.9000,,,
79046939317150,加速度计,0.5578,3.6727,-2.8784,,,,,,,
79046941815015,陀螺仪,,,,,,,,0.0469,0.0816,-0.1836
79046949314650,加速度计,-0.6644,8.3755,6.2369,,,,,,,
79046959313921,加速度计,0.7380,9.5972,9.8378,,,,,,,
79046961814598,陀螺仪,,,,,,,,-0.0178,0.0043,-0.1101
79046969315483,加速度计,2.4624,9.3871,9.7318,,,,,,,
79046979320067,加速度计,2.5923,5.8622,7.8183,,,,,,,
79046981825431,陀螺仪,,,,,,,,0.0419,0.0137,-0.2087
79046989328087,加速度计,1.8322,4.2431,8.8627,,,,,,,
79046999339858,加速度计,0.1101,7.7692,6.8899,,,,,,,
79047001850848,陀螺仪,,,,,,,,0.1410,0.0538,-0.1573
79047009355379,加速度计,0.9607,10.4950,1.6520,,,,,,,
79047019374650,加速度计,1.1211,6.3446,4.0253,,,,,,,
79047021891265,陀螺仪,,,,,,,,-0.0142,0.0242,-0.1750
79047029397567,加速度计,1.2653,6.2165,8.1295,,,,,,,
79047039423712,加速度计,-0.8859,5.2074,11.1169,,,,,,,
79047041945015,陀螺仪,,,,,,,,0.0525,0.0273,-0.1481
79047049452671,加速度计,0.1963,8.6269,8.3929,,,,,,,
79047059484025,加速度计,2.1093,7.5304,4.2114,,,,,,,
79047062008765,陀螺仪,,,,,,,,0.0892,0.0545,-0.1021
79047069517254,加速度计,2.0411,6.3470,-0.5968,,,,,,,
79047079551525,加速度计,0.9852,4.4023,3.7733,,,,,,,
79047082077515,陀螺仪,,,,,,,,-0.0915,0.0491,-0.1719
79047089586108,加速度计,-0.2652,6.2177,11.0337,,,,,,,
79047099617254,加速度计,0.2209,8.4324,13.0873,,,,,,,
79047102132931,陀螺仪,,,,,,,,0.0358,0.0414,-0.1305
79047109637462,加速度计,1.5054,11.4664,8.3019,,,,,,,
79047119655796,加速度计,1.8860,6.3865,7.0246,,,,,,,
79047122169598,陀螺仪,,,,,,,,-0.0001,0.0771,-0.1587
79047129674129,加速度计,0.7757,3.3674,7.3059,,,,,,,
79047139692462,加速度计,-1.8549,3.3166,8.2259,,,,,,,
79047142206265,陀螺仪,,,,,,,,0.1260,0.0627,-0.1220
79047149710796,加速度计,0.5321,6.6816,7.1443,,,,,,,
79047159729129,加速度计,2.0824,9.1201,3.4441,,,,,,,
79047162242931,陀螺仪,,,,,,,,0.1457,0.0377,-0.1229
79047169748608,加速度计,2.9305,11.1881,1.3198,,,,,,,
79047179778400,加速度计,0.6710,5.6521,8.1977,,,,,,,
79047182280952,陀螺仪,,,,,,,,0.0017,0.0033,-0.2911
79047189781837,加速度计,-1.6053,7.9559,5.7293,,,,,,,
79047199785796,加速度计,-0.5171,6.7762,7.7847,,,,,,,
79047202289285,陀螺仪,,,,,,,,-0.0036,-0.0204,-0.1981
79047209790796,加速度计,0.5866,8.8155,6.7983,,,,,,,
79047219797567,加速度计,0.3825,7.4101,6.8139,,,,,,,
79047222303869,陀螺仪,,,,,,,,0.0170,-0.0149,-0.2025
79047229806421,加速度计,0.7596,7.6339,4.4616,,,,,,,
79047239817462,加速度计,0.4770,8.5838,6.2848,,,,,,,
79047242327202,陀螺仪,,,,,,,,-0.0330,-0.0345,-0.2305
79047249831004,加速度计,-0.4842,7.3257,7.6932,,,,,,,
79047259847046,加速度计,1.7101,7.3191,6.1794,,,,,,,
79047262360535,陀螺仪,,,,,,,,-0.0043,-0.0482,-0.2160
79047269865587,加速度计,-0.6877,7.7578,8.0810,,,,,,,
79047279886629,加速度计,0.9517,7.3227,5.5115,,,,,,,
79047282403869,陀螺仪,,,,,,,,0.0300,-0.0547,-0.1963
79047289910067,加速度计,1.8286,7.4950,4.1402,,,,,,,
79047299935483,加速度计,-0.3376,9.7803,7.6519,,,,,,,
79047302455535,陀螺仪,,,,,,,,-0.0405,-0.0651,-0.2256
79047309962462,加速度计,-0.4609,6.7714,10.1520,,,,,,,
79047319990587,加速度计,0.2388,6.4135,5.9622,,,,,,,
79047322512202,陀螺仪,,,,,,,,0.1035,-0.0896,-0.1437
79047330019442,加速度计,2.8790,6.3111,-5.9442,,,,,,,
79047340048608,加速度计,2.9748,3.4369,-8.7664,,,,,,,
79047342570535,陀螺仪,,,,,,,,-0.2446,-0.0743,-0.2241
79047350076837,加速度计,-2.1518,5.4001,25.6323,,,,,,,
79047360100587,加速度计,-2.0967,12.1003,22.7042,,,,,,,
79047370119233,加速度计,-0.1065,14.5250,3.8409,,,,,,,
79047362614702,陀螺仪,,,,,,,,0.1212,-0.1004,-0.1593
79047380137567,加速度计,3.3160,4.8800,-3.3956,,,,,,,
79047382651369,陀螺仪,,,,,,,,-0.0060,-0.0553,-0.1645
79047390155900,加速度计,-0.7470,0.9092,-0.3124,,,,,,,
79047402688035,陀螺仪,,,,,,,,-0.0494,-0.1224,-0.1858
79047400174233,加速度计,-2.1368,7.3035,14.4604,,,,,,,
79047410192567,加速度计,-1.1492,13.1322,13.1974,,,,,,,
79047420211525,加速度计,1.2785,9.3960,5.2720,,,,,,,
79047430232983,加速度计,2.6695,2.6989,-3.5799,,,,,,,
79047422729494,陀螺仪,,,,,,,,0.0732,-0.1764,-0.2080
79047440247150,加速度计,1.2923,4.2198,-7.1850,,,,,,,
79047442757827,陀螺仪,,,,,,,,-0.1890,-0.1626,-0.3514
79047450261317,加速度计,-2.6294,7.1443,8.2313,,,,,,,
79047460275640,加速度计,-2.1841,10.2244,21.3898,,,,,,,
79047462786681,陀螺仪,,,,,,,,-0.0273,-0.2394,-0.2627
79047470290379,加速度计,1.1546,12.4097,16.7929,,,,,,,
79047480305535,加速度计,2.8659,8.1463,2.2649,,,,,,,
79047490321265,加速度计,1.4760,4.6124,-4.8524,,,,,,,
79047482817254,陀螺仪,,,,,,,,0.0786,-0.1751,-0.1755
79047500337827,加速度计,0.3035,3.6691,4.1450,,,,,,,
79047502850796,陀螺仪,,,,,,,,-0.1165,-0.1495,-0.1822
79047510355223,加速度计,-1.7831,9.4260,9.0944,,,,,,,
79047520373452,加速度计,-0.4316,9.5337,8.0493,,,,,,,
79047522887671,陀螺仪,,,,,,,,-0.0594,-0.1980,-0.1115
79047530392515,加速度计,1.4922,6.0729,6.7654,,,,,,,
79047540412410,加速度计,0.3585,4.8423,5.5013,,,,,,,
79047542927827,陀螺仪,,,,,,,,-0.0555,-0.1686,-0.1361
79047550432983,加速度计,-1.4018,6.4380,8.0894,,,,,,,
79047560453973,加速度计,-1.5311,7.7542,9.6211,,,,,,,
79047562970015,陀螺仪,,,,,,,,-0.0020,-0.1818,-0.0441
79047570475379,加速度计,-0.3561,8.7011,9.9270,,,,,,,
79047580497046,加速度计,0.7667,6.7858,8.9142,,,,,,,
79047583013348,陀螺仪,,,,,,,,0.0430,-0.1738,-0.0164
79047590518712,加速度计,-1.1570,7.1150,8.1439,,,,,,,
79047600540379,加速度计,0.1598,6.6343,3.6691,,,,,,,
79047603056629,陀螺仪,,,,,,,,0.0557,-0.1349,0.0625
79047610561890,加速度计,0.5231,6.8073,1.8591,,,,,,,
79047620582202,加速度计,0.8888,4.8231,-2.9604,,,,,,,
79047623096265,陀螺仪,,,,,,,,-0.1189,-0.0960,0.0640
79047630600796,加速度计,0.6033,4.7190,-1.2246,,,,,,,
79047640619129,加速度计,-1.4838,4.6896,14.2647,,,,,,,
79047643132931,陀螺仪,,,,,,,,-0.2852,-0.0806,0.0855
79047650637462,加速度计,-1.2522,9.2907,22.9556,,,,,,,
79047660655796,加速度计,1.2426,11.5544,12.5576,,,,,,,
79047663170431,陀螺仪,,,,,,,,0.0660,-0.0035,0.2522
79047670676629,加速度计,2.2296,9.3966,-1.2761,,,,,,,
79047680709494,加速度计,0.0383,1.0205,2.4259,,,,,,,
79047690702723,加速度计,-1.7113,2.3631,9.8378,,,,,,,
79047683204337,陀螺仪,,,,,,,,-0.1092,0.0521,0.2151
79047700697098,加速度计,0.3543,9.3248,11.8615,,,,,,,
79047703194025,陀螺仪,,,,,,,,0.1091,-0.0001,0.2704
79047710693452,加速度计,0.7506,15.0380,4.4041,,,,,,,
79047720692619,加速度计,2.3918,7.8931,8.5671,,,,,,,
79047723194077,陀螺仪,,,,,,,,0.0431,-0.0202,0.1421
79047730695275,加速度计,0.2179,5.8580,5.5360,,,,,,,
79047740701837,加速度计,-0.8182,10.1095,4.9207,,,,,,,
79047743209337,陀螺仪,,,,,,,,0.0699,-0.0439,0.0727
79047750712723,加速度计,0.3980,8.0792,8.6910,,,,,,,
79047760728192,加速度计,1.0379,9.1476,6.6146,,,,,,,
79047763242515,陀螺仪,,,,,,,,0.0694,-0.0505,0.1131
79047770748087,加速度计,0.4896,5.0919,7.9613,,,,,,,
79047780772150,加速度计,3.3794,7.6040,-1.6957,,,,,,,
79047790800067,加速度计,3.4010,6.6894,-6.2273,,,,,,,
79047783292619,陀螺仪,,,,,,,,0.1407,-0.0579,0.0924
79047800831160,加速度计,1.4144,7.0563,-2.2404,,,,,,,
79047803356160,陀螺仪,,,,,,,,-0.2569,-0.0205,-0.0585
79047810864858,加速度计,-1.9956,5.5085,25.1403,,,,,,,
79047820900483,加速度计,-1.0660,10.8463,20.3603,,,,,,,
79047823428140,陀螺仪,,,,,,,,0.1381,-0.0720,0.0393
79047830937462,加速度计,4.0145,13.1286,-0.9343,,,,,,,
79047840974962,加速度计,2.1620,5.8604,-6.0418,,,,,,,
79047851006369,加速度计,-1.3515,1.0642,7.9553,,,,,,,
79047843501108,陀螺仪,,,,,,,,-0.1132,-0.0213,-0.0651
79047861026681,加速度计,-1.9914,7.5914,14.7453,,,,,,,
79047871045275,加速度计,1.9213,9.7863,15.1487,,,,,,,
79047863540744,陀螺仪,,,,,,,,-0.0341,-0.1166,-0.0473
79047881063608,加速度计,2.0267,5.8724,8.2319,,,,,,,
79047891081942,加速度计,1.0558,2.3128,4.0905,,,,,,,
79047883577410,陀螺仪,,,,,,,,0.2232,-0.1035,-0.0481
79047901100275,加速度计,1.5562,9.5906,-4.3515,,,,,,,
79047903614077,陀螺仪,,,,,,,,0.2147,-0.0987,-0.0660
79047911118608,加速度计,2.1961,11.5323,1.8220,,,,,,,
79047921138348,加速度计,0.9864,9.6043,4.6890,,,,,,,
79047940564845,GPS,,,,31.9414,118.7888,3.8800,263.0000,,,
79047923657410,陀螺仪,,,,,,,,-0.0426,-0.1330,-0.1625
79047931160171,加速度计,0.7901,7.2389,8.6042,,,,,,,
79047941171421,加速度计,-0.1257,5.6755,10.4794,,,,,,,
79047943680015,陀螺仪,,,,,,,,-0.0117,-0.1003,-0.0941
79047951182879,加速度计,0.0449,7.2568,5.2601,,,,,,,
79047961194962,加速度计,1.0750,7.6088,3.2633,,,,,,,
79047971207879,加速度计,0.5567,5.9191,5.7311,,,,,,,
79047963704598,陀螺仪,,,,,,,,-0.0662,-0.0414,0.0041
79047981221629,加速度计,1.0427,5.6910,8.0948,,,,,,,
79047983732619,陀螺仪,,,,,,,,-0.1309,-0.0609,-0.0357
79047991236421,加速度计,0.3998,8.0182,8.1026,,,,,,,
79048001252462,加速度计,-0.0706,7.9984,9.0662,,,,,,,
79048003765327,陀螺仪,,,,,,,,-0.1174,-0.0378,0.0024
79048011269754,加速度计,1.1031,4.0701,11.7483,,,,,,,
79048021288296,加速度计,0.6249,7.1712,4.9267,,,,,,,
79048023803035,陀螺仪,,,,,,,,-0.0166,-0.0206,0.0261
79048031308087,加速度计,0.4962,6.0926,6.2740,,,,,,,
79048041328921,加速度计,0.8039,6.8552,6.3770,,,,,,,
79048043845119,陀螺仪,,,,,,,,-0.0543,-0.0334,0.0188
79048051350587,加速度计,-0.0509,7.6070,8.7616,,,,,,,
79048061373087,加速度计,0.8176,6.8690,8.3576,,,,,,,
79048063890431,陀螺仪,,,,,,,,-0.0149,-0.0434,0.0138
79048071396212,加速度计,0.7380,7.0366,4.5993,,,,,,,
79048081419754,加速度计,0.5177,5.8197,7.7369,,,,,,,
79048083937619,陀螺仪,,,,,,,,-0.0330,-0.0174,0.0401
79048091443504,加速度计,0.2310,6.3931,6.3476,,,,,,,
79048101467254,加速度计,0.1365,7.1353,6.8444,,,,,,,
79048103984181,陀螺仪,,,,,,,,-0.0081,-0.0112,0.0647
79048111489129,加速度计,0.1724,9.1854,5.0081,,,,,,,
79048121508296,加速度计,0.1664,7.9601,7.7147,,,,,,,
79048124022098,陀螺仪,,,,,,,,-0.0644,0.0016,0.0747
79048131526629,加速度计,0.5734,8.0774,8.3857,,,,,,,
79048141544962,加速度计,0.2496,8.1954,4.9716,,,,,,,
79048144058765,陀螺仪,,,,,,,,-0.0466,0.0198,0.1173
79048151563296,加速度计,1.6005,6.5266,3.1442,,,,,,,
79048161581629,加速度计,0.2837,5.7000,4.9374,,,,,,,
79048164095848,陀螺仪,,,,,,,,-0.1273,0.0405,0.0919
79048171600796,加速度计,-1.0852,6.1016,9.0603,,,,,,,
79048181621265,加速度计,-0.2436,6.8007,8.7352,,,,,,,
79048184132879,陀螺仪,,,,,,,,0.0025,0.0200,0.1320
79048191636681,加速度计,-0.6033,9.6241,5.6000,,,,,,,
79048201652098,加速度计,1.4060,7.7650,8.7113,,,,,,,
79048211667515,加速度计,-1.3084,7.4214,8.8585,,,,,,,
79048204163712,陀螺仪,,,,,,,,-0.0061,0.0148,0.1413
79048221683140,加速度计,-0.9822,8.8693,11.5281,,,,,,,
79048224195171,陀螺仪,,,,,,,,0.1059,0.0067,0.2216
79048231699181,加速度计,0.6794,7.7566,6.5864,,,,,,,
79048241715640,加速度计,2.7815,7.7021,-2.9359,,,,,,,
79048244228296,陀螺仪,,,,,,,,0.2037,-0.0004,0.1931
79048251732515,加速度计,3.9923,5.8562,-8.8412,,,,,,,
79048261749806,加速度计,-3.1843,5.4516,-5.2750,,,,,,,
79048271767515,加速度计,-2.0584,6.6571,33.1818,,,,,,,
79048264263087,陀螺仪,,,,,,,,-0.3222,0.0325,0.0032
79048281785640,加速度计,1.6813,12.3385,17.9326,,,,,,,
79048284299546,陀螺仪,,,,,,,,0.1173,-0.0354,0.1784
79048291804181,加速度计,-0.0144,10.6692,-0.8254,,,,,,,
79048301823140,加速度计,2.3098,2.0997,1.1325,,,,,,,
79048304337671,陀螺仪,,,,,,,,0.0027,0.0678,0.1246
79048311842515,加速度计,-0.9092,4.0336,9.3236,,,,,,,
79048321862306,加速度计,0.1993,10.8218,7.9326,,,,,,,
79048331882515,加速度计,2.8030,12.5684,4.6729,,,,,,,
79048324377462,陀螺仪,,,,,,,,0.0863,-0.0073,0.1298
79048341903140,加速度计,-0.3484,4.0480,10.3178,,,,,,,
79048344418817,陀螺仪,,,,,,,,0.0212,0.0123,0.0505
79048351923973,加速度计,0.5489,5.6892,9.8755,,,,,,,
79048361944806,加速度计,-0.4770,9.1010,2.9245,,,,,,,
79048364460483,陀螺仪,,,,,,,,0.1578,-0.0023,0.0723
79048371965640,加速度计,1.9303,10.1035,-1.1558,,,,,,,
79048384502150,陀螺仪,,,,,,,,-0.0760,-0.0238,0.0173
79048381986473,加速度计,1.5718,7.1557,7.5130,,,,,,,
79048392007306,加速度计,-0.8703,6.4614,9.7576,,,,,,,
79048402027098,加速度计,0.2771,7.0982,9.7007,,,,,,,
79048404541108,陀螺仪,,,,,,,,0.0613,-0.0245,0.0226
79048412045640,加速度计,0.3879,7.4095,3.5111,,,,,,,
79048422067098,加速度计,1.2025,5.8221,2.6378,,,,,,,
79048432094910,加速度计,1.4724,5.5156,3.6033,,,,,,,
79048424596421,陀螺仪,,,,,,,,0.0232,0.0289,0.0784
79048442089494,加速度计,0.1047,8.1936,4.2653,,,,,,,
79048444586212,陀螺仪,,,,,,,,-0.0437,0.0254,0.0357
79048452085327,加速度计,0.0198,8.0649,8.3366,,,,,,,
79048462083244,加速度计,0.2077,8.7676,9.1883,,,,,,,
79048472084077,加速度计,-0.5363,8.7861,9.7989,,,,,,,
79048464583504,陀螺仪,,,,,,,,-0.0261,0.0194,0.0671
79048482088452,加速度计,-0.0617,7.0372,8.9986,,,,,,,
79048484594233,陀螺仪,,,,,,,,0.0201,0.0232,0.0909
79048492096785,加速度计,0.5806,6.2429,6.0831,,,,,,,
79048502109285,加速度计,-0.7117,6.3644,2.1530,,,,,,,
79048504621317,陀螺仪,,,,,,,,-0.0105,0.0258,0.0855
79048512125952,加速度计,-0.5878,5.6467,5.6653,,,,,,,
79048522146785,加速度计,-0.5578,5.4791,11.2958,,,,,,,
79048524664962,陀螺仪,,,,,,,,-0.0069,0.0009,0.0995
79048532171577,加速度计,0.7177,7.8464,7.0144,,,,,,,
79048542199910,加速度计,1.2438,8.3115,6.8941,,,,,,,
79048544723087,陀螺仪,,,,,,,,0.0141,0.0196,0.0826
79048552231160,加速度计,1.0768,6.1148,4.9327,,,,,,,
79048562264702,加速度计,-0.3825,7.2700,4.4023,,,,,,,
79048564791004,陀螺仪,,,,,,,,-0.0606,0.0511,0.0816
79048572299910,加速度计,0.4675,7.0497,7.8817,,,,,,,
79048582335952,加速度计,-0.2191,7.3322,9.0621,,,,,,,
79048584862671,陀螺仪,,,,,,,,-0.0621,0.0615,0.1169
79048592371160,加速度计,0.5962,8.1409,9.4697,,,,,,,
79048602397410,加速度计,1.8842,8.1702,5.6808,,,,,,,
79048612415744,加速度计,0.0796,7.3322,6.7283,,,,,,,
79048604911212,陀螺仪,,,,,,,,-0.0465,0.0879,0.1309
79048622434077,加速度计,0.0766,5.6012,9.7061,,,,,,,
79048632452410,加速度计,-0.5207,7.0994,8.5293,,,,,,,
79048624947879,陀螺仪,,,,,,,,-0.0308,0.0875,0.1288
79048642470744,加速度计,1.6275,8.9765,10.4824,,,,,,,
79048644984546,陀螺仪,,,,,,,,0.0778,0.0824,0.1377
79048652489077,加速度计,1.5987,8.9717,4.4430,,,,,,,
79048662507410,加速度计,1.0822,6.8642,3.5422,,,,,,,
79048672527619,加速度计,0.8673,7.5328,10.8649,,,,,,,
79048665022150,陀螺仪,,,,,,,,0.0426,0.1067,0.0728
79048682548244,加速度计,-0.6147,6.6301,10.6985,,,,,,,
79048692559494,加速度计,3.4357,8.1128,-1.1456,,,,,,,
79048685056733,陀螺仪,,,,,,,,0.1891,0.0684,0.1107
79048702571004,加速度计,3.9684,7.0820,-7.8099,,,,,,,
79048712583192,加速度计,3.0005,2.6659,-6.5589,,,,,,,
79048705080119,陀螺仪,,,,,,,,0.0053,0.0979,-0.0125
79048722596212,加速度计,-2.7240,7.4142,26.6511,,,,,,,
79048725106577,陀螺仪,,,,,,,,-0.1125,0.0727,-0.0454
79048732610067,加速度计,-0.5908,11.9465,17.7536,,,,,,,
79048742625015,加速度计,2.6965,12.4115,2.9736,,,,,,,
79048745137098,陀螺仪,,,,,,,,0.0802,0.0522,-0.0224
79048752641212,加速度计,2.2314,2.1674,2.5223,,,,,,,
79048762658660,加速度计,-1.5000,1.0517,3.1693,,,,,,,
79048772677358,加速度计,0.3172,9.1506,6.8498,,,,,,,
79048765172619,陀螺仪,,,,,,,,0.0758,0.0537,-0.1100
79048782697306,加速度计,1.4545,12.2840,9.7049,,,,,,,
79048792718244,加速度计,2.8629,7.3382,5.4037,,,,,,,
79048785212983,陀螺仪,,,,,,,,0.0459,-0.0130,-0.0911
79048802740015,加速度计,2.0333,4.1743,6.3758,,,,,,,
79048812762619,加速度计,0.7320,6.3925,5.9933,,,,,,,
79048805256942,陀螺仪,,,,,,,,0.0820,-0.0049,-0.1903
79048822785796,加速度计,0.6081,10.2310,5.4420,,,,,,,
79048825303504,陀螺仪,,,,,,,,0.0808,-0.0079,-0.1546
79048832809390,加速度计,2.6767,8.6610,7.9763,,,,,,,
79048842833140,加速度计,1.6275,9.0908,3.1562,,,,,,,
79048845351004,陀螺仪,,,,,,,,0.0325,-0.0317,-0.2112
79048852856890,加速度计,1.7262,7.1210,4.5741,,,,,,,
79048862878296,加速度计,0.3292,6.7289,4.6352,,,,,,,
79048872897515,加速度计,0.6596,8.3779,10.1568,,,,,,,
79048865392879,陀螺仪,,,,,,,,-0.0342,-0.0403,-0.2321
79048882916004,加速度计,1.0600,8.0367,8.8783,,,,,,,
79048892934337,加速度计,1.5119,8.3797,3.9558,,,,,,,
79048885429806,陀螺仪,,,,,,,,0.0140,-0.0571,-0.1979
79048902952671,加速度计,-0.2053,5.8442,4.0881,,,,,,,
79048912971004,加速度计,1.2839,6.1758,8.7981,,,,,,,
79048905466473,陀螺仪,,,,,,,,-0.0751,-0.0683,-0.2521
79048922993765,加速度计,-0.7111,7.3251,9.9934,,,,,,,
79048925519910,陀螺仪,,,,,,,,-0.0570,-0.0967,-0.2336
79048933018192,加速度计,0.1999,7.8248,11.3749,,,,,,,
79048948589896,GPS,,,,31.9414,118.7888,3.8400,264.7000,,,
79048943012046,加速度计,1.2468,5.3941,7.2353,,,,,,,
79048953007254,加速度计,1.4377,6.3518,3.7152,,,,,,,
79048945508348,陀螺仪,,,,,,,,0.0389,-0.0964,-0.2041
79048963004650,加速度计,-0.0581,3.8960,11.0307,,,,,,,
79048973005067,加速度计,0.2257,8.1552,11.5389,,,,,,,
79048965504702,陀螺仪,,,,,,,,0.0362,-0.0913,-0.1820
79048983009077,加速度计,1.9938,6.9845,6.4991,,,,,,,
79048993017098,加速度计,1.4718,6.6283,-0.9092,,,,,,,
79048985514754,陀螺仪,,,,,,,,0.1382,-0.0945,-0.1198
79049003029546,加速度计,0.7278,6.2207,4.9811,,,,,,,
79049013046577,加速度计,-1.4246,7.3490,15.6311,,,,,,,
79049005541942,陀螺仪,,,,,,,,-0.0405,-0.0739,-0.1707
79049023067931,加速度计,-0.3789,9.2267,12.8832,,,,,,,
79049033093192,加速度计,3.3279,8.0122,3.0987,,,,,,,
79049025586577,陀螺仪,,,,,,,,0.1411,-0.0795,-0.0433
79049043121942,加速度计,2.5420,4.3610,-3.9145,,,,,,,
79049045645587,陀螺仪,,,,,,,,0.0232,-0.0112,-0.1005
79049053153765,加速度计,-0.7482,3.1945,-0.9331,,,,,,,
79049063187983,加速度计,-1.7579,7.9972,11.5203,,,,,,,
79049073223765,加速度计,-0.7871,10.1646,13.5853,,,,,,,
79049065714754,陀螺仪,,,,,,,,-0.0779,-0.0671,-0.0606
79049083260275,加速度计,1.6496,8.2223,5.2660,,,,,,,
79049093296942,加速度计,1.9579,5.4265,0.7308,,,,,,,
79049085787827,陀螺仪,,,,,,,,0.0409,-0.0722,-0.0264
79049103322931,加速度计,-0.1760,5.0296,5.1745,,,,,,,
79049113341994,加速度计,-0.2897,8.3528,7.4310,,,,,,,
79049105837358,陀螺仪,,,,,,,,-0.0362,-0.0368,-0.0646
79049123360483,加速度计,-2.7809,12.1153,8.1684,,,,,,,
79049133378817,加速度计,-0.1712,8.0810,13.7248,,,,,,,
79049125874285,陀螺仪,,,,,,,,-0.0161,-0.0766,0.0021
79049143397150,加速度计,1.4706,7.5986,3.7625,,,,,,,
79049153415483,加速度计,4.0049,5.6000,-6.1902,,,,,,,
79049145910952,陀螺仪,,,,,,,,0.1320,-0.0904,0.0915
79049163433817,加速度计,2.6546,6.9270,-9.5636,,,,,,,
79049165949650,陀螺仪,,,,,,,,-0.3944,-0.0722,-0.1092
79049173455535,加速度计,-5.7940,4.4436,28.0918,,,,,,,
79049183478660,加速度计,-2.7509,10.2645,16.6906,,,,,,,
79049193478087,加速度计,1.9519,15.4911,6.7900,,,,,,,
79049185978244,陀螺仪,,,,,,,,0.1220,-0.0943,0.0800
79049203478452,加速度计,2.9694,4.0043,-0.6734,,,,,,,
79049205979910,陀螺仪,,,,,,,,-0.0342,0.0021,0.1309
79049213480587,加速度计,-0.3831,0.9822,2.0530,,,,,,,
79049223485067,加速度计,-1.0864,9.7665,7.8159,,,,,,,
79049233492306,加速度计,-0.1520,12.4475,9.4451,,,,,,,
79049225990275,陀螺仪,,,,,,,,-0.0746,-0.0252,0.1469
79049243502723,加速度计,0.9266,7.2802,7.3298,,,,,,,
79049253516473,加速度计,0.5710,2.9383,6.9528,,,,,,,
79049246012775,陀螺仪,,,,,,,,-0.0791,-0.0397,0.1053
79049263533556,加速度计,-0.0994,6.0974,3.4884,,,,,,,
79049273553973,加速度计,0.0880,11.5903,4.7417,,,,,,,
79049266048608,陀螺仪,,,,,,,,-0.0353,-0.0100,0.1332
79049283577462,加速度计,0.9260,9.2183,11.6861,,,,,,,
79049286096890,陀螺仪,,,,,,,,-0.1365,-0.0127,0.1101
79049293603608,加速度计,-0.5399,5.4295,11.2851,,,,,,,
79049303631994,加速度计,-1.3066,4.6771,5.2110,,,,,,,
79049306154546,陀螺仪,,,,,,,,0.0165,-0.0008,0.1913
79049313662202,加速度计,0.5626,6.3782,1.9196,,,,,,,
79049323693817,加速度计,2.3834,8.0924,1.3743,,,,,,,
79049333726160,加速度计,-0.4286,6.0663,9.4619,,,,,,,
79049326218087,陀螺仪,,,,,,,,-0.0764,0.0338,0.1909
79049343758660,加速度计,0.5249,8.1989,7.7285,,,,,,,
79049353784910,加速度计,0.8769,7.5621,6.6631,,,,,,,
79049346279337,陀螺仪,,,,,,,,0.0121,0.0005,0.1551
79049363804806,加速度计,-0.1850,6.0723,7.2730,,,,,,,
79049366318608,陀螺仪,,,,,,,,0.0210,0.0521,0.2109
79049373823140,加速度计,1.2839,8.4108,3.0903,,,,,,,
79049383841473,加速度计,-0.5578,7.7865,8.5844,,,,,,,
79049386355275,陀螺仪,,,,,,,,0.0234,0.0593,0.2100
79049393859806,加速度计,0.8039,8.2899,6.6529,,,,,,,
79049403878140,加速度计,-0.0293,8.6508,4.5418,,,,,,,
79049413896473,加速度计,-1.5832,6.4697,8.8137,,,,,,,
79049406391942,陀螺仪,,,,,,,,0.0141,0.0611,0.2013
79049423916890,加速度计,0.7308,7.3855,8.9926,,,,,,,
79049433935952,加速度计,-0.9607,7.1473,3.4429,,,,,,,
79049426432879,陀螺仪,,,,,,,,0.0606,0.0531,0.2439
79049443948452,加速度计,0.1389,8.1582,1.3683,,,,,,,
79049446458087,陀螺仪,,,,,,,,-0.0158,0.0557,0.2075
79049453961265,加速度计,1.2043,5.1625,6.3081,,,,,,,
79049463974494,加速度计,-1.2450,5.6431,12.6234,,,,,,,
79049473988452,加速度计,-1.0415,9.2805,10.8254,,,,,,,
79049466484962,陀螺仪,,,,,,,,-0.0245,0.0471,0.1830
79049484003244,加速度计,1.1169,7.8967,5.6695,,,,,,,
79049494018869,加速度计,1.4790,5.5270,2.6336,,,,,,,
79049486514962,陀螺仪,,,,,,,,0.0198,0.0622,0.2340
79049504035327,加速度计,-0.7356,6.1609,5.4396,,,,,,,
79049506548296,陀螺仪,,,,,,,,-0.0916,0.0662,0.1574
79049514052619,加速度计,-0.4872,6.3758,15.2882,,,,,,,
79049524071056,加速度计,0.8230,8.9765,9.1141,,,,,,,
79049526585587,陀螺仪,,,,,,,,0.0848,0.0461,0.1835
79049534090431,加速度计,0.9110,9.3039,0.0227,,,,,,,
79049544110640,加速度计,1.5071,4.6783,9.0686,,,,,,,
79049546626421,陀螺仪,,,,,,,,-0.0650,0.0542,0.1262
79049554131681,加速度计,0.1347,7.2263,9.7157,,,,,,,
79049564153556,加速度计,-0.3448,8.1558,10.1795,,,,,,,
79049574175952,加速度计,1.1809,9.9503,5.4977,,,,,,,
79049566670379,陀螺仪,,,,,,,,0.0858,0.0422,0.1162
79049584198765,加速度计,0.3394,6.2052,6.9977,,,,,,,
79049586716004,陀螺仪,,,,,,,,0.0771,0.0418,0.1438
79049594221681,加速度计,0.5561,6.0364,9.9323,,,,,,,
79049604244598,加速度计,4.4592,9.0770,-0.7949,,,,,,,
79049614266890,加速度计,4.2862,7.4262,-7.2838,,,,,,,
79049606761421,陀螺仪,,,,,,,,0.1788,0.0314,0.1218
79049624286160,加速度计,2.9479,5.5210,-7.6698,,,,,,,
79049634304494,加速度计,-2.8868,3.8954,30.5081,,,,,,,
79049626799962,陀螺仪,,,,,,,,-0.2458,0.0937,-0.0751
79049644322827,加速度计,0.0204,11.3282,23.6188,,,,,,,
79049654341160,加速度计,0.8709,13.1190,-0.1329,,,,,,,
79049646836629,陀螺仪,,,,,,,,0.1764,0.0776,0.1498
79049664359494,加速度计,4.7489,2.3727,4.1916,,,,,,,
79049666876629,陀螺仪,,,,,,,,0.1049,0.1678,0.1222
79049674386837,加速度计,0.8882,4.3808,-0.1676,,,,,,,
79049684403504,加速度计,-0.8547,9.6618,6.7582,,,,,,,
79049694397462,加速度计,2.7306,10.5632,4.4329,,,,,,,
79049686898973,陀螺仪,,,,,,,,0.0395,0.1139,0.0498
79049704392879,加速度计,1.3659,3.0598,7.1353,,,,,,,
79049706891056,陀螺仪,,,,,,,,0.0374,0.0796,-0.0123
79049714390587,加速度计,2.2865,6.4452,-0.9002,,,,,,,
79049724391421,加速度计,1.2456,6.3470,3.0933,,,,,,,
79049734395900,加速度计,-0.0269,8.3881,10.0066,,,,,,,
79049726894598,陀螺仪,,,,,,,,-0.0835,0.0739,-0.1061
79049744404442,加速度计,0.8607,7.1299,11.9004,,,,,,,
79049746913973,陀螺仪,,,,,,,,0.0055,0.0441,-0.0638
79049754417462,加速度计,1.1785,10.2280,4.3706,,,,,,,
79049764435067,加速度计,2.0435,6.0184,5.5210,,,,,,,
79049766951265,陀螺仪,,,,,,,,-0.0619,0.0648,-0.1003
79049774456942,加速度计,0.5543,6.3620,7.1635,,,,,,,
79049784482671,加速度计,-0.6339,6.1327,7.1916,,,,,,,
79049787004390,陀螺仪,,,,,,,,-0.0032,0.0613,-0.0803
79049794511837,加速度计,1.8681,9.1063,3.8277,,,,,,,
79049804544025,加速度计,2.1602,6.6194,6.8145,,,,,,,
79049814578504,加速度计,1.0672,6.6571,5.1541,,,,,,,
79049807069806,陀螺仪,,,,,,,,-0.0692,0.0288,-0.1115
79049824614442,加速度计,0.6243,8.6107,4.5765,,,,,,,
79049834651004,加速度计,2.3343,7.8530,4.5029,,,,,,,
79049827141890,陀螺仪,,,,,,,,-0.0851,-0.0049,-0.1859
79049844687671,加速度计,1.9453,5.1254,7.1371,,,,,,,
79049847206681,陀螺仪,,,,,,,,-0.1848,-0.0177,-0.2467
79049854711525,加速度计,-1.4527,6.6230,5.5438,,,,,,,
79049864730483,加速度计,-0.2227,4.7549,11.1324,,,,,,,
79049867244390,陀螺仪,,,,,,,,-0.1425,-0.0318,-0.1931
79049874748921,加速度计,-0.0144,7.3322,7.6166,,,,,,,
79049884767254,加速度计,1.5060,8.0661,7.7776,,,,,,,
79049894785587,加速度计,2.7312,6.4895,8.1331,,,,,,,
79049887281056,陀螺仪,,,,,,,,-0.1566,-0.0125,-0.1190
79049904803921,加速度计,-1.1025,7.5357,10.1795,,,,,,,
79049914822254,加速度计,0.4304,6.2674,13.3644,,,,,,,
79049907317723,陀螺仪,,,,,,,,-0.1421,0.0173,-0.1414
79049924846421,加速度计,1.1343,6.5404,7.2347,,,,,,,
79049941203438,GPS,,,,31.9414,118.7887,3.8700,264.2000,,,
79049927358296,陀螺仪,,,,,,,,-0.0346,0.0418,-0.0633
79049934861056,加速度计,1.1965,7.3233,5.2325,,,,,,,
79049944872306,加速度计,0.0144,3.8912,9.7450,,,,,,,
79049947381056,陀螺仪,,,,,,,,-0.0391,0.0501,-0.0523
79049954883921,加速度计,-0.5991,6.8313,7.2155,,,,,,,
79049964896317,加速度计,0.7093,6.6080,6.6277,,,,,,,
79049967406265,陀螺仪,,,,,,,,0.0144,0.0162,-0.0134
79049974909546,加速度计,1.0654,5.7359,3.5440,,,,,,,
79049984923608,加速度计,0.2735,7.7734,4.6902,,,,,,,
79049987435067,陀螺仪,,,,,,,,-0.0047,0.0170,-0.0635
79049994938869,加速度计,-0.7284,6.4434,9.1051,,,,,,,
79050004955379,加速度计,-0.5974,8.7370,7.1682,,,,,,,
79050007468712,陀螺仪,,,,,,,,0.0316,0.0043,0.0253
79050014973140,加速度计,-0.3849,6.7397,9.6816,,,,,,,
79050024992150,加速度计,0.3316,9.2219,3.3543,,,,,,,
79050027507358,陀螺仪,,,,,,,,0.1043,0.0510,0.1092
79050035012410,加速度计,0.9248,8.0140,3.0712,,,,,,,
79050045033556,加速度计,0.3466,8.3959,5.4115,,,,,,,
79050047550067,陀螺仪,,,,,,,,-0.0204,0.0783,0.1361
79050055055535,加速度计,-2.9670,7.1389,13.3369,,,,,,,
79050065078348,加速度计,1.4533,7.0581,9.1040,,,,,,,
79050067595848,陀螺仪,,,,,,,,0.1842,0.0983,0.3209
79050075101629,加速度计,2.8712,7.8087,-6.0436,,,,,,,
79050085125327,加速度计,3.0281,6.1717,-8.0721,,,,,,,
79050087643192,陀螺仪,,,,,,,,-0.2238,0.1338,0.1535
79050095149077,加速度计,-2.7886,3.0131,21.1887,,,,,,,
79050105172827,加速度计,-3.4518,8.1379,20.6063,,,,,,,
79050107688087,陀螺仪,,,,,,,,0.2553,0.0860,0.1984
79050115192931,加速度计,-1.1145,13.9414,4.1617,,,,,,,
79050125211785,加速度计,3.9175,9.0124,-3.6260,,,,,,,
79050127725640,陀螺仪,,,,,,,,0.1080,0.1234,0.2502
79050135230171,加速度计,3.1502,1.9315,2.0201,,,,,,,
79050145248504,加速度计,-2.1105,5.2870,8.7580,,,,,,,
79050147762306,陀螺仪,,,,,,,,0.0860,0.0726,0.0501
79050155266837,加速度计,-0.9224,12.7072,9.0064,,,,,,,
79050165285171,加速度计,2.1590,11.1115,5.6330,,,,,,,
79050167801837,陀螺仪,,,,,,,,0.0362,0.0132,0.0626
79050175310848,加速度计,2.2482,4.5262,6.0388,,,,,,,
79050185327931,加速度计,-0.2634,5.6749,1.9393,,,,,,,
79050195326994,加速度计,1.1666,8.9944,9.4050,,,,,,,
79050187827254,陀螺仪,,,,,,,,-0.0071,0.0189,-0.0666
79050205327098,加速度计,-0.1844,9.9557,14.2216,,,,,,,
79050215329077,加速度计,1.3749,10.4531,5.7700,,,,,,,
79050207828504,陀螺仪,,,,,,,,0.0374,0.0017,-0.0334
79050225333452,加速度计,2.7617,5.4025,4.6118,,,,,,,
79050235340640,加速度计,0.8835,5.6084,1.6287,,,,,,,
79050227838712,陀螺仪,,,,,,,,0.0071,0.0210,-0.0618
79050245351056,加速度计,2.4822,7.7279,4.1468,,,,,,,
79050247861212,陀螺仪,,,,,,,,-0.0438,0.0292,-0.0896
79050255364806,加速度计,0.4429,8.2462,8.7454,,,,,,,
79050265381890,加速度计,1.3743,8.4701,9.9874,,,,,,,
79050267897046,陀螺仪,,,,,,,,-0.0095,0.0236,-0.0684
79050275402306,加速度计,0.7332,6.3877,8.6287,,,,,,,
79050285426056,加速度计,1.1337,7.6620,4.9440,,,,,,,
79050287946004,陀螺仪,,,,,,,,0.0438,0.0570,-0.0261
79050295452827,加速度计,1.0858,6.2016,3.7409,,,,,,,
79050305482202,加速度计,0.6806,7.4130,4.0833,,,,,,,
79050308005587,陀螺仪,,,,,,,,0.0089,0.0561,-0.0788
79050315513452,加速度计,0.3813,7.6662,1.8262,,,,,,,
79050325546056,加速度计,-0.5160,7.8949,9.4715,,,,,,,
79050328071004,陀螺仪,,,,,,,,-0.0751,0.0133,-0.1304
79050335579285,加速度计,-1.5443,6.6206,13.5398,,,,,,,
79050345612619,加速度计,-0.0634,9.2578,7.2341,,,,,,,
79050355636890,加速度计,0.9325,7.3694,4.1450,,,,,,,
79050348131629,陀螺仪,,,,,,,,0.0706,0.0041,-0.0485
79050365655952,加速度计,-0.1323,5.9173,2.8515,,,,,,,
79050368169754,陀螺仪,,,,,,,,-0.0089,0.0036,-0.1101
79050375674285,加速度计,0.1945,4.6322,8.7460,,,,,,,
79050385692619,加速度计,0.3867,7.1323,10.1347,,,,,,,
79050395710952,加速度计,0.8338,8.5461,6.3416,,,,,,,
79050388206421,陀螺仪,,,,,,,,0.0578,-0.0257,-0.1146
79050405729285,加速度计,2.9197,7.4280,4.7471,,,,,,,
79050415747619,加速度计,1.9878,5.0117,5.1481,,,,,,,
79050408243087,陀螺仪,,,,,,,,0.0284,0.0265,-0.1129
79050425769754,加速度计,1.5054,6.4105,6.1663,,,,,,,
79050428282879,陀螺仪,,,,,,,,-0.0148,0.0656,-0.1296
79050435786056,加速度计,-0.5243,6.3752,8.5952,,,,,,,
79050445798973,加速度计,0.8338,7.8536,7.0186,,,,,,,
79050448308973,陀螺仪,,,,,,,,-0.0230,0.0718,-0.0221
79050455812254,加速度计,0.5483,6.9881,6.7900,,,,,,,
79050465825952,加速度计,-0.3843,6.7145,10.3609,,,,,,,
79050468336577,陀螺仪,,,,,,,,-0.0144,0.0579,-0.0258
79050475840067,加速度计,-0.0215,7.9194,7.4328,,,,,,,
79050485854962,加速度计,0.4878,6.6685,9.8940,,,,,,,
79050488366785,陀螺仪,,,,,,,,0.0405,0.0385,-0.0256
79050495870692,加速度计,-1.4898,7.7824,5.7006,,,,,,,
79050505887254,加速度计,-0.2436,7.2413,10.6847,,,,,,,
79050508400327,陀螺仪,,,,,,,,0.1099,-0.0029,0.0316
79050515904650,加速度计,1.5251,8.7323,3.9181,,,,,,,
79050525922879,加速度计,4.6956,7.8458,-3.8541,,,,,,,
79050528437202,陀螺仪,,,,,,,,0.1007,-0.0240,-0.0911
79050535941942,加速度计,4.4071,6.1459,-9.3218,,,,,,,
79050545961837,加速度计,-4.5179,1.8507,6.8366,,,,,,,
79050548477410,陀螺仪,,,,,,,,-0.3902,0.0105,-0.2671
79050555982567,加速度计,-2.5546,5.2541,29.4265,,,,,,,
79050566004129,加速度计,-0.7027,13.2758,14.0252,,,,,,,
79050568520692,陀螺仪,,,,,,,,0.1598,0.0146,0.1265
79050576026160,加速度计,1.8298,11.6915,1.3880,,,,,,,
79050586048608,加速度计,2.9371,2.8784,2.0123,,,,,,,
79050588565535,陀螺仪,,,,,,,,-0.0527,0.0980,0.0871
79050596071108,加速度计,-0.4956,5.0649,6.5457,,,,,,,
79050606093608,加速度计,1.4694,10.6362,6.4739,,,,,,,
79050608610535,陀螺仪,,,,,,,,0.0040,0.0389,-0.0105
79050616116108,加速度计,0.9188,8.5958,4.6178,,,,,,,
79050626136785,加速度计,0.5848,4.1988,8.2606,,,,,,,
79050636155744,加速度计,2.2051,5.9370,6.3961,,,,,,,
79050628651108,陀螺仪,,,,,,,,-0.0193,0.0241,-0.0292
79050646174129,加速度计,1.1905,8.1002,5.7832,,,,,,,
79050648687931,陀螺仪,,,,,,,,0.0123,0.0013,-0.1101
79050656192462,加速度计,0.8859,8.6413,9.5547,,,,,,,
79050666210796,加速度计,1.0259,7.1233,10.6243,,,,,,,
79050668724858,陀螺仪,,,,,,,,0.0559,-0.0129,-0.1123
79050676229962,加速度计,1.6466,8.0296,8.2732,,,,,,,
79050686248296,加速度计,1.7053,8.4126,4.9434,,,,,,,
79050688761160,陀螺仪,,,,,,,,0.0846,-0.0149,-0.1619
79050696265379,加速度计,0.7458,5.7024,5.6569,,,,,,,
79050706282462,加速度计,1.6801,6.1292,6.1166,,,,,,,
79050708795327,陀螺仪,,,,,,,,0.0670,-0.0449,-0.2128
79050716299546,加速度计,0.8505,7.2718,6.3716,,,,,,,
79050726316629,加速度计,1.3168,8.2169,6.9348,,,,,,,
79050728829494,陀螺仪,,,,,,,,0.0678,-0.0594,-0.2216
79050736333712,加速度计,1.2001,7.7411,7.9074,,,,,,,
79050746350796,加速度计,1.2258,8.3001,6.3967,,,,,,,
79050748863660,陀螺仪,,,,,,,,0.0550,-0.0531,-0.2166
79050756367879,加速度计,0.7775,7.8638,4.8231,,,,,,,
79050766385327,加速度计,0.7177,6.4350,7.3304,,,,,,,
79050768898765,陀螺仪,,,,,,,,0.0240,-0.0547,-0.2248
79050776403192,加速度计,0.2819,5.7820,8.3941,,,,,,,
79050786421473,加速度计,-0.2077,6.7277,6.1280,,,,,,,
79050788935535,陀螺仪,,,,,,,,0.1332,-0.0507,-0.1751
79050796440171,加速度计,1.8393,7.5747,2.3966,,,,,,,
79050806459285,加速度计,0.3699,6.8043,5.2499,,,,,,,
79050808973973,陀螺仪,,,,,,,,0.0425,-0.0493,-0.1671
79050816478817,加速度计,0.3017,7.1599,10.5465,,,,,,,
79050826498400,加速度计,0.7584,9.1710,8.7179,,,,,,,
79050829013140,陀螺仪,,,,,,,,0.1280,-0.0411,-0.1338
79050836517983,加速度计,0.9798,10.1706,6.8384,,,,,,,
79050846537567,加速度计,0.4741,6.8702,4.7716,,,,,,,
79050849052306,陀螺仪,,,,,,,,0.0586,-0.0069,-0.1208
79050856557150,加速度计,-0.2813,6.2183,5.3792,,,,,,,
79050866576733,加速度计,0.2568,5.7575,9.9988,,,,,,,
79050869091473,陀螺仪,,,,,,,,0.0670,-0.0204,-0.1060
79050876596317,加速度计,0.8230,7.7231,8.2570,,,,,,,
79050886615900,加速度计,0.6997,7.5196,7.2053,,,,,,,
79050889130640,陀螺仪,,,,,,,,0.1196,-0.0142,-0.1085
79050896635483,加速度计,-0.0617,7.3328,4.2012,,,,,,,
79050906655067,加速度计,0.4639,5.8538,4.5113,,,,,,,
79050909169285,陀螺仪,,,,,,,,0.0666,-0.0483,-0.1266
79050916673921,加速度计,1.9680,8.5401,6.0184,,,,,,,
79050926719390,加速度计,0.1724,8.6939,8.0391,,,,,,,
79050943229583,GPS,,,,31.9413,118.7887,3.9400,261.6000,,,
79050929219285,陀螺仪,,,,,,,,0.0244,-0.0566,-0.2003
79050936715171,加速度计,-0.8888,7.7764,10.5979,,,,,,,
79050946700015,加速度计,0.3561,7.9918,7.6872,,,,,,,
79050949190379,陀螺仪,,,,,,,,0.0794,-0.0636,-0.1692
79050956687202,加速度计,-0.2873,7.7973,6.7277,,,,,,,
79050966677983,加速度计,-0.6626,7.0725,9.6810,,,,,,,
79050976673244,加速度计,1.8340,7.0030,3.7864,,,,,,,
79050969174337,陀螺仪,,,,,,,,0.1121,-0.0680,-0.0848
79050986673817,加速度计,2.7725,7.7782,-5.6617,,,,,,,
79050989178452,陀螺仪,,,,,,,,0.0726,-0.0734,-0.1510
79050996680171,加速度计,4.2108,4.7627,-9.0591,,,,,,,
79051006692358,加速度计,-3.0065,2.6546,21.9327,,,,,,,
79051009205744,陀螺仪,,,,,,,,-0.2964,-0.0446,-0.2486
79051016710379,加速度计,-1.8310,8.8292,20.9924,,,,,,,
79051026734233,加速度计,0.0880,14.5789,3.0358,,,,,,,
79051029256108,陀螺仪,,,,,,,,0.1121,-0.0383,-0.0514
79051036763556,加速度计,1.0121,6.7074,-0.2251,,,,,,,
79051046797567,加速度计,1.1091,-0.9343,1.5437,,,,,,,
79051049325900,陀螺仪,,,,,,,,-0.0945,0.0100,-0.1059
79051056835431,加速度计,-0.6806,4.7860,9.4936,,,,,,,
79051066876317,加速度计,-0.2508,11.3910,10.1616,,,,,,,
79051076919025,加速度计,0.0120,10.6865,6.8307,,,,,,,
79051069408348,陀螺仪,,,,,,,,-0.0024,-0.0417,-0.0891
79051086962671,加速度计,1.6328,5.7431,4.7758,,,,,,,
79051089493973,陀螺仪,,,,,,,,-0.0430,-0.0646,-0.1419
79051097004233,加速度计,0.8679,5.5007,2.6151,,,,,,,
79051107025431,加速度计,-0.3813,5.6371,13.4003,,,,,,,
79051109539233,陀螺仪,,,,,,,,-0.0602,-0.0917,-0.2096
79051117043765,加速度计,-0.4573,9.4433,13.3070,,,,,,,
79051127062098,加速度计,-0.1425,11.2905,5.5282,,,,,,,
79051129575900,陀螺仪,,,,,,,,0.0254,-0.1095,-0.1499
79051137080431,加速度计,2.0105,6.0525,5.7928,,,,,,,
79051147098765,加速度计,0.9613,4.3335,4.9955,,,,,,,
79051157117098,加速度计,-0.4142,6.4518,5.4881,,,,,,,
79051149612567,陀螺仪,,,,,,,,0.0013,-0.0980,-0.2230
79051167135431,加速度计,0.8583,8.0738,7.1204,,,,,,,
79051169651317,陀螺仪,,,,,,,,-0.0202,-0.1258,-0.1947
79051177161369,加速度计,0.3645,6.9372,4.7633,,,,,,,
79051187173452,加速度计,1.1474,7.2706,5.3139,,,,,,,
79051197185535,加速度计,-0.0922,8.5928,6.5338,,,,,,,
79051189682567,陀螺仪,,,,,,,,-0.0449,-0.1190,-0.1960
79051207198035,加速度计,0.5968,7.0252,9.5367,,,,,,,
79051217210952,加速度计,0.6584,8.9453,5.8119,,,,,,,
79051209707775,陀螺仪,,,,,,,,-0.0583,-0.1052,-0.1332
79051227224702,加速度计,-0.3513,6.9240,8.6090,,,,,,,
79051237239285,加速度计,-0.1784,6.7199,7.6525,,,,,,,
79051229735692,陀螺仪,,,,,,,,-0.0437,-0.0674,-0.0784
79051247254702,加速度计,-0.1179,7.0012,4.3527,,,,,,,
79051257271369,加速度计,0.7195,5.3331,6.4392,,,,,,,
79051249767254,陀螺仪,,,,,,,,-0.0108,-0.0594,-0.0055
79051267289285,加速度计,-0.3214,7.0312,7.7177,,,,,,,
79051277308452,加速度计,0.3232,7.5944,11.4449,,,,,,,
79051269803712,陀螺仪,,,,,,,,0.0266,-0.0318,0.0144
79051287328452,加速度计,0.5968,9.0435,5.1326,,,,,,,
79051297349285,加速度计,0.3292,7.6237,6.5918,,,,,,,
79051289844129,陀螺仪,,,,,,,,0.1198,0.0013,0.0466
79051307370952,加速度计,-1.5550,6.5098,10.0437,,,,,,,
79051317393452,加速度计,-0.0431,8.1750,5.8209,,,,,,,
79051309887879,陀螺仪,,,,,,,,0.1216,0.0189,0.0996
79051327416369,加速度计,1.2055,8.5635,-0.8260,,,,,,,
79051337439702,加速度计,0.3460,5.8436,2.7599,,,,,,,
79051329933921,陀螺仪,,,,,,,,0.1004,0.0293,0.1089
79051347463035,加速度计,-0.4908,5.5629,10.8391,,,,,,,
79051349980587,陀螺仪,,,,,,,,0.0314,0.0423,0.0778
79051357486369,加速度计,-0.3992,8.9423,10.3813,,,,,,,
79051367506369,加速度计,0.1365,10.5608,5.4594,,,,,,,
79051377525119,加速度计,0.4256,7.8416,4.2862,,,,,,,
79051370020483,陀螺仪,,,,,,,,0.0971,0.0477,0.1229
79051387543452,加速度计,0.1562,5.2876,7.4747,,,,,,,
79051397561785,加速度计,0.5088,8.4605,7.7907,,,,,,,
79051390057254,陀螺仪,,,,,,,,0.0297,0.0770,0.1099
79051407580119,加速度计,-0.1251,7.3418,6.2830,,,,,,,
79051417598452,加速度计,2.0285,7.5094,5.0823,,,,,,,
79051410093921,陀螺仪,,,,,,,,0.0656,0.0852,0.1201
79051427619598,加速度计,-0.8847,6.4242,12.8054,,,,,,,
79051430131837,陀螺仪,,,,,,,,0.0806,0.1047,0.1181
79051437635848,加速度计,0.3974,8.2127,6.8750,,,,,,,
79051447652098,加速度计,3.1095,7.0006,-2.5450,,,,,,,
79051457668348,加速度计,2.6055,6.2034,-7.8380,,,,,,,
79051450164337,陀螺仪,,,,,,,,0.1497,0.0889,0.0712
79051467684598,加速度计,-0.2999,3.1993,13.8696,,,,,,,
79051477700848,加速度计,-2.8228,9.5337,19.3841,,,,,,,
79051470196837,陀螺仪,,,,,,,,-0.2206,0.1037,-0.0718
79051487717515,加速度计,1.1366,14.8201,9.6516,,,,,,,
79051497734598,加速度计,1.4030,8.3007,3.7008,,,,,,,
79051490230379,陀螺仪,,,,,,,,0.1322,0.0300,-0.0754
79051507752098,加速度计,1.1217,2.1338,4.2874,,,,,,,
79051517770015,加速度计,-0.0150,3.5428,6.0639,,,,,,,
79051510265587,陀螺仪,,,,,,,,0.0376,0.0581,-0.1246
79051527788348,加速度计,0.5716,9.6780,3.0113,,,,,,,
79051537807098,加速度计,2.6402,10.8625,4.6388,,,,,,,
79051530302462,陀螺仪,,,,,,,,0.0635,-0.0302,-0.2145
79051547826265,加速度计,0.3657,5.3768,12.6462,,,,,,,
79051557845848,加速度计,1.5251,7.1078,4.2120,,,,,,,
79051550341004,陀螺仪,,,,,,,,-0.0115,-0.0956,-0.3900
79051567865848,加速度计,3.2633,8.2331,4.2701,,,,,,,
79051577885848,加速度计,0.4968,6.0346,9.5325,,,,,,,
79051570380900,陀螺仪,,,,,,,,-0.0399,-0.1410,-0.4819
79051587905848,加速度计,0.9254,5.9011,9.6875,,,,,,,
79051597925848,加速度计,1.5844,8.3067,6.6553,,,,,,,
79051590420900,陀螺仪,,,,,,,,0.0232,-0.1475,-0.4967
79051607945848,加速度计,1.5060,6.8594,5.3600,,,,,,,
79051617965848,加速度计,0.8248,6.0424,2.8311,,,,,,,
79051610460900,陀螺仪,,,,,,,,0.0261,-0.1622,-0.5056
79051627985848,加速度计,1.5299,5.6970,6.3249,,,,,,,
79051638005848,加速度计,1.2414,8.0068,6.5571,,,,,,,
79051630500900,陀螺仪,,,,,,,,-0.0539,-0.1787,-0.5296
79051648024598,加速度计,0.3813,6.6690,9.2470,,,,,,,
79051658042931,加速度计,1.0523,8.6664,4.5412,,,,,,,
79051650538400,陀螺仪,,,,,,,,-0.0168,-0.2060,-0.5539
79051668061265,加速度计,1.4084,6.0100,4.3838,,,,,,,
79051670581681,陀螺仪,,,,,,,,-0.0936,-0.2309,-0.5582
79051678097931,加速度计,0.6997,3.8858,5.6659,,,,,,,
79051688098348,加速度计,-1.2073,7.6160,8.8526,,,,,,,
79051698099181,加速度计,0.5573,8.8909,12.9365,,,,,,,
79051690599025,陀螺仪,,,,,,,,-0.0648,-0.2818,-0.5760
79051708101265,加速度计,0.8194,9.5098,8.9453,,,,,,,
79051710604129,陀螺仪,,,,,,,,0.0433,-0.3230,-0.5935
79051718105015,加速度计,0.8745,6.3369,5.6719,,,,,,,
79051728111265,加速度计,0.3519,5.2307,1.6610,,,,,,,
79051730618192,陀螺仪,,,,,,,,-0.0096,-0.3188,-0.5700
79051738120431,加速度计,-0.7931,4.9913,6.3997,,,,,,,
79051748132515,加速度计,0.9403,7.5316,7.4861,,,,,,,
79051758147931,加速度计,0.4250,8.0774,6.9013,,,,,,,
79051750644129,陀螺仪,,,,,,,,-0.0246,-0.3282,-0.4800
79051768166265,加速度计,1.1989,7.9637,7.3945,,,,,,,
79051770682254,陀螺仪,,,,,,,,-0.0617,-0.2795,-0.4272
79051778187515,加速度计,-1.7849,7.4316,8.7730,,,,,,,
79051788211681,加速度计,-0.1861,7.1611,7.3316,,,,,,,
79051798238348,加速度计,-0.0030,6.8456,6.2758,,,,,,,
79051790731733,陀螺仪,,,,,,,,-0.0060,-0.2378,-0.2676
79051808267098,加速度计,0.2358,7.3245,3.4872,,,,,,,
79051810789962,陀螺仪,,,,,,,,-0.0474,-0.1698,-0.1603
79051818297515,加速度计,-0.0443,5.6641,5.8748,,,,,,,
79051828328765,加速度计,-1.9160,7.8290,9.0303,,,,,,,
79051830852567,陀螺仪,,,,,,,,-0.0490,-0.1342,-0.0668
79051838360431,加速度计,0.0497,9.2003,9.3422,,,,,,,
79051848392098,加速度计,-0.2544,7.4514,8.2612,,,,,,,
79051850907775,陀螺仪,,,,,,,,0.0051,-0.1044,-0.0095
79051858412931,加速度计,-0.5118,8.4120,5.5444,,,,,,,
79051868431265,加速度计,-0.8709,7.0378,4.5616,,,,,,,
79051878449598,加速度计,-0.6410,5.1918,7.8153,,,,,,,
79051870945067,陀螺仪,,,,,,,,0.0027,-0.0972,0.0213
79051888467931,加速度计,-0.1359,8.9699,3.6984,,,,,,,
79051898486265,加速度计,-0.9553,7.7877,14.0444,,,,,,,
79051890981733,陀螺仪,,,,,,,,0.0077,-0.0828,0.0401
79051908504598,加速度计,-0.6806,9.1057,9.8635,,,,,,,
79051918522931,加速度计,1.0241,5.7293,0.1293,,,,,,,
79051911018400,陀螺仪,,,,,,,,0.1434,-0.0748,0.1021
79051928551317,加速度计,2.0339,5.4073,-7.2796,,,,,,,
79051931056369,陀螺仪,,,,,,,,0.0405,-0.0800,0.0683
79051945695572,GPS,,,,31.9413,118.7886,3.7900,266.4000,,,
79051938558087,加速度计,1.2683,2.6396,-9.3218,,,,,,,
79051948565379,加速度计,-1.7992,6.0968,29.6151,,,,,,,
79051951071369,陀螺仪,,,,,,,,-0.1714,-0.0672,0.0356
79051958573608,加速度计,1.3731,14.3377,19.3936,,,,,,,
79051968583087,加速度计,0.4004,13.2142,3.7302,,,,,,,
79051971090952,陀螺仪,,,,,,,,0.1210,-0.0301,0.0019
79051978593921,加速度计,0.8823,3.3627,-1.0810,,,,,,,
79051988606525,加速度计,-1.2420,0.5213,1.8693,,,,,,,
79051991117202,陀螺仪,,,,,,,,-0.0446,-0.0557,-0.0230
79051998621212,加速度计,-0.7093,6.5523,5.4995,,,,,,,
79052008637983,加速度计,0.6219,11.0624,7.5262,,,,,,,
79052011151785,陀螺仪,,,,,,,,-0.0598,-0.1316,-0.0786
79052018656837,加速度计,2.0446,7.4837,12.6851,,,,,,,
79052028677671,加速度计,0.8302,5.5563,8.6335,,,,,,,
79052031194285,陀螺仪,,,,,,,,0.0771,-0.1422,-0.2056
79052038700171,加速度计,1.0163,6.4368,-0.8009,,,,,,,
79052048724233,加速度计,-0.6111,5.8377,3.2615,,,,,,,
79052051243035,陀螺仪,,,,,,,,-0.0742,-0.1652,-0.2169
79052058749442,加速度计,-0.3801,7.9529,14.0031,,,,,,,
79052068775379,加速度计,0.1879,10.7266,10.4908,,,,,,,
79052071295119,陀螺仪,,,,,,,,0.0369,-0.2049,-0.2326
79052078801733,加速度计,2.8700,8.6718,6.7570,,,,,,,
79052088828400,加速度计,-0.3561,5.5982,5.8778,,,,,,,
79052091348452,陀螺仪,,,,,,,,0.0274,-0.1667,-0.2710
79052098853921,加速度计,-1.4503,4.3886,4.0474,,,,,,,
79052108875171,加速度计,1.5269,8.1672,4.6184,,,,,,,
79052111389285,陀螺仪,,,,,,,,-0.0265,-0.1722,-0.1858
79052118893817,加速度计,1.1528,8.2474,7.4639,,,,,,,
79052128912150,加速度计,0.1808,7.3867,8.2079,,,,,,,
79052131425952,陀螺仪,,,,,,,,-0.0177,-0.1242,-0.1840
79052138930483,加速度计,-0.6279,5.7515,6.7271,,,,,,,
79052148948817,加速度计,1.5071,9.1429,6.4254,,,,,,,
79052151462619,陀螺仪,,,,,,,,-0.0433,-0.1120,-0.0992
79052158967150,加速度计,0.1856,6.1483,11.0253,,,,,,,
79052168985796,加速度计,0.2777,8.9118,9.8922,,,,,,,
79052171501629,陀螺仪,,,,,,,,0.0590,-0.0694,-0.0944
79052179008140,加速度计,-1.8256,7.3759,5.2996,,,,,,,
79052189022723,加速度计,1.4192,6.5523,2.7497,,,,,,,
79052191533712,陀螺仪,,,,,,,,0.0067,-0.0731,-0.0241
79052199037306,加速度计,-0.3118,5.1625,3.8846,,,,,,,
79052209051942,加速度计,-1.1564,6.9438,6.8337,,,,,,,
79052211563244,陀螺仪,,,,,,,,-0.0152,-0.0638,-0.0569
79052219066994,加速度计,1.4958,8.0732,9.0483,,,,,,,
79052229082462,加速度计,0.5872,7.4813,4.1857,,,,,,,
79052239098348,加速度计,-2.0877,5.9029,1.7406,,,,,,,
79052231594390,陀螺仪,,,,,,,,-0.0181,-0.0562,-0.1069
79052249114702,加速度计,-0.4812,5.2720,9.8701,,,,,,,
79052251627567,陀螺仪,,,,,,,,-0.0921,-0.0787,-0.0843
79052259131890,加速度计,-0.5393,8.7287,12.0734,,,,,,,
79052269149910,加速度计,0.3214,9.8767,8.4946,,,,,,,
79052271664025,陀螺仪,,,,,,,,0.0602,-0.0856,-0.0917
79052279168765,加速度计,0.1383,7.2933,4.9315,,,,,,,
79052289188400,加速度计,0.7649,5.4869,2.7324,,,,,,,
79052291703452,陀螺仪,,,,,,,,0.0049,-0.0719,-0.0988
79052299208452,加速度计,-0.8434,4.9225,8.7059,,,,,,,
79052309228921,加速度计,-0.8212,8.0553,7.5663,,,,,,,
79052311744598,陀螺仪,,,,,,,,0.0603,-0.1079,-0.0923
79052319249806,加速度计,0.8691,8.8430,9.0878,,,,,,,
79052329271056,加速度计,0.8918,8.3516,7.0407,,,,,,,
79052331787046,陀螺仪,,,,,,,,0.0868,-0.1166,-0.1289
79052339292306,加速度计,0.3011,6.5966,7.4777,,,,,,,
79052349313556,加速度计,0.0634,8.2456,2.9233,,,,,,,
79052351829546,陀螺仪,,,,,,,,0.0463,-0.1021,-0.1298
79052359334806,加速度计,-0.3029,6.8791,8.6293,,,,,,,
79052369355744,加速度计,-0.1562,8.2821,10.6219,,,,,,,
79052371869858,陀螺仪,,,,,,,,0.0670,-0.0997,-0.1092
79052379374442,加速度计,0.6446,7.6417,13.9750,,,,,,,
79052389392775,加速度计,1.5437,9.2961,3.9720,,,,,,,
79052391906577,陀螺仪,,,,,,,,0.2431,-0.0832,-0.0719
79052399411108,加速度计,2.3529,4.5436,-1.2049,,,,,,,
79052409429442,加速度计,1.5203,3.0484,-10.0221,,,,,,,
79052411943244,陀螺仪,,,,,,,,-0.1417,-0.0234,-0.1304
79052419448504,加速度计,-2.3804,6.0041,4.5041,,,,,,,
79052429485431,加速度计,-1.3120,10.0443,18.0397,,,,,,,
79052431983608,陀螺仪,,,,,,,,-0.0850,-0.0716,-0.1217
79052439483035,加速度计,2.9515,12.4846,18.3665,,,,,,,
79052449481525,加速度计,1.0947,7.7183,5.3995,,,,,,,
79052451981265,陀螺仪,,,,,,,,0.0080,-0.0123,-0.1430
79052459481369,加速度计,-0.9505,2.2673,-0.1275,,,,,,,
79052469483348,加速度计,-1.9890,2.4547,7.8033,,,,,,,
79052471986525,陀螺仪,,,,,,,,-0.0272,-0.0193,-0.0711
79052479487931,加速度计,0.7536,9.3404,8.6084,,,,,,,
79052489495848,加速度计,0.9206,9.5487,5.9101,,,,,,,
79052492004025,陀螺仪,,,,,,,,0.0393,-0.0369,-0.1418
79052499507150,加速度计,0.1957,6.0849,7.6399,,,,,,,
79052509522202,加速度计,-1.3551,4.4778,4.7411,,,,,,,
79052512036004,陀螺仪,,,,,,,,0.0731,-0.0630,-0.1756
79052519540952,加速度计,0.2753,7.0366,5.6348,,,,,,,
79052529563035,加速度计,0.1742,9.5648,10.8966,,,,,,,
79052532081837,陀螺仪,,,,,,,,0.0391,-0.0792,-0.1856
79052539588400,加速度计,0.1281,10.0371,12.3714,,,,,,,
79052549616629,加速度计,0.3573,8.2905,7.4992,,,,,,,
79052552139494,陀螺仪,,,,,,,,0.1135,-0.0587,-0.2214
79052559647254,加速度计,-0.3711,6.6601,5.6306,,,,,,,
79052569679494,加速度计,-1.1648,4.0300,3.9115,,,,,,,
79052572204546,陀螺仪,,,,,,,,0.0796,-0.0687,-0.1783
79052579712879,加速度计,0.7733,6.2572,7.2161,,,,,,,
79052589746629,加速度计,1.2701,8.1122,5.9520,,,,,,,
79052592271994,陀螺仪,,,,,,,,0.0636,-0.0838,-0.2162
79052599778817,加速度计,1.7154,8.4671,6.6056,,,,,,,
79052609799702,加速度计,0.5453,7.0826,7.3011,,,,,,,
79052612313504,陀螺仪,,,,,,,,0.0510,-0.0678,-0.2730
79052619818035,加速度计,0.4860,7.4681,6.0920,,,,,,,
79052629836369,加速度计,0.3639,7.4077,9.2314,,,,,,,
79052632350171,陀螺仪,,,,,,,,0.0562,-0.0819,-0.2722
79052639854702,加速度计,-0.3759,8.3055,6.8031,,,,,,,
79052649873035,加速度计,2.2763,8.8639,7.0000,,,,,,,
79052652386837,陀螺仪,,,,,,,,0.0498,-0.0976,-0.2863
79052659891369,加速度计,0.2771,8.0816,5.6719,,,,,,,
79052669910067,加速度计,-0.0042,5.8843,10.2214,,,,,,,
79052672430483,陀螺仪,,,,,,,,0.0188,-0.0920,-0.3252
79052679933556,加速度计,0.4543,6.2979,10.5812,,,,,,,
79052689946056,加速度计,1.2635,8.6556,11.0355,,,,,,,
79052692455483,陀螺仪,,,,,,,,0.1772,-0.1089,-0.3470
79052699958660,加速度计,0.4100,7.1868,11.5526,,,,,,,
79052709971681,加速度计,1.6825,6.9785,5.0655,,,,,,,
79052712481733,陀螺仪,,,,,,,,0.3170,-0.1197,-0.3911
79052719985223,加速度计,-0.7015,4.2575,-7.5196,,,,,,,
79052729999598,加速度计,-0.0545,6.1573,9.8653,,,,,,,
79052732510900,陀螺仪,,,,,,,,0.0648,-0.1629,-0.4197
79052740014806,加速度计,0.6740,8.5264,10.8463,,,,,,,
79052750030848,加速度计,0.0778,10.6207,8.4892,,,,,,,
79052752543400,陀螺仪,,,,,,,,0.2214,-0.1876,-0.4920
79052760047723,加速度计,0.1897,7.4759,3.8241,,,,,,,
79052770065535,加速度计,0.1173,3.9756,0.0204,,,,,,,
79052772579650,陀螺仪,,,,,,,,0.1389,-0.1850,-0.4756
79052780084494,加速度计,-0.8404,4.3664,5.3085,,,,,,,
79052790104285,加速度计,0.6943,7.6543,8.4402,,,,,,,
79052792619650,陀螺仪,,,,,,,,0.0985,-0.2104,-0.4627
79052800124910,加速度计,1.0271,11.9118,8.3953,,,,,,,
79052810146369,加速度计,1.7526,8.1253,12.2757,,,,,,,
79052812662983,陀螺仪,,,,,,,,0.0908,-0.1976,-0.5027
79052820168556,加速度计,0.3813,6.6164,9.4379,,,,,,,
79052830191160,加速度计,-0.0090,4.6795,4.9021,,,,,,,
79052832708400,陀螺仪,,,,,,,,0.1719,-0.1804,-0.4898
79052840214077,加速度计,0.7643,4.8794,4.6166,,,,,,,
79052850236994,加速度计,0.6955,5.9664,2.2266,,,,,,,
79052852754233,陀螺仪,,,,,,,,0.0960,-0.2198,-0.4997
79052860259598,加速度计,0.2921,7.9039,7.9242,,,,,,,
79052870280431,加速度计,0.4741,7.6788,12.1865,,,,,,,
79052872794233,陀螺仪,,,,,,,,0.0888,-0.2441,-0.5650
79052880298765,加速度计,1.3569,7.6704,9.9545,,,,,,,
79052890317098,加速度计,1.0415,6.9917,-0.1760,,,,,,,
79052892830900,陀螺仪,,,,,,,,0.1603,-0.2675,-0.6081
79052900335431,加速度计,-0.1700,5.5091,-5.5534,,,,,,,
79052910353765,加速度计,-0.0808,3.6152,-5.6539,,,,,,,
79052912867567,陀螺仪,,,,,,,,-0.2410,-0.2890,-0.6491
79052920374910,加速度计,-0.0772,6.8468,25.6006,,,,,,,
79052943516353,GPS,,,,31.9413,118.7886,3.5900,276.2000,,,
79052930423921,加速度计,0.6033,11.9866,22.0859,,,,,,,
79052932905535,陀螺仪,,,,,,,,0.0682,-0.3228,-0.6814
79052940399754,加速度计,2.3996,12.4564,5.6988,,,,,,,
79052950377567,加速度计,-0.0982,3.5931,3.4339,,,,,,,
79052952862619,陀螺仪,,,,,,,,0.0762,-0.2964,-0.7430
79052960358712,加速度计,-2.0931,3.0173,2.7318,,,,,,,
79052970344754,加速度计,-0.9134,8.3013,5.3014,,,,,,,
79052972837619,陀螺仪,,,,,,,,-0.0085,-0.3872,-0.6301
79052980336837,加速度计,1.6867,11.7890,6.0190,,,,,,,
79052990335692,加速度计,3.7020,8.1175,8.6520,,,,,,,
79052992838869,陀螺仪,,,,,,,,-0.1273,-0.3872,-0.7879
79053000341733,加速度计,-0.2077,1.9866,11.8788,,,,,,,
79053010355275,加速度计,-2.9006,5.7790,7.7422,,,,,,,
79053012869702,陀螺仪,,,,,,,,0.0158,-0.3951,-0.7705
79053020376212,加速度计,-0.6812,6.6272,12.3930,,,,,,,
79053030404129,加速度计,2.5762,8.6203,4.0510,,,,,,,
79053032928869,陀螺仪,,,,,,,,0.0601,-0.4404,-0.7238
79053040438504,加速度计,-0.7242,6.3991,9.4092,,,,,,,
79053050478400,加速度计,-0.9164,7.6225,12.0159,,,,,,,
79053053010952,陀螺仪,,,,,,,,0.0578,-0.4497,-0.7876
79053060522567,加速度计,-0.6746,4.3820,11.4138,,,,,,,
79053070569754,加速度计,2.3164,7.9092,1.4048,,,,,,,
79053073106369,陀螺仪,,,,,,,,0.1972,-0.4791,-0.7622
79053080618712,加速度计,-1.8364,6.0914,7.3400,,,,,,,
79053090667150,加速度计,-0.0018,6.8085,4.7190,,,,,,,
79053093200952,陀螺仪,,,,,,,,0.1132,-0.4971,-0.7212
79053100705587,加速度计,1.5437,8.0385,-1.8130,,,,,,,
79053113238035,陀螺仪,,,,,,,,-0.0723,-0.4752,-0.6835
79053110724233,加速度计,-1.2594,7.7021,5.1894,,,,,,,
79053120742567,加速度计,0.1299,6.1974,18.0247,,,,,,,
79053133274702,陀螺仪,,,,,,,,0.2004,-0.3888,-0.5682
79053130760900,加速度计,1.8142,6.7792,13.9456,,,,,,,
79053140779233,加速度计,-0.0509,8.5694,4.7118,,,,,,,
79053150797567,加速度计,-0.8847,6.2788,2.3739,,,,,,,
79053153311369,陀螺仪,,,,,,,,0.2216,-0.3485,-0.4827
79053160815900,加速度计,-0.7320,6.1016,4.2413,,,,,,,
79053170835796,加速度计,-0.3723,8.2013,8.5904,,,,,,,
79053173370848,陀螺仪,,,,,,,,0.1880,-0.3843,-0.4490
79053180869962,加速度计,0.1514,10.2268,6.8576,,,,,,,
79053190866837,加速度计,-1.8555,7.3981,5.7072,,,,,,,
79053193365015,陀螺仪,,,,,,,,0.2204,-0.3686,-0.4613
79053200864754,加速度计,0.7087,5.1176,5.1158,,,,,,,
79053210864442,加速度计,0.5034,7.3287,3.8457,,,,,,,
79053213365431,陀螺仪,,,,,,,,0.1762,-0.3506,-0.4112
79053220866421,加速度计,-1.9938,7.2341,2.3966,,,,,,,
79053230871421,加速度计,0.3639,6.9456,6.9857,,,,,,,
79053233377098,陀螺仪,,,,,,,,0.1035,-0.3571,-0.3995
79053240879858,加速度计,-0.6488,7.2981,6.9312,,,,,,,
79053250892046,加速度计,0.4932,6.3590,5.7581,,,,,,,
79053260907983,加速度计,0.6177,7.4268,4.3796,,,,,,,
79053253403348,陀螺仪,,,,,,,,0.0854,-0.3558,-0.4176
79053270927567,加速度计,-0.4860,5.8909,8.3133,,,,,,,
79053273444181,陀螺仪,,,,,,,,0.0254,-0.3522,-0.4603
79053280950483,加速度计,-0.2807,7.1533,9.8677,,,,,,,
79053290976629,加速度计,-0.3112,7.3909,8.8460,,,,,,,
79053293497931,陀螺仪,,,,,,,,0.0796,-0.3633,-0.4800
79053301005587,加速度计,-0.2532,6.8432,8.2025,,,,,,,
79053311036837,加速度计,0.8033,8.3115,7.5627,,,,,,,
79053313561265,陀螺仪,,,,,,,,0.1052,-0.3973,-0.5249
79053321069650,加速度计,-0.1472,7.7177,6.6714,,,,,,,
79053331103504,加速度计,1.1025,6.2423,8.4288,,,,,,,
79053333629181,陀螺仪,,,,,,,,0.0402,-0.4317,-0.6044
79053341137671,加速度计,-1.0175,7.2891,6.5463,,,,,,,
79053351167879,加速度计,-0.6225,6.7528,11.0109,,,,,,,
79053353681681,陀螺仪,,,,,,,,0.0415,-0.4591,-0.6522
79053361186212,加速度计,0.2610,6.1609,12.3307,,,,,,,
79053371204546,加速度计,-0.3448,7.5357,10.2801,,,,,,,
79053373718348,陀螺仪,,,,,,,,0.1555,-0.4651,-0.6434
79053381222879,加速度计,0.4328,6.7463,7.2490,,,,,,,
79053393755015,陀螺仪,,,,,,,,0.2226,-0.4949,-0.6257
79053391241212,加速度计,-1.2641,6.2788,9.0926,,,,,,,
79053401259546,加速度计,1.5042,8.3707,7.0479,,,,,,,
79053411277879,加速度计,-0.2831,8.3366,-3.2334,,,,,,,
79053413791681,陀螺仪,,,,,,,,0.2081,-0.5394,-0.6481
79053421297046,加速度计,3.0065,6.7181,-7.2209,,,,,,,
79053431319858,加速度计,0.2723,7.0413,12.0476,,,,,,,
79053433828660,陀螺仪,,,,,,,,-0.1953,-0.5555,-0.7598
79053441331525,加速度计,-2.5414,6.1752,21.4060,,,,,,,
79053451343348,加速度计,-0.6075,10.6021,13.8732,,,,,,,
79053461355587,加速度计,0.4729,9.0680,2.7019,,,,,,,
79053453852515,陀螺仪,,,,,,,,0.2083,-0.5084,-0.6641
79053471368400,加速度计,0.5860,4.2180,-0.5010,,,,,,,
79053473878556,陀螺仪,,,,,,,,0.0882,-0.4682,-0.6115
79053481382046,加速度计,-1.6191,4.3293,8.0649,,,,,,,
79053491396681,加速度计,-0.7667,8.9178,12.5528,,,,,,,
79053501412567,加速度计,0.3148,8.7305,13.5201,,,,,,,
79053493908452,陀螺仪,,,,,,,,0.1290,-0.5312,-0.5756
79053511429702,加速度计,0.4393,7.5441,8.7508,,,,,,,
79053513943348,陀螺仪,,,,,,,,0.3178,-0.5218,-0.6673
79053521448087,加速度计,-0.2358,4.8716,4.9195,,,,,,,
79053531467723,加速度计,-1.0888,6.7630,3.2980,,,,,,,
79053533983192,陀螺仪,,,,,,,,0.3206,-0.5944,-0.6987
79053541488452,加速度计,-2.0022,6.5272,6.2860,,,,,,,
79053551510015,加速度计,-0.2077,8.2911,5.4396,,,,,,,
79053554026733,陀螺仪,,,,,,,,0.3220,-0.6586,-0.7113
79053561532410,加速度计,0.5064,7.2179,6.7618,,,,,,,
79053571555483,加速度计,-0.2933,9.0387,5.1110,,,,,,,
79053574073087,陀螺仪,,,,,,,,0.3061,-0.6545,-0.7246
79053581578973,加速度计,-1.5676,7.3394,4.4574,,,,,,,
79053591602723,加速度计,-1.5089,7.2628,4.5298,,,,,,,
79053594120587,陀螺仪,,,,,,,,0.2618,-0.6681,-0.6430
79053601626473,加速度计,0.5914,7.1192,3.3740,,,,,,,
79053611648348,加速度计,-0.3370,8.1379,5.4115,,,,,,,
79053621666942,加速度计,-0.9367,8.2337,9.0423,,,,,,,
79053614162410,陀螺仪,,,,,,,,0.1633,-0.6385,-0.5763
79053631685275,加速度计,-0.6817,6.6661,8.0290,,,,,,,
79053634199077,陀螺仪,,,,,,,,0.2257,-0.5914,-0.4965
79053641703608,加速度计,-1.0576,7.9799,5.2218,,,,,,,
79053651721942,加速度计,0.9008,7.7931,6.8217,,,,,,,
79053654235744,陀螺仪,,,,,,,,0.1656,-0.5707,-0.4084
79053661740275,加速度计,-0.5758,6.7080,9.9431,,,,,,,
79053671758921,加速度计,-0.7350,8.4773,7.4304,,,,,,,
79053674274702,陀螺仪,,,,,,,,0.2322,-0.5253,-0.3672
79053681778921,加速度计,-0.7847,7.1126,7.6034,,,,,,,
79053691796004,加速度计,-0.4729,6.6762,6.7894,,,,,,,
79053694308869,陀螺仪,,,,,,,,0.2096,-0.5113,-0.3085
79053701813087,加速度计,-1.1187,7.1982,7.1976,,,,,,,
79053711830171,加速度计,-1.9716,7.9464,7.6656,,,,,,,
79053714343035,陀螺仪,,,,,,,,0.1786,-0.5099,-0.3077
79053721847254,加速度计,-2.1296,7.0264,10.5770,,,,,,,
79053731864337,加速度计,0.3681,7.2532,8.8059,,,,,,,
79053734377202,陀螺仪,,,,,,,,0.2200,-0.5071,-0.2473
79053741881421,加速度计,-1.2594,6.7935,3.0448,,,,,,,
79053751898504,加速度计,-0.8739,6.8953,3.9678,,,,,,,
79053754411421,陀螺仪,,,,,,,,0.0993,-0.5064,-0.2811
79053761915744,加速度计,-0.5279,6.3369,11.4808,,,,,,,
79053771933400,加速度计,-2.7168,7.8087,11.8812,,,,,,,
79053781951473,加速度计,0.5908,9.6013,5.6270,,,,,,,
79053774446942,陀螺仪,,,,,,,,0.1993,-0.5007,-0.2493
79053791969962,加速度计,-0.0521,6.9300,2.7791,,,,,,,
79053794484129,陀螺仪,,,,,,,,0.0864,-0.5024,-0.2579
79053801988869,加速度计,0.0275,6.2632,5.5839,,,,,,,
79053812008035,加速度计,-0.0024,6.5499,7.9110,,,,,,,
79053822027202,加速度计,-1.7651,7.6124,7.3442,,,,,,,
79053814522462,陀螺仪,,,,,,,,0.0573,-0.5461,-0.3454
79053832046369,加速度计,-0.3071,7.3191,6.2249,,,,,,,
79053834560796,陀螺仪,,,,,,,,0.0579,-0.5775,-0.3483
79053842065535,加速度计,-0.1502,6.5200,7.8626,,,,,,,
79053852084702,加速度计,-0.4202,6.4775,6.6780,,,,,,,
79053854599129,陀螺仪,,,,,,,,0.0767,-0.5815,-0.3518
79053862103869,加速度计,-1.8783,6.8702,8.8406,,,,,,,
79053872123035,加速度计,-1.2989,6.1782,10.6554,,,,,,,
79053874637462,陀螺仪,,,,,,,,0.1606,-0.5775,-0.2768
79053882142202,加速度计,-0.9774,7.6591,6.8845,,,,,,,
79053892161369,加速度计,-1.3659,5.1164,4.4269,,,,,,,
79053894675796,陀螺仪,,,,,,,,0.2224,-0.5498,-0.2511
79053902180535,加速度计,2.8976,9.7312,4.9614,,,,,,,
79053912199702,加速度计,-4.3622,7.6345,7.6764,,,,,,,
79053914714806,陀螺仪,,,,,,,,0.2224,-0.4916,-0.2374
79053922220900,加速度计,-2.4870,8.6131,8.2815,,,,,,,
79053932246681,加速度计,0.6752,7.5669,0.9583,,,,,,,
79053948349530,GPS,,,,31.9414,118.7886,2.5000,298.1000,,,
79053934750900,陀螺仪,,,,,,,,0.1864,-0.5599,-0.1083
79053942252306,加速度计,-0.4950,6.2297,6.0472,,,,,,,
79053952258556,加速度计,1.3862,2.7749,1.9579,,,,,,,
79053954763921,陀螺仪,,,,,,,,0.1153,-0.5615,-0.2228
79053962265848,加速度计,-0.7422,4.7681,13.3537,,,,,,,
79053972274598,加速度计,-0.1676,16.4769,-1.5377,,,,,,,
79053974782358,陀螺仪,,,,,,,,0.1470,-0.5835,-0.2198
79053982285223,加速度计,2.1051,7.9661,6.8558,,,,,,,
79053992297931,加速度计,-1.1133,1.1217,11.3665,,,,,,,
79053994808817,陀螺仪,,,,,,,,0.0619,-0.5258,-0.3029
79054002312723,加速度计,-0.9990,5.8017,7.7219,,,,,,,
79054012329598,加速度计,-0.3609,11.6657,5.5240,,,,,,,
79054014843608,陀螺仪,,,,,,,,0.1369,-0.5421,-0.2364
79054022348556,加速度计,-0.4980,9.0758,7.5902,,,,,,,
79054032369598,加速度计,0.7751,6.4290,6.8121,,,,,,,
79054034886629,陀螺仪,,,,,,,,0.1433,-0.5382,-0.2356
79054042392515,加速度计,0.6925,8.1882,1.9686,,,,,,,
79054052417098,加速度计,-0.5052,8.5329,0.2370,,,,,,,
79054054936525,陀螺仪,,,,,,,,0.0304,-0.4999,-0.2045
79054062443140,加速度计,0.8739,6.0077,8.3606,,,,,,,
79054072470223,加速度计,-1.4742,8.9435,9.3087,,,,,,,
79054074991004,陀螺仪,,,,,,,,0.0875,-0.4581,-0.1368
79054082497931,加速度计,-0.0688,9.7588,9.4487,,,,,,,
79054092525848,加速度计,-0.6680,7.6231,6.0035,,,,,,,
79054095045796,陀螺仪,,,,,,,,0.0980,-0.4478,-0.0957
79054102551681,加速度计,-1.4150,7.8398,1.6430,,,,,,,
79054112572723,加速度计,0.1185,6.3602,6.9647,,,,,,,
79054115086525,陀螺仪,,,,,,,,0.0157,-0.4374,-0.0720
79054122591056,加速度计,-1.5185,7.4807,8.6646,,,,,,,
79054132609390,加速度计,-0.6153,6.8307,9.5834,,,,,,,
79054135123192,陀螺仪,,,,,,,,0.0884,-0.4421,-0.0558
79054142627723,加速度计,-1.7364,9.1057,4.5310,,,,,,,
79054152646056,加速度计,0.8823,8.7490,5.9149,,,,,,,
79054155159858,陀螺仪,,,,,,,,0.0169,-0.4635,-0.0772
79054162664390,加速度计,1.7214,5.6144,6.6044,,,,,,,
79054172684806,加速度计,-1.5496,9.0034,0.6081,,,,,,,
79054182712983,加速度计,-0.9493,4.9045,8.5677,,,,,,,
79054175212723,陀螺仪,,,,,,,,-0.0218,-0.4394,-0.1639
79054192714390,加速度计,1.0127,5.4612,10.8338,,,,,,,
79054202716525,加速度计,0.6524,7.5561,10.3489,,,,,,,
79054195215848,陀螺仪,,,,,,,,-0.0015,-0.4453,-0.0858
79054212720067,加速度计,0.2711,7.8386,5.2086,,,,,,,
79054215223817,陀螺仪,,,,,,,,0.1081,-0.4153,-0.0847
79054222725431,加速度计,0.2855,6.5440,5.1116,,,,,,,
79054232733035,加速度计,1.0768,7.5387,3.1903,,,,,,,
79054235240327,陀螺仪,,,,,,,,0.0734,-0.4009,-0.0879
79054242743296,加速度计,0.1437,7.8105,6.0903,,,,,,,
79054252756473,加速度计,1.0517,9.3416,8.2373,,,,,,,
79054255268140,陀螺仪,,,,,,,,0.0533,-0.3804,-0.0711
79054262772567,加速度计,0.3508,9.0585,6.6224,,,,,,,
79054275307619,陀螺仪,,,,,,,,0.0724,-0.3541,-0.0609
79054272791577,加速度计,0.1233,6.9833,5.0272,,,,,,,
79054282813504,加速度计,1.4569,6.4763,5.0141,,,,,,,
79054292838192,加速度计,0.5477,6.9378,3.4111,,,,,,,
79054295358192,陀螺仪,,,,,,,,0.0668,-0.3282,-0.0565
79054302865223,加速度计,0.1191,8.8244,3.3022,,,,,,,
79054312894181,加速度计,0.3406,7.6686,9.6492,,,,,,,
79054322924494,加速度计,0.3280,8.3719,11.0720,,,,,,,
79054315416837,陀螺仪,,,,,,,,-0.0221,-0.3317,-0.0507
79054332955483,加速度计,-0.1502,7.6968,6.5434,,,,,,,
79054335478973,陀螺仪,,,,,,,,0.1077,-0.3182,-0.0597
79054342986733,加速度计,-0.3059,7.8045,2.7898,,,,,,,
79054353014390,加速度计,0.1646,5.1954,3.9552,,,,,,,
79054363034806,加速度计,0.0611,7.7033,6.3656,,,,,,,
79054355530275,陀螺仪,,,,,,,,-0.0117,-0.3097,-0.0302
79054373053140,加速度计,-0.5177,6.7612,10.1508,,,,,,,
79054375566942,陀螺仪,,,,,,,,-0.0112,-0.3116,-0.0276
79054383071473,加速度计,-0.5124,9.6061,4.7190,,,,,,,
79054393089806,加速度计,0.8679,6.6828,8.6461,,,,,,,
79054395603608,陀螺仪,,,,,,,,-0.0411,-0.2929,-0.0591
79054403108140,加速度计,-2.6043,4.7621,13.4722,,,,,,,
79054413126473,加速度计,-1.3551,8.1714,7.0964,,,,,,,
79054423145431,加速度计,0.8416,7.8512,5.9406,,,,,,,
79054415640483,陀螺仪,,,,,,,,0.1063,-0.2545,0.0684
79054433165535,加速度计,-0.4717,7.8925,5.7904,,,,,,,
79054443181369,加速度计,-0.1053,7.8045,11.3844,,,,,,,
79054435677462,陀螺仪,,,,,,,,0.0670,-0.2011,0.0963
79054453197202,加速度计,-1.2157,8.8005,7.9948,,,,,,,
79054455709129,陀螺仪,,,,,,,,0.1517,-0.1633,0.2184
79054463213035,加速度计,1.3695,6.6104,4.5388,,,,,,,
79054473229077,加速度计,1.3958,5.9268,-3.9025,,,,,,,
79054475741421,陀螺仪,,,,,,,,0.0728,-0.0746,0.2634
79054483245535,加速度计,-1.5634,6.2716,-4.5592,,,,,,,
79054493262410,加速度计,-0.2155,5.3983,3.6841,,,,,,,
79054495775379,陀螺仪,,,,,,,,-0.1555,-0.0550,0.3033
79054503279702,加速度计,-0.6907,8.9070,22.4319,,,,,,,
79054513297410,加速度计,-1.3258,14.2251,10.0060,,,,,,,
79054515811004,陀螺仪,,,,,,,,0.0120,-0.0125,0.3269
79054523315535,加速度计,-0.2185,6.6182,4.3658,,,,,,,
79054533334077,加速度计,-1.5658,0.9307,-0.3250,,,,,,,
79054535848296,陀螺仪,,,,,,,,-0.0208,0.0702,0.3550
79054543353035,加速度计,-2.4852,3.6260,8.1481,,,,,,,
79054553372410,加速度计,-0.7338,12.4564,3.6727,,,,,,,
79054563392202,加速度计,1.4030,10.0616,8.8615,,,,,,,
79054555887254,陀螺仪,,,,,,,,-0.0234,0.0746,0.4352
79054573412202,加速度计,0.9439,5.2565,11.2803,,,,,,,
79054575927254,陀螺仪,,,,,,,,-0.0028,0.0803,0.3316
79054583432202,加速度计,-2.8623,5.6365,6.8307,,,,,,,
79054593452202,加速度计,-0.6452,6.9222,3.1137,,,,,,,
79054595967254,陀螺仪,,,,,,,,0.0708,0.0927,0.3808
79054603472202,加速度计,1.1762,8.8975,6.5835,,,,,,,
79054613492202,加速度计,0.7667,10.8900,9.6935,,,,,,,
79054616007254,陀螺仪,,,,,,,,0.0585,0.0977,0.2715
79054623512202,加速度计,-0.6608,7.8296,10.9080,,,,,,,
79054633532202,加速度计,-0.9248,9.5068,3.2872,,,,,,,
79054636047150,陀螺仪,,,,,,,,0.1201,0.0678,0.2181
79054643551994,加速度计,1.0906,6.9145,4.3461,,,,,,,
79054653570952,加速度计,-0.1012,5.0578,1.1145,,,,,,,
79054656084754,陀螺仪,,,,,,,,0.0320,0.0304,0.1076
79054663589285,加速度计,0.3543,7.3777,5.6515,,,,,,,
79054673610744,加速度计,-0.5195,7.8374,12.9532,,,,,,,
79054676138608,陀螺仪,,,,,,,,0.0414,-0.0362,-0.0423
79054683637619,加速度计,-2.0267,10.2514,8.3240,,,,,,,
79054693634285,加速度计,1.7897,8.7221,-3.4435,,,,,,,
79054696132567,陀螺仪,,,,,,,,0.0618,-0.0882,-0.0846
79054703632202,加速度计,0.8481,5.6228,-0.9086,,,,,,,
79054713631994,加速度计,-1.7980,5.7323,10.2292,,,,,,,
79054716133400,陀螺仪,,,,,,,,-0.0518,-0.1119,-0.1533
79054723634285,加速度计,0.8452,10.4148,14.7764,,,,,,,
79054733639702,加速度计,0.5070,11.0026,6.4368,,,,,,,
79054736146004,陀螺仪,,,,,,,,0.0554,-0.1345,-0.1427
79054743648660,加速度计,0.8332,6.3237,2.5827,,,,,,,
79054753661369,加速度计,-1.6831,4.1659,0.1018,,,,,,,
79054756173296,陀螺仪,,,,,,,,0.0065,-0.1495,-0.2085
79054763677827,加速度计,1.1217,6.5894,-3.6613,,,,,,,
79054773698035,加速度计,0.5219,7.9763,15.5779,,,,,,,
79054783721785,加速度计,-0.4028,10.8900,9.8132,,,,,,,
79054776215483,陀螺仪,,,,,,,,-0.1621,-0.2192,-0.2194
79054793748660,加速度计,1.9387,7.9188,1.1115,,,,,,,
79054796270587,陀螺仪,,,,,,,,0.0264,-0.2103,-0.3356
79054803778244,加速度计,2.2739,2.6462,-8.4713,,,,,,,
79054813809910,加速度计,-4.2814,3.7230,21.6137,,,,,,,
79054816334650,陀螺仪,,,,,,,,-0.1206,-0.2474,-0.3919
79054823843035,加速度计,-2.2625,14.4316,12.3894,,,,,,,
79054833876994,加速度计,0.0251,13.6924,11.6304,,,,,,,
79054836402671,陀螺仪,,,,,,,,0.0517,-0.3048,-0.2647
79054843911160,加速度计,2.7282,5.1703,6.7612,,,,,,,
79054853939077,加速度计,0.2155,5.3726,7.7734,,,,,,,
79054863959077,加速度计,1.4808,9.4272,-4.9410,,,,,,,
79054856454546,陀螺仪,,,,,,,,0.2692,-0.3060,-0.3844
79054873977410,加速度计,2.0692,7.7554,-11.1199,,,,,,,
79054876491212,陀螺仪,,,,,,,,-0.2642,-0.3178,-0.4447
79054883995744,加速度计,-3.6009,7.2437,20.1137,,,,,,,
79054894014077,加速度计,-1.1055,10.3076,7.8033,,,,,,,
79054896527879,陀螺仪,,,,,,,,0.2838,-0.3975,-0.3434
79054904032410,加速度计,3.7314,11.7400,14.2862,,,,,,,
79054914050744,加速度计,4.3024,2.0482,-15.7951,,,,,,,
79054916565379,陀螺仪,,,,,,,,-0.2995,-0.3483,-0.5053
79054924070744,加速度计,-2.4122,-1.4341,-8.1505,,,,,,,
79054934091056,加速度计,-1.7974,9.3392,45.0655,,,,,,,
79054951308592,GPS,,,,31.9414,118.7886,3.8100,333.5000,,,
79054944102306,加速度计,1.1241,18.2444,21.2617,,,,,,,
79054936599546,陀螺仪,,,,,,,,-0.2454,-0.4024,-0.2792
79054954113817,加速度计,3.0203,8.8442,-3.1496,,,,,,,
79054964126004,加速度计,3.0855,-5.2164,11.6532,,,,,,,
79054956622931,陀螺仪,,,,,,,,0.0113,-0.3312,-0.3481
79054974139025,加速度计,-5.2762,5.7108,20.7194,,,,,,,
79054976649390,陀螺仪,,,,,,,,0.4839,-0.3847,-0.3416
79054984152879,加速度计,2.1237,19.2236,-8.6347,,,,,,,
79054994167827,加速度计,3.1208,9.0202,-7.8931,,,,,,,
79054996679910,陀螺仪,,,,,,,,-0.1663,-0.4132,-0.3393
79055004184025,加速度计,2.1901,-2.9820,9.3308,,,,,,,
79055014201473,加速度计,-1.6149,2.8838,29.9628,,,,,,,
79055016715431,陀螺仪,,,,,,,,0.2296,-0.4437,-0.4726
79055024220171,加速度计,-3.2423,16.5757,-1.8513,,,,,,,
79055034240119,加速度计,1.1277,9.6043,-7.1263,,,,,,,
79055044261056,加速度计,1.5802,-0.7919,11.2252,,,,,,,
79055036755796,陀螺仪,,,,,,,,0.0145,-0.4800,-0.3783
79055054282827,加速度计,-4.8854,8.2809,24.7692,,,,,,,
79055064305431,加速度计,-1.5353,17.7458,7.6255,,,,,,,
79055056799754,陀螺仪,,,,,,,,0.1185,-0.5099,-0.3899
79055074328608,加速度计,6.0639,8.3995,-6.0717,,,,,,,
79055076846317,陀螺仪,,,,,,,,0.2345,-0.5445,-0.3621
79055084352202,加速度计,1.5431,-6.5410,-9.5571,,,,,,,
79055094375952,加速度计,-6.1166,-0.4375,15.8394,,,,,,,
79055104399702,加速度计,2.6318,18.1941,19.7270,,,,,,,
79055096893817,陀螺仪,,,,,,,,-0.0065,-0.5196,-0.2555
79055114420587,加速度计,2.2500,23.0478,-10.6009,,,,,,,
79055116934858,陀螺仪,,,,,,,,0.1975,-0.4742,-0.2976
79055124439494,加速度计,3.2016,-2.1524,-10.8673,,,,,,,
79055134457983,加速度计,-5.6252,0.7721,38.7537,,,,,,,
79055136971785,陀螺仪,,,,,,,,0.0134,-0.4258,-0.3419
79055144476317,加速度计,-8.2881,12.7228,5.5091,,,,,,,
79055154494650,加速度计,1.0349,10.8595,-8.5958,,,,,,,
79055157008452,陀螺仪,,,,,,,,0.1605,-0.4390,0.1334
79055164512983,加速度计,1.4473,1.3018,-8.8107,,,,,,,
79055174532098,加速度计,3.7385,5.2020,14.3155,,,,,,,
79055177047462,陀螺仪,,,,,,,,-0.0897,-0.3400,0.1758
79055184551369,加速度计,-1.1935,8.6838,20.6344,,,,,,,
79055194567202,加速度计,-0.0030,13.2914,1.2971,,,,,,,
79055197079129,陀螺仪,,,,,,,,0.1129,-0.2242,0.3302
79055204583035,加速度计,2.0093,4.7363,10.1359,,,,,,,
79055214598869,加速度计,-1.0546,5.8131,-2.9868,,,,,,,
79055224614962,加速度计,-2.8347,14.9021,-5.6689,,,,,,,
79055217110952,陀螺仪,,,,,,,,0.1244,-0.1128,0.3413
79055234631473,加速度计,0.5064,7.0820,21.0660,,,,,,,
79055244648400,加速度计,-1.8555,10.9840,10.3980,,,,,,,
79055237144181,陀螺仪,,,,,,,,-0.2470,-0.1494,0.4163
79055254665744,加速度计,-2.4403,3.6949,11.9147,,,,,,,
79055257179077,陀螺仪,,,,,,,,0.0238,-0.0696,0.5270
79055264683504,加速度计,3.6440,7.7991,-3.6727,,,,,,,
79055274701681,加速度计,1.1576,8.3815,1.5365,,,,,,,
79055284720275,加速度计,-1.1145,4.9153,6.3686,,,,,,,
79055294739285,加速度计,3.0418,4.2653,10.6386,,,,,,,
79055277215640,陀螺仪,,,,,,,,-0.2234,0.0080,0.4695
79055304758712,加速度计,0.2741,6.1274,7.0372,,,,,,,
79055297253869,陀螺仪,,,,,,,,-0.1642,0.0161,0.4775
79055314778556,加速度计,2.0518,4.0815,10.9571,,,,,,,
79055324798556,加速度计,3.0095,7.2425,3.1173,,,,,,,
79055317293608,陀螺仪,,,,,,,,0.0065,0.1165,0.5342
79055334818556,加速度计,2.3391,13.9672,-0.5794,,,,,,,
79055337333608,陀螺仪,,,,,,,,-0.1453,0.1692,0.4262
79055344838556,加速度计,0.0287,8.2875,13.4117,,,,,,,
79055354858556,加速度计,-2.5792,7.6076,13.4913,,,,,,,
79055357373608,陀螺仪,,,,,,,,-0.0815,0.1053,0.3646
79055364878556,加速度计,0.0664,6.8450,7.8937,,,,,,,
79055374898556,加速度计,1.1929,8.1217,2.2877,,,,,,,
79055377413608,陀螺仪,,,,,,,,-0.1017,0.1045,0.3097
79055384918556,加速度计,-3.1574,5.6114,9.5774,,,,,,,
79055394938035,加速度计,0.7290,6.5003,13.7385,,,,,,,
79055397452306,陀螺仪,,,,,,,,-0.0260,0.0121,0.2250
79055404956942,加速度计,-0.7356,6.0424,10.9918,,,,,,,
79055414975431,加速度计,0.3567,10.2256,2.7473,,,,,,,
79055417491421,陀螺仪,,,,,,,,0.0478,-0.0292,0.1318
79055424997410,加速度计,3.1370,5.5366,3.9253,,,,,,,
79055435020692,加速度计,-1.3862,0.7967,8.3067,,,,,,,
79055445017462,加速度计,1.0361,7.8967,5.6216,,,,,,,
79055437518244,陀螺仪,,,,,,,,0.0708,-0.0551,-0.0003
79055455015587,加速度计,1.6825,9.6265,6.5392,,,,,,,
79055457515483,陀螺仪,,,,,,,,0.0740,-0.0842,0.0253
79055465015640,加速度计,0.2723,7.9092,14.4209,,,,,,,
79055475018296,加速度计,2.7001,7.3179,7.6124,,,,,,,
79055477522410,陀螺仪,,,,,,,,0.2714,-0.1084,0.0182
79055485024129,加速度计,3.5332,9.3332,-5.6336,,,,,,,
79055495033556,加速度计,1.1935,6.4865,1.2869,,,,,,,
79055497543140,陀螺仪,,,,,,,,-0.0606,-0.0886,-0.1639
79055505046733,加速度计,-2.2464,3.6966,1.0726,,,,,,,
79055515063660,加速度计,0.5836,7.0168,22.3984,,,,,,,
79055517578869,陀螺仪,,,,,,,,0.1168,-0.1161,0.0254
79055525084337,加速度计,0.4441,17.6949,0.0192,,,,,,,
79055535108504,加速度计,3.1945,2.4966,4.2096,,,,,,,
79055537628712,陀螺仪,,,,,,,,-0.0558,-0.0690,-0.0708
79055545135744,加速度计,-0.7027,1.3904,6.0759,,,,,,,
79055555165640,加速度计,0.2053,6.6200,15.2588,,,,,,,
79055557689442,陀螺仪,,,,,,,,0.1063,-0.0610,0.0457
79055565197515,加速度计,-0.0078,12.4522,2.9143,,,,,,,
79055575230796,加速度计,3.0071,4.2892,6.7493,,,,,,,
79055577756317,陀螺仪,,,,,,,,0.1158,-0.0141,0.0648
79055585264806,加速度计,1.7585,5.6515,-2.3254,,,,,,,
79055595298973,加速度计,-0.8128,6.0597,4.1019,,,,,,,
79055597819962,陀螺仪,,,,,,,,0.0272,-0.0304,-0.0130
79055605325327,加速度计,-0.3915,10.2645,2.0321,,,,,,,
79055615344910,加速度计,0.9529,7.0713,13.0448,,,,,,,
79055617858712,陀螺仪,,,,,,,,-0.0493,-0.0539,0.0517
79055625363244,加速度计,0.6692,9.3817,7.6519,,,,,,,
79055635381577,加速度计,0.8733,7.7201,8.4731,,,,,,,
79055645399910,加速度计,-0.0784,7.1970,4.5430,,,,,,,
79055637895379,陀螺仪,,,,,,,,0.0001,0.0180,0.0403
79055655418244,加速度计,0.5016,9.0303,4.6813,,,,,,,
79055657932046,陀螺仪,,,,,,,,-0.0766,0.0543,0.0956
79055665436577,加速度计,0.1419,7.0958,13.1184,,,,,,,
79055675456994,加速度计,-0.2460,8.9938,4.5610,,,,,,,
79055677973087,陀螺仪,,,,,,,,-0.0385,0.0510,0.0989
79055685476056,加速度计,-0.0126,8.2289,6.9528,,,,,,,
79055695488140,加速度计,1.1432,5.0212,9.5589,,,,,,,
79055697997462,陀螺仪,,,,,,,,-0.0545,0.0453,0.0707
79055705500535,加速度计,0.0862,6.5751,5.8233,,,,,,,
79055715513348,加速度计,0.5387,8.5826,1.6987,,,,,,,
79055718023504,陀螺仪,,,,,,,,-0.0538,0.0314,-0.0032
79055725526890,加速度计,0.2729,7.0569,6.1740,,,,,,,
79055735541265,加速度计,0.9499,7.7913,3.5775,,,,,,,
79055738052671,陀螺仪,,,,,,,,-0.0923,-0.0150,-0.0498
79055745556473,加速度计,0.4459,7.9523,8.9376,,,,,,,
79055755572827,加速度计,-1.0391,7.8638,7.8769,,,,,,,
79055758086004,陀螺仪,,,,,,,,-0.0971,-0.0446,-0.0603
79055765590431,加速度计,1.8579,6.8929,8.2738,,,,,,,
79055775609285,加速度计,0.9619,6.6224,7.0276,,,,,,,
79055785629077,加速度计,1.1869,7.2508,2.9221,,,,,,,
79055778124129,陀螺仪,,,,,,,,-0.0522,-0.0422,-0.0913
79055795649702,加速度计,-0.0868,5.4468,7.8446,,,,,,,
79055798165796,陀螺仪,,,,,,,,-0.0915,-0.0642,-0.1764
79055805671160,加速度计,-0.2185,6.3063,4.9614,,,,,,,
79055815693452,加速度计,-0.2460,7.3466,5.8855,,,,,,,
79055825716265,加速度计,0.5770,8.6610,8.9268,,,,,,,
79055818210587,陀螺仪,,,,,,,,-0.0550,-0.0973,-0.1748
79055835739494,加速度计,1.0439,9.0237,7.0856,,,,,,,
79055838257046,陀螺仪,,,,,,,,-0.0521,-0.1278,-0.1867
79055845762827,加速度计,1.0361,6.8175,8.6526,,,,,,,
79055855786160,加速度计,0.6351,5.7802,7.3700,,,,,,,
79055858301837,陀螺仪,,,,,,,,0.0115,-0.1422,-0.1963
79055865806681,加速度计,0.3729,7.5495,4.3598,,,,,,,
79055875825640,加速度计,0.4202,5.7311,2.5983,,,,,,,
79055885844077,加速度计,1.2270,7.7602,5.6114,,,,,,,
79055878339546,陀螺仪,,,,,,,,0.0012,-0.1559,-0.1921
79055895862410,加速度计,-2.2134,8.3887,10.8140,,,,,,,
79055905880744,加速度计,0.1879,8.0224,9.4960,,,,,,,
79055898376212,陀螺仪,,,,,,,,0.0021,-0.1782,-0.1947
79055915899077,加速度计,1.2354,8.9866,0.9894,,,,,,,
79055925918035,加速度计,-0.9912,6.4853,2.4726,,,,,,,
79055918413296,陀螺仪,,,,,,,,0.0545,-0.1851,-0.1431
79055941307810,GPS,,,,31.9414,118.7885,3.8100,345.9000,,,
79055935937306,加速度计,-0.9906,6.2477,2.5965,,,,,,,
79055945952723,加速度计,0.5728,8.0613,8.4982,,,,,,,
79055938448921,陀螺仪,,,,,,,,-0.0856,-0.2016,-0.1413
79055955968140,加速度计,-2.1015,9.5966,12.0081,,,,,,,
79055965983556,加速度计,-1.2797,8.2540,14.8069,,,,,,,
79055958479754,陀螺仪,,,,,,,,-0.0529,-0.1933,-0.1055
79055975999285,加速度计,0.3298,7.4663,7.1934,,,,,,,
79055986015431,加速度计,2.0979,6.0424,0.3424,,,,,,,
79055978511421,陀螺仪,,,,,,,,0.0932,-0.2017,0.0441
79055996031994,加速度计,3.4530,4.4311,-7.1311,,,,,,,
79055998544754,陀螺仪,,,,,,,,-0.1332,-0.1533,-0.0366
79056006048973,加速度计,-1.0989,2.8096,3.7864,,,,,,,
79056016066369,加速度计,-2.0267,6.4536,18.0918,,,,,,,
79056018579754,陀螺仪,,,,,,,,-0.1418,-0.1563,-0.0100
79056026084181,加速度计,-2.1177,9.5583,21.0534,,,,,,,
79056036102410,加速度计,1.6568,12.5618,3.6889,,,,,,,
79056038616421,陀螺仪,,,,,,,,0.0700,-0.1767,0.0790
79056046121056,加速度计,2.9102,5.0266,-2.1075,,,,,,,
79056056140119,加速度计,0.1712,3.3465,4.6603,,,,,,,
79056058654754,陀螺仪,,,,,,,,-0.0972,-0.1431,-0.0093
79056066159598,加速度计,-2.3439,4.2048,14.0977,,,,,,,
79056076179494,加速度计,1.2366,12.2631,5.7072,,,,,,,
79056078694754,陀螺仪,,,,,,,,0.0349,-0.1356,0.1257
79056086199806,加速度计,1.9333,10.4094,3.1041,,,,,,,
79056096220535,加速度计,0.7703,3.6577,11.1318,,,,,,,
79056098736212,陀螺仪,,,,,,,,0.0072,-0.1156,0.0787
79056106241369,加速度计,0.4357,6.8444,3.0418,,,,,,,
79056116262202,加速度计,1.4653,10.2220,4.4239,,,,,,,
79056118777879,陀螺仪,,,,,,,,-0.0309,-0.0988,0.1206
79056126283035,加速度计,0.3394,7.9236,5.1050,,,,,,,
79056136303869,加速度计,0.6638,6.5631,10.2813,,,,,,,
79056138819129,陀螺仪,,,,,,,,-0.0285,-0.0537,0.1542
79056146324077,加速度计,-0.7350,10.6548,9.8294,,,,,,,
79056156342827,加速度计,0.2711,7.6148,6.1202,,,,,,,
79056158856629,陀螺仪,,,,,,,,0.0381,-0.0309,0.2501
79056166361160,加速度计,1.9106,7.3556,4.8884,,,,,,,
79056176387046,加速度计,0.7506,6.7834,4.9644,,,,,,,
79056186403348,加速度计,1.2761,6.9097,4.1055,,,,,,,
79056178903712,陀螺仪,,,,,,,,0.0005,0.0084,0.2666
79056196402410,加速度计,1.0211,7.3753,6.2375,,,,,,,
79056206402515,加速度计,-0.5561,9.2075,8.4611,,,,,,,
79056198902462,陀螺仪,,,,,,,,0.0170,0.0393,0.2374
79056216404494,加速度计,0.3226,5.6425,11.0409,,,,,,,
79056226408869,加速度计,2.9509,7.5776,5.5025,,,,,,,
79056218907671,陀螺仪,,,,,,,,0.0907,0.0138,0.3052
79056236416056,加速度计,1.5981,11.6843,-3.5141,,,,,,,
79056246426473,加速度计,-0.4770,5.8125,9.6845,,,,,,,
79056238923712,陀螺仪,,,,,,,,0.0357,0.0274,0.1573
79056256440223,加速度计,0.3633,8.9741,9.0728,,,,,,,
79056258952879,陀螺仪,,,,,,,,0.0605,-0.0434,0.0961
79056266457306,加速度计,0.4256,9.6672,3.5512,,,,,,,
79056276477723,加速度计,4.1150,5.2433,1.1360,,,,,,,
79056286501473,加速度计,0.8811,5.1799,5.3882,,,,,,,
79056278995379,陀螺仪,,,,,,,,-0.0241,-0.0710,0.0043
79056296528244,加速度计,-0.7715,5.6425,12.0273,,,,,,,
79056306557306,加速度计,3.0754,8.7789,7.6764,,,,,,,
79056316588140,加速度计,2.5953,8.7795,3.6093,,,,,,,
79056299049962,陀螺仪,,,,,,,,0.0012,-0.1095,-0.0485
79056319112254,陀螺仪,,,,,,,,0.0249,-0.1382,-0.1063
79056326620327,加速度计,0.8332,6.1136,10.5309,,,,,,,
79056336653140,加速度计,1.8645,6.9743,5.5306,,,,,,,
79056346686056,加速度计,2.5917,8.9274,2.2936,,,,,,,
79056339177879,陀螺仪,,,,,,,,0.0846,-0.1606,-0.1738
79056356711473,加速度计,0.7763,7.8308,1.0804,,,,,,,
79056359226421,陀螺仪,,,,,,,,-0.1141,-0.1570,-0.1891
79056366730952,加速度计,0.8667,5.2714,12.1769,,,,,,,
79056376749285,加速度计,-0.4579,8.3510,14.0743,,,,,,,
79056379263087,陀螺仪,,,,,,,,0.0015,-0.1625,-0.1079
79056386767619,加速度计,1.8010,9.8940,13.3489,,,,,,,
79056396785952,加速度计,0.2963,5.7610,5.7180,,,,,,,
79056399299754,陀螺仪,,,,,,,,0.1637,-0.1113,-0.0461
79056406804285,加速度计,1.8812,6.5541,0.2274,,,,,,,
79056416822619,加速度计,-1.8106,7.5160,-1.2252,,,,,,,
79056419338296,陀螺仪,,,,,,,,-0.0479,-0.1272,-0.0362
79056426845796,加速度计,-1.9028,9.6169,6.8666,,,,,,,
79056436861473,加速度计,0.1191,6.3871,15.5940,,,,,,,
79056439369962,陀螺仪,,,,,,,,-0.0695,-0.1575,0.0862
79056446872723,加速度计,-0.1658,9.7983,7.2215,,,,,,,
79056456884337,加速度计,-1.5927,5.2924,10.5506,,,,,,,
79056459393660,陀螺仪,,,,,,,,0.0289,-0.0788,0.2057
79056466896733,加速度计,0.6961,7.0390,3.4674,,,,,,,
79056476909962,加速度计,1.6783,8.7484,-2.1446,,,,,,,
79056486924025,加速度计,1.8794,5.7622,-7.8159,,,,,,,
79056479420535,陀螺仪,,,,,,,,-0.0091,-0.0419,0.2535
79056496939285,加速度计,-1.1139,2.6366,6.1016,,,,,,,
79056506955796,加速度计,-3.2579,4.0570,17.0731,,,,,,,
79056499451681,陀螺仪,,,,,,,,-0.3933,0.0111,0.2151
79056516973556,加速度计,-0.3023,10.7482,15.4354,,,,,,,
79056519487827,陀螺仪,,,,,,,,-0.0542,0.0955,0.4831
79056526992567,加速度计,-1.4760,10.8643,9.0597,,,,,,,
79056537012827,加速度计,1.6957,5.3534,3.3656,,,,,,,
79056539528712,陀螺仪,,,,,,,,-0.0471,0.1852,0.6021
79056547033973,加速度计,2.2039,1.5580,4.0522,,,,,,,
79056557055952,加速度计,0.1131,6.4212,5.4217,,,,,,,
79056567078765,加速度计,-0.6955,9.5600,8.9771,,,,,,,
79056559573087,陀螺仪,,,,,,,,-0.0407,0.2228,0.5634
79056577102046,加速度计,1.4814,7.7536,11.6867,,,,,,,
79056579619858,陀螺仪,,,,,,,,0.0008,0.2294,0.5951
79056587125744,加速度计,1.3036,7.9523,6.5643,,,,,,,
79056597149494,加速度计,0.1562,6.8259,7.1287,,,,,,,
79056599667358,陀螺仪,,,,,,,,0.0394,0.2389,0.4919
79056607173244,加速度计,-1.1684,6.9863,7.7057,,,,,,,
79056617192983,加速度计,2.0452,7.7524,8.3570,,,,,,,
79056619706890,陀螺仪,,,,,,,,0.1197,0.2021,0.5008
79056627211421,加速度计,1.8824,7.6986,1.6735,,,,,,,
79056637229754,加速度计,0.0910,8.2384,3.2531,,,,,,,
79056639743556,陀螺仪,,,,,,,,-0.0154,0.1844,0.3419
79056647248087,加速度计,1.9381,8.3486,9.0034,,,,,,,
79056657266421,加速度计,1.4982,9.8324,6.9629,,,,,,,
79056659780223,陀螺仪,,,,,,,,-0.0032,0.1266,0.2117
79056667284754,加速度计,-0.7135,7.8608,2.9395,,,,,,,
79056677304390,加速度计,1.5125,6.2100,4.6226,,,,,,,
79056679818348,陀螺仪,,,,,,,,-0.0953,0.1027,0.1796
79056687322462,加速度计,2.7461,4.6567,6.5146,,,,,,,
79056697339129,加速度计,-1.7370,8.7706,11.0391,,,,,,,
79056699851681,陀螺仪,,,,,,,,-0.0104,0.1053,0.1446
79056707355796,加速度计,0.8493,8.8867,7.0276,,,,,,,
79056717372462,加速度计,3.2998,8.4521,6.2968,,,,,,,
79056719885015,陀螺仪,,,,,,,,-0.0161,0.0933,0.1581
79056727389129,加速度计,-0.0868,7.2323,-0.5022,,,,,,,
79056737405796,加速度计,1.0678,5.6234,11.9519,,,,,,,
79056739918608,陀螺仪,,,,,,,,-0.0718,0.0819,0.0915
79056747422827,加速度计,-1.1588,7.8434,13.3614,,,,,,,
79056757440275,加速度计,0.5435,8.9902,4.5298,,,,,,,
79056767458140,加速度计,3.5787,5.1888,2.6163,,,,,,,
79056759953712,陀螺仪,,,,,,,,0.0920,0.0955,0.2107
79056777476421,加速度计,0.2801,4.7082,6.8127,,,,,,,
79056787495119,加速度计,-0.0467,7.9482,6.2124,,,,,,,
79056779990483,陀螺仪,,,,,,,,0.0591,0.1399,0.1555
79056797514233,加速度计,2.3493,7.9577,6.0232,,,,,,,
79056800028921,陀螺仪,,,,,,,,0.0928,0.1747,0.2414
79056807533765,加速度计,0.8930,7.3729,4.4317,,,,,,,
79056817553348,加速度计,0.5183,6.2716,5.5797,,,,,,,
79056820068087,陀螺仪,,,,,,,,0.0489,0.2613,0.3059
79056827572931,加速度计,1.9860,7.3861,6.4201,,,,,,,
79056837592515,加速度计,-1.3180,8.4731,3.5674,,,,,,,
79056847612098,加速度计,0.3968,8.8244,7.0282,,,,,,,
79056840107254,陀螺仪,,,,,,,,0.0169,0.3220,0.3887
79056857631681,加速度计,1.5473,6.6661,7.6692,,,,,,,
79056860146421,陀螺仪,,,,,,,,-0.0407,0.3728,0.4290
79056867651265,加速度计,0.2867,8.0325,6.9875,,,,,,,
79056877670848,加速度计,-2.5109,7.9164,11.1989,,,,,,,
79056880185587,陀螺仪,,,,,,,,-0.0369,0.3752,0.3851
79056887690431,加速度计,-1.0415,6.0310,11.3018,,,,,,,
79056897710015,加速度计,1.8070,7.2951,7.5794,,,,,,,
79056907728869,加速度计,-0.0479,9.5170,2.6175,,,,,,,
79056900224233,陀螺仪,,,,,,,,0.1020,0.3186,0.3313
79056917747254,加速度计,1.0307,5.9885,9.9790,,,,,,,
79056920264442,陀螺仪,,,,,,,,0.0810,0.2378,0.1389
79056927779181,加速度计,2.4457,8.8089,5.8814,,,,,,,
79056942590518,GPS,,,,31.9414,118.7885,3.6400,348.3000,,,
79056937786994,加速度计,0.5543,7.8865,7.7033,,,,,,,
79056940285744,陀螺仪,,,,,,,,0.0751,0.1619,0.0071
79056947785275,加速度计,-0.5189,7.4597,11.3898,,,,,,,
79056957784702,加速度计,2.7599,6.1914,5.2870,,,,,,,
79056967786108,加速度计,5.8203,8.0278,-6.4123,,,,,,,
79056960285744,陀螺仪,,,,,,,,0.2499,0.1260,0.0085
79056977789962,加速度计,3.0933,6.2183,-3.1196,,,,,,,
79056980295223,陀螺仪,,,,,,,,-0.1402,0.1289,-0.2573
79056987797046,加速度计,-4.9327,6.7570,16.2596,,,,,,,
79056997807462,加速度计,-1.0965,8.4216,18.6389,,,,,,,
79057000317983,陀螺仪,,,,,,,,0.0916,0.0337,-0.1087
79057007821577,加速度计,1.4898,10.3406,4.2653,,,,,,,
79057017839442,加速度计,3.4459,7.2353,-1.6071,,,,,,,
79057020355327,陀螺仪,,,,,,,,0.0000,0.0300,-0.1888
79057027860692,加速度计,-0.8493,1.8346,5.7712,,,,,,,
79057037885275,加速度计,-0.7925,6.2638,9.2279,,,,,,,
79057040405900,陀螺仪,,,,,,,,0.0132,-0.0228,-0.2435
79057047912827,加速度计,-0.0557,11.1540,8.1068,,,,,,,
79057057942931,加速度计,0.0569,6.6266,9.5241,,,,,,,
79057060466837,陀螺仪,,,,,,,,0.0172,-0.0667,-0.1909
79057067974806,加速度计,1.8040,4.2300,7.7015,,,,,,,
79057078007983,加速度计,1.3641,5.4271,5.2122,,,,,,,
79057080533296,陀螺仪,,,,,,,,0.0835,-0.0570,-0.2252
79057088041681,加速度计,1.0828,8.5228,5.9328,,,,,,,
79057098075431,加速度计,-0.6554,7.7099,12.5073,,,,,,,
79057100592723,陀螺仪,,,,,,,,0.1329,-0.0381,-0.1581
79057108097879,加速度计,1.3384,7.2885,7.0150,,,,,,,
79057118116890,加速度计,3.5518,8.3097,4.1408,,,,,,,
79057120630744,陀螺仪,,,,,,,,0.1376,-0.0258,-0.0866
79057128135275,加速度计,0.4112,6.3626,5.8017,,,,,,,
79057138153608,加速度计,1.7232,6.8540,4.4317,,,,,,,
79057148171942,加速度计,3.1597,10.3202,1.8447,,,,,,,
79057140667410,陀螺仪,,,,,,,,0.1101,0.0329,-0.0687
79057158190275,加速度计,-0.2352,7.3951,4.5520,,,,,,,
79057168208608,加速度计,-0.0509,6.7612,7.0078,,,,,,,
79057160704077,陀螺仪,,,,,,,,-0.0409,0.0810,-0.0470
79057178234494,加速度计,1.6987,7.0713,7.8302,,,,,,,
79057180743296,陀螺仪,,,,,,,,-0.0053,0.1240,0.0827
79057188246160,加速度计,1.8016,7.2634,2.9305,,,,,,,
79057198257827,加速度计,0.4034,8.3426,3.8343,,,,,,,
79057208269910,加速度计,-1.3042,6.1489,12.9963,,,,,,,
79057200766942,陀螺仪,,,,,,,,-0.0629,0.1563,0.0752
79057218282410,加速度计,2.3978,8.6485,11.5975,,,,,,,
79057228295744,加速度计,1.2294,9.7671,5.3103,,,,,,,
79057220792462,陀螺仪,,,,,,,,0.0507,0.1598,0.1486
79057238309910,加速度计,0.4968,7.4430,1.9184,,,,,,,
79057248325327,加速度计,0.3789,5.5420,5.4025,,,,,,,
79057240821525,陀螺仪,,,,,,,,0.0242,0.1780,0.0727
79057258341994,加速度计,1.2288,7.4753,7.5603,,,,,,,
79057268359910,加速度计,0.8954,6.3764,9.7659,,,,,,,
79057260855483,陀螺仪,,,,,,,,-0.0333,0.1403,0.0545
79057278379077,加速度计,0.0096,7.8542,6.7624,,,,,,,
79057288399494,加速度计,1.3850,5.9011,9.9724,,,,,,,
79057280894442,陀螺仪,,,,,,,,0.0443,0.1658,0.0583
79057298420744,加速度计,1.9758,8.1175,6.6272,,,,,,,
79057308442827,加速度计,2.3978,7.6172,0.4202,,,,,,,
79057300937358,陀螺仪,,,,,,,,0.1278,0.1509,0.0565
79057318465744,加速度计,1.9052,7.3873,-1.3366,,,,,,,
79057320983296,陀螺仪,,,,,,,,-0.0386,0.1549,-0.0925
79057328489077,加速度计,0.3627,5.5234,3.4638,,,,,,,
79057338512827,加速度计,-0.7997,6.1112,14.0163,,,,,,,
79057341030692,陀螺仪,,,,,,,,-0.0811,0.1158,-0.0751
79057348536577,加速度计,-0.4663,11.2079,10.9062,,,,,,,
79057358560327,加速度计,2.3104,9.1476,7.5549,,,,,,,
79057361074129,陀螺仪,,,,,,,,0.0201,0.1330,-0.0200
79057368578660,加速度计,3.4099,6.7786,3.1789,,,,,,,
79057378596994,加速度计,0.8296,5.0739,-0.9487,,,,,,,
79057388615327,加速度计,1.3533,6.2566,3.2687,,,,,,,
79057381110796,陀螺仪,,,,,,,,-0.0916,0.1337,-0.1397
79057398633660,加速度计,-1.8878,8.4282,15.3157,,,,,,,
79057401147462,陀螺仪,,,,,,,,-0.1131,0.0671,-0.1272
79057408651994,加速度计,1.7310,6.9977,12.1631,,,,,,,
79057418670327,加速度计,3.7571,7.9236,0.9260,,,,,,,
79057421185067,陀螺仪,,,,,,,,-0.0264,0.0904,-0.1590
79057428692931,加速度计,-0.6476,4.8094,4.2341,,,,,,,
79057438707931,加速度计,-1.5191,2.9814,13.2537,,,,,,,
79057441219233,陀螺仪,,,,,,,,0.0150,0.0603,-0.1133
79057448722931,加速度计,2.6893,7.4555,3.6344,,,,,,,
79057458737931,加速度计,4.1653,9.8964,-7.7973,,,,,,,
79057468753348,加速度计,1.6406,-0.7141,6.9402,,,,,,,
79057461249546,陀螺仪,,,,,,,,-0.1305,0.0294,-0.2346
79057478769181,加速度计,-3.6158,5.7305,25.2726,,,,,,,
79057481281421,陀螺仪,,,,,,,,-0.0241,0.0330,-0.2143
79057488785431,加速度计,-0.7572,17.3442,7.9715,,,,,,,
79057498802098,加速度计,4.0025,10.5866,9.0501,,,,,,,
79057508819181,加速度计,0.5201,1.8878,8.6281,,,,,,,
79057501314962,陀螺仪,,,,,,,,-0.0644,0.0128,-0.1606
79057518836681,加速度计,-0.8003,0.8368,2.8760,,,,,,,
79057521350171,陀螺仪,,,,,,,,0.0470,0.1137,-0.1402
79057528854598,加速度计,1.8268,9.9090,11.2773,,,,,,,
79057538872931,加速度计,-1.0971,10.7332,12.0943,,,,,,,
79057541387046,陀螺仪,,,,,,,,0.0996,0.0399,-0.1123
79057548891681,加速度计,2.8503,6.7056,5.5210,,,,,,,
79057558910848,加速度计,3.2226,6.6337,-1.9154,,,,,,,
79057561425587,陀螺仪,,,,,,,,0.0370,-0.0182,-0.2971
79057568930431,加速度计,0.1640,5.8377,0.1832,,,,,,,
79057578950431,加速度计,0.3609,4.6465,9.6642,,,,,,,
79057588970848,加速度计,-1.8896,9.4607,13.6266,,,,,,,
79057581465796,陀螺仪,,,,,,,,-0.0626,-0.0932,-0.3925
79057598991681,加速度计,-0.0766,8.3749,10.1819,,,,,,,
79057609012515,加速度计,2.6222,8.3971,2.9574,,,,,,,
79057601507358,陀螺仪,,,,,,,,0.1302,-0.1007,-0.2883
79057619033348,加速度计,1.6568,7.4238,0.4962,,,,,,,
79057629054181,加速度计,2.1751,7.5681,3.6512,,,,,,,
79057621549025,陀螺仪,,,,,,,,0.0321,-0.0501,-0.2702
79057639075015,加速度计,-1.3635,5.7970,9.6259,,,,,,,
79057641590692,陀螺仪,,,,,,,,0.0230,-0.0466,-0.2260
79057649095848,加速度计,-0.0365,7.7722,4.7675,,,,,,,
79057659114598,加速度计,3.1268,5.6898,-0.5082,,,,,,,
79057669132931,加速度计,0.3921,6.4212,-3.0556,,,,,,,
79057661628400,陀螺仪,,,,,,,,0.0142,0.0031,-0.1248
79057679173556,加速度计,0.0126,7.6579,0.2472,,,,,,,
79057689169806,加速度计,-2.1781,5.1643,16.4129,,,,,,,
79057681670796,陀螺仪,,,,,,,,-0.2228,0.0196,-0.1241
79057699166890,加速度计,-1.8878,10.0640,21.2438,,,,,,,
79057701666004,陀螺仪,,,,,,,,0.0730,0.0391,0.0907
79057709165640,加速度计,0.3944,10.9780,10.8565,,,,,,,
79057719166473,加速度计,1.5574,7.6184,3.8289,,,,,,,
79057729170223,加速度计,-0.8158,4.0642,5.1595,,,,,,,
79057721669337,陀螺仪,,,,,,,,0.1843,0.1425,0.1977
79057739177306,加速度计,-0.8888,7.1850,9.5948,,,,,,,
79057741685483,陀螺仪,,,,,,,,0.1999,0.1185,0.1878
79057749188140,加速度计,0.2753,12.4660,10.6925,,,,,,,
79057759202723,加速度计,0.1496,11.3641,4.7663,,,,,,,
79057761716525,陀螺仪,,,,,,,,0.2394,0.0647,0.1201
79057769221056,加速度计,1.1390,10.5991,0.3059,,,,,,,
79057779243140,加速度计,0.4280,3.9391,6.6152,,,,,,,
79057781762254,陀螺仪,,,,,,,,0.0433,0.0487,0.0024
79057789268556,加速度计,-0.2460,9.0758,-0.2682,,,,,,,
79057799296890,加速度计,0.5333,9.1500,9.6247,,,,,,,
79057801820067,陀螺仪,,,,,,,,-0.0726,0.0241,-0.0186
79057809327723,加速度计,-0.1742,8.1289,8.8508,,,,,,,
79057819360223,加速度计,1.7585,6.8229,8.4880,,,,,,,
79057829393973,加速度计,-0.0994,5.4821,4.6986,,,,,,,
79057821885587,陀螺仪,,,,,,,,-0.0101,0.0380,-0.0636
79057839428140,加速度计,1.1690,5.6090,3.5733,,,,,,,
79057841953817,陀螺仪,,,,,,,,-0.0056,0.0342,-0.0702
79057849462306,加速度计,0.9158,7.3897,3.1909,,,,,,,
79057859483973,加速度计,0.5854,7.2933,8.6012,,,,,,,
79057861997775,陀螺仪,,,,,,,,-0.0434,-0.0037,-0.1362
79057869502306,加速度计,2.4714,8.1403,6.8283,,,,,,,
79057879520640,加速度计,0.4525,7.9140,5.6084,,,,,,,
79057882034442,陀螺仪,,,,,,,,-0.0108,0.0057,-0.1843
79057889538973,加速度计,1.3785,6.6164,6.4787,,,,,,,
79057899557306,加速度计,-0.2747,7.1299,9.5786,,,,,,,
79057902071108,陀螺仪,,,,,,,,-0.0178,0.0039,-0.1667
79057909575640,加速度计,-2.4618,6.0226,14.4652,,,,,,,
79057919593973,加速度计,-0.5130,7.2874,8.5347,,,,,,,
79057922112150,陀螺仪,,,,,,,,0.2418,-0.0272,-0.0298
79057929624962,加速度计,1.5892,4.8159,-0.2951,,,,,,,
79057944376091,GPS,,,,31.9415,118.7885,3.0900,348.5000,,,
79057939633921,加速度计,3.0053,4.5915,3.9522,,,,,,,
79057942134546,陀螺仪,,,,,,,,0.1770,-0.0353,-0.1602
79057949634702,加速度计,-1.1821,3.9516,-4.0091,,,,,,,
79057959636629,加速度计,1.9938,11.8501,20.0951,,,,,,,
79057962139285,陀螺仪,,,,,,,,0.2075,-0.1033,-0.2147
79057969640171,加速度计,0.4962,18.5245,-8.4438,,,,,,,
79057979646108,加速度计,2.2422,8.0565,11.9525,,,,,,,
79057982152671,陀螺仪,,,,,,,,-0.1146,-0.1290,-0.3304
79057989654910,加速度计,-1.6514,0.8583,10.9247,,,,,,,
79057999666629,加速度计,-3.5452,7.6830,10.5584,,,,,,,
79058009681629,加速度计,2.4792,10.5123,0.0862,,,,,,,
79058002177827,陀螺仪,,,,,,,,0.1180,-0.0846,-0.1530
79058019699598,加速度计,1.8537,6.7343,8.5030,,,,,,,
79058029720483,加速度计,-0.2436,3.1190,12.1607,,,,,,,
79058022215223,陀螺仪,,,,,,,,-0.1131,-0.0587,-0.1087
79058039744285,加速度计,1.0355,8.7287,7.4759,,,,,,,
79058049770640,加速度计,1.3443,7.9033,5.6389,,,,,,,
79058042264025,陀螺仪,,,,,,,,-0.0041,-0.0453,-0.1123
79058059799129,加速度计,0.1604,6.1040,8.0948,,,,,,,
79058062321785,陀螺仪,,,,,,,,-0.0197,-0.0712,-0.1911
79058069829337,加速度计,-1.6388,7.0048,6.8576,,,,,,,
79058079860483,加速度计,0.8194,8.7382,8.1427,,,,,,,
79058089892098,加速度计,-0.5638,8.3474,7.1072,,,,,,,
79058082384233,陀螺仪,,,,,,,,0.0052,-0.1499,-0.2100
79058099923765,加速度计,-0.2119,6.4548,3.8720,,,,,,,
79058102440535,陀螺仪,,,,,,,,0.0129,-0.1951,-0.2221
79058109945587,加速度计,1.4479,5.1864,3.1256,,,,,,,
79058119964181,加速度计,0.6446,6.5631,3.0388,,,,,,,
79058122477983,陀螺仪,,,,,,,,-0.0679,-0.2177,-0.2711
79058129982515,加速度计,-0.1879,5.5486,8.7424,,,,,,,
79058140000848,加速度计,-1.2899,8.3815,8.5784,,,,,,,
79058142514650,陀螺仪,,,,,,,,0.0242,-0.2047,-0.1892
79058150019181,加速度计,0.9936,7.7099,8.0116,,,,,,,
79058160037515,加速度计,1.7178,7.6112,4.7716,,,,,,,
79058162551317,陀螺仪,,,,,,,,0.0383,-0.1822,-0.1245
79058170055848,加速度计,0.4872,7.6884,4.2120,,,,,,,
79058180077671,加速度计,1.5850,8.2947,4.5633,,,,,,,
79058182589598,陀螺仪,,,,,,,,-0.0221,-0.2067,-0.1807
79058190093504,加速度计,1.5538,6.7708,6.7804,,,,,,,
79058200109337,加速度计,1.2707,8.0337,5.1906,,,,,,,
79058202621265,陀螺仪,,,,,,,,-0.0399,-0.2072,-0.2089
79058210125171,加速度计,1.6442,6.4260,7.1970,,,,,,,
79058220141056,加速度计,0.4064,6.2225,4.4059,,,,,,,
79058222653296,陀螺仪,,,,,,,,-0.0051,-0.2031,-0.2337
79058230157358,加速度计,1.7585,6.2303,8.1235,,,,,,,
79058242686942,陀螺仪,,,,,,,,0.0373,-0.2317,-0.2502
79058240174077,加速度计,2.3302,7.5585,10.8846,,,,,,,
79058250191212,加速度计,0.6835,10.5171,7.2856,,,,,,,
79058260208765,加速度计,2.8922,10.7589,4.1563,,,,,,,
79058262722254,陀螺仪,,,,,,,,0.0108,-0.2676,-0.3406
79058270226733,加速度计,2.1464,8.3995,6.8319,,,,,,,
79058280245119,加速度计,0.2430,5.9658,1.5616,,,,,,,
79058282759233,陀螺仪,,,,,,,,-0.0434,-0.2722,-0.3599
79058290263921,加速度计,3.2160,8.4497,7.1593,,,,,,,
79058300283140,加速度计,-0.9864,6.3776,5.9496,,,,,,,
79058302797879,陀螺仪,,,,,,,,-0.1345,-0.2763,-0.3124
79058310302775,加速度计,-0.9020,5.1882,14.0318,,,,,,,
79058320322775,加速度计,1.8992,10.2167,5.8167,,,,,,,
79058322837827,陀螺仪,,,,,,,,-0.0213,-0.2458,-0.1007
79058330342775,加速度计,4.3616,7.5214,8.0254,,,,,,,
79058340362775,加速度计,-0.6285,5.5863,3.2417,,,,,,,
79058350382775,加速度计,-0.2640,8.7574,2.8677,,,,,,,
79058342877827,陀螺仪,,,,,,,,0.0084,-0.1790,-0.1860
79058362917827,陀螺仪,,,,,,,,-0.0928,-0.2048,-0.1109
79058360402775,加速度计,1.4012,8.4336,10.5004,,,,,,,
79058370422775,加速度计,-2.2703,5.2577,5.7724,,,,,,,
79058382957827,陀螺仪,,,,,,,,-0.0133,-0.1635,0.0470
79058380442775,加速度计,-1.7962,7.1982,7.0030,,,,,,,
79058390462671,加速度计,-0.8086,6.5260,13.0741,,,,,,,
79058402995535,陀螺仪,,,,,,,,0.0541,-0.1244,0.2109
79058400481733,加速度计,1.4736,9.1901,2.7797,,,,,,,
79058410500067,加速度计,0.5818,6.9833,-1.7472,,,,,,,
79058420519233,加速度计,1.1396,3.7284,2.4517,,,,,,,
79058423049181,陀螺仪,,,,,,,,-0.2044,-0.0913,0.1260
79058430560327,加速度计,-3.1484,3.9079,16.0429,,,,,,,
79058443046525,陀螺仪,,,,,,,,0.0553,-0.0719,0.3027
79058440552098,加速度计,-2.1572,13.3118,6.2991,,,,,,,
79058450544858,加速度计,3.9139,10.2514,2.4535,,,,,,,
79058460539806,加速度计,-1.5520,1.0846,13.6272,,,,,,,
79058463037983,陀螺仪,,,,,,,,-0.0762,0.0338,0.3178
79058470537723,加速度计,-2.8012,1.8094,10.0562,,,,,,,
79058480539077,加速度计,0.2119,10.5548,2.9131,,,,,,,
79058483042879,陀螺仪,,,,,,,,0.0905,0.0870,0.4887
79058490544650,加速度计,3.1418,9.1028,8.6610,,,,,,,
79058500554806,加速度计,-0.1179,6.9587,6.4404,,,,,,,
79058503065483,陀螺仪,,,,,,,,0.0293,0.1309,0.4172
79058510569546,加速度计,-0.5668,5.9328,6.2854,,,,,,,
79058523106421,陀螺仪,,,,,,,,0.0129,0.1334,0.4164
79058520588869,加速度计,2.7372,7.7470,6.5996,,,,,,,
79058530612723,加速度计,1.5269,7.1012,8.6670,,,,,,,
79058540640640,加速度计,-0.4094,8.1762,9.4481,,,,,,,
79058543163817,陀螺仪,,,,,,,,0.0324,0.1573,0.3357
79058550671837,加速度计,-0.0988,9.2111,0.7153,,,,,,,
79058560705848,加速度计,1.3767,6.1776,-0.3508,,,,,,,
79058563232775,陀螺仪,,,,,,,,-0.1228,0.0554,0.1898
79058570741837,加速度计,1.3791,4.6035,2.9131,,,,,,,
79058580778973,加速度计,1.1241,6.3853,2.8623,,,,,,,
79058583307150,陀螺仪,,,,,,,,-0.2396,-0.0032,0.0248
79058590816421,加速度计,-1.1869,6.2130,10.0682,,,,,,,
79058600851160,加速度计,-0.2676,8.4019,7.9613,,,,,,,
79058603364962,陀螺仪,,,,,,,,-0.1859,-0.0543,0.0655
79058610869494,加速度计,-1.3779,8.5054,18.2007,,,,,,,
79058620887827,加速度计,-0.6716,6.8372,15.2804,,,,,,,
79058623401629,陀螺仪,,,,,,,,0.0937,-0.0071,0.1977
79058630906160,加速度计,1.6442,9.1213,8.8514,,,,,,,
79058640924494,加速度计,2.5193,6.5410,-5.6910,,,,,,,
79058643438296,陀螺仪,,,,,,,,0.0597,0.0298,0.1819
79058650942827,加速度计,3.8978,3.8457,4.4496,,,,,,,
79058663474962,陀螺仪,,,,,,,,-0.0304,-0.0083,-0.0168
79058660961160,加速度计,0.2526,8.8310,3.8223,,,,,,,
79058670980015,加速度计,0.9152,10.1634,7.0096,,,,,,,
79058681004910,加速度计,-1.2797,7.0419,9.3865,,,,,,,
79058683512775,陀螺仪,,,,,,,,-0.0374,-0.0965,-0.0047
79058691015327,加速度计,0.0820,5.2870,11.4209,,,,,,,
79058701025848,加速度计,1.0373,7.1850,7.2730,,,,,,,
79058703534025,陀螺仪,,,,,,,,0.1459,-0.0687,0.0278
79058711036890,加速度计,-0.0970,8.5772,0.4758,,,,,,,
79058721048765,加速度计,3.4135,7.8254,0.1562,,,,,,,
79058723558192,陀螺仪,,,,,,,,-0.0158,-0.1001,-0.0334
79058731061577,加速度计,0.4118,7.9703,6.0873,,,,,,,
79058741075640,加速度计,0.2358,9.4499,6.4949,,,,,,,
79058743586942,陀螺仪,,,,,,,,-0.0992,-0.1173,-0.0927
79058751090952,加速度计,-0.7643,8.3659,14.7800,,,,,,,
79058763620692,陀螺仪,,,,,,,,0.0389,-0.0567,0.1032
79058761107515,加速度计,-0.1712,8.6550,8.4479,,,,,,,
79058771125327,加速度计,0.3909,7.0551,6.0639,,,,,,,
79058781144390,加速度计,1.3647,7.3873,2.0351,,,,,,,
79058783659442,陀螺仪,,,,,,,,-0.0069,-0.0146,0.1084
79058791164702,加速度计,1.6993,7.9122,5.1032,,,,,,,
79058801186265,加速度计,-0.2119,7.9523,7.6638,,,,,,,
79058803703192,陀螺仪,,,,,,,,-0.0815,0.0035,0.1005
79058811208973,加速度计,-1.4994,8.6921,10.9026,,,,,,,
79058823750692,陀螺仪,,,,,,,,0.0483,0.0443,0.3045
79058821232515,加速度计,-1.3976,5.7461,10.6111,,,,,,,
79058831256785,加速度计,0.5004,5.1445,5.8203,,,,,,,
79058841281369,加速度计,2.3637,6.3009,-1.8495,,,,,,,
79058843799858,陀螺仪,,,,,,,,0.0719,0.1370,0.3539
79058851305952,加速度计,-0.0892,6.1298,9.0788,,,,,,,
79058861329598,加速度计,-3.6488,7.4418,16.8630,,,,,,,
79058863845275,陀螺仪,,,,,,,,0.1909,0.1868,0.4852
79058871349806,加速度计,-0.6937,12.0536,8.5665,,,,,,,
79058881368140,加速度计,4.4484,13.4524,-5.1607,,,,,,,
79058883881942,陀螺仪,,,,,,,,0.2246,0.1802,0.5181
79058891386473,加速度计,4.1049,6.9635,-9.3146,,,,,,,
79058901404806,加速度计,-2.2428,0.9439,6.2363,,,,,,,
79058903918608,陀螺仪,,,,,,,,-0.3993,0.1991,0.1943
79058911423140,加速度计,-3.7403,3.7529,21.6819,,,,,,,
79058921441890,加速度计,-1.0702,12.5265,6.3913,,,,,,,
79058923959806,陀螺仪,,,,,,,,0.0360,0.0980,0.2878
79058931473504,加速度计,-0.4064,7.5058,4.3706,,,,,,,
79058944473434,GPS,,,,31.9415,118.7885,3.8200,352.5000,,,
79058941478921,加速度计,-0.5932,-1.1648,7.8338,,,,,,,
79058943983348,陀螺仪,,,,,,,,0.0606,0.0768,0.1808
79058951484754,加速度计,0.1191,7.1150,5.7102,,,,,,,
79058961491421,加速度计,1.9644,14.4891,8.5706,,,,,,,
79058963997410,陀螺仪,,,,,,,,0.0076,0.0176,0.1113
79058971499337,加速度计,1.1325,8.6874,8.1145,,,,,,,
79058981508921,加速度计,-0.8134,3.2070,7.3861,,,,,,,
79058984017723,陀螺仪,,,,,,,,0.0672,-0.0001,0.0775
79058991520587,加速度计,0.6375,5.3690,2.4415,,,,,,,
79059001534337,加速度计,2.5989,6.8785,0.4304,,,,,,,
79059004046265,陀螺仪,,,,,,,,-0.0477,-0.0284,0.0409
79059011550171,加速度计,0.9613,8.6449,13.3537,,,,,,,
79059021568087,加速度计,-0.9583,10.3705,14.5202,,,,,,,
79059031588087,加速度计,0.8440,9.7372,5.3079,,,,,,,
79059024083140,陀螺仪,,,,,,,,0.0490,-0.0318,0.0252
79059041610171,加速度计,1.3396,6.2674,2.7563,,,,,,,
79059051633921,加速度计,-0.0742,4.6843,2.7378,,,,,,,
79059044128035,陀螺仪,,,,,,,,0.0012,-0.0154,0.0606
79059061659337,加速度计,1.6933,6.5942,10.9517,,,,,,,
79059071686004,加速度计,0.4836,9.8090,9.8647,,,,,,,
79059064179390,陀螺仪,,,,,,,,-0.0312,0.0284,0.1085
79059081713504,加速度计,-0.0269,8.5054,6.0118,,,,,,,
79059091741421,加速度计,1.9549,5.1631,5.6533,,,,,,,
79059084234494,陀螺仪,,,,,,,,0.0277,0.0647,0.1916
79059101769337,加速度计,-0.0233,5.2493,4.0899,,,,,,,
79059111793087,加速度计,1.0654,10.5686,5.3139,,,,,,,
79059104287202,陀螺仪,,,,,,,,0.0393,0.1141,0.1977
79059121811421,加速度计,2.1332,7.5818,8.7400,,,,,,,
79059131829754,加速度计,2.4505,8.7071,3.3812,,,,,,,
79059124325223,陀螺仪,,,,,,,,-0.0084,0.1414,0.2618
79059141848087,加速度计,-1.0283,5.6407,6.6685,,,,,,,
79059151866421,加速度计,1.2444,6.4284,5.4851,,,,,,,
79059144361890,陀螺仪,,,,,,,,-0.0308,0.1832,0.2414
79059161884754,加速度计,1.3832,7.2299,3.8732,,,,,,,
79059171903087,加速度计,0.2089,8.6455,6.2441,,,,,,,
79059164398556,陀螺仪,,,,,,,,-0.0337,0.1856,0.2422
79059181939806,加速度计,0.3603,4.6208,11.6250,,,,,,,
79059184436421,陀螺仪,,,,,,,,0.0150,0.1519,0.1790
79059191935431,加速度计,1.6951,7.5226,4.6011,,,,,,,
79059201932098,加速度计,0.8535,7.2921,8.7490,,,,,,,
79059204430587,陀螺仪,,,,,,,,0.0743,0.1238,0.1216
79059211930640,加速度计,1.3114,8.9591,4.5179,,,,,,,
79059221931785,加速度计,2.8216,9.1105,3.8259,,,,,,,
79059224434337,陀螺仪,,,,,,,,0.0426,0.0824,-0.0027
79059231935952,加速度计,2.3930,8.7789,1.6466,,,,,,,
79059241943556,加速度计,1.3300,4.4700,8.2582,,,,,,,
79059244451421,陀螺仪,,,,,,,,-0.0680,0.0644,-0.1178
79059251954910,加速度计,0.3406,8.2851,9.9808,,,,,,,
79059261970119,加速度计,0.9278,6.2531,13.7804,,,,,,,
79059264483921,陀螺仪,,,,,,,,0.0852,0.0571,-0.0573
79059271989390,加速度计,1.3856,8.9974,2.2494,,,,,,,
79059282012306,加速度计,3.5584,6.9522,5.2032,,,,,,,
79059284531421,陀螺仪,,,,,,,,0.0636,0.0636,-0.0465
79059292038452,加速度计,2.4535,6.8977,1.2773,,,,,,,
79059302067410,加速度计,3.5889,7.6716,5.5402,,,,,,,
79059304590587,陀螺仪,,,,,,,,-0.0491,0.0638,-0.1399
79059312098765,加速度计,0.2598,9.0477,9.8749,,,,,,,
79059322131994,加速度计,0.5136,6.5493,10.7003,,,,,,,
79059324657671,陀螺仪,,,,,,,,0.0029,0.0557,-0.1222
79059332166369,加速度计,1.9201,9.2249,6.8289,,,,,,,
79059342201369,加速度计,-0.5818,7.6040,13.7433,,,,,,,
79059344727671,陀螺仪,,,,,,,,0.0601,0.0338,-0.0871
79059352233244,加速度计,1.8190,6.6690,6.0705,,,,,,,
79059362254702,加速度计,3.7858,8.4898,-3.2441,,,,,,,
79059364768504,陀螺仪,,,,,,,,0.0502,0.0445,-0.1292
79059372273035,加速度计,2.1446,5.3762,-7.4741,,,,,,,
79059382291369,加速度计,-2.2901,4.6400,19.4798,,,,,,,
79059384805171,陀螺仪,,,,,,,,-0.1940,0.0072,-0.2182
79059392309702,加速度计,-3.2328,6.0651,23.5506,,,,,,,
79059404841837,陀螺仪,,,,,,,,0.1618,0.0119,-0.0136
79059402328035,加速度计,0.7500,12.8557,6.0783,,,,,,,
79059412346369,加速度计,0.5243,7.0844,1.4437,,,,,,,
79059422365848,加速度计,0.4046,1.2683,-0.0269,,,,,,,
79059424894650,陀螺仪,,,,,,,,0.0262,0.0770,0.0080
79059432395431,加速度计,-0.1688,4.1378,4.9889,,,,,,,
79059444901733,陀螺仪,,,,,,,,0.0348,0.0755,0.0771
79059442398869,加速度计,-1.8094,9.7648,11.1743,,,,,,,
79059459879788,GPS,,,,31.9415,118.7885,3.8200,352.5000,,,
79059452402827,加速度计,0.5483,8.4503,11.7466,,,,,,,
79059462407827,加速度计,1.8453,8.2055,4.6220,,,,,,,
79059464912567,陀螺仪,,,,,,,,0.1288,0.1302,0.1751
79059472414598,加速度计,2.0093,6.3548,-2.4134,,,,,,,
79059482423452,加速度计,1.0056,3.9678,2.1763,,,,,,,
79059484931317,陀螺仪,,,,,,,,-0.1028,0.1838,0.0997
79059492434494,加速度计,-0.8823,5.0147,14.5705,,,,,,,
79059504959650,陀螺仪,,,,,,,,0.1181,0.1999,0.2129
79059502448035,加速度计,0.0587,8.5090,13.5697,,,,,,,
79059512464077,加速度计,0.2490,10.8517,3.2663,,,,,,,
79059522482619,加速度计,2.8659,5.2750,-0.4453,,,,,,,
79059524997983,陀螺仪,,,,,,,,-0.0217,0.2667,0.2258
79059532503660,加速度计,0.7847,3.5530,1.8112,,,,,,,
79059542527098,加速度计,-0.9792,5.0578,13.2938,,,,,,,
79059545045900,陀螺仪,,,,,,,,-0.0308,0.2461,0.1438
79059552552515,加速度计,-0.8332,10.5806,14.1695,,,,,,,
79059562579494,加速度计,-0.6135,10.0790,7.4855,,,,,,,
79059565100483,陀螺仪,,,,,,,,0.1021,0.2487,0.2583
79059572607619,加速度计,2.4648,6.3560,5.1290,,,,,,,
79059582636473,加速度计,1.1923,4.2509,4.6992,,,,,,,
79059585158400,陀螺仪,,,,,,,,0.1053,0.2682,0.1582
79059592665640,加速度计,1.1558,8.1822,2.8515,,,,,,,
79059602693556,加速度计,2.5786,12.0764,6.0178,,,,,,,
79059605211733,陀螺仪,,,,,,,,-0.0190,0.1867,0.0249
79059612716369,加速度计,-0.8781,9.1877,13.3447,,,,,,,
79059622735015,加速度计,-0.7661,7.8195,8.4952,,,,,,,
79059625248817,陀螺仪,,,,,,,,0.1146,0.1394,-0.0019
79059632753348,加速度计,3.7344,7.4741,0.4944,,,,,,,
79059642771681,加速度计,2.1871,7.6992,1.1845,,,,,,,
79059645285483,陀螺仪,,,,,,,,-0.0357,0.1201,-0.1679
79059652790015,加速度计,0.2568,5.2325,9.8055,,,,,,,
79059662808348,加速度计,0.7715,9.8767,9.6869,,,,,,,
79059665322150,陀螺仪,,,,,,,,0.0241,0.0372,-0.2201
79059672827098,加速度计,0.9750,9.4631,6.1028,,,,,,,
79059682847723,加速度计,2.7563,6.7810,4.5232,,,,,,,
79059685359025,陀螺仪,,,,,,,,0.0124,-0.0032,-0.3362
79059692862723,加速度计,1.0930,4.8237,3.1819,,,,,,,
79059702877723,加速度计,0.7853,6.4290,3.3645,,,,,,,
79059705389077,陀螺仪,,,,,,,,-0.0330,-0.0679,-0.4457
79059712892879,加速度计,1.5191,9.7642,6.8558,,,,,,,
79059722908452,加速度计,-0.2915,7.5878,7.3400,,,,,,,
79059725420431,陀螺仪,,,,,,,,-0.0803,-0.1230,-0.4637
79059732924442,加速度计,0.9547,5.9945,7.7267,,,,,,,
79059742940848,加速度计,0.9086,4.5801,7.8925,,,,,,,
79059752957671,加速度计,0.6722,6.2531,10.4830,,,,,,,
79059745453452,陀螺仪,,,,,,,,-0.0292,-0.1394,-0.4172
79059762974910,加速度计,-0.3980,9.4888,6.9617,,,,,,,
79059772992567,加速度计,0.6315,8.1277,5.3780,,,,,,,
79059765488140,陀螺仪,,,,,,,,0.1047,-0.1273,-0.3599
79059783010640,加速度计,2.7779,5.6360,5.8478,,,,,,,
79059793029129,加速度计,-0.5345,6.4308,1.5006,,,,,,,
79059785524494,陀螺仪,,,,,,,,0.0698,-0.1429,-0.3305
79059803048035,加速度计,-0.4681,7.9889,6.3991,,,,,,,
79059805562515,陀螺仪,,,,,,,,0.0188,-0.1353,-0.2855
79059813067358,加速度计,-0.2676,10.2604,11.6981,,,,,,,
79059823087098,加速度计,-0.3669,9.0417,9.8617,,,,,,,
79059825602202,陀螺仪,,,,,,,,0.1060,-0.1093,-0.1220
79059833107254,加速度计,2.0680,7.8554,1.9046,,,,,,,
79059843127827,加速度计,3.8289,4.4227,-7.0461,,,,,,,
79059845643504,陀螺仪,,,,,,,,0.0366,-0.0594,-0.1712
79059853148660,加速度计,2.9161,4.7052,-9.4541,,,,,,,
79059863169494,加速度计,-2.2452,4.4329,28.4138,,,,,,,
79059873190327,加速度计,-5.8383,11.7250,14.0965,,,,,,,
79059865685171,陀螺仪,,,,,,,,-0.3953,0.0060,-0.1807
79059883211160,加速度计,0.7302,11.6729,6.2453,,,,,,,
79059885726837,陀螺仪,,,,,,,,0.0012,-0.0113,0.0969
79059893231994,加速度计,3.7433,5.1613,2.4924,,,,,,,
79059903251890,加速度计,-1.4210,0.9493,3.9792,,,,,,,
79059905765692,陀螺仪,,,,,,,,-0.0931,0.0618,-0.0618
79059913270223,加速度计,-0.1891,9.5684,8.4617,,,,,,,
79059923289806,加速度计,-0.6967,11.3258,14.0157,,,,,,,
79059942253642,GPS,,,,31.9415,118.7885,3.8000,352.9000,,,
79059925808608,陀螺仪,,,,,,,,-0.0529,-0.0153,0.0309
79059933311160,加速度计,0.1317,6.5116,9.1608,,,,,,,
79059943321577,加速度计,1.3384,4.3910,1.4904,,,,,,,
79059945829546,陀螺仪,,,,,,,,0.0518,-0.0051,-0.0280
79059953332202,加速度计,1.7184,5.6204,-1.8759,,,,,,,
79059963343452,加速度计,-0.4747,6.2375,6.2243,,,,,,,
79059973355535,加速度计,-2.0602,8.5395,16.1758,,,,,,,
79059965852462,陀螺仪,,,,,,,,-0.1429,-0.0513,-0.1395
79059983368660,加速度计,-1.6933,9.3984,12.5564,,,,,,,
79059985882462,陀螺仪,,,,,,,,0.0534,-0.0534,0.0314
79059993396212,加速度计,1.1061,6.5703,7.0078,,,,,,,
79060003434650,加速度计,1.2342,7.2496,0.8709,,,,,,,
79060005950483,陀螺仪,,,,,,,,0.0372,-0.0197,0.0178
79060013455015,加速度计,0.0138,5.1876,5.1942,,,,,,,
79060023473348,加速度计,0.1610,8.8053,9.4182,,,,,,,
79060025987150,陀螺仪,,,,,,,,-0.0184,-0.0473,-0.0216
79060033491681,加速度计,-0.8745,9.1536,10.5447,,,,,,,
79060043510015,加速度计,-1.2438,6.9079,7.9942,,,,,,,
79060046023817,陀螺仪,,,,,,,,0.1024,-0.0328,0.0921
79060053528348,加速度计,2.6821,5.6240,2.8958,,,,,,,
79060063546681,加速度计,2.2003,7.4663,-1.2839,,,,,,,
79060066060483,陀螺仪,,,,,,,,0.0049,-0.0238,-0.0201
79060073565015,加速度计,0.4770,7.5639,3.4931,,,,,,,
79060083583348,加速度计,0.4106,8.5192,8.4898,,,,,,,
79060086097150,陀螺仪,,,,,,,,-0.0815,-0.0635,-0.0338
79060093601681,加速度计,-1.2091,7.4867,13.5877,,,,,,,
79060103620015,加速度计,0.2514,7.4831,9.6528,,,,,,,
79060106133817,陀螺仪,,,,,,,,0.1063,-0.0333,0.0720
79060113638348,加速度计,2.1638,8.2911,1.7897,,,,,,,
79060123656681,加速度计,0.6051,7.0354,3.8918,,,,,,,
79060126170483,陀螺仪,,,,,,,,0.0241,-0.0398,-0.0266
79060133675015,加速度计,0.8110,6.6714,5.5156,,,,,,,
79060143693348,加速度计,0.5537,7.9021,8.6299,,,,,,,
79060146207150,陀螺仪,,,,,,,,0.0269,-0.0815,-0.0357
79060153711681,加速度计,0.6428,7.0042,4.6735,,,,,,,
79060163730015,加速度计,0.8003,6.6038,6.8223,,,,,,,
79060173748348,加速度计,1.3695,8.4671,7.3394,,,,,,,
79060166243817,陀螺仪,,,,,,,,0.0547,-0.0835,-0.0486
79060183785796,加速度计,0.8553,9.9335,7.9883,,,,,,,
79060186279390,陀螺仪,,,,,,,,0.0365,-0.0759,-0.0650
79060193777358,加速度计,0.9541,7.5184,10.1616,,,,,,,
79060203770223,加速度计,1.7945,7.7039,4.6657,,,,,,,
79060206266265,陀螺仪,,,,,,,,0.0855,-0.0478,-0.0473
79060213765483,加速度计,0.1694,5.1775,6.3105,,,,,,,
79060223763817,加速度计,1.7609,6.8241,4.7010,,,,,,,
79060226264702,陀螺仪,,,,,,,,0.0826,-0.0473,-0.0116
79060233765796,加速度计,2.4181,9.2057,5.2918,,,,,,,
79060243772098,加速度计,1.5083,8.1307,6.2339,,,,,,,
79060246279598,陀螺仪,,,,,,,,0.0290,-0.0402,-0.0786
79060253782983,加速度计,-0.5441,7.7704,4.0564,,,,,,,
79060263798452,加速度计,1.6532,7.9164,5.2882,,,,,,,
79060266312827,陀螺仪,,,,,,,,-0.0240,-0.0566,-0.0501
79060273818504,加速度计,1.2145,7.1952,4.8070,,,,,,,
79060283842983,加速度计,-0.0383,8.0152,5.0733,,,,,,,
79060286363817,陀螺仪,,,,,,,,-0.0893,-0.0190,-0.0523
79060293871473,加速度计,-0.8733,8.6700,13.2579,,,,,,,
79060303903400,加速度计,-1.0169,7.9374,13.0664,,,,,,,
79060306429025,陀螺仪,,,,,,,,0.0471,0.0197,0.1645
79060313937931,加速度计,3.1029,6.5254,0.3891,,,,,,,
79060323974390,加速度计,3.7140,5.7473,-7.5046,,,,,,,
79060334012202,加速度计,-1.2546,3.8146,5.8335,,,,,,,
79060326502671,陀螺仪,,,,,,,,-0.1755,0.0345,-0.0360
79060344050535,加速度计,-4.1773,5.2816,24.5418,,,,,,,
79060346576994,陀螺仪,,,,,,,,0.0137,0.0425,0.1051
79060354081837,加速度计,-0.4615,12.6851,16.1591,,,,,,,
79060364101108,加速度计,4.4436,10.9672,3.1244,,,,,,,
79060366615171,陀螺仪,,,,,,,,0.1254,0.0537,0.2107
79060374119702,加速度计,2.0345,3.7038,-3.0586,,,,,,,
79060384138035,加速度计,1.3988,2.2272,1.1121,,,,,,,
79060386651837,陀螺仪,,,,,,,,-0.0650,0.0510,-0.0615
79060394156369,加速度计,-0.3508,9.6666,3.7326,,,,,,,
79060404174702,加速度计,-0.7470,7.6375,13.9337,,,,,,,
79060406688504,陀螺仪,,,,,,,,-0.0748,-0.0308,-0.0036
79060414193035,加速度计,0.7638,4.6172,10.7631,,,,,,,
79060424212931,加速度计,1.2336,5.8335,3.3680,,,,,,,
79060426737723,陀螺仪,,,,,,,,0.0253,0.0133,-0.0103
79060434238921,加速度计,2.5025,7.6620,3.7104,,,,,,,
79060444244077,加速度计,0.4615,7.4843,11.8381,,,,,,,
79060446748296,陀螺仪,,,,,,,,-0.0499,0.0140,-0.0979
79060454249806,加速度计,0.0060,9.4367,9.2422,,,,,,,
79060464256525,加速度计,0.2610,6.6122,10.2568,,,,,,,
79060466762410,陀螺仪,,,,,,,,0.0051,-0.0092,-0.0180
79060474264650,加速度计,3.5249,6.5380,1.9327,,,,,,,
79060484274598,加速度计,0.7290,3.5380,5.5342,,,,,,,
79060486783348,陀螺仪,,,,,,,,-0.0517,-0.0181,-0.1730
79060494286629,加速度计,1.5742,7.1605,3.6362,,,,,,,
79060504300900,加速度计,1.1432,6.8462,10.0185,,,,,,,
79060514317671,加速度计,-0.5447,7.5405,8.9382,,,,,,,
79060506813140,陀螺仪,,,,,,,,-0.0573,-0.0738,-0.2507
79060524336785,加速度计,0.3621,6.6565,8.2414,,,,,,,
79060534357983,加速度计,1.1037,7.3897,2.7659,,,,,,,
79060526852410,陀螺仪,,,,,,,,0.0268,-0.1013,-0.1917
79060544381108,加速度计,1.0331,6.6086,7.2526,,,,,,,
79060546899494,陀螺仪,,,,,,,,-0.0071,-0.1249,-0.2477
79060554405900,加速度计,-1.0289,7.9440,9.3362,,,,,,,
79060564432202,加速度计,1.0888,9.0567,6.6924,,,,,,,
79060566952671,陀螺仪,,,,,,,,0.0754,-0.1293,-0.1875
79060574459598,加速度计,-0.5435,9.9659,3.3998,,,,,,,
79060584487671,加速度计,0.9200,6.0142,6.7301,,,,,,,
79060587008973,陀螺仪,,,,,,,,-0.0313,-0.1286,-0.1372
79060594516004,加速度计,0.5333,6.8019,6.8672,,,,,,,
79060604541994,加速度计,0.3867,8.3175,3.8391,,,,,,,
79060607058140,陀螺仪,,,,,,,,-0.0170,-0.0916,-0.0820
79060614562671,加速度计,1.3868,7.4813,3.6943,,,,,,,
79060624581004,加速度计,-0.8033,6.1112,5.2774,,,,,,,
79060627094806,陀螺仪,,,,,,,,-0.1099,-0.0875,-0.0680
79060634599337,加速度计,-0.4651,7.3376,7.5483,,,,,,,
79060644617671,加速度计,0.3849,6.5643,8.2103,,,,,,,
79060647131473,陀螺仪,,,,,,,,-0.0647,-0.0795,0.0079
79060654636004,加速度计,0.3490,9.4367,6.2626,,,,,,,
79060664654337,加速度计,-1.6017,5.6695,9.5984,,,,,,,
79060667168348,陀螺仪,,,,,,,,-0.0443,-0.0382,0.0453
79060674673296,加速度计,-0.7434,6.0621,8.5922,,,,,,,
79060684693400,加速度计,-1.8364,10.0461,5.6156,,,,,,,
79060687204702,陀螺仪,,,,,,,,0.0366,-0.0117,0.1541
79060694708400,加速度计,-0.7380,7.2508,5.6940,,,,,,,
79060704723400,加速度计,0.2107,7.6608,4.1037,,,,,,,
79060707234806,陀螺仪,,,,,,,,-0.0414,-0.0490,0.1925
79060714738608,加速度计,-0.0670,8.9669,6.5440,,,,,,,
79060724754233,加速度计,-0.2155,7.4005,10.5369,,,,,,,
79060734770275,加速度计,-0.1556,6.6846,7.8458,,,,,,,
79060727266265,陀螺仪,,,,,,,,-0.0320,-0.0501,0.1240
79060744786733,加速度计,-0.2939,6.8546,5.1607,,,,,,,
79060747299390,陀螺仪,,,,,,,,0.0361,-0.0193,0.1911
79060754803608,加速度计,0.7823,7.1712,5.6623,,,,,,,
79060764820900,加速度计,-1.1319,7.5244,7.7991,,,,,,,
79060767334181,陀螺仪,,,,,,,,0.0172,0.0084,0.2141
79060774838608,加速度计,0.9331,8.3312,13.6110,,,,,,,
79060784856733,加速度计,0.6470,8.4952,7.7351,,,,,,,
79060794875275,加速度计,2.7072,7.5250,-1.1726,,,,,,,
79060787370640,陀螺仪,,,,,,,,0.1799,0.0759,0.3858
79060804894233,加速度计,7.0437,5.7850,-7.8817,,,,,,,
79060807408765,陀螺仪,,,,,,,,0.0659,0.0192,0.0956
79060814913608,加速度计,2.4104,7.0138,-12.1637,,,,,,,
79060824933400,加速度计,-0.8056,2.8844,40.0239,,,,,,,
79060827448556,陀螺仪,,,,,,,,-0.4149,0.0329,-0.0891
79060834953608,加速度计,-5.4965,11.8501,14.8554,,,,,,,
79060844974233,加速度计,2.8718,10.1113,-0.3130,,,,,,,
79060847489910,陀螺仪,,,,,,,,0.1254,0.0180,0.2200
79060854995067,加速度计,3.7535,3.8966,0.5776,,,,,,,
79060865015900,加速度计,-1.6574,1.3084,6.1184,,,,,,,
79060867531577,陀螺仪,,,,,,,,-0.0252,0.1274,0.0899
79060875036733,加速度计,2.4337,10.2568,7.7081,,,,,,,
79060885057567,加速度计,2.4852,8.5946,8.1415,,,,,,,
79060887573244,陀螺仪,,,,,,,,-0.0076,0.0397,0.0447
79060895078400,加速度计,-0.4328,4.3060,9.3158,,,,,,,
79060905097983,加速度计,-0.9295,5.3157,6.6242,,,,,,,
79060907611785,陀螺仪,,,,,,,,0.1012,0.0678,0.0581
79060915116317,加速度计,1.0582,8.1505,7.0563,,,,,,,
79060925136733,加速度计,2.7252,10.0910,8.3222,,,,,,,
79060935762340,GPS,,,,31.9416,118.7885,2.9900,347.5000,,,
79060927677983,陀螺仪,,,,,,,,0.0686,0.0523,0.0350
79060935172827,加速度计,0.0120,8.7676,9.5385,,,,,,,
79060945153035,加速度计,-0.3262,7.9607,2.5780,,,,,,,
79060955135327,加速度计,1.7083,7.6585,3.8780,,,,,,,
79060947639442,陀螺仪,,,,,,,,0.0711,0.0360,-0.0107
79060965121160,加速度计,0.8332,4.5963,8.5754,,,,,,,
79060967613400,陀螺仪,,,,,,,,-0.0137,0.0330,-0.0324
79060975111577,加速度计,-0.5130,5.7012,7.1216,,,,,,,
79060985107410,加速度计,0.6829,8.4132,3.5656,,,,,,,
79060995109494,加速度计,1.8860,7.3400,3.2136,,,,,,,
79060987608192,陀螺仪,,,,,,,,0.0221,0.0264,-0.0176
79061005118244,加速度计,1.5335,7.1222,3.4309,,,,,,,
79061015133660,加速度计,-1.5736,6.1064,13.2794,,,,,,,
79061007629025,陀螺仪,,,,,,,,-0.1256,-0.0133,-0.1250
79061025155744,加速度计,-1.2917,8.7454,10.2771,,,,,,,
79061027676317,陀螺仪,,,,,,,,0.0166,-0.0097,-0.0109
79061035184077,加速度计,1.0337,7.2395,8.0254,,,,,,,
79061045217827,加速度计,0.8446,7.4394,0.9900,,,,,,,
79061047746108,陀螺仪,,,,,,,,-0.0438,0.0156,-0.0373
79061055256160,加速度计,-1.9100,7.4573,7.5328,,,,,,,
79061065298244,加速度计,-0.8523,6.3817,12.1799,,,,,,,
79061075343035,加速度计,-0.7967,8.4970,9.7360,,,,,,,
79061067831629,陀螺仪,,,,,,,,-0.0099,-0.0172,0.0204
79061085389285,加速度计,0.5866,7.0952,5.8407,,,,,,,
79061087924025,陀螺仪,,,,,,,,0.0550,0.0079,0.1494
79061095435327,加速度计,1.4694,5.6677,3.7906,,,,,,,
79061105467202,加速度计,2.0393,7.1587,0.9080,,,,,,,
79061107981004,陀螺仪,,,,,,,,-0.0119,0.0072,0.0205
79061115485535,加速度计,1.5455,7.6453,1.9734,,,,,,,
79061125503869,加速度计,-1.3809,7.5806,8.6610,,,,,,,
79061128017671,陀螺仪,,,,,,,,-0.1111,-0.0477,-0.0854
79061135522202,加速度计,-0.4980,6.9360,15.5473,,,,,,,
79061145540535,加速度计,-1.0552,8.3797,13.0269,,,,,,,
79061148054337,陀螺仪,,,,,,,,0.1384,0.0340,0.1694
79061155558869,加速度计,1.3252,7.9948,4.2964,,,,,,,
79061165577202,加速度计,2.7791,6.0926,-4.0737,,,,,,,
79061175597827,加速度计,2.3541,6.2243,-4.1515,,,,,,,
79061168092150,陀螺仪,,,,,,,,0.0346,0.0820,0.1583
79061185622671,加速度计,0.3705,7.9871,9.2296,,,,,,,
79061188124702,陀螺仪,,,,,,,,-0.2120,-0.0146,-0.0887
79061195625379,加速度计,-3.2447,8.5264,20.1346,,,,,,,
79061205628921,加速度计,-0.2819,7.8542,9.7779,,,,,,,
79061208132515,陀螺仪,,,,,,,,0.0823,0.0222,0.1806
79061215633921,加速度计,3.6829,7.2724,-0.2975,,,,,,,
79061225640796,加速度计,1.6173,5.4785,1.1486,,,,,,,
79061235649962,加速度计,-0.3460,5.4169,10.0850,,,,,,,
79061228147410,陀螺仪,,,,,,,,-0.1100,0.0530,-0.0016
79061245661629,加速度计,-0.3986,9.1883,8.3546,,,,,,,
79061248171994,陀螺仪,,,,,,,,-0.0387,0.0007,0.0332
79061255675796,加速度计,0.2580,8.2756,14.0971,,,,,,,
79061265692671,加速度计,-0.0365,5.9849,11.2264,,,,,,,
79061268207098,陀螺仪,,,,,,,,0.1489,0.0630,0.1875
79061275712254,加速度计,2.4152,6.3111,2.2547,,,,,,,
79061285734337,加速度计,5.5318,9.5409,-9.7947,,,,,,,
79061288252410,陀螺仪,,,,,,,,0.1262,-0.0700,-0.0686
79061295758712,加速度计,5.6294,7.0360,-9.7809,,,,,,,
79061305784962,加速度计,-3.2507,4.9632,27.7057,,,,,,,
79061315812671,加速度计,-6.0226,8.7227,20.8194,,,,,,,
79061308305640,陀螺仪,,,,,,,,-0.3842,-0.0925,-0.3764
79061325841421,加速度计,2.0351,12.4217,4.1569,,,,,,,
79061328363452,陀螺仪,,,,,,,,0.2125,-0.0702,0.0633
79061335870796,加速度计,4.2114,5.1996,-2.3248,,,,,,,
79061345900379,加速度计,1.9082,3.7852,-3.8152,,,,,,,
