timestamp_ns,传感器类型,ax(m/s²),ay(m/s²),az(m/s²),纬度,经度,速度(m/s),航向角(°),gx(rad/s),gy(rad/s),gz(rad/s)
70051204590875,加速度计,-1.4928,6.8582,6.7959,,,,,,,
70051214607959,加速度计,-1.5161,6.7744,6.7852,,,,,,,
70051224625875,加速度计,-1.3773,6.6589,6.9875,,,,,,,
70051234644625,加速度计,-1.3737,6.7026,7.0605,,,,,,,
70051244662750,加速度计,-1.4090,6.7840,6.9941,,,,,,,
70051254680667,加速度计,-1.4647,6.8001,6.9139,,,,,,,
70051264698584,加速度计,-1.4293,6.7780,6.8564,,,,,,,
70051272221032,陀螺仪,,,,,,,,-0.0027,0.0039,-0.0317
70051274716500,加速度计,-1.3791,6.8085,6.8552,,,,,,,
70051284741657,加速度计,-1.2839,6.9408,6.8313,,,,,,,
70051294760771,加速度计,-1.3240,7.0707,6.7756,,,,,,,
70051292260719,陀螺仪,,,,,,,,-0.0041,0.0265,-0.0055
70051304760615,加速度计,-1.3330,6.8049,6.8265,,,,,,,
70051314761396,加速度计,-2.3966,6.8259,6.6134,,,,,,,
70051312261761,陀螺仪,,,,,,,,-0.0025,0.0361,0.0127
70051324763688,加速度计,-2.5331,6.9965,6.6601,,,,,,,
70051334768167,加速度计,-1.8208,7.0461,6.9378,,,,,,,
70051332269573,陀螺仪,,,,,,,,-0.0020,0.0362,0.0461
70051344775407,加速度计,-1.5269,7.1401,6.9174,,,,,,,
70051352288427,陀螺仪,,,,,,,,-0.0004,0.0414,0.0173
70051354785563,加速度计,-1.8280,7.1192,6.7606,,,,,,,
70051364798896,加速度计,-2.5408,6.8738,6.2513,,,,,,,
70051372320094,陀螺仪,,,,,,,,-0.0020,0.0305,0.0415
70051374815563,加速度计,-2.1063,6.7427,6.5446,,,,,,,
70051384835563,加速度计,-1.6334,7.2059,6.6858,,,,,,,
70051394858636,加速度计,-1.0953,7.4083,6.7582,,,,,,,
70051392364730,陀螺仪,,,,,,,,0.0020,0.0324,0.0623
70051404884365,加速度计,-0.9984,7.2999,6.6966,,,,,,,
70051412419573,陀螺仪,,,,,,,,-0.0003,0.0369,0.0260
70051414912334,加速度计,-1.1660,7.0479,6.3943,,,,,,,
70051424942125,加速度计,-1.5550,6.7564,6.6643,,,,,,,
70051434973063,加速度计,-1.6125,6.7750,6.8516,,,,,,,
70051432480927,陀螺仪,,,,,,,,-0.0003,0.0182,0.0097
70051445004573,加速度计,-1.3234,6.8732,6.9683,,,,,,,
70051452544209,陀螺仪,,,,,,,,0.0031,-0.0055,-0.0244
70051455036240,加速度计,-1.1444,6.9228,7.0312,,,,,,,
70051465061396,加速度计,-1.1295,6.8845,6.7702,,,,,,,
70051472585094,陀螺仪,,,,,,,,-0.0008,-0.0188,-0.0851
70051475080563,加速度计,-1.4503,6.7289,6.7534,,,,,,,
70051485098480,加速度计,-2.1231,6.5116,7.1042,,,,,,,
70051492620927,陀螺仪,,,,,,,,-0.0003,-0.0336,-0.0892
70051495116396,加速度计,-1.3755,6.9282,6.9246,,,,,,,
70051505134313,加速度计,-1.7047,6.8384,7.1443,,,,,,,
70051512656761,陀螺仪,,,,,,,,0.0000,-0.0368,-0.0996
70051515152230,加速度计,-1.4670,6.9396,6.7852,,,,,,,
70051525170146,加速度计,-1.7591,6.6798,6.7630,,,,,,,
70051535188063,加速度计,-2.3547,6.3710,6.8360,,,,,,,
70051532692594,陀螺仪,,,,,,,,0.0055,-0.0328,-0.0931
70051545205980,加速度计,-4.6035,6.1489,6.6248,,,,,,,
70051555223896,加速度计,1.0822,7.1820,7.6178,,,,,,,
70051552728427,陀螺仪,,,,,,,,0.0204,0.0091,0.0397
70051565241813,加速度计,-3.5308,8.9621,5.4402,,,,,,,
70051572764261,陀螺仪,,,,,,,,-0.0321,0.0216,-0.0064
70051575259730,加速度计,-2.2883,7.1168,7.1551,,,,,,,
70051585277646,加速度计,-3.8146,5.7814,7.0779,,,,,,,
70051592800094,陀螺仪,,,,,,,,0.0189,0.0409,0.1407
70051595295563,加速度计,-3.0634,5.4468,6.8468,,,,,,,
70051605313480,加速度计,-2.8317,7.6920,6.1651,,,,,,,
70051612835927,陀螺仪,,,,,,,,0.0204,0.0871,0.2630
70051615331396,加速度计,-2.1512,8.3396,6.6319,,,,,,,
70051625349313,加速度计,-2.5624,7.6213,7.4202,,,,,,,
70051635367230,加速度计,-2.1697,5.8945,8.0685,,,,,,,
70051632871761,陀螺仪,,,,,,,,0.0248,0.1101,0.2810
70051645385146,加速度计,-2.8000,6.0017,6.6134,,,,,,,
70051652907594,陀螺仪,,,,,,,,0.0529,0.0878,0.2925
70051655403063,加速度计,-3.0700,6.4506,5.7688,,,,,,,
70051665420980,加速度计,-2.7402,7.1192,6.2920,,,,,,,
70051672943427,陀螺仪,,,,,,,,0.0178,0.0886,0.3487
70051675438896,加速度计,-2.1326,7.1210,6.9755,,,,,,,
70051685456813,加速度计,-1.2953,6.8935,7.3933,,,,,,,
70051695474730,加速度计,-2.4720,7.1515,6.0352,,,,,,,
70051692979261,陀螺仪,,,,,,,,0.0264,0.2127,0.4855
70051705492646,加速度计,-3.2322,7.5178,5.0434,,,,,,,
70051713015094,陀螺仪,,,,,,,,0.0071,0.3529,0.7606
70051715510563,加速度计,-3.0915,7.9104,5.6976,,,,,,,
70051725528480,加速度计,-2.8437,8.0607,5.7006,,,,,,,
70051735546396,加速度计,-1.5263,8.5730,5.7742,,,,,,,
70051733050927,陀螺仪,,,,,,,,0.0162,0.4558,1.0037
70051745564313,加速度计,-1.1331,9.0758,4.9979,,,,,,,
70051753086761,陀螺仪,,,,,,,,0.0201,0.5390,1.1016
70051755582230,加速度计,-1.2510,9.3631,4.3287,,,,,,,
70051765600146,加速度计,-1.4898,9.2578,4.4478,,,,,,,
70051773122594,陀螺仪,,,,,,,,0.0224,0.5643,1.1494
70051775618063,加速度计,-1.4246,9.2135,4.5346,,,,,,,
70051785641084,加速度计,-2.2092,9.4954,4.5203,,,,,,,
70051793166396,陀螺仪,,,,,,,,0.0373,0.5249,1.1803
70051795661865,加速度计,-2.2021,9.7648,4.4131,,,,,,,
70051805679782,加速度计,-1.2779,9.9455,4.3862,,,,,,,
70051815697698,加速度计,-1.8944,10.1209,3.7320,,,,,,,
70051813202230,陀螺仪,,,,,,,,0.0405,0.4895,1.1364
70051825715615,加速度计,-1.5634,9.7905,3.5674,,,,,,,
70051835733532,加速度计,-1.7609,9.4691,3.1663,,,,,,,
70051833238063,陀螺仪,,,,,,,,0.0284,0.4852,1.0932
70051845751448,加速度计,-1.9136,8.9836,4.9620,,,,,,,
70051855769365,加速度计,-2.5576,9.7414,5.2780,,,,,,,
70051853273896,陀螺仪,,,,,,,,0.0527,0.4867,1.1120
70051865787282,加速度计,-2.5654,9.3835,5.5031,,,,,,,
70051875805198,加速度计,-1.7603,8.9783,5.1152,,,,,,,
70051873309730,陀螺仪,,,,,,,,0.0732,0.4720,1.1562
70051885823115,加速度计,-0.9218,8.4695,4.8088,,,,,,,
70051895841032,加速度计,-0.3394,8.3228,5.1828,,,,,,,
70051893345563,陀螺仪,,,,,,,,0.0617,0.4414,1.0228
70051905858948,加速度计,-0.1592,7.9069,6.5583,,,,,,,
70051915876865,加速度计,0.9433,7.6489,13.1514,,,,,,,
70051913381396,陀螺仪,,,,,,,,0.0534,0.4481,0.8744
70051925894782,加速度计,-0.7177,5.7724,11.4108,,,,,,,
70051935912698,加速度计,-0.8565,6.5170,3.7224,,,,,,,
70051933417230,陀螺仪,,,,,,,,0.1760,0.4875,0.9266
70051945930615,加速度计,2.7539,9.2045,2.7294,,,,,,,
70051955948532,加速度计,5.7533,6.3357,2.9562,,,,,,,
70051953453063,陀螺仪,,,,,,,,0.0889,0.5144,0.8155
70051965966448,加速度计,0.9559,2.5857,4.3634,,,,,,,
70051975984365,加速度计,-0.6734,3.9217,4.8117,,,,,,,
70051973488896,陀螺仪,,,,,,,,-0.0332,0.4479,0.3922
70051986002282,加速度计,-2.0674,7.8087,5.4827,,,,,,,
70051996020198,加速度计,-5.4875,9.9910,8.4731,,,,,,,
70051993524730,陀螺仪,,,,,,,,-0.0704,0.2752,0.2535
70052006038115,加速度计,-6.3602,9.1530,11.4676,,,,,,,
70052013560563,陀螺仪,,,,,,,,-0.0209,0.0700,0.5041
70052016056032,加速度计,-1.0947,7.9374,8.8041,,,,,,,
70052026076292,加速度计,2.3014,8.3420,4.9757,,,,,,,
70052033604990,陀螺仪,,,,,,,,0.0217,0.0435,0.3688
70052036102855,加速度计,3.7092,7.8799,1.2306,,,,,,,
70052046111188,加速度计,2.8066,7.3017,3.3543,,,,,,,
70052053621969,陀螺仪,,,,,,,,-0.0068,0.1153,0.1469
70052056119730,加速度计,0.2885,9.2775,2.8180,,,,,,,
70052066128896,加速度计,-2.0273,10.4860,4.8572,,,,,,,
70052076139105,加速度计,-3.3220,11.8411,5.0494,,,,,,,
70052073641865,陀螺仪,,,,,,,,-0.0296,0.0953,0.2340
70052086150771,加速度计,-1.9836,11.1115,3.9851,,,,,,,
70052096164105,加速度计,-0.6135,9.7133,4.7758,,,,,,,
70052093667698,陀螺仪,,,,,,,,-0.0222,0.0687,0.3915
70052106179105,加速度计,0.1275,10.0251,1.9585,,,,,,,
70052116195771,加速度计,-0.4112,8.3396,2.3290,,,,,,,
70052113700198,陀螺仪,,,,,,,,-0.0403,0.1276,0.3848
70052126214105,加速度计,-0.5112,9.1135,2.4140,,,,,,,
70052136234105,加速度计,-1.4419,10.4351,3.2597,,,,,,,
70052133739365,陀螺仪,,,,,,,,-0.0519,0.2056,0.4273
70052146255771,加速度计,-2.1278,10.5028,5.1745,,,,,,,
70052153784886,陀螺仪,,,,,,,,-0.0652,0.2165,0.5746
70052156278896,加速度计,-1.3030,10.1245,6.5224,,,,,,,
70052166303063,加速度计,-0.2131,9.5804,6.5841,,,,,,,
70052173834469,陀螺仪,,,,,,,,0.0108,0.1961,0.5531
70052176328063,加速度计,-0.1131,8.5305,6.3464,,,,,,,
70052186353688,加速度计,-0.1945,8.2289,4.4083,,,,,,,
70052196379521,加速度计,0.6452,8.2480,2.2757,,,,,,,
70052193886032,陀螺仪,,,,,,,,0.0643,0.1285,0.3599
70052206404105,加速度计,0.9541,8.5150,2.3810,,,,,,,
70052213929573,陀螺仪,,,,,,,,0.0431,0.0173,0.0652
70052216424938,加速度计,1.3402,8.8053,2.9431,,,,,,,
70052226443063,加速度计,2.1650,9.8031,4.1025,,,,,,,
70052233965511,陀螺仪,,,,,,,,0.0409,-0.1442,-0.2766
70052236460980,加速度计,2.2607,10.6482,3.5943,,,,,,,
70052246478896,加速度计,2.3834,9.6133,5.2792,,,,,,,
70052256496813,加速度计,1.9704,10.5937,0.4453,,,,,,,
70052254001344,陀螺仪,,,,,,,,0.0581,-0.3397,-0.6361
70052266514730,加速度计,2.0668,10.9529,3.6009,,,,,,,
70052274039677,陀螺仪,,,,,,,,-0.0138,-0.4923,-0.8723
70052276534313,加速度计,1.3012,10.7542,3.3441,,,,,,,
70052286555927,加速度计,0.7147,8.8274,6.0490,,,,,,,
70052294069000,陀螺仪,,,,,,,,0.0742,-0.4811,-0.8693
70052296566344,加速度计,4.4700,11.2300,5.3612,,,,,,,
70052306576969,加速度计,1.4144,8.1499,5.5007,,,,,,,
70052314091188,陀螺仪,,,,,,,,0.0241,-0.3366,-0.6003
70052316588219,加速度计,-1.8800,7.8260,7.1377,,,,,,,
70052326600302,加速度计,2.7647,9.9982,3.9696,,,,,,,
70052334116917,陀螺仪,,,,,,,,0.0989,-0.0786,-0.1638
70052336613427,加速度计,1.6490,10.1640,4.1126,,,,,,,
70052346627802,加速度计,-1.0930,8.2247,2.7587,,,,,,,
70052356643427,加速度计,-2.2930,7.1688,5.5007,,,,,,,
70052354147542,陀螺仪,,,,,,,,0.0021,0.1570,0.3348
70052366660302,加速度计,0.5429,9.1848,6.9438,,,,,,,
70052376678427,加速度计,-1.4904,9.5397,5.3959,,,,,,,
70052374183167,陀螺仪,,,,,,,,0.0478,0.3807,0.7203
70052386697802,加速度计,-1.8094,8.7197,7.8620,,,,,,,
70052394223792,陀螺仪,,,,,,,,0.0759,0.5481,0.9369
70052396718427,加速度计,-3.6613,7.3658,4.8040,,,,,,,
70052406740094,加速度计,-5.7898,8.3270,2.0393,,,,,,,
70052416762594,加速度计,-2.7324,7.8470,5.8191,,,,,,,
70052414268375,陀螺仪,,,,,,,,0.0364,0.5587,1.0446
70052426785719,加速度计,-5.1918,7.6944,5.3498,,,,,,,
70052434315250,陀螺仪,,,,,,,,-0.0619,0.4296,0.8886
70052436809261,加速度计,-5.0242,7.8243,8.8472,,,,,,,
70052446833011,加速度计,-2.3481,7.0934,12.4894,,,,,,,
70052454362750,陀螺仪,,,,,,,,0.0473,0.2981,0.6826
70052456856761,加速度计,-3.4399,8.6574,5.9340,,,,,,,
70052466878427,加速度计,-1.0882,7.6830,8.3540,,,,,,,
70052476897386,加速度计,-0.0790,6.1806,6.2159,,,,,,,
70052474402021,陀螺仪,,,,,,,,0.0539,0.1663,0.5175
70052486915719,加速度计,0.2783,7.1156,4.2090,,,,,,,
70052494438375,陀螺仪,,,,,,,,0.0023,0.0752,0.2728
70052496933844,加速度计,2.5929,6.2052,7.3376,,,,,,,
70052506951761,加速度计,2.4744,6.9743,4.7196,,,,,,,
70052514474209,陀螺仪,,,,,,,,-0.0652,-0.0060,0.0241
70052516969677,加速度计,2.5576,7.5639,4.3114,,,,,,,
70052526988011,加速度计,2.4612,4.9931,4.6418,,,,,,,
70052537006657,加速度计,2.7629,5.9568,3.5015,,,,,,,
70052534511084,陀螺仪,,,,,,,,-0.1770,-0.0206,-0.0515
70052547024157,加速度计,3.2830,4.8949,6.6301,,,,,,,
70052557041657,加速度计,1.5425,4.1875,8.4862,,,,,,,
70052554546084,陀螺仪,,,,,,,,-0.2874,0.0246,-0.0197
70052567059157,加速度计,1.7974,4.8764,11.2713,,,,,,,
70052574581084,陀螺仪,,,,,,,,-0.1619,0.1193,0.1043
70052577076657,加速度计,2.0039,8.1696,8.3791,,,,,,,
70052587094157,加速度计,-0.3645,6.2842,9.9958,,,,,,,
70052594616084,陀螺仪,,,,,,,,-0.1024,0.1527,0.1575
70052597111657,加速度计,-0.6027,7.7895,10.9331,,,,,,,
70052607129157,加速度计,-1.5395,8.4240,9.3188,,,,,,,
70052614651084,陀螺仪,,,,,,,,-0.0081,0.1610,0.1794
70052617146657,加速度计,-0.7338,9.2763,9.4170,,,,,,,
70052627164157,加速度计,-1.2594,8.0637,3.6990,,,,,,,
70052634686084,陀螺仪,,,,,,,,-0.0085,0.1470,0.1631
70052637181657,加速度计,-1.3701,7.8398,3.2819,,,,,,,
70052647199157,加速度计,-1.1187,7.3269,4.8321,,,,,,,
70052654721084,陀螺仪,,,,,,,,-0.0377,0.1301,0.1380
70052657216657,加速度计,-1.8118,7.0785,7.6477,,,,,,,
70052667234157,加速度计,-2.5702,9.1494,6.3087,,,,,,,
70052677251657,加速度计,-1.9489,8.5575,4.0755,,,,,,,
70052674756084,陀螺仪,,,,,,,,-0.0137,0.1189,0.2401
70052687269417,加速度计,-1.3838,8.0493,5.1870,,,,,,,
70052694792230,陀螺仪,,,,,,,,-0.0623,0.0929,0.2388
70052697287594,加速度计,-1.3886,7.5052,7.0180,,,,,,,
70052707305927,加速度计,-0.4681,7.5064,8.9585,,,,,,,
70052717324261,加速度计,0.6788,7.9386,6.9163,,,,,,,
70052714828896,陀螺仪,,,,,,,,0.0012,0.0977,0.2320
70052727342594,加速度计,0.4429,7.3723,5.3056,,,,,,,
70052737360927,加速度计,1.4874,6.0226,5.4833,,,,,,,
70052734865563,陀螺仪,,,,,,,,0.0084,0.1140,0.2081
70052747379261,加速度计,2.4421,5.6186,8.2319,,,,,,,
70052757397594,加速度计,1.5113,8.7023,5.7646,,,,,,,
70052754902230,陀螺仪,,,,,,,,0.0397,0.1309,0.1521
70052767415927,加速度计,1.7831,7.4364,8.3749,,,,,,,
70052777437125,加速度计,1.2923,7.0539,8.0194,,,,,,,
70052774946240,陀螺仪,,,,,,,,0.0174,0.1362,0.0770
70052787463115,加速度计,1.3880,4.9554,8.6161,,,,,,,
70052797476032,加速度计,1.2935,5.8167,7.2502,,,,,,,
70052794979313,陀螺仪,,,,,,,,0.0446,0.0976,0.0224
70052807489209,加速度计,1.9872,6.2303,7.9553,,,,,,,
70052817502802,加速度计,0.8697,6.0430,8.0020,,,,,,,
70052815006292,陀螺仪,,,,,,,,0.0509,0.0502,-0.0936
70052827516813,加速度计,1.4676,6.4631,7.5836,,,,,,,
70052837531500,加速度计,1.4012,4.6819,7.4394,,,,,,,
70052835035302,陀螺仪,,,,,,,,0.0868,-0.0145,-0.2514
70052847547021,加速度计,2.5851,5.9699,6.5272,,,,,,,
70052857563375,加速度计,0.7721,8.4408,6.1124,,,,,,,
70052855067594,陀螺仪,,,,,,,,0.1240,-0.0346,-0.3882
70052867580563,加速度计,0.5614,8.5156,6.6260,,,,,,,
70052875103219,陀螺仪,,,,,,,,0.0455,-0.1045,-0.4338
70052877598584,加速度计,0.9194,6.8953,7.7554,,,,,,,
70052887617438,加速度计,1.0942,5.1421,7.4160,,,,,,,
70052895142177,陀螺仪,,,,,,,,0.0409,-0.1687,-0.5001
70052897637125,加速度计,2.3385,5.7664,7.6656,,,,,,,
70052907657646,加速度计,0.6003,7.8308,6.2423,,,,,,,
70052917678740,加速度计,1.4126,7.8925,7.7698,,,,,,,
70052915184105,陀螺仪,,,,,,,,0.0525,-0.2052,-0.6175
70052927700250,加速度计,-0.2107,8.3438,5.5905,,,,,,,
70052935227750,陀螺仪,,,,,,,,0.0059,-0.2985,-0.7005
70052937722177,加速度计,-0.1861,6.4099,6.7475,,,,,,,
70052947744261,加速度计,0.1861,6.7014,6.4985,,,,,,,
70052957766344,加速度计,0.1101,4.8632,7.2544,,,,,,,
70052955271917,陀螺仪,,,,,,,,0.0063,-0.3955,-0.8442
70052967787646,加速度计,-1.0654,6.7050,9.1345,,,,,,,
70052975311188,陀螺仪,,,,,,,,0.0277,-0.4635,-0.9442
70052977806657,加速度计,0.0617,7.8775,6.3123,,,,,,,
70052987824573,加速度计,-0.3950,5.9268,7.6124,,,,,,,
70052997842490,加速度计,-0.9284,5.3738,7.7381,,,,,,,
70052995347021,陀螺仪,,,,,,,,-0.0152,-0.5575,-0.9180
70053007860407,加速度计,-0.1987,8.6084,10.9702,,,,,,,
70053017878323,加速度计,-0.0754,4.5107,10.9648,,,,,,,
70053015382855,陀螺仪,,,,,,,,0.0278,-0.6693,-0.9671
70053027897802,加速度计,2.6222,1.7633,1.2629,,,,,,,
70053035421292,陀螺仪,,,,,,,,0.2985,-0.5808,-1.3205
70053037918115,加速度计,4.0097,13.8582,-8.9016,,,,,,,
70053047930615,加速度计,-15.3229,20.9128,4.9829,,,,,,,
70053055446657,陀螺仪,,,,,,,,-0.2687,-0.7123,-0.7999
70053057943375,加速度计,-6.4829,12.2368,12.9335,,,,,,,
70053067956552,加速度计,3.4530,-1.2294,15.3175,,,,,,,
70053075473636,陀螺仪,,,,,,,,0.1261,-0.7579,-0.5261
70053077970146,加速度计,5.6868,-7.5735,8.5844,,,,,,,
70053087984417,加速度计,11.4162,5.0039,1.1187,,,,,,,
70053095503427,陀螺仪,,,,,,,,0.1590,-0.5344,-0.9140
70053097999521,加速度计,-3.0041,16.3117,1.9070,,,,,,,
70053108015459,加速度计,-3.9558,13.3567,11.3138,,,,,,,
70053118032230,加速度计,-0.3974,6.2716,10.1628,,,,,,,
70053115536552,陀螺仪,,,,,,,,0.0394,-0.3712,-0.4041
70053128049834,加速度计,-3.0556,5.0985,2.9981,,,,,,,
70053138068271,加速度计,-2.6384,5.3486,1.3503,,,,,,,
70053135573011,陀螺仪,,,,,,,,0.0788,-0.2739,-0.0341
70053148087542,加速度计,0.3286,5.5109,7.0605,,,,,,,
70053158107646,加速度计,0.8751,8.0643,10.0269,,,,,,,
70053155612802,陀螺仪,,,,,,,,0.0740,-0.0988,0.2494
70053168128584,加速度计,-1.4557,10.6919,6.2142,,,,,,,
70053178150094,加速度计,-1.9716,8.4461,5.4702,,,,,,,
70053175655563,陀螺仪,,,,,,,,0.0991,0.1459,0.5606
70053188172021,加速度计,-3.1478,5.8413,4.4299,,,,,,,
70053198194365,加速度计,-2.9221,5.7946,4.3808,,,,,,,
70053195700042,陀螺仪,,,,,,,,0.0461,0.2798,0.9242
70053208216865,加速度计,-2.2476,6.4290,7.0336,,,,,,,
70053215745042,陀螺仪,,,,,,,,0.0372,0.3904,1.1946
70053218239365,加速度计,-2.1027,8.0068,8.4779,,,,,,,
70053228260563,加速度计,-1.8938,7.9871,7.6507,,,,,,,
70053235784313,陀螺仪,,,,,,,,0.1067,0.4955,1.2667
70053238279677,加速度计,-2.5115,7.9033,6.4201,,,,,,,
70053248297750,加速度计,-3.1939,7.4831,4.5179,,,,,,,
70053258315667,加速度计,-1.4772,6.7139,5.7994,,,,,,,
70053255820198,陀螺仪,,,,,,,,0.0679,0.5346,1.3380
70053268333584,加速度计,-0.3394,8.4276,4.5203,,,,,,,
70053278351761,加速度计,-0.3256,9.7474,5.7180,,,,,,,
70053275857907,陀螺仪,,,,,,,,0.0237,0.5198,1.1976
70053288370667,加速度计,-0.0239,9.4565,10.3801,,,,,,,
70053298387750,加速度计,0.4543,8.3635,9.7624,,,,,,,
70053295892073,陀螺仪,,,,,,,,0.0358,0.4734,0.9734
70053308404834,加速度计,-0.3412,8.5341,9.4020,,,,,,,
70053315926240,陀螺仪,,,,,,,,0.1654,0.4253,0.8916
70053318421917,加速度计,0.8278,10.5165,3.1651,,,,,,,
70053328439000,加速度计,2.1662,7.5800,2.6324,,,,,,,
70053335960407,陀螺仪,,,,,,,,0.1142,0.4208,0.7919
70053338456084,加速度计,3.2980,7.5214,1.1989,,,,,,,
70053348473167,加速度计,3.3046,9.8821,-0.4501,,,,,,,
70053355994573,陀螺仪,,,,,,,,0.0349,0.3892,0.5724
70053358490250,加速度计,2.4738,9.3410,4.7363,,,,,,,
70053368507334,加速度计,3.7439,7.7949,2.5241,,,,,,,
70053376028740,陀螺仪,,,,,,,,-0.0550,0.2898,0.2573
70053378524417,加速度计,4.4903,8.9435,5.8706,,,,,,,
70053388541813,加速度计,2.3960,9.4571,7.0814,,,,,,,
70053396064157,陀螺仪,,,,,,,,-0.0358,0.1541,-0.0052
70053398559625,加速度计,2.2661,9.4044,6.0651,,,,,,,
70053408577855,加速度计,3.2244,7.9194,6.8833,,,,,,,
70053416101240,陀螺仪,,,,,,,,0.0065,0.0422,-0.2675
70053418596500,加速度计,2.7007,7.6501,4.1258,,,,,,,
70053428615250,加速度计,2.1626,8.1002,3.4824,,,,,,,
70053436138740,陀螺仪,,,,,,,,-0.0016,-0.0270,-0.4740
70053438634000,加速度计,2.0231,8.6227,5.2014,,,,,,,
70053448652750,加速度计,0.5836,9.6875,3.6051,,,,,,,
70053456176240,陀螺仪,,,,,,,,-0.0724,-0.1380,-0.6350
70053458671500,加速度计,1.0792,8.9304,8.6772,,,,,,,
70053468690250,加速度计,-1.1372,8.3240,5.8730,,,,,,,
70053476213740,陀螺仪,,,,,,,,-0.0627,-0.2667,-0.7273
70053478709000,加速度计,0.0664,7.3550,5.6000,,,,,,,
70053488727750,加速度计,-0.7326,7.8979,6.4434,,,,,,,
70053496251240,陀螺仪,,,,,,,,-0.0325,-0.2555,-0.6724
70053498746500,加速度计,0.1125,8.0822,8.0206,,,,,,,
70053508765250,加速度计,1.0343,10.0413,5.3852,,,,,,,
70053516288740,陀螺仪,,,,,,,,0.0162,-0.1832,-0.5288
70053518784000,加速度计,-0.0054,9.4571,3.9612,,,,,,,
70053528805875,加速度计,0.0036,8.0715,0.7494,,,,,,,
70053536330198,陀螺仪,,,,,,,,-0.1079,-0.1441,-0.3883
70053538827542,加速度计,0.4579,7.3460,2.4265,,,,,,,
70053548837959,加速度计,0.8882,7.2143,5.5833,,,,,,,
70053556351448,陀螺仪,,,,,,,,-0.1071,-0.1055,-0.2991
70053558848688,加速度计,0.1993,8.1427,3.2759,,,,,,,
70053568860146,加速度计,0.4729,8.7753,2.8455,,,,,,,
70053576375615,陀螺仪,,,,,,,,-0.1615,-0.0265,-0.1838
70053578872438,加速度计,-0.3921,7.2287,4.1785,,,,,,,
70053588885875,加速度计,0.0784,7.3927,6.9761,,,,,,,
70053598900563,加速度计,0.0215,8.5323,9.9629,,,,,,,
70053596404365,陀螺仪,,,,,,,,-0.1764,-0.0016,-0.1332
70053608916500,加速度计,-0.7290,8.9160,5.4803,,,,,,,
70053616438115,陀螺仪,,,,,,,,-0.1438,-0.0172,-0.1438
70053618933688,加速度计,0.0479,8.3989,2.3906,,,,,,,
70053628952125,加速度计,1.5419,3.6123,4.4448,,,,,,,
70053636476865,陀螺仪,,,,,,,,-0.1449,-0.0575,-0.2708
70053638971813,加速度计,1.9848,5.6569,9.4116,,,,,,,
70053648992750,加速度计,-0.8254,11.5538,3.7619,,,,,,,
70053659014625,加速度计,-0.0898,8.0080,3.7697,,,,,,,
70053656520198,陀螺仪,,,,,,,,-0.1997,-0.1051,-0.3416
70053669037334,加速度计,1.7555,6.8396,10.5111,,,,,,,
70053676566448,陀螺仪,,,,,,,,-0.1637,-0.1048,-0.3478
70053679060563,加速度计,-0.3400,7.3975,4.3293,,,,,,,
70053689084209,加速度计,0.9379,6.6870,12.0345,,,,,,,
70053696613948,陀螺仪,,,,,,,,-0.0626,-0.1398,-0.3322
70053699107959,加速度计,1.4359,8.2091,9.2715,,,,,,,
70053709131709,加速度计,1.1917,7.4005,6.7540,,,,,,,
70053716657698,陀螺仪,,,,,,,,-0.0389,-0.1742,-0.4428
70053719152646,加速度计,2.3110,6.1543,7.2191,,,,,,,
70053729171084,加速度计,0.7548,5.8227,6.4883,,,,,,,
70053736693532,陀螺仪,,,,,,,,0.0209,-0.2218,-0.5806
70053739189000,加速度计,-0.2682,7.6315,7.8883,,,,,,,
70053749206917,加速度计,-0.4100,9.0237,4.3203,,,,,,,
70053756729365,陀螺仪,,,,,,,,-0.0273,-0.2951,-0.5898
70053759224834,加速度计,1.2408,5.3265,6.6846,,,,,,,
70053769242750,加速度计,1.1983,6.0100,7.5986,,,,,,,
70053779262230,加速度计,-0.2610,7.3466,6.3009,,,,,,,
70053776770771,陀螺仪,,,,,,,,-0.0044,-0.3172,-0.6257
70053789281344,加速度计,0.9726,7.1419,9.6289,,,,,,,
70053796799105,陀螺仪,,,,,,,,0.0328,-0.2884,-0.5543
70053799295511,加速度计,0.8212,7.6800,6.7852,,,,,,,
70053809309677,加速度计,0.6746,7.7686,5.0470,,,,,,,
70053816827855,陀螺仪,,,,,,,,-0.0230,-0.2671,-0.5198
70053819324157,加速度计,1.3431,5.8766,7.9601,,,,,,,
70053829339052,加速度计,0.7117,7.0407,8.2295,,,,,,,
70053836858271,陀螺仪,,,,,,,,0.0170,-0.2579,-0.4864
70053839354365,加速度计,0.7997,7.9733,8.4078,,,,,,,
70053849370094,加速度计,1.1558,8.1355,6.9366,,,,,,,
70053859402855,加速度计,1.3324,5.5492,6.5721,,,,,,,
70053856909469,陀螺仪,,,,,,,,0.0081,-0.2300,-0.4397
70053879559032,GPS,,,,31.9440,118.7828,1.8700,85.3000,,,
70053869425980,加速度计,0.6428,5.8915,6.4476,,,,,,,
70053876948427,陀螺仪,,,,,,,,-0.0029,-0.2080,-0.4549
70053879443896,加速度计,-0.0742,7.3538,6.9198,,,,,,,
70053889461813,加速度计,-0.3915,6.9408,8.3001,,,,,,,
70053905012001,GPS,,,,31.9440,118.7828,1.8700,85.3000,,,
70053896984261,陀螺仪,,,,,,,,0.0461,-0.1957,-0.3944
70053899479730,加速度计,-0.2622,6.0286,8.4599,,,,,,,
70053909497646,加速度计,-1.8842,6.4057,7.8350,,,,,,,
70053919516188,加速度计,-3.4979,6.8684,5.3265,,,,,,,
70053929556220,GPS,,,,31.9440,118.7828,1.8700,85.3000,,,
70053917021657,陀螺仪,,,,,,,,0.0453,-0.1639,-0.2245
70053929535355,加速度计,-2.1159,6.6804,7.5274,,,,,,,
70053939553375,加速度计,-2.3876,6.8797,6.6960,,,,,,,
70053937057907,陀螺仪,,,,,,,,0.0521,-0.1372,-0.0760
70053949571292,加速度计,-1.6795,6.5894,6.2716,,,,,,,
70053957093740,陀螺仪,,,,,,,,0.0469,-0.1356,-0.0806
70053959589209,加速度计,-0.6925,7.2083,5.6096,,,,,,,
70053969607125,加速度计,-1.6927,7.9206,6.7505,,,,,,,
70053979625042,加速度计,-1.8645,6.8085,8.1876,,,,,,,
70053977129573,陀螺仪,,,,,,,,0.0120,-0.1467,-0.0727
70053989642959,加速度计,-2.7737,7.2592,6.6092,,,,,,,
70053999660875,加速度计,-0.1047,7.0677,6.9809,,,,,,,
70053997165407,陀螺仪,,,,,,,,0.0589,-0.1478,0.0390
70054009678792,加速度计,-0.7368,7.3227,7.0108,,,,,,,
70054017201240,陀螺仪,,,,,,,,0.0543,-0.1139,0.0843
70054019696709,加速度计,-0.5142,8.5132,6.3590,,,,,,,
70054029714625,加速度计,-0.1377,8.6449,6.6068,,,,,,,
70054037237073,陀螺仪,,,,,,,,0.0582,-0.0684,0.1298
70054039732542,加速度计,-0.8811,8.2797,6.0334,,,,,,,
70054049750459,加速度计,-1.4359,7.9954,6.4230,,,,,,,
70054057272907,陀螺仪,,,,,,,,0.1115,0.0037,0.3007
70054059768375,加速度计,0.1963,8.8855,4.9883,,,,,,,
70054069786292,加速度计,0.2604,8.0026,6.1010,,,,,,,
70054077308740,陀螺仪,,,,,,,,0.0763,0.0859,0.4386
70054079804209,加速度计,-0.8458,8.6149,6.0274,,,,,,,
70054089822125,加速度计,-0.7039,8.8879,5.5773,,,,,,,
70054099840042,加速度计,0.9924,9.5056,4.2210,,,,,,,
70054097344573,陀螺仪,,,,,,,,0.1378,0.1374,0.4927
70054109864521,加速度计,-0.2209,7.7985,4.0701,,,,,,,
70054117383323,陀螺仪,,,,,,,,0.1036,0.1522,0.5128
70054119879521,加速度计,-1.5850,6.6798,2.9317,,,,,,,
70054129894521,加速度计,-1.1097,9.6654,1.4820,,,,,,,
70054137413323,陀螺仪,,,,,,,,0.0668,0.1401,0.5003
70054139909521,加速度计,-0.0628,9.7420,4.4610,,,,,,,
70054149924730,加速度计,0.0563,10.2514,8.4731,,,,,,,
70054157444365,陀螺仪,,,,,,,,0.0405,0.1324,0.4148
70054159940355,加速度计,-1.6041,11.2210,6.8223,,,,,,,
70054169956396,加速度计,-0.2801,7.4508,5.6084,,,,,,,
70054179972855,加速度计,-1.9854,6.5080,-0.3819,,,,,,,
70054177477073,陀螺仪,,,,,,,,0.0679,0.1040,0.3216
70054189989730,加速度计,-1.2707,8.1050,6.3542,,,,,,,
70054197511448,陀螺仪,,,,,,,,0.0362,0.0804,0.3683
70054200007021,加速度计,-1.3222,7.8679,9.6151,,,,,,,
70054210024730,加速度计,0.2640,10.7649,9.6953,,,,,,,
70054217547490,陀螺仪,,,,,,,,0.1949,0.1443,0.4222
70054220042855,加速度计,1.9148,12.0069,0.8984,,,,,,,
70054230061396,加速度计,0.0557,7.3239,0.9942,,,,,,,
70054240080355,加速度计,-2.0075,6.9486,2.5085,,,,,,,
70054237585198,陀螺仪,,,,,,,,-0.0024,0.2241,0.5044
70054250099730,加速度计,-0.2418,10.5913,5.3965,,,,,,,
70054257624573,陀螺仪,,,,,,,,-0.0453,0.3081,0.6425
70054260119521,加速度计,0.6404,9.6600,13.5554,,,,,,,
70054270139730,加速度计,-2.6564,9.5176,9.4326,,,,,,,
70054277665615,陀螺仪,,,,,,,,0.1021,0.3832,0.7679
70054280160355,加速度计,0.4573,5.9149,7.5172,,,,,,,
70054290181188,加速度计,0.6716,6.8402,-1.5927,,,,,,,
70054297707282,陀螺仪,,,,,,,,0.0635,0.4057,0.6991
70054300202021,加速度计,-1.2755,6.3991,-0.3011,,,,,,,
70054310222855,加速度计,-0.9433,8.5024,0.1694,,,,,,,
70054320243688,加速度计,-0.3202,8.8155,3.3686,,,,,,,
70054317748948,陀螺仪,,,,,,,,-0.1217,0.3684,0.6104
70054330263271,加速度计,0.3316,9.7821,6.5529,,,,,,,
70054340281396,加速度计,-1.7148,6.8139,12.7072,,,,,,,
70054337785927,陀螺仪,,,,,,,,-0.1503,0.3067,0.4133
70054350301813,加速度计,-2.7108,9.4469,11.5430,,,,,,,
70054357826032,陀螺仪,,,,,,,,0.0762,0.2330,0.2953
70054360325042,加速度计,-0.1443,9.4960,11.4359,,,,,,,
70054370329000,加速度计,0.3549,9.8330,1.0313,,,,,,,
70054377834886,陀螺仪,,,,,,,,0.0257,0.1699,0.1294
70054380333584,加速度计,-0.4220,5.6605,2.0931,,,,,,,
70054390339209,加速度计,0.1077,5.7862,4.8046,,,,,,,
70054397848323,陀螺仪,,,,,,,,-0.0185,0.1288,0.0579
70054400346292,加速度计,1.1546,8.8352,6.7600,,,,,,,
70054410355250,加速度计,0.4094,8.7448,8.8143,,,,,,,
70054420366500,加速度计,1.3827,8.1588,7.7518,,,,,,,
70054417869677,陀螺仪,,,,,,,,-0.0369,0.0952,0.0160
70054430380250,加速度计,1.2151,4.6579,7.8051,,,,,,,
70054440396500,加速度计,1.7238,4.4951,6.9971,,,,,,,
70054437900927,陀螺仪,,,,,,,,-0.0341,0.0582,-0.0798
70054450415250,加速度计,2.8120,6.2507,6.2525,,,,,,,
70054457942177,陀螺仪,,,,,,,,-0.0545,0.0485,-0.2023
70054460436500,加速度计,3.2238,6.3087,8.9711,,,,,,,
70054470460042,加速度计,1.1199,7.1886,10.3753,,,,,,,
70054477992073,陀螺仪,,,,,,,,0.0238,0.0154,-0.3164
70054480485459,加速度计,0.7739,8.0822,8.3103,,,,,,,
70054490512334,加速度计,1.0433,4.8931,6.8863,,,,,,,
70054500540250,加速度计,-1.1815,6.1968,4.8608,,,,,,,
70054498047386,陀螺仪,,,,,,,,0.0763,-0.0791,-0.3728
70054510568792,加速度计,0.5387,7.1880,4.5310,,,,,,,
70054520597542,加速度计,-0.0096,9.6786,3.4141,,,,,,,
70054518104782,陀螺仪,,,,,,,,0.0691,-0.1443,-0.4684
70054530624209,加速度计,-1.8435,9.2183,4.9518,,,,,,,
70054538149990,陀螺仪,,,,,,,,-0.0170,-0.1968,-0.4645
70054540645459,加速度计,-2.0734,8.0900,5.2577,,,,,,,
70054550663375,加速度计,-1.9980,8.1355,6.5972,,,,,,,
70054558185823,陀螺仪,,,,,,,,-0.0072,-0.2479,-0.4060
70054560681292,加速度计,-1.0199,8.0248,6.2046,,,,,,,
70054570699209,加速度计,-0.9385,7.8781,5.3157,,,,,,,
70054578221657,陀螺仪,,,,,,,,-0.0201,-0.2595,-0.3838
70054580717125,加速度计,-0.5285,7.0880,3.9181,,,,,,,
70054590735042,加速度计,-1.2558,6.1657,7.1455,,,,,,,
70054598259677,陀螺仪,,,,,,,,-0.0314,-0.2182,-0.2324
70054600754417,加速度计,0.6225,6.0029,8.4414,,,,,,,
70054610775980,加速度计,0.1107,8.1618,7.0803,,,,,,,
70054618291136,陀螺仪,,,,,,,,0.0055,-0.1606,-0.1140
70054620788063,加速度计,-1.1738,7.4555,7.5717,,,,,,,
70054630800355,加速度计,-0.3364,6.7247,6.7115,,,,,,,
70054640813063,加速度计,-0.4872,5.4570,4.5107,,,,,,,
70054638316344,陀螺仪,,,,,,,,0.0218,-0.1181,0.0200
70054650826396,加速度计,-0.7506,6.9061,3.5021,,,,,,,
70054658344261,陀螺仪,,,,,,,,-0.0780,-0.0597,0.1545
70054660840563,加速度计,-0.4627,5.9669,10.2765,,,,,,,
70054670855563,加速度计,1.3420,7.6632,14.4664,,,,,,,
70054680871396,加速度计,-0.7572,9.0094,6.7744,,,,,,,
70054678375511,陀螺仪,,,,,,,,0.0578,0.0169,0.1924
70054690888271,加速度计,-0.1598,6.8672,6.2752,,,,,,,
70054698411136,陀螺仪,,,,,,,,0.0230,0.0352,0.2328
70054700906396,加速度计,1.3132,3.7798,7.0210,,,,,,,
70054710925563,加速度计,0.8446,6.5679,7.5776,,,,,,,
70054720945563,加速度计,0.4142,7.9900,6.5990,,,,,,,
70054718450719,陀螺仪,,,,,,,,0.0194,0.0240,0.1905
70054730966396,加速度计,0.7177,8.4402,8.0990,,,,,,,
70054740987855,加速度计,1.1181,7.1359,10.1329,,,,,,,
70054738493323,陀螺仪,,,,,,,,0.0056,-0.0089,0.1154
70054751009730,加速度计,1.1115,8.1804,8.5419,,,,,,,
70054758537698,陀螺仪,,,,,,,,0.1073,-0.0292,-0.0173
70054761032021,加速度计,-1.0786,8.2271,4.3479,,,,,,,
70054771054521,加速度计,0.0365,6.5769,1.9824,,,,,,,
70054778582698,陀螺仪,,,,,,,,-0.0272,-0.0815,-0.0250
70054781077021,加速度计,-0.4453,6.2752,3.9211,,,,,,,
70054791098896,加速度计,0.5231,7.0024,9.2494,,,,,,,
70054798623323,陀螺仪,,,,,,,,0.0079,-0.0731,-0.0438
70054801118688,加速度计,0.2304,10.0179,8.1529,,,,,,,
70054811137021,加速度计,-0.2867,7.6668,6.9001,,,,,,,
70054821155146,加速度计,-0.7596,7.2778,1.4222,,,,,,,
70054818659677,陀螺仪,,,,,,,,0.0688,-0.0545,-0.0272
70054831173063,加速度计,-0.1329,7.4723,5.1852,,,,,,,
70054841190980,加速度计,0.6015,7.8931,8.1277,,,,,,,
70054838695511,陀螺仪,,,,,,,,0.0318,-0.0403,0.0636
70054851209313,加速度计,-0.6680,10.4321,6.0549,,,,,,,
70054861232282,加速度计,-0.1454,7.2658,9.1620,,,,,,,
70054858735667,陀螺仪,,,,,,,,0.0192,0.0087,0.1326
70054871245615,加速度计,-0.3142,7.1994,4.5436,,,,,,,
70054881258948,加速度计,-1.6891,6.3919,-0.0682,,,,,,,
70054878762334,陀螺仪,,,,,,,,0.0254,0.0892,0.2447
70054891272334,加速度计,0.7302,6.2572,0.4878,,,,,,,
70054901286136,加速度计,-1.4928,7.8338,3.4249,,,,,,,
70054898789730,陀螺仪,,,,,,,,-0.0984,0.1672,0.3732
70054911300407,加速度计,1.2103,7.9104,8.4946,,,,,,,
70054921316292,加速度计,0.4663,10.3112,4.0103,,,,,,,
70054918822438,陀螺仪,,,,,,,,-0.0706,0.1850,0.4186
70054931345823,加速度计,0.2849,6.5170,3.4560,,,,,,,
70054947095334,GPS,,,,31.9440,118.7828,2.4700,90.6000,,,
70054941371865,加速度计,1.9567,4.8273,5.0488,,,,,,,
70054938877646,陀螺仪,,,,,,,,-0.1037,0.1751,0.3249
70054951391917,加速度计,-0.8739,7.8661,2.1979,,,,,,,
70054961410250,加速度计,1.0953,10.1993,8.3677,,,,,,,
70054958914886,陀螺仪,,,,,,,,-0.1762,0.1386,0.2200
70054971428323,加速度计,1.8621,10.9595,13.7750,,,,,,,
70054981446240,加速度计,1.6340,9.0764,12.2146,,,,,,,
70054978950771,陀螺仪,,,,,,,,-0.0714,0.1073,0.0511
70054991464157,加速度计,1.0546,6.4967,-1.4473,,,,,,,
70055001482073,加速度计,0.4639,4.1426,-5.6790,,,,,,,
70054998986605,陀螺仪,,,,,,,,-0.0631,0.0812,-0.0776
70055011499990,加速度计,1.1390,5.5270,15.6593,,,,,,,
70055021517907,加速度计,3.6757,14.3915,15.2044,,,,,,,
70055019022438,陀螺仪,,,,,,,,-0.0395,0.0232,-0.0973
70055031535823,加速度计,1.7837,16.9551,1.7873,,,,,,,
70055041553740,加速度计,-0.0736,1.9609,-8.4725,,,,,,,
70055039058271,陀螺仪,,,,,,,,-0.2218,-0.0386,-0.2815
70055051571657,加速度计,2.9317,0.3047,20.3316,,,,,,,
70055059094105,陀螺仪,,,,,,,,0.1085,0.0278,-0.3040
70055061589573,加速度计,1.4503,10.5614,5.9077,,,,,,,
70055071607490,加速度计,0.3316,15.2738,1.9626,,,,,,,
70055081625407,加速度计,2.6330,4.5298,9.3458,,,,,,,
70055079129938,陀螺仪,,,,,,,,-0.1872,-0.0920,-0.3711
70055091643323,加速度计,4.1049,4.1348,11.6412,,,,,,,
70055101661240,加速度计,-1.4587,8.0834,5.3421,,,,,,,
70055099165771,陀螺仪,,,,,,,,0.0226,-0.0971,-0.5017
70055111687073,加速度计,-0.6740,7.9290,5.4169,,,,,,,
70055121699990,加速度计,0.1742,4.3329,8.9298,,,,,,,
70055119203271,陀螺仪,,,,,,,,-0.0557,-0.1823,-0.4454
70055131713011,加速度计,0.4112,6.5763,4.2916,,,,,,,
70055141726448,加速度计,-0.0724,8.8843,8.9154,,,,,,,
70055139229938,陀螺仪,,,,,,,,-0.0356,-0.1905,-0.4567
70055151740302,加速度计,0.5339,6.9576,9.1267,,,,,,,
70055161754677,加速度计,-0.3406,5.6761,4.2689,,,,,,,
70055159258480,陀螺仪,,,,,,,,-0.0469,-0.1562,-0.3563
70055171769886,加速度计,0.8859,7.5902,4.0791,,,,,,,
70055181785927,加速度计,0.0401,5.8287,8.5162,,,,,,,
70055179290146,陀螺仪,,,,,,,,-0.1403,-0.0979,-0.2498
70055191802802,加速度计,-2.1117,6.1746,13.0586,,,,,,,
70055201820511,加速度计,0.4435,7.0443,13.0400,,,,,,,
70055199325146,陀螺仪,,,,,,,,0.0164,-0.0250,-0.0447
70055211839052,加速度计,-0.9098,6.3147,4.5059,,,,,,,
70055221858427,加速度计,0.0563,5.2708,2.3679,,,,,,,
70055219363480,陀螺仪,,,,,,,,0.0503,0.0310,0.0899
70055231878636,加速度计,0.7177,3.6530,8.5623,,,,,,,
70055241899573,加速度计,-1.2157,7.0635,6.3889,,,,,,,
70055239404938,陀螺仪,,,,,,,,0.1465,0.1362,0.1844
70055251920927,加速度计,-1.0403,8.3929,7.2437,,,,,,,
70055261942698,加速度计,-0.4788,9.0255,2.8341,,,,,,,
70055259448271,陀螺仪,,,,,,,,0.2376,0.1798,0.3268
70055271964782,加速度计,0.3023,9.0052,2.5893,,,,,,,
70055281986865,加速度计,1.4246,9.6552,2.5582,,,,,,,
70055279492438,陀螺仪,,,,,,,,0.1393,0.2309,0.3404
70055292008740,加速度计,0.5902,12.4552,2.6761,,,,,,,
70055302029157,加速度计,0.5327,8.8669,9.0710,,,,,,,
70055299533688,陀螺仪,,,,,,,,-0.0803,0.2591,0.3213
70055312047073,加速度计,0.3346,5.8401,11.7370,,,,,,,
70055319569521,陀螺仪,,,,,,,,0.0558,0.2862,0.3008
70055322064990,加速度计,0.6476,0.2664,12.4103,,,,,,,
70055332082907,加速度计,0.7129,8.2989,2.9832,,,,,,,
70055342100823,加速度计,0.3567,9.2859,2.2392,,,,,,,
70055339605355,陀螺仪,,,,,,,,0.1377,0.2551,0.1687
70055352119990,加速度计,-0.2490,14.5520,2.0740,,,,,,,
70055362149834,加速度计,0.4298,4.4412,14.8309,,,,,,,
70055359650615,陀螺仪,,,,,,,,-0.1589,0.1850,0.0292
70055372152855,加速度计,-1.9716,1.5060,11.8010,,,,,,,
70055379657490,陀螺仪,,,,,,,,0.0959,0.1812,0.0625
70055382156396,加速度计,2.1913,5.4199,1.9842,,,,,,,
70055392160980,加速度计,0.8595,6.3075,3.7565,,,,,,,
70055402167334,加速度计,-0.1927,9.3075,7.3047,,,,,,,
70055399669365,陀螺仪,,,,,,,,0.0312,0.1443,-0.1441
70055412175771,加速度计,-1.7651,7.7824,8.7508,,,,,,,
70055422186396,加速度计,-0.4932,10.9529,3.4584,,,,,,,
70055419689573,陀螺仪,,,,,,,,0.0092,0.0834,-0.0913
70055432199521,加速度计,1.8112,5.6593,10.1897,,,,,,,
70055439719573,陀螺仪,,,,,,,,-0.0130,0.0772,-0.1405
70055442215146,加速度计,0.2885,8.3588,2.4624,,,,,,,
70055452233271,加速度计,0.7045,6.4123,7.0623,,,,,,,
70055462253896,加速度计,-1.3952,9.6397,5.9442,,,,,,,
70055459759573,陀螺仪,,,,,,,,-0.0445,0.0646,-0.1988
70055472276917,加速度计,-0.5878,7.9470,10.8541,,,,,,,
70055479808532,陀螺仪,,,,,,,,0.0142,0.0196,-0.2073
70055482301917,加速度计,0.0910,8.3905,7.5399,,,,,,,
70055492328480,加速度计,-1.5251,7.6938,7.0773,,,,,,,
70055499863323,陀螺仪,,,,,,,,0.0912,-0.0419,-0.2503
70055502356188,加速度计,-0.9337,6.2225,11.2964,,,,,,,
70055512384625,加速度计,1.0511,9.3302,1.9279,,,,,,,
70055522413375,加速度计,-0.7596,8.9118,-3.7828,,,,,,,
70055519920615,陀螺仪,,,,,,,,0.0696,-0.0980,-0.3218
70055532441605,加速度计,-1.1211,6.3351,-1.1139,,,,,,,
70055542466084,加速度计,-0.8787,5.2900,1.2599,,,,,,,
70055539970615,陀螺仪,,,,,,,,-0.1891,-0.1599,-0.3567
70055552484000,加速度计,-0.5381,6.9899,8.0254,,,,,,,
70055560006448,陀螺仪,,,,,,,,-0.2261,-0.2017,-0.3322
70055562501917,加速度计,-0.4292,10.8062,15.0051,,,,,,,
70055572519834,加速度计,0.7811,8.6389,16.8654,,,,,,,
70055582537750,加速度计,0.0347,7.2700,3.1496,,,,,,,
70055580042282,陀螺仪,,,,,,,,0.0546,-0.1779,-0.3826
70055592555667,加速度计,0.6117,5.7353,1.8753,,,,,,,
70055602574209,加速度计,0.7314,5.4815,3.3202,,,,,,,
70055600079365,陀螺仪,,,,,,,,-0.0272,-0.1675,-0.3575
70055612596188,加速度计,-1.8322,9.3410,5.7293,,,,,,,
70055622610355,加速度计,0.8164,10.3280,4.7681,,,,,,,
70055620113948,陀螺仪,,,,,,,,-0.0700,-0.1660,-0.2447
70055632624521,加速度计,2.3900,6.6553,10.1514,,,,,,,
70055642638844,加速度计,-1.2270,7.2490,9.1165,,,,,,,
70055640142542,陀螺仪,,,,,,,,-0.0619,-0.1015,-0.1589
70055652653584,加速度计,1.1109,8.0475,5.2325,,,,,,,
70055662668740,加速度计,0.7272,8.1594,1.0959,,,,,,,
70055660172646,陀螺仪,,,,,,,,0.0087,-0.0477,-0.1131
70055672684313,加速度计,-1.4072,6.2806,6.3835,,,,,,,
70055682700459,加速度计,-1.5592,5.7239,10.4908,,,,,,,
70055680204677,陀螺仪,,,,,,,,-0.0410,-0.0609,-0.1076
70055692717438,加速度计,0.5441,9.2703,4.9734,,,,,,,
70055702735250,加速度计,-1.2869,10.0981,3.4207,,,,,,,
70055700239886,陀螺仪,,,,,,,,-0.0120,-0.0999,-0.0788
70055712753896,加速度计,1.5269,5.5725,12.8018,,,,,,,
70055722773219,加速度计,-0.2274,7.7345,6.2016,,,,,,,
70055720278167,陀螺仪,,,,,,,,0.0535,-0.1131,-0.1502
70055732792959,加速度计,-0.8529,8.6820,2.1087,,,,,,,
70055742813115,加速度计,0.0431,6.5326,4.4347,,,,,,,
70055740318271,陀螺仪,,,,,,,,-0.0253,-0.1461,-0.1879
70055752833688,加速度计,-1.4060,3.7230,9.6666,,,,,,,
70055760360042,陀螺仪,,,,,,,,0.0127,-0.1820,-0.1973
70055762854677,加速度计,0.0922,7.3418,9.5924,,,,,,,
70055772875927,加速度计,-0.4770,9.5038,7.2024,,,,,,,
70055782897177,加速度计,-0.0401,8.1056,9.8994,,,,,,,
70055780402542,陀螺仪,,,,,,,,0.0190,-0.2144,-0.2284
70055792918427,加速度计,-0.8805,5.1739,5.1745,,,,,,,
70055802938896,加速度计,0.2574,5.7874,3.9600,,,,,,,
70055800443740,陀螺仪,,,,,,,,0.0329,-0.2426,-0.2567
70055812957594,加速度计,-0.1448,6.0950,4.4484,,,,,,,
70055822975511,加速度计,-1.8992,6.7457,8.7478,,,,,,,
70055820480042,陀螺仪,,,,,,,,-0.0747,-0.2776,-0.2470
70055832993427,加速度计,0.2981,6.8773,13.5350,,,,,,,
70055843011344,加速度计,0.1664,7.0084,8.9920,,,,,,,
70055840515875,陀螺仪,,,,,,,,0.0481,-0.3088,-0.2768
70055853031761,加速度计,-0.1197,6.1202,3.0831,,,,,,,
70055863063844,加速度计,-0.9457,5.4708,3.2250,,,,,,,
70055860562438,陀螺仪,,,,,,,,0.0073,-0.3365,-0.2967
70055873058323,加速度计,-1.0157,5.2397,11.8872,,,,,,,
70055883053948,加速度计,0.2622,7.7033,10.9858,,,,,,,
70055880553167,陀螺仪,,,,,,,,0.0378,-0.3470,-0.2097
70055893051552,加速度计,1.5484,7.5286,6.7983,,,,,,,
70055903051813,加速度计,-0.3226,7.7548,3.5620,,,,,,,
70055900552386,陀螺仪,,,,,,,,0.0473,-0.3152,-0.2051
70055913055302,加速度计,-0.2382,4.1354,9.7486,,,,,,,
70055923064261,加速度计,0.6201,6.4308,8.6287,,,,,,,
70055920570355,陀螺仪,,,,,,,,0.1192,-0.2683,-0.1230
70055933088427,加速度计,-1.4120,9.4104,1.0463,,,,,,,
70055944163094,GPS,,,,31.9440,118.7829,3.0000,84.3000,,,
70055943115511,加速度计,0.4334,7.0461,12.0093,,,,,,,
70055940622959,陀螺仪,,,,,,,,0.0357,-0.2471,-0.0064
70055953145094,加速度计,-0.6039,7.3436,5.3744,,,,,,,
70055963176761,加速度计,0.4286,7.0306,12.5540,,,,,,,
70055960685042,陀螺仪,,,,,,,,0.1115,-0.2149,0.0376
70055973209677,加速度计,-0.9708,10.7200,-1.9788,,,,,,,
70055983243427,加速度计,-0.1802,2.0117,10.1317,,,,,,,
70055980751917,陀螺仪,,,,,,,,0.0417,-0.1804,0.1362
70055993277177,加速度计,0.9313,5.0985,5.2104,,,,,,,
70056003303427,加速度计,-1.7262,12.1129,4.5783,,,,,,,
70056000808063,陀螺仪,,,,,,,,0.1562,-0.1289,0.1851
70056013321761,加速度计,-1.5742,13.1352,0.5620,,,,,,,
70056023339677,加速度计,0.7242,5.6443,8.1594,,,,,,,
70056020844209,陀螺仪,,,,,,,,-0.0562,-0.0856,0.3004
70056033357594,加速度计,1.1151,4.9374,9.5960,,,,,,,
70056043375511,加速度计,-1.7825,9.5672,4.8387,,,,,,,
70056040880042,陀螺仪,,,,,,,,0.0113,-0.0531,0.3057
70056053393427,加速度计,-1.3533,8.3366,11.2216,,,,,,,
70056063411344,加速度计,2.6025,7.8727,8.9477,,,,,,,
70056060915875,陀螺仪,,,,,,,,0.0947,-0.0364,0.4176
70056073429261,加速度计,1.1055,8.3815,2.5522,,,,,,,
70056083447177,加速度计,-0.8894,7.9883,-2.5804,,,,,,,
70056080951709,陀螺仪,,,,,,,,0.1068,0.0264,0.3554
70056093465094,加速度计,0.0515,5.7491,-3.2094,,,,,,,
70056103483011,加速度计,0.3184,6.0286,-0.5160,,,,,,,
70056100990563,陀螺仪,,,,,,,,-0.1830,0.0178,0.3759
70056113508063,加速度计,0.3250,9.1752,9.6432,,,,,,,
70056123517230,加速度计,0.4806,8.6814,17.0629,,,,,,,
70056121019573,陀螺仪,,,,,,,,-0.2252,0.0076,0.3005
70056133526605,加速度计,0.0437,10.7422,14.7483,,,,,,,
70056141039261,陀螺仪,,,,,,,,0.1224,0.0172,0.2268
70056143536605,加速度计,0.9762,9.7402,7.6363,,,,,,,
70056153547646,加速度计,-1.0942,4.7429,-0.6255,,,,,,,
70056163559938,加速度计,-1.3922,5.9801,-3.0807,,,,,,,
70056161063219,陀螺仪,,,,,,,,0.0095,0.0040,0.2482
70056173573688,加速度计,1.0337,7.8207,7.8560,,,,,,,
70056181093219,陀螺仪,,,,,,,,-0.1017,0.0045,0.2704
70056183589105,加速度计,0.6949,10.5542,7.7584,,,,,,,
70056193606188,加速度计,0.9415,9.1680,6.1812,,,,,,,
70056203624938,加速度计,1.7053,6.0621,7.6387,,,,,,,
70056201129886,陀螺仪,,,,,,,,-0.0663,0.0278,0.2059
70056213645146,加速度计,1.1756,5.4558,8.5533,,,,,,,
70056223666605,加速度计,-0.3867,6.7516,8.3995,,,,,,,
70056221172177,陀螺仪,,,,,,,,-0.0144,0.0451,0.1859
70056233689313,加速度计,-1.4054,8.2163,7.6154,,,,,,,
70056243713063,加速度计,0.5405,7.1641,5.2080,,,,,,,
70056241219157,陀螺仪,,,,,,,,0.0605,0.0389,0.2404
70056253737438,加速度计,1.5927,6.2668,2.9371,,,,,,,
70056261268532,陀螺仪,,,,,,,,-0.0334,0.0529,0.2198
70056263762230,加速度计,-0.9313,9.4834,3.6230,,,,,,,
70056273787230,加速度计,0.1389,7.2945,11.0666,,,,,,,
70056283810980,加速度计,1.5275,5.8963,10.6608,,,,,,,
70056281316657,陀螺仪,,,,,,,,-0.0075,0.0850,0.2290
70056293831396,加速度计,-0.8793,7.9529,4.6597,,,,,,,
70056301354052,陀螺仪,,,,,,,,0.0081,0.1095,0.2776
70056303849521,加速度计,1.0415,6.7576,5.6515,,,,,,,
70056313867438,加速度计,1.7933,5.9520,7.5513,,,,,,,
70056323885355,加速度计,0.5692,7.1425,8.7580,,,,,,,
70056321389886,陀螺仪,,,,,,,,0.0016,0.1585,0.2823
70056333903271,加速度计,0.0162,8.3336,5.0194,,,,,,,
70056343921188,加速度计,0.5680,6.4380,6.5356,,,,,,,
70056341425719,陀螺仪,,,,,,,,-0.0023,0.2196,0.3394
70056353940355,加速度计,0.3819,7.4190,8.6969,,,,,,,
70056361464730,陀螺仪,,,,,,,,0.0471,0.2779,0.3927
70056363961344,加速度计,0.5734,6.1148,10.1622,,,,,,,
70056373974677,加速度计,1.1684,8.9789,5.1517,,,,,,,
70056383988011,加速度计,1.6807,7.6076,3.8259,,,,,,,
70056381491396,陀螺仪,,,,,,,,0.0546,0.3177,0.4063
70056394001552,加速度计,0.3753,4.9722,5.9693,,,,,,,
70056404015511,加速度计,-0.6153,5.7431,10.7170,,,,,,,
70056401519105,陀螺仪,,,,,,,,0.0354,0.3502,0.3679
70056414030094,加速度计,0.3783,8.5138,5.9999,,,,,,,
70056424045511,加速度计,1.6227,6.5338,4.9470,,,,,,,
70056421549521,陀螺仪,,,,,,,,0.0582,0.3481,0.3610
70056434061761,加速度计,0.9391,6.2345,4.9608,,,,,,,
70056444078844,加速度计,1.8387,7.2640,7.1084,,,,,,,
70056441583271,陀螺仪,,,,,,,,0.0136,0.3466,0.2305
70056454096761,加速度计,1.2833,7.7231,9.5954,,,,,,,
70056464115511,加速度计,-0.9487,8.5162,4.3820,,,,,,,
70056461620355,陀螺仪,,,,,,,,0.0334,0.3140,0.1139
70056474135094,加速度计,0.4064,4.6082,5.2643,,,,,,,
70056484155511,加速度计,2.1769,6.2465,12.2439,,,,,,,
70056481660771,陀螺仪,,,,,,,,-0.0478,0.2507,0.0322
70056494176552,加速度计,0.0646,6.9863,12.1787,,,,,,,
70056504198011,加速度计,0.7141,7.9458,4.8369,,,,,,,
70056501703480,陀螺仪,,,,,,,,0.1678,0.2166,-0.0870
70056514219886,加速度计,1.0481,7.8919,-1.1319,,,,,,,
70056524241969,加速度计,0.1550,4.6531,7.5375,,,,,,,
70056521747542,陀螺仪,,,,,,,,-0.0197,0.1386,-0.2266
70056534264052,加速度计,0.2149,9.3835,8.6090,,,,,,,
70056544285302,加速度计,0.5046,10.0269,6.1130,,,,,,,
70056541790459,陀螺仪,,,,,,,,0.0209,0.0855,-0.2728
70056554304677,加速度计,1.1582,7.4627,3.6542,,,,,,,
70056564322802,加速度计,0.6416,3.6757,7.7692,,,,,,,
70056561827334,陀螺仪,,,,,,,,-0.0511,0.0478,-0.3553
70056574340719,加速度计,-0.7171,7.7105,5.4827,,,,,,,
70056584358636,加速度计,-1.7412,8.7670,16.5296,,,,,,,
70056581863167,陀螺仪,,,,,,,,-0.0193,-0.0105,-0.3887
70056594376552,加速度计,-0.6578,9.6911,12.3080,,,,,,,
70056604394677,加速度计,2.0339,7.4226,3.6368,,,,,,,
70056601899313,陀螺仪,,,,,,,,0.1390,-0.0723,-0.3467
70056614414000,加速度计,0.9242,6.2219,-4.5041,,,,,,,
70056624431917,加速度计,0.4705,4.0713,-1.6484,,,,,,,
70056621936448,陀螺仪,,,,,,,,-0.0197,-0.0989,-0.4976
70056634449834,加速度计,-2.6157,5.6994,0.9218,,,,,,,
70056644467750,加速度计,-1.1654,10.8954,8.6090,,,,,,,
70056641972282,陀螺仪,,,,,,,,-0.2224,-0.1607,-0.3684
70056654485667,加速度计,0.8320,7.2377,20.4602,,,,,,,
70056664503584,加速度计,0.9295,9.6744,13.2968,,,,,,,
70056662008115,陀螺仪,,,,,,,,0.0200,-0.1206,-0.3197
70056674521500,加速度计,0.5573,9.3452,2.9598,,,,,,,
70056682043948,陀螺仪,,,,,,,,0.0358,-0.0980,-0.3013
70056684539417,加速度计,0.3819,6.5212,0.5704,,,,,,,
70056694557334,加速度计,-0.6710,5.1727,3.0700,,,,,,,
70056704575250,加速度计,-1.9309,6.8342,7.7698,,,,,,,
70056702079782,陀螺仪,,,,,,,,-0.0900,-0.1301,-0.2734
70056714593167,加速度计,-1.1037,9.6217,7.0437,,,,,,,
70056724611084,加速度计,0.6009,7.3795,8.8280,,,,,,,
70056722115615,陀螺仪,,,,,,,,-0.0150,-0.1140,-0.1759
70056734629000,加速度计,-0.4747,7.5441,3.8571,,,,,,,
70056742151448,陀螺仪,,,,,,,,-0.0257,-0.0989,-0.1477
70056744646917,加速度计,-0.1131,6.5027,5.7622,,,,,,,
70056754664834,加速度计,-0.9200,7.5130,6.4404,,,,,,,
70056762187282,陀螺仪,,,,,,,,0.0059,-0.0996,-0.0887
70056764682750,加速度计,-0.9056,7.1281,7.8260,,,,,,,
70056774700667,加速度计,-0.5052,8.6616,9.6648,,,,,,,
70056784718584,加速度计,0.0431,7.8231,6.8498,,,,,,,
70056782223115,陀螺仪,,,,,,,,0.0354,-0.1075,-0.0445
70056794736500,加速度计,1.4006,7.9380,4.4107,,,,,,,
70056804754417,加速度计,-2.1572,7.2371,7.1245,,,,,,,
70056802258948,陀螺仪,,,,,,,,0.0365,-0.1005,-0.1206
70056814772334,加速度计,-2.1219,7.1024,7.7500,,,,,,,
70056822294782,陀螺仪,,,,,,,,0.0457,-0.1445,-0.0507
70056824790250,加速度计,-0.0676,7.3137,6.3919,,,,,,,
70056834808167,加速度计,0.3148,7.1150,6.3770,,,,,,,
70056844826084,加速度计,-0.8021,5.7581,5.6994,,,,,,,
70056842330615,陀螺仪,,,,,,,,0.0162,-0.1694,-0.0719
70056854846605,加速度计,-0.0904,4.9997,7.6034,,,,,,,
70056862376188,陀螺仪,,,,,,,,0.0945,-0.1378,-0.0561
70056864874573,加速度计,0.5728,9.1614,6.5122,,,,,,,
70056874881032,加速度计,-1.6215,8.9376,8.1726,,,,,,,
70056882390042,陀螺仪,,,,,,,,0.0593,-0.1216,0.0537
70056884888115,加速度计,-0.7386,6.2369,9.0555,,,,,,,
70056894896240,加速度计,0.4920,7.1922,5.2080,,,,,,,
70056902408167,陀螺仪,,,,,,,,0.0547,-0.0755,0.1618
70056904905615,加速度计,-0.6955,7.0204,5.6964,,,,,,,
70056914916448,加速度计,-0.0658,6.2752,10.2077,,,,,,,
70056924933688,加速度计,-0.3639,7.0563,8.5228,,,,,,,
70056922441136,陀螺仪,,,,,,,,0.0940,0.0153,0.2899
70056934963271,加速度计,-1.0427,7.4717,4.5681,,,,,,,
70056945469031,GPS,,,,31.9440,118.7829,3.2200,90.0000,,,
70056944993688,加速度计,-0.5692,5.1631,6.6433,,,,,,,
70056942501344,陀螺仪,,,,,,,,0.0585,0.1007,0.4394
70056955024105,加速度计,-0.3980,5.3858,6.8313,,,,,,,
70056965050771,加速度计,-0.6907,8.6401,5.3858,,,,,,,
70056962555302,陀螺仪,,,,,,,,0.0547,0.1671,0.5337
70056975068688,加速度计,-0.8511,7.4316,9.2314,,,,,,,
70056985086605,加速度计,-0.9475,7.0521,10.1053,,,,,,,
70056982591136,陀螺仪,,,,,,,,0.0040,0.1783,0.5413
70056995104521,加速度计,0.0964,5.6557,8.7550,,,,,,,
70057005122438,加速度计,-0.4962,6.6206,2.9586,,,,,,,
70057002626969,陀螺仪,,,,,,,,0.0977,0.1619,0.4422
70057015140355,加速度计,-0.9762,5.5689,4.3784,,,,,,,
70057025158271,加速度计,0.3621,5.8508,8.7430,,,,,,,
70057022662802,陀螺仪,,,,,,,,0.0173,0.1096,0.3603
70057035176188,加速度计,0.2496,7.9428,8.4096,,,,,,,
70057045194105,加速度计,0.0036,7.3460,5.3594,,,,,,,
70057042698636,陀螺仪,,,,,,,,0.0767,0.0776,0.2285
70057055212021,加速度计,0.7344,8.4521,8.0313,,,,,,,
70057065229938,加速度计,0.5207,8.8759,5.8383,,,,,,,
70057062734469,陀螺仪,,,,,,,,0.0895,0.0523,0.1505
70057075247855,加速度计,2.4199,10.5782,2.7539,,,,,,,
70057085265771,加速度计,-0.6159,8.9519,3.9061,,,,,,,
70057082770302,陀螺仪,,,,,,,,-0.0276,0.0526,0.0559
70057095283688,加速度计,2.1919,4.3616,10.2687,,,,,,,
70057105301605,加速度计,0.2041,7.2646,9.2698,,,,,,,
70057102813063,陀螺仪,,,,,,,,-0.0419,0.0491,0.0581
70057115326396,加速度计,-0.1012,8.7574,11.5107,,,,,,,
70057125336813,加速度计,1.7244,8.7053,7.7417,,,,,,,
70057122839469,陀螺仪,,,,,,,,0.0909,0.0201,0.0461
70057135347490,加速度计,2.3290,5.3313,5.7419,,,,,,,
70057145358844,加速度计,1.2887,8.8280,-6.4218,,,,,,,
70057155371032,加速度计,0.6446,4.7609,-2.6025,,,,,,,
70057142861813,陀螺仪,,,,,,,,0.1467,0.0204,-0.0462
70057162887802,陀螺仪,,,,,,,,-0.2198,0.0095,-0.0843
70057165384313,加速度计,0.1802,8.7155,-2.0776,,,,,,,
70057175398844,加速度计,1.9459,6.8217,18.0631,,,,,,,
70057185414625,加速度计,1.6580,10.7458,17.8302,,,,,,,
70057182918740,陀螺仪,,,,,,,,-0.1344,-0.0108,-0.1297
70057195431657,加速度计,2.7773,9.4349,12.0979,,,,,,,
70057202954677,陀螺仪,,,,,,,,0.0569,-0.0679,-0.2842
70057205449938,加速度计,-1.1331,8.5431,-0.8009,,,,,,,
70057215469469,加速度计,-1.1372,2.9012,2.5480,,,,,,,
70057225490250,加速度计,2.2314,5.7628,7.5453,,,,,,,
70057222995615,陀螺仪,,,,,,,,-0.0346,-0.1511,-0.3352
70057235512021,加速度计,0.9122,9.4086,8.0409,,,,,,,
70057245534625,加速度计,-0.0263,8.3031,8.2139,,,,,,,
70057243040407,陀螺仪,,,,,,,,-0.0932,-0.1716,-0.3136
70057255557802,加速度计,2.6199,5.8556,9.1165,,,,,,,
70057265581396,加速度计,1.7897,5.9831,5.3864,,,,,,,
70057263087386,陀螺仪,,,,,,,,0.0582,-0.1565,-0.3791
70057275605146,加速度计,1.7089,6.7750,4.3263,,,,,,,
70057283134886,陀螺仪,,,,,,,,0.0212,-0.1711,-0.3202
70057285628896,加速度计,-0.7201,7.4633,4.9734,,,,,,,
70057295650302,加速度计,0.6446,8.9645,6.5062,,,,,,,
70057303173896,陀螺仪,,,,,,,,-0.0032,-0.1409,-0.2754
70057305669261,加速度计,3.1220,7.3137,8.6880,,,,,,,
70057315687594,加速度计,0.0371,7.2808,4.7902,,,,,,,
70057325705667,加速度计,-1.3862,6.9617,3.7912,,,,,,,
70057323210198,陀螺仪,,,,,,,,0.0032,-0.1028,-0.1648
70057335723584,加速度计,1.6610,8.0248,7.2461,,,,,,,
70057345741500,加速度计,-1.7047,7.5238,6.7995,,,,,,,
70057343246032,陀螺仪,,,,,,,,-0.0574,-0.0941,-0.0766
70057355760198,加速度计,-0.5776,7.0988,7.5597,,,,,,,
70057363283271,陀螺仪,,,,,,,,-0.0198,-0.0692,0.0249
70057365779469,加速度计,1.2564,7.1712,8.8951,,,,,,,
70057375794469,加速度计,-0.0880,6.9677,7.5226,,,,,,,
70057385809469,加速度计,0.0634,7.7177,6.0436,,,,,,,
70057383313271,陀螺仪,,,,,,,,0.0067,0.0020,0.0699
70057395824469,加速度计,-1.6095,6.7307,5.6024,,,,,,,
70057405839730,加速度计,0.2885,5.9580,10.8397,,,,,,,
70057403343636,陀螺仪,,,,,,,,-0.0103,0.0437,0.1870
70057415855407,加速度计,-0.9864,8.2917,7.6297,,,,,,,
70057425871500,加速度计,0.1760,8.0744,5.5138,,,,,,,
70057423375615,陀螺仪,,,,,,,,0.0490,0.1111,0.3265
70057435888011,加速度计,1.3629,6.8833,7.3520,,,,,,,
70057445904938,加速度计,-0.7626,6.3734,6.4919,,,,,,,
70057443409261,陀螺仪,,,,,,,,0.0148,0.1720,0.3635
70057455922282,加速度计,-0.3921,5.5474,6.9468,,,,,,,
70057465940302,加速度计,-0.2723,7.4615,5.3367,,,,,,,
70057463444938,陀螺仪,,,,,,,,0.0627,0.2217,0.4513
70057475958896,加速度计,0.4609,6.3746,6.1088,,,,,,,
70057485977907,加速度计,-0.4950,7.0491,4.6370,,,,,,,
70057483482750,陀螺仪,,,,,,,,0.0502,0.2676,0.4747
70057495997334,加速度计,0.7649,7.8099,6.0573,,,,,,,
70057506017177,加速度计,-0.1532,8.5144,9.6265,,,,,,,
70057503522230,陀螺仪,,,,,,,,0.0020,0.3001,0.4643
70057516037438,加速度计,-0.7943,6.7020,10.8338,,,,,,,
70057526058115,加速度计,0.3089,6.3285,5.6000,,,,,,,
70057523563375,陀螺仪,,,,,,,,0.0615,0.3224,0.4840
70057536078948,加速度计,1.4042,6.7421,3.7721,,,,,,,
70057546099782,加速度计,0.1089,5.0703,6.2387,,,,,,,
70057543605042,陀螺仪,,,,,,,,0.0244,0.3237,0.3798
70057556120615,加速度计,-0.7727,6.7421,7.3400,,,,,,,
70057566141448,加速度计,1.0050,7.0844,12.1530,,,,,,,
70057563646709,陀螺仪,,,,,,,,0.0206,0.2824,0.3147
70057576160459,加速度计,-0.0539,7.6866,7.3927,,,,,,,
70057586178375,加速度计,0.3579,7.3149,4.9997,,,,,,,
70057583682907,陀螺仪,,,,,,,,0.1080,0.2718,0.2206
70057596196292,加速度计,0.7679,8.5880,3.5213,,,,,,,
70057606217594,加速度计,-0.3897,6.4051,10.4878,,,,,,,
70057603731657,陀螺仪,,,,,,,,-0.0270,0.2369,0.1401
70057616240198,加速度计,0.0808,7.5968,10.0335,,,,,,,
70057626240042,加速度计,1.1660,8.8178,4.3682,,,,,,,
70057623740094,陀螺仪,,,,,,,,0.0842,0.2053,0.0675
70057636240823,加速度计,-1.7178,6.5481,12.2661,,,,,,,
70057643744261,陀螺仪,,,,,,,,0.1317,0.1558,0.0415
70057646243375,加速度计,-0.0389,7.6860,9.2117,,,,,,,
70057656248271,加速度计,1.6933,8.9771,1.2175,,,,,,,
70057666255927,加速度计,2.3445,8.3761,-3.0544,,,,,,,
70057663758167,陀螺仪,,,,,,,,0.1581,0.1357,-0.0518
70057676266500,加速度计,1.1690,4.5693,-0.8565,,,,,,,
70057686280250,加速度计,-2.0464,7.6507,-3.0867,,,,,,,
70057683784052,陀螺仪,,,,,,,,-0.1502,0.1213,-0.0976
70057696297334,加速度计,-1.3204,8.4779,9.6899,,,,,,,
70057706317490,加速度计,1.2324,10.4124,18.6838,,,,,,,
70057703822855,陀螺仪,,,,,,,,-0.1963,0.0726,-0.1044
70057716340563,加速度计,0.8278,10.4878,13.2633,,,,,,,
70057726366292,加速度计,-0.3059,7.7004,6.5033,,,,,,,
70057723873011,陀螺仪,,,,,,,,0.0675,0.0601,-0.1688
70057736394261,加速度计,1.6185,4.7226,3.1113,,,,,,,
70057746424052,加速度计,1.0732,6.2411,4.2000,,,,,,,
70057743931709,陀螺仪,,,,,,,,0.0133,0.0618,-0.2003
70057756454990,加速度计,-0.1143,8.5940,3.8134,,,,,,,
70057766486500,加速度计,-0.0401,7.8045,5.5839,,,,,,,
70057763994469,陀螺仪,,,,,,,,-0.0680,0.0461,-0.2092
70057776518167,加速度计,0.5004,5.2313,10.3011,,,,,,,
70057784046865,陀螺仪,,,,,,,,-0.0150,0.0437,-0.1747
70057786542021,加速度计,0.0054,6.3925,9.2799,,,,,,,
70057796560667,加速度计,0.8853,7.3700,6.6589,,,,,,,
70057806578740,加速度计,1.6083,7.8231,2.9305,,,,,,,
70057804083271,陀螺仪,,,,,,,,0.0791,0.0531,-0.1937
70057816596657,加速度计,0.5842,7.0767,2.9736,,,,,,,
70057824119105,陀螺仪,,,,,,,,-0.0591,0.0254,-0.2382
70057826614573,加速度计,-0.9230,7.4514,2.7444,,,,,,,
70057836632490,加速度计,0.6357,10.1221,7.9200,,,,,,,
70057846650407,加速度计,-0.0114,7.5555,12.4008,,,,,,,
70057844154938,陀螺仪,,,,,,,,-0.0780,0.0107,-0.2196
70057856669886,加速度计,-0.1538,7.2622,6.2979,,,,,,,
70057866688688,加速度计,-0.2951,7.0102,1.4748,,,,,,,
70057864192282,陀螺仪,,,,,,,,0.0214,-0.0001,-0.2226
70057876702855,加速度计,-0.3250,5.6659,1.9022,,,,,,,
70057884220615,陀螺仪,,,,,,,,-0.1133,-0.0482,-0.2384
70057886717021,加速度计,-1.5688,7.0407,6.1238,,,,,,,
70057896731500,加速度计,0.3675,9.1943,11.9489,,,,,,,
70057904250198,陀螺仪,,,,,,,,-0.0314,-0.0636,-0.2258
70057906746396,加速度计,-0.1095,8.4246,11.8752,,,,,,,
70057916761709,加速度计,-0.9535,6.8875,7.0366,,,,,,,
70057926790927,加速度计,0.5674,5.6431,3.4123,,,,,,,
70057924297230,陀螺仪,,,,,,,,0.0377,-0.0863,-0.2407
70057942959656,GPS,,,,31.9440,118.7829,3.2300,83.7000,,,
70057936815094,加速度计,-1.4802,6.9989,3.6536,,,,,,,
70057946833375,加速度计,-0.6135,7.0330,4.6849,,,,,,,
70057944337907,陀螺仪,,,,,,,,-0.1055,-0.1250,-0.2404
70057956851292,加速度计,0.8392,6.5200,17.6530,,,,,,,
70057964373740,陀螺仪,,,,,,,,0.0683,-0.1217,-0.2430
70057966869209,加速度计,-0.7835,7.7135,14.0270,,,,,,,
70057976887125,加速度计,1.7675,6.7636,2.6899,,,,,,,
70057984409573,陀螺仪,,,,,,,,0.0562,-0.1514,-0.2558
70057986905042,加速度计,-3.4177,7.1090,-3.5135,,,,,,,
70057996922959,加速度计,0.4848,4.2024,7.4280,,,,,,,
70058006940875,加速度计,0.3011,5.7521,14.6938,,,,,,,
70058004445407,陀螺仪,,,,,,,,-0.0048,-0.1707,-0.1947
70058016958792,加速度计,-0.5974,12.8108,7.3065,,,,,,,
70058026976709,加速度计,0.4286,9.5487,7.6998,,,,,,,
70058024481240,陀螺仪,,,,,,,,0.0065,-0.1751,-0.1904
70058036994625,加速度计,-1.0792,3.5141,6.9546,,,,,,,
70058047012542,加速度计,-0.3915,3.6266,5.8125,,,,,,,
70058044517073,陀螺仪,,,,,,,,0.0462,-0.1735,-0.1794
70058057030459,加速度计,-1.2324,6.6750,3.1843,,,,,,,
70058067048375,加速度计,-0.5872,8.5970,6.9031,,,,,,,
70058064552907,陀螺仪,,,,,,,,-0.0210,-0.1823,-0.0822
70058077066292,加速度计,1.0241,7.3304,8.4360,,,,,,,
70058087084209,加速度计,0.7620,5.9777,7.2766,,,,,,,
70058084588740,陀螺仪,,,,,,,,0.0254,-0.1553,-0.0663
70058097102125,加速度计,-0.4459,7.0647,3.0652,,,,,,,
70058107122282,加速度计,0.6057,6.2243,6.5984,,,,,,,
70058104634730,陀螺仪,,,,,,,,-0.0035,-0.1386,-0.0309
70058117144052,加速度计,0.2101,7.8039,9.2715,,,,,,,
70058124659730,陀螺仪,,,,,,,,0.0441,-0.1185,0.0033
70058127156552,加速度计,0.1957,9.5798,6.7163,,,,,,,
70058137169365,加速度计,1.7041,6.6894,6.4566,,,,,,,
70058144685980,陀螺仪,,,,,,,,-0.0071,-0.0961,0.0020
70058147182594,加速度计,-0.8829,7.3418,3.5841,,,,,,,
70058157196240,加速度计,-0.4848,6.1088,11.3138,,,,,,,
70058167210615,加速度计,0.3651,7.9655,13.1627,,,,,,,
70058164714313,陀螺仪,,,,,,,,0.0622,-0.0929,0.0798
70058177225823,加速度计,0.7614,8.5168,8.1840,,,,,,,
70058184745980,陀螺仪,,,,,,,,0.1944,-0.0770,0.0788
70058187241865,加速度计,1.5874,9.2733,-2.0949,,,,,,,
70058197258740,加速度计,0.1263,5.9227,-3.0987,,,,,,,
70058204780980,陀螺仪,,,,,,,,-0.0674,-0.0543,0.0502
70058207276448,加速度计,-1.4521,6.2267,-3.0712,,,,,,,
70058217294990,加速度计,-0.4848,5.8873,7.5597,,,,,,,
70058224819313,陀螺仪,,,,,,,,-0.1951,-0.0378,0.1806
70058227314365,加速度计,0.9056,8.4114,16.6810,,,,,,,
70058237334573,加速度计,0.7171,9.8755,16.4518,,,,,,,
70058244860980,陀螺仪,,,,,,,,0.0916,0.0057,0.1411
70058247355615,加速度计,-0.3328,11.2569,4.0677,,,,,,,
70058257377177,加速度计,0.8847,7.6387,-1.5897,,,,,,,
70058264904730,陀螺仪,,,,,,,,-0.1008,-0.0170,0.0864
70058267399157,加速度计,0.1933,2.1536,2.6683,,,,,,,
70058277421552,加速度计,-0.4328,6.0364,8.7885,,,,,,,
70058284949730,陀螺仪,,,,,,,,-0.0594,-0.0258,0.1333
70058287444052,加速度计,0.2149,10.0395,13.1897,,,,,,,
70058297466552,加速度计,3.1346,9.4367,11.9153,,,,,,,
70058307487177,加速度计,1.1815,9.0830,2.3727,,,,,,,
70058304992230,陀螺仪,,,,,,,,0.0312,-0.0091,0.0450
70058317505927,加速度计,0.7123,4.1174,4.6896,,,,,,,
70058325028896,陀螺仪,,,,,,,,0.0043,-0.0136,-0.0381
70058327524261,加速度计,0.8248,4.9686,6.6774,,,,,,,
70058337542282,加速度计,-0.7159,8.5868,8.1098,,,,,,,
70058347560198,加速度计,0.7907,8.8448,5.8359,,,,,,,
70058345064730,陀螺仪,,,,,,,,0.0060,-0.0217,0.0380
70058357585980,加速度计,1.6843,6.7588,2.9461,,,,,,,
70058365101448,陀螺仪,,,,,,,,-0.0509,0.0088,0.0033
70058367602230,加速度计,1.2360,3.9516,7.5034,,,,,,,
70058377599521,加速度计,-0.0646,7.0533,8.8591,,,,,,,
70058385097698,陀螺仪,,,,,,,,-0.0115,0.0127,0.0704
70058387597959,加速度计,-0.5417,8.3193,8.5413,,,,,,,
70058397598271,加速度计,1.3551,8.1253,7.1353,,,,,,,
70058405102282,陀螺仪,,,,,,,,0.0202,0.0292,0.0523
70058407601292,加速度计,0.8936,6.3835,4.7764,,,,,,,
70058417607542,加速度计,-0.4357,5.8993,6.5092,,,,,,,
70058425120198,陀螺仪,,,,,,,,0.0105,0.0390,0.0688
70058427617438,加速度计,-0.2951,7.3281,9.8025,,,,,,,
70058437631084,加速度计,0.3579,8.4443,9.0172,,,,,,,
70058445153115,陀螺仪,,,,,,,,0.0401,0.0579,0.1241
70058447648480,加速度计,0.1802,8.4324,2.6055,,,,,,,
70058457669625,加速度计,1.0481,5.7916,7.4939,,,,,,,
70058465200615,陀螺仪,,,,,,,,0.0170,0.0905,0.1177
70058467694209,加速度计,0.1526,7.0162,7.6267,,,,,,,
70058477721813,加速度计,0.2185,7.3957,6.4308,,,,,,,
70058485259365,陀螺仪,,,,,,,,0.0170,0.1218,0.1694
70058487751709,加速度计,0.5932,8.8011,4.8614,,,,,,,
70058497783375,加速度计,0.7691,5.8670,8.0894,,,,,,,
70058505324782,陀螺仪,,,,,,,,0.0157,0.1337,0.1647
70058507816396,加速度计,0.0646,5.5743,8.1499,,,,,,,
70058517850042,加速度计,0.5219,7.2443,6.9432,,,,,,,
70058527883792,加速度计,-0.1053,7.9559,3.5267,,,,,,,
70058525392282,陀螺仪,,,,,,,,0.0530,0.1401,0.1567
70058537905980,加速度计,0.9685,6.8666,7.2975,,,,,,,
70058545428532,陀螺仪,,,,,,,,0.0333,0.1422,0.0882
70058547924000,加速度计,0.4016,8.0726,8.8729,,,,,,,
70058557941917,加速度计,-0.4483,7.4771,5.2786,,,,,,,
70058565464365,陀螺仪,,,,,,,,0.0321,0.1154,0.0718
70058567959834,加速度计,-0.1454,6.4015,4.8507,,,,,,,
70058577977750,加速度计,0.3130,6.9851,7.2323,,,,,,,
70058587995667,加速度计,0.3926,8.2923,7.9069,,,,,,,
70058585500198,陀螺仪,,,,,,,,-0.0107,0.0936,0.0381
70058598013584,加速度计,1.0756,7.0922,8.7269,,,,,,,
70058608035823,加速度计,0.3813,6.3099,3.9247,,,,,,,
70058605542594,陀螺仪,,,,,,,,0.0346,0.0807,-0.0502
70058618051917,加速度计,0.1221,6.2956,3.8990,,,,,,,
70058628064417,加速度计,0.1443,8.6826,10.5674,,,,,,,
70058625567646,陀螺仪,,,,,,,,-0.0304,0.0494,-0.0863
70058638077282,加速度计,1.4174,9.7438,14.2772,,,,,,,
70058648090563,加速度计,0.6602,8.5521,8.0146,,,,,,,
70058645594000,陀螺仪,,,,,,,,0.1158,0.0248,-0.1288
70058658104261,加速度计,0.0419,5.9448,-0.7829,,,,,,,
70058668118740,加速度计,1.3557,5.4893,-4.0677,,,,,,,
70058665622542,陀螺仪,,,,,,,,0.0055,-0.0181,-0.2008
70058678134052,加速度计,-1.5981,7.0779,9.9102,,,,,,,
70058688150198,加速度计,-1.5742,9.7211,19.5714,,,,,,,
70058685654417,陀螺仪,,,,,,,,-0.0566,-0.0601,-0.1882
70058698167177,加速度计,0.6321,9.6325,13.6793,,,,,,,
70058708184990,加速度计,2.1602,9.8096,-3.0400,,,,,,,
70058705689625,陀螺仪,,,,,,,,0.2153,-0.0581,-0.1021
70058718203636,加速度计,2.0656,4.3784,-7.0515,,,,,,,
70058728223115,加速度计,-1.3024,3.7391,-5.7928,,,,,,,
70058725728167,陀螺仪,,,,,,,,-0.1487,-0.0836,-0.2764
70058738243427,加速度计,-1.2163,5.3397,7.1611,,,,,,,
70058748264573,加速度计,-1.0983,10.5255,13.9139,,,,,,,
70058745769990,陀螺仪,,,,,,,,-0.2321,-0.1076,-0.1242
70058758286188,加速度计,0.1616,9.2584,20.9774,,,,,,,
70058768308219,加速度计,0.2682,9.1488,9.8581,,,,,,,
70058765813844,陀螺仪,,,,,,,,0.0407,-0.0425,-0.0875
70058778330667,加速度计,-0.8039,6.4721,0.7895,,,,,,,
70058788353167,加速度计,0.1538,4.6567,0.4723,,,,,,,
70058785858844,陀螺仪,,,,,,,,0.0085,-0.0374,-0.0875
70058798375667,加速度计,-0.6752,4.7333,6.5344,,,,,,,
70058808396344,加速度计,-1.8477,9.1363,7.4789,,,,,,,
70058805901188,陀螺仪,,,,,,,,-0.0569,-0.0611,-0.0398
70058818414573,加速度计,0.4609,8.1648,7.4531,,,,,,,
70058828432490,加速度计,-0.4369,5.8544,9.9527,,,,,,,
70058825937021,陀螺仪,,,,,,,,-0.0680,-0.0549,0.0466
70058838450407,加速度计,0.3322,4.5616,9.3721,,,,,,,
70058848468323,加速度计,0.8805,6.0232,6.1770,,,,,,,
70058845972959,陀螺仪,,,,,,,,0.0547,-0.0262,0.0281
70058858487438,加速度计,-1.4940,8.5862,4.7525,,,,,,,
70058868505615,加速度计,0.2322,6.8941,8.3031,,,,,,,
70058866009938,陀螺仪,,,,,,,,0.0013,-0.0301,0.0563
70058878522698,加速度计,0.4184,7.7207,5.3995,,,,,,,
70058888539782,加速度计,-0.1915,5.7940,9.3649,,,,,,,
70058886044105,陀螺仪,,,,,,,,-0.0497,-0.0345,0.0280
70058898556865,加速度计,-0.7536,6.7265,7.1257,,,,,,,
70058908573948,加速度计,-0.2490,5.9813,7.6142,,,,,,,
70058906078271,陀螺仪,,,,,,,,0.0052,-0.0529,0.0365
70058918591032,加速度计,-0.4214,8.3959,6.0082,,,,,,,
70058928613532,加速度计,-1.2917,8.7861,6.4278,,,,,,,
70058926118480,陀螺仪,,,,,,,,-0.0316,-0.0507,0.0372
70058946643405,GPS,,,,31.9440,118.7830,3.4400,80.9000,,,
70058938632698,加速度计,-0.0946,6.4907,8.0086,,,,,,,
70058948650615,加速度计,0.3962,6.9444,5.8568,,,,,,,
70058946155146,陀螺仪,,,,,,,,-0.0285,-0.0525,0.0425
70058958668532,加速度计,-1.0558,6.1154,7.1886,,,,,,,
70058966190980,陀螺仪,,,,,,,,0.0095,-0.0662,0.0796
70058968686448,加速度计,-0.8661,6.7558,8.1134,,,,,,,
70058978704365,加速度计,0.8505,9.2314,6.6397,,,,,,,
70058988722282,加速度计,1.1857,8.4695,6.9851,,,,,,,
70058986226813,陀螺仪,,,,,,,,0.0353,-0.0633,0.0621
70058998740198,加速度计,-0.4932,7.6483,4.9793,,,,,,,
70059008758115,加速度计,-0.0772,6.4548,5.9586,,,,,,,
70059006262646,陀螺仪,,,,,,,,0.0091,-0.0467,0.0672
70059018776032,加速度计,0.6470,7.1688,8.9130,,,,,,,
70059028793948,加速度计,0.0443,7.9900,7.6938,,,,,,,
70059026298480,陀螺仪,,,,,,,,0.0409,-0.0457,0.0943
70059038811865,加速度计,0.1329,7.0874,6.3117,,,,,,,
70059048829782,加速度计,1.0032,7.8548,2.9862,,,,,,,
70059046334313,陀螺仪,,,,,,,,0.0742,-0.0242,0.0953
70059058847698,加速度计,0.3843,7.6896,5.3522,,,,,,,
70059068865615,加速度计,0.0862,7.8973,7.4639,,,,,,,
70059066370146,陀螺仪,,,,,,,,0.0013,0.0079,0.1109
70059078883532,加速度计,-0.1867,8.6568,8.1960,,,,,,,
70059088901448,加速度计,0.1850,6.1669,9.2524,,,,,,,
70059086405980,陀螺仪,,,,,,,,-0.0089,0.0185,0.1519
70059098919365,加速度计,-0.2292,5.6743,7.2377,,,,,,,
70059108946188,加速度计,-0.9008,6.2686,3.4333,,,,,,,
70059106455511,陀螺仪,,,,,,,,0.0663,0.0238,0.1623
70059118961084,加速度计,0.2538,6.4679,6.4566,,,,,,,
70059128968948,加速度计,-0.4687,6.9839,4.8507,,,,,,,
70059138977230,加速度计,0.2933,7.0282,7.4933,,,,,,,
70059126471032,陀螺仪,,,,,,,,0.0439,0.0294,0.1782
70059148986292,加速度计,0.1754,9.1087,5.3433,,,,,,,
70059146488792,陀螺仪,,,,,,,,0.0193,0.0413,0.1860
70059158996552,加速度计,0.0820,6.8360,10.5848,,,,,,,
70059169008427,加速度计,-0.0257,8.3193,7.5776,,,,,,,
70059166511709,陀螺仪,,,,,,,,0.0529,0.0534,0.1800
70059179021969,加速度计,0.4687,6.8067,6.8199,,,,,,,
70059189037177,加速度计,-0.7015,6.6361,3.4081,,,,,,,
70059186541344,陀螺仪,,,,,,,,0.0300,0.0518,0.1718
70059199054417,加速度计,0.5950,6.4578,6.8522,,,,,,,
70059209073375,加速度计,-0.0251,8.3228,12.3798,,,,,,,
70059206578427,陀螺仪,,,,,,,,0.0120,0.0474,0.1514
70059219094000,加速度计,-1.4940,6.9581,13.7379,,,,,,,
70059229116292,加速度计,0.7853,9.8019,5.0206,,,,,,,
70059239139886,加速度计,0.9493,6.0292,-0.8003,,,,,,,
70059226622125,陀螺仪,,,,,,,,0.1798,0.0277,0.1847
70059249164730,加速度计,0.6440,5.4277,-4.7537,,,,,,,
70059246671136,陀螺仪,,,,,,,,0.0579,0.0328,0.1200
70059259190459,加速度计,-0.3268,4.8088,-1.0744,,,,,,,
70059269216657,加速度计,0.1903,6.7624,9.2153,,,,,,,
70059266723271,陀螺仪,,,,,,,,-0.2361,0.0318,0.1266
70059279242907,加速度计,1.0953,8.8783,21.2461,,,,,,,
70059289267698,加速度计,1.2360,10.7518,14.7291,,,,,,,
70059286773063,陀螺仪,,,,,,,,0.0222,0.0683,0.1473
70059299286448,加速度计,1.5042,9.1105,-0.0622,,,,,,,
70059309304365,加速度计,0.1383,4.8058,-3.9349,,,,,,,
70059306808896,陀螺仪,,,,,,,,0.0015,0.0747,0.0559
70059319322282,加速度计,-0.3364,2.4163,0.4268,,,,,,,
70059329340198,加速度计,-0.3651,6.8067,13.5584,,,,,,,
70059326844730,陀螺仪,,,,,,,,-0.1834,0.0154,0.1017
70059339358115,加速度计,2.2607,10.3172,17.8542,,,,,,,
70059349376032,加速度计,4.1647,11.6047,8.3653,,,,,,,
70059346881084,陀螺仪,,,,,,,,0.0217,0.0284,0.0338
70059359403323,加速度计,0.7691,5.2966,4.3754,,,,,,,
70059369413740,加速度计,-0.1317,3.2202,7.1108,,,,,,,
70059366916396,陀螺仪,,,,,,,,0.0222,0.0312,-0.0965
70059379424157,加速度计,-0.4591,6.9815,5.1996,,,,,,,
70059389434990,加速度计,0.7584,10.3292,5.5306,,,,,,,
70059386937959,陀螺仪,,,,,,,,0.0413,-0.0156,-0.0369
70059399446657,加速度计,1.7603,8.6305,7.2245,,,,,,,
70059409459157,加速度计,1.7490,4.1527,10.4860,,,,,,,
70059406962646,陀螺仪,,,,,,,,-0.0361,-0.0244,-0.0931
70059419472907,加速度计,1.2390,6.7505,4.3221,,,,,,,
70059429487907,加速度计,-0.2646,8.2378,-1.3443,,,,,,,
70059426992021,陀螺仪,,,,,,,,0.0446,0.0036,-0.1455
70059439504157,加速度计,0.4645,5.5935,3.1855,,,,,,,
70059449521657,加速度计,0.3130,5.7281,11.7017,,,,,,,
70059447026396,陀螺仪,,,,,,,,-0.1266,-0.0108,-0.0415
70059459540407,加速度计,0.7380,8.9795,15.6054,,,,,,,
70059469560407,加速度计,1.5437,9.5086,7.5675,,,,,,,
70059467065771,陀螺仪,,,,,,,,0.0587,0.0165,-0.0133
70059479581657,加速度计,0.3280,7.9033,1.8914,,,,,,,
70059489603740,加速度计,-1.2354,3.6524,1.6376,,,,,,,
70059487109521,陀螺仪,,,,,,,,-0.0316,0.0273,-0.0272
70059499626657,加速度计,-0.6315,5.2224,9.6935,,,,,,,
70059509649990,加速度计,-0.7213,9.4463,12.6845,,,,,,,
70059507155980,陀螺仪,,,,,,,,-0.0272,0.0254,0.0652
70059519673740,加速度计,-0.2670,8.9914,8.9902,,,,,,,
70059529697490,加速度计,-0.0215,6.0974,4.5951,,,,,,,
70059527203480,陀螺仪,,,,,,,,0.0308,0.0433,0.1186
70059539721240,加速度计,0.0916,4.2228,5.5875,,,,,,,
70059549740407,加速度计,-0.3160,5.3139,9.0315,,,,,,,
70059547245042,陀螺仪,,,,,,,,0.0189,0.0690,0.1068
70059559758740,加速度计,-0.6686,8.7783,6.8750,,,,,,,
70059569776657,加速度计,0.1101,9.2805,4.0211,,,,,,,
70059579794573,加速度计,0.5602,6.2040,6.1292,,,,,,,
70059567281188,陀螺仪,,,,,,,,0.0522,0.0948,0.2139
70059589812490,加速度计,1.1091,6.0609,6.6972,,,,,,,
70059587317021,陀螺仪,,,,,,,,0.0099,0.1174,0.1965
70059599830407,加速度计,0.6153,7.8542,7.0611,,,,,,,
70059609853167,加速度计,-1.2635,8.6347,7.4555,,,,,,,
70059607356865,陀螺仪,,,,,,,,0.0172,0.1466,0.2180
70059619867750,加速度计,-0.4082,6.5523,7.7255,,,,,,,
70059629882334,加速度计,1.2516,6.9845,4.0211,,,,,,,
70059627386032,陀螺仪,,,,,,,,0.1190,0.1826,0.2983
70059639896917,加速度计,0.1221,8.9531,1.4311,,,,,,,
70059649911917,加速度计,0.1562,7.7686,6.1136,,,,,,,
70059647415823,陀螺仪,,,,,,,,-0.0123,0.2007,0.2802
70059659927334,加速度计,1.9609,8.4467,11.1175,,,,,,,
70059669943167,加速度计,0.2394,9.8180,7.7590,,,,,,,
70059667447282,陀螺仪,,,,,,,,0.0722,0.2198,0.2760
70059679959417,加速度计,1.7526,8.1020,2.4978,,,,,,,
70059689976084,加速度计,1.3240,4.8985,6.3428,,,,,,,
70059687480407,陀螺仪,,,,,,,,-0.0150,0.2439,0.2451
70059699993167,加速度计,0.5590,7.3364,6.4482,,,,,,,
70059710011084,加速度计,0.8326,6.8109,12.8389,,,,,,,
70059707515719,陀螺仪,,,,,,,,-0.0133,0.2384,0.1764
70059720029417,加速度计,0.1766,8.1235,8.1295,,,,,,,
70059730048167,加速度计,1.4335,6.4901,4.1845,,,,,,,
70059727553011,陀螺仪,,,,,,,,0.0794,0.2025,0.1288
70059740067334,加速度计,2.5301,4.1922,5.0985,,,,,,,
70059750086917,加速度计,-2.7258,7.5675,8.3258,,,,,,,
70059747591969,陀螺仪,,,,,,,,0.0206,0.1676,0.0158
70059760106917,加速度计,0.3160,10.8176,16.1249,,,,,,,
70059770127334,加速度计,3.1556,11.7376,6.0561,,,,,,,
70059767632594,陀螺仪,,,,,,,,0.1756,0.1146,-0.0112
70059787300072,GPS,,,,31.9440,118.7830,3.4400,80.9000,,,
70059780148167,加速度计,1.7406,5.8532,-1.9513,,,,,,,
70059790169000,加速度计,0.2628,3.0059,-5.2648,,,,,,,
70059787674261,陀螺仪,,,,,,,,0.0125,0.0893,-0.1822
70059800189834,加速度计,-0.9367,2.0883,0.4764,,,,,,,
70059810210667,加速度计,-0.8763,8.4856,2.5253,,,,,,,
70059807715719,陀螺仪,,,,,,,,-0.2052,0.0426,-0.1788
70059820230667,加速度计,-0.0712,9.8701,20.9983,,,,,,,
70059830249000,加速度计,0.0724,10.6500,20.4435,,,,,,,
70059827753532,陀螺仪,,,,,,,,-0.0499,-0.0087,-0.2230
70059840266917,加速度计,1.6215,8.7867,4.5945,,,,,,,
70059850284834,加速度计,-0.1903,5.1541,-6.6649,,,,,,,
70059847790823,陀螺仪,,,,,,,,0.1493,-0.0225,-0.2744
70059860324261,加速度计,0.9613,2.2511,-11.2354,,,,,,,
70059870321761,加速度计,-0.8859,3.9935,28.7831,,,,,,,
70059867821292,陀螺仪,,,,,,,,-0.2645,-0.0321,-0.2514
70059880319677,加速度计,-2.2464,12.8509,14.2539,,,,,,,
70059890318844,加速度计,0.7105,12.2296,4.4490,,,,,,,
70059900320094,加速度计,1.3934,4.4855,1.5006,,,,,,,
70059887819209,陀螺仪,,,,,,,,0.0324,-0.0402,-0.1675
70059910324261,加速度计,0.6596,0.2646,8.1983,,,,,,,
70059907826188,陀螺仪,,,,,,,,-0.0044,0.0134,-0.1442
70059920331761,加速度计,-1.6723,9.1860,4.3455,,,,,,,
70059943638717,GPS,,,,31.9440,118.7830,3.2700,79.9000,,,
70059930377698,加速度计,-1.2504,12.2104,5.6000,,,,,,,
70059927894938,陀螺仪,,,,,,,,0.0001,0.0197,-0.0274
70059940437490,加速度计,0.7967,8.9693,10.7829,,,,,,,
70059950466761,加速度计,-1.3809,4.4017,10.4722,,,,,,,
70059947971396,陀螺仪,,,,,,,,-0.0093,0.0297,0.0244
70059960484990,加速度计,-0.6626,6.8426,1.1768,,,,,,,
70059970502907,加速度计,-1.1025,6.9252,2.0644,,,,,,,
70059968007438,陀螺仪,,,,,,,,-0.0173,0.0334,0.0511
70059980520823,加速度计,-1.9782,6.9085,5.5420,,,,,,,
70059990538740,加速度计,-1.4084,6.8726,10.5028,,,,,,,
70059988043271,陀螺仪,,,,,,,,-0.1053,0.0204,0.0900
70060000556657,加速度计,0.1203,8.8280,10.0772,,,,,,,
70060008079105,陀螺仪,,,,,,,,0.0198,0.0280,0.1244
70060010574573,加速度计,-0.1059,8.0637,8.2181,,,,,,,
70060020592490,加速度计,-1.4383,6.7828,4.4951,,,,,,,
70060030610407,加速度计,-1.8824,6.5643,4.0743,,,,,,,
70060028114938,陀螺仪,,,,,,,,0.0005,0.0393,0.1474
70060040628323,加速度计,-1.5329,7.9074,6.7433,,,,,,,
70060050646240,加速度计,-0.6572,7.9517,9.8450,,,,,,,
70060048150771,陀螺仪,,,,,,,,-0.0218,0.0218,0.1999
70060060664157,加速度计,-1.7029,8.0092,7.6022,,,,,,,
70060070682073,加速度计,-0.6991,6.7038,5.2403,,,,,,,
70060068186605,陀螺仪,,,,,,,,0.0309,0.0222,0.2214
70060080699990,加速度计,-0.0503,7.2724,5.8724,,,,,,,
70060090717907,加速度计,-2.1027,6.3261,6.0681,,,,,,,
70060088222438,陀螺仪,,,,,,,,-0.0029,0.0213,0.2449
70060100736552,加速度计,1.0756,6.1597,7.7943,,,,,,,
70060110768636,加速度计,1.2282,7.5178,5.9023,,,,,,,
70060108270355,陀螺仪,,,,,,,,0.0477,0.0361,0.2498
70060120775302,加速度计,-0.7129,7.9799,5.9604,,,,,,,
70060130782386,加速度计,2.0991,7.8237,5.5869,,,,,,,
70060128284417,陀螺仪,,,,,,,,0.0421,0.0595,0.2336
70060140790302,加速度计,1.5808,7.0689,5.1811,,,,,,,
70060150799469,加速度计,-0.2861,6.5715,8.7107,,,,,,,
70060148302125,陀螺仪,,,,,,,,-0.0270,0.0603,0.1935
70060160809886,加速度计,0.0796,5.9885,12.6174,,,,,,,
70060170821969,加速度计,1.0750,10.5632,6.8803,,,,,,,
70060168325459,陀螺仪,,,,,,,,0.1479,0.0498,0.1537
70060180835719,加速度计,0.3268,7.5908,2.3403,,,,,,,
70060190851552,加速度计,0.2358,4.5502,4.7663,,,,,,,
70060188356084,陀螺仪,,,,,,,,0.0104,0.0336,0.1108
70060200869469,加速度计,-0.6410,5.3133,6.0112,,,,,,,
70060210889052,加速度计,0.4770,8.7682,5.6515,,,,,,,
70060208394417,陀螺仪,,,,,,,,0.0136,0.0210,0.0943
70060220910302,加速度计,0.4597,7.6674,9.2063,,,,,,,
70060230933219,加速度计,-0.1185,8.2043,10.6374,,,,,,,
70060228439313,陀螺仪,,,,,,,,-0.0149,0.0099,0.0783
70060240957386,加速度计,-0.0736,6.2183,9.8366,,,,,,,
70060250982386,加速度计,0.8009,6.2417,8.1852,,,,,,,
70060261008219,加速度计,-0.1963,8.2738,2.9353,,,,,,,
70060248488896,陀螺仪,,,,,,,,0.0606,0.0071,0.0554
70060271034469,加速度计,0.3304,4.8602,4.0857,,,,,,,
70060268541084,陀螺仪,,,,,,,,0.0218,0.0284,0.0963
70060281060719,加速度计,1.2240,5.6150,5.5258,,,,,,,
70060291084052,加速度计,-0.1772,7.1359,15.2636,,,,,,,
70060288588584,陀螺仪,,,,,,,,0.0364,0.0700,0.1589
70060301101969,加速度计,1.1714,11.4592,9.9485,,,,,,,
70060311119886,加速度计,2.7779,8.9932,4.8758,,,,,,,
70060308624417,陀螺仪,,,,,,,,0.1722,0.0835,0.1760
70060321137802,加速度计,0.1448,8.1128,-6.6457,,,,,,,
70060331155719,加速度计,0.2921,3.0837,-4.2868,,,,,,,
70060328660250,陀螺仪,,,,,,,,-0.0960,0.1184,0.1384
70060341173636,加速度计,-0.1610,3.6033,2.1141,,,,,,,
70060351191552,加速度计,0.3077,10.0844,14.1850,,,,,,,
70060348696605,陀螺仪,,,,,,,,-0.1879,0.1426,0.2256
70060361213740,加速度计,1.1869,10.6602,18.6149,,,,,,,
70060371228740,加速度计,0.4705,8.5443,13.0711,,,,,,,
70060368732542,陀螺仪,,,,,,,,0.0125,0.1740,0.2369
70060381243740,加速度计,0.6225,6.2692,0.9882,,,,,,,
70060391258740,加速度计,0.1556,5.8233,-1.2157,,,,,,,
70060388762542,陀螺仪,,,,,,,,0.0044,0.1645,0.1366
70060401273792,加速度计,-0.9194,4.1414,7.2287,,,,,,,
70060408793271,陀螺仪,,,,,,,,-0.0569,0.1039,0.1055
70060411289261,加速度计,0.0814,9.3619,9.4463,,,,,,,
70060421305146,加速度计,0.1646,9.0812,11.7573,,,,,,,
70060431321448,加速度计,3.3860,7.5956,7.1557,,,,,,,
70060428825667,陀螺仪,,,,,,,,0.0149,0.0762,0.0189
70060441338167,加速度计,0.5710,4.7244,4.0666,,,,,,,
70060451355302,加速度计,0.9182,7.3676,2.5301,,,,,,,
70060448859730,陀螺仪,,,,,,,,0.0443,0.0474,-0.1020
70060461372855,加速度计,2.1691,7.5824,7.7417,,,,,,,
70060471390823,加速度计,0.7901,9.6157,8.2468,,,,,,,
70060468895459,陀螺仪,,,,,,,,0.0081,0.0237,-0.1370
70060481409209,加速度计,2.7833,8.4306,5.8245,,,,,,,
70060491428011,加速度计,2.3296,5.0931,6.9103,,,,,,,
70060488932855,陀螺仪,,,,,,,,-0.0485,0.0360,-0.2028
70060501447230,加速度计,0.0904,6.5906,6.8636,,,,,,,
70060508971917,陀螺仪,,,,,,,,-0.0085,0.0205,-0.1447
70060511466865,加速度计,1.5826,6.2764,7.2317,,,,,,,
70060521486917,加速度计,2.4816,9.8940,4.9171,,,,,,,
70060529012646,陀螺仪,,,,,,,,0.0120,0.0429,-0.1964
70060531507386,加速度计,2.6067,7.0988,6.8420,,,,,,,
70060541528219,加速度计,1.7915,7.6477,4.5460,,,,,,,
70060551549052,加速度计,-0.3412,7.1012,6.9306,,,,,,,
70060549054313,陀螺仪,,,,,,,,-0.0874,0.0435,-0.2005
70060561569886,加速度计,0.4477,7.4496,10.3094,,,,,,,
70060571590615,加速度计,1.9597,6.8540,9.2763,,,,,,,
70060569095667,陀螺仪,,,,,,,,-0.0037,0.0679,-0.1499
70060581610407,加速度计,1.6418,7.5094,3.3369,,,,,,,
70060589133219,陀螺仪,,,,,,,,-0.0177,0.0980,-0.1364
70060591628688,加速度计,-0.4363,5.5522,5.1068,,,,,,,
70060601647438,加速度计,-0.3729,5.4043,9.2081,,,,,,,
70060609185355,陀螺仪,,,,,,,,0.0238,0.1015,-0.0631
70060611687073,加速度计,-0.2735,7.0240,10.8745,,,,,,,
70060621680094,加速度计,-0.2310,9.0004,4.8088,,,,,,,
70060629172959,陀螺仪,,,,,,,,0.0053,0.1065,-0.0198
70060631674052,加速度计,-0.1574,4.7968,5.5324,,,,,,,
70060641669782,加速度计,0.1999,4.8273,5.2493,,,,,,,
70060651668115,加速度计,-0.3777,6.7409,9.0950,,,,,,,
70060649168480,陀螺仪,,,,,,,,0.0389,0.1314,-0.0314
70060661669834,加速度计,-0.8015,9.3105,7.6549,,,,,,,
70060669177698,陀螺仪,,,,,,,,0.0306,0.1204,0.0575
70060671675355,加速度计,-0.0940,7.8661,5.7922,,,,,,,
70060681685094,加速度计,1.9710,6.0501,5.8000,,,,,,,
70060689204052,陀螺仪,,,,,,,,0.0039,0.1332,-0.0274
70060691699417,加速度计,0.3651,6.2507,7.5944,,,,,,,
70060701718271,加速度计,-1.1791,7.0551,8.8238,,,,,,,
70060711741240,加速度计,-0.7225,8.9226,6.0232,,,,,,,
70060709247855,陀螺仪,,,,,,,,0.0557,0.1281,0.0095
70060721767907,加速度计,1.1971,7.8338,4.5538,,,,,,,
70060729306032,陀螺仪,,,,,,,,0.0025,0.1181,-0.0350
70060731797855,加速度计,1.0163,5.8215,7.4567,,,,,,,
70060741830615,加速度计,-0.0479,6.4033,7.3221,,,,,,,
70060749374365,陀螺仪,,,,,,,,0.0349,0.0971,-0.0927
70060751865355,加速度计,0.1628,9.9108,2.1261,,,,,,,
70060761901240,加速度计,-0.3280,7.3927,7.2999,,,,,,,
70060771937490,加速度计,-0.2652,7.8859,5.6024,,,,,,,
70060769446605,陀螺仪,,,,,,,,-0.0157,0.0525,-0.1117
70060781971709,加速度计,0.7159,5.5234,5.6767,,,,,,,
70060791991500,加速度计,0.8930,7.1018,7.1407,,,,,,,
70060789496136,陀螺仪,,,,,,,,-0.0185,0.0406,-0.1358
70060802009782,加速度计,-0.2101,8.5838,8.0936,,,,,,,
70060809532230,陀螺仪,,,,,,,,-0.0387,0.0551,-0.0851
70060812027698,加速度计,-0.4423,7.8314,7.9254,,,,,,,
70060822045615,加速度计,1.6712,8.5335,9.0842,,,,,,,
70060832063532,加速度计,-0.1999,5.8323,15.6234,,,,,,,
70060829568063,陀螺仪,,,,,,,,0.0261,0.0763,-0.0768
70060842081448,加速度计,-0.2921,8.2893,7.0605,,,,,,,
70060852099886,加速度计,2.9233,6.7103,1.6855,,,,,,,
70060849605459,陀螺仪,,,,,,,,0.1795,0.0566,-0.0298
70060862124782,加速度计,1.4437,7.9386,-7.6986,,,,,,,
70060872134782,加速度计,-1.1049,2.1775,7.0719,,,,,,,
70060869637334,陀螺仪,,,,,,,,-0.1020,0.0357,-0.1360
70060882144886,加速度计,0.0670,7.1904,0.6369,,,,,,,
70060892155511,加速度计,1.1690,9.0932,7.7363,,,,,,,
70060889658375,陀螺仪,,,,,,,,-0.1711,0.0202,-0.1218
70060902166969,加速度计,0.5926,8.9244,17.0611,,,,,,,
70060912179365,加速度计,-0.1562,8.4904,16.0705,,,,,,,
70060909682750,陀螺仪,,,,,,,,-0.0115,0.0867,-0.1221
70060922194886,加速度计,0.0030,7.1419,5.7036,,,,,,,
70060939484498,GPS,,,,31.9440,118.7830,3.1800,78.1000,,,
70060932238375,加速度计,-0.1359,6.2249,-5.2325,,,,,,,
70060929745927,陀螺仪,,,,,,,,0.0386,0.1039,-0.0547
70060942263844,加速度计,1.0612,3.2783,3.5763,,,,,,,
70060949786292,陀螺仪,,,,,,,,-0.1116,0.1100,-0.0577
70060952281761,加速度计,0.9182,5.6102,13.4027,,,,,,,
70060962299677,加速度计,-0.5764,9.6456,10.6422,,,,,,,
70060969823688,陀螺仪,,,,,,,,-0.0161,0.1193,-0.0260
70060972318532,加速度计,-0.6279,8.6640,3.9738,,,,,,,
70060982338427,加速度计,-0.0269,4.2090,6.6834,,,,,,,
70060992352177,加速度计,1.0415,3.3998,8.3360,,,,,,,
70060989855667,陀螺仪,,,,,,,,0.0153,0.1441,0.0150
70061002365927,加速度计,-0.9822,9.6786,7.0701,,,,,,,
70061012379886,加速度计,-0.9457,11.7041,3.7954,,,,,,,
70061009883480,陀螺仪,,,,,,,,0.0316,0.1342,-0.0152
70061022394261,加速度计,-0.4495,8.1343,6.7894,,,,,,,
70061032409052,加速度计,-2.1422,3.1663,9.3488,,,,,,,
70061029912855,陀螺仪,,,,,,,,-0.0658,0.0808,-0.0577
70061042424469,加速度计,-0.5273,6.4212,4.9129,,,,,,,
70061052440719,加速度计,-0.4693,8.3234,6.0687,,,,,,,
70061049944938,陀螺仪,,,,,,,,-0.0280,0.0715,-0.0690
70061062457802,加速度计,-1.9866,7.8308,8.6497,,,,,,,
70061072475719,加速度计,-1.0439,7.6393,6.8959,,,,,,,
70061069980355,陀螺仪,,,,,,,,-0.0178,0.0635,-0.0184
70061082494469,加速度计,-0.1927,5.9939,6.0914,,,,,,,
70061092514052,加速度计,0.5219,7.7458,4.8991,,,,,,,
70061090019105,陀螺仪,,,,,,,,0.0272,0.0631,-0.0157
70061102534261,加速度计,-0.4723,8.0786,5.5324,,,,,,,
70061112554886,加速度计,0.0377,9.7665,4.9829,,,,,,,
70061110060146,陀螺仪,,,,,,,,0.0049,0.0879,-0.0109
70061122575927,加速度计,-0.3041,9.3242,7.3041,,,,,,,
70061132597177,加速度计,-0.6812,8.3923,5.4935,,,,,,,
70061130102542,陀螺仪,,,,,,,,-0.0245,0.1057,0.0136
70061142618427,加速度计,0.5363,7.6178,3.4758,,,,,,,
70061152639677,加速度计,-0.4328,6.7876,4.4819,,,,,,,
70061150145042,陀螺仪,,,,,,,,-0.0650,0.1113,0.0413
70061162660927,加速度计,-0.2580,7.1766,8.6562,,,,,,,
70061172684677,加速度计,0.6835,7.1658,11.3952,,,,,,,
70061170191292,陀螺仪,,,,,,,,-0.0077,0.1244,0.0285
70061182715511,加速度计,-0.2424,9.7456,3.1178,,,,,,,
70061192708323,加速度计,-0.1018,7.0922,5.7227,,,,,,,
70061190206709,陀螺仪,,,,,,,,-0.0092,0.1116,-0.0084
70061202702282,加速度计,-0.2394,5.3582,7.9960,,,,,,,
70061212698219,加速度计,0.9200,7.6620,7.4047,,,,,,,
70061210197646,陀螺仪,,,,,,,,0.0127,0.0884,-0.0703
70061222696969,加速度计,0.3047,7.8063,4.6986,,,,,,,
70061232699209,加速度计,0.0880,5.4857,9.9288,,,,,,,
70061230200407,陀螺仪,,,,,,,,-0.0530,0.0646,-0.1306
70061242705355,加速度计,0.2676,3.5291,12.8365,,,,,,,
70061252715823,加速度计,0.2819,7.5088,4.5137,,,,,,,
70061250219209,陀螺仪,,,,,,,,0.0928,0.0397,-0.1874
70061262730875,加速度计,-0.8787,7.7626,1.4994,,,,,,,
70061272750355,加速度计,-0.3909,5.8592,5.7772,,,,,,,
70061270255927,陀螺仪,,,,,,,,-0.0373,-0.0083,-0.2389
70061282774000,加速度计,-0.4585,3.5656,13.0412,,,,,,,
70061292801657,加速度计,-0.1604,10.4369,6.6200,,,,,,,
70061290309209,陀螺仪,,,,,,,,0.0860,-0.0493,-0.2866
70061302832750,加速度计,0.2682,8.8550,3.8164,,,,,,,
70061312866448,加速度计,-1.2564,7.2323,1.7101,,,,,,,
70061310375250,陀螺仪,,,,,,,,-0.0364,-0.0802,-0.3229
70061322902073,加速度计,-0.8966,3.8349,8.4108,,,,,,,
70061332939052,加速度计,1.5820,6.6858,12.9748,,,,,,,
70061330448480,陀螺仪,,,,,,,,-0.0599,-0.0944,-0.3068
70061342976552,加速度计,1.0044,10.0329,8.0457,,,,,,,
70061353007177,加速度计,1.2079,8.7783,4.4089,,,,,,,
70061350512021,陀螺仪,,,,,,,,0.0160,-0.0863,-0.3557
70061363026032,加速度计,1.3096,4.9123,3.8307,,,,,,,
70061373044209,加速度计,0.0922,4.7399,10.9720,,,,,,,
70061370548740,陀螺仪,,,,,,,,-0.0531,-0.0843,-0.3446
70061383062125,加速度计,-0.1730,9.9713,14.1048,,,,,,,
70061393080042,加速度计,2.5965,9.0393,9.5026,,,,,,,
70061390584573,陀螺仪,,,,,,,,0.0965,-0.1076,-0.3482
70061403097959,加速度计,1.5227,8.4120,1.1714,,,,,,,
70061413115875,加速度计,-1.0690,3.7637,-2.4744,,,,,,,
70061410620407,陀螺仪,,,,,,,,0.0607,-0.1127,-0.4135
70061423135198,加速度计,-0.5285,4.6148,-2.5510,,,,,,,
70061433156969,加速度计,0.3208,6.7558,0.9685,,,,,,,
70061430659625,陀螺仪,,,,,,,,-0.1603,-0.1410,-0.3463
70061443167386,加速度计,0.1850,7.5160,13.9247,,,,,,,
70061453178011,加速度计,1.2743,7.8536,21.2593,,,,,,,
70061450680771,陀螺仪,,,,,,,,-0.1200,-0.1477,-0.3507
70061463189261,加速度计,2.0668,9.8647,10.8697,,,,,,,
70061473201344,加速度计,-1.5173,10.1981,-1.9040,,,,,,,
70061470704521,陀螺仪,,,,,,,,0.1196,-0.1168,-0.4575
70061483214469,加速度计,-1.3862,4.2270,-0.0132,,,,,,,
70061493228844,加速度计,-0.6919,3.2076,5.6850,,,,,,,
70061490732646,陀螺仪,,,,,,,,-0.0964,-0.1882,-0.3583
70061503244469,加速度计,1.6993,8.3276,10.8278,,,,,,,
70061513261344,加速度计,1.9459,11.1719,8.5700,,,,,,,
70061510765771,陀螺仪,,,,,,,,-0.0366,-0.2112,-0.4378
70061523279469,加速度计,2.0363,6.5757,11.3401,,,,,,,
70061530803896,陀螺仪,,,,,,,,0.0485,-0.2360,-0.6031
70061533298844,加速度计,0.8990,5.9963,3.2495,,,,,,,
70061543319469,加速度计,-0.7841,7.2365,3.4746,,,,,,,
70061553341136,加速度计,1.0900,7.1078,7.8260,,,,,,,
70061550846709,陀螺仪,,,,,,,,-0.0230,-0.2707,-0.5712
70061563363636,加速度计,-0.1245,8.1229,6.8929,,,,,,,
70061573386761,加速度计,2.1470,6.0412,10.2358,,,,,,,
70061570892646,陀螺仪,,,,,,,,-0.0141,-0.2967,-0.5795
70061583410302,加速度计,0.2071,7.4520,3.6470,,,,,,,
70061590940042,陀螺仪,,,,,,,,-0.0270,-0.3260,-0.6237
70061593434052,加速度计,-0.7895,6.5595,5.4618,,,,,,,
70061603457802,加速度计,1.0409,7.3783,10.2538,,,,,,,
70061613479261,加速度计,0.0413,6.6277,7.9039,,,,,,,
70061610984105,陀螺仪,,,,,,,,-0.0033,-0.3494,-0.5800
70061623498011,加速度计,0.5854,6.7289,5.8059,,,,,,,
70061633516136,加速度计,0.4723,7.4322,2.9209,,,,,,,
70061631020667,陀螺仪,,,,,,,,0.0368,-0.3396,-0.5886
70061643534052,加速度计,-1.7322,7.9104,4.8518,,,,,,,
70061653551969,加速度计,-0.2699,6.6212,10.7643,,,,,,,
70061651056500,陀螺仪,,,,,,,,-0.0542,-0.3458,-0.4739
70061663569886,加速度计,0.1712,8.6018,7.1850,,,,,,,
70061673588427,加速度计,-0.0359,8.1858,6.8360,,,,,,,
70061671093271,陀螺仪,,,,,,,,-0.0060,-0.3274,-0.4111
70061683608063,加速度计,-0.6147,5.9598,10.0981,,,,,,,
70061693623896,加速度计,-1.8681,7.2963,6.6176,,,,,,,
70061691127907,陀螺仪,,,,,,,,0.0659,-0.3032,-0.3312
70061703639730,加速度计,-1.6191,7.9966,5.0524,,,,,,,
70061713655563,加速度计,-1.2617,6.9528,3.6260,,,,,,,
70061711159573,陀螺仪,,,,,,,,0.0352,-0.3043,-0.2125
70061723671396,加速度计,-2.4541,5.4755,9.0992,,,,,,,
70061733687438,加速度计,-1.1923,6.8905,10.1730,,,,,,,
70061731191552,陀螺仪,,,,,,,,0.0571,-0.2924,-0.1273
70061743703896,加速度计,-1.1552,8.5581,4.7190,,,,,,,
70061753720771,加速度计,-1.7256,6.5757,5.9262,,,,,,,
70061751225094,陀螺仪,,,,,,,,0.0461,-0.2662,-0.0360
70061763738063,加速度计,-2.5570,6.6463,5.6162,,,,,,,
70061773755771,加速度计,-1.1121,4.8997,10.8936,,,,,,,
70061771260302,陀螺仪,,,,,,,,0.0145,-0.2455,0.0579
70061783773896,加速度计,-1.9088,8.2343,6.5906,,,,,,,
70061793792438,加速度计,-0.3220,7.2155,6.8761,,,,,,,
70061791297177,陀螺仪,,,,,,,,0.0463,-0.2028,0.1727
70061803811396,加速度计,-0.9481,5.4941,7.9499,,,,,,,
70061813830771,加速度计,-0.6434,5.7802,7.7650,,,,,,,
70061811335719,陀螺仪,,,,,,,,0.0856,-0.1361,0.2418
70061823850355,加速度计,-0.2927,7.4352,6.8067,,,,,,,
70061833869938,加速度计,-1.4102,8.9519,4.4520,,,,,,,
70061831374886,陀螺仪,,,,,,,,0.0798,-0.0799,0.3643
70061843889521,加速度计,0.0168,6.5523,5.5061,,,,,,,
70061853909105,加速度计,-0.1556,7.2556,5.0607,,,,,,,
70061851414052,陀螺仪,,,,,,,,0.0080,-0.0322,0.4201
70061863928688,加速度计,-0.0425,5.2301,8.4851,,,,,,,
70061873948271,加速度计,-0.2753,7.3532,9.0866,,,,,,,
70061871453219,陀螺仪,,,,,,,,0.0358,0.0340,0.4716
70061883967855,加速度计,-1.5598,8.6143,6.5475,,,,,,,
70061893987438,加速度计,0.4860,6.6900,6.2171,,,,,,,
70061891492386,陀螺仪,,,,,,,,0.0254,0.0695,0.5115
70061904006188,加速度计,-0.1323,6.8773,4.8357,,,,,,,
70061914024105,加速度计,-0.2963,5.9933,8.9884,,,,,,,
70061911528636,陀螺仪,,,,,,,,-0.0067,0.0826,0.4543
70061924060094,加速度计,-1.1642,8.3606,13.0921,,,,,,,
70061942318613,GPS,,,,31.9440,118.7831,3.2300,78.3000,,,
70061934078011,加速度计,-1.1307,8.8322,10.0814,,,,,,,
70061931570980,陀螺仪,,,,,,,,0.1289,0.0748,0.4851
70061944050719,加速度计,1.6765,8.9872,2.5516,,,,,,,
70061954026136,加速度计,-0.1951,4.9255,-4.0318,,,,,,,
70061951520355,陀螺仪,,,,,,,,0.0895,0.0258,0.3573
70061964005927,加速度计,-0.2239,4.7333,-0.5154,,,,,,,
70061971488532,陀螺仪,,,,,,,,-0.0985,-0.0365,0.2000
70061973991500,加速度计,-1.4658,6.6858,-1.9932,,,,,,,
70061983983844,加速度计,-0.5165,7.9679,8.4761,,,,,,,
70061993983792,加速度计,-1.3012,8.9465,18.1325,,,,,,,
70061991484573,陀螺仪,,,,,,,,-0.2012,-0.1029,0.1154
70062003991657,加速度计,-1.5365,9.1405,15.4151,,,,,,,
70062011512177,陀螺仪,,,,,,,,0.0647,-0.0850,0.0887
70062014007438,加速度计,-0.0359,8.9842,4.3144,,,,,,,
70062024031136,加速度计,0.3717,5.6749,0.3543,,,,,,,
70062031570719,陀螺仪,,,,,,,,-0.0651,-0.0605,0.1261
70062034062230,加速度计,0.4363,4.3868,3.9881,,,,,,,
70062044099886,加速度计,1.5335,5.5563,9.0387,,,,,,,
70062054143011,加速度计,0.5525,9.4846,9.0267,,,,,,,
70062051654313,陀螺仪,,,,,,,,-0.0260,-0.0228,0.1216
70062064190355,加速度计,-0.0096,7.2808,7.1192,,,,,,,
70062074240667,加速度计,0.6051,5.3133,6.6906,,,,,,,
70062071753532,陀螺仪,,,,,,,,0.0120,0.0217,0.2043
70062084292438,加速度计,0.7015,7.8769,4.5729,,,,,,,
70062091852490,陀螺仪,,,,,,,,-0.0145,0.0466,0.1728
70062094340875,加速度计,1.3144,6.1639,8.9441,,,,,,,
70062104369417,加速度计,-0.6339,9.5086,5.8430,,,,,,,
70062114387334,加速度计,-1.2103,5.7694,8.0008,,,,,,,
70062111891865,陀螺仪,,,,,,,,-0.0553,0.0502,0.1554
70062124405250,加速度计,0.2753,5.8323,5.8838,,,,,,,
70062134423167,加速度计,-0.2424,6.1537,6.0029,,,,,,,
70062131927698,陀螺仪,,,,,,,,-0.0611,0.0586,0.1792
70062144441084,加速度计,0.0958,6.6930,8.7957,,,,,,,
70062151963532,陀螺仪,,,,,,,,-0.0565,0.0696,0.1647
70062154459000,加速度计,-0.6656,7.2820,7.5244,,,,,,,
70062164476917,加速度计,0.5291,6.2710,9.0734,,,,,,,
70062174496917,加速度计,-0.7769,7.1449,5.8119,,,,,,,
70062172004730,陀螺仪,,,,,,,,-0.0104,0.0523,0.1403
70062184520980,加速度计,-0.6201,6.9869,4.7567,,,,,,,
70062194527021,加速度计,0.4914,6.6996,7.4645,,,,,,,
70062192028636,陀螺仪,,,,,,,,-0.0407,0.0064,0.0726
70062204533688,加速度计,-0.6961,7.6872,6.8977,,,,,,,
70062212043532,陀螺仪,,,,,,,,-0.0534,-0.0277,-0.0116
70062214541396,加速度计,0.3909,7.7584,8.3683,,,,,,,
70062224550563,加速度计,0.0305,8.8346,8.1606,,,,,,,
70062234561396,加速度计,-0.0341,7.3765,6.2537,,,,,,,
70062232064365,陀螺仪,,,,,,,,0.0012,-0.0438,-0.0786
70062244574105,加速度计,-0.1748,7.6046,4.5442,,,,,,,
70062254588896,加速度计,0.1909,7.5058,3.7625,,,,,,,
70062252092907,陀螺仪,,,,,,,,-0.0081,-0.0715,-0.0949
70062264605771,加速度计,1.6023,6.6960,4.6070,,,,,,,
70062272129782,陀螺仪,,,,,,,,-0.0442,-0.0735,-0.1149
70062274624730,加速度计,0.3645,8.2720,4.7046,,,,,,,
70062284645563,加速度计,1.6891,7.9260,8.2157,,,,,,,
70062294668063,加速度计,-0.1203,8.4078,8.4958,,,,,,,
70062292173948,陀螺仪,,,,,,,,-0.0168,-0.0634,-0.1261
70062304692021,加速度计,0.4974,8.4827,5.9592,,,,,,,
70062312223427,陀螺仪,,,,,,,,0.0116,-0.0723,-0.1269
70062314717021,加速度计,0.8763,7.0910,4.2719,,,,,,,
70062324742855,加速度计,0.3226,6.7451,5.9586,,,,,,,
70062334769313,加速度计,0.0239,6.7786,10.0694,,,,,,,
70062332276032,陀螺仪,,,,,,,,-0.0419,-0.0893,-0.1547
70062344795980,加速度计,0.2969,7.6662,8.3462,,,,,,,
70062352326552,陀螺仪,,,,,,,,0.0643,-0.0827,-0.1545
70062354820771,加速度计,0.4477,7.4142,5.7970,,,,,,,
70062364841396,加速度计,-0.2125,4.4353,5.7054,,,,,,,
70062374859730,加速度计,-0.7985,5.4935,7.1563,,,,,,,
70062372364365,陀螺仪,,,,,,,,0.0366,-0.0831,-0.1353
70062384877855,加速度计,-0.3663,7.9787,5.9418,,,,,,,
70062392400302,陀螺仪,,,,,,,,-0.0092,-0.0766,-0.0854
70062394895771,加速度计,-0.2460,8.3552,9.2919,,,,,,,
70062404913688,加速度计,-0.7470,6.4494,7.9541,,,,,,,
70062412436136,陀螺仪,,,,,,,,0.0138,-0.0546,-0.0378
70062414931605,加速度计,0.2993,4.8195,7.5495,,,,,,,
70062424950355,加速度计,-1.0660,6.4787,3.6925,,,,,,,
70062434969573,加速度计,-0.4992,6.0771,7.5465,,,,,,,
70062432473480,陀螺仪,,,,,,,,-0.0406,-0.0395,0.0220
70062444984990,加速度计,0.0862,6.7319,9.4415,,,,,,,
70062455000407,加速度计,0.3496,6.6732,9.0638,,,,,,,
70062452504313,陀螺仪,,,,,,,,-0.0067,-0.0285,0.0642
70062465015823,加速度计,-0.2334,7.8656,11.5987,,,,,,,
70062472535511,陀螺仪,,,,,,,,0.0736,-0.0177,0.0651
70062475031500,加速度计,-0.3071,8.9226,9.3871,,,,,,,
70062485047594,加速度计,1.1827,7.1682,9.2452,,,,,,,
70062495064105,加速度计,0.7069,7.6429,-0.1089,,,,,,,
70062492568323,陀螺仪,,,,,,,,0.1498,-0.0308,0.0310
70062505081032,加速度计,1.1791,5.4947,-2.3032,,,,,,,
70062512602802,陀螺仪,,,,,,,,-0.0557,-0.0422,-0.0427
70062515098375,加速度计,-0.1909,5.7437,-1.7544,,,,,,,
70062525116136,加速度计,-1.1570,6.7834,3.8924,,,,,,,
70062535134313,加速度计,0.4699,8.0505,16.7516,,,,,,,
70062532638948,陀螺仪,,,,,,,,-0.1940,-0.0442,-0.0083
70062545152907,加速度计,0.3777,10.5872,14.0929,,,,,,,
70062555171917,加速度计,1.0193,8.0337,8.5742,,,,,,,
70062552676761,陀螺仪,,,,,,,,0.0563,-0.0024,-0.0161
70062565191344,加速度计,-0.7213,7.4412,-0.1951,,,,,,,
70062575211188,加速度计,-0.1425,3.3172,3.2980,,,,,,,
70062572716240,陀螺仪,,,,,,,,-0.0161,-0.0220,-0.0276
70062585231188,加速度计,0.2029,6.7385,6.8348,,,,,,,
70062592756240,陀螺仪,,,,,,,,-0.0221,-0.0391,-0.0260
70062595251188,加速度计,-0.2957,11.9064,6.0208,,,,,,,
70062605271188,加速度计,1.4994,7.1694,8.5515,,,,,,,
70062615291188,加速度计,2.0057,6.5164,5.9125,,,,,,,
70062612796240,陀螺仪,,,,,,,,0.0172,-0.0185,-0.0643
70062625311188,加速度计,0.4244,7.3682,5.6934,,,,,,,
70062635331188,加速度计,-0.8787,8.2187,4.8261,,,,,,,
70062632836240,陀螺仪,,,,,,,,-0.0113,-0.0119,-0.0668
70062645349289,加速度计,0.8499,8.5108,6.9216,,,,,,,
70062655367205,加速度计,1.4311,6.3476,9.5481,,,,,,,
70062652871737,陀螺仪,,,,,,,,-0.0391,0.0045,-0.0296
70062665385122,加速度计,0.7506,6.6816,7.5112,,,,,,,
70062675406945,加速度计,0.1802,7.0659,6.3662,,,,,,,
70062672922153,陀螺仪,,,,,,,,-0.0076,0.0397,-0.0127
70062685429914,加速度计,1.6125,7.5621,7.6447,,,,,,,
70062695427101,加速度计,0.5471,6.8504,7.1257,,,,,,,
70062692926528,陀螺仪,,,,,,,,-0.0009,0.0647,-0.0021
70062705425643,加速度计,-0.1520,6.8612,4.2940,,,,,,,
70062715426112,加速度计,2.0794,6.4105,5.0595,,,,,,,
70062712926476,陀螺仪,,,,,,,,-0.0117,0.0727,-0.0234
70062725429185,加速度计,0.5088,7.4867,6.7756,,,,,,,
70062735435435,加速度计,0.1969,6.7858,9.0800,,,,,,,
70062732937362,陀螺仪,,,,,,,,-0.0241,0.0688,-0.0594
70062745445018,加速度计,1.3336,8.5730,6.3913,,,,,,,
70062752961893,陀螺仪,,,,,,,,0.0009,0.0593,-0.1142
70062755458195,加速度计,0.9637,8.1235,5.0829,,,,,,,
70062765475122,加速度计,0.2029,6.7720,7.1186,,,,,,,
70062775495539,加速度计,0.4184,6.6936,7.9541,,,,,,,
70062773001008,陀螺仪,,,,,,,,-0.0242,0.0431,-0.1618
70062785519289,加速度计,0.9685,7.9284,6.2094,,,,,,,
70062795546112,加速度计,1.5838,7.4549,6.3470,,,,,,,
70062793053143,陀螺仪,,,,,,,,-0.0224,0.0286,-0.1907
70062805575591,加速度计,1.2061,6.6409,7.6818,,,,,,,
70062815607049,加速度计,0.8673,7.0174,5.9071,,,,,,,
70062813115122,陀螺仪,,,,,,,,0.0164,0.0169,-0.2655
70062825639914,加速度计,0.8691,8.0086,5.0087,,,,,,,
70062835673508,加速度计,0.6393,6.6038,7.3131,,,,,,,
70062833181997,陀螺仪,,,,,,,,-0.0515,-0.0270,-0.3135
70062845706997,加速度计,-0.0257,6.0729,8.1026,,,,,,,
70062855730955,加速度计,0.7949,6.3859,7.0749,,,,,,,
70062853235591,陀螺仪,,,,,,,,-0.0083,-0.0686,-0.3767
70062865749028,加速度计,0.6027,6.4590,7.6489,,,,,,,
70062873271476,陀螺仪,,,,,,,,-0.0107,-0.1131,-0.4133
70062875766945,加速度计,-1.2845,6.7924,7.6531,,,,,,,
70062885784862,加速度计,-1.0319,6.3560,6.2782,,,,,,,
70062895802778,加速度计,0.9056,6.5936,6.9677,,,,,,,
70062893307310,陀螺仪,,,,,,,,0.0084,-0.1478,-0.4248
70062905820695,加速度计,0.3490,5.8317,8.3001,,,,,,,
70062915838612,加速度计,-1.3108,8.4934,3.3046,,,,,,,
70062913343143,陀螺仪,,,,,,,,0.0245,-0.1633,-0.4160
70062925897205,加速度计,-0.7386,7.4184,6.5386,,,,,,,
70062936826320,GPS,,,,31.9440,118.7831,3.1600,81.0000,,,
70062933380643,陀螺仪,,,,,,,,-0.0336,-0.1844,-0.3834
70062935892674,加速度计,0.5321,7.5603,7.3616,,,,,,,
70062945846216,加速度计,0.0646,5.6042,8.7370,,,,,,,
70062953293976,陀螺仪,,,,,,,,0.0071,-0.1505,-0.3292
70062955804133,加速度计,-0.3304,8.1307,7.2514,,,,,,,
70062965768612,加速度计,0.0473,7.1581,8.3384,,,,,,,
70062973235226,陀螺仪,,,,,,,,0.0165,-0.1088,-0.2485
70062975741424,加速度计,-0.4088,8.1277,5.2666,,,,,,,
70062985724237,加速度计,0.1191,5.0260,5.4420,,,,,,,
70062993217310,陀螺仪,,,,,,,,-0.0451,-0.0949,-0.1887
70062995718091,加速度计,-1.3066,6.4679,7.9775,,,,,,,
70063005723508,加速度计,-0.7829,6.8145,15.4438,,,,,,,
70063015740591,加速度计,0.1359,9.0004,9.9934,,,,,,,
70063013245643,陀螺仪,,,,,,,,0.1403,-0.0860,-0.0272
70063025768716,加速度计,1.9620,8.1229,-0.7919,,,,,,,
70063033317310,陀螺仪,,,,,,,,0.0475,-0.0822,-0.1233
70063035807049,加速度计,0.7039,4.6142,-3.0915,,,,,,,
70063045854445,加速度计,-3.0795,3.8828,-1.4623,,,,,,,
70063053423560,陀螺仪,,,,,,,,-0.1634,-0.0790,-0.0458
70063055909341,加速度计,-1.2312,5.9652,4.2347,,,,,,,
70063065970070,加速度计,-0.9116,10.0173,14.5783,,,,,,,
70063073551060,陀螺仪,,,,,,,,-0.1481,-0.0852,-0.0104
70063076034653,加速度计,-0.3585,8.7616,19.6546,,,,,,,
70063086101008,加速度计,-0.1885,8.2157,11.6382,,,,,,,
70063093671476,陀螺仪,,,,,,,,0.1352,-0.0451,-0.0784
70063096157987,加速度计,-0.7739,7.7422,-2.0057,,,,,,,
70063106185174,加速度计,-1.1738,4.1186,-0.8314,,,,,,,
70063113707726,陀螺仪,,,,,,,,-0.0968,-0.0940,-0.0146
70063116203195,加速度计,-2.2110,5.6006,8.4144,,,,,,,
70063126221112,加速度计,-0.4345,9.1710,10.0730,,,,,,,
70063136239028,加速度计,0.1359,8.7670,9.8797,,,,,,,
70063133743560,陀螺仪,,,,,,,,-0.0333,-0.1136,-0.0041
70063146256945,加速度计,1.0337,5.9137,7.7931,,,,,,,
70063153779393,陀螺仪,,,,,,,,0.0702,-0.0947,-0.0338
70063156274862,加速度计,-0.3741,7.7590,4.7914,,,,,,,
70063166292778,加速度计,-1.5329,8.4060,3.6494,,,,,,,
70063176311945,加速度计,0.9619,8.3055,4.3509,,,,,,,
70063173820435,陀螺仪,,,,,,,,-0.0314,-0.1184,-0.0593
70063186331320,加速度计,-0.0233,6.7427,7.2317,,,,,,,
70063193849601,陀螺仪,,,,,,,,-0.0586,-0.1313,-0.0487
70063196345903,加速度计,-2.1183,7.1646,5.2349,,,,,,,
70063206360487,加速度计,0.9691,6.5038,7.4837,,,,,,,
70063216375383,加速度计,-0.1227,7.7494,8.2678,,,,,,,
70063226390695,加速度计,-0.5130,7.5076,6.4937,,,,,,,
70063213879185,陀螺仪,,,,,,,,-0.0285,-0.1238,-0.0385
70063233910435,陀螺仪,,,,,,,,-0.0053,-0.1083,-0.0037
70063236406424,加速度计,-0.6746,7.6375,4.7549,,,,,,,
70063246422570,加速度计,0.2221,7.7620,4.1623,,,,,,,
70063253943351,陀螺仪,,,,,,,,-0.0975,-0.1060,0.0257
70063256439133,加速度计,-0.5866,7.1509,6.8325,,,,,,,
70063266456112,加速度计,-1.2665,7.1904,10.4549,,,,,,,
70063276473820,加速度计,-0.2173,8.3959,8.2061,,,,,,,
70063273978351,陀螺仪,,,,,,,,-0.0097,-0.0791,0.0648
70063286492049,加速度计,-0.9110,7.1533,6.1699,,,,,,,
70063296510695,加速度计,-1.3360,6.8390,5.6371,,,,,,,
70063294015435,陀螺仪,,,,,,,,0.0241,-0.0787,0.0878
70063306529758,加速度计,-0.9182,7.3472,6.7924,,,,,,,
70063314054185,陀螺仪,,,,,,,,0.0398,-0.1001,0.0583
70063316549237,加速度计,-0.8272,7.7800,7.9057,,,,,,,
70063326569133,加速度计,-0.8134,7.7057,7.4340,,,,,,,
70063334094601,陀螺仪,,,,,,,,0.0794,-0.1031,0.0896
70063336589445,加速度计,-0.9750,7.2676,5.7820,,,,,,,
70063346610174,加速度计,-0.5836,8.8238,3.7278,,,,,,,
70063356631008,加速度计,-0.4435,8.3887,6.2896,,,,,,,
70063354136268,陀螺仪,,,,,,,,0.0466,-0.0943,0.1178
70063366651841,加速度计,-0.1784,8.1163,4.9644,,,,,,,
70063374177935,陀螺仪,,,,,,,,-0.0194,-0.0716,0.1499
70063376672674,加速度计,0.3879,6.1489,8.8645,,,,,,,
70063386693195,加速度计,-1.7059,8.0565,5.7389,,,,,,,
70063394216685,陀螺仪,,,,,,,,0.0069,-0.0318,0.1898
70063396712049,加速度计,0.2586,5.6617,9.6887,,,,,,,
70063406730070,加速度计,-0.1658,7.9655,7.4023,,,,,,,
70063414252518,陀螺仪,,,,,,,,0.0901,-0.0141,0.2017
70063416747987,加速度计,0.4549,6.2130,6.2273,,,,,,,
70063426774862,加速度计,0.4776,8.6796,5.2858,,,,,,,
70063434289341,陀螺仪,,,,,,,,0.0525,-0.0028,0.1558
70063436791164,加速度计,0.3561,7.2467,6.6924,,,,,,,
70063446784289,加速度计,-0.2538,8.0242,6.6176,,,,,,,
70063454277674,陀螺仪,,,,,,,,0.0268,-0.0124,0.1326
70063456778872,加速度计,-0.3543,6.7205,6.4464,,,,,,,
70063466775747,加速度计,0.7446,5.4456,7.2927,,,,,,,
70063474276008,陀螺仪,,,,,,,,0.0380,-0.0281,0.0924
70063476775747,加速度计,-0.0168,4.6866,9.8761,,,,,,,
70063486779393,加速度计,0.7344,8.5916,7.2580,,,,,,,
70063494289341,陀螺仪,,,,,,,,0.0662,-0.0410,0.0041
70063496787101,加速度计,0.6117,7.2616,7.1299,,,,,,,
70063506799289,加速度计,-0.4800,5.9071,6.7385,,,,,,,
70063514320591,陀螺仪,,,,,,,,0.0591,-0.0682,-0.0374
70063516816060,加速度计,0.3950,6.1489,11.9914,,,,,,,
70063526837101,加速度计,0.0892,8.0888,14.4107,,,,,,,
70063534368924,陀螺仪,,,,,,,,0.2189,-0.1124,-0.0606
70063536862310,加速度计,1.3827,7.8410,3.1376,,,,,,,
70063546891372,加速度计,1.2414,5.9394,-1.1773,,,,,,,
70063554431841,陀螺仪,,,,,,,,0.0245,-0.1154,-0.1427
70063556923560,加速度计,1.3414,5.0578,-5.1398,,,,,,,
70063566958039,加速度计,-0.3304,3.1771,2.4565,,,,,,,
70063574503508,陀螺仪,,,,,,,,-0.1637,-0.0882,-0.0872
70063576994289,加速度计,0.8224,7.8656,15.4001,,,,,,,
70063587031580,加速度计,0.4292,9.5403,20.3908,,,,,,,
70063594578508,陀螺仪,,,,,,,,0.0896,-0.0320,-0.0205
70063597069080,加速度计,1.3240,9.3589,10.1825,,,,,,,
70063607093143,加速度计,0.7254,6.9438,0.5375,,,,,,,
70063614616424,陀螺仪,,,,,,,,0.0115,-0.0442,-0.1115
70063617111789,加速度计,0.8541,3.4165,-0.3118,,,,,,,
70063627130122,加速度计,-1.2959,4.6513,8.6503,,,,,,,
70063634652674,陀螺仪,,,,,,,,0.0099,-0.0799,-0.0875
70063637148143,加速度计,-0.6668,8.8771,9.5511,,,,,,,
70063647166060,加速度计,0.4824,8.6113,8.3641,,,,,,,
70063654688508,陀螺仪,,,,,,,,0.0318,-0.0746,-0.0550
70063657183976,加速度计,1.1809,6.3752,8.6311,,,,,,,
70063667201893,加速度计,0.6578,6.4649,6.6912,,,,,,,
70063677225643,加速度计,0.0814,10.1969,3.1011,,,,,,,
70063674740955,陀螺仪,,,,,,,,0.0916,-0.0457,-0.1173
70063687242778,加速度计,-0.6829,7.5765,7.8183,,,,,,,
70063694746372,陀螺仪,,,,,,,,0.0134,-0.0461,-0.0330
70063697245591,加速度计,-0.2077,7.5818,5.9496,,,,,,,
70063707249133,加速度计,0.8428,6.4470,5.9699,,,,,,,
70063717254133,加速度计,1.0056,8.0170,4.5274,,,,,,,
70063714755539,陀螺仪,,,,,,,,0.0064,-0.0232,-0.0153
70063727261112,加速度计,0.1407,7.2077,5.1822,,,,,,,
70063734773039,陀螺仪,,,,,,,,-0.0407,0.0116,0.0186
70063737270487,加速度计,-0.7236,6.6696,8.2546,,,,,,,
70063747282362,加速度计,0.2765,8.6311,4.0241,,,,,,,
70063754800955,陀螺仪,,,,,,,,-0.0526,0.0133,0.0386
70063757297049,加速度计,0.2693,7.6878,5.9843,,,,,,,
70063767314341,加速度计,0.1209,7.5250,6.2566,,,,,,,
70063774839289,陀螺仪,,,,,,,,-0.0675,-0.0109,-0.0024
70063777334133,加速度计,-0.1059,7.9362,7.6932,,,,,,,
70063787356424,加速度计,-0.2292,6.5613,7.9703,,,,,,,
70063797380903,加速度计,-0.6680,7.5531,5.6557,,,,,,,
70063794887205,陀螺仪,,,,,,,,-0.0213,-0.0515,-0.0629
70063807407153,加速度计,0.2969,6.9342,3.7876,,,,,,,
70063814941789,陀螺仪,,,,,,,,-0.0463,-0.1186,-0.1641
70063817434758,加速度计,1.3096,7.4190,8.3528,,,,,,,
70063827463299,加速度计,0.6081,8.3875,5.1667,,,,,,,
70063834999705,陀螺仪,,,,,,,,-0.0350,-0.1690,-0.2674
70063837492362,加速度计,0.4088,7.4681,8.0655,,,,,,,
70063847521528,加速度计,1.2181,9.0106,6.1082,,,,,,,
70063855052622,陀螺仪,,,,,,,,-0.0378,-0.2083,-0.3161
70063857546633,加速度计,1.1498,6.1046,4.6005,,,,,,,
70063867566008,加速度计,0.1257,7.6842,3.1879,,,,,,,
70063875088455,陀螺仪,,,,,,,,-0.1108,-0.2353,-0.3310
70063877583924,加速度计,1.1199,6.5487,8.1283,,,,,,,
70063887601841,加速度计,1.4850,7.1078,8.3713,,,,,,,
70063895124289,陀螺仪,,,,,,,,-0.0583,-0.2268,-0.2933
70063897619758,加速度计,0.6225,8.0822,9.3033,,,,,,,
70063907637674,加速度计,1.1797,7.6040,7.0539,,,,,,,
70063915160122,陀螺仪,,,,,,,,0.0168,-0.1961,-0.3009
70063917655591,加速度计,2.9922,5.0266,6.8642,,,,,,,
70063927726685,加速度计,-0.9206,8.0655,2.3912,,,,,,,
70063935811112,GPS,,,,31.9440,118.7831,3.3600,85.6000,,,
70063937701112,加速度计,0.3699,6.9923,7.1557,,,,,,,
70063935190226,陀螺仪,,,,,,,,-0.0366,-0.2099,-0.2664
70063947658299,加速度计,-0.3555,8.2426,5.7688,,,,,,,
70063957619810,加速度计,0.4214,5.8760,10.8050,,,,,,,
70063955111216,陀螺仪,,,,,,,,-0.1254,-0.2141,-0.2011
70063967587726,加速度计,0.5489,6.6379,9.2650,,,,,,,
70063977563768,加速度计,-0.2137,5.3061,8.8831,,,,,,,
70063975059289,陀螺仪,,,,,,,,-0.0531,-0.1591,-0.1068
70063987549237,加速度计,-0.2388,6.6756,7.3418,,,,,,,
70063997545018,加速度计,2.1177,5.5234,7.3298,,,,,,,
70063995045695,陀螺仪,,,,,,,,0.0144,-0.1104,-0.0382
70064007551580,加速度计,-1.2222,7.1012,7.4915,,,,,,,
70064017568976,加速度计,-1.4234,7.1365,15.2355,,,,,,,
70064015075018,陀螺仪,,,,,,,,0.0105,-0.0594,0.0494
70064027596841,加速度计,-0.9056,7.2538,12.1470,,,,,,,
70064037634393,加速度计,1.8334,7.3999,2.6354,,,,,,,
70064035145174,陀螺仪,,,,,,,,0.2246,-0.0434,0.2262
70064047680435,加速度计,0.6889,6.4039,-5.6934,,,,,,,
70064057733716,加速度计,-0.3879,4.5795,-3.3279,,,,,,,
70064055247987,陀螺仪,,,,,,,,-0.0411,-0.0445,0.1059
70064067792622,加速度计,-2.3194,5.5336,3.8846,,,,,,,
70064077855122,加速度计,-0.7715,6.9073,15.6060,,,,,,,
70064075371112,陀螺仪,,,,,,,,-0.2031,-0.0031,0.2579
70064087919497,加速度计,-1.4832,8.4294,19.5277,,,,,,,
70064097978976,加速度计,0.4094,9.2626,8.5461,,,,,,,
70064095488664,陀螺仪,,,,,,,,0.0915,0.0666,0.3621
70064108002362,加速度计,0.5692,6.9079,0.3938,,,,,,,
70064118020330,加速度计,0.5016,4.4287,1.8094,,,,,,,
70064115524862,陀螺仪,,,,,,,,0.0016,0.0387,0.1772
70064128038247,加速度计,-1.2725,5.9735,11.3294,,,,,,,
70064138056164,加速度计,-1.1055,9.4960,9.6630,,,,,,,
70064135560695,陀螺仪,,,,,,,,0.0534,0.0173,0.2362
70064148074080,加速度计,1.5299,8.2983,6.0244,,,,,,,
70064158091997,加速度计,0.4172,6.1884,2.2404,,,,,,,
70064155596528,陀螺仪,,,,,,,,0.0983,0.0146,0.1819
70064168109914,加速度计,-0.2699,5.9999,3.8577,,,,,,,
70064178129549,加速度计,-1.1540,9.1620,4.5143,,,,,,,
70064175635643,陀螺仪,,,,,,,,-0.0011,-0.0124,0.0993
70064188147778,加速度计,-0.1628,8.5323,12.4786,,,,,,,
70064198164028,加速度计,-1.1600,7.5262,9.3889,,,,,,,
70064195668143,陀螺仪,,,,,,,,0.0109,-0.0264,0.1458
70064208180278,加速度计,0.9284,5.9789,5.0404,,,,,,,
70064218196528,加速度计,-1.0080,7.4861,1.8896,,,,,,,
70064215700643,陀螺仪,,,,,,,,0.0458,-0.0465,0.0858
70064228212778,加速度计,-0.7811,6.5817,8.5587,,,,,,,
70064238229028,加速度计,-0.6650,7.4154,7.5639,,,,,,,
70064235733195,陀螺仪,,,,,,,,0.0197,-0.0301,0.1079
70064248245643,加速度计,-0.6524,8.8609,6.1788,,,,,,,
70064258262674,加速度计,-0.8835,8.0337,2.7102,,,,,,,
70064255767049,陀螺仪,,,,,,,,-0.0286,-0.0272,0.1944
70064268280122,加速度计,0.2412,4.8764,9.7115,,,,,,,
70064278297987,加速度计,-0.6859,9.0908,8.8244,,,,,,,
70064275802570,陀螺仪,,,,,,,,-0.0300,0.0270,0.2238
70064288316268,加速度计,-0.9116,7.3783,9.0321,,,,,,,
70064298334966,加速度计,0.0263,6.5152,6.2513,,,,,,,
70064295839758,陀螺仪,,,,,,,,0.0241,0.0623,0.3047
70064308354080,加速度计,0.6877,6.3620,5.0739,,,,,,,
70064318373612,加速度计,-1.4317,5.8838,11.1229,,,,,,,
70064315878560,陀螺仪,,,,,,,,-0.0104,0.0975,0.3113
70064328393195,加速度计,-0.5501,8.5862,8.7305,,,,,,,
70064338412778,加速度计,1.0325,7.8530,5.3780,,,,,,,
70064335917726,陀螺仪,,,,,,,,0.0991,0.1284,0.3832
70064348432362,加速度计,0.5189,7.3191,0.7015,,,,,,,
70064358451945,加速度计,0.7165,6.1663,5.1727,,,,,,,
70064355956893,陀螺仪,,,,,,,,-0.0370,0.1601,0.3209
70064368471528,加速度计,-1.1462,6.2680,9.4403,,,,,,,
70064378491112,加速度计,0.0162,8.7454,9.6307,,,,,,,
70064375996060,陀螺仪,,,,,,,,-0.0410,0.1832,0.3858
70064388510695,加速度计,1.4778,7.3340,8.4803,,,,,,,
70064398529185,加速度计,-0.3603,6.9336,4.9925,,,,,,,
70064396033820,陀螺仪,,,,,,,,0.0485,0.1916,0.3196
70064408547518,加速度计,1.2623,6.1848,6.6996,,,,,,,
70064418565487,加速度计,0.1472,7.9601,6.4961,,,,,,,
70064416070591,陀螺仪,,,,,,,,0.0284,0.1726,0.2124
70064428594237,加速度计,-0.5549,7.1012,7.9511,,,,,,,
70064438603976,加速度计,0.8918,7.4956,3.0023,,,,,,,
70064436104705,陀螺仪,,,,,,,,0.0270,0.1453,0.1301
70064448606841,加速度计,0.7901,5.7066,3.1981,,,,,,,
70064458610487,加速度计,0.1317,6.4386,10.4728,,,,,,,
70064456111685,陀螺仪,,,,,,,,-0.0497,0.1029,0.0280
70064468615695,加速度计,0.2933,8.0912,11.2348,,,,,,,
70064478622935,加速度计,1.4036,8.2474,8.4479,,,,,,,
70064476125174,陀螺仪,,,,,,,,0.0514,0.0519,-0.0305
70064488632622,加速度计,0.8074,5.8622,4.5705,,,,,,,
70064498644810,加速度计,1.0846,4.8375,6.5332,,,,,,,
70064508659497,加速度计,-0.8218,6.5757,11.4395,,,,,,,
70064496148299,陀螺仪,,,,,,,,0.0158,-0.0035,-0.1631
70064518677049,加速度计,-0.8062,9.4403,13.3980,,,,,,,
70064528697153,加速度计,2.2966,6.3213,7.6555,,,,,,,
70064516181893,陀螺仪,,,,,,,,0.0683,-0.0664,-0.1766
70064538719758,加速度计,1.4174,4.5065,-0.3172,,,,,,,
70064536225799,陀螺仪,,,,,,,,0.1803,-0.1044,-0.2921
70064548744497,加速度计,0.2352,6.1489,-6.8127,,,,,,,
70064558770955,加速度计,1.5287,5.2277,-8.4162,,,,,,,
70064556277830,陀螺仪,,,,,,,,-0.1992,-0.1277,-0.3310
70064568798716,加速度计,0.8559,6.7367,22.5534,,,,,,,
70064578827362,加速度计,-1.5945,7.5106,22.0781,,,,,,,
70064576334653,陀螺仪,,,,,,,,-0.0965,-0.0658,-0.1530
70064588856476,加速度计,3.1490,10.5626,15.1954,,,,,,,
70064598885643,加速度计,-3.0382,8.7592,-10.4513,,,,,,,
70064596392310,陀螺仪,,,,,,,,0.1700,-0.0510,-0.1237
70064608910070,加速度计,3.8660,-2.6875,10.1347,,,,,,,
70064618929080,加速度计,-0.2209,7.0976,5.9825,,,,,,,
70064616433716,陀螺仪,,,,,,,,-0.1284,-0.0008,-0.1334
70064628947414,加速度计,-0.7566,12.9275,11.2037,,,,,,,
70064638965383,加速度计,-0.7871,8.5036,10.2783,,,,,,,
70064636469914,陀螺仪,,,,,,,,0.0598,0.0040,0.0421
70064648983299,加速度计,2.3792,3.9606,5.4450,,,,,,,
70064659001216,加速度计,-0.2137,7.3676,-0.2370,,,,,,,
70064669019133,加速度计,-1.1594,9.1692,5.1978,,,,,,,
70064656505747,陀螺仪,,,,,,,,0.0985,0.0281,-0.0581
70064679042153,加速度计,-0.2334,6.9623,10.4501,,,,,,,
70064676545747,陀螺仪,,,,,,,,-0.0360,0.0197,-0.0019
70064689056320,加速度计,0.1413,8.4868,3.8241,,,,,,,
70064699070487,加速度计,0.7350,5.8604,8.5293,,,,,,,
70064696574080,陀螺仪,,,,,,,,-0.0553,0.0338,0.0125
70064709084653,加速度计,0.1454,7.6824,7.0551,,,,,,,
70064719099237,加速度计,-0.1610,5.4205,6.7403,,,,,,,
70064716603039,陀螺仪,,,,,,,,0.0040,0.0368,0.0409
70064729114237,加速度计,0.0916,9.0411,5.3067,,,,,,,
70064739129653,加速度计,-0.2993,7.6531,6.8396,,,,,,,
70064736633664,陀螺仪,,,,,,,,-0.0372,0.0253,0.0134
70064749145487,加速度计,0.0162,6.8791,8.1379,,,,,,,
70064759162153,加速度计,0.4597,8.1792,7.3161,,,,,,,
70064756666580,陀螺仪,,,,,,,,-0.0172,0.0077,-0.0032
70064769179653,加速度计,0.2867,6.6786,6.8139,,,,,,,
70064779197987,加速度计,-0.1113,6.9659,2.7539,,,,,,,
70064776702830,陀螺仪,,,,,,,,-0.0181,0.0013,-0.0387
70064789217153,加速度计,0.0341,5.6641,7.3544,,,,,,,
70064799236737,加速度计,0.2274,8.8400,8.7245,,,,,,,
70064796741789,陀螺仪,,,,,,,,-0.0352,-0.0017,-0.0398
70064809256737,加速度计,-0.0784,6.2399,11.3826,,,,,,,
70064819277153,加速度计,0.7147,9.3811,4.8231,,,,,,,
70064816782414,陀螺仪,,,,,,,,0.0743,0.0055,0.0208
70064829297987,加速度计,1.1732,7.5483,2.5414,,,,,,,
70064839318820,加速度计,0.4357,6.6696,3.1532,,,,,,,
70064836824080,陀螺仪,,,,,,,,-0.0254,0.0108,-0.0121
70064849339653,加速度计,0.6746,8.1361,8.1983,,,,,,,
70064859360487,加速度计,1.0894,8.2971,9.3039,,,,,,,
70064856865747,陀螺仪,,,,,,,,-0.0870,0.0173,0.0506
70064869381320,加速度计,2.0764,7.4023,8.3348,,,,,,,
70064879401737,加速度计,1.1187,5.2289,8.9818,,,,,,,
70064876906268,陀螺仪,,,,,,,,-0.0059,0.0847,0.0128
70064889419653,加速度计,-0.2370,5.8526,8.5623,,,,,,,
70064899437570,加速度计,0.2340,8.0355,3.7487,,,,,,,
70064896942101,陀螺仪,,,,,,,,0.1165,0.0870,0.0318
70064909455487,加速度计,0.5046,10.5596,0.1760,,,,,,,
70064919473403,加速度计,2.0602,6.1238,6.2417,,,,,,,
70064916978143,陀螺仪,,,,,,,,-0.0513,0.0555,-0.0209
70064929510122,加速度计,-0.2059,6.2830,5.8550,,,,,,,
70064938349288,GPS,,,,31.9440,118.7832,3.6300,87.4000,,,
70064939510539,加速度计,0.2203,6.2076,12.8742,,,,,,,
70064937010799,陀螺仪,,,,,,,,-0.1021,0.0700,-0.0342
70064949511372,加速度计,0.5309,7.0545,12.4469,,,,,,,
70064959513455,加速度计,1.4670,5.5408,9.2871,,,,,,,
70064957014445,陀螺仪,,,,,,,,0.1174,0.0969,0.0056
70064969517205,加速度计,0.2604,8.2917,-0.2885,,,,,,,
70064979523455,加速度计,2.1099,6.6535,5.4660,,,,,,,
70064977025695,陀螺仪,,,,,,,,-0.0051,0.0457,-0.1226
70064989532205,加速度计,1.1343,5.1667,11.2246,,,,,,,
70064999543872,加速度计,-1.3581,8.5204,13.6661,,,,,,,
70064997047570,陀螺仪,,,,,,,,0.0261,0.0184,-0.1273
70065009558455,加速度计,1.0983,8.0014,12.0428,,,,,,,
70065019575955,加速度计,4.3694,5.4420,6.4805,,,,,,,
70065017081112,陀螺仪,,,,,,,,0.2025,0.0288,-0.0856
70065029596372,加速度计,1.2623,8.4713,-4.8716,,,,,,,
70065039619705,加速度计,2.9365,2.9113,-8.5455,,,,,,,
70065049645539,加速度计,-2.7545,4.0097,9.1764,,,,,,,
70065037126216,陀螺仪,,,,,,,,0.0204,-0.0225,-0.3069
70065059673455,加速度计,-1.4832,4.7890,14.3383,,,,,,,
70065069703039,加速度计,2.0183,10.6237,18.9262,,,,,,,
70065057180903,陀螺仪,,,,,,,,-0.2812,-0.0473,-0.2353
70065079733872,加速度计,0.4794,10.1927,5.8736,,,,,,,
70065077241737,陀螺仪,,,,,,,,0.1059,0.0273,-0.1563
70065089765122,加速度计,2.8449,5.7640,2.2224,,,,,,,
70065099796372,加速度计,0.5357,2.5223,3.5512,,,,,,,
70065097302258,陀螺仪,,,,,,,,-0.0338,-0.0119,-0.3003
70065109819705,加速度计,-0.2508,6.1824,9.3823,,,,,,,
70065119838039,加速度计,-2.2272,10.5632,5.8508,,,,,,,
70065117342570,陀螺仪,,,,,,,,0.0095,-0.0519,-0.2507
70065129855955,加速度计,0.2849,6.7193,9.5241,,,,,,,
70065139873872,加速度计,1.9285,4.9344,9.7372,,,,,,,
70065137378403,陀螺仪,,,,,,,,0.0525,-0.0491,-0.2289
70065149891789,加速度计,-1.6233,9.5816,0.3968,,,,,,,
70065159909705,加速度计,-0.9224,8.8017,5.6150,,,,,,,
70065157414237,陀螺仪,,,,,,,,-0.0394,-0.0806,-0.2748
70065169927622,加速度计,0.4298,6.1920,12.5600,,,,,,,
70065179963143,加速度计,-3.0137,7.3670,7.7835,,,,,,,
70065177463716,陀螺仪,,,,,,,,0.0260,-0.0862,-0.1702
70065189965226,加速度计,-0.4866,7.1162,3.1532,,,,,,,
70065199967726,加速度计,0.2095,6.9743,3.0550,,,,,,,
70065197468716,陀螺仪,,,,,,,,0.0013,-0.0806,-0.1417
70065209971476,加速度计,-0.3154,7.5399,10.0796,,,,,,,
70065219976893,加速度计,-1.2749,9.1848,6.6080,,,,,,,
70065217478820,陀螺仪,,,,,,,,0.0067,-0.0818,-0.0868
70065229984393,加速度计,0.4094,9.0615,7.8177,,,,,,,
70065239994393,加速度计,0.4262,5.8299,5.7640,,,,,,,
70065237497570,陀螺仪,,,,,,,,-0.0133,-0.0635,-0.0651
70065250006893,加速度计,-1.0618,6.4883,3.2663,,,,,,,
70065260022310,加速度计,-0.2454,7.1551,5.9035,,,,,,,
70065257526945,陀螺仪,,,,,,,,-0.0582,-0.0513,-0.0619
70065270040643,加速度计,0.0102,6.9133,10.9972,,,,,,,
70065280061476,加速度计,-0.8320,7.7632,10.8014,,,,,,,
70065277567362,陀螺仪,,,,,,,,-0.0176,-0.0591,0.0039
70065290084810,加速度计,-0.3897,7.0683,7.6166,,,,,,,
70065300110226,加速度计,0.5872,7.3789,1.6167,,,,,,,
70065297617049,陀螺仪,,,,,,,,0.0591,-0.0522,-0.0240
70065310137310,加速度计,0.7051,5.6743,4.8447,,,,,,,
70065320165643,加速度计,-0.6937,6.5912,7.0988,,,,,,,
70065330194810,加速度计,-1.3910,8.0062,6.2890,,,,,,,
70065317672987,陀螺仪,,,,,,,,-0.0190,-0.0553,-0.0300
70065340224393,加速度计,0.1448,7.9541,6.5272,,,,,,,
70065337731841,陀螺仪,,,,,,,,-0.0498,-0.0534,0.0373
70065350253976,加速度计,0.8799,6.1471,12.3158,,,,,,,
70065360273976,加速度计,-0.4435,7.2042,12.3188,,,,,,,
70065357778612,陀螺仪,,,,,,,,0.0510,-0.0197,0.0521
70065370292310,加速度计,-0.4776,8.4970,6.2177,,,,,,,
70065380310643,加速度计,-0.2670,7.4196,-1.6652,,,,,,,
70065377815174,陀螺仪,,,,,,,,0.1204,-0.0101,0.0791
70065390328560,加速度计,0.9846,5.6755,1.6412,,,,,,,
70065400346476,加速度计,-1.0810,6.1220,4.0402,,,,,,,
70065397851008,陀螺仪,,,,,,,,-0.0593,-0.0011,0.0522
70065410364393,加速度计,-1.1504,9.0573,11.0618,,,,,,,
70065420382310,加速度计,-0.6973,8.1523,12.0123,,,,,,,
70065417887570,陀螺仪,,,,,,,,-0.0643,0.0196,0.1193
70065430405695,加速度计,0.5016,6.1998,10.6985,,,,,,,
70065437922414,陀螺仪,,,,,,,,0.0720,0.0322,0.1471
70065440419028,加速度计,-0.9990,7.1748,1.9369,,,,,,,
70065450432362,加速度计,0.7679,5.4235,4.2880,,,,,,,
70065457949237,陀螺仪,,,,,,,,-0.0501,0.0224,0.0995
70065460445747,加速度计,0.0227,6.0077,9.2171,,,,,,,
70065470459549,加速度计,-1.1289,6.8815,11.5275,,,,,,,
70065477977622,陀螺仪,,,,,,,,0.0366,0.0216,0.1258
70065480473820,加速度计,-0.6536,9.2009,8.7664,,,,,,,
70065490488924,加速度计,-1.0235,8.2774,8.5748,,,,,,,
70065500504862,加速度计,1.2899,4.5598,9.0255,,,,,,,
70065498009080,陀螺仪,,,,,,,,0.0868,-0.0328,0.1254
70065510521633,加速度计,2.1302,6.5242,3.2184,,,,,,,
70065520539237,加速度计,0.6003,5.5049,-1.0642,,,,,,,
70065518043872,陀螺仪,,,,,,,,0.0575,-0.0395,-0.0092
70065530557674,加速度计,-0.3202,5.4642,-2.2715,,,,,,,
70065540576945,加速度计,-0.0473,4.6663,4.9979,,,,,,,
70065538081997,陀螺仪,,,,,,,,-0.1973,-0.0478,-0.0455
70065550597049,加速度计,-0.1730,6.6918,19.7540,,,,,,,
70065560617935,加速度计,-0.6734,9.8695,18.4587,,,,,,,
70065558123299,陀螺仪,,,,,,,,-0.0534,-0.0763,-0.0206
70065570639237,加速度计,1.5131,9.8108,6.3153,,,,,,,
70065580660903,加速度计,0.7368,4.6621,0.4615,,,,,,,
70065578166372,陀螺仪,,,,,,,,0.0437,-0.0846,-0.1309
70065590682570,加速度计,-0.7284,2.3038,6.4967,,,,,,,
70065598209705,陀螺仪,,,,,,,,0.0875,-0.1166,-0.1435
70065600704237,加速度计,0.0449,6.4787,9.2129,,,,,,,
70065610725851,加速度计,0.8900,11.1869,4.3778,,,,,,,
70065618251372,陀螺仪,,,,,,,,0.0128,-0.1365,-0.1413
70065620746737,加速度计,1.1498,9.8695,3.8331,,,,,,,
70065630765018,加速度计,1.5514,6.1262,7.6818,,,,,,,
70065640782935,加速度计,-0.2885,6.3991,3.5548,,,,,,,
70065638287466,陀螺仪,,,,,,,,-0.0258,-0.1461,-0.2506
70065650800851,加速度计,-0.5058,6.9300,6.5679,,,,,,,
70065660818768,加速度计,0.0389,5.8814,10.6177,,,,,,,
70065658323299,陀螺仪,,,,,,,,-0.0786,-0.1586,-0.1369
70065670837570,加速度计,2.3110,6.4625,12.1416,,,,,,,
70065678377049,陀螺仪,,,,,,,,0.0897,-0.1250,-0.1648
70065680879185,加速度计,0.2197,9.6702,3.6422,,,,,,,
70065690870539,加速度计,-0.3903,7.0192,4.7369,,,,,,,
70065698361476,陀螺仪,,,,,,,,0.0288,-0.1292,-0.1210
70065700862883,加速度计,0.1646,6.3225,6.0807,,,,,,,
70065710857414,加速度计,0.3400,8.3875,4.5663,,,,,,,
70065718355070,陀螺仪,,,,,,,,-0.0522,-0.1398,-0.0711
70065720854914,加速度计,0.0694,7.9805,6.3740,,,,,,,
70065730855851,加速度计,0.0341,7.3670,8.5587,,,,,,,
70065738363351,陀螺仪,,,,,,,,-0.0152,-0.1209,-0.0719
70065740861008,加速度计,0.4998,7.2987,6.7002,,,,,,,
70065750870747,加速度计,-0.4226,6.4452,5.1338,,,,,,,
70065758389705,陀螺仪,,,,,,,,-0.0387,-0.1292,-0.0438
70065760885070,加速度计,-0.4908,6.6990,7.3059,,,,,,,
70065770903976,加速度计,0.3322,6.5080,8.1403,,,,,,,
70065778434237,陀螺仪,,,,,,,,0.0229,-0.1237,-0.0023
70065780927414,加速度计,-0.2622,8.0685,8.6706,,,,,,,
70065790954914,加速度计,0.4633,8.8178,6.6283,,,,,,,
70065800985695,加速度计,0.7434,6.6134,3.1065,,,,,,,
70065798494080,陀螺仪,,,,,,,,0.0254,-0.1172,0.0145
70065811019289,加速度计,0.1598,6.6667,7.2299,,,,,,,
70065821054862,加速度计,0.0898,6.9085,8.5144,,,,,,,
70065818564080,陀螺仪,,,,,,,,-0.0302,-0.0941,0.0597
70065831091633,加速度计,0.5662,7.4831,7.7147,,,,,,,
70065841129133,加速度计,0.5016,7.8135,3.5338,,,,,,,
70065838638560,陀螺仪,,,,,,,,0.0244,-0.0506,0.1131
70065851164289,加速度计,0.7991,6.3375,6.4368,,,,,,,
70065858687622,陀螺仪,,,,,,,,-0.0467,-0.0234,0.1245
70065861182987,加速度计,-0.3226,7.3334,5.6473,,,,,,,
70065871201268,加速度计,0.2873,7.1090,11.7711,,,,,,,
70065878723716,陀螺仪,,,,,,,,0.0081,-0.0020,0.2116
70065881219185,加速度计,-0.6482,9.3883,4.4077,,,,,,,
70065891237101,加速度计,1.7891,6.0346,9.8539,,,,,,,
70065898759549,陀螺仪,,,,,,,,0.0153,0.0374,0.1909
70065901255018,加速度计,-0.6937,7.2059,4.6112,,,,,,,
70065911272935,加速度计,-0.0874,5.3277,5.9436,,,,,,,
70065921294289,加速度计,-0.3023,7.2455,4.9135,,,,,,,
70065918812101,陀螺仪,,,,,,,,0.0232,0.0527,0.2487
70065935164913,GPS,,,,31.9440,118.7832,3.6500,90.3000,,,
70065931356112,加速度计,0.9625,7.2778,9.3571,,,,,,,
70065938803560,陀螺仪,,,,,,,,-0.0176,0.0704,0.2703
70065941313716,加速度计,0.4369,7.6614,8.6646,,,,,,,
70065951274028,加速度计,0.7087,8.1313,7.2987,,,,,,,
70065961239445,加速度计,-0.0138,6.5206,4.8937,,,,,,,
70065958732101,陀螺仪,,,,,,,,-0.0109,0.1115,0.2461
70065971211945,加速度计,-0.3442,4.9183,13.1537,,,,,,,
70065981193091,加速度计,-0.8829,7.6112,13.7242,,,,,,,
70065978690226,陀螺仪,,,,,,,,0.0598,0.1068,0.3305
70065991184028,加速度计,2.8904,6.9456,5.9005,,,,,,,
70066001185383,加速度计,1.2617,7.0090,-4.3425,,,,,,,
70065998687726,陀螺仪,,,,,,,,0.1415,0.1128,0.2667
70066011197153,加速度计,1.2181,3.6631,-4.9752,,,,,,,
70066018726685,陀螺仪,,,,,,,,-0.2056,0.0794,0.0992
70066021219237,加速度计,0.3974,3.4417,0.1083,,,,,,,
70066031251112,加速度计,-0.8667,5.8466,19.2171,,,,,,,
70066041291841,加速度计,-1.2234,8.4036,25.1631,,,,,,,
70066038803560,陀螺仪,,,,,,,,-0.0602,0.1060,0.1635
70066051340174,加速度计,0.4118,11.3641,8.8986,,,,,,,
70066061394758,加速度计,0.3268,6.6182,-2.2547,,,,,,,
70066071453820,加速度计,1.2474,0.3388,0.9703,,,,,,,
70066058909393,陀螺仪,,,,,,,,0.0952,0.1292,0.2184
70066081515383,加速度计,-0.0634,4.9195,9.9455,,,,,,,
70066079031060,陀螺仪,,,,,,,,-0.0234,0.1039,0.0613
70066091575383,加速度计,-1.7957,12.2368,8.2025,,,,,,,
70066099123768,陀螺仪,,,,,,,,-0.0031,0.0450,0.0961
70066101619237,加速度计,0.7434,8.4515,8.2636,,,,,,,
70066111637153,加速度计,-0.9511,5.2660,6.2333,,,,,,,
70066121655070,加速度计,0.8505,4.6962,6.3865,,,,,,,
70066119159601,陀螺仪,,,,,,,,0.0232,0.0425,0.0489
70066131672987,加速度计,-0.4645,8.1547,9.0393,,,,,,,
70066139195435,陀螺仪,,,,,,,,0.0811,0.0334,0.0362
70066141690903,加速度计,-0.9451,11.2372,5.6270,,,,,,,
70066151708820,加速度计,-0.7123,7.2604,3.7822,,,,,,,
70066161726737,加速度计,-0.1131,5.7964,2.2206,,,,,,,
70066159231268,陀螺仪,,,,,,,,-0.0354,0.0109,0.0493
70066171745278,加速度计,0.3849,6.1711,3.7284,,,,,,,
70066181768403,加速度计,-0.6087,9.0381,13.4033,,,,,,,
70066179271789,陀螺仪,,,,,,,,-0.1170,0.0091,0.0589
70066191781737,加速度计,-0.5686,7.8620,15.5240,,,,,,,
70066201795070,加速度计,0.8673,8.0966,3.5512,,,,,,,
70066199298455,陀螺仪,,,,,,,,0.1051,0.0487,0.1429
70066211808508,加速度计,1.5419,8.0541,1.0822,,,,,,,
70066221822362,加速度计,0.5118,5.8119,4.2970,,,,,,,
70066219325955,陀螺仪,,,,,,,,-0.0485,0.0447,0.0690
70066231836737,加速度计,-0.9487,6.7995,9.1321,,,,,,,
70066241851945,加速度计,-1.2025,8.4102,8.1361,,,,,,,
70066239355955,陀螺仪,,,,,,,,-0.0129,0.0234,0.0623
70066251867987,加速度计,0.6327,7.0545,7.3071,,,,,,,
70066261884862,加速度计,-0.6369,6.2872,7.3795,,,,,,,
70066259389289,陀螺仪,,,,,,,,0.0160,0.0326,0.1282
70066271902570,加速度计,0.9056,8.0439,4.4999,,,,,,,
70066281921112,加速度计,0.7907,7.1216,5.1631,,,,,,,
70066279425955,陀螺仪,,,,,,,,0.0007,0.0391,0.0691
70066291940487,加速度计,-1.4557,6.3644,5.7497,,,,,,,
70066301960695,加速度计,-0.8966,7.2155,9.8497,,,,,,,
70066299465955,陀螺仪,,,,,,,,-0.0370,0.0273,0.1274
70066311981633,加速度计,-0.2071,7.0114,10.5111,,,,,,,
70066322002987,加速度计,1.5042,7.9918,5.6150,,,,,,,
70066319508455,陀螺仪,,,,,,,,0.0443,0.0438,0.1498
70066332024653,加速度计,-0.4124,6.6912,7.2431,,,,,,,
70066342046320,加速度计,-1.2935,6.2848,7.2778,,,,,,,
70066339551789,陀螺仪,,,,,,,,0.0294,0.0527,0.1419
70066352067987,加速度计,0.0569,5.7928,7.9362,,,,,,,
70066362089549,加速度计,-0.1544,9.1937,0.9331,,,,,,,
70066359594914,陀螺仪,,,,,,,,0.0676,0.0630,0.1714
70066372110070,加速度计,0.8278,6.8456,6.2740,,,,,,,
70066382128299,加速度计,-1.1067,7.1641,3.3860,,,,,,,
70066379632830,陀螺仪,,,,,,,,-0.0312,0.0831,0.1798
70066392146216,加速度计,0.7638,7.6806,10.7356,,,,,,,
70066402164133,加速度计,-0.0461,8.6652,12.7270,,,,,,,
70066399668664,陀螺仪,,,,,,,,-0.0173,0.1196,0.2326
70066412182049,加速度计,-0.8051,6.8528,7.0958,,,,,,,
70066422200174,加速度计,-0.3831,7.0114,0.2646,,,,,,,
70066419704914,陀螺仪,,,,,,,,0.0466,0.1519,0.2818
70066432219810,加速度计,0.5926,3.5704,5.4618,,,,,,,
70066442236893,加速度计,-0.7823,7.4304,6.6421,,,,,,,
70066439741216,陀螺仪,,,,,,,,-0.0149,0.1694,0.2791
70066452253976,加速度计,-1.5329,10.6626,13.5632,,,,,,,
70066462271060,加速度计,-1.5706,10.4698,17.3460,,,,,,,
70066459775383,陀螺仪,,,,,,,,0.0129,0.1554,0.3350
70066472288143,加速度计,1.2330,4.3383,7.7776,,,,,,,
70066479809549,陀螺仪,,,,,,,,0.2422,0.1192,0.2731
70066482305226,加速度计,-0.1502,6.5583,-4.7118,,,,,,,
70066492322310,加速度计,2.5373,4.9356,-8.6461,,,,,,,
70066502339393,加速度计,-3.6542,3.2531,-1.9285,,,,,,,
70066499843716,陀螺仪,,,,,,,,-0.3029,0.0992,0.1740
70066512356476,加速度计,0.5764,4.6154,19.5325,,,,,,,
70066522373560,加速度计,-0.3897,9.4798,22.9167,,,,,,,
70066519877883,陀螺仪,,,,,,,,-0.0249,0.1601,0.2071
70066532390747,加速度计,1.0313,9.7318,11.0492,,,,,,,
70066542408351,加速度计,-1.4599,5.1116,1.8196,,,,,,,
70066539912883,陀螺仪,,,,,,,,0.0951,0.1258,0.2063
70066552426372,加速度计,1.6694,2.7946,0.8763,,,,,,,
70066559949549,陀螺仪,,,,,,,,0.0004,0.1240,0.1162
70066562444810,加速度计,0.0533,3.3417,11.5203,,,,,,,
70066572463560,加速度计,0.0628,11.0187,8.6449,,,,,,,
70066582482310,加速度计,0.7302,10.1754,8.7137,,,,,,,
70066579987049,陀螺仪,,,,,,,,0.0402,0.1036,0.1380
70066592501060,加速度计,1.5461,5.7610,8.3324,,,,,,,
70066600024549,陀螺仪,,,,,,,,0.0502,0.0920,0.0301
70066602519810,加速度计,1.2983,5.9837,3.9283,,,,,,,
70066612538560,加速度计,1.2492,7.0713,6.7253,,,,,,,
70066620062049,陀螺仪,,,,,,,,0.0563,0.0855,-0.0200
70066622557310,加速度计,0.7799,9.5900,5.5240,,,,,,,
70066632576060,加速度计,1.1319,6.2572,6.2824,,,,,,,
70066640099549,陀螺仪,,,,,,,,0.0003,0.0840,-0.0409
70066642594810,加速度计,0.6662,6.5745,7.8991,,,,,,,
70066652613560,加速度计,1.1355,6.5362,6.9887,,,,,,,
70066660137049,陀螺仪,,,,,,,,0.0334,0.0911,-0.0234
70066662632310,加速度计,0.6967,8.9765,4.3209,,,,,,,
70066672652310,加速度计,1.2007,7.9547,6.3590,,,,,,,
70066680184914,陀螺仪,,,,,,,,-0.0192,0.0900,-0.0442
70066682683716,加速度计,2.0027,7.0054,9.0872,,,,,,,
70066692688403,加速度计,0.9248,6.4823,10.2436,,,,,,,
70066700195122,陀螺仪,,,,,,,,0.0767,0.0862,-0.1121
70066702693612,加速度计,1.0505,8.2456,3.0724,,,,,,,
70066712699758,加速度计,0.4992,6.7115,4.5352,,,,,,,
70066720209497,陀螺仪,,,,,,,,0.0008,0.0506,-0.1426
70066722707258,加速度计,0.0198,5.3720,6.5613,,,,,,,
70066732716528,加速度计,1.6574,8.7640,7.4172,,,,,,,
70066740231164,陀螺仪,,,,,,,,0.0248,0.0246,-0.2158
70066742727883,加速度计,1.2617,8.2456,7.1676,,,,,,,
70066752741424,加速度计,1.3964,6.9258,7.3023,,,,,,,
70066760261997,陀螺仪,,,,,,,,0.0312,0.0085,-0.2349
70066762757466,加速度计,1.0570,5.8413,4.9458,,,,,,,
70066772775903,加速度计,1.4419,7.7668,2.3248,,,,,,,
70066780301997,陀螺仪,,,,,,,,-0.0623,0.0052,-0.2630
70066782796424,加速度计,1.2552,7.2203,9.2057,,,,,,,
70066792819028,加速度计,1.0995,6.4709,14.9937,,,,,,,
70066800350122,陀螺仪,,,,,,,,0.0606,0.0095,-0.2542
70066802843612,加速度计,1.5137,7.2012,6.3799,,,,,,,
70066812869758,加速度计,0.7602,6.6810,5.2577,,,,,,,
70066820404080,陀螺仪,,,,,,,,0.0462,-0.0109,-0.2746
70066822897049,加速度计,0.8984,6.7971,4.0235,,,,,,,
70066832925070,加速度计,0.8829,5.8915,8.6580,,,,,,,
70066842953403,加速度计,0.7069,10.2819,5.5342,,,,,,,
70066840460539,陀螺仪,,,,,,,,0.0254,-0.0338,-0.2928
70066852980070,加速度计,0.7308,8.3330,8.2738,,,,,,,
70066860505330,陀螺仪,,,,,,,,0.0005,-0.0405,-0.2964
70066863000799,加速度计,0.9122,6.9468,3.9325,,,,,,,
70066873018716,加速度计,-0.1778,5.7509,5.4169,,,,,,,
70066880541164,陀螺仪,,,,,,,,-0.0670,-0.0483,-0.2559
70066883036633,加速度计,-0.5800,6.9977,7.8865,,,,,,,
70066893054549,加速度计,0.4046,6.0549,9.3691,,,,,,,
70066900576997,陀螺仪,,,,,,,,-0.0088,-0.0498,-0.1553
70066903072466,加速度计,-1.3222,7.8344,4.0917,,,,,,,
70066913090383,加速度计,1.8441,6.5368,7.2257,,,,,,,
70066923118560,加速度计,-0.1053,6.7439,7.3556,,,,,,,
70066920639914,陀螺仪,,,,,,,,-0.0326,-0.0282,-0.1622
70066939960902,GPS,,,,31.9440,118.7833,3.7100,90.1000,,,
70066933165018,加速度计,-1.5736,7.3622,12.2224,,,,,,,
70066943124549,加速度计,-1.2534,10.3747,10.6464,,,,,,,
70066940614810,陀螺仪,,,,,,,,0.0217,-0.0252,-0.0095
70066953087101,加速度计,2.1332,6.1740,8.0086,,,,,,,
70066963054862,加速度计,1.5634,5.6904,-3.0801,,,,,,,
70066960547830,陀螺仪,,,,,,,,0.0724,0.0051,0.0182
70066973029497,加速度计,0.1508,5.3253,-1.4635,,,,,,,
70066983012518,加速度计,-0.4034,4.6136,1.2947,,,,,,,
70066980509758,陀螺仪,,,,,,,,-0.1269,0.0047,-0.0246
70066993005018,加速度计,-0.2149,4.4053,11.4604,,,,,,,
70067003007674,加速度计,0.1562,7.6686,20.3615,,,,,,,
70067000510018,陀螺仪,,,,,,,,-0.1658,0.0324,0.0690
70067013020747,加速度计,0.2167,7.8919,13.7960,,,,,,,
70067020551528,陀螺仪,,,,,,,,0.1250,0.1475,0.1755
70067023044080,加速度计,0.8230,7.2598,1.1534,,,,,,,
70067033077101,加速度计,0.3424,4.7962,-2.2374,,,,,,,
70067040630539,陀螺仪,,,,,,,,-0.0886,0.1395,0.1109
70067043118820,加速度计,0.7177,1.1959,11.4868,,,,,,,
70067053167830,加速度计,-0.6494,8.2881,11.5784,,,,,,,
70067063222466,加速度计,-0.4603,12.6372,6.3776,,,,,,,
70067060736893,陀螺仪,,,,,,,,0.0601,0.1210,0.1238
70067073281060,加速度计,1.7334,7.4172,8.1032,,,,,,,
70067080857414,陀螺仪,,,,,,,,0.0011,0.1153,0.0602
70067083341945,加速度计,0.9996,3.3974,5.4618,,,,,,,
70067093399080,加速度计,0.1562,5.3738,3.6691,,,,,,,
70067103436945,加速度计,-1.2809,10.0856,2.5438,,,,,,,
70067100941580,陀螺仪,,,,,,,,-0.0286,0.0747,-0.0314
70067113455278,加速度计,0.4363,8.1798,12.3110,,,,,,,
70067123473455,加速度计,-0.0611,5.4803,14.4544,,,,,,,
70067120977987,陀螺仪,,,,,,,,-0.0382,0.0356,-0.0457
70067133491372,加速度计,-0.1921,8.0409,5.0829,,,,,,,
70067143509289,加速度计,1.4814,6.5027,3.3788,,,,,,,
70067141013820,陀螺仪,,,,,,,,0.0570,0.0437,-0.0728
70067153527205,加速度计,-1.1085,7.2700,4.3287,,,,,,,
70067161049653,陀螺仪,,,,,,,,-0.0357,-0.0021,-0.1051
70067163545122,加速度计,-1.1438,7.3065,8.0086,,,,,,,
70067173563351,加速度计,0.2394,9.2937,7.0713,,,,,,,
70067183583351,加速度计,-0.0796,6.8492,7.9835,,,,,,,
70067181087674,陀螺仪,,,,,,,,-0.0099,-0.0501,-0.1172
70067193600435,加速度计,-0.5016,6.7217,4.6693,,,,,,,
70067203617518,加速度计,-0.0114,6.5751,4.0181,,,,,,,
70067201121841,陀螺仪,,,,,,,,-0.0169,-0.0397,-0.1217
70067213634601,加速度计,-0.5686,7.3759,8.5443,,,,,,,
70067223651685,加速度计,0.5333,7.5040,8.1684,,,,,,,
70067221156008,陀螺仪,,,,,,,,-0.0027,-0.0489,-0.0771
70067233668768,加速度计,-0.1951,7.4555,6.1956,,,,,,,
70067243685851,加速度计,-0.2065,8.1325,5.5115,,,,,,,
70067241190174,陀螺仪,,,,,,,,-0.0130,-0.0242,-0.0417
70067253702935,加速度计,1.0918,7.3047,8.2827,,,,,,,
70067263720018,加速度计,-0.6399,6.0603,5.7952,,,,,,,
70067261224341,陀螺仪,,,,,,,,-0.0015,-0.0188,-0.0075
70067273737101,加速度计,0.9206,6.3841,4.9255,,,,,,,
70067281258768,陀螺仪,,,,,,,,-0.0341,-0.0162,-0.0047
70067283754341,加速度计,0.5902,5.8017,5.9723,,,,,,,
70067293771997,加速度计,-0.0162,5.8006,8.4180,,,,,,,
70067303790070,加速度计,-1.6191,8.4324,6.2297,,,,,,,
70067301294705,陀螺仪,,,,,,,,0.0080,-0.0033,-0.0165
70067313808560,加速度计,-0.4088,6.6852,8.9352,,,,,,,
70067323827310,加速度计,0.0215,8.0188,7.7614,,,,,,,
70067321332049,陀螺仪,,,,,,,,0.0369,-0.0120,0.0257
70067333846060,加速度计,-0.1263,7.8883,6.9994,,,,,,,
70067341369549,陀螺仪,,,,,,,,0.0087,-0.0166,0.0237
70067343864810,加速度计,-0.5896,9.1620,3.2902,,,,,,,
70067353883560,加速度计,-0.5752,5.5803,8.3001,,,,,,,
70067363902310,加速度计,-0.7739,5.1086,6.5535,,,,,,,
70067361407049,陀螺仪,,,,,,,,-0.0398,-0.0200,0.0366
70067373921060,加速度计,-0.7853,8.3468,8.1038,,,,,,,
70067381444549,陀螺仪,,,,,,,,0.0033,-0.0092,0.0783
70067383939810,加速度计,-0.2658,8.4300,7.8703,,,,,,,
70067393958560,加速度计,0.7111,6.6529,5.8598,,,,,,,
70067401482049,陀螺仪,,,,,,,,-0.0099,-0.0000,0.0652
70067403977310,加速度计,-1.1779,7.7399,3.7631,,,,,,,
70067413996060,加速度计,1.2139,7.7219,9.2392,,,,,,,
70067424016997,加速度计,-1.8777,7.2467,15.6407,,,,,,,
70067421523195,陀螺仪,,,,,,,,-0.0240,0.0169,0.1127
70067434048299,加速度计,-1.2611,8.8131,9.0932,,,,,,,
70067444048872,加速度计,2.7497,7.3095,2.9030,,,,,,,
70067441549133,陀螺仪,,,,,,,,0.1410,0.0096,0.2017
70067454050174,加速度计,0.5016,5.3738,-5.2110,,,,,,,
70067461553872,陀螺仪,,,,,,,,-0.0992,0.0029,0.0597
70067464052883,加速度计,-0.2274,4.0043,-0.9720,,,,,,,
70067474057414,加速度计,-1.6933,4.0606,6.4416,,,,,,,
70067481566320,陀螺仪,,,,,,,,-0.2166,-0.0276,0.0904
70067484064185,加速度计,-0.7847,7.1970,17.3274,,,,,,,
70067494073612,加速度计,-0.4142,7.9547,20.5728,,,,,,,
70067501589810,陀螺仪,,,,,,,,0.1394,0.0209,0.1487
70067504086112,加速度计,0.5303,9.0848,7.4520,,,,,,,
70067514101945,加速度计,0.2334,5.6018,-3.7050,,,,,,,
70067524120955,加速度计,0.1323,2.4954,1.5443,,,,,,,
70067521626216,陀螺仪,,,,,,,,-0.0730,0.0055,0.0720
70067534142883,加速度计,-2.0075,3.5165,12.0925,,,,,,,
70067544167570,加速度计,-0.6249,8.6365,14.6771,,,,,,,
70067541674185,陀螺仪,,,,,,,,0.0364,-0.0406,0.0905
70067554194601,加速度计,1.1935,10.4309,5.3181,,,,,,,
70067564223560,加速度计,0.9691,6.1573,4.3910,,,,,,,
70067561731112,陀螺仪,,,,,,,,0.0356,-0.0498,0.0461
70067574253872,加速度计,0.6877,2.4187,7.0024,,,,,,,
70067581792726,陀螺仪,,,,,,,,0.0807,-0.0493,-0.0017
70067584284862,加速度计,-0.7009,8.1229,7.0078,,,,,,,
70067594316112,加速度计,0.5902,10.9756,4.8973,,,,,,,
70067601849497,陀螺仪,,,,,,,,-0.0314,-0.0389,0.0289
70067604343924,加速度计,0.6913,7.9069,5.6150,,,,,,,
70067614364445,加速度计,-0.2352,4.3167,9.6702,,,,,,,
70067624382362,加速度计,0.5477,5.8778,8.5192,,,,,,,
70067621886893,陀螺仪,,,,,,,,-0.0080,-0.0244,0.0775
70067634400278,加速度计,0.3256,9.3320,3.4477,,,,,,,
70067644418195,加速度计,0.8571,9.0674,4.2820,,,,,,,
70067641922726,陀螺仪,,,,,,,,-0.0304,-0.0025,0.1064
70067654436112,加速度计,1.0283,6.1615,11.5616,,,,,,,
70067661958560,陀螺仪,,,,,,,,0.0125,0.0011,0.0772
70067664454028,加速度计,0.4453,6.9324,9.2273,,,,,,,
70067674473039,加速度计,0.3765,8.9034,3.5739,,,,,,,
70067684493768,加速度计,0.1401,8.0972,2.2434,,,,,,,
70067681997362,陀螺仪,,,,,,,,-0.0068,0.0205,0.0820
70067694507935,加速度计,0.7500,5.7994,6.2806,,,,,,,
70067704522101,加速度计,-0.2819,6.1321,9.3996,,,,,,,
70067702025695,陀螺仪,,,,,,,,-0.0200,0.0282,0.0711
70067714536476,加速度计,1.2611,9.1147,3.6206,,,,,,,
70067724551268,加速度计,-0.1203,7.6836,-4.2204,,,,,,,
70067722055070,陀螺仪,,,,,,,,-0.1104,0.0248,0.1052
70067734566476,加速度计,3.2178,5.4235,18.7406,,,,,,,
70067744582101,加速度计,-2.3463,8.4527,10.5225,,,,,,,
70067742086112,陀螺仪,,,,,,,,-0.0763,0.0358,0.0964
70067754598351,加速度计,4.6759,10.4722,12.9999,,,,,,,
70067764615435,加速度计,-1.1145,4.9674,4.6076,,,,,,,
70067762119862,陀螺仪,,,,,,,,0.0075,0.0573,0.0474
70067774633351,加速度计,3.2890,0.4681,18.2839,,,,,,,
70067784652101,加速度计,-0.8643,10.3932,-1.9052,,,,,,,
70067782156945,陀螺仪,,,,,,,,0.1876,0.0636,-0.0047
70067794671476,加速度计,2.0339,11.0241,13.1352,,,,,,,
70067802196320,陀螺仪,,,,,,,,0.2201,0.0201,-0.0346
70067804691268,加速度计,-0.2442,6.2818,4.7453,,,,,,,
70067814711476,加速度计,1.3186,5.8460,1.6203,,,,,,,
70067824732101,加速度计,-0.4747,10.3441,-3.4285,,,,,,,
70067822237362,陀螺仪,,,,,,,,0.0402,-0.0076,-0.1340
70067834752935,加速度计,-0.2987,5.5324,6.9635,,,,,,,
70067842279028,陀螺仪,,,,,,,,-0.0499,-0.0300,-0.0711
70067844773768,加速度计,-0.0946,5.9155,9.4074,,,,,,,
70067854794601,加速度计,-0.9846,8.2534,2.5935,,,,,,,
70067864815435,加速度计,1.5951,5.5109,6.8750,,,,,,,
70067862320695,陀螺仪,,,,,,,,-0.0655,0.0003,0.0107
70067874835851,加速度计,0.1520,6.1752,5.6186,,,,,,,
70067882359653,陀螺仪,,,,,,,,-0.0599,0.0328,0.0487
70067884855018,加速度计,-0.9188,7.5483,7.6770,,,,,,,
70067894873351,加速度计,-0.7524,8.6048,11.3012,,,,,,,
70067902396008,陀螺仪,,,,,,,,-0.0176,0.0174,0.1358
70067904891476,加速度计,-0.3190,8.5778,24.3550,,,,,,,
70067914909393,加速度计,0.0425,9.1656,15.8789,,,,,,,
70067924931789,加速度计,2.3786,7.4113,5.6593,,,,,,,
70067922443820,陀螺仪,,,,,,,,0.3927,0.0411,0.1563
70067945220225,GPS,,,,31.9440,118.7833,3.6400,87.1000,,,
70067934956476,加速度计,-0.6249,8.2588,-7.6297,,,,,,,
70067942453508,陀螺仪,,,,,,,,0.0925,0.0398,0.0658
70067944953976,加速度计,3.5141,3.6865,-1.1151,,,,,,,
70067954952518,加速度计,-2.1243,1.9614,1.8160,,,,,,,
70067962453091,陀螺仪,,,,,,,,0.1182,0.0230,0.0397
70067964952726,加速度计,2.9185,10.7260,14.7076,,,,,,,
70067974955435,加速度计,-3.2627,12.5151,6.2423,,,,,,,
70067984961268,加速度计,1.7980,-0.9002,12.9047,,,,,,,
70067982463195,陀螺仪,,,,,,,,0.0197,0.0087,0.0933
70067994970435,加速度计,0.7985,1.4802,-0.9140,,,,,,,
70068002486841,陀螺仪,,,,,,,,0.1278,0.1049,0.0883
70068004983143,加速度计,1.4545,14.8734,-4.0270,,,,,,,
70068014999601,加速度计,-0.0784,12.7635,4.8794,,,,,,,
70068022525070,陀螺仪,,,,,,,,-0.2939,0.0598,0.0768
70068025019601,加速度计,-0.6883,3.2118,16.3967,,,,,,,
70068035042935,加速度计,0.4459,4.0588,11.2659,,,,,,,
70068042576424,陀螺仪,,,,,,,,-0.1469,0.1073,0.1811
70068045069393,加速度计,0.5273,6.9581,-0.2304,,,,,,,
70068055098351,加速度计,-0.3148,5.1272,11.8226,,,,,,,
70068065129185,加速度计,0.6937,4.4311,12.8341,,,,,,,
70068062637153,陀螺仪,,,,,,,,-0.1338,0.1477,0.1748
70068075161476,加速度计,1.9818,6.6930,4.9506,,,,,,,
70068085194601,加速度计,-1.2270,5.8592,4.4400,,,,,,,
70068095227935,加速度计,-0.9116,4.6849,9.0471,,,,,,,
70068082702987,陀螺仪,,,,,,,,-0.0871,0.1073,0.0895
70068105254393,加速度计,-0.1185,6.1208,6.7193,,,,,,,
70068102759341,陀螺仪,,,,,,,,-0.0272,0.0924,0.0969
70068115273351,加速度计,0.8302,7.3741,7.1461,,,,,,,
70068122796008,陀螺仪,,,,,,,,-0.0071,0.0629,0.1015
70068125291476,加速度计,-1.4593,6.1788,6.7780,,,,,,,
70068135309393,加速度计,-0.2316,6.6786,2.1548,,,,,,,
70068142831841,陀螺仪,,,,,,,,-0.0157,0.0844,0.0529
70068145327310,加速度计,1.1965,7.6698,0.1826,,,,,,,
70068155345226,加速度计,-1.9255,6.3117,4.4682,,,,,,,
70068165363143,加速度计,-1.6436,6.7870,14.0013,,,,,,,
70068162867674,陀螺仪,,,,,,,,-0.1549,0.0715,0.1399
70068175383976,加速度计,0.0778,10.7368,12.7156,,,,,,,
70068182910070,陀螺仪,,,,,,,,-0.0314,0.1229,0.2577
70068185410539,加速度计,-0.0742,12.8724,7.1293,,,,,,,
70068195408664,加速度计,0.6375,7.5112,11.3114,,,,,,,
70068205407622,加速度计,0.1532,3.7888,12.1045,,,,,,,
70068202907570,陀螺仪,,,,,,,,-0.0466,0.1690,0.2535
70068215408247,加速度计,-0.6883,6.7834,8.3773,,,,,,,
70068222912258,陀螺仪,,,,,,,,0.0791,0.1506,0.2610
70068225411164,加速度计,-1.0798,10.0862,5.3115,,,,,,,
70068235416997,加速度计,-0.6985,7.2125,8.2157,,,,,,,
70068245426164,加速度计,0.3268,7.4998,3.8792,,,,,,,
70068242928924,陀螺仪,,,,,,,,0.1300,0.1131,0.1847
70068255438872,加速度计,1.3773,6.7660,2.6252,,,,,,,
70068265455330,加速度计,-2.7372,8.7131,-1.7388,,,,,,,
70068262959966,陀螺仪,,,,,,,,0.0003,0.0806,0.0599
70068275475330,加速度计,0.1107,5.8017,10.2574,,,,,,,
70068285498664,加速度计,1.7998,7.3897,10.8368,,,,,,,
70068283004966,陀螺仪,,,,,,,,0.0244,0.0784,0.1691
70068295525122,加速度计,0.7781,8.1187,4.0893,,,,,,,
70068305554080,加速度计,2.1009,6.3955,4.6741,,,,,,,
70068303061633,陀螺仪,,,,,,,,0.0184,0.1485,0.1643
70068315584914,加速度计,-0.3418,5.0667,0.9385,,,,,,,
70068323125487,陀螺仪,,,,,,,,-0.0751,0.1591,0.1238
70068325617205,加速度计,2.2733,4.7022,11.1905,,,,,,,
70068335650330,加速度计,0.4920,8.7430,12.3577,,,,,,,
70068343192049,陀螺仪,,,,,,,,0.0288,0.1595,0.0517
70068345683664,加速度计,0.0425,8.3252,9.8839,,,,,,,
70068355709497,加速度计,2.2781,6.0507,9.4116,,,,,,,
70068363232466,陀螺仪,,,,,,,,0.1337,0.1268,-0.0298
70068365727830,加速度计,0.4208,6.1016,4.3030,,,,,,,
70068375745955,加速度计,0.7536,7.1682,6.7223,,,,,,,
70068383268403,陀螺仪,,,,,,,,0.1380,0.0824,-0.1453
70068385763872,加速度计,0.6919,8.9908,12.3589,,,,,,,
70068395781789,加速度计,-0.9092,7.0677,12.6366,,,,,,,
70068403304237,陀螺仪,,,,,,,,0.3364,-0.0028,-0.1658
70068405799705,加速度计,1.6753,5.8891,7.0527,,,,,,,
70068415817622,加速度计,1.4293,5.4857,-2.3936,,,,,,,
70068425837205,加速度计,0.1885,8.6227,-8.2001,,,,,,,
70068423344445,陀螺仪,,,,,,,,0.2953,-0.0621,-0.2907
70068435857362,加速度计,-0.8362,4.4454,2.9646,,,,,,,
70068445869445,加速度计,0.6746,8.3187,19.2608,,,,,,,
70068443372518,陀螺仪,,,,,,,,-0.1233,-0.0960,-0.3455
70068455881789,加速度计,-0.6913,12.8467,9.2452,,,,,,,
70068465894549,加速度计,0.2382,11.7094,0.5537,,,,,,,
70068463397830,陀螺仪,,,,,,,,0.0542,-0.1206,-0.3313
70068475907987,加速度计,-0.4806,0.0982,0.8721,,,,,,,
70068485922258,加速度计,-1.5688,1.5933,2.3331,,,,,,,
70068483425955,陀螺仪,,,,,,,,-0.1676,-0.1225,-0.2539
70068495937362,加速度计,0.4836,8.8969,11.5011,,,,,,,
70068505953299,加速度计,-1.4036,7.5136,15.0003,,,,,,,
70068503457414,陀螺仪,,,,,,,,-0.2145,-0.1523,-0.1846
70068515970330,加速度计,0.2077,6.3375,11.6364,,,,,,,
70068523493351,陀螺仪,,,,,,,,-0.0687,-0.1503,-0.1474
70068525988612,加速度计,-0.2813,4.7531,9.0237,,,,,,,
70068536007883,加速度计,0.5974,5.4432,12.3403,,,,,,,
70068543533143,陀螺仪,,,,,,,,0.0882,-0.1518,-0.1226
70068546027987,加速度计,-1.6861,7.2125,15.2301,,,,,,,
70068556048924,加速度计,-0.5590,10.1760,6.8061,,,,,,,
70068566070435,加速度计,0.4573,8.3222,-2.3164,,,,,,,
70068563575903,陀螺仪,,,,,,,,0.1539,-0.1104,-0.0399
70068576092362,加速度计,-0.4980,2.0949,5.4271,,,,,,,
70068583620383,陀螺仪,,,,,,,,0.1064,-0.0610,0.0766
70068586114705,加速度计,-1.4617,7.9368,4.4383,,,,,,,
70068596137205,加速度计,0.4513,8.9226,4.4831,,,,,,,
70068606159705,加速度计,0.5076,8.4557,3.0299,,,,,,,
70068603665383,陀螺仪,,,,,,,,0.0083,0.0105,0.2530
70068616181164,加速度计,-0.5896,7.9583,4.0079,,,,,,,
70068626200435,加速度计,0.7350,5.7203,7.8985,,,,,,,
70068623705070,陀螺仪,,,,,,,,-0.0929,0.1016,0.3535
70068636218768,加速度计,0.0808,6.8606,3.9367,,,,,,,
70068646236841,加速度计,-0.7590,8.2744,5.4300,,,,,,,
70068643741372,陀螺仪,,,,,,,,-0.1180,0.1652,0.4519
70068656254758,加速度计,-0.0048,5.3666,14.3179,,,,,,,
70068663777205,陀螺仪,,,,,,,,-0.0245,0.1905,0.4493
70068666272674,加速度计,-0.5501,8.0164,11.3096,,,,,,,
70068676291112,加速度计,-0.4094,11.1893,9.2398,,,,,,,
70068683814341,陀螺仪,,,,,,,,0.0161,0.1406,0.3771
70068686310122,加速度计,0.1041,7.4232,9.2003,,,,,,,
70068696326789,加速度计,0.6674,4.5041,4.8554,,,,,,,
70068703847674,陀螺仪,,,,,,,,0.0742,0.1140,0.2056
70068706343455,加速度计,-0.5273,7.5118,-0.6506,,,,,,,
70068716360122,加速度计,1.0385,6.7056,0.2394,,,,,,,
70068726376789,加速度计,0.8990,4.5663,5.2840,,,,,,,
70068723881008,陀螺仪,,,,,,,,-0.1028,0.0791,0.1750
70068736393455,加速度计,1.8298,6.4344,5.7072,,,,,,,
70068746410122,加速度计,1.7945,5.6767,11.7675,,,,,,,
70068743914341,陀螺仪,,,,,,,,-0.0674,0.0976,0.1129
70068756427049,加速度计,0.0605,6.5033,13.6733,,,,,,,
70068763948820,陀螺仪,,,,,,,,0.1156,0.1241,0.1858
70068766444393,加速度计,1.4341,8.8891,10.5740,,,,,,,
70068776462153,加速度计,3.6051,8.6616,5.5887,,,,,,,
70068783984966,陀螺仪,,,,,,,,0.0927,0.1519,0.0419
70068786480330,加速度计,1.0385,9.2979,1.8393,,,,,,,
70068796498924,加速度计,-0.2939,7.4573,10.9170,,,,,,,
70068806517674,加速度计,2.6635,9.8761,4.7387,,,,,,,
70068804022414,陀螺仪,,,,,,,,0.0858,0.1200,0.0276
70068816536424,加速度计,1.8974,9.3535,-0.2017,,,,,,,
70068826555174,加速度计,1.6580,6.7259,5.2613,,,,,,,
70068824059914,陀螺仪,,,,,,,,-0.1707,0.1169,-0.0679
70068836573924,加速度计,0.4591,2.7701,16.9138,,,,,,,
70068846592674,加速度计,0.7566,7.4597,9.4625,,,,,,,
70068844097414,陀螺仪,,,,,,,,-0.0000,0.1186,-0.0125
70068856611424,加速度计,1.1175,10.2125,4.6633,,,,,,,
70068866630174,加速度计,1.0804,3.8295,9.7773,,,,,,,
70068864134914,陀螺仪,,,,,,,,-0.0180,0.1229,-0.0072
70068876648924,加速度计,0.1873,3.3698,10.8068,,,,,,,
70068884172414,陀螺仪,,,,,,,,0.1478,0.1105,0.0141
70068886667674,加速度计,0.1024,9.4751,0.1784,,,,,,,
70068896686424,加速度计,0.8745,6.6224,-0.7219,,,,,,,
70068904209914,陀螺仪,,,,,,,,-0.0609,0.0699,-0.0648
70068906705174,加速度计,-0.6919,4.1940,-1.6310,,,,,,,
70068916723924,加速度计,-0.5626,3.6996,0.9768,,,,,,,
70068926778612,加速度计,0.8511,8.5982,18.4198,,,,,,,
70068924313403,陀螺仪,,,,,,,,-0.2304,0.0674,-0.0418
70068945926370,GPS,,,,31.9440,118.7833,3.7000,87.1000,,,
70068936793768,加速度计,-0.5842,10.4812,24.9344,,,,,,,
70068944220330,陀螺仪,,,,,,,,0.1116,0.1433,0.0549
70068946734758,加速度计,0.7033,11.2934,1.9219,,,,,,,
70068956680487,加速度计,1.2163,5.6719,-4.1719,,,,,,,
70068966633612,加速度计,0.8841,-0.9074,3.1825,,,,,,,
70068964122726,陀螺仪,,,,,,,,-0.1951,0.1430,0.0028
70068976596372,加速度计,-0.1185,0.7578,14.5232,,,,,,,
70068986570591,加速度计,0.9924,10.3208,14.8590,,,,,,,
70068984065330,陀螺仪,,,,,,,,0.0194,0.1273,-0.0115
70068996557674,加速度计,0.1502,9.6690,11.2312,,,,,,,
70069004059862,陀螺仪,,,,,,,,0.1542,0.1486,0.0206
70069006558351,加速度计,3.2304,3.7733,8.7137,,,,,,,
70069016572778,加速度计,1.8914,3.8762,3.4375,,,,,,,
70069024108976,陀螺仪,,,,,,,,0.1955,0.1455,-0.1778
70069026600695,加速度计,0.3843,11.3407,-3.1969,,,,,,,
70069036641164,加速度计,-0.3508,9.4421,3.5111,,,,,,,
70069046692674,加速度计,-0.8230,6.3602,10.5512,,,,,,,
70069044206580,陀螺仪,,,,,,,,-0.1152,0.0257,-0.2361
70069056753560,加速度计,-0.5429,7.9434,12.5654,,,,,,,
70069064339289,陀螺仪,,,,,,,,0.0301,0.0154,-0.1791
70069066821633,加速度计,0.6464,8.3486,6.3985,,,,,,,
70069076894653,加速度计,1.1151,8.6844,3.0335,,,,,,,
70069084489393,陀螺仪,,,,,,,,-0.0947,-0.0095,-0.2613
70069086970278,加速度计,-0.7009,2.8066,9.8617,,,,,,,
70069097038195,加速度计,-0.8703,5.9167,7.5495,,,,,,,
70069104577883,陀螺仪,,,,,,,,0.0222,-0.0542,-0.2425
70069107073247,加速度计,0.2687,9.3296,3.0610,,,,,,,
70069117091320,加速度计,0.5046,10.2466,4.7645,,,,,,,
70069127109237,加速度计,-0.4758,5.0182,12.1847,,,,,,,
70069124613768,陀螺仪,,,,,,,,-0.1184,-0.0949,-0.2720
70069137127153,加速度计,-0.6991,7.1371,6.7732,,,,,,,
70069147145070,加速度计,0.4190,8.0511,5.9071,,,,,,,
70069144649601,陀螺仪,,,,,,,,0.0501,-0.0921,-0.2646
70069157162987,加速度计,0.1095,7.7536,8.2133,,,,,,,
70069164685435,陀螺仪,,,,,,,,0.0454,-0.1149,-0.1920
70069167180903,加速度计,0.4806,6.6008,5.6862,,,,,,,
70069177201424,加速度计,0.0754,8.2073,3.1352,,,,,,,
70069184723195,陀螺仪,,,,,,,,-0.0204,-0.1180,-0.2300
70069187220435,加速度计,-0.7913,8.5371,3.8457,,,,,,,
70069197231268,加速度计,-0.3286,5.5456,9.4996,,,,,,,
70069207242414,加速度计,0.0622,7.2766,8.4156,,,,,,,
70069204745278,陀螺仪,,,,,,,,-0.0041,-0.1053,-0.1206
70069217254289,加速度计,-0.0988,7.0527,6.4919,,,,,,,
70069224770278,陀螺仪,,,,,,,,0.0254,-0.0791,-0.0720
70069227266997,加速度计,0.6446,6.1495,4.2515,,,,,,,
70069237280539,加速度计,0.2747,3.8505,9.0369,,,,,,,
70069244799028,陀螺仪,,,,,,,,0.0716,-0.0586,-0.0234
70069247295226,加速度计,-1.2761,9.2721,6.1130,,,,,,,
70069257311164,加速度计,0.0323,10.5213,7.0090,,,,,,,
70069264832778,陀螺仪,,,,,,,,0.0136,-0.0280,0.0485
70069267328351,加速度计,0.4585,9.0633,4.9512,,,,,,,
70069277346789,加速度计,-0.6740,5.7377,7.3179,,,,,,,
70069284871528,陀螺仪,,,,,,,,-0.0413,0.0320,0.1403
70069287366476,加速度计,-0.4729,5.6395,5.2241,,,,,,,
70069297387414,加速度计,-0.5794,6.7714,6.5188,,,,,,,
70069307409289,加速度计,-1.6915,7.0240,10.4621,,,,,,,
70069304914862,陀螺仪,,,,,,,,-0.0368,0.0864,0.2622
70069317431997,加速度计,-0.4818,7.2287,10.6823,,,,,,,
70069324961112,陀螺仪,,,,,,,,0.0803,0.1321,0.3236
70069327455226,加速度计,-1.6119,7.9595,4.5669,,,,,,,
70069337478872,加速度计,-1.7304,8.9513,6.1878,,,,,,,
70069345008612,陀螺仪,,,,,,,,-0.0080,0.1313,0.3823
70069347502622,加速度计,-2.5175,7.9116,11.6215,,,,,,,
70069357526372,加速度计,-0.5189,7.0785,12.9437,,,,,,,
70069365050278,陀螺仪,,,,,,,,0.1766,0.1645,0.4943
70069367545747,加速度计,1.0702,8.4306,3.9259,,,,,,,
70069377563664,加速度计,0.6261,6.6415,-2.2003,,,,,,,
70069385086112,陀螺仪,,,,,,,,0.0253,0.1960,0.3969
70069387581580,加速度计,-0.8386,4.9710,-5.1607,,,,,,,
70069397599497,加速度计,0.1850,4.7369,-1.2001,,,,,,,
70069405121945,陀螺仪,,,,,,,,-0.2551,0.1973,0.3645
70069407617414,加速度计,-0.9870,5.9556,18.4342,,,,,,,
70069417635330,加速度计,-2.3146,9.5337,20.7266,,,,,,,
70069427654497,加速度计,0.8086,10.6728,4.9392,,,,,,,
70069425162570,陀螺仪,,,,,,,,0.0695,0.2461,0.4188
70069437673768,加速度计,-0.5674,4.5939,0.3017,,,,,,,
70069445192570,陀螺仪,,,,,,,,-0.0446,0.2310,0.3762
70069447688768,加速度计,-0.8841,0.3274,2.3469,,,,,,,
70069457703768,加速度计,0.3112,4.1156,7.5166,,,,,,,
70069465222570,陀螺仪,,,,,,,,-0.0398,0.1953,0.2443
70069467718768,加速度计,0.0874,11.0660,6.1657,,,,,,,
70069477734080,加速度计,-0.9900,9.5816,12.4678,,,,,,,
70069485253820,陀螺仪,,,,,,,,-0.0566,0.1055,0.1296
70069487749810,加速度计,-0.5489,3.6374,12.2870,,,,,,,
70069497765955,加速度计,1.9513,3.9588,6.0148,,,,,,,
70069505286737,陀螺仪,,,,,,,,0.0630,0.0469,-0.0462
70069507782518,加速度计,0.6087,7.4915,1.0780,,,,,,,
70069517799497,加速度计,1.8729,7.7273,8.2277,,,,,,,
70069525321320,陀螺仪,,,,,,,,-0.0716,0.0289,-0.1280
70069527816893,加速度计,-1.2576,5.8820,13.8864,,,,,,,
70069537834705,加速度计,1.7723,7.2874,10.2735,,,,,,,
70069545357570,陀螺仪,,,,,,,,0.0382,-0.0157,-0.1671
70069547852935,加速度计,0.2298,8.1768,3.8840,,,,,,,
70069557871580,加速度计,1.6466,5.7479,7.9942,,,,,,,
70069567890643,加速度计,2.1344,6.4159,9.5361,,,,,,,
70069565395487,陀螺仪,,,,,,,,0.0422,-0.0340,-0.2071
70069577910122,加速度计,0.4651,9.8049,7.0497,,,,,,,
70069585435070,陀螺仪,,,,,,,,0.0421,-0.0545,-0.2558
70069587930018,加速度计,1.6466,9.2039,2.7557,,,,,,,
70069597950330,加速度计,1.2582,6.2237,5.2481,,,,,,,
70069607971060,加速度计,0.0168,7.0449,7.2425,,,,,,,
70069605476320,陀螺仪,,,,,,,,-0.0292,-0.0497,-0.2405
70069617991893,加速度计,1.6723,7.6656,7.2341,,,,,,,
70069625517987,陀螺仪,,,,,,,,-0.0041,-0.0241,-0.2125
70069628012726,加速度计,1.0223,8.7616,5.4636,,,,,,,
70069638033560,加速度计,0.5148,7.3358,9.6181,,,,,,,
70069645559237,陀螺仪,,,,,,,,0.0474,-0.0087,-0.1791
70069648054080,加速度计,1.2109,6.9755,2.6103,,,,,,,
70069658072935,加速度计,0.7943,8.3941,-3.4375,,,,,,,
70069665595487,陀螺仪,,,,,,,,-0.2009,-0.0172,-0.1647
70069668090955,加速度计,-0.7901,6.8121,15.0272,,,,,,,
70069678116528,加速度计,0.7655,4.9398,18.2755,,,,,,,
70069685632153,陀螺仪,,,,,,,,0.1213,0.0033,-0.1352
70069688132726,加速度计,2.0518,7.9877,4.4089,,,,,,,
70069698130539,加速度计,-0.8074,7.3993,2.1757,,,,,,,
70069705629237,陀螺仪,,,,,,,,0.0174,-0.0346,-0.1909
70069708129393,加速度计,0.2442,3.1651,5.6503,,,,,,,
70069718130122,加速度计,1.6616,4.4538,11.1157,,,,,,,
70069725634653,陀螺仪,,,,,,,,0.1587,-0.0658,-0.2543
70069728133560,加速度计,0.7554,12.7767,3.8726,,,,,,,
70069738140226,加速度计,0.3513,8.9178,4.0378,,,,,,,
70069745652987,陀螺仪,,,,,,,,0.0513,-0.0670,-0.3129
70069748150226,加速度计,2.4379,3.8271,5.0769,,,,,,,
70069758163872,加速度计,0.2532,6.8761,4.1216,,,,,,,
70069765685903,陀螺仪,,,,,,,,-0.0109,-0.0786,-0.2594
70069768181268,加速度计,-1.2210,8.1666,10.8050,,,,,,,
70069778202101,加速度计,1.4048,7.0856,9.6911,,,,,,,
70069785732570,陀螺仪,,,,,,,,0.0634,-0.0601,-0.1999
70069788226268,加速度计,1.1091,8.3276,0.8637,,,,,,,
70069798253455,加速度计,1.4335,5.7389,4.4855,,,,,,,
70069808282935,加速度计,-1.0110,6.0980,7.7111,,,,,,,
70069805790487,陀螺仪,,,,,,,,-0.0597,-0.0461,-0.2091
70069818314185,加速度计,-0.8056,10.0706,13.1885,,,,,,,
70069828346789,加速度计,-0.7195,10.0694,14.5621,,,,,,,
70069825855070,陀螺仪,,,,,,,,0.0298,-0.0485,-0.0719
70069838380018,加速度计,0.6973,8.4156,4.4215,,,,,,,
70069848413351,加速度计,2.8808,4.1126,0.2520,,,,,,,
70069845921737,陀螺仪,,,,,,,,0.0997,-0.0463,-0.0734
70069858436060,加速度计,-0.6752,7.3873,-6.3620,,,,,,,
70069868454601,加速度计,-1.6113,5.2259,0.9194,,,,,,,
70069865959237,陀螺仪,,,,,,,,-0.2125,-0.0747,-0.1321
70069878472935,加速度计,-0.4962,4.3018,9.2715,,,,,,,
70069885995487,陀螺仪,,,,,,,,-0.2593,-0.0800,-0.0073
70069888490955,加速度计,-0.2185,6.0543,20.7488,,,,,,,
70069898508872,加速度计,0.0994,8.3863,17.9745,,,,,,,
70069906031320,陀螺仪,,,,,,,,0.0569,0.0625,0.1511
70069908526789,加速度计,0.6195,8.8160,4.5448,,,,,,,
70069918544705,加速度计,1.1169,1.6436,3.3836,,,,,,,
70069928591164,加速度计,0.9152,5.5300,1.1714,,,,,,,
70069936125016,GPS,,,,31.9440,118.7834,3.7100,82.5000,,,
70069938586372,加速度计,0.1550,9.7486,6.8037,,,,,,,
70069926099237,陀螺仪,,,,,,,,0.0454,0.0956,0.1246
70069948570383,加速度计,1.2815,9.5062,10.7075,,,,,,,
70069946066789,陀螺仪,,,,,,,,-0.1202,0.0640,0.1297
70069958556737,加速度计,0.5040,6.5960,12.0871,,,,,,,
70069968546685,加速度计,2.3373,3.6805,6.1878,,,,,,,
70069966044914,陀螺仪,,,,,,,,0.0116,0.1198,0.1194
70069978541112,加速度计,-0.0874,5.5288,4.4724,,,,,,,
70069988540851,加速度计,0.6758,8.0206,4.7788,,,,,,,
70069986041737,陀螺仪,,,,,,,,-0.0204,0.1405,0.0791
70069998546372,加速度计,0.8194,7.5148,12.4032,,,,,,,
70070008558091,加速度计,-0.2113,4.2790,11.0355,,,,,,,
70070006062049,陀螺仪,,,,,,,,-0.0040,0.1435,0.0450
70070018576060,加速度计,0.6171,6.5936,7.2155,,,,,,,
70070028599914,加速度计,0.2095,8.0924,1.3491,,,,,,,
70070038629237,加速度计,1.6023,6.8384,6.5679,,,,,,,
70070026106789,陀螺仪,,,,,,,,0.0826,0.1726,0.1024
70070048663247,加速度计,0.2945,7.5717,11.0792,,,,,,,
70070058701112,加速度计,-0.1203,6.5308,8.3606,,,,,,,
70070046172414,陀螺仪,,,,,,,,-0.0017,0.1523,-0.0076
70070068741997,加速度计,-1.4503,6.9821,2.5414,,,,,,,
70070066252570,陀螺仪,,,,,,,,0.0882,0.1214,-0.0459
70070078784705,加速度计,-0.1903,7.6441,1.7125,,,,,,,
70070088828351,加速度计,0.2263,6.6373,8.6263,,,,,,,
70070086338976,陀螺仪,,,,,,,,-0.0423,0.0835,-0.1055
70070098869549,加速度计,-1.7107,8.3145,11.7861,,,,,,,
70070108890695,加速度计,-1.0265,7.6507,8.1948,,,,,,,
70070106395330,陀螺仪,,,,,,,,0.0933,0.0593,-0.0940
70070118909028,加速度计,1.1414,8.4420,0.6452,,,,,,,
70070128926997,加速度计,1.0307,6.1040,1.2456,,,,,,,
70070138944914,加速度计,-0.5453,7.4526,5.5516,,,,,,,
70070126431528,陀螺仪,,,,,,,,0.0278,0.0606,-0.0949
70070148962830,加速度计,-0.6650,7.5022,12.1189,,,,,,,
70070146467362,陀螺仪,,,,,,,,-0.0630,0.0292,-0.1373
70070158980747,加速度计,0.0072,7.4172,13.8331,,,,,,,
70070168998664,加速度计,0.4369,8.1924,8.0637,,,,,,,
70070166503455,陀螺仪,,,,,,,,0.1012,0.0563,-0.0220
70070179019862,加速度计,2.2918,6.9983,6.0723,,,,,,,
70070189036528,加速度计,0.0383,6.5559,3.1747,,,,,,,
70070186540122,陀螺仪,,,,,,,,0.1497,0.0920,-0.1139
70070199050695,加速度计,-0.6015,8.2630,2.3750,,,,,,,
70070209064862,加速度计,0.1832,7.0749,4.0438,,,,,,,
70070206568508,陀螺仪,,,,,,,,0.0193,0.0294,-0.1660
70070219079393,加速度计,-0.2173,8.2678,2.9868,,,,,,,
70070229094341,加速度计,-0.6069,4.8225,9.3739,,,,,,,
70070226598195,陀螺仪,,,,,,,,-0.1104,0.0093,-0.1780
70070239109705,加速度计,-0.3424,7.0288,11.3802,,,,,,,
70070249125487,加速度计,0.4483,6.8636,11.3778,,,,,,,
70070259142049,加速度计,0.7739,9.5140,4.3557,,,,,,,
70070246629601,陀螺仪,,,,,,,,0.0330,0.0453,-0.0828
70070269159445,加速度计,1.4629,6.2620,5.2469,,,,,,,
70070266663976,陀螺仪,,,,,,,,0.0129,0.0655,-0.1316
70070279177674,加速度计,-0.8984,7.2191,4.8955,,,,,,,
70070289196737,加速度计,-0.5776,6.6319,9.6636,,,,,,,
70070286701633,陀螺仪,,,,,,,,-0.0541,0.0249,-0.1940
70070299216268,加速度计,-0.1556,9.7642,12.7354,,,,,,,
70070309236216,加速度计,-1.5820,6.6361,14.6214,,,,,,,
70070306741320,陀螺仪,,,,,,,,0.0487,-0.0012,-0.1337
70070319256580,加速度计,1.0451,8.3725,4.1144,,,,,,,
70070329277362,加速度计,2.1213,6.2405,-1.7340,,,,,,,
70070326782674,陀螺仪,,,,,,,,0.1233,-0.0225,-0.2012
70070339298560,加速度计,1.0959,6.2800,-5.5492,,,,,,,
70070349319810,加速度计,-0.7853,3.9433,-4.2264,,,,,,,
70070346825174,陀螺仪,,,,,,,,-0.1695,-0.0780,-0.3418
70070359341060,加速度计,-0.9942,6.0495,6.2680,,,,,,,
70070369362310,加速度计,0.1251,7.2951,30.4076,,,,,,,
70070366867362,陀螺仪,,,,,,,,-0.2792,-0.0969,-0.2941
70070379381372,加速度计,-1.3982,9.5247,19.2129,,,,,,,
70070389399758,加速度计,0.1071,9.3260,-3.9851,,,,,,,
70070386904341,陀螺仪,,,,,,,,0.1939,-0.0238,-0.2272
70070399417726,加速度计,-0.2478,1.8178,-7.2556,,,,,,,
70070409435643,加速度计,-0.0263,0.5662,6.2315,,,,,,,
70070419453560,加速度计,0.5016,8.9926,16.4302,,,,,,,
70070406940174,陀螺仪,,,,,,,,-0.1157,-0.1178,-0.3123
70070429486945,加速度计,-0.7314,17.6770,10.3555,,,,,,,
70070426997414,陀螺仪,,,,,,,,0.0051,-0.1997,-0.4258
70070439493299,加速度计,1.5083,8.3623,9.1034,,,,,,,
70070449488612,加速度计,0.4184,0.6506,5.7994,,,,,,,
70070446987726,陀螺仪,,,,,,,,-0.0134,-0.2477,-0.5385
70070459485487,加速度计,0.1119,2.7515,1.2354,,,,,,,
70070469484758,加速度计,0.1670,7.3783,7.6489,,,,,,,
70070466985070,陀螺仪,,,,,,,,-0.0246,-0.3032,-0.5732
70070479486893,加速度计,0.5896,8.1654,11.0271,,,,,,,
70070489492674,加速度计,1.0026,5.3067,10.5117,,,,,,,
70070486994758,陀螺仪,,,,,,,,0.0060,-0.3254,-0.5526
70070499502205,加速度计,0.3454,5.9873,5.5976,,,,,,,
70070509515851,加速度计,0.0748,7.0797,3.4542,,,,,,,
70070507019966,陀螺仪,,,,,,,,0.0700,-0.3404,-0.5428
70070519533664,加速度计,0.0730,9.4529,5.3858,,,,,,,
70070529555278,加速度计,0.5034,6.6834,11.8292,,,,,,,
70070527061320,陀螺仪,,,,,,,,-0.0517,-0.3907,-0.5298
70070539580643,加速度计,0.1215,7.3706,9.0255,,,,,,,
70070549609028,加速度计,0.0940,6.9133,4.5191,,,,,,,
70070547116580,陀螺仪,,,,,,,,0.0337,-0.3851,-0.4782
70070559639966,加速度计,0.4555,6.5607,4.3916,,,,,,,
70070569673039,加速度计,0.3100,5.8975,5.5923,,,,,,,
70070567181580,陀螺仪,,,,,,,,-0.0314,-0.4029,-0.4711
70070579707466,加速度计,-1.4844,8.0391,10.1119,,,,,,,
70070589742414,加速度计,0.3280,8.3300,11.2007,,,,,,,
70070599777414,加速度计,0.4441,8.2313,7.0785,,,,,,,
70070587251216,陀螺仪,,,,,,,,0.0257,-0.4129,-0.3965
70070609799289,加速度计,-0.6009,5.8933,5.2463,,,,,,,
70070607304080,陀螺仪,,,,,,,,0.1016,-0.3910,-0.3186
70070619817466,加速度计,0.6207,6.4027,2.8204,,,,,,,
70070629835383,加速度计,-1.1235,7.4262,8.0308,,,,,,,
70070627339914,陀螺仪,,,,,,,,0.0250,-0.3647,-0.2431
70070639853299,加速度计,-1.9279,7.9691,8.3785,,,,,,,
70070649871216,加速度计,0.6620,7.0515,7.2143,,,,,,,
70070647375747,陀螺仪,,,,,,,,0.0732,-0.3096,-0.0225
70070659889133,加速度计,0.1155,5.9059,7.3029,,,,,,,
70070669907049,加速度计,-0.8122,4.7507,9.9683,,,,,,,
70070667412049,陀螺仪,,,,,,,,0.1161,-0.2147,0.0798
70070679933508,加速度计,-2.4397,9.6857,5.0242,,,,,,,
70070689944758,加速度计,-0.4776,10.6057,1.5287,,,,,,,
70070687447622,陀螺仪,,,,,,,,0.1443,-0.1703,0.2385
70070699956008,加速度计,0.4154,6.3147,3.3249,,,,,,,
70070709967674,加速度计,-2.0830,5.8143,9.1614,,,,,,,
70070707470747,陀螺仪,,,,,,,,-0.0722,-0.1121,0.3017
70070719979758,加速度计,-2.3331,6.3572,11.4904,,,,,,,
70070729992674,加速度计,-1.7334,8.1421,7.0306,,,,,,,
70070727496164,陀螺仪,,,,,,,,0.0566,-0.0381,0.5269
70070740006424,加速度计,0.0826,5.5911,5.5462,,,,,,,
70070750021424,加速度计,-0.7069,6.4033,4.8357,,,,,,,
70070760037674,加速度计,-1.3384,6.9276,7.6620,,,,,,,
70070747525539,陀螺仪,,,,,,,,0.0435,0.0021,0.5123
70070770055174,加速度计,-1.0636,9.1542,9.4056,,,,,,,
70070767559914,陀螺仪,,,,,,,,0.0431,0.0409,0.5637
70070780073924,加速度计,-2.2667,7.6974,10.5896,,,,,,,
70070790093924,加速度计,-0.5171,7.6728,11.0600,,,,,,,
70070787599185,陀螺仪,,,,,,,,0.0965,0.0565,0.6831
70070800114758,加速度计,1.0481,7.3975,3.8972,,,,,,,
70070810136424,加速度计,0.7608,7.9242,-1.7514,,,,,,,
70070807642101,陀螺仪,,,,,,,,0.1525,0.0916,0.6360
70070820158924,加速度计,0.2017,5.7622,-7.3981,,,,,,,
70070830181841,加速度计,-0.1718,4.1150,0.7069,,,,,,,
70070840205174,加速度计,-0.6901,4.0695,19.6983,,,,,,,
70070827687726,陀螺仪,,,,,,,,-0.2433,0.0900,0.5194
70070850228508,加速度计,-0.5866,9.5684,23.5093,,,,,,,
70070847734393,陀螺仪,,,,,,,,-0.0945,0.1680,0.6254
70070860251841,加速度计,0.3819,10.7338,8.1618,,,,,,,
70070870271841,加速度计,1.3276,6.7810,-2.7342,,,,,,,
70070867776372,陀螺仪,,,,,,,,0.1334,0.2033,0.5826
70070880289758,加速度计,1.1690,1.5640,-0.2304,,,,,,,
70070890307674,加速度计,0.5076,4.8608,10.4429,,,,,,,
70070900325591,加速度计,0.1053,10.5746,11.8160,,,,,,,
70070887812205,陀螺仪,,,,,,,,-0.1047,0.1561,0.3425
70070910343508,加速度计,1.0331,10.7601,8.6556,,,,,,,
70070907848039,陀螺仪,,,,,,,,0.0220,0.1451,0.3784
70070920361424,加速度计,2.4618,2.1189,6.8229,,,,,,,
70070930421737,加速度计,1.6951,4.2204,5.2182,,,,,,,
70070927916060,陀螺仪,,,,,,,,0.0177,0.1696,0.2236
70070940398820,加速度计,1.5233,7.5705,6.7241,,,,,,,
70070948042203,GPS,,,,31.9440,118.7834,3.7800,81.6000,,,
70070950377153,加速度计,-0.0078,8.2187,11.0391,,,,,,,
70070947872518,陀螺仪,,,,,,,,-0.0213,0.1377,0.1483
70070960358403,加速度计,1.5113,6.2285,7.6644,,,,,,,
70070970343820,加速度计,1.9495,4.2940,6.9935,,,,,,,
70070967841580,陀螺仪,,,,,,,,0.0057,0.1352,0.1013
70070980334653,加速度计,1.5640,6.8067,5.1894,,,,,,,
70070990331737,加速度计,1.3934,8.0499,9.8521,,,,,,,
70070987832830,陀螺仪,,,,,,,,-0.0089,0.1101,0.0039
70071000335903,加速度计,1.9980,7.8081,10.7667,,,,,,,
70071010347153,加速度计,1.6753,6.7319,5.7371,,,,,,,
70071007851789,陀螺仪,,,,,,,,0.0676,0.0952,-0.0939
70071020365487,加速度计,0.6524,6.3398,3.9857,,,,,,,
70071030390903,加速度计,0.4046,6.7971,2.7366,,,,,,,
70071027898872,陀螺仪,,,,,,,,0.0226,0.0561,-0.1748
70071040422570,加速度计,1.3066,7.2395,5.9041,,,,,,,
70071050459653,加速度计,-1.0798,7.0916,7.6201,,,,,,,
70071047970122,陀螺仪,,,,,,,,-0.0477,0.0105,-0.2450
70071060501320,加速度计,0.6578,6.6266,7.2413,,,,,,,
70071070546320,加速度计,0.4974,9.1111,6.7301,,,,,,,
70071068058143,陀螺仪,,,,,,,,-0.0004,-0.0116,-0.2380
70071080593403,加速度计,0.5962,7.8051,10.3424,,,,,,,
70071090641320,加速度计,0.5968,6.8905,8.7855,,,,,,,
70071088153351,陀螺仪,,,,,,,,0.0419,-0.0008,-0.2409
70071100689237,加速度计,-0.0353,8.1223,2.9281,,,,,,,
70071110707987,加速度计,-0.2478,6.5200,5.6162,,,,,,,
70071108212518,陀螺仪,,,,,,,,0.0165,-0.0024,-0.2180
70071120725903,加速度计,-0.1203,6.9396,9.3350,,,,,,,
70071130743820,加速度计,0.2735,7.0312,10.5099,,,,,,,
70071128248351,陀螺仪,,,,,,,,0.0562,-0.0148,-0.1740
70071140761737,加速度计,-0.1089,8.2959,4.7010,,,,,,,
70071150779653,加速度计,-0.1867,6.2686,6.3255,,,,,,,
70071148284185,陀螺仪,,,,,,,,0.1154,0.0081,-0.1398
70071160797570,加速度计,-0.1520,8.4851,3.7954,,,,,,,
70071170815487,加速度计,-0.4866,9.0220,7.1940,,,,,,,
70071168321685,陀螺仪,,,,,,,,0.0305,0.0124,-0.1160
70071180859289,加速度计,-1.4802,7.6483,7.9332,,,,,,,
70071190853039,加速度计,-1.0660,5.6210,7.8410,,,,,,,
70071188351737,陀螺仪,,,,,,,,0.0566,0.0237,-0.0305
70071200847622,加速度计,-1.4778,7.0048,1.1726,,,,,,,
70071210843872,加速度计,0.4441,7.4011,4.1001,,,,,,,
70071208343612,陀螺仪,,,,,,,,-0.0192,0.0201,0.0165
70071220842622,加速度计,-0.7883,6.8755,8.4384,,,,,,,
70071230844705,加速度计,-1.0924,6.4703,7.6956,,,,,,,
70071228346216,陀螺仪,,,,,,,,-0.0248,0.0300,0.0230
70071240850539,加速度计,0.6638,7.3963,5.6964,,,,,,,
70071250860539,加速度计,-1.2198,7.7841,10.1430,,,,,,,
70071259493296,GPS,,,,31.9440,118.7834,3.7800,81.6000,,,
70071248364133,陀螺仪,,,,,,,,-0.0652,0.0486,0.0522
70071260874705,加速度计,-1.9130,5.5797,19.9623,,,,,,,
70071270893039,加速度计,-0.3262,10.5836,9.1225,,,,,,,
70071268398716,陀螺仪,,,,,,,,0.1573,0.0555,0.1559
70071280915539,加速度计,2.3026,8.2714,-0.8841,,,,,,,
70071290941789,加速度计,0.8715,5.4169,-8.0373,,,,,,,
70071288449237,陀螺仪,,,,,,,,0.0670,0.0261,0.0144
70071300971372,加速度计,-1.4263,1.6658,-1.1528,,,,,,,
70071311003455,加速度计,-0.2011,5.6180,5.5988,,,,,,,
70071308512049,陀螺仪,,,,,,,,-0.2791,-0.0334,-0.0830
70071321037622,加速度计,-0.1712,7.1970,23.8115,,,,,,,
70071331073039,加速度计,-0.0419,10.4112,17.8625,,,,,,,
70071328582049,陀螺仪,,,,,,,,0.0241,0.0298,0.0365
70071341108872,加速度计,1.7101,8.3181,4.7752,,,,,,,
70071351143872,加速度计,1.0816,5.8071,-2.9311,,,,,,,
70071348648508,陀螺仪,,,,,,,,0.1005,0.0820,0.0016
70071361162205,加速度计,-1.0666,2.9604,1.1540,,,,,,,
70071371180122,加速度计,-0.1856,7.5669,7.7422,,,,,,,
70071368684653,陀螺仪,,,,,,,,-0.0642,0.0369,-0.0525
70071381198039,加速度计,-0.1933,11.3832,6.1723,,,,,,,
70071391215955,加速度计,-0.4220,7.4627,11.1672,,,,,,,
70071388720487,陀螺仪,,,,,,,,-0.1403,0.0047,-0.0216
70071401233872,加速度计,0.7931,4.7447,12.8066,,,,,,,
70071411251789,加速度计,-0.0622,5.9376,2.2721,,,,,,,
70071408756320,陀螺仪,,,,,,,,0.0269,0.0021,-0.0795
70071421269705,加速度计,-0.1185,8.0912,2.9975,,,,,,,
70071431303247,加速度计,-0.1012,6.7080,8.6586,,,,,,,
70071428804341,陀螺仪,,,,,,,,-0.0924,-0.0397,-0.1650
70071441307414,加速度计,-1.0259,5.8598,12.7671,,,,,,,
70071451311997,加速度计,-0.9631,7.0258,8.9148,,,,,,,
70071448813403,陀螺仪,,,,,,,,-0.0141,-0.0783,-0.1237
70071461317414,加速度计,0.6680,7.3328,2.8246,,,,,,,
70071471324080,加速度计,0.8469,4.7603,5.7521,,,,,,,
70071468826216,陀螺仪,,,,,,,,-0.0651,-0.0901,-0.1707
70071481332414,加速度计,-0.5154,4.6920,8.0379,,,,,,,
70071491342830,加速度计,0.6410,8.0242,9.9527,,,,,,,
70071488846112,陀螺仪,,,,,,,,-0.0386,-0.1131,-0.1883
70071501355747,加速度计,1.2504,6.6266,9.8348,,,,,,,
70071511371164,加速度计,0.4471,7.6974,6.2082,,,,,,,
70071508875695,陀螺仪,,,,,,,,0.0457,-0.1019,-0.1743
70071521389080,加速度计,0.8440,5.9777,5.6665,,,,,,,
70071531409497,加速度计,0.2999,8.1020,2.0931,,,,,,,
70071541431997,加速度计,0.5327,7.2772,9.4260,,,,,,,
70071528915174,陀螺仪,,,,,,,,0.0248,-0.0995,-0.2005
70071551456580,加速度计,0.3651,7.2646,10.1161,,,,,,,
70071548963195,陀螺仪,,,,,,,,-0.0430,-0.1045,-0.1724
70071561482830,加速度计,0.0856,8.4779,7.2347,,,,,,,
70071571510330,加速度计,1.0397,6.8744,4.8453,,,,,,,
70071569017466,陀螺仪,,,,,,,,0.0418,-0.0772,-0.1378
70071581538664,加速度计,0.1826,6.6798,3.1274,,,,,,,
70071591567414,加速度计,-0.4214,5.2445,7.5693,,,,,,,
70071589074653,陀螺仪,,,,,,,,-0.0406,-0.0722,-0.1174
70071601596164,加速度计,0.9649,7.8374,8.6874,,,,,,,
70071611616164,加速度计,0.2155,9.1818,8.9926,,,,,,,
70071609120799,陀螺仪,,,,,,,,-0.0041,-0.0522,-0.0643
70071621634497,加速度计,0.5956,6.1507,8.8981,,,,,,,
70071631652414,加速度计,0.7422,7.0892,3.9780,,,,,,,
70071629156945,陀螺仪,,,,,,,,0.0971,-0.0292,-0.0670
70071641670330,加速度计,-0.3310,6.7157,4.2557,,,,,,,
70071651688247,加速度计,-0.3388,8.2127,3.9456,,,,,,,
70071649192778,陀螺仪,,,,,,,,-0.0053,-0.0349,-0.0627
70071661706164,加速度计,0.1143,7.2365,9.0848,,,,,,,
70071671724080,加速度计,0.4932,8.3031,6.7570,,,,,,,
70071669229133,陀螺仪,,,,,,,,-0.0084,-0.0285,-0.0551
70071681746424,加速度计,-0.0329,6.9264,5.7407,,,,,,,
70071689264705,陀螺仪,,,,,,,,-0.0004,-0.0256,-0.0352
70071691761008,加速度计,0.2807,4.7986,7.0126,,,,,,,
70071701775591,加速度计,0.2322,8.0218,8.6072,,,,,,,
70071709294028,陀螺仪,,,,,,,,0.0181,-0.0138,-0.0559
70071711790226,加速度计,0.7853,7.9482,7.0449,,,,,,,
70071721805278,加速度计,-0.0036,6.8414,6.8175,,,,,,,
70071731820747,加速度计,-1.1259,7.2431,8.5605,,,,,,,
70071729324758,陀螺仪,,,,,,,,-0.0152,-0.0212,-0.0515
70071741836633,加速度计,-0.3831,6.6236,16.0615,,,,,,,
70071749357153,陀螺仪,,,,,,,,0.1676,-0.0272,-0.0196
70071751852935,加速度计,0.9457,7.5369,11.1318,,,,,,,
70071761869653,加速度计,0.5740,9.4900,-2.4529,,,,,,,
70071771886841,加速度计,0.8763,5.9801,-5.5162,,,,,,,
70071769391372,陀螺仪,,,,,,,,0.0892,-0.0578,-0.0553
70071781904810,加速度计,0.8631,3.8732,-4.5502,,,,,,,
70071789427935,陀螺仪,,,,,,,,-0.2866,-0.0735,-0.1039
70071791923195,加速度计,-0.3950,5.3313,6.5344,,,,,,,
70071801941997,加速度计,0.4070,7.6459,25.3588,,,,,,,
70071811961216,加速度计,0.3729,9.6468,20.3387,,,,,,,
70071809466164,陀螺仪,,,,,,,,0.0109,0.0137,0.0862
70071821980851,加速度计,2.6067,10.0030,1.0816,,,,,,,
70071829506060,陀螺仪,,,,,,,,0.0754,0.0687,0.0244
70071832000903,加速度计,-0.1101,3.9014,-2.8329,,,,,,,
70071842021372,加速度计,-1.1546,2.9473,3.0490,,,,,,,
70071849547466,陀螺仪,,,,,,,,-0.0210,0.0095,-0.0332
70071852042205,加速度计,0.3047,6.7241,10.8577,,,,,,,
70071862063039,加速度计,-0.8056,11.8986,6.5350,,,,,,,
70071872083872,加速度计,1.4664,7.8260,8.0924,,,,,,,
70071869589133,陀螺仪,,,,,,,,-0.0583,-0.0044,0.0111
70071882104653,加速度计,1.0409,3.3202,9.1267,,,,,,,
70071892124810,加速度计,0.1413,6.7283,4.3126,,,,,,,
70071889629445,陀螺仪,,,,,,,,0.0261,0.0314,-0.0883
70071902143091,加速度计,0.5124,7.8703,6.8833,,,,,,,
70071912161008,加速度计,0.0898,6.6726,6.5116,,,,,,,
70071922182935,加速度计,1.4784,5.1392,8.8903,,,,,,,
70071909665539,陀螺仪,,,,,,,,-0.0389,0.0129,-0.0603
70071929762778,陀螺仪,,,,,,,,-0.0206,0.0202,-0.0875
70071932282414,加速度计,-0.0108,6.3003,9.6115,,,,,,,
70071950952150,GPS,,,,31.9440,118.7834,3.7000,85.4000,,,
70071942204133,加速度计,0.6009,7.0820,6.9115,,,,,,,
70071949613091,陀螺仪,,,,,,,,0.0049,0.0237,-0.0819
70071952130018,加速度计,0.4112,7.1120,5.4121,,,,,,,
70071962063403,加速度计,1.0570,6.4727,7.5555,,,,,,,
70071972007518,加速度计,1.3922,6.1082,8.0774,,,,,,,
70071969496424,陀螺仪,,,,,,,,-0.0455,0.0123,-0.1423
70071981964810,加速度计,-0.9050,7.0096,8.9824,,,,,,,
70071989433976,陀螺仪,,,,,,,,0.0180,0.0170,-0.1613
70071991937258,加速度计,1.5125,7.6537,6.9240,,,,,,,
70072001926060,加速度计,0.2185,5.6850,9.9144,,,,,,,
70072009437049,陀螺仪,,,,,,,,0.0730,-0.0071,-0.1660
70072011931893,加速度计,-1.5227,6.5272,4.2731,,,,,,,
70072021954341,加速度计,0.5950,9.1153,2.2775,,,,,,,
70072031992830,加速度计,0.2945,6.5613,6.0334,,,,,,,
70072029505695,陀螺仪,,,,,,,,-0.0619,-0.0517,-0.2056
70072042045695,加速度计,-0.4357,5.8161,9.6061,,,,,,,
70072049629862,陀螺仪,,,,,,,,0.0226,-0.0519,-0.1993
70072052111164,加速度计,-0.7111,7.9356,8.1277,,,,,,,
70072062186737,加速度计,0.0700,9.0387,6.9043,,,,,,,
70072069791789,陀螺仪,,,,,,,,-0.0121,-0.0467,-0.1503
70072072269862,加速度计,-0.2322,6.6128,8.7580,,,,,,,
70072082357622,加速度计,0.9140,6.9821,7.6291,,,,,,,
70072089961528,陀螺仪,,,,,,,,0.0461,-0.0364,-0.1738
70072092444497,加速度计,-0.0102,7.7656,3.2609,,,,,,,
70072102506216,加速度计,0.7979,6.3375,6.5709,,,,,,,
70072110029185,陀螺仪,,,,,,,,0.0236,-0.0454,-0.1756
70072112524549,加速度计,0.0407,7.9182,8.8370,,,,,,,
70072122542830,加速度计,0.5399,7.4292,8.0002,,,,,,,
70072130065278,陀螺仪,,,,,,,,0.0602,-0.0601,-0.1955
70072132560747,加速度计,0.4531,8.5760,1.2031,,,,,,,
70072142578664,加速度计,0.3460,6.0495,3.8708,,,,,,,
70072152596580,加速度计,-0.1927,5.7730,8.8825,,,,,,,
70072150101112,陀螺仪,,,,,,,,-0.0680,-0.0941,-0.2575
70072162614497,加速度计,-1.8549,8.3833,9.1662,,,,,,,
70072170138820,陀螺仪,,,,,,,,0.0426,-0.1097,-0.2453
70072172633039,加速度计,0.9074,8.9567,8.2211,,,,,,,
70072182664445,加速度计,0.8972,5.5138,3.8924,,,,,,,
70072190169341,陀螺仪,,,,,,,,0.0188,-0.1268,-0.2651
70072192668247,加速度计,-0.7829,5.6982,5.4702,,,,,,,
70072202672518,加速度计,0.9792,8.6179,7.1509,,,,,,,
70072210179289,陀螺仪,,,,,,,,-0.0336,-0.1489,-0.2910
70072212677674,加速度计,-0.9619,8.7352,10.2490,,,,,,,
70072222684133,加速度计,-1.8771,7.2478,16.3476,,,,,,,
70072230194862,陀螺仪,,,,,,,,0.1421,-0.1728,-0.1811
70072232692310,加速度计,-0.0557,6.5978,12.2050,,,,,,,
70072242702622,加速度计,0.4507,8.2007,-1.7705,,,,,,,
70072250219237,陀螺仪,,,,,,,,0.1820,-0.2141,-0.2348
70072252715435,加速度计,1.5066,7.1856,-4.8584,,,,,,,
70072262730747,加速度计,-0.7632,6.2602,-9.3266,,,,,,,
70072272748560,加速度计,-2.7408,4.0935,12.5839,,,,,,,
70072270253612,陀螺仪,,,,,,,,-0.3658,-0.2660,-0.2734
70072282768872,加速度计,-1.1187,5.6593,22.6833,,,,,,,
70072292791633,加速度计,0.1909,10.5357,16.0813,,,,,,,
70072290297830,陀螺仪,,,,,,,,0.0361,-0.1901,-0.1317
70072302816424,加速度计,-0.4794,10.2125,1.9752,,,,,,,
70072310349758,陀螺仪,,,,,,,,0.0959,-0.1571,-0.0507
70072312842830,加速度计,0.6500,2.5738,-1.3533,,,,,,,
70072322870435,加速度计,-0.2245,3.5183,0.6171,,,,,,,
70072330406060,陀螺仪,,,,,,,,-0.0631,-0.1533,-0.1044
70072332898820,加速度计,-1.1492,9.1177,11.0852,,,,,,,
70072342927570,加速度计,-1.7717,11.8172,10.1478,,,,,,,
70072352955695,加速度计,-0.2065,7.1096,10.1813,,,,,,,
70072350461685,陀螺仪,,,,,,,,-0.0411,-0.1599,0.0272
70072362978716,加速度计,0.4920,3.5446,7.2389,,,,,,,
70072372996633,加速度计,-0.2598,5.8065,5.7754,,,,,,,
70072370501164,陀螺仪,,,,,,,,0.0352,-0.1325,-0.0007
70072383014549,加速度计,-1.6849,8.0523,8.2163,,,,,,,
70072390536997,陀螺仪,,,,,,,,0.0610,-0.1502,0.0108
70072393032466,加速度计,0.2873,9.7983,8.1157,,,,,,,
70072403050383,加速度计,0.1281,4.9781,8.4360,,,,,,,
70072410572830,陀螺仪,,,,,,,,0.0744,-0.1531,0.0273
70072413068299,加速度计,-0.4064,4.5903,6.5948,,,,,,,
70072423086528,加速度计,-0.9290,7.5759,0.5812,,,,,,,
70072430612570,陀螺仪,,,,,,,,-0.0272,-0.1487,0.0398
70072433109080,加速度计,-0.2532,7.9865,3.6512,,,,,,,
70072443122830,加速度计,-0.5513,5.8371,9.7384,,,,,,,
70072453136580,加速度计,0.3077,5.1613,12.1655,,,,,,,
70072450640070,陀螺仪,,,,,,,,-0.0703,-0.1575,0.0656
70072463150435,加速度计,-0.5028,7.4029,9.6624,,,,,,,
70072470668403,陀螺仪,,,,,,,,0.0545,-0.1292,0.0870
70072473164705,加速度计,-1.1893,7.4460,7.0234,,,,,,,
70072483179393,加速度计,0.2119,6.7864,4.3868,,,,,,,
70072493194601,加速度计,-0.4573,4.9859,7.3927,,,,,,,
70072490698612,陀螺仪,,,,,,,,0.0264,-0.1334,0.1003
70072503210643,加速度计,-0.1526,7.8464,8.4455,,,,,,,
70072513227518,加速度计,-0.6865,8.1056,4.3257,,,,,,,
70072510731945,陀螺仪,,,,,,,,0.0429,-0.1425,0.1024
70072523245226,加速度计,-0.0784,7.8302,6.1022,,,,,,,
70072530768612,陀螺仪,,,,,,,,0.0258,-0.1382,0.1226
70072533263768,加速度计,0.8458,6.0968,10.7859,,,,,,,
70072543283143,加速度计,-1.5329,7.2000,6.8809,,,,,,,
70072553303247,加速度计,-0.3148,8.2606,2.9275,,,,,,,
70072550808403,陀螺仪,,,,,,,,0.0422,-0.1240,0.1533
70072563323768,加速度计,0.4046,5.7299,7.0898,,,,,,,
70072573344705,加速度计,-1.3886,6.5033,11.9141,,,,,,,
70072570850070,陀螺仪,,,,,,,,0.0044,-0.1011,0.1903
70072583365955,加速度计,-0.6674,6.2543,10.3088,,,,,,,
70072593387205,加速度计,1.1600,10.3304,0.9840,,,,,,,
70072590892570,陀螺仪,,,,,,,,0.1501,-0.0583,0.2509
70072603408455,加速度计,-0.4160,6.7217,4.9889,,,,,,,
70072613429705,加速度计,-0.0748,6.9318,4.8931,,,,,,,
70072610935070,陀螺仪,,,,,,,,0.0244,-0.0261,0.2570
70072623450330,加速度计,-0.0712,6.0867,11.1492,,,,,,,
70072633468976,加速度计,-0.3316,10.6781,4.2946,,,,,,,
70072630973612,陀螺仪,,,,,,,,0.0682,0.0128,0.2955
70072643487205,加速度计,0.0754,7.5232,2.8730,,,,,,,
70072653505122,加速度计,0.0958,6.1962,7.6752,,,,,,,
70072651009653,陀螺仪,,,,,,,,-0.0601,0.0354,0.3393
70072663523039,加速度计,1.0546,7.0186,8.1726,,,,,,,
70072673542622,加速度计,1.2833,7.4567,8.2091,,,,,,,
70072671048820,陀螺仪,,,,,,,,-0.0293,0.0850,0.3240
70072683577674,加速度计,0.5872,7.5280,9.0836,,,,,,,
70072691070851,陀螺仪,,,,,,,,0.0052,0.1197,0.3382
70072693572049,加速度计,-0.0670,5.8041,11.9393,,,,,,,
70072703567466,加速度计,0.8308,6.4602,12.2050,,,,,,,
70072713564758,加速度计,-0.4782,8.5036,5.1439,,,,,,,
70072711064601,陀螺仪,,,,,,,,0.2116,0.1019,0.3264
70072723564653,加速度计,2.6073,8.3785,-0.1484,,,,,,,
70072733567674,加速度计,2.0309,6.8295,-2.9987,,,,,,,
70072731069185,陀螺仪,,,,,,,,0.0752,0.0943,0.2169
70072743574549,加速度计,-0.6363,5.4169,-2.5007,,,,,,,
70072753585591,加速度计,1.0720,5.2726,9.8120,,,,,,,
70072751089185,陀螺仪,,,,,,,,-0.2120,0.0732,0.1129
70072763600799,加速度计,-0.4699,7.3143,19.4996,,,,,,,
70072773620174,加速度计,0.3867,8.3348,13.9636,,,,,,,
70072771125851,陀螺仪,,,,,,,,0.0144,0.0903,0.1882
70072783643612,加速度计,0.9924,7.8901,3.8720,,,,,,,
70072793670695,加速度计,0.9756,4.9183,-0.1203,,,,,,,
70072791178143,陀螺仪,,,,,,,,0.0955,0.0945,0.0972
70072803700903,加速度计,-0.5022,5.0422,-0.2879,,,,,,,
70072811242101,陀螺仪,,,,,,,,-0.0916,0.0466,0.0220
70072813733508,加速度计,0.5040,7.9685,13.9738,,,,,,,
70072823767987,加速度计,-0.7919,9.8833,12.4187,,,,,,,
70072833803508,加速度计,2.4648,8.2319,8.0421,,,,,,,
70072831312518,陀螺仪,,,,,,,,0.0561,0.0320,0.0630
70072843838820,加速度计,2.2302,5.7928,2.8282,,,,,,,
70072853868612,加速度计,0.4752,5.0967,5.0081,,,,,,,
70072851373143,陀螺仪,,,,,,,,-0.0020,0.0513,-0.0774
70072863886528,加速度计,-0.6093,6.8989,8.8334,,,,,,,
70072873904445,加速度计,0.1478,8.3971,6.3255,,,,,,,
70072871408976,陀螺仪,,,,,,,,0.0111,0.0234,-0.0352
70072883922362,加速度计,1.3898,7.5298,7.9649,,,,,,,
70072893940278,加速度计,1.6544,4.9919,9.5128,,,,,,,
70072891444810,陀螺仪,,,,,,,,-0.0125,0.0230,-0.0646
70072903958195,加速度计,0.3513,6.4775,5.2152,,,,,,,
70072913976112,加速度计,0.0658,7.8488,6.4392,,,,,,,
70072911480643,陀螺仪,,,,,,,,0.0213,0.0154,-0.0975
70072924000591,加速度计,1.0080,6.6134,5.8035,,,,,,,
70072941073973,GPS,,,,31.9440,118.7835,3.6200,90.3000,,,
70072934050383,加速度计,0.4130,5.6371,7.1078,,,,,,,
70072931542830,陀螺仪,,,,,,,,-0.0549,-0.0100,-0.1108
70072944020383,加速度计,0.6800,6.6295,9.4870,,,,,,,
70072953992570,加速度计,1.6502,6.9851,8.9160,,,,,,,
70072951486372,陀螺仪,,,,,,,,-0.0023,-0.0119,-0.1290
70072963968820,加速度计,-0.0215,6.7582,6.7307,,,,,,,
70072973950383,加速度计,0.7542,7.1796,4.5532,,,,,,,
70072971446997,陀螺仪,,,,,,,,0.0326,0.0031,-0.1522
70072983938508,加速度计,0.4687,7.1180,5.8682,,,,,,,
70072993934341,加速度计,1.3767,7.7614,9.2925,,,,,,,
70072991434914,陀螺仪,,,,,,,,-0.0316,-0.0112,-0.1582
70073003938508,加速度计,0.0712,8.7305,8.7011,,,,,,,
70073013951008,加速度计,-0.0557,5.8628,8.1002,,,,,,,
70073011455747,陀螺仪,,,,,,,,-0.0105,-0.0178,-0.1206
70073023971737,加速度计,1.2522,5.2654,3.9259,,,,,,,
70073034000278,加速度计,0.6237,4.7698,7.6004,,,,,,,
70073031508872,陀螺仪,,,,,,,,0.0372,-0.0160,-0.1261
70073044036112,加速度计,-0.4417,8.5934,3.7368,,,,,,,
70073054078299,加速度计,1.1708,7.7141,6.9426,,,,,,,
70073051589914,陀螺仪,,,,,,,,0.0168,-0.0173,-0.1493
70073064125591,加速度计,-0.7368,7.9978,7.2030,,,,,,,
70073071689914,陀螺仪,,,,,,,,0.0204,-0.0333,-0.1072
70073074176633,加速度计,-0.8446,5.8987,8.8160,,,,,,,
70073084229758,加速度计,0.3711,9.1441,4.5514,,,,,,,
70073091794080,陀螺仪,,,,,,,,-0.0510,-0.0483,-0.0755
70073094282049,加速度计,-0.3962,8.8029,7.0862,,,,,,,
70073104322570,加速度计,0.1478,5.6030,11.5071,,,,,,,
70073114340799,加速度计,-0.7817,6.9647,7.3729,,,,,,,
70073111845330,陀螺仪,,,,,,,,0.0506,-0.0352,-0.0799
70073124358716,加速度计,-1.7615,7.2353,4.5161,,,,,,,
70073134376633,加速度计,1.0433,7.6303,2.9269,,,,,,,
70073131881164,陀螺仪,,,,,,,,0.0329,-0.0546,-0.0377
70073144394549,加速度计,-0.8781,6.3386,5.3032,,,,,,,
70073154412466,加速度计,-0.2687,7.1760,9.3799,,,,,,,
70073151916997,陀螺仪,,,,,,,,-0.0249,-0.0680,-0.0317
70073164430383,加速度计,-1.7771,8.4922,9.4373,,,,,,,
70073174449028,加速度计,-1.2282,7.6028,11.4114,,,,,,,
70073171954289,陀螺仪,,,,,,,,0.0229,-0.0591,0.0483
70073184470643,加速度计,-0.6159,6.8845,9.4972,,,,,,,
70073194484810,加速度计,-0.7147,7.4747,4.1288,,,,,,,
70073191988403,陀螺仪,,,,,,,,0.1217,-0.0466,0.1445
70073204498976,加速度计,0.1784,6.9797,-1.0469,,,,,,,
70073214513299,加速度计,0.7578,6.5499,-4.3622,,,,,,,
70073212016997,陀螺仪,,,,,,,,-0.0164,-0.0618,0.0835
70073224528039,加速度计,-0.7530,5.4253,1.0463,,,,,,,
70073234543195,加速度计,0.4729,4.5825,16.8606,,,,,,,
70073232047101,陀螺仪,,,,,,,,-0.2366,-0.0545,0.0951
70073244558768,加速度计,-0.7661,9.4894,18.5162,,,,,,,
70073254574914,加速度计,-1.3030,9.4026,4.6920,,,,,,,
70073252079133,陀螺仪,,,,,,,,0.0818,0.0411,0.2136
70073264591893,加速度计,-0.3944,6.7828,-1.6837,,,,,,,
70073274609705,加速度计,0.7979,3.1352,4.1761,,,,,,,
70073272114341,陀螺仪,,,,,,,,-0.0794,0.0479,0.2244
70073284628351,加速度计,0.2041,6.0501,11.7214,,,,,,,
70073294647674,加速度计,-0.9996,9.8450,10.8733,,,,,,,
70073292152622,陀螺仪,,,,,,,,-0.0123,0.0385,0.2107
70073304667414,加速度计,0.1820,10.5093,6.6248,,,,,,,
70073312192726,陀螺仪,,,,,,,,-0.0089,0.0507,0.2304
70073314687570,加速度计,-0.3496,2.4439,11.9100,,,,,,,
70073324708143,加速度计,-0.3932,5.8969,3.5853,,,,,,,
70073334728976,加速度计,0.4735,8.0200,2.8521,,,,,,,
70073332234237,陀螺仪,,,,,,,,0.0719,0.0486,0.1474
70073344749810,加速度计,-0.4507,7.5375,6.2447,,,,,,,
70073354770643,加速度计,-0.0485,7.4142,6.1262,,,,,,,
70073352275903,陀螺仪,,,,,,,,-0.0638,0.0348,0.1449
70073364791476,加速度计,0.5237,5.7581,7.7165,,,,,,,
70073372317049,陀螺仪,,,,,,,,-0.0807,0.0631,0.1507
70073374811997,加速度计,-0.7051,8.6736,6.9791,,,,,,,
70073384831216,加速度计,-0.3519,6.9127,12.3008,,,,,,,
70073392353664,陀螺仪,,,,,,,,-0.0297,0.0832,0.2193
70073394849133,加速度计,0.7811,6.5535,9.4230,,,,,,,
70073404867049,加速度计,0.7081,7.5531,6.0088,,,,,,,
70073412389497,陀螺仪,,,,,,,,0.0013,0.0931,0.1842
70073414884966,加速度计,-0.0186,5.7682,6.2746,,,,,,,
70073424903039,加速度计,0.7632,6.2453,4.7429,,,,,,,
70073434923560,加速度计,0.1814,7.2496,6.1363,,,,,,,
70073432427466,陀螺仪,,,,,,,,-0.0200,0.0924,0.1422
70073444938976,加速度计,0.3148,6.1729,10.1359,,,,,,,
70073452458299,陀螺仪,,,,,,,,0.0441,0.0836,0.1244
70073454954393,加速度计,0.3831,6.8229,7.2329,,,,,,,
70073464969810,加速度计,0.6404,7.1838,3.4542,,,,,,,
70073472489393,陀螺仪,,,,,,,,-0.0242,0.0736,0.0615
70073474985383,加速度计,1.1031,7.6154,5.5055,,,,,,,
70073485001372,加速度计,0.6165,6.3985,7.2209,,,,,,,
70073492521997,陀螺仪,,,,,,,,-0.0309,0.0648,0.0124
70073495017778,加速度计,0.3106,5.9185,10.2933,,,,,,,
70073505034601,加速度计,-0.1891,7.6944,6.6888,,,,,,,
70073515051841,加速度计,0.9996,5.6844,8.9902,,,,,,,
70073512556268,陀螺仪,,,,,,,,-0.0025,0.0447,0.0173
70073525069497,加速度计,1.2599,6.0998,8.4408,,,,,,,
70073535087570,加速度计,1.2725,6.7020,9.2614,,,,,,,
70073532592205,陀螺仪,,,,,,,,0.1013,0.0302,-0.0683
70073545106060,加速度计,1.1337,9.4469,5.7700,,,,,,,
70073555124966,加速度计,0.2963,7.5980,4.2084,,,,,,,
70073552629810,陀螺仪,,,,,,,,0.1121,0.0132,-0.1485
70073565144289,加速度计,0.2873,9.0273,1.6975,,,,,,,
70073575164028,加速度计,1.6556,5.1326,6.0047,,,,,,,
70073572669080,陀螺仪,,,,,,,,-0.0189,-0.0222,-0.1931
70073585184028,加速度计,1.0092,8.3408,4.8632,,,,,,,
70073592709080,陀螺仪,,,,,,,,-0.0840,-0.0189,-0.1819
70073595204028,加速度计,0.0293,6.7672,9.1309,,,,,,,
70073605224028,加速度计,2.5343,6.5350,10.9134,,,,,,,
70073612749080,陀螺仪,,,,,,,,0.0069,-0.0027,-0.1792
70073615244028,加速度计,0.3549,5.9161,7.7722,,,,,,,
70073625264028,加速度计,-0.3448,7.3664,6.1746,,,,,,,
70073635284028,加速度计,1.9632,7.0617,7.4962,,,,,,,
70073632789080,陀螺仪,,,,,,,,0.0892,-0.0091,-0.1670
70073645303247,加速度计,1.5508,9.6301,3.6841,,,,,,,
70073655321164,加速度计,-0.3777,8.0086,11.2994,,,,,,,
70073652825695,陀螺仪,,,,,,,,-0.0048,-0.0268,-0.1872
70073665339080,加速度计,-1.1833,7.5597,12.0165,,,,,,,
70073675358716,加速度计,1.6466,8.6622,5.4713,,,,,,,
70073672864393,陀螺仪,,,,,,,,0.1297,-0.0337,-0.1349
70073685385747,加速度计,0.2418,6.2878,-2.0045,,,,,,,
70073695388403,加速度计,1.2977,4.5783,-3.8786,,,,,,,
70073692889185,陀螺仪,,,,,,,,-0.0435,-0.0455,-0.1585
70073705391633,加速度计,-0.4166,4.1988,0.3537,,,,,,,
70073715396008,加速度计,0.9050,6.8995,15.7000,,,,,,,
70073712897414,陀螺仪,,,,,,,,-0.2453,-0.0306,-0.1296
70073725402205,加速度计,0.6692,8.3540,22.9616,,,,,,,
70073735410643,加速度计,1.2175,8.4473,11.4293,,,,,,,
70073732913195,陀螺仪,,,,,,,,0.0927,0.0692,0.0530
70073745421580,加速度计,0.9050,5.7239,-2.5355,,,,,,,
70073755435018,加速度计,-0.3118,4.4963,-2.2960,,,,,,,
70073752938820,陀螺仪,,,,,,,,0.0262,0.1045,-0.0047
70073765451112,加速度计,-1.6700,6.5266,11.1294,,,,,,,
70073772975122,陀螺仪,,,,,,,,0.0230,0.0582,0.0450
70073775469966,加速度计,-0.0215,11.6885,12.1470,,,,,,,
70073785491320,加速度计,1.0552,10.3777,3.7984,,,,,,,
70073793021320,陀螺仪,,,,,,,,-0.0325,0.0692,0.0292
70073795515018,加速度计,0.9792,3.8110,4.6920,,,,,,,
70073805540643,加速度计,-0.3508,4.2090,2.1446,,,,,,,
70073815567778,加速度计,0.1263,7.9499,9.8258,,,,,,,
70073813074810,陀螺仪,,,,,,,,-0.0558,0.0866,-0.0104
70073825596008,加速度计,-0.5806,9.8833,12.2745,,,,,,,
70073833132258,陀螺仪,,,,,,,,-0.0009,0.0884,0.0640
70073835624914,加速度计,0.6548,6.2979,9.0776,,,,,,,
70073845654080,加速度计,0.9858,4.5137,4.5993,,,,,,,
70073855681216,加速度计,0.6853,6.1363,4.7537,,,,,,,
70073853187205,陀螺仪,,,,,,,,0.0134,0.1045,0.0048
70073865702778,加速度计,0.4202,7.9673,7.3448,,,,,,,
70073873225226,陀螺仪,,,,,,,,0.0477,0.0983,0.0013
70073875720695,加速度计,0.9026,8.1337,8.1026,,,,,,,
70073885738612,加速度计,0.2119,8.0104,5.4803,,,,,,,
70073895756528,加速度计,1.5071,4.5460,9.6522,,,,,,,
70073893261060,陀螺仪,,,,,,,,-0.0870,0.0603,-0.0541
70073905774445,加速度计,0.3980,5.6120,6.3069,,,,,,,
70073915793455,加速度计,0.1024,8.4563,4.3868,,,,,,,
70073913298716,陀螺仪,,,,,,,,-0.0312,0.0768,-0.1020
70073925832205,加速度计,0.4567,5.5007,12.5031,,,,,,,
70073939530639,GPS,,,,31.9440,118.7835,3.6700,90.7000,,,
70073933346633,陀螺仪,,,,,,,,0.0534,0.0621,-0.1119
70073935854080,加速度计,0.9002,5.0314,9.9300,,,,,,,
70073945824914,加速度计,0.4764,8.7490,2.4445,,,,,,,
70073955798247,加速度计,1.2576,7.4448,2.2320,,,,,,,
70073953292049,陀螺仪,,,,,,,,-0.0415,0.0257,-0.1788
70073965775747,加速度计,0.2526,4.0971,11.3006,,,,,,,
70073975758872,加速度计,-0.6387,6.5344,12.7012,,,,,,,
70073973255487,陀螺仪,,,,,,,,0.0072,0.0039,-0.2121
70073985748872,加速度计,0.3795,9.2901,5.8951,,,,,,,
70073995746789,加速度计,1.7579,6.6385,3.6146,,,,,,,
70073993247362,陀螺仪,,,,,,,,0.0395,-0.0169,-0.1921
70074005753039,加速度计,0.7111,5.1846,4.8800,,,,,,,
70074015767622,加速度计,-1.3096,4.6777,11.8621,,,,,,,
70074013272362,陀螺仪,,,,,,,,0.0076,-0.0462,-0.2752
70074025790330,加速度计,-2.1440,9.9569,5.6988,,,,,,,
70074035820747,加速度计,1.6316,11.7232,4.8453,,,,,,,
70074033329341,陀螺仪,,,,,,,,0.0490,-0.0832,-0.2268
70074045858247,加速度计,1.3665,6.4859,5.9652,,,,,,,
70074055901789,加速度计,-1.7508,3.5111,8.1588,,,,,,,
70074053413403,陀螺仪,,,,,,,,-0.0241,-0.0904,-0.2629
70074065949914,加速度计,0.6572,6.7720,4.4143,,,,,,,
70074076001164,加速度计,-1.1851,8.7185,7.3466,,,,,,,
70074073514341,陀螺仪,,,,,,,,0.0031,-0.0945,-0.2421
70074086054289,加速度计,-1.5191,8.6916,9.4691,,,,,,,
70074093617466,陀螺仪,,,,,,,,0.0623,-0.0951,-0.1662
70074096105330,加速度计,1.4563,6.2483,7.9966,,,,,,,
70074106138455,加速度计,0.0024,8.3348,0.3609,,,,,,,
70074116156372,加速度计,-0.3304,7.8955,3.5739,,,,,,,
70074113660903,陀螺仪,,,,,,,,-0.0226,-0.0879,-0.1895
70074126174289,加速度计,-1.6891,7.6028,10.6698,,,,,,,
70074136192205,加速度计,-2.3822,5.7988,19.6534,,,,,,,
70074133696737,陀螺仪,,,,,,,,-0.0108,-0.1083,-0.0919
70074146210122,加速度计,0.8469,9.9437,8.3438,,,,,,,
70074153732570,陀螺仪,,,,,,,,0.1727,-0.0860,0.0790
70074156228039,加速度计,0.9726,7.4597,-0.6662,,,,,,,
70074166245955,加速度计,1.6370,5.8012,-6.0956,,,,,,,
70074176264289,加速度计,1.0989,3.3914,-0.8045,,,,,,,
70074186284185,加速度计,-3.8654,7.7919,4.1432,,,,,,,
70074173769028,陀螺仪,,,,,,,,-0.1029,-0.0698,-0.1146
70074196301685,加速度计,0.5788,7.0713,23.4871,,,,,,,
70074193806112,陀螺仪,,,,,,,,-0.1887,-0.1164,-0.0200
70074206319185,加速度计,0.6788,8.3414,20.0341,,,,,,,
70074216336685,加速度计,-1.6316,8.0888,2.2769,,,,,,,
70074213841112,陀螺仪,,,,,,,,0.1672,0.0020,0.0758
70074226354185,加速度计,-0.8344,3.7810,-6.6409,,,,,,,
70074236371685,加速度计,-0.5333,4.8812,5.5085,,,,,,,
70074233876112,陀螺仪,,,,,,,,-0.0625,-0.0162,0.0916
70074246389185,加速度计,0.6997,7.5178,13.5189,,,,,,,
70074256406685,加速度计,-1.0726,12.2194,4.6346,,,,,,,
70074253911112,陀螺仪,,,,,,,,0.0144,-0.0441,0.0383
70074266424185,加速度计,-0.6620,6.3327,4.1450,,,,,,,
70074273946112,陀螺仪,,,,,,,,-0.0854,-0.0478,0.0623
70074276441685,加速度计,-0.0347,2.6552,8.7358,,,,,,,
70074286459185,加速度计,-0.2783,6.9659,12.2068,,,,,,,
70074293981112,陀螺仪,,,,,,,,0.0450,-0.0230,0.0702
70074296476685,加速度计,0.7506,10.8427,9.8671,,,,,,,
70074306494185,加速度计,-0.1514,9.7348,4.3754,,,,,,,
70074316511685,加速度计,0.4310,4.2156,8.0816,,,,,,,
70074314016112,陀螺仪,,,,,,,,0.0085,0.0053,0.0619
70074326529185,加速度计,-0.3789,5.3540,5.9005,,,,,,,
70074336546685,加速度计,-0.1197,8.8603,4.6232,,,,,,,
70074334051112,陀螺仪,,,,,,,,0.0651,0.0158,0.0900
70074346564393,加速度计,0.2233,9.7983,1.4874,,,,,,,
70074354086841,陀螺仪,,,,,,,,-0.1161,0.0129,0.1063
70074356582310,加速度计,-0.0964,5.3953,7.4974,,,,,,,
70074366600435,加速度计,-0.0569,5.1218,11.0516,,,,,,,
70074374123403,陀螺仪,,,,,,,,-0.0213,0.0270,0.0945
70074376618768,加速度计,-0.4818,6.0903,9.6073,,,,,,,
70074386637101,加速度计,-0.6177,7.2975,5.9999,,,,,,,
70074394160070,陀螺仪,,,,,,,,0.0001,0.0586,0.1483
70074396655435,加速度计,-0.4902,6.5158,5.0578,,,,,,,
70074406673768,加速度计,-0.4597,5.8891,7.4310,,,,,,,
70074416692101,加速度计,-0.5154,5.8371,8.2121,,,,,,,
70074414196737,陀螺仪,,,,,,,,0.0080,0.0594,0.1344
70074426713143,加速度计,-0.8266,8.4605,7.6279,,,,,,,
70074436743091,加速度计,0.3508,6.4033,10.4441,,,,,,,
70074434244810,陀螺仪,,,,,,,,0.0185,0.0526,0.1527
70074446749966,加速度计,-0.2322,7.1323,4.9291,,,,,,,
70074456757466,加速度计,-1.1073,7.0677,3.1699,,,,,,,
70074454259497,陀螺仪,,,,,,,,0.0132,0.0583,0.1200
70074466766008,加速度计,0.6608,6.4003,4.9165,,,,,,,
70074476775799,加速度计,0.7655,5.4277,8.2145,,,,,,,
70074474278455,陀螺仪,,,,,,,,-0.0770,0.0407,0.1104
70074486787049,加速度计,-0.0144,4.7645,12.0404,,,,,,,
70074494303455,陀螺仪,,,,,,,,0.0559,0.0671,0.0879
70074496799966,加速度计,1.5251,8.5826,9.1518,,,,,,,
70074506814758,加速度计,1.3994,7.7560,5.6856,,,,,,,
70074514336164,陀螺仪,,,,,,,,0.0273,0.0780,0.0316
70074516831633,加速度计,0.2143,8.6191,0.5273,,,,,,,
70074526850383,加速度计,1.1869,5.3678,6.5260,,,,,,,
70074536870799,加速度计,0.7973,5.4618,7.0372,,,,,,,
70074534376164,陀螺仪,,,,,,,,-0.0052,0.0405,-0.0611
70074546892883,加速度计,1.0038,10.0066,8.7724,,,,,,,
70074556916424,加速度计,0.7069,9.6367,11.9153,,,,,,,
70074554422518,陀螺仪,,,,,,,,-0.0274,-0.0083,-0.1173
70074566941008,加速度计,1.2701,6.9157,7.6112,,,,,,,
70074576966424,加速度计,1.1480,7.1664,3.3357,,,,,,,
70074574472935,陀螺仪,,,,,,,,0.0621,-0.0349,-0.2736
70074586992466,加速度计,-0.1604,8.5018,1.6388,,,,,,,
70074594525330,陀螺仪,,,,,,,,-0.0660,-0.0734,-0.2928
70074597018716,加速度计,2.1075,6.4434,10.7643,,,,,,,
70074607043508,加速度计,1.0552,8.1217,13.2256,,,,,,,
70074617064341,加速度计,-0.6632,7.4017,11.7932,,,,,,,
70074614568976,陀螺仪,,,,,,,,0.0421,-0.0897,-0.3091
70074627082466,加速度计,1.9082,6.8582,7.0396,,,,,,,
70074637100383,加速度计,-0.0670,6.9809,-0.7069,,,,,,,
70074634604914,陀螺仪,,,,,,,,0.1699,-0.1045,-0.2858
70074647118299,加速度计,0.6111,6.5475,-5.2367,,,,,,,
70074654640747,陀螺仪,,,,,,,,-0.0834,-0.1123,-0.3165
70074657136216,加速度计,1.9196,5.7341,0.0826,,,,,,,
70074667154133,加速度计,1.1540,5.2265,4.3102,,,,,,,
70074677173508,加速度计,0.8260,5.9023,18.4210,,,,,,,
70074674680278,陀螺仪,,,,,,,,-0.2485,-0.0917,-0.2317
70074687193143,加速度计,0.0736,7.0976,20.0443,,,,,,,
70074697206476,加速度计,2.3942,9.8497,7.0934,,,,,,,
70074694709862,陀螺仪,,,,,,,,0.1298,0.0105,-0.1605
70074707219810,加速度计,-1.0110,6.6750,-0.0084,,,,,,,
70074714736893,陀螺仪,,,,,,,,-0.0334,-0.0169,-0.1767
70074717233403,加速度计,-0.1532,3.2441,1.5479,,,,,,,
70074727247414,加速度计,-1.1869,5.3582,8.1846,,,,,,,
70074734765903,陀螺仪,,,,,,,,0.0111,-0.0549,-0.1605
70074737262101,加速度计,0.4112,10.5512,11.3395,,,,,,,
70074747277622,加速度计,1.6568,7.7800,11.3024,,,,,,,
70074757293976,加速度计,0.4399,6.4985,7.1413,,,,,,,
70074754798195,陀螺仪,,,,,,,,0.0782,-0.0382,-0.1782
70074767311164,加速度计,0.7554,6.8672,3.1627,,,,,,,
70074777329185,加速度计,-0.7416,7.5968,4.3287,,,,,,,
70074774833820,陀螺仪,,,,,,,,0.0706,-0.0241,-0.2012
70074787348039,加速度计,-0.9535,8.0786,8.5629,,,,,,,
70074797367726,加速度计,-0.0090,7.0707,6.9773,,,,,,,
70074794872778,陀螺仪,,,,,,,,0.0378,-0.0549,-0.1121
70074807388247,加速度计,1.5981,7.6195,5.0278,,,,,,,
70074814914705,陀螺仪,,,,,,,,0.0337,-0.0390,-0.1352
70074817409341,加速度计,0.3897,8.0152,5.1110,,,,,,,
70074827430851,加速度计,-0.7949,7.8470,4.8375,,,,,,,
70074834957987,陀螺仪,,,,,,,,-0.0590,-0.0443,-0.1284
70074837452518,加速度计,0.5064,6.5577,8.7610,,,,,,,
70074847474185,加速度计,-0.2460,7.7482,7.6154,,,,,,,
70074855001320,陀螺仪,,,,,,,,-0.0459,-0.0454,-0.1099
70074857495851,加速度计,-0.3490,4.9716,6.3410,,,,,,,
70074867516997,加速度计,0.3460,7.3783,0.9547,,,,,,,
70074875040903,陀螺仪,,,,,,,,-0.0960,-0.0554,-0.1293
70074877536268,加速度计,0.4022,5.9687,6.8055,,,,,,,
70074887554341,加速度计,0.4064,5.3840,7.0222,,,,,,,
70074895076789,陀螺仪,,,,,,,,-0.1390,-0.0700,-0.1366
70074897572258,加速度计,0.0946,5.7694,12.5031,,,,,,,
70074907590174,加速度计,0.4627,8.2157,17.7746,,,,,,,
70074917608091,加速度计,1.5054,8.0367,13.0753,,,,,,,
70074915112622,陀螺仪,,,,,,,,0.0839,-0.0158,-0.0771
70074927630955,加速度计,1.9297,8.0673,4.5346,,,,,,,
70074944214910,GPS,,,,31.9440,118.7836,3.7300,90.2000,,,
70074935149601,陀螺仪,,,,,,,,0.1511,0.0140,-0.1198
70074937647570,加速度计,0.8296,5.1086,1.6682,,,,,,,
70074947655799,加速度计,1.1779,4.8728,2.3182,,,,,,,
70074955166685,陀螺仪,,,,,,,,0.0240,-0.0427,-0.2246
70074957664445,加速度计,0.4836,6.8504,3.9433,,,,,,,
70074967673820,加速度计,0.1706,7.5387,9.6989,,,,,,,
70074975187101,陀螺仪,,,,,,,,0.0059,-0.0928,-0.2486
70074977684341,加速度计,-1.1289,7.2670,7.2311,,,,,,,
70074987696424,加速度计,1.2480,5.4229,8.9675,,,,,,,
70074995213768,陀螺仪,,,,,,,,0.0134,-0.0811,-0.2003
70074997710174,加速度计,-0.6512,8.6042,3.1969,,,,,,,
70075007725591,加速度计,-0.5177,6.3500,9.5164,,,,,,,
70075015247101,陀螺仪,,,,,,,,-0.0003,-0.0579,-0.1726
70075017742674,加速度计,0.4334,8.4563,11.1187,,,,,,,
70075027761424,加速度计,-0.4328,8.0397,6.7481,,,,,,,
70075037781841,加速度计,-0.6686,6.7283,9.1411,,,,,,,
70075035287101,陀螺仪,,,,,,,,0.0249,-0.0629,-0.1513
70075047803612,加速度计,-1.7633,6.6325,4.1623,,,,,,,
70075055332518,陀螺仪,,,,,,,,0.0561,-0.0979,-0.1823
70075057826633,加速度计,0.1556,7.2065,3.6386,,,,,,,
70075067850591,加速度计,-0.6093,8.8675,1.0271,,,,,,,
70075075381685,陀螺仪,,,,,,,,-0.0867,-0.1968,-0.2453
70075077875383,加速度计,-1.3042,6.5176,2.7348,,,,,,,
70075087900695,加速度计,0.5710,6.3758,12.9796,,,,,,,
70075095432518,陀螺仪,,,,,,,,-0.0276,-0.2272,-0.2401
70075097926112,加速度计,-2.8150,6.7798,23.6074,,,,,,,
70075107951528,加速度计,-1.5000,10.7811,7.9015,,,,,,,
70075115476268,陀螺仪,,,,,,,,0.2908,-0.2382,-0.0851
70075117971633,加速度计,2.2829,6.3686,-1.4353,,,,,,,
70075127989966,加速度计,1.1486,6.0418,-8.6215,,,,,,,
70075135512518,陀螺仪,,,,,,,,-0.2332,-0.2928,-0.3418
70075138007987,加速度计,3.0682,0.9325,-10.1059,,,,,,,
70075148025903,加速度计,-2.0776,5.3498,25.2612,,,,,,,
70075155548351,陀螺仪,,,,,,,,0.1233,-0.3017,-0.2963
70075158043820,加速度计,-2.7485,9.6097,25.8801,,,,,,,
70075168061737,加速度计,-0.4579,16.0202,6.2375,,,,,,,
70075178083716,加速度计,-2.3667,6.1818,-9.3236,,,,,,,
70075175600851,陀螺仪,,,,,,,,0.1851,-0.2807,-0.1165
70075188108351,加速度计,3.3297,4.8961,3.1053,,,,,,,
70075195599237,陀螺仪,,,,,,,,-0.1559,-0.2935,-0.1917
70075198100955,加速度计,-0.5130,4.2575,12.0500,,,,,,,
70075208094914,加速度计,-0.1897,11.0953,10.6446,,,,,,,
70075218091060,加速度计,-0.8547,9.0722,2.9497,,,,,,,
70075215590383,陀螺仪,,,,,,,,-0.0226,-0.2858,-0.0875
70075228090226,加速度计,0.3484,1.1732,11.9177,,,,,,,
70075238093247,加速度计,-0.6039,7.0437,5.1948,,,,,,,
70075235594445,陀螺仪,,,,,,,,0.0690,-0.2458,-0.0558
70075248100695,加速度计,-0.6476,8.4767,7.2000,,,,,,,
70075255616216,陀螺仪,,,,,,,,0.0467,-0.2928,-0.0575
70075258112726,加速度计,-1.1971,11.8435,3.4387,,,,,,,
70075268129341,加速度计,-0.1897,4.2988,8.1433,,,,,,,
70075278150278,加速度计,-0.6105,6.9857,5.3008,,,,,,,
70075275655955,陀螺仪,,,,,,,,0.0465,-0.2667,-0.0180
70075288175383,加速度计,-1.6538,9.0519,1.5556,,,,,,,
70075295711685,陀螺仪,,,,,,,,-0.1232,-0.2465,0.1156
70075298204133,加速度计,-0.8661,8.3887,9.0405,,,,,,,
70075308235955,加速度计,0.1401,6.1543,11.9094,,,,,,,
70075318270174,加速度计,0.2502,5.1595,8.5898,,,,,,,
70075315778976,陀螺仪,,,,,,,,0.0184,-0.1618,0.2073
70075328305955,加速度计,-1.8962,7.0192,1.9190,,,,,,,
70075335852049,陀螺仪,,,,,,,,-0.0024,-0.1350,0.3012
70075338342726,加速度计,-0.1682,3.2513,9.1608,,,,,,,
70075348379810,加速度计,-0.9146,6.0513,4.5490,,,,,,,
70075358406476,加速度计,-0.7566,9.0585,-1.3330,,,,,,,
70075355911633,陀螺仪,,,,,,,,0.0602,-0.1036,0.3143
70075368425330,加速度计,-1.8609,7.3963,1.4120,,,,,,,
70075378443247,加速度计,-1.6981,2.1261,10.9942,,,,,,,
70075375947778,陀螺仪,,,,,,,,-0.2442,-0.0959,0.3804
70075388461164,加速度计,-1.2330,7.7381,15.0194,,,,,,,
70075398479080,加速度计,-1.7268,10.3148,13.7379,,,,,,,
70075395983612,陀螺仪,,,,,,,,0.0011,-0.0063,0.5437
70075408496997,加速度计,-1.6370,9.4086,17.4699,,,,,,,
70075418514914,加速度计,0.0575,5.1517,9.2171,,,,,,,
70075416019445,陀螺仪,,,,,,,,0.1252,0.0165,0.6491
70075428534914,加速度计,1.5514,4.5999,2.8754,,,,,,,
70075436056841,陀螺仪,,,,,,,,0.0421,0.0113,0.5175
70075438553768,加速度计,-2.6971,6.6086,-1.1450,,,,,,,
70075448565851,加速度计,-0.0646,5.3768,9.7270,,,,,,,
70075456081424,陀螺仪,,,,,,,,0.0899,0.0590,0.5392
70075458578247,加速度计,0.8984,6.1196,11.5407,,,,,,,
70075468591060,加速度计,-1.7184,10.9080,3.1867,,,,,,,
70075478604601,加速度计,1.3396,4.9231,8.1666,,,,,,,
70075476108091,陀螺仪,,,,,,,,0.0569,0.0744,0.5802
70075488618976,加速度计,1.0732,6.3602,3.3405,,,,,,,
70075496138091,陀螺仪,,,,,,,,-0.0186,0.1218,0.5378
70075498634185,加速度计,-1.1863,8.8759,1.6777,,,,,,,
70075508650226,加速度计,0.4938,6.6481,10.3340,,,,,,,
70075516171841,陀螺仪,,,,,,,,-0.0225,0.1726,0.5826
70075518667414,加速度计,0.1197,7.4190,10.0844,,,,,,,
70075528685539,加速度计,1.0564,7.7638,6.2369,,,,,,,
70075536209341,陀螺仪,,,,,,,,0.0048,0.1967,0.5759
70075538704497,加速度计,-0.1215,7.7045,3.2627,,,,,,,
70075548724289,加速度计,0.1191,5.7341,7.7476,,,,,,,
70075556250174,陀螺仪,,,,,,,,-0.0096,0.1931,0.5190
70075558744914,加速度计,-0.2173,5.4187,11.1779,,,,,,,
70075568766372,加速度计,-0.7661,9.1746,10.5782,,,,,,,
70075576293924,陀螺仪,,,,,,,,0.1141,0.1654,0.5155
70075578788351,加速度计,0.7913,10.1382,6.5326,,,,,,,
70075588810747,加速度计,2.1979,6.2112,3.5422,,,,,,,
70075596338924,陀螺仪,,,,,,,,0.0639,0.1537,0.3450
70075598833247,加速度计,0.6458,4.6950,-4.2790,,,,,,,
70075608855747,加速度计,1.7532,5.2583,-4.8028,,,,,,,
70075616383508,陀螺仪,,,,,,,,-0.2233,0.1264,0.2017
70075618877935,加速度计,-0.5183,3.0149,8.6275,,,,,,,
70075628897205,加速度计,-0.3047,3.5590,28.7119,,,,,,,
70075636419758,陀螺仪,,,,,,,,0.2475,0.1703,0.2674
70075638915226,加速度计,2.6498,9.1171,16.1830,,,,,,,
70075648933143,加速度计,1.3958,14.0552,-4.1480,,,,,,,
70075658951060,加速度计,1.1827,5.8568,-3.0598,,,,,,,
70075656455591,陀螺仪,,,,,,,,0.1767,0.1722,0.1790
70075668968976,加速度计,1.0469,7.2538,-0.7685,,,,,,,
70075678987205,加速度计,-0.1341,9.1506,14.6118,,,,,,,
70075676493195,陀螺仪,,,,,,,,-0.1256,0.1165,0.0823
70075689006268,加速度计,1.0977,11.2007,10.5794,,,,,,,
70075696528195,陀螺仪,,,,,,,,-0.0426,0.1244,0.0647
70075699023768,加速度计,2.8491,5.8275,12.2098,,,,,,,
70075709041268,加速度计,0.4334,3.7098,5.7706,,,,,,,
70075716563195,陀螺仪,,,,,,,,0.0220,0.1185,0.0145
70075719058768,加速度计,1.1528,6.7157,3.5721,,,,,,,
70075729076268,加速度计,0.6123,9.1201,3.7068,,,,,,,
70075736598195,陀螺仪,,,,,,,,-0.0671,0.0720,-0.0240
70075739093768,加速度计,0.7967,7.5567,8.9208,,,,,,,
70075749111268,加速度计,2.2404,5.8772,12.5630,,,,,,,
70075756633195,陀螺仪,,,,,,,,0.0298,0.0514,-0.0667
70075759128768,加速度计,0.5004,7.2203,5.9400,,,,,,,
70075769146268,加速度计,-0.4238,8.8418,2.6641,,,,,,,
70075776668195,陀螺仪,,,,,,,,-0.0740,0.0506,-0.0787
70075779163768,加速度计,0.4417,6.2070,6.8809,,,,,,,
70075789181268,加速度计,-0.1676,4.5789,11.4988,,,,,,,
70075799198768,加速度计,0.6375,8.5946,5.8706,,,,,,,
70075796703195,陀螺仪,,,,,,,,0.0005,0.0345,-0.0534
70075809216268,加速度计,0.5573,6.6367,8.5126,,,,,,,
70075816738195,陀螺仪,,,,,,,,0.0124,0.0422,-0.0482
70075819233768,加速度计,0.2071,5.2834,8.0062,,,,,,,
70075829251268,加速度计,0.0263,5.2547,4.7034,,,,,,,
70075836773195,陀螺仪,,,,,,,,0.0507,0.0337,-0.0391
70075839268768,加速度计,0.9451,7.3071,6.9438,,,,,,,
70075849286580,加速度计,0.9996,7.8542,6.9629,,,,,,,
70075859304497,加速度计,1.1031,8.1026,8.6568,,,,,,,
70075856809028,陀螺仪,,,,,,,,0.0174,0.0296,-0.0422
70075869322726,加速度计,1.5999,6.1184,6.7810,,,,,,,
70075879341060,加速度计,1.0439,4.9578,5.4253,,,,,,,
70075876845695,陀螺仪,,,,,,,,0.0602,0.0539,-0.0378
70075889359393,加速度计,0.5668,5.5701,6.5380,,,,,,,
70075896882362,陀螺仪,,,,,,,,0.0349,0.1011,0.0141
70075899377726,加速度计,1.3952,7.2048,10.1047,,,,,,,
70075909396060,加速度计,0.8697,6.4021,9.7755,,,,,,,
70075916919028,陀螺仪,,,,,,,,0.1555,0.1401,0.0655
70075919414393,加速度计,1.2192,7.6686,7.3418,,,,,,,
70075929452674,加速度计,0.5614,6.4901,1.8956,,,,,,,
70075936964289,陀螺仪,,,,,,,,0.0105,0.1437,0.0691
70075939466528,加速度计,1.1343,7.0120,4.5789,,,,,,,
70075951368607,GPS,,,,31.9440,118.7836,3.7700,92.5000,,,
70075949457987,加速度计,0.9080,6.1268,8.2325,,,,,,,
70075956949705,陀螺仪,,,,,,,,0.0198,0.1559,0.0518
70075959451216,加速度计,-0.1077,6.9989,10.6722,,,,,,,
70075969447153,加速度计,-0.9014,7.8757,6.2596,,,,,,,
70075976946789,陀螺仪,,,,,,,,0.0393,0.1623,0.1003
70075979446633,加速度计,0.6357,7.5172,5.0697,,,,,,,
70075989450174,加速度计,0.5225,7.1000,5.6719,,,,,,,
70075996960539,陀螺仪,,,,,,,,-0.0190,0.1427,0.0461
70075999458195,加速度计,-0.6776,5.9065,9.5265,,,,,,,
70076009470799,加速度计,-0.7763,8.9854,7.7746,,,,,,,
70076016992622,陀螺仪,,,,,,,,0.0595,0.1144,0.0594
70076019487987,加速度计,0.5980,9.6732,5.8957,,,,,,,
70076029509758,加速度计,0.9403,6.2578,7.6423,,,,,,,
70076037042622,陀螺仪,,,,,,,,0.0234,0.0917,0.0072
70076039535799,加速度计,-1.6293,7.2215,11.0439,,,,,,,
70076049565695,加速度计,-0.4776,8.0170,6.6236,,,,,,,
70076057107205,陀螺仪,,,,,,,,0.1016,0.0579,0.0589
70076059598716,加速度计,2.1440,8.8460,1.8549,,,,,,,
70076069634028,加速度计,0.6865,5.9520,-2.6234,,,,,,,
70076077180122,陀螺仪,,,,,,,,-0.1421,0.0364,-0.0798
70076079670799,加速度计,0.1969,4.6615,-2.3852,,,,,,,
70076089708195,加速度计,-0.5052,4.3413,2.1452,,,,,,,
70076097254705,陀螺仪,,,,,,,,-0.2888,0.0019,-0.0694
70076099745383,加速度计,-0.8972,6.7959,21.3641,,,,,,,
70076109768091,加速度计,0.5495,8.6090,25.0517,,,,,,,
70076119786008,加速度计,-0.7141,10.8350,4.3413,,,,,,,
70076117290539,陀螺仪,,,,,,,,0.1736,0.0956,0.0366
70076129803924,加速度计,1.4240,6.0621,-3.6033,,,,,,,
70076139821841,加速度计,0.2939,2.1602,-5.7712,,,,,,,
70076137326372,陀螺仪,,,,,,,,-0.1028,0.0832,0.0272
70076149839758,加速度计,1.1857,4.1025,11.1600,,,,,,,
70076157362205,陀螺仪,,,,,,,,-0.0656,0.0410,-0.0748
70076159857674,加速度计,-0.2185,11.8052,14.6597,,,,,,,
70076169875591,加速度计,-0.0323,9.7282,13.5584,,,,,,,
70076179898299,加速度计,1.0989,6.2962,6.0352,,,,,,,
70076177410591,陀螺仪,,,,,,,,0.0169,0.0044,-0.0704
70076189915851,加速度计,-0.1532,3.0777,1.7992,,,,,,,
70076199923247,加速度计,0.8817,6.8211,4.6627,,,,,,,
70076197425174,陀螺仪,,,,,,,,-0.0075,-0.0113,-0.1546
70076209931372,加速度计,0.0503,8.4845,12.0524,,,,,,,
70076219940330,加速度计,-1.2091,8.7903,6.4769,,,,,,,
70076217442674,陀螺仪,,,,,,,,0.0165,-0.0366,-0.1704
70076229950435,加速度计,0.5064,7.1904,5.3690,,,,,,,
70076239962101,加速度计,-0.6123,6.3333,3.9822,,,,,,,
70076237465174,陀螺仪,,,,,,,,-0.0297,-0.0598,-0.1322
70076249975435,加速度计,0.7075,7.1814,7.2568,,,,,,,
70076259990747,加速度计,0.5932,7.9649,10.4830,,,,,,,
70076257494758,陀螺仪,,,,,,,,-0.0232,-0.0581,-0.1395
70076270008143,加速度计,-1.1366,9.1069,5.2912,,,,,,,
70076277532258,陀螺仪,,,,,,,,-0.0380,-0.0557,-0.0957
70076280027310,加速度计,0.3382,4.2192,6.3045,,,,,,,
70076290048143,加速度计,-0.8757,6.4733,2.5594,,,,,,,
70076300070643,加速度计,-0.6961,5.9430,10.3459,,,,,,,
70076297576424,陀螺仪,,,,,,,,-0.0939,-0.0551,-0.0414
70076310094497,加速度计,0.9098,7.0300,11.5089,,,,,,,
70076317625591,陀螺仪,,,,,,,,0.0446,-0.0301,0.0189
70076320119289,加速度计,-1.4347,8.8430,8.0313,,,,,,,
70076330144914,加速度计,0.0587,6.8085,7.9847,,,,,,,
70076340171060,加速度计,0.2610,5.0613,4.6831,,,,,,,
70076337677674,陀螺仪,,,,,,,,0.0573,-0.0340,0.0518
70076350197310,加速度计,-1.4311,5.5569,1.6047,,,,,,,
70076357726008,陀螺仪,,,,,,,,-0.0578,-0.0431,0.0643
70076360220435,加速度计,-0.9493,6.2842,4.5089,,,,,,,
70076370239705,加速度计,-1.1851,4.5268,12.7647,,,,,,,
70076380257726,加速度计,-1.0080,6.9773,9.8671,,,,,,,
70076377762258,陀螺仪,,,,,,,,0.0249,-0.0264,0.1762
70076390275643,加速度计,-0.6788,7.8883,8.7604,,,,,,,
70076397798091,陀螺仪,,,,,,,,0.0334,0.0031,0.2595
70076400293560,加速度计,-1.4251,6.6248,5.3750,,,,,,,
70076410311476,加速度计,0.7087,5.6509,8.7490,,,,,,,
70076417833924,陀螺仪,,,,,,,,0.0437,0.0498,0.2716
70076420329393,加速度计,-0.1035,8.3121,3.8559,,,,,,,
70076430348872,加速度计,-0.8368,7.3233,7.2778,,,,,,,
70076440366997,加速度计,-0.2735,7.0928,9.0896,,,,,,,
70076437871008,陀螺仪,,,,,,,,0.0261,0.0891,0.3313
70076450382830,加速度计,0.3992,6.6559,6.3165,,,,,,,
70076460398664,加速度计,-0.9319,7.9841,7.8500,,,,,,,
70076457902674,陀螺仪,,,,,,,,0.0059,0.1100,0.3919
70076470414497,加速度计,2.1099,6.6116,9.3559,,,,,,,
70076480430330,加速度计,-0.0491,8.7448,4.9973,,,,,,,
70076477934393,陀螺仪,,,,,,,,0.0521,0.1426,0.3756
70076490446528,加速度计,0.5010,7.8661,4.1366,,,,,,,
70076500463143,加速度计,0.3633,6.3255,5.3600,,,,,,,
70076497967414,陀螺仪,,,,,,,,0.0217,0.1545,0.3136
70076510480174,加速度计,0.3454,7.2036,10.4154,,,,,,,
70076520497622,加速度计,-1.5024,7.8679,16.7313,,,,,,,
70076518002101,陀螺仪,,,,,,,,-0.0000,0.1220,0.3581
70076530515487,加速度计,3.1789,10.0191,8.2570,,,,,,,
70076540533768,加速度计,1.4275,8.2337,0.9595,,,,,,,
70076538038455,陀螺仪,,,,,,,,0.2270,0.1402,0.2776
70076550552466,加速度计,1.8705,4.8920,-6.6272,,,,,,,
70076560571580,加速度计,4.5442,3.2807,-7.5046,,,,,,,
70076558076476,陀螺仪,,,,,,,,-0.0252,0.1162,0.0940
70076570591112,加速度计,-0.2029,6.2614,-3.7769,,,,,,,
70076580610695,加速度计,0.2735,6.9498,19.3272,,,,,,,
70076578115643,陀螺仪,,,,,,,,-0.4589,0.1152,0.0413
70076590630278,加速度计,0.8003,5.7108,23.2902,,,,,,,
70076600649862,加速度计,1.0080,13.7379,18.9142,,,,,,,
70076598154810,陀螺仪,,,,,,,,0.1800,0.2533,0.1077
70076610669445,加速度计,-1.0379,6.3758,-8.9334,,,,,,,
70076620689028,加速度计,2.7665,-6.2632,13.7397,,,,,,,
70076618193976,陀螺仪,,,,,,,,-0.0808,0.2400,0.0991
70076630708612,加速度计,-0.2340,8.1271,-1.6125,,,,,,,
70076640728195,加速度计,4.8159,16.9964,18.5467,,,,,,,
70076638233091,陀螺仪,,,,,,,,0.0667,0.2076,-0.0964
70076650747414,加速度计,-7.7931,18.5227,11.2761,,,,,,,
70076660765487,加速度计,7.3951,-5.7281,-13.0957,,,,,,,
70076658270018,陀螺仪,,,,,,,,-0.0164,0.1270,0.1096
70076670783403,加速度计,-0.5638,-6.9965,34.2700,,,,,,,
70076680814862,加速度计,8.8765,18.4485,-12.7976,,,,,,,
70076678324601,陀螺仪,,,,,,,,0.3144,0.0944,-0.1652
70076690822674,加速度计,-9.7049,18.3324,19.0686,,,,,,,
70076700820539,加速度计,6.5374,4.3545,-5.6096,,,,,,,
70076698320226,陀螺仪,,,,,,,,-0.2509,0.0907,0.0602
70076710819549,加速度计,4.9231,-3.9582,15.9424,,,,,,,
70076720820539,加速度计,2.3361,11.1079,-7.9667,,,,,,,
70076718321268,陀螺仪,,,,,,,,0.2522,0.0968,-0.3384
70076730824341,加速度计,-7.0366,12.7737,-10.2448,,,,,,,
70076740831424,加速度计,4.9518,-0.0611,33.4368,,,,,,,
70076738333768,陀螺仪,,,,,,,,-0.3940,0.0366,-0.1385
70076750841841,加速度计,-2.2446,6.3315,17.0683,,,,,,,
70076760855955,加速度计,0.3059,11.7106,-5.0111,,,,,,,
70076758360122,陀螺仪,,,,,,,,0.0419,0.0579,-0.0924
70076770873820,加速度计,1.3629,6.3141,-0.5010,,,,,,,
70076780895070,加速度计,-1.6113,3.6338,1.9471,,,,,,,
70076778400955,陀螺仪,,,,,,,,-0.1670,0.0668,-0.1333
70076790919653,加速度计,1.8884,4.7417,12.5881,,,,,,,
70076800947205,加速度计,0.4262,9.8025,12.4822,,,,,,,
70076798454497,陀螺仪,,,,,,,,-0.0899,0.0108,-0.1559
70076810976945,加速度计,-0.8033,10.6099,7.2024,,,,,,,
70076821008403,加速度计,2.1823,3.7894,9.9449,,,,,,,
70076818516528,陀螺仪,,,,,,,,-0.1124,0.0212,-0.1389
70076831041164,加速度计,1.5419,2.8048,8.7047,,,,,,,
70076841074445,加速度计,-0.3184,7.9853,12.0051,,,,,,,
70076838582830,陀螺仪,,,,,,,,0.0486,0.0298,-0.1526
70076851107778,加速度计,1.6161,7.8919,10.4208,,,,,,,
70076861128351,加速度计,1.1486,6.2339,4.6029,,,,,,,
70076858632987,陀螺仪,,,,,,,,0.1842,0.0031,-0.1832
70076871146372,加速度计,0.1305,8.3426,-1.7095,,,,,,,
70076881164289,加速度计,1.5718,7.5914,4.6340,,,,,,,
70076878668820,陀螺仪,,,,,,,,-0.0222,-0.0172,-0.2531
70076891182205,加速度计,-0.9313,3.1999,17.5064,,,,,,,
70076901200122,加速度计,-1.3455,7.8260,14.9662,,,,,,,
70076898704653,陀螺仪,,,,,,,,0.1417,-0.0241,-0.1880
70076911218039,加速度计,0.5345,12.3307,0.2592,,,,,,,
70076921235955,加速度计,6.2854,7.7428,2.7904,,,,,,,
70076918740695,陀螺仪,,,,,,,,0.0011,0.0093,-0.1229
70076931270487,加速度计,-0.2400,4.1545,7.3478,,,,,,,
70076941273403,加速度计,-1.6376,2.5600,10.7865,,,,,,,
70076951000482,GPS,,,,31.9440,118.7836,3.6900,90.8000,,,
70076938774289,陀螺仪,,,,,,,,-0.0185,0.0310,-0.2079
70076951276737,加速度计,0.5525,7.9960,5.6737,,,,,,,
70076961280903,加速度计,-2.9137,10.8176,3.6565,,,,,,,
70076958782414,陀螺仪,,,,,,,,0.0431,-0.0201,-0.0220
70076971286737,加速度计,2.6713,8.1385,7.0755,,,,,,,
70076981294653,加速度计,0.8661,3.7236,13.7278,,,,,,,
70076978797205,陀螺仪,,,,,,,,-0.0686,-0.0328,-0.1834
70076991304653,加速度计,-4.2072,6.6188,21.7848,,,,,,,
70077001317153,加速度计,-0.9625,8.4222,12.7431,,,,,,,
70076998820955,陀螺仪,,,,,,,,0.3290,-0.0387,0.0225
70077011332153,加速度计,1.2079,9.1237,-0.7033,,,,,,,
70077021349653,加速度计,1.5604,9.2338,-8.6646,,,,,,,
70077018854705,陀螺仪,,,,,,,,0.4755,-0.0577,-0.0258
70077031369653,加速度计,0.8440,2.1697,-10.5309,,,,,,,
70077041392153,加速度计,-2.0668,1.7526,14.6507,,,,,,,
70077038898351,陀螺仪,,,,,,,,-0.1655,-0.0710,-0.1795
70077051416737,加速度计,-0.9062,11.0468,10.0024,,,,,,,
70077061442987,加速度计,-1.8112,12.5426,-8.9190,,,,,,,
70077058949914,陀螺仪,,,,,,,,0.0884,-0.0732,-0.0150
70077071470487,加速度计,0.8392,0.7027,9.9455,,,,,,,
70077081498820,加速度计,-2.3619,0.7230,4.9805,,,,,,,
70077079006060,陀螺仪,,,,,,,,-0.1527,-0.0015,0.1358
70077091527570,加速度计,-1.0235,11.4575,11.7902,,,,,,,
70077101556320,加速度计,-0.0138,15.8358,16.7241,,,,,,,
70077099062726,陀螺仪,,,,,,,,0.0080,0.0762,0.2509
70077111581737,加速度计,-0.3059,7.1257,11.3198,,,,,,,
70077121599653,加速度计,0.7937,2.1201,7.3472,,,,,,,
70077119104185,陀螺仪,,,,,,,,0.1348,0.1080,0.3537
70077131617570,加速度计,-1.0116,4.0205,-8.0182,,,,,,,
70077141635487,加速度计,0.6261,7.1323,5.4827,,,,,,,
70077139140018,陀螺仪,,,,,,,,-0.0838,0.0839,0.2446
70077151653403,加速度计,-0.2292,9.6175,16.0609,,,,,,,
70077161671320,加速度计,-2.6151,11.9064,6.6463,,,,,,,
70077159175851,陀螺仪,,,,,,,,0.0329,0.0317,0.1507
70077171689237,加速度计,0.8523,7.2957,6.5463,,,,,,,
70077181711945,加速度计,-3.1478,5.0266,-0.1293,,,,,,,
70077179215643,陀螺仪,,,,,,,,-0.1668,-0.0391,0.1153
70077191726528,加速度计,0.8410,2.0895,14.5484,,,,,,,
70077201741112,加速度计,0.6985,10.8787,8.6101,,,,,,,
70077199244810,陀螺仪,,,,,,,,-0.0099,0.0100,0.1273
70077211755695,加速度计,-2.8108,11.9124,1.3988,,,,,,,
70077221770695,加速度计,2.8814,1.2797,4.5855,,,,,,,
70077219274601,陀螺仪,,,,,,,,-0.1794,0.0338,0.2269
70077231786112,加速度计,0.5100,2.9054,5.0619,,,,,,,
70077241801945,加速度计,0.7715,9.4876,18.0122,,,,,,,
70077239306060,陀螺仪,,,,,,,,-0.1559,0.1009,0.2328
70077251818195,加速度计,-1.3007,11.0439,22.7964,,,,,,,
70077261834862,加速度计,0.7075,11.2510,8.6299,,,,,,,
70077259339185,陀螺仪,,,,,,,,0.1270,0.1810,0.3577
70077271851945,加速度计,0.5692,8.2031,-6.0340,,,,,,,
70077281869862,加速度计,0.4345,3.0299,1.6825,,,,,,,
70077279374497,陀螺仪,,,,,,,,-0.1384,0.1533,0.3053
70077291888195,加速度计,1.9106,0.5459,13.7649,,,,,,,
70077301906945,加速度计,0.6273,7.4633,8.8101,,,,,,,
70077299411789,陀螺仪,,,,,,,,0.0517,0.1268,0.1638
70077311926112,加速度计,-1.8609,7.4029,6.7888,,,,,,,
70077321945695,加速度计,1.8112,2.4816,13.2651,,,,,,,
70077319450747,陀螺仪,,,,,,,,0.0870,0.1170,0.2120
70077331965695,加速度计,-0.0473,2.1494,6.6074,,,,,,,
70077341986112,加速度计,0.0114,6.2788,1.7142,,,,,,,
70077339491268,陀螺仪,,,,,,,,0.3538,0.1382,0.1537
70077352006528,加速度计,0.4423,15.3666,-2.5845,,,,,,,
70077362026945,加速度计,-0.8056,10.5878,3.8948,,,,,,,
70077359532101,陀螺仪,,,,,,,,0.0246,0.1224,0.1145
70077372047362,加速度计,0.4537,5.9412,10.9062,,,,,,,
70077382067778,加速度计,-2.5067,9.0243,-0.5501,,,,,,,
70077379572935,陀螺仪,,,,,,,,-0.0282,0.0754,0.0357
70077392088195,加速度计,-0.5094,5.5103,9.6618,,,,,,,
70077402107362,加速度计,0.0323,-0.0515,23.8696,,,,,,,
70077399611893,陀螺仪,,,,,,,,-0.0928,0.0272,0.1067
70077412125278,加速度计,0.6967,9.1417,13.1454,,,,,,,
70077422143195,加速度计,0.0413,13.7295,-0.9547,,,,,,,
70077419649185,陀螺仪,,,,,,,,0.2764,0.0169,0.0100
70077432184758,加速度计,0.5435,6.2351,0.6207,,,,,,,
70077442179758,加速度计,0.6243,3.9857,3.5775,,,,,,,
70077439678768,陀螺仪,,,,,,,,-0.0027,-0.0949,-0.1965
70077452175591,加速度计,-0.5333,6.8612,9.8216,,,,,,,
70077462173091,加速度计,0.3184,9.7636,7.7512,,,,,,,
70077459673143,陀螺仪,,,,,,,,0.0702,-0.1486,-0.2613
70077472173091,加速度计,0.6285,7.0102,7.6219,,,,,,,
70077482176008,加速度计,1.7160,5.3265,4.9662,,,,,,,
70077479677622,陀螺仪,,,,,,,,0.1033,-0.1702,-0.1672
70077492182258,加速度计,3.3489,5.4983,-0.6009,,,,,,,
70077502192258,加速度计,0.6428,7.1515,0.7542,,,,,,,
70077499695851,陀螺仪,,,,,,,,0.0273,-0.1184,-0.2160
70077512206424,加速度计,-0.2556,12.1194,1.2546,,,,,,,
70077522224758,加速度计,1.4892,9.3422,13.1268,,,,,,,
70077519730330,陀螺仪,,,,,,,,-0.2521,-0.1123,-0.1044
70077532246841,加速度计,1.0983,5.9795,21.2019,,,,,,,
70077542272258,加速度计,-0.8164,5.7174,10.1442,,,,,,,
70077539779393,陀螺仪,,,,,,,,-0.0136,-0.0182,0.0281
70077552300591,加速度计,0.5656,5.2493,-1.0756,,,,,,,
70077562331424,加速度计,1.0080,4.4335,0.3100,,,,,,,
70077559839705,陀螺仪,,,,,,,,-0.0886,0.0093,0.0700
70077572364341,加速度计,0.5746,4.1509,10.1652,,,,,,,
70077582398508,加速度计,0.8362,9.7025,2.1398,,,,,,,
70077579907205,陀螺仪,,,,,,,,-0.0844,-0.0033,0.0233
70077592433091,加速度计,0.7123,6.9881,5.4007,,,,,,,
70077602467674,加速度计,0.9080,7.0360,15.3391,,,,,,,
70077599972726,陀螺仪,,,,,,,,-0.1876,0.0138,0.0760
70077612487674,加速度计,1.0582,4.6029,21.7370,,,,,,,
70077622506008,加速度计,2.0913,10.7895,7.4639,,,,,,,
70077620010539,陀螺仪,,,,,,,,0.1976,0.0871,0.1465
70077632523924,加速度计,-0.0718,6.7505,0.3555,,,,,,,
70077642541841,加速度计,-0.1185,2.6175,-0.9523,,,,,,,
70077640046372,陀螺仪,,,,,,,,0.1037,0.1176,0.1582
70077652559758,加速度计,1.3910,6.4865,1.2061,,,,,,,
70077662577674,加速度计,-0.0928,11.1031,3.2118,,,,,,,
70077660082205,陀螺仪,,,,,,,,-0.0358,0.1312,0.1629
70077672595591,加速度计,-0.1532,10.9152,7.1503,,,,,,,
70077682627414,加速度计,1.3384,5.2241,10.9218,,,,,,,
70077680128820,陀螺仪,,,,,,,,-0.1732,0.1806,0.2417
70077692632830,加速度计,0.2125,4.6855,9.7989,,,,,,,
70077702638664,加速度计,-1.9441,6.6936,9.3488,,,,,,,
70077700140383,陀螺仪,,,,,,,,-0.1033,0.2736,0.4020
70077712645330,加速度计,1.0505,6.2237,14.3921,,,,,,,
70077722653247,加速度计,0.4519,5.4845,9.8539,,,,,,,
70077720155695,陀螺仪,,,,,,,,0.0758,0.3495,0.4859
70077732662830,加速度计,0.5602,6.1124,3.5452,,,,,,,
70077742674080,加速度计,0.2652,7.1724,1.0666,,,,,,,
70077752687414,加速度计,-0.3005,7.3460,5.5958,,,,,,,
70077740177466,陀螺仪,,,,,,,,0.1068,0.3318,0.3739
70077762702830,加速度计,0.7183,9.9928,5.4300,,,,,,,
70077760207258,陀螺仪,,,,,,,,0.0340,0.2545,0.2081
70077772720330,加速度计,-0.1592,10.0120,6.6385,,,,,,,
70077782739914,加速度计,-1.8830,6.3758,8.4527,,,,,,,
70077780245383,陀螺仪,,,,,,,,-0.0116,0.1854,0.0799
70077792761580,加速度计,0.2873,5.8365,-1.9291,,,,,,,
70077802784914,加速度计,2.8383,6.6361,3.2705,,,,,,,
70077800291216,陀螺仪,,,,,,,,-0.1262,0.1688,0.0585
70077812809914,加速度计,1.9291,4.5759,15.9442,,,,,,,
70077822836164,加速度计,0.5567,8.5754,12.2918,,,,,,,
70077820342987,陀螺仪,,,,,,,,0.0342,0.1996,0.0113
70077832863247,加速度计,2.2835,8.9310,-0.3639,,,,,,,
70077842890747,加速度计,1.7939,4.9219,-3.5326,,,,,,,
70077840397674,陀螺仪,,,,,,,,-0.0838,0.1884,-0.0541
70077852918247,加速度计,0.6237,1.8220,8.7837,,,,,,,
70077862940747,加速度计,0.3154,8.1229,15.2152,,,,,,,
70077860445383,陀螺仪,,,,,,,,-0.0913,0.1834,-0.0943
70077872959080,加速度计,2.4612,11.6382,10.6099,,,,,,,
70077882976997,加速度计,2.5612,9.3488,3.3866,,,,,,,
70077880481528,陀螺仪,,,,,,,,-0.0571,0.1449,-0.1093
70077892994914,加速度计,2.9467,2.7084,10.1969,,,,,,,
70077903012830,加速度计,0.0251,3.7272,10.6009,,,,,,,
70077900517362,陀螺仪,,,,,,,,-0.0495,0.1482,-0.2826
70077913030747,加速度计,-0.0287,7.9727,7.2371,,,,,,,
70077923048664,加速度计,0.2005,10.1203,2.1374,,,,,,,
70077920554549,陀螺仪,,,,,,,,-0.0069,0.0870,-0.2734
70077933081789,加速度计,1.7663,1.8094,9.2829,,,,,,,
70077950558398,GPS,,,,31.9440,118.7837,3.7300,86.5000,,,
70077943083924,加速度计,-0.8996,6.2890,11.7789,,,,,,,
70077940584601,陀螺仪,,,,,,,,-0.0236,0.0112,-0.4085
70077953086580,加速度计,-0.4950,9.8689,12.8168,,,,,,,
70077963090539,加速度计,1.4006,9.4427,7.4136,,,,,,,
70077960591945,陀螺仪,,,,,,,,0.1397,-0.0738,-0.3305
70077973096216,加速度计,3.3698,7.4998,-1.5359,,,,,,,
70077983104028,加速度计,0.1209,5.7521,-6.9839,,,,,,,
70077980606580,陀螺仪,,,,,,,,-0.0017,-0.1182,-0.5728
70077993114341,加速度计,-3.2220,5.4558,-0.9876,,,,,,,
70078000630955,陀螺仪,,,,,,,,-0.3858,-0.1794,-0.4762
70078003127153,加速度计,-0.7219,6.8510,17.1604,,,,,,,
70078013142518,加速度计,1.0870,7.5693,23.2818,,,,,,,
70078020665903,陀螺仪,,,,,,,,0.0740,-0.1100,-0.3896
70078023160747,加速度计,0.8709,7.4537,6.7487,,,,,,,
70078033181476,加速度计,0.3352,5.7581,-1.2755,,,,,,,
70078040710955,陀螺仪,,,,,,,,-0.0490,-0.1245,-0.3863
70078043204653,加速度计,-0.1466,4.9638,5.4265,,,,,,,
70078053229862,加速度计,-1.2905,7.3269,10.1885,,,,,,,
70078060763716,陀螺仪,,,,,,,,0.0450,-0.1583,-0.3422
70078063256685,加速度计,0.3083,8.8418,6.4254,,,,,,,
70078073284705,加速度计,0.4088,7.0880,2.6803,,,,,,,
70078083313508,加速度计,-1.7196,4.6890,9.0166,,,,,,,
70078080820851,陀螺仪,,,,,,,,-0.0108,-0.1582,-0.2783
70078093342674,加速度计,-2.0219,8.6640,4.6573,,,,,,,
70078100876997,陀螺仪,,,,,,,,0.0132,-0.1676,-0.2111
70078103371112,加速度计,1.5742,6.9641,8.2025,,,,,,,
70078113393820,加速度计,-0.3801,6.6188,18.2546,,,,,,,
70078120916633,陀螺仪,,,,,,,,0.1754,-0.1309,-0.0847
70078123412101,加速度计,-2.9359,7.0641,8.3234,,,,,,,
70078133430018,加速度计,2.2727,8.3396,4.5813,,,,,,,
70078143447935,加速度计,-1.2528,11.5658,-8.6580,,,,,,,
70078140952466,陀螺仪,,,,,,,,0.3434,-0.1009,-0.0081
70078153465851,加速度计,2.5271,4.9470,-10.3184,,,,,,,
70078160988299,陀螺仪,,,,,,,,-0.2772,-0.0710,-0.0547
70078163483768,加速度计,0.4729,6.9061,22.7593,,,,,,,
70078173502518,加速度计,-4.9285,7.9817,17.2580,,,,,,,
70078181041685,陀螺仪,,,,,,,,0.0812,-0.0374,0.1786
70078183543612,加速度计,-0.5656,10.2759,3.2435,,,,,,,
70078193535799,加速度计,1.6430,3.0915,2.7420,,,,,,,
70078201027622,陀螺仪,,,,,,,,0.0073,0.0083,0.1542
70078203528924,加速度计,-2.2715,4.8991,5.4175,,,,,,,
70078213523820,加速度计,-1.0834,8.8508,11.9004,,,,,,,
70078223521320,加速度计,0.3753,12.5522,9.7360,,,,,,,
70078221021476,陀螺仪,,,,,,,,0.0936,0.0161,0.1932
70078233522258,加速度计,-2.0530,9.5493,4.7998,,,,,,,
70078243527414,加速度计,0.1209,5.3457,7.3526,,,,,,,
70078253537153,加速度计,1.6723,5.8113,5.5318,,,,,,,
70078241029758,陀螺仪,,,,,,,,0.0185,0.0209,0.2525
70078261056112,陀螺仪,,,,,,,,0.0630,0.0326,0.2314
70078263551476,加速度计,-2.7665,6.3943,5.2002,,,,,,,
70078273570330,加速度计,0.1155,7.0425,-0.9385,,,,,,,
70078283593351,加速度计,0.8182,4.3718,0.1167,,,,,,,
70078281100070,陀螺仪,,,,,,,,-0.0771,0.0320,0.1981
70078293620435,加速度计,-1.0816,5.7551,3.3243,,,,,,,
70078303650799,加速度计,-0.5860,7.6579,9.4942,,,,,,,
70078301159080,陀螺仪,,,,,,,,-0.1904,0.0382,0.1997
70078313683976,加速度计,-1.8657,9.2518,21.0283,,,,,,,
70078323719133,加速度计,-1.1965,6.6242,31.1970,,,,,,,
70078321228247,陀螺仪,,,,,,,,-0.0542,0.0642,0.3416
70078333755487,加速度计,-1.0098,6.4224,14.6292,,,,,,,
70078343792570,加速度计,-0.8757,7.5555,-4.5125,,,,,,,
70078341301893,陀螺仪,,,,,,,,0.3886,0.1310,0.4310
70078353827466,加速度计,0.5884,5.3289,-7.3346,,,,,,,
70078363846841,加速度计,-0.6644,4.1174,-6.5380,,,,,,,
70078361351372,陀螺仪,,,,,,,,-0.1225,0.0507,0.2991
70078373864758,加速度计,1.6442,7.3352,25.4384,,,,,,,
70078381387205,陀螺仪,,,,,,,,0.1929,0.0530,0.1047
70078383882674,加速度计,0.1484,10.0149,14.9380,,,,,,,
70078393900591,加速度计,-2.8036,10.0503,5.2858,,,,,,,
70078401423039,陀螺仪,,,,,,,,0.0457,-0.0598,0.1261
70078403918508,加速度计,-0.7859,0.7057,6.4536,,,,,,,
70078413936424,加速度计,2.7880,3.7182,12.7467,,,,,,,
70078423954862,加速度计,-2.0668,11.2444,15.2535,,,,,,,
70078421460435,陀螺仪,,,,,,,,0.2474,-0.0310,0.1160
70078433986997,加速度计,2.1739,10.7392,-0.6069,,,,,,,
70078443989966,加速度计,1.9118,5.1493,-6.9127,,,,,,,
70078441490851,陀螺仪,,,,,,,,0.2302,-0.0344,0.0640
70078453993403,加速度计,2.6199,1.9644,-9.0489,,,,,,,
70078461499289,陀螺仪,,,,,,,,-0.2967,-0.0687,-0.0382
70078463997778,加速度计,-4.3191,6.5523,5.1852,,,,,,,
70078474003872,加速度计,2.6647,7.4837,24.1713,,,,,,,
70078484012049,加速度计,0.0575,10.6087,22.9095,,,,,,,
70078481514601,陀螺仪,,,,,,,,0.0913,0.0378,0.1365
70078494022362,加速度计,0.7697,9.5577,-0.0431,,,,,,,
70078501538976,陀螺仪,,,,,,,,0.2796,0.0401,0.2149
70078504035174,加速度计,2.1350,4.1893,-7.6824,,,,,,,
70078514050487,加速度计,6.7516,2.7701,-12.2649,,,,,,,
70078521573351,陀螺仪,,,,,,,,-0.4554,0.0330,-0.0912
70078524068299,加速度计,-6.2034,5.1984,25.8556,,,,,,,
70078534088612,加速度计,-0.6075,6.7499,18.2809,,,,,,,
70078544111372,加速度计,4.8542,7.5621,9.3679,,,,,,,
70078541617570,陀螺仪,,,,,,,,0.1890,0.0461,0.1369
70078554136164,加速度计,0.8092,5.9628,-2.5151,,,,,,,
70078564162570,加速度计,3.4890,3.6123,-7.7285,,,,,,,
70078561669497,陀螺仪,,,,,,,,0.0977,0.0320,-0.0005
70078574190174,加速度计,0.6267,8.2199,8.6532,,,,,,,
70078581725799,陀螺仪,,,,,,,,-0.0330,-0.0204,-0.1483
70078584218560,加速度计,-0.8769,14.2491,14.0007,,,,,,,
70078594247310,加速度计,-0.7584,15.3319,18.8513,,,,,,,
70078601781893,陀螺仪,,,,,,,,-0.0617,-0.0634,-0.0828
70078604275591,加速度计,1.0451,7.2592,5.6120,,,,,,,
70078614299705,加速度计,2.8724,2.4265,2.1243,,,,,,,
70078621822153,陀螺仪,,,,,,,,-0.1352,-0.0265,-0.1357
70078624317622,加速度计,-4.0438,2.1470,3.1777,,,,,,,
70078634335539,加速度计,1.4281,5.3301,20.8643,,,,,,,
70078644353455,加速度计,-1.4126,18.9333,6.8959,,,,,,,
70078641857987,陀螺仪,,,,,,,,0.0907,-0.0053,0.0808
70078654371372,加速度计,2.7815,4.4257,11.4329,,,,,,,
70078664389289,加速度计,2.2116,3.7613,-6.4069,,,,,,,
70078661893820,陀螺仪,,,,,,,,0.0358,0.0080,0.0168
70078674407414,加速度计,-0.9325,8.5132,4.4197,,,,,,,
70078681932622,陀螺仪,,,,,,,,-0.1489,-0.0302,-0.0261
70078684428924,加速度计,-1.9429,9.8282,6.4290,,,,,,,
70078694443508,加速度计,0.7931,6.7050,9.9485,,,,,,,
70078701961789,陀螺仪,,,,,,,,-0.0650,0.0075,0.1080
70078704458091,加速度计,-0.8003,6.3542,6.7002,,,,,,,
70078714472778,加速度计,-1.5036,3.5326,1.9333,,,,,,,
70078724487883,加速度计,-0.0802,3.5955,10.5638,,,,,,,
70078721991789,陀螺仪,,,,,,,,-0.1096,0.0911,0.2569
70078734503403,加速度计,1.3336,7.6776,8.2504,,,,,,,
70078744519341,加速度计,-0.5525,8.0020,11.7382,,,,,,,
70078742023455,陀螺仪,,,,,,,,-0.0531,0.1579,0.3742
70078754535695,加速度计,2.6881,5.8233,10.9044,,,,,,,
70078764552466,加速度计,0.5489,3.9558,7.9224,,,,,,,
70078762056789,陀螺仪,,,,,,,,0.1001,0.2466,0.3730
70078774569653,加速度计,1.3150,6.6828,4.2192,,,,,,,
70078782091997,陀螺仪,,,,,,,,0.1453,0.3036,0.3538
70078784587362,加速度计,2.4277,7.4897,8.4282,,,,,,,
70078794605799,加速度计,-0.3855,5.6048,6.6289,,,,,,,
70078804624653,加速度计,5.6371,11.5083,11.4814,,,,,,,
70078802129497,陀螺仪,,,,,,,,0.2348,0.2543,0.2511
70078814643924,加速度计,-1.9160,8.5389,-8.7029,,,,,,,
70078824663612,加速度计,5.1870,1.1779,8.9178,,,,,,,
70078822168664,陀螺仪,,,,,,,,-0.0213,0.2128,0.0222
70078834683716,加速度计,-2.8365,-3.7146,11.4108,,,,,,,
70078844704237,加速度计,1.9752,15.0176,17.9595,,,,,,,
70078842209497,陀螺仪,,,,,,,,0.2001,0.1712,0.1150
70078854725070,加速度计,3.1993,19.5211,-0.6907,,,,,,,
70078862251164,陀螺仪,,,,,,,,-0.1427,0.1257,-0.0494
70078864745903,加速度计,-2.8581,7.5693,-10.6835,,,,,,,
70078874766737,加速度计,8.0762,-5.7197,24.3784,,,,,,,
70078882292414,陀螺仪,,,,,,,,0.0923,0.1393,-0.3115
70078884787362,加速度计,-6.0639,5.8963,16.3165,,,,,,,
70078894806841,加速度计,-3.7505,15.8167,1.2073,,,,,,,
70078902329289,陀螺仪,,,,,,,,-0.0897,-0.0036,-0.0804
70078904824758,加速度计,3.5626,4.2850,7.8901,,,,,,,
70078914842674,加速度计,4.3102,1.2043,3.5931,,,,,,,
70078924864341,加速度计,2.8126,4.8351,3.2028,,,,,,,
70078922380695,陀螺仪,,,,,,,,-0.0265,0.0288,-0.3419
70078934904862,加速度计,0.9343,11.8842,-2.8174,,,,,,,
70078950184491,GPS,,,,31.9440,118.7837,3.8100,83.1000,,,
70078944882153,加速度计,-2.5067,5.6677,13.6787,,,,,,,
70078942376789,陀螺仪,,,,,,,,-0.2581,-0.1123,-0.5068
70078954861580,加速度计,1.2348,3.6691,19.0177,,,,,,,
70078962340799,陀螺仪,,,,,,,,0.0920,-0.0936,-0.4404
70078964844393,加速度计,-0.0012,6.7253,7.2939,,,,,,,
70078974831841,加速度计,-0.6512,9.4786,-0.8865,,,,,,,
70078984825018,加速度计,2.3206,4.7675,-0.8865,,,,,,,
70078982324341,陀螺仪,,,,,,,,-0.0570,-0.1268,-0.4041
70078994824758,加速度计,-1.7711,4.8943,0.9804,,,,,,,
70079002334445,陀螺仪,,,,,,,,-0.1630,-0.1617,-0.4182
70079004831580,加速度计,0.4645,6.1064,23.7732,,,,,,,
70079014845487,加速度计,-0.7500,9.8156,17.0880,,,,,,,
70079024866476,加速度计,0.5962,11.4245,-2.8838,,,,,,,
70079022372883,陀螺仪,,,,,,,,0.1634,-0.0939,-0.2168
70079034894237,加速度计,1.5616,4.7663,-4.9907,,,,,,,
70079044927935,加速度计,-0.3412,0.9062,3.3190,,,,,,,
70079042437258,陀螺仪,,,,,,,,-0.1776,-0.0943,-0.2491
70079054966737,加速度计,0.4998,3.1442,19.8743,,,,,,,
70079065009653,加速度计,-2.3296,15.2505,9.0022,,,,,,,
70079062520955,陀螺仪,,,,,,,,0.0967,-0.0892,-0.1629
70079075055435,加速度计,-0.1419,9.4457,7.2909,,,,,,,
70079082614862,陀螺仪,,,,,,,,0.0506,-0.0469,-0.0386
70079085102830,加速度计,2.8293,5.4708,2.3595,,,,,,,
70079095150591,加速度计,-0.8458,5.0141,2.5869,,,,,,,
70079105186997,加速度计,-1.8411,10.5542,5.6407,,,,,,,
70079102691528,陀螺仪,,,,,,,,0.0210,-0.0365,-0.0960
70079115204914,加速度计,-2.6911,11.1947,1.9046,,,,,,,
70079122727362,陀螺仪,,,,,,,,-0.0955,-0.0617,0.0433
70079125222830,加速度计,1.3605,4.5669,16.9773,,,,,,,
70079135240747,加速度计,-0.1095,7.1162,9.5337,,,,,,,
70079145258664,加速度计,0.9134,9.4182,-1.9471,,,,,,,
70079142763195,陀螺仪,,,,,,,,0.0286,0.0162,0.0590
70079155276580,加速度计,-1.4509,3.0921,10.7619,,,,,,,
70079165294497,加速度计,-2.8994,5.0895,10.5812,,,,,,,
70079162799028,陀螺仪,,,,,,,,-0.1133,0.0662,0.1908
70079175313976,加速度计,1.3228,14.9344,5.1098,,,,,,,
70079182845435,陀螺仪,,,,,,,,-0.0177,0.1040,0.2521
70079185345487,加速度计,0.4447,9.6438,6.3518,,,,,,,
70079195345174,加速度计,1.1396,1.5245,1.9172,,,,,,,
70079205345487,加速度计,-0.8092,5.6300,2.2990,,,,,,,
70079202845851,陀螺仪,,,,,,,,-0.0917,0.1388,0.1787
70079215347258,加速度计,-2.0848,7.4424,6.7750,,,,,,,
70079225351216,加速度计,0.6243,4.6567,16.8492,,,,,,,
70079222852726,陀螺仪,,,,,,,,-0.1422,0.1274,0.2610
70079235357778,加速度计,0.2017,6.6762,10.7488,,,,,,,
70079245367258,加速度计,-0.8577,7.5782,3.8409,,,,,,,
70079242870226,陀螺仪,,,,,,,,0.1001,0.1723,0.2522
70079255379758,加速度计,-0.1245,4.6394,5.1128,,,,,,,
70079265395591,加速度计,-0.5704,6.1944,8.1570,,,,,,,
70079262900226,陀螺仪,,,,,,,,0.0824,0.1423,0.1955
70079275414653,加速度计,-1.0505,13.0239,6.3955,,,,,,,
70079285436633,加速度计,-1.1115,9.8114,8.6550,,,,,,,
70079282942726,陀螺仪,,,,,,,,-0.0638,0.0791,0.1567
70079295461424,加速度计,-0.1682,0.6913,7.5375,,,,,,,
70079302995851,陀螺仪,,,,,,,,0.0245,0.0678,0.0936
70079305488612,加速度计,-0.5165,3.5680,7.2610,,,,,,,
70079315517778,加速度计,-1.1821,3.5231,15.1128,,,,,,,
70079325548403,加速度计,-0.1353,11.9477,11.9261,,,,,,,
70079323056268,陀螺仪,,,,,,,,0.1614,0.0850,0.1425
70079335579758,加速度计,-1.6263,11.1432,9.0644,,,,,,,
70079345611424,加速度计,0.2263,6.2614,-0.1628,,,,,,,
70079343119393,陀螺仪,,,,,,,,0.1453,0.0569,0.1140
70079355639653,加速度计,0.4687,2.7102,-0.2963,,,,,,,
70079365657570,加速度计,-2.1470,6.3309,8.5162,,,,,,,
70079363162101,陀螺仪,,,,,,,,-0.0563,-0.0200,-0.0429
70079375675487,加速度计,-2.0423,5.3588,20.0891,,,,,,,
70079383197935,陀螺仪,,,,,,,,0.2137,-0.0324,0.0888
70079385693403,加速度计,1.8699,11.3102,8.7388,,,,,,,
70079395711320,加速度计,1.7909,8.7724,-4.9548,,,,,,,
70079403233768,陀螺仪,,,,,,,,-0.0075,-0.0100,-0.0008
70079405729237,加速度计,5.5773,9.4709,-8.1582,,,,,,,
70079415747153,加速度计,-0.1448,0.4094,10.1478,,,,,,,
70079425765695,加速度计,-1.6574,4.7106,1.1444,,,,,,,
70079423270851,陀螺仪,,,,,,,,-0.3678,-0.0108,-0.0949
70079435790487,加速度计,3.4147,9.9724,18.9764,,,,,,,
70079445800487,加速度计,-2.9018,11.6137,6.8163,,,,,,,
70079443303039,陀螺仪,,,,,,,,0.0804,0.1242,0.0675
70079455810591,加速度计,2.5396,1.3467,7.2191,,,,,,,
70079465821216,加速度计,2.3020,-0.3861,6.5332,,,,,,,
70079463324080,陀螺仪,,,,,,,,-0.0486,0.0511,-0.0127
70079475832674,加速度计,0.7272,8.6197,7.9308,,,,,,,
70079485845070,加速度计,-1.1456,12.2422,5.2122,,,,,,,
70079483348455,陀螺仪,,,,,,,,0.0527,0.0321,-0.0787
70079495858716,加速度计,1.6125,6.7139,7.9176,,,,,,,
70079505873612,加速度计,2.4930,5.0332,10.8403,,,,,,,
70079503377622,陀螺仪,,,,,,,,0.0306,-0.0036,-0.1550
70079515889862,加速度计,0.8434,7.9972,3.9947,,,,,,,
70079525907674,加速度计,0.7260,7.7345,6.5978,,,,,,,
70079523412414,陀螺仪,,,,,,,,0.0318,-0.0589,-0.2692
70079535926737,加速度计,2.1374,7.9039,8.2606,,,,,,,
70079545947049,加速度计,1.9638,7.1126,7.3358,,,,,,,
70079543452414,陀螺仪,,,,,,,,0.0342,-0.0674,-0.3189
70079555968508,加速度计,1.6706,7.6746,5.8526,,,,,,,
70079565990799,加速度计,-0.0401,6.5254,3.6458,,,,,,,
70079563496580,陀螺仪,,,,,,,,-0.0020,-0.0775,-0.3483
70079576013820,加速度计,0.2723,7.0814,5.7826,,,,,,,
70079586037258,加速度计,1.2204,7.6351,7.4861,,,,,,,
70079583543247,陀螺仪,,,,,,,,-0.0622,-0.1105,-0.2866
70079596061008,加速度计,0.4693,9.9533,5.3079,,,,,,,
70079606084758,加速度计,-0.1263,7.5226,7.3885,,,,,,,
70079603590747,陀螺仪,,,,,,,,-0.1574,-0.1037,-0.2949
70079616107883,加速度计,-0.4064,4.3437,10.7757,,,,,,,
70079623632830,陀螺仪,,,,,,,,-0.0879,-0.0811,-0.2032
70079626128299,加速度计,-1.4928,6.6277,8.3749,,,,,,,
70079636146216,加速度计,-0.7404,5.9634,8.6550,,,,,,,
70079646164133,加速度计,1.0493,10.1125,4.6825,,,,,,,
70079643668664,陀螺仪,,,,,,,,0.0020,-0.0587,-0.1128
70079656182049,加速度计,-1.3940,5.9304,8.0691,,,,,,,
70079666199966,加速度计,-0.5399,7.2742,7.0270,,,,,,,
70079676220070,加速度计,-0.3855,6.6014,7.4831,,,,,,,
70079663704497,陀螺仪,,,,,,,,-0.0579,-0.0690,-0.0932
70079686253508,加速度计,-0.6668,3.6715,10.3998,,,,,,,
70079683751372,陀螺仪,,,,,,,,0.0005,-0.0521,-0.0057
70079696245070,加速度计,-1.0199,5.1451,5.1002,,,,,,,
70079706237935,加速度计,0.7781,7.4454,3.1137,,,,,,,
70079703736528,陀螺仪,,,,,,,,0.1470,-0.0233,0.0699
70079716233195,加速度计,0.7123,8.0930,1.2755,,,,,,,
70079723731685,陀螺仪,,,,,,,,0.0361,-0.0031,0.0763
70079726231528,加速度计,1.2234,6.0729,9.4601,,,,,,,
70079736233508,加速度计,0.3328,10.0161,6.0537,,,,,,,
70079746239810,加速度计,1.2175,9.0998,9.6516,,,,,,,
70079743742153,陀螺仪,,,,,,,,0.0049,0.0433,0.1137
70079756250695,加速度计,0.0239,7.1168,8.8047,,,,,,,
70079766266164,加速度计,0.4998,5.9448,6.9085,,,,,,,
70079763770799,陀螺仪,,,,,,,,0.0288,0.0711,0.1478
70079776286216,加速度计,0.6692,6.6690,3.0203,,,,,,,
70079786312101,加速度计,1.0582,5.1846,6.0831,,,,,,,
70079783823195,陀螺仪,,,,,,,,-0.0228,0.0707,0.0959
70079796386789,加速度计,-0.9523,7.0527,9.0914,,,,,,,
70079806446580,加速度计,1.3264,6.3997,13.7768,,,,,,,
70079803954862,陀螺仪,,,,,,,,-0.0120,0.0494,0.0308
70079816472205,加速度计,1.8465,8.3049,9.2470,,,,,,,
70079826490330,加速度计,0.4040,6.5092,5.6862,,,,,,,
70079823994862,陀螺仪,,,,,,,,0.0987,0.0218,-0.0495
70079836508247,加速度计,1.8699,5.4498,3.9798,,,,,,,
70079846526164,加速度计,-1.0151,5.5228,8.7077,,,,,,,
70079844030695,陀螺仪,,,,,,,,-0.0036,-0.0092,-0.1533
70079856544080,加速度计,-1.0241,8.7747,14.3215,,,,,,,
70079864066528,陀螺仪,,,,,,,,0.1205,-0.0806,-0.0956
70079866561997,加速度计,1.7837,8.0308,12.7198,,,,,,,
70079876579914,加速度计,2.7108,6.5056,3.3369,,,,,,,
70079884102362,陀螺仪,,,,,,,,0.1755,-0.1011,-0.2547
70079886597830,加速度计,2.5672,5.3056,-2.4786,,,,,,,
70079896615747,加速度计,-0.5986,6.4165,-5.9741,,,,,,,
70079904138195,陀螺仪,,,,,,,,-0.1786,-0.1700,-0.3479
70079906633664,加速度计,-1.2893,6.0262,-0.3591,,,,,,,
70079916651580,加速度计,-0.0012,5.6988,13.9271,,,,,,,
70079939365429,GPS,,,,31.9440,118.7838,3.6200,82.6000,,,
70079924179497,陀螺仪,,,,,,,,-0.1748,-0.1960,-0.2670
70079926676424,加速度计,-0.4274,6.5440,26.3554,,,,,,,
70079936688508,加速度计,-0.7620,8.6778,13.2100,,,,,,,
70079946700643,加速度计,0.9421,9.4768,-3.0179,,,,,,,
70079944203820,陀螺仪,,,,,,,,0.1993,-0.1166,-0.1438
70079956713195,加速度计,0.5082,4.5544,-3.3070,,,,,,,
70079964229705,陀螺仪,,,,,,,,-0.1087,-0.1280,-0.1852
70079966726216,加速度计,-1.1420,4.2677,7.9212,,,,,,,
70079976740070,加速度计,-0.6159,8.8544,10.9223,,,,,,,
70079984258664,陀螺仪,,,,,,,,0.0188,-0.1252,-0.0469
70079986754758,加速度计,-1.2869,8.6748,8.7849,,,,,,,
70079996770487,加速度计,-0.2993,6.1501,2.7527,,,,,,,
70080004312935,陀螺仪,,,,,,,,0.0060,-0.0706,0.0362
70080006803195,加速度计,-0.8110,4.4227,8.5204,,,,,,,
70080016832778,加速度计,-1.5544,8.8951,8.3516,,,,,,,
70080024356789,陀螺仪,,,,,,,,0.0735,-0.0503,0.1679
70080026852153,加速度计,-0.1598,9.6193,9.8252,,,,,,,
70080036870278,加速度计,-0.7225,8.8017,4.4299,,,,,,,
70080046888195,加速度计,-1.5239,4.5765,5.5875,,,,,,,
70080044392726,陀螺仪,,,,,,,,0.0052,0.0105,0.2282
70080056906112,加速度计,-0.1047,5.9741,4.9728,,,,,,,
70080066924028,加速度计,-1.6215,9.3697,5.2547,,,,,,,
70080064428560,陀螺仪,,,,,,,,0.0314,0.0463,0.3159
70080076941945,加速度计,-1.6466,9.6570,6.3255,,,,,,,
70080086959862,加速度计,0.7398,6.1525,14.2246,,,,,,,
70080084464393,陀螺仪,,,,,,,,-0.0903,0.0710,0.3657
70080096977778,加速度计,-0.7039,6.7624,14.7561,,,,,,,
70080106995695,加速度计,-0.7482,7.4867,3.7415,,,,,,,
70080104500226,陀螺仪,,,,,,,,0.1296,0.1518,0.4392
70080117013612,加速度计,0.6991,7.7482,0.9990,,,,,,,
70080124536060,陀螺仪,,,,,,,,0.0189,0.1768,0.3955
70080127031528,加速度计,2.2589,6.4721,3.5578,,,,,,,
70080137049445,加速度计,0.2484,5.9364,10.9433,,,,,,,
70080147067362,加速度计,-1.7526,10.1754,7.3269,,,,,,,
70080144571893,陀螺仪,,,,,,,,0.0442,0.1603,0.3097
70080157085278,加速度计,0.9703,8.1134,4.2000,,,,,,,
70080167103195,加速度计,1.5826,4.9039,6.6553,,,,,,,
70080164607726,陀螺仪,,,,,,,,-0.0249,0.1449,0.2342
70080177128039,加速度计,-0.6806,5.3295,4.1839,,,,,,,
70080184644237,陀螺仪,,,,,,,,-0.0296,0.0992,0.1164
70080187140955,加速度计,0.3932,5.6820,5.6731,,,,,,,
70080197153924,加速度计,1.4383,7.9021,8.2396,,,,,,,
70080207167310,加速度计,0.6758,6.1908,11.5981,,,,,,,
70080204670799,陀螺仪,,,,,,,,-0.0176,0.0646,0.0502
70080217181112,加速度计,0.3771,8.2444,8.1337,,,,,,,
70080224699185,陀螺仪,,,,,,,,0.0802,0.0402,-0.0417
70080227195383,加速度计,1.2552,8.4851,4.0582,,,,,,,
70080237210487,加速度计,1.2773,7.6818,3.1496,,,,,,,
70080247226424,加速度计,-0.2280,4.6699,6.5930,,,,,,,
70080244730643,陀螺仪,,,,,,,,-0.0483,-0.0108,-0.1437
70080257243195,加速度计,0.9726,6.5847,8.7694,,,,,,,
70080267260799,加速度计,-0.0569,5.1817,9.2213,,,,,,,
70080264765435,陀螺仪,,,,,,,,0.0166,-0.0395,-0.1864
70080277279237,加速度计,0.1299,8.1989,6.6900,,,,,,,
70080284803560,陀螺仪,,,,,,,,-0.0064,-0.0775,-0.1698
70080287298508,加速度计,-1.2510,7.1437,5.4318,,,,,,,
70080297318612,加速度计,0.4585,5.9316,7.5160,,,,,,,
70080307339497,加速度计,0.6985,6.3117,7.4196,,,,,,,
70080304844862,陀螺仪,,,,,,,,0.0011,-0.1061,-0.1936
70080317360799,加速度计,-1.2570,7.3352,5.8694,,,,,,,
70080324887935,陀螺仪,,,,,,,,-0.0526,-0.1148,-0.1678
70080327382466,加速度计,-0.0826,5.1619,10.0646,,,,,,,
70080337404133,加速度计,-1.4503,5.9693,17.9206,,,,,,,
70080344931268,陀螺仪,,,,,,,,0.1309,-0.1218,-0.0437
70080347425799,加速度计,-1.9441,6.7696,15.7610,,,,,,,
70080357447310,加速度计,0.8978,9.8300,4.1444,,,,,,,
70080367467466,加速度计,-0.2017,9.7342,-4.3790,,,,,,,
70080364972101,陀螺仪,,,,,,,,0.1633,-0.1369,-0.0567
70080377485747,加速度计,2.3804,4.2754,-1.0582,,,,,,,
70080387503664,加速度计,-1.1295,3.4530,2.3182,,,,,,,
70080385008195,陀螺仪,,,,,,,,-0.1306,-0.1221,-0.1373
70080397521580,加速度计,-1.0289,7.1652,10.7793,,,,,,,
70080405044028,陀螺仪,,,,,,,,-0.1230,-0.0541,0.1089
70080407539497,加速度计,1.2354,7.3466,26.1154,,,,,,,
70080417557570,加速度计,0.9864,8.1930,14.5759,,,,,,,
70080425081372,陀螺仪,,,,,,,,0.2594,0.0294,0.1530
70080427577258,加速度计,-0.5710,7.6004,-2.1266,,,,,,,
70080437593508,加速度计,-0.2089,4.8183,-8.2007,,,,,,,
70080447609758,加速度计,1.2516,2.7880,-10.4585,,,,,,,
70080445113872,陀螺仪,,,,,,,,-0.1499,0.0097,0.1127
70080457626008,加速度计,0.1544,6.7786,19.6827,,,,,,,
70080465146372,陀螺仪,,,,,,,,-0.1280,0.0370,0.1800
70080467642258,加速度计,-1.0720,9.2620,7.4956,,,,,,,
70080477658508,加速度计,0.0832,6.1040,10.6195,,,,,,,
70080485179080,陀螺仪,,,,,,,,-0.0771,0.1045,0.2937
70080487674862,加速度计,0.6841,6.7995,11.8890,,,,,,,
70080497691633,加速度计,1.9698,7.1958,8.8639,,,,,,,
70080505213247,陀螺仪,,,,,,,,0.0547,0.1229,0.1924
70080507708820,加速度计,0.9403,8.6191,2.5642,,,,,,,
70080517726424,加速度计,-0.1496,6.1890,4.0007,,,,,,,
70080527744445,加速度计,0.5124,5.0290,8.1343,,,,,,,
70080525249080,陀螺仪,,,,,,,,-0.0376,0.1032,0.1613
70080537762883,加速度计,0.8422,8.3348,7.8362,,,,,,,
70080547781737,加速度计,0.0162,9.1201,2.4858,,,,,,,
70080545286580,陀螺仪,,,,,,,,0.0008,0.0847,0.1294
70080557800903,加速度计,1.4850,6.7385,4.4915,,,,,,,
70080565324914,陀螺仪,,,,,,,,-0.1047,0.0621,0.0224
70080567820070,加速度计,0.9786,5.5689,10.8451,,,,,,,
70080577839237,加速度计,-1.0295,7.7183,13.8822,,,,,,,
70080587858403,加速度计,0.6267,8.5742,11.2994,,,,,,,
70080585363247,陀螺仪,,,,,,,,0.0558,0.0477,0.0618
70080597877570,加速度计,0.7051,7.5316,3.6260,,,,,,,
70080605401580,陀螺仪,,,,,,,,0.0900,0.0391,-0.0133
70080607896737,加速度计,0.1676,5.5001,1.2121,,,,,,,
70080617915903,加速度计,1.2372,7.6620,-2.0458,,,,,,,
70080627935070,加速度计,-0.4741,9.1788,3.9917,,,,,,,
70080625439914,陀螺仪,,,,,,,,-0.1743,-0.0119,-0.0980
70080637954237,加速度计,-0.8074,5.5899,17.0928,,,,,,,
70080647973403,加速度计,0.1401,8.1708,15.7527,,,,,,,
70080645478247,陀螺仪,,,,,,,,-0.0868,-0.0011,0.0473
70080657992258,加速度计,0.0221,8.0529,4.8219,,,,,,,
70080668011424,加速度计,2.9108,7.2652,10.3286,,,,,,,
70080665517205,陀螺仪,,,,,,,,0.0281,0.0535,0.0394
70080678041893,加速度计,-0.2251,6.5583,4.9117,,,,,,,
70080688041997,加速度计,-2.4373,9.7372,3.7164,,,,,,,
70080685542153,陀螺仪,,,,,,,,-0.0377,0.0373,-0.0001
70080698042726,加速度计,0.6847,6.1890,8.5150,,,,,,,
70080705545695,陀螺仪,,,,,,,,-0.0293,0.0169,0.0502
70080708044810,加速度计,1.2073,4.2030,15.1200,,,,,,,
70080718048768,加速度计,0.8535,5.3534,4.4167,,,,,,,
70080728055330,加速度计,-0.2035,6.5463,-0.2640,,,,,,,
70080725557570,陀螺仪,,,,,,,,0.1049,0.0555,0.0611
70080738064810,加速度计,0.3280,5.3588,3.6272,,,,,,,
70080748077310,加速度计,1.1887,3.5404,17.0276,,,,,,,
70080745581112,陀螺仪,,,,,,,,0.0330,0.0518,0.0577
70080758093039,加速度计,-0.3711,12.3972,7.5214,,,,,,,
70080768111685,加速度计,1.6005,11.1875,-0.0162,,,,,,,
70080765616945,陀螺仪,,,,,,,,0.1180,0.0788,0.1169
70080778133247,加速度计,2.8401,5.6324,3.6631,,,,,,,
70080788157622,加速度计,1.0977,0.9164,13.8008,,,,,,,
70080785664237,陀螺仪,,,,,,,,-0.0156,0.1039,0.0429
70080798184393,加速度计,0.0778,8.3300,10.9732,,,,,,,
70080805720695,陀螺仪,,,,,,,,0.1633,0.1389,0.0963
70080808213143,加速度计,1.6203,11.0259,1.0337,,,,,,,
70080818243351,加速度计,2.1027,5.7048,3.5859,,,,,,,
70080825782153,陀螺仪,,,,,,,,0.0079,0.1425,-0.0119
70080828274289,加速度计,1.7639,-0.0293,8.5162,,,,,,,
70080838305539,加速度计,-0.1706,7.3771,11.6077,,,,,,,
70080845839237,陀螺仪,,,,,,,,0.1501,0.1246,0.0068
70080848334080,加速度计,-0.7961,13.6027,8.4641,,,,,,,
70080858353872,加速度计,2.5109,8.8831,5.1775,,,,,,,
70080868371789,加速度计,3.3914,2.7144,3.5482,,,,,,,
70080865876320,陀螺仪,,,,,,,,0.0313,0.0876,-0.0803
70080878389705,加速度计,1.2839,3.5823,-0.4339,,,,,,,
70080888407622,加速度计,0.2508,4.3108,4.0133,,,,,,,
70080885912153,陀螺仪,,,,,,,,-0.0743,0.0547,-0.2190
70080898425539,加速度计,-0.5626,7.8536,9.6552,,,,,,,
70080908443455,加速度计,1.6718,5.2990,20.9912,,,,,,,
70080905947987,陀螺仪,,,,,,,,-0.0660,0.0288,-0.2007
70080918462101,加速度计,0.8541,7.2353,11.4964,,,,,,,
70080928484185,加速度计,0.7937,6.4470,0.8176,,,,,,,
70080925987362,陀螺仪,,,,,,,,0.2334,0.0354,-0.2611
70080944050324,GPS,,,,31.9441,118.7838,3.4500,81.7000,,,
70080938496685,加速度计,0.4681,11.3108,-6.8953,,,,,,,
70080948509341,加速度计,-0.3915,5.1571,-10.1077,,,,,,,
70080946012622,陀螺仪,,,,,,,,-0.2473,-0.0980,-0.4161
70080958522414,加速度计,-0.7278,10.3346,31.7591,,,,,,,
70080966039393,陀螺仪,,,,,,,,0.0254,-0.1328,-0.3055
70080968535903,加速度计,-1.7178,4.9859,18.5599,,,,,,,
70080978549966,加速度计,3.4746,16.6026,5.1769,,,,,,,
70080988564862,加速度计,-0.1431,0.5315,-12.7419,,,,,,,
70080986068768,陀螺仪,,,,,,,,0.0023,-0.1196,-0.3666
70080998580591,加速度计,0.3837,-0.3831,35.9447,,,,,,,
70081008597153,加速度计,-4.4077,12.7779,6.5248,,,,,,,
70081006101476,陀螺仪,,,,,,,,0.0333,-0.1688,-0.3846
70081018614549,加速度计,2.9491,13.0640,-1.0900,,,,,,,
70081028632778,加速度计,-2.3373,5.7203,-1.2384,,,,,,,
70081026137518,陀螺仪,,,,,,,,0.0469,-0.1686,-0.3286
70081038651841,加速度计,-0.6159,-0.1466,4.6070,,,,,,,
70081048671737,加速度计,-1.8926,11.1025,-4.6549,,,,,,,
70081046176893,陀螺仪,,,,,,,,-0.0593,-0.2004,-0.3459
70081058692466,加速度计,-1.3234,9.7474,8.6197,,,,,,,
70081068713872,加速度计,-0.6333,5.5103,15.1870,,,,,,,
70081066219341,陀螺仪,,,,,,,,-0.2594,-0.2035,-0.1216
70081078735695,加速度计,-0.7015,3.4381,12.9472,,,,,,,
70081088757778,加速度计,0.4914,6.4590,7.5417,,,,,,,
70081086263351,陀螺仪,,,,,,,,-0.0023,-0.0629,0.0574
70081098779862,加速度计,0.1059,6.7786,9.4631,,,,,,,
70081108801945,加速度计,-0.5357,6.4254,5.5635,,,,,,,
70081106307518,陀螺仪,,,,,,,,0.0664,0.0144,0.1866
70081118823091,加速度计,2.0985,7.7458,6.9833,,,,,,,
70081128842205,加速度计,-1.1630,8.1283,9.9952,,,,,,,
70081126346841,陀螺仪,,,,,,,,0.0503,0.0213,0.1916
70081138860383,加速度计,0.2227,7.4286,13.2441,,,,,,,
70081146382830,陀螺仪,,,,,,,,0.2372,0.0558,0.2230
70081148878299,加速度计,0.5106,7.8739,6.1250,,,,,,,
70081158896216,加速度计,0.2239,7.9900,-5.4330,,,,,,,
70081168914445,加速度计,-0.3956,7.1335,-4.7369,,,,,,,
70081166419185,陀螺仪,,,,,,,,0.0276,0.0393,0.1338
70081178934237,加速度计,-2.3026,5.2948,10.3843,,,,,,,
70081188949653,加速度计,-0.8188,7.3670,21.2665,,,,,,,
70081186453560,陀螺仪,,,,,,,,-0.0630,0.0055,0.1696
70081198965070,加速度计,0.2646,8.1558,10.9654,,,,,,,
70081206484393,陀螺仪,,,,,,,,0.2091,0.0738,0.2260
70081208980487,加速度计,1.8537,7.4843,-0.7213,,,,,,,
70081218996060,加速度计,-0.5710,4.0229,0.1269,,,,,,,
70081229012049,加速度计,1.0337,6.3369,3.8182,,,,,,,
70081226516164,陀螺仪,,,,,,,,0.1029,0.0840,0.1309
70081239028455,加速度计,0.0443,13.6619,2.9293,,,,,,,
70081249045278,加速度计,-1.0588,10.5315,10.1490,,,,,,,
70081246549601,陀螺仪,,,,,,,,-0.1638,0.0314,0.1109
70081259062518,加速度计,-0.5555,4.5723,10.9439,,,,,,,
70081269080174,加速度计,1.6532,4.5663,7.9601,,,,,,,
70081266584705,陀螺仪,,,,,,,,-0.0260,0.0478,0.1129
70081279098247,加速度计,-0.5100,8.2935,-1.0517,,,,,,,
70081289116737,加速度计,0.9900,6.1723,13.3950,,,,,,,
70081286621476,陀螺仪,,,,,,,,-0.1851,0.0465,0.0684
70081299135643,加速度计,-1.1624,5.7317,11.8944,,,,,,,
70081309154966,加速度计,-0.0341,5.5240,5.2032,,,,,,,
70081306659914,陀螺仪,,,,,,,,-0.0180,-0.0021,0.0691
70081319174705,加速度计,0.3591,4.7938,-2.2248,,,,,,,
70081326699758,陀螺仪,,,,,,,,-0.1706,-0.0426,0.0117
70081329194705,加速度计,-1.5197,1.1588,11.5550,,,,,,,
70081339214705,加速度计,-1.8794,5.3786,18.3252,,,,,,,
70081346739758,陀螺仪,,,,,,,,0.0831,-0.0658,0.1220
70081349234705,加速度计,3.0520,10.7990,15.8209,,,,,,,
70081359254705,加速度计,0.3867,12.0213,7.0396,,,,,,,
70081369274705,加速度计,0.3430,6.4135,8.5886,,,,,,,
70081366779758,陀螺仪,,,,,,,,0.1806,-0.0197,0.0150
70081379294080,加速度计,-2.3230,4.4023,-0.2263,,,,,,,
70081389312414,加速度计,-0.0593,5.3947,-3.6111,,,,,,,
70081386817049,陀螺仪,,,,,,,,0.0435,-0.0530,-0.0039
70081399330591,加速度计,0.9691,9.8647,7.3083,,,,,,,
70081409348508,加速度计,-3.9253,0.9301,7.4777,,,,,,,
70081406853039,陀螺仪,,,,,,,,-0.2589,-0.1210,0.0269
70081419368612,加速度计,3.5039,8.7807,20.0191,,,,,,,
70081429398351,加速度计,-5.3139,14.0013,8.7933,,,,,,,
70081426897466,陀螺仪,,,,,,,,0.1270,-0.0142,0.1304
70081439394914,加速度计,4.9841,1.1283,4.2844,,,,,,,
70081449392622,加速度计,1.9465,-4.1533,2.6055,,,,,,,
70081446892362,陀螺仪,,,,,,,,0.1209,-0.0590,0.0893
70081459392153,加速度计,0.4489,12.1344,-8.5228,,,,,,,
70081469394080,加速度计,1.7364,12.2691,12.3176,,,,,,,
70081466895070,陀螺仪,,,,,,,,-0.2069,0.0028,0.0856
70081479399080,加速度计,1.2629,8.4892,15.6287,,,,,,,
70081489407570,加速度计,1.2163,7.8865,10.3657,,,,,,,
70081486910330,陀螺仪,,,,,,,,-0.0318,0.0100,0.1631
70081499419810,加速度计,0.2017,4.8973,7.8009,,,,,,,
70081509435799,加速度计,0.7500,5.9909,2.5361,,,,,,,
70081506940435,陀螺仪,,,,,,,,0.0755,0.0178,0.0497
70081519455383,加速度计,-0.4585,8.4060,3.4572,,,,,,,
70081529478299,加速度计,-0.4872,6.9139,6.9540,,,,,,,
70081526984601,陀螺仪,,,,,,,,0.0136,-0.0138,0.0353
70081539504393,加速度计,0.3184,5.9268,8.9513,,,,,,,
70081549533247,加速度计,-0.8290,7.3909,7.2221,,,,,,,
70081547040903,陀螺仪,,,,,,,,0.0112,-0.0264,0.0405
70081559564289,加速度计,0.2274,7.4723,5.4869,,,,,,,
70081569596841,加速度计,0.9158,7.0755,7.5878,,,,,,,
70081567105226,陀螺仪,,,,,,,,0.0405,-0.0109,0.0503
70081579630330,加速度计,0.8727,6.6391,3.9828,,,,,,,
70081589664080,加速度计,1.8890,6.8498,6.2471,,,,,,,
70081587172570,陀螺仪,,,,,,,,0.0286,0.0089,0.0286
70081599692049,加速度计,-1.1911,5.2475,7.7967,,,,,,,
70081609710226,加速度计,0.8056,5.3660,8.6048,,,,,,,
70081607214758,陀螺仪,,,,,,,,0.0640,0.0290,0.0748
70081619728143,加速度计,-0.1305,8.3737,3.2166,,,,,,,
70081629746060,加速度计,-0.5201,8.2714,10.2586,,,,,,,
70081627250591,陀螺仪,,,,,,,,0.0613,0.0127,0.0832
70081639763976,加速度计,1.7807,9.0178,7.7249,,,,,,,
70081649781893,加速度计,-0.3184,8.7718,6.8498,,,,,,,
70081647286424,陀螺仪,,,,,,,,0.0760,0.0047,0.0467
70081659799810,加速度计,-0.2346,12.9790,2.4469,,,,,,,
70081669818976,加速度计,2.8569,2.1512,16.3584,,,,,,,
70081667324341,陀螺仪,,,,,,,,-0.0815,0.0182,0.0398
70081679839862,加速度计,-3.4608,7.8272,9.5630,,,,,,,
70081689851945,加速度计,1.6167,3.9851,5.6761,,,,,,,
70081687355018,陀螺仪,,,,,,,,0.0983,0.0594,0.1703
70081699864237,加速度计,0.7685,7.4316,5.3109,,,,,,,
70081709876945,加速度计,-2.5570,9.3278,3.4022,,,,,,,
70081707380226,陀螺仪,,,,,,,,0.1028,0.0663,0.1807
70081719890278,加速度计,1.7807,8.7119,6.8923,,,,,,,
70081727408143,陀螺仪,,,,,,,,-0.0320,0.0474,0.1072
70081729904445,加速度计,-0.9637,6.0897,6.5200,,,,,,,
70081739919445,加速度计,-1.9046,7.0940,7.6369,,,,,,,
70081749935278,加速度计,0.5549,4.6023,7.8931,,,,,,,
70081747439393,陀螺仪,,,,,,,,0.0100,0.1020,0.2586
70081759951945,加速度计,1.3635,6.5344,6.7906,,,,,,,
70081769969653,加速度计,0.0221,7.7057,4.3910,,,,,,,
70081767474289,陀螺仪,,,,,,,,0.0197,0.1565,0.3220
70081779988403,加速度计,0.5441,7.4645,5.9304,,,,,,,
70081790007987,加速度计,1.5987,5.4935,8.1666,,,,,,,
70081787513039,陀螺仪,,,,,,,,-0.0366,0.1875,0.2997
70081800028403,加速度计,0.3256,5.9083,4.4819,,,,,,,
70081807555122,陀螺仪,,,,,,,,-0.0451,0.2097,0.3028
70081810049653,加速度计,1.1827,7.1311,3.3710,,,,,,,
70081820071528,加速度计,0.2616,4.7854,8.6562,,,,,,,
70081830093820,加速度计,1.5999,6.6936,7.7596,,,,,,,
70081827599497,陀螺仪,,,,,,,,-0.0503,0.2350,0.2670
70081840116320,加速度计,1.6442,7.3604,4.4101,,,,,,,
70081850138820,加速度计,-0.1131,6.5823,-1.6101,,,,,,,
70081847644497,陀螺仪,,,,,,,,-0.1069,0.2439,0.2245
70081860160695,加速度计,2.0943,2.6091,8.8334,,,,,,,
70081870180278,加速度计,-2.9820,2.9353,14.8099,,,,,,,
70081867684810,陀螺仪,,,,,,,,-0.2015,0.2232,0.2285
70081880198195,加速度计,1.2390,10.8068,17.0228,,,,,,,
70081890216112,加速度计,2.2990,11.8872,4.9171,,,,,,,
70081887720643,陀螺仪,,,,,,,,0.1137,0.2911,0.2925
70081900234028,加速度计,1.9315,2.9532,1.3485,,,,,,,
70081910251945,加速度计,1.1037,1.3264,-3.8756,,,,,,,
70081907756476,陀螺仪,,,,,,,,-0.0831,0.2545,0.1531
70081920271112,加速度计,0.1999,6.9067,11.4281,,,,,,,
70081930290591,加速度计,-1.3090,9.6887,24.0749,,,,,,,
70081927793976,陀螺仪,,,,,,,,-0.1119,0.2151,-0.0092
70081942714542,GPS,,,,31.9441,118.7838,3.4800,81.9000,,,
70081940303924,加速度计,-1.3815,10.5351,9.8707,,,,,,,
70081950317258,加速度计,0.2023,6.2387,-2.2254,,,,,,,
70081947820643,陀螺仪,,,,,,,,0.0593,0.1724,0.0142
70081960330851,加速度计,2.3679,4.0636,1.1702,,,,,,,
70081970344862,加速度计,0.2496,5.5396,16.7798,,,,,,,
70081967848455,陀螺仪,,,,,,,,-0.1059,0.1256,-0.1185
70081980359549,加速度计,-2.6504,11.5245,7.5184,,,,,,,
70081990375070,加速度计,3.7272,13.5362,6.5392,,,,,,,
70081987879080,陀螺仪,,,,,,,,0.0047,0.0619,-0.1880
70082000391424,加速度计,0.9505,2.3481,6.4949,,,,,,,
70082007913039,陀螺仪,,,,,,,,-0.0842,0.0383,-0.2427
70082010408612,加速度计,-0.5148,0.4178,14.3550,,,,,,,
70082020426633,加速度计,0.8559,12.6079,5.9664,,,,,,,
70082027950330,陀螺仪,,,,,,,,0.0606,0.0075,-0.2782
70082030445487,加速度计,0.6291,11.6777,9.7534,,,,,,,
70082040465174,加速度计,1.2336,3.4201,8.1588,,,,,,,
70082050485435,加速度计,2.0991,6.0124,-1.4826,,,,,,,
70082047990591,陀螺仪,,,,,,,,0.1161,-0.0008,-0.3419
70082060506112,加速度计,1.0295,10.6309,0.4172,,,,,,,
70082070527205,加速度计,0.0329,5.3073,9.9186,,,,,,,
70082068032570,陀螺仪,,,,,,,,-0.1081,-0.0478,-0.4092
70082080548716,加速度计,0.0988,5.8682,11.4826,,,,,,,
70082090570383,加速度计,1.1199,6.5864,6.0088,,,,,,,
70082088075851,陀螺仪,,,,,,,,0.0438,-0.0501,-0.3427
70082100592049,加速度计,0.5584,6.5320,3.1921,,,,,,,
70082110613195,加速度计,0.4878,5.6042,7.5334,,,,,,,
70082108118455,陀螺仪,,,,,,,,-0.0252,-0.0415,-0.3310
70082120632205,加速度计,0.4878,5.3379,11.3521,,,,,,,
70082130650122,加速度计,0.3466,7.0162,5.7790,,,,,,,
70082128154653,陀螺仪,,,,,,,,0.1321,-0.0342,-0.2916
70082140668039,加速度计,1.4269,4.3335,8.0278,,,,,,,
70082148190487,陀螺仪,,,,,,,,0.2376,-0.0192,-0.2862
70082150685955,加速度计,0.9050,2.1859,7.0731,,,,,,,
70082160703872,加速度计,0.4902,6.7834,4.6477,,,,,,,
70082170725174,加速度计,-0.1317,14.4616,0.2502,,,,,,,
70082168234966,陀螺仪,,,,,,,,0.3498,-0.0302,-0.3170
70082180753195,加速度计,-0.7236,15.3007,0.1035,,,,,,,
70082190746945,加速度计,1.0469,4.8489,13.3944,,,,,,,
70082188245539,陀螺仪,,,,,,,,-0.0361,-0.1044,-0.3253
70082200741945,加速度计,-1.2893,5.5833,9.0543,,,,,,,
70082210739028,加速度计,-0.9864,6.5847,6.4272,,,,,,,
70082208238664,陀螺仪,,,,,,,,0.1370,-0.0803,-0.2292
70082220739028,加速度计,0.2939,9.9216,4.1288,,,,,,,
70082228243976,陀螺仪,,,,,,,,0.0919,-0.0730,-0.2033
70082230742570,加速度计,-1.0487,6.4338,8.7610,,,,,,,
70082240750070,加速度计,-0.7751,7.9877,7.0396,,,,,,,
70082250761737,加速度计,-2.0764,7.8254,6.8983,,,,,,,
70082248265226,陀螺仪,,,,,,,,0.1064,-0.1107,-0.2216
70082260777570,加速度计,-2.2918,11.4311,1.5353,,,,,,,
70082268303143,陀螺仪,,,,,,,,-0.0846,-0.1415,-0.1352
70082270797570,加速度计,-0.0048,7.5836,7.1964,,,,,,,
70082280821528,加速度计,-0.1137,8.8825,8.8460,,,,,,,
70082290849028,加速度计,0.0138,6.2854,11.7304,,,,,,,
70082288356372,陀螺仪,,,,,,,,-0.1595,-0.1111,-0.1145
70082300879653,加速度计,-1.4078,7.1539,8.3881,,,,,,,
70082310912778,加速度计,-0.0551,5.3391,3.5518,,,,,,,
70082308421372,陀螺仪,,,,,,,,-0.1411,-0.0650,0.0103
70082320947570,加速度计,-0.2059,4.3545,7.0390,,,,,,,
70082330983195,加速度计,-0.0982,3.6889,9.2889,,,,,,,
70082328492205,陀螺仪,,,,,,,,-0.1438,-0.0454,0.0407
70082341019028,加速度计,-0.4393,6.5535,8.3773,,,,,,,
70082348551997,陀螺仪,,,,,,,,-0.0764,-0.0208,0.1177
70082351046945,加速度计,-0.8386,5.6623,6.6277,,,,,,,
70082361066112,加速度计,0.7590,5.6773,7.4585,,,,,,,
70082371084237,加速度计,-1.0977,6.7594,8.4671,,,,,,,
70082368588768,陀螺仪,,,,,,,,-0.0633,0.0194,0.1498
70082381102153,加速度计,-1.0666,5.9448,15.3809,,,,,,,
70082391120070,加速度计,-0.5231,8.5814,7.4771,,,,,,,
70082388624601,陀螺仪,,,,,,,,0.1021,0.0330,0.2675
70082401137987,加速度计,0.7913,8.4007,2.1620,,,,,,,
70082411155903,加速度计,3.0580,5.0434,11.8609,,,,,,,
70082408660435,陀螺仪,,,,,,,,0.0601,0.0341,0.1748
70082421175695,加速度计,-4.5215,2.0105,7.0743,,,,,,,
70082428698143,陀螺仪,,,,,,,,0.1846,0.0419,0.1888
70082431195591,加速度计,2.0309,9.3685,4.7375,,,,,,,
70082441205591,加速度计,-1.3437,11.1869,-7.3909,,,,,,,
70082451215851,加速度计,2.4714,3.8612,16.3943,,,,,,,
70082448718508,陀螺仪,,,,,,,,-0.0856,0.0035,0.0899
70082461226789,加速度计,-3.2854,1.5048,6.5571,,,,,,,
70082471238560,加速度计,0.4244,8.7688,1.0672,,,,,,,
70082468741633,陀螺仪,,,,,,,,0.0459,0.0140,0.0872
70082481251424,加速度计,1.0044,8.9998,4.2677,,,,,,,
70082491265539,加速度计,0.0150,6.3997,7.4370,,,,,,,
70082488769237,陀螺仪,,,,,,,,-0.0778,0.0173,0.1272
70082501280903,加速度计,0.7350,6.6236,8.5748,,,,,,,
70082508801841,陀螺仪,,,,,,,,-0.0222,0.0282,0.0514
70082511297518,加速度计,0.4956,7.0240,7.4639,,,,,,,
70082521315383,加速度计,-0.3430,9.4505,5.6485,,,,,,,
70082531334497,加速度计,0.6081,6.5631,8.8041,,,,,,,
70082528839445,陀螺仪,,,,,,,,-0.0450,0.0051,0.0668
70082541354862,加速度计,1.3497,6.8498,8.5024,,,,,,,
70082551376476,加速度计,0.5692,8.9118,5.0434,,,,,,,
70082548882049,陀螺仪,,,,,,,,-0.0008,-0.0085,-0.0064
70082561399080,加速度计,1.2270,6.7534,8.1517,,,,,,,
70082568928508,陀螺仪,,,,,,,,-0.0047,-0.0157,-0.0610
70082571422518,加速度计,1.1193,8.6395,4.2629,,,,,,,
70082581446528,加速度计,0.5848,7.2347,6.2836,,,,,,,
70082591470695,加速度计,1.1827,7.9176,7.4921,,,,,,,
70082588976789,陀螺仪,,,,,,,,-0.0477,-0.0169,-0.0780
70082601494862,加速度计,0.3244,6.5122,6.8528,,,,,,,
70082609022205,陀螺仪,,,,,,,,-0.0611,-0.0049,-0.0401
70082611516945,加速度计,0.1622,6.3069,4.6214,,,,,,,
70082621535955,加速度计,0.3861,5.6563,5.2948,,,,,,,
70082631553872,加速度计,1.3174,5.2098,8.0517,,,,,,,
70082629058403,陀螺仪,,,,,,,,-0.0917,0.0093,-0.0085
70082641571789,加速度计,0.6554,7.0437,9.1614,,,,,,,
70082651589705,加速度计,0.5525,7.2467,8.3324,,,,,,,
70082649094237,陀螺仪,,,,,,,,-0.0107,0.0385,-0.0130
70082661607622,加速度计,0.9912,6.4212,8.4898,,,,,,,
70082671626060,加速度计,1.0241,7.7841,6.1752,,,,,,,
70082669131476,陀螺仪,,,,,,,,0.0399,0.0498,-0.0261
70082681645278,加速度计,1.0630,6.8815,5.6389,,,,,,,
70082689165643,陀螺仪,,,,,,,,-0.0218,0.0586,-0.0622
70082691661528,加速度计,-0.2723,6.9438,5.9574,,,,,,,
70082701677778,加速度计,0.3106,6.1256,8.4432,,,,,,,
70082709198143,陀螺仪,,,,,,,,0.0154,0.0574,-0.0266
70082711694028,加速度计,1.4952,6.1711,9.5002,,,,,,,
70082721710278,加速度计,0.0132,7.5657,7.9960,,,,,,,
70082729230643,陀螺仪,,,,,,,,0.0557,0.0656,-0.0411
70082731726528,加速度计,0.9146,7.2838,7.2012,,,,,,,
70082741743039,加速度计,0.5453,7.3029,7.6596,,,,,,,
70082749264289,陀螺仪,,,,,,,,0.0941,0.0579,-0.0663
70082751759966,加速度计,-0.3130,7.1269,6.5607,,,,,,,
70082761777310,加速度计,0.8045,8.3486,5.6743,,,,,,,
70082771795070,加速度计,0.3112,7.5525,7.7686,,,,,,,
70082769299601,陀螺仪,,,,,,,,0.0671,0.0369,-0.0843
70082781813247,加速度计,-0.7805,8.4030,6.6505,,,,,,,
70082791831841,加速度计,0.8942,8.0278,6.2004,,,,,,,
70082789336580,陀螺仪,,,,,,,,0.0695,0.0266,-0.1045
70082801850851,加速度计,0.9697,6.7044,3.4979,,,,,,,
70082811870018,加速度计,-1.0092,7.1760,2.5905,,,,,,,
70082809374862,陀螺仪,,,,,,,,0.0043,0.0197,-0.1346
70082821889185,加速度计,-0.1742,6.8001,6.6230,,,,,,,
70082831908351,加速度计,0.8080,7.2347,8.6820,,,,,,,
70082829413195,陀螺仪,,,,,,,,-0.0557,-0.0073,-0.1310
70082841927518,加速度计,0.8326,6.5206,8.6425,,,,,,,
70082851946685,加速度计,-0.6800,8.7077,5.1559,,,,,,,
70082849451528,陀螺仪,,,,,,,,-0.0194,-0.0136,-0.1316
70082861965851,加速度计,2.4068,5.1122,10.6153,,,,,,,
70082871985018,加速度计,1.1696,7.9140,7.4172,,,,,,,
70082869489862,陀螺仪,,,,,,,,0.0140,-0.0035,-0.1947
70082882004185,加速度计,-0.8811,6.7660,6.6685,,,,,,,
70082892023351,加速度计,1.3821,6.9791,5.4785,,,,,,,
70082889528195,陀螺仪,,,,,,,,0.0149,-0.0214,-0.2032
70082902041997,加速度计,1.0517,5.5468,11.4958,,,,,,,
70082912060330,加速度计,-0.1496,6.4446,12.9712,,,,,,,
70082909564966,陀螺仪,,,,,,,,0.0764,-0.0410,-0.2003
70082922082049,加速度计,0.9888,8.4581,3.9235,,,,,,,
70082929603820,陀螺仪,,,,,,,,0.1451,-0.0656,-0.2418
70082932104601,加速度计,2.6821,6.2225,0.9337,,,,,,,
70082945864438,GPS,,,,31.9441,118.7839,3.3500,81.3000,,,
70082942101789,加速度计,1.4802,6.1184,-3.8601,,,,,,,
70082949599810,陀螺仪,,,,,,,,-0.1397,-0.1059,-0.3443
70082952100070,加速度计,-0.6704,3.7086,0.4004,,,,,,,
70082962100122,加速度计,0.9038,5.3858,8.2271,,,,,,,
70082972102778,加速度计,0.4345,6.5523,23.8983,,,,,,,
70082969603768,陀螺仪,,,,,,,,-0.1991,-0.1228,-0.3117
70082982108612,加速度计,0.0293,7.9523,21.2845,,,,,,,
70082992117778,加速度计,1.7939,10.1370,3.1819,,,,,,,
70082989620435,陀螺仪,,,,,,,,0.2166,-0.0349,-0.2595
70083002130539,加速度计,0.5052,4.8860,-0.9433,,,,,,,
70083012147049,加速度计,-0.5201,3.1885,1.8627,,,,,,,
70083009651580,陀螺仪,,,,,,,,0.0250,-0.0790,-0.3471
70083022167310,加速度计,-0.8284,9.1488,9.0746,,,,,,,
70083029697362,陀螺仪,,,,,,,,-0.0198,-0.1615,-0.3316
70083032191060,加速度计,0.1389,11.2037,10.1418,,,,,,,
70083042217883,加速度计,1.9728,7.0773,10.0143,,,,,,,
70083052247362,加速度计,0.3322,4.8189,6.3333,,,,,,,
70083049755018,陀螺仪,,,,,,,,0.0446,-0.1670,-0.3774
70083062278820,加速度计,-0.2173,6.9228,4.0492,,,,,,,
70083072311685,加速度计,-1.4030,9.0016,5.1996,,,,,,,
70083069820070,陀螺仪,,,,,,,,0.0124,-0.1961,-0.3916
70083082345278,加速度计,-0.8565,8.8358,7.5597,,,,,,,
70083092379028,加速度计,0.3430,6.6116,7.7943,,,,,,,
70083089887518,陀螺仪,,,,,,,,-0.0091,-0.2153,-0.3466
70083102403403,加速度计,-0.4076,5.8730,7.5417,,,,,,,
70083109926164,陀螺仪,,,,,,,,0.0565,-0.1876,-0.2585
70083112421633,加速度计,-1.3150,7.5765,3.9133,,,,,,,
70083122439549,加速度计,-0.7542,7.7824,4.3700,,,,,,,
70083132457466,加速度计,-0.0922,6.6655,8.1965,,,,,,,
70083142475383,加速度计,-0.6937,7.1623,9.5068,,,,,,,
70083129961997,陀螺仪,,,,,,,,-0.0352,-0.1783,-0.1957
70083152493299,加速度计,-0.9068,6.8977,6.8085,,,,,,,
70083149997830,陀螺仪,,,,,,,,0.0225,-0.1591,-0.0855
70083162511216,加速度计,0.1407,7.1736,5.1254,,,,,,,
70083172531476,加速度计,-0.2460,6.7708,4.8501,,,,,,,
70083170041997,陀螺仪,,,,,,,,0.0053,-0.1185,-0.0264
70083182550070,加速度计,-0.3364,5.3409,7.9571,,,,,,,
70083192560903,加速度计,-0.4429,6.5613,6.2165,,,,,,,
70083190063664,陀螺仪,,,,,,,,0.0477,-0.0835,0.0041
70083202572049,加速度计,-1.5389,8.5766,3.6547,,,,,,,
70083210086997,陀螺仪,,,,,,,,-0.0153,-0.0567,0.1091
70083212583924,加速度计,-0.1580,6.6266,7.0174,,,,,,,
70083222596633,加速度计,-0.7195,6.4518,7.5166,,,,,,,
70083230113664,陀螺仪,,,,,,,,0.0177,-0.0164,0.1943
70083232610174,加速度计,-1.0397,7.1802,6.9336,,,,,,,
70083242624862,加速度计,0.1359,7.7901,6.1687,,,,,,,
70083250144914,陀螺仪,,,,,,,,0.0029,0.0377,0.2744
70083252640799,加速度计,-0.1748,6.1944,8.5665,,,,,,,
70083262657987,加速度计,-0.8493,7.5166,7.5357,,,,,,,
70083270181164,陀螺仪,,,,,,,,0.0684,0.0909,0.3261
70083272676424,加速度计,-0.3675,7.6154,7.3364,,,,,,,
70083282696112,加速度计,-0.4196,7.5627,5.6365,,,,,,,
70083292716737,加速度计,-0.3950,7.9045,1.9429,,,,,,,
70083290221997,陀螺仪,,,,,,,,-0.0317,0.1119,0.3305
70083302738195,加速度计,-1.1402,6.9665,8.9178,,,,,,,
70083310266164,陀螺仪,,,,,,,,-0.0610,0.1149,0.3308
70083312760487,加速度计,-0.7260,8.3659,10.3244,,,,,,,
70083322783299,加速度计,-0.9978,7.0120,9.3655,,,,,,,
70083330312414,陀螺仪,,,,,,,,-0.0177,0.1173,0.3623
70083332806528,加速度计,0.1107,7.1928,6.3093,,,,,,,
70083342829862,加速度计,1.5664,5.9526,7.2143,,,,,,,
70083350359080,陀螺仪,,,,,,,,-0.0521,0.1258,0.2302
70083352853195,加速度计,-0.3950,6.5254,4.7782,,,,,,,
70083362873403,加速度计,-1.3342,7.0964,6.3518,,,,,,,
70083372891633,加速度计,0.7296,7.4304,6.3949,,,,,,,
70083370396164,陀螺仪,,,,,,,,-0.0314,0.0948,0.1362
70083382909549,加速度计,0.4112,6.7720,5.5300,,,,,,,
70083390431997,陀螺仪,,,,,,,,-0.1156,0.0518,0.0571
70083392927466,加速度计,-0.1484,5.6964,9.7025,,,,,,,
70083402945383,加速度计,0.8314,8.1391,8.9100,,,,,,,
70083410467830,陀螺仪,,,,,,,,-0.0394,0.0154,-0.0286
70083412963299,加速度计,0.4094,6.3398,8.8801,,,,,,,
70083422982153,加速度计,0.7901,8.3857,5.5132,,,,,,,
70083430504393,陀螺仪,,,,,,,,-0.0244,-0.0192,-0.1111
70083433000695,加速度计,-0.6997,5.4031,11.2755,,,,,,,
70083443015278,加速度计,0.1353,7.7590,9.4248,,,,,,,
70083450533560,陀螺仪,,,,,,,,0.0754,-0.0904,-0.1435
70083453029862,加速度计,1.1408,7.4322,2.3224,,,,,,,
70083463044758,加速度计,0.9637,6.0364,-0.8266,,,,,,,
70083470563976,陀螺仪,,,,,,,,-0.0971,-0.1332,-0.2997
70083473060070,加速度计,1.6293,4.6142,-2.0800,,,,,,,
70083483075799,加速度计,-0.6638,2.5690,3.7182,,,,,,,
70083490596060,陀螺仪,,,,,,,,-0.2160,-0.1618,-0.3008
70083493091945,加速度计,0.3011,5.1457,11.5760,,,,,,,
70083503108508,加速度计,0.7745,6.9055,20.7918,,,,,,,
70083510629810,陀螺仪,,,,,,,,0.0489,-0.1337,-0.2639
70083513125487,加速度计,0.7009,8.2265,14.9650,,,,,,,
70083523142883,加速度计,0.8446,8.8579,2.0806,,,,,,,
70083530665226,陀螺仪,,,,,,,,0.0662,-0.1498,-0.3438
70083533160695,加速度计,-0.2017,5.4767,1.6640,,,,,,,
70083543178924,加速度计,-0.0754,3.8708,7.4334,,,,,,,
70083553197570,加速度计,-1.0714,9.9383,7.2814,,,,,,,
70083550702310,陀螺仪,,,,,,,,0.0237,-0.2213,-0.3486
70083563216633,加速度计,0.7883,9.9671,7.1886,,,,,,,
70083573236112,加速度计,1.4108,6.5392,9.9533,,,,,,,
70083570741060,陀螺仪,,,,,,,,-0.0286,-0.2635,-0.3855
70083583256008,加速度计,0.6381,4.6118,12.8760,,,,,,,
70083593276320,加速度计,0.5399,6.8540,8.2235,,,,,,,
70083590781476,陀螺仪,,,,,,,,0.1162,-0.2728,-0.4482
70083603296737,加速度计,-1.8854,10.7727,3.9486,,,,,,,
70083610822310,陀螺仪,,,,,,,,0.0989,-0.2814,-0.3886
70083613317153,加速度计,1.2001,8.1582,5.0859,,,,,,,
70083623337570,加速度计,1.5742,6.5236,4.6795,,,,,,,
70083630863143,陀螺仪,,,,,,,,0.0378,-0.2657,-0.3495
70083633357987,加速度计,-1.0008,8.8777,4.2713,,,,,,,
70083643378403,加速度计,-0.1598,7.8709,5.8873,,,,,,,
70083650901893,陀螺仪,,,,,,,,-0.0059,-0.2334,-0.1871
70083653397258,加速度计,0.3813,6.9097,10.4100,,,,,,,
70083663415591,加速度计,0.5806,7.3711,5.7287,,,,,,,
70083673441737,加速度计,0.6955,6.6780,6.0011,,,,,,,
70083670961268,陀螺仪,,,,,,,,0.0553,-0.1796,-0.0870
70083683457466,加速度计,0.1676,6.9905,5.9729,,,,,,,
70083690952101,陀螺仪,,,,,,,,0.0372,-0.1334,-0.0482
70083693453091,加速度计,0.3352,6.3375,7.2263,,,,,,,
70083703450174,加速度计,-1.3749,8.1894,4.7399,,,,,,,
70083713449549,加速度计,0.9337,6.4530,7.8344,,,,,,,
70083710949601,陀螺仪,,,,,,,,0.0161,-0.1036,0.0397
70083723451737,加速度计,-0.8128,7.4065,6.4602,,,,,,,
70083730958768,陀螺仪,,,,,,,,0.0533,-0.0565,0.0854
70083733457153,加速度计,0.7458,6.6373,7.3903,,,,,,,
70083743466216,加速度计,-0.6907,7.5357,6.3416,,,,,,,
70083750982935,陀螺仪,,,,,,,,0.0622,-0.0272,0.1547
70083753479341,加速度计,-0.3316,6.4560,5.9382,,,,,,,
70083763496320,加速度计,0.6931,6.1016,6.4685,,,,,,,
70083771022518,陀螺仪,,,,,,,,0.0664,-0.0033,0.2031
70083773517049,加速度计,-1.3545,6.3644,8.2558,,,,,,,
70083783541216,加速度计,-0.0910,7.1712,7.5639,,,,,,,
70083791075435,陀螺仪,,,,,,,,0.1154,0.0276,0.2487
70083793568403,加速度计,1.1624,7.5100,10.0227,,,,,,,
70083803598195,加速度计,0.8643,7.1491,5.2960,,,,,,,
70083813630174,加速度计,-0.9780,7.5806,2.6264,,,,,,,
70083811138351,陀螺仪,,,,,,,,0.1076,0.0630,0.2245
70083823663612,加速度计,-0.5890,6.9198,7.1497,,,,,,,
70083831206685,陀螺仪,,,,,,,,0.0238,0.0646,0.2414
70083833697987,加速度计,1.0588,8.4713,8.8310,,,,,,,
70083843732570,加速度计,-0.3843,9.5565,8.3181,,,,,,,
70083853757778,加速度计,-0.1419,6.2345,7.9350,,,,,,,
70083851263351,陀螺仪,,,,,,,,0.0138,0.0751,0.2276
70083863777049,加速度计,-0.5812,6.3273,4.7633,,,,,,,
70083871299601,陀螺仪,,,,,,,,0.0146,0.0695,0.1832
70083873795070,加速度计,-0.5094,7.0910,2.8270,,,,,,,
70083883812987,加速度计,0.5165,8.7179,5.1912,,,,,,,
70083891335435,陀螺仪,,,,,,,,-0.0887,0.0224,0.1037
70083893830903,加速度计,-0.4920,7.8997,7.2604,,,,,,,
70083903848820,加速度计,-0.3747,5.7365,9.2596,,,,,,,
70083913866737,加速度计,-0.3023,7.1473,5.5468,,,,,,,
70083911371268,陀螺仪,,,,,,,,-0.0525,-0.0112,0.0633
70083923898976,加速度计,-0.2616,6.8301,5.1799,,,,,,,
70083933906216,加速度计,0.2245,6.4105,6.1477,,,,,,,
70083945288083,GPS,,,,31.9441,118.7839,3.2900,84.8000,,,
70083931405643,陀螺仪,,,,,,,,-0.1305,-0.0362,0.0258
70083943904028,加速度计,0.1616,4.5053,7.9499,,,,,,,
70083953903039,加速度计,0.2328,8.0792,5.3947,,,,,,,
70083951403143,陀螺仪,,,,,,,,-0.1108,-0.0565,-0.0080
70083963904028,加速度计,0.6099,6.3530,11.5790,,,,,,,
70083973907466,加速度计,0.8296,5.8173,12.0147,,,,,,,
70083971408872,陀螺仪,,,,,,,,-0.0716,-0.0662,0.0254
70083983914133,加速度计,2.1554,6.9031,1.0313,,,,,,,
70083993924133,加速度计,2.7162,6.6942,-1.5634,,,,,,,
70083991427258,陀螺仪,,,,,,,,-0.0803,-0.0619,-0.0531
70084003937830,加速度计,0.6644,3.2567,7.8009,,,,,,,
70084013955278,加速度计,0.8595,5.3445,13.7391,,,,,,,
70084011460226,陀螺仪,,,,,,,,-0.1675,-0.0619,-0.0897
70084023976112,加速度计,1.1899,9.5050,13.8104,,,,,,,
70084034000278,加速度计,1.5969,8.5084,10.9092,,,,,,,
70084031506841,陀螺仪,,,,,,,,-0.0027,-0.0349,-0.0598
70084044027414,加速度计,2.2116,5.4672,7.9164,,,,,,,
70084054057101,加速度计,0.6590,5.0566,3.1897,,,,,,,
70084051564862,陀螺仪,,,,,,,,0.0947,-0.0140,-0.1421
70084064088560,加速度计,-0.3029,7.3346,4.8465,,,,,,,
70084074121320,加速度计,0.8553,9.4774,6.3339,,,,,,,
70084071629653,陀螺仪,,,,,,,,0.0286,-0.0731,-0.1838
70084084154601,加速度计,1.2725,8.0343,10.0586,,,,,,,
70084094187935,加速度计,0.3472,6.9031,8.3085,,,,,,,
70084091694758,陀螺仪,,,,,,,,-0.0097,-0.1031,-0.2317
70084104210330,加速度计,0.3160,6.0262,6.6780,,,,,,,
70084114228612,加速度计,1.2528,7.4214,4.2485,,,,,,,
70084111733143,陀螺仪,,,,,,,,0.0804,-0.0822,-0.2246
70084124246528,加速度计,0.0581,7.6297,6.8091,,,,,,,
70084134264445,加速度计,-0.3334,7.5453,7.4555,,,,,,,
70084131768976,陀螺仪,,,,,,,,0.0011,-0.1020,-0.2055
70084144282362,加速度计,0.3047,8.2217,3.0742,,,,,,,
70084154300278,加速度计,-0.2053,8.2271,1.6107,,,,,,,
70084151804810,陀螺仪,,,,,,,,-0.0228,-0.0899,-0.1895
70084164318195,加速度计,-1.0834,5.9358,9.2817,,,,,,,
70084174346112,加速度计,-0.4423,7.5310,16.6595,,,,,,,
70084171853716,陀螺仪,,,,,,,,-0.0394,-0.0738,-0.1127
70084184356789,加速度计,-1.1019,8.4258,7.6189,,,,,,,
70084194361320,加速度计,0.0539,7.6393,1.6580,,,,,,,
70084191862622,陀螺仪,,,,,,,,0.0740,-0.0664,0.0214
70084204366633,加速度计,1.5802,5.0578,4.8064,,,,,,,
70084214373143,加速度计,-0.5824,4.7776,6.9001,,,,,,,
70084211875070,陀螺仪,,,,,,,,0.0352,-0.0149,-0.0262
70084224381268,加速度计,-1.3300,7.9487,7.3975,,,,,,,
70084234391424,加速度计,-0.7374,6.7774,8.9034,,,,,,,
70084231894393,陀螺仪,,,,,,,,0.0550,-0.0204,0.0554
70084244404028,加速度计,-0.8727,4.9392,6.5505,,,,,,,
70084254419133,加速度计,0.0964,7.4891,2.3343,,,,,,,
70084251923351,陀螺仪,,,,,,,,0.1598,-0.0205,0.0527
70084264436737,加速度计,0.1748,6.5278,5.4073,,,,,,,
70084274456841,加速度计,-0.1556,7.4555,5.9137,,,,,,,
70084271962258,陀螺仪,,,,,,,,0.0872,-0.0380,0.0150
70084284479080,加速度计,-0.4974,6.9109,9.9365,,,,,,,
70084294503039,加速度计,-0.8793,11.1157,1.9609,,,,,,,
70084292009341,陀螺仪,,,,,,,,0.1017,-0.0561,0.0458
70084304528664,加速度计,2.0662,9.1530,9.8617,,,,,,,
70084314555591,加速度计,0.2412,7.8195,12.2380,,,,,,,
70084312062518,陀螺仪,,,,,,,,0.0004,-0.0509,-0.0101
70084324583403,加速度计,-0.1035,6.8187,8.4467,,,,,,,
70084334611685,加速度计,0.7230,4.1258,2.2320,,,,,,,
70084332118820,陀螺仪,,,,,,,,0.1092,-0.0465,-0.0021
70084344640018,加速度计,-0.5076,7.2161,-0.5387,,,,,,,
70084354661789,加速度计,-0.1670,6.1956,12.0303,,,,,,,
70084352166737,陀螺仪,,,,,,,,-0.0527,-0.0884,-0.0707
70084364680435,加速度计,-1.9273,10.6578,10.3687,,,,,,,
70084374698403,加速度计,-0.2711,9.2344,5.8873,,,,,,,
70084384716320,加速度计,1.3803,7.1222,4.4299,,,,,,,
70084372202935,陀螺仪,,,,,,,,0.0265,-0.1438,-0.0527
70084394734237,加速度计,-2.0333,5.1553,5.7162,,,,,,,
70084392238768,陀螺仪,,,,,,,,-0.0670,-0.1562,-0.1023
70084404752153,加速度计,-1.1534,8.3199,7.3167,,,,,,,
70084414770070,加速度计,1.0319,8.3588,7.6070,,,,,,,
70084412274810,陀螺仪,,,,,,,,-0.0744,-0.1514,-0.0445
70084424792310,加速度计,-0.6321,6.3877,7.3406,,,,,,,
70084434806893,加速度计,-0.0838,5.5851,6.7092,,,,,,,
70084432310591,陀螺仪,,,,,,,,-0.0660,-0.1064,0.0193
70084444821476,加速度计,1.0349,6.1351,8.1373,,,,,,,
70084454836060,加速度计,0.6620,8.7011,6.3345,,,,,,,
70084464851060,加速度计,0.9804,7.4448,7.8422,,,,,,,
70084452339862,陀螺仪,,,,,,,,-0.0176,-0.0726,0.0987
70084474866476,加速度计,0.3561,7.6704,4.9362,,,,,,,
70084472370487,陀螺仪,,,,,,,,-0.0009,-0.0017,0.1049
70084484882310,加速度计,-0.9882,6.4320,8.3749,,,,,,,
70084494898560,加速度计,-2.7456,6.3913,12.1314,,,,,,,
70084492402778,陀螺仪,,,,,,,,-0.0225,-0.0125,0.2273
70084504915226,加速度计,0.1101,7.5399,9.3733,,,,,,,
70084514932310,加速度计,1.3210,7.7542,0.1317,,,,,,,
70084512436737,陀螺仪,,,,,,,,0.0924,-0.0080,0.2783
70084524949810,加速度计,0.6806,5.3995,-2.4235,,,,,,,
70084534967726,加速度计,-1.1540,4.5867,0.3597,,,,,,,
70084532472362,陀螺仪,,,,,,,,-0.0856,0.0061,0.1593
70084544986060,加速度计,-1.5802,3.7954,6.5888,,,,,,,
70084555004810,加速度计,-0.7841,7.4717,19.3451,,,,,,,
70084552509653,陀螺仪,,,,,,,,-0.1784,0.0196,0.2519
70084565023976,加速度计,-1.6771,7.6213,16.7564,,,,,,,
70084575043560,加速度计,-0.1395,7.7584,3.9295,,,,,,,
70084572548612,陀螺仪,,,,,,,,0.1586,0.0792,0.3823
70084585063560,加速度计,0.4034,7.0611,-1.2031,,,,,,,
70084595083976,加速度计,-0.6422,5.9777,2.0105,,,,,,,
70084592589133,陀螺仪,,,,,,,,-0.0282,0.0578,0.2968
70084605104393,加速度计,0.2370,8.1008,8.9244,,,,,,,
70084615124810,加速度计,-0.3430,9.1650,11.8806,,,,,,,
70084612629966,陀螺仪,,,,,,,,-0.0839,0.0566,0.2704
70084625145226,加速度计,-1.6065,5.9658,13.3752,,,,,,,
70084635165643,加速度计,0.7302,5.2858,6.9851,,,,,,,
70084632670799,陀螺仪,,,,,,,,0.0736,0.0807,0.3743
70084645186060,加速度计,0.7973,6.7876,1.0110,,,,,,,
70084655204393,加速度计,-0.1885,8.0212,5.1553,,,,,,,
70084652708924,陀螺仪,,,,,,,,0.0023,0.0822,0.2662
70084665222310,加速度计,-0.2891,5.9454,10.9625,,,,,,,
70084675262935,加速度计,-0.3783,8.7131,7.0587,,,,,,,
70084672761841,陀螺仪,,,,,,,,0.0312,0.0636,0.2557
70084685258351,加速度计,0.5010,7.7907,5.9598,,,,,,,
70084695254601,加速度计,0.7344,6.6858,5.6964,,,,,,,
70084692754133,陀螺仪,,,,,,,,0.0049,0.0558,0.2437
70084705252518,加速度计,0.5471,6.5595,5.4600,,,,,,,
70084715252518,加速度计,0.2568,7.3987,8.5006,,,,,,,
70084712753299,陀螺仪,,,,,,,,-0.0244,0.0542,0.1751
70084725255435,加速度计,0.0281,7.4837,5.9711,,,,,,,
70084735261685,加速度计,0.9547,6.0077,7.8626,,,,,,,
70084732764237,陀螺仪,,,,,,,,-0.0198,0.0467,0.1811
70084745271685,加速度计,0.8727,6.8875,5.7802,,,,,,,
70084755285435,加速度计,0.7596,6.7379,4.8004,,,,,,,
70084752789862,陀螺仪,,,,,,,,-0.0368,0.0503,0.1296
70084765302935,加速度计,2.2643,5.9310,8.3210,,,,,,,
70084775324185,加速度计,0.7919,7.7411,7.0575,,,,,,,
70084772830487,陀螺仪,,,,,,,,0.0129,0.0613,0.0858
70084785349185,加速度计,1.6867,7.2347,8.2396,,,,,,,
70084795377101,加速度计,1.6586,7.3406,6.0142,,,,,,,
70084792884758,陀螺仪,,,,,,,,0.0341,0.0578,0.0324
70084805407518,加速度计,1.0576,7.9948,3.4141,,,,,,,
70084815440018,加速度计,1.4641,6.5829,13.2393,,,,,,,
70084812948508,陀螺仪,,,,,,,,-0.0570,0.0377,-0.0325
70084825473768,加速度计,1.4694,7.0348,10.8517,,,,,,,
70084835508351,加速度计,1.4018,8.0337,3.3345,,,,,,,
70084833017049,陀螺仪,,,,,,,,0.1036,0.0242,-0.0951
70084845542935,加速度计,0.6806,7.3334,2.5043,,,,,,,
70084855565435,加速度计,1.3222,4.2593,7.2885,,,,,,,
70084853070070,陀螺仪,,,,,,,,-0.0170,-0.0053,-0.1373
70084865583768,加速度计,1.2252,7.1245,9.5211,,,,,,,
70084875601685,加速度计,0.6428,10.2867,3.6248,,,,,,,
70084873106216,陀螺仪,,,,,,,,0.0605,-0.0288,-0.1581
70084885619601,加速度计,1.4724,8.5802,6.9953,,,,,,,
70084895637518,加速度计,1.2498,3.5919,9.6121,,,,,,,
70084893142049,陀螺仪,,,,,,,,-0.0017,-0.0258,-0.1972
70084905655435,加速度计,-0.7033,8.0936,4.1013,,,,,,,
70084915673351,加速度计,-0.6464,8.4743,6.9204,,,,,,,
70084913179028,陀螺仪,,,,,,,,-0.0266,-0.0309,-0.1322
70084938713239,GPS,,,,31.9441,118.7839,3.5000,87.8000,,,
70084925700174,加速度计,0.9924,7.1599,8.0493,,,,,,,
70084933211164,陀螺仪,,,,,,,,-0.0274,-0.0024,-0.0929
70084935708924,加速度计,-0.4375,6.3853,7.2796,,,,,,,
70084945717726,加速度计,-0.9637,6.1262,11.0546,,,,,,,
70084955726997,加速度计,-0.0646,7.9859,4.7591,,,,,,,
70084953229549,陀螺仪,,,,,,,,0.0418,-0.0063,-0.0031
70084965737153,加速度计,0.7955,6.0765,6.2118,,,,,,,
70084975748560,加速度计,-0.3083,8.9471,0.8230,,,,,,,
70084973251737,陀螺仪,,,,,,,,-0.0148,0.0061,0.0051
70084985761268,加速度计,-0.4932,4.6334,9.2632,,,,,,,
70084995775643,加速度计,1.0379,6.7295,13.1035,,,,,,,
70084993279653,陀螺仪,,,,,,,,-0.0276,0.0221,0.0511
70085005791685,加速度计,-0.3849,8.8765,9.6139,,,,,,,
70085013314237,陀螺仪,,,,,,,,0.0599,0.0778,0.1839
70085015809393,加速度计,-2.2918,6.9091,6.1729,,,,,,,
70085025828768,加速度计,1.2863,6.6720,7.1144,,,,,,,
70085035849758,加速度计,-0.2197,6.2351,9.0986,,,,,,,
70085033355330,陀螺仪,,,,,,,,0.0647,0.0961,0.2485
70085045871997,加速度计,0.3723,7.3149,3.4830,,,,,,,
70085053401528,陀螺仪,,,,,,,,0.0912,0.1268,0.2770
70085055895435,加速度计,1.7166,5.4588,-0.4250,,,,,,,
70085065919653,加速度计,0.5052,6.1579,-5.6850,,,,,,,
70085075944289,加速度计,0.9691,4.0199,16.1890,,,,,,,
70085073450591,陀螺仪,,,,,,,,-0.2024,0.1811,0.2864
70085085969289,加速度计,-0.6482,7.0072,20.8278,,,,,,,
70085093500122,陀螺仪,,,,,,,,0.1911,0.2728,0.3687
70085095994133,加速度计,-0.2490,9.4062,10.6482,,,,,,,
70085106017205,加速度计,-0.0730,9.9814,-5.4426,,,,,,,
70085116035487,加速度计,1.9561,2.6785,1.2342,,,,,,,
70085113540018,陀螺仪,,,,,,,,-0.0458,0.2736,0.3799
70085126053403,加速度计,1.0852,5.3558,7.1365,,,,,,,
70085136071320,加速度计,-0.4244,7.3245,12.3559,,,,,,,
70085133575851,陀螺仪,,,,,,,,-0.0638,0.2374,0.1886
70085146089237,加速度计,-1.8280,8.3450,7.9889,,,,,,,
70085156107153,加速度计,1.0445,5.8401,10.6213,,,,,,,
70085153611685,陀螺仪,,,,,,,,-0.0471,0.1895,0.2198
70085166125435,加速度计,3.4010,5.4456,9.8659,,,,,,,
70085176150070,加速度计,1.3617,7.8626,4.0821,,,,,,,
70085173652830,陀螺仪,,,,,,,,0.1032,0.1988,0.0443
70085186160903,加速度计,0.1018,8.7795,3.7822,,,,,,,
70085193674653,陀螺仪,,,,,,,,-0.0277,0.1265,-0.0893
70085196171789,加速度计,0.0227,6.8534,5.3205,,,,,,,
70085206183143,加速度计,0.6644,6.0759,12.8880,,,,,,,
70085213698612,陀螺仪,,,,,,,,0.0591,0.0644,-0.1314
70085216195330,加速度计,0.3106,9.4427,8.6880,,,,,,,
70085226208351,加速度计,2.0345,9.1860,3.1514,,,,,,,
70085233726060,陀螺仪,,,,,,,,0.0061,0.0430,-0.2174
70085236222258,加速度计,1.2198,6.1782,4.4987,,,,,,,
70085246237414,加速度计,-1.0774,6.1316,6.3422,,,,,,,
70085256253820,加速度计,-1.1169,6.6409,7.9835,,,,,,,
70085253758247,陀螺仪,,,,,,,,-0.0621,0.0063,-0.2079
70085266271476,加速度计,2.0758,8.0667,7.5471,,,,,,,
70085276290383,加速度计,0.3609,7.9039,7.2299,,,,,,,
70085273795435,陀螺仪,,,,,,,,-0.0237,0.0268,-0.1626
70085286310487,加速度计,-0.0371,4.4143,8.8298,,,,,,,
70085296331424,加速度计,1.5760,8.0721,0.6171,,,,,,,
70085293836893,陀螺仪,,,,,,,,0.0917,0.0599,-0.1647
70085306353195,加速度计,-0.4058,8.9621,3.1963,,,,,,,
70085316375747,加速度计,-0.3298,5.7694,10.1341,,,,,,,
70085313881528,陀螺仪,,,,,,,,-0.0957,0.0349,-0.1357
70085326398716,加速度计,0.1407,7.2018,10.9152,,,,,,,
70085333927935,陀螺仪,,,,,,,,0.0047,0.0545,-0.0806
70085336422049,加速度计,-0.2215,8.6760,9.7785,,,,,,,
70085346445383,加速度计,1.4222,6.5805,6.2321,,,,,,,
70085353972883,陀螺仪,,,,,,,,0.0443,0.0838,-0.0652
70085356468143,加速度计,0.4842,5.2403,3.3812,,,,,,,
70085366486841,加速度计,-0.1275,7.1359,3.6709,,,,,,,
70085374009653,陀螺仪,,,,,,,,-0.0446,0.0539,-0.1139
70085376505122,加速度计,0.1981,6.2543,10.7601,,,,,,,
70085386523039,加速度计,-0.6907,6.1794,10.9666,,,,,,,
70085396540955,加速度计,0.7530,9.1111,3.6302,,,,,,,
70085394045487,陀螺仪,,,,,,,,0.0622,0.0453,-0.0991
70085406558872,加速度计,0.9912,5.7832,6.2028,,,,,,,
70085414081633,陀螺仪,,,,,,,,0.0177,0.0463,-0.1431
70085416576893,加速度计,0.0850,6.9845,4.6579,,,,,,,
70085426597258,加速度计,0.2819,5.4713,9.5068,,,,,,,
70085436613091,加速度计,0.2149,9.1040,6.0501,,,,,,,
70085434117101,陀螺仪,,,,,,,,0.0415,0.0398,-0.1286
70085446628924,加速度计,0.5154,7.8219,7.2784,,,,,,,
70085454148768,陀螺仪,,,,,,,,0.0132,0.0506,-0.1198
70085456644758,加速度计,0.3065,7.4214,6.7151,,,,,,,
70085466660591,加速度计,1.2396,7.1413,6.6092,,,,,,,
70085476676476,加速度计,-0.5148,6.3776,8.0888,,,,,,,
70085474180591,陀螺仪,,,,,,,,0.0095,0.0514,-0.1308
70085486692778,加速度计,0.0395,8.2923,5.5348,,,,,,,
70085494213820,陀螺仪,,,,,,,,0.0189,0.0445,-0.1208
70085496709497,加速度计,0.8092,7.3346,8.1008,,,,,,,
70085506726633,加速度计,-0.0940,9.1297,4.2060,,,,,,,
70085514248716,陀螺仪,,,,,,,,-0.0224,0.0234,-0.1622
70085516744185,加速度计,-0.2574,5.7395,7.9074,,,,,,,
70085526762153,加速度计,-0.0263,7.8835,6.9510,,,,,,,
70085536780539,加速度计,-0.9128,7.6483,10.9259,,,,,,,
70085534285278,陀螺仪,,,,,,,,-0.0281,-0.0128,-0.1762
70085546799341,加速度计,-0.1915,7.0994,10.3998,,,,,,,
70085556818560,加速度计,0.9128,8.2768,5.7114,,,,,,,
70085554323508,陀螺仪,,,,,,,,0.1081,-0.0358,-0.1499
70085566838143,加速度计,1.3886,7.0509,0.3394,,,,,,,
70085576857726,加速度计,0.0970,6.0615,-1.6293,,,,,,,
70085574362674,陀螺仪,,,,,,,,0.0017,-0.0397,-0.2421
70085586877310,加速度计,-1.2073,6.0897,1.7555,,,,,,,
70085594401841,陀螺仪,,,,,,,,-0.1965,-0.0788,-0.1951
70085596896893,加速度计,-0.4735,4.3730,9.3948,,,,,,,
70085606916476,加速度计,0.7721,5.9568,17.4603,,,,,,,
70085614441008,陀螺仪,,,,,,,,0.0507,-0.0557,-0.1947
70085616936060,加速度计,0.1610,8.4767,10.2077,,,,,,,
70085626955591,加速度计,-0.2137,8.7598,4.1869,,,,,,,
70085634479133,陀螺仪,,,,,,,,-0.0116,-0.0866,-0.2168
70085636974601,加速度计,-1.1702,7.0779,2.0494,,,,,,,
70085646992518,加速度计,-1.6969,3.9427,7.1898,,,,,,,
70085657010435,加速度计,-0.0856,7.7734,10.0257,,,,,,,
70085654514966,陀螺仪,,,,,,,,0.0017,-0.1360,-0.2177
70085667028976,加速度计,-0.6788,8.0361,9.3248,,,,,,,
70085674562258,陀螺仪,,,,,,,,0.0317,-0.1755,-0.2221
70085677061997,加速度计,-0.7452,6.3201,8.4809,,,,,,,
70085687062883,加速度计,-0.3938,5.1176,6.6535,,,,,,,
70085697064289,加速度计,-0.9906,6.2381,5.5342,,,,,,,
70085694564966,陀螺仪,,,,,,,,0.0509,-0.2064,-0.2301
70085707066997,加速度计,-0.1670,6.6852,7.1275,,,,,,,
70085714573039,陀螺仪,,,,,,,,0.0393,-0.2039,-0.2091
70085717071424,加速度计,0.7949,6.6900,9.6726,,,,,,,
70085727077987,加速度计,0.6470,7.7405,6.4739,,,,,,,
70085734590070,陀螺仪,,,,,,,,0.0534,-0.1435,-0.1438
70085737087101,加速度计,0.1089,7.5675,5.5342,,,,,,,
70085747099133,加速度计,-0.8176,7.6860,3.0873,,,,,,,
70085757114080,加速度计,0.9182,6.4308,5.9173,,,,,,,
70085754618508,陀螺仪,,,,,,,,-0.0647,-0.1258,-0.0293
70085767131945,加速度计,0.6590,6.8085,8.3061,,,,,,,
70085774658612,陀螺仪,,,,,,,,-0.0675,-0.1005,0.0417
70085777152726,加速度计,-0.4106,7.8620,8.5072,,,,,,,
70085787176372,加速度计,1.7951,5.9819,11.1456,,,,,,,
70085797202466,加速度计,0.2209,6.9204,8.2947,,,,,,,
70085794709497,陀螺仪,,,,,,,,0.0232,-0.0622,0.0373
70085807230591,加速度计,-1.3096,6.7660,4.9051,,,,,,,
70085817260278,加速度计,0.1784,6.8193,3.7697,,,,,,,
70085814767935,陀螺仪,,,,,,,,0.0485,-0.0610,0.0485
70085827290747,加速度计,0.1413,7.7422,3.0329,,,,,,,
70085834829341,陀螺仪,,,,,,,,-0.0495,-0.0751,0.0561
70085837321580,加速度计,0.1365,7.2472,6.9911,,,,,,,
70085847351216,加速度计,-0.6267,7.0755,6.4362,,,,,,,
70085857372049,加速度计,0.3364,7.0934,6.0226,,,,,,,
70085854876580,陀螺仪,,,,,,,,-0.0503,-0.0760,0.1206
70085867389966,加速度计,2.2164,7.8446,10.1149,,,,,,,
70085874912414,陀螺仪,,,,,,,,0.0007,-0.0304,0.1260
70085877407883,加速度计,2.6516,6.6505,10.9194,,,,,,,
70085887425799,加速度计,0.8703,7.9446,6.4117,,,,,,,
70085897443716,加速度计,-2.1464,8.7993,3.2968,,,,,,,
70085894948247,陀螺仪,,,,,,,,0.0192,0.0229,0.0378
70085907461633,加速度计,-2.1578,2.6869,11.0373,,,,,,,
70085914987049,陀螺仪,,,,,,,,0.1185,0.0198,0.0971
70085917480539,加速度计,-1.4431,7.5477,8.9974,,,,,,,
70085927514914,加速度计,-0.7039,9.1842,4.1527,,,,,,,
70085945272458,GPS,,,,31.9441,118.7840,3.3200,88.1000,,,
70085935010174,陀螺仪,,,,,,,,0.0119,-0.0061,0.1607
70085937510955,加速度计,0.6189,10.5596,2.3673,,,,,,,
70085947508039,加速度计,1.6340,4.4508,7.3694,,,,,,,
70085957506893,加速度计,-0.4747,7.8428,5.3882,,,,,,,
70085955007049,陀螺仪,,,,,,,,-0.0413,0.0357,0.0811
70085967508039,加速度计,-1.4389,8.1235,11.1624,,,,,,,
70085977512205,加速度计,0.2227,6.7008,5.4007,,,,,,,
70085975013924,陀螺仪,,,,,,,,0.0064,0.0844,0.2384
70085987519810,加速度计,0.8607,7.7339,4.7770,,,,,,,
70085997531164,加速度计,-0.3502,4.4526,11.5879,,,,,,,
70085995034758,陀螺仪,,,,,,,,-0.0477,0.1129,0.2499
70086007546268,加速度计,-0.2400,6.8450,10.9589,,,,,,,
70086017565122,加速度计,-0.6327,9.4774,5.3391,,,,,,,
70086015070591,陀螺仪,,,,,,,,0.0905,0.1373,0.2933
70086027587622,加速度计,1.9956,8.8190,4.8518,,,,,,,
70086037613351,加速度计,0.0311,2.6234,9.5134,,,,,,,
70086035120383,陀螺仪,,,,,,,,0.0208,0.1388,0.2349
70086047641893,加速度计,-0.7913,7.3442,2.6330,,,,,,,
70086057672726,加速度计,0.0311,8.4360,3.6966,,,,,,,
70086055180799,陀螺仪,,,,,,,,0.0164,0.1112,0.2124
70086067705122,加速度计,-0.0311,6.9450,17.7668,,,,,,,
70086077738560,加速度计,0.6117,6.6834,12.6797,,,,,,,
70086075247049,陀螺仪,,,,,,,,0.1040,0.1048,0.2234
70086087772310,加速度计,3.0119,8.0840,1.7813,,,,,,,
70086097802935,加速度计,1.0121,9.0890,-6.8169,,,,,,,
70086095308299,陀螺仪,,,,,,,,0.1704,0.0828,0.0547
70086107823455,加速度计,1.1025,3.3680,-8.8903,,,,,,,
70086117841685,加速度计,-0.3256,0.9571,7.9751,,,,,,,
70086115346216,陀螺仪,,,,,,,,-0.2758,-0.0051,-0.1260
70086127859601,加速度计,-1.5191,6.7780,12.4624,,,,,,,
70086135382049,陀螺仪,,,,,,,,-0.1422,-0.0700,-0.0756
70086137877518,加速度计,2.1626,6.8941,31.7603,,,,,,,
70086147895435,加速度计,1.7861,10.0233,14.9272,,,,,,,
70086157913351,加速度计,1.9896,9.5277,-3.5584,,,,,,,
70086155417883,陀螺仪,,,,,,,,0.3744,-0.0060,-0.1684
70086167932310,加速度计,0.2957,4.0139,-10.5919,,,,,,,
70086177960070,加速度计,0.9146,1.7304,17.2377,,,,,,,
70086175461268,陀螺仪,,,,,,,,-0.1738,-0.0389,-0.2105
70086187964758,加速度计,2.4086,10.8990,0.1490,,,,,,,
70086197969966,加速度计,2.2721,11.7442,7.2844,,,,,,,
70086195471476,陀螺仪,,,,,,,,-0.0803,-0.1095,-0.3301
70086207976112,加速度计,2.6893,3.8864,11.1851,,,,,,,
70086217983612,加速度计,0.6153,2.5235,10.4190,,,,,,,
70086215485851,陀螺仪,,,,,,,,-0.0079,-0.0706,-0.3418
70086227992883,加速度计,0.6351,7.9619,8.6939,,,,,,,
70086238004237,加速度计,1.5778,8.3145,12.4684,,,,,,,
70086235507518,陀螺仪,,,,,,,,0.0498,-0.0529,-0.2828
70086248017778,加速度计,2.5714,6.6038,8.9543,,,,,,,
70086258033820,加速度计,0.0497,11.1372,-1.5125,,,,,,,
70086255538351,陀螺仪,,,,,,,,0.1356,-0.0338,-0.3076
70086268052258,加速度计,0.7937,4.0797,2.0464,,,,,,,
70086278072778,加速度计,-2.3008,8.3564,1.5054,,,,,,,
70086275578351,陀螺仪,,,,,,,,-0.0788,-0.1084,-0.3786
70086288095278,加速度计,-0.7763,5.2289,11.6939,,,,,,,
70086298119445,加速度计,0.6416,8.4617,12.8072,,,,,,,
70086295625851,陀螺仪,,,,,,,,-0.0736,-0.1563,-0.2965
70086308145174,加速度计,-2.1949,9.9090,7.9517,,,,,,,
70086318172049,加速度计,0.9816,6.9581,9.2171,,,,,,,
70086315678976,陀螺仪,,,,,,,,0.0033,-0.1184,-0.2217
70086328199653,加速度计,1.3222,6.2842,1.7358,,,,,,,
70086338227570,加速度计,-2.2045,5.2361,2.5845,,,,,,,
70086335734601,陀螺仪,,,,,,,,-0.0567,-0.1061,-0.1975
70086348254028,加速度计,-1.5036,6.0986,3.0652,,,,,,,
70086358275070,加速度计,0.6542,8.4114,3.9265,,,,,,,
70086355779601,陀螺仪,,,,,,,,-0.1025,-0.1117,-0.1192
70086368292987,加速度计,0.0269,6.6894,7.3095,,,,,,,
70086378310903,加速度计,-1.6532,7.2383,12.5929,,,,,,,
70086375815435,陀螺仪,,,,,,,,-0.1718,-0.1021,-0.0543
70086388328820,加速度计,-1.4347,5.9855,16.9067,,,,,,,
70086398346737,加速度计,-0.5602,6.3548,12.8000,,,,,,,
70086395851268,陀螺仪,,,,,,,,0.1108,-0.0318,0.0715
70086408364653,加速度计,0.1909,8.7185,1.2989,,,,,,,
70086418382987,加速度计,0.4501,4.2976,1.7998,,,,,,,
70086415887935,陀螺仪,,,,,,,,0.1153,0.0023,0.1261
70086428403455,加速度计,-0.1885,8.5389,2.3577,,,,,,,
70086438418455,加速度计,-0.3932,7.7033,4.0510,,,,,,,
70086435922258,陀螺仪,,,,,,,,-0.0111,-0.0237,0.0848
70086448433455,加速度计,-1.6095,9.9198,6.0717,,,,,,,
70086458448455,加速度计,0.8098,5.1769,10.2185,,,,,,,
70086455952258,陀螺仪,,,,,,,,-0.1000,-0.0463,0.1206
70086468463612,加速度计,-0.3783,6.0053,8.1325,,,,,,,
70086478479185,加速度计,-0.7745,7.5196,3.9008,,,,,,,
70086475983195,陀螺仪,,,,,,,,-0.0218,-0.0028,0.1723
70086488495174,加速度计,-0.1437,5.1655,6.3291,,,,,,,
70086498511580,加速度计,0.1149,7.2053,10.1855,,,,,,,
70086496015799,陀螺仪,,,,,,,,-0.0326,0.0380,0.1767
70086508528403,加速度计,-0.4172,6.6074,15.5689,,,,,,,
70086518545643,加速度计,-2.1859,11.4928,6.0035,,,,,,,
70086516050070,陀螺仪,,,,,,,,0.1003,0.0565,0.2625
70086528563299,加速度计,2.2158,7.9009,4.1222,,,,,,,
70086538581372,加速度计,0.4052,7.9134,2.5522,,,,,,,
70086536086008,陀螺仪,,,,,,,,0.0249,0.0675,0.2127
70086548599862,加速度计,-1.3288,6.2052,7.0904,,,,,,,
70086558618768,加速度计,0.1652,8.9795,8.3791,,,,,,,
70086556123612,陀螺仪,,,,,,,,-0.0437,0.0381,0.1554
70086568638091,加速度计,-1.7131,5.2696,9.7504,,,,,,,
70086578657830,加速度计,0.2047,5.2415,4.2611,,,,,,,
70086576162883,陀螺仪,,,,,,,,0.0282,0.0485,0.2080
70086588677987,加速度计,0.8691,6.1782,6.5781,,,,,,,
70086598698403,加速度计,-2.5474,9.3541,13.8505,,,,,,,
70086596203560,陀螺仪,,,,,,,,0.0085,0.0652,0.1807
70086608718820,加速度计,-1.2893,8.6413,12.3792,,,,,,,
70086618739237,加速度计,1.7591,7.7847,5.4917,,,,,,,
70086616244393,陀螺仪,,,,,,,,0.1334,0.0558,0.2848
70086628759653,加速度计,2.3750,5.7036,-3.6087,,,,,,,
70086638779914,加速度计,1.0523,2.8222,-2.4331,,,,,,,
70086636284966,陀螺仪,,,,,,,,-0.0164,0.0810,0.1545
70086648799133,加速度计,-0.5154,3.7002,-1.3072,,,,,,,
70086658817049,加速度计,-0.1975,6.0938,8.2684,,,,,,,
70086656321580,陀螺仪,,,,,,,,-0.1736,0.0654,0.1598
70086668837153,加速度计,1.5874,4.7806,23.6290,,,,,,,
70086678867362,加速度计,0.7877,11.7238,14.3359,,,,,,,
70086676366268,陀螺仪,,,,,,,,0.1629,0.1261,0.1727
70086688863091,加速度计,0.5806,13.0705,-2.1416,,,,,,,
70086698859966,加速度计,-0.0599,5.8598,-0.3819,,,,,,,
70086696359497,陀螺仪,,,,,,,,-0.0377,0.1164,0.1081
70086708858664,加速度计,-1.0020,2.7593,8.0373,,,,,,,
70086718859758,加速度计,0.2747,5.2924,14.9841,,,,,,,
70086716360539,陀螺仪,,,,,,,,-0.0368,0.0563,0.0489
70086728863924,加速度计,-0.8529,10.7278,6.6810,,,,,,,
70086738871580,加速度计,-0.0916,6.6673,4.2437,,,,,,,
70086736374133,陀螺仪,,,,,,,,0.0093,0.0361,0.0108
70086748882987,加速度计,0.3304,2.3727,6.7469,,,,,,,
70086756402570,陀螺仪,,,,,,,,0.0551,-0.0350,-0.0603
70086758898143,加速度计,-0.6794,5.3726,4.1905,,,,,,,
70086768917049,加速度计,0.2915,8.7574,9.2883,,,,,,,
70086778939705,加速度计,-0.4902,8.0529,10.8415,,,,,,,
70086776446008,陀螺仪,,,,,,,,0.0236,-0.0836,-0.1173
70086788965799,加速度计,0.2292,7.6686,9.5774,,,,,,,
70086798994653,加速度计,0.8164,8.2516,9.0351,,,,,,,
70086796502310,陀螺仪,,,,,,,,0.1089,-0.0802,-0.1297
70086809025851,加速度计,0.7368,10.0365,3.9456,,,,,,,
70086819058820,加速度计,1.2683,7.2053,6.9994,,,,,,,
70086816567310,陀螺仪,,,,,,,,0.0553,-0.0463,-0.1260
70086829092883,加速度计,-0.7105,9.0674,1.6430,,,,,,,
70086839127466,加速度计,0.4555,3.3591,5.6904,,,,,,,
70086836636164,陀螺仪,,,,,,,,-0.0952,-0.0648,-0.0630
70086849157674,加速度计,0.4621,6.7828,3.9624,,,,,,,
70086859178716,加速度计,1.0056,4.7058,7.6273,,,,,,,
70086856683247,陀螺仪,,,,,,,,-0.1236,-0.0550,-0.0439
70086869196633,加速度计,-0.3687,6.6248,8.5192,,,,,,,
70086879214549,加速度计,0.4334,5.0721,8.9334,,,,,,,
70086876719080,陀螺仪,,,,,,,,-0.0590,-0.0269,-0.0162
70086889232466,加速度计,-0.3190,7.4777,6.3734,,,,,,,
70086896754914,陀螺仪,,,,,,,,-0.0696,-0.0013,0.0170
70086899250383,加速度计,-0.6351,8.8160,4.0713,,,,,,,
70086909268299,加速度计,0.3208,7.0108,9.5116,,,,,,,
70086919287622,加速度计,-0.5489,7.5944,9.4894,,,,,,,
70086916793091,陀螺仪,,,,,,,,-0.0609,0.0141,0.0644
70086929308976,加速度计,0.8499,6.3650,11.3581,,,,,,,
70086949634176,GPS,,,,31.9441,118.7840,3.3500,87.4000,,,
70086939319393,加速度计,1.2647,7.3095,8.8059,,,,,,,
70086936822049,陀螺仪,,,,,,,,0.0550,0.0308,0.1212
70086949330018,加速度计,1.1768,6.2153,6.5410,,,,,,,
70086956844237,陀螺仪,,,,,,,,0.1003,0.0531,0.0555
70086959341268,加速度计,0.1688,7.5154,3.7535,,,,,,,
70086969353351,加速度计,0.0299,6.9324,6.0920,,,,,,,
70086979366476,加速度计,0.5321,7.2281,7.1563,,,,,,,
70086976869966,陀螺仪,,,,,,,,0.0804,0.0362,0.0140
70086989380851,加速度计,0.2221,8.0409,6.4003,,,,,,,
70086999396476,加速度计,-0.6153,8.9399,4.8387,,,,,,,
70086996900591,陀螺仪,,,,,,,,0.0752,0.0160,0.0264
70087009413351,加速度计,0.9140,8.5575,1.7651,,,,,,,
70087019431476,加速度计,0.5423,4.3700,7.8338,,,,,,,
70087016936216,陀螺仪,,,,,,,,-0.0617,0.0229,-0.0003
70087029450851,加速度计,-0.6416,7.7740,6.2231,,,,,,,
70087039471476,加速度计,0.5734,6.6170,8.5641,,,,,,,
70087036976841,陀螺仪,,,,,,,,-0.0459,0.0407,0.0521
70087049493143,加速度计,1.0062,7.4843,8.6898,,,,,,,
70087059515643,加速度计,0.3783,6.0472,8.8149,,,,,,,
70087057021424,陀螺仪,,,,,,,,0.0285,0.0633,0.0485
70087069538768,加速度计,0.6416,6.4284,4.1108,,,,,,,
70087079562310,加速度计,0.0251,7.8763,4.4730,,,,,,,
70087077068299,陀螺仪,,,,,,,,-0.0047,0.0390,0.0233
70087089586060,加速度计,0.1083,9.2590,8.6395,,,,,,,
70087097115487,陀螺仪,,,,,,,,-0.0658,0.0142,-0.0238
70087099609601,加速度计,1.3180,7.8524,13.0520,,,,,,,
70087109630226,加速度计,0.1466,7.5681,9.3374,,,,,,,
70087119648143,加速度计,1.0002,6.4781,6.0035,,,,,,,
70087117152674,陀螺仪,,,,,,,,0.0214,0.0258,-0.0368
70087129666060,加速度计,0.1305,5.0673,8.7658,,,,,,,
70087139683976,加速度计,-1.0582,6.2076,8.9382,,,,,,,
70087137188508,陀螺仪,,,,,,,,0.0441,0.0176,-0.0127
70087149701893,加速度计,0.7805,6.4512,9.1644,,,,,,,
70087159719810,加速度计,2.3403,6.9330,2.1476,,,,,,,
70087157224341,陀螺仪,,,,,,,,0.1710,0.0027,0.0007
70087169738560,加速度计,1.5000,6.1878,-0.7530,,,,,,,
70087179758508,加速度计,-0.6093,5.9382,-2.1650,,,,,,,
70087189772674,加速度计,0.3250,5.2918,3.0730,,,,,,,
70087177262101,陀螺仪,,,,,,,,-0.0101,-0.0025,-0.0993
70087199786841,加速度计,-0.3531,5.3139,13.9013,,,,,,,
70087197290435,陀螺仪,,,,,,,,-0.1603,-0.0156,-0.0575
70087209801216,加速度计,-0.6381,7.5040,19.9467,,,,,,,
70087219816008,加速度计,0.2957,10.6105,8.9070,,,,,,,
70087217319810,陀螺仪,,,,,,,,0.1631,0.0834,0.0827
70087229831216,加速度计,0.6476,10.3860,-4.2641,,,,,,,
70087239846841,加速度计,1.9040,4.9883,-0.1347,,,,,,,
70087237350851,陀螺仪,,,,,,,,-0.0763,0.0917,0.0431
70087249863091,加速度计,-0.1478,4.5789,11.7124,,,,,,,
70087259880174,加速度计,-0.7560,6.7205,15.4061,,,,,,,
70087257384601,陀螺仪,,,,,,,,-0.0383,0.0594,-0.0234
70087269898091,加速度计,-0.0706,11.0391,4.0624,,,,,,,
70087279916841,加速度计,1.7693,5.6497,3.6326,,,,,,,
70087277421685,陀螺仪,,,,,,,,-0.0220,0.0728,0.0606
70087289936216,加速度计,1.4742,3.1681,5.8993,,,,,,,
70087297461060,陀螺仪,,,,,,,,-0.0505,0.0726,-0.0531
70087299956008,加速度计,-0.5052,5.2696,9.8444,,,,,,,
70087309976216,加速度计,0.8236,8.9471,8.5910,,,,,,,
70087319996841,加速度计,0.4339,7.5735,5.6892,,,,,,,
70087317502101,陀螺仪,,,,,,,,0.0061,0.0566,-0.0193
70087330017674,加速度计,1.4641,5.2786,6.6218,,,,,,,
70087337543768,陀螺仪,,,,,,,,-0.0111,0.0819,-0.0706
70087340038508,加速度计,0.4094,5.9047,5.7533,,,,,,,
70087350059341,加速度计,-1.3162,8.6514,6.7546,,,,,,,
70087360080174,加速度计,0.4723,8.0319,10.9361,,,,,,,
70087357585435,陀螺仪,,,,,,,,-0.0469,0.0538,-0.0433
70087370099966,加速度计,0.1113,6.7983,9.6319,,,,,,,
70087380118299,加速度计,1.2498,6.3225,5.5719,,,,,,,
70087377622830,陀螺仪,,,,,,,,0.0177,0.0619,-0.0533
70087390136216,加速度计,0.3950,7.4496,2.8162,,,,,,,
70087400154133,加速度计,-0.9433,6.9576,9.1674,,,,,,,
70087397658664,陀螺仪,,,,,,,,-0.0582,0.0490,-0.0944
70087410172049,加速度计,0.6794,7.8787,12.8102,,,,,,,
70087420193091,加速度计,0.7440,8.4868,9.8719,,,,,,,
70087417702935,陀螺仪,,,,,,,,0.0529,0.0395,-0.1017
70087430220539,加速度计,-0.2861,7.2514,5.7491,,,,,,,
70087440215122,加速度计,0.6626,6.1333,8.3947,,,,,,,
70087437713924,陀螺仪,,,,,,,,0.0730,0.0338,-0.1264
70087450210955,加速度计,-0.4980,7.5818,6.7253,,,,,,,
70087460208872,加速度计,-0.3400,8.5647,3.8038,,,,,,,
70087457708716,陀螺仪,,,,,,,,0.1064,-0.0194,-0.1611
70087470209497,加速度计,-0.0233,8.0284,2.2907,,,,,,,
70087480213455,加速度计,-0.7482,5.8323,4.9548,,,,,,,
70087477714966,陀螺仪,,,,,,,,-0.0071,-0.0760,-0.2204
70087490221164,加速度计,0.1215,5.4833,7.9918,,,,,,,
70087500232830,加速度计,-1.1827,8.8274,2.5151,,,,,,,
70087497736320,陀螺仪,,,,,,,,0.0349,-0.0933,-0.2147
70087510248664,加速度计,-0.8727,7.0653,3.1909,,,,,,,
70087520268664,加速度计,1.2863,6.5410,4.2114,,,,,,,
70087517774237,陀螺仪,,,,,,,,-0.0515,-0.0920,-0.1977
70087530292622,加速度计,0.3304,5.3690,8.3552,,,,,,,
70087540320122,加速度计,-1.5664,9.4481,10.2891,,,,,,,
70087537827466,陀螺仪,,,,,,,,-0.0756,-0.0931,-0.1364
70087550350539,加速度计,0.4034,8.1020,6.1770,,,,,,,
70087560383247,加速度计,1.9848,6.1812,2.3164,,,,,,,
70087557891737,陀螺仪,,,,,,,,-0.0117,-0.0547,-0.1036
70087570417622,加速度计,-0.1987,5.9478,-0.8434,,,,,,,
70087580452830,加速度计,-1.1558,3.9630,8.7634,,,,,,,
70087577961737,陀螺仪,,,,,,,,-0.2024,-0.0694,-0.1129
70087590488247,加速度计,-0.9140,6.8271,11.3922,,,,,,,
70087600515330,加速度计,-0.4136,8.8089,8.1068,,,,,,,
70087598020070,陀螺仪,,,,,,,,-0.0554,-0.0686,-0.0409
70087610533872,加速度计,-0.2729,6.9833,8.8933,,,,,,,
70087620551997,加速度计,0.0994,5.5827,14.7674,,,,,,,
70087618056528,陀螺仪,,,,,,,,-0.0294,-0.0728,0.0107
70087630569914,加速度计,0.4974,8.0224,15.7790,,,,,,,
70087640587830,加速度计,-1.9010,9.9713,0.1844,,,,,,,
70087638092362,陀螺仪,,,,,,,,0.1790,-0.0429,0.0084
70087650605747,加速度计,0.5590,8.7616,4.0504,,,,,,,
70087660623664,加速度计,1.2001,3.7912,4.1797,,,,,,,
70087658128195,陀螺仪,,,,,,,,0.0133,-0.0591,-0.0389
70087670643664,加速度计,-2.7892,6.2076,16.3578,,,,,,,
70087680663924,加速度计,-1.3497,12.4654,4.7890,,,,,,,
70087678166268,陀螺仪,,,,,,,,0.0811,-0.0623,0.0360
70087690673091,加速度计,0.4729,5.1535,13.5638,,,,,,,
70087700682518,加速度计,2.2200,5.7126,0.3921,,,,,,,
70087698184966,陀螺仪,,,,,,,,0.1904,-0.0479,0.1071
70087710692622,加速度计,0.2412,11.4581,-7.9930,,,,,,,
70087720703820,加速度计,2.1290,7.5579,-10.1161,,,,,,,
70087718206789,陀螺仪,,,,,,,,-0.2859,-0.0578,-0.0391
70087730716268,加速度计,-1.0451,2.6887,15.2888,,,,,,,
70087738233924,陀螺仪,,,,,,,,-0.2245,-0.0009,0.1221
70087740730226,加速度计,0.4345,6.7762,21.6514,,,,,,,
70087750745851,加速度计,0.2975,11.3808,13.8457,,,,,,,
70087760763143,加速度计,0.2753,6.9049,4.1420,,,,,,,
70087758267674,陀螺仪,,,,,,,,-0.0578,0.0702,0.1780
70087770782101,加速度计,1.1055,2.7444,8.0750,,,,,,,
70087780802466,加速度计,-0.4705,6.0681,5.2595,,,,,,,
70087778307726,陀螺仪,,,,,,,,0.0089,0.0523,0.0553
70087790824080,加速度计,-0.2203,9.0489,4.4987,,,,,,,
70087800846685,加速度计,0.1832,5.9430,7.9895,,,,,,,
70087798352466,陀螺仪,,,,,,,,-0.0431,-0.0053,0.0186
70087810870122,加速度计,-0.3831,4.6861,7.4962,,,,,,,
70087820894133,加速度计,0.8326,4.4813,8.4958,,,,,,,
70087818400226,陀螺仪,,,,,,,,0.0607,-0.0258,-0.0234
70087830918560,加速度计,-0.1448,8.6185,7.9230,,,,,,,
70087840943143,加速度计,-0.2125,8.0122,10.4441,,,,,,,
70087838449341,陀螺仪,,,,,,,,0.0920,-0.0454,-0.0590
70087850966164,加速度计,0.6195,6.6373,10.7661,,,,,,,
70087858490174,陀螺仪,,,,,,,,0.1867,-0.0457,-0.1007
70087860985643,加速度计,-0.3262,5.3235,4.9015,,,,,,,
70087871003560,加速度计,0.3525,4.7417,1.6718,,,,,,,
70087881021476,加速度计,0.2065,7.6393,9.2686,,,,,,,
70087878526008,陀螺仪,,,,,,,,0.1814,-0.0419,-0.0852
70087891039393,加速度计,-1.9746,6.2692,4.9524,,,,,,,
70087898561841,陀螺仪,,,,,,,,0.2051,-0.0720,-0.0531
70087901057310,加速度计,1.8735,8.2528,10.2185,,,,,,,
70087911075226,加速度计,-0.5363,12.6354,0.1951,,,,,,,
70087921093924,加速度计,0.2987,6.1884,1.8567,,,,,,,
70087918599705,陀螺仪,,,,,,,,0.0028,-0.1253,-0.1236
70087942593967,GPS,,,,31.9441,118.7841,3.4700,85.2000,,,
70087931119237,加速度计,0.4052,4.5508,5.5952,,,,,,,
70087941126060,加速度计,-1.5413,9.7097,5.1032,,,,,,,
70087938627883,陀螺仪,,,,,,,,-0.1238,-0.1281,-0.1386
70087951133455,加速度计,0.5806,7.9990,10.8942,,,,,,,
70087961141841,加速度计,0.2903,5.0428,12.2469,,,,,,,
70087958644185,陀螺仪,,,,,,,,-0.2031,-0.1025,-0.0458
70087971151476,加速度计,-0.2161,5.8652,8.5228,,,,,,,
70087981162518,加速度计,0.1281,7.7788,2.6444,,,,,,,
70087978665591,陀螺仪,,,,,,,,-0.1124,-0.0916,-0.0085
70087991175226,加速度计,0.5399,5.2888,9.3224,,,,,,,
70088001189758,加速度计,-0.8625,5.6820,10.1610,,,,,,,
70087998693768,陀螺仪,,,,,,,,-0.0640,-0.1087,-0.0174
70088011206372,加速度计,-0.1508,6.8025,5.9466,,,,,,,
70088021224914,加速度计,-0.0006,7.7231,4.6304,,,,,,,
70088018729862,陀螺仪,,,,,,,,0.0214,-0.1032,-0.0005
70088031245122,加速度计,-0.1035,5.3953,9.6696,,,,,,,
70088041266997,加速度计,-0.3442,7.7261,8.0954,,,,,,,
70088038772778,陀螺仪,,,,,,,,0.0418,-0.0832,0.0483
70088051290383,加速度计,0.0862,6.6307,5.4199,,,,,,,
70088061314862,加速度计,0.3202,8.4880,1.6987,,,,,,,
70088058821164,陀螺仪,,,,,,,,0.0382,-0.0747,0.0969
70088071340174,加速度计,0.4525,6.9013,3.7924,,,,,,,
70088081366164,加速度计,0.7835,6.4853,4.6837,,,,,,,
70088078872778,陀螺仪,,,,,,,,-0.1248,-0.0676,0.0668
70088091392414,加速度计,0.2107,5.0506,6.7469,,,,,,,
70088101417101,加速度计,0.9062,6.2734,5.3858,,,,,,,
70088098922674,陀螺仪,,,,,,,,-0.1473,-0.0533,0.0746
70088111437622,加速度计,-0.4770,5.7341,11.2025,,,,,,,
70088121455539,加速度计,-0.5680,7.7189,17.0395,,,,,,,
70088118960070,陀螺仪,,,,,,,,-0.1069,-0.0459,0.1128
70088131473455,加速度计,2.5420,9.3883,18.8442,,,,,,,
70088141491372,加速度计,2.2775,9.4876,5.9819,,,,,,,
70088138995903,陀螺仪,,,,,,,,0.1559,-0.0310,0.0537
70088151509289,加速度计,0.1191,7.1251,4.9255,,,,,,,
70088161527205,加速度计,-0.6955,5.8466,-1.5796,,,,,,,
70088159031737,陀螺仪,,,,,,,,0.1185,-0.0298,-0.0501
70088171549341,加速度计,1.4473,8.0104,-0.2286,,,,,,,
70088181573247,加速度计,0.8248,5.7880,2.6917,,,,,,,
70088179071841,陀螺仪,,,,,,,,-0.1083,-0.0507,-0.0072
70088191567935,加速度计,-2.2799,7.2173,6.9552,,,,,,,
70088201563976,加速度计,0.4136,6.1232,9.9515,,,,,,,
70088199063195,陀螺仪,,,,,,,,-0.1245,-0.0320,0.0828
70088211562205,加速度计,0.7135,8.7951,11.0032,,,,,,,
70088219063768,陀螺仪,,,,,,,,-0.0919,0.0431,0.2589
70088221563195,加速度计,-1.2588,6.9635,12.6007,,,,,,,
70088231567622,加速度计,-0.6973,6.9899,14.2383,,,,,,,
70088241575799,加速度计,1.1851,7.1162,6.5942,,,,,,,
70088239078247,陀螺仪,,,,,,,,0.1272,0.1072,0.3483
70088251587987,加速度计,2.0411,6.1471,4.3215,,,,,,,
70088261604341,加速度计,0.6039,5.8957,-5.3397,,,,,,,
70088259108872,陀螺仪,,,,,,,,0.1204,0.0925,0.2948
70088271624862,加速度计,1.7196,7.1000,-0.2478,,,,,,,
70088279155799,陀螺仪,,,,,,,,-0.2040,0.0654,0.1193
70088281649289,加速度计,-0.1508,5.4211,4.9315,,,,,,,
70088291677205,加速度计,0.0413,3.5141,21.3659,,,,,,,
70088301707935,加速度计,-0.3220,12.2511,5.2074,,,,,,,
70088299215903,陀螺仪,,,,,,,,0.2027,0.1499,0.2205
70088311740903,加速度计,-0.5303,7.7704,0.9301,,,,,,,
70088321775435,加速度计,2.1901,3.3788,5.5007,,,,,,,
70088319284237,陀螺仪,,,,,,,,-0.0498,0.1196,0.2189
70088331810695,加速度计,1.9609,5.2481,7.8410,,,,,,,
70088341846112,加速度计,-1.5730,10.7494,8.3683,,,,,,,
70088339355018,陀螺仪,,,,,,,,-0.0571,0.1349,0.1434
70088351871112,加速度计,0.5339,7.4328,20.0682,,,,,,,
70088359394237,陀螺仪,,,,,,,,0.1144,0.1574,0.2694
70088361889601,加速度计,2.6624,4.9901,15.7323,,,,,,,
70088371907674,加速度计,1.3695,6.1387,3.3178,,,,,,,
70088379430122,陀螺仪,,,,,,,,0.2723,0.1566,0.0642
70088381925591,加速度计,1.3120,5.8472,-0.8392,,,,,,,
70088391943508,加速度计,-1.9207,5.1481,1.3785,,,,,,,
70088401961424,加速度计,-0.4238,6.3105,6.7301,,,,,,,
70088399465955,陀螺仪,,,,,,,,0.0961,0.0723,0.0376
70088411979341,加速度计,2.2386,9.4128,6.1262,,,,,,,
70088422000122,加速度计,0.8314,10.0108,3.0981,,,,,,,
70088419512466,陀螺仪,,,,,,,,0.0594,0.0218,-0.0694
70088432021685,加速度计,0.7799,9.6307,8.7245,,,,,,,
70088442024862,加速度计,0.3855,7.5082,9.9018,,,,,,,
70088439525747,陀螺仪,,,,,,,,-0.1312,-0.0165,-0.1686
70088452028716,加速度计,0.4585,6.1292,13.8349,,,,,,,
70088462033924,加速度计,-0.6788,5.7174,8.4048,,,,,,,
70088459535435,陀螺仪,,,,,,,,-0.0269,-0.0105,-0.1248
70088472041060,加速度计,2.1973,3.3190,8.2301,,,,,,,
70088479552830,陀螺仪,,,,,,,,0.0519,-0.0095,-0.1503
70088482050278,加速度计,0.8835,6.5745,4.6226,,,,,,,
70088492061841,加速度计,0.4681,4.9572,6.2716,,,,,,,
70088502075903,加速度计,0.7458,7.2772,6.2405,,,,,,,
70088499579705,陀螺仪,,,,,,,,0.1119,-0.0537,-0.2521
70088512092466,加速度计,-0.5028,8.1307,4.4035,,,,,,,
70088519616580,陀螺仪,,,,,,,,0.0912,-0.1015,-0.2902
70088522111528,加速度计,0.4884,8.4174,2.0889,,,,,,,
70088532133091,加速度计,0.0066,11.7214,-0.1682,,,,,,,
70088542156893,加速度计,-0.4124,6.1860,9.4888,,,,,,,
70088539663091,陀螺仪,,,,,,,,-0.1555,-0.1571,-0.3003
70088552182518,加速度计,-0.2771,8.5850,7.1090,,,,,,,
70088562209549,加速度计,-0.8487,3.4758,10.6356,,,,,,,
70088559716476,陀螺仪,,,,,,,,-0.1648,-0.1603,-0.2101
70088572237570,加速度计,0.5836,5.1248,13.7822,,,,,,,
70088579773403,陀螺仪,,,,,,,,0.0599,-0.0937,-0.1032
70088582266164,加速度计,0.0754,5.6042,15.2846,,,,,,,
70088592294914,加速度计,1.5371,6.7511,5.5857,,,,,,,
70088599827258,陀螺仪,,,,,,,,0.2052,-0.0784,-0.1605
70088602321060,加速度计,0.4968,9.3942,-0.3837,,,,,,,
70088612341476,加速度计,-0.1562,7.3999,8.0056,,,,,,,
70088622359393,加速度计,0.3759,8.3216,13.2399,,,,,,,
70088619863924,陀螺仪,,,,,,,,0.1190,-0.1388,-0.1844
70088632377310,加速度计,-0.6033,10.1029,7.6046,,,,,,,
70088642395226,加速度计,1.7651,9.2680,1.4329,,,,,,,
70088639899758,陀螺仪,,,,,,,,0.2338,-0.1380,-0.1349
70088652413143,加速度计,0.9301,8.1942,-3.7577,,,,,,,
70088662431060,加速度计,-1.3940,7.7345,2.5385,,,,,,,
70088659935591,陀螺仪,,,,,,,,-0.0386,-0.1514,-0.1955
70088672450539,加速度计,-1.2240,8.2067,4.3173,,,,,,,
70088679972466,陀螺仪,,,,,,,,-0.1852,-0.1429,-0.0575
70088682469080,加速度计,-0.7476,4.4927,10.6560,,,,,,,
70088692482414,加速度计,-2.2248,5.8466,9.6953,,,,,,,
70088699999133,陀螺仪,,,,,,,,-0.0354,-0.0395,0.1860
70088702495747,加速度计,-1.8519,7.0455,12.9856,,,,,,,
70088712509393,加速度计,-0.4034,8.0218,11.0678,,,,,,,
70088720027049,陀螺仪,,,,,,,,0.0913,0.0264,0.3218
70088722523455,加速度计,0.9828,5.9203,8.6640,,,,,,,
70088732538247,加速度计,-0.9559,9.1500,4.4442,,,,,,,
70088740057883,陀螺仪,,,,,,,,0.1093,0.0836,0.3487
70088742553872,加速度计,0.7302,6.4404,7.4998,,,,,,,
70088752570330,加速度计,-1.2623,7.6189,6.8588,,,,,,,
70088760092049,陀螺仪,,,,,,,,0.0972,0.0971,0.4603
70088762587622,加速度计,-1.3018,8.7556,6.4691,,,,,,,
70088772605747,加速度计,1.0415,6.9480,5.1050,,,,,,,
70088780129549,陀螺仪,,,,,,,,0.0566,0.1224,0.4587
70088782624705,加速度计,0.9738,3.9648,4.4897,,,,,,,
70088792644497,加速度计,-0.5549,6.6589,-0.9499,,,,,,,
70088802664810,加速度计,-1.1253,4.1246,1.0552,,,,,,,
70088800169966,陀螺仪,,,,,,,,-0.0768,0.1491,0.4164
70088812685539,加速度计,0.9900,4.1731,1.6251,,,,,,,
70088820212049,陀螺仪,,,,,,,,-0.1951,0.2000,0.4511
70088822706685,加速度计,-1.0020,4.7698,11.6017,,,,,,,
70088832728247,加速度计,-0.4645,5.7323,18.1588,,,,,,,
70088840255383,陀螺仪,,,,,,,,0.1051,0.3132,0.5960
70088842749914,加速度计,-1.4216,10.0443,6.8402,,,,,,,
70088852771580,加速度计,0.0820,7.8673,2.7192,,,,,,,
70088860298299,陀螺仪,,,,,,,,0.0108,0.3389,0.6229
70088862792935,加速度计,1.7490,6.7223,5.6485,,,,,,,
70088872811685,加速度计,-1.0367,6.2770,12.3164,,,,,,,
70088880334133,陀螺仪,,,,,,,,0.0601,0.3439,0.5421
70088882829601,加速度计,-1.1881,12.9885,4.3712,,,,,,,
70088892847518,加速度计,0.3932,8.3210,4.6980,,,,,,,
70088900369966,陀螺仪,,,,,,,,-0.0818,0.2999,0.4952
70088902865435,加速度计,-0.2322,4.4903,7.8656,,,,,,,
70088912883351,加速度计,-1.0056,4.7297,7.6351,,,,,,,
70088922909862,加速度计,0.9301,8.7532,9.1572,,,,,,,
70088920431112,陀螺仪,,,,,,,,-0.0438,0.2710,0.3553
70088941209800,GPS,,,,31.9441,118.7841,3.7200,76.8000,,,
70088932926060,加速度计,-0.8936,8.9334,8.7616,,,,,,,
70088940418612,陀螺仪,,,,,,,,-0.0941,0.2333,0.2843
70088942920018,加速度计,-1.1612,4.0869,11.1869,,,,,,,
70088952915435,加速度计,-0.3561,5.7575,3.7194,,,,,,,
70088960412778,陀螺仪,,,,,,,,-0.0401,0.1939,0.2177
70088962913143,加速度计,2.2613,6.6260,7.7572,,,,,,,
70088972913976,加速度计,0.8428,5.9933,8.2361,,,,,,,
70088982918455,加速度计,0.9050,6.2088,6.2411,,,,,,,
70088980419862,陀螺仪,,,,,,,,-0.0116,0.1862,0.1200
70088992926997,加速度计,1.3431,7.2221,3.7415,,,,,,,
70089000443195,陀螺仪,,,,,,,,-0.0277,0.1494,0.0360
70089002939705,加速度计,0.8918,8.2313,4.2162,,,,,,,
70089012956580,加速度计,1.5927,6.6152,3.7703,,,,,,,
70089020483195,陀螺仪,,,,,,,,-0.1844,0.0925,-0.0771
70089022977622,加速度计,-2.4463,7.8153,2.0686,,,,,,,
70089033002518,加速度计,-0.8260,5.8969,8.7771,,,,,,,
70089040538195,陀螺仪,,,,,,,,-0.2117,0.0013,-0.1206
70089043030851,加速度计,3.5482,7.3478,16.5368,,,,,,,
70089053062205,加速度计,-0.3921,7.6614,13.5578,,,,,,,
70089060604445,陀螺仪,,,,,,,,0.0101,-0.0185,-0.2727
70089063095851,加速度计,1.8489,8.4958,3.7739,,,,,,,
70089073130955,加速度计,0.3974,4.0043,0.2610,,,,,,,
70089080675695,陀螺仪,,,,,,,,-0.1392,-0.1048,-0.3333
70089083166685,加速度计,0.6991,3.5967,1.9471,,,,,,,
70089093202518,加速度计,0.6476,5.5109,15.3576,,,,,,,
70089100731945,陀螺仪,,,,,,,,0.0419,-0.1457,-0.4037
70089103226789,加速度计,0.6788,9.7258,12.9718,,,,,,,
70089113245643,加速度计,2.1632,10.9409,2.7432,,,,,,,
70089120768195,陀螺仪,,,,,,,,0.0073,-0.1843,-0.4290
70089123263664,加速度计,2.4553,5.5839,12.0596,,,,,,,
70089133281580,加速度计,1.1953,0.8625,11.1378,,,,,,,
70089140804028,陀螺仪,,,,,,,,0.3013,-0.1735,-0.4245
70089143299497,加速度计,0.8487,9.8240,5.3606,,,,,,,
70089153317414,加速度计,-0.1329,11.0265,-9.5535,,,,,,,
70089160839862,陀螺仪,,,,,,,,-0.0288,-0.1582,-0.3466
70089163335330,加速度计,2.8072,9.1680,13.1837,,,,,,,
70089173359810,加速度计,-0.2861,5.8395,11.1779,,,,,,,
70089183376164,加速度计,-0.0593,8.9286,8.8861,,,,,,,
70089180876528,陀螺仪,,,,,,,,0.0652,-0.1024,-0.2324
70089193377726,加速度计,-1.1325,8.1439,7.7111,,,,,,,
70089203380330,加速度计,0.1419,6.1962,8.4779,,,,,,,
70089200881112,陀螺仪,,,,,,,,0.0820,-0.0399,-0.0518
70089213384497,加速度计,0.7033,8.1499,5.7599,,,,,,,
70089223390643,加速度计,0.1341,7.0928,6.5033,,,,,,,
70089220892362,陀螺仪,,,,,,,,0.1513,0.0132,0.0142
70089233399185,加速度计,-0.9248,8.3689,2.6606,,,,,,,
70089240913612,陀螺仪,,,,,,,,0.0547,0.0407,0.0996
70089243410539,加速度计,0.2316,7.3945,6.8995,,,,,,,
70089253424810,加速度计,-0.5602,7.4543,5.6000,,,,,,,
70089263441997,加速度计,0.0587,5.3522,7.1078,,,,,,,
70089260946528,陀螺仪,,,,,,,,0.1015,0.0767,0.1454
70089273462101,加速度计,0.7727,6.7528,-1.6281,,,,,,,
70089283484810,加速度计,0.1209,6.4655,-1.1965,,,,,,,
70089280990695,陀螺仪,,,,,,,,-0.0353,0.0740,0.1595
70089293509705,加速度计,-0.6440,4.7818,9.3895,,,,,,,
70089303536685,加速度计,-0.5016,4.7501,25.5174,,,,,,,
70089301043612,陀螺仪,,,,,,,,-0.0948,0.0782,0.1905
70089313565122,加速度计,1.0690,10.2825,15.4258,,,,,,,
70089321101945,陀螺仪,,,,,,,,0.3023,0.1349,0.2929
70089323594497,加速度计,3.0376,7.9092,4.7429,,,,,,,
70089333624393,加速度计,0.1790,5.1152,-5.3708,,,,,,,
70089343654393,加速度计,1.3354,6.0298,-9.0794,,,,,,,
70089341161945,陀螺仪,,,,,,,,0.0582,0.1218,0.1083
70089353678455,加速度计,0.3238,6.1070,9.3188,,,,,,,
70089361202362,陀螺仪,,,,,,,,-0.0921,0.0636,0.0565
70089363697726,加速度计,-0.7925,5.6168,17.6201,,,,,,,
70089373715747,加速度计,1.1552,9.1530,12.2667,,,,,,,
70089381238195,陀螺仪,,,,,,,,0.1039,0.0959,0.0618
70089383733664,加速度计,0.7524,11.3892,1.3988,,,,,,,
70089393751580,加速度计,0.8805,0.6776,6.5188,,,,,,,
70089403769497,加速度计,2.0632,7.7530,0.6817,,,,,,,
70089401274028,陀螺仪,,,,,,,,0.0851,0.1044,0.0345
70089413787414,加速度计,0.9481,11.6897,10.0341,,,,,,,
70089423808924,加速度计,-0.5441,9.4774,13.4399,,,,,,,
70089421315070,陀螺仪,,,,,,,,-0.0724,0.0804,0.0123
70089433825018,加速度计,0.2448,4.4317,13.2088,,,,,,,
70089443838351,加速度计,0.9553,6.3734,4.2539,,,,,,,
70089441341737,陀螺仪,,,,,,,,0.0963,0.0911,0.0545
70089453851685,加速度计,-0.1000,7.2323,1.0977,,,,,,,
70089463865383,加速度计,2.0051,5.7946,9.5128,,,,,,,
70089461368924,陀螺仪,,,,,,,,-0.0214,0.0595,-0.0439
70089473879497,加速度计,1.3509,9.5852,8.1912,,,,,,,
70089483894393,加速度计,0.1592,8.2666,7.8835,,,,,,,
70089481398299,陀螺仪,,,,,,,,-0.0040,0.0397,-0.1260
70089493910122,加速度计,-0.4304,6.4207,5.4085,,,,,,,
70089503926685,加速度计,0.4417,6.3512,6.5906,,,,,,,
70089501431008,陀螺仪,,,,,,,,-0.0734,0.0234,-0.0736
70089513944080,加速度计,1.3497,7.8099,5.4857,,,,,,,
70089523962310,加速度计,0.7649,5.3349,7.1994,,,,,,,
70089521467049,陀螺仪,,,,,,,,-0.1244,0.0250,-0.0880
70089533981372,加速度计,0.1580,6.1178,7.4208,,,,,,,
70089544001268,加速度计,0.2807,5.7233,6.8420,,,,,,,
70089541506372,陀螺仪,,,,,,,,-0.1325,0.0399,-0.0621
70089554021633,加速度计,0.9397,4.7663,7.4974,,,,,,,
70089564042414,加速度计,1.0325,5.6162,3.1113,,,,,,,
70089561547726,陀螺仪,,,,,,,,-0.0687,0.0688,-0.0296
70089574063612,加速度计,1.3473,3.3830,8.0397,,,,,,,
70089584085226,加速度计,-0.5225,4.1803,7.3107,,,,,,,
70089581590695,陀螺仪,,,,,,,,-0.0032,0.1096,-0.0081
70089594106893,加速度计,0.7554,6.7780,5.5557,,,,,,,
70089604128560,加速度计,0.5974,11.5155,5.1086,,,,,,,
70089601633924,陀螺仪,,,,,,,,0.0366,0.1334,0.0796
70089614149497,加速度计,1.3024,10.1245,3.4093,,,,,,,
70089624167778,加速度计,2.0297,6.9198,3.1933,,,,,,,
70089621672310,陀螺仪,,,,,,,,-0.1055,0.1405,0.0290
70089634185695,加速度计,-1.1534,5.0069,10.1544,,,,,,,
70089644203612,加速度计,-0.9661,5.1392,13.0885,,,,,,,
70089641708143,陀螺仪,,,,,,,,-0.1125,0.1750,0.0827
70089654221528,加速度计,-0.4645,5.0045,11.7053,,,,,,,
70089664239445,加速度计,-0.9888,8.4455,0.4064,,,,,,,
70089661744810,陀螺仪,,,,,,,,0.0627,0.2284,0.2079
70089674274133,加速度计,0.3029,4.3084,9.8007,,,,,,,
70089684279549,加速度计,-0.7446,8.9136,8.1193,,,,,,,
70089681777726,陀螺仪,,,,,,,,0.0629,0.2280,0.1443
70089694272362,加速度计,0.4729,9.4367,10.5572,,,,,,,
70089704266737,加速度计,-1.3354,10.1466,5.0512,,,,,,,
70089701765747,陀螺仪,,,,,,,,0.0855,0.1744,0.1111
70089714263508,加速度计,-1.7974,6.0160,4.8662,,,,,,,
70089724263508,加速度计,0.6734,7.2712,6.8109,,,,,,,
70089721764185,陀螺仪,,,,,,,,-0.0068,0.1254,0.0419
70089734267570,加速度计,-0.3310,9.0237,8.1110,,,,,,,
70089744276164,加速度计,-1.4808,9.5583,7.6608,,,,,,,
70089741779080,陀螺仪,,,,,,,,-0.0218,0.0686,-0.0182
70089754289341,加速度计,-0.0078,6.8486,4.2892,,,,,,,
70089764307101,加速度计,0.4603,4.8991,8.0936,,,,,,,
70089761812258,陀螺仪,,,,,,,,-0.0790,0.0491,-0.0742
70089774329080,加速度计,-1.1055,5.5623,9.5104,,,,,,,
70089784355226,加速度计,0.1125,11.1055,4.2054,,,,,,,
70089781862362,陀螺仪,,,,,,,,-0.0137,0.0352,-0.0710
70089794384810,加速度计,2.7390,7.9924,9.5762,,,,,,,
70089804417362,加速度计,-0.4154,8.0421,8.6910,,,,,,,
70089801925903,陀螺仪,,,,,,,,-0.0871,0.0124,-0.1369
70089814452101,加速度计,-0.1185,2.8335,11.6628,,,,,,,
70089824488195,加速度计,2.5193,8.3378,0.9409,,,,,,,
70089821997414,陀螺仪,,,,,,,,0.0658,0.0031,-0.1594
70089834525174,加速度计,0.5285,5.5557,3.9648,,,,,,,
70089844562258,加速度计,-0.6494,7.0419,9.5176,,,,,,,
70089842069341,陀螺仪,,,,,,,,-0.0807,-0.0385,-0.2437
70089854583664,加速度计,-0.9355,3.7170,17.2329,,,,,,,
70089864602101,加速度计,2.3421,9.5271,6.1908,,,,,,,
70089862106685,陀螺仪,,,,,,,,0.1859,-0.0699,-0.1858
70089874620070,加速度计,2.3439,6.3225,-0.4705,,,,,,,
70089884637987,加速度计,1.9650,6.7373,-5.3331,,,,,,,
70089882142518,陀螺仪,,,,,,,,0.1623,-0.0779,-0.3151
70089894655903,加速度计,1.0074,4.7669,-9.8108,,,,,,,
70089904673820,加速度计,-1.5209,3.2022,18.2426,,,,,,,
70089902178351,陀螺仪,,,,,,,,-0.2700,-0.1059,-0.3826
70089914691737,加速度计,-0.5938,6.8181,18.9327,,,,,,,
70089924732674,加速度计,0.2346,7.4879,16.2171,,,,,,,
70089922231685,陀螺仪,,,,,,,,0.1208,-0.0731,-0.2033
70089934728508,加速度计,1.8471,13.5835,-4.4562,,,,,,,
70089943660737,GPS,,,,31.9441,118.7841,4.0600,52.0000,,,
70089944725174,加速度计,1.3001,4.8117,0.8104,,,,,,,
70089942224810,陀螺仪,,,,,,,,0.1064,0.0201,-0.1654
70089954723508,加速度计,-0.2029,5.2235,2.6342,,,,,,,
70089964723924,加速度计,-1.3018,7.1724,11.1953,,,,,,,
70089962224810,陀螺仪,,,,,,,,-0.0069,-0.0132,-0.2053
70089974727258,加速度计,-1.6161,11.5538,7.1257,,,,,,,
70089984733924,加速度计,1.1360,9.5439,4.3467,,,,,,,
70089982236580,陀螺仪,,,,,,,,0.0027,-0.0253,-0.0625
70089994744341,加速度计,0.3849,6.0873,7.8883,,,,,,,
70090004758508,加速度计,-1.1277,5.9987,8.5748,,,,,,,
70090002263039,陀螺仪,,,,,,,,-0.0057,-0.0200,-0.1206
70090014776424,加速度计,-0.8284,8.2271,7.0336,,,,,,,
70090024798091,加速度计,-0.7057,8.4138,4.8321,,,,,,,
70090022304393,陀螺仪,,,,,,,,-0.0186,-0.0465,-0.0965
70090034823091,加速度计,-1.8950,7.6178,6.9270,,,,,,,
70090044851008,加速度计,-0.7350,5.3026,8.2510,,,,,,,
70090042358664,陀螺仪,,,,,,,,-0.0856,-0.0622,-0.0828
70090054881424,加速度计,-2.0476,7.0737,6.2710,,,,,,,
70090064913924,加速度计,0.5279,7.7446,6.8773,,,,,,,
70090062422414,陀螺仪,,,,,,,,-0.0852,-0.0724,-0.0391
70090074947674,加速度计,-0.5321,4.7309,7.2814,,,,,,,
70090084981841,加速度计,-1.3797,5.6629,2.1997,,,,,,,
70090082490435,陀螺仪,,,,,,,,-0.1217,-0.0635,-0.0189
70090095016008,加速度计,1.5275,6.0759,1.4198,,,,,,,
70090105036008,加速度计,-2.2170,5.2499,8.4198,,,,,,,
70090102540643,陀螺仪,,,,,,,,-0.3025,-0.0735,0.0064
70090115054341,加速度计,0.0515,5.4737,19.3553,,,,,,,
70090125072258,加速度计,1.2881,8.0481,21.4161,,,,,,,
70090122576789,陀螺仪,,,,,,,,-0.0554,-0.0402,0.0724
70090135090174,加速度计,-0.3496,9.4218,4.9775,,,,,,,
70090145108091,加速度计,0.1191,4.4628,2.0901,,,,,,,
70090142612622,陀螺仪,,,,,,,,0.0710,-0.0178,0.0523
70090155126008,加速度计,-0.1969,6.3482,-2.3020,,,,,,,
70090165143924,加速度计,0.2029,6.3285,12.6911,,,,,,,
70090162649497,陀螺仪,,,,,,,,-0.0971,-0.0711,-0.0298
70090175176737,加速度计,-0.8140,8.9693,15.3253,,,,,,,
70090185180903,加速度计,0.1664,6.7355,8.7939,,,,,,,
70090182682101,陀螺仪,,,,,,,,0.0992,-0.0987,-0.0270
70090195185487,加速度计,1.9237,6.8887,-0.9397,,,,,,,
70090205190903,加速度计,-0.1682,3.6212,1.7735,,,,,,,
70090202692622,陀螺仪,,,,,,,,0.0305,-0.0943,-0.0723
70090215197570,加速度计,-0.3490,8.1690,7.9452,,,,,,,
70090225205903,加速度计,0.3196,7.3556,13.1370,,,,,,,
70090222708560,陀螺仪,,,,,,,,0.0334,-0.1131,-0.0446
70090235216320,加速度计,0.4956,10.3603,4.6819,,,,,,,
70090245229237,加速度计,1.6915,6.1166,8.3288,,,,,,,
70090242733143,陀螺仪,,,,,,,,0.0498,-0.0913,-0.0198
70090255244653,加速度计,-0.2173,7.8183,7.9122,,,,,,,
70090265262570,加速度计,0.0796,7.2437,7.9727,,,,,,,
70090262767726,陀螺仪,,,,,,,,0.0863,-0.0947,-0.0674
70090275282987,加速度计,-0.2532,8.8550,3.2232,,,,,,,
70090285305487,加速度计,-0.0455,7.2419,3.0442,,,,,,,
70090282811685,陀螺仪,,,,,,,,0.0531,-0.1357,-0.1173
70090295330070,加速度计,0.5980,5.6156,6.0412,,,,,,,
70090305356320,加速度计,-0.0329,6.6996,4.1976,,,,,,,
70090302863247,陀螺仪,,,,,,,,0.0071,-0.1747,-0.1558
70090315383820,加速度计,0.2005,8.4623,4.7513,,,,,,,
70090325412153,加速度计,1.1762,5.7563,8.9076,,,,,,,
70090322919393,陀螺仪,,,,,,,,-0.0451,-0.1682,-0.1109
70090335440903,加速度计,1.1049,7.2520,11.5185,,,,,,,
70090345469653,加速度计,-0.5207,7.5723,9.1213,,,,,,,
70090342974393,陀螺仪,,,,,,,,0.0575,-0.1093,-0.0425
70090355488403,加速度计,0.0227,7.2688,4.7250,,,,,,,
70090365506737,加速度计,0.9954,6.3135,0.9134,,,,,,,
70090363011268,陀螺仪,,,,,,,,0.0818,-0.0901,0.0212
70090375524653,加速度计,0.2921,5.6683,3.6422,,,,,,,
70090385542570,加速度计,-1.2384,5.9747,10.9008,,,,,,,
70090383047101,陀螺仪,,,,,,,,-0.0395,-0.0842,0.0475
70090395560487,加速度计,-0.0832,4.9518,15.5509,,,,,,,
70090405578403,加速度计,0.2388,8.1768,6.0825,,,,,,,
70090403082935,陀螺仪,,,,,,,,0.2192,-0.0264,0.2589
70090415596320,加速度计,2.0985,8.5593,0.3992,,,,,,,
70090423122518,陀螺仪,,,,,,,,0.0991,0.0087,0.1479
70090425619028,加速度计,0.5848,11.4359,-5.1487,,,,,,,
70090435632778,加速度计,-0.5776,5.6156,4.1144,,,,,,,
70090445646528,加速度计,-1.6694,6.3680,13.0125,,,,,,,
70090443150018,陀螺仪,,,,,,,,-0.2020,-0.0293,0.1506
70090455660330,加速度计,-0.3484,6.0891,17.5770,,,,,,,
70090463178247,陀螺仪,,,,,,,,0.0852,0.0961,0.4061
70090465674549,加速度计,-0.0132,8.5293,15.0667,,,,,,,
70090475689185,加速度计,-0.1275,9.9395,2.4822,,,,,,,
70090485704289,加速度计,1.8328,6.4129,5.3582,,,,,,,
70090483208299,陀螺仪,,,,,,,,0.0687,0.1340,0.3694
70090495720226,加速度计,-1.2264,7.3173,6.3303,,,,,,,
70090503241424,陀螺仪,,,,,,,,0.0441,0.0979,0.2788
70090505736997,加速度计,-1.0223,7.8027,9.3649,,,,,,,
70090515754601,加速度计,0.2089,8.5425,7.2083,,,,,,,
70090525773039,加速度计,-0.6333,7.3227,3.4548,,,,,,,
70090523277883,陀螺仪,,,,,,,,0.0699,0.1067,0.3310
70090535792310,加速度计,0.3621,7.1826,0.6273,,,,,,,
70090543317518,陀螺仪,,,,,,,,-0.0473,0.1099,0.2417
70090545812362,加速度计,2.3457,6.1818,7.0078,,,,,,,
70090555832830,加速度计,-1.0002,7.6010,7.4232,,,,,,,
70090565853716,加速度计,-0.9134,7.0814,11.7657,,,,,,,
70090563359080,陀螺仪,,,,,,,,-0.0995,0.1313,0.2947
70090575874966,加速度计,0.7416,5.3678,9.7312,,,,,,,
70090583401580,陀螺仪,,,,,,,,0.0045,0.1868,0.3682
70090585896216,加速度计,0.8110,5.5450,2.6683,,,,,,,
70090595917466,加速度计,1.4084,5.1661,1.6077,,,,,,,
70090605938612,加速度计,0.3549,5.5958,10.6662,,,,,,,
70090603443768,陀螺仪,,,,,,,,-0.1127,0.1901,0.2921
70090615958768,加速度计,1.1803,4.6136,15.4582,,,,,,,
70090623481580,陀螺仪,,,,,,,,0.1036,0.2037,0.2780
70090625977049,加速度计,1.5215,9.0214,6.1423,,,,,,,
70090635994966,加速度计,1.0517,7.5591,1.1738,,,,,,,
70090643517414,陀螺仪,,,,,,,,-0.0378,0.1991,0.1870
70090646012883,加速度计,2.1476,4.5310,0.2029,,,,,,,
70090656030799,加速度计,1.3156,3.6733,8.8376,,,,,,,
70090666049497,加速度计,-0.0688,6.1022,16.4996,,,,,,,
70090663555591,陀螺仪,,,,,,,,-0.0308,0.1764,0.0387
70090676087674,加速度计,0.9128,8.3450,9.6624,,,,,,,
70090683581789,陀螺仪,,,,,,,,0.1097,0.1743,0.0708
70090686082778,加速度计,1.1343,7.5172,4.4353,,,,,,,
70090696078820,加速度计,2.0423,4.3299,8.5838,,,,,,,
70090703576685,陀螺仪,,,,,,,,0.1377,0.1707,-0.0479
70090706076633,加速度计,0.7105,5.2930,7.3221,,,,,,,
70090716076997,加速度计,-0.9960,9.6953,3.0251,,,,,,,
70090726080330,加速度计,1.4982,9.4002,5.8155,,,,,,,
70090723581945,陀螺仪,,,,,,,,0.0734,0.1105,-0.0908
70090736087049,加速度计,1.3318,7.1652,8.8143,,,,,,,
70090743601164,陀螺仪,,,,,,,,0.0650,0.0743,-0.1668
70090746097570,加速度计,0.1724,7.0988,7.6878,,,,,,,
70090756112205,加速度计,0.6985,9.4697,5.2038,,,,,,,
70090766130591,加速度计,-0.5471,8.5599,3.8690,,,,,,,
70090763636060,陀螺仪,,,,,,,,0.0125,0.0346,-0.2028
70090776152674,加速度计,1.5736,5.5970,6.4015,,,,,,,
70090786178039,加速度计,-0.4130,8.5246,6.2938,,,,,,,
70090783685070,陀螺仪,,,,,,,,-0.0482,0.0017,-0.2606
70090796206268,加速度计,-1.3479,8.6048,8.9830,,,,,,,
70090803745122,陀螺仪,,,,,,,,-0.0581,0.0013,-0.2570
70090806236945,加速度计,1.5927,7.8308,6.8097,,,,,,,
70090816269601,加速度计,0.0443,7.3604,6.6936,,,,,,,
70090823812153,陀螺仪,,,,,,,,-0.0933,-0.0160,-0.2105
70090826303455,加速度计,-0.1359,7.6399,6.7924,,,,,,,
70090836338039,加速度计,1.6472,6.0531,8.3623,,,,,,,
70090843876789,陀螺仪,,,,,,,,-0.0629,-0.0125,-0.2317
70090846371112,加速度计,-0.1963,6.5601,6.2746,,,,,,,
70090856393091,加速度计,0.6644,6.7888,5.3073,,,,,,,
70090863915903,陀螺仪,,,,,,,,-0.0559,-0.0182,-0.2274
70090866411372,加速度计,0.6027,5.8442,5.2631,,,,,,,
70090876429289,加速度计,-0.9517,7.7638,6.9659,,,,,,,
70090886447205,加速度计,-0.0389,6.7959,10.8517,,,,,,,
70090883951737,陀螺仪,,,,,,,,-0.0586,-0.0419,-0.2161
70090896465122,加速度计,-0.4441,5.4845,10.1610,,,,,,,
70090903987570,陀螺仪,,,,,,,,0.0707,-0.0365,-0.1534
70090906483039,加速度计,0.4561,8.2049,5.4486,,,,,,,
70090916501424,加速度计,1.6723,8.2067,2.4684,,,,,,,
70090926525851,加速度计,-0.1443,6.5811,5.5294,,,,,,,
70090924028403,陀螺仪,,,,,,,,-0.0513,-0.0109,-0.1900
70090946044331,GPS,,,,31.9441,118.7842,3.5900,53.6000,,,
70090936535851,加速度计,-2.5355,4.7932,13.3429,,,,,,,
70090944048612,陀螺仪,,,,,,,,0.1013,-0.0530,-0.0606
70090946545955,加速度计,-0.8182,6.5469,12.2445,,,,,,,
70090956556580,加速度计,3.0969,7.9188,0.3077,,,,,,,
70090966568039,加速度计,0.8841,6.4542,-4.4311,,,,,,,
70090964071112,陀螺仪,,,,,,,,0.0935,-0.0230,-0.1005
70090976580435,加速度计,0.6877,5.3343,-6.6948,,,,,,,
70090986594080,加速度计,-1.8459,5.5258,4.6232,,,,,,,
70090984097778,陀螺仪,,,,,,,,-0.2360,-0.0401,-0.1690
70090996608976,加速度计,-1.7346,7.5441,16.9599,,,,,,,
70091004129653,陀螺仪,,,,,,,,-0.0684,-0.0262,-0.0124
70091006625226,加速度计,2.6324,9.5170,25.7239,,,,,,,
70091016643039,加速度计,-0.8721,10.0598,7.2287,,,,,,,
70091026662101,加速度计,-0.1197,6.8486,-1.8316,,,,,,,
70091024167153,陀螺仪,,,,,,,,0.0844,0.0931,0.0286
70091036682414,加速度计,-0.2394,4.2533,-2.0417,,,,,,,
70091044209445,陀螺仪,,,,,,,,-0.1273,0.0451,0.0125
70091046703872,加速度计,-2.1093,6.7008,8.8867,,,,,,,
70091056726164,加速度计,-1.6436,9.7695,15.2786,,,,,,,
70091066749185,加速度计,0.1975,9.3230,12.6516,,,,,,,
70091064255070,陀螺仪,,,,,,,,-0.0117,-0.0357,0.0419
70091076772622,加速度计,2.5157,5.4408,6.0699,,,,,,,
70091086796372,加速度计,-0.3286,5.7281,2.3834,,,,,,,
70091084302362,陀螺仪,,,,,,,,0.0818,0.0024,-0.0811
70091096820122,加速度计,-2.6683,8.1971,4.6573,,,,,,,
70091106843247,加速度计,0.9200,7.7357,16.1627,,,,,,,
70091104348612,陀螺仪,,,,,,,,0.0065,-0.0330,-0.0535
70091116863664,加速度计,-0.6901,9.2249,9.6989,,,,,,,
70091126881580,加速度计,-0.4046,6.6230,8.1307,,,,,,,
70091124386112,陀螺仪,,,,,,,,0.1109,-0.0264,-0.0308
70091136899497,加速度计,-0.2466,7.0413,-0.9218,,,,,,,
70091146917414,加速度计,0.6267,6.1884,2.1027,,,,,,,
70091144421945,陀螺仪,,,,,,,,0.0411,-0.0182,-0.0296
70091156935330,加速度计,-1.0439,6.0813,5.6210,,,,,,,
70091166953664,加速度计,-1.8172,6.0436,7.1994,,,,,,,
70091164458612,陀螺仪,,,,,,,,-0.0547,-0.0383,-0.0204
70091176975174,加速度计,-0.0275,6.7199,7.8727,,,,,,,
70091186989341,加速度计,-0.2221,7.3370,8.8981,,,,,,,
70091184492935,陀螺仪,,,,,,,,-0.0325,-0.0483,0.0418
70091197003508,加速度计,-0.4130,6.4344,10.6925,,,,,,,
70091207017778,加速度计,-0.2687,7.2574,9.5068,,,,,,,
70091204521476,陀螺仪,,,,,,,,0.0719,-0.0305,0.0455
70091217032466,加速度计,-0.4429,7.3292,4.1569,,,,,,,
70091224551476,陀螺仪,,,,,,,,0.0623,-0.0368,0.0415
70091227047570,加速度计,-0.5686,6.1734,3.7278,,,,,,,
70091237063091,加速度计,-0.4124,5.4265,5.8335,,,,,,,
70091247079133,加速度计,0.1047,6.5218,6.4721,,,,,,,
70091244583351,陀螺仪,,,,,,,,0.0262,-0.0411,0.0502
70091264892039,GPS,,,,31.9441,118.7842,3.5900,53.6000,,,
70091257096008,加速度计,-0.7859,5.7832,7.1072,,,,,,,
70091267113716,加速度计,0.0718,6.4602,5.9664,,,,,,,
70091264618351,陀螺仪,,,,,,,,0.0168,-0.0489,0.0747
70091277132258,加速度计,1.3234,4.6974,9.7462,,,,,,,
70091287151528,加速度计,0.1413,9.0495,8.7700,,,,,,,
70091284656476,陀螺仪,,,,,,,,0.1076,-0.0274,0.0676
70091297171216,加速度计,0.2083,8.4659,9.8521,,,,,,,
70091307191320,加速度计,1.0977,9.5211,5.8688,,,,,,,
70091304696476,陀螺仪,,,,,,,,0.1454,-0.0188,0.0609
70091317211841,加速度计,0.9451,4.9554,5.4821,,,,,,,
70091327232674,加速度计,-0.2280,8.0092,2.8587,,,,,,,
70091324737935,陀螺仪,,,,,,,,0.0587,-0.0115,0.0362
70091337253508,加速度计,0.9002,6.1106,8.3061,,,,,,,
70091347274341,加速度计,0.7955,8.6341,6.2722,,,,,,,
70091344779601,陀螺仪,,,,,,,,0.0543,-0.0095,0.0281
70091357295174,加速度计,-0.1856,8.4976,4.3401,,,,,,,
70091364820226,陀螺仪,,,,,,,,-0.0273,-0.0181,-0.0027
70091367315487,加速度计,1.6316,6.4195,4.9793,,,,,,,
70091377334133,加速度计,0.2765,7.3945,5.9831,,,,,,,
70091387352362,加速度计,0.8152,7.0473,9.1836,,,,,,,
70091384856893,陀螺仪,,,,,,,,-0.0820,0.0036,-0.0121
70091397370278,加速度计,0.7003,8.5323,7.2508,,,,,,,
70091407388195,加速度计,0.0431,8.8454,1.7280,,,,,,,
70091404892726,陀螺仪,,,,,,,,-0.0550,0.0353,0.0178
70091417407778,加速度计,2.1769,7.6459,7.1389,,,,,,,
70091427443403,加速度计,-0.2113,6.1280,8.0762,,,,,,,
70091424941685,陀螺仪,,,,,,,,-0.1525,0.0406,0.0305
70091437436528,加速度计,-0.5698,4.9255,7.8721,,,,,,,
70091447430695,加速度计,0.9738,7.9535,1.9375,,,,,,,
70091444929601,陀螺仪,,,,,,,,-0.1261,0.0515,0.0498
70091457426737,加速度计,1.6125,3.9726,5.2678,,,,,,,
70091467425487,加速度计,-1.0427,5.7814,13.6643,,,,,,,
70091464925851,陀螺仪,,,,,,,,-0.1772,0.0433,0.0318
70091477427674,加速度计,-0.0281,7.6483,20.0054,,,,,,,
70091487433716,加速度计,2.4756,10.6937,10.4902,,,,,,,
70091484936060,陀螺仪,,,,,,,,0.1048,0.0466,0.0474
70091497444028,加速度计,0.3041,8.3534,-2.5606,,,,,,,
70091507458924,加速度计,1.5077,3.8343,-2.2972,,,,,,,
70091504963560,陀螺仪,,,,,,,,0.0052,0.0537,-0.0807
70091517478299,加速度计,0.7380,4.0636,0.3861,,,,,,,
70091527501737,加速度计,-0.2089,4.8961,4.6495,,,,,,,
70091525008351,陀螺仪,,,,,,,,-0.2486,0.0234,-0.0498
70091537528820,加速度计,0.8799,7.3987,18.9597,,,,,,,
70091547559133,加速度计,3.3255,7.4537,21.4221,,,,,,,
70091545067310,陀螺仪,,,,,,,,-0.0386,0.0322,-0.0376
70091557592153,加速度计,3.5554,8.7119,7.5800,,,,,,,
70091567627049,加速度计,-0.0940,7.3406,-0.4585,,,,,,,
70091565136060,陀螺仪,,,,,,,,0.1804,0.0577,-0.2019
70091577662987,加速度计,0.3148,6.0968,1.4844,,,,,,,
70091587699237,加速度计,-0.9062,7.3251,8.8981,,,,,,,
70091585208351,陀螺仪,,,,,,,,0.0032,0.0003,-0.2249
70091597731320,加速度计,-0.5692,10.6446,6.9168,,,,,,,
70091607750487,加速度计,2.5049,8.7807,8.5934,,,,,,,
70091605255018,陀螺仪,,,,,,,,-0.0141,-0.0463,-0.2109
70091617768403,加速度计,2.0273,3.8642,8.8298,,,,,,,
70091625290851,陀螺仪,,,,,,,,0.0567,-0.0438,-0.3084
70091627786320,加速度计,-0.6093,6.5320,6.3925,,,,,,,
70091637804237,加速度计,-1.0139,7.6082,4.3946,,,,,,,
70091647822153,加速度计,0.9104,8.0044,8.5198,,,,,,,
70091645326685,陀螺仪,,,,,,,,0.0176,-0.0763,-0.2854
70091657840070,加速度计,-0.4453,5.4767,7.7662,,,,,,,
70091667859028,加速度计,0.4435,6.9570,4.1264,,,,,,,
70091665364601,陀螺仪,,,,,,,,0.0449,-0.0993,-0.2870
70091677887414,加速度计,-0.1317,6.8618,1.9040,,,,,,,
70091687891685,加速度计,-1.3982,7.2095,6.0669,,,,,,,
70091685392883,陀螺仪,,,,,,,,-0.0494,-0.1276,-0.2822
70091697896476,加速度计,0.2221,5.4163,12.4804,,,,,,,
70091707902205,加速度计,0.0814,7.9386,9.0644,,,,,,,
70091705403924,陀螺仪,,,,,,,,-0.0032,-0.1142,-0.2198
70091717909289,加速度计,-0.1353,6.6182,8.1738,,,,,,,
70091727918143,加速度计,0.6195,4.7848,2.3936,,,,,,,
70091725420799,陀螺仪,,,,,,,,0.0997,-0.0730,-0.1365
70091737929185,加速度计,-0.3424,5.1589,1.7119,,,,,,,
70091747942726,加速度计,-1.2959,4.8937,12.2846,,,,,,,
70091745446633,陀螺仪,,,,,,,,-0.0092,-0.0711,-0.1020
70091757958768,加速度计,0.6357,8.2319,15.8652,,,,,,,
70091767977310,加速度计,-0.0311,9.9365,8.3941,,,,,,,
70091765482466,陀螺仪,,,,,,,,0.2316,-0.0337,-0.0097
70091777998247,加速度计,1.0145,10.7895,-0.3944,,,,,,,
70091788021268,加速度计,0.6243,4.7483,-0.5962,,,,,,,
70091785527466,陀螺仪,,,,,,,,0.0768,-0.0142,-0.0594
70091798046268,加速度计,-0.2646,5.6300,14.2359,,,,,,,
70091808072830,加速度计,-0.8475,7.7165,13.8624,,,,,,,
70091805579758,陀螺仪,,,,,,,,0.1132,0.0111,-0.0212
70091818100539,加速度计,-0.9218,10.0946,2.1458,,,,,,,
70091828128976,加速度计,1.4760,4.4580,3.4465,,,,,,,
70091825636216,陀螺仪,,,,,,,,0.0816,0.0158,0.0727
70091838157726,加速度计,0.5339,3.8307,5.9029,,,,,,,
70091848184080,加速度计,-0.5596,9.9222,8.4455,,,,,,,
70091845688924,陀螺仪,,,,,,,,0.0622,0.0084,-0.0294
70091858202935,加速度计,0.2687,10.1718,11.9997,,,,,,,
70091868220851,加速度计,-0.2125,9.9479,0.8769,,,,,,,
70091865725383,陀螺仪,,,,,,,,0.0469,-0.0052,0.0032
70091878238768,加速度计,1.0397,4.1186,5.2762,,,,,,,
70091888256685,加速度计,0.0335,6.8342,0.1502,,,,,,,
70091885761216,陀螺仪,,,,,,,,-0.0495,-0.0176,-0.0776
70091898274601,加速度计,-0.9792,7.4573,4.9823,,,,,,,
70091908292518,加速度计,-0.5674,6.7630,10.2663,,,,,,,
70091905797049,陀螺仪,,,,,,,,-0.1848,-0.0626,-0.0550
70091918310851,加速度计,0.8158,6.9504,12.5480,,,,,,,
70091941027716,GPS,,,,31.9441,118.7842,3.4800,82.4000,,,
70091928331112,加速度计,-0.9487,6.2860,8.4713,,,,,,,
70091925835018,陀螺仪,,,,,,,,-0.0597,-0.0535,-0.0670
70091938346528,加速度计,0.4286,8.5485,6.1190,,,,,,,
70091948361945,加速度计,-0.0221,5.7724,7.0892,,,,,,,
70091945865851,陀螺仪,,,,,,,,-0.0419,-0.0550,-0.0816
70091958377362,加速度计,-1.2043,8.7287,4.0432,,,,,,,
70091968392935,加速度计,0.9385,4.6609,12.4762,,,,,,,
70091965896945,陀螺仪,,,,,,,,-0.0276,-0.0736,-0.0912
70091978408924,加速度计,0.1634,7.7590,5.9526,,,,,,,
70091988425330,加速度计,-0.1508,6.9689,2.4379,,,,,,,
70091985929549,陀螺仪,,,,,,,,0.0391,-0.0799,-0.0634
70091998442153,加速度计,-0.5489,7.0976,4.1869,,,,,,,
70092008459393,加速度计,-0.8673,6.4332,13.0095,,,,,,,
70092005963820,陀螺仪,,,,,,,,-0.0525,-0.0872,-0.0831
70092018477049,加速度计,-0.9074,8.6538,12.2924,,,,,,,
70092025999758,陀螺仪,,,,,,,,0.1202,-0.0917,0.0383
70092028495122,加速度计,1.3503,7.3891,5.5348,,,,,,,
70092038513612,加速度计,2.3062,6.5888,-5.3983,,,,,,,
70092046037362,陀螺仪,,,,,,,,-0.0242,-0.0755,-0.0746
70092048532518,加速度计,0.9924,4.8351,-2.5654,,,,,,,
70092058551841,加速度计,-0.9643,7.3867,-2.6755,,,,,,,
70092068571580,加速度计,-1.4611,6.7720,11.7118,,,,,,,
70092066076633,陀螺仪,,,,,,,,-0.3153,-0.0980,-0.0510
70092078591580,加速度计,0.9511,7.3017,21.0025,,,,,,,
70092088611580,加速度计,-0.3567,8.9388,15.4282,,,,,,,
70092086116633,陀螺仪,,,,,,,,-0.0138,-0.0272,0.0674
70092098631580,加速度计,-0.1658,8.9232,1.5730,,,,,,,
70092108651580,加速度计,0.3065,7.2616,5.8927,,,,,,,
70092106156633,陀螺仪,,,,,,,,-0.0402,-0.0029,0.0534
70092118671580,加速度计,-1.4204,4.5819,14.8788,,,,,,,
70092128691112,加速度计,-0.0030,9.2656,10.8583,,,,,,,
70092126195851,陀螺仪,,,,,,,,0.0764,-0.0194,0.0835
70092138709705,加速度计,-0.6500,10.7416,0.3956,,,,,,,
70092148727883,加速度计,0.3849,4.6531,3.1196,,,,,,,
70092146232414,陀螺仪,,,,,,,,-0.0033,-0.0169,0.0871
70092158745799,加速度计,-0.0952,4.1899,3.3764,,,,,,,
70092168766060,加速度计,-1.7172,7.2568,6.2243,,,,,,,
70092166272153,陀螺仪,,,,,,,,-0.0718,-0.0205,0.0435
70092178797310,加速度计,0.4345,7.8165,8.2145,,,,,,,
70092188791372,加速度计,0.5106,4.5011,13.2034,,,,,,,
70092186290070,陀螺仪,,,,,,,,-0.0736,-0.0055,0.1256
70092198786580,加速度计,0.1077,6.2830,10.0533,,,,,,,
70092208783768,加速度计,0.7123,7.0390,4.5173,,,,,,,
70092206283508,陀螺仪,,,,,,,,0.1230,0.0629,0.1266
70092218783768,加速度计,0.4345,8.6586,1.2115,,,,,,,
70092228787258,加速度计,-1.5042,8.0679,4.7465,,,,,,,
70092226288768,陀螺仪,,,,,,,,-0.0088,0.0550,0.1386
70092238794653,加速度计,0.3974,6.1316,10.8487,,,,,,,
70092248806216,加速度计,-0.0365,7.9835,7.3352,,,,,,,
70092246309810,陀螺仪,,,,,,,,0.0296,0.0478,0.1164
70092258821945,加速度计,-0.9032,7.3131,5.4450,,,,,,,
70092268841841,加速度计,-0.9661,6.5290,4.5927,,,,,,,
70092266347518,陀螺仪,,,,,,,,0.0190,0.0305,0.0933
70092278865747,加速度计,-0.2723,5.4139,8.7580,,,,,,,
70092288893247,加速度计,-0.4286,7.4825,9.5349,,,,,,,
70092286400695,陀螺仪,,,,,,,,0.0073,-0.0047,0.0648
70092298923768,加速度计,-0.9972,7.2981,12.1284,,,,,,,
70092308956633,加速度计,1.1690,7.9452,2.8120,,,,,,,
70092306465226,陀螺仪,,,,,,,,0.1214,-0.0000,0.0230
70092318991268,加速度计,-0.2771,5.8891,4.3712,,,,,,,
70092329026841,加速度计,-1.1313,5.4660,7.6962,,,,,,,
70092326535851,陀螺仪,,,,,,,,0.0756,-0.0326,0.0236
70092339061893,加速度计,0.9355,7.0156,8.3199,,,,,,,
70092349089862,加速度计,-0.0982,7.1233,10.0018,,,,,,,
70092346594497,陀螺仪,,,,,,,,0.0581,-0.0659,-0.0097
70092359108039,加速度计,-1.4521,8.6473,4.9728,,,,,,,
70092369125955,加速度计,2.2098,4.0306,6.7594,,,,,,,
70092366630487,陀螺仪,,,,,,,,0.1308,-0.0830,-0.0547
70092379143872,加速度计,-0.8212,8.8346,0.1425,,,,,,,
70092386666320,陀螺仪,,,,,,,,0.0119,-0.0996,-0.0731
70092389161789,加速度计,-0.5489,6.4889,4.6352,,,,,,,
70092399179705,加速度计,0.3962,10.1287,4.4670,,,,,,,
70092409197622,加速度计,-0.4136,7.8949,9.7390,,,,,,,
70092406702153,陀螺仪,,,,,,,,-0.1008,-0.1103,-0.0905
70092419217101,加速度计,0.9493,7.8237,10.5117,,,,,,,
70092429243039,加速度计,-0.7733,6.2309,6.4452,,,,,,,
70092426744237,陀螺仪,,,,,,,,-0.0742,-0.1084,-0.0617
70092439247778,加速度计,0.4363,6.3267,2.4457,,,,,,,
70092449253091,加速度计,0.3190,4.5448,5.3762,,,,,,,
70092446754601,陀螺仪,,,,,,,,-0.1308,-0.1040,-0.0425
70092459259393,加速度计,-0.2670,5.1475,7.1892,,,,,,,
70092469267101,加速度计,0.8751,6.4446,6.6978,,,,,,,
70092466769341,陀螺仪,,,,,,,,-0.0796,-0.0880,-0.0052
70092479276633,加速度计,0.2592,9.3015,9.5624,,,,,,,
70092486791528,陀螺仪,,,,,,,,-0.0696,-0.0589,0.0373
70092489288247,加速度计,2.9048,8.1876,13.1130,,,,,,,
70092499302101,加速度计,0.1736,7.5064,9.4242,,,,,,,
70092509318455,加速度计,-0.6297,9.2177,1.2977,,,,,,,
70092506822987,陀螺仪,,,,,,,,0.0449,0.0037,0.0176
70092519337153,加速度计,0.6686,5.1966,3.5027,,,,,,,
70092529357935,加速度计,-1.0259,6.0460,5.2140,,,,,,,
70092526863508,陀螺仪,,,,,,,,-0.1013,0.0064,0.1212
70092539380643,加速度计,0.4280,8.2797,17.6842,,,,,,,
70092549405018,加速度计,1.3994,7.9104,7.1593,,,,,,,
70092546911424,陀螺仪,,,,,,,,0.0204,0.0156,0.1660
70092559430903,加速度计,2.2314,8.0583,9.2290,,,,,,,
70092566964810,陀螺仪,,,,,,,,0.0747,0.0748,0.1258
70092569457883,加速度计,-1.2665,4.4843,-8.5287,,,,,,,
70092579485539,加速度计,0.6111,2.4409,7.8799,,,,,,,
70092589513455,加速度计,-1.6370,8.3462,1.7741,,,,,,,
70092587020487,陀螺仪,,,,,,,,-0.1381,0.0830,0.2029
70092599539497,加速度计,1.0971,13.1699,5.2750,,,,,,,
70092607065070,陀螺仪,,,,,,,,-0.2309,0.1069,0.2091
70092609560539,加速度计,1.5449,1.9692,25.1984,,,,,,,
70092619578455,加速度计,0.3220,6.8983,11.6771,,,,,,,
70092629596372,加速度计,-0.1981,9.1219,0.5836,,,,,,,
70092627100903,陀螺仪,,,,,,,,0.1326,0.1346,0.1376
70092639614289,加速度计,-0.1790,8.3845,-2.1596,,,,,,,
70092649632205,加速度计,-1.1349,3.1478,9.9814,,,,,,,
70092647136737,陀螺仪,,,,,,,,-0.1028,0.0951,0.1606
70092659650122,加速度计,1.5939,8.2941,10.6656,,,,,,,
70092669668664,加速度计,0.5249,9.2572,5.6671,,,,,,,
70092667173612,陀螺仪,,,,,,,,-0.0053,0.0815,0.0770
70092679694237,加速度计,0.2203,5.3660,4.9045,,,,,,,
70092689702987,加速度计,1.4377,4.3515,5.6006,,,,,,,
70092687205226,陀螺仪,,,,,,,,-0.0144,0.0660,0.0045
70092699711841,加速度计,-0.2592,7.3753,7.2275,,,,,,,
70092709721216,加速度计,0.8152,8.4114,8.2953,,,,,,,
70092707223768,陀螺仪,,,,,,,,-0.0013,0.0470,-0.0072
70092719731528,加速度计,2.4307,8.4707,4.6837,,,,,,,
70092729743091,加速度计,0.2149,5.6288,5.0919,,,,,,,
70092727246268,陀螺仪,,,,,,,,-0.0555,0.0419,-0.0684
70092739756008,加速度计,-0.7925,5.0643,12.1374,,,,,,,
70092749770591,加速度计,1.5933,7.9805,9.1237,,,,,,,
70092747274601,陀螺仪,,,,,,,,0.0421,0.0370,-0.0724
70092759786841,加速度计,1.0529,8.3576,10.8386,,,,,,,
70092769804758,加速度计,0.7320,7.4998,3.3866,,,,,,,
70092767309601,陀螺仪,,,,,,,,0.1562,0.0137,-0.1193
70092779824341,加速度计,0.6548,5.9484,3.4776,,,,,,,
70092789845487,加速度计,0.6692,8.0996,6.3776,,,,,,,
70092787351060,陀螺仪,,,,,,,,0.0344,-0.0284,-0.2049
70092799867883,加速度计,-0.3142,7.6567,13.9540,,,,,,,
70092807397518,陀螺仪,,,,,,,,0.0972,-0.0380,-0.2123
70092809891424,加速度计,1.4084,8.6215,10.0862,,,,,,,
70092819915695,加速度计,2.0440,5.5282,6.5080,,,,,,,
70092829940383,加速度计,-0.6829,6.8259,2.1620,,,,,,,
70092827446685,陀螺仪,,,,,,,,0.1198,-0.0451,-0.2461
70092839965383,加速度计,0.1814,6.2525,6.0765,,,,,,,
70092849990174,加速度计,0.7865,8.6317,4.8926,,,,,,,
70092847496268,陀螺仪,,,,,,,,0.0240,-0.0989,-0.2732
70092860012883,加速度计,0.3663,6.1034,5.8550,,,,,,,
70092870031112,加速度计,0.1137,3.5991,7.9715,,,,,,,
70092867535643,陀螺仪,,,,,,,,-0.0539,-0.1245,-0.3103
70092880049028,加速度计,0.2017,5.2553,10.4447,,,,,,,
70092890066945,加速度计,-0.6973,8.5377,9.5648,,,,,,,
70092887571476,陀螺仪,,,,,,,,0.0429,-0.1213,-0.2230
70092900084862,加速度计,1.6275,8.5856,8.2253,,,,,,,
70092910102778,加速度计,1.1648,8.2576,3.2956,,,,,,,
70092907607310,陀螺仪,,,,,,,,0.0522,-0.1005,-0.2429
70092920122362,加速度计,-0.4034,4.7950,7.6608,,,,,,,
70092939831674,GPS,,,,31.9441,118.7842,3.3400,89.9000,,,
70092930161997,加速度计,-0.8368,8.7203,3.8223,,,,,,,
70092927659133,陀螺仪,,,,,,,,0.0112,-0.1068,-0.2194
70092940150539,加速度计,0.0281,5.7413,6.0627,,,,,,,
70092950140226,加速度计,0.1820,7.0515,2.2745,,,,,,,
70092947638091,陀螺仪,,,,,,,,-0.0346,-0.0997,-0.1403
70092960132205,加速度计,0.2263,5.5456,7.4280,,,,,,,
70092970127310,加速度计,-0.6722,6.8690,9.8479,,,,,,,
70092967626841,陀螺仪,,,,,,,,-0.0889,-0.0742,-0.0952
70092980126372,加速度计,0.0479,5.7455,11.3934,,,,,,,
70092990130122,加速度计,-0.3406,7.9978,3.2220,,,,,,,
70092987632049,陀螺仪,,,,,,,,0.0953,-0.0214,0.0036
70093000138976,加速度计,0.0479,7.4939,1.2139,,,,,,,
70093010153247,加速度计,-0.0449,5.0320,8.8370,,,,,,,
70093007657883,陀螺仪,,,,,,,,-0.0666,-0.0158,0.0261
70093020172830,加速度计,-0.4010,8.2905,12.1823,,,,,,,
70093030197310,加速度计,-0.1532,9.2476,7.9607,,,,,,,
70093027704341,陀螺仪,,,,,,,,0.0799,0.0031,0.0780
70093040226268,加速度计,-0.4106,9.7109,2.4924,,,,,,,
70093050259185,加速度计,-0.7021,6.3279,4.4670,,,,,,,
70093047768091,陀螺仪,,,,,,,,-0.0451,0.0027,0.0866
70093060295226,加速度计,-1.2157,5.8239,12.2380,,,,,,,
70093070333560,加速度计,-1.8579,9.4445,14.5406,,,,,,,
70093067843508,陀螺仪,,,,,,,,0.0269,-0.0032,0.1264
70093080373351,加速度计,-0.1437,9.4290,10.2909,,,,,,,
70093090413455,加速度计,2.1871,7.1527,0.6446,,,,,,,
70093087923299,陀螺仪,,,,,,,,0.1611,-0.0077,0.2225
70093100447310,加速度计,1.7825,5.9161,-5.1643,,,,,,,
70093110465226,加速度计,-0.9002,7.6429,-7.0078,,,,,,,
70093107969758,陀螺仪,,,,,,,,-0.1316,-0.0092,0.0133
70093120483143,加速度计,-1.5939,4.6232,2.5821,,,,,,,
70093128005591,陀螺仪,,,,,,,,-0.3732,-0.0470,0.0992
70093130501060,加速度计,-1.2294,4.7902,12.8263,,,,,,,
70093140518976,加速度计,-0.3585,6.6134,23.1489,,,,,,,
70093150536893,加速度计,0.7308,7.2646,17.1036,,,,,,,
70093148041424,陀螺仪,,,,,,,,-0.0277,0.0170,0.1493
70093160554810,加速度计,0.6111,8.4360,4.1641,,,,,,,
70093170572935,加速度计,0.2640,5.7587,-0.2269,,,,,,,
70093168077674,陀螺仪,,,,,,,,0.0523,0.0766,0.1320
70093180593247,加速度计,-0.8230,3.9480,5.8365,,,,,,,
70093188114133,陀螺仪,,,,,,,,-0.0397,0.0433,0.1479
70093190609914,加速度计,-0.4752,10.2340,7.9416,,,,,,,
70093200626580,加速度计,0.1963,9.0597,10.1341,,,,,,,
70093210643247,加速度计,1.5113,5.8969,7.1569,,,,,,,
70093208147466,陀螺仪,,,,,,,,-0.0419,-0.0007,0.0937
70093220659914,加速度计,0.5357,3.8774,6.2255,,,,,,,
70093228180799,陀螺仪,,,,,,,,0.0181,-0.0063,-0.0190
70093230676580,加速度计,-1.8340,5.6856,4.2389,,,,,,,
70093240693247,加速度计,-0.1496,6.3237,4.1575,,,,,,,
70093250709914,加速度计,0.3962,6.3099,5.2613,,,,,,,
70093248214133,陀螺仪,,,,,,,,-0.0385,-0.0305,0.0314
70093260726685,加速度计,0.5351,6.7995,7.2754,,,,,,,
70093268248299,陀螺仪,,,,,,,,-0.0521,0.0089,-0.0097
70093270743872,加速度计,0.3591,7.5070,7.4783,,,,,,,
70093280761476,加速度计,-0.7907,8.3653,6.5254,,,,,,,
70093288284133,陀螺仪,,,,,,,,-0.0687,0.0140,0.0658
70093290779497,加速度计,-1.1355,6.8923,5.6509,,,,,,,
70093300797935,加速度计,0.8811,6.1262,9.3871,,,,,,,
70093310816789,加速度计,1.3623,9.1542,9.9605,,,,,,,
70093308321633,陀螺仪,,,,,,,,-0.0125,0.0246,0.0964
70093320835955,加速度计,0.5764,8.7077,8.5850,,,,,,,
70093330855122,加速度计,0.3789,7.5226,9.6229,,,,,,,
70093328359966,陀螺仪,,,,,,,,0.0391,0.0314,0.0435
70093340874289,加速度计,-0.1909,7.0809,4.8453,,,,,,,
70093348398299,陀螺仪,,,,,,,,0.0780,0.0160,0.0120
70093350893455,加速度计,0.4148,7.0611,3.0412,,,,,,,
70093360912622,加速度计,-1.0684,9.5840,0.9912,,,,,,,
70093368436633,陀螺仪,,,,,,,,-0.1188,-0.0236,-0.0212
70093370931789,加速度计,0.2735,7.1964,8.4653,,,,,,,
70093380950955,加速度计,0.5926,4.9374,12.0847,,,,,,,
70093388474966,陀螺仪,,,,,,,,-0.0368,-0.0422,-0.0209
70093390970122,加速度计,-1.4293,6.7576,10.1077,,,,,,,
70093400989289,加速度计,0.4399,5.4265,10.1610,,,,,,,
70093411008247,加速度计,0.5243,4.4359,6.5475,,,,,,,
70093408512883,陀螺仪,,,,,,,,0.0977,-0.0358,-0.0041
70093421027830,加速度计,-0.9086,6.0448,4.2012,,,,,,,
70093428558247,陀螺仪,,,,,,,,0.1165,-0.0434,-0.0274
70093431058195,加速度计,-0.0186,7.4484,5.4558,,,,,,,
70093441058299,加速度计,-0.5644,8.4862,3.6613,,,,,,,
70093451059028,加速度计,0.1071,9.4044,6.2638,,,,,,,
70093448559497,陀螺仪,,,,,,,,-0.0268,-0.0703,-0.0162
70093461061112,加速度计,1.2725,6.8971,8.2708,,,,,,,
70093471065070,加速度计,0.2263,5.3115,9.6977,,,,,,,
70093468566580,陀螺仪,,,,,,,,-0.0543,-0.0672,-0.0318
70093481071633,加速度计,-0.1754,7.8775,6.1752,,,,,,,
70093491081112,加速度计,0.6482,6.3225,8.6610,,,,,,,
70093488584080,陀螺仪,,,,,,,,-0.0401,-0.0438,-0.0112
70093501093612,加速度计,-0.0150,5.8341,9.1399,,,,,,,
70093511109445,加速度计,0.8362,6.5404,8.1068,,,,,,,
70093508614080,陀螺仪,,,,,,,,0.0393,-0.0450,0.0080
70093521128508,加速度计,0.3352,6.9049,5.1326,,,,,,,
70093531150487,加速度计,-0.5991,6.3063,4.3760,,,,,,,
70093528656580,陀螺仪,,,,,,,,0.0324,-0.0362,0.0120
70093541175278,加速度计,0.1215,6.1848,8.5060,,,,,,,
70093551202466,加速度计,-0.7057,8.5311,5.0308,,,,,,,
70093548709705,陀螺仪,,,,,,,,0.0483,-0.0332,0.0430
70093561231528,加速度计,1.2001,6.7301,11.3006,,,,,,,
70093571261737,加速度计,-0.1460,9.7642,7.3855,,,,,,,
70093568769497,陀螺仪,,,,,,,,0.1061,-0.0073,0.0590
70093581292674,加速度计,-0.1963,6.3087,10.5082,,,,,,,
70093588831789,陀螺仪,,,,,,,,0.1803,0.0260,0.0973
70093591323924,加速度计,0.2065,8.9729,4.4939,,,,,,,
70093601352049,加速度计,-1.7095,8.6610,6.0747,,,,,,,
70093611370591,加速度计,1.0385,9.0980,4.6813,,,,,,,
70093608875122,陀螺仪,,,,,,,,0.1101,0.0153,0.2013
70093621388508,加速度计,2.9658,7.3173,1.6101,,,,,,,
70093631406424,加速度计,-0.2239,6.3931,-2.6324,,,,,,,
70093628910955,陀螺仪,,,,,,,,-0.0284,0.0517,0.1142
70093641424341,加速度计,-0.3322,4.0486,2.6360,,,,,,,
70093651442258,加速度计,-0.2017,4.0151,15.5617,,,,,,,
70093648946789,陀螺仪,,,,,,,,-0.1686,0.0684,0.1883
70093661460174,加速度计,0.9756,8.3222,14.9518,,,,,,,
70093671478820,加速度计,1.8070,10.2508,9.1901,,,,,,,
70093668984080,陀螺仪,,,,,,,,0.1029,0.1254,0.1960
70093681500487,加速度计,-0.2017,6.8546,2.9072,,,,,,,
70093689016685,陀螺仪,,,,,,,,0.0301,0.1125,0.1205
70093691513403,加速度计,-0.0569,5.9843,1.3228,,,,,,,
70093701526476,加速度计,1.2276,5.8023,6.7738,,,,,,,
70093709043455,陀螺仪,,,,,,,,-0.0595,0.0862,0.0792
70093711539966,加速度计,-0.3208,8.4414,9.0650,,,,,,,
70093721553872,加速度计,1.0846,6.7445,8.0870,,,,,,,
70093731568351,加速度计,1.2929,5.1146,1.3282,,,,,,,
70093729072153,陀螺仪,,,,,,,,-0.0462,0.0850,0.0256
70093741583664,加速度计,0.9421,5.4049,11.0893,,,,,,,
70093749104028,陀螺仪,,,,,,,,-0.0130,0.0613,-0.0039
70093751599810,加速度计,0.1251,6.9605,17.7057,,,,,,,
70093761616789,加速度计,2.6234,10.3609,10.4800,,,,,,,
70093771634601,加速度计,0.6955,9.2572,1.3030,,,,,,,
70093769139237,陀螺仪,,,,,,,,0.1884,0.0614,-0.0694
70093781653247,加速度计,0.7266,4.6483,-0.6740,,,,,,,
70093791672726,加速度计,0.4046,6.0693,3.9450,,,,,,,
70093789177778,陀螺仪,,,,,,,,-0.0372,0.0277,-0.1289
70093801692883,加速度计,-0.0605,8.6221,6.6918,,,,,,,
70093811713455,加速度计,1.0888,7.9685,12.6707,,,,,,,
70093809218716,陀螺仪,,,,,,,,-0.1124,-0.0037,-0.1140
70093821734445,加速度计,1.9070,5.6066,11.2575,,,,,,,
70093831755851,加速度计,1.4976,6.1381,2.4008,,,,,,,
70093829261320,陀螺仪,,,,,,,,0.0718,0.0281,-0.1538
70093841777518,加速度计,-0.6237,7.0198,-0.2065,,,,,,,
70093849304653,陀螺仪,,,,,,,,-0.0945,0.0032,-0.1782
70093851799185,加速度计,-0.6285,6.7301,6.7181,,,,,,,
70093861820851,加速度计,-0.7542,8.2480,13.4357,,,,,,,
70093869345643,陀螺仪,,,,,,,,-0.0442,-0.0237,-0.1150
70093871841112,加速度计,0.5279,8.4348,12.7844,,,,,,,
70093881859028,加速度计,1.7244,7.9398,5.9759,,,,,,,
70093891876945,加速度计,-0.2831,4.2940,4.2024,,,,,,,
70093889381476,陀螺仪,,,,,,,,0.0060,0.0144,-0.1356
70093901894862,加速度计,-0.2586,3.8104,5.8969,,,,,,,
70093911912778,加速度计,-0.7835,7.0186,6.1489,,,,,,,
70093909417310,陀螺仪,,,,,,,,-0.0123,-0.0052,-0.1036
70093921931008,加速度计,-0.0509,8.4988,7.4262,,,,,,,
70093940566517,GPS,,,,31.9441,118.7843,3.4000,86.3000,,,
70093931950174,加速度计,1.4257,5.7335,10.0407,,,,,,,
70093929454393,陀螺仪,,,,,,,,-0.0462,-0.0220,-0.0880
70093941966841,加速度计,0.9062,5.2128,11.7789,,,,,,,
70093949487726,陀螺仪,,,,,,,,0.0920,0.0161,-0.0863
70093951983508,加速度计,0.0221,8.3665,7.0832,,,,,,,
70093962000174,加速度计,0.8404,6.5876,6.2255,,,,,,,
70093972016841,加速度计,0.5417,7.4639,-0.2610,,,,,,,
70093969521060,陀螺仪,,,,,,,,0.0439,0.0324,-0.0702
70093982033508,加速度计,-0.1867,4.7447,6.4404,,,,,,,
70093989554393,陀螺仪,,,,,,,,-0.0527,0.0226,-0.0583
70093992050174,加速度计,-0.2047,5.3917,9.7618,,,,,,,
70094002066841,加速度计,0.2526,7.2933,7.1239,,,,,,,
70094012083716,加速度计,0.7608,7.6866,7.1377,,,,,,,
70094009588039,陀螺仪,,,,,,,,-0.0031,0.0297,-0.0346
70094022101008,加速度计,0.3220,3.4141,9.0704,,,,,,,
70094032118716,加速度计,-0.3561,8.8945,3.2962,,,,,,,
70094029623247,陀螺仪,,,,,,,,0.0633,0.0288,-0.0509
70094042136841,加速度计,1.1301,9.9557,3.1819,,,,,,,
70094052155383,加速度计,-0.8039,8.9597,7.4166,,,,,,,
70094049660122,陀螺仪,,,,,,,,-0.1313,0.0103,-0.0900
70094062174341,加速度计,-0.8003,4.8800,13.4644,,,,,,,
70094072193508,加速度计,0.8296,5.6689,8.0643,,,,,,,
70094069698351,陀螺仪,,,,,,,,-0.0001,0.0037,-0.0634
70094082212674,加速度计,0.1682,8.5557,2.8150,,,,,,,
70094092231841,加速度计,-0.4651,6.6954,6.9599,,,,,,,
70094089736685,陀螺仪,,,,,,,,-0.0326,-0.0154,-0.1020
70094102251008,加速度计,-1.1295,7.3113,10.6392,,,,,,,
70094112270174,加速度计,-1.3120,8.2636,13.3225,,,,,,,
70094109775018,陀螺仪,,,,,,,,0.0386,-0.0664,-0.1149
70094122289341,加速度计,0.0670,8.1020,7.5052,,,,,,,
70094132308508,加速度计,0.4387,6.1980,3.7828,,,,,,,
70094129813351,陀螺仪,,,,,,,,0.1479,-0.0973,-0.0573
70094142327674,加速度计,0.5435,6.6487,-2.1051,,,,,,,
70094152346841,加速度计,0.0515,7.7728,-3.7673,,,,,,,
70094149851685,陀螺仪,,,,,,,,-0.0115,-0.1067,-0.1582
70094162365799,加速度计,-1.0313,7.2664,-2.4804,,,,,,,
70094172387049,加速度计,0.1598,4.0707,14.1473,,,,,,,
70094169893039,陀螺仪,,,,,,,,-0.3101,-0.1385,-0.1302
70094182416528,加速度计,-0.8260,5.2804,22.7677,,,,,,,
70094192411841,加速度计,0.0712,9.3751,10.6662,,,,,,,
70094189910851,陀螺仪,,,,,,,,0.0393,-0.0671,-0.0117
70094202408299,加速度计,1.1989,9.1459,1.1079,,,,,,,
70094212406737,加速度计,-0.2131,4.1342,0.5806,,,,,,,
70094209906789,陀螺仪,,,,,,,,-0.0447,-0.0320,0.0383
70094222407830,加速度计,0.8715,2.7246,7.9086,,,,,,,
70094232411997,加速度计,0.2550,10.6799,10.4758,,,,,,,
70094229913612,陀螺仪,,,,,,,,-0.0369,-0.0181,-0.0123
70094242419653,加速度计,-0.5991,11.0301,6.2165,,,,,,,
70094249934810,陀螺仪,,,,,,,,-0.0985,-0.0174,0.0575
70094252431216,加速度计,0.2179,4.3652,6.1298,,,,,,,
70094262446945,加速度计,0.4974,3.5955,5.5252,,,,,,,
70094269972258,陀螺仪,,,,,,,,-0.0545,-0.0099,0.0525
70094272466685,加速度计,-0.5962,6.8055,8.2343,,,,,,,
70094282490018,加速度计,-0.3268,8.9693,13.8247,,,,,,,
70094290023664,陀螺仪,,,,,,,,0.0590,0.0045,0.0743
70094292516528,加速度计,-0.0156,8.7670,8.6048,,,,,,,
70094302545799,加速度计,-0.7039,6.3704,1.9644,,,,,,,
70094312577414,加速度计,-0.4357,6.8690,0.9290,,,,,,,
70094310085695,陀螺仪,,,,,,,,0.0077,0.0128,0.0941
70094322610799,加速度计,0.1478,7.6279,7.1952,,,,,,,
70094332645122,加速度计,0.2065,7.5525,12.4319,,,,,,,
70094330153820,陀螺仪,,,,,,,,-0.0478,0.0273,0.1133
70094342679705,加速度计,0.2861,8.4378,7.3490,,,,,,,
70094352708820,加速度计,1.1139,7.0150,3.4447,,,,,,,
70094350213872,陀螺仪,,,,,,,,0.0044,0.0688,0.1427
70094362728039,加速度计,1.2300,5.0398,6.1489,,,,,,,
70094372745955,加速度计,-0.8374,7.1796,8.6317,,,,,,,
70094370250487,陀螺仪,,,,,,,,0.0015,0.0936,0.1286
70094382763872,加速度计,0.5830,9.9563,8.3193,,,,,,,
70094392781789,加速度计,1.5119,8.6161,8.9214,,,,,,,
70094390286320,陀螺仪,,,,,,,,0.0373,0.0811,0.1180
70094402799705,加速度计,-1.0624,7.3945,2.7432,,,,,,,
70094412817622,加速度计,-0.0371,4.2748,7.5800,,,,,,,
70094410322153,陀螺仪,,,,,,,,-0.0170,0.0521,0.0292
70094422836945,加速度计,-0.5243,6.9713,7.3263,,,,,,,
70094432858247,加速度计,-0.6231,7.0156,10.7967,,,,,,,
70094430361008,陀螺仪,,,,,,,,0.0081,-0.0021,-0.0032
70094442869080,加速度计,-1.2989,7.5220,6.4410,,,,,,,
70094452880122,加速度计,0.6045,4.5322,8.7544,,,,,,,
70094450382987,陀螺仪,,,,,,,,0.0897,-0.0309,-0.0878
70094462891789,加速度计,-1.1193,5.9352,3.0837,,,,,,,
70094470407570,陀螺仪,,,,,,,,0.0522,-0.0763,-0.0784
70094472904289,加速度计,-2.1787,8.0834,2.3529,,,,,,,
70094482917622,加速度计,0.8655,7.7249,7.6638,,,,,,,
70094492931997,加速度计,0.3454,6.3979,14.5903,,,,,,,
70094490435799,陀螺仪,,,,,,,,-0.0316,-0.0937,-0.0862
70094502947622,加速度计,-1.0612,6.3494,12.9760,,,,,,,
70094512964497,加速度计,0.8392,8.1271,2.8838,,,,,,,
70094510468924,陀螺仪,,,,,,,,0.1473,-0.0891,-0.0547
70094522982622,加速度计,0.0856,5.4761,-0.7775,,,,,,,
70094530507049,陀螺仪,,,,,,,,-0.0613,-0.0939,-0.0391
70094533001997,加速度计,1.0451,4.3167,6.9426,,,,,,,
70094543022414,加速度计,0.6512,4.5424,14.8913,,,,,,,
70094550549133,陀螺仪,,,,,,,,0.1349,-0.0517,-0.0433
70094553043664,加速度计,0.3484,10.5824,6.2028,,,,,,,
70094563065747,加速度计,0.1191,9.0908,3.8666,,,,,,,
70094573088455,加速度计,0.2508,5.6276,6.6391,,,,,,,
70094570594237,陀螺仪,,,,,,,,0.0154,-0.0591,-0.0430
70094583111580,加速度计,-0.5465,5.7886,8.8777,,,,,,,
70094590640799,陀螺仪,,,,,,,,0.0534,-0.0619,-0.0361
70094593134914,加速度计,0.1670,8.7801,4.6944,,,,,,,
70094603158247,加速度计,-0.1682,7.9320,4.5604,,,,,,,
70094613179705,加速度计,0.4357,5.9400,9.0028,,,,,,,
70094610684653,陀螺仪,,,,,,,,-0.0338,-0.0651,-0.0146
70094623198455,加速度计,0.1826,6.6128,12.2918,,,,,,,
70094630720903,陀螺仪,,,,,,,,0.0822,-0.0746,0.0169
70094633216372,加速度计,-1.4928,9.1692,9.2494,,,,,,,
70094643234289,加速度计,1.6640,8.2079,6.2177,,,,,,,
70094653252205,加速度计,1.9597,6.4673,1.9980,,,,,,,
70094650756737,陀螺仪,,,,,,,,0.1161,-0.0925,-0.0024
70094663270122,加速度计,-0.1047,7.0228,-2.4199,,,,,,,
70094673288455,加速度计,1.0906,6.6158,-3.2956,,,,,,,
70094670793195,陀螺仪,,,,,,,,-0.0884,-0.0854,-0.0738
70094683308195,加速度计,0.1030,4.7615,4.5454,,,,,,,
70094693324445,加速度计,0.4010,4.9793,22.4660,,,,,,,
70094690828560,陀螺仪,,,,,,,,-0.2511,-0.0715,0.0314
70094703340695,加速度计,1.1289,8.9010,17.7889,,,,,,,
70094713356945,加速度计,0.7554,12.1476,1.7442,,,,,,,
70094710861060,陀螺仪,,,,,,,,0.1310,0.0127,0.0824
70094723373195,加速度计,0.7775,5.8652,-1.8974,,,,,,,
70094733389445,加速度计,-0.2837,1.3593,3.2525,,,,,,,
70094730893560,陀螺仪,,,,,,,,-0.0973,0.0115,0.0268
70094743405903,加速度计,-0.0928,8.4779,10.2747,,,,,,,
70094753422778,加速度计,0.6213,10.6069,12.9275,,,,,,,
70094750927101,陀螺仪,,,,,,,,-0.0555,0.0368,0.1225
70094763440070,加速度计,0.9685,6.7582,8.0152,,,,,,,
70094773457778,加速度计,1.3958,5.2134,4.2653,,,,,,,
70094770962310,陀螺仪,,,,,,,,0.0382,0.0802,0.1491
70094783475903,加速度计,-0.2717,7.3999,2.6390,,,,,,,
70094790999185,陀螺仪,,,,,,,,-0.0569,0.0929,0.1507
70094793494445,加速度计,0.5225,8.8119,9.3954,,,,,,,
70094803513403,加速度计,-0.0611,7.9170,10.4052,,,,,,,
70094813532570,加速度计,-0.5722,7.1383,4.7507,,,,,,,
70094811037414,陀螺仪,,,,,,,,0.0104,0.1153,0.2045
70094823551737,加速度计,-0.1712,5.1966,4.6130,,,,,,,
70094833570903,加速度计,0.0617,6.9516,3.6123,,,,,,,
70094831075747,陀螺仪,,,,,,,,-0.0728,0.1083,0.1852
70094843590070,加速度计,0.1466,8.3127,9.8839,,,,,,,
70094853609237,加速度计,1.3503,7.5902,10.9972,,,,,,,
70094851114080,陀螺仪,,,,,,,,-0.0595,0.1248,0.1663
70094863628403,加速度计,0.6907,7.2850,7.8476,,,,,,,
70094873647570,加速度计,-0.3807,5.2481,5.5964,,,,,,,
70094871152414,陀螺仪,,,,,,,,0.0373,0.1261,0.1333
70094883666737,加速度计,0.8787,6.1705,1.4952,,,,,,,
70094893685903,加速度计,0.2957,6.4715,5.5474,,,,,,,
70094891190747,陀螺仪,,,,,,,,-0.0485,0.1047,0.0786
70094903704862,加速度计,0.5255,8.2774,9.9898,,,,,,,
70094913723195,加速度计,0.8589,7.7081,10.7955,,,,,,,
70094911227726,陀螺仪,,,,,,,,-0.0397,0.0944,0.0224
70094923744237,加速度计,0.5902,5.9077,7.1646,,,,,,,
70094940316152,GPS,,,,31.9441,118.7843,3.5300,85.3000,,,
70094933773924,加速度计,1.0947,6.0358,5.4731,,,,,,,
70094931271268,陀螺仪,,,,,,,,0.0220,0.0939,-0.0009
70094943763508,加速度计,0.5776,6.3955,7.6746,,,,,,,
70094953754549,加速度计,0.9708,6.2914,9.0393,,,,,,,
70094951252622,陀螺仪,,,,,,,,0.0084,0.0744,-0.0437
70094963748091,加速度计,1.6155,6.0801,7.2389,,,,,,,
70094973744966,加速度计,0.5896,6.9977,3.6811,,,,,,,
70094971244705,陀螺仪,,,,,,,,0.0433,0.0633,-0.0756
70094983746008,加速度计,1.7160,5.1595,6.6690,,,,,,,
70094993751841,加速度计,1.3575,8.5527,6.6559,,,,,,,
70094991253976,陀螺仪,,,,,,,,-0.0148,0.0510,-0.1621
70095003762674,加速度计,0.4369,6.6547,9.9916,,,,,,,
70095013778508,加速度计,1.1307,5.7120,8.0104,,,,,,,
70095011283143,陀螺仪,,,,,,,,0.0009,0.0297,-0.1944
70095023799341,加速度计,0.7183,6.2058,4.0432,,,,,,,
70095031331997,陀螺仪,,,,,,,,-0.0284,0.0137,-0.2499
70095033824966,加速度计,0.5704,6.7965,8.3857,,,,,,,
70095043854758,加速度计,-0.3903,6.2465,8.9130,,,,,,,
70095053888091,加速度计,0.3681,7.5214,5.7000,,,,,,,
70095051396893,陀螺仪,,,,,,,,0.0061,-0.0314,-0.2654
70095063924341,加速度计,1.3701,7.5579,6.1764,,,,,,,
70095073962466,加速度计,0.1071,6.4350,9.3787,,,,,,,
70095071472205,陀螺仪,,,,,,,,-0.0317,-0.0636,-0.3210
70095084001424,加速度计,-0.8625,7.0413,6.4877,,,,,,,
70095094039549,加速度计,0.7739,8.4994,6.4368,,,,,,,
70095091548872,陀螺仪,,,,,,,,-0.0075,-0.1055,-0.3294
70095104067049,加速度计,0.9673,6.3907,6.9486,,,,,,,
70095114084966,加速度计,-0.9080,6.2752,8.4922,,,,,,,
70095124102883,加速度计,-0.9780,8.2923,4.7651,,,,,,,
70095111589497,陀螺仪,,,,,,,,0.0043,-0.1338,-0.3629
70095134120799,加速度计,-0.9834,6.7941,13.3962,,,,,,,
70095131625330,陀螺仪,,,,,,,,-0.0244,-0.1675,-0.3370
70095144138716,加速度计,-1.0690,8.9801,11.3120,,,,,,,
70095151661164,陀螺仪,,,,,,,,0.1519,-0.1792,-0.2180
70095154156633,加速度计,1.8711,7.5172,5.7658,,,,,,,
70095164174549,加速度计,0.9840,7.7530,-4.1677,,,,,,,
70095174195174,加速度计,0.8230,3.8595,-1.6753,,,,,,,
70095171704237,陀螺仪,,,,,,,,-0.0095,-0.1900,-0.3222
70095184221216,加速度计,-1.6879,5.8221,-0.3585,,,,,,,
70095194221008,加速度计,-0.7955,6.0867,15.4336,,,,,,,
70095191721060,陀螺仪,,,,,,,,-0.2201,-0.2206,-0.2152
70095204221633,加速度计,0.6171,7.7925,18.4264,,,,,,,
70095214223716,加速度计,-0.3035,8.5156,9.5487,,,,,,,
70095211724497,陀螺仪,,,,,,,,0.0963,-0.1113,-0.0675
70095224227883,加速度计,0.7452,8.9112,-2.2643,,,,,,,
70095234234758,加速度计,0.6907,3.6691,1.9986,,,,,,,
70095231736893,陀螺仪,,,,,,,,-0.0443,-0.0884,-0.0755
70095244244549,加速度计,-1.9537,6.2393,11.8226,,,,,,,
70095254257466,加速度计,-2.2930,9.0004,11.3114,,,,,,,
70095251761164,陀螺仪,,,,,,,,-0.0301,-0.0984,0.0105
70095264273716,加速度计,0.9212,8.8340,6.6714,,,,,,,
70095274293299,加速度计,0.3921,5.5144,3.8337,,,,,,,
70095271798664,陀螺仪,,,,,,,,0.0426,-0.0664,0.1027
70095284316008,加速度计,0.1293,5.3606,8.3623,,,,,,,
70095294341424,加速度计,-1.2097,7.7614,11.5113,,,,,,,
70095291848143,陀螺仪,,,,,,,,0.0356,-0.0498,0.0900
70095304369133,加速度计,-0.7649,9.6816,8.0469,,,,,,,
70095314398716,加速度计,1.2504,7.2437,3.3136,,,,,,,
70095311906372,陀螺仪,,,,,,,,0.1165,-0.0104,0.1660
70095324429549,加速度计,-0.9230,6.5613,2.2045,,,,,,,
70095334461008,加速度计,-1.1253,7.2257,6.3351,,,,,,,
70095331968976,陀螺仪,,,,,,,,-0.0209,-0.0053,0.1804
70095344492674,加速度计,1.7555,7.5794,10.0969,,,,,,,
70095354518508,加速度计,-0.5650,8.2055,6.2345,,,,,,,
70095352023560,陀螺仪,,,,,,,,0.0025,0.0244,0.2250
70095364537674,加速度计,-0.4429,5.9837,7.4909,,,,,,,
70095374555799,加速度计,0.0102,6.0376,7.3532,,,,,,,
70095372060330,陀螺仪,,,,,,,,0.0419,0.0566,0.1907
70095384573716,加速度计,-0.6063,8.4665,5.7413,,,,,,,
70095394591633,加速度计,0.3855,8.3240,7.5537,,,,,,,
70095392096164,陀螺仪,,,,,,,,0.0246,0.0458,0.1917
70095404609549,加速度计,-0.8487,7.7297,9.5672,,,,,,,
70095414627466,加速度计,0.6608,6.6475,6.9953,,,,,,,
70095412131997,陀螺仪,,,,,,,,0.0619,0.0471,0.1598
70095424646841,加速度计,-0.1826,7.4962,3.3836,,,,,,,
70095434666216,加速度计,-0.4136,6.7540,5.5103,,,,,,,
70095432169497,陀螺仪,,,,,,,,0.0177,0.0314,0.1388
70095444679133,加速度计,0.8535,5.8951,7.5818,,,,,,,
70095452195695,陀螺仪,,,,,,,,0.0521,0.0185,0.1019
70095454692310,加速度计,-0.6895,6.4530,7.0575,,,,,,,
70095464705903,加速度计,-1.1151,7.0168,2.0195,,,,,,,
70095472223508,陀螺仪,,,,,,,,-0.0366,-0.0157,0.1084
70095474719914,加速度计,0.6464,6.2806,8.7807,,,,,,,
70095484734601,加速度计,-2.0183,5.6695,10.6051,,,,,,,
70095494750122,加速度计,0.6165,8.0732,7.7752,,,,,,,
70095492254133,陀螺仪,,,,,,,,0.0125,-0.0256,0.1067
70095504766476,加速度计,-0.6051,7.2808,6.6702,,,,,,,
70095514783664,加速度计,-1.4425,6.2956,7.4226,,,,,,,
70095512288091,陀螺仪,,,,,,,,-0.0024,-0.0445,0.0997
70095524801685,加速度计,-1.2043,4.4915,7.9805,,,,,,,
70095534820539,加速度计,-0.3011,7.2556,6.9611,,,,,,,
70095532325383,陀螺仪,,,,,,,,0.0142,-0.0523,0.0768
70095544840226,加速度计,-0.9403,6.7828,7.5800,,,,,,,
70095552365643,陀螺仪,,,,,,,,0.0373,-0.0716,0.1036
70095554860487,加速度计,-0.0557,5.7479,10.1550,,,,,,,
70095564881164,加速度计,-0.2251,7.0533,4.5286,,,,,,,
70095574902258,加速度计,-1.3001,8.3552,5.1763,,,,,,,
70095572407622,陀螺仪,,,,,,,,-0.0252,-0.0819,0.1085
70095584923768,加速度计,0.8595,5.0524,9.9132,,,,,,,
70095594945435,加速度计,1.2953,5.5737,10.3657,,,,,,,
70095592450903,陀螺仪,,,,,,,,-0.0015,-0.0655,0.1121
70095604967101,加速度计,-0.2167,8.8556,3.6739,,,,,,,
70095614988768,加速度计,2.1883,7.0952,7.9493,,,,,,,
70095612494237,陀螺仪,,,,,,,,0.0091,-0.0081,0.1158
70095625008091,加速度计,0.3466,7.3089,6.4823,,,,,,,
70095632530539,陀螺仪,,,,,,,,0.0220,0.0112,0.1872
70095635026008,加速度计,-0.3466,8.2349,11.7968,,,,,,,
70095645043924,加速度计,0.8757,8.7789,7.2065,,,,,,,
70095652566372,陀螺仪,,,,,,,,0.1039,0.0182,0.2278
70095655061841,加速度计,2.0752,8.0906,4.6579,,,,,,,
70095665079758,加速度计,1.6753,7.0054,-0.3519,,,,,,,
70095675097935,加速度计,1.5401,5.3391,-3.3238,,,,,,,
70095672604080,陀螺仪,,,,,,,,-0.0507,0.0337,0.1103
70095685117830,加速度计,-0.6530,4.6777,0.9176,,,,,,,
70095692637153,陀螺仪,,,,,,,,-0.2703,0.0233,0.1256
70095695133247,加速度计,0.0180,7.0210,15.0996,,,,,,,
70095705148664,加速度计,0.5381,6.4446,22.6617,,,,,,,
70095712667987,陀螺仪,,,,,,,,0.1121,0.0944,0.1688
70095715164080,加速度计,2.8796,11.4904,6.2848,,,,,,,
70095725179758,加速度计,-1.3282,7.1018,-0.6662,,,,,,,
70095732699966,陀螺仪,,,,,,,,-0.0366,0.0678,0.0675
70095735195851,加速度计,0.8446,1.9650,2.6707,,,,,,,
70095745212362,加速度计,0.4262,5.7383,8.0128,,,,,,,
70095755229289,加速度计,-0.4800,9.6881,7.8937,,,,,,,
70095752733612,陀螺仪,,,,,,,,-0.0127,0.0345,0.0811
70095765246633,加速度计,1.2953,8.4461,6.5739,,,,,,,
70095775264393,加速度计,0.7655,5.1409,9.7414,,,,,,,
70095772768924,陀螺仪,,,,,,,,-0.0487,0.0282,0.0490
70095785282570,加速度计,0.9720,5.5150,8.1930,,,,,,,
70095792805903,陀螺仪,,,,,,,,0.0658,0.0374,0.0087
70095795301164,加速度计,1.2683,8.5724,4.3048,,,,,,,
70095805320174,加速度计,-0.5195,9.2344,4.2557,,,,,,,
70095815339601,加速度计,0.3747,5.8053,9.7977,,,,,,,
70095812844549,陀螺仪,,,,,,,,-0.0607,0.0338,0.0376
70095825359185,加速度计,0.6399,7.2622,9.1800,,,,,,,
70095835378768,加速度计,0.0269,8.3456,6.3452,,,,,,,
70095832883716,陀螺仪,,,,,,,,0.0115,0.0402,0.0398
70095845398351,加速度计,1.1372,6.9216,7.1275,,,,,,,
70095855417935,加速度计,-0.4681,5.7359,4.9422,,,,,,,
70095852922883,陀螺仪,,,,,,,,0.0144,0.0451,0.0523
70095865437518,加速度计,0.4788,7.4591,6.3764,,,,,,,
70095872962049,陀螺仪,,,,,,,,-0.0204,0.0337,0.0517
70095875457101,加速度计,-0.2831,7.0156,8.3839,,,,,,,
70095885476685,加速度计,-1.3186,7.5322,2.2446,,,,,,,
70095893000851,陀螺仪,,,,,,,,-0.0334,0.0306,0.0680
70095895496008,加速度计,2.7048,7.3508,8.9830,,,,,,,
70095905514653,加速度计,0.2334,7.1970,12.9688,,,,,,,
70095915532726,加速度计,-0.4411,7.3622,9.4727,,,,,,,
70095913037258,陀螺仪,,,,,,,,0.0324,0.0577,0.0581
70095925561633,加速度计,-0.1712,8.6664,2.9574,,,,,,,
70095940326568,GPS,,,,31.9441,118.7843,3.7000,86.2000,,,
70095933073664,陀螺仪,,,,,,,,0.0270,0.0487,0.0819
70095935574341,加速度计,0.3322,6.1764,3.7900,,,,,,,
70095945572049,加速度计,1.7699,4.6316,8.5629,,,,,,,
70095955570903,加速度计,-0.3298,7.5633,3.7463,,,,,,,
70095953070747,陀螺仪,,,,,,,,0.0017,0.0489,0.0557
70095965571633,加速度计,1.3186,7.2191,8.5892,,,,,,,
70095973075747,陀螺仪,,,,,,,,-0.0020,0.0646,0.0911
70095975574758,加速度计,1.2192,5.9867,9.0297,,,,,,,
70095985581008,加速度计,1.6077,7.2933,8.1062,,,,,,,
70095995590591,加速度计,1.0684,7.5130,7.6405,,,,,,,
70095993093247,陀螺仪,,,,,,,,0.0328,0.0860,0.0336
70096005603820,加速度计,-0.3921,5.5815,5.3073,,,,,,,
70096015620799,加速度计,0.9278,6.0017,8.6862,,,,,,,
70096013125330,陀螺仪,,,,,,,,0.0013,0.0903,0.0333
70096025641216,加速度计,0.6021,5.9191,10.3992,,,,,,,
70096033171164,陀螺仪,,,,,,,,0.0836,0.0712,0.0507
70096035664966,加速度计,0.6662,7.1724,6.1567,,,,,,,
70096045691737,加速度计,1.4515,6.1770,4.7256,,,,,,,
70096053228664,陀螺仪,,,,,,,,0.0257,0.0634,-0.0111
70096055721112,加速度计,-0.0437,6.7193,4.3850,,,,,,,
70096065752362,加速度计,1.0511,6.3841,10.1059,,,,,,,
70096073293247,陀螺仪,,,,,,,,0.0225,0.0553,-0.0402
70096075784966,加速度计,0.2089,7.3646,9.9198,,,,,,,
70096085818195,加速度计,0.3424,6.7403,6.0448,,,,,,,
70096093359914,陀螺仪,,,,,,,,0.0554,0.0598,-0.0178
70096095851528,加速度计,0.7003,6.4458,6.5308,,,,,,,
70096105875799,加速度计,0.5130,7.3059,4.7345,,,,,,,
70096113399080,陀螺仪,,,,,,,,-0.0262,0.0469,-0.0509
70096115894549,加速度计,-0.9182,7.2604,8.9471,,,,,,,
70096125912466,加速度计,-1.7113,6.7235,15.2205,,,,,,,
70096133434914,陀螺仪,,,,,,,,0.1256,0.0150,0.0617
70096135930383,加速度计,-0.2616,9.1602,10.0892,,,,,,,
70096145948299,加速度计,2.1674,7.5357,2.6067,,,,,,,
70096153470747,陀螺仪,,,,,,,,0.1085,0.0228,-0.0216
70096155966216,加速度计,0.9870,6.3913,-5.3002,,,,,,,
70096165984133,加速度计,-0.4633,4.8566,0.9553,,,,,,,
70096176003924,加速度计,-1.1600,5.5821,2.5504,,,,,,,
70096173513508,陀螺仪,,,,,,,,-0.1253,-0.0119,-0.0479
70096186022830,加速度计,-0.5632,8.8430,12.4349,,,,,,,
70096193538508,陀螺仪,,,,,,,,-0.0791,0.0202,0.0495
70096196035330,加速度计,-0.2286,9.2871,19.5241,,,,,,,
70096206048143,加速度计,-1.0098,6.7780,9.6438,,,,,,,
70096216061372,加速度计,0.1287,7.9589,-2.1895,,,,,,,
70096213564758,陀螺仪,,,,,,,,0.0816,0.0846,0.1407
70096226075018,加速度计,0.8535,3.5578,3.8241,,,,,,,
70096233593091,陀螺仪,,,,,,,,-0.0378,0.0816,0.1068
70096236089393,加速度计,-1.0636,6.8474,8.1487,,,,,,,
70096246104601,加速度计,-1.0199,9.0627,9.5612,,,,,,,
70096253624758,陀螺仪,,,,,,,,-0.0020,0.0684,0.1762
70096256120643,加速度计,0.7069,8.6652,6.4703,,,,,,,
70096266137518,加速度计,0.0455,4.4167,9.7791,,,,,,,
70096276155226,加速度计,0.4495,6.5906,7.1257,,,,,,,
70096273659758,陀螺仪,,,,,,,,0.0510,0.1001,0.1631
70096286173768,加速度计,0.3938,8.5838,4.4646,,,,,,,
70096296193143,加速度计,-0.3304,9.0650,3.6996,,,,,,,
70096293698091,陀螺仪,,,,,,,,0.0043,0.1169,0.1578
70096306213351,加速度计,1.1390,5.8472,7.0497,,,,,,,
70096313739758,陀螺仪,,,,,,,,-0.0417,0.1270,0.1615
70096316234393,加速度计,-0.2203,5.7898,10.2993,,,,,,,
70096326255955,加速度计,0.2071,8.0577,6.8696,,,,,,,
70096333783508,陀螺仪,,,,,,,,-0.0091,0.1502,0.1832
70096336277935,加速度计,1.1049,6.6272,8.1301,,,,,,,
70096346300018,加速度计,0.5590,6.9174,4.9554,,,,,,,
70096353827674,陀螺仪,,,,,,,,0.0057,0.1573,0.1423
70096356322101,加速度计,0.5136,5.8029,6.6337,,,,,,,
70096366344185,加速度计,1.1666,7.4154,2.0578,,,,,,,
70096373869758,陀螺仪,,,,,,,,-0.0397,0.1519,0.0762
70096376364705,加速度计,1.2468,6.7487,1.2516,,,,,,,
70096386383143,加速度计,0.3519,6.4560,-2.8892,,,,,,,
70096393905591,陀螺仪,,,,,,,,-0.2992,0.1297,0.0172
70096396401060,加速度计,0.8888,7.1670,1.5766,,,,,,,
70096406418976,加速度计,-0.5195,1.7017,9.4697,,,,,,,
70096413941424,陀螺仪,,,,,,,,-0.1802,0.1695,0.0296
70096416436893,加速度计,1.8034,8.1517,28.1552,,,,,,,
70096426455747,加速度计,-0.8009,17.3891,13.4135,,,,,,,
70096433978143,陀螺仪,,,,,,,,0.0105,0.1494,0.0694
70096436474341,加速度计,1.6921,4.9416,8.5970,,,,,,,
70096446489341,加速度计,2.4032,-0.1047,12.1464,,,,,,,
70096456504341,加速度计,-2.1931,8.6586,6.4458,,,,,,,
70096454008143,陀螺仪,,,,,,,,0.2088,0.1290,-0.0735
70096466519341,加速度计,0.0215,11.6921,4.9069,,,,,,,
70096476534653,加速度计,1.4718,7.6489,4.9686,,,,,,,
70096474038560,陀螺仪,,,,,,,,0.1197,0.0260,-0.2056
70096486550383,加速度计,-0.0611,7.2425,3.2214,,,,,,,
70096494070643,陀螺仪,,,,,,,,0.0350,-0.0539,-0.3410
70096496566528,加速度计,-0.6093,3.9085,8.8621,,,,,,,
70096506583091,加速度计,-0.8553,8.5509,4.4454,,,,,,,
70096514104393,陀螺仪,,,,,,,,0.0546,-0.1096,-0.3699
70096516600070,加速度计,-1.1289,7.3873,6.9893,,,,,,,
70096526617466,加速度计,-0.3400,7.0551,1.0744,,,,,,,
70096536635278,加速度计,0.2304,3.8014,6.5978,,,,,,,
70096534139810,陀螺仪,,,,,,,,-0.1563,-0.1495,-0.3172
70096546653508,加速度计,-1.6801,6.3386,9.2590,,,,,,,
70096554176893,陀螺仪,,,,,,,,-0.0579,-0.1192,-0.2333
70096556672153,加速度计,1.1331,7.7219,7.6321,,,,,,,
70096566691216,加速度计,1.1654,5.1912,4.3341,,,,,,,
70096574215643,陀螺仪,,,,,,,,-0.1093,-0.0937,-0.1876
70096576710695,加速度计,-0.7739,4.1982,3.2022,,,,,,,
70096586730591,加速度计,-0.0611,5.4869,3.5961,,,,,,,
70096594256060,陀螺仪,,,,,,,,-0.1529,-0.1166,-0.1598
70096596750903,加速度计,0.1975,5.9005,6.2932,,,,,,,
70096606771320,加速度计,-0.9511,8.4713,6.1555,,,,,,,
70096614296893,陀螺仪,,,,,,,,-0.2498,-0.1107,-0.0652
70096616791737,加速度计,0.0515,7.2969,21.6969,,,,,,,
70096626812153,加速度计,0.2682,6.8881,17.7524,,,,,,,
70096634337726,陀螺仪,,,,,,,,0.1727,-0.0736,-0.0150
70096636832570,加速度计,0.4052,6.1627,9.6845,,,,,,,
70096646852987,加速度计,-0.2460,3.9456,3.3956,,,,,,,
70096654376060,陀螺仪,,,,,,,,0.1445,-0.0563,0.0261
70096656871528,加速度计,1.1462,2.8994,8.1175,,,,,,,
70096666889445,加速度计,1.1977,3.4357,18.7801,,,,,,,
70096676914862,加速度计,2.9425,10.9391,10.4273,,,,,,,
70096674431997,陀螺仪,,,,,,,,0.6405,0.0474,0.0977
70096686930695,加速度计,-0.0533,15.9621,-5.1942,,,,,,,
70096696929341,加速度计,0.8888,7.4502,-10.0096,,,,,,,
70096694429080,陀螺仪,,,,,,,,0.4691,0.0581,0.0944
70096706929028,加速度计,5.2277,9.5672,-9.1327,,,,,,,
70096714431164,陀螺仪,,,,,,,,-0.2822,0.1150,-0.0020
70096716930591,加速度计,-5.9041,15.6635,5.5150,,,,,,,
70096726934549,加速度计,-1.6723,4.0235,7.1078,,,,,,,
70096734443247,陀螺仪,,,,,,,,-0.4356,0.0854,0.2975
70096736941320,加速度计,-0.1903,-1.7639,14.1892,,,,,,,
70096746951320,加速度计,1.6508,7.4298,-0.5207,,,,,,,
70096756964653,加速度计,-1.7591,7.9709,13.6661,,,,,,,
70096754468247,陀螺仪,,,,,,,,-0.2368,0.1977,0.3538
70096766981320,加速度计,2.6384,5.5037,19.2213,,,,,,,
70096777001320,加速度计,0.0479,10.6781,7.3472,,,,,,,
70096774506580,陀螺仪,,,,,,,,-0.0542,0.2384,0.2320
70096787024653,加速度计,-0.5357,5.4456,6.7115,,,,,,,
70096797051008,加速度计,0.2670,6.8283,1.2270,,,,,,,
70096794557830,陀螺仪,,,,,,,,-0.0225,0.1326,0.0856
70096807079966,加速度计,-0.6452,7.0605,7.4376,,,,,,,
70096814618664,陀螺仪,,,,,,,,-0.0670,0.0666,0.0161
70096817110799,加速度计,1.4066,5.8137,10.4519,,,,,,,
70096827142987,加速度计,1.2570,5.3247,6.4566,,,,,,,
70096834684080,陀螺仪,,,,,,,,0.0149,0.0377,-0.0940
70096837175799,加速度计,0.1065,5.2343,8.1002,,,,,,,
70096847208716,加速度计,1.4162,4.7321,5.1392,,,,,,,
70096854738247,陀螺仪,,,,,,,,0.0792,0.0397,-0.1029
70096857232883,加速度计,1.2719,3.7439,8.2929,,,,,,,
70096867251633,加速度计,0.1359,7.2993,6.6272,,,,,,,
70096877269549,加速度计,0.2747,8.5491,7.7279,,,,,,,
70096874774080,陀螺仪,,,,,,,,0.1112,0.0406,-0.0816
70096887287466,加速度计,1.8274,9.8246,5.1583,,,,,,,
70096894809914,陀螺仪,,,,,,,,0.0731,0.0543,-0.1286
70096897305383,加速度计,1.5748,8.0972,2.9826,,,,,,,
70096907323299,加速度计,0.4118,8.6532,3.0592,,,,,,,
70096914845747,陀螺仪,,,,,,,,-0.0852,0.0759,-0.1011
70096917341216,加速度计,0.1245,9.9120,7.1024,,,,,,,
70096927375955,加速度计,-0.6285,13.6829,5.0422,,,,,,,
70096944844641,GPS,,,,31.9441,118.7844,3.5600,84.6000,,,
70096937381216,加速度计,1.5640,5.3618,15.2858,,,,,,,
70096934879601,陀螺仪,,,,,,,,-0.3268,0.0601,-0.0242
70096947374862,加速度计,0.6584,4.9339,11.7693,,,,,,,
70096957370070,加速度计,-0.2053,-1.1606,12.0620,,,,,,,
70096954869289,陀螺仪,,,,,,,,-0.1457,0.1000,-0.0132
70096967367674,加速度计,1.7915,4.1360,3.9115,,,,,,,
70096977368508,加速度计,-0.5052,6.4817,5.5528,,,,,,,
70096987373039,加速度计,0.3543,7.8470,6.6313,,,,,,,
70096974869341,陀螺仪,,,,,,,,0.0185,0.1081,-0.0490
70096997381685,加速度计,0.0353,7.6255,6.5703,,,,,,,
70096994884601,陀螺仪,,,,,,,,-0.0220,0.0443,-0.1583
70097007394862,加速度计,0.4166,7.2556,8.1343,,,,,,,
70097017412622,加速度计,0.6243,4.1749,10.1095,,,,,,,
70097027434601,加速度计,-0.2634,8.5000,3.2441,,,,,,,
70097014917778,陀螺仪,,,,,,,,0.0186,0.0080,-0.1920
70097037460383,加速度计,1.7035,8.5988,1.0558,,,,,,,
70097047489549,加速度计,2.3403,5.8119,8.1858,,,,,,,
70097034967414,陀螺仪,,,,,,,,-0.0258,0.0202,-0.1574
70097057521685,加速度计,0.6297,4.1689,11.2958,,,,,,,
70097055030122,陀螺仪,,,,,,,,-0.0904,0.0458,-0.1933
70097067556008,加速度计,1.5496,6.7977,8.9262,,,,,,,
70097077591685,加速度计,1.3862,7.3855,8.2546,,,,,,,
70097075100747,陀螺仪,,,,,,,,0.0261,0.0819,-0.1706
70097087627883,加速度计,1.3414,7.0072,6.5505,,,,,,,
70097097664133,加速度计,0.3998,5.0051,9.1255,,,,,,,
70097095171164,陀螺仪,,,,,,,,0.0085,0.0562,-0.2418
70097107685799,加速度计,-0.8601,7.3777,10.9690,,,,,,,
70097117703924,加速度计,2.3308,7.5842,9.7486,,,,,,,
70097115208455,陀螺仪,,,,,,,,0.1547,-0.0047,-0.2455
70097127721841,加速度计,3.3543,8.0008,-0.2927,,,,,,,
70097137739758,加速度计,0.5136,4.9865,-5.8742,,,,,,,
70097135244289,陀螺仪,,,,,,,,0.0771,-0.0378,-0.3996
70097147757674,加速度计,1.0487,4.0905,-3.1167,,,,,,,
70097157775591,加速度计,-2.1709,5.5414,15.6784,,,,,,,
70097155280122,陀螺仪,,,,,,,,-0.2433,-0.1139,-0.4815
70097167793508,加速度计,-0.6758,7.9559,23.5996,,,,,,,
70097177824393,加速度计,0.6823,10.4333,9.8468,,,,,,,
70097175333612,陀螺仪,,,,,,,,0.1281,-0.0784,-0.3629
70097187832935,加速度计,1.0558,8.3366,1.1337,,,,,,,
70097197832466,加速度计,-0.0796,4.6298,-1.5012,,,,,,,
70097195332570,陀螺仪,,,,,,,,0.0417,-0.1012,-0.4233
70097207833143,加速度计,-1.4641,6.8307,6.9390,,,,,,,
70097217835799,加速度计,-1.7699,12.7988,8.0601,,,,,,,
70097215336893,陀螺仪,,,,,,,,-0.0606,-0.1658,-0.4115
70097227840903,加速度计,0.2676,6.7361,12.2835,,,,,,,
70097237848872,加速度计,1.2240,6.0555,8.4839,,,,,,,
70097235351424,陀螺仪,,,,,,,,0.0067,-0.1477,-0.3217
70097247860122,加速度计,0.5441,6.4536,5.1577,,,,,,,
70097257874705,加速度计,-0.5830,7.9577,5.4594,,,,,,,
70097255378924,陀螺仪,,,,,,,,0.0919,-0.1274,-0.3266
70097267892622,加速度计,0.4070,9.2446,5.5444,,,,,,,
70097277913508,加速度计,-1.2402,7.4956,3.7715,,,,,,,
70097275419237,陀螺仪,,,,,,,,-0.0358,-0.1607,-0.2859
70097287937310,加速度计,0.2239,5.9801,8.0415,,,,,,,
70097297963664,加速度计,-0.1580,5.5426,9.8150,,,,,,,
70097295470643,陀螺仪,,,,,,,,0.0009,-0.1409,-0.2400
70097307992153,加速度计,-1.1043,6.3871,5.7826,,,,,,,
70097318022362,加速度计,-0.9355,6.0082,7.3652,,,,,,,
70097315530122,陀螺仪,,,,,,,,0.0213,-0.1434,-0.1566
70097328053508,加速度计,0.5698,6.8732,8.4120,,,,,,,
70097338085122,加速度计,-0.3424,7.1042,7.2024,,,,,,,
70097335593091,陀螺仪,,,,,,,,0.0855,-0.1384,-0.1786
70097348116789,加速度计,-1.2378,8.1582,6.3321,,,,,,,
70097358137883,加速度计,-1.5036,7.3221,7.7488,,,,,,,
70097355642674,陀螺仪,,,,,,,,0.0184,-0.1539,-0.1334
70097368156372,加速度计,0.3400,6.8157,7.5280,,,,,,,
70097378174341,加速度计,-0.0611,7.8404,7.6345,,,,,,,
70097375678872,陀螺仪,,,,,,,,0.0788,-0.1447,-0.1186
70097388192258,加速度计,-0.2550,6.8570,6.4260,,,,,,,
70097398210174,加速度计,-0.6111,7.2969,6.4506,,,,,,,
70097395714705,陀螺仪,,,,,,,,0.0759,-0.1481,-0.0920
70097408228091,加速度计,-0.8464,7.5896,4.8518,,,,,,,
70097418246008,加速度计,0.4393,6.5158,8.2079,,,,,,,
70097415750903,陀螺仪,,,,,,,,0.0578,-0.1537,-0.0590
70097428270539,加速度计,-0.9816,8.8502,4.9344,,,,,,,
70097438283039,加速度计,1.0373,7.7518,8.3989,,,,,,,
70097435786216,陀螺仪,,,,,,,,0.0383,-0.1374,-0.0166
70097448295539,加速度计,0.8332,7.9230,6.8720,,,,,,,
70097458308455,加速度计,-0.7572,6.8863,7.3777,,,,,,,
70097455811841,陀螺仪,,,,,,,,0.0486,-0.0993,-0.0113
70097468321789,加速度计,-0.5794,7.2347,6.5404,,,,,,,
70097478335539,加速度计,-0.2945,6.3877,6.5128,,,,,,,
70097475839237,陀螺仪,,,,,,,,0.0446,-0.1040,0.0309
70097488350122,加速度计,0.7901,7.2287,5.2409,,,,,,,
70097498365539,加速度计,-1.3659,6.4051,7.0282,,,,,,,
70097495869653,陀螺仪,,,,,,,,0.0385,-0.1104,-0.0091
70097508381789,加速度计,-0.0485,8.0792,3.7900,,,,,,,
70097518398872,加速度计,-1.6113,6.7564,9.6624,,,,,,,
70097528416789,加速度计,-0.9056,5.4839,9.7025,,,,,,,
70097515903403,陀螺仪,,,,,,,,-0.0621,-0.1388,-0.0349
70097538435539,加速度计,-0.5668,7.2275,9.7163,,,,,,,
70097535940487,陀螺仪,,,,,,,,0.0353,-0.1583,0.0048
70097548455122,加速度计,-0.4896,5.6078,7.5507,,,,,,,
70097558475539,加速度计,-0.8739,6.2740,4.8483,,,,,,,
70097555980903,陀螺仪,,,,,,,,0.0352,-0.1732,-0.0051
70097568496789,加速度计,-0.0694,6.8139,14.0881,,,,,,,
70097578518455,加速度计,-2.1231,7.2634,10.3884,,,,,,,
70097576024028,陀螺仪,,,,,,,,0.1240,-0.1931,0.0324
70097588540539,加速度计,-0.2610,6.1172,6.8049,,,,,,,
70097598562622,加速度计,0.8266,8.5012,-3.7475,,,,,,,
70097596068195,陀螺仪,,,,,,,,0.1549,-0.2109,0.0740
70097608584705,加速度计,0.9391,4.4143,-2.8683,,,,,,,
70097618606789,加速度计,-0.4034,3.1238,1.1576,,,,,,,
70097616111841,陀螺仪,,,,,,,,-0.1866,-0.2104,0.0146
70097628626789,加速度计,-1.0104,4.1988,13.0604,,,,,,,
70097638645122,加速度计,-0.8817,8.2875,21.8483,,,,,,,
70097636149653,陀螺仪,,,,,,,,-0.1334,-0.1637,0.1847
70097648663039,加速度计,-0.3484,9.2285,15.2654,,,,,,,
70097658680955,加速度计,-0.2370,8.6616,-0.3861,,,,,,,
70097656185487,陀螺仪,,,,,,,,0.1225,-0.0919,0.2505
70097668698872,加速度计,-0.3430,3.0047,1.9986,,,,,,,
70097678720539,加速度计,-1.0187,5.5689,4.0977,,,,,,,
70097676224341,陀螺仪,,,,,,,,-0.0152,-0.0920,0.2176
70097688735539,加速度计,-1.4359,8.8855,9.6899,,,,,,,
70097698750539,加速度计,-0.0138,10.7326,9.6373,,,,,,,
70097696254341,陀螺仪,,,,,,,,-0.0350,-0.0627,0.3630
70097708765539,加速度计,0.8823,5.1218,8.9256,,,,,,,
70097718780539,加速度计,-0.4890,6.0741,2.2338,,,,,,,
70097716284445,陀螺仪,,,,,,,,0.0546,0.0146,0.4037
70097728795955,加速度计,-1.0798,7.3436,5.0859,,,,,,,
70097738811789,加速度计,-0.4435,8.4940,10.9523,,,,,,,
70097736315903,陀螺仪,,,,,,,,-0.0314,0.0595,0.4852
70097748828039,加速度计,-0.0395,7.1593,9.4745,,,,,,,
70097758844705,加速度计,-0.7823,8.4096,4.2545,,,,,,,
70097756349028,陀螺仪,,,,,,,,0.0419,0.1238,0.5609
70097768861789,加速度计,0.0880,4.5370,6.0531,,,,,,,
70097778879289,加速度计,-0.9020,7.3598,2.4517,,,,,,,
70097776383820,陀螺仪,,,,,,,,-0.0190,0.1655,0.5554
70097788897205,加速度计,-0.1610,6.6828,9.4200,,,,,,,
70097798915539,加速度计,0.0712,7.7740,10.7440,,,,,,,
70097796420278,陀螺仪,,,,,,,,0.0156,0.1896,0.5554
70097808934289,加速度计,-0.4597,8.1439,7.0425,,,,,,,
70097818953455,加速度计,0.8326,7.2550,3.5889,,,,,,,
70097816458403,陀螺仪,,,,,,,,0.0186,0.2079,0.5393
70097828973039,加速度计,1.1025,6.9480,5.9292,,,,,,,
70097838993039,加速度计,0.1437,6.0837,10.8990,,,,,,,
70097836498195,陀螺仪,,,,,,,,-0.0300,0.2346,0.4499
70097849013455,加速度计,0.5207,6.4566,9.3039,,,,,,,
70097859033872,加速度计,0.0096,7.1006,7.0078,,,,,,,
70097856539028,陀螺仪,,,,,,,,0.0722,0.2229,0.4358
70097869054289,加速度计,1.1762,6.6780,4.4550,,,,,,,
70097879074705,加速度计,1.2959,5.8287,7.1539,,,,,,,
70097876579862,陀螺仪,,,,,,,,0.0738,0.2123,0.3083
70097889095122,加速度计,0.9930,7.9930,7.8877,,,,,,,
70097899115539,加速度计,0.1167,8.0493,6.8193,,,,,,,
70097896620070,陀螺仪,,,,,,,,0.0680,0.1867,0.2216
70097909133455,加速度计,1.5622,9.1117,6.3991,,,,,,,
70097919151372,加速度计,2.4433,5.5013,7.9966,,,,,,,
70097916658820,陀螺仪,,,,,,,,0.0555,0.1742,0.1304
70097929202310,加速度计,0.9499,7.5489,4.9195,,,,,,,
70097946419380,GPS,,,,31.9441,118.7844,3.7700,84.8000,,,
70097936678872,陀螺仪,,,,,,,,-0.0013,0.1704,0.0642
70097939183299,加速度计,-0.2011,7.1251,4.5687,,,,,,,
70097949165695,加速度计,1.8160,6.9336,9.1680,,,,,,,
70097956647883,陀螺仪,,,,,,,,0.0252,0.1541,0.0049
70097959150747,加速度计,1.1714,6.4356,8.5671,,,,,,,
70097969139705,加速度计,1.2707,7.5022,3.1196,,,,,,,
70097976633612,陀螺仪,,,,,,,,0.0052,0.1340,-0.0770
70097979133768,加速度计,0.6584,5.6611,7.6034,,,,,,,
70097989133716,加速度计,-0.9565,8.0912,2.6965,,,,,,,
70097999139966,加速度计,0.7643,7.3490,9.1602,,,,,,,
70097996643039,陀螺仪,,,,,,,,-0.0479,0.1003,-0.1121
70098009152883,加速度计,1.3180,8.1918,13.7523,,,,,,,
70098016678716,陀螺仪,,,,,,,,0.0459,0.0851,-0.1208
70098019172414,加速度计,1.6993,6.6906,5.4749,,,,,,,
70098029198143,加速度计,3.0903,6.4326,5.2212,,,,,,,
70098036738612,陀螺仪,,,,,,,,-0.0132,0.0784,-0.1830
70098039229601,加速度计,-3.5871,7.1108,8.8777,,,,,,,
70098049265955,加速度计,1.5467,6.0376,15.3534,,,,,,,
70098056817101,陀螺仪,,,,,,,,0.1727,0.0482,-0.1294
70098059306320,加速度计,3.9983,9.3925,5.8095,,,,,,,
70098069349497,加速度计,2.0159,6.5140,-3.8086,,,,,,,
70098079394601,加速度计,2.7587,4.4341,-0.8464,,,,,,,
70098076906112,陀螺仪,,,,,,,,-0.0899,0.0212,-0.3132
70098089439705,加速度计,-1.4329,0.7901,9.0644,,,,,,,
70098096981633,陀螺仪,,,,,,,,0.0233,0.0587,-0.2692
70098099476997,加速度计,0.5632,6.9234,24.5543,,,,,,,
70098109495278,加速度计,-0.5734,15.0057,3.9744,,,,,,,
70098119513195,加速度计,4.6747,10.6237,-1.8848,,,,,,,
70098117017726,陀螺仪,,,,,,,,0.0531,0.0192,-0.3055
70098129531112,加速度计,0.9948,-2.2009,4.8375,,,,,,,
70098137053560,陀螺仪,,,,,,,,-0.0589,0.0297,-0.3566
70098139549028,加速度计,-0.7308,2.0117,5.2888,,,,,,,
70098149566945,加速度计,0.3819,11.6364,8.7765,,,,,,,
70098159584862,加速度计,-0.2047,9.4176,13.8002,,,,,,,
70098169603143,加速度计,3.3746,4.2533,9.7217,,,,,,,
70098157089393,陀螺仪,,,,,,,,-0.1001,-0.0041,-0.2595
70098179628299,加速度计,0.8062,3.5781,8.3001,,,,,,,
70098177131060,陀螺仪,,,,,,,,0.0494,0.0329,-0.3425
70098189639133,加速度计,-0.5692,7.4867,2.3463,,,,,,,
70098199650018,加速度计,0.2005,8.3899,5.4660,,,,,,,
70098197152883,陀螺仪,,,,,,,,0.0027,0.0009,-0.3172
70098209661372,加速度计,-0.0790,7.7225,8.7837,,,,,,,
70098219673560,加速度计,1.5544,5.9646,7.7883,,,,,,,
70098217176841,陀螺仪,,,,,,,,-0.0276,-0.0213,-0.3202
70098229686580,加速度计,-0.3406,4.9793,8.4390,,,,,,,
70098237204289,陀螺仪,,,,,,,,0.0361,-0.0270,-0.3368
70098239700487,加速度计,-0.9469,8.2971,3.8301,,,,,,,
70098249715643,加速度计,0.6051,6.7929,8.1828,,,,,,,
70098257236476,陀螺仪,,,,,,,,0.0021,-0.0578,-0.3101
70098259732049,加速度计,-0.8021,6.7068,9.8078,,,,,,,
70098269749705,加速度计,-0.4507,7.4867,5.2798,,,,,,,
70098279768612,加速度计,0.7667,7.9883,4.6561,,,,,,,
70098277273664,陀螺仪,,,,,,,,0.0723,-0.0615,-0.2967
70098289788716,加速度计,-0.4334,8.2989,1.7777,,,,,,,
70098299809653,加速度计,0.0371,6.4811,12.5618,,,,,,,
70098297315122,陀螺仪,,,,,,,,-0.0834,-0.0943,-0.2799
70098309831424,加速度计,-1.0786,7.4813,11.1881,,,,,,,
70098317359758,陀螺仪,,,,,,,,0.0766,-0.0798,-0.2687
70098319853976,加速度计,0.7679,7.7452,1.8567,,,,,,,
70098329876945,加速度计,-1.0050,6.5446,2.3930,,,,,,,
70098337406164,陀螺仪,,,,,,,,-0.0463,-0.1149,-0.2471
70098339900278,加速度计,-1.4742,5.1972,9.4367,,,,,,,
70098349923612,加速度计,-0.0994,5.9825,11.5137,,,,,,,
70098357451268,陀螺仪,,,,,,,,0.0798,-0.1113,-0.1973
70098359946424,加速度计,-0.5297,11.6376,1.1678,,,,,,,
70098369965487,加速度计,0.2209,7.3801,8.0146,,,,,,,
70098379983768,加速度计,0.2310,4.5777,11.2617,,,,,,,
70098377488299,陀螺仪,,,,,,,,-0.0031,-0.1081,-0.1609
70098390001685,加速度计,-2.1195,8.4845,6.7894,,,,,,,
70098400019601,加速度计,0.4447,7.9793,4.4813,,,,,,,
70098397524133,陀螺仪,,,,,,,,0.0748,-0.0901,-0.0940
70098410037518,加速度计,0.4363,6.1669,6.4494,,,,,,,
70098420055539,加速度计,-1.8399,5.7108,7.6734,,,,,,,
70098417560278,陀螺仪,,,,,,,,-0.0015,-0.0788,-0.0730
70098430075383,加速度计,-0.0096,8.1098,6.3327,,,,,,,
70098437596268,陀螺仪,,,,,,,,0.0322,-0.0791,-0.0376
70098440092049,加速度计,-0.0257,7.7943,7.0593,,,,,,,
70098450108716,加速度计,-1.4114,6.7876,3.3716,,,,,,,
70098457629601,陀螺仪,,,,,,,,-0.0429,-0.0762,-0.0250
70098460125383,加速度计,-0.3202,5.4318,5.2002,,,,,,,
70098470142049,加速度计,0.3340,6.4997,7.3316,,,,,,,
70098480158716,加速度计,-0.8350,7.5316,9.4768,,,,,,,
70098477662935,陀螺仪,,,,,,,,-0.0816,-0.0851,-0.0003
70098490175383,加速度计,0.1460,6.7989,9.4948,,,,,,,
70098500192049,加速度计,-0.7715,7.5788,10.1317,,,,,,,
70098497696268,陀螺仪,,,,,,,,-0.0137,-0.0629,0.0112
70098510208768,加速度计,-1.0666,6.7349,12.1715,,,,,,,
70098517730330,陀螺仪,,,,,,,,0.1154,-0.0951,0.0928
70098520225903,加速度计,0.8847,7.9918,7.8207,,,,,,,
70098530243455,加速度计,2.3331,7.2275,-0.3549,,,,,,,
70098537766060,陀螺仪,,,,,,,,0.0182,-0.1124,-0.0626
70098540261424,加速度计,1.0014,5.5988,-3.2124,,,,,,,
70098550279810,加速度计,-0.1443,2.5869,-1.4772,,,,,,,
70098557803455,陀螺仪,,,,,,,,-0.2237,-0.1502,-0.1137
70098560298612,加速度计,-0.7787,7.0940,9.0638,,,,,,,
70098570317778,加速度计,-0.6213,7.3418,26.4470,,,,,,,
70098577841789,陀螺仪,,,,,,,,0.0949,-0.0928,0.0052
70098580336945,加速度计,-0.7332,9.6582,14.1054,,,,,,,
70098590356112,加速度计,1.0163,8.8208,-2.6276,,,,,,,
70098597880122,陀螺仪,,,,,,,,0.0186,-0.0866,-0.0365
70098600375278,加速度计,1.3437,4.2808,-1.2707,,,,,,,
70098610394445,加速度计,-1.2803,2.8587,8.5730,,,,,,,
70098620413612,加速度计,-1.5670,9.1680,11.5149,,,,,,,
70098617918455,陀螺仪,,,,,,,,-0.0337,-0.1142,-0.0684
70098630432778,加速度计,-0.1544,11.4575,7.4065,,,,,,,
70098640451945,加速度计,1.0672,5.6886,10.3837,,,,,,,
70098637956789,陀螺仪,,,,,,,,-0.0025,-0.1092,0.0252
70098650471112,加速度计,-0.7865,5.0458,4.8662,,,,,,,
70098657994810,陀螺仪,,,,,,,,0.0254,-0.1028,0.0154
70098660490174,加速度计,0.6003,8.7059,3.9534,,,,,,,
70098670509185,加速度计,0.5944,6.7223,9.0644,,,,,,,
70098678043664,陀螺仪,,,,,,,,0.0013,-0.0858,0.0326
70098680544133,加速度计,-1.0936,7.7943,8.9429,,,,,,,
70098690542101,加速度计,0.0628,6.5236,6.5475,,,,,,,
70098698040539,陀螺仪,,,,,,,,-0.0037,-0.0743,0.0840
70098700540591,加速度计,-0.0335,5.9723,3.1424,,,,,,,
70098710540435,加速度计,-0.7446,4.9740,6.5589,,,,,,,
70098720542414,加速度计,0.1670,5.5192,10.0533,,,,,,,
70098718043508,陀螺仪,,,,,,,,-0.0040,-0.0715,0.1088
70098730546945,加速度计,0.8888,7.2287,6.1938,,,,,,,
70098740554445,加速度计,-0.2945,9.4254,5.7563,,,,,,,
70098738057101,陀螺仪,,,,,,,,0.0318,-0.0470,0.1089
70098750565330,加速度计,0.0108,6.6535,10.0922,,,,,,,
70098758084497,陀螺仪,,,,,,,,0.0663,-0.0222,0.1111
70098760579966,加速度计,-0.0156,6.3327,7.8248,,,,,,,
70098770598299,加速度计,-0.3106,8.5000,3.9373,,,,,,,
70098780619966,加速度计,0.3430,6.7546,6.3255,,,,,,,
70098778126164,陀螺仪,,,,,,,,0.0322,-0.0246,0.1471
70098790644914,加速度计,0.8565,6.2453,6.6469,,,,,,,
70098798180278,陀螺仪,,,,,,,,0.0240,-0.0168,0.1278
70098800672726,加速度计,-1.0397,7.7399,8.9220,,,,,,,
70098810702935,加速度计,-0.4465,6.1184,8.5509,,,,,,,
70098818243039,陀螺仪,,,,,,,,0.0630,-0.0236,0.1639
70098820734758,加速度计,0.1251,8.2049,5.3977,,,,,,,
70098830767726,加速度计,-0.1580,7.8913,5.1990,,,,,,,
70098840801060,加速度计,1.6394,7.1820,6.6541,,,,,,,
70098838309445,陀螺仪,,,,,,,,0.0059,-0.0172,0.1154
70098850832674,加速度计,-1.5634,6.6421,12.1901,,,,,,,
70098858356737,陀螺仪,,,,,,,,0.0505,-0.0060,0.1692
70098860852101,加速度计,-0.9272,8.0685,6.3446,,,,,,,
70098870870383,加速度计,1.4832,6.8761,3.8182,,,,,,,
70098880888299,加速度计,-1.5215,6.2459,3.9103,,,,,,,
70098878392830,陀螺仪,,,,,,,,-0.0053,-0.0032,0.1598
70098890906216,加速度计,0.4687,6.4506,7.3430,,,,,,,
70098900924133,加速度计,-0.0527,7.1257,9.3099,,,,,,,
70098898428664,陀螺仪,,,,,,,,-0.0028,-0.0111,0.1366
70098910942049,加速度计,-0.9110,9.9234,4.8501,,,,,,,
70098920962049,加速度计,0.6381,5.9652,6.8660,,,,,,,
70098918474133,陀螺仪,,,,,,,,-0.0443,-0.0181,0.1298
70098941382765,GPS,,,,31.9441,118.7845,3.6800,88.5000,,,
70098931013768,加速度计,-0.4334,5.9598,10.5854,,,,,,,
70098940985851,加速度计,-0.3280,7.5507,5.6252,,,,,,,
70098938479237,陀螺仪,,,,,,,,0.0048,-0.0278,0.1157
70098950960018,加速度计,0.0982,6.5679,6.4865,,,,,,,
70098960937935,加速度计,-1.2528,6.5446,11.2994,,,,,,,
70098958433403,陀螺仪,,,,,,,,-0.0153,-0.0381,0.0959
70098970921164,加速度计,-0.5411,6.1357,11.6233,,,,,,,
70098980910851,加速度计,1.5305,8.8729,6.0160,,,,,,,
70098978409653,陀螺仪,,,,,,,,0.1454,-0.0678,0.1668
70098990907830,加速度计,2.5648,7.3185,-0.7326,,,,,,,
70099000912726,加速度计,2.3206,3.6943,-4.9027,,,,,,,
70098998415487,陀螺仪,,,,,,,,0.0013,-0.0622,-0.0049
70099010925539,加速度计,-0.5249,3.9205,-4.3898,,,,,,,
70099020946164,加速度计,-1.2815,5.6773,12.1075,,,,,,,
70099018452778,陀螺仪,,,,,,,,-0.3143,-0.0831,-0.0134
70099030974185,加速度计,-0.5656,5.7305,32.1517,,,,,,,
70099041009080,加速度计,0.4076,12.2888,17.9026,,,,,,,
70099038519028,陀螺仪,,,,,,,,0.1740,-0.0048,0.1824
70099051049914,加速度计,1.7879,11.9513,-8.4090,,,,,,,
70099061095435,加速度计,1.9285,0.6608,0.4711,,,,,,,
70099058607570,陀螺仪,,,,,,,,-0.0403,-0.0348,0.0567
70099071144393,加速度计,-1.3342,2.1805,2.3589,,,,,,,
70099081195435,加速度计,0.0754,9.4900,12.8221,,,,,,,
70099078708403,陀螺仪,,,,,,,,-0.0446,-0.0304,0.0041
70099091246164,加速度计,-0.1574,12.2697,9.5517,,,,,,,
70099098791112,陀螺仪,,,,,,,,-0.0093,-0.0365,0.1338
70099101286580,加速度计,1.2707,3.9977,12.8946,,,,,,,
70099111304497,加速度计,-0.1933,7.1676,2.1668,,,,,,,
70099121322414,加速度计,0.4854,7.1940,4.0253,,,,,,,
70099118826945,陀螺仪,,,,,,,,0.0192,-0.0386,0.0711
70099131340330,加速度计,0.6075,7.7638,7.5842,,,,,,,
70099138862778,陀螺仪,,,,,,,,-0.0453,-0.0238,0.0852
70099141358247,加速度计,-0.4752,6.8779,8.4054,,,,,,,
70099151376164,加速度计,-0.7045,7.8266,8.7933,,,,,,,
70099158898612,陀螺仪,,,,,,,,0.0119,0.0076,0.1706
70099161394080,加速度计,0.2897,6.2866,10.5812,,,,,,,
70099171412310,加速度计,-1.0355,6.8684,6.1758,,,,,,,
70099181432778,加速度计,1.2809,7.7859,3.5727,,,,,,,
70099178936789,陀螺仪,,,,,,,,0.0710,0.0269,0.2027
70099191448612,加速度计,1.0086,6.2848,5.1499,,,,,,,
70099201464445,加速度计,-0.7883,7.0671,5.6689,,,,,,,
70099198968455,陀螺仪,,,,,,,,-0.0240,0.0353,0.1859
70099211480278,加速度计,0.1323,7.2053,9.9288,,,,,,,
70099221496112,加速度计,0.5746,8.2774,8.0810,,,,,,,
70099219000122,陀螺仪,,,,,,,,0.0325,0.0742,0.2388
70099231512049,加速度计,-0.1682,5.5671,5.4199,,,,,,,
70099241528403,加速度计,0.2741,6.1884,4.6430,,,,,,,
70099239032622,陀螺仪,,,,,,,,0.0281,0.0903,0.2511
70099251545174,加速度计,0.6404,6.4452,7.8135,,,,,,,
70099261562362,加速度计,0.0443,5.7856,9.1500,,,,,,,
70099259066789,陀螺仪,,,,,,,,0.0320,0.0943,0.2190
70099271579966,加速度计,0.1784,7.4113,8.5389,,,,,,,
70099281597987,加速度计,0.1664,8.6113,3.1436,,,,,,,
70099279102622,陀螺仪,,,,,,,,0.1073,0.1049,0.2238
70099291616424,加速度计,0.0916,8.0451,7.3119,,,,,,,
70099301635278,加速度计,0.2777,9.1309,11.0510,,,,,,,
70099299140122,陀螺仪,,,,,,,,0.0170,0.0883,0.1676
70099311654549,加速度计,0.4130,7.1359,9.5235,,,,,,,
70099321674133,加速度计,0.9577,5.2553,3.6811,,,,,,,
70099319179080,陀螺仪,,,,,,,,0.0766,0.0920,0.1867
70099331693716,加速度计,0.0054,5.4402,4.1288,,,,,,,
70099341713299,加速度计,0.4549,5.9143,4.9422,,,,,,,
70099339218247,陀螺仪,,,,,,,,0.0103,0.0935,0.1282
70099351732883,加速度计,0.2903,8.0637,8.2708,,,,,,,
70099361752466,加速度计,-0.2861,7.9164,7.9924,,,,,,,
70099359257414,陀螺仪,,,,,,,,0.0312,0.0790,0.1031
70099371772049,加速度计,-0.0221,7.5663,5.7634,,,,,,,
70099381791633,加速度计,-0.1939,5.4809,6.9348,,,,,,,
70099379296580,陀螺仪,,,,,,,,-0.0226,0.0526,0.1025
70099391810903,加速度计,0.4166,6.9432,10.8170,,,,,,,
70099399333664,陀螺仪,,,,,,,,0.0266,0.0523,0.0971
70099401829133,加速度计,0.4112,8.2642,7.0898,,,,,,,
70099411848195,加速度计,0.9583,8.7747,5.9777,,,,,,,
70099419370643,陀螺仪,,,,,,,,-0.0364,0.0518,0.0627
70099421867674,加速度计,-1.5490,7.4801,11.4766,,,,,,,
70099431887726,加速度计,-0.8140,5.2702,11.5424,,,,,,,
70099441900226,加速度计,3.4207,8.0248,4.8195,,,,,,,
70099439403403,陀螺仪,,,,,,,,0.1473,0.0225,0.1377
70099451912830,加速度计,1.1762,6.2620,-2.8802,,,,,,,
70099461925851,加速度计,2.0704,3.7595,-5.2361,,,,,,,
70099459429237,陀螺仪,,,,,,,,-0.0467,0.0338,-0.0069
70099471939289,加速度计,-0.4058,3.6230,5.5384,,,,,,,
70099481953247,加速度计,-0.8865,7.0575,22.2020,,,,,,,
70099479456945,陀螺仪,,,,,,,,-0.2043,0.0336,0.0057
70099491968039,加速度计,-0.3286,9.6055,19.3679,,,,,,,
70099501983664,加速度计,0.9786,11.7406,0.6578,,,,,,,
70099499487778,陀螺仪,,,,,,,,0.1756,0.0823,0.1503
70099512000122,加速度计,1.8429,3.9462,-3.9145,,,,,,,
70099522017414,加速度计,-0.1167,1.4629,2.9586,,,,,,,
70099519521945,陀螺仪,,,,,,,,-0.1181,0.0671,0.0194
70099532035539,加速度计,-0.2598,5.8742,12.6025,,,,,,,
70099539559445,陀螺仪,,,,,,,,-0.0004,0.0694,0.0553
70099542054497,加速度计,0.9020,12.6965,9.7767,,,,,,,
70099552074289,加速度计,0.3118,8.2989,9.6845,,,,,,,
70099559600278,陀螺仪,,,,,,,,0.0029,0.0820,0.1084
70099562094914,加速度计,0.2502,4.9506,7.8829,,,,,,,
70099572116268,加速度计,2.0824,5.9604,3.6146,,,,,,,
70099579643612,陀螺仪,,,,,,,,-0.0190,0.0646,0.0115
70099582138039,加速度计,-0.5195,7.7770,4.9829,,,,,,,
70099592160122,加速度计,-1.0822,6.8881,11.4533,,,,,,,
70099599687778,陀螺仪,,,,,,,,0.0193,0.0635,0.0710
70099602182205,加速度计,0.3496,5.9885,12.0398,,,,,,,
70099612204289,加速度计,0.5327,7.9835,5.3648,,,,,,,
70099619730903,陀螺仪,,,,,,,,0.0618,0.0625,0.0723
70099622225851,加速度计,-0.4357,7.4388,1.9184,,,,,,,
70099632245330,加速度计,1.6807,4.5370,6.8827,,,,,,,
70099639767778,陀螺仪,,,,,,,,0.0386,0.0683,0.0170
70099642263247,加速度计,-0.2807,6.9605,7.0390,,,,,,,
70099652281164,加速度计,-0.8871,11.1839,5.5246,,,,,,,
70099659803612,陀螺仪,,,,,,,,-0.0019,0.0835,0.0879
70099662299080,加速度计,1.3288,6.5314,10.9050,,,,,,,
70099672318143,加速度计,0.1131,7.1862,5.9400,,,,,,,
70099682346893,加速度计,0.3286,6.8055,5.4468,,,,,,,
70099679847674,陀螺仪,,,,,,,,0.0216,0.1072,0.1204
70099692349914,加速度计,0.5896,6.4093,5.2996,,,,,,,
70099699854549,陀螺仪,,,,,,,,-0.0051,0.1212,0.1123
70099702353455,加速度计,0.6949,6.9947,9.0016,,,,,,,
70099712358039,加速度计,0.2969,8.2911,9.4493,,,,,,,
70099722364393,加速度计,0.4112,4.8656,9.6199,,,,,,,
70099719866424,陀螺仪,,,,,,,,0.0792,0.1182,0.1165
70099732372830,加速度计,0.2083,8.4539,-0.3753,,,,,,,
70099739886633,陀螺仪,,,,,,,,-0.0004,0.1060,0.0615
70099742383455,加速度计,1.7645,7.2544,3.5620,,,,,,,
70099752396580,加速度计,0.9044,5.7712,11.3916,,,,,,,
70099759916633,陀螺仪,,,,,,,,0.0201,0.1061,0.0208
70099762412205,加速度计,-1.5682,6.6553,12.4020,,,,,,,
70099772430330,加速度计,0.1526,8.7987,3.7445,,,,,,,
70099782450955,加速度计,1.6741,5.4558,3.3627,,,,,,,
70099779956633,陀螺仪,,,,,,,,0.0177,0.0895,0.0679
70099792473976,加速度计,0.0323,5.1116,7.3735,,,,,,,
70099800005591,陀螺仪,,,,,,,,0.0170,0.0964,-0.0127
70099802498976,加速度计,0.6662,7.0731,8.6437,,,,,,,
70099812525539,加速度计,0.0365,8.6030,9.8240,,,,,,,
70099822553247,加速度计,-0.0305,8.1379,5.4498,,,,,,,
70099820060383,陀螺仪,,,,,,,,0.0216,0.0875,0.0438
70099832581685,加速度计,1.2067,6.0196,8.2390,,,,,,,
70099840117674,陀螺仪,,,,,,,,0.0475,0.0870,-0.0119
70099842610435,加速度计,0.9427,7.1449,7.4992,,,,,,,
70099852638143,加速度计,0.4417,7.4472,4.2294,,,,,,,
70099860165799,陀螺仪,,,,,,,,-0.0186,0.0744,-0.0535
70099862661164,加速度计,0.4154,8.0649,6.1740,,,,,,,
70099872679393,加速度计,-1.1319,6.2962,12.9736,,,,,,,
70099882697310,加速度计,-1.2498,6.6493,12.9736,,,,,,,
70099880201841,陀螺仪,,,,,,,,0.0417,0.0349,0.0000
70099892715226,加速度计,1.9130,8.8053,4.4879,,,,,,,
70099902733143,加速度计,2.5845,6.7576,-3.3351,,,,,,,
70099900237674,陀螺仪,,,,,,,,0.0969,0.0214,-0.0376
70099912751060,加速度计,1.2234,3.9319,-3.7433,,,,,,,
70099922769289,加速度计,0.1161,4.0606,-0.5632,,,,,,,
70099920276268,陀螺仪,,,,,,,,-0.2044,0.0130,-0.1754
70099933712296,GPS,,,,31.9441,118.7845,3.6900,88.6000,,,
70099932793560,加速度计,-0.2699,5.3229,20.7781,,,,,,,
70099942802310,加速度计,-0.9547,9.0483,22.8197,,,,,,,
70099940304549,陀螺仪,,,,,,,,-0.0474,0.0615,-0.0084
70099952811216,加速度计,0.7889,12.3918,6.6487,,,,,,,
70099962820695,加速度计,1.9267,7.0419,-1.9154,,,,,,,
70099960323247,陀螺仪,,,,,,,,0.0981,0.0909,0.0539
70099972831164,加速度计,0.7518,2.0686,-1.8765,,,,,,,
70099982842883,加速度计,0.5836,3.4554,8.5180,,,,,,,
70099980346060,陀螺仪,,,,,,,,-0.1146,0.0803,-0.0895
70099992856008,加速度计,-0.9697,8.6999,14.4113,,,,,,,
70100002870799,加速度计,-0.6177,9.6127,11.3066,,,,,,,
70100000374810,陀螺仪,,,,,,,,0.0228,0.0775,0.0435
70100012887258,加速度计,2.0279,6.2267,7.4867,,,,,,,
70100022905383,加速度计,0.8051,6.9875,4.3347,,,,,,,
70100020410226,陀螺仪,,,,,,,,0.0760,0.0798,-0.0032
70100032925174,加速度计,0.3424,6.5649,4.9877,,,,,,,
70100042946476,加速度计,0.5920,6.5739,5.0266,,,,,,,
70100040452049,陀螺仪,,,,,,,,0.0493,0.0654,-0.0983
70100052969028,加速度计,-0.8535,8.9190,2.3499,,,,,,,
70100062992674,加速度计,-0.4693,4.9440,11.0630,,,,,,,
70100060498768,陀螺仪,,,,,,,,-0.0935,0.0519,-0.0340
70100073016997,加速度计,-0.4579,7.1479,9.8402,,,,,,,
70100083041737,加速度计,0.2933,8.4611,8.6281,,,,,,,
70100080548039,陀螺仪,,,,,,,,0.0165,0.0550,0.0115
70100093066737,加速度计,0.7063,6.6553,4.8536,,,,,,,
70100103091424,加速度计,1.3240,6.2363,1.3030,,,,,,,
70100100597518,陀螺仪,,,,,,,,0.0109,0.0711,-0.0296
70100113113247,加速度计,-0.1490,6.1351,5.6006,,,,,,,
70100120635695,陀螺仪,,,,,,,,-0.0931,0.0651,-0.0449
70100123131164,加速度计,-0.5495,8.3163,10.7344,,,,,,,
70100133149080,加速度计,-0.2646,7.0090,8.7293,,,,,,,
70100140671528,陀螺仪,,,,,,,,-0.0067,0.0688,0.0209
70100143166997,加速度计,0.9325,7.5591,6.3788,,,,,,,
70100153184914,加速度计,0.2334,6.3279,8.7239,,,,,,,
70100163202830,加速度计,0.7033,5.9179,9.4397,,,,,,,
70100160707362,陀螺仪,,,,,,,,0.0208,0.0690,-0.0208
70100173221060,加速度计,-0.2137,8.4060,6.3033,,,,,,,
70100183240643,加速度计,0.0096,7.8608,2.9305,,,,,,,
70100180744862,陀螺仪,,,,,,,,0.0670,0.0553,-0.0308
70100193257310,加速度计,0.4274,4.5622,4.5622,,,,,,,
70100203273976,加速度计,0.3424,7.8901,3.1669,,,,,,,
70100200778195,陀螺仪,,,,,,,,-0.0606,0.0333,-0.0567
70100213290643,加速度计,0.2999,7.4478,11.6364,,,,,,,
70100223307310,加速度计,-0.0790,6.6667,14.8333,,,,,,,
70100220811528,陀螺仪,,,,,,,,-0.0370,0.0490,-0.0380
70100233323976,加速度计,0.5932,6.1232,6.7002,,,,,,,
70100243340643,加速度计,0.7979,8.1361,-0.3555,,,,,,,
70100240844862,陀螺仪,,,,,,,,0.0489,0.0792,0.0278
70100253357310,加速度计,1.2456,5.7239,4.8830,,,,,,,
70100260878455,陀螺仪,,,,,,,,-0.0798,0.0728,-0.0546
70100263374133,加速度计,-0.2783,6.3111,7.4555,,,,,,,
70100273391372,加速度计,-0.5968,7.9482,10.4309,,,,,,,
70100283409028,加速度计,-0.1185,8.4264,8.5264,,,,,,,
70100280913560,陀螺仪,,,,,,,,-0.0602,0.0527,-0.0027
70100293427101,加速度计,0.2652,5.0787,7.7153,,,,,,,
70100300950330,陀螺仪,,,,,,,,0.0027,0.0691,-0.0222
70100303445591,加速度计,0.1676,5.8963,6.9474,,,,,,,
70100313464497,加速度计,-0.2179,7.8314,5.7754,,,,,,,
70100323483664,加速度计,0.1065,6.7870,6.8881,,,,,,,
70100320988508,陀螺仪,,,,,,,,0.0055,0.0570,-0.0383
70100333502830,加速度计,-1.5826,8.6622,10.5650,,,,,,,
70100341026841,陀螺仪,,,,,,,,0.0060,0.0100,0.0631
70100343521997,加速度计,-0.3202,6.5888,11.9387,,,,,,,
70100353541164,加速度计,3.2136,7.0252,4.9536,,,,,,,
70100363560330,加速度计,1.8866,6.1106,-3.5165,,,,,,,
70100361065174,陀螺仪,,,,,,,,0.1264,0.0463,-0.0278
70100373579497,加速度计,1.3210,4.1216,-7.6231,,,,,,,
70100383598664,加速度计,-0.6674,2.9251,8.9405,,,,,,,
70100381103508,陀螺仪,,,,,,,,-0.2505,0.0529,-0.1037
70100393617830,加速度计,-0.4752,6.2950,25.9950,,,,,,,
70100403636997,加速度计,-0.5453,13.2304,15.8317,,,,,,,
70100401141841,陀螺仪,,,,,,,,0.0726,0.0647,0.0128
70100413655851,加速度计,0.5704,11.8627,-0.6871,,,,,,,
70100423676060,加速度计,1.9770,3.6613,-0.4375,,,,,,,
70100421181945,陀螺仪,,,,,,,,0.0057,0.0700,-0.0514
70100433703455,加速度计,-0.3430,1.5473,5.9849,,,,,,,
70100443703195,加速度计,-0.4693,6.0855,11.1983,,,,,,,
70100441203247,陀螺仪,,,,,,,,-0.0373,0.0048,-0.1638
70100453703664,加速度计,-0.1263,11.2258,8.1020,,,,,,,
70100463705695,加速度计,0.8589,6.8127,9.5750,,,,,,,
70100461206580,陀螺仪,,,,,,,,0.0276,-0.0145,-0.1409
70100473709966,加速度计,1.2623,5.5306,4.6376,,,,,,,
70100483716893,加速度计,0.6165,7.6327,3.4937,,,,,,,
70100481219133,陀螺仪,,,,,,,,0.0506,-0.0401,-0.2180
70100493726737,加速度计,0.3968,8.8041,6.9647,,,,,,,
70100503739653,加速度计,-0.0287,6.9444,5.6258,,,,,,,
70100501243455,陀螺仪,,,,,,,,-0.0495,-0.0636,-0.2531
70100513755903,加速度计,-0.2053,5.6300,8.0361,,,,,,,
70100523775330,加速度计,-0.3663,6.9420,10.0293,,,,,,,
70100521280695,陀螺仪,,,,,,,,-0.0417,-0.0494,-0.1587
70100533797674,加速度计,0.6416,6.0765,9.7444,,,,,,,
70100543822778,加速度计,1.6520,9.1584,5.5659,,,,,,,
70100541329497,陀螺仪,,,,,,,,0.0704,-0.0184,-0.0957
70100553850226,加速度计,0.4417,6.6810,4.2174,,,,,,,
70100561387258,陀螺仪,,,,,,,,-0.0140,-0.0051,-0.1397
70100563879601,加速度计,0.8200,6.9947,4.3263,,,,,,,
70100573910330,加速度计,-0.2430,7.0348,8.7221,,,,,,,
70100583941737,加速度计,-0.7386,7.2311,8.5335,,,,,,,
70100581449705,陀螺仪,,,,,,,,-0.0116,0.0055,-0.0728
70100593973247,加速度计,0.2041,5.9837,9.0279,,,,,,,
70100601504028,陀螺仪,,,,,,,,0.0338,0.0158,-0.0021
70100603999497,加速度计,-0.7284,7.1497,0.8511,,,,,,,
70100614017414,加速度计,1.6197,5.9975,4.2742,,,,,,,
70100624035330,加速度计,-0.0509,6.7499,9.5894,,,,,,,
70100621539862,陀螺仪,,,,,,,,-0.0389,0.0274,-0.0486
70100634053247,加速度计,-1.3485,7.0958,11.7477,,,,,,,
70100641575695,陀螺仪,,,,,,,,0.0538,0.0487,0.0425
70100644071164,加速度计,0.0395,8.8382,6.3758,,,,,,,
70100654089080,加速度计,-0.1053,7.8009,4.2042,,,,,,,
70100661611528,陀螺仪,,,,,,,,-0.0370,0.0514,0.0373
70100664106997,加速度计,-0.1933,5.7940,8.2259,,,,,,,
70100674126008,加速度计,0.9313,6.6242,12.0111,,,,,,,
70100684146528,加速度计,-1.2540,9.3996,6.8408,,,,,,,
70100681649914,陀螺仪,,,,,,,,0.0562,0.0695,0.0506
70100694159862,加速度计,0.3956,6.1926,5.3145,,,,,,,
70100701676580,陀螺仪,,,,,,,,0.0177,0.0662,0.0441
70100704173195,加速度计,-0.0682,5.5917,3.1735,,,,,,,
70100714186737,加速度计,-0.7236,6.1752,7.0354,,,,,,,
70100724200695,加速度计,-0.0593,7.7668,11.1223,,,,,,,
70100721704289,陀螺仪,,,,,,,,-0.0212,0.0383,0.0120
70100734215278,加速度计,0.9176,8.9980,6.3105,,,,,,,
70100741734705,陀螺仪,,,,,,,,0.0015,0.0459,0.0055
70100744230695,加速度计,-0.3549,5.8119,9.1010,,,,,,,
70100754246945,加速度计,-0.4711,6.0160,8.9896,,,,,,,
70100764264028,加速度计,-0.1730,6.7780,4.7004,,,,,,,
70100761768455,陀螺仪,,,,,,,,0.1072,0.0581,-0.0031
70100774281945,加速度计,-0.0347,10.3376,4.5191,,,,,,,
70100784300695,加速度计,-1.6137,6.5739,13.4877,,,,,,,
70100781805539,陀螺仪,,,,,,,,-0.0244,0.0172,-0.0063
70100794320278,加速度计,0.2131,6.0088,11.2097,,,,,,,
70100804340487,加速度计,2.5600,8.9962,-4.4472,,,,,,,
70100801845643,陀螺仪,,,,,,,,0.1668,0.0117,0.0421
70100814361112,加速度计,2.6127,4.8016,-4.0504,,,,,,,
70100824382153,加速度计,0.3160,1.9249,-0.1981,,,,,,,
70100821887518,陀螺仪,,,,,,,,-0.1780,0.0072,-0.1389
70100834403612,加速度计,-0.2789,4.4742,10.1849,,,,,,,
70100844425278,加速度计,-0.3370,9.0411,19.3254,,,,,,,
70100841930747,陀螺仪,,,,,,,,-0.1437,-0.0020,-0.0944
70100854446945,加速度计,0.0018,8.3797,14.8871,,,,,,,
70100861973455,陀螺仪,,,,,,,,0.0937,0.0509,-0.0298
70100864468195,加速度计,0.6943,8.8807,2.3194,,,,,,,
70100874487778,加速度计,0.9996,4.5795,2.2368,,,,,,,
70100884505903,加速度计,-0.1347,5.3133,7.1042,,,,,,,
70100882010435,陀螺仪,,,,,,,,-0.0248,0.0079,-0.1501
70100894523820,加速度计,-0.6829,7.9302,10.9014,,,,,,,
70100904541737,加速度计,0.3609,9.8803,5.8867,,,,,,,
70100902046268,陀螺仪,,,,,,,,0.0348,-0.0494,-0.1762
70100914559653,加速度计,0.7913,5.6108,8.7484,,,,,,,
70100924582466,加速度计,0.5249,6.5218,5.4630,,,,,,,
70100922094393,陀螺仪,,,,,,,,0.0250,-0.0703,-0.2067
70100934602570,加速度计,1.7023,8.0230,6.9007,,,,,,,
70100951427452,GPS,,,,31.9441,118.7845,3.7800,85.9000,,,
70100944604497,加速度计,0.0976,8.4910,7.0593,,,,,,,
70100942105070,陀螺仪,,,,,,,,-0.0160,-0.0823,-0.2657
70100954607362,加速度计,-0.0455,5.6300,7.0898,,,,,,,
70100964611737,加速度计,-0.0054,6.9312,5.7383,,,,,,,
70100962113039,陀螺仪,,,,,,,,-0.0097,-0.0872,-0.2348
70100974618039,加速度计,-0.6446,6.3805,5.0913,,,,,,,
70100984626685,加速度计,0.2322,7.2999,6.7564,,,,,,,
70100982129133,陀螺仪,,,,,,,,-0.0585,-0.0977,-0.1927
70100994637830,加速度计,1.6185,7.6543,10.3759,,,,,,,
70101002155539,陀螺仪,,,,,,,,-0.0316,-0.0818,-0.1830
70101004651737,加速度计,0.0221,7.3149,8.7227,,,,,,,
70101014668560,加速度计,0.2197,8.3528,8.0361,,,,,,,
70101024688299,加速度计,0.4812,7.5920,9.6391,,,,,,,
70101022193560,陀螺仪,,,,,,,,0.0027,-0.0514,-0.1434
70101034710695,加速度计,-0.0970,7.0276,8.8526,,,,,,,
70101042241737,陀螺仪,,,,,,,,0.0807,-0.0453,-0.1040
70101044735330,加速度计,-0.0084,5.0548,9.3099,,,,,,,
70101054761789,加速度计,0.2628,7.3490,1.8364,,,,,,,
70101064789653,加速度计,0.7865,5.5677,1.7837,,,,,,,
70101062296789,陀螺仪,,,,,,,,0.0648,-0.0617,-0.1096
70101074818508,加速度计,-0.0473,5.5031,4.2329,,,,,,,
70101084847935,加速度计,-0.3118,7.0132,7.1293,,,,,,,
70101082355383,陀螺仪,,,,,,,,0.0148,-0.0610,-0.1429
70101094877518,加速度计,-0.1933,7.9547,3.6236,,,,,,,
70101104902414,加速度计,-0.3430,6.5230,1.9758,,,,,,,
70101102407987,陀螺仪,,,,,,,,-0.0850,-0.0510,-0.0463
70101114921893,加速度计,0.3789,6.1447,14.0067,,,,,,,
70101124939810,加速度计,-0.0539,7.5136,19.5355,,,,,,,
70101122444341,陀螺仪,,,,,,,,0.0128,-0.0007,0.0260
70101134957726,加速度计,-0.3525,11.0235,4.7118,,,,,,,
70101144975643,加速度计,0.7219,6.7594,-0.1209,,,,,,,
70101142480174,陀螺仪,,,,,,,,0.0755,0.0373,0.0602
70101154993560,加速度计,-0.2472,3.1759,5.4396,,,,,,,
70101162516008,陀螺仪,,,,,,,,-0.0145,0.0017,-0.0029
70101165011476,加速度计,-1.7083,4.2341,11.3689,,,,,,,
70101175032518,加速度计,-0.8924,11.0977,6.8109,,,,,,,
70101182558351,陀螺仪,,,,,,,,0.0270,-0.0289,0.0130
70101185059237,加速度计,0.5076,10.1406,4.2695,,,,,,,
70101195055903,加速度计,-0.2622,3.1574,7.1012,,,,,,,
70101205053820,加速度计,-1.4216,5.2080,5.3882,,,,,,,
70101202553560,陀螺仪,,,,,,,,-0.0020,-0.0372,-0.0449
70101215053612,加速度计,-0.1161,9.7893,9.7869,,,,,,,
70101222556893,陀螺仪,,,,,,,,0.0047,-0.0483,-0.0036
70101225055903,加速度计,-1.0181,7.8446,15.2744,,,,,,,
70101235061320,加速度计,-2.9090,7.1192,13.9343,,,,,,,
70101245070278,加速度计,0.8009,9.3338,3.2376,,,,,,,
70101242573039,陀螺仪,,,,,,,,0.2334,-0.0322,0.1365
70101255082987,加速度计,3.6978,7.2077,-4.2635,,,,,,,
70101262604080,陀螺仪,,,,,,,,-0.0293,-0.0575,-0.0304
70101265099445,加速度计,0.0491,6.7947,-5.3002,,,,,,,
70101275119445,加速度计,-0.0204,3.8050,3.7152,,,,,,,
70101285142778,加速度计,0.2412,6.4033,13.8834,,,,,,,
70101282649080,陀螺仪,,,,,,,,-0.2574,-0.0644,-0.0346
70101295169237,加速度计,-0.7775,8.2474,20.8248,,,,,,,
70101305198403,加速度计,0.0018,9.6887,9.2482,,,,,,,
70101302706060,陀螺仪,,,,,,,,0.0442,0.0248,0.1051
70101315229653,加速度计,1.4545,4.7818,2.5133,,,,,,,
70101325262362,加速度计,-0.2849,3.0059,1.2797,,,,,,,
70101322770747,陀螺仪,,,,,,,,-0.0121,0.0111,0.0245
70101335295903,加速度计,-0.5686,3.7164,6.3943,,,,,,,
70101342838143,陀螺仪,,,,,,,,0.0136,-0.0405,-0.0294
70101345329653,加速度计,-0.2759,7.5830,7.4956,,,,,,,
70101355355695,加速度计,0.1065,7.3436,10.5315,,,,,,,
70101362878664,陀螺仪,,,,,,,,0.0951,-0.0450,-0.0230
70101365374028,加速度计,0.7440,8.1319,10.9630,,,,,,,
70101375392153,加速度计,0.2274,10.6386,2.6713,,,,,,,
70101385410070,加速度计,0.8906,7.6273,2.9928,,,,,,,
70101382914601,陀螺仪,,,,,,,,0.0232,-0.0644,-0.0915
70101395427987,加速度计,0.8853,4.1659,6.8881,,,,,,,
70101402950435,陀螺仪,,,,,,,,-0.0543,-0.0656,-0.0823
70101405445903,加速度计,-1.0576,5.2475,6.5547,,,,,,,
70101415463820,加速度计,-0.3555,7.8650,7.9380,,,,,,,
70101425483195,加速度计,0.7087,7.8087,11.7088,,,,,,,
70101422990122,陀螺仪,,,,,,,,-0.0463,-0.0534,-0.0150
70101435502674,加速度计,0.7620,4.3934,9.4583,,,,,,,
70101443017830,陀螺仪,,,,,,,,0.1036,-0.0390,-0.0586
70101445514758,加速度计,0.5602,5.9514,4.4287,,,,,,,
70101455527101,加速度计,0.5638,9.5223,-2.2260,,,,,,,
70101465539862,加速度计,0.5884,7.1413,6.8097,,,,,,,
70101463043143,陀螺仪,,,,,,,,-0.0763,-0.0831,-0.1266
70101475553299,加速度计,0.0892,7.4962,14.5268,,,,,,,
70101483071268,陀螺仪,,,,,,,,-0.0146,-0.0843,-0.1103
70101485567570,加速度计,-1.0391,8.8466,8.8214,,,,,,,
70101495582674,加速度计,0.4687,8.1044,2.7444,,,,,,,
70101505598612,加速度计,0.8847,5.4737,2.0572,,,,,,,
70101503102726,陀螺仪,,,,,,,,-0.0483,-0.0734,-0.0932
70101515615643,加速度计,-0.1646,5.0853,8.4258,,,,,,,
70101523138299,陀螺仪,,,,,,,,-0.0551,-0.1043,-0.1089
70101525633664,加速度计,-0.6572,7.4855,11.4922,,,,,,,
70101535652518,加速度计,-0.0910,10.1155,6.3021,,,,,,,
70101543177258,陀螺仪,,,,,,,,-0.0264,-0.1033,-0.0659
70101545672205,加速度计,1.9261,5.8454,8.1145,,,,,,,
70101555692726,加速度计,0.4040,5.2637,5.3032,,,,,,,
70101563219549,陀螺仪,,,,,,,,-0.0537,-0.0976,-0.1060
70101565714080,加速度计,-0.9224,6.7912,7.9918,,,,,,,
70101575736008,加速度计,0.8236,8.3510,9.0441,,,,,,,
70101585758351,加速度计,0.1095,6.2351,11.5263,,,,,,,
70101583264028,陀螺仪,,,,,,,,-0.0238,-0.0956,-0.0654
70101595780851,加速度计,-0.5674,5.7958,7.0713,,,,,,,
70101605803351,加速度计,1.6843,6.8564,3.1861,,,,,,,
70101603309028,陀螺仪,,,,,,,,0.0760,-0.0899,-0.0587
70101615825070,加速度计,-0.2346,7.6327,4.0031,,,,,,,
70101625844237,加速度计,-1.3677,6.5721,9.1207,,,,,,,
70101623348768,陀螺仪,,,,,,,,-0.0547,-0.1087,-0.0979
70101635862153,加速度计,-0.4980,6.5158,8.3468,,,,,,,
70101643384601,陀螺仪,,,,,,,,-0.0008,-0.1085,-0.0198
70101645880070,加速度计,0.6895,6.8199,4.8584,,,,,,,
70101655897987,加速度计,0.1095,5.4378,6.9282,,,,,,,
70101663420435,陀螺仪,,,,,,,,-0.0124,-0.0736,-0.0013
70101665915903,加速度计,-0.8930,8.0804,7.3089,,,,,,,
70101675934341,加速度计,-1.0971,7.8398,12.8204,,,,,,,
70101683457570,陀螺仪,,,,,,,,0.0787,-0.0732,0.1055
70101685953247,加速度计,-0.1556,8.1008,13.9750,,,,,,,
70101695970330,加速度计,0.2825,7.8254,3.6607,,,,,,,
70101705987414,加速度计,1.9806,4.7106,-4.9943,,,,,,,
70101703491737,陀螺仪,,,,,,,,0.1547,-0.0611,0.1123
70101716004497,加速度计,0.6865,4.2186,-8.0182,,,,,,,
70101726021580,加速度计,-0.9439,5.0057,-3.7296,,,,,,,
70101723525903,陀螺仪,,,,,,,,-0.2750,-0.0864,0.0077
70101736038664,加速度计,-0.1089,5.7694,23.8504,,,,,,,
70101746055747,加速度计,-0.7548,9.6582,24.0647,,,,,,,
70101743560070,陀螺仪,,,,,,,,-0.0091,0.0655,0.2144
70101756072830,加速度计,-0.4723,11.2641,7.8739,,,,,,,
70101766089914,加速度计,0.2604,5.3696,-0.5429,,,,,,,
70101763594237,陀螺仪,,,,,,,,0.1213,0.1216,0.3808
70101776106997,加速度计,0.0539,3.4058,-2.5684,,,,,,,
70101786124080,加速度计,-0.5513,5.7814,9.9294,,,,,,,
70101783628403,陀螺仪,,,,,,,,-0.0599,0.0963,0.2451
70101796141424,加速度计,-1.4748,10.1173,12.2936,,,,,,,
70101806159185,加速度计,-0.8398,8.2426,13.4704,,,,,,,
70101803663716,陀螺仪,,,,,,,,0.0165,0.0987,0.3180
70101816177362,加速度计,0.2580,6.7391,7.2628,,,,,,,
70101823700330,陀螺仪,,,,,,,,0.1116,0.1049,0.2680
70101826195695,加速度计,0.1107,6.4943,-3.1520,,,,,,,
70101836214028,加速度计,0.2436,7.5687,-1.5383,,,,,,,
70101843736997,陀螺仪,,,,,,,,-0.1988,0.0539,0.0972
70101846232362,加速度计,-1.3832,6.4997,16.8839,,,,,,,
70101856250695,加速度计,-2.9167,7.5477,19.5361,,,,,,,
70101863773664,陀螺仪,,,,,,,,0.1095,0.0888,0.2810
70101866269028,加速度计,0.7314,8.5988,4.0522,,,,,,,
70101876287362,加速度计,1.2474,7.5537,-3.4692,,,,,,,
70101883810330,陀螺仪,,,,,,,,-0.1100,0.0651,0.1439
70101886305695,加速度计,1.1947,1.8423,7.2604,,,,,,,
70101896324028,加速度计,-0.3190,6.1459,17.1844,,,,,,,
70101903846997,陀螺仪,,,,,,,,0.1036,0.0683,0.0941
70101906342362,加速度计,-0.1407,12.2529,8.3306,,,,,,,
70101916360695,加速度计,1.5317,9.8869,2.6462,,,,,,,
70101926385591,加速度计,0.4872,3.6296,1.3557,,,,,,,
70101923897570,陀螺仪,,,,,,,,0.0077,0.0573,0.0812
70101936406268,加速度计,0.0982,4.2234,7.1826,,,,,,,
70101949182712,GPS,,,,31.9441,118.7846,4.0400,85.1000,,,
70101943920903,陀螺仪,,,,,,,,-0.0222,0.0298,-0.0132
70101946417935,加速度计,-0.1095,7.7943,12.1302,,,,,,,
70101956429914,加速度计,0.6877,8.7718,7.4262,,,,,,,
70101963945487,陀螺仪,,,,,,,,0.0687,0.0310,0.0238
70101966442310,加速度计,0.9966,5.1751,3.0083,,,,,,,
70101976455435,加速度计,1.0247,4.8459,5.4372,,,,,,,
70101983972987,陀螺仪,,,,,,,,0.0630,-0.0013,-0.1052
70101986469393,加速度计,1.0666,6.6708,6.4111,,,,,,,
70101996484185,加速度计,0.2598,10.4603,7.6082,,,,,,,
70102004004237,陀螺仪,,,,,,,,-0.0344,-0.0561,-0.1402
70102006500122,加速度计,-0.6710,8.0062,12.7324,,,,,,,
70102016517310,加速度计,1.5161,5.5354,9.6319,,,,,,,
70102024040487,陀螺仪,,,,,,,,0.1411,-0.0383,-0.1482
70102026535747,加速度计,2.5193,7.0090,5.6413,,,,,,,
70102036555122,加速度计,1.1540,7.9182,0.2628,,,,,,,
70102044080487,陀螺仪,,,,,,,,-0.0101,-0.0533,-0.2551
70102046575330,加速度计,1.7304,4.8417,4.4682,,,,,,,
70102056596372,加速度计,-0.3843,7.1515,8.4976,,,,,,,
70102066618247,加速度计,-0.7494,7.1557,10.7087,,,,,,,
70102064123820,陀螺仪,,,,,,,,-0.0298,-0.0839,-0.2356
70102076640643,加速度计,0.4974,7.0994,10.2783,,,,,,,
70102084169237,陀螺仪,,,,,,,,0.1194,-0.0755,-0.1728
70102086663455,加速度计,0.7290,8.2384,5.1248,,,,,,,
70102096686372,加速度计,1.3605,8.4114,-0.0712,,,,,,,
70102104215070,陀螺仪,,,,,,,,-0.0947,-0.1153,-0.2545
70102106709289,加速度计,-0.2927,6.6415,5.8197,,,,,,,
70102116730018,加速度计,-1.8328,6.4009,16.8205,,,,,,,
70102124252987,陀螺仪,,,,,,,,0.0704,-0.0917,-0.0798
70102126748455,加速度计,-1.7077,6.6331,13.6877,,,,,,,
70102136766372,加速度计,2.8258,10.9678,1.8399,,,,,,,
70102146784289,加速度计,1.4760,7.4059,-6.8420,,,,,,,
70102144288820,陀螺仪,,,,,,,,0.0646,-0.0923,-0.0864
70102156802205,加速度计,0.5441,2.3134,-2.0620,,,,,,,
70102166820122,加速度计,-1.0385,1.3581,3.7643,,,,,,,
70102164324653,陀螺仪,,,,,,,,-0.2352,-0.0997,-0.1563
70102176840851,加速度计,0.3130,7.2293,15.2169,,,,,,,
70102184363351,陀螺仪,,,,,,,,-0.1467,-0.0401,0.0606
70102186862466,加速度计,-0.7709,9.8360,24.6166,,,,,,,
70102196866060,加速度计,-0.4806,10.5153,9.4739,,,,,,,
70102204371528,陀螺仪,,,,,,,,0.1148,0.0372,0.1144
70102206870330,加速度计,1.2641,5.8466,0.1263,,,,,,,
70102216875695,加速度计,-0.2933,3.2771,-3.5985,,,,,,,
70102226882830,加速度计,-0.9331,2.8766,6.6643,,,,,,,
70102224384862,陀螺仪,,,,,,,,-0.1198,-0.0180,0.0278
70102236892049,加速度计,-0.7326,9.2692,12.5372,,,,,,,
70102246903612,加速度计,-0.9170,10.3848,14.2521,,,,,,,
70102244406789,陀螺仪,,,,,,,,-0.0158,-0.0040,0.0839
70102256917674,加速度计,-0.4729,7.0042,7.2197,,,,,,,
70102264438664,陀螺仪,,,,,,,,0.0390,0.0039,0.1253
70102266934237,加速度计,-0.4663,6.0675,1.8076,,,,,,,
70102276953299,加速度计,0.3915,5.8209,4.2677,,,,,,,
70102286974862,加速度计,-1.0056,6.0436,11.1743,,,,,,,
70102284480539,陀螺仪,,,,,,,,-0.1007,-0.0236,0.0770
70102296998664,加速度计,-1.2444,7.4819,12.2523,,,,,,,
70102307024289,加速度计,-0.2867,7.9152,7.0569,,,,,,,
70102304530903,陀螺仪,,,,,,,,0.0467,0.0361,0.1992
70102317051320,加速度计,0.6650,6.1393,5.2463,,,,,,,
70102324586476,陀螺仪,,,,,,,,0.0322,0.0417,0.1997
70102327079341,加速度计,-0.4447,6.8313,6.2321,,,,,,,
70102337107935,加速度计,0.3340,7.3011,5.6000,,,,,,,
70102344643924,陀螺仪,,,,,,,,0.0119,0.0374,0.1531
70102347136685,加速度计,-0.1107,7.5429,2.6857,,,,,,,
70102357162310,加速度计,0.1730,7.7722,3.0502,,,,,,,
70102367182414,加速度计,-0.0880,5.9885,10.3501,,,,,,,
70102364686945,陀螺仪,,,,,,,,-0.1052,0.0582,0.1771
70102377200330,加速度计,0.0401,6.1208,10.7212,,,,,,,
70102387218247,加速度计,-0.6039,8.1463,3.8918,,,,,,,
70102384722778,陀螺仪,,,,,,,,0.0169,0.1009,0.2430
70102397236164,加速度计,0.6027,7.4232,9.5882,,,,,,,
70102407254080,加速度计,0.7566,3.9893,12.0734,,,,,,,
70102404758612,陀螺仪,,,,,,,,0.0360,0.1180,0.2471
70102417271997,加速度计,-0.2915,8.9052,4.2593,,,,,,,
70102427290955,加速度计,0.9062,9.4475,3.8966,,,,,,,
70102424797935,陀螺仪,,,,,,,,0.1248,0.1161,0.1895
70102437309758,加速度计,0.8296,6.4733,3.6218,,,,,,,
70102447325591,加速度计,-0.5662,6.2501,12.8850,,,,,,,
70102444829601,陀螺仪,,,,,,,,-0.0282,0.0768,0.1028
70102457341424,加速度计,-0.4286,8.8657,13.0562,,,,,,,
70102464861268,陀螺仪,,,,,,,,0.1483,0.0915,0.1197
70102467357258,加速度计,1.5215,6.2842,5.4528,,,,,,,
70102477373091,加速度计,0.4854,5.9083,0.2149,,,,,,,
70102487389237,加速度计,-0.0862,7.5507,4.2258,,,,,,,
70102484893351,陀螺仪,,,,,,,,0.0101,0.0784,0.0321
70102497405799,加速度计,1.0953,5.3882,12.0207,,,,,,,
70102504927101,陀螺仪,,,,,,,,0.0650,0.0618,-0.0112
70102507422778,加速度计,0.1850,8.9938,8.0535,,,,,,,
70102517440174,加速度计,-1.1217,8.5054,3.7900,,,,,,,
70102524962518,陀螺仪,,,,,,,,0.0052,0.0380,0.0009
70102527457987,加速度计,2.0722,4.1551,6.0926,,,,,,,
70102537476216,加速度计,0.8098,7.6279,4.1132,,,,,,,
70102544999601,陀螺仪,,,,,,,,-0.0796,0.0035,-0.1111
70102547494862,加速度计,0.0419,9.5960,9.5900,,,,,,,
70102557513924,加速度计,-1.8806,7.3466,16.9102,,,,,,,
70102567533403,加速度计,-0.6225,6.6762,12.9604,,,,,,,
70102565038351,陀螺仪,,,,,,,,0.1052,0.0064,-0.0136
70102577552987,加速度计,3.3148,8.1451,-1.7250,,,,,,,
70102587572570,加速度计,2.6444,4.2389,-6.7516,,,,,,,
70102585077518,陀螺仪,,,,,,,,0.0647,-0.0467,-0.1358
70102597592153,加速度计,1.0343,2.5738,-4.0324,,,,,,,
70102605116685,陀螺仪,,,,,,,,-0.1984,-0.0658,-0.3056
70102607611737,加速度计,-0.0108,1.8310,11.1175,,,,,,,
70102617631320,加速度计,0.4184,8.6826,27.4471,,,,,,,
70102625155851,陀螺仪,,,,,,,,0.0951,-0.0406,-0.0935
70102627650903,加速度计,-3.1400,12.7970,9.0088,,,,,,,
70102637670174,加速度计,2.9155,11.5814,0.9367,,,,,,,
70102645193351,陀螺仪,,,,,,,,-0.0302,-0.0378,-0.1494
70102647688716,加速度计,2.2889,2.4774,0.3436,,,,,,,
70102657706737,加速度计,0.3220,1.6334,3.6206,,,,,,,
70102665229185,陀螺仪,,,,,,,,-0.0920,-0.0467,-0.2170
70102667724653,加速度计,0.0048,8.0625,8.5287,,,,,,,
70102677750435,加速度计,-0.3549,9.4032,9.1028,,,,,,,
70102685265539,陀螺仪,,,,,,,,-0.0553,-0.0197,-0.0683
70102687766424,加速度计,1.0145,4.4365,15.4689,,,,,,,
70102697763299,加速度计,0.9307,8.7101,7.0820,,,,,,,
70102705261372,陀螺仪,,,,,,,,0.0178,-0.0096,-0.0780
70102707761633,加速度计,1.5191,8.2983,2.8557,,,,,,,
70102717761945,加速度计,0.5555,5.5617,6.9067,,,,,,,
70102727764966,加速度计,0.4543,6.5697,9.2919,,,,,,,
70102725265955,陀螺仪,,,,,,,,-0.0505,-0.0103,-0.1547
70102737771216,加速度计,-1.4269,7.1796,6.7947,,,,,,,
70102745283872,陀螺仪,,,,,,,,0.0040,-0.0229,-0.0720
70102747781112,加速度计,-0.1538,7.7824,6.6780,,,,,,,
70102757794758,加速度计,0.4675,5.8514,4.5149,,,,,,,
70102767812153,加速度计,0.4100,5.7772,2.7090,,,,,,,
70102765316789,陀螺仪,,,,,,,,-0.0625,-0.0310,-0.0824
70102777832987,加速度计,-1.2270,6.8007,8.6335,,,,,,,
70102785363455,陀螺仪,,,,,,,,-0.0360,-0.0088,-0.0336
70102787857153,加速度计,-1.0098,8.7484,14.2419,,,,,,,
70102797884341,加速度计,-0.1161,8.1122,7.9230,,,,,,,
70102805421789,陀螺仪,,,,,,,,0.0117,0.0437,0.0883
70102807914133,加速度计,-0.2280,8.6808,-0.5447,,,,,,,
70102817945799,加速度计,0.0144,4.3155,6.6702,,,,,,,
70102825487205,陀螺仪,,,,,,,,-0.0634,0.0683,0.0900
70102827978820,加速度计,0.0628,4.6035,9.0243,,,,,,,
70102838012466,加速度计,-0.6476,7.1269,10.7859,,,,,,,
70102845554705,陀螺仪,,,,,,,,0.0913,0.1089,0.2073
70102848046216,加速度计,0.0239,8.4677,8.5742,,,,,,,
70102858068403,加速度计,0.4232,6.7086,5.0500,,,,,,,
70102868086424,加速度计,0.3921,7.2389,-0.3843,,,,,,,
70102865590955,陀螺仪,,,,,,,,0.0884,0.1045,0.1710
70102878104341,加速度计,0.2670,7.9266,-3.8271,,,,,,,
70102888122258,加速度计,0.2616,5.6336,20.8768,,,,,,,
70102885626789,陀螺仪,,,,,,,,-0.1976,0.0333,0.0414
70102898140174,加速度计,0.7757,5.8999,15.1709,,,,,,,
70102905662622,陀螺仪,,,,,,,,0.1471,0.1284,0.1089
70102908158091,加速度计,-2.5037,9.8348,-0.6650,,,,,,,
70102918176008,加速度计,0.7781,6.5475,7.7806,,,,,,,
70102928206633,加速度计,-0.7949,3.0412,15.5156,,,,,,,
70102925715851,陀螺仪,,,,,,,,-0.0013,0.1053,0.0812
70102938215487,加速度计,-2.3206,10.2125,3.9307,,,,,,,
70102950687555,GPS,,,,31.9441,118.7846,3.7900,85.1000,,,
70102948215435,加速度计,1.8591,12.6647,-6.3919,,,,,,,
70102945715643,陀螺仪,,,,,,,,0.1107,0.0498,0.0292
70102958216528,加速度计,0.3573,3.1059,8.6048,,,,,,,
70102968219237,加速度计,-0.6039,1.6472,18.8795,,,,,,,
70102965720330,陀螺仪,,,,,,,,-0.1168,0.0061,-0.0613
70102978224341,加速度计,-1.4275,12.9856,3.9959,,,,,,,
70102988232310,加速度计,0.4854,11.3593,5.0560,,,,,,,
70102985734810,陀螺仪,,,,,,,,0.0056,0.0130,-0.0076
70102998243195,加速度计,0.3196,0.5543,13.9067,,,,,,,
70103008257362,加速度计,-0.2448,5.5899,5.7090,,,,,,,
70103005761476,陀螺仪,,,,,,,,0.1272,0.0317,0.0744
70103018274862,加速度计,3.7751,10.7961,1.0606,,,,,,,
70103028295330,加速度计,1.0223,7.7818,-0.8493,,,,,,,
70103025800955,陀螺仪,,,,,,,,-0.0125,0.0087,-0.0695
70103038318716,加速度计,0.8475,2.5606,8.0930,,,,,,,
70103048344653,加速度计,0.4525,6.3626,12.0626,,,,,,,
70103045851528,陀螺仪,,,,,,,,-0.0558,0.0103,-0.1442
70103058372726,加速度计,-1.1283,9.4326,16.9653,,,,,,,
70103068402518,加速度计,-0.2352,9.1040,9.7636,,,,,,,
70103065910226,陀螺仪,,,,,,,,0.1491,0.0531,0.0244
70103078433612,加速度计,2.0991,6.5697,-0.5285,,,,,,,
70103088465226,加速度计,1.2300,6.4302,-7.6112,,,,,,,
70103085973195,陀螺仪,,,,,,,,0.1121,0.0353,-0.0832
70103098496893,加速度计,0.2161,3.3369,8.6473,,,,,,,
70103108520174,加速度计,-1.3815,5.2343,18.6035,,,,,,,
70103106025226,陀螺仪,,,,,,,,-0.2284,-0.0172,-0.1698
70103118538612,加速度计,0.6045,8.9346,11.1875,,,,,,,
70103128556528,加速度计,1.1953,8.0290,2.1027,,,,,,,
70103126061060,陀螺仪,,,,,,,,0.1388,0.0501,-0.0069
70103138574445,加速度计,0.8182,2.5456,4.8800,,,,,,,
70103148592362,加速度计,1.6334,5.9322,8.0535,,,,,,,
70103146096893,陀螺仪,,,,,,,,0.0981,0.0583,-0.1210
70103158610278,加速度计,-0.6722,14.6501,3.4087,,,,,,,
70103168628195,加速度计,-0.1293,9.0507,9.2428,,,,,,,
70103166132987,陀螺仪,,,,,,,,-0.0762,0.0224,-0.1007
70103178649237,加速度计,2.1075,2.3445,12.9957,,,,,,,
70103188665695,加速度计,-2.0979,5.6557,1.8621,,,,,,,
70103198678612,加速度计,1.6460,6.2836,2.2344,,,,,,,
70103186168976,陀螺仪,,,,,,,,0.0599,0.0519,-0.0430
70103208691893,加速度计,2.4942,8.1744,4.8213,,,,,,,
70103206195330,陀螺仪,,,,,,,,-0.0101,0.0469,-0.1170
70103218705591,加速度计,-1.5897,7.7135,9.0483,,,,,,,
70103228719705,加速度计,-0.6788,6.7193,11.6364,,,,,,,
70103226223403,陀螺仪,,,,,,,,-0.0771,0.0224,-0.1477
70103238734601,加速度计,-1.7364,6.0388,11.8286,,,,,,,
70103248750330,加速度计,1.2312,7.2850,5.8550,,,,,,,
70103246254445,陀螺仪,,,,,,,,0.1529,0.0609,-0.0277
70103258766893,加速度计,0.5189,9.8144,-0.3956,,,,,,,
70103268784289,加速度计,1.0145,8.5335,3.7912,,,,,,,
70103266288820,陀螺仪,,,,,,,,-0.0481,0.0479,-0.1240
70103278802518,加速度计,-0.9325,7.2808,14.0013,,,,,,,
70103288821580,加速度计,-1.3838,8.1463,13.1316,,,,,,,
70103286326528,陀螺仪,,,,,,,,0.0101,0.0056,-0.1091
70103298841476,加速度计,1.1600,7.8141,5.0829,,,,,,,
70103308868612,加速度计,0.8936,7.2514,5.6611,,,,,,,
70103306376580,陀螺仪,,,,,,,,0.0048,0.0140,-0.1020
70103318900278,加速度计,0.9816,3.2076,8.0140,,,,,,,
70103328918612,加速度计,-0.5872,6.5038,5.3893,,,,,,,
70103326423143,陀螺仪,,,,,,,,0.0633,-0.0052,-0.2258
70103338936528,加速度计,0.2107,8.7556,1.9046,,,,,,,
70103348954445,加速度计,0.4980,5.7413,8.7789,,,,,,,
70103346458976,陀螺仪,,,,,,,,-0.0634,-0.0554,-0.2605
70103358972362,加速度计,-0.6644,4.8692,11.5652,,,,,,,
70103368990278,加速度计,-0.0676,8.8735,5.5575,,,,,,,
70103366494810,陀螺仪,,,,,,,,0.0422,-0.0715,-0.2447
70103379008195,加速度计,0.3118,7.3753,4.4191,,,,,,,
70103389026112,加速度计,1.1360,6.5841,3.4728,,,,,,,
70103386530643,陀螺仪,,,,,,,,-0.0241,-0.0698,-0.2425
70103399044028,加速度计,0.0838,5.8089,9.4894,,,,,,,
70103409061945,加速度计,-0.7051,7.1162,12.4947,,,,,,,
70103406566476,陀螺仪,,,,,,,,-0.0535,-0.0742,-0.2178
70103419079862,加速度计,-0.7512,7.6243,13.4865,,,,,,,
70103429098820,加速度计,-0.2023,7.8841,9.3661,,,,,,,
70103426604758,陀螺仪,,,,,,,,0.1229,-0.0411,-0.0425
70103439117518,加速度计,2.8641,5.5725,4.1719,,,,,,,
70103449134601,加速度计,3.0323,4.7549,-6.3805,,,,,,,
70103446638924,陀螺仪,,,,,,,,0.1836,-0.0427,-0.1682
70103459151685,加速度计,0.2460,4.0217,-7.7632,,,,,,,
70103469168768,加速度计,-1.1307,5.8921,5.2732,,,,,,,
70103466673091,陀螺仪,,,,,,,,-0.2044,-0.0967,-0.3077
70103479185851,加速度计,-2.0560,2.7593,19.4523,,,,,,,
70103489202935,加速度计,0.2981,15.1727,21.5532,,,,,,,
70103486707258,陀螺仪,,,,,,,,-0.0394,-0.0812,-0.1523
70103499220018,加速度计,-0.4579,12.5121,-1.5389,,,,,,,
70103509241893,加速度计,0.9032,1.3910,14.4873,,,,,,,
70103506747570,陀螺仪,,,,,,,,-0.0031,-0.0364,-0.0597
70103519262101,加速度计,1.7160,3.2621,0.7997,,,,,,,
70103529280018,加速度计,-0.4639,10.9164,3.1556,,,,,,,
70103526784549,陀螺仪,,,,,,,,0.0479,-0.0069,-0.1842
70103539297935,加速度计,-0.8356,10.3022,7.6351,,,,,,,
70103546820383,陀螺仪,,,,,,,,-0.0952,-0.0663,-0.0834
70103549315851,加速度计,-0.7296,2.9664,13.9301,,,,,,,
70103559333768,加速度计,0.7003,8.3061,4.9003,,,,,,,
70103566856216,陀螺仪,,,,,,,,0.0089,-0.0692,-0.1266
70103569351685,加速度计,0.6177,9.1273,6.0190,,,,,,,
70103579369601,加速度计,0.7404,4.9291,12.1679,,,,,,,
70103589387518,加速度计,-0.6698,6.9336,6.6744,,,,,,,
70103586892049,陀螺仪,,,,,,,,0.0651,-0.0450,-0.1862
70103599405435,加速度计,-1.6819,10.1795,3.1202,,,,,,,
70103609423351,加速度计,0.0269,4.8698,12.2769,,,,,,,
70103606927883,陀螺仪,,,,,,,,-0.0354,-0.0952,-0.1053
70103619441268,加速度计,0.2436,5.3193,9.8940,,,,,,,
70103629459185,加速度计,0.3663,8.7394,2.1380,,,,,,,
70103626963716,陀螺仪,,,,,,,,0.1522,-0.0642,-0.1041
70103639477101,加速度计,0.1790,7.5340,0.1472,,,,,,,
70103649495018,加速度计,0.2245,5.4492,5.2613,,,,,,,
70103646999549,陀螺仪,,,,,,,,-0.0521,-0.0684,-0.1204
70103659512935,加速度计,0.3807,7.3101,8.2857,,,,,,,
70103667035383,陀螺仪,,,,,,,,-0.0486,-0.0446,-0.0691
70103669530851,加速度计,-0.7248,7.7800,13.1083,,,,,,,
70103679563039,加速度计,-0.6985,5.7760,11.9824,,,,,,,
70103689571789,加速度计,1.2564,5.6258,5.3917,,,,,,,
70103687071893,陀螺仪,,,,,,,,0.1330,0.0280,0.0790
70103699572153,加速度计,0.7225,4.8578,7.6908,,,,,,,
70103709573664,加速度计,0.1389,7.4316,5.7072,,,,,,,
70103707074341,陀螺仪,,,,,,,,0.1780,0.0410,0.0285
70103719576789,加速度计,-0.0479,9.8061,4.1079,,,,,,,
70103729582310,加速度计,0.5944,10.1131,6.6092,,,,,,,
70103739590695,加速度计,-0.4794,7.5914,9.9730,,,,,,,
70103727084185,陀螺仪,,,,,,,,0.0872,0.0100,-0.0048
70103749601997,加速度计,-0.0072,7.3298,7.4286,,,,,,,
70103747105383,陀螺仪,,,,,,,,0.0884,0.0031,-0.0487
70103759616580,加速度计,0.3436,5.9017,0.0491,,,,,,,
70103769634133,加速度计,-1.0331,5.6102,0.9176,,,,,,,
70103767139028,陀螺仪,,,,,,,,-0.0097,-0.0289,-0.1033
70103779654601,加速度计,-0.3214,5.6306,10.3783,,,,,,,
70103789677987,加速度计,-0.4154,6.3901,12.7862,,,,,,,
70103787184289,陀螺仪,,,,,,,,-0.0208,-0.0238,-0.1063
70103799703924,加速度计,-1.1486,10.8439,9.7043,,,,,,,
70103809731997,加速度计,-0.9822,7.8512,7.7500,,,,,,,
70103807239341,陀螺仪,,,,,,,,0.0792,-0.0190,-0.0206
70103819761789,加速度计,0.9559,6.1316,5.4055,,,,,,,
70103829792518,加速度计,0.1921,7.7698,8.5162,,,,,,,
70103827300330,陀螺仪,,,,,,,,0.0644,-0.0200,-0.0844
70103839823716,加速度计,-0.6141,9.3942,10.3543,,,,,,,
70103849854966,加速度计,-1.9585,7.9535,16.4488,,,,,,,
70103847361476,陀螺仪,,,,,,,,0.0675,-0.0446,-0.0506
70103859876737,加速度计,1.3437,8.2947,8.9950,,,,,,,
70103869894966,加速度计,2.5540,6.1980,-3.6140,,,,,,,
70103867399497,陀螺仪,,,,,,,,0.2376,-0.0774,-0.0800
70103879912883,加速度计,0.9762,3.8128,-6.7582,,,,,,,
70103889930799,加速度计,1.8088,2.6618,-3.7445,,,,,,,
70103887435330,陀螺仪,,,,,,,,-0.1289,-0.1499,-0.2850
70103899948716,加速度计,0.2478,4.4915,8.3671,,,,,,,
70103909966633,加速度计,0.6644,8.0284,26.7055,,,,,,,
70103907471164,陀螺仪,,,,,,,,0.0273,-0.0687,-0.2426
70103919984549,加速度计,-2.8880,15.0583,7.3807,,,,,,,
70103930033455,加速度计,0.1850,6.1130,-1.0223,,,,,,,
70103927530591,陀螺仪,,,,,,,,0.0437,-0.0687,-0.0659
70103940021789,加速度计,1.6598,1.5963,-2.6606,,,,,,,
70103948888284,GPS,,,,31.9441,118.7847,4.2200,86.7000,,,
70103950010955,加速度计,0.7356,1.8681,9.7642,,,,,,,
70103947508820,陀螺仪,,,,,,,,-0.1736,-0.0535,-0.1690
70103960002205,加速度计,-0.4824,9.4996,8.8657,,,,,,,
70103969996372,加速度计,-0.9050,9.5343,8.9824,,,,,,,
70103979994289,加速度计,1.1863,4.5466,13.1950,,,,,,,
70103967495903,陀螺仪,,,,,,,,-0.1322,-0.0578,-0.0916
70103989996789,加速度计,0.1748,5.3151,8.6299,,,,,,,
70103987498716,陀螺仪,,,,,,,,-0.0260,-0.0218,-0.0866
70104000004289,加速度计,-0.2017,7.0623,7.0437,,,,,,,
70104010017205,加速度计,0.6051,6.2381,7.7069,,,,,,,
70104020035539,加速度计,-0.2999,6.9420,5.2050,,,,,,,
70104007521841,陀螺仪,,,,,,,,0.0368,-0.0475,-0.1377
70104030058872,加速度计,-0.6261,7.7129,4.6837,,,,,,,
70104027565903,陀螺仪,,,,,,,,0.0329,-0.0565,-0.1505
70104040086789,加速度计,-0.3513,7.2221,5.2439,,,,,,,
70104050118872,加速度计,-0.0634,6.9079,8.0595,,,,,,,
70104060154289,加速度计,-0.0563,9.1207,6.9258,,,,,,,
70104070192205,加速度计,-0.4770,8.4874,6.5793,,,,,,,
70104047627778,陀螺仪,,,,,,,,-0.0328,-0.0778,-0.1356
70104067702153,陀螺仪,,,,,,,,-0.0680,-0.0694,-0.1009
70104080231789,加速度计,-0.1760,7.5561,7.0102,,,,,,,
70104090272205,加速度计,-0.2490,6.4949,7.8626,,,,,,,
70104087781945,陀螺仪,,,,,,,,-0.1225,-0.0369,-0.0726
70104100310955,加速度计,-0.1454,6.8133,7.2257,,,,,,,
70104110328872,加速度计,-0.0060,6.4440,7.8416,,,,,,,
70104107833403,陀螺仪,,,,,,,,-0.0995,-0.0072,-0.0198
70104120346789,加速度计,-0.0694,5.5994,7.3340,,,,,,,
70104130364705,加速度计,0.0940,7.1682,5.2182,,,,,,,
70104127869237,陀螺仪,,,,,,,,-0.0523,-0.0048,-0.0364
70104140382622,加速度计,-0.3172,6.6110,6.6433,,,,,,,
70104150400539,加速度计,0.2532,7.1772,8.3354,,,,,,,
70104147905070,陀螺仪,,,,,,,,-0.0795,-0.0333,-0.0578
70104160418455,加速度计,0.7069,6.2602,7.5723,,,,,,,
70104170436372,加速度计,-0.0670,5.9586,7.0665,,,,,,,
70104167941424,陀螺仪,,,,,,,,-0.0338,-0.0289,-0.0999
70104180459862,加速度计,-0.4375,6.2112,3.9373,,,,,,,
70104190473612,加速度计,0.6279,5.3744,7.6710,,,,,,,
70104200487362,加速度计,-0.3633,6.3249,8.1409,,,,,,,
70104187977101,陀螺仪,,,,,,,,-0.0360,-0.0305,-0.1142
70104210501112,加速度计,0.6554,7.2311,14.4053,,,,,,,
70104208004705,陀螺仪,,,,,,,,0.0346,-0.0226,-0.0963
70104220515278,加速度计,0.2963,9.2422,10.5177,,,,,,,
70104230529862,加速度计,-0.4776,8.0523,1.1001,,,,,,,
70104228033664,陀螺仪,,,,,,,,0.1457,-0.0149,-0.0989
70104240544862,加速度计,0.2304,7.2850,1.2079,,,,,,,
70104250560695,加速度计,0.8380,5.6910,5.1380,,,,,,,
70104248064914,陀螺仪,,,,,,,,-0.0325,-0.0374,-0.1606
70104260577362,加速度计,-0.5549,6.5960,9.5600,,,,,,,
70104270594862,加速度计,-0.1179,9.0022,11.5592,,,,,,,
70104268099497,陀螺仪,,,,,,,,-0.0067,-0.0274,-0.1402
70104280613195,加速度计,-0.7536,7.0862,13.4644,,,,,,,
70104290632362,加速度计,0.9978,6.3339,8.0457,,,,,,,
70104288137414,陀螺仪,,,,,,,,0.1546,-0.0296,-0.0915
70104300652362,加速度计,0.1885,6.7080,-1.1229,,,,,,,
70104310672778,加速度计,0.0377,6.9402,-4.9045,,,,,,,
70104308178039,陀螺仪,,,,,,,,0.1265,-0.0738,-0.1735
70104320693612,加速度计,0.9936,4.7681,-7.5298,,,,,,,
70104330714862,加速度计,0.8260,5.0135,13.1747,,,,,,,
70104340736112,加速度计,-0.5543,7.1084,26.2159,,,,,,,
70104328220226,陀螺仪,,,,,,,,-0.3019,-0.1019,-0.2366
70104350757362,加速度计,-0.4621,13.3495,11.2952,,,,,,,
70104348262726,陀螺仪,,,,,,,,0.0750,-0.0032,-0.1073
70104360778612,加速度计,0.4058,7.7039,3.1939,,,,,,,
70104370799028,加速度计,0.0718,3.3926,-2.2853,,,,,,,
70104368303664,陀螺仪,,,,,,,,0.0338,-0.0154,-0.1405
70104380817362,加速度计,-0.4148,2.6492,7.1718,,,,,,,
70104390835278,加速度计,-0.1227,9.7713,11.1767,,,,,,,
70104388339810,陀螺仪,,,,,,,,-0.0220,-0.0506,-0.2107
70104400853195,加速度计,-0.3035,9.8497,10.9768,,,,,,,
70104410871112,加速度计,0.9493,5.5516,8.5359,,,,,,,
70104408375643,陀螺仪,,,,,,,,0.0547,-0.0569,-0.1498
70104420889028,加速度计,0.0952,5.6814,0.8649,,,,,,,
70104430932570,加速度计,0.6351,5.2559,3.8672,,,,,,,
70104440925903,加速度计,-0.1867,8.5461,6.5727,,,,,,,
70104428430955,陀螺仪,,,,,,,,0.0264,-0.0883,-0.2820
70104450920070,加速度计,-0.6967,8.9914,8.0050,,,,,,,
70104448419080,陀螺仪,,,,,,,,-0.0563,-0.0988,-0.2622
70104460915903,加速度计,0.4220,8.0224,11.2952,,,,,,,
70104470914237,加速度计,0.8410,5.1900,10.8254,,,,,,,
70104468414705,陀螺仪,,,,,,,,-0.0382,-0.0852,-0.2266
70104480915903,加速度计,0.1670,5.3714,3.9923,,,,,,,
70104490921320,加速度计,0.2466,6.5104,2.2015,,,,,,,
70104488423768,陀螺仪,,,,,,,,0.0160,-0.0925,-0.2558
70104500930903,加速度计,0.5692,6.2866,5.7581,,,,,,,
70104510944653,加速度计,-0.1532,7.4208,9.6845,,,,,,,
70104508449185,陀螺仪,,,,,,,,-0.0951,-0.1108,-0.2871
70104520962570,加速度计,-0.1939,7.4771,10.4507,,,,,,,
70104530984653,加速度计,0.1311,7.6794,9.4912,,,,,,,
70104528491164,陀螺仪,,,,,,,,-0.0013,-0.1112,-0.2714
70104541010487,加速度计,0.1257,6.1986,8.2085,,,,,,,
70104551039653,加速度计,0.6123,6.5547,4.6687,,,,,,,
70104548547726,陀螺仪,,,,,,,,0.0748,-0.1306,-0.2984
70104561071737,加速度计,-0.0581,6.4087,4.7112,,,,,,,
70104571105903,加速度计,-1.1588,8.2522,-3.1394,,,,,,,
70104581141320,加速度计,0.9056,6.4045,13.5434,,,,,,,
70104568614810,陀螺仪,,,,,,,,-0.0158,-0.1643,-0.3213
70104591177153,加速度计,0.4812,7.2036,11.6394,,,,,,,
70104588686164,陀螺仪,,,,,,,,-0.0197,-0.1562,-0.2981
70104601212987,加速度计,0.4770,8.5126,1.0086,,,,,,,
70104611233403,加速度计,-0.2855,5.9310,-4.0522,,,,,,,
70104608737935,陀螺仪,,,,,,,,-0.0322,-0.1623,-0.2961
70104621251320,加速度计,-0.2921,2.9568,-1.5700,,,,,,,
70104631269237,加速度计,0.5525,3.9474,13.7242,,,,,,,
70104628773768,陀螺仪,,,,,,,,-0.3168,-0.1871,-0.3172
70104641287153,加速度计,-0.2592,9.3134,12.5247,,,,,,,
70104651305070,加速度计,-0.3496,8.6951,6.0124,,,,,,,
70104648809601,陀螺仪,,,,,,,,-0.1493,-0.1493,-0.2222
70104661322987,加速度计,-0.0233,4.3748,3.8164,,,,,,,
70104671340903,加速度计,-0.2999,4.3598,7.7153,,,,,,,
70104668846476,陀螺仪,,,,,,,,-0.2300,-0.1695,-0.2533
70104681372987,加速度计,-0.6776,5.6761,18.7023,,,,,,,
70104691377987,加速度计,-0.0503,12.2074,11.4778,,,,,,,
70104688879393,陀螺仪,,,,,,,,-0.0130,-0.1541,-0.2328
70104701383403,加速度计,-1.5431,8.9148,6.9180,,,,,,,
70104711389653,加速度计,-0.9565,4.8435,8.6293,,,,,,,
70104708891580,陀螺仪,,,,,,,,-0.0242,-0.1876,-0.1933
70104721397153,加速度计,1.2755,5.5911,8.7370,,,,,,,
70104731406320,加速度计,0.5453,7.1383,0.8912,,,,,,,
70104728909185,陀螺仪,,,,,,,,0.0640,-0.2133,-0.1935
70104741417570,加速度计,0.0245,6.1746,-3.2178,,,,,,,
70104751430903,加速度计,0.3855,3.6565,-2.9550,,,,,,,
70104748934810,陀螺仪,,,,,,,,-0.1779,-0.2107,-0.2209
70104761446320,加速度计,0.7973,3.8283,13.0628,,,,,,,
70104771463820,加速度计,-0.0114,9.2751,23.2878,,,,,,,
70104768968768,陀螺仪,,,,,,,,-0.1788,-0.1605,-0.1415
70104781483403,加速度计,-1.0181,13.6799,10.6835,,,,,,,
70104791505070,加速度计,-0.1514,7.6327,3.2627,,,,,,,
70104789010955,陀螺仪,,,,,,,,-0.0088,-0.0843,-0.0091
70104801528403,加速度计,0.1694,2.3140,2.6899,,,,,,,
70104811553403,加速度计,-0.5944,2.7731,9.9240,,,,,,,
70104809060018,陀螺仪,,,,,,,,-0.0951,-0.0683,-0.0682
70104821579653,加速度计,-0.1796,10.9200,7.0084,,,,,,,
70104831606737,加速度计,-1.7573,9.0656,5.8113,,,,,,,
70104829113664,陀螺仪,,,,,,,,-0.0382,-0.0615,0.0103
70104841634237,加速度计,1.1546,3.3716,11.6675,,,,,,,
70104851661737,加速度计,0.0784,3.9612,7.0390,,,,,,,
70104849167726,陀螺仪,,,,,,,,0.0659,-0.0309,-0.0059
70104861685487,加速度计,-1.5113,5.5815,3.2525,,,,,,,
70104871703403,加速度计,0.1460,7.9583,4.3060,,,,,,,
70104869207935,陀螺仪,,,,,,,,0.1206,-0.0316,0.0252
70104881721320,加速度计,-0.7039,6.4183,7.9541,,,,,,,
70104891739237,加速度计,-0.4489,6.7636,6.0328,,,,,,,
70104889243768,陀螺仪,,,,,,,,0.1011,-0.0037,0.0286
70104901757153,加速度计,-0.9421,5.8215,4.7800,,,,,,,
70104911775070,加速度计,-0.0976,7.7153,4.3521,,,,,,,
70104921792987,加速度计,-0.6327,10.6793,6.2183,,,,,,,
70104909279601,陀螺仪,,,,,,,,0.1322,0.0028,0.0555
70104929325435,陀螺仪,,,,,,,,0.0161,0.0033,0.0117
70104931824445,加速度计,-0.0826,9.8815,7.2245,,,,,,,
70104953508336,GPS,,,,31.9441,118.7847,3.9000,91.4000,,,
70104941828247,加速度计,-0.6039,7.5489,7.2030,,,,,,,
70104949333820,陀螺仪,,,,,,,,-0.0165,0.0033,-0.0051
70104951832518,加速度计,-0.2568,4.4933,8.4432,,,,,,,
70104961837674,加速度计,0.2981,4.4305,6.4159,,,,,,,
70104969346164,陀螺仪,,,,,,,,0.0807,-0.0061,-0.0493
70104971844133,加速度计,-0.3789,7.6926,6.0567,,,,,,,
70104981852310,加速度计,0.0706,7.1036,9.1105,,,,,,,
70104991862622,加速度计,0.2346,8.9573,8.0038,,,,,,,
70104989365799,陀螺仪,,,,,,,,0.0740,-0.0391,-0.1328
70105001875435,加速度计,-0.0144,7.4274,7.9559,,,,,,,
70105011890747,加速度计,0.0180,9.1608,4.8668,,,,,,,
70105009395174,陀螺仪,,,,,,,,0.0419,-0.0790,-0.1723
70105021908560,加速度计,0.4968,6.8720,7.5088,,,,,,,
70105031928872,加速度计,0.7679,6.8342,6.8696,,,,,,,
70105029434549,陀螺仪,,,,,,,,0.0289,-0.0772,-0.2340
70105041951633,加速度计,-0.6919,8.4054,4.6262,,,,,,,
70105051976424,加速度计,0.0682,6.7876,8.2570,,,,,,,
70105049483039,陀螺仪,,,,,,,,-0.0992,-0.0848,-0.2104
70105062002830,加速度计,0.5285,5.7706,9.8462,,,,,,,
70105069537570,陀螺仪,,,,,,,,-0.0120,-0.0430,-0.1993
70105072030435,加速度计,0.6662,6.6134,7.8290,,,,,,,
70105082058820,加速度计,-0.4345,7.5393,3.6745,,,,,,,
70105092087570,加速度计,0.5130,4.9410,8.4874,,,,,,,
70105089594810,陀螺仪,,,,,,,,-0.0686,-0.0406,-0.1808
70105102115539,加速度计,0.1401,6.2058,7.2999,,,,,,,
70105109642153,陀螺仪,,,,,,,,-0.0447,-0.0329,-0.2012
70105112137518,加速度计,-0.0024,6.7666,9.1842,,,,,,,
70105122155799,加速度计,0.2903,7.9517,9.0028,,,,,,,
70105132173716,加速度计,-0.2879,5.7880,16.5727,,,,,,,
70105129678247,陀螺仪,,,,,,,,0.0226,-0.0274,-0.1903
70105142191633,加速度计,0.4058,7.9332,9.5960,,,,,,,
70105149714080,陀螺仪,,,,,,,,0.2446,-0.0290,-0.1668
70105152209549,加速度计,1.3330,7.0156,0.1538,,,,,,,
70105162227466,加速度计,0.1975,4.4460,-5.8484,,,,,,,
70105172245487,加速度计,0.5818,3.0634,3.5710,,,,,,,
70105169750226,陀螺仪,,,,,,,,-0.0330,-0.0691,-0.2437
70105182265591,加速度计,-0.1850,3.8672,0.4950,,,,,,,
70105192281841,加速度计,4.1581,9.5146,23.6924,,,,,,,
70105189785955,陀螺仪,,,,,,,,-0.0606,-0.0743,-0.3654
70105202298091,加速度计,-0.3579,15.7401,4.8770,,,,,,,
70105212314341,加速度计,-0.3992,3.2836,12.4331,,,,,,,
70105209818455,陀螺仪,,,,,,,,0.0718,-0.1285,-0.4788
70105222330591,加速度计,-1.1702,0.0245,-0.5094,,,,,,,
70105229850955,陀螺仪,,,,,,,,-0.0032,-0.2258,-0.5804
70105232346841,加速度计,-1.4383,7.9410,1.7968,,,,,,,
70105242363143,加速度计,0.5417,11.9728,11.7645,,,,,,,
70105249884185,陀螺仪,,,,,,,,-0.0473,-0.2921,-0.6474
70105252379862,加速度计,2.1225,6.2794,12.0404,,,,,,,
70105262396997,加速度计,1.1720,5.2247,6.0130,,,,,,,
70105269919080,陀螺仪,,,,,,,,0.0911,-0.3069,-0.7289
70105272414549,加速度计,-0.5866,8.2325,-0.7967,,,,,,,
70105282432518,加速度计,0.5076,4.8566,4.3993,,,,,,,
70105289955643,陀螺仪,,,,,,,,-0.0891,-0.3579,-0.6610
70105292450903,加速度计,0.3627,7.6249,9.1028,,,,,,,
70105302469705,加速度计,1.4395,9.1387,8.9573,,,,,,,
70105312488872,加速度计,1.0612,6.8821,9.2320,,,,,,,
70105309993716,陀螺仪,,,,,,,,-0.0330,-0.3120,-0.5722
70105322508039,加速度计,0.1832,5.3594,5.5330,,,,,,,
70105332527205,加速度计,0.3502,6.5625,1.8765,,,,,,,
70105330032049,陀螺仪,,,,,,,,0.0040,-0.2663,-0.4650
70105342546372,加速度计,-0.9828,7.5034,7.4675,,,,,,,
70105350070383,陀螺仪,,,,,,,,-0.0928,-0.2392,-0.3553
70105352565539,加速度计,0.0180,8.3959,14.1024,,,,,,,
70105362584705,加速度计,-0.4627,8.2217,9.7336,,,,,,,
70105370108716,陀螺仪,,,,,,,,0.0205,-0.2188,-0.2844
70105372603872,加速度计,-0.2167,6.8175,5.6671,,,,,,,
70105382623039,加速度计,-0.9397,5.4229,6.3770,,,,,,,
70105392642205,加速度计,-0.0006,4.4317,12.2781,,,,,,,
70105390147049,陀螺仪,,,,,,,,0.0189,-0.2366,-0.3060
70105402661320,加速度计,-1.4180,10.0706,7.8260,,,,,,,
70105412680018,加速度计,-2.5672,8.0930,0.7075,,,,,,,
70105410184653,陀螺仪,,,,,,,,0.0772,-0.2739,-0.3041
70105422698976,加速度计,0.0730,5.6575,4.4514,,,,,,,
70105432733716,加速度计,0.1873,5.2319,10.1945,,,,,,,
70105430233351,陀螺仪,,,,,,,,-0.0762,-0.3109,-0.2965
70105442732101,加速度计,0.0269,7.1455,10.2789,,,,,,,
70105450231060,陀螺仪,,,,,,,,-0.0129,-0.2944,-0.2782
70105452731008,加速度计,-1.9519,7.4927,2.5271,,,,,,,
70105462731268,加速度计,0.7907,4.9734,14.2455,,,,,,,
70105470234862,陀螺仪,,,,,,,,0.0521,-0.2824,-0.2330
70105472733664,加速度计,0.3711,6.3087,9.2368,,,,,,,
70105482738612,加速度计,-0.7308,8.8286,3.0089,,,,,,,
70105492746528,加速度计,-1.1809,6.1842,2.0901,,,,,,,
70105490249289,陀螺仪,,,,,,,,0.0317,-0.2754,-0.2100
70105502757778,加速度计,-0.3986,2.6402,5.9813,,,,,,,
70105512772362,加速度计,0.0108,5.4408,9.3278,,,,,,,
70105510276789,陀螺仪,,,,,,,,-0.0088,-0.2467,-0.1630
70105522790278,加速度计,-0.6835,11.1013,9.3081,,,,,,,
70105530317622,陀螺仪,,,,,,,,0.0652,-0.2125,-0.0542
70105532811528,加速度计,-0.1311,7.2317,13.3638,,,,,,,
70105542836060,加速度计,-0.3071,6.7283,10.7021,,,,,,,
70105552863455,加速度计,-0.5872,7.7698,3.2453,,,,,,,
70105550370903,陀螺仪,,,,,,,,0.2404,-0.1703,0.0242
70105562893247,加速度计,-1.1193,5.5671,-3.9702,,,,,,,
70105570432830,陀螺仪,,,,,,,,0.0732,-0.1851,0.0803
70105572924653,加速度计,-0.6440,4.7896,-4.9165,,,,,,,
70105582957205,加速度计,0.2568,4.3940,-5.5964,,,,,,,
70105590498403,陀螺仪,,,,,,,,-0.3067,-0.1565,0.1338
70105592990122,加速度计,0.7805,5.1697,17.7656,,,,,,,
70105603021528,加速度计,0.4621,10.1490,22.0380,,,,,,,
70105613041997,加速度计,-0.3944,13.7685,3.9121,,,,,,,
70105610546528,陀螺仪,,,,,,,,0.0521,-0.0395,0.0840
70105623059914,加速度计,-3.9516,5.8275,6.3207,,,,,,,
70105633077830,加速度计,-1.1097,-1.9435,2.9682,,,,,,,
70105630582362,陀螺仪,,,,,,,,-0.1116,-0.0917,0.1599
70105643095747,加速度计,-0.8140,5.2295,8.1481,,,,,,,
70105653113664,加速度计,0.2005,12.5947,9.3919,,,,,,,
70105650618195,陀螺仪,,,,,,,,-0.0216,-0.0854,0.1149
70105663131580,加速度计,-1.1738,8.3809,10.4100,,,,,,,
70105670654966,陀螺仪,,,,,,,,0.0285,-0.0776,0.1170
70105673149810,加速度计,-0.7973,3.1717,11.9932,,,,,,,
70105683172414,加速度计,-1.5054,7.3646,2.2960,,,,,,,
70105693185330,加速度计,-0.8410,10.3866,0.7518,,,,,,,
70105690688612,陀螺仪,,,,,,,,-0.0369,-0.1077,0.1029
70105703198351,加速度计,0.3077,6.7151,11.5395,,,,,,,
70105713211789,加速度计,0.0072,5.0039,6.7002,,,,,,,
70105710715278,陀螺仪,,,,,,,,-0.0839,-0.0710,0.0846
70105723225643,加速度计,-0.6817,4.3215,5.0398,,,,,,,
70105730743820,陀螺仪,,,,,,,,-0.0730,-0.0530,0.1258
70105733240018,加速度计,-0.3023,5.1793,3.7212,,,,,,,
70105743255226,加速度计,0.1975,6.1393,0.3813,,,,,,,
70105750775487,陀螺仪,,,,,,,,-0.1764,-0.0301,0.0882
70105753271268,加速度计,1.0313,6.8205,2.6073,,,,,,,
70105763288143,加速度计,-0.4106,6.2118,4.5035,,,,,,,
70105770810487,陀螺仪,,,,,,,,-0.3208,-0.0113,0.0794
70105773305851,加速度计,0.7440,3.7936,13.3746,,,,,,,
70105783324393,加速度计,0.2634,7.3316,13.6410,,,,,,,
70105790848820,陀螺仪,,,,,,,,-0.0751,0.0044,0.0393
70105793343768,加速度计,0.5980,8.8029,11.4335,,,,,,,
70105803363872,加速度计,-0.2394,4.3311,8.5192,,,,,,,
70105813384393,加速度计,0.2460,7.7291,4.8507,,,,,,,
70105810889653,陀螺仪,,,,,,,,0.0213,-0.0284,-0.0502
70105823405330,加速度计,0.6201,9.0525,3.6123,,,,,,,
70105830932153,陀螺仪,,,,,,,,-0.0325,-0.0633,-0.1457
70105833426685,加速度计,1.5413,5.1050,7.7590,,,,,,,
70105843448351,加速度计,0.2065,7.1245,4.8357,,,,,,,
70105850975487,陀螺仪,,,,,,,,-0.0883,-0.0917,-0.2445
70105853470018,加速度计,0.8039,5.7610,9.9132,,,,,,,
70105863491580,加速度计,1.2061,6.7678,6.9450,,,,,,,
70105873512101,加速度计,0.4387,8.1331,5.8814,,,,,,,
70105871016737,陀螺仪,,,,,,,,-0.0033,-0.1061,-0.2892
70105883530330,加速度计,0.1245,6.5326,5.0494,,,,,,,
70105891052778,陀螺仪,,,,,,,,-0.1193,-0.1080,-0.3089
70105893548247,加速度计,1.4515,5.0919,6.8229,,,,,,,
70105903566164,加速度计,-0.0605,8.4557,8.7694,,,,,,,
70105913584080,加速度计,0.4369,9.4451,9.5912,,,,,,,
70105911088612,陀螺仪,,,,,,,,-0.1003,-0.1117,-0.3216
70105923603143,加速度计,0.3208,6.0071,8.4054,,,,,,,
70105931131424,陀螺仪,,,,,,,,-0.0579,-0.1170,-0.3241
70105933631060,加速度计,-0.6195,6.4949,8.1445,,,,,,,
70105951684064,GPS,,,,31.9441,118.7847,4.5900,103.5000,,,
70105943632466,加速度计,-0.6889,6.4925,7.3101,,,,,,,
70105953634601,加速度计,1.4126,8.1630,10.6081,,,,,,,
70105951135383,陀螺仪,,,,,,,,0.0960,-0.1413,-0.2976
70105963638143,加速度计,-2.0782,4.0677,-7.3388,,,,,,,
70105971145226,陀螺仪,,,,,,,,-0.0803,-0.1407,-0.3045
70105973643508,加速度计,3.5380,-1.8794,8.3510,,,,,,,
70105983651112,加速度计,-1.7196,3.1861,7.7572,,,,,,,
70105993661372,加速度计,0.0491,11.8962,20.0119,,,,,,,
70105991164445,陀螺仪,,,,,,,,0.0607,-0.1282,-0.3013
70106003674549,加速度计,0.8266,16.9079,10.2909,,,,,,,
70106011195174,陀螺仪,,,,,,,,0.1746,-0.1411,-0.3458
70106013690643,加速度计,-0.5070,9.2003,-0.5243,,,,,,,
70106023709653,加速度计,0.2089,4.1539,-2.1464,,,,,,,
70106033731424,加速度计,-0.7123,2.1111,1.0505,,,,,,,
70106031237310,陀螺仪,,,,,,,,-0.0429,-0.1369,-0.2965
70106043755539,加速度计,1.2629,4.1222,13.9229,,,,,,,
70106051288664,陀螺仪,,,,,,,,-0.0286,-0.1169,-0.2527
70106053781737,加速度计,0.3555,14.0815,12.6258,,,,,,,
70106063809705,加速度计,0.3053,7.9248,11.4126,,,,,,,
70106071346216,陀螺仪,,,,,,,,0.1501,-0.0787,-0.2537
70106073838768,加速度计,0.5782,1.9291,4.1982,,,,,,,
70106091406060,陀螺仪,,,,,,,,-0.0465,-0.1069,-0.1887
70106083868508,加速度计,-2.1943,4.1905,-6.4374,,,,,,,
70106093898508,加速度计,-1.5568,5.8000,-9.4547,,,,,,,
70106103925539,加速度计,1.3473,5.1110,23.3740,,,,,,,
70106113946216,加速度计,0.5273,8.1600,19.2230,,,,,,,
70106111450851,陀螺仪,,,,,,,,-0.2020,-0.1330,-0.1798
70106123964393,加速度计,0.1574,11.7932,5.8101,,,,,,,
70106133982310,加速度计,-1.1043,6.9725,-0.2568,,,,,,,
70106131486841,陀螺仪,,,,,,,,0.0541,-0.1056,-0.2353
70106144000226,加速度计,-0.7895,3.3202,5.2463,,,,,,,
70106151522674,陀螺仪,,,,,,,,-0.0700,-0.1174,-0.2088
70106154018143,加速度计,0.0640,6.0011,18.5742,,,,,,,
70106164036060,加速度计,1.0959,13.1053,8.8633,,,,,,,
70106174055851,加速度计,-2.3445,10.3184,12.5857,,,,,,,
70106171561633,陀螺仪,,,,,,,,0.1806,-0.0691,-0.2258
70106184090070,加速度计,-0.6219,3.6745,-1.7005,,,,,,,
70106194085278,加速度计,-0.6800,-0.7661,9.3314,,,,,,,
70106191584289,陀螺仪,,,,,,,,0.0250,-0.1265,-0.2117
70106204081528,加速度计,1.9728,13.6697,12.3996,,,,,,,
70106214079653,加速度计,-1.7280,16.7367,10.1778,,,,,,,
70106211579705,陀螺仪,,,,,,,,0.1248,-0.1135,-0.1989
70106224080383,加速度计,1.6861,5.0709,10.8368,,,,,,,
70106231585747,陀螺仪,,,,,,,,0.1406,-0.0687,-0.2173
70106234084133,加速度计,-0.0275,-0.9738,5.7000,,,,,,,
70106244091320,加速度计,0.3633,5.9227,1.4898,,,,,,,
70106251605955,陀螺仪,,,,,,,,0.1924,-0.0768,-0.1913
70106254102362,加速度计,-0.6237,11.4670,10.0748,,,,,,,
70106264117570,加速度计,1.3342,10.8577,18.7155,,,,,,,
70106274136841,加速度计,0.8380,7.7728,12.9191,,,,,,,
70106271642414,陀螺仪,,,,,,,,0.2728,-0.0302,-0.2143
70106284159758,加速度计,-0.6033,6.3626,-0.0168,,,,,,,
70106294185903,加速度计,-0.5154,0.6632,4.0468,,,,,,,
70106291693039,陀螺仪,,,,,,,,0.3473,-0.0269,-0.1766
70106304214862,加速度计,0.5327,4.0402,6.1058,,,,,,,
70106311754497,陀螺仪,,,,,,,,0.3736,-0.0190,-0.1846
70106314246216,加速度计,-1.6394,12.1596,12.4145,,,,,,,
70106324279445,加速度计,0.4178,11.5065,9.8863,,,,,,,
70106331822414,陀螺仪,,,,,,,,0.4720,-0.0410,-0.1430
70106334313716,加速度计,-0.6021,5.5737,-2.4792,,,,,,,
70106344348299,加速度计,2.1614,4.6005,5.9077,,,,,,,
70106351884080,陀螺仪,,,,,,,,0.2189,-0.0314,-0.1778
70106354379133,加速度计,-1.8735,5.3091,-8.2432,,,,,,,
70106364398403,加速度计,4.6495,15.0793,27.3939,,,,,,,
70106374416633,加速度计,-2.9706,21.8950,-10.4238,,,,,,,
70106371921164,陀螺仪,,,,,,,,0.4055,-0.0146,-0.3144
70106384434549,加速度计,-1.1797,-0.4232,-0.1856,,,,,,,
70106394452466,加速度计,1.8848,-6.8636,11.9932,,,,,,,
70106391956997,陀螺仪,,,,,,,,-0.1489,-0.0141,-0.2671
70106404470383,加速度计,-1.5975,6.9468,8.0349,,,,,,,
70106411992830,陀螺仪,,,,,,,,0.0068,-0.0668,-0.2784
70106414488299,加速度计,-0.9750,12.9562,8.3905,,,,,,,
70106424507049,加速度计,0.6399,8.8562,11.6388,,,,,,,
70106434529080,加速度计,0.8314,3.6565,7.2532,,,,,,,
70106432032049,陀螺仪,,,,,,,,0.1043,-0.0349,-0.3794
70106444540747,加速度计,-1.9686,6.2590,-1.7549,,,,,,,
70106452055643,陀螺仪,,,,,,,,-0.0863,-0.1214,-0.3352
70106454552570,加速度计,-2.3505,9.4697,-3.0736,,,,,,,
70106464564810,加速度计,0.8601,6.5188,13.2567,,,,,,,
70106474577622,加速度计,1.5987,7.3191,15.3115,,,,,,,
70106472081008,陀螺仪,,,,,,,,-0.2206,-0.1220,-0.3393
70106484591268,加速度计,-0.7554,7.4023,10.6021,,,,,,,
70106494605747,加速度计,-0.1233,4.2186,8.9854,,,,,,,
70106492109549,陀螺仪,,,,,,,,-0.1194,-0.0530,-0.3073
70106504621216,加速度计,0.1239,4.5143,6.7469,,,,,,,
70106512142362,陀螺仪,,,,,,,,-0.0494,-0.0341,-0.2483
70106514637935,加速度计,-0.3885,5.4211,10.3184,,,,,,,
70106524655903,加速度计,-0.2687,6.6553,6.8013,,,,,,,
70106534674966,加速度计,-1.6065,6.1142,5.3798,,,,,,,
70106532179914,陀螺仪,,,,,,,,-0.0513,-0.0410,-0.2562
70106544694862,加速度计,-0.1502,5.1709,9.4583,,,,,,,
70106552220955,陀螺仪,,,,,,,,-0.0630,-0.0751,-0.2912
70106554715591,加速度计,-1.1450,10.5477,0.6770,,,,,,,
70106564737153,加速度计,0.8200,7.6297,10.1724,,,,,,,
70106572265070,陀螺仪,,,,,,,,-0.1137,-0.0683,-0.3246
70106574759393,加速度计,0.6895,5.2056,19.5756,,,,,,,
70106584782049,加速度计,0.8422,7.2975,11.8088,,,,,,,
70106594804966,加速度计,0.2897,6.1226,2.0782,,,,,,,
70106592310747,陀螺仪,,,,,,,,0.1848,-0.0120,-0.3474
70106604827883,加速度计,-0.4022,4.4400,-1.5066,,,,,,,
70106612354758,陀螺仪,,,,,,,,0.0221,-0.0775,-0.4044
70106614849705,加速度计,0.4926,5.9286,3.4524,,,,,,,
70106624868924,加速度计,1.2965,5.7239,3.2591,,,,,,,
70106632391372,陀螺仪,,,,,,,,-0.0059,-0.1031,-0.4629
70106634886841,加速度计,-0.5860,6.8869,-5.2966,,,,,,,
70106644904758,加速度计,0.0066,3.3190,0.6291,,,,,,,
70106652427205,陀螺仪,,,,,,,,-0.2929,-0.1229,-0.5088
70106654922674,加速度计,3.0574,3.2585,22.0853,,,,,,,
70106664940591,加速度计,-1.2779,14.0348,18.4389,,,,,,,
70106674958820,加速度计,2.5522,13.2214,8.4545,,,,,,,
70106672463560,陀螺仪,,,,,,,,0.1124,-0.0875,-0.5610
70106684978091,加速度计,-1.8555,1.8346,10.2406,,,,,,,
70106694994758,加速度计,2.8706,3.0819,1.0307,,,,,,,
70106692498976,陀螺仪,,,,,,,,0.2445,-0.1253,-0.5682
70106705011424,加速度计,-0.3364,8.6090,-0.4238,,,,,,,
70106712532310,陀螺仪,,,,,,,,-0.0648,-0.2582,-0.6344
70106715028091,加速度计,1.9363,7.0976,3.9397,,,,,,,
70106725044758,加速度计,2.7892,12.1398,16.0573,,,,,,,
70106732565643,陀螺仪,,,,,,,,0.1896,-0.1714,-0.8414
70106735061424,加速度计,3.4447,8.4898,14.6753,,,,,,,
70106745078091,加速度计,-1.4275,6.5517,2.8060,,,,,,,
70106755094758,加速度计,-0.1502,0.0497,-0.4645,,,,,,,
70106752598976,陀螺仪,,,,,,,,0.1594,-0.2822,-0.9039
70106765111580,加速度计,-1.0271,7.9033,5.7958,,,,,,,
70106775128820,加速度计,-0.4310,11.7160,6.4931,,,,,,,
70106772633247,陀螺仪,,,,,,,,-0.1055,-0.3969,-0.8958
70106785146476,加速度计,0.2867,9.1560,12.8090,,,,,,,
70106795164549,加速度计,1.6472,6.8845,7.0461,,,,,,,
70106792669185,陀螺仪,,,,,,,,-0.0376,-0.3854,-0.8613
70106805183039,加速度计,0.4214,4.2168,4.2850,,,,,,,
70106815201945,加速度计,-0.0156,3.2459,11.8345,,,,,,,
70106812706789,陀螺仪,,,,,,,,-0.0892,-0.3972,-0.8368
70106825221112,加速度计,-0.9625,3.8493,9.4942,,,,,,,
70106835240278,加速度计,1.2270,1.5293,13.0670,,,,,,,
70106832745122,陀螺仪,,,,,,,,0.1660,-0.4007,-0.7360
70106845259445,加速度计,-0.0509,7.6273,8.8621,,,,,,,
70106855278612,加速度计,-3.8624,19.7025,-2.3098,,,,,,,
70106852783455,陀螺仪,,,,,,,,0.2882,-0.4401,-0.7328
70106865297778,加速度计,-0.4687,7.1419,12.5151,,,,,,,
70106875316945,加速度计,-1.4305,8.4946,3.3477,,,,,,,
70106872821789,陀螺仪,,,,,,,,0.1282,-0.4246,-0.5451
70106885336112,加速度计,-0.4423,0.5465,7.9230,,,,,,,
70106895355278,加速度计,-3.4632,6.8432,1.5628,,,,,,,
70106892860122,陀螺仪,,,,,,,,0.1104,-0.3535,-0.2862
70106905374445,加速度计,-2.7695,7.8913,9.6516,,,,,,,
70106912897935,陀螺仪,,,,,,,,0.0791,-0.2840,-0.1206
70106915393299,加速度计,0.9714,12.4696,15.4845,,,,,,,
70106925422414,加速度计,-0.8039,7.0599,18.3683,,,,,,,
70106945662762,GPS,,,,31.9441,118.7848,5.0600,124.8000,,,
70106935463247,加速度计,0.4938,8.2983,7.4962,,,,,,,
70106932954341,陀螺仪,,,,,,,,0.2503,-0.1743,0.0253
70106945428195,加速度计,-2.4319,4.5633,1.5556,,,,,,,
70106955395851,加速度计,-1.2258,2.8264,-0.8350,,,,,,,
70106952888403,陀螺仪,,,,,,,,0.1843,-0.1605,0.0462
70106965368039,加速度计,-1.6418,5.3648,9.5271,,,,,,,
70106975346528,加速度计,-2.5636,10.4303,12.1961,,,,,,,
70106972842310,陀螺仪,,,,,,,,0.1683,-0.1666,0.0150
70106985332570,加速度计,-2.0584,6.7756,12.1649,,,,,,,
70106992827414,陀螺仪,,,,,,,,0.3189,-0.1370,0.0501
70106995327258,加速度计,-3.7128,6.7475,2.3212,,,,,,,
70107005331268,加速度计,-2.5923,7.5860,6.0573,,,,,,,
70107015344705,加速度计,-2.1093,6.8809,27.0048,,,,,,,
70107012849549,陀螺仪,,,,,,,,0.2372,-0.1198,0.2023
70107025367153,加速度计,-0.5249,11.7885,10.4471,,,,,,,
70107032907310,陀螺仪,,,,,,,,0.7394,-0.0618,0.3182
70107035398195,加速度计,-1.5927,12.6103,-9.1261,,,,,,,
70107045437101,加速度计,-1.7328,0.0772,-9.5044,,,,,,,
70107055482622,加速度计,0.7590,-5.8323,-10.0245,,,,,,,
70107052994966,陀螺仪,,,,,,,,-0.1967,-0.0427,0.3360
70107065533351,加速度计,5.8221,10.7176,44.0521,,,,,,,
70107075587778,加速度计,-4.3126,25.6748,-11.3707,,,,,,,
70107073101893,陀螺仪,,,,,,,,0.7860,-0.0650,-0.0210
70107085644497,加速度计,-5.6222,-2.6181,-18.2037,,,,,,,
70107093211737,陀螺仪,,,,,,,,-0.4027,0.0969,0.2590
70107095699185,加速度计,4.6507,-9.2273,49.1278,,,,,,,
70107105737153,加速度计,3.3435,13.4859,-13.6691,,,,,,,
70107113259601,陀螺仪,,,,,,,,-0.1273,-0.1212,-0.1366
70107115755070,加速度计,-6.6331,18.6053,8.1564,,,,,,,
70107125772987,加速度计,2.7054,10.2873,11.8818,,,,,,,
70107135790903,加速度计,-0.4968,-0.1556,15.9472,,,,,,,
70107133295435,陀螺仪,,,,,,,,0.0399,0.0764,-0.0617
70107145808820,加速度计,0.2909,-0.5435,4.8967,,,,,,,
70107155826737,加速度计,2.7037,8.7388,6.6505,,,,,,,
70107153331268,陀螺仪,,,,,,,,0.1736,-0.0246,-0.2450
70107165844653,加速度计,-1.3276,8.5982,18.5132,,,,,,,
70107175863976,加速度计,0.1484,7.2149,7.4729,,,,,,,
70107173369445,陀螺仪,,,,,,,,0.0969,-0.0903,-0.3450
70107185885383,加速度计,2.4325,4.3251,4.5316,,,,,,,
70107193399497,陀螺仪,,,,,,,,0.2843,-0.1186,-0.5117
70107195896633,加速度计,0.5058,12.3385,1.9812,,,,,,,
70107205908091,加速度计,-0.6608,9.0591,-2.0506,,,,,,,
70107215919966,加速度计,2.1231,1.8902,17.8661,,,,,,,
70107213423039,陀螺仪,,,,,,,,-0.1003,-0.1784,-0.5330
70107225932466,加速度计,0.5375,7.7177,15.2876,,,,,,,
70107233449289,陀螺仪,,,,,,,,0.2940,-0.0720,-0.5076
70107235945799,加速度计,2.4367,4.9003,9.2093,,,,,,,
70107245960174,加速度计,1.3539,8.6479,-1.2803,,,,,,,
70107253479914,陀螺仪,,,,,,,,0.2185,-0.1353,-0.5860
70107255975799,加速度计,-0.0509,8.5317,-2.1404,,,,,,,
70107265992674,加速度计,1.7579,7.6662,7.1473,,,,,,,
70107273515539,陀螺仪,,,,,,,,0.1269,-0.1509,-0.6762
70107276010799,加速度计,0.8535,8.3612,8.5940,,,,,,,
70107286030174,加速度计,0.5902,8.5006,1.7077,,,,,,,
70107293555851,陀螺仪,,,,,,,,0.0190,-0.1431,-0.6358
70107296050591,加速度计,0.8290,8.7095,-0.7769,,,,,,,
70107306071841,加速度计,0.6297,7.0132,7.4316,,,,,,,
70107313599601,陀螺仪,,,,,,,,-0.1284,-0.1431,-0.7048
70107316093924,加速度计,1.0044,5.7509,16.6331,,,,,,,
70107326116633,加速度计,0.7823,10.0203,13.2854,,,,,,,
70107336139758,加速度计,-1.0008,5.2589,12.8078,,,,,,,
70107333645643,陀螺仪,,,,,,,,0.0129,-0.1245,-0.6623
70107346163091,加速度计,0.8164,5.7736,14.0839,,,,,,,
70107356186424,加速度计,0.1718,5.5839,10.4896,,,,,,,
70107353692310,陀螺仪,,,,,,,,0.2194,-0.1392,-0.7081
70107366207258,加速度计,0.3358,8.6514,6.1770,,,,,,,
70107373730226,陀螺仪,,,,,,,,0.4392,-0.3135,-0.7900
70107376225591,加速度计,-1.6478,3.4907,-10.1640,,,,,,,
70107386243716,加速度计,1.3425,2.2823,-9.9084,,,,,,,
70107396261633,加速度计,3.3513,4.9416,35.1301,,,,,,,
70107393766164,陀螺仪,,,,,,,,-0.2494,-0.3525,-0.9268
70107406279549,加速度计,-3.8217,18.1301,7.8362,,,,,,,
70107416297466,加速度计,0.7386,8.7771,7.1964,,,,,,,
70107413801997,陀螺仪,,,,,,,,0.1052,-0.3490,-0.9165
70107426316008,加速度计,-0.5076,-0.4651,-1.6741,,,,,,,
70107433839549,陀螺仪,,,,,,,,-0.0324,-0.3601,-0.8701
70107436335747,加速度计,0.4513,4.0935,3.8415,,,,,,,
70107446350747,加速度计,-1.6652,8.8849,11.0229,,,,,,,
70107456365747,加速度计,1.1462,7.7919,12.8323,,,,,,,
70107453869549,陀螺仪,,,,,,,,-0.0024,-0.4033,-0.7923
70107466380747,加速度计,1.1762,6.1327,18.3839,,,,,,,
70107473899862,陀螺仪,,,,,,,,0.2634,-0.3129,-0.7452
70107476395955,加速度计,-0.5626,6.2261,4.8572,,,,,,,
70107486411580,加速度计,1.0253,4.5472,2.2966,,,,,,,
70107496427622,加速度计,-0.4968,4.6106,3.4405,,,,,,,
70107493931737,陀螺仪,,,,,,,,0.2585,-0.4021,-0.7694
70107506444080,加速度计,-1.2899,8.5329,9.9174,,,,,,,
70107516460955,加速度计,-1.0439,11.5772,11.0319,,,,,,,
70107513965278,陀螺仪,,,,,,,,0.2276,-0.4404,-0.7163
70107526478247,加速度计,0.3484,11.0678,6.8558,,,,,,,
70107536495955,加速度计,0.1927,4.9201,6.8654,,,,,,,
70107534000487,陀螺仪,,,,,,,,0.1830,-0.4064,-0.6136
70107546514080,加速度计,-1.2456,5.2990,4.7663,,,,,,,
70107556532622,加速度计,-0.7937,5.4833,6.3452,,,,,,,
70107554037362,陀螺仪,,,,,,,,0.1763,-0.3625,-0.5428
70107566551580,加速度计,-1.0475,9.3374,4.9769,,,,,,,
70107576570955,加速度计,-1.7029,9.0794,12.3996,,,,,,,
70107574075903,陀螺仪,,,,,,,,0.0840,-0.4016,-0.4599
70107586590747,加速度计,1.3749,6.2560,13.2465,,,,,,,
70107596610955,加速度计,-0.2011,8.1798,9.1722,,,,,,,
70107594116112,陀螺仪,,,,,,,,0.1642,-0.3867,-0.4976
70107606631372,加速度计,-1.7609,3.6978,8.2373,,,,,,,
70107616651789,加速度计,-0.7667,5.1661,3.1639,,,,,,,
70107614156945,陀螺仪,,,,,,,,0.2972,-0.4241,-0.5642
70107626672205,加速度计,-1.5796,8.5617,4.1677,,,,,,,
70107634197778,陀螺仪,,,,,,,,0.1924,-0.5479,-0.5895
70107636692622,加速度计,-1.3970,8.8651,7.7788,,,,,,,
70107646713039,加速度计,0.6512,10.4854,19.4224,,,,,,,
70107654236737,陀螺仪,,,,,,,,0.3073,-0.4831,-0.5467
70107656732205,加速度计,-2.0650,9.9736,13.4794,,,,,,,
70107666750122,加速度计,-0.7787,7.7895,4.4101,,,,,,,
70107676770955,加速度计,-1.9710,4.4718,0.9990,,,,,,,
70107674280122,陀螺仪,,,,,,,,0.3417,-0.5075,-0.4252
70107686797101,加速度计,-2.0877,5.3864,3.9037,,,,,,,
70107696794601,加速度计,-0.1682,5.7251,2.8467,,,,,,,
70107694294133,陀螺仪,,,,,,,,0.2720,-0.5649,-0.3389
70107706793143,加速度计,-0.9266,5.9658,-1.9962,,,,,,,
70107716793351,加速度计,-0.1185,4.8536,2.0470,,,,,,,
70107714293716,陀螺仪,,,,,,,,-0.0149,-0.5995,-0.2649
70107726796060,加速度计,0.6351,5.7952,30.4201,,,,,,,
70107736801893,加速度计,-1.0439,16.9779,11.4341,,,,,,,
70107734303820,陀螺仪,,,,,,,,0.4838,-0.4353,-0.1652
70107746811060,加速度计,-0.9158,1.8016,-6.8337,,,,,,,
70107756823768,加速度计,-1.0612,-1.1372,14.7758,,,,,,,
70107754327466,陀螺仪,,,,,,,,0.1610,-0.4225,-0.1771
70107766840226,加速度计,-2.5480,7.3508,2.4840,,,,,,,
70107776860226,加速度计,-2.8264,13.2669,3.7362,,,,,,,
70107774365695,陀螺仪,,,,,,,,0.1699,-0.5028,-0.1065
70107786883560,加速度计,0.2969,7.7417,11.4928,,,,,,,
70107794417049,陀螺仪,,,,,,,,0.1776,-0.3967,-0.0896
70107796910018,加速度计,0.2394,3.8379,16.3590,,,,,,,
70107806938976,加速度计,-2.3553,9.5996,5.0422,,,,,,,
70107814477778,陀螺仪,,,,,,,,0.1925,-0.4306,0.0407
70107816969810,加速度计,-3.3854,5.1703,-3.4955,,,,,,,
70107827002101,加速度计,1.1851,3.9792,13.7236,,,,,,,
70107837035226,加速度计,0.1335,12.0566,11.3030,,,,,,,
70107834543612,陀螺仪,,,,,,,,0.1577,-0.4085,0.0184
70107847068560,加速度计,-1.6071,8.7430,8.0738,,,,,,,
70107857094185,加速度计,-0.6847,3.2465,8.3246,,,,,,,
70107854598716,陀螺仪,,,,,,,,0.1903,-0.3800,0.0352
70107867112101,加速度计,-1.3485,3.0837,4.0103,,,,,,,
70107877130018,加速度计,-1.1007,8.2863,19.0040,,,,,,,
70107874634549,陀螺仪,,,,,,,,0.2162,-0.3972,0.0426
70107887147935,加速度计,-1.7514,9.8581,12.3637,,,,,,,
70107894670383,陀螺仪,,,,,,,,0.5637,-0.3694,0.0607
70107897165851,加速度计,-0.5417,12.7378,-4.7190,,,,,,,
70107907183768,加速度计,-0.7542,7.8739,-8.8998,,,,,,,
70107917201685,加速度计,-1.1522,3.5530,-4.9542,,,,,,,
70107914706216,陀螺仪,,,,,,,,-0.3127,-0.5176,0.0595
70107927224080,加速度计,3.0592,7.7991,30.9947,,,,,,,
70107934745383,陀螺仪,,,,,,,,0.3567,-0.1161,0.2072
70107937244393,加速度计,-3.8038,9.9138,15.5910,,,,,,,
70107949885470,GPS,,,,31.9440,118.7848,5.5300,145.3000,,,
70107947248403,加速度计,-2.0171,4.8507,-7.4047,,,,,,,
70107957253091,加速度计,2.3727,-2.4253,9.0465,,,,,,,
70107954754393,陀螺仪,,,,,,,,0.0542,-0.1565,0.3465
70107967258872,加速度计,-2.2320,6.9935,4.5963,,,,,,,
70107977266164,加速度计,-2.0255,10.2981,4.9159,,,,,,,
70107974768195,陀螺仪,,,,,,,,0.0658,-0.1996,0.2711
70107987275383,加速度计,0.0102,8.9202,14.8644,,,,,,,
70107994790122,陀螺仪,,,,,,,,0.1457,-0.1272,0.2519
70107997286945,加速度计,-1.9854,7.1563,28.8854,,,,,,,
70108007301008,加速度计,-2.0662,10.5285,10.9864,,,,,,,
70108017317570,加速度计,-0.5483,10.2855,-6.7008,,,,,,,
70108014821997,陀螺仪,,,,,,,,0.5690,-0.1509,0.2712
70108027336633,加速度计,-2.6432,-0.7260,-9.3823,,,,,,,
70108037358195,加速度计,1.5113,-3.6440,2.6246,,,,,,,
70108034863872,陀螺仪,,,,,,,,-0.0848,-0.2510,0.1818
70108047381997,加速度计,3.4357,7.8117,26.0561,,,,,,,
70108054914237,陀螺仪,,,,,,,,0.5578,-0.2991,-0.2739
70108057407622,加速度计,0.1957,27.9984,-7.2173,,,,,,,
70108067434653,加速度计,-3.8247,6.5356,-16.0196,,,,,,,
70108077462674,加速度计,1.0828,-9.1075,38.7089,,,,,,,
70108074969810,陀螺仪,,,,,,,,-0.5892,-0.2969,-0.1281
70108087491268,加速度计,-0.3118,0.0084,-8.5934,,,,,,,
70108095027258,陀螺仪,,,,,,,,-0.3109,-0.3128,-0.1754
70108097520018,加速度计,0.4417,9.9228,-13.9773,,,,,,,
70108107544862,加速度计,0.1203,10.6835,41.4951,,,,,,,
70108115069393,陀螺仪,,,,,,,,0.0064,-0.2916,-0.1076
70108117564758,加速度计,3.5093,9.1034,-9.0926,,,,,,,
70108127582830,加速度计,-0.4214,7.9715,26.3500,,,,,,,
70108135105278,陀螺仪,,,,,,,,0.0302,-0.1720,-0.1828
70108137600747,加速度计,0.8996,2.0004,-10.4130,,,,,,,
70108147618664,加速度计,1.7705,1.8058,29.1308,,,,,,,
70108157636580,加速度计,-2.2302,12.1967,-0.9822,,,,,,,
70108155141112,陀螺仪,,,,,,,,0.2478,-0.2453,-0.2325
70108167654497,加速度计,2.4786,8.6556,5.0578,,,,,,,
70108177673455,加速度计,-1.2492,7.0850,7.5944,,,,,,,
70108175179445,陀螺仪,,,,,,,,0.0672,-0.2649,-0.2430
70108187692622,加速度计,1.2857,8.7364,3.9229,,,,,,,
70108195211424,陀螺仪,,,,,,,,-0.0348,-0.2591,-0.2654
70108197707622,加速度计,1.4180,8.0415,9.3332,,,,,,,
70108207722622,加速度计,-2.2003,2.4517,15.0386,,,,,,,
70108215241424,陀螺仪,,,,,,,,0.2040,-0.1590,-0.0682
70108217737622,加速度计,-0.6285,5.5988,11.0552,,,,,,,
70108227752883,加速度计,2.0375,11.4209,-1.2845,,,,,,,
70108237768560,加速度计,-0.5495,5.8389,2.4924,,,,,,,
70108235272570,陀螺仪,,,,,,,,0.0634,-0.1691,-0.1137
70108247784653,加速度计,-1.2767,5.9412,7.5645,,,,,,,
70108255305383,陀螺仪,,,,,,,,0.0174,-0.2236,-0.2510
70108257801164,加速度计,-1.0864,7.8368,6.4195,,,,,,,
70108267818091,加速度计,1.6466,6.9198,4.9339,,,,,,,
70108275339862,陀螺仪,,,,,,,,0.0087,-0.2562,-0.2792
70108277835435,加速度计,-0.2274,4.9213,6.1226,,,,,,,
70108287853195,加速度计,-1.0642,5.3133,8.2157,,,,,,,
70108297871372,加速度计,-0.5249,11.6244,4.2449,,,,,,,
70108295376008,陀螺仪,,,,,,,,0.0509,-0.2875,-0.3828
70108307889966,加速度计,-0.7506,9.2919,16.4601,,,,,,,
70108317908976,加速度计,-1.4054,8.7299,13.2453,,,,,,,
70108315413820,陀螺仪,,,,,,,,0.0284,-0.3194,-0.3413
70108327928403,加速度计,0.1802,8.4545,14.2563,,,,,,,
70108337948247,加速度计,0.7338,4.4448,7.3873,,,,,,,
70108335453299,陀螺仪,,,,,,,,0.3145,-0.2858,-0.2563
70108347968508,加速度计,0.6452,5.4582,-8.6155,,,,,,,
70108357988924,加速度计,0.5638,1.9956,-10.1819,,,,,,,
70108355494080,陀螺仪,,,,,,,,0.1338,-0.3683,-0.3043
70108368009341,加速度计,0.4363,-0.4064,-1.0139,,,,,,,
70108375534914,陀螺仪,,,,,,,,-0.1296,-0.3290,-0.3939
70108378029758,加速度计,4.5795,17.1317,32.3570,,,,,,,
70108388050174,加速度计,-6.6930,19.3254,2.0375,,,,,,,
70108398070591,加速度计,3.2938,-5.0637,18.9321,,,,,,,
70108395575747,陀螺仪,,,,,,,,-0.1253,-0.3096,-0.1867
70108408089445,加速度计,-1.8717,-1.0702,-1.6664,,,,,,,
70108418107362,加速度计,-0.6201,11.9950,9.8390,,,,,,,
70108415611893,陀螺仪,,,,,,,,0.0626,-0.2641,-0.1691
70108428129185,加速度计,-0.1987,9.8892,15.0140,,,,,,,
70108438152726,加速度计,-0.2855,4.3425,7.4591,,,,,,,
70108435651320,陀螺仪,,,,,,,,0.0991,-0.2811,-0.1547
70108448147414,加速度计,1.1516,6.9073,4.5849,,,,,,,
70108455642674,陀螺仪,,,,,,,,0.1197,-0.3357,-0.2811
70108458143455,加速度计,-1.9638,7.7333,0.2753,,,,,,,
70108468141685,加速度计,-0.9439,3.7098,9.4206,,,,,,,
70108478142674,加速度计,-0.4908,6.6840,11.0127,,,,,,,
70108475643247,陀螺仪,,,,,,,,0.1358,-0.4043,-0.2606
70108488147101,加速度计,1.3773,12.6192,2.9521,,,,,,,
70108498155539,加速度计,-0.5309,6.4673,12.2805,,,,,,,
70108495658091,陀螺仪,,,,,,,,0.1180,-0.3924,-0.2459
70108508168143,加速度计,-1.9770,6.9127,2.8491,,,,,,,
70108515689549,陀螺仪,,,,,,,,0.0229,-0.4079,-0.2156
70108518184914,加速度计,0.0700,7.5824,2.8246,,,,,,,
70108528205591,加速度计,-1.4198,2.4600,13.2393,,,,,,,
70108535736528,陀螺仪,,,,,,,,0.1819,-0.3518,-0.0712
70108538230018,加速度计,-1.5263,4.5496,14.3473,,,,,,,
70108548257935,加速度计,1.1211,13.6900,2.0165,,,,,,,
70108555796633,陀螺仪,,,,,,,,0.1326,-0.3597,-0.0401
70108558288664,加速度计,-0.9619,10.1496,4.2814,,,,,,,
70108568321633,加速度计,0.1957,6.2818,5.5270,,,,,,,
70108575864966,陀螺仪,,,,,,,,0.0138,-0.3779,-0.0972
70108578356164,加速度计,-0.4872,6.1567,12.7695,,,,,,,
70108588391424,加速度计,-0.8416,6.3931,4.8459,,,,,,,
70108598426841,加速度计,0.4495,6.8384,0.5674,,,,,,,
70108595935747,陀螺仪,,,,,,,,0.0759,-0.3579,0.0093
70108608451320,加速度计,-2.5618,5.5563,4.6711,,,,,,,
70108618469237,加速度计,0.9738,5.7856,12.1464,,,,,,,
70108615973768,陀螺仪,,,,,,,,-0.0358,-0.3551,-0.0457
70108628487153,加速度计,-2.3248,9.5247,12.0961,,,,,,,
70108638505070,加速度计,-2.4654,8.4521,9.3128,,,,,,,
70108636009601,陀螺仪,,,,,,,,0.0454,-0.3392,0.1286
70108648522987,加速度计,-0.6393,6.5356,18.2899,,,,,,,
70108658540903,加速度计,-0.6506,7.6160,8.7861,,,,,,,
70108656045435,陀螺仪,,,,,,,,0.2884,-0.2704,0.2700
70108668558820,加速度计,-1.1953,7.8685,-5.9490,,,,,,,
70108678579341,加速度计,1.8908,3.9379,-7.3825,,,,,,,
70108676093403,陀螺仪,,,,,,,,0.0696,-0.3120,0.2627
70108688603664,加速度计,-0.0940,-1.5975,1.6526,,,,,,,
70108698602258,加速度计,0.3962,9.0537,30.1867,,,,,,,
70108696101997,陀螺仪,,,,,,,,0.1121,-0.2419,0.2268
70108708601789,加速度计,-1.6801,20.6997,-5.9669,,,,,,,
70108716103664,陀螺仪,,,,,,,,-0.1517,-0.2542,0.3422
70108718603091,加速度计,-3.4267,1.4132,9.5696,,,,,,,
70108728606737,加速度计,-0.6800,-1.5066,6.2231,,,,,,,
70108738613143,加速度计,-0.9092,7.9482,-2.9419,,,,,,,
70108736115070,陀螺仪,,,,,,,,-0.0169,-0.1041,0.4398
70108748622726,加速度计,0.1077,10.3400,16.8606,,,,,,,
70108758635643,加速度计,-1.0792,7.2933,14.1048,,,,,,,
70108756139237,陀螺仪,,,,,,,,0.0590,-0.0313,0.4883
70108768651893,加速度计,-0.3789,4.5616,10.6398,,,,,,,
70108776176737,陀螺仪,,,,,,,,0.1385,-0.0686,0.4225
70108778671476,加速度计,-1.8016,8.0942,-2.5576,,,,,,,
70108788694393,加速度计,-2.4146,2.6671,4.4921,,,,,,,
70108796227205,陀螺仪,,,,,,,,0.0453,-0.1401,0.3288
70108798720383,加速度计,0.1095,3.3112,12.7677,,,,,,,
70108808749028,加速度计,0.0958,12.5839,2.2488,,,,,,,
70108816287518,陀螺仪,,,,,,,,0.0206,-0.1686,0.1961
70108818779653,加速度计,-0.5686,10.0209,6.9210,,,,,,,
70108828811685,加速度计,-0.5710,5.2397,11.8567,,,,,,,
70108836352726,陀螺仪,,,,,,,,0.0236,-0.1784,0.1406
70108838844445,加速度计,-1.2875,7.8009,6.3069,,,,,,,
70108848877362,加速度计,0.3669,4.4562,10.7057,,,,,,,
70108858902726,加速度计,1.6658,7.3783,3.3656,,,,,,,
70108856407987,陀螺仪,,,,,,,,0.1419,-0.1892,0.1294
70108868921997,加速度计,-0.8278,7.0372,-0.9176,,,,,,,
70108876444601,陀螺仪,,,,,,,,-0.0573,-0.2065,0.0450
70108878940070,加速度计,2.2847,7.9697,2.2924,,,,,,,
70108888957987,加速度计,0.7177,7.1186,11.6711,,,,,,,
70108898975903,加速度计,0.1885,6.6277,15.5138,,,,,,,
70108896480435,陀螺仪,,,,,,,,-0.0671,-0.1707,0.0647
70108908993820,加速度计,1.1199,7.6585,6.9372,,,,,,,
70108919011737,加速度计,0.1628,8.1134,2.5349,,,,,,,
70108916516268,陀螺仪,,,,,,,,0.0635,-0.1208,0.1217
70108929056060,加速度计,1.5526,5.3097,4.8153,,,,,,,
70108945641095,GPS,,,,31.9440,118.7849,4.7200,146.6000,,,
70108936553351,陀螺仪,,,,,,,,-0.0229,-0.1083,0.0535
70108939058612,加速度计,-0.1203,7.2053,10.2232,,,,,,,
70108949038299,加速度计,-0.6339,10.0072,10.5255,,,,,,,
70108956516268,陀螺仪,,,,,,,,0.0103,-0.0957,0.1204
70108959020487,加速度计,0.8847,7.0922,10.5536,,,,,,,
70108969006528,加速度计,-1.0810,5.5456,14.4017,,,,,,,
70108976495851,陀螺仪,,,,,,,,0.1168,-0.0979,0.2025
70108978997674,加速度计,-1.7388,8.9645,4.2270,,,,,,,
70108988994549,加速度计,3.1304,5.7646,1.7238,,,,,,,
70108996499185,陀螺仪,,,,,,,,0.2035,-0.0993,0.1290
70108998997883,加速度计,-2.4882,2.1554,-10.7344,,,,,,,
70109009007883,加速度计,3.2304,2.5079,-1.5191,,,,,,,
70109016529185,陀螺仪,,,,,,,,-0.2511,-0.0715,0.0579
70109019024549,加速度计,1.0385,9.7570,28.3964,,,,,,,
70109029047883,加速度计,-1.6358,17.6171,7.2125,,,,,,,
70109039077258,加速度计,-2.7886,1.9237,13.7720,,,,,,,
70109036585018,陀螺仪,,,,,,,,-0.0120,-0.0542,0.1249
70109049112153,加速度计,0.3011,-1.3270,0.9301,,,,,,,
70109056661685,陀螺仪,,,,,,,,0.0747,-0.0498,0.0748
70109059151528,加速度计,0.4339,5.2786,6.8354,,,,,,,
70109069194445,加速度计,-0.2005,11.5179,8.0661,,,,,,,
70109076751268,陀螺仪,,,,,,,,0.0630,-0.0747,0.0763
70109079239758,加速度计,-0.2442,9.2662,8.2750,,,,,,,
70109089286216,加速度计,1.0205,7.6543,7.4980,,,,,,,
70109096842935,陀螺仪,,,,,,,,0.0792,-0.0772,-0.0067
70109099331633,加速度计,0.5686,7.9757,4.4670,,,,,,,
70109109356320,加速度计,-0.3172,4.8159,5.0937,,,,,,,
70109116878768,陀螺仪,,,,,,,,0.0294,-0.1101,-0.0100
70109119374237,加速度计,-0.1263,5.3792,7.1611,,,,,,,
70109129392153,加速度计,0.1706,8.7628,3.5859,,,,,,,
70109136914601,陀螺仪,,,,,,,,-0.0150,-0.0957,-0.0073
70109139410070,加速度计,0.2484,8.3755,7.7991,,,,,,,
70109149427987,加速度计,-0.0054,6.8726,8.9938,,,,,,,
70109156950435,陀螺仪,,,,,,,,-0.0325,-0.0893,-0.0115
70109159445903,加速度计,-0.1041,6.3710,8.1433,,,,,,,
70109169463820,加速度计,-0.4770,5.5929,9.7701,,,,,,,
70109179490591,加速度计,0.1993,7.7979,9.8485,,,,,,,
70109177012414,陀螺仪,,,,,,,,0.0775,-0.0844,0.0292
70109189507362,加速度计,-0.0036,9.3883,2.1614,,,,,,,
70109199501320,加速度计,0.8499,6.7337,4.9662,,,,,,,
70109196999914,陀螺仪,,,,,,,,-0.0128,-0.1060,0.0037
70109209496737,加速度计,0.0563,6.5248,4.8393,,,,,,,
70109219494445,加速度计,-0.4411,6.6158,8.8867,,,,,,,
70109216994080,陀螺仪,,,,,,,,-0.0667,-0.1004,-0.0260
70109229495278,加速度计,0.6081,6.1118,8.1313,,,,,,,
70109237001164,陀螺仪,,,,,,,,-0.0205,-0.0755,0.0402
70109239499758,加速度计,-0.7165,8.9735,2.7707,,,,,,,
70109249508299,加速度计,-0.2640,5.5121,8.2780,,,,,,,
70109257024497,陀螺仪,,,,,,,,-0.0879,-0.0577,0.0526
70109259521008,加速度计,0.6782,6.3404,11.2498,,,,,,,
70109269537883,加速度计,-0.6015,7.8673,11.9572,,,,,,,
70109279558924,加速度计,-1.5095,8.0188,4.2288,,,,,,,
70109277064497,陀螺仪,,,,,,,,-0.0244,-0.0446,0.1237
70109289583820,加速度计,-0.4411,5.8700,16.2447,,,,,,,
70109297119497,陀螺仪,,,,,,,,0.1655,-0.0354,0.1740
70109299612153,加速度计,0.4160,6.7947,11.3784,,,,,,,
70109309643508,加速度计,0.8170,7.1575,-5.1811,,,,,,,
70109317185747,陀螺仪,,,,,,,,0.0405,-0.0872,0.0554
70109319677153,加速度计,0.4776,3.5434,-7.4813,,,,,,,
70109329712258,加速度计,-0.1999,-0.7949,-2.1985,,,,,,,
70109337257414,陀螺仪,,,,,,,,-0.1091,-0.0871,-0.0451
70109339748299,加速度计,1.9632,6.4207,30.7374,,,,,,,
70109349784549,加速度计,-1.0804,20.7559,0.6758,,,,,,,
70109359808612,加速度计,-3.0688,6.8881,-10.8038,,,,,,,
70109357313664,陀螺仪,,,,,,,,-0.2570,-0.1411,0.0431
70109369827049,加速度计,2.0644,-4.4945,34.1210,,,,,,,
70109377349497,陀螺仪,,,,,,,,0.2483,0.0103,0.0816
70109379844966,加速度计,0.8242,5.9903,-10.8733,,,,,,,
70109389862883,加速度计,-1.8441,8.4563,19.1003,,,,,,,
70109397385330,陀螺仪,,,,,,,,-0.2599,-0.0558,0.0429
70109399880799,加速度计,2.3403,7.8266,-1.8759,,,,,,,
70109409898716,加速度计,0.1640,6.2746,18.3953,,,,,,,
70109417421164,陀螺仪,,,,,,,,0.0506,-0.0827,-0.0043
70109419916633,加速度计,0.0658,8.7281,1.1169,,,,,,,
70109429940018,加速度计,-0.5213,5.3624,6.5649,,,,,,,
70109437458508,陀螺仪,,,,,,,,0.0258,-0.1222,-0.0458
70109439957518,加速度计,0.8673,4.9811,10.8254,,,,,,,
70109449961580,加速度计,0.3867,12.0201,1.6718,,,,,,,
70109457467674,陀螺仪,,,,,,,,-0.0629,-0.1431,-0.0852
70109459966372,加速度计,0.3585,8.2199,7.9116,,,,,,,
70109469972310,加速度计,-0.0485,5.1272,11.9243,,,,,,,
70109477481841,陀螺仪,,,,,,,,0.0152,-0.1298,-0.0212
70109479979810,加速度计,-0.1317,6.8468,4.5651,,,,,,,
70109489989289,加速度计,0.5782,5.9131,7.7841,,,,,,,
70109497504341,陀螺仪,,,,,,,,0.0498,-0.0964,0.0168
70109500001164,加速度计,0.0970,6.5918,9.6965,,,,,,,
70109510015539,加速度计,0.7242,11.2510,5.1128,,,,,,,
70109517536841,陀螺仪,,,,,,,,0.0471,-0.0943,0.0478
70109520032414,加速度计,0.3729,8.0553,7.9206,,,,,,,
70109530051789,加速度计,-0.3214,7.5878,3.3261,,,,,,,
70109540073664,加速度计,-0.1407,5.2062,6.2411,,,,,,,
70109537579341,陀螺仪,,,,,,,,-0.1032,-0.0932,0.0680
70109550097726,加速度计,0.2664,5.8323,8.8963,,,,,,,
70109557630174,陀螺仪,,,,,,,,-0.0043,-0.0507,0.1246
70109560123560,加速度计,-0.5638,7.0060,6.1627,,,,,,,
70109570150747,加速度计,0.3585,5.0961,9.6798,,,,,,,
70109577686008,陀螺仪,,,,,,,,0.0381,-0.0443,0.1145
70109580178872,加速度计,0.0198,8.8083,5.2068,,,,,,,
70109590207518,加速度计,-1.3216,5.9412,9.8623,,,,,,,
70109600236268,加速度计,-0.1706,8.6455,8.9968,,,,,,,
70109597743508,陀螺仪,,,,,,,,0.0378,-0.0684,0.1049
70109610260643,加速度计,-1.7298,7.2550,15.5892,,,,,,,
70109617784341,陀螺仪,,,,,,,,0.1798,-0.0638,0.2221
70109620279810,加速度计,0.6578,8.5778,3.4064,,,,,,,
70109630297726,加速度计,1.1277,6.9174,-4.8979,,,,,,,
70109637820174,陀螺仪,,,,,,,,-0.0189,-0.0795,0.0972
70109640315643,加速度计,1.6616,2.2272,-4.8590,,,,,,,
70109650333560,加速度计,-1.8358,-3.1514,11.1444,,,,,,,
70109657856008,陀螺仪,,,,,,,,0.1184,-0.0249,0.1192
70109660351476,加速度计,0.6943,12.7862,22.2535,,,,,,,
70109670369393,加速度计,0.0802,21.7136,-9.3440,,,,,,,
70109680389653,加速度计,-0.5465,-3.3591,20.4800,,,,,,,
70109677895955,陀螺仪,,,,,,,,-0.2494,-0.0720,0.1712
70109690406841,加速度计,0.1305,-0.5381,-1.7561,,,,,,,
70109700421424,加速度计,-0.0808,10.2472,17.6644,,,,,,,
70109697925122,陀螺仪,,,,,,,,0.0222,0.0329,0.1695
70109710436008,加速度计,-0.6925,11.5059,8.4246,,,,,,,
70109720450955,加速度计,-0.1197,5.5396,9.3218,,,,,,,
70109717954810,陀螺仪,,,,,,,,-0.0043,-0.0081,0.2084
70109730466320,加速度计,0.0838,6.6086,8.0930,,,,,,,
70109740482101,加速度计,0.2179,7.8075,-1.6538,,,,,,,
70109737986164,陀螺仪,,,,,,,,0.1425,-0.0273,0.1005
70109750498299,加速度计,-0.7626,4.4460,0.8865,,,,,,,
70109760514914,加速度计,-0.2167,5.8155,8.1235,,,,,,,
70109758019185,陀螺仪,,,,,,,,-0.0529,-0.0889,0.0760
70109770531945,加速度计,0.1101,10.3070,8.7574,,,,,,,
70109780549393,加速度计,0.4812,7.5914,11.7286,,,,,,,
70109778053924,陀螺仪,,,,,,,,-0.0269,-0.0387,0.1266
70109790567622,加速度计,-1.0026,6.8953,7.8051,,,,,,,
70109800586320,加速度计,1.2300,5.3923,0.0575,,,,,,,
70109798091112,陀螺仪,,,,,,,,-0.0087,-0.0024,0.2249
70109810605435,加速度计,1.4994,3.5823,12.3331,,,,,,,
70109820624966,加速度计,-1.3539,9.9258,9.1369,,,,,,,
70109818129966,陀螺仪,,,,,,,,0.0358,0.0421,0.2506
70109830644914,加速度计,-0.0826,10.3980,6.9845,,,,,,,
70109840665278,加速度计,1.2947,6.5164,9.1883,,,,,,,
70109838170435,陀螺仪,,,,,,,,0.0597,0.0605,0.2411
70109850685695,加速度计,0.7661,6.5655,1.3509,,,,,,,
70109860706112,加速度计,-1.7891,2.4960,7.5609,,,,,,,
70109858211268,陀螺仪,,,,,,,,-0.0001,0.0304,0.1903
70109870726528,加速度计,1.2001,9.4930,7.2000,,,,,,,
70109880746945,加速度计,0.0934,8.4438,8.6868,,,,,,,
70109878252101,陀螺仪,,,,,,,,0.0313,0.0429,0.1523
70109890767362,加速度计,-1.1402,9.3925,7.8566,,,,,,,
70109900786685,加速度计,0.1395,7.4316,3.7769,,,,,,,
70109898291372,陀螺仪,,,,,,,,-0.0266,0.0294,0.1427
70109910804758,加速度计,0.8529,4.1174,10.8810,,,,,,,
70109920822674,加速度计,-3.3411,4.4909,16.3865,,,,,,,
70109918328560,陀螺仪,,,,,,,,0.0509,0.0450,0.1594
70109930872466,加速度计,0.6734,10.9200,5.3636,,,,,,,
70109948228282,GPS,,,,31.9439,118.7849,6.0000,173.3000,,,
70109940864289,加速度计,2.9957,4.6448,-0.7727,,,,,,,
70109938358299,陀螺仪,,,,,,,,0.2497,-0.0029,0.2084
70109950840747,加速度计,-1.1528,-0.3944,-9.5978,,,,,,,
70109960819966,加速度计,0.2191,3.2908,20.1394,,,,,,,
70109958315487,陀螺仪,,,,,,,,-0.2827,0.0204,0.1609
70109970803560,加速度计,2.3709,13.4662,12.0129,,,,,,,
70109980792830,加速度计,-0.6704,16.8199,8.8208,,,,,,,
70109978291216,陀螺仪,,,,,,,,0.1370,0.1140,0.1318
70109990788664,加速度计,0.1030,4.4365,2.7168,,,,,,,
70110000791528,加速度计,0.3897,-1.2085,0.1861,,,,,,,
70109998293455,陀螺仪,,,,,,,,-0.0192,0.0917,0.1712
70110010801841,加速度计,-0.3448,8.2019,2.6019,,,,,,,
70110020819653,加速度计,0.5273,7.6004,17.2502,,,,,,,
70110018325278,陀螺仪,,,,,,,,-0.0925,0.0686,0.1196
70110030844601,加速度计,0.1616,9.4655,10.1837,,,,,,,
70110040876268,加速度计,0.1329,8.8083,2.9347,,,,,,,
70110038385174,陀螺仪,,,,,,,,0.0497,0.1037,0.1527
70110050913872,加速度计,1.2145,5.1038,4.6861,,,,,,,
70110060956216,加速度计,-0.3555,1.8172,9.4170,,,,,,,
70110058467414,陀螺仪,,,,,,,,-0.0354,0.0622,0.0437
70110071002049,加速度计,0.3915,9.4140,5.6389,,,,,,,
70110081050122,加速度计,0.5148,10.1502,6.0250,,,,,,,
70110078562362,陀螺仪,,,,,,,,0.0169,0.0477,0.0230
70110091099185,加速度计,0.1742,6.1669,12.1967,,,,,,,
70110101145435,加速度计,-0.4645,6.2147,11.7926,,,,,,,
70110098653455,陀螺仪,,,,,,,,0.0127,0.0609,0.0330
70110111166841,加速度计,0.8739,8.6161,4.9698,,,,,,,
70110121184758,加速度计,0.6381,4.9195,3.8409,,,,,,,
70110118689289,陀螺仪,,,,,,,,0.1150,0.0718,0.0443
70110131202674,加速度计,-0.0862,7.3951,1.8950,,,,,,,
70110141220591,加速度计,0.4687,6.6415,11.0055,,,,,,,
70110151238508,加速度计,0.0102,9.5463,8.3474,,,,,,,
70110161256424,加速度计,0.1269,8.9854,7.8225,,,,,,,
70110138725122,陀螺仪,,,,,,,,-0.0558,0.0707,0.0605
70110158760955,陀螺仪,,,,,,,,-0.0233,0.0989,0.1160
70110171274341,加速度计,2.1027,3.8846,16.8259,,,,,,,
70110181304653,加速度计,0.5171,6.7397,0.2412,,,,,,,
70110191314028,加速度计,-0.2723,8.1259,0.4525,,,,,,,
70110178814080,陀螺仪,,,,,,,,0.1470,0.1883,0.1296
70110201314393,加速度计,0.3837,6.5428,5.3217,,,,,,,
70110198814705,陀螺仪,,,,,,,,-0.0238,0.1453,0.0662
70110211315903,加速度计,-1.0265,5.6964,15.6072,,,,,,,
70110221319028,加速度计,-0.6536,9.9353,7.2909,,,,,,,
70110218820226,陀螺仪,,,,,,,,0.1057,0.1441,0.0862
70110231324549,加速度计,-1.3503,8.3839,12.7078,,,,,,,
70110241332935,加速度计,0.4597,4.7046,8.5066,,,,,,,
70110238835539,陀螺仪,,,,,,,,0.1313,0.1204,0.1707
70110251344237,加速度计,1.7549,4.7070,-4.9255,,,,,,,
70110261358820,加速度计,3.3914,6.5817,-8.5545,,,,,,,
70110258863039,陀螺仪,,,,,,,,0.1194,0.0882,-0.0539
70110271376737,加速度计,-4.3389,1.9130,10.0299,,,,,,,
70110281397622,加速度计,2.4439,11.1013,27.6632,,,,,,,
70110278903351,陀螺仪,,,,,,,,-0.0708,0.1198,-0.0634
70110291421424,加速度计,-0.5052,16.4793,-5.6090,,,,,,,
70110301447778,加速度计,-1.6550,-2.7372,1.5880,,,,,,,
70110298954758,陀螺仪,,,,,,,,-0.3029,-0.0166,-0.0009
70110311476268,加速度计,3.6907,-1.6580,18.0762,,,,,,,
70110321506112,加速度计,-1.8076,12.3726,12.3894,,,,,,,
70110319013768,陀螺仪,,,,,,,,0.2224,0.2328,-0.0479
70110331536841,加速度计,1.1612,14.4305,3.3064,,,,,,,
70110341568039,加速度计,1.7352,4.8668,8.2438,,,,,,,
70110339075903,陀螺仪,,,,,,,,-0.0415,0.0775,-0.0752
70110351599289,加速度计,2.0680,6.0106,6.4733,,,,,,,
70110361619601,加速度计,0.1454,7.7554,1.7974,,,,,,,
70110359124237,陀螺仪,,,,,,,,0.0664,0.0642,-0.1896
70110371637622,加速度计,0.1101,3.4812,5.8897,,,,,,,
70110381655539,加速度计,0.2765,7.3963,9.1955,,,,,,,
70110379160070,陀螺仪,,,,,,,,-0.0442,0.0266,-0.1790
70110391673455,加速度计,0.5944,9.7019,11.3665,,,,,,,
70110401691372,加速度计,0.4944,7.1144,10.0814,,,,,,,
70110399195903,陀螺仪,,,,,,,,0.0380,0.0658,-0.1254
70110411709289,加速度计,0.4752,6.2147,2.6558,,,,,,,
70110421727205,加速度计,1.0014,4.6094,0.7482,,,,,,,
70110419232049,陀螺仪,,,,,,,,0.0113,0.0830,-0.0739
70110431750903,加速度计,-0.0790,6.7229,7.0018,,,,,,,
70110441764237,加速度计,-0.4926,13.4087,9.3715,,,,,,,
70110451777570,加速度计,1.2977,7.8482,13.7870,,,,,,,
70110439267622,陀螺仪,,,,,,,,-0.0598,0.0866,-0.0619
70110461790903,加速度计,-0.3328,5.4187,10.8589,,,,,,,
70110459294393,陀螺仪,,,,,,,,-0.0228,0.1160,-0.0134
70110471804653,加速度计,-0.6722,3.7218,2.2721,,,,,,,
70110481818820,加速度计,1.6035,4.1013,3.3926,,,,,,,
70110479322622,陀螺仪,,,,,,,,0.0372,0.1372,-0.0115
70110491833820,加速度计,0.3759,9.1243,5.5396,,,,,,,
70110501849653,加速度计,-1.1019,8.9717,14.5741,,,,,,,
70110499353872,陀螺仪,,,,,,,,-0.0316,0.0903,-0.0844
70110511866320,加速度计,-0.8248,9.4942,15.0410,,,,,,,
70110521883820,加速度计,-0.1981,7.8141,4.0564,,,,,,,
70110519388455,陀螺仪,,,,,,,,0.1485,0.0815,-0.0582
70110531902153,加速度计,0.3915,5.9915,-3.2495,,,,,,,
70110541921320,加速度计,-2.0704,2.6504,13.8642,,,,,,,
70110539426372,陀螺仪,,,,,,,,0.0009,0.0336,-0.1053
70110551941320,加速度计,0.9014,6.1752,5.2212,,,,,,,
70110561961737,加速度计,0.3903,9.8785,-7.7458,,,,,,,
70110559466997,陀螺仪,,,,,,,,0.1320,0.0132,-0.0671
70110571982570,加速度计,2.9125,3.5859,-4.7172,,,,,,,
70110582003820,加速度计,-1.1390,-2.5402,26.0178,,,,,,,
70110579509289,陀螺仪,,,,,,,,-0.3206,0.0154,-0.1463
70110592025487,加速度计,0.9691,15.0709,21.8555,,,,,,,
70110602047153,加速度计,-3.1232,16.7468,-11.3725,,,,,,,
70110599552622,陀螺仪,,,,,,,,0.2049,0.0768,-0.1197
70110612068820,加速度计,1.2983,-5.3439,30.1017,,,,,,,
70110622090487,加速度计,2.9473,3.5542,-7.6626,,,,,,,
70110619595018,陀螺仪,,,,,,,,0.1882,0.0888,-0.0116
70110632108403,加速度计,-1.5820,14.8285,-6.6026,,,,,,,
70110642126320,加速度计,0.8637,9.7558,18.1295,,,,,,,
70110639630851,陀螺仪,,,,,,,,-0.1047,0.0157,-0.1499
70110652144237,加速度计,0.2125,2.4062,-0.9116,,,,,,,
70110662162153,加速度计,1.9231,7.4795,20.3477,,,,,,,
70110659666685,陀螺仪,,,,,,,,-0.1731,0.0289,-0.1712
70110672180070,加速度计,-0.1772,9.7624,12.1230,,,,,,,
70110682226320,加速度计,1.2402,10.7643,0.2759,,,,,,,
70110679724080,陀螺仪,,,,,,,,0.1523,0.0064,-0.1783
70110692217153,加速度计,0.5991,4.9231,10.0275,,,,,,,
70110702208820,加速度计,-0.6452,3.9343,6.8486,,,,,,,
70110699707310,陀螺仪,,,,,,,,0.0085,-0.0226,-0.2164
70110712202570,加速度计,-0.2963,6.6170,11.7597,,,,,,,
70110722199237,加速度计,0.7691,8.1163,1.4898,,,,,,,
70110719699393,陀螺仪,,,,,,,,0.1566,-0.0236,-0.1574
70110732199653,加速度计,0.7320,1.7011,9.9204,,,,,,,
70110742204237,加速度计,-1.9926,10.5524,9.6684,,,,,,,
70110739706580,陀螺仪,,,,,,,,0.1823,-0.0298,-0.1824
70110752213403,加速度计,0.5453,14.9368,1.6029,,,,,,,
70110762227153,加速度计,2.5636,8.1702,9.4068,,,,,,,
70110759731789,陀螺仪,,,,,,,,0.0597,-0.0915,-0.2125
70110772245487,加速度计,-0.6285,6.6457,4.8704,,,,,,,
70110782268403,加速度计,0.0239,3.7362,4.4682,,,,,,,
70110779775226,陀螺仪,,,,,,,,0.0133,-0.0739,-0.2214
70110792295487,加速度计,0.0144,6.8337,6.8067,,,,,,,
70110802326320,加速度计,-0.5692,7.4968,5.5869,,,,,,,
70110799834810,陀螺仪,,,,,,,,0.0290,-0.0578,-0.1578
70110812360070,加速度计,0.9080,4.6693,7.8626,,,,,,,
70110822395903,加速度计,-1.0642,6.4865,9.6822,,,,,,,
70110819905226,陀螺仪,,,,,,,,0.0487,-0.0799,-0.1318
70110832432987,加速度计,0.6919,11.5155,8.8969,,,,,,,
70110842470487,加速度计,-1.2252,8.9711,16.4266,,,,,,,
70110852506737,加速度计,0.0018,8.1181,7.8679,,,,,,,
70110839979601,陀螺仪,,,,,,,,0.0490,-0.1028,-0.0831
70110862525070,加速度计,2.5696,6.7457,-6.3225,,,,,,,
70110860029601,陀螺仪,,,,,,,,0.2342,-0.0985,-0.0348
70110872542987,加速度计,2.7174,1.1492,-6.3057,,,,,,,
70110882560903,加速度计,-4.6621,-1.3689,12.6384,,,,,,,
70110880065435,陀螺仪,,,,,,,,-0.2582,-0.1282,-0.1258
70110892578820,加速度计,0.9810,14.7872,29.3451,,,,,,,
70110902596737,加速度计,0.4292,18.2157,-7.7626,,,,,,,
70110900101268,陀螺仪,,,,,,,,0.3963,-0.0397,-0.0250
70110912614653,加速度计,-2.0985,-3.2178,-2.2458,,,,,,,
70110922632570,加速度计,2.0913,0.1981,24.3939,,,,,,,
70110920146580,陀螺仪,,,,,,,,-0.0479,0.0039,0.1603
70110932721945,加速度计,-0.1766,14.0540,-11.9782,,,,,,,
70110942345677,GPS,,,,31.9439,118.7849,5.5500,165.0000,,,
70110942669862,加速度计,-1.2929,8.3408,27.3358,,,,,,,
70110940157518,陀螺仪,,,,,,,,-0.2457,0.0063,0.0936
70110952620278,加速度计,-1.4383,2.6366,-2.5163,,,,,,,
70110962576112,加速度计,1.6652,6.9085,8.9561,,,,,,,
70110960066997,陀螺仪,,,,,,,,-0.0121,0.0012,0.1193
70110972539445,加速度计,-3.0323,7.5902,5.1463,,,,,,,
70110982512362,加速度计,-0.5800,1.8196,5.5737,,,,,,,
70110980008351,陀螺仪,,,,,,,,-0.0936,-0.0457,0.1430
70110992496112,加速度计,1.3934,7.8847,9.5660,,,,,,,
70111002491528,加速度计,-1.1672,12.9305,4.2431,,,,,,,
70110999993455,陀螺仪,,,,,,,,-0.0160,-0.0285,0.0775
70111012499028,加速度计,-1.2767,4.5232,14.3066,,,,,,,
70111022518612,加速度计,-0.2047,7.1269,5.6611,,,,,,,
70111020026476,陀螺仪,,,,,,,,0.0644,-0.0105,0.1192
70111032549862,加速度计,-0.5620,2.5408,1.8465,,,,,,,
70111042591528,加速度计,0.2412,7.6489,1.5353,,,,,,,
70111040104289,陀螺仪,,,,,,,,0.0202,-0.0321,0.1101
70111052642362,加速度计,-0.9972,12.1278,5.3241,,,,,,,
70111062700695,加速度计,1.5167,9.2733,12.2990,,,,,,,
70111060216789,陀螺仪,,,,,,,,-0.2149,-0.0744,0.1093
70111072764862,加速度计,-1.3916,5.4187,13.9690,,,,,,,
70111082832778,加速度计,1.0421,6.2106,3.6733,,,,,,,
70111080350122,陀螺仪,,,,,,,,-0.0684,-0.0089,0.1284
70111092901945,加速度计,0.2927,1.4108,2.9389,,,,,,,
70111102959445,加速度计,-0.0305,6.4590,-0.8847,,,,,,,
70111100464080,陀螺仪,,,,,,,,-0.0891,-0.0120,0.1141
70111112977778,加速度计,-0.2448,5.5779,8.3809,,,,,,,
70111122995695,加速度计,-0.5279,8.4683,17.7889,,,,,,,
70111120500226,陀螺仪,,,,,,,,-0.2136,-0.0710,0.0466
70111133013612,加速度计,-1.3138,8.1056,15.9286,,,,,,,
70111143031528,加速度计,0.7763,10.7188,4.9728,,,,,,,
70111140536060,陀螺仪,,,,,,,,0.0728,-0.0317,0.1376
70111153049445,加速度计,-1.2905,4.2030,7.2478,,,,,,,
70111163067362,加速度计,2.0321,3.3543,3.7062,,,,,,,
70111160571893,陀螺仪,,,,,,,,0.0756,-0.0692,0.1161
70111173085278,加速度计,0.8667,8.8801,-6.7989,,,,,,,
70111183109237,加速度计,2.0788,3.6272,5.7437,,,,,,,
70111180612414,陀螺仪,,,,,,,,-0.1065,-0.0884,-0.0208
70111193121737,加速度计,-2.7054,3.2046,19.3661,,,,,,,
70111200637570,陀螺仪,,,,,,,,0.0977,-0.0060,0.1003
70111203134289,加速度计,0.6961,11.0666,20.3447,,,,,,,
70111213147258,加速度计,-0.1784,16.1166,-10.5309,,,,,,,
70111223160643,加速度计,0.9337,-4.5705,10.3950,,,,,,,
70111220664133,陀螺仪,,,,,,,,-0.2413,-0.1057,0.1880
70111233174497,加速度计,4.1503,0.7009,5.1314,,,,,,,
70111240693091,陀螺仪,,,,,,,,0.1040,0.0712,0.0397
70111258987969,GPS,,,,31.9439,118.7849,5.5500,165.0000,,,
70111243189185,加速度计,-3.7463,13.0646,18.3480,,,,,,,
70111253204705,加速度计,0.0180,12.3744,5.7838,,,,,,,
70111260725383,陀螺仪,,,,,,,,0.0454,0.0129,0.1392
70111263221060,加速度计,1.6652,4.2413,7.0114,,,,,,,
70111273238247,加速度计,0.8685,4.0151,4.4011,,,,,,,
70111283256268,加速度计,-0.5327,5.2158,-3.6045,,,,,,,
70111280761008,陀螺仪,,,,,,,,0.1587,-0.0178,0.0220
70111293275122,加速度计,-1.1929,5.2571,4.4047,,,,,,,
70111303294810,加速度计,0.3687,11.1067,14.4562,,,,,,,
70111300799966,陀螺仪,,,,,,,,-0.0202,-0.0522,0.0421
70111313315330,加速度计,1.4054,12.7168,14.6675,,,,,,,
70111323336633,加速度计,0.0138,6.8462,11.1360,,,,,,,
70111320842101,陀螺仪,,,,,,,,0.1297,0.0016,0.1117
70111333358351,加速度计,0.5812,4.7369,3.0837,,,,,,,
70111343380487,加速度计,-0.7236,2.4654,5.2379,,,,,,,
70111340886164,陀螺仪,,,,,,,,0.1855,0.0087,0.1132
70111353402987,加速度计,0.2227,9.8264,-1.2995,,,,,,,
70111363425487,加速度计,0.2394,14.0288,1.8585,,,,,,,
70111360931164,陀螺仪,,,,,,,,0.0644,-0.0249,0.0597
70111373447570,加速度计,0.2532,7.3628,14.5316,,,,,,,
70111383466633,加速度计,-0.2334,6.3452,17.5986,,,,,,,
70111380971268,陀螺仪,,,,,,,,-0.0233,-0.0281,0.0985
70111393484914,加速度计,0.6273,8.4569,11.5646,,,,,,,
70111401007362,陀螺仪,,,,,,,,0.2276,0.0162,0.1533
70111403502830,加速度计,1.6939,8.7281,1.6538,,,,,,,
70111413520747,加速度计,0.0024,5.2906,-1.3007,,,,,,,
70111423538716,加速度计,0.6734,7.4448,-7.1928,,,,,,,
70111421043351,陀螺仪,,,,,,,,0.0269,-0.0213,0.0101
70111433558664,加速度计,-1.4814,6.1453,16.8151,,,,,,,
70111441079028,陀螺仪,,,,,,,,-0.1362,-0.0658,0.0459
70111443574914,加速度计,-1.6107,5.5480,12.3265,,,,,,,
70111453591164,加速度计,-2.0063,7.6608,13.2776,,,,,,,
70111463607414,加速度计,0.3226,6.3063,6.8049,,,,,,,
70111461111528,陀螺仪,,,,,,,,0.1091,-0.0145,0.2630
70111473623664,加速度计,3.8684,6.2142,-4.2539,,,,,,,
70111483639914,加速度计,2.3092,3.0466,6.2662,,,,,,,
70111481144028,陀螺仪,,,,,,,,0.0870,0.0093,0.0509
70111493656216,加速度计,-5.7120,1.4754,-10.1706,,,,,,,
70111501177258,陀螺仪,,,,,,,,-0.0037,0.0321,0.1376
70111503672935,加速度计,3.3848,8.7215,40.6200,,,,,,,
70111513690070,加速度计,0.1053,22.6180,-11.2174,,,,,,,
70111521212153,陀螺仪,,,,,,,,-0.3132,-0.0266,0.1376
70111523707622,加速度计,-5.6868,-4.1653,-18.1157,,,,,,,
70111533725591,加速度计,3.0263,-4.9237,57.5285,,,,,,,
70111543743976,加速度计,5.6611,11.1642,-15.5414,,,,,,,
70111541248716,陀螺仪,,,,,,,,0.1795,0.0403,0.1292
70111553762778,加速度计,-6.7157,13.3267,22.7946,,,,,,,
70111563781945,加速度计,2.2272,9.6744,2.8335,,,,,,,
70111561286789,陀螺仪,,,,,,,,-0.0956,0.0915,0.3075
70111573801112,加速度计,0.4381,5.8676,3.1328,,,,,,,
70111583820278,加速度计,2.1123,3.2531,10.3322,,,,,,,
70111581325122,陀螺仪,,,,,,,,-0.1819,0.0507,0.1337
70111593839445,加速度计,-0.6710,0.3166,17.9212,,,,,,,
70111601363455,陀螺仪,,,,,,,,0.2280,0.0457,0.1465
70111603858612,加速度计,-1.1516,11.4970,2.9419,,,,,,,
70111613877778,加速度计,0.3753,9.5014,-2.1835,,,,,,,
70111623896945,加速度计,3.4692,1.7909,6.5805,,,,,,,
70111621401789,陀螺仪,,,,,,,,0.0602,0.0774,0.1011
70111633916112,加速度计,-2.0363,5.6904,6.7002,,,,,,,
70111641440122,陀螺仪,,,,,,,,0.0818,0.0723,0.1683
70111643935278,加速度计,-1.1097,7.3179,9.7001,,,,,,,
70111653954445,加速度计,-0.0622,4.1934,16.6385,,,,,,,
70111661478143,陀螺仪,,,,,,,,0.3760,0.1871,0.3147
70111663973508,加速度计,1.6328,14.1342,6.8755,,,,,,,
70111673992466,加速度计,0.0293,10.7913,-5.5761,,,,,,,
70111684026268,加速度计,2.4169,3.0089,12.3242,,,,,,,
70111681526216,陀螺仪,,,,,,,,0.1506,0.1996,0.2045
70111694025903,加速度计,-0.8320,14.0629,-5.2625,,,,,,,
70111704026060,加速度计,-0.2233,9.2781,-0.0688,,,,,,,
70111701526424,陀螺仪,,,,,,,,-0.0939,0.1563,0.1409
70111714027518,加速度计,0.9577,6.7804,11.4485,,,,,,,
70111724030747,加速度计,-0.2544,6.9109,18.8382,,,,,,,
70111721532153,陀螺仪,,,,,,,,-0.0850,0.1704,0.1084
70111734036528,加速度计,1.8609,8.6951,8.8855,,,,,,,
70111744045226,加速度计,0.5231,7.6836,2.4966,,,,,,,
70111741548091,陀螺仪,,,,,,,,0.0370,0.1627,0.0782
70111754056893,加速度计,0.1251,5.5611,11.6777,,,,,,,
70111761576424,陀螺仪,,,,,,,,0.0510,0.1184,-0.0044
70111764071893,加速度计,-2.2571,7.3813,7.4813,,,,,,,
70111774090226,加速度计,5.4929,11.6508,8.6999,,,,,,,
70111781617935,陀螺仪,,,,,,,,0.1840,0.0454,-0.0893
70111784111841,加速度计,-3.2495,3.1747,-8.5359,,,,,,,
70111794136320,加速度计,4.1713,-1.7460,-2.2422,,,,,,,
70111801670487,陀螺仪,,,,,,,,-0.2053,0.0640,-0.1298
70111804163247,加速度计,-0.6375,4.9752,31.7591,,,,,,,
70111814192205,加速度计,0.2065,16.0471,9.7414,,,,,,,
70111824222726,加速度计,-2.1967,13.4949,-1.5886,,,,,,,
70111821730591,陀螺仪,,,,,,,,0.1146,0.0595,-0.1208
70111834254028,加速度计,2.4313,-1.1528,3.1095,,,,,,,
70111844285695,加速度计,0.4621,1.4102,6.3949,,,,,,,
70111854317362,加速度计,0.4256,8.9142,13.9504,,,,,,,
70111841793664,陀螺仪,,,,,,,,-0.0980,0.0646,-0.1415
70111861841424,陀螺仪,,,,,,,,0.0032,0.0490,-0.1170
70111864338768,加速度计,-0.6087,10.4585,10.4483,,,,,,,
70111874349185,加速度计,1.8208,3.7613,11.9016,,,,,,,
70111881862622,陀螺仪,,,,,,,,0.1526,0.0774,-0.0935
70111884359862,加速度计,1.1019,5.5103,-0.1478,,,,,,,
70111894371216,加速度计,0.6339,4.0151,0.8068,,,,,,,
70111904383403,加速度计,0.2927,5.7072,7.1192,,,,,,,
70111901886580,陀螺仪,,,,,,,,-0.0057,-0.0000,-0.2225
70111914396685,加速度计,-0.5255,10.8380,10.4956,,,,,,,
70111921915018,陀螺仪,,,,,,,,-0.0027,-0.0124,-0.1960
70111924411216,加速度计,1.7370,9.8515,8.5623,,,,,,,
70111934446633,加速度计,0.2813,6.4224,8.3510,,,,,,,
70111951253125,GPS,,,,31.9439,118.7849,5.3400,154.4000,,,
70111944480903,加速度计,-0.0096,3.9893,7.9170,,,,,,,
70111941985539,陀螺仪,,,,,,,,0.0293,-0.0104,-0.1812
70111954499133,加速度计,1.2821,4.9781,6.0795,,,,,,,
70111962021580,陀螺仪,,,,,,,,0.0475,-0.0210,-0.1792
70111964517049,加速度计,0.1000,9.7953,-2.5588,,,,,,,
70111974534966,加速度计,-0.9427,8.4701,9.2620,,,,,,,
70111982057414,陀螺仪,,,,,,,,-0.1035,-0.0200,-0.1085
70111984552883,加速度计,0.9074,5.1332,13.3130,,,,,,,
70111994570799,加速度计,0.0748,8.6491,8.9711,,,,,,,
70112004588716,加速度计,1.2282,7.0108,0.4747,,,,,,,
70112002093247,陀螺仪,,,,,,,,0.0049,-0.0031,-0.0579
70112014606633,加速度计,-0.1197,5.7628,4.5083,,,,,,,
70112022129080,陀螺仪,,,,,,,,-0.0977,-0.0032,-0.1037
70112024624549,加速度计,-0.3166,7.5914,7.5166,,,,,,,
70112034642466,加速度计,-1.3797,7.5866,13.1047,,,,,,,
70112044660383,加速度计,-0.4082,10.4507,11.3934,,,,,,,
70112042164914,陀螺仪,,,,,,,,-0.0427,-0.0153,-0.0080
70112054678299,加速度计,0.0850,6.1333,5.6342,,,,,,,
70112064696216,加速度计,-0.6351,5.5408,6.5511,,,,,,,
70112062200747,陀螺仪,,,,,,,,-0.0205,0.0073,-0.0052
70112074714133,加速度计,-2.5223,5.9999,19.3691,,,,,,,
70112084732049,加速度计,3.3908,8.8232,2.0243,,,,,,,
70112082236580,陀螺仪,,,,,,,,0.2111,0.0028,0.1254
70112094749966,加速度计,-0.2065,7.4358,-7.2161,,,,,,,
70112104767883,加速度计,2.7007,1.7747,0.3089,,,,,,,
70112102272414,陀螺仪,,,,,,,,-0.0750,0.0049,0.0023
70112114785799,加速度计,-1.5155,1.4419,23.7463,,,,,,,
70112124803716,加速度计,0.1149,16.8636,5.0266,,,,,,,
70112122308247,陀螺仪,,,,,,,,0.1788,0.0577,0.0190
70112134821633,加速度计,-4.9518,11.1492,-8.5575,,,,,,,
70112144839549,加速度计,1.8513,-3.6224,16.5834,,,,,,,
70112142344080,陀螺仪,,,,,,,,-0.1377,0.0369,0.2208
70112154857466,加速度计,0.3172,1.6694,-3.3465,,,,,,,
70112164875383,加速度计,-0.2903,11.0612,11.9716,,,,,,,
70112162379914,陀螺仪,,,,,,,,-0.0947,0.0931,0.1650
70112174893716,加速度计,-0.9361,11.0858,14.8129,,,,,,,
70112184916060,加速度计,-0.3645,4.6011,12.5624,,,,,,,
70112182420487,陀螺仪,,,,,,,,0.0445,0.1045,0.2212
70112194933560,加速度计,0.2831,6.9157,1.8627,,,,,,,
70112204951060,加速度计,-0.8906,5.2026,-0.0599,,,,,,,
70112202455487,陀螺仪,,,,,,,,0.0562,0.0715,0.1334
70112214968560,加速度计,-0.0676,6.1609,6.2112,,,,,,,
70112222490487,陀螺仪,,,,,,,,-0.0181,0.0559,0.0617
70112224986060,加速度计,1.7723,9.7193,11.6711,,,,,,,
70112235003560,加速度计,-1.0175,9.0058,9.3733,,,,,,,
70112245021060,加速度计,0.3352,7.4232,8.4982,,,,,,,
70112242525487,陀螺仪,,,,,,,,0.0644,0.0605,0.0603
70112255038560,加速度计,0.6027,6.0244,1.1624,,,,,,,
70112265056060,加速度计,-0.4136,3.5865,8.5180,,,,,,,
70112262560487,陀螺仪,,,,,,,,-0.0270,0.0300,0.0232
70112275073560,加速度计,-0.0599,9.3164,11.2533,,,,,,,
70112282595487,陀螺仪,,,,,,,,0.0063,0.0288,0.0668
70112285091060,加速度计,0.3549,9.8378,5.8514,,,,,,,
70112295108560,加速度计,2.6905,9.1417,7.1036,,,,,,,
70112305126060,加速度计,0.4549,5.6198,8.4216,,,,,,,
70112302630487,陀螺仪,,,,,,,,-0.0127,0.0595,0.0209
70112315143560,加速度计,1.3246,2.7342,7.9829,,,,,,,
70112325161060,加速度计,0.2664,8.4922,5.7772,,,,,,,
70112322665487,陀螺仪,,,,,,,,0.0418,0.0702,0.0091
70112335178560,加速度计,-0.8469,8.5120,4.4119,,,,,,,
70112345196060,加速度计,1.9537,7.5723,8.6550,,,,,,,
70112342700487,陀螺仪,,,,,,,,0.0173,0.0788,0.0087
70112355213664,加速度计,0.5459,7.7004,9.5349,,,,,,,
70112365231685,加速度计,-0.4339,7.3556,6.0621,,,,,,,
70112362736320,陀螺仪,,,,,,,,-0.0085,0.0541,-0.0032
70112375250018,加速度计,-1.0074,5.9370,18.0421,,,,,,,
70112385268351,加速度计,-0.2849,8.5090,8.6999,,,,,,,
70112382772987,陀螺仪,,,,,,,,0.1394,0.0714,0.0995
70112395286685,加速度计,4.6358,5.5881,2.3774,,,,,,,
70112405305018,加速度计,-1.7107,5.7742,-7.8925,,,,,,,
70112402809653,陀螺仪,,,,,,,,0.1786,0.0795,-0.0294
70112415323351,加速度计,1.7945,-1.1408,-0.6183,,,,,,,
70112425343351,加速度计,2.5049,6.2944,26.2458,,,,,,,
70112422849653,陀螺仪,,,,,,,,-0.0206,0.0578,-0.1009
70112435373924,加速度计,0.0359,19.7127,1.1606,,,,,,,
70112445383508,加速度计,-4.9087,7.3807,-10.0874,,,,,,,
70112442885955,陀螺仪,,,,,,,,-0.1447,-0.0346,-0.1224
70112455393247,加速度计,3.4201,-3.1705,26.5493,,,,,,,
70112465403560,加速度计,1.0983,4.7902,-9.9790,,,,,,,
70112462906320,陀螺仪,,,,,,,,0.0763,0.0895,-0.1423
70112475414862,加速度计,-0.1718,12.2637,22.5085,,,,,,,
70112482930799,陀螺仪,,,,,,,,-0.0495,-0.0395,-0.1234
70112485427414,加速度计,-2.6193,8.2600,1.2965,,,,,,,
70112495441216,加速度计,2.2978,4.6831,10.5776,,,,,,,
70112502960539,陀螺仪,,,,,,,,0.0225,0.0068,-0.1643
70112505456424,加速度计,-0.0958,7.8847,4.6058,,,,,,,
70112515473299,加速度计,1.9824,3.8978,9.1967,,,,,,,
70112525491685,加速度计,-0.6943,8.0888,5.6144,,,,,,,
70112522996528,陀螺仪,,,,,,,,0.0189,-0.0513,-0.1613
70112535511320,加速度计,0.4070,9.5134,8.8155,,,,,,,
70112545532205,加速度计,1.6532,8.0954,10.5082,,,,,,,
70112543037674,陀螺仪,,,,,,,,-0.0057,-0.0257,-0.1683
70112555554185,加速度计,-0.8080,8.1786,8.7742,,,,,,,
70112563082883,陀螺仪,,,,,,,,0.0342,-0.0354,-0.0933
70112565576997,加速度计,0.3172,5.6270,8.3222,,,,,,,
70112575600487,加速度计,0.9720,4.9698,11.7100,,,,,,,
70112585624393,加速度计,0.2933,8.8669,7.3849,,,,,,,
70112583130487,陀螺仪,,,,,,,,0.1502,-0.0007,-0.0497
70112595648560,加速度计,-0.2191,10.6015,2.7180,,,,,,,
70112605672726,加速度计,1.2923,6.9617,2.7168,,,,,,,
70112603178820,陀螺仪,,,,,,,,0.0750,0.0120,-0.0427
70112615694705,加速度计,0.1472,5.7024,5.3558,,,,,,,
70112625712883,加速度计,-1.3336,4.3670,11.0133,,,,,,,
70112623217414,陀螺仪,,,,,,,,-0.0543,0.0216,0.0069
70112635730799,加速度计,-0.0150,7.5082,10.4704,,,,,,,
70112645748716,加速度计,0.9697,10.4734,1.4934,,,,,,,
70112643253247,陀螺仪,,,,,,,,0.1020,0.0699,0.0883
70112655766633,加速度计,0.0892,3.1113,7.0342,,,,,,,
70112663289080,陀螺仪,,,,,,,,0.0390,0.0627,0.0289
70112665784549,加速度计,-1.4772,5.9251,7.7758,,,,,,,
70112675803716,加速度计,-0.3956,7.6620,7.5238,,,,,,,
70112683330070,陀螺仪,,,,,,,,0.0457,0.0357,0.0541
70112685827935,加速度计,-0.8912,9.8599,11.0684,,,,,,,
70112695836268,加速度计,-2.2314,8.1151,15.2888,,,,,,,
70112705844758,加速度计,3.6787,6.0082,2.4343,,,,,,,
70112703346997,陀螺仪,,,,,,,,0.2587,0.0248,0.1012
70112715853820,加速度计,-1.6053,6.4823,-7.0898,,,,,,,
70112723366633,陀螺仪,,,,,,,,0.0083,0.0130,-0.0130
70112725863872,加速度计,2.7216,1.5239,-8.1086,,,,,,,
70112735875330,加速度计,-2.6630,2.0351,24.5795,,,,,,,
70112743392049,陀螺仪,,,,,,,,-0.0266,0.0463,-0.0056
70112745888455,加速度计,0.7632,18.5449,10.5949,,,,,,,
70112755903247,加速度计,-0.9685,14.1408,-7.9464,,,,,,,
70112765919705,加速度计,1.8519,-4.4484,19.4864,,,,,,,
70112763424133,陀螺仪,,,,,,,,-0.2406,-0.0138,0.0140
70112775937830,加速度计,-1.1684,2.2326,-5.5641,,,,,,,
70112785957622,加速度计,0.8691,7.1581,18.8705,,,,,,,
70112783462883,陀螺仪,,,,,,,,-0.1140,0.0257,0.0113
70112795978924,加速度计,0.1305,10.6237,8.3701,,,,,,,
70112806001476,加速度计,-0.6512,8.9244,4.7034,,,,,,,
70112803507362,陀螺仪,,,,,,,,-0.0137,0.0403,0.0232
70112816025122,加速度计,0.2969,6.4877,7.6255,,,,,,,
70112826049601,加速度计,-0.1873,3.8331,8.3659,,,,,,,
70112823555903,陀螺仪,,,,,,,,-0.0567,-0.0141,-0.0366
70112836074758,加速度计,0.4292,6.8791,7.2766,,,,,,,
70112846100174,加速度计,0.4938,9.1099,4.2659,,,,,,,
70112843606580,陀螺仪,,,,,,,,0.0100,-0.0213,-0.0366
70112856125435,加速度计,0.4322,7.6411,4.0923,,,,,,,
70112866147778,加速度计,-0.1484,4.4676,10.0760,,,,,,,
70112863652310,陀螺仪,,,,,,,,-0.1072,-0.0059,-0.0286
70112876165695,加速度计,0.6159,6.5428,6.0190,,,,,,,
70112886183612,加速度计,0.3436,4.6615,10.0760,,,,,,,
70112883688143,陀螺仪,,,,,,,,-0.0630,0.0209,0.0553
70112896201528,加速度计,0.6650,7.9499,9.7145,,,,,,,
70112903723976,陀螺仪,,,,,,,,0.0413,0.0732,0.0831
70112906219445,加速度计,0.2729,10.7332,3.4010,,,,,,,
70112916237362,加速度计,0.9319,6.5799,0.7667,,,,,,,
70112926266841,加速度计,0.0682,5.1523,0.4465,,,,,,,
70112923781580,陀螺仪,,,,,,,,-0.2069,0.0497,0.0310
70112943709270,GPS,,,,31.9438,118.7849,5.9700,157.3000,,,
70112936298351,加速度计,-0.2119,3.5015,15.0410,,,,,,,
70112943774705,陀螺仪,,,,,,,,-0.1157,0.1036,0.0999
70112946279237,加速度计,1.6933,6.1770,13.1340,,,,,,,
70112956261997,加速度计,-0.7129,10.5040,7.0276,,,,,,,
70112966247987,加速度计,0.4268,5.9747,10.4633,,,,,,,
70112963745122,陀螺仪,,,,,,,,-0.0248,0.1285,0.0855
70112976238195,加速度计,-0.2879,3.4159,6.7977,,,,,,,
70112986233716,加速度计,-1.5071,8.6395,2.9802,,,,,,,
70112983733560,陀螺仪,,,,,,,,0.0734,0.1063,0.0627
70112996235226,加速度计,1.2270,9.5181,7.2652,,,,,,,
70113006243143,加速度计,-1.9184,7.5854,13.9546,,,,,,,
70113003746216,陀螺仪,,,,,,,,-0.0395,0.0824,0.0594
70113016257726,加速度计,-0.2711,8.2247,13.3082,,,,,,,
70113026278820,加速度计,1.8429,7.2975,-2.1021,,,,,,,
70113023785122,陀螺仪,,,,,,,,0.1921,0.0539,0.0609
70113036306008,加速度计,-0.6476,2.8102,-6.8408,,,,,,,
70113046338716,加速度计,2.7384,0.6213,-0.7769,,,,,,,
70113043847726,陀螺仪,,,,,,,,-0.1129,0.0623,-0.0577
70113056376112,加速度计,-2.2308,4.2928,20.2190,,,,,,,
70113063927987,陀螺仪,,,,,,,,0.0920,0.0585,-0.0647
70113066417205,加速度计,3.1729,17.6608,12.2942,,,,,,,
70113076460903,加速度计,-2.7605,12.5402,-10.6710,,,,,,,
70113086506216,加速度计,2.5606,-5.9053,27.6746,,,,,,,
70113084017726,陀螺仪,,,,,,,,-0.2834,0.0695,-0.0519
70113096550330,加速度计,0.8452,3.0789,5.1966,,,,,,,
70113106582830,加速度计,-0.5261,11.4880,7.1515,,,,,,,
70113104087362,陀螺仪,,,,,,,,0.0852,0.0233,-0.1445
70113116600747,加速度计,1.0936,12.6246,-0.3436,,,,,,,
70113124123195,陀螺仪,,,,,,,,-0.0250,0.0344,-0.1064
70113126618664,加速度计,0.6692,3.6859,13.7170,,,,,,,
70113136636580,加速度计,1.8944,7.8961,17.4256,,,,,,,
70113146654497,加速度计,-1.4545,11.5694,1.3856,,,,,,,
70113144159028,陀螺仪,,,,,,,,0.2425,0.0117,-0.2016
70113156672414,加速度计,0.9104,4.9614,-5.2547,,,,,,,
70113164194862,陀螺仪,,,,,,,,0.0667,-0.0571,-0.2743
70113166690330,加速度计,1.9076,4.6651,-6.9318,,,,,,,
70113176708403,加速度计,-2.5935,4.3742,4.3114,,,,,,,
70113186727310,加速度计,1.5149,5.5887,23.9462,,,,,,,
70113196745851,加速度计,2.7174,11.7280,11.0109,,,,,,,
70113184232049,陀螺仪,,,,,,,,-0.3477,-0.0324,-0.2170
70113206763976,加速度计,-1.2384,5.6473,2.9461,,,,,,,
70113204268508,陀螺仪,,,,,,,,0.0157,0.0088,-0.1575
70113216781893,加速度计,0.6925,2.2164,6.5410,,,,,,,
70113226799810,加速度计,-0.4579,7.3251,11.8028,,,,,,,
70113224304341,陀螺仪,,,,,,,,-0.0304,0.0048,-0.1529
70113236817726,加速度计,0.4286,11.4449,12.9556,,,,,,,
70113246835643,加速度计,0.2813,9.9659,6.1495,,,,,,,
70113244340174,陀螺仪,,,,,,,,0.0501,-0.0047,-0.1244
70113256853560,加速度计,1.5197,2.9491,6.8091,,,,,,,
70113266871476,加速度计,0.4322,6.1824,-3.6518,,,,,,,
70113264376008,陀螺仪,,,,,,,,0.1093,-0.0116,-0.1774
70113276889393,加速度计,-1.5646,8.8065,4.5562,,,,,,,
70113286907310,加速度计,1.0074,6.6008,15.3043,,,,,,,
70113284411841,陀螺仪,,,,,,,,-0.1169,-0.0499,-0.1718
70113296925226,加速度计,0.5447,8.9974,8.6508,,,,,,,
70113304447674,陀螺仪,,,,,,,,0.0101,-0.0380,-0.1478
70113306943143,加速度计,-1.4216,9.5936,2.4217,,,,,,,
70113316961060,加速度计,0.1826,6.4530,7.6357,,,,,,,
70113326978976,加速度计,-2.0973,3.0586,19.6540,,,,,,,
70113324483508,陀螺仪,,,,,,,,-0.1495,-0.0470,-0.0925
70113336996893,加速度计,-1.3539,6.9456,7.7201,,,,,,,
70113347014810,加速度计,4.8656,3.4866,10.1766,,,,,,,
70113344519341,陀螺仪,,,,,,,,0.2977,-0.0527,0.0012
70113357032726,加速度计,-2.6396,5.1182,-9.7630,,,,,,,
70113364555174,陀螺仪,,,,,,,,-0.1747,-0.0241,-0.0333
70113367050643,加速度计,2.5402,-1.3946,-7.5806,,,,,,,
70113377068560,加速度计,1.1067,9.3613,30.2669,,,,,,,
70113384591008,陀螺仪,,,,,,,,0.2294,-0.0390,-0.1194
70113387086476,加速度计,-0.4028,19.5888,5.0673,,,,,,,
70113397104393,加速度计,-2.1057,9.6965,3.7715,,,,,,,
70113407122310,加速度计,0.5351,-1.2396,14.7525,,,,,,,
70113404626841,陀螺仪,,,,,,,,-0.0268,-0.0482,-0.0732
70113417140226,加速度计,0.6710,6.9827,-5.4247,,,,,,,
70113427160018,加速度计,-3.5273,8.4402,9.4002,,,,,,,
70113424665487,陀螺仪,,,,,,,,-0.0714,-0.0867,-0.0498
70113437185070,加速度计,1.0594,6.7217,3.9061,,,,,,,
70113447195070,加速度计,1.4054,4.6130,16.3674,,,,,,,
70113444697622,陀螺仪,,,,,,,,0.0328,0.0360,-0.0172
70113457205278,加速度计,-1.4503,9.3535,-3.7751,,,,,,,
70113464718976,陀螺仪,,,,,,,,-0.0854,-0.0534,-0.0031
70113467216112,加速度计,-1.0241,4.8004,3.9522,,,,,,,
70113477227778,加速度计,2.7557,2.9161,12.4786,,,,,,,
70113487240487,加速度计,-0.6399,10.2226,5.2212,,,,,,,
70113484743872,陀螺仪,,,,,,,,0.0348,-0.0309,-0.0059
70113497254445,加速度计,-0.6297,10.1867,2.9491,,,,,,,
70113507269653,加速度计,0.6273,4.6322,17.0371,,,,,,,
70113504773664,陀螺仪,,,,,,,,-0.0959,-0.0172,-0.0053
70113517286320,加速度计,0.1850,9.3194,7.6932,,,,,,,
70113524809185,陀螺仪,,,,,,,,0.0083,-0.0280,0.0180
70113527304445,加速度计,-1.5431,5.3846,6.3093,,,,,,,
70113537323820,加速度计,-0.1526,5.6084,5.7790,,,,,,,
70113547344445,加速度计,0.4112,8.7837,4.5645,,,,,,,
70113544849810,陀螺仪,,,,,,,,0.0469,-0.0410,-0.0063
70113557366320,加速度计,-0.5567,7.7405,9.2362,,,,,,,
70113564895122,陀螺仪,,,,,,,,-0.0383,-0.0491,0.0051
70113567389237,加速度计,-0.2352,11.4676,3.9205,,,,,,,
70113577412778,加速度计,1.9375,7.5340,11.7675,,,,,,,
70113587436737,加速度计,0.1263,5.5486,6.0783,,,,,,,
70113584942830,陀螺仪,,,,,,,,-0.0679,-0.0401,0.0043
70113597460903,加速度计,-1.9998,4.7669,0.7308,,,,,,,
70113604991164,陀螺仪,,,,,,,,-0.1567,-0.0433,0.0071
70113607485070,加速度计,1.7334,5.5539,11.6185,,,,,,,
70113617506737,加速度计,0.1502,2.9036,16.4661,,,,,,,
70113625029810,陀螺仪,,,,,,,,0.0842,-0.0168,-0.0055
70113627525278,加速度计,0.3956,9.4810,5.6641,,,,,,,
70113637543195,加速度计,-1.4802,8.2133,2.6037,,,,,,,
70113645065643,陀螺仪,,,,,,,,-0.0213,-0.0493,0.0005
70113647561112,加速度计,0.9571,4.6340,5.7479,,,,,,,
70113657579028,加速度计,-1.2989,4.8189,20.3860,,,,,,,
70113665101476,陀螺仪,,,,,,,,0.2346,-0.0553,0.0413
70113667596945,加速度计,1.6454,10.2053,6.8127,,,,,,,
70113677615695,加速度计,-0.7494,6.3859,-6.8504,,,,,,,
70113685139914,陀螺仪,,,,,,,,0.1008,-0.0545,-0.0083
70113687636320,加速度计,3.5231,4.7130,3.6972,,,,,,,
70113697650487,加速度计,-3.0754,-0.8517,-9.5080,,,,,,,
70113707664653,加速度计,4.5508,11.2833,35.6389,,,,,,,
70113705168247,陀螺仪,,,,,,,,0.0104,-0.0465,-0.0120
70113717679028,加速度计,-0.7943,19.9802,-7.9655,,,,,,,
70113725197622,陀螺仪,,,,,,,,-0.2172,-0.0248,-0.0202
70113727693820,加速度计,-2.9796,-0.1425,11.8339,,,,,,,
70113737709028,加速度计,3.2298,-1.5257,5.8903,,,,,,,
70113745228664,陀螺仪,,,,,,,,0.0320,0.0252,-0.0180
70113747724653,加速度计,-1.9190,6.9486,8.4473,,,,,,,
70113757740903,加速度计,0.9463,13.8439,10.8451,,,,,,,
70113767757987,加速度计,-0.2843,6.1675,6.8073,,,,,,,
70113765262414,陀螺仪,,,,,,,,0.0005,0.0035,0.0497
70113777775903,加速度计,2.0446,5.4378,7.3358,,,,,,,
70113787794653,加速度计,-2.0333,6.3075,4.2563,,,,,,,
70113785299497,陀螺仪,,,,,,,,0.0756,0.0144,0.0048
70113797814028,加速度计,-0.1365,5.9981,0.5573,,,,,,,
70113807833820,加速度计,1.3946,8.1349,7.1850,,,,,,,
70113805338872,陀螺仪,,,,,,,,-0.0092,-0.0077,0.0016
70113817854028,加速度计,1.4030,10.5339,7.3526,,,,,,,
70113827874653,加速度计,-1.1127,4.2575,19.2745,,,,,,,
70113825379914,陀螺仪,,,,,,,,-0.0839,0.0150,-0.0136
70113837895487,加速度计,-1.8154,9.5116,9.2446,,,,,,,
70113847916320,加速度计,2.0542,8.1092,-1.7699,,,,,,,
70113845421580,陀螺仪,,,,,,,,0.0783,0.0087,0.0072
70113857937153,加速度计,-1.6885,1.4473,14.2790,,,,,,,
70113867957987,加速度计,-0.2400,6.9641,5.5103,,,,,,,
70113865463247,陀螺仪,,,,,,,,0.1047,0.0083,0.0851
70113877977987,加速度计,0.7560,13.0903,-0.7302,,,,,,,
70113885501372,陀螺仪,,,,,,,,-0.0097,0.0258,0.0302
70113887996737,加速度计,1.6400,7.9733,10.5201,,,,,,,
70113898014862,加速度计,-0.7057,7.0006,10.7524,,,,,,,
70113908032778,加速度计,0.7638,6.7247,8.2869,,,,,,,
70113905537310,陀螺仪,,,,,,,,0.0395,0.0555,0.0232
70113918052987,加速度计,0.3196,8.9657,-0.8218,,,,,,,
70113928077987,加速度计,-0.5902,3.3411,9.6636,,,,,,,
70113925584705,陀螺仪,,,,,,,,-0.0839,0.0501,0.0566
70113942167916,GPS,,,,31.9437,118.7849,5.5400,166.0000,,,
70113938092362,加速度计,1.2151,3.8499,10.4806,,,,,,,
70113945598508,陀螺仪,,,,,,,,0.0244,0.0846,0.0011
70113948097205,加速度计,0.1389,10.8014,3.8349,,,,,,,
70113958102726,加速度计,-1.1546,5.7114,11.1253,,,,,,,
70113968109341,加速度计,-0.3400,6.7044,7.0904,,,,,,,
70113965611164,陀螺仪,,,,,,,,0.0068,0.0477,0.0132
70113978117466,加速度计,-0.5722,5.5785,14.9368,,,,,,,
70113988127518,加速度计,0.3430,7.4136,15.2846,,,,,,,
70113985630278,陀螺仪,,,,,,,,0.1507,0.0280,0.0205
70113998139653,加速度计,0.2765,5.5988,-0.7649,,,,,,,
70114008154133,加速度计,1.7968,8.4408,-0.8703,,,,,,,
70114005658039,陀螺仪,,,,,,,,0.2672,0.0039,-0.0704
70114018171112,加速度计,-1.3964,4.4071,-7.3376,,,,,,,
70114028190330,加速度计,1.2366,2.2122,31.1809,,,,,,,
70114025695383,陀螺仪,,,,,,,,-0.0899,0.0389,-0.0145
70114038211633,加速度计,4.7112,22.2302,-1.4120,,,,,,,
70114048234758,加速度计,-7.2161,5.7353,-12.7300,,,,,,,
70114045740747,陀螺仪,,,,,,,,-0.0967,-0.0035,-0.1854
70114058259549,加速度计,4.9099,-7.7776,34.4352,,,,,,,
70114068285747,加速度计,1.2540,6.0693,-10.1981,,,,,,,
70114065792466,陀螺仪,,,,,,,,0.1997,-0.0186,-0.1752
70114078312935,加速度计,-4.5472,14.2958,10.4423,,,,,,,
70114088340695,加速度计,1.7442,7.1976,8.7203,,,,,,,
70114085847726,陀螺仪,,,,,,,,-0.2321,0.0401,-0.0330
70114098368612,加速度计,3.9846,5.8185,17.5262,,,,,,,
70114108393664,加速度计,-1.6436,7.7099,0.9900,,,,,,,
70114105899549,陀螺仪,,,,,,,,0.0289,0.0115,-0.1313
70114118413612,加速度计,-0.3519,6.0903,5.5204,,,,,,,
70114128431528,加速度计,0.0617,4.8866,8.6497,,,,,,,
70114125936060,陀螺仪,,,,,,,,0.0843,-0.0000,-0.1184
70114138449445,加速度计,1.5467,9.9132,0.8410,,,,,,,
70114148467362,加速度计,-0.0329,6.9510,4.5687,,,,,,,
70114145971893,陀螺仪,,,,,,,,-0.0770,-0.0409,-0.1577
70114158485278,加速度计,-1.3809,5.6204,14.0330,,,,,,,
70114166007726,陀螺仪,,,,,,,,0.0350,-0.0170,-0.1360
70114168503195,加速度计,0.7626,8.5850,6.0908,,,,,,,
70114178523716,加速度计,1.3066,6.8277,9.5750,,,,,,,
70114186046476,陀螺仪,,,,,,,,0.0294,-0.0145,-0.1320
70114188544758,加速度计,-0.0341,4.8303,5.3852,,,,,,,
70114198551685,加速度计,-2.1392,7.0288,7.4136,,,,,,,
70114206061320,陀螺仪,,,,,,,,-0.0256,-0.0289,-0.0975
70114208559289,加速度计,1.9555,11.0935,6.3674,,,,,,,
70114218567987,加速度计,0.9804,5.3474,11.6951,,,,,,,
70114228577935,加速度计,-0.5076,9.3595,5.7874,,,,,,,
70114226080591,陀螺仪,,,,,,,,0.0336,-0.0170,-0.1197
70114238589393,加速度计,1.0523,3.9295,7.2059,,,,,,,
70114246106008,陀螺仪,,,,,,,,0.0317,-0.0249,-0.1406
70114248602518,加速度计,0.6859,8.0266,-0.9559,,,,,,,
70114258617570,加速度计,-0.6794,5.3169,7.8733,,,,,,,
70114266139237,陀螺仪,,,,,,,,-0.0322,-0.0340,-0.1411
70114268634705,加速度计,-0.0664,7.6315,7.7686,,,,,,,
70114278653664,加速度计,-0.7099,5.6647,6.5170,,,,,,,
70114286179653,陀螺仪,,,,,,,,-0.0312,-0.0449,-0.1232
70114288674289,加速度计,1.4240,7.7129,15.0835,,,,,,,
70114298696580,加速度计,-1.5323,10.6482,5.7652,,,,,,,
70114306226372,陀螺仪,,,,,,,,0.0346,-0.0387,-0.1016
70114308720278,加速度计,1.1420,8.4408,16.1483,,,,,,,
70114318744966,加速度计,-0.0730,5.3564,13.4404,,,,,,,
70114328770487,加速度计,-0.5076,3.4860,-5.6371,,,,,,,
70114326276997,陀螺仪,,,,,,,,0.2280,-0.0674,-0.0609
70114338796580,加速度计,1.5766,4.6154,-2.4493,,,,,,,
70114348822830,加速度计,-0.4316,3.8307,-6.0741,,,,,,,
70114346329445,陀螺仪,,,,,,,,0.0451,-0.0824,-0.1563
70114358846997,加速度计,-0.3065,2.9844,28.5203,,,,,,,
70114366371685,陀螺仪,,,,,,,,0.0035,-0.0507,-0.2160
70114368867049,加速度计,4.2695,20.0891,0.9415,,,,,,,
70114378885122,加速度计,-5.5282,7.9673,-7.5357,,,,,,,
70114386407570,陀螺仪,,,,,,,,-0.3064,-0.1089,-0.1304
70114388903039,加速度计,3.4734,-4.1779,22.8658,,,,,,,
70114398920955,加速度计,-1.1528,5.6156,5.2463,,,,,,,
70114408938872,加速度计,0.1927,13.3435,13.8421,,,,,,,
70114406443403,陀螺仪,,,,,,,,0.0670,-0.0816,-0.1238
70114418956789,加速度计,0.4519,8.4940,2.6671,,,,,,,
70114428976008,加速度计,0.8703,2.0871,1.5670,,,,,,,
70114426482883,陀螺仪,,,,,,,,-0.0138,-0.0744,-0.1350
70114438996164,加速度计,-0.0383,4.6717,4.7615,,,,,,,
70114449008247,加速度计,-0.0317,7.1263,11.3850,,,,,,,
70114446511320,陀螺仪,,,,,,,,-0.1055,-0.0912,-0.1224
70114459020591,加速度计,0.5531,6.2393,18.8717,,,,,,,
70114469033351,加速度计,1.9052,12.4469,10.7721,,,,,,,
70114466536633,陀螺仪,,,,,,,,0.1623,-0.0850,-0.1181
70114479046789,加速度计,-1.3862,9.9246,0.2939,,,,,,,
70114489061060,加速度计,1.1815,2.4181,7.9996,,,,,,,
70114486564758,陀螺仪,,,,,,,,0.0763,-0.1028,-0.1385
70114499076164,加速度计,-1.1067,8.6113,0.5279,,,,,,,
70114509092101,加速度计,0.4675,6.1758,11.4030,,,,,,,
70114506596216,陀螺仪,,,,,,,,0.0133,-0.1178,-0.1180
70114519109133,加速度计,-0.5908,6.1884,6.9133,,,,,,,
70114529127153,加速度计,-0.3035,7.8949,3.6452,,,,,,,
70114526631789,陀螺仪,,,,,,,,0.0385,-0.1314,-0.0917
70114539146008,加速度计,0.3657,7.1617,3.7218,,,,,,,
70114549165695,加速度计,0.9439,7.2018,12.1727,,,,,,,
70114546670747,陀螺仪,,,,,,,,-0.0240,-0.1328,-0.0976
70114559186216,加速度计,0.3232,8.6239,9.7588,,,,,,,
70114566713039,陀螺仪,,,,,,,,0.0493,-0.1011,-0.0593
70114569207570,加速度计,-0.0569,7.7075,5.8293,,,,,,,
70114579229497,加速度计,-0.1030,7.7417,2.1314,,,,,,,
70114586757518,陀螺仪,,,,,,,,-0.0348,-0.0976,-0.0543
70114589251841,加速度计,-0.0976,4.1324,7.1437,,,,,,,
70114599274341,加速度计,-0.0317,7.0060,6.8486,,,,,,,
70114609296841,加速度计,-0.9906,6.2794,4.3197,,,,,,,
70114606802518,陀螺仪,,,,,,,,-0.0348,-0.1019,-0.0166
70114619318820,加速度计,-0.3567,3.5745,9.1327,,,,,,,
70114629338403,加速度计,0.4788,6.2698,4.7513,,,,,,,
70114626843039,陀螺仪,,,,,,,,0.0381,-0.0972,0.0208
70114639356476,加速度计,-0.9020,9.1165,8.3594,,,,,,,
70114649374393,加速度计,-1.3982,10.1053,18.7155,,,,,,,
70114646878924,陀螺仪,,,,,,,,0.0146,-0.0876,0.0718
70114659392310,加速度计,3.1352,9.7546,11.8465,,,,,,,
70114669410226,加速度计,-0.5626,6.6834,-7.6489,,,,,,,
70114666914758,陀螺仪,,,,,,,,0.2099,-0.1139,0.0790
70114679432570,加速度计,0.0904,-1.7939,-8.9238,,,,,,,
70114689451528,加速度计,-1.3785,0.5620,29.0620,,,,,,,
70114686951580,陀螺仪,,,,,,,,-0.3181,-0.0304,0.1317
70114699451841,加速度计,5.6856,14.6112,-4.1689,,,,,,,
70114706953664,陀螺仪,,,,,,,,-0.0726,-0.0929,0.0027
70114709453195,加速度计,-6.2800,14.2742,9.5277,,,,,,,
70114719456112,加速度计,1.9525,-3.8696,9.7246,,,,,,,
70114726962830,陀螺仪,,,,,,,,-0.0715,-0.0941,0.0180
70114729461320,加速度计,-2.4391,2.8048,4.8046,,,,,,,
70114739469341,加速度计,2.2500,12.1392,1.8268,,,,,,,
70114746983247,陀螺仪,,,,,,,,-0.1497,-0.1208,0.0407
70114749480278,加速度计,-1.3916,8.3498,8.0248,,,,,,,
70114759494445,加速度计,-0.6794,4.6286,14.1862,,,,,,,
70114767016580,陀螺仪,,,,,,,,-0.0538,-0.1025,0.0100
70114769511945,加速度计,0.6440,6.5829,13.1160,,,,,,,
70114779532466,加速度计,-0.6464,8.9238,1.9393,,,,,,,
70114787061997,陀螺仪,,,,,,,,-0.0609,-0.1465,0.0272
70114789555903,加速度计,-1.3042,4.7285,3.7888,,,,,,,
70114799581945,加速度计,1.6430,2.7797,9.7360,,,,,,,
70114809610174,加速度计,-0.1065,6.5595,8.3480,,,,,,,
70114807117414,陀螺仪,,,,,,,,0.0017,-0.1328,0.0197
70114819639862,加速度计,-0.1610,10.6135,7.2203,,,,,,,
70114827178247,陀螺仪,,,,,,,,0.0157,-0.1322,0.0491
70114829670487,加速度计,0.4471,7.4011,7.2814,,,,,,,
70114839701633,加速度计,1.4281,6.5302,5.7090,,,,,,,
70114847240747,陀螺仪,,,,,,,,-0.0250,-0.1113,0.0485
70114849732883,加速度计,-1.1690,5.4121,7.7949,,,,,,,
70114859764445,加速度计,0.1239,6.2321,8.1989,,,,,,,
70114867282726,陀螺仪,,,,,,,,0.0297,-0.0903,0.0887
70114869782987,加速度计,0.9732,11.4844,4.6112,,,,,,,
70114879781945,加速度计,-1.0151,6.4500,11.5143,,,,,,,
70114889781737,加速度计,1.5239,5.8095,7.2628,,,,,,,
70114887281893,陀螺仪,,,,,,,,0.0510,-0.0815,0.1164
70114899783195,加速度计,0.5471,6.8223,4.3999,,,,,,,
70114907288247,陀螺仪,,,,,,,,0.0214,-0.0594,0.1233
70114909786945,加速度计,-1.1109,4.8117,6.2818,,,,,,,
70114919793403,加速度计,0.2334,8.2845,6.3692,,,,,,,
70114929824289,加速度计,-0.7183,7.4262,11.0163,,,,,,,
70114927340278,陀螺仪,,,,,,,,0.0613,-0.0421,0.1482
70114945821196,GPS,,,,31.9437,118.7849,5.3600,171.2000,,,
70114939884601,加速度计,0.2999,8.8352,2.9113,,,,,,,
70114949918560,加速度计,0.9188,4.9105,6.4057,,,,,,,
70114947423091,陀螺仪,,,,,,,,0.0802,-0.0340,0.1477
70114959936476,加速度计,-0.6141,8.1265,2.8868,,,,,,,
70114969954393,加速度计,-1.2791,7.5603,3.5440,,,,,,,
70114967458924,陀螺仪,,,,,,,,-0.0573,-0.0366,0.1642
70114979972310,加速度计,-0.1269,6.1250,14.6866,,,,,,,
70114987494758,陀螺仪,,,,,,,,0.0284,-0.0124,0.2193
70114989990226,加速度计,-2.2817,7.5950,11.0528,,,,,,,
70115000008143,加速度计,2.6109,10.0467,11.1073,,,,,,,
70115010026060,加速度计,-2.0668,2.3762,-5.3433,,,,,,,
70115007530591,陀螺仪,,,,,,,,0.1935,-0.0389,0.2605
70115020043976,加速度计,2.1751,0.5369,-8.5635,,,,,,,
70115027566424,陀螺仪,,,,,,,,-0.3526,0.0178,0.3056
70115030061893,加速度计,0.8924,4.2988,15.3768,,,,,,,
70115040079810,加速度计,1.1325,13.0939,20.4291,,,,,,,
70115050097726,加速度计,-1.1055,16.7097,9.8695,,,,,,,
70115047602258,陀螺仪,,,,,,,,0.1111,0.0655,0.2197
70115060115643,加速度计,-1.3815,1.4228,2.4822,,,,,,,
70115070133560,加速度计,2.9317,-1.5915,-3.3130,,,,,,,
70115067638091,陀螺仪,,,,,,,,-0.0518,0.0381,0.1706
70115080151476,加速度计,-2.1015,5.8413,1.7843,,,,,,,
70115087673924,陀螺仪,,,,,,,,-0.2113,0.0366,0.1740
70115090169393,加速度计,-0.2322,9.2392,11.8381,,,,,,,
70115100187310,加速度计,0.3705,8.0325,17.6764,,,,,,,
70115110207570,加速度计,0.7195,9.1985,14.8740,,,,,,,
70115107720851,陀螺仪,,,,,,,,-0.0482,0.0575,0.1587
70115120228612,加速度计,-1.0397,6.2842,6.3339,,,,,,,
70115127741685,陀螺仪,,,,,,,,-0.0056,0.0087,0.1224
70115130239028,加速度计,-0.1933,5.4348,1.6544,,,,,,,
70115140249758,加速度计,0.6003,1.7466,5.3355,,,,,,,
70115150261216,加速度计,0.8637,7.9900,5.7096,,,,,,,
70115147764185,陀螺仪,,,,,,,,-0.0265,0.0352,0.1004
70115160273508,加速度计,-0.2029,8.1684,18.7340,,,,,,,
70115167790435,陀螺仪,,,,,,,,0.0752,0.0469,0.0907
70115170286945,加速度计,-0.2771,8.4007,9.3134,,,,,,,
70115180301633,加速度计,1.0116,8.1265,3.5817,,,,,,,
70115187821685,陀螺仪,,,,,,,,0.0486,0.0178,0.0574
70115190317570,加速度计,-0.5956,5.4779,4.2958,,,,,,,
70115200334758,加速度计,0.7159,3.5889,11.1217,,,,,,,
70115207857935,陀螺仪,,,,,,,,0.1360,0.0373,0.0755
70115210353195,加速度计,1.5191,8.3468,11.2887,,,,,,,
70115220372883,加速度计,0.0718,11.9273,-0.1395,,,,,,,
70115227899185,陀螺仪,,,,,,,,0.0312,0.0453,0.0591
70115230393820,加速度计,1.5514,5.5174,5.3020,,,,,,,
70115240415695,加速度计,0.1257,6.1052,1.3066,,,,,,,
70115247944185,陀螺仪,,,,,,,,-0.0871,0.0514,0.0478
70115250438403,加速度计,1.3719,6.5056,14.4065,,,,,,,
70115260461633,加速度计,1.5455,7.0928,13.5530,,,,,,,
70115267991268,陀螺仪,,,,,,,,0.1597,0.0768,0.0174
70115270485278,加速度计,2.4942,5.8855,8.5467,,,,,,,
70115280509028,加速度计,-1.8854,5.7162,4.3030,,,,,,,
70115290532778,加速度计,0.0934,4.6543,4.2096,,,,,,,
70115288038768,陀螺仪,,,,,,,,0.1832,0.0667,0.0020
70115300553091,加速度计,0.6464,10.8721,2.8078,,,,,,,
70115308075851,陀螺仪,,,,,,,,0.0795,0.0360,0.0049
70115310571320,加速度计,-1.5281,10.3268,3.8660,,,,,,,
70115320589237,加速度计,2.0913,6.5924,2.1326,,,,,,,
70115330607153,加速度计,-1.2875,6.3728,6.6038,,,,,,,
70115328111685,陀螺仪,,,,,,,,-0.1546,0.0059,-0.0495
70115340625070,加速度计,-0.9547,3.5087,18.6826,,,,,,,
70115348147518,陀螺仪,,,,,,,,0.1977,0.0108,0.0514
70115350642987,加速度计,3.6470,10.8637,14.5645,,,,,,,
70115360668924,加速度计,-1.8567,6.7259,-6.1405,,,,,,,
70115368184758,陀螺仪,,,,,,,,-0.0411,0.0369,0.0357
70115370686060,加速度计,0.7961,2.0201,-8.7562,,,,,,,
70115380681268,加速度计,0.0521,1.1007,19.3499,,,,,,,
70115388177258,陀螺仪,,,,,,,,-0.0643,0.0477,-0.0096
70115390677935,加速度计,1.9088,15.4612,15.3792,,,,,,,
70115400676893,加速度计,1.3593,16.5703,7.3125,,,,,,,
70115410678664,加速度计,-1.2366,-0.2705,7.2544,,,,,,,
70115408179341,陀螺仪,,,,,,,,-0.0410,0.0345,-0.0541
70115420683976,加速度计,1.9567,-0.0449,-2.8605,,,,,,,
70115430693039,加速度计,-3.8954,5.1086,-5.5031,,,,,,,
70115428195591,陀螺仪,,,,,,,,-0.1617,-0.0414,-0.1125
70115440706164,加速度计,0.1963,7.8201,18.0607,,,,,,,
70115448228091,陀螺仪,,,,,,,,-0.0619,0.0190,-0.0429
70115450723455,加速度计,1.5341,10.1448,15.0368,,,,,,,
70115460744601,加速度计,0.1395,9.0806,11.4006,,,,,,,
70115470769497,加速度计,-2.2416,4.9871,1.5658,,,,,,,
70115468276008,陀螺仪,,,,,,,,-0.0606,-0.0256,-0.0324
70115480797518,加速度计,1.5550,3.2316,3.9690,,,,,,,
70115490828143,加速度计,-0.2263,3.9265,5.9496,,,,,,,
70115488336008,陀螺仪,,,,,,,,-0.1513,-0.0132,-0.0229
70115500860955,加速度计,0.6955,8.1349,17.1479,,,,,,,
70115510895226,加速度计,-0.9445,6.5541,13.8666,,,,,,,
70115508403924,陀螺仪,,,,,,,,-0.0338,-0.0051,0.0510
70115520930122,加速度计,2.2452,5.6605,-2.0686,,,,,,,
70115530965122,加速度计,-0.0359,4.1102,7.2868,,,,,,,
70115528473924,陀螺仪,,,,,,,,0.0198,0.0099,-0.0129
70115540988247,加速度计,-0.7925,5.5150,7.6267,,,,,,,
70115551006789,加速度计,0.1155,8.7418,7.9362,,,,,,,
70115548511424,陀螺仪,,,,,,,,0.0041,0.0071,0.0439
70115561024810,加速度计,1.0900,10.1191,8.1918,,,,,,,
70115568547258,陀螺仪,,,,,,,,-0.0613,-0.0013,0.0383
70115571042726,加速度计,-0.4669,5.2265,7.0922,,,,,,,
70115581060643,加速度计,0.8009,6.4159,7.0288,,,,,,,
70115588583091,陀螺仪,,,,,,,,0.0178,0.0134,0.0297
70115591078560,加速度计,0.3932,7.9859,9.1704,,,,,,,
70115601096476,加速度计,0.8481,8.8538,14.4017,,,,,,,
70115611118560,加速度计,-0.3490,7.1030,6.4961,,,,,,,
70115608631060,陀螺仪,,,,,,,,0.0879,0.0140,0.0376
70115621136320,加速度计,2.2505,4.3353,13.0113,,,,,,,
70115631143716,加速度计,-2.2631,8.0254,-11.8459,,,,,,,
70115628645643,陀螺仪,,,,,,,,0.4830,-0.0190,-0.0011
70115641151841,加速度计,0.8853,-0.4699,-12.7156,,,,,,,
70115651160799,加速度计,1.4629,10.5207,39.6827,,,,,,,
70115648663143,陀螺仪,,,,,,,,-0.2916,0.0041,0.0409
70115661170903,加速度计,-3.4985,15.3911,14.6184,,,,,,,
70115671182570,加速度计,2.8485,6.4554,-5.2499,,,,,,,
70115668685643,陀螺仪,,,,,,,,0.0276,0.0117,-0.0142
70115681195903,加速度计,1.2701,1.4509,7.7841,,,,,,,
70115691211216,加速度计,-3.4674,5.4360,8.1912,,,,,,,
70115688715226,陀螺仪,,,,,,,,0.1015,-0.0249,-0.0320
70115701228612,加速度计,-0.9714,15.4630,10.5471,,,,,,,
70115708752726,陀螺仪,,,,,,,,0.1495,-0.0457,0.0795
70115711247778,加速度计,3.1717,6.5733,7.7357,,,,,,,
70115721268612,加速度计,-0.2717,2.7581,-2.5223,,,,,,,
70115731291112,加速度计,2.8922,6.0184,-6.5763,,,,,,,
70115728796893,陀螺仪,,,,,,,,0.0252,-0.0329,-0.0104
70115741314966,加速度计,-2.3697,-0.3244,19.0519,,,,,,,
70115748846060,陀螺仪,,,,,,,,0.0586,-0.0028,0.0330
70115751339758,加速度计,2.1177,15.0110,9.5463,,,,,,,
70115761365383,加速度计,-0.6794,12.7222,5.8089,,,,,,,
70115768898143,陀螺仪,,,,,,,,0.0210,-0.0192,0.0196
70115771391528,加速度计,0.2939,1.2031,1.1803,,,,,,,
70115781417778,加速度计,-0.3867,0.3938,1.5897,,,,,,,
70115791440903,加速度计,-0.1921,5.1074,-2.0692,,,,,,,
70115788946476,陀螺仪,,,,,,,,-0.1471,0.0064,0.0265
70115801460174,加速度计,-0.3436,10.6680,21.8603,,,,,,,
70115808982726,陀螺仪,,,,,,,,-0.1758,-0.0065,0.0931
70115811478195,加速度计,0.2807,18.7310,7.1862,,,,,,,
70115821496112,加速度计,-0.1945,2.6013,8.2456,,,,,,,
70115829018560,陀螺仪,,,,,,,,-0.1354,0.0012,0.0806
70115831514028,加速度计,2.5893,0.3208,11.9692,,,,,,,
70115841531945,加速度计,-2.6803,0.1203,4.2898,,,,,,,
70115849054393,陀螺仪,,,,,,,,-0.0177,0.0261,0.1318
70115851549862,加速度计,0.9774,5.0715,16.6283,,,,,,,
70115861568872,加速度计,0.0874,12.4103,-0.7452,,,,,,,
70115871587258,加速度计,-0.1544,9.2075,0.7859,,,,,,,
70115881603924,加速度计,-0.3322,2.1093,7.7889,,,,,,,
70115869091476,陀螺仪,,,,,,,,-0.0389,0.0190,0.0879
70115891620591,加速度计,0.3795,4.2407,17.7596,,,,,,,
70115889124810,陀螺仪,,,,,,,,-0.1586,0.0462,0.1453
70115901637258,加速度计,1.5018,11.6699,11.5155,,,,,,,
70115911653924,加速度计,-0.3771,9.0243,5.4917,,,,,,,
70115909158143,陀螺仪,,,,,,,,-0.0181,0.0722,0.2068
70115921670591,加速度计,-0.8254,0.4369,10.6249,,,,,,,
70115931694758,加速度计,0.6530,8.5521,4.8943,,,,,,,
70115929199914,陀螺仪,,,,,,,,0.0846,0.1146,0.1660
70115946509061,GPS,,,,31.9437,118.7850,5.0200,171.0000,,,
70115941714133,加速度计,-0.3573,10.3340,3.6506,,,,,,,
70115951732258,加速度计,0.5387,5.6988,10.4429,,,,,,,
70115949236789,陀螺仪,,,,,,,,-0.0808,0.0892,0.2714
70115961750174,加速度计,0.7512,6.0394,9.8474,,,,,,,
70115969272622,陀螺仪,,,,,,,,0.0454,0.1670,0.1730
70115971768091,加速度计,1.1738,5.4953,9.3105,,,,,,,
70115981786008,加速度计,-0.5782,4.0067,6.9438,,,,,,,
70115989308455,陀螺仪,,,,,,,,0.2036,0.1441,0.2020
70115991803924,加速度计,-0.5543,1.5006,9.0776,,,,,,,
70116001821841,加速度计,1.6233,8.6652,3.1161,,,,,,,
70116011839758,加速度计,-0.9631,11.4311,3.1155,,,,,,,
70116009344289,陀螺仪,,,,,,,,0.2085,0.1338,0.1376
70116021857674,加速度计,-0.5800,11.4844,6.5218,,,,,,,
70116029380122,陀螺仪,,,,,,,,0.0326,0.1005,0.0478
70116031875591,加速度计,1.4790,10.8625,6.4326,,,,,,,
70116041893508,加速度计,1.0983,8.9016,5.1583,,,,,,,
70116049415955,陀螺仪,,,,,,,,-0.0842,0.0722,-0.0064
70116051911424,加速度计,-0.1125,3.8870,9.0926,,,,,,,
70116061929341,加速度计,-1.2163,3.6990,16.8241,,,,,,,
70116071947258,加速度计,1.4419,4.6082,10.0922,,,,,,,
70116069451789,陀螺仪,,,,,,,,0.1380,0.0565,0.0527
70116081965174,加速度计,1.0367,4.7794,0.9589,,,,,,,
70116091983091,加速度计,0.5483,8.7125,-6.9498,,,,,,,
70116089487622,陀螺仪,,,,,,,,0.3575,0.0282,-0.0380
70116102001008,加速度计,1.5892,3.8068,-7.0749,,,,,,,
70116112034862,加速度计,1.7148,8.4527,28.8519,,,,,,,
70116109545643,陀螺仪,,,,,,,,-0.1912,0.0330,-0.1093
70116122043091,加速度计,1.3396,15.3007,11.1271,,,,,,,
70116132040487,加速度计,-0.6901,11.5263,3.5374,,,,,,,
70116129540070,陀螺仪,,,,,,,,0.0246,-0.0269,-0.1915
70116142039080,加速度计,1.0774,-2.6067,7.8572,,,,,,,
70116152039653,加速度计,-0.0946,3.6266,3.2459,,,,,,,
70116149540278,陀螺仪,,,,,,,,0.0334,-0.0457,-0.2358
70116162043039,加速度计,0.0174,9.5367,10.4112,,,,,,,
70116172049705,加速度计,0.2610,10.2645,9.0668,,,,,,,
70116169551997,陀螺仪,,,,,,,,0.0213,-0.0646,-0.1747
70116182060070,加速度计,2.1889,5.8867,11.5377,,,,,,,
70116192074185,加速度计,0.3454,7.4591,4.6525,,,,,,,
70116189578351,陀螺仪,,,,,,,,0.0870,-0.0611,-0.2043
70116202092049,加速度计,0.1933,5.3546,1.8250,,,,,,,
70116212113299,加速度计,-0.2035,5.0398,6.7971,,,,,,,
70116209619185,陀螺仪,,,,,,,,-0.0625,-0.0788,-0.1774
70116222137883,加速度计,0.4645,6.3500,11.5999,,,,,,,
70116232165435,加速度计,1.1438,7.2820,9.8276,,,,,,,
70116229672778,陀螺仪,,,,,,,,-0.0059,-0.0550,-0.0896
70116242195539,加速度计,-0.3418,7.0611,7.2167,,,,,,,
70116252227414,加速度计,0.4310,6.3596,3.7044,,,,,,,
70116249735643,陀螺仪,,,,,,,,0.0320,-0.0344,-0.0610
70116262260591,加速度计,0.7452,4.0660,8.2133,,,,,,,
70116272294289,加速度计,-0.8511,7.4837,9.7977,,,,,,,
70116269802778,陀螺仪,,,,,,,,0.0048,0.0085,-0.0063
70116282328039,加速度计,-0.5375,7.0850,7.9069,,,,,,,
70116292348664,加速度计,-0.2095,6.6583,5.4893,,,,,,,
70116289853351,陀螺仪,,,,,,,,0.0663,0.0276,0.0997
70116302367049,加速度计,-0.3561,6.6631,5.2924,,,,,,,
70116312385383,加速度计,-0.1861,5.9406,7.8500,,,,,,,
70116309889966,陀螺仪,,,,,,,,0.0610,0.0582,0.1272
70116322403351,加速度计,-0.2119,8.3899,4.5442,,,,,,,
70116332421268,加速度计,-0.4381,7.3562,6.8558,,,,,,,
70116329925799,陀螺仪,,,,,,,,-0.0146,0.0676,0.1783
70116342439185,加速度计,-0.4160,5.9286,8.3617,,,,,,,
70116352457101,加速度计,-0.7117,7.9398,7.6824,,,,,,,
70116349962101,陀螺仪,,,,,,,,-0.0153,0.0806,0.1771
70116362484862,加速度计,0.6081,8.2163,7.1341,,,,,,,
70116372495955,加速度计,-0.0557,6.5631,5.9807,,,,,,,
70116369996997,陀螺仪,,,,,,,,0.0224,0.0735,0.1718
70116382500070,加速度计,-1.1289,5.5474,6.3584,,,,,,,
70116392504966,加速度计,-0.4501,7.4771,6.1375,,,,,,,
70116390006424,陀螺仪,,,,,,,,-0.0374,0.0656,0.1434
70116402511060,加速度计,-0.2113,7.7159,7.4142,,,,,,,
70116412518768,加速度计,-0.3992,5.6150,6.6008,,,,,,,
70116410021060,陀螺仪,,,,,,,,-0.0389,0.0467,0.1502
70116422528508,加速度计,0.5279,7.5082,7.5794,,,,,,,
70116432540695,加速度计,-1.3276,6.6804,13.6625,,,,,,,
70116430044185,陀螺仪,,,,,,,,-0.0561,0.0277,0.1075
70116442555383,加速度计,-1.0205,9.4260,12.0153,,,,,,,
70116452572570,加速度计,2.8581,6.9623,4.7250,,,,,,,
70116450077310,陀螺仪,,,,,,,,0.1350,-0.0065,0.1695
70116462592258,加速度计,1.2342,4.1575,-4.0217,,,,,,,
70116472614445,加速度计,1.4694,3.7421,-6.4871,,,,,,,
70116482638768,加速度计,-2.1853,1.8567,8.6341,,,,,,,
70116470120383,陀螺仪,,,,,,,,-0.1093,-0.0075,0.0069
70116492664810,加速度计,2.7964,12.2942,22.7521,,,,,,,
70116490171580,陀螺仪,,,,,,,,-0.1281,0.0221,0.0635
70116502692153,加速度计,-0.2394,14.2150,4.7902,,,,,,,
70116512720383,加速度计,0.7649,1.7723,13.8427,,,,,,,
70116510227570,陀螺仪,,,,,,,,-0.0475,0.0031,0.0320
70116522749080,加速度计,-0.2825,-1.2037,2.0782,,,,,,,
70116532777830,加速度计,0.9649,7.9883,3.6350,,,,,,,
70116530284393,陀螺仪,,,,,,,,0.0176,0.0466,0.0405
70116542801841,加速度计,-0.6746,9.2452,9.9521,,,,,,,
70116552820799,加速度计,3.1394,6.9743,10.9128,,,,,,,
70116550325383,陀螺仪,,,,,,,,-0.0590,0.0960,0.1509
70116562838768,加速度计,0.5219,6.7277,8.1289,,,,,,,
70116572856685,加速度计,-0.3172,8.2821,1.0337,,,,,,,
70116570361216,陀螺仪,,,,,,,,0.0237,0.1716,0.2008
70116582874601,加速度计,0.8571,4.7591,6.3470,,,,,,,
70116592892518,加速度计,0.4513,5.2804,11.0319,,,,,,,
70116590397049,陀螺仪,,,,,,,,-0.0493,0.2250,0.2856
70116602910435,加速度计,-0.1143,8.8939,7.8536,,,,,,,
70116612931945,加速度计,-0.9930,5.8425,9.6564,,,,,,,
70116610435955,陀螺仪,,,,,,,,0.0168,0.2478,0.3262
70116622947778,加速度计,-0.5369,7.2868,4.7561,,,,,,,
70116632963612,加速度计,-0.3035,6.0023,5.1116,,,,,,,
70116630467622,陀螺仪,,,,,,,,0.0529,0.2352,0.2601
70116642979445,加速度计,0.1981,7.9781,8.3809,,,,,,,
70116652995278,加速度计,-0.4441,8.1636,8.4246,,,,,,,
70116650499289,陀螺仪,,,,,,,,0.0285,0.2123,0.1684
70116663011112,加速度计,-0.3639,7.0551,7.5621,,,,,,,
70116673027362,加速度计,-0.2951,6.6768,6.9031,,,,,,,
70116670531580,陀螺仪,,,,,,,,0.0383,0.1840,0.0969
70116683044028,加速度计,-0.3083,4.0983,7.9631,,,,,,,
70116693061112,加速度计,0.7254,8.0433,1.3988,,,,,,,
70116690565539,陀螺仪,,,,,,,,0.0481,0.1451,0.0607
70116703078612,加速度计,-0.3867,9.4577,10.3040,,,,,,,
70116713096528,加速度计,2.6683,7.1593,8.8292,,,,,,,
70116710601164,陀螺仪,,,,,,,,0.0136,0.1511,0.0087
70116723114862,加速度计,1.0110,7.7147,7.4268,,,,,,,
70116733133612,加速度计,0.1706,5.9095,4.7525,,,,,,,
70116743152778,加速度计,1.7196,4.2748,8.2612,,,,,,,
70116730638455,陀螺仪,,,,,,,,0.0089,0.1361,-0.0395
70116753172362,加速度计,0.3759,8.2672,6.6786,,,,,,,
70116750677310,陀螺仪,,,,,,,,0.0274,0.1309,-0.0992
70116763191945,加速度计,0.0329,7.0797,8.7646,,,,,,,
70116773211528,加速度计,0.8475,5.9915,8.6275,,,,,,,
70116770716476,陀螺仪,,,,,,,,0.0101,0.1107,-0.1342
70116783231112,加速度计,0.5938,6.4542,8.4485,,,,,,,
70116793250695,加速度计,-0.0700,7.1850,3.9331,,,,,,,
70116790755643,陀螺仪,,,,,,,,0.0373,0.0799,-0.1671
70116803270278,加速度计,0.0910,6.3315,8.5826,,,,,,,
70116813289862,加速度计,1.1061,7.3424,7.5088,,,,,,,
70116810794810,陀螺仪,,,,,,,,0.0228,0.0529,-0.2103
70116823309445,加速度计,-0.7135,7.2149,15.3558,,,,,,,
70116833328612,加速度计,0.2346,8.3647,12.6055,,,,,,,
70116830833247,陀螺仪,,,,,,,,0.1079,0.0332,-0.1288
70116843346945,加速度计,4.2521,7.6022,0.3208,,,,,,,
70116853364862,加速度计,0.7937,4.3778,-6.8606,,,,,,,
70116850870747,陀螺仪,,,,,,,,0.1886,0.0063,-0.2595
70116863406685,加速度计,3.8427,2.9078,-6.6667,,,,,,,
70116873401268,加速度计,-2.4816,0.5136,12.3529,,,,,,,
70116870900174,陀螺仪,,,,,,,,-0.3149,-0.0312,-0.3426
70116883396685,加速度计,-1.1845,14.7243,23.1687,,,,,,,
70116893393768,加速度计,1.8387,16.2913,1.6221,,,,,,,
70116890893716,陀螺仪,,,,,,,,0.0720,0.0648,-0.1949
70116903393351,加速度计,1.2025,-1.6215,16.0920,,,,,,,
70116913395851,加速度计,-1.1977,0.5602,0.7021,,,,,,,
70116910897466,陀螺仪,,,,,,,,0.0808,0.0696,-0.1573
70116923402101,加速度计,2.7396,10.1688,-5.1140,,,,,,,
70116940971196,GPS,,,,31.9436,118.7850,4.6600,166.6000,,,
70116933439601,加速度计,-0.5734,10.0317,14.5837,,,,,,,
70116930950070,陀螺仪,,,,,,,,-0.1455,-0.0100,-0.2637
70116943482049,加速度计,-2.0010,4.4628,18.9585,,,,,,,
70116953525226,加速度计,2.1674,9.2446,13.4871,,,,,,,
70116951036112,陀螺仪,,,,,,,,0.1900,0.0467,-0.1686
70116963560226,加速度计,-0.6578,9.5337,-7.5495,,,,,,,
70116973582674,加速度计,3.1292,3.5955,2.2098,,,,,,,
70116971087205,陀螺仪,,,,,,,,-0.0722,-0.0722,-0.3173
70116983600591,加速度计,-0.4351,4.6753,12.1631,,,,,,,
70116993618508,加速度计,-1.3725,10.4405,7.9033,,,,,,,
70116991123039,陀螺仪,,,,,,,,0.0380,-0.0531,-0.3514
70117003636424,加速度计,0.2466,7.4723,11.2162,,,,,,,
70117013654341,加速度计,0.6309,5.9197,5.8993,,,,,,,
70117011158872,陀螺仪,,,,,,,,0.1105,-0.0466,-0.1597
70117023672258,加速度计,0.8404,6.8576,-2.4283,,,,,,,
70117033690174,加速度计,1.0433,7.8440,7.7417,,,,,,,
70117031194705,陀螺仪,,,,,,,,-0.0780,-0.0212,-0.2083
70117043708091,加速度计,-1.0786,6.8767,13.6607,,,,,,,
70117053726008,加速度计,-2.0692,7.9140,10.6386,,,,,,,
70117051230539,陀螺仪,,,,,,,,-0.0052,-0.0145,-0.1123
70117063743924,加速度计,-0.1760,6.5529,6.4374,,,,,,,
70117073761841,加速度计,-0.0311,5.7030,2.1135,,,,,,,
70117071266372,陀螺仪,,,,,,,,0.0747,-0.0325,-0.1113
70117083779758,加速度计,-0.5920,5.7317,7.4035,,,,,,,
70117091302205,陀螺仪,,,,,,,,0.0834,-0.0475,-0.1473
70117093797674,加速度计,-0.4890,8.9663,8.4198,,,,,,,
70117103815591,加速度计,-0.3873,10.7943,2.0560,,,,,,,
70117113849445,加速度计,0.0593,6.5978,6.4284,,,,,,,
70117111350851,陀螺仪,,,,,,,,-0.0477,-0.1284,-0.1882
70117123854862,加速度计,0.8350,6.6361,3.0724,,,,,,,
70117133860695,加速度计,-1.7358,3.7613,8.7245,,,,,,,
70117131362414,陀螺仪,,,,,,,,-0.0880,-0.1397,-0.2137
70117143867362,加速度计,-0.1323,5.0027,11.0875,,,,,,,
70117153875278,加速度计,1.0193,9.3440,7.0473,,,,,,,
70117151377726,陀螺仪,,,,,,,,0.0702,-0.0770,-0.0097
70117163884862,加速度计,0.4262,9.0638,4.1869,,,,,,,
70117173896112,加速度计,0.5788,7.1036,5.8107,,,,,,,
70117171399497,陀螺仪,,,,,,,,-0.0912,-0.0663,-0.0613
70117183909445,加速度计,-0.6033,5.0907,5.7616,,,,,,,
70117193924862,加速度计,-1.3168,4.2587,6.1974,,,,,,,
70117191429289,陀螺仪,,,,,,,,-0.0768,-0.0774,-0.0240
70117203942362,加速度计,1.0690,7.8691,4.5951,,,,,,,
70117213961945,加速度计,-1.1223,6.5200,6.4057,,,,,,,
70117211467414,陀螺仪,,,,,,,,-0.1650,-0.1158,-0.0692
70117223983612,加速度计,-1.8998,7.2461,15.0176,,,,,,,
70117234006945,加速度计,-2.3146,6.2902,14.4837,,,,,,,
70117231513247,陀螺仪,,,,,,,,-0.0241,-0.0983,0.0735
70117244031945,加速度计,2.1266,5.9041,6.6972,,,,,,,
70117254058195,加速度计,1.4533,8.7951,-6.7074,,,,,,,
70117251565018,陀螺仪,,,,,,,,0.1210,-0.0658,0.1494
70117264085278,加速度计,5.6808,2.9419,-7.0485,,,,,,,
70117274112778,加速度计,-4.0887,0.2107,14.4670,,,,,,,
70117271619705,陀螺仪,,,,,,,,-0.3846,-0.1220,-0.1582
70117284140278,加速度计,-0.2358,15.5809,20.8110,,,,,,,
70117294163612,加速度计,2.8898,14.1815,-1.2181,,,,,,,
70117291668143,陀螺仪,,,,,,,,-0.0718,-0.1559,-0.1052
70117304181528,加速度计,-0.5824,-1.3659,15.1475,,,,,,,
70117314199445,加速度计,-1.1971,0.8326,3.6314,,,,,,,
70117311703976,陀螺仪,,,,,,,,0.0065,-0.0426,0.0510
70117324217362,加速度计,2.6791,11.7190,-0.4238,,,,,,,
70117334235278,加速度计,1.2833,8.3749,10.0114,,,,,,,
70117331739810,陀螺仪,,,,,,,,-0.2125,-0.1280,-0.0546
70117344253195,加速度计,-0.8045,2.4756,18.4605,,,,,,,
70117354271112,加速度计,-2.7545,6.9426,13.4363,,,,,,,
70117351776164,陀螺仪,,,,,,,,0.0852,0.0221,0.1553
70117364293664,加速度计,1.9597,10.1640,1.7729,,,,,,,
70117371811945,陀螺仪,,,,,,,,-0.0109,0.0192,0.2192
70117374308247,加速度计,1.2169,7.4986,0.4196,,,,,,,
70117384322830,加速度计,-0.3112,3.7655,7.9146,,,,,,,
70117394337466,加速度计,-0.5393,8.2343,5.3564,,,,,,,
70117391841268,陀螺仪,,,,,,,,-0.0784,0.0326,0.1005
70117404352518,加速度计,-2.5426,5.0895,14.2862,,,,,,,
70117411871997,陀螺仪,,,,,,,,0.1188,0.0660,0.2890
70117414367987,加速度计,-0.0814,5.3636,8.9890,,,,,,,
70117424383872,加速度计,1.1845,8.5862,0.0814,,,,,,,
70117431904393,陀螺仪,,,,,,,,-0.0165,0.0744,0.1992
70117434400174,加速度计,-0.4345,6.7283,7.2407,,,,,,,
70117444416893,加速度计,-1.8908,4.7124,12.0955,,,,,,,
70117454434080,加速度计,-1.2210,7.0970,10.8266,,,,,,,
70117451938612,陀螺仪,,,,,,,,0.1783,0.1300,0.3084
70117464452049,加速度计,1.3024,8.9364,-1.2192,,,,,,,
70117471975174,陀螺仪,,,,,,,,0.0273,0.1142,0.2629
70117474470435,加速度计,0.8894,7.3484,0.9301,,,,,,,
70117484489237,加速度计,-0.1478,6.2417,10.2238,,,,,,,
70117494508455,加速度计,1.1821,7.9009,12.3702,,,,,,,
70117492013403,陀螺仪,,,,,,,,0.0443,0.1095,0.1611
70117504528091,加速度计,-1.5293,7.8296,8.1672,,,,,,,
70117514548143,加速度计,1.6532,9.2285,5.1553,,,,,,,
70117512053299,陀螺仪,,,,,,,,0.1658,0.1421,0.2322
70117524568612,加速度计,1.6508,6.8444,2.5486,,,,,,,
70117532094705,陀螺仪,,,,,,,,-0.0170,0.0913,0.0401
70117534589445,加速度计,-1.2917,5.2032,7.4442,,,,,,,
70117544610278,加速度计,-2.1524,6.3231,6.7672,,,,,,,
70117554631112,加速度计,1.8741,8.4533,7.4669,,,,,,,
70117552136372,陀螺仪,,,,,,,,0.0798,0.0201,0.0246
70117564651893,加速度计,1.4569,8.1050,5.3139,,,,,,,
70117572176528,陀螺仪,,,,,,,,-0.0427,-0.0403,-0.1562
70117574671997,加速度计,-0.1466,7.7411,3.7098,,,,,,,
70117584689914,加速度计,-1.1917,8.0008,9.9856,,,,,,,
70117594707830,加速度计,2.3990,7.6704,9.6229,,,,,,,
70117592212362,陀螺仪,,,,,,,,-0.0322,-0.1067,-0.1894
70117604726528,加速度计,0.7171,6.8426,9.5062,,,,,,,
70117612265330,陀螺仪,,,,,,,,0.0534,-0.0672,-0.1590
70117614767258,加速度计,1.0876,6.7139,8.5395,,,,,,,
70117624759445,加速度计,-1.3832,7.4873,8.4653,,,,,,,
70117634752570,加速度计,-0.6728,5.7958,13.1029,,,,,,,
70117632251268,陀螺仪,,,,,,,,0.0497,-0.1185,-0.0166
70117644747466,加速度计,2.7246,7.9045,6.4643,,,,,,,
70117654744966,加速度计,2.8700,7.4927,-5.7688,,,,,,,
70117652245122,陀螺仪,,,,,,,,0.1481,-0.0786,-0.0648
70117664745903,加速度计,1.8777,6.4781,-9.1704,,,,,,,
70117674751060,加速度计,0.9164,3.1442,-2.3320,,,,,,,
70117672253403,陀螺仪,,,,,,,,-0.4087,-0.2710,-0.4653
70117684760799,加速度计,-1.9094,4.1162,24.5148,,,,,,,
70117694775122,加速度计,-0.3358,13.6320,20.4537,,,,,,,
70117692279758,陀螺仪,,,,,,,,0.1445,-0.1127,-0.2863
70117704794028,加速度计,-1.0116,7.3083,8.8975,,,,,,,
70117714817466,加速度计,-1.1851,0.7015,4.8746,,,,,,,
70117712324289,陀螺仪,,,,,,,,0.0590,-0.1435,-0.0391
70117724844966,加速度计,0.0551,8.2786,-2.0991,,,,,,,
70117732384133,陀螺仪,,,,,,,,-0.0640,-0.0921,0.0080
70117734875747,加速度计,0.5908,10.2627,7.0832,,,,,,,
70117744909341,加速度计,-0.6051,4.3054,15.4097,,,,,,,
70117752454133,陀螺仪,,,,,,,,0.0718,-0.0035,0.1969
70117754944914,加速度计,-1.9884,5.9280,14.5448,,,,,,,
70117764981633,加速度计,0.0551,9.8126,3.0957,,,,,,,
70117772528039,陀螺仪,,,,,,,,0.1095,0.0451,0.2900
70117775018716,加速度计,0.4902,6.6056,-1.5383,,,,,,,
70117785053403,加速度计,-0.1287,5.6455,3.3477,,,,,,,
70117792575851,陀螺仪,,,,,,,,-0.0656,0.0310,0.1678
70117795071320,加速度计,-1.1289,6.1764,6.9558,,,,,,,
70117805089237,加速度计,-2.2254,7.4992,10.6344,,,,,,,
70117815107153,加速度计,-1.1372,8.2492,13.1418,,,,,,,
70117812611685,陀螺仪,,,,,,,,0.0731,0.0168,0.2716
70117825125070,加速度计,1.5233,8.3414,5.0374,,,,,,,
70117835142987,加速度计,0.8045,8.3647,1.5239,,,,,,,
70117832647518,陀螺仪,,,,,,,,0.0892,0.0621,0.2691
70117845160903,加速度计,-0.7733,8.2678,1.1696,,,,,,,
70117855179341,加速度计,-0.4872,3.7613,15.9077,,,,,,,
70117852684914,陀螺仪,,,,,,,,-0.1225,0.0587,0.1746
70117865210383,加速度计,-1.6077,6.1615,12.2206,,,,,,,
70117872716320,陀螺仪,,,,,,,,0.1348,0.1123,0.3965
70117875215018,加速度计,1.5939,9.6444,6.9773,,,,,,,
70117885220122,加速度计,1.2354,6.2878,8.6479,,,,,,,
70117895226112,加速度计,0.7997,6.8929,1.2534,,,,,,,
70117892727935,陀螺仪,,,,,,,,0.0704,0.1748,0.3326
70117905233403,加速度计,-0.8685,8.5126,6.0017,,,,,,,
70117915242414,加速度计,0.4711,6.0825,8.5192,,,,,,,
70117925254914,加速度计,1.2115,6.3237,7.3017,,,,,,,
70117912745174,陀螺仪,,,,,,,,-0.0340,0.0040,0.2684
70117937726508,GPS,,,,31.9436,118.7850,4.6500,170.0000,,,
70117932797778,陀螺仪,,,,,,,,0.0455,0.2033,0.1818
70117935288976,加速度计,-0.3065,7.9877,3.5488,,,,,,,
70117945324289,加速度计,-0.2257,7.4502,11.1235,,,,,,,
70117952866528,陀螺仪,,,,,,,,0.0960,0.1642,0.1909
70117955358143,加速度计,-0.1939,5.3834,10.9678,,,,,,,
70117965380226,加速度计,1.0840,8.6574,-3.7344,,,,,,,
70117975398247,加速度计,0.8912,6.8600,3.3238,,,,,,,
70117972902778,陀螺仪,,,,,,,,-0.1153,0.0759,0.0559
70117985416164,加速度计,-2.0961,3.8978,14.1300,,,,,,,
70117992938612,陀螺仪,,,,,,,,-0.0236,0.0875,0.0794
70117995434080,加速度计,0.7530,8.0780,11.2300,,,,,,,
